,4452.T,4452.T,4452.T,4452.T,4452.T,4452.T,4452.T,4452.T,4452.T,4452.T,4452.T,4452.T,4452.T
,ACVOL_UNS,BID_HIGH_1,BID_LOW_1,OPEN_BID,BID,ASK_HIGH_1,ASK_LOW_1,OPEN_ASK,ASK,MID_HIGH,MID_LOW,MID_OPEN,MID_PRICE
Timestamp,,,,,,,,,,,,,
2025-09-16 00:00:00,86100,6756,6703,6748,6715,6760,6705,6748,6717,6758.0,6704.0,6748.0,6716.0
2025-09-16 00:05:00,13300,6728,6711,6715,6723,6732,6715,6717,6725,6730.0,6713.0,6716.0,6724.0
2025-09-16 00:10:00,11500,6735,6723,6723,6735,6738,6724,6725,6737,6736.5,6723.5,6724.0,6736.0
2025-09-16 00:15:00,11400,6735,6724,6735,6732,6737,6726,6737,6735,6736.0,6725.5,6736.0,6733.5
2025-09-16 00:20:00,5500,6734,6728,6732,6734,6736,6731,6735,6736,6735.0,6729.5,6733.5,6735.0
2025-09-16 00:25:00,12300,6749,6732,6734,6741,6751,6734,6736,6744,6750.0,6733.0,6735.0,6742.5
2025-09-16 00:30:00,5400,6747,6733,6741,6738,6749,6734,6744,6740,6748.0,6733.5,6742.5,6739.0
2025-09-16 00:35:00,6100,6746,6738,6738,6744,6748,6739,6740,6746,6746.5,6738.5,6739.0,6745.0
2025-09-16 00:40:00,3100,6745,6738,6744,6740,6746,6739,6746,6742,6745.5,6738.5,6745.0,6741.0
2025-09-16 00:45:00,4000,6743,6736,6740,6740,6746,6738,6741,6742,6744.5,6737.5,6740.5,6741.0
2025-09-16 00:50:00,12900,6751,6739,6740,6746,6754,6742,6743,6747,6752.5,6740.5,6741.5,6746.5
2025-09-16 00:55:00,4700,6748,6740,6746,6748,6750,6741,6747,6750,6749.0,6740.5,6746.5,6749.0
2025-09-16 01:00:00,14900,6752,6736,6748,6746,6755,6738,6750,6748,6753.5,6737.5,6749.0,6747.0
2025-09-16 01:05:00,5100,6752,6744,6746,6749,6754,6746,6749,6751,6752.5,6745.0,6747.5,6750.0
2025-09-16 01:10:00,5400,6754,6748,6749,6753,6755,6751,6751,6755,6754.5,6749.5,6750.0,6754.0
2025-09-16 01:15:00,10000,6763,6753,6753,6762,6765,6755,6755,6764,6764.0,6754.0,6754.0,6763.0
2025-09-16 01:20:00,17900,6773,6761,6762,6773,6774,6763,6764,6774,6773.5,6762.0,6763.0,6773.5
2025-09-16 01:25:00,6600,6773,6767,6773,6767,6775,6769,6774,6769,6774.0,6768.0,6773.5,6768.0
2025-09-16 01:30:00,8600,6770,6763,6767,6770,6772,6766,6769,6772,6771.0,6764.5,6768.0,6771.0
2025-09-16 01:35:00,12400,6776,6766,6770,6774,6777,6768,6772,6775,6776.5,6767.0,6771.0,6774.5
2025-09-16 01:40:00,5300,6778,6774,6774,6776,6780,6775,6775,6777,6779.0,6774.5,6774.5,6776.5
2025-09-16 01:45:00,8600,6780,6771,6776,6779,6782,6772,6777,6780,6781.0,6771.5,6776.5,6779.5
2025-09-16 01:50:00,6200,6781,6775,6779,6777,6782,6777,6780,6779,6781.5,6776.5,6779.5,6778.0
2025-09-16 01:55:00,6100,6781,6775,6777,6776,6783,6778,6779,6778,6782.0,6776.5,6778.0,6777.0
2025-09-16 02:00:00,6300,6779,6774,6776,6776,6781,6776,6778,6778,6780.0,6775.0,6777.0,6777.0
2025-09-16 02:05:00,1500,6776,6773,6776,6774,6778,6775,6778,6777,6777.0,6774.5,6777.0,6775.5
2025-09-16 02:10:00,2900,6774,6770,6774,6772,6777,6772,6777,6774,6775.5,6771.0,6775.5,6773.0
2025-09-16 02:15:00,7300,6779,6772,6772,6775,6781,6774,6774,6777,6780.0,6773.0,6773.0,6776.0
2025-09-16 02:20:00,3600,6775,6770,6775,6771,6778,6773,6777,6773,6776.5,6771.5,6776.0,6772.0
2025-09-16 02:25:00,9000,6773,6766,6771,6769,6775,6768,6773,6772,6774.0,6767.0,6772.0,6770.5
2025-09-16 02:30:00,1500,6769,6769,6769,6769,6772,6772,6772,6772,6770.5,6770.5,6770.5,6770.5
2025-09-16 03:30:00,59100,6808,6777,6788,6808,6810,6786,6789,6810,6809.0,6782.5,6788.5,6809.0
2025-09-16 03:35:00,10400,6815,6807,6808,6807,6817,6808,6810,6809,6816.0,6807.5,6809.0,6808.0
2025-09-16 03:40:00,9100,6807,6801,6807,6801,6809,6802,6809,6802,6808.0,6801.5,6808.0,6801.5
2025-09-16 03:45:00,7400,6803,6797,6801,6799,6805,6798,6802,6801,6804.0,6797.5,6801.5,6800.0
2025-09-16 03:50:00,4900,6802,6794,6799,6801,6804,6797,6801,6803,6803.0,6795.5,6800.0,6802.0
2025-09-16 03:55:00,4100,6803,6793,6801,6795,6804,6796,6803,6797,6803.5,6794.5,6802.0,6796.0
2025-09-16 04:00:00,4600,6798,6795,6795,6798,6800,6796,6797,6799,6798.5,6795.5,6796.0,6798.5
2025-09-16 04:05:00,4400,6800,6796,6798,6800,6802,6798,6799,6802,6801.0,6797.0,6798.5,6801.0
2025-09-16 04:10:00,4200,6802,6798,6800,6799,6804,6799,6802,6800,6803.0,6798.5,6801.0,6799.5
2025-09-16 04:15:00,12300,6806,6799,6799,6805,6807,6800,6800,6807,6806.5,6799.5,6799.5,6806.0
2025-09-16 04:20:00,10500,6812,6805,6805,6808,6813,6807,6807,6809,6812.5,6806.0,6806.0,6808.5
2025-09-16 04:25:00,6100,6813,6807,6808,6811,6814,6808,6809,6812,6813.5,6807.5,6808.5,6811.5
2025-09-16 04:30:00,4500,6812,6808,6811,6812,6813,6810,6812,6813,6812.5,6809.0,6811.5,6812.5
2025-09-16 04:35:00,4300,6812,6808,6812,6809,6813,6810,6813,6811,6812.5,6809.0,6812.5,6810.0
2025-09-16 04:40:00,5800,6811,6807,6809,6810,6812,6810,6811,6811,6811.5,6809.0,6810.0,6810.5
2025-09-16 04:45:00,9000,6812,6808,6810,6811,6813,6810,6811,6813,6812.5,6809.0,6810.5,6812.0
2025-09-16 04:50:00,6600,6813,6808,6811,6809,6814,6810,6812,6810,6813.5,6809.0,6811.5,6809.5
2025-09-16 04:55:00,4800,6811,6808,6809,6809,6812,6809,6810,6811,6811.5,6808.5,6809.5,6810.0
2025-09-16 05:00:00,4700,6810,6805,6809,6809,6811,6807,6811,6810,6810.5,6806.0,6810.0,6809.5
2025-09-16 05:05:00,3800,6809,6801,6809,6801,6811,6802,6811,6803,6810.0,6801.5,6810.0,6802.0
2025-09-16 05:10:00,5100,6803,6801,6801,6802,6804,6802,6803,6803,6803.5,6801.5,6802.0,6802.5
2025-09-16 05:15:00,3900,6803,6800,6802,6800,6804,6801,6804,6801,6803.5,6800.5,6803.0,6800.5
2025-09-16 05:20:00,8400,6800,6792,6800,6793,6801,6793,6801,6794,6800.5,6792.5,6800.5,6793.5
2025-09-16 05:25:00,3700,6793,6787,6793,6793,6794,6790,6794,6794,6793.5,6788.5,6793.5,6793.5
2025-09-16 05:30:00,5300,6794,6789,6793,6794,6795,6790,6794,6795,6794.5,6789.5,6793.5,6794.5
2025-09-16 05:35:00,4600,6795,6792,6794,6795,6796,6793,6795,6796,6795.5,6792.5,6794.5,6795.5
2025-09-16 05:40:00,5300,6797,6794,6795,6796,6798,6795,6796,6798,6797.5,6794.5,6795.5,6797.0
2025-09-16 05:45:00,3300,6797,6794,6796,6797,6798,6795,6798,6798,6797.5,6794.5,6797.0,6797.5
2025-09-16 05:50:00,7600,6799,6795,6797,6795,6800,6797,6798,6797,6799.5,6796.0,6797.5,6796.0
2025-09-16 05:55:00,4200,6799,6795,6795,6796,6800,6796,6797,6798,6799.5,6795.5,6796.0,6797.0
2025-09-16 06:00:00,9000,6803,6794,6796,6800,6804,6795,6798,6801,6803.5,6794.5,6797.0,6800.5
2025-09-16 06:05:00,8200,6801,6795,6800,6795,6803,6796,6801,6796,6802.0,6795.5,6800.5,6795.5
2025-09-16 06:10:00,8300,6795,6791,6795,6792,6797,6792,6796,6794,6796.0,6791.5,6795.5,6793.0
2025-09-16 06:15:00,12700,6793,6782,6792,6783,6794,6785,6794,6785,6793.5,6784.0,6793.0,6784.0
2025-09-16 06:20:00,22100,6786,6776,6783,6776,6788,6778,6785,6779,6787.0,6777.0,6784.0,6777.5
2025-09-16 06:25:00,,6769,6728,6764,6763,6770,6729,6765,6764,6769.5,6728.5,6764.5,6763.5
2025-09-16 06:30:00,387400,6762,6762,6762,6762,6779,6779,6779,6779,6770.5,6770.5,6770.5,6770.5
2025-09-17 00:00:00,102300,6757,6738,6754,6750,6760,6741,6755,6752,6758.0,6739.5,6754.5,6751.0
2025-09-17 00:05:00,25500,6753,6735,6750,6741,6755,6737,6752,6744,6754.0,6736.0,6751.0,6742.5
2025-09-17 00:10:00,17900,6753,6741,6741,6751,6755,6743,6744,6752,6754.0,6742.5,6742.5,6751.5
2025-09-17 00:15:00,17100,6751,6736,6751,6737,6752,6737,6752,6739,6751.5,6736.5,6751.5,6738.0
2025-09-17 00:20:00,11900,6747,6737,6737,6739,6748,6738,6739,6741,6747.5,6737.5,6738.0,6740.0
2025-09-17 00:25:00,11600,6740,6735,6739,6737,6742,6737,6741,6738,6741.0,6736.0,6740.0,6737.5
2025-09-17 00:30:00,13900,6737,6726,6737,6726,6738,6727,6738,6728,6737.5,6726.5,6737.5,6727.0
2025-09-17 00:35:00,11100,6735,6725,6726,6735,6737,6726,6728,6736,6736.0,6725.5,6727.0,6735.5
2025-09-17 00:40:00,13900,6735,6721,6735,6721,6736,6722,6736,6723,6735.5,6721.5,6735.5,6722.0
2025-09-17 00:45:00,22800,6725,6714,6721,6724,6727,6715,6723,6726,6726.0,6714.5,6722.0,6725.0
2025-09-17 00:50:00,5400,6729,6721,6724,6727,6730,6723,6726,6729,6729.5,6722.0,6725.0,6728.0
2025-09-17 00:55:00,7400,6730,6723,6727,6723,6731,6724,6729,6724,6730.5,6723.5,6728.0,6723.5
2025-09-17 01:00:00,10400,6737,6722,6723,6730,6738,6724,6724,6732,6737.5,6723.0,6723.5,6731.0
2025-09-17 01:05:00,6800,6731,6727,6730,6729,6733,6728,6732,6730,6732.0,6727.5,6731.0,6729.5
2025-09-17 01:10:00,5200,6732,6727,6729,6728,6734,6728,6730,6730,6733.0,6727.5,6729.5,6729.0
2025-09-17 01:15:00,7900,6730,6726,6728,6730,6732,6727,6730,6731,6731.0,6726.5,6729.0,6730.5
2025-09-17 01:20:00,6700,6730,6725,6730,6727,6731,6726,6731,6728,6730.5,6725.5,6730.5,6727.5
2025-09-17 01:25:00,8700,6735,6727,6727,6734,6737,6728,6728,6735,6736.0,6727.5,6727.5,6734.5
2025-09-17 01:30:00,11200,6736,6728,6734,6733,6737,6730,6735,6735,6736.5,6729.0,6734.5,6734.0
2025-09-17 01:35:00,10300,6746,6733,6733,6745,6748,6735,6735,6747,6747.0,6734.0,6734.0,6746.0
2025-09-17 01:40:00,6700,6748,6737,6745,6740,6749,6739,6747,6742,6748.5,6738.0,6746.0,6741.0
2025-09-17 01:45:00,5900,6742,6734,6740,6739,6744,6735,6742,6740,6743.0,6734.5,6741.0,6739.5
2025-09-17 01:50:00,4400,6739,6737,6739,6737,6740,6738,6740,6738,6739.5,6737.5,6739.5,6737.5
2025-09-17 01:55:00,13200,6737,6728,6737,6729,6739,6729,6738,6731,6738.0,6728.5,6737.5,6730.0
2025-09-17 02:00:00,4100,6731,6727,6729,6727,6732,6728,6731,6728,6731.5,6727.5,6730.0,6727.5
2025-09-17 02:05:00,6000,6727,6724,6727,6724,6728,6725,6728,6726,6727.5,6724.5,6727.5,6725.0
2025-09-17 02:10:00,9600,6726,6722,6724,6723,6727,6724,6726,6725,6726.5,6723.0,6725.0,6724.0
2025-09-17 02:15:00,12500,6727,6722,6723,6726,6729,6723,6725,6728,6728.0,6722.5,6724.0,6727.0
2025-09-17 02:20:00,4000,6728,6725,6726,6726,6729,6726,6728,6728,6728.5,6725.5,6727.0,6727.0
2025-09-17 02:25:00,8200,6731,6726,6726,6730,6732,6728,6728,6732,6731.5,6727.0,6727.0,6731.0
2025-09-17 02:30:00,7100,6729,6729,6729,6729,6732,6732,6732,6732,6730.5,6730.5,6730.5,6730.5
2025-09-17 03:30:00,27300,6732,6724,6730,6725,6735,6726,6731,6727,6733.5,6725.0,6730.5,6726.0
2025-09-17 03:35:00,19000,6746,6725,6725,6745,6747,6727,6727,6747,6746.5,6726.0,6726.0,6746.0
2025-09-17 03:40:00,13200,6745,6740,6745,6744,6747,6741,6747,6746,6746.0,6740.5,6746.0,6745.0
2025-09-17 03:45:00,10200,6748,6738,6744,6739,6749,6740,6746,6740,6748.5,6739.0,6745.0,6739.5
2025-09-17 03:50:00,6800,6741,6731,6739,6740,6743,6733,6740,6741,6741.5,6732.0,6739.5,6740.5
2025-09-17 03:55:00,6600,6742,6737,6740,6738,6744,6739,6741,6739,6743.0,6738.0,6740.5,6738.5
2025-09-17 04:00:00,6800,6738,6733,6738,6733,6740,6734,6739,6735,6739.0,6733.5,6738.5,6734.0
2025-09-17 04:05:00,5500,6733,6730,6733,6730,6735,6731,6735,6732,6734.0,6730.5,6734.0,6731.0
2025-09-17 04:10:00,10900,6735,6729,6730,6733,6736,6730,6732,6734,6735.5,6729.5,6731.0,6733.5
2025-09-17 04:15:00,6200,6733,6731,6733,6731,6735,6732,6734,6733,6734.0,6731.5,6733.5,6732.0
2025-09-17 04:20:00,9600,6741,6731,6731,6740,6743,6733,6733,6741,6742.0,6732.0,6732.0,6740.5
2025-09-17 04:25:00,6200,6740,6737,6740,6738,6741,6738,6741,6739,6740.5,6737.5,6740.5,6738.5
2025-09-17 04:30:00,6400,6739,6736,6738,6736,6740,6737,6739,6738,6739.5,6736.5,6738.5,6737.0
2025-09-17 04:35:00,4300,6736,6733,6736,6735,6738,6734,6737,6736,6737.0,6733.5,6736.5,6735.5
2025-09-17 04:40:00,4700,6736,6732,6735,6733,6737,6734,6736,6734,6736.5,6733.0,6735.5,6733.5
2025-09-17 04:45:00,18600,6733,6725,6733,6733,6735,6726,6734,6734,6734.0,6725.5,6733.5,6733.5
2025-09-17 04:50:00,9600,6734,6729,6732,6729,6736,6731,6734,6731,6735.0,6730.0,6733.0,6730.0
2025-09-17 04:55:00,13100,6731,6728,6729,6728,6732,6729,6731,6730,6731.5,6728.5,6730.0,6729.0
2025-09-17 05:00:00,8100,6730,6725,6728,6725,6731,6726,6730,6726,6730.5,6725.5,6729.0,6725.5
2025-09-17 05:05:00,12600,6726,6721,6725,6723,6727,6722,6726,6724,6726.5,6721.5,6725.5,6723.5
2025-09-17 05:10:00,9700,6726,6722,6723,6726,6727,6723,6724,6727,6726.5,6722.5,6723.5,6726.5
2025-09-17 05:15:00,16700,6733,6726,6726,6730,6734,6727,6727,6732,6733.5,6726.5,6726.5,6731.0
2025-09-17 05:20:00,12300,6732,6729,6730,6732,6734,6730,6732,6733,6733.0,6729.5,6731.0,6732.5
2025-09-17 05:25:00,4000,6732,6728,6732,6729,6733,6729,6733,6730,6732.5,6728.5,6732.5,6729.5
2025-09-17 05:30:00,13300,6732,6726,6729,6726,6733,6727,6730,6727,6732.5,6726.5,6729.5,6726.5
2025-09-17 05:35:00,16100,6727,6723,6726,6724,6728,6725,6727,6725,6727.5,6724.0,6726.5,6724.5
2025-09-17 05:40:00,8200,6725,6723,6724,6723,6726,6724,6725,6725,6725.5,6723.5,6724.5,6724.0
2025-09-17 05:45:00,5700,6725,6723,6723,6725,6726,6724,6725,6726,6725.5,6723.5,6724.0,6725.5
2025-09-17 05:50:00,15900,6735,6724,6725,6732,6736,6726,6726,6733,6735.5,6725.0,6725.5,6732.5
2025-09-17 05:55:00,16900,6736,6728,6732,6728,6738,6729,6733,6729,6737.0,6728.5,6732.5,6728.5
2025-09-17 06:00:00,16300,6733,6726,6728,6732,6734,6727,6729,6733,6733.5,6726.5,6728.5,6732.5
2025-09-17 06:05:00,14100,6736,6731,6732,6733,6737,6733,6733,6734,6736.5,6732.0,6732.5,6733.5
2025-09-17 06:10:00,12200,6737,6732,6733,6734,6738,6733,6734,6735,6737.5,6732.5,6733.5,6734.5
2025-09-17 06:15:00,14300,6734,6728,6734,6732,6735,6730,6735,6733,6734.5,6729.0,6734.5,6732.5
2025-09-17 06:20:00,37300,6734,6722,6732,6724,6735,6724,6733,6726,6734.5,6723.5,6732.5,6725.0
2025-09-17 06:25:00,,6899,6710,6791,6720,6900,6711,6792,6721,6899.5,6710.5,6791.5,6720.5
2025-09-17 06:30:00,437300,6719,6719,6719,6719,6724,6724,6724,6724,6721.5,6721.5,6721.5,6721.5
2025-09-18 00:00:00,122000,6723,6703,6712,6717,6733,6704,6713,6719,6728.0,6703.5,6712.5,6718.0
2025-09-18 00:05:00,26500,6718,6703,6717,6710,6720,6704,6719,6712,6719.0,6703.5,6718.0,6711.0
2025-09-18 00:10:00,36700,6711,6696,6710,6700,6712,6698,6712,6702,6711.5,6697.0,6711.0,6701.0
2025-09-18 00:15:00,36200,6704,6690,6700,6696,6705,6691,6702,6697,6704.5,6690.5,6701.0,6696.5
2025-09-18 00:20:00,27400,6696,6678,6696,6679,6697,6679,6697,6680,6696.5,6678.5,6696.5,6679.5
2025-09-18 00:25:00,18600,6686,6672,6679,6680,6687,6674,6680,6683,6686.5,6673.0,6679.5,6681.5
2025-09-18 00:30:00,15600,6683,6678,6680,6682,6684,6679,6683,6684,6683.5,6678.5,6681.5,6683.0
2025-09-18 00:35:00,9700,6702,6682,6682,6702,6703,6684,6684,6703,6702.5,6683.0,6683.0,6702.5
2025-09-18 00:40:00,10800,6706,6701,6702,6703,6709,6703,6703,6704,6707.5,6702.0,6702.5,6703.5
2025-09-18 00:45:00,5200,6703,6696,6703,6696,6704,6697,6704,6697,6703.5,6696.5,6703.5,6696.5
2025-09-18 00:50:00,9700,6699,6695,6696,6697,6700,6696,6697,6699,6699.5,6695.5,6696.5,6698.0
2025-09-18 00:55:00,9000,6711,6697,6697,6709,6713,6699,6699,6711,6712.0,6698.0,6698.0,6710.0
2025-09-18 01:00:00,7900,6716,6708,6709,6715,6717,6710,6711,6717,6716.5,6709.0,6710.0,6716.0
2025-09-18 01:05:00,13300,6722,6715,6715,6721,6724,6716,6717,6723,6723.0,6715.5,6716.0,6722.0
2025-09-18 01:10:00,4700,6726,6721,6721,6725,6727,6723,6723,6726,6726.5,6722.0,6722.0,6725.5
2025-09-18 01:15:00,15200,6742,6722,6725,6737,6745,6723,6726,6739,6743.5,6722.5,6725.5,6738.0
2025-09-18 01:20:00,9300,6738,6732,6737,6735,6740,6733,6739,6736,6739.0,6732.5,6738.0,6735.5
2025-09-18 01:25:00,6400,6735,6731,6735,6731,6736,6732,6736,6732,6735.5,6731.5,6735.5,6731.5
2025-09-18 01:30:00,6200,6733,6729,6731,6732,6734,6730,6732,6733,6733.5,6729.5,6731.5,6732.5
2025-09-18 01:35:00,9600,6738,6730,6732,6738,6739,6731,6733,6739,6738.5,6730.5,6732.5,6738.5
2025-09-18 01:40:00,9300,6746,6738,6738,6743,6748,6739,6739,6745,6747.0,6738.5,6738.5,6744.0
2025-09-18 01:45:00,9100,6749,6743,6743,6745,6750,6744,6745,6746,6749.5,6743.5,6744.0,6745.5
2025-09-18 01:50:00,5600,6749,6744,6745,6748,6750,6745,6746,6749,6749.5,6744.5,6745.5,6748.5
2025-09-18 01:55:00,10700,6749,6744,6748,6746,6750,6745,6749,6747,6749.5,6744.5,6748.5,6746.5
2025-09-18 02:00:00,7600,6746,6742,6746,6745,6747,6743,6747,6746,6746.5,6742.5,6746.5,6745.5
2025-09-18 02:05:00,6300,6745,6741,6745,6742,6746,6742,6746,6743,6745.5,6741.5,6745.5,6742.5
2025-09-18 02:10:00,7200,6749,6742,6742,6749,6750,6743,6743,6750,6749.5,6742.5,6742.5,6749.5
2025-09-18 02:15:00,9700,6752,6747,6749,6748,6753,6749,6750,6750,6752.5,6748.0,6749.5,6749.0
2025-09-18 02:20:00,5200,6749,6744,6748,6748,6750,6746,6750,6750,6749.5,6745.0,6749.0,6749.0
2025-09-18 02:25:00,8400,6749,6741,6748,6745,6750,6742,6750,6746,6749.5,6741.5,6749.0,6745.5
2025-09-18 02:30:00,1900,6745,6745,6745,6745,6746,6746,6746,6746,6745.5,6745.5,6745.5,6745.5
2025-09-18 03:30:00,24000,6748,6739,6741,6739,6751,6741,6744,6741,6748.5,6740.0,6742.5,6740.0
2025-09-18 03:35:00,12400,6740,6730,6739,6731,6741,6732,6741,6733,6740.5,6731.0,6740.0,6732.0
2025-09-18 03:40:00,7600,6735,6729,6731,6731,6737,6730,6733,6733,6736.0,6729.5,6732.0,6732.0
2025-09-18 03:45:00,10600,6736,6730,6731,6736,6738,6731,6733,6737,6737.0,6730.5,6732.0,6736.5
2025-09-18 03:50:00,10000,6741,6736,6736,6741,6742,6737,6737,6742,6741.5,6736.5,6736.5,6741.5
2025-09-18 03:55:00,5100,6742,6733,6741,6733,6743,6734,6742,6734,6742.5,6733.5,6741.5,6733.5
2025-09-18 04:00:00,9800,6735,6728,6733,6735,6737,6730,6734,6737,6736.0,6729.0,6733.5,6736.0
2025-09-18 04:05:00,4200,6739,6735,6735,6739,6740,6736,6737,6740,6739.5,6735.5,6736.0,6739.5
2025-09-18 04:10:00,7700,6742,6738,6739,6742,6743,6739,6740,6743,6742.5,6738.5,6739.5,6742.5
2025-09-18 04:15:00,6600,6742,6740,6742,6740,6744,6741,6743,6741,6743.0,6740.5,6742.5,6740.5
2025-09-18 04:20:00,8100,6741,6736,6740,6739,6743,6737,6741,6740,6742.0,6736.5,6740.5,6739.5
2025-09-18 04:25:00,7100,6742,6738,6739,6741,6743,6739,6740,6743,6742.5,6738.5,6739.5,6742.0
2025-09-18 04:30:00,6800,6742,6738,6741,6739,6743,6740,6743,6740,6742.5,6739.0,6742.0,6739.5
2025-09-18 04:35:00,5000,6739,6736,6738,6739,6740,6738,6740,6740,6739.5,6737.0,6739.0,6739.5
2025-09-18 04:40:00,4700,6739,6735,6739,6736,6740,6736,6740,6737,6739.5,6735.5,6739.5,6736.5
2025-09-18 04:45:00,8500,6736,6732,6736,6734,6737,6733,6737,6736,6736.5,6732.5,6736.5,6735.0
2025-09-18 04:50:00,8800,6735,6731,6734,6734,6736,6732,6736,6736,6735.5,6731.5,6735.0,6735.0
2025-09-18 04:55:00,11500,6743,6734,6734,6739,6744,6736,6736,6741,6743.5,6735.0,6735.0,6740.0
2025-09-18 05:00:00,6900,6746,6739,6739,6746,6747,6740,6741,6747,6746.5,6739.5,6740.0,6746.5
2025-09-18 05:05:00,6700,6747,6742,6746,6743,6748,6744,6747,6744,6747.5,6743.0,6746.5,6743.5
2025-09-18 05:10:00,5400,6743,6740,6743,6741,6745,6742,6744,6742,6744.0,6741.0,6743.5,6741.5
2025-09-18 05:15:00,4800,6742,6740,6741,6741,6743,6741,6742,6742,6742.5,6740.5,6741.5,6741.5
2025-09-18 05:20:00,5100,6743,6738,6741,6743,6744,6739,6742,6744,6743.5,6738.5,6741.5,6743.5
2025-09-18 05:25:00,8600,6743,6740,6743,6743,6745,6741,6744,6744,6744.0,6740.5,6743.5,6743.5
2025-09-18 05:30:00,8600,6747,6742,6743,6747,6748,6743,6744,6748,6747.5,6742.5,6743.5,6747.5
2025-09-18 05:35:00,9800,6750,6745,6747,6749,6751,6746,6748,6751,6750.5,6745.5,6747.5,6750.0
2025-09-18 05:40:00,11200,6750,6742,6749,6743,6751,6744,6751,6745,6750.5,6743.0,6750.0,6744.0
2025-09-18 05:45:00,4800,6746,6742,6743,6745,6748,6743,6745,6746,6747.0,6742.5,6744.0,6745.5
2025-09-18 05:50:00,8100,6747,6743,6745,6745,6748,6744,6746,6747,6747.5,6743.5,6745.5,6746.0
2025-09-18 05:55:00,6500,6746,6741,6745,6742,6747,6742,6747,6744,6746.5,6741.5,6746.0,6743.0
2025-09-18 06:00:00,27500,6757,6741,6742,6755,6758,6743,6744,6756,6757.5,6742.0,6743.0,6755.5
2025-09-18 06:05:00,13800,6764,6755,6755,6760,6765,6756,6756,6762,6764.5,6755.5,6755.5,6761.0
2025-09-18 06:10:00,14400,6764,6759,6760,6762,6765,6760,6762,6763,6764.5,6759.5,6761.0,6762.5
2025-09-18 06:15:00,15400,6764,6755,6762,6760,6765,6757,6763,6761,6764.5,6756.0,6762.5,6760.5
2025-09-18 06:20:00,14600,6761,6752,6760,6760,6763,6753,6761,6762,6762.0,6752.5,6760.5,6761.0
2025-09-18 06:25:00,,6772,6714,6738,6756,6773,6715,6739,6756,6772.5,6714.5,6738.5,6756.0
2025-09-18 06:30:00,367400,6755,6755,6755,6755,6760,6760,6760,6760,6757.5,6757.5,6757.5,6757.5
2025-09-19 00:00:00,97300,6748,6728,6730,6738,6755,6731,6731,6741,6748.5,6729.5,6730.5,6739.5
2025-09-19 00:05:00,30800,6746,6728,6738,6740,6748,6729,6741,6741,6747.0,6728.5,6739.5,6740.5
2025-09-19 00:10:00,11400,6743,6736,6740,6738,6745,6738,6741,6740,6744.0,6737.0,6740.5,6739.0
2025-09-19 00:15:00,21800,6740,6730,6738,6735,6742,6731,6740,6738,6741.0,6730.5,6739.0,6736.5
2025-09-19 00:20:00,15800,6745,6735,6735,6744,6747,6736,6738,6746,6746.0,6735.5,6736.5,6745.0
2025-09-19 00:25:00,15200,6750,6744,6744,6747,6751,6746,6746,6749,6750.5,6745.0,6745.0,6748.0
2025-09-19 00:30:00,12800,6748,6742,6747,6744,6749,6743,6749,6746,6748.5,6742.5,6748.0,6745.0
2025-09-19 00:35:00,18700,6745,6737,6744,6738,6746,6738,6746,6739,6745.5,6737.5,6745.0,6738.5
2025-09-19 00:40:00,13500,6748,6738,6738,6743,6749,6739,6739,6744,6748.5,6738.5,6738.5,6743.5
2025-09-19 00:45:00,9500,6746,6742,6743,6742,6749,6743,6744,6744,6747.5,6742.5,6743.5,6743.0
2025-09-19 00:50:00,22400,6744,6734,6743,6739,6746,6736,6744,6740,6745.0,6735.0,6743.5,6739.5
2025-09-19 00:55:00,13900,6739,6734,6739,6735,6740,6735,6740,6736,6739.5,6734.5,6739.5,6735.5
2025-09-19 01:00:00,34200,6737,6728,6735,6737,6738,6729,6736,6738,6737.5,6728.5,6735.5,6737.5
2025-09-19 01:05:00,11600,6741,6735,6737,6739,6742,6737,6738,6742,6741.5,6736.5,6737.5,6740.5
2025-09-19 01:10:00,9000,6748,6739,6739,6747,6750,6741,6742,6749,6749.0,6740.0,6740.5,6748.0
2025-09-19 01:15:00,8900,6752,6745,6747,6750,6753,6747,6749,6752,6752.5,6746.0,6748.0,6751.0
2025-09-19 01:20:00,7100,6750,6745,6750,6746,6752,6746,6752,6747,6751.0,6745.5,6751.0,6746.5
2025-09-19 01:25:00,10800,6746,6739,6746,6739,6747,6740,6747,6740,6746.5,6739.5,6746.5,6739.5
2025-09-19 01:30:00,6300,6741,6737,6739,6738,6742,6739,6740,6740,6741.5,6738.0,6739.5,6739.0
2025-09-19 01:35:00,5000,6742,6737,6738,6739,6743,6738,6740,6741,6742.5,6737.5,6739.0,6740.0
2025-09-19 01:40:00,5200,6744,6738,6739,6740,6745,6739,6741,6743,6744.5,6738.5,6740.0,6741.5
2025-09-19 01:45:00,4400,6745,6739,6740,6741,6746,6741,6743,6744,6745.5,6740.5,6741.5,6742.5
2025-09-19 01:50:00,3900,6744,6741,6741,6741,6745,6742,6744,6742,6744.5,6741.5,6742.5,6741.5
2025-09-19 01:55:00,9600,6742,6737,6741,6737,6743,6739,6742,6739,6742.5,6738.0,6741.5,6738.0
2025-09-19 02:00:00,16600,6738,6736,6737,6736,6740,6737,6739,6737,6739.0,6736.5,6738.0,6736.5
2025-09-19 02:05:00,23800,6737,6729,6736,6736,6738,6730,6737,6738,6737.5,6729.5,6736.5,6737.0
2025-09-19 02:10:00,3800,6739,6735,6736,6738,6740,6737,6738,6739,6739.5,6736.0,6737.0,6738.5
2025-09-19 02:15:00,4600,6741,6737,6738,6738,6742,6739,6739,6739,6741.5,6738.0,6738.5,6738.5
2025-09-19 02:20:00,6100,6738,6735,6738,6735,6739,6736,6739,6737,6738.5,6735.5,6738.5,6736.0
2025-09-19 02:25:00,8100,6738,6735,6735,6737,6742,6736,6736,6740,6740.0,6735.5,6735.5,6738.5
2025-09-19 02:30:00,6100,,,,,,,,,,,,
2025-09-19 03:30:00,74100,6735,6710,6735,6712,6740,6712,6736,6713,6737.0,6711.0,6735.5,6712.5
2025-09-19 03:35:00,20900,6715,6706,6712,6706,6717,6707,6713,6708,6716.0,6706.5,6712.5,6707.0
2025-09-19 03:40:00,16300,6709,6702,6706,6707,6710,6703,6708,6709,6709.5,6702.5,6707.0,6708.0
2025-09-19 03:45:00,61800,6721,6701,6707,6719,6723,6703,6709,6722,6722.0,6702.0,6708.0,6720.5
2025-09-19 03:50:00,24100,6723,6711,6719,6712,6724,6713,6723,6714,6723.5,6712.0,6721.0,6713.0
2025-09-19 03:55:00,28500,6713,6700,6712,6703,6714,6701,6714,6705,6713.5,6700.5,6713.0,6704.0
2025-09-19 04:00:00,69900,6706,6685,6703,6695,6707,6686,6705,6698,6706.5,6685.5,6704.0,6696.5
2025-09-19 04:05:00,21700,6700,6684,6695,6685,6702,6686,6698,6688,6701.0,6685.0,6696.5,6686.5
2025-09-19 04:10:00,24800,6687,6678,6685,6679,6689,6679,6688,6681,6688.0,6678.5,6686.5,6680.0
2025-09-19 04:15:00,52100,6697,6678,6679,6680,6698,6680,6681,6682,6697.5,6679.5,6680.0,6681.0
2025-09-19 04:20:00,45500,6686,6676,6680,6677,6687,6678,6682,6680,6686.5,6677.5,6681.0,6678.5
2025-09-19 04:25:00,39100,6686,6668,6677,6675,6687,6670,6680,6677,6686.5,6669.5,6678.5,6676.0
2025-09-19 04:30:00,16400,6695,6675,6675,6694,6698,6676,6678,6697,6696.5,6675.5,6676.5,6695.5
2025-09-19 04:35:00,24600,6695,6682,6694,6687,6697,6683,6697,6690,6696.0,6682.5,6695.5,6688.5
2025-09-19 04:40:00,13800,6699,6686,6687,6689,6702,6688,6689,6691,6700.5,6687.0,6688.0,6690.0
2025-09-19 04:45:00,13700,6692,6686,6689,6692,6694,6689,6691,6694,6693.0,6687.5,6690.0,6693.0
2025-09-19 04:50:00,30900,6695,6682,6692,6685,6697,6683,6694,6687,6696.0,6682.5,6693.0,6686.0
2025-09-19 04:55:00,17000,6687,6679,6685,6680,6689,6681,6687,6681,6688.0,6680.5,6686.0,6680.5
2025-09-19 05:00:00,19600,6685,6679,6679,6685,6687,6680,6681,6687,6686.0,6679.5,6680.0,6686.0
2025-09-19 05:05:00,9700,6691,6684,6685,6688,6692,6686,6687,6689,6691.5,6685.0,6686.0,6688.5
2025-09-19 05:10:00,8400,6691,6684,6688,6684,6692,6685,6689,6686,6691.5,6684.5,6688.5,6685.0
2025-09-19 05:15:00,23600,6685,6677,6685,6677,6687,6678,6686,6678,6686.0,6677.5,6685.5,6677.5
2025-09-19 05:20:00,14300,6677,6675,6677,6675,6679,6676,6678,6676,6678.0,6675.5,6677.5,6675.5
2025-09-19 05:25:00,29100,6677,6666,6675,6666,6679,6667,6676,6667,6678.0,6666.5,6675.5,6666.5
2025-09-19 05:30:00,21100,6671,6665,6666,6665,6672,6666,6667,6666,6671.5,6665.5,6666.5,6665.5
2025-09-19 05:35:00,34000,6665,6654,6665,6662,6666,6656,6666,6664,6665.5,6655.0,6665.5,6663.0
2025-09-19 05:40:00,32100,6663,6654,6662,6654,6664,6655,6664,6655,6663.5,6654.5,6663.0,6654.5
2025-09-19 05:45:00,18200,6660,6654,6654,6656,6662,6655,6655,6659,6661.0,6654.5,6654.5,6657.5
2025-09-19 05:50:00,13200,6660,6655,6656,6659,6662,6657,6658,6661,6661.0,6656.0,6657.0,6660.0
2025-09-19 05:55:00,17900,6671,6659,6659,6666,6673,6661,6661,6668,6671.5,6660.0,6660.0,6667.0
2025-09-19 06:00:00,15300,6671,6663,6666,6670,6674,6664,6668,6672,6672.5,6663.5,6667.0,6671.0
2025-09-19 06:05:00,19500,6670,6659,6670,6662,6672,6660,6671,6664,6671.0,6659.5,6670.5,6663.0
2025-09-19 06:10:00,15400,6664,6659,6663,6661,6665,6660,6664,6662,6664.5,6659.5,6663.5,6661.5
2025-09-19 06:15:00,27800,6662,6657,6661,6662,6664,6658,6662,6663,6662.5,6657.5,6661.5,6662.5
2025-09-19 06:20:00,30400,6664,6658,6662,6663,6666,6659,6663,6666,6665.0,6658.5,6662.5,6664.5
2025-09-19 06:25:00,,6858,6635,6849,6664,6859,6636,6850,6665,6858.5,6635.5,6849.5,6664.5
2025-09-19 06:30:00,1204400,6664,6664,6664,6664,6666,6666,6666,6666,6665.0,6665.0,6665.0,6665.0
2025-09-22 00:00:00,187100,6635,6586,6624,6603,6640,6588,6625,6606,6637.0,6587.0,6624.5,6604.5
2025-09-22 00:05:00,43600,6610,6587,6604,6588,6615,6589,6606,6591,6612.0,6588.0,6605.0,6589.5
2025-09-22 00:10:00,40700,6595,6586,6588,6589,6598,6587,6591,6591,6596.5,6586.5,6589.5,6590.0
2025-09-22 00:15:00,46500,6599,6582,6589,6594,6601,6583,6591,6597,6600.0,6582.5,6590.0,6595.5
2025-09-22 00:20:00,35300,6599,6585,6595,6598,6601,6586,6597,6601,6600.0,6585.5,6596.0,6599.5
2025-09-22 00:25:00,16700,6604,6595,6598,6596,6605,6598,6601,6598,6604.5,6596.5,6599.5,6597.0
2025-09-22 00:30:00,57800,6601,6584,6596,6601,6603,6586,6598,6603,6602.0,6585.0,6597.0,6602.0
2025-09-22 00:35:00,15400,6611,6598,6601,6610,6613,6600,6603,6612,6612.0,6599.0,6602.0,6611.0
2025-09-22 00:40:00,14300,6612,6605,6610,6605,6615,6606,6612,6606,6613.5,6605.5,6611.0,6605.5
2025-09-22 00:45:00,57400,6606,6582,6605,6585,6607,6583,6606,6587,6606.5,6582.5,6605.5,6586.0
2025-09-22 00:50:00,52900,6585,6574,6585,6577,6587,6575,6587,6579,6586.0,6574.5,6586.0,6578.0
2025-09-22 00:55:00,47800,6578,6560,6577,6561,6579,6561,6579,6563,6578.5,6560.5,6578.0,6562.0
2025-09-22 01:00:00,40300,6563,6554,6561,6561,6564,6555,6563,6563,6563.5,6554.5,6562.0,6562.0
2025-09-22 01:05:00,22900,6583,6561,6561,6583,6585,6562,6563,6585,6584.0,6561.5,6562.0,6584.0
2025-09-22 01:10:00,14900,6589,6578,6583,6585,6590,6581,6585,6587,6589.5,6579.5,6584.0,6586.0
2025-09-22 01:15:00,24900,6588,6570,6585,6570,6590,6572,6587,6572,6589.0,6571.0,6586.0,6571.0
2025-09-22 01:20:00,35600,6571,6561,6570,6571,6574,6562,6572,6573,6572.5,6561.5,6571.0,6572.0
2025-09-22 01:25:00,13700,6571,6564,6571,6565,6573,6565,6573,6566,6572.0,6564.5,6572.0,6565.5
2025-09-22 01:30:00,28200,6566,6557,6565,6559,6567,6558,6566,6561,6566.5,6557.5,6565.5,6560.0
2025-09-22 01:35:00,24100,6560,6554,6559,6554,6561,6555,6561,6556,6560.5,6554.5,6560.0,6555.0
2025-09-22 01:40:00,26500,6564,6553,6554,6563,6566,6554,6556,6565,6565.0,6553.5,6555.0,6564.0
2025-09-22 01:45:00,23700,6565,6550,6563,6550,6566,6551,6565,6551,6565.5,6550.5,6564.0,6550.5
2025-09-22 01:50:00,38500,6550,6546,6550,6547,6551,6547,6551,6548,6550.5,6546.5,6550.5,6547.5
2025-09-22 01:55:00,18100,6557,6547,6547,6557,6558,6548,6548,6558,6557.5,6547.5,6547.5,6557.5
2025-09-22 02:00:00,5700,6558,6555,6557,6556,6559,6557,6558,6557,6558.5,6556.0,6557.5,6556.5
2025-09-22 02:05:00,20600,6562,6552,6556,6557,6563,6553,6557,6559,6562.5,6552.5,6556.5,6558.0
2025-09-22 02:10:00,13400,6564,6555,6557,6562,6566,6556,6558,6563,6565.0,6555.5,6557.5,6562.5
2025-09-22 02:15:00,11000,6565,6560,6562,6565,6567,6561,6563,6567,6566.0,6560.5,6562.5,6566.0
2025-09-22 02:20:00,8000,6569,6563,6565,6564,6570,6565,6567,6565,6569.5,6564.0,6566.0,6564.5
2025-09-22 02:25:00,17000,6567,6560,6564,6565,6569,6561,6565,6566,6568.0,6560.5,6564.5,6565.5
2025-09-22 02:30:00,4700,6564,6564,6564,6564,6566,6566,6566,6566,6565.0,6565.0,6565.0,6565.0
2025-09-22 03:30:00,59300,6581,6563,6563,6579,6582,6564,6564,6581,6581.5,6563.5,6563.5,6580.0
2025-09-22 03:35:00,20900,6588,6578,6579,6581,6590,6580,6581,6583,6589.0,6579.0,6580.0,6582.0
2025-09-22 03:40:00,16800,6583,6577,6581,6580,6584,6578,6583,6581,6583.5,6577.5,6582.0,6580.5
2025-09-22 03:45:00,19300,6581,6574,6580,6574,6582,6575,6581,6576,6581.5,6574.5,6580.5,6575.0
2025-09-22 03:50:00,56200,6575,6564,6574,6567,6576,6566,6576,6568,6575.5,6565.0,6575.0,6567.5
2025-09-22 03:55:00,20500,6570,6565,6567,6568,6571,6567,6568,6571,6570.5,6566.0,6567.5,6569.5
2025-09-22 04:00:00,22800,6576,6568,6568,6573,6578,6571,6571,6576,6577.0,6569.5,6569.5,6574.5
2025-09-22 04:05:00,46800,6576,6560,6573,6561,6578,6561,6576,6563,6577.0,6560.5,6574.5,6562.0
2025-09-22 04:10:00,46100,6568,6555,6561,6555,6570,6556,6563,6557,6569.0,6555.5,6562.0,6556.0
2025-09-22 04:15:00,19400,6555,6551,6555,6553,6557,6552,6557,6554,6556.0,6551.5,6556.0,6553.5
2025-09-22 04:20:00,32600,6553,6547,6553,6547,6554,6548,6554,6548,6553.5,6547.5,6553.5,6547.5
2025-09-22 04:25:00,21100,6551,6546,6547,6546,6552,6547,6548,6547,6551.5,6546.5,6547.5,6546.5
2025-09-22 04:30:00,63500,6546,6537,6546,6540,6547,6538,6547,6542,6546.5,6537.5,6546.5,6541.0
2025-09-22 04:35:00,6900,6540,6536,6540,6537,6542,6538,6542,6538,6541.0,6537.0,6541.0,6537.5
2025-09-22 04:40:00,49100,6543,6532,6537,6537,6544,6534,6538,6538,6543.5,6533.0,6537.5,6537.5
2025-09-22 04:45:00,14400,6538,6534,6537,6536,6539,6535,6538,6537,6538.5,6534.5,6537.5,6536.5
2025-09-22 04:50:00,18000,6544,6534,6536,6543,6545,6536,6537,6544,6544.5,6535.0,6536.5,6543.5
2025-09-22 04:55:00,19400,6546,6539,6543,6540,6547,6540,6544,6541,6546.5,6539.5,6543.5,6540.5
2025-09-22 05:00:00,13800,6540,6535,6540,6536,6541,6536,6541,6537,6540.5,6535.5,6540.5,6536.5
2025-09-22 05:05:00,23400,6536,6532,6536,6534,6537,6533,6537,6535,6536.5,6532.5,6536.5,6534.5
2025-09-22 05:10:00,13500,6539,6533,6534,6538,6540,6534,6535,6540,6539.5,6533.5,6534.5,6539.0
2025-09-22 05:15:00,32200,6538,6532,6538,6533,6540,6533,6540,6534,6539.0,6532.5,6539.0,6533.5
2025-09-22 05:20:00,57600,6533,6526,6533,6531,6534,6527,6534,6532,6533.5,6526.5,6533.5,6531.5
2025-09-22 05:25:00,23200,6538,6530,6531,6537,6539,6531,6532,6538,6538.5,6530.5,6531.5,6537.5
2025-09-22 05:30:00,26300,6548,6537,6537,6545,6549,6538,6538,6547,6548.5,6537.5,6537.5,6546.0
2025-09-22 05:35:00,19400,6550,6544,6545,6549,6551,6545,6547,6550,6550.5,6544.5,6546.0,6549.5
2025-09-22 05:40:00,15800,6549,6546,6549,6548,6550,6547,6550,6549,6549.5,6546.5,6549.5,6548.5
2025-09-22 05:45:00,16700,6549,6546,6548,6547,6550,6547,6549,6548,6549.5,6546.5,6548.5,6547.5
2025-09-22 05:50:00,30700,6551,6545,6547,6551,6552,6546,6548,6552,6551.5,6545.5,6547.5,6551.5
2025-09-22 05:55:00,31200,6555,6548,6551,6554,6556,6549,6552,6556,6555.5,6548.5,6551.5,6555.0
2025-09-22 06:00:00,30200,6554,6543,6554,6543,6556,6544,6556,6544,6555.0,6543.5,6555.0,6543.5
2025-09-22 06:05:00,50600,6554,6541,6543,6553,6555,6542,6544,6554,6554.5,6541.5,6543.5,6553.5
2025-09-22 06:10:00,31100,6555,6548,6553,6548,6556,6549,6554,6549,6555.5,6548.5,6553.5,6548.5
2025-09-22 06:15:00,45000,6548,6540,6548,6540,6549,6541,6549,6542,6548.5,6540.5,6548.5,6541.0
2025-09-22 06:20:00,92800,6545,6534,6540,6538,6546,6536,6542,6541,6545.5,6535.5,6541.0,6539.5
2025-09-22 06:25:00,,6597,6490,6593,6546,6598,6491,6594,6547,6597.5,6490.5,6593.5,6546.5
2025-09-22 06:30:00,629900,6546,6546,6546,6546,6547,6547,6547,6547,6546.5,6546.5,6546.5,6546.5
2025-09-24 00:00:00,207100,6554,6510,6530,6515,6559,6512,6531,6517,6556.5,6511.0,6530.5,6516.0
2025-09-24 00:05:00,100100,6528,6489,6515,6511,6532,6493,6517,6514,6529.5,6491.0,6516.0,6512.5
2025-09-24 00:10:00,38200,6516,6497,6511,6514,6519,6498,6514,6516,6517.0,6497.5,6512.5,6515.0
2025-09-24 00:15:00,24900,6524,6506,6513,6506,6526,6508,6516,6508,6524.5,6507.0,6514.5,6507.0
2025-09-24 00:20:00,20500,6520,6506,6506,6512,6522,6507,6508,6514,6521.0,6506.5,6507.0,6513.0
2025-09-24 00:25:00,13400,6514,6504,6512,6506,6516,6505,6514,6507,6515.0,6504.5,6513.0,6506.5
2025-09-24 00:30:00,17100,6519,6503,6506,6519,6521,6504,6507,6521,6520.0,6503.5,6506.5,6520.0
2025-09-24 00:35:00,18200,6523,6516,6519,6519,6524,6517,6521,6520,6523.5,6516.5,6520.0,6519.5
2025-09-24 00:40:00,11800,6524,6515,6519,6522,6525,6516,6520,6524,6524.5,6515.5,6519.5,6523.0
2025-09-24 00:45:00,9800,6524,6515,6522,6521,6525,6517,6524,6522,6524.5,6516.0,6523.0,6521.5
2025-09-24 00:50:00,17300,6535,6520,6521,6528,6536,6522,6522,6529,6535.5,6521.0,6521.5,6528.5
2025-09-24 00:55:00,13400,6533,6525,6528,6525,6535,6527,6529,6527,6533.5,6526.0,6528.5,6526.0
2025-09-24 01:00:00,11600,6532,6523,6525,6530,6533,6525,6527,6532,6532.5,6524.0,6526.0,6531.0
2025-09-24 01:05:00,12000,6532,6522,6530,6526,6533,6524,6532,6528,6532.5,6523.0,6531.0,6527.0
2025-09-24 01:10:00,9900,6527,6522,6526,6524,6528,6523,6528,6525,6527.5,6522.5,6527.0,6524.5
2025-09-24 01:15:00,7600,6529,6524,6524,6524,6531,6525,6525,6525,6529.5,6524.5,6524.5,6524.5
2025-09-24 01:20:00,20500,6524,6517,6524,6517,6525,6518,6525,6519,6524.5,6517.5,6524.5,6518.0
2025-09-24 01:25:00,8700,6522,6518,6518,6521,6523,6519,6519,6522,6522.5,6518.5,6518.5,6521.5
2025-09-24 01:30:00,12900,6526,6517,6521,6522,6527,6520,6522,6524,6526.5,6518.5,6521.5,6523.0
2025-09-24 01:35:00,6400,6526,6521,6522,6521,6527,6522,6524,6523,6526.5,6521.5,6523.0,6522.0
2025-09-24 01:40:00,11600,6530,6519,6521,6529,6531,6520,6523,6530,6530.5,6519.5,6522.0,6529.5
2025-09-24 01:45:00,6100,6536,6529,6529,6534,6537,6530,6530,6535,6536.5,6529.5,6529.5,6534.5
2025-09-24 01:50:00,12000,6534,6527,6534,6531,6535,6529,6535,6533,6534.5,6528.0,6534.5,6532.0
2025-09-24 01:55:00,10200,6532,6522,6531,6528,6534,6523,6533,6529,6533.0,6522.5,6532.0,6528.5
2025-09-24 02:00:00,16800,6554,6527,6528,6553,6555,6529,6529,6555,6554.5,6528.0,6528.5,6554.0
2025-09-24 02:05:00,9600,6558,6550,6554,6557,6560,6553,6555,6559,6559.0,6551.5,6554.5,6558.0
2025-09-24 02:10:00,6400,6561,6553,6557,6561,6562,6555,6559,6562,6561.5,6554.0,6558.0,6561.5
2025-09-24 02:15:00,20600,6563,6543,6561,6550,6565,6545,6562,6552,6564.0,6544.0,6561.5,6551.0
2025-09-24 02:20:00,2800,6550,6546,6550,6549,6553,6547,6552,6550,6551.5,6546.5,6551.0,6549.5
2025-09-24 02:25:00,4200,6552,6546,6549,6551,6554,6548,6550,6553,6553.0,6547.0,6549.5,6552.0
2025-09-24 02:30:00,8000,,,,,,,,,,,,
2025-09-24 03:30:00,33300,6557,6533,6553,6535,6560,6535,6554,6536,6558.5,6534.0,6553.5,6535.5
2025-09-24 03:35:00,8800,6542,6533,6535,6541,6544,6534,6536,6542,6543.0,6533.5,6535.5,6541.5
2025-09-24 03:40:00,7100,6546,6539,6541,6546,6548,6540,6542,6548,6547.0,6539.5,6541.5,6547.0
2025-09-24 03:45:00,6700,6551,6542,6546,6549,6552,6544,6548,6550,6551.5,6543.0,6547.0,6549.5
2025-09-24 03:50:00,6400,6558,6549,6549,6555,6559,6551,6551,6557,6558.5,6550.0,6550.0,6556.0
2025-09-24 03:55:00,12300,6555,6547,6555,6552,6557,6550,6557,6553,6556.0,6548.5,6556.0,6552.5
2025-09-24 04:00:00,10900,6552,6542,6552,6544,6553,6543,6553,6546,6552.5,6542.5,6552.5,6545.0
2025-09-24 04:05:00,3900,6546,6540,6544,6540,6547,6541,6546,6541,6546.5,6540.5,6545.0,6540.5
2025-09-24 04:10:00,8200,6542,6536,6540,6541,6543,6537,6541,6542,6542.5,6536.5,6540.5,6541.5
2025-09-24 04:15:00,5800,6545,6538,6541,6542,6547,6540,6542,6544,6546.0,6539.5,6541.5,6543.0
2025-09-24 04:20:00,3400,6546,6542,6542,6544,6548,6544,6544,6546,6547.0,6543.0,6543.0,6545.0
2025-09-24 04:25:00,6600,6547,6543,6544,6546,6550,6545,6546,6547,6548.5,6544.0,6545.0,6546.5
2025-09-24 04:30:00,3100,6547,6544,6546,6545,6548,6546,6547,6546,6547.5,6545.0,6546.5,6545.5
2025-09-24 04:35:00,5700,6546,6541,6545,6542,6547,6542,6546,6544,6546.5,6541.5,6545.5,6543.0
2025-09-24 04:40:00,2600,6544,6542,6542,6544,6545,6543,6544,6545,6544.5,6542.5,6543.0,6544.5
2025-09-24 04:45:00,4300,6544,6542,6544,6543,6545,6543,6545,6545,6544.5,6542.5,6544.5,6544.0
2025-09-24 04:50:00,3100,6544,6541,6543,6543,6545,6543,6545,6544,6544.5,6542.0,6544.0,6543.5
2025-09-24 04:55:00,5000,6543,6540,6543,6541,6544,6541,6544,6543,6543.5,6540.5,6543.5,6542.0
2025-09-24 05:00:00,10400,6542,6535,6541,6538,6543,6536,6543,6539,6542.5,6535.5,6542.0,6538.5
2025-09-24 05:05:00,7900,6550,6538,6538,6547,6551,6539,6539,6550,6550.5,6538.5,6538.5,6548.5
2025-09-24 05:10:00,6000,6549,6545,6548,6546,6551,6547,6550,6548,6550.0,6546.0,6549.0,6547.0
2025-09-24 05:15:00,9400,6547,6540,6546,6543,6548,6541,6548,6544,6547.5,6540.5,6547.0,6543.5
2025-09-24 05:20:00,5400,6545,6541,6543,6541,6546,6543,6544,6543,6545.5,6542.0,6543.5,6542.0
2025-09-24 05:25:00,6800,6544,6540,6541,6543,6545,6541,6543,6545,6544.5,6540.5,6542.0,6544.0
2025-09-24 05:30:00,5900,6543,6540,6543,6541,6545,6542,6545,6543,6544.0,6541.0,6544.0,6542.0
2025-09-24 05:35:00,8500,6542,6538,6541,6542,6544,6539,6543,6543,6543.0,6538.5,6542.0,6542.5
2025-09-24 05:40:00,8900,6544,6539,6542,6539,6545,6540,6543,6541,6544.5,6539.5,6542.5,6540.0
2025-09-24 05:45:00,10400,6544,6539,6539,6542,6546,6540,6541,6544,6544.5,6539.5,6540.0,6543.0
2025-09-24 05:50:00,5700,6542,6540,6542,6540,6544,6541,6544,6542,6543.0,6540.5,6543.0,6541.0
2025-09-24 05:55:00,10300,6544,6539,6540,6541,6546,6540,6542,6543,6544.5,6539.5,6541.0,6542.0
2025-09-24 06:00:00,15300,6545,6538,6541,6541,6547,6540,6543,6543,6546.0,6539.0,6542.0,6542.0
2025-09-24 06:05:00,12500,6543,6540,6541,6541,6546,6541,6543,6542,6544.5,6540.5,6542.0,6541.5
2025-09-24 06:10:00,12300,6548,6540,6540,6547,6550,6541,6542,6549,6549.0,6540.5,6541.0,6548.0
2025-09-24 06:15:00,17700,6552,6546,6547,6550,6553,6547,6549,6552,6552.5,6546.5,6548.0,6551.0
2025-09-24 06:20:00,21400,6553,6543,6550,6548,6554,6546,6552,6552,6553.5,6544.5,6551.0,6550.0
2025-09-24 06:25:00,,6609,6529,6609,6548,6610,6530,6610,6549,6609.5,6529.5,6609.5,6548.5
2025-09-24 06:30:00,491100,6547,6547,6547,6547,6550,6550,6550,6550,6548.5,6548.5,6548.5,6548.5
2025-09-25 00:00:00,92200,6591,6550,6554,6558,6595,6555,6555,6561,6593.0,6554.5,6554.5,6559.5
2025-09-25 00:05:00,29300,6558,6540,6558,6548,6561,6541,6561,6550,6559.5,6540.5,6559.5,6549.0
2025-09-25 00:10:00,26700,6554,6536,6548,6549,6556,6537,6550,6551,6555.0,6536.5,6549.0,6550.0
2025-09-25 00:15:00,19900,6557,6546,6549,6551,6558,6549,6551,6552,6557.5,6547.5,6550.0,6551.5
2025-09-25 00:20:00,13700,6552,6538,6551,6542,6553,6540,6552,6543,6552.5,6539.0,6551.5,6542.5
2025-09-25 00:25:00,19700,6542,6533,6542,6535,6543,6534,6543,6537,6542.5,6533.5,6542.5,6536.0
2025-09-25 00:30:00,13600,6543,6532,6535,6537,6544,6533,6537,6539,6543.5,6532.5,6536.0,6538.0
2025-09-25 00:35:00,10300,6544,6534,6537,6543,6545,6535,6539,6545,6544.5,6534.5,6538.0,6544.0
2025-09-25 00:40:00,14800,6549,6541,6543,6547,6551,6542,6545,6549,6550.0,6541.5,6544.0,6548.0
2025-09-25 00:45:00,15100,6547,6536,6547,6539,6549,6537,6549,6540,6548.0,6536.5,6548.0,6539.5
2025-09-25 00:50:00,10500,6544,6537,6539,6540,6546,6538,6540,6542,6545.0,6537.5,6539.5,6541.0
2025-09-25 00:55:00,10500,6546,6538,6540,6538,6548,6539,6542,6540,6547.0,6538.5,6541.0,6539.0
2025-09-25 01:00:00,12900,6540,6532,6538,6538,6541,6534,6540,6540,6540.5,6533.0,6539.0,6539.0
2025-09-25 01:05:00,10600,6550,6538,6538,6543,6551,6540,6540,6545,6550.5,6539.0,6539.0,6544.0
2025-09-25 01:10:00,4200,6544,6537,6543,6542,6545,6539,6545,6543,6544.5,6538.0,6544.0,6542.5
2025-09-25 01:15:00,5500,6551,6540,6542,6551,6553,6541,6543,6553,6552.0,6540.5,6542.5,6552.0
2025-09-25 01:20:00,6200,6555,6550,6551,6550,6558,6551,6553,6551,6556.5,6550.5,6552.0,6550.5
2025-09-25 01:25:00,6400,6552,6545,6550,6546,6555,6547,6551,6548,6553.5,6546.0,6550.5,6547.0
2025-09-25 01:30:00,6800,6551,6545,6546,6545,6552,6546,6548,6546,6551.5,6545.5,6547.0,6545.5
2025-09-25 01:35:00,6400,6547,6540,6545,6542,6548,6543,6546,6544,6547.5,6541.5,6545.5,6543.0
2025-09-25 01:40:00,3700,6543,6540,6542,6543,6544,6541,6544,6544,6543.5,6540.5,6543.0,6543.5
2025-09-25 01:45:00,11200,6550,6538,6543,6549,6551,6540,6544,6551,6550.5,6539.0,6543.5,6550.0
2025-09-25 01:50:00,2800,6550,6548,6549,6548,6551,6549,6551,6549,6550.5,6548.5,6550.0,6548.5
2025-09-25 01:55:00,3700,6548,6543,6548,6547,6550,6545,6549,6549,6549.0,6544.0,6548.5,6548.0
2025-09-25 02:00:00,8000,6547,6540,6547,6545,6549,6541,6549,6547,6548.0,6540.5,6548.0,6546.0
2025-09-25 02:05:00,11300,6552,6540,6545,6544,6553,6543,6547,6545,6552.5,6541.5,6546.0,6544.5
2025-09-25 02:10:00,7700,6544,6535,6544,6539,6546,6537,6545,6541,6545.0,6536.0,6544.5,6540.0
2025-09-25 02:15:00,6500,6539,6532,6539,6535,6541,6533,6541,6536,6540.0,6532.5,6540.0,6535.5
2025-09-25 02:20:00,4600,6540,6535,6535,6538,6542,6536,6536,6539,6541.0,6535.5,6535.5,6538.5
2025-09-25 02:25:00,8200,6543,6535,6538,6535,6545,6536,6539,6536,6543.5,6535.5,6538.5,6535.5
2025-09-25 02:30:00,500,6535,6535,6535,6535,6536,6536,6536,6536,6535.5,6535.5,6535.5,6535.5
2025-09-25 03:30:00,37800,6539,6530,6532,6538,6542,6531,6533,6539,6540.0,6530.5,6532.5,6538.5
2025-09-25 03:35:00,10600,6541,6536,6538,6536,6543,6537,6539,6537,6542.0,6536.5,6538.5,6536.5
2025-09-25 03:40:00,7500,6538,6534,6536,6537,6539,6535,6537,6538,6538.5,6534.5,6536.5,6537.5
2025-09-25 03:45:00,24000,6537,6525,6537,6528,6538,6526,6538,6529,6537.5,6525.5,6537.5,6528.5
2025-09-25 03:50:00,3300,6528,6526,6528,6527,6530,6527,6529,6528,6529.0,6526.5,6528.5,6527.5
2025-09-25 03:55:00,6700,6532,6527,6527,6532,6534,6528,6528,6534,6533.0,6527.5,6527.5,6533.0
2025-09-25 04:00:00,9300,6536,6531,6532,6535,6537,6533,6534,6536,6536.5,6532.0,6533.0,6535.5
2025-09-25 04:05:00,12500,6537,6526,6535,6536,6539,6527,6536,6537,6538.0,6526.5,6535.5,6536.5
2025-09-25 04:10:00,3600,6537,6535,6536,6536,6539,6536,6537,6537,6538.0,6535.5,6536.5,6536.5
2025-09-25 04:15:00,6900,6540,6535,6536,6539,6542,6536,6537,6541,6540.5,6535.5,6536.5,6540.0
2025-09-25 04:20:00,8200,6541,6538,6539,6538,6543,6539,6541,6540,6542.0,6538.5,6540.0,6539.0
2025-09-25 04:25:00,5300,6540,6537,6538,6540,6541,6538,6540,6541,6540.5,6537.5,6539.0,6540.5
2025-09-25 04:30:00,12100,6542,6538,6540,6540,6543,6539,6541,6541,6542.5,6538.5,6540.5,6540.5
2025-09-25 04:35:00,9700,6540,6532,6540,6533,6541,6533,6541,6534,6540.5,6532.5,6540.5,6533.5
2025-09-25 04:40:00,7000,6533,6528,6533,6528,6534,6529,6534,6529,6533.5,6528.5,6533.5,6528.5
2025-09-25 04:45:00,17900,6529,6522,6528,6529,6530,6524,6529,6530,6529.5,6523.0,6528.5,6529.5
2025-09-25 04:50:00,7400,6530,6526,6529,6527,6531,6527,6530,6528,6530.5,6526.5,6529.5,6527.5
2025-09-25 04:55:00,10000,6532,6527,6527,6530,6534,6528,6528,6531,6533.0,6527.5,6527.5,6530.5
2025-09-25 05:00:00,10100,6531,6527,6530,6530,6533,6528,6531,6531,6532.0,6527.5,6530.5,6530.5
2025-09-25 05:05:00,7900,6530,6526,6530,6528,6531,6527,6531,6529,6530.5,6526.5,6530.5,6528.5
2025-09-25 05:10:00,7700,6531,6527,6528,6531,6533,6529,6529,6532,6532.0,6528.0,6528.5,6531.5
2025-09-25 05:15:00,8500,6540,6530,6531,6540,6541,6531,6532,6541,6540.5,6530.5,6531.5,6540.5
2025-09-25 05:20:00,5100,6542,6539,6540,6542,6544,6540,6541,6544,6543.0,6539.5,6540.5,6543.0
2025-09-25 05:25:00,11200,6543,6539,6542,6539,6544,6540,6544,6540,6543.5,6539.5,6543.0,6539.5
2025-09-25 05:30:00,9900,6539,6532,6539,6536,6540,6533,6540,6537,6539.5,6532.5,6539.5,6536.5
2025-09-25 05:35:00,4600,6537,6535,6536,6536,6538,6536,6537,6537,6537.5,6535.5,6536.5,6536.5
2025-09-25 05:40:00,6500,6536,6534,6536,6535,6537,6535,6537,6536,6536.5,6534.5,6536.5,6535.5
2025-09-25 05:45:00,8600,6536,6534,6535,6535,6537,6535,6536,6536,6536.5,6534.5,6535.5,6535.5
2025-09-25 05:50:00,5400,6535,6534,6535,6535,6537,6536,6536,6536,6536.0,6535.0,6535.5,6535.5
2025-09-25 05:55:00,18200,6535,6523,6535,6534,6536,6525,6536,6536,6535.5,6524.0,6535.5,6535.0
2025-09-25 06:00:00,9100,6536,6531,6534,6534,6537,6532,6536,6535,6536.5,6531.5,6535.0,6534.5
2025-09-25 06:05:00,8100,6536,6533,6534,6536,6537,6534,6535,6537,6536.5,6533.5,6534.5,6536.5
2025-09-25 06:10:00,9600,6537,6534,6536,6535,6538,6535,6537,6537,6537.5,6534.5,6536.5,6536.0
2025-09-25 06:15:00,10900,6536,6530,6535,6531,6537,6531,6537,6532,6536.5,6530.5,6536.0,6531.5
2025-09-25 06:20:00,23000,6533,6521,6531,6522,6535,6523,6532,6524,6534.0,6522.0,6531.5,6523.0
2025-09-25 06:25:00,,6600,6481,6600,6516,6601,6482,6601,6517,6600.5,6481.5,6600.5,6516.5
2025-09-25 06:30:00,680700,6516,6516,6516,6516,6519,6519,6519,6519,6517.5,6517.5,6517.5,6517.5
2025-09-26 00:00:00,225500,6501,6470,6484,6500,6502,6471,6485,6501,6501.5,6470.5,6484.5,6500.5
2025-09-26 00:05:00,31300,6504,6480,6500,6484,6505,6482,6501,6487,6504.5,6481.0,6500.5,6485.5
2025-09-26 00:10:00,14200,6488,6481,6484,6488,6490,6483,6487,6490,6489.0,6482.5,6485.5,6489.0
2025-09-26 00:15:00,14300,6504,6488,6488,6504,6505,6490,6490,6505,6504.5,6489.0,6489.0,6504.5
2025-09-26 00:20:00,26900,6509,6496,6504,6500,6510,6498,6505,6502,6509.5,6497.0,6504.5,6501.0
2025-09-26 00:25:00,19900,6501,6496,6500,6497,6504,6498,6502,6498,6502.5,6497.0,6501.0,6497.5
2025-09-26 00:30:00,25200,6503,6488,6497,6499,6505,6489,6498,6501,6504.0,6488.5,6497.5,6500.0
2025-09-26 00:35:00,13100,6502,6499,6499,6500,6504,6500,6501,6502,6503.0,6499.5,6500.0,6501.0
2025-09-26 00:40:00,15800,6506,6500,6500,6503,6507,6501,6502,6505,6506.5,6500.5,6501.0,6504.0
2025-09-26 00:45:00,14900,6505,6491,6503,6499,6507,6494,6505,6500,6506.0,6492.5,6504.0,6499.5
2025-09-26 00:50:00,10100,6500,6494,6499,6497,6502,6495,6500,6499,6501.0,6494.5,6499.5,6498.0
2025-09-26 00:55:00,8200,6505,6497,6497,6503,6506,6499,6499,6505,6505.5,6498.0,6498.0,6504.0
2025-09-26 01:00:00,21700,6520,6501,6503,6520,6523,6503,6505,6522,6521.5,6502.0,6504.0,6521.0
2025-09-26 01:05:00,16800,6522,6505,6520,6508,6524,6506,6522,6510,6523.0,6505.5,6521.0,6509.0
2025-09-26 01:10:00,9300,6512,6506,6508,6509,6514,6507,6510,6510,6513.0,6506.5,6509.0,6509.5
2025-09-26 01:15:00,21400,6512,6506,6509,6511,6513,6507,6510,6513,6512.5,6506.5,6509.5,6512.0
2025-09-26 01:20:00,10600,6513,6506,6511,6506,6514,6507,6513,6508,6513.5,6506.5,6512.0,6507.0
2025-09-26 01:25:00,10500,6507,6497,6506,6498,6508,6498,6508,6499,6507.5,6497.5,6507.0,6498.5
2025-09-26 01:30:00,7000,6501,6498,6498,6500,6503,6499,6499,6502,6502.0,6498.5,6498.5,6501.0
2025-09-26 01:35:00,7200,6502,6498,6500,6499,6503,6499,6502,6500,6502.5,6498.5,6501.0,6499.5
2025-09-26 01:40:00,13100,6504,6498,6499,6500,6507,6499,6500,6502,6505.5,6498.5,6499.5,6501.0
2025-09-26 01:45:00,8600,6508,6500,6500,6505,6510,6502,6502,6507,6509.0,6501.0,6501.0,6506.0
2025-09-26 01:50:00,10000,6506,6503,6505,6504,6507,6504,6507,6505,6506.5,6503.5,6506.0,6504.5
2025-09-26 01:55:00,11200,6504,6499,6504,6499,6506,6500,6505,6501,6505.0,6499.5,6504.5,6500.0
2025-09-26 02:00:00,7500,6501,6498,6499,6499,6502,6499,6501,6501,6501.5,6498.5,6500.0,6500.0
2025-09-26 02:05:00,13300,6503,6499,6499,6502,6505,6500,6501,6503,6504.0,6499.5,6500.0,6502.5
2025-09-26 02:10:00,10200,6503,6500,6502,6501,6505,6501,6503,6503,6504.0,6500.5,6502.5,6502.0
2025-09-26 02:15:00,8600,6502,6498,6501,6499,6504,6499,6503,6500,6503.0,6498.5,6502.0,6499.5
2025-09-26 02:20:00,15200,6499,6493,6499,6498,6500,6495,6500,6500,6499.5,6494.0,6499.5,6499.0
2025-09-26 02:25:00,3400,6499,6494,6498,6494,6501,6495,6500,6496,6500.0,6494.5,6499.0,6495.0
2025-09-26 02:30:00,1100,6493,6493,6493,6493,6496,6496,6496,6496,6494.5,6494.5,6494.5,6494.5
2025-09-26 03:30:00,32300,6501,6490,6492,6494,6504,6493,6493,6496,6502.5,6491.5,6492.5,6495.0
2025-09-26 03:35:00,31100,6494,6478,6494,6478,6496,6479,6496,6480,6495.0,6478.5,6495.0,6479.0
2025-09-26 03:40:00,10600,6483,6478,6478,6480,6484,6479,6479,6482,6483.5,6478.5,6478.5,6481.0
2025-09-26 03:45:00,8300,6490,6480,6480,6490,6491,6482,6482,6491,6490.5,6481.0,6481.0,6490.5
2025-09-26 03:50:00,10700,6492,6488,6490,6488,6493,6489,6491,6489,6492.5,6488.5,6490.5,6488.5
2025-09-26 03:55:00,11000,6491,6483,6488,6490,6494,6485,6489,6492,6492.5,6484.5,6488.5,6491.0
2025-09-26 04:00:00,19700,6491,6481,6490,6487,6493,6482,6492,6488,6492.0,6481.5,6491.0,6487.5
2025-09-26 04:05:00,9000,6490,6485,6487,6490,6492,6486,6488,6491,6491.0,6485.5,6487.5,6490.5
2025-09-26 04:10:00,6000,6493,6489,6490,6492,6495,6490,6491,6493,6494.0,6489.5,6490.5,6492.5
2025-09-26 04:15:00,14600,6497,6492,6492,6496,6498,6493,6493,6497,6497.5,6492.5,6492.5,6496.5
2025-09-26 04:20:00,5600,6499,6495,6496,6499,6501,6496,6497,6500,6500.0,6495.5,6496.5,6499.5
2025-09-26 04:25:00,8800,6501,6495,6499,6496,6502,6497,6500,6497,6501.5,6496.0,6499.5,6496.5
2025-09-26 04:30:00,9800,6498,6494,6496,6496,6499,6496,6497,6497,6498.5,6495.0,6496.5,6496.5
2025-09-26 04:35:00,6600,6500,6496,6496,6500,6502,6497,6497,6501,6501.0,6496.5,6496.5,6500.5
2025-09-26 04:40:00,10700,6503,6500,6500,6501,6505,6501,6501,6503,6504.0,6500.5,6500.5,6502.0
2025-09-26 04:45:00,11100,6505,6501,6501,6503,6506,6502,6503,6505,6505.5,6501.5,6502.0,6504.0
2025-09-26 04:50:00,7500,6507,6503,6503,6507,6508,6505,6505,6508,6507.5,6504.0,6504.0,6507.5
2025-09-26 04:55:00,11900,6509,6504,6507,6506,6510,6505,6508,6508,6509.5,6504.5,6507.5,6507.0
2025-09-26 05:00:00,9200,6512,6506,6506,6508,6513,6507,6508,6509,6512.5,6506.5,6507.0,6508.5
2025-09-26 05:05:00,6000,6510,6506,6508,6510,6511,6507,6509,6511,6510.5,6506.5,6508.5,6510.5
2025-09-26 05:10:00,12500,6513,6509,6510,6509,6515,6510,6511,6510,6514.0,6509.5,6510.5,6509.5
2025-09-26 05:15:00,8400,6510,6502,6509,6504,6512,6503,6510,6506,6511.0,6502.5,6509.5,6505.0
2025-09-26 05:20:00,7600,6504,6500,6504,6501,6506,6501,6506,6502,6505.0,6500.5,6505.0,6501.5
2025-09-26 05:25:00,7200,6501,6499,6501,6500,6502,6500,6502,6502,6501.5,6499.5,6501.5,6501.0
2025-09-26 05:30:00,12500,6501,6492,6500,6493,6502,6493,6502,6494,6501.5,6492.5,6501.0,6493.5
2025-09-26 05:35:00,13800,6493,6485,6493,6486,6494,6486,6494,6488,6493.5,6485.5,6493.5,6487.0
2025-09-26 05:40:00,7900,6491,6486,6486,6489,6492,6487,6488,6490,6491.5,6486.5,6487.0,6489.5
2025-09-26 05:45:00,6100,6492,6489,6489,6491,6493,6490,6490,6492,6492.5,6489.5,6489.5,6491.5
2025-09-26 05:50:00,11300,6491,6485,6491,6486,6493,6487,6492,6487,6492.0,6486.0,6491.5,6486.5
2025-09-26 05:55:00,8700,6500,6485,6486,6498,6502,6486,6487,6499,6501.0,6485.5,6486.5,6498.5
2025-09-26 06:00:00,11700,6500,6495,6498,6495,6502,6496,6499,6496,6501.0,6495.5,6498.5,6495.5
2025-09-26 06:05:00,13200,6499,6495,6495,6498,6500,6496,6496,6499,6499.5,6495.5,6495.5,6498.5
2025-09-26 06:10:00,16300,6501,6496,6498,6499,6502,6497,6499,6501,6501.5,6496.5,6498.5,6500.0
2025-09-26 06:15:00,32900,6519,6499,6499,6517,6520,6500,6502,6519,6519.5,6499.5,6500.5,6518.0
2025-09-26 06:20:00,47600,6520,6512,6517,6513,6521,6514,6519,6515,6520.5,6513.0,6518.0,6514.0
2025-09-26 06:25:00,,6517,6260,6303,6517,6518,6261,6304,6518,6517.5,6260.5,6303.5,6517.5
2025-09-26 06:30:00,847100,6516,6516,6516,6516,6518,6518,6518,6518,6517.0,6517.0,6517.0,6517.0
2025-09-29 00:00:00,104800,6525,6488,6506,6497,6530,6490,6507,6499,6527.5,6489.0,6506.5,6498.0
2025-09-29 00:05:00,30200,6497,6474,6497,6478,6500,6475,6499,6480,6498.0,6474.5,6498.0,6479.0
2025-09-29 00:10:00,27700,6478,6457,6478,6458,6480,6459,6480,6460,6479.0,6458.0,6479.0,6459.0
2025-09-29 00:15:00,20800,6459,6443,6458,6448,6460,6446,6460,6451,6459.5,6444.5,6459.0,6449.5
2025-09-29 00:20:00,12200,6460,6446,6448,6458,6462,6448,6451,6459,6461.0,6447.0,6449.5,6458.5
2025-09-29 00:25:00,13800,6459,6441,6458,6442,6461,6442,6459,6443,6460.0,6441.5,6458.5,6442.5
2025-09-29 00:30:00,26800,6447,6435,6442,6435,6450,6436,6443,6436,6448.5,6435.5,6442.5,6435.5
2025-09-29 00:35:00,116700,6437,6420,6435,6430,6439,6421,6436,6432,6438.0,6420.5,6435.5,6431.0
2025-09-29 00:40:00,8600,6438,6430,6430,6432,6439,6431,6432,6434,6438.5,6430.5,6431.0,6433.0
2025-09-29 00:45:00,8800,6434,6430,6432,6431,6436,6431,6434,6433,6435.0,6430.5,6433.0,6432.0
2025-09-29 00:50:00,17200,6433,6424,6431,6424,6436,6425,6433,6426,6434.5,6424.5,6432.0,6425.0
2025-09-29 00:55:00,13800,6425,6418,6424,6418,6426,6419,6426,6419,6425.5,6418.5,6425.0,6418.5
2025-09-29 01:00:00,17900,6425,6412,6418,6425,6427,6414,6419,6427,6426.0,6413.0,6418.5,6426.0
2025-09-29 01:05:00,11100,6425,6415,6425,6421,6427,6416,6427,6422,6426.0,6415.5,6426.0,6421.5
2025-09-29 01:10:00,12600,6425,6415,6421,6424,6427,6416,6423,6425,6426.0,6415.5,6422.0,6424.5
2025-09-29 01:15:00,7500,6429,6421,6424,6421,6431,6422,6425,6422,6430.0,6421.5,6424.5,6421.5
2025-09-29 01:20:00,13600,6428,6416,6421,6423,6429,6417,6422,6425,6428.5,6416.5,6421.5,6424.0
2025-09-29 01:25:00,7500,6426,6414,6423,6414,6428,6415,6425,6415,6427.0,6414.5,6424.0,6414.5
2025-09-29 01:30:00,14600,6419,6412,6414,6417,6422,6413,6415,6418,6420.5,6412.5,6414.5,6417.5
2025-09-29 01:35:00,6700,6426,6417,6417,6421,6428,6418,6418,6423,6426.5,6417.5,6417.5,6422.0
2025-09-29 01:40:00,5800,6423,6420,6421,6423,6426,6422,6423,6424,6424.5,6421.0,6422.0,6423.5
2025-09-29 01:45:00,13600,6432,6422,6423,6425,6433,6423,6424,6427,6432.5,6422.5,6423.5,6426.0
2025-09-29 01:50:00,4500,6426,6423,6425,6425,6427,6425,6427,6427,6426.5,6424.0,6426.0,6426.0
2025-09-29 01:55:00,7500,6430,6425,6425,6430,6431,6426,6427,6431,6430.5,6425.5,6426.0,6430.5
2025-09-29 02:00:00,9600,6433,6424,6430,6425,6434,6425,6431,6427,6433.5,6424.5,6430.5,6426.0
2025-09-29 02:05:00,20400,6427,6418,6425,6419,6429,6419,6427,6420,6428.0,6418.5,6426.0,6419.5
2025-09-29 02:10:00,6100,6424,6418,6419,6424,6427,6419,6420,6425,6425.5,6418.5,6419.5,6424.5
2025-09-29 02:15:00,7300,6424,6419,6424,6423,6425,6421,6425,6424,6424.5,6420.5,6424.5,6423.5
2025-09-29 02:20:00,4200,6423,6420,6423,6422,6425,6421,6424,6424,6424.0,6420.5,6423.5,6423.0
2025-09-29 02:25:00,7000,6423,6420,6422,6420,6426,6421,6424,6422,6424.5,6420.5,6423.0,6421.0
2025-09-29 02:30:00,5000,6420,6420,6420,6420,6422,6422,6422,6422,6421.0,6421.0,6421.0,6421.0
2025-09-29 03:30:00,29800,6436,6416,6420,6417,6439,6418,6421,6419,6437.5,6417.0,6420.5,6418.0
2025-09-29 03:35:00,10700,6420,6416,6417,6419,6422,6418,6419,6421,6420.5,6417.0,6418.0,6420.0
2025-09-29 03:40:00,7400,6428,6418,6419,6428,6430,6420,6421,6429,6429.0,6419.0,6420.0,6428.5
2025-09-29 03:45:00,7600,6431,6426,6428,6427,6433,6427,6429,6428,6431.5,6426.5,6428.5,6427.5
2025-09-29 03:50:00,9600,6430,6421,6427,6421,6432,6423,6428,6423,6431.0,6422.0,6427.5,6422.0
2025-09-29 03:55:00,7100,6427,6420,6421,6427,6429,6421,6423,6428,6428.0,6420.5,6422.0,6427.5
2025-09-29 04:00:00,7600,6428,6423,6427,6427,6430,6425,6428,6428,6429.0,6424.0,6427.5,6427.5
2025-09-29 04:05:00,4900,6430,6426,6427,6426,6432,6427,6428,6427,6431.0,6426.5,6427.5,6426.5
2025-09-29 04:10:00,6800,6427,6423,6425,6427,6429,6424,6427,6428,6428.0,6423.5,6426.0,6427.5
2025-09-29 04:15:00,7300,6433,6427,6427,6433,6435,6428,6428,6435,6434.0,6427.5,6427.5,6434.0
2025-09-29 04:20:00,5100,6437,6431,6433,6433,6438,6433,6435,6434,6437.5,6432.5,6434.0,6433.5
2025-09-29 04:25:00,6600,6435,6427,6433,6429,6436,6429,6435,6430,6435.5,6428.0,6434.0,6429.5
2025-09-29 04:30:00,7600,6431,6422,6429,6422,6433,6424,6430,6425,6432.0,6423.0,6429.5,6423.5
2025-09-29 04:35:00,6200,6426,6420,6422,6425,6428,6421,6425,6427,6427.0,6420.5,6423.5,6426.0
2025-09-29 04:40:00,4700,6431,6425,6425,6428,6432,6427,6427,6430,6431.5,6426.0,6426.0,6429.0
2025-09-29 04:45:00,5500,6429,6426,6428,6426,6430,6427,6430,6428,6429.5,6426.5,6429.0,6427.0
2025-09-29 04:50:00,6700,6427,6423,6426,6425,6430,6424,6427,6427,6428.5,6423.5,6426.5,6426.0
2025-09-29 04:55:00,9500,6433,6425,6425,6432,6435,6426,6427,6433,6434.0,6425.5,6426.0,6432.5
2025-09-29 05:00:00,8800,6432,6424,6432,6427,6433,6426,6433,6429,6432.5,6425.0,6432.5,6428.0
2025-09-29 05:05:00,8900,6427,6421,6427,6422,6429,6422,6429,6424,6428.0,6421.5,6428.0,6423.0
2025-09-29 05:10:00,6600,6426,6422,6422,6423,6427,6424,6424,6425,6426.5,6423.0,6423.0,6424.0
2025-09-29 05:15:00,17900,6423,6416,6423,6417,6425,6417,6425,6418,6424.0,6416.5,6424.0,6417.5
2025-09-29 05:20:00,8700,6423,6416,6416,6423,6424,6417,6418,6424,6423.5,6416.5,6417.0,6423.5
2025-09-29 05:25:00,7400,6427,6422,6423,6424,6428,6423,6424,6426,6427.5,6422.5,6423.5,6425.0
2025-09-29 05:30:00,13100,6425,6417,6424,6417,6426,6418,6426,6418,6425.5,6417.5,6425.0,6417.5
2025-09-29 05:35:00,10800,6417,6415,6417,6415,6418,6416,6418,6417,6417.5,6415.5,6417.5,6416.0
2025-09-29 05:40:00,15300,6418,6413,6415,6416,6419,6414,6417,6418,6418.5,6413.5,6416.0,6417.0
2025-09-29 05:45:00,13900,6417,6411,6416,6411,6419,6412,6418,6412,6418.0,6411.5,6417.0,6411.5
2025-09-29 05:50:00,12400,6413,6411,6411,6411,6415,6412,6412,6412,6413.5,6411.5,6411.5,6411.5
2025-09-29 05:55:00,9100,6412,6411,6411,6411,6414,6412,6412,6413,6413.0,6411.5,6411.5,6412.0
2025-09-29 06:00:00,19100,6413,6408,6411,6408,6414,6409,6413,6409,6413.5,6408.5,6412.0,6408.5
2025-09-29 06:05:00,11600,6410,6407,6408,6407,6412,6408,6409,6408,6411.0,6407.5,6408.5,6407.5
2025-09-29 06:10:00,13000,6412,6407,6407,6407,6413,6408,6408,6410,6412.5,6407.5,6407.5,6408.5
2025-09-29 06:15:00,17400,6409,6406,6407,6407,6410,6407,6410,6409,6409.5,6406.5,6408.5,6408.0
2025-09-29 06:20:00,31500,6412,6406,6407,6411,6414,6407,6409,6413,6413.0,6406.5,6408.0,6412.0
2025-09-29 06:25:00,,6417,6385,6398,6416,6418,6386,6399,6417,6417.5,6385.5,6398.5,6416.5
2025-09-29 06:30:00,531500,6412,6412,6412,6412,6418,6418,6418,6418,6415.0,6415.0,6415.0,6415.0
2025-09-30 00:00:00,85300,6441,6413,6441,6431,6442,6415,6442,6433,6441.5,6414.5,6441.5,6432.0
2025-09-30 00:05:00,23900,6437,6424,6431,6433,6438,6426,6433,6435,6437.5,6425.0,6432.0,6434.0
2025-09-30 00:10:00,20300,6454,6430,6433,6450,6455,6434,6435,6452,6454.5,6432.0,6434.0,6451.0
2025-09-30 00:15:00,23100,6461,6450,6450,6456,6462,6451,6452,6458,6461.5,6450.5,6451.0,6457.0
2025-09-30 00:20:00,19500,6469,6456,6456,6460,6470,6458,6458,6461,6469.5,6457.0,6457.0,6460.5
2025-09-30 00:25:00,7100,6466,6459,6460,6460,6467,6460,6461,6462,6466.5,6459.5,6460.5,6461.0
2025-09-30 00:30:00,14600,6466,6457,6460,6458,6468,6458,6462,6459,6467.0,6457.5,6461.0,6458.5
2025-09-30 00:35:00,12000,6467,6457,6458,6458,6468,6459,6459,6460,6467.5,6458.0,6458.5,6459.0
2025-09-30 00:40:00,7700,6463,6458,6458,6459,6464,6459,6460,6460,6463.5,6458.5,6459.0,6459.5
2025-09-30 00:45:00,8900,6460,6450,6459,6454,6461,6452,6460,6456,6460.5,6451.0,6459.5,6455.0
2025-09-30 00:50:00,10200,6456,6446,6454,6449,6458,6447,6456,6450,6457.0,6446.5,6455.0,6449.5
2025-09-30 00:55:00,7700,6453,6445,6449,6452,6455,6446,6450,6454,6454.0,6445.5,6449.5,6453.0
2025-09-30 01:00:00,11600,6459,6449,6452,6458,6462,6451,6454,6459,6460.5,6450.0,6453.0,6458.5
2025-09-30 01:05:00,9000,6458,6450,6458,6450,6460,6451,6459,6452,6459.0,6450.5,6458.5,6451.0
2025-09-30 01:10:00,8200,6462,6449,6450,6461,6464,6450,6452,6463,6463.0,6449.5,6451.0,6462.0
2025-09-30 01:15:00,16700,6470,6461,6461,6464,6472,6463,6463,6466,6471.0,6462.0,6462.0,6465.0
2025-09-30 01:20:00,8000,6475,6463,6464,6471,6477,6465,6466,6473,6476.0,6464.0,6465.0,6472.0
2025-09-30 01:25:00,5100,6474,6471,6471,6474,6476,6472,6473,6475,6475.0,6471.5,6472.0,6474.5
2025-09-30 01:30:00,6400,6475,6466,6474,6469,6476,6468,6475,6471,6475.5,6467.0,6474.5,6470.0
2025-09-30 01:35:00,5100,6471,6461,6469,6467,6473,6463,6471,6469,6472.0,6462.0,6470.0,6468.0
2025-09-30 01:40:00,5900,6472,6466,6467,6472,6474,6468,6469,6474,6473.0,6467.0,6468.0,6473.0
2025-09-30 01:45:00,7100,6474,6468,6472,6473,6475,6470,6474,6475,6474.5,6469.0,6473.0,6474.0
2025-09-30 01:50:00,4600,6474,6469,6473,6470,6475,6470,6475,6472,6474.5,6469.5,6474.0,6471.0
2025-09-30 01:55:00,4100,6472,6467,6470,6469,6474,6469,6472,6470,6473.0,6468.0,6471.0,6469.5
2025-09-30 02:00:00,14500,6478,6468,6469,6476,6480,6470,6470,6479,6479.0,6469.0,6469.5,6477.5
2025-09-30 02:05:00,4900,6478,6473,6476,6475,6480,6474,6479,6476,6479.0,6473.5,6477.5,6475.5
2025-09-30 02:10:00,4600,6477,6472,6475,6475,6478,6474,6476,6476,6477.5,6473.0,6475.5,6475.5
2025-09-30 02:15:00,7000,6477,6473,6475,6476,6479,6475,6476,6478,6478.0,6474.0,6475.5,6477.0
2025-09-30 02:20:00,4000,6480,6476,6476,6477,6481,6478,6478,6479,6480.5,6477.0,6477.0,6478.0
2025-09-30 02:25:00,5800,6479,6477,6477,6478,6481,6478,6479,6481,6480.0,6477.5,6478.0,6479.5
2025-09-30 02:30:00,6300,6478,6478,6478,6478,6482,6482,6482,6482,6480.0,6480.0,6480.0,6480.0
2025-09-30 03:30:00,19700,6486,6482,6484,6483,6488,6484,6485,6485,6487.0,6483.0,6484.5,6484.0
2025-09-30 03:35:00,9000,6487,6480,6483,6480,6488,6482,6485,6482,6487.5,6481.0,6484.0,6481.0
2025-09-30 03:40:00,4700,6482,6478,6480,6480,6483,6480,6482,6482,6482.5,6479.0,6481.0,6481.0
2025-09-30 03:45:00,7300,6485,6477,6480,6485,6487,6479,6482,6487,6486.0,6478.0,6481.0,6486.0
2025-09-30 03:50:00,4700,6488,6484,6485,6486,6489,6487,6487,6488,6488.5,6485.5,6486.0,6487.0
2025-09-30 03:55:00,6000,6487,6483,6486,6485,6488,6485,6488,6487,6487.5,6484.0,6487.0,6486.0
2025-09-30 04:00:00,5400,6486,6480,6485,6480,6487,6482,6487,6482,6486.5,6481.0,6486.0,6481.0
2025-09-30 04:05:00,6200,6488,6480,6480,6488,6490,6482,6482,6490,6489.0,6481.0,6481.0,6489.0
2025-09-30 04:10:00,11000,6493,6487,6488,6490,6495,6488,6490,6492,6494.0,6487.5,6489.0,6491.0
2025-09-30 04:15:00,7100,6490,6482,6490,6482,6492,6483,6492,6483,6491.0,6482.5,6491.0,6482.5
2025-09-30 04:20:00,6800,6492,6481,6482,6491,6493,6482,6483,6493,6492.5,6481.5,6482.5,6492.0
2025-09-30 04:25:00,6000,6492,6480,6491,6481,6494,6482,6493,6484,6493.0,6481.0,6492.0,6482.5
2025-09-30 04:30:00,11900,6487,6480,6482,6481,6489,6482,6484,6482,6488.0,6481.0,6483.0,6481.5
2025-09-30 04:35:00,4700,6488,6481,6481,6485,6489,6482,6482,6486,6488.5,6481.5,6481.5,6485.5
2025-09-30 04:40:00,3700,6486,6482,6485,6484,6488,6483,6486,6485,6487.0,6482.5,6485.5,6484.5
2025-09-30 04:45:00,9900,6486,6477,6484,6479,6487,6479,6485,6481,6486.5,6478.0,6484.5,6480.0
2025-09-30 04:50:00,6300,6479,6473,6479,6474,6481,6475,6481,6475,6480.0,6474.0,6480.0,6474.5
2025-09-30 04:55:00,6600,6474,6471,6474,6472,6475,6472,6475,6473,6474.5,6471.5,6474.5,6472.5
2025-09-30 05:00:00,8100,6474,6470,6472,6472,6476,6471,6473,6474,6475.0,6470.5,6472.5,6473.0
2025-09-30 05:05:00,7300,6474,6468,6472,6472,6475,6470,6474,6474,6474.5,6469.0,6473.0,6473.0
2025-09-30 05:10:00,3100,6473,6472,6472,6472,6475,6473,6474,6473,6474.0,6472.5,6473.0,6472.5
2025-09-30 05:15:00,6900,6472,6468,6472,6468,6474,6469,6473,6469,6473.0,6468.5,6472.5,6468.5
2025-09-30 05:20:00,4800,6470,6468,6468,6468,6472,6469,6469,6469,6471.0,6468.5,6468.5,6468.5
2025-09-30 05:25:00,5700,6470,6466,6468,6470,6472,6468,6469,6471,6471.0,6467.0,6468.5,6470.5
2025-09-30 05:30:00,4600,6471,6469,6470,6470,6472,6470,6471,6471,6471.5,6469.5,6470.5,6470.5
2025-09-30 05:35:00,6200,6473,6470,6470,6471,6474,6471,6471,6473,6473.5,6470.5,6470.5,6472.0
2025-09-30 05:40:00,10900,6477,6471,6471,6472,6478,6472,6473,6474,6477.5,6471.5,6472.0,6473.0
2025-09-30 05:45:00,6100,6477,6472,6472,6476,6479,6474,6474,6478,6478.0,6473.0,6473.0,6477.0
2025-09-30 05:50:00,10900,6481,6476,6476,6480,6482,6477,6478,6481,6481.5,6476.5,6477.0,6480.5
2025-09-30 05:55:00,10500,6480,6474,6480,6475,6482,6475,6481,6477,6481.0,6474.5,6480.5,6476.0
2025-09-30 06:00:00,17500,6475,6466,6475,6469,6477,6468,6477,6471,6476.0,6467.0,6476.0,6470.0
2025-09-30 06:05:00,7100,6472,6467,6469,6472,6474,6468,6471,6474,6473.0,6467.5,6470.0,6473.0
2025-09-30 06:10:00,13500,6475,6469,6472,6474,6477,6471,6474,6476,6476.0,6470.0,6473.0,6475.0
2025-09-30 06:15:00,15700,6483,6474,6474,6477,6484,6475,6476,6479,6483.5,6474.5,6475.0,6478.0
2025-09-30 06:20:00,25800,6483,6475,6477,6480,6485,6477,6479,6483,6484.0,6476.0,6478.0,6481.5
2025-09-30 06:25:00,,6507,6374,6400,6450,6507,6374,6401,6451,6507.0,6374.0,6400.5,6450.5
2025-09-30 06:30:00,672000,6450,6450,6450,6450,6481,6481,6481,6481,6465.5,6465.5,6465.5,6465.5
2025-10-01 00:00:00,90200,6459,6440,6444,6459,6465,6441,6445,6463,6461.5,6440.5,6444.5,6461.0
2025-10-01 00:05:00,23600,6461,6440,6459,6454,6465,6441,6463,6456,6463.0,6440.5,6461.0,6455.0
2025-10-01 00:10:00,23100,6459,6444,6455,6450,6463,6445,6456,6453,6461.0,6444.5,6455.5,6451.5
2025-10-01 00:15:00,15000,6462,6449,6449,6461,6463,6452,6453,6463,6462.5,6450.5,6451.0,6462.0
2025-10-01 00:20:00,12400,6466,6456,6461,6462,6467,6459,6463,6464,6466.5,6457.5,6462.0,6463.0
2025-10-01 00:25:00,17000,6472,6450,6462,6450,6475,6452,6464,6453,6473.5,6451.0,6463.0,6451.5
2025-10-01 00:30:00,13400,6463,6447,6450,6462,6465,6449,6453,6464,6464.0,6448.0,6451.5,6463.0
2025-10-01 00:35:00,11200,6468,6447,6463,6450,6470,6449,6464,6452,6469.0,6448.0,6463.5,6451.0
2025-10-01 00:40:00,9100,6458,6447,6450,6458,6460,6450,6452,6459,6458.5,6448.5,6451.0,6458.5
2025-10-01 00:45:00,7000,6458,6452,6458,6452,6459,6453,6459,6453,6458.5,6452.5,6458.5,6452.5
2025-10-01 00:50:00,10800,6456,6450,6452,6454,6458,6452,6453,6456,6457.0,6451.0,6452.5,6455.0
2025-10-01 00:55:00,7300,6455,6450,6454,6453,6457,6452,6456,6455,6456.0,6451.0,6455.0,6454.0
2025-10-01 01:00:00,12500,6459,6450,6453,6454,6460,6452,6455,6456,6459.5,6451.0,6454.0,6455.0
2025-10-01 01:05:00,10900,6455,6446,6454,6452,6456,6448,6456,6454,6455.5,6447.0,6455.0,6453.0
2025-10-01 01:10:00,8500,6453,6445,6452,6447,6454,6447,6454,6449,6453.5,6446.0,6453.0,6448.0
2025-10-01 01:15:00,9300,6447,6443,6447,6447,6449,6444,6449,6449,6448.0,6443.5,6448.0,6448.0
2025-10-01 01:20:00,11900,6449,6441,6447,6441,6450,6442,6449,6443,6449.5,6441.5,6448.0,6442.0
2025-10-01 01:25:00,11200,6446,6440,6441,6442,6447,6441,6443,6444,6446.5,6440.5,6442.0,6443.0
2025-10-01 01:30:00,23200,6444,6440,6442,6444,6446,6441,6444,6445,6444.5,6440.5,6443.0,6444.5
2025-10-01 01:35:00,33100,6451,6440,6444,6444,6454,6441,6445,6446,6452.5,6440.5,6444.5,6445.0
2025-10-01 01:40:00,9900,6456,6441,6444,6447,6458,6443,6446,6450,6457.0,6442.0,6445.0,6448.5
2025-10-01 01:45:00,8800,6448,6441,6447,6445,6450,6443,6450,6447,6449.0,6442.0,6448.5,6446.0
2025-10-01 01:50:00,5900,6451,6445,6445,6449,6453,6446,6447,6451,6451.5,6445.5,6446.0,6450.0
2025-10-01 01:55:00,5800,6450,6443,6449,6444,6452,6445,6452,6446,6451.0,6444.0,6450.5,6445.0
2025-10-01 02:00:00,22800,6444,6436,6444,6442,6446,6437,6446,6444,6445.0,6436.5,6445.0,6443.0
2025-10-01 02:05:00,9200,6442,6437,6442,6440,6444,6438,6444,6442,6443.0,6437.5,6443.0,6441.0
2025-10-01 02:10:00,16900,6444,6433,6440,6443,6446,6435,6441,6445,6444.5,6434.0,6440.5,6444.0
2025-10-01 02:15:00,12500,6445,6439,6443,6442,6446,6441,6445,6444,6445.5,6440.0,6444.0,6443.0
2025-10-01 02:20:00,5600,6449,6442,6442,6447,6450,6443,6444,6449,6449.5,6442.5,6443.0,6448.0
2025-10-01 02:25:00,6600,6450,6446,6447,6448,6452,6447,6449,6450,6451.0,6446.5,6448.0,6449.0
2025-10-01 02:30:00,1800,6448,6448,6448,6448,6450,6450,6450,6450,6449.0,6449.0,6449.0,6449.0
2025-10-01 03:30:00,27300,6450,6436,6443,6449,6452,6438,6444,6451,6451.0,6437.0,6443.5,6450.0
2025-10-01 03:35:00,7000,6459,6449,6449,6454,6460,6451,6451,6456,6459.5,6450.0,6450.0,6455.0
2025-10-01 03:40:00,5900,6455,6446,6454,6450,6457,6449,6456,6451,6456.0,6447.5,6455.0,6450.5
2025-10-01 03:45:00,8100,6450,6444,6450,6447,6451,6445,6451,6449,6450.5,6444.5,6450.5,6448.0
2025-10-01 03:50:00,5000,6455,6447,6447,6455,6457,6449,6449,6457,6456.0,6448.0,6448.0,6456.0
2025-10-01 03:55:00,4700,6455,6447,6455,6448,6457,6450,6457,6450,6456.0,6448.5,6456.0,6449.0
2025-10-01 04:00:00,5700,6452,6446,6448,6448,6454,6448,6450,6449,6453.0,6447.0,6449.0,6448.5
2025-10-01 04:05:00,6500,6450,6445,6448,6450,6451,6446,6449,6451,6450.5,6445.5,6448.5,6450.5
2025-10-01 04:10:00,5600,6454,6446,6450,6453,6457,6449,6451,6455,6455.5,6447.5,6450.5,6454.0
2025-10-01 04:15:00,4500,6455,6452,6453,6453,6456,6453,6454,6454,6455.5,6452.5,6453.5,6453.5
2025-10-01 04:20:00,4900,6456,6453,6453,6455,6457,6454,6454,6456,6456.5,6453.5,6453.5,6455.5
2025-10-01 04:25:00,6500,6459,6455,6455,6459,6460,6456,6456,6460,6459.5,6455.5,6455.5,6459.5
2025-10-01 04:30:00,5500,6458,6454,6458,6455,6460,6456,6460,6456,6459.0,6455.0,6459.0,6455.5
2025-10-01 04:35:00,3700,6457,6453,6455,6455,6459,6455,6456,6457,6457.5,6454.0,6455.5,6456.0
2025-10-01 04:40:00,4800,6457,6452,6455,6455,6458,6454,6457,6457,6457.5,6453.0,6456.0,6456.0
2025-10-01 04:45:00,5800,6463,6455,6455,6461,6464,6456,6457,6463,6463.5,6455.5,6456.0,6462.0
2025-10-01 04:50:00,6100,6461,6453,6461,6457,6463,6455,6463,6458,6462.0,6454.0,6462.0,6457.5
2025-10-01 04:55:00,3200,6458,6453,6457,6458,6460,6454,6458,6460,6459.0,6453.5,6457.5,6459.0
2025-10-01 05:00:00,7200,6460,6453,6458,6459,6461,6454,6460,6461,6460.5,6453.5,6459.0,6460.0
2025-10-01 05:05:00,4200,6460,6455,6459,6456,6461,6456,6461,6458,6460.5,6455.5,6460.0,6457.0
2025-10-01 05:10:00,3600,6461,6456,6456,6457,6463,6458,6458,6458,6461.5,6457.0,6457.0,6457.5
2025-10-01 05:15:00,32400,6457,6445,6457,6449,6458,6447,6458,6452,6457.5,6446.0,6457.5,6450.5
2025-10-01 05:20:00,5200,6451,6449,6449,6450,6453,6450,6452,6451,6452.0,6449.5,6450.5,6450.5
2025-10-01 05:25:00,12800,6452,6446,6450,6452,6454,6449,6451,6454,6453.0,6447.5,6450.5,6453.0
2025-10-01 05:30:00,6700,6452,6448,6452,6450,6454,6450,6454,6451,6453.0,6449.0,6453.0,6450.5
2025-10-01 05:35:00,10900,6454,6447,6450,6450,6455,6449,6451,6452,6454.5,6448.0,6450.5,6451.0
2025-10-01 05:40:00,5200,6456,6450,6450,6453,6457,6451,6452,6454,6456.5,6450.5,6451.0,6453.5
2025-10-01 05:45:00,9600,6460,6453,6453,6458,6461,6454,6454,6460,6460.5,6453.5,6453.5,6459.0
2025-10-01 05:50:00,4700,6461,6456,6458,6461,6462,6457,6460,6462,6461.5,6456.5,6459.0,6461.5
2025-10-01 05:55:00,12000,6461,6455,6461,6458,6462,6456,6462,6460,6461.5,6455.5,6461.5,6459.0
2025-10-01 06:00:00,8500,6461,6456,6458,6461,6462,6458,6460,6462,6461.5,6457.0,6459.0,6461.5
2025-10-01 06:05:00,12300,6466,6460,6461,6465,6467,6461,6462,6466,6466.5,6460.5,6461.5,6465.5
2025-10-01 06:10:00,8900,6465,6460,6465,6462,6467,6461,6466,6464,6466.0,6460.5,6465.5,6463.0
2025-10-01 06:15:00,17300,6466,6457,6462,6461,6467,6459,6464,6462,6466.5,6458.0,6463.0,6461.5
2025-10-01 06:20:00,17100,6462,6449,6461,6450,6464,6450,6463,6453,6462.5,6449.5,6462.0,6451.5
2025-10-01 06:25:00,,6468,6410,6434,6440,6469,6411,6435,6441,6468.5,6410.5,6434.5,6440.5
2025-10-01 06:30:00,478400,6439,6439,6439,6439,6453,6453,6453,6453,6446.0,6446.0,6446.0,6446.0
2025-10-02 00:00:00,135100,6441,6412,6430,6412,6449,6414,6431,6416,6444.5,6413.0,6430.5,6414.0
2025-10-02 00:05:00,81000,6418,6392,6412,6392,6421,6394,6416,6395,6419.0,6393.0,6414.0,6393.5
2025-10-02 00:10:00,56100,6403,6383,6392,6401,6404,6384,6395,6403,6403.5,6383.5,6393.5,6402.0
2025-10-02 00:15:00,20000,6411,6398,6401,6402,6414,6400,6403,6404,6412.5,6399.0,6402.0,6403.0
2025-10-02 00:20:00,44300,6403,6378,6402,6379,6406,6380,6404,6381,6404.5,6379.0,6403.0,6380.0
2025-10-02 00:25:00,21700,6382,6371,6379,6374,6385,6372,6381,6376,6383.5,6371.5,6380.0,6375.0
2025-10-02 00:30:00,34100,6374,6363,6374,6364,6376,6364,6376,6366,6375.0,6363.5,6375.0,6365.0
2025-10-02 00:35:00,19300,6367,6362,6364,6365,6370,6363,6366,6366,6368.5,6362.5,6365.0,6365.5
2025-10-02 00:40:00,29700,6372,6358,6365,6365,6374,6359,6366,6367,6373.0,6358.5,6365.5,6366.0
2025-10-02 00:45:00,22500,6375,6365,6365,6368,6379,6366,6367,6370,6377.0,6365.5,6366.0,6369.0
2025-10-02 00:50:00,8300,6375,6367,6368,6375,6377,6369,6370,6377,6376.0,6368.0,6369.0,6376.0
2025-10-02 00:55:00,12300,6388,6375,6375,6385,6390,6376,6377,6387,6388.5,6375.5,6376.0,6386.0
2025-10-02 01:00:00,18600,6392,6381,6385,6381,6395,6382,6387,6383,6393.5,6381.5,6386.0,6382.0
2025-10-02 01:05:00,16800,6384,6377,6381,6384,6386,6379,6383,6385,6385.0,6378.0,6382.0,6384.5
2025-10-02 01:10:00,9400,6384,6379,6383,6383,6385,6381,6385,6384,6384.5,6380.0,6384.0,6383.5
2025-10-02 01:15:00,7200,6386,6380,6383,6386,6387,6381,6384,6387,6386.5,6380.5,6383.5,6386.5
2025-10-02 01:20:00,10400,6390,6383,6386,6384,6392,6384,6387,6385,6391.0,6383.5,6386.5,6384.5
2025-10-02 01:25:00,18800,6385,6371,6384,6371,6386,6372,6385,6372,6385.5,6371.5,6384.5,6371.5
2025-10-02 01:30:00,20200,6376,6365,6371,6365,6377,6366,6372,6367,6376.5,6365.5,6371.5,6366.0
2025-10-02 01:35:00,9200,6369,6365,6365,6367,6372,6366,6367,6369,6370.5,6365.5,6366.0,6368.0
2025-10-02 01:40:00,6100,6374,6365,6367,6372,6376,6367,6369,6374,6375.0,6366.0,6368.0,6373.0
2025-10-02 01:45:00,19400,6373,6362,6372,6368,6374,6364,6374,6370,6373.5,6363.0,6373.0,6369.0
2025-10-02 01:50:00,13800,6382,6366,6368,6381,6383,6368,6370,6383,6382.5,6367.0,6369.0,6382.0
2025-10-02 01:55:00,3600,6382,6378,6381,6378,6383,6380,6383,6380,6382.5,6379.0,6382.0,6379.0
2025-10-02 02:00:00,6800,6385,6378,6378,6385,6387,6379,6380,6386,6386.0,6378.5,6379.0,6385.5
2025-10-02 02:05:00,7100,6387,6381,6385,6381,6389,6382,6386,6383,6388.0,6381.5,6385.5,6382.0
2025-10-02 02:10:00,8900,6382,6374,6381,6375,6383,6376,6383,6377,6382.5,6375.0,6382.0,6376.0
2025-10-02 02:15:00,13300,6375,6368,6375,6372,6377,6370,6377,6373,6376.0,6369.0,6376.0,6372.5
2025-10-02 02:20:00,6200,6376,6370,6372,6372,6378,6372,6373,6374,6377.0,6371.0,6372.5,6373.0
2025-10-02 02:25:00,4500,6374,6371,6372,6373,6376,6373,6374,6375,6375.0,6372.0,6373.0,6374.0
2025-10-02 02:30:00,4700,6372,6372,6372,6372,6375,6375,6375,6375,6373.5,6373.5,6373.5,6373.5
2025-10-02 03:30:00,51400,6376,6358,6372,6358,6377,6359,6373,6361,6376.5,6358.5,6372.5,6359.5
2025-10-02 03:35:00,7500,6365,6358,6358,6365,6367,6360,6361,6366,6366.0,6359.0,6359.5,6365.5
2025-10-02 03:40:00,7600,6366,6360,6365,6360,6368,6361,6366,6361,6367.0,6360.5,6365.5,6360.5
2025-10-02 03:45:00,5400,6367,6360,6360,6361,6369,6361,6361,6362,6368.0,6360.5,6360.5,6361.5
2025-10-02 03:50:00,19900,6361,6351,6361,6351,6363,6352,6362,6353,6362.0,6351.5,6361.5,6352.0
2025-10-02 03:55:00,5000,6368,6351,6351,6367,6370,6353,6353,6370,6369.0,6352.0,6352.0,6368.5
2025-10-02 04:00:00,9600,6372,6364,6367,6364,6374,6365,6370,6366,6373.0,6364.5,6368.5,6365.0
2025-10-02 04:05:00,14700,6367,6359,6364,6367,6370,6360,6366,6370,6368.5,6359.5,6365.0,6368.5
2025-10-02 04:10:00,6200,6372,6367,6367,6370,6373,6369,6370,6371,6372.5,6368.0,6368.5,6370.5
2025-10-02 04:15:00,7900,6371,6364,6370,6365,6373,6365,6371,6367,6372.0,6364.5,6370.5,6366.0
2025-10-02 04:20:00,4100,6368,6364,6365,6368,6369,6365,6367,6369,6368.5,6364.5,6366.0,6368.5
2025-10-02 04:25:00,15500,6371,6366,6368,6367,6373,6367,6369,6369,6372.0,6366.5,6368.5,6368.0
2025-10-02 04:30:00,7900,6371,6367,6367,6368,6373,6369,6369,6369,6372.0,6368.0,6368.0,6368.5
2025-10-02 04:35:00,9900,6368,6364,6368,6365,6369,6365,6369,6367,6368.5,6364.5,6368.5,6366.0
2025-10-02 04:40:00,12700,6367,6360,6365,6362,6368,6362,6367,6364,6367.5,6361.0,6366.0,6363.0
2025-10-02 04:45:00,9300,6366,6361,6362,6362,6369,6362,6364,6363,6367.5,6361.5,6363.0,6362.5
2025-10-02 04:50:00,7000,6363,6360,6362,6363,6365,6361,6363,6364,6364.0,6360.5,6362.5,6363.5
2025-10-02 04:55:00,13300,6365,6359,6363,6359,6367,6360,6364,6360,6366.0,6359.5,6363.5,6359.5
2025-10-02 05:00:00,14500,6360,6355,6359,6359,6361,6356,6360,6361,6360.5,6355.5,6359.5,6360.0
2025-10-02 05:05:00,6600,6360,6356,6359,6358,6361,6357,6361,6359,6360.5,6356.5,6360.0,6358.5
2025-10-02 05:10:00,16800,6358,6353,6358,6353,6359,6354,6359,6354,6358.5,6353.5,6358.5,6353.5
2025-10-02 05:15:00,44800,6353,6347,6353,6348,6354,6349,6354,6349,6353.5,6348.0,6353.5,6348.5
2025-10-02 05:20:00,14800,6348,6342,6348,6346,6349,6343,6349,6347,6348.5,6342.5,6348.5,6346.5
2025-10-02 05:25:00,6000,6346,6343,6346,6345,6347,6344,6347,6346,6346.5,6343.5,6346.5,6345.5
2025-10-02 05:30:00,14500,6349,6344,6345,6344,6350,6345,6346,6346,6349.5,6344.5,6345.5,6345.0
2025-10-02 05:35:00,10000,6346,6344,6344,6344,6347,6345,6346,6345,6346.5,6344.5,6345.0,6344.5
2025-10-02 05:40:00,9400,6346,6343,6344,6344,6347,6344,6345,6345,6346.5,6343.5,6344.5,6344.5
2025-10-02 05:45:00,13100,6345,6342,6344,6343,6347,6343,6345,6344,6346.0,6342.5,6344.5,6343.5
2025-10-02 05:50:00,17700,6343,6341,6343,6343,6345,6342,6344,6344,6344.0,6341.5,6343.5,6343.5
2025-10-02 05:55:00,16400,6343,6337,6343,6337,6344,6338,6344,6338,6343.5,6337.5,6343.5,6337.5
2025-10-02 06:00:00,36300,6337,6330,6337,6334,6338,6331,6338,6335,6337.5,6330.5,6337.5,6334.5
2025-10-02 06:05:00,21500,6337,6328,6334,6331,6338,6329,6335,6333,6337.5,6328.5,6334.5,6332.0
2025-10-02 06:10:00,14400,6334,6329,6331,6329,6335,6330,6333,6330,6334.5,6329.5,6332.0,6329.5
2025-10-02 06:15:00,23400,6329,6322,6329,6322,6330,6323,6330,6323,6329.5,6322.5,6329.5,6322.5
2025-10-02 06:20:00,46400,6330,6320,6322,6323,6331,6321,6323,6325,6330.5,6320.5,6322.5,6324.0
2025-10-02 06:25:00,,6427,6268,6300,6339,6427,6269,6301,6340,6427.0,6268.5,6300.5,6339.5
2025-10-02 06:30:00,590400,6339,6339,6339,6339,6340,6340,6340,6340,6339.5,6339.5,6339.5,6339.5
2025-10-03 00:00:00,81400,6345,6320,6332,6333,6348,6321,6333,6336,6346.5,6320.5,6332.5,6334.5
2025-10-03 00:05:00,30000,6353,6332,6333,6352,6357,6334,6336,6355,6354.5,6333.0,6334.5,6353.5
2025-10-03 00:10:00,9500,6358,6343,6352,6344,6360,6346,6355,6346,6359.0,6344.5,6353.5,6345.0
2025-10-03 00:15:00,15400,6344,6336,6344,6341,6346,6337,6346,6343,6345.0,6336.5,6345.0,6342.0
2025-10-03 00:20:00,16800,6345,6336,6341,6342,6348,6338,6343,6343,6346.5,6337.0,6342.0,6342.5
2025-10-03 00:25:00,9300,6343,6336,6342,6337,6345,6338,6343,6338,6344.0,6337.0,6342.5,6337.5
2025-10-03 00:30:00,9300,6343,6337,6337,6340,6345,6338,6338,6342,6344.0,6337.5,6337.5,6341.0
2025-10-03 00:35:00,22800,6352,6340,6340,6340,6355,6342,6342,6342,6353.5,6341.0,6341.0,6341.0
2025-10-03 00:40:00,11200,6341,6337,6340,6340,6343,6338,6342,6342,6342.0,6337.5,6341.0,6341.0
2025-10-03 00:45:00,12100,6344,6335,6340,6344,6347,6337,6342,6345,6345.5,6336.0,6341.0,6344.5
2025-10-03 00:50:00,7300,6345,6340,6344,6342,6347,6341,6345,6344,6346.0,6340.5,6344.5,6343.0
2025-10-03 00:55:00,7000,6350,6342,6342,6347,6352,6343,6344,6349,6351.0,6342.5,6343.0,6348.0
2025-10-03 01:00:00,8900,6349,6340,6347,6341,6352,6342,6349,6342,6350.5,6341.5,6348.0,6341.5
2025-10-03 01:05:00,13800,6345,6334,6341,6334,6347,6335,6342,6335,6346.0,6334.5,6341.5,6334.5
2025-10-03 01:10:00,7100,6341,6334,6334,6338,6343,6335,6335,6339,6342.0,6334.5,6334.5,6338.5
2025-10-03 01:15:00,10100,6348,6335,6338,6345,6350,6337,6339,6346,6349.0,6336.0,6338.5,6345.5
2025-10-03 01:20:00,9900,6345,6340,6345,6342,6347,6341,6346,6343,6346.0,6340.5,6345.5,6342.5
2025-10-03 01:25:00,10800,6343,6338,6342,6340,6345,6339,6343,6342,6344.0,6338.5,6342.5,6341.0
2025-10-03 01:30:00,8700,6342,6339,6340,6342,6344,6340,6342,6344,6343.0,6339.5,6341.0,6343.0
2025-10-03 01:35:00,11900,6348,6340,6342,6346,6349,6342,6344,6348,6348.5,6341.0,6343.0,6347.0
2025-10-03 01:40:00,5600,6349,6343,6346,6345,6350,6344,6348,6346,6349.5,6343.5,6347.0,6345.5
2025-10-03 01:45:00,6100,6348,6341,6345,6343,6350,6343,6346,6345,6349.0,6342.0,6345.5,6344.0
2025-10-03 01:50:00,9700,6346,6339,6343,6346,6349,6340,6345,6347,6347.5,6339.5,6344.0,6346.5
2025-10-03 01:55:00,5400,6346,6341,6346,6343,6347,6342,6347,6344,6346.5,6341.5,6346.5,6343.5
2025-10-03 02:00:00,7500,6354,6342,6343,6352,6356,6343,6344,6353,6355.0,6342.5,6343.5,6352.5
2025-10-03 02:05:00,9400,6354,6349,6352,6353,6355,6350,6353,6355,6354.5,6349.5,6352.5,6354.0
2025-10-03 02:10:00,6700,6353,6344,6353,6345,6355,6345,6355,6348,6354.0,6344.5,6354.0,6346.5
2025-10-03 02:15:00,5700,6349,6343,6345,6343,6351,6345,6348,6346,6350.0,6344.0,6346.5,6344.5
2025-10-03 02:20:00,11800,6344,6339,6343,6339,6346,6340,6346,6341,6345.0,6339.5,6344.5,6340.0
2025-10-03 02:25:00,20100,6344,6337,6339,6339,6345,6338,6341,6341,6344.5,6337.5,6340.0,6340.0
2025-10-03 02:30:00,1400,6338,6338,6338,6338,6341,6341,6341,6341,6339.5,6339.5,6339.5,6339.5
2025-10-03 03:30:00,30900,6349,6336,6337,6349,6351,6337,6338,6351,6350.0,6336.5,6337.5,6350.0
2025-10-03 03:35:00,8300,6353,6349,6349,6352,6354,6350,6351,6353,6353.5,6349.5,6350.0,6352.5
2025-10-03 03:40:00,6200,6352,6342,6352,6342,6354,6343,6353,6343,6353.0,6342.5,6352.5,6342.5
2025-10-03 03:45:00,8100,6343,6337,6342,6337,6344,6339,6343,6339,6343.5,6338.0,6342.5,6338.0
2025-10-03 03:50:00,9800,6341,6336,6337,6341,6343,6337,6339,6343,6342.0,6336.5,6338.0,6342.0
2025-10-03 03:55:00,9400,6344,6341,6341,6341,6345,6342,6343,6342,6344.5,6341.5,6342.0,6341.5
2025-10-03 04:00:00,13800,6342,6339,6341,6342,6344,6340,6342,6343,6343.0,6339.5,6341.5,6342.5
2025-10-03 04:05:00,6000,6343,6340,6342,6341,6344,6341,6343,6342,6343.5,6340.5,6342.5,6341.5
2025-10-03 04:10:00,12900,6341,6336,6341,6336,6342,6337,6342,6337,6341.5,6336.5,6341.5,6336.5
2025-10-03 04:15:00,10000,6338,6335,6336,6336,6339,6336,6337,6338,6338.5,6335.5,6336.5,6337.0
2025-10-03 04:20:00,12700,6342,6336,6336,6340,6343,6338,6338,6342,6342.5,6337.0,6337.0,6341.0
2025-10-03 04:25:00,20800,6340,6335,6340,6339,6342,6337,6342,6340,6341.0,6336.0,6341.0,6339.5
2025-10-03 04:30:00,16000,6340,6338,6339,6338,6341,6339,6340,6340,6340.5,6338.5,6339.5,6339.0
2025-10-03 04:35:00,14200,6341,6337,6338,6337,6342,6338,6340,6339,6341.5,6337.5,6339.0,6338.0
2025-10-03 04:40:00,31600,6338,6328,6337,6331,6339,6329,6339,6332,6338.5,6328.5,6338.0,6331.5
2025-10-03 04:45:00,14200,6334,6328,6331,6328,6335,6329,6332,6329,6334.5,6328.5,6331.5,6328.5
2025-10-03 04:50:00,13100,6329,6327,6328,6328,6331,6328,6329,6329,6330.0,6327.5,6328.5,6328.5
2025-10-03 04:55:00,11800,6328,6326,6328,6327,6330,6327,6329,6328,6329.0,6326.5,6328.5,6327.5
2025-10-03 05:00:00,31700,6327,6321,6327,6323,6328,6322,6328,6325,6327.5,6321.5,6327.5,6324.0
2025-10-03 05:05:00,8700,6324,6320,6323,6320,6325,6321,6325,6322,6324.5,6320.5,6324.0,6321.0
2025-10-03 05:10:00,28800,6321,6312,6320,6314,6322,6313,6322,6315,6321.5,6312.5,6321.0,6314.5
2025-10-03 05:15:00,12100,6317,6312,6314,6317,6319,6313,6315,6319,6318.0,6312.5,6314.5,6318.0
2025-10-03 05:20:00,9000,6320,6317,6317,6319,6321,6319,6319,6321,6320.5,6318.0,6318.0,6320.0
2025-10-03 05:25:00,8200,6320,6317,6319,6317,6321,6318,6321,6318,6320.5,6317.5,6320.0,6317.5
2025-10-03 05:30:00,13900,6320,6317,6317,6320,6321,6318,6318,6321,6320.5,6317.5,6317.5,6320.5
2025-10-03 05:35:00,16400,6323,6314,6320,6314,6324,6315,6321,6315,6323.5,6314.5,6320.5,6314.5
2025-10-03 05:40:00,16300,6314,6311,6314,6311,6315,6312,6315,6312,6314.5,6311.5,6314.5,6311.5
2025-10-03 05:45:00,11800,6314,6311,6311,6313,6315,6312,6312,6314,6314.5,6311.5,6311.5,6313.5
2025-10-03 05:50:00,9000,6315,6313,6313,6314,6316,6314,6314,6315,6315.5,6313.5,6313.5,6314.5
2025-10-03 05:55:00,13100,6315,6310,6314,6310,6316,6311,6315,6312,6315.5,6310.5,6314.5,6311.0
2025-10-03 06:00:00,21400,6317,6310,6310,6310,6318,6311,6312,6312,6317.5,6310.5,6311.0,6311.0
2025-10-03 06:05:00,27700,6310,6306,6310,6308,6312,6308,6312,6309,6311.0,6307.0,6311.0,6308.5
2025-10-03 06:10:00,19800,6318,6308,6308,6316,6319,6309,6309,6318,6318.5,6308.5,6308.5,6317.0
2025-10-03 06:15:00,18100,6324,6316,6316,6323,6325,6317,6318,6324,6324.5,6316.5,6317.0,6323.5
2025-10-03 06:20:00,34600,6324,6315,6323,6317,6325,6317,6324,6319,6324.5,6316.0,6323.5,6318.0
2025-10-03 06:25:00,,6309,5340,6302,6309,6310,5340,6302,6310,6309.5,5340.0,6302.0,6309.5
2025-10-03 06:30:00,670300,6309,6309,6309,6309,6320,6320,6320,6320,6314.5,6314.5,6314.5,6314.5
2025-10-06 00:00:00,132900,6418,6367,6380,6378,6419,6370,6381,6382,6418.5,6368.5,6380.5,6380.0
2025-10-06 00:05:00,43300,6394,6363,6378,6375,6397,6368,6382,6379,6395.5,6366.0,6380.0,6377.0
2025-10-06 00:10:00,38500,6394,6370,6375,6388,6396,6372,6379,6392,6394.5,6371.0,6377.0,6390.0
2025-10-06 00:15:00,31100,6391,6363,6388,6365,6394,6365,6392,6368,6391.5,6364.0,6390.0,6366.5
2025-10-06 00:20:00,30600,6370,6354,6365,6354,6373,6356,6368,6356,6371.5,6355.0,6366.5,6355.0
2025-10-06 00:25:00,43500,6358,6330,6354,6337,6360,6332,6356,6339,6359.0,6331.0,6355.0,6338.0
2025-10-06 00:30:00,17600,6350,6337,6337,6344,6351,6339,6339,6346,6350.5,6338.0,6338.0,6345.0
2025-10-06 00:35:00,31500,6349,6330,6344,6333,6352,6331,6346,6334,6350.5,6330.5,6345.0,6333.5
2025-10-06 00:40:00,39600,6338,6321,6333,6338,6340,6323,6335,6339,6339.0,6322.5,6334.0,6338.5
2025-10-06 00:45:00,30100,6338,6315,6338,6320,6339,6316,6339,6321,6338.5,6315.5,6338.5,6320.5
2025-10-06 00:50:00,25200,6324,6312,6320,6316,6327,6313,6321,6318,6325.5,6312.5,6320.5,6317.0
2025-10-06 00:55:00,22100,6321,6312,6316,6312,6322,6313,6318,6314,6321.5,6312.5,6317.0,6313.0
2025-10-06 01:00:00,56900,6315,6303,6312,6310,6316,6304,6314,6311,6315.5,6303.5,6313.0,6310.5
2025-10-06 01:05:00,25200,6320,6306,6310,6307,6321,6307,6311,6308,6320.5,6306.5,6310.5,6307.5
2025-10-06 01:10:00,13600,6315,6307,6307,6308,6317,6308,6308,6309,6316.0,6307.5,6307.5,6308.5
2025-10-06 01:15:00,98600,6310,6295,6308,6304,6312,6297,6309,6306,6311.0,6296.0,6308.5,6305.0
2025-10-06 01:20:00,57900,6307,6285,6303,6285,6308,6286,6306,6286,6307.5,6285.5,6304.5,6285.5
2025-10-06 01:25:00,38900,6297,6284,6285,6294,6298,6285,6286,6295,6297.5,6284.5,6285.5,6294.5
2025-10-06 01:30:00,34200,6307,6294,6294,6304,6308,6295,6295,6306,6307.5,6294.5,6294.5,6305.0
2025-10-06 01:35:00,15200,6309,6300,6304,6309,6310,6301,6306,6310,6309.5,6300.5,6305.0,6309.5
2025-10-06 01:40:00,26600,6311,6304,6309,6308,6312,6305,6310,6309,6311.5,6304.5,6309.5,6308.5
2025-10-06 01:45:00,17100,6315,6306,6308,6307,6316,6308,6309,6308,6315.5,6307.0,6308.5,6307.5
2025-10-06 01:50:00,18900,6311,6305,6307,6310,6313,6306,6308,6311,6312.0,6305.5,6307.5,6310.5
2025-10-06 01:55:00,25500,6310,6303,6310,6307,6311,6305,6311,6308,6310.5,6304.0,6310.5,6307.5
2025-10-06 02:00:00,27700,6308,6297,6307,6305,6309,6298,6308,6306,6308.5,6297.5,6307.5,6305.5
2025-10-06 02:05:00,15600,6320,6304,6305,6317,6321,6306,6306,6319,6320.5,6305.0,6305.5,6318.0
2025-10-06 02:10:00,16200,6328,6317,6317,6326,6329,6319,6319,6328,6328.5,6318.0,6318.0,6327.0
2025-10-06 02:15:00,12300,6329,6323,6326,6326,6330,6324,6328,6328,6329.5,6323.5,6327.0,6327.0
2025-10-06 02:20:00,9300,6328,6322,6326,6325,6330,6324,6328,6327,6329.0,6323.0,6327.0,6326.0
2025-10-06 02:25:00,11300,6330,6324,6325,6324,6332,6326,6327,6328,6331.0,6325.0,6326.0,6326.0
2025-10-06 02:30:00,2300,6323,6323,6323,6323,6328,6328,6328,6328,6325.5,6325.5,6325.5,6325.5
2025-10-06 03:30:00,50800,6328,6315,6321,6322,6330,6317,6322,6323,6328.5,6316.0,6321.5,6322.5
2025-10-06 03:35:00,33200,6322,6308,6322,6310,6324,6309,6323,6312,6323.0,6308.5,6322.5,6311.0
2025-10-06 03:40:00,21100,6317,6307,6310,6313,6319,6308,6312,6315,6317.5,6307.5,6311.0,6314.0
2025-10-06 03:45:00,15800,6323,6313,6313,6323,6324,6315,6315,6324,6323.5,6314.0,6314.0,6323.5
2025-10-06 03:50:00,20800,6328,6321,6323,6326,6329,6322,6324,6327,6328.5,6321.5,6323.5,6326.5
2025-10-06 03:55:00,17800,6330,6324,6326,6324,6331,6325,6327,6326,6330.5,6324.5,6326.5,6325.0
2025-10-06 04:00:00,18700,6325,6315,6324,6315,6326,6317,6326,6317,6325.5,6316.0,6325.0,6316.0
2025-10-06 04:05:00,22100,6324,6315,6315,6323,6325,6317,6317,6324,6324.5,6316.0,6316.0,6323.5
2025-10-06 04:10:00,21300,6330,6322,6323,6330,6332,6324,6324,6331,6331.0,6323.0,6323.5,6330.5
2025-10-06 04:15:00,13400,6332,6328,6330,6331,6334,6329,6331,6332,6333.0,6328.5,6330.5,6331.5
2025-10-06 04:20:00,10200,6332,6329,6331,6331,6334,6330,6332,6332,6333.0,6329.5,6331.5,6331.5
2025-10-06 04:25:00,13200,6333,6326,6330,6332,6334,6327,6332,6333,6333.5,6326.5,6331.0,6332.5
2025-10-06 04:30:00,19500,6337,6330,6332,6330,6338,6331,6333,6331,6337.5,6330.5,6332.5,6330.5
2025-10-06 04:35:00,28000,6348,6329,6330,6348,6350,6330,6331,6350,6349.0,6329.5,6330.5,6349.0
2025-10-06 04:40:00,8900,6349,6341,6348,6341,6350,6343,6350,6343,6349.5,6342.0,6349.0,6342.0
2025-10-06 04:45:00,6700,6344,6340,6341,6343,6346,6342,6343,6345,6345.0,6341.0,6342.0,6344.0
2025-10-06 04:50:00,10600,6345,6342,6343,6343,6347,6343,6345,6345,6346.0,6342.5,6344.0,6344.0
2025-10-06 04:55:00,12100,6346,6341,6343,6343,6347,6343,6345,6345,6346.5,6342.5,6344.0,6344.0
2025-10-06 05:00:00,11000,6344,6338,6343,6338,6346,6340,6345,6340,6345.0,6339.0,6344.0,6339.0
2025-10-06 05:05:00,11200,6343,6336,6338,6340,6345,6337,6340,6342,6344.0,6336.5,6339.0,6341.0
2025-10-06 05:10:00,14300,6341,6336,6340,6336,6342,6337,6342,6338,6341.5,6336.5,6341.0,6337.0
2025-10-06 05:15:00,14700,6342,6334,6336,6340,6343,6335,6338,6341,6342.5,6334.5,6337.0,6340.5
2025-10-06 05:20:00,12900,6348,6339,6340,6348,6349,6340,6341,6349,6348.5,6339.5,6340.5,6348.5
2025-10-06 05:25:00,15300,6350,6345,6347,6348,6351,6346,6349,6350,6350.5,6345.5,6348.0,6349.0
2025-10-06 05:30:00,14800,6352,6347,6348,6349,6353,6349,6350,6350,6352.5,6348.0,6349.0,6349.5
2025-10-06 05:35:00,31900,6354,6347,6349,6354,6356,6349,6350,6356,6355.0,6348.0,6349.5,6355.0
2025-10-06 05:40:00,34600,6360,6350,6354,6360,6362,6353,6356,6362,6361.0,6351.5,6355.0,6361.0
2025-10-06 05:45:00,14800,6364,6359,6360,6361,6365,6361,6362,6363,6364.5,6360.5,6361.0,6362.0
2025-10-06 05:50:00,16800,6367,6356,6362,6357,6368,6358,6363,6359,6367.5,6357.0,6362.5,6358.0
2025-10-06 05:55:00,29500,6364,6353,6357,6354,6365,6355,6358,6355,6364.5,6354.5,6357.5,6354.5
2025-10-06 06:00:00,32100,6356,6344,6354,6344,6358,6345,6355,6345,6356.5,6344.5,6354.5,6344.5
2025-10-06 06:05:00,24500,6350,6338,6344,6339,6351,6339,6345,6340,6350.5,6338.5,6344.5,6339.5
2025-10-06 06:10:00,48000,6352,6338,6339,6351,6353,6340,6340,6353,6352.5,6339.0,6339.5,6352.0
2025-10-06 06:15:00,25800,6352,6336,6351,6337,6353,6337,6352,6339,6352.5,6336.5,6351.5,6338.0
2025-10-06 06:20:00,58800,6347,6330,6337,6331,6348,6332,6339,6334,6347.5,6331.5,6338.0,6332.5
2025-10-06 06:25:00,,6344,6250,6315,6340,6345,6251,6316,6341,6344.5,6250.5,6315.5,6340.5
2025-10-06 06:30:00,722900,6334,6334,6334,6334,6341,6341,6341,6341,6337.5,6337.5,6337.5,6337.5
2025-10-07 00:00:00,261400,6310,6277,6310,6286,6327,6280,6311,6289,6314.5,6278.5,6310.5,6287.5
2025-10-07 00:05:00,42100,6298,6284,6286,6288,6299,6286,6289,6290,6298.5,6285.0,6287.5,6289.0
2025-10-07 00:10:00,50400,6296,6284,6288,6288,6298,6286,6290,6290,6297.0,6285.0,6289.0,6289.0
2025-10-07 00:15:00,34500,6295,6285,6288,6295,6297,6286,6290,6297,6296.0,6285.5,6289.0,6296.0
2025-10-07 00:20:00,31000,6299,6292,6295,6295,6300,6294,6297,6296,6299.5,6293.0,6296.0,6295.5
2025-10-07 00:25:00,28100,6298,6290,6295,6296,6299,6291,6296,6298,6298.5,6290.5,6295.5,6297.0
2025-10-07 00:30:00,69300,6297,6284,6296,6291,6299,6286,6298,6293,6297.5,6285.0,6297.0,6292.0
2025-10-07 00:35:00,26900,6301,6290,6291,6300,6302,6291,6293,6302,6301.5,6290.5,6292.0,6301.0
2025-10-07 00:40:00,40100,6302,6298,6300,6298,6303,6299,6302,6299,6302.5,6298.5,6301.0,6298.5
2025-10-07 00:45:00,24700,6298,6291,6298,6292,6299,6292,6299,6294,6298.5,6291.5,6298.5,6293.0
2025-10-07 00:50:00,21600,6298,6290,6292,6292,6299,6291,6294,6293,6298.5,6290.5,6293.0,6292.5
2025-10-07 00:55:00,10200,6297,6290,6292,6296,6299,6292,6293,6297,6298.0,6291.0,6292.5,6296.5
2025-10-07 01:00:00,48600,6296,6285,6296,6289,6297,6286,6297,6291,6296.5,6285.5,6296.5,6290.0
2025-10-07 01:05:00,39600,6292,6286,6289,6289,6294,6287,6291,6291,6293.0,6286.5,6290.0,6290.0
2025-10-07 01:10:00,22600,6294,6287,6289,6289,6295,6289,6291,6290,6294.5,6288.0,6290.0,6289.5
2025-10-07 01:15:00,43400,6289,6282,6289,6283,6291,6283,6290,6284,6289.5,6282.5,6289.5,6283.5
2025-10-07 01:20:00,19100,6293,6283,6283,6291,6294,6284,6284,6292,6293.5,6283.5,6283.5,6291.5
2025-10-07 01:25:00,25200,6302,6291,6291,6302,6304,6292,6292,6304,6303.0,6291.5,6291.5,6303.0
2025-10-07 01:30:00,7900,6304,6300,6302,6301,6305,6301,6304,6302,6304.5,6300.5,6303.0,6301.5
2025-10-07 01:35:00,35700,6305,6299,6301,6303,6306,6300,6302,6305,6305.5,6299.5,6301.5,6304.0
2025-10-07 01:40:00,18700,6310,6303,6303,6308,6311,6304,6305,6309,6310.5,6303.5,6304.0,6308.5
2025-10-07 01:45:00,21500,6312,6305,6308,6306,6314,6306,6309,6307,6313.0,6305.5,6308.5,6306.5
2025-10-07 01:50:00,10200,6308,6303,6306,6304,6309,6304,6307,6305,6308.5,6303.5,6306.5,6304.5
2025-10-07 01:55:00,13900,6306,6302,6304,6306,6307,6304,6305,6307,6306.5,6303.0,6304.5,6306.5
2025-10-07 02:00:00,13600,6307,6300,6306,6302,6308,6301,6307,6304,6307.5,6300.5,6306.5,6303.0
2025-10-07 02:05:00,13200,6307,6301,6303,6306,6308,6302,6304,6308,6307.5,6301.5,6303.5,6307.0
2025-10-07 02:10:00,6300,6308,6305,6306,6305,6310,6306,6308,6307,6309.0,6305.5,6307.0,6306.0
2025-10-07 02:15:00,9300,6307,6304,6305,6304,6309,6305,6307,6305,6308.0,6304.5,6306.0,6304.5
2025-10-07 02:20:00,7200,6304,6300,6304,6300,6306,6301,6305,6301,6305.0,6300.5,6304.5,6300.5
2025-10-07 02:25:00,31400,6301,6293,6300,6298,6302,6299,6301,6299,6301.5,6297.0,6300.5,6298.5
2025-10-07 02:30:00,1600,6298,6298,6298,6298,6299,6299,6299,6299,6298.5,6298.5,6298.5,6298.5
2025-10-07 03:30:00,74100,6293,6284,6289,6286,6299,6285,6290,6288,6295.5,6284.5,6289.5,6287.0
2025-10-07 03:35:00,19900,6287,6284,6286,6284,6289,6285,6288,6286,6288.0,6284.5,6287.0,6285.0
2025-10-07 03:40:00,27100,6296,6284,6284,6295,6297,6285,6286,6297,6296.5,6284.5,6285.0,6296.0
2025-10-07 03:45:00,17900,6300,6291,6295,6291,6301,6293,6297,6294,6300.5,6292.0,6296.0,6292.5
2025-10-07 03:50:00,13600,6297,6291,6291,6297,6299,6292,6294,6298,6298.0,6291.5,6292.5,6297.5
2025-10-07 03:55:00,10700,6299,6295,6297,6297,6300,6296,6298,6298,6299.5,6295.5,6297.5,6297.5
2025-10-07 04:00:00,4800,6297,6295,6297,6295,6298,6296,6298,6296,6297.5,6295.5,6297.5,6295.5
2025-10-07 04:05:00,32400,6296,6292,6295,6295,6297,6294,6296,6296,6296.5,6293.0,6295.5,6295.5
2025-10-07 04:10:00,11100,6300,6294,6295,6299,6301,6295,6297,6301,6300.5,6294.5,6296.0,6300.0
2025-10-07 04:15:00,9200,6300,6298,6299,6300,6301,6299,6301,6301,6300.5,6298.5,6300.0,6300.5
2025-10-07 04:20:00,4500,6302,6299,6300,6301,6303,6300,6301,6302,6302.5,6299.5,6300.5,6301.5
2025-10-07 04:25:00,14500,6301,6298,6301,6299,6302,6299,6302,6300,6301.5,6298.5,6301.5,6299.5
2025-10-07 04:30:00,9700,6304,6299,6299,6299,6305,6300,6300,6300,6304.5,6299.5,6299.5,6299.5
2025-10-07 04:35:00,16800,6301,6296,6299,6301,6303,6299,6300,6303,6302.0,6298.0,6299.5,6302.0
2025-10-07 04:40:00,7200,6304,6301,6301,6301,6306,6302,6303,6302,6305.0,6301.5,6302.0,6301.5
2025-10-07 04:45:00,7100,6306,6300,6301,6306,6308,6302,6302,6308,6307.0,6301.0,6301.5,6307.0
2025-10-07 04:50:00,17600,6311,6306,6306,6306,6313,6307,6308,6308,6312.0,6306.5,6307.0,6307.0
2025-10-07 04:55:00,9100,6307,6303,6306,6305,6308,6304,6308,6307,6307.5,6303.5,6307.0,6306.0
2025-10-07 05:00:00,11300,6306,6300,6305,6300,6307,6301,6307,6302,6306.5,6300.5,6306.0,6301.0
2025-10-07 05:05:00,10700,6304,6300,6300,6302,6306,6301,6302,6303,6305.0,6300.5,6301.0,6302.5
2025-10-07 05:10:00,6500,6303,6300,6302,6301,6304,6301,6303,6302,6303.5,6300.5,6302.5,6301.5
2025-10-07 05:15:00,5600,6302,6300,6301,6300,6303,6301,6302,6301,6302.5,6300.5,6301.5,6300.5
2025-10-07 05:20:00,9100,6301,6300,6300,6300,6303,6301,6301,6301,6302.0,6300.5,6300.5,6300.5
2025-10-07 05:25:00,20800,6306,6298,6300,6306,6307,6299,6301,6307,6306.5,6298.5,6300.5,6306.5
2025-10-07 05:30:00,9000,6311,6304,6306,6310,6312,6305,6307,6311,6311.5,6304.5,6306.5,6310.5
2025-10-07 05:35:00,6700,6310,6306,6310,6307,6311,6307,6311,6308,6310.5,6306.5,6310.5,6307.5
2025-10-07 05:40:00,12000,6309,6306,6307,6307,6310,6307,6308,6308,6309.5,6306.5,6307.5,6307.5
2025-10-07 05:45:00,11200,6315,6306,6307,6310,6316,6307,6308,6312,6315.5,6306.5,6307.5,6311.0
2025-10-07 05:50:00,10100,6314,6309,6310,6314,6316,6310,6312,6316,6315.0,6309.5,6311.0,6315.0
2025-10-07 05:55:00,31900,6317,6306,6314,6311,6318,6307,6316,6313,6317.5,6306.5,6315.0,6312.0
2025-10-07 06:00:00,13800,6312,6306,6311,6307,6314,6307,6313,6308,6312.5,6306.5,6312.0,6307.5
2025-10-07 06:05:00,31200,6311,6303,6307,6309,6312,6305,6308,6311,6311.5,6304.0,6307.5,6310.0
2025-10-07 06:10:00,35100,6311,6305,6309,6305,6312,6306,6311,6307,6311.5,6305.5,6310.0,6306.0
2025-10-07 06:15:00,31000,6307,6301,6305,6302,6308,6302,6307,6303,6307.5,6301.5,6306.0,6302.5
2025-10-07 06:20:00,38400,6309,6298,6302,6307,6310,6299,6303,6310,6309.5,6298.5,6302.5,6308.5
2025-10-07 06:25:00,,6318,6270,6280,6317,6319,6271,6281,6318,6318.5,6270.5,6280.5,6317.5
2025-10-07 06:30:00,542100,6317,6317,6317,6317,6318,6318,6318,6318,6317.5,6317.5,6317.5,6317.5
2025-10-08 00:00:00,99500,6395,6357,6366,6376,6398,6366,6367,6378,6396.0,6361.5,6366.5,6377.0
2025-10-08 00:05:00,20500,6382,6367,6376,6379,6385,6370,6378,6380,6383.0,6368.5,6377.0,6379.5
2025-10-08 00:10:00,12000,6379,6369,6379,6375,6380,6370,6380,6377,6379.5,6369.5,6379.5,6376.0
2025-10-08 00:15:00,21900,6377,6362,6375,6366,6379,6364,6377,6368,6378.0,6363.0,6376.0,6367.0
2025-10-08 00:20:00,22700,6377,6365,6366,6372,6379,6368,6368,6374,6378.0,6366.5,6367.0,6373.0
2025-10-08 00:25:00,23800,6375,6351,6372,6352,6377,6354,6374,6354,6376.0,6352.5,6373.0,6353.0
2025-10-08 00:30:00,33200,6371,6352,6352,6370,6373,6354,6354,6372,6372.0,6353.0,6353.0,6371.0
2025-10-08 00:35:00,19000,6374,6365,6370,6373,6376,6368,6372,6374,6375.0,6366.5,6371.0,6373.5
2025-10-08 00:40:00,19400,6374,6361,6373,6365,6376,6363,6374,6367,6375.0,6362.0,6373.5,6366.0
2025-10-08 00:45:00,24300,6365,6347,6365,6352,6367,6349,6367,6354,6366.0,6348.5,6366.0,6353.0
2025-10-08 00:50:00,11700,6359,6345,6352,6356,6361,6347,6354,6357,6359.5,6346.0,6353.0,6356.5
2025-10-08 00:55:00,15700,6357,6341,6356,6348,6360,6343,6357,6350,6358.5,6342.0,6356.5,6349.0
2025-10-08 01:00:00,16600,6349,6333,6348,6337,6352,6335,6350,6339,6350.5,6334.0,6349.0,6338.0
2025-10-08 01:05:00,7700,6345,6337,6337,6344,6347,6338,6339,6346,6346.0,6337.5,6338.0,6345.0
2025-10-08 01:10:00,8800,6347,6337,6344,6344,6349,6340,6346,6346,6348.0,6338.5,6345.0,6345.0
2025-10-08 01:15:00,4400,6345,6342,6344,6344,6348,6344,6346,6345,6346.5,6343.0,6345.0,6344.5
2025-10-08 01:20:00,7700,6346,6340,6344,6345,6348,6341,6345,6347,6347.0,6340.5,6344.5,6346.0
2025-10-08 01:25:00,5100,6347,6341,6345,6344,6349,6344,6347,6346,6348.0,6342.5,6346.0,6345.0
2025-10-08 01:30:00,7200,6346,6342,6344,6342,6350,6343,6346,6343,6348.0,6342.5,6345.0,6342.5
2025-10-08 01:35:00,7000,6343,6339,6342,6342,6345,6340,6343,6344,6344.0,6339.5,6342.5,6343.0
2025-10-08 01:40:00,16100,6345,6338,6342,6340,6346,6339,6344,6343,6345.5,6338.5,6343.0,6341.5
2025-10-08 01:45:00,12700,6342,6333,6340,6339,6343,6335,6343,6341,6342.5,6334.5,6341.5,6340.0
2025-10-08 01:50:00,4700,6339,6333,6339,6335,6341,6335,6341,6336,6340.0,6334.0,6340.0,6335.5
2025-10-08 01:55:00,16000,6338,6330,6335,6332,6339,6332,6336,6333,6338.5,6331.0,6335.5,6332.5
2025-10-08 02:00:00,18300,6337,6328,6332,6336,6339,6329,6333,6337,6338.0,6328.5,6332.5,6336.5
2025-10-08 02:05:00,6000,6340,6334,6336,6339,6342,6335,6337,6341,6341.0,6334.5,6336.5,6340.0
2025-10-08 02:10:00,9700,6341,6336,6339,6340,6342,6338,6341,6341,6341.5,6337.0,6340.0,6340.5
2025-10-08 02:15:00,4200,6340,6336,6340,6339,6342,6338,6341,6341,6341.0,6337.0,6340.5,6340.0
2025-10-08 02:20:00,4800,6342,6338,6339,6338,6344,6339,6341,6340,6343.0,6338.5,6340.0,6339.0
2025-10-08 02:25:00,3600,6338,6336,6338,6337,6340,6337,6340,6339,6339.0,6336.5,6339.0,6338.0
2025-10-08 02:30:00,1900,6336,6336,6336,6336,6339,6339,6339,6339,6337.5,6337.5,6337.5,6337.5
2025-10-08 03:30:00,51000,6342,6326,6328,6336,6345,6327,6329,6337,6343.5,6326.5,6328.5,6336.5
2025-10-08 03:35:00,17100,6338,6332,6336,6336,6340,6334,6337,6338,6339.0,6333.5,6336.5,6337.0
2025-10-08 03:40:00,6500,6338,6332,6336,6332,6340,6334,6338,6334,6339.0,6333.0,6337.0,6333.0
2025-10-08 03:45:00,7600,6336,6332,6332,6336,6338,6334,6334,6338,6337.0,6333.0,6333.0,6337.0
2025-10-08 03:50:00,7800,6336,6332,6336,6333,6338,6334,6338,6335,6337.0,6333.0,6337.0,6334.0
2025-10-08 03:55:00,8300,6336,6333,6333,6336,6338,6334,6335,6338,6337.0,6333.5,6334.0,6337.0
2025-10-08 04:00:00,11400,6336,6332,6336,6332,6338,6334,6338,6334,6337.0,6333.0,6337.0,6333.0
2025-10-08 04:05:00,6800,6335,6331,6332,6333,6337,6332,6334,6335,6336.0,6331.5,6333.0,6334.0
2025-10-08 04:10:00,13100,6335,6328,6333,6331,6337,6330,6335,6332,6336.0,6329.0,6334.0,6331.5
2025-10-08 04:15:00,20900,6338,6329,6331,6334,6340,6331,6332,6336,6339.0,6330.0,6331.5,6335.0
2025-10-08 04:20:00,7100,6338,6334,6334,6334,6339,6336,6336,6336,6338.5,6335.0,6335.0,6335.0
2025-10-08 04:25:00,9300,6336,6331,6334,6335,6337,6333,6336,6337,6336.5,6332.0,6335.0,6336.0
2025-10-08 04:30:00,10900,6336,6332,6335,6333,6337,6333,6337,6334,6336.5,6332.5,6336.0,6333.5
2025-10-08 04:35:00,10100,6336,6333,6333,6333,6337,6334,6334,6335,6336.5,6333.5,6333.5,6334.0
2025-10-08 04:40:00,17000,6336,6332,6333,6334,6337,6334,6335,6336,6336.5,6333.0,6334.0,6335.0
2025-10-08 04:45:00,28500,6335,6329,6334,6334,6337,6330,6335,6335,6336.0,6329.5,6334.5,6334.5
2025-10-08 04:50:00,4600,6335,6333,6334,6334,6337,6335,6335,6336,6336.0,6334.0,6334.5,6335.0
2025-10-08 04:55:00,4100,6336,6333,6334,6335,6337,6335,6336,6336,6336.5,6334.0,6335.0,6335.5
2025-10-08 05:00:00,22400,6336,6326,6335,6328,6338,6328,6336,6329,6337.0,6327.0,6335.5,6328.5
2025-10-08 05:05:00,19700,6328,6322,6328,6323,6329,6324,6329,6325,6328.5,6323.0,6328.5,6324.0
2025-10-08 05:10:00,18700,6323,6316,6323,6316,6325,6317,6325,6317,6324.0,6316.5,6324.0,6316.5
2025-10-08 05:15:00,15000,6318,6314,6316,6315,6320,6316,6317,6317,6319.0,6315.0,6316.5,6316.0
2025-10-08 05:20:00,4500,6316,6315,6315,6315,6317,6316,6317,6316,6316.5,6315.5,6316.0,6315.5
2025-10-08 05:25:00,9800,6324,6315,6315,6324,6326,6316,6316,6326,6325.0,6315.5,6315.5,6325.0
2025-10-08 05:30:00,13300,6324,6319,6324,6321,6327,6320,6326,6322,6325.5,6319.5,6325.0,6321.5
2025-10-08 05:35:00,12700,6324,6320,6321,6322,6325,6321,6322,6324,6324.5,6320.5,6321.5,6323.0
2025-10-08 05:40:00,15100,6323,6315,6322,6316,6324,6316,6324,6317,6323.5,6315.5,6323.0,6316.5
2025-10-08 05:45:00,14500,6317,6312,6316,6314,6318,6313,6317,6315,6317.5,6312.5,6316.5,6314.5
2025-10-08 05:50:00,9400,6319,6314,6314,6317,6320,6315,6315,6318,6319.5,6314.5,6314.5,6317.5
2025-10-08 05:55:00,6400,6318,6315,6317,6317,6319,6316,6318,6319,6318.5,6315.5,6317.5,6318.0
2025-10-08 06:00:00,15700,6320,6312,6317,6313,6321,6313,6319,6315,6320.5,6312.5,6318.0,6314.0
2025-10-08 06:05:00,16000,6314,6309,6313,6312,6315,6310,6315,6313,6314.5,6309.5,6314.0,6312.5
2025-10-08 06:10:00,20500,6314,6309,6312,6310,6315,6310,6313,6312,6314.5,6309.5,6312.5,6311.0
2025-10-08 06:15:00,16400,6315,6308,6310,6310,6316,6310,6312,6311,6315.5,6309.0,6311.0,6310.5
2025-10-08 06:20:00,50500,6313,6302,6310,6311,6315,6303,6311,6313,6314.0,6302.5,6310.5,6312.0
2025-10-08 06:25:00,,6412,6322,6323,6330,6412,6323,6324,6331,6412.0,6322.5,6323.5,6330.5
2025-10-08 06:30:00,639200,6320,6320,6320,6320,6331,6331,6331,6331,6325.5,6325.5,6325.5,6325.5
2025-10-09 00:00:00,112600,6314,6294,6312,6302,6330,6296,6313,6304,6318.5,6295.0,6312.5,6303.0
2025-10-09 00:05:00,25300,6312,6294,6302,6307,6315,6296,6304,6309,6313.5,6295.5,6303.0,6308.0
2025-10-09 00:10:00,10700,6310,6301,6307,6303,6313,6302,6309,6305,6311.5,6301.5,6308.0,6304.0
2025-10-09 00:15:00,22500,6308,6298,6303,6300,6310,6299,6305,6301,6309.0,6298.5,6304.0,6300.5
2025-10-09 00:20:00,26800,6300,6295,6300,6296,6301,6296,6301,6297,6300.5,6295.5,6300.5,6296.5
2025-10-09 00:25:00,14400,6310,6296,6296,6303,6312,6297,6297,6306,6311.0,6296.5,6296.5,6304.5
2025-10-09 00:30:00,18100,6304,6296,6303,6301,6307,6297,6306,6303,6305.5,6296.5,6304.5,6302.0
2025-10-09 00:35:00,18900,6310,6298,6301,6305,6311,6299,6303,6307,6310.5,6298.5,6302.0,6306.0
2025-10-09 00:40:00,4300,6307,6302,6305,6302,6309,6303,6307,6303,6307.5,6302.5,6306.0,6302.5
2025-10-09 00:45:00,9700,6303,6298,6302,6298,6305,6299,6303,6300,6304.0,6298.5,6302.5,6299.0
2025-10-09 00:50:00,6100,6302,6298,6298,6299,6303,6299,6300,6301,6302.5,6298.5,6299.0,6300.0
2025-10-09 00:55:00,19400,6302,6296,6299,6298,6304,6297,6301,6300,6303.0,6296.5,6300.0,6299.0
2025-10-09 01:00:00,44900,6303,6290,6298,6290,6304,6291,6300,6292,6303.5,6290.5,6299.0,6291.0
2025-10-09 01:05:00,30300,6292,6283,6290,6283,6293,6284,6292,6284,6292.5,6283.5,6291.0,6283.5
2025-10-09 01:10:00,27900,6288,6280,6283,6284,6290,6281,6284,6287,6289.0,6280.5,6283.5,6285.5
2025-10-09 01:15:00,6400,6287,6282,6284,6286,6288,6283,6287,6288,6287.5,6282.5,6285.5,6287.0
2025-10-09 01:20:00,6200,6289,6286,6286,6286,6290,6287,6288,6287,6289.5,6286.5,6287.0,6286.5
2025-10-09 01:25:00,22800,6288,6278,6286,6279,6289,6280,6287,6281,6288.5,6279.0,6286.5,6280.0
2025-10-09 01:30:00,21000,6284,6275,6279,6276,6287,6276,6281,6278,6285.5,6275.5,6280.0,6277.0
2025-10-09 01:35:00,39700,6277,6270,6277,6274,6279,6271,6278,6276,6278.0,6270.5,6277.5,6275.0
2025-10-09 01:40:00,25200,6275,6263,6274,6266,6276,6265,6276,6268,6275.5,6264.0,6275.0,6267.0
2025-10-09 01:45:00,11700,6273,6266,6266,6272,6274,6267,6268,6274,6273.5,6266.5,6267.0,6273.0
2025-10-09 01:50:00,7100,6272,6270,6272,6271,6274,6271,6274,6273,6273.0,6270.5,6273.0,6272.0
2025-10-09 01:55:00,7400,6272,6269,6271,6269,6273,6270,6273,6270,6272.5,6269.5,6272.0,6269.5
2025-10-09 02:00:00,43700,6271,6261,6269,6267,6272,6262,6270,6268,6271.5,6261.5,6269.5,6267.5
2025-10-09 02:05:00,14300,6267,6258,6267,6258,6268,6259,6268,6259,6267.5,6258.5,6267.5,6258.5
2025-10-09 02:10:00,13100,6259,6254,6258,6255,6261,6255,6259,6257,6260.0,6254.5,6258.5,6256.0
2025-10-09 02:15:00,8700,6256,6252,6255,6252,6258,6253,6257,6253,6257.0,6252.5,6256.0,6252.5
2025-10-09 02:20:00,8100,6254,6251,6252,6254,6256,6252,6253,6255,6255.0,6251.5,6252.5,6254.5
2025-10-09 02:25:00,9700,6255,6250,6254,6251,6256,6252,6255,6252,6255.5,6251.0,6254.5,6251.5
2025-10-09 02:30:00,1000,,,,,,,,,,,,
2025-10-09 03:30:00,71500,6256,6245,6251,6250,6259,6246,6251,6252,6257.5,6245.5,6251.0,6251.0
2025-10-09 03:35:00,17100,6255,6248,6250,6249,6256,6249,6252,6250,6255.5,6248.5,6251.0,6249.5
2025-10-09 03:40:00,18900,6255,6248,6249,6254,6257,6250,6251,6255,6256.0,6249.0,6250.0,6254.5
2025-10-09 03:45:00,6200,6255,6252,6254,6252,6257,6253,6255,6253,6256.0,6252.5,6254.5,6252.5
2025-10-09 03:50:00,20500,6252,6245,6252,6245,6253,6246,6253,6247,6252.5,6245.5,6252.5,6246.0
2025-10-09 03:55:00,8000,6248,6245,6245,6246,6249,6246,6247,6247,6248.5,6245.5,6246.0,6246.5
2025-10-09 04:00:00,16900,6246,6240,6246,6240,6247,6241,6247,6241,6246.5,6240.5,6246.5,6240.5
2025-10-09 04:05:00,12300,6248,6240,6240,6247,6249,6241,6241,6249,6248.5,6240.5,6240.5,6248.0
2025-10-09 04:10:00,9400,6249,6246,6247,6247,6250,6247,6249,6248,6249.5,6246.5,6248.0,6247.5
2025-10-09 04:15:00,3400,6249,6246,6247,6249,6250,6247,6248,6250,6249.5,6246.5,6247.5,6249.5
2025-10-09 04:20:00,14200,6252,6249,6249,6250,6254,6250,6250,6251,6252.5,6249.5,6249.5,6250.5
2025-10-09 04:25:00,9000,6252,6248,6250,6251,6253,6250,6251,6252,6252.5,6249.0,6250.5,6251.5
2025-10-09 04:30:00,19000,6251,6246,6251,6247,6254,6247,6252,6248,6251.5,6246.5,6251.5,6247.5
2025-10-09 04:35:00,17800,6248,6243,6247,6247,6249,6244,6248,6248,6248.5,6243.5,6247.5,6247.5
2025-10-09 04:40:00,9900,6249,6246,6247,6246,6250,6247,6248,6247,6249.5,6246.5,6247.5,6246.5
2025-10-09 04:45:00,7100,6247,6243,6246,6243,6248,6244,6247,6244,6247.5,6243.5,6246.5,6243.5
2025-10-09 04:50:00,4700,6244,6242,6243,6243,6245,6243,6244,6244,6244.5,6242.5,6243.5,6243.5
2025-10-09 04:55:00,7900,6243,6241,6243,6242,6244,6242,6244,6244,6243.5,6241.5,6243.5,6243.0
2025-10-09 05:00:00,6900,6243,6240,6242,6241,6244,6241,6244,6242,6243.5,6240.5,6243.0,6241.5
2025-10-09 05:05:00,6900,6243,6240,6241,6241,6244,6242,6242,6242,6243.5,6241.0,6241.5,6241.5
2025-10-09 05:10:00,8700,6244,6241,6241,6241,6245,6242,6242,6242,6244.5,6241.5,6241.5,6241.5
2025-10-09 05:15:00,9800,6244,6240,6241,6242,6245,6241,6242,6244,6244.5,6240.5,6241.5,6243.0
2025-10-09 05:20:00,46200,6243,6236,6242,6239,6245,6237,6245,6241,6244.0,6236.5,6243.5,6240.0
2025-10-09 05:25:00,8300,6241,6238,6239,6239,6242,6239,6241,6241,6241.5,6238.5,6240.0,6240.0
2025-10-09 05:30:00,2500,6240,6238,6239,6238,6241,6239,6241,6240,6240.5,6238.5,6240.0,6239.0
2025-10-09 05:35:00,4300,6240,6238,6238,6239,6241,6239,6239,6240,6240.5,6238.5,6238.5,6239.5
2025-10-09 05:40:00,12100,6243,6238,6239,6238,6244,6239,6240,6239,6243.5,6238.5,6239.5,6238.5
2025-10-09 05:45:00,12000,6244,6237,6238,6242,6245,6238,6239,6243,6244.5,6237.5,6238.5,6242.5
2025-10-09 05:50:00,9500,6242,6239,6242,6239,6243,6240,6243,6240,6242.5,6239.5,6242.5,6239.5
2025-10-09 05:55:00,10100,6243,6239,6239,6242,6245,6240,6240,6244,6244.0,6239.5,6239.5,6243.0
2025-10-09 06:00:00,10200,6249,6242,6242,6248,6250,6244,6244,6249,6249.5,6243.0,6243.0,6248.5
2025-10-09 06:05:00,13800,6256,6248,6248,6252,6257,6250,6250,6253,6256.5,6249.0,6249.0,6252.5
2025-10-09 06:10:00,11600,6257,6252,6252,6256,6259,6253,6253,6257,6258.0,6252.5,6252.5,6256.5
2025-10-09 06:15:00,15200,6260,6253,6256,6260,6261,6254,6257,6261,6260.5,6253.5,6256.5,6260.5
2025-10-09 06:20:00,41200,6276,6259,6260,6274,6277,6260,6261,6277,6276.5,6259.5,6260.5,6275.5
2025-10-09 06:25:00,,6308,6230,6277,6277,6308,6231,6278,6278,6308.0,6230.5,6277.5,6277.5
2025-10-09 06:30:00,585300,6277,6277,6277,6277,6278,6278,6278,6278,6277.5,6277.5,6277.5,6277.5
2025-10-10 00:00:00,553800,6257,6200,6255,6233,6265,6209,6256,6235,6261.0,6206.5,6255.5,6234.0
2025-10-10 00:05:00,36300,6234,6220,6233,6224,6236,6221,6235,6226,6235.0,6220.5,6234.0,6225.0
2025-10-10 00:10:00,95800,6225,6190,6224,6196,6227,6192,6226,6197,6226.0,6191.5,6225.0,6196.5
2025-10-10 00:15:00,46600,6198,6190,6196,6197,6200,6191,6197,6199,6198.5,6190.5,6196.5,6198.0
2025-10-10 00:20:00,17700,6203,6196,6197,6200,6204,6197,6199,6203,6203.5,6196.5,6198.0,6201.5
2025-10-10 00:25:00,36900,6203,6190,6201,6190,6204,6191,6203,6192,6203.5,6190.5,6202.0,6191.0
2025-10-10 00:30:00,22200,6195,6190,6190,6191,6197,6192,6192,6192,6196.0,6191.0,6191.0,6191.5
2025-10-10 00:35:00,36700,6195,6185,6191,6185,6197,6186,6192,6187,6196.0,6185.5,6191.5,6186.0
2025-10-10 00:40:00,19900,6190,6185,6185,6187,6192,6186,6187,6189,6190.5,6185.5,6186.0,6188.0
2025-10-10 00:45:00,28000,6198,6187,6187,6194,6200,6188,6189,6196,6199.0,6187.5,6188.0,6195.0
2025-10-10 00:50:00,9500,6201,6192,6194,6198,6202,6193,6195,6200,6201.5,6192.5,6194.5,6199.0
2025-10-10 00:55:00,16300,6198,6191,6198,6192,6200,6192,6200,6194,6199.0,6191.5,6199.0,6193.0
2025-10-10 01:00:00,16400,6199,6188,6192,6195,6200,6190,6194,6196,6199.5,6189.0,6193.0,6195.5
2025-10-10 01:05:00,11500,6198,6191,6195,6195,6199,6192,6196,6197,6198.5,6191.5,6195.5,6196.0
2025-10-10 01:10:00,9300,6198,6193,6195,6195,6200,6196,6197,6196,6199.0,6194.5,6196.0,6195.5
2025-10-10 01:15:00,14400,6198,6190,6195,6196,6199,6191,6196,6198,6198.5,6190.5,6195.5,6197.0
2025-10-10 01:20:00,13800,6201,6192,6196,6201,6202,6193,6198,6202,6201.5,6192.5,6197.0,6201.5
2025-10-10 01:25:00,13800,6206,6197,6201,6204,6208,6200,6202,6206,6207.0,6198.5,6201.5,6205.0
2025-10-10 01:30:00,9700,6212,6203,6204,6212,6213,6205,6206,6213,6212.5,6204.0,6205.0,6212.5
2025-10-10 01:35:00,15900,6219,6207,6212,6211,6221,6208,6213,6213,6220.0,6207.5,6212.5,6212.0
2025-10-10 01:40:00,9900,6222,6209,6211,6221,6224,6211,6213,6223,6223.0,6210.5,6212.0,6222.0
2025-10-10 01:45:00,15400,6232,6216,6221,6231,6234,6217,6222,6233,6233.0,6216.5,6221.5,6232.0
2025-10-10 01:50:00,15400,6240,6231,6231,6235,6242,6233,6233,6237,6241.0,6232.0,6232.0,6236.0
2025-10-10 01:55:00,8300,6240,6229,6235,6230,6241,6230,6237,6232,6240.5,6229.5,6236.0,6231.0
2025-10-10 02:00:00,10700,6230,6221,6230,6223,6232,6222,6232,6225,6231.0,6221.5,6231.0,6224.0
2025-10-10 02:05:00,6300,6223,6218,6223,6221,6225,6220,6225,6223,6224.0,6219.0,6224.0,6222.0
2025-10-10 02:10:00,6400,6221,6214,6221,6214,6223,6215,6223,6215,6222.0,6214.5,6222.0,6214.5
2025-10-10 02:15:00,8400,6219,6214,6214,6217,6220,6215,6215,6218,6219.5,6214.5,6214.5,6217.5
2025-10-10 02:20:00,7700,6220,6217,6217,6220,6222,6218,6218,6221,6221.0,6217.5,6217.5,6220.5
2025-10-10 02:25:00,6000,6220,6214,6220,6214,6221,6215,6221,6216,6220.5,6214.5,6220.5,6215.0
2025-10-10 02:30:00,1400,6213,6213,6213,6213,6216,6216,6216,6216,6214.5,6214.5,6214.5,6214.5
2025-10-10 03:30:00,42500,6232,6204,6204,6231,6233,6205,6205,6232,6232.5,6204.5,6204.5,6231.5
2025-10-10 03:35:00,10300,6232,6220,6231,6221,6233,6223,6232,6223,6232.5,6221.5,6231.5,6222.0
2025-10-10 03:40:00,16800,6223,6215,6221,6223,6225,6217,6223,6224,6224.0,6216.0,6222.0,6223.5
2025-10-10 03:45:00,5400,6224,6215,6223,6215,6225,6217,6225,6217,6224.5,6216.0,6224.0,6216.0
2025-10-10 03:50:00,7200,6222,6215,6215,6221,6223,6217,6217,6223,6222.5,6216.0,6216.0,6222.0
2025-10-10 03:55:00,5100,6225,6221,6221,6224,6226,6222,6223,6225,6225.5,6221.5,6222.0,6224.5
2025-10-10 04:00:00,10100,6224,6218,6224,6223,6226,6219,6225,6224,6224.5,6218.5,6224.5,6223.5
2025-10-10 04:05:00,8400,6223,6218,6223,6219,6224,6219,6224,6221,6223.5,6218.5,6223.5,6220.0
2025-10-10 04:10:00,8700,6222,6217,6219,6218,6223,6218,6221,6220,6222.5,6217.5,6220.0,6219.0
2025-10-10 04:15:00,9300,6219,6216,6218,6218,6220,6217,6220,6219,6219.5,6216.5,6219.0,6218.5
2025-10-10 04:20:00,4200,6219,6217,6218,6218,6220,6219,6219,6220,6219.5,6218.0,6218.5,6219.0
2025-10-10 04:25:00,12500,6221,6216,6218,6220,6223,6217,6220,6221,6222.0,6216.5,6219.0,6220.5
2025-10-10 04:30:00,6900,6222,6216,6220,6217,6223,6217,6222,6218,6222.5,6216.5,6221.0,6217.5
2025-10-10 04:35:00,9000,6220,6216,6217,6217,6221,6217,6218,6218,6220.5,6216.5,6217.5,6217.5
2025-10-10 04:40:00,28600,6220,6212,6217,6217,6221,6213,6218,6218,6220.5,6212.5,6217.5,6217.5
2025-10-10 04:45:00,7800,6222,6215,6217,6221,6224,6217,6218,6222,6223.0,6216.0,6217.5,6221.5
2025-10-10 04:50:00,11800,6221,6218,6221,6220,6222,6219,6222,6222,6221.5,6218.5,6221.5,6221.0
2025-10-10 04:55:00,13000,6221,6217,6220,6218,6222,6218,6222,6219,6221.5,6217.5,6221.0,6218.5
2025-10-10 05:00:00,19100,6222,6213,6218,6217,6223,6214,6219,6219,6222.5,6213.5,6218.5,6218.0
2025-10-10 05:05:00,13800,6221,6217,6217,6218,6222,6218,6219,6219,6221.5,6217.5,6218.0,6218.5
2025-10-10 05:10:00,10400,6221,6217,6218,6217,6222,6218,6219,6218,6221.5,6217.5,6218.5,6217.5
2025-10-10 05:15:00,17400,6223,6217,6217,6221,6224,6218,6218,6223,6223.5,6217.5,6217.5,6222.0
2025-10-10 05:20:00,10500,6222,6220,6221,6220,6224,6221,6223,6222,6223.0,6220.5,6222.0,6221.0
2025-10-10 05:25:00,8100,6226,6220,6220,6225,6227,6222,6222,6226,6226.5,6221.0,6221.0,6225.5
2025-10-10 05:30:00,6700,6232,6225,6225,6227,6234,6226,6226,6228,6233.0,6225.5,6225.5,6227.5
2025-10-10 05:35:00,12900,6229,6224,6227,6227,6230,6225,6228,6229,6229.5,6224.5,6227.5,6228.0
2025-10-10 05:40:00,7400,6229,6224,6227,6227,6230,6225,6229,6228,6229.5,6224.5,6228.0,6227.5
2025-10-10 05:45:00,6800,6228,6226,6227,6227,6230,6227,6228,6228,6229.0,6226.5,6227.5,6227.5
2025-10-10 05:50:00,14700,6227,6224,6227,6226,6229,6225,6228,6228,6228.0,6224.5,6227.5,6227.0
2025-10-10 05:55:00,13200,6228,6223,6226,6223,6229,6224,6228,6225,6228.5,6223.5,6227.0,6224.0
2025-10-10 06:00:00,9600,6226,6222,6223,6225,6227,6223,6225,6226,6226.5,6222.5,6224.0,6225.5
2025-10-10 06:05:00,21900,6226,6219,6225,6221,6227,6220,6226,6223,6226.5,6219.5,6225.5,6222.0
2025-10-10 06:10:00,17500,6224,6220,6221,6221,6225,6221,6223,6223,6224.5,6220.5,6222.0,6222.0
2025-10-10 06:15:00,12100,6225,6220,6221,6221,6226,6221,6223,6222,6225.5,6220.5,6222.0,6221.5
2025-10-10 06:20:00,32700,6224,6220,6221,6221,6227,6221,6222,6223,6225.5,6220.5,6221.5,6222.0
2025-10-10 06:25:00,,6221,6000,6180,6221,6222,6001,6181,6222,6221.5,6000.5,6180.5,6221.5
2025-10-10 06:30:00,711900,6220,6220,6220,6220,6223,6223,6223,6223,6221.5,6221.5,6221.5,6221.5
2025-10-14 00:00:00,246700,6145,6105,6139,6109,6152,6106,6140,6112,6148.0,6105.5,6139.5,6110.5
2025-10-14 00:05:00,40500,6127,6106,6109,6122,6129,6108,6112,6124,6127.5,6107.0,6110.5,6123.0
2025-10-14 00:10:00,36400,6147,6120,6123,6136,6149,6122,6124,6139,6148.0,6121.0,6123.5,6137.5
2025-10-14 00:15:00,22400,6161,6136,6136,6160,6163,6139,6139,6162,6161.5,6137.5,6137.5,6161.0
2025-10-14 00:20:00,18000,6172,6159,6160,6166,6174,6162,6162,6167,6173.0,6160.5,6161.0,6166.5
2025-10-14 00:25:00,20700,6175,6165,6166,6166,6177,6166,6167,6167,6175.5,6165.5,6166.5,6166.5
2025-10-14 00:30:00,18900,6166,6155,6166,6155,6167,6156,6167,6156,6166.5,6155.5,6166.5,6155.5
2025-10-14 00:35:00,14800,6160,6151,6155,6156,6162,6154,6156,6158,6161.0,6152.5,6155.5,6157.0
2025-10-14 00:40:00,18900,6163,6156,6156,6160,6165,6158,6158,6162,6164.0,6157.0,6157.0,6161.0
2025-10-14 00:45:00,13700,6163,6155,6160,6158,6164,6156,6162,6160,6163.5,6155.5,6161.0,6159.0
2025-10-14 00:50:00,16700,6170,6158,6158,6165,6172,6160,6160,6167,6171.0,6159.0,6159.0,6166.0
2025-10-14 00:55:00,10100,6171,6163,6165,6171,6173,6165,6167,6173,6172.0,6164.0,6166.0,6172.0
2025-10-14 01:00:00,13500,6179,6170,6171,6173,6181,6172,6173,6174,6180.0,6171.0,6172.0,6173.5
2025-10-14 01:05:00,22100,6185,6170,6173,6180,6187,6171,6174,6182,6186.0,6170.5,6173.5,6181.0
2025-10-14 01:10:00,9800,6181,6172,6180,6178,6183,6173,6182,6179,6182.0,6172.5,6181.0,6178.5
2025-10-14 01:15:00,14700,6189,6172,6178,6187,6190,6173,6179,6189,6189.5,6172.5,6178.5,6188.0
2025-10-14 01:20:00,31200,6200,6187,6187,6196,6201,6189,6189,6198,6200.5,6188.0,6188.0,6197.0
2025-10-14 01:25:00,11600,6203,6196,6197,6200,6204,6198,6198,6202,6203.5,6197.0,6197.5,6201.0
2025-10-14 01:30:00,15400,6205,6199,6200,6205,6207,6201,6202,6207,6206.0,6200.0,6201.0,6206.0
2025-10-14 01:35:00,9100,6214,6203,6205,6206,6216,6205,6207,6207,6215.0,6204.0,6206.0,6206.5
2025-10-14 01:40:00,14700,6210,6203,6206,6207,6212,6205,6207,6209,6210.5,6204.0,6206.5,6208.0
2025-10-14 01:45:00,11300,6207,6188,6207,6190,6209,6190,6209,6192,6208.0,6189.0,6208.0,6191.0
2025-10-14 01:50:00,16500,6191,6178,6190,6182,6192,6179,6192,6183,6191.5,6178.5,6191.0,6182.5
2025-10-14 01:55:00,21300,6182,6173,6182,6180,6184,6174,6183,6182,6183.0,6173.5,6182.5,6181.0
2025-10-14 02:00:00,10800,6185,6178,6180,6184,6187,6179,6182,6186,6186.0,6178.5,6181.0,6185.0
2025-10-14 02:05:00,5400,6184,6180,6184,6182,6186,6182,6186,6183,6185.0,6181.5,6185.0,6182.5
2025-10-14 02:10:00,11000,6182,6176,6182,6178,6183,6178,6183,6180,6182.5,6177.0,6182.5,6179.0
2025-10-14 02:15:00,7200,6182,6177,6178,6181,6183,6178,6180,6182,6182.5,6177.5,6179.0,6181.5
2025-10-14 02:20:00,9000,6181,6176,6181,6177,6183,6178,6182,6179,6182.0,6177.0,6181.5,6178.0
2025-10-14 02:25:00,22500,6178,6160,6177,6160,6181,6162,6179,6163,6179.5,6161.0,6178.0,6161.5
2025-10-14 02:30:00,4900,,,,,,,,,,,,
2025-10-14 03:30:00,45100,6181,6161,6161,6178,6183,6162,6162,6179,6182.0,6161.5,6161.5,6178.5
2025-10-14 03:35:00,12000,6188,6177,6178,6188,6189,6178,6179,6189,6188.5,6177.5,6178.5,6188.5
2025-10-14 03:40:00,14500,6192,6184,6188,6187,6195,6185,6189,6188,6193.5,6184.5,6188.5,6187.5
2025-10-14 03:45:00,10400,6189,6180,6187,6180,6190,6181,6188,6181,6189.5,6180.5,6187.5,6180.5
2025-10-14 03:50:00,12300,6182,6176,6180,6176,6183,6177,6181,6177,6182.5,6176.5,6180.5,6176.5
2025-10-14 03:55:00,9500,6182,6176,6176,6182,6184,6177,6177,6184,6183.0,6176.5,6176.5,6183.0
2025-10-14 04:00:00,20800,6183,6177,6182,6179,6184,6179,6184,6181,6183.5,6178.0,6183.0,6180.0
2025-10-14 04:05:00,13200,6181,6173,6179,6175,6183,6175,6181,6176,6182.0,6174.0,6180.0,6175.5
2025-10-14 04:10:00,9500,6182,6173,6174,6178,6183,6174,6176,6179,6182.5,6173.5,6175.0,6178.5
2025-10-14 04:15:00,60300,6179,6167,6178,6171,6181,6168,6179,6173,6180.0,6167.5,6178.5,6172.0
2025-10-14 04:20:00,17900,6178,6167,6171,6177,6179,6168,6173,6179,6178.5,6167.5,6172.0,6178.0
2025-10-14 04:25:00,10900,6184,6175,6177,6182,6185,6177,6179,6184,6184.5,6176.0,6178.0,6183.0
2025-10-14 04:30:00,17500,6184,6173,6182,6182,6185,6175,6184,6184,6184.5,6174.5,6183.0,6183.0
2025-10-14 04:35:00,12700,6189,6180,6182,6185,6190,6181,6185,6187,6189.5,6180.5,6183.5,6186.0
2025-10-14 04:40:00,44000,6191,6177,6185,6188,6193,6180,6187,6189,6192.0,6178.5,6186.0,6188.5
2025-10-14 04:45:00,10800,6188,6182,6188,6182,6189,6183,6189,6184,6188.5,6182.5,6188.5,6183.0
2025-10-14 04:50:00,6500,6182,6177,6182,6180,6183,6179,6183,6181,6182.5,6178.0,6182.5,6180.5
2025-10-14 04:55:00,7300,6184,6179,6180,6179,6185,6180,6181,6180,6184.5,6179.5,6180.5,6179.5
2025-10-14 05:00:00,11000,6180,6175,6179,6179,6181,6176,6180,6180,6180.5,6175.5,6179.5,6179.5
2025-10-14 05:05:00,35300,6194,6178,6179,6188,6196,6179,6180,6189,6194.5,6178.5,6179.5,6188.5
2025-10-14 05:10:00,26600,6194,6185,6188,6190,6196,6187,6189,6191,6195.0,6186.0,6188.5,6190.5
2025-10-14 05:15:00,9900,6195,6187,6190,6195,6197,6189,6191,6197,6196.0,6188.0,6190.5,6196.0
2025-10-14 05:20:00,11200,6198,6193,6195,6193,6200,6194,6197,6194,6199.0,6193.5,6196.0,6193.5
2025-10-14 05:25:00,14800,6203,6191,6193,6199,6205,6192,6194,6200,6204.0,6191.5,6193.5,6199.5
2025-10-14 05:30:00,8500,6200,6189,6199,6191,6201,6191,6200,6192,6200.5,6190.0,6199.5,6191.5
2025-10-14 05:35:00,26000,6196,6189,6191,6189,6197,6190,6192,6191,6196.5,6189.5,6191.5,6190.0
2025-10-14 05:40:00,6800,6190,6186,6189,6188,6192,6187,6191,6190,6191.0,6186.5,6190.0,6189.0
2025-10-14 05:45:00,18600,6195,6188,6188,6195,6197,6190,6190,6196,6196.0,6189.0,6189.0,6195.5
2025-10-14 05:50:00,8500,6201,6193,6195,6200,6204,6195,6196,6202,6202.5,6194.0,6195.5,6201.0
2025-10-14 05:55:00,18900,6203,6198,6200,6203,6205,6200,6202,6205,6204.0,6199.0,6201.0,6204.0
2025-10-14 06:00:00,22400,6225,6203,6203,6222,6227,6205,6205,6224,6225.5,6204.0,6204.0,6223.0
2025-10-14 06:05:00,41100,6225,6216,6222,6217,6227,6219,6224,6219,6226.0,6217.5,6223.0,6218.0
2025-10-14 06:10:00,19700,6227,6217,6217,6223,6228,6219,6219,6226,6227.5,6218.0,6218.0,6224.5
2025-10-14 06:15:00,23400,6228,6220,6223,6221,6229,6222,6226,6223,6228.5,6221.0,6224.5,6222.0
2025-10-14 06:20:00,53300,6228,6213,6221,6214,6229,6216,6223,6218,6228.5,6214.5,6222.0,6216.0
2025-10-14 06:25:00,,6373,6196,6202,6229,6374,6197,6203,6230,6373.5,6196.5,6202.5,6229.5
2025-10-14 06:30:00,743700,6229,6229,6229,6229,6230,6230,6230,6230,6229.5,6229.5,6229.5,6229.5
2025-10-15 00:00:00,81400,6243,6221,6229,6222,6245,6224,6230,6224,6244.0,6222.5,6229.5,6223.0
2025-10-15 00:05:00,34800,6224,6205,6222,6211,6226,6207,6224,6213,6225.0,6206.0,6223.0,6212.0
2025-10-15 00:10:00,21000,6213,6202,6211,6206,6215,6203,6213,6208,6214.0,6202.5,6212.0,6207.0
2025-10-15 00:15:00,23700,6206,6196,6206,6196,6208,6198,6208,6198,6207.0,6197.0,6207.0,6197.0
2025-10-15 00:20:00,16000,6201,6193,6196,6200,6202,6194,6198,6201,6201.5,6193.5,6197.0,6200.5
2025-10-15 00:25:00,10200,6212,6198,6200,6207,6213,6200,6201,6208,6212.5,6199.0,6200.5,6207.5
2025-10-15 00:30:00,8700,6221,6207,6207,6219,6222,6208,6208,6221,6221.5,6207.5,6207.5,6220.0
2025-10-15 00:35:00,9400,6228,6215,6219,6222,6229,6217,6221,6224,6228.5,6216.0,6220.0,6223.0
2025-10-15 00:40:00,6400,6227,6222,6222,6226,6228,6223,6224,6227,6227.5,6222.5,6223.0,6226.5
2025-10-15 00:45:00,6800,6228,6222,6226,6223,6230,6224,6227,6226,6229.0,6223.0,6226.5,6224.5
2025-10-15 00:50:00,3200,6228,6223,6223,6228,6229,6226,6226,6229,6228.5,6224.5,6224.5,6228.5
2025-10-15 00:55:00,7000,6232,6226,6228,6229,6234,6227,6229,6231,6232.5,6226.5,6228.5,6230.0
2025-10-15 01:00:00,7600,6233,6226,6229,6227,6234,6227,6231,6229,6233.5,6226.5,6230.0,6228.0
2025-10-15 01:05:00,4300,6230,6226,6227,6228,6231,6228,6229,6230,6230.5,6227.0,6228.0,6229.0
2025-10-15 01:10:00,7400,6230,6224,6228,6224,6231,6225,6230,6225,6230.5,6224.5,6229.0,6224.5
2025-10-15 01:15:00,4700,6227,6224,6224,6227,6229,6225,6225,6229,6228.0,6224.5,6224.5,6228.0
2025-10-15 01:20:00,5700,6233,6227,6227,6229,6234,6228,6229,6230,6233.5,6227.5,6228.0,6229.5
2025-10-15 01:25:00,4000,6230,6227,6229,6230,6233,6228,6230,6233,6231.5,6227.5,6229.5,6231.5
2025-10-15 01:30:00,1900,6233,6230,6230,6232,6234,6231,6233,6234,6233.5,6230.5,6231.5,6233.0
2025-10-15 01:35:00,4500,6237,6230,6232,6230,6238,6232,6234,6232,6237.5,6231.0,6233.0,6231.0
2025-10-15 01:40:00,7100,6236,6228,6230,6236,6237,6230,6232,6237,6236.5,6229.0,6231.0,6236.5
2025-10-15 01:45:00,2900,6236,6234,6236,6235,6238,6236,6237,6237,6237.0,6235.0,6236.5,6236.0
2025-10-15 01:50:00,4000,6237,6233,6235,6237,6239,6235,6237,6239,6238.0,6234.0,6236.0,6238.0
2025-10-15 01:55:00,9100,6238,6231,6237,6233,6239,6233,6239,6235,6238.5,6232.0,6238.0,6234.0
2025-10-15 02:00:00,8600,6234,6226,6233,6226,6236,6228,6235,6228,6235.0,6227.0,6234.0,6227.0
2025-10-15 02:05:00,19800,6229,6219,6226,6224,6230,6220,6228,6225,6229.5,6219.5,6227.0,6224.5
2025-10-15 02:10:00,7000,6229,6224,6224,6228,6231,6225,6225,6229,6230.0,6224.5,6224.5,6228.5
2025-10-15 02:15:00,4900,6232,6228,6228,6231,6235,6229,6229,6233,6233.5,6228.5,6228.5,6232.0
2025-10-15 02:20:00,9200,6237,6231,6231,6232,6239,6233,6233,6233,6237.5,6232.0,6232.0,6232.5
2025-10-15 02:25:00,4500,6232,6228,6232,6228,6233,6231,6233,6231,6232.5,6229.5,6232.5,6229.5
2025-10-15 02:30:00,7400,6225,6225,6225,6225,6231,6231,6231,6231,6228.0,6228.0,6228.0,6228.0
2025-10-15 03:30:00,17600,6234,6226,6234,6230,6235,6227,6234,6232,6234.0,6226.5,6234.0,6231.0
2025-10-15 03:35:00,4500,6233,6229,6230,6231,6235,6230,6232,6233,6234.0,6229.5,6231.0,6232.0
2025-10-15 03:40:00,10300,6234,6224,6231,6224,6235,6225,6233,6226,6234.5,6224.5,6232.0,6225.0
2025-10-15 03:45:00,13500,6227,6222,6224,6222,6228,6223,6226,6224,6227.5,6222.5,6225.0,6223.0
2025-10-15 03:50:00,21000,6225,6217,6222,6222,6227,6218,6224,6223,6225.5,6217.5,6223.0,6222.5
2025-10-15 03:55:00,14900,6225,6220,6222,6222,6227,6222,6223,6224,6226.0,6221.0,6222.5,6223.0
2025-10-15 04:00:00,6300,6224,6219,6222,6220,6226,6220,6224,6222,6225.0,6219.5,6223.0,6221.0
2025-10-15 04:05:00,9000,6223,6217,6220,6219,6225,6220,6222,6221,6224.0,6218.5,6221.0,6220.0
2025-10-15 04:10:00,2900,6221,6219,6219,6220,6223,6220,6221,6222,6221.5,6219.5,6220.0,6221.0
2025-10-15 04:15:00,8900,6221,6217,6220,6217,6222,6219,6222,6219,6221.5,6218.0,6221.0,6218.0
2025-10-15 04:20:00,11200,6218,6215,6217,6215,6220,6216,6219,6217,6218.5,6215.5,6218.0,6216.0
2025-10-15 04:25:00,12000,6218,6214,6215,6215,6219,6215,6217,6217,6218.5,6214.5,6216.0,6216.0
2025-10-15 04:30:00,2800,6217,6214,6215,6215,6218,6216,6217,6216,6217.5,6215.0,6216.0,6215.5
2025-10-15 04:35:00,9400,6217,6212,6215,6214,6218,6213,6216,6215,6217.5,6212.5,6215.5,6214.5
2025-10-15 04:40:00,4700,6216,6213,6214,6215,6217,6214,6215,6217,6216.5,6213.5,6214.5,6216.0
2025-10-15 04:45:00,5600,6218,6215,6216,6217,6219,6216,6217,6219,6218.5,6215.5,6216.5,6218.0
2025-10-15 04:50:00,8400,6217,6215,6217,6215,6219,6216,6219,6217,6218.0,6215.5,6218.0,6216.0
2025-10-15 04:55:00,6300,6218,6215,6215,6216,6219,6216,6217,6218,6218.5,6215.5,6216.0,6217.0
2025-10-15 05:00:00,20500,6220,6210,6216,6215,6222,6212,6218,6217,6221.0,6211.0,6217.0,6216.0
2025-10-15 05:05:00,3400,6216,6214,6215,6214,6218,6216,6217,6216,6217.0,6215.0,6216.0,6215.0
2025-10-15 05:10:00,6800,6218,6214,6214,6217,6220,6216,6216,6219,6219.0,6215.0,6215.0,6218.0
2025-10-15 05:15:00,8100,6219,6214,6217,6214,6220,6216,6219,6216,6219.5,6215.0,6218.0,6215.0
2025-10-15 05:20:00,8200,6220,6214,6214,6217,6222,6216,6216,6219,6221.0,6215.0,6215.0,6218.0
2025-10-15 05:25:00,9100,6217,6210,6217,6212,6219,6211,6219,6213,6218.0,6210.5,6218.0,6212.5
2025-10-15 05:30:00,30100,6212,6205,6211,6212,6214,6206,6213,6213,6213.0,6205.5,6212.0,6212.5
2025-10-15 05:35:00,11400,6212,6207,6212,6211,6213,6208,6213,6213,6212.5,6207.5,6212.5,6212.0
2025-10-15 05:40:00,7100,6212,6209,6211,6210,6213,6211,6213,6212,6212.5,6210.0,6212.0,6211.0
2025-10-15 05:45:00,9500,6210,6206,6210,6210,6212,6207,6212,6212,6211.0,6206.5,6211.0,6211.0
2025-10-15 05:50:00,4200,6210,6207,6209,6207,6212,6208,6212,6208,6211.0,6207.5,6210.5,6207.5
2025-10-15 05:55:00,11000,6208,6203,6207,6204,6210,6205,6208,6205,6209.0,6204.0,6207.5,6204.5
2025-10-15 06:00:00,21800,6207,6200,6204,6202,6209,6202,6205,6204,6208.0,6201.0,6204.5,6203.0
2025-10-15 06:05:00,23400,6203,6200,6202,6201,6205,6201,6204,6203,6203.5,6200.5,6203.0,6202.0
2025-10-15 06:10:00,12600,6202,6197,6201,6199,6203,6199,6203,6201,6202.5,6198.0,6202.0,6200.0
2025-10-15 06:15:00,12300,6204,6197,6199,6204,6206,6199,6201,6206,6205.0,6198.0,6200.0,6205.0
2025-10-15 06:20:00,22600,6207,6201,6204,6206,6210,6202,6206,6209,6208.5,6201.5,6205.0,6207.5
2025-10-15 06:25:00,,6243,6176,6190,6210,6244,6177,6191,6211,6243.5,6176.5,6190.5,6210.5
2025-10-15 06:30:00,561100,6209,6209,6209,6209,6211,6211,6211,6211,6210.0,6210.0,6210.0,6210.0
2025-10-16 00:00:00,81900,6211,6183,6200,6206,6214,6186,6201,6209,6212.5,6184.5,6200.5,6207.5
2025-10-16 00:05:00,23600,6220,6198,6206,6200,6222,6200,6209,6202,6221.0,6199.0,6207.5,6201.0
2025-10-16 00:10:00,16900,6218,6200,6200,6209,6221,6202,6202,6211,6219.5,6201.0,6201.0,6210.0
2025-10-16 00:15:00,10000,6218,6208,6209,6218,6220,6209,6211,6220,6219.0,6208.5,6210.0,6219.0
2025-10-16 00:20:00,10600,6219,6210,6218,6212,6220,6213,6220,6214,6219.5,6211.5,6219.0,6213.0
2025-10-16 00:25:00,11700,6218,6212,6212,6215,6220,6214,6214,6217,6219.0,6213.0,6213.0,6216.0
2025-10-16 00:30:00,6200,6215,6209,6215,6211,6217,6211,6217,6212,6216.0,6210.0,6216.0,6211.5
2025-10-16 00:35:00,7900,6214,6209,6211,6210,6215,6210,6212,6212,6214.5,6209.5,6211.5,6211.0
2025-10-16 00:40:00,6900,6222,6209,6210,6219,6223,6211,6212,6221,6222.5,6210.5,6211.0,6220.0
2025-10-16 00:45:00,9900,6224,6216,6219,6222,6226,6219,6220,6223,6224.5,6217.5,6219.5,6222.5
2025-10-16 00:50:00,8800,6223,6215,6222,6218,6224,6218,6223,6219,6223.5,6216.5,6222.5,6218.5
2025-10-16 00:55:00,7100,6222,6217,6218,6218,6223,6219,6219,6219,6222.5,6218.0,6218.5,6218.5
2025-10-16 01:00:00,9800,6221,6215,6217,6221,6222,6216,6219,6222,6221.5,6215.5,6218.0,6221.5
2025-10-16 01:05:00,16000,6222,6210,6221,6214,6223,6212,6222,6216,6222.5,6211.5,6221.5,6215.0
2025-10-16 01:10:00,9300,6215,6207,6214,6207,6216,6209,6216,6209,6215.5,6208.0,6215.0,6208.0
2025-10-16 01:15:00,6400,6213,6207,6207,6212,6215,6209,6209,6214,6214.0,6208.0,6208.0,6213.0
2025-10-16 01:20:00,9300,6215,6208,6212,6215,6218,6209,6214,6217,6216.5,6208.5,6213.0,6216.0
2025-10-16 01:25:00,3600,6219,6215,6215,6219,6220,6217,6217,6220,6219.5,6216.0,6216.0,6219.5
2025-10-16 01:30:00,7600,6219,6216,6218,6217,6220,6217,6220,6219,6219.5,6216.5,6219.0,6218.0
2025-10-16 01:35:00,4100,6218,6213,6217,6214,6219,6214,6219,6215,6218.5,6213.5,6218.0,6214.5
2025-10-16 01:40:00,5100,6215,6212,6214,6213,6216,6213,6215,6215,6215.5,6212.5,6214.5,6214.0
2025-10-16 01:45:00,6300,6215,6212,6213,6215,6217,6213,6215,6216,6216.0,6212.5,6214.0,6215.5
2025-10-16 01:50:00,5600,6215,6212,6215,6213,6217,6214,6216,6215,6216.0,6213.0,6215.5,6214.0
2025-10-16 01:55:00,4100,6215,6211,6213,6211,6216,6212,6215,6213,6215.5,6211.5,6214.0,6212.0
2025-10-16 02:00:00,4700,6212,6210,6211,6210,6214,6212,6213,6212,6213.0,6211.0,6212.0,6211.0
2025-10-16 02:05:00,5000,6213,6210,6210,6211,6214,6212,6212,6213,6213.5,6211.0,6211.0,6212.0
2025-10-16 02:10:00,11700,6213,6208,6211,6211,6214,6209,6213,6212,6213.5,6208.5,6212.0,6211.5
2025-10-16 02:15:00,6900,6212,6209,6211,6209,6214,6210,6212,6210,6212.5,6209.5,6211.5,6209.5
2025-10-16 02:20:00,6200,6211,6209,6209,6211,6212,6210,6210,6212,6211.5,6209.5,6209.5,6211.5
2025-10-16 02:25:00,7900,6211,6208,6211,6208,6212,6209,6212,6211,6211.5,6208.5,6211.5,6209.5
2025-10-16 02:30:00,5200,6207,6207,6207,6207,6211,6211,6211,6211,6209.0,6209.0,6209.0,6209.0
2025-10-16 03:30:00,51500,6210,6203,6207,6209,6214,6204,6208,6210,6211.5,6203.5,6207.5,6209.5
2025-10-16 03:35:00,12500,6212,6208,6209,6210,6214,6210,6210,6211,6213.0,6209.0,6209.5,6210.5
2025-10-16 03:40:00,7500,6212,6208,6210,6211,6214,6209,6211,6212,6212.5,6208.5,6210.5,6211.5
2025-10-16 03:45:00,9200,6211,6208,6211,6209,6212,6209,6212,6211,6211.5,6208.5,6211.5,6210.0
2025-10-16 03:50:00,7300,6209,6204,6209,6205,6211,6206,6211,6206,6210.0,6205.0,6210.0,6205.5
2025-10-16 03:55:00,9700,6212,6203,6205,6209,6214,6205,6206,6211,6213.0,6204.0,6205.5,6210.0
2025-10-16 04:00:00,8300,6210,6207,6209,6209,6211,6209,6211,6210,6210.5,6208.0,6210.0,6209.5
2025-10-16 04:05:00,4200,6209,6207,6209,6208,6210,6209,6210,6210,6209.5,6208.5,6209.5,6209.0
2025-10-16 04:10:00,9200,6208,6206,6208,6206,6210,6207,6210,6207,6209.0,6206.5,6209.0,6206.5
2025-10-16 04:15:00,12900,6213,6206,6206,6212,6214,6207,6207,6214,6213.5,6206.5,6206.5,6213.0
2025-10-16 04:20:00,4100,6212,6210,6212,6212,6213,6212,6213,6213,6212.5,6211.0,6212.5,6212.5
2025-10-16 04:25:00,6500,6212,6209,6212,6210,6213,6210,6213,6212,6212.5,6209.5,6212.5,6211.0
2025-10-16 04:30:00,7200,6210,6207,6210,6210,6212,6209,6212,6211,6211.0,6208.5,6211.0,6210.5
2025-10-16 04:35:00,6300,6211,6209,6210,6210,6213,6211,6211,6212,6212.0,6210.0,6210.5,6211.0
2025-10-16 04:40:00,7100,6214,6209,6210,6214,6215,6211,6212,6215,6214.5,6210.0,6211.0,6214.5
2025-10-16 04:45:00,5300,6215,6213,6214,6214,6216,6214,6215,6216,6215.5,6213.5,6214.5,6215.0
2025-10-16 04:50:00,5400,6216,6214,6214,6215,6217,6215,6216,6217,6216.5,6214.5,6215.0,6216.0
2025-10-16 04:55:00,6500,6218,6215,6215,6218,6220,6216,6217,6220,6219.0,6215.5,6216.0,6219.0
2025-10-16 05:00:00,10900,6225,6218,6218,6225,6227,6220,6220,6227,6226.0,6219.0,6219.0,6226.0
2025-10-16 05:05:00,6400,6226,6222,6225,6224,6227,6224,6227,6226,6226.5,6223.0,6226.0,6225.0
2025-10-16 05:10:00,8000,6225,6221,6224,6222,6226,6222,6226,6223,6225.5,6221.5,6225.0,6222.5
2025-10-16 05:15:00,5900,6222,6220,6222,6221,6223,6221,6223,6223,6222.5,6220.5,6222.5,6222.0
2025-10-16 05:20:00,5000,6221,6218,6221,6221,6223,6220,6223,6223,6222.0,6219.0,6222.0,6222.0
2025-10-16 05:25:00,13700,6226,6221,6221,6226,6228,6222,6223,6228,6227.0,6221.5,6222.0,6227.0
2025-10-16 05:30:00,10800,6232,6226,6226,6227,6235,6227,6228,6230,6233.5,6226.5,6227.0,6228.5
2025-10-16 05:35:00,4600,6227,6223,6227,6224,6230,6226,6230,6226,6228.5,6224.5,6228.5,6225.0
2025-10-16 05:40:00,6600,6227,6224,6224,6224,6229,6226,6226,6226,6228.0,6225.0,6225.0,6225.0
2025-10-16 05:45:00,6900,6228,6222,6224,6228,6229,6224,6226,6229,6228.5,6223.5,6225.0,6228.5
2025-10-16 05:50:00,9900,6229,6224,6228,6229,6230,6226,6229,6230,6229.5,6225.0,6228.5,6229.5
2025-10-16 05:55:00,5500,6230,6227,6229,6227,6232,6229,6230,6229,6231.0,6228.0,6229.5,6228.0
2025-10-16 06:00:00,12400,6227,6222,6227,6224,6229,6224,6229,6226,6228.0,6223.0,6228.0,6225.0
2025-10-16 06:05:00,11100,6225,6217,6224,6217,6227,6219,6226,6219,6226.0,6218.0,6225.0,6218.0
2025-10-16 06:10:00,12500,6223,6216,6217,6223,6225,6218,6219,6225,6224.0,6217.0,6218.0,6224.0
2025-10-16 06:15:00,15900,6230,6220,6223,6225,6231,6223,6225,6226,6230.5,6221.5,6224.0,6225.5
2025-10-16 06:20:00,18700,6227,6221,6225,6226,6228,6222,6226,6228,6227.5,6221.5,6225.5,6227.0
2025-10-16 06:25:00,,6257,6169,6200,6210,6258,6170,6201,6211,6257.5,6169.5,6200.5,6210.5
2025-10-16 06:30:00,639400,6209,6209,6209,6209,6225,6225,6225,6225,6217.0,6217.0,6217.0,6217.0
2025-10-17 00:00:00,111800,6266,6215,6215,6261,6269,6216,6216,6263,6267.5,6215.5,6215.5,6262.0
2025-10-17 00:05:00,22700,6268,6253,6261,6268,6269,6255,6263,6269,6268.5,6254.5,6262.0,6268.5
2025-10-17 00:10:00,38100,6277,6258,6268,6262,6279,6261,6269,6264,6277.5,6259.5,6268.5,6263.0
2025-10-17 00:15:00,20800,6262,6252,6262,6259,6265,6254,6264,6261,6263.5,6253.0,6263.0,6260.0
2025-10-17 00:20:00,8500,6264,6252,6259,6255,6266,6255,6261,6258,6265.0,6253.5,6260.0,6256.5
2025-10-17 00:25:00,6500,6258,6252,6255,6258,6259,6254,6258,6259,6258.5,6253.0,6256.5,6258.5
2025-10-17 00:30:00,9700,6265,6252,6257,6265,6268,6254,6259,6268,6266.5,6253.0,6258.0,6266.5
2025-10-17 00:35:00,4200,6265,6260,6265,6260,6268,6262,6268,6263,6266.5,6261.0,6266.5,6261.5
2025-10-17 00:40:00,16400,6270,6259,6260,6270,6273,6261,6263,6272,6271.5,6260.0,6261.5,6271.0
2025-10-17 00:45:00,10600,6272,6264,6270,6270,6274,6266,6272,6272,6273.0,6265.5,6271.0,6271.0
2025-10-17 00:50:00,3100,6271,6268,6270,6271,6273,6269,6272,6273,6272.0,6268.5,6271.0,6272.0
2025-10-17 00:55:00,13000,6277,6268,6271,6275,6278,6271,6273,6277,6277.5,6269.5,6272.0,6276.0
2025-10-17 01:00:00,6500,6279,6275,6275,6276,6280,6277,6277,6278,6279.5,6276.0,6276.0,6277.0
2025-10-17 01:05:00,8100,6279,6272,6276,6279,6280,6274,6278,6280,6279.5,6273.0,6277.0,6279.5
2025-10-17 01:10:00,3700,6279,6275,6279,6278,6280,6277,6280,6279,6279.5,6276.0,6279.5,6278.5
2025-10-17 01:15:00,20900,6282,6271,6278,6282,6284,6272,6279,6284,6283.0,6271.5,6278.5,6283.0
2025-10-17 01:20:00,7600,6283,6277,6282,6282,6285,6279,6284,6284,6283.5,6278.0,6283.0,6283.0
2025-10-17 01:25:00,15300,6286,6280,6282,6284,6287,6282,6284,6286,6286.5,6281.5,6283.0,6285.0
2025-10-17 01:30:00,7600,6286,6278,6284,6285,6287,6281,6286,6286,6286.5,6279.5,6285.0,6285.5
2025-10-17 01:35:00,3100,6287,6283,6285,6287,6288,6285,6286,6288,6287.5,6284.0,6285.5,6287.5
2025-10-17 01:40:00,5300,6287,6282,6287,6285,6288,6284,6288,6286,6287.5,6283.0,6287.5,6285.5
2025-10-17 01:45:00,10300,6289,6284,6285,6286,6290,6286,6286,6288,6289.5,6285.0,6285.5,6287.0
2025-10-17 01:50:00,13800,6292,6278,6286,6278,6294,6280,6288,6280,6293.0,6279.0,6287.0,6279.0
2025-10-17 01:55:00,5700,6279,6273,6278,6279,6281,6274,6280,6281,6280.0,6273.5,6279.0,6280.0
2025-10-17 02:00:00,5200,6285,6276,6279,6284,6288,6279,6281,6286,6286.5,6277.5,6280.0,6285.0
2025-10-17 02:05:00,4400,6285,6276,6284,6278,6286,6278,6286,6279,6285.5,6277.0,6285.0,6278.5
2025-10-17 02:10:00,4500,6278,6272,6278,6277,6279,6275,6279,6278,6278.5,6273.5,6278.5,6277.5
2025-10-17 02:15:00,10400,6285,6277,6277,6285,6288,6278,6278,6287,6286.5,6277.5,6277.5,6286.0
2025-10-17 02:20:00,5200,6285,6280,6285,6280,6287,6282,6287,6282,6286.0,6281.0,6286.0,6281.0
2025-10-17 02:25:00,12600,6286,6277,6280,6285,6288,6278,6282,6288,6287.0,6277.5,6281.0,6286.5
2025-10-17 02:30:00,1100,6285,6285,6285,6285,6288,6288,6288,6288,6286.5,6286.5,6286.5,6286.5
2025-10-17 03:30:00,29800,6286,6277,6284,6277,6288,6279,6284,6279,6286.0,6278.0,6284.0,6278.0
2025-10-17 03:35:00,23300,6277,6271,6277,6273,6280,6274,6279,6276,6278.5,6272.5,6278.0,6274.5
2025-10-17 03:40:00,11100,6280,6272,6273,6280,6282,6275,6276,6281,6281.0,6273.5,6274.5,6280.5
2025-10-17 03:45:00,20100,6287,6279,6280,6280,6288,6280,6281,6282,6287.5,6279.5,6280.5,6281.0
2025-10-17 03:50:00,20100,6282,6275,6280,6278,6284,6277,6282,6280,6283.0,6276.0,6281.0,6279.0
2025-10-17 03:55:00,6300,6279,6274,6278,6277,6280,6276,6280,6279,6279.5,6275.0,6279.0,6278.0
2025-10-17 04:00:00,13400,6284,6274,6277,6284,6286,6277,6279,6286,6285.0,6275.5,6278.0,6285.0
2025-10-17 04:05:00,4700,6286,6283,6283,6284,6287,6284,6286,6286,6286.5,6283.5,6284.5,6285.0
2025-10-17 04:10:00,9400,6286,6282,6284,6284,6287,6284,6286,6286,6286.5,6283.0,6285.0,6285.0
2025-10-17 04:15:00,9300,6285,6280,6284,6281,6286,6281,6286,6283,6285.5,6280.5,6285.0,6282.0
2025-10-17 04:20:00,19900,6284,6277,6281,6279,6285,6278,6283,6281,6284.5,6277.5,6282.0,6280.0
2025-10-17 04:25:00,8500,6280,6274,6279,6277,6281,6276,6281,6278,6280.5,6275.0,6280.0,6277.5
2025-10-17 04:30:00,22400,6277,6270,6277,6277,6279,6272,6278,6279,6278.0,6271.0,6277.5,6278.0
2025-10-17 04:35:00,3800,6280,6277,6277,6278,6282,6279,6279,6279,6281.0,6278.0,6278.0,6278.5
2025-10-17 04:40:00,6400,6281,6277,6278,6280,6282,6279,6279,6282,6281.5,6278.0,6278.5,6281.0
2025-10-17 04:45:00,4200,6281,6279,6280,6279,6282,6280,6282,6280,6281.5,6279.5,6281.0,6279.5
2025-10-17 04:50:00,6600,6279,6275,6279,6276,6280,6276,6280,6277,6279.5,6275.5,6279.5,6276.5
2025-10-17 04:55:00,6100,6281,6275,6276,6280,6282,6277,6277,6282,6281.5,6276.0,6276.5,6281.0
2025-10-17 05:00:00,6800,6281,6278,6280,6279,6282,6279,6282,6280,6281.5,6278.5,6281.0,6279.5
2025-10-17 05:05:00,5000,6280,6277,6279,6277,6281,6278,6280,6278,6280.5,6277.5,6279.5,6277.5
2025-10-17 05:10:00,5500,6280,6277,6277,6278,6281,6278,6278,6279,6280.5,6277.5,6277.5,6278.5
2025-10-17 05:15:00,8100,6279,6276,6278,6277,6280,6277,6279,6279,6279.5,6276.5,6278.5,6278.0
2025-10-17 05:20:00,8000,6284,6277,6277,6282,6285,6279,6279,6284,6284.5,6278.0,6278.0,6283.0
2025-10-17 05:25:00,8000,6284,6281,6282,6283,6285,6282,6284,6284,6284.5,6281.5,6283.0,6283.5
2025-10-17 05:30:00,17300,6292,6282,6283,6292,6293,6284,6284,6293,6292.5,6283.5,6283.5,6292.5
2025-10-17 05:35:00,15400,6293,6290,6292,6290,6294,6291,6293,6292,6293.5,6290.5,6292.5,6291.0
2025-10-17 05:40:00,11200,6291,6287,6290,6290,6292,6288,6292,6291,6291.5,6287.5,6291.0,6290.5
2025-10-17 05:45:00,14100,6291,6288,6290,6290,6293,6290,6291,6291,6292.0,6289.0,6290.5,6290.5
2025-10-17 05:50:00,12500,6294,6288,6290,6293,6295,6289,6291,6294,6294.5,6288.5,6290.5,6293.5
2025-10-17 05:55:00,20300,6297,6291,6293,6291,6298,6292,6294,6292,6297.5,6291.5,6293.5,6291.5
2025-10-17 06:00:00,19700,6298,6290,6291,6297,6300,6291,6292,6299,6299.0,6290.5,6291.5,6298.0
2025-10-17 06:05:00,33700,6301,6291,6298,6292,6303,6294,6299,6294,6302.0,6292.5,6298.5,6293.0
2025-10-17 06:10:00,14800,6292,6285,6292,6286,6294,6286,6294,6287,6293.0,6285.5,6293.0,6286.5
2025-10-17 06:15:00,22400,6292,6281,6286,6282,6293,6284,6287,6284,6292.5,6282.5,6286.5,6283.0
2025-10-17 06:20:00,60100,6301,6281,6282,6301,6305,6283,6284,6305,6303.0,6282.0,6283.0,6303.0
2025-10-17 06:25:00,,6336,6280,6280,6296,6337,6281,6281,6297,6336.5,6280.5,6280.5,6296.5
2025-10-17 06:30:00,407900,6296,6296,6296,6296,6298,6298,6298,6298,6297.0,6297.0,6297.0,6297.0
2025-10-20 00:00:00,107700,6358,6322,6352,6330,6362,6323,6353,6332,6360.0,6322.5,6352.5,6331.0
2025-10-20 00:05:00,32000,6343,6322,6330,6325,6345,6323,6332,6326,6343.5,6322.5,6331.0,6325.5
2025-10-20 00:10:00,39000,6342,6322,6325,6342,6343,6323,6326,6343,6342.5,6322.5,6325.5,6342.5
2025-10-20 00:15:00,47300,6349,6336,6342,6341,6350,6337,6343,6343,6349.5,6336.5,6342.5,6342.0
2025-10-20 00:20:00,19900,6354,6339,6341,6354,6355,6341,6343,6355,6354.5,6340.0,6342.0,6354.5
2025-10-20 00:25:00,31000,6355,6348,6354,6354,6357,6349,6355,6355,6356.0,6348.5,6354.5,6354.5
2025-10-20 00:30:00,18500,6354,6348,6354,6352,6356,6349,6355,6354,6355.0,6348.5,6354.5,6353.0
2025-10-20 00:35:00,31600,6358,6353,6353,6358,6359,6354,6354,6359,6358.5,6353.5,6353.5,6358.5
2025-10-20 00:40:00,26900,6363,6351,6358,6352,6365,6352,6359,6353,6364.0,6351.5,6358.5,6352.5
2025-10-20 00:45:00,12900,6355,6349,6352,6355,6357,6350,6353,6357,6356.0,6349.5,6352.5,6356.0
2025-10-20 00:50:00,13000,6356,6352,6355,6354,6359,6353,6357,6355,6357.5,6352.5,6356.0,6354.5
2025-10-20 00:55:00,5000,6355,6352,6354,6353,6356,6353,6355,6355,6355.5,6352.5,6354.5,6354.0
2025-10-20 01:00:00,19400,6356,6345,6353,6347,6357,6346,6355,6349,6356.5,6345.5,6354.0,6348.0
2025-10-20 01:05:00,13600,6358,6347,6347,6358,6360,6348,6349,6360,6359.0,6347.5,6348.0,6359.0
2025-10-20 01:10:00,9600,6359,6353,6358,6354,6360,6354,6359,6355,6359.5,6353.5,6358.5,6354.5
2025-10-20 01:15:00,5300,6355,6350,6354,6351,6356,6351,6355,6353,6355.5,6350.5,6354.5,6352.0
2025-10-20 01:20:00,21900,6357,6347,6351,6357,6358,6348,6353,6358,6357.5,6347.5,6352.0,6357.5
2025-10-20 01:25:00,24700,6357,6342,6357,6342,6358,6343,6358,6343,6357.5,6342.5,6357.5,6342.5
2025-10-20 01:30:00,28200,6346,6338,6342,6339,6348,6339,6343,6341,6347.0,6338.5,6342.5,6340.0
2025-10-20 01:35:00,17900,6340,6332,6339,6333,6342,6333,6341,6335,6340.5,6332.5,6340.0,6334.0
2025-10-20 01:40:00,10700,6338,6331,6333,6338,6339,6332,6335,6339,6338.5,6331.5,6334.0,6338.5
2025-10-20 01:45:00,18700,6343,6338,6338,6341,6345,6339,6339,6343,6343.5,6338.5,6338.5,6342.0
2025-10-20 01:50:00,9500,6341,6338,6341,6339,6343,6339,6343,6341,6342.0,6338.5,6342.0,6340.0
2025-10-20 01:55:00,6300,6340,6336,6339,6337,6341,6337,6341,6339,6340.5,6336.5,6340.0,6338.0
2025-10-20 02:00:00,9900,6341,6334,6338,6341,6343,6335,6339,6343,6342.0,6334.5,6338.5,6342.0
2025-10-20 02:05:00,4500,6343,6341,6341,6341,6344,6342,6343,6343,6343.5,6341.5,6342.0,6342.0
2025-10-20 02:10:00,10300,6343,6339,6342,6339,6345,6340,6343,6340,6344.0,6339.5,6342.5,6339.5
2025-10-20 02:15:00,12600,6346,6336,6339,6345,6347,6337,6340,6346,6346.5,6336.5,6339.5,6345.5
2025-10-20 02:20:00,4500,6347,6343,6345,6346,6348,6344,6346,6348,6347.5,6343.5,6345.5,6347.0
2025-10-20 02:25:00,11300,6355,6345,6346,6354,6356,6347,6348,6356,6355.5,6346.0,6347.0,6355.0
2025-10-20 02:30:00,1800,6354,6354,6354,6354,6358,6358,6358,6358,6356.0,6356.0,6356.0,6356.0
2025-10-20 03:30:00,27000,6353,6348,6350,6353,6358,6349,6351,6354,6355.0,6348.5,6350.5,6353.5
2025-10-20 03:35:00,24800,6353,6343,6353,6349,6354,6344,6354,6350,6353.5,6343.5,6353.5,6349.5
2025-10-20 03:40:00,8700,6350,6343,6349,6347,6351,6344,6350,6348,6350.5,6343.5,6349.5,6347.5
2025-10-20 03:45:00,28100,6354,6344,6347,6352,6355,6346,6348,6354,6354.5,6345.0,6347.5,6353.0
2025-10-20 03:50:00,7000,6353,6347,6352,6350,6354,6349,6353,6352,6353.5,6348.0,6352.5,6351.0
2025-10-20 03:55:00,7200,6351,6346,6350,6349,6353,6347,6352,6350,6352.0,6346.5,6351.0,6349.5
2025-10-20 04:00:00,13800,6355,6347,6349,6355,6357,6349,6350,6356,6356.0,6348.0,6349.5,6355.5
2025-10-20 04:05:00,41200,6366,6355,6355,6366,6367,6356,6356,6367,6366.5,6355.5,6355.5,6366.5
2025-10-20 04:10:00,10000,6368,6364,6366,6368,6369,6366,6367,6369,6368.5,6365.0,6366.5,6368.5
2025-10-20 04:15:00,9200,6369,6365,6368,6368,6370,6366,6369,6370,6369.5,6365.5,6368.5,6369.0
2025-10-20 04:20:00,6500,6369,6366,6368,6368,6370,6367,6369,6369,6369.5,6366.5,6368.5,6368.5
2025-10-20 04:25:00,5700,6369,6366,6368,6367,6370,6367,6369,6368,6369.5,6366.5,6368.5,6367.5
2025-10-20 04:30:00,5000,6367,6361,6367,6362,6369,6363,6368,6363,6368.0,6362.0,6367.5,6362.5
2025-10-20 04:35:00,5900,6362,6358,6362,6359,6363,6359,6363,6360,6362.5,6358.5,6362.5,6359.5
2025-10-20 04:40:00,10400,6364,6357,6359,6363,6365,6359,6361,6365,6364.5,6358.0,6360.0,6364.0
2025-10-20 04:45:00,6400,6364,6361,6363,6362,6365,6363,6364,6364,6364.5,6362.0,6363.5,6363.0
2025-10-20 04:50:00,9000,6363,6358,6362,6360,6364,6359,6364,6361,6363.5,6358.5,6363.0,6360.5
2025-10-20 04:55:00,8000,6364,6360,6360,6362,6365,6361,6361,6363,6364.5,6360.5,6360.5,6362.5
2025-10-20 05:00:00,14300,6362,6359,6362,6362,6363,6360,6363,6363,6362.5,6359.5,6362.5,6362.5
2025-10-20 05:05:00,6700,6362,6359,6362,6360,6364,6361,6363,6362,6363.0,6360.0,6362.5,6361.0
2025-10-20 05:10:00,2800,6361,6359,6360,6359,6363,6360,6362,6361,6362.0,6359.5,6361.0,6360.0
2025-10-20 05:15:00,9000,6364,6359,6359,6363,6365,6360,6361,6364,6364.5,6359.5,6360.0,6363.5
2025-10-20 05:20:00,7100,6365,6362,6363,6364,6366,6363,6364,6366,6365.5,6362.5,6363.5,6365.0
2025-10-20 05:25:00,4500,6365,6363,6364,6364,6366,6364,6366,6365,6365.5,6363.5,6365.0,6364.5
2025-10-20 05:30:00,9400,6366,6361,6363,6365,6367,6363,6365,6366,6366.5,6362.0,6364.0,6365.5
2025-10-20 05:35:00,8900,6368,6364,6365,6368,6370,6366,6366,6369,6369.0,6365.0,6365.5,6368.5
2025-10-20 05:40:00,26100,6369,6364,6368,6367,6370,6365,6369,6368,6369.5,6364.5,6368.5,6367.5
2025-10-20 05:45:00,13900,6369,6366,6367,6368,6370,6367,6369,6370,6369.5,6366.5,6368.0,6369.0
2025-10-20 05:50:00,22900,6370,6364,6368,6370,6372,6366,6370,6372,6371.0,6365.0,6369.0,6371.0
2025-10-20 05:55:00,7000,6371,6367,6370,6368,6372,6368,6372,6369,6371.5,6367.5,6371.0,6368.5
2025-10-20 06:00:00,8500,6368,6364,6368,6367,6369,6365,6369,6368,6368.5,6364.5,6368.5,6367.5
2025-10-20 06:05:00,7300,6368,6365,6367,6366,6369,6366,6369,6367,6368.5,6365.5,6368.0,6366.5
2025-10-20 06:10:00,9700,6369,6366,6366,6366,6370,6367,6367,6368,6369.5,6366.5,6366.5,6367.0
2025-10-20 06:15:00,15800,6369,6365,6366,6367,6370,6366,6368,6368,6369.5,6365.5,6367.0,6367.5
2025-10-20 06:20:00,28400,6370,6367,6367,6369,6372,6368,6368,6371,6370.5,6367.5,6367.5,6370.0
2025-10-20 06:25:00,,6499,6371,6385,6371,6500,6372,6385,6372,6499.5,6371.5,6385.0,6371.5
2025-10-20 06:30:00,382900,6371,6371,6371,6371,6372,6372,6372,6372,6371.5,6371.5,6371.5,6371.5
2025-10-21 00:00:00,133600,6417,6383,6383,6417,6419,6384,6384,6419,6418.0,6383.5,6383.5,6418.0
2025-10-21 00:05:00,63400,6442,6415,6417,6437,6444,6417,6419,6439,6442.5,6416.0,6418.0,6438.0
2025-10-21 00:10:00,22200,6437,6421,6437,6426,6439,6424,6439,6428,6438.0,6422.5,6438.0,6427.0
2025-10-21 00:15:00,20700,6426,6411,6426,6416,6428,6412,6428,6418,6427.0,6411.5,6427.0,6417.0
2025-10-21 00:20:00,11200,6418,6411,6416,6412,6420,6413,6418,6414,6419.0,6412.0,6417.0,6413.0
2025-10-21 00:25:00,10200,6421,6410,6412,6421,6423,6412,6414,6423,6422.0,6411.0,6413.0,6422.0
2025-10-21 00:30:00,11200,6423,6414,6422,6415,6425,6416,6423,6418,6424.0,6415.0,6422.5,6416.5
2025-10-21 00:35:00,9300,6420,6414,6415,6418,6421,6416,6418,6420,6420.5,6415.0,6416.5,6419.0
2025-10-21 00:40:00,8200,6421,6415,6418,6420,6423,6417,6420,6422,6422.0,6416.0,6419.0,6421.0
2025-10-21 00:45:00,8600,6425,6420,6420,6424,6426,6421,6422,6425,6425.5,6420.5,6421.0,6424.5
2025-10-21 00:50:00,6800,6424,6419,6424,6420,6425,6420,6425,6422,6424.5,6419.5,6424.5,6421.0
2025-10-21 00:55:00,24100,6431,6420,6420,6430,6432,6421,6422,6431,6431.5,6420.5,6421.0,6430.5
2025-10-21 01:00:00,14300,6431,6425,6430,6426,6432,6427,6431,6428,6431.5,6426.0,6430.5,6427.0
2025-10-21 01:05:00,4700,6427,6422,6426,6422,6428,6423,6428,6423,6427.5,6422.5,6427.0,6422.5
2025-10-21 01:10:00,6300,6425,6422,6422,6424,6427,6423,6423,6425,6426.0,6422.5,6422.5,6424.5
2025-10-21 01:15:00,7600,6429,6424,6424,6426,6430,6425,6425,6428,6429.5,6424.5,6424.5,6427.0
2025-10-21 01:20:00,11900,6429,6423,6426,6424,6430,6425,6428,6425,6429.5,6424.0,6427.0,6424.5
2025-10-21 01:25:00,24000,6436,6424,6424,6432,6438,6425,6425,6434,6437.0,6424.5,6424.5,6433.0
2025-10-21 01:30:00,26100,6439,6429,6432,6436,6440,6430,6434,6438,6439.5,6429.5,6433.0,6437.0
2025-10-21 01:35:00,8500,6436,6431,6436,6434,6438,6433,6438,6436,6437.0,6432.0,6437.0,6435.0
2025-10-21 01:40:00,7700,6438,6434,6434,6434,6439,6435,6436,6436,6438.5,6434.5,6435.0,6435.0
2025-10-21 01:45:00,9900,6438,6433,6434,6435,6439,6435,6437,6436,6438.5,6434.0,6435.5,6435.5
2025-10-21 01:50:00,5900,6437,6433,6435,6436,6438,6435,6436,6437,6437.5,6434.0,6435.5,6436.5
2025-10-21 01:55:00,8500,6439,6435,6436,6438,6440,6436,6437,6439,6439.5,6435.5,6436.5,6438.5
2025-10-21 02:00:00,31400,6446,6438,6438,6442,6447,6439,6439,6444,6446.5,6438.5,6438.5,6443.0
2025-10-21 02:05:00,25100,6446,6439,6442,6446,6447,6440,6444,6447,6446.5,6439.5,6443.0,6446.5
2025-10-21 02:10:00,7900,6446,6443,6446,6446,6448,6445,6447,6448,6447.0,6444.0,6446.5,6447.0
2025-10-21 02:15:00,26100,6451,6445,6446,6448,6452,6446,6448,6449,6451.5,6445.5,6447.0,6448.5
2025-10-21 02:20:00,6100,6448,6437,6448,6440,6449,6439,6449,6441,6448.5,6438.0,6448.5,6440.5
2025-10-21 02:25:00,6600,6444,6438,6440,6442,6445,6440,6441,6444,6444.5,6439.0,6440.5,6443.0
2025-10-21 02:30:00,6100,6442,6442,6442,6442,6445,6445,6445,6445,6443.5,6443.5,6443.5,6443.5
2025-10-21 03:30:00,32800,6445,6427,6445,6429,6446,6428,6446,6430,6445.5,6427.5,6445.5,6429.5
2025-10-21 03:35:00,17800,6439,6428,6429,6436,6441,6429,6430,6438,6440.0,6428.5,6429.5,6437.0
2025-10-21 03:40:00,13400,6441,6430,6436,6440,6442,6432,6438,6442,6441.5,6431.0,6437.0,6441.0
2025-10-21 03:45:00,6200,6443,6437,6440,6441,6445,6439,6442,6443,6444.0,6438.0,6441.0,6442.0
2025-10-21 03:50:00,10500,6447,6440,6441,6442,6449,6441,6443,6444,6448.0,6440.5,6442.0,6443.0
2025-10-21 03:55:00,17300,6447,6438,6442,6445,6448,6439,6444,6447,6447.5,6438.5,6443.0,6446.0
2025-10-21 04:00:00,6500,6445,6438,6445,6439,6447,6440,6447,6441,6446.0,6439.0,6446.0,6440.0
2025-10-21 04:05:00,4700,6441,6437,6439,6437,6442,6439,6441,6439,6441.5,6438.0,6440.0,6438.0
2025-10-21 04:10:00,12000,6438,6432,6437,6438,6439,6433,6439,6439,6438.5,6432.5,6438.0,6438.5
2025-10-21 04:15:00,7300,6439,6431,6438,6432,6440,6433,6439,6433,6439.5,6432.0,6438.5,6432.5
2025-10-21 04:20:00,6000,6432,6430,6432,6432,6435,6431,6433,6433,6433.5,6430.5,6432.5,6432.5
2025-10-21 04:25:00,8900,6438,6432,6432,6435,6439,6433,6433,6437,6438.5,6432.5,6432.5,6436.0
2025-10-21 04:30:00,7700,6437,6433,6435,6434,6438,6435,6437,6435,6437.5,6434.0,6436.0,6434.5
2025-10-21 04:35:00,5000,6434,6431,6434,6431,6435,6432,6435,6432,6434.5,6431.5,6434.5,6431.5
2025-10-21 04:40:00,7100,6433,6430,6431,6432,6434,6431,6432,6434,6433.5,6430.5,6431.5,6433.0
2025-10-21 04:45:00,15200,6433,6426,6432,6426,6434,6427,6434,6427,6433.5,6426.5,6433.0,6426.5
2025-10-21 04:50:00,22800,6431,6423,6426,6427,6432,6424,6427,6429,6431.5,6423.5,6426.5,6428.0
2025-10-21 04:55:00,15800,6430,6422,6427,6427,6431,6424,6429,6429,6430.5,6423.0,6428.0,6428.0
2025-10-21 05:00:00,10700,6433,6423,6427,6430,6435,6425,6429,6432,6434.0,6424.0,6428.0,6431.0
2025-10-21 05:05:00,17400,6434,6427,6429,6431,6435,6428,6432,6433,6434.5,6427.5,6430.5,6432.0
2025-10-21 05:10:00,4800,6433,6429,6431,6429,6434,6430,6433,6430,6433.5,6429.5,6432.0,6429.5
2025-10-21 05:15:00,7800,6437,6429,6429,6432,6438,6430,6430,6435,6437.5,6429.5,6429.5,6433.5
2025-10-21 05:20:00,7400,6437,6432,6432,6434,6438,6433,6435,6436,6437.5,6432.5,6433.5,6435.0
2025-10-21 05:25:00,7100,6437,6432,6434,6436,6438,6433,6436,6437,6437.5,6432.5,6435.0,6436.5
2025-10-21 05:30:00,11900,6436,6431,6436,6434,6437,6434,6437,6435,6436.5,6432.5,6436.5,6434.5
2025-10-21 05:35:00,3600,6434,6431,6434,6432,6435,6432,6435,6433,6434.5,6431.5,6434.5,6432.5
2025-10-21 05:40:00,14400,6438,6430,6432,6435,6440,6432,6433,6437,6439.0,6431.5,6432.5,6436.0
2025-10-21 05:45:00,23400,6446,6435,6435,6445,6447,6436,6437,6446,6446.5,6435.5,6436.0,6445.5
2025-10-21 05:50:00,20400,6446,6434,6445,6437,6447,6436,6446,6439,6446.5,6435.0,6445.5,6438.0
2025-10-21 05:55:00,8300,6437,6432,6437,6434,6439,6434,6439,6436,6438.0,6433.0,6438.0,6435.0
2025-10-21 06:00:00,9300,6440,6433,6434,6438,6441,6435,6436,6439,6440.5,6434.0,6435.0,6438.5
2025-10-21 06:05:00,26800,6449,6436,6438,6447,6450,6438,6439,6449,6449.5,6437.0,6438.5,6448.0
2025-10-21 06:10:00,17400,6450,6445,6447,6445,6451,6446,6449,6446,6450.5,6445.5,6448.0,6445.5
2025-10-21 06:15:00,18700,6447,6439,6445,6444,6448,6441,6446,6445,6447.5,6440.0,6445.5,6444.5
2025-10-21 06:20:00,26800,6450,6443,6444,6447,6451,6444,6445,6449,6450.5,6443.5,6444.5,6448.0
2025-10-21 06:25:00,,6453,6408,6453,6428,6454,6408,6454,6429,6453.5,6408.0,6453.5,6428.5
2025-10-21 06:30:00,460800,6428,6428,6428,6428,6446,6446,6446,6446,6437.0,6437.0,6437.0,6437.0
2025-10-22 00:00:00,88300,6452,6428,6428,6450,6453,6429,6429,6452,6452.5,6428.5,6428.5,6451.0
2025-10-22 00:05:00,40400,6469,6450,6450,6463,6470,6452,6452,6466,6469.5,6451.0,6451.0,6464.5
2025-10-22 00:10:00,35600,6475,6460,6463,6474,6476,6462,6466,6476,6475.5,6461.0,6464.5,6475.0
2025-10-22 00:15:00,27900,6477,6468,6474,6473,6478,6470,6476,6475,6477.5,6469.0,6475.0,6474.0
2025-10-22 00:20:00,13600,6474,6465,6473,6465,6475,6466,6475,6467,6474.5,6465.5,6474.0,6466.0
2025-10-22 00:25:00,24900,6473,6460,6465,6470,6475,6461,6467,6472,6474.0,6460.5,6466.0,6471.0
2025-10-22 00:30:00,23500,6473,6453,6470,6454,6474,6456,6472,6456,6473.5,6454.5,6471.0,6455.0
2025-10-22 00:35:00,17400,6455,6444,6454,6445,6458,6446,6456,6447,6456.5,6445.0,6455.0,6446.0
2025-10-22 00:40:00,19100,6458,6444,6445,6452,6460,6445,6447,6455,6459.0,6444.5,6446.0,6453.5
2025-10-22 00:45:00,17000,6453,6441,6452,6443,6455,6444,6455,6444,6454.0,6443.0,6453.5,6443.5
2025-10-22 00:50:00,32700,6446,6436,6443,6443,6447,6437,6444,6445,6446.5,6436.5,6443.5,6444.0
2025-10-22 00:55:00,6200,6452,6442,6443,6442,6453,6444,6445,6444,6452.5,6443.0,6444.0,6443.0
2025-10-22 01:00:00,17000,6450,6441,6442,6446,6451,6442,6444,6448,6450.5,6441.5,6443.0,6447.0
2025-10-22 01:05:00,7800,6448,6441,6446,6447,6449,6442,6448,6449,6448.5,6441.5,6447.0,6448.0
2025-10-22 01:10:00,8800,6449,6444,6447,6446,6450,6447,6449,6448,6449.5,6445.5,6448.0,6447.0
2025-10-22 01:15:00,6500,6446,6443,6446,6443,6448,6444,6448,6444,6447.0,6443.5,6447.0,6443.5
2025-10-22 01:20:00,19300,6443,6433,6443,6435,6444,6434,6444,6437,6443.5,6433.5,6443.5,6436.0
2025-10-22 01:25:00,14500,6439,6430,6435,6437,6440,6431,6437,6439,6439.5,6430.5,6436.0,6438.0
2025-10-22 01:30:00,7900,6439,6433,6437,6437,6440,6435,6439,6439,6439.5,6434.0,6438.0,6438.0
2025-10-22 01:35:00,4400,6441,6436,6437,6440,6443,6437,6439,6442,6442.0,6436.5,6438.0,6441.0
2025-10-22 01:40:00,3900,6440,6436,6440,6439,6442,6437,6442,6441,6441.0,6436.5,6441.0,6440.0
2025-10-22 01:45:00,5800,6446,6439,6439,6442,6447,6440,6441,6444,6446.5,6439.5,6440.0,6443.0
2025-10-22 01:50:00,2900,6445,6442,6442,6443,6446,6443,6444,6444,6445.5,6442.5,6443.0,6443.5
2025-10-22 01:55:00,4900,6443,6438,6443,6438,6444,6439,6444,6439,6443.5,6438.5,6443.5,6438.5
2025-10-22 02:00:00,5200,6440,6437,6438,6437,6441,6438,6439,6438,6440.5,6437.5,6438.5,6437.5
2025-10-22 02:05:00,11800,6438,6431,6437,6431,6439,6432,6438,6433,6438.5,6431.5,6437.5,6432.0
2025-10-22 02:10:00,6900,6435,6431,6431,6434,6438,6433,6433,6435,6436.0,6432.0,6432.0,6434.5
2025-10-22 02:15:00,6700,6435,6430,6434,6431,6436,6431,6435,6432,6435.5,6430.5,6434.5,6431.5
2025-10-22 02:20:00,4200,6434,6430,6431,6434,6437,6431,6432,6435,6435.5,6430.5,6431.5,6434.5
2025-10-22 02:25:00,8500,6440,6433,6434,6436,6441,6434,6435,6437,6440.5,6433.5,6434.5,6436.5
2025-10-22 02:30:00,300,6436,6436,6436,6436,6437,6437,6437,6437,6436.5,6436.5,6436.5,6436.5
2025-10-22 03:30:00,43900,6437,6425,6437,6429,6442,6427,6437,6431,6439.0,6426.0,6437.0,6430.0
2025-10-22 03:35:00,7200,6434,6429,6429,6434,6435,6430,6431,6435,6434.5,6429.5,6430.0,6434.5
2025-10-22 03:40:00,8100,6439,6434,6434,6436,6440,6435,6435,6438,6439.5,6434.5,6434.5,6437.0
2025-10-22 03:45:00,2500,6440,6436,6436,6440,6441,6437,6438,6441,6440.5,6436.5,6437.0,6440.5
2025-10-22 03:50:00,11800,6446,6440,6440,6443,6448,6441,6441,6445,6447.0,6440.5,6440.5,6444.0
2025-10-22 03:55:00,10600,6453,6443,6443,6453,6455,6444,6445,6454,6454.0,6443.5,6444.0,6453.5
2025-10-22 04:00:00,8700,6458,6451,6453,6454,6459,6454,6454,6456,6458.5,6452.5,6453.5,6455.0
2025-10-22 04:05:00,7300,6456,6450,6454,6450,6457,6451,6456,6452,6456.5,6450.5,6455.0,6451.0
2025-10-22 04:10:00,6500,6456,6449,6450,6453,6458,6450,6452,6455,6457.0,6449.5,6451.0,6454.0
2025-10-22 04:15:00,6500,6454,6452,6453,6452,6455,6453,6455,6453,6454.5,6452.5,6454.0,6452.5
2025-10-22 04:20:00,4700,6453,6447,6452,6448,6455,6448,6454,6449,6454.0,6447.5,6453.0,6448.5
2025-10-22 04:25:00,8200,6450,6447,6448,6448,6452,6448,6449,6449,6451.0,6447.5,6448.5,6448.5
2025-10-22 04:30:00,4200,6452,6448,6448,6451,6454,6449,6449,6453,6453.0,6448.5,6448.5,6452.0
2025-10-22 04:35:00,5200,6452,6449,6451,6450,6453,6451,6453,6451,6452.5,6450.0,6452.0,6450.5
2025-10-22 04:40:00,3400,6453,6450,6450,6453,6455,6451,6451,6454,6454.0,6450.5,6450.5,6453.5
2025-10-22 04:45:00,9800,6454,6447,6453,6451,6455,6448,6455,6452,6454.5,6447.5,6454.0,6451.5
2025-10-22 04:50:00,3500,6452,6449,6451,6450,6454,6450,6452,6451,6453.0,6449.5,6451.5,6450.5
2025-10-22 04:55:00,4000,6451,6448,6450,6448,6452,6449,6451,6449,6451.5,6448.5,6450.5,6448.5
2025-10-22 05:00:00,10300,6455,6447,6448,6455,6457,6448,6449,6457,6456.0,6447.5,6448.5,6456.0
2025-10-22 05:05:00,6300,6456,6453,6455,6456,6458,6454,6457,6457,6457.0,6453.5,6456.0,6456.5
2025-10-22 05:10:00,7400,6458,6455,6456,6455,6460,6456,6457,6456,6459.0,6455.5,6456.5,6455.5
2025-10-22 05:15:00,5200,6456,6453,6455,6455,6457,6454,6456,6457,6456.5,6453.5,6455.5,6456.0
2025-10-22 05:20:00,6500,6456,6454,6455,6456,6457,6455,6457,6457,6456.5,6454.5,6456.0,6456.5
2025-10-22 05:25:00,12900,6456,6450,6456,6455,6457,6452,6457,6456,6456.5,6451.0,6456.5,6455.5
2025-10-22 05:30:00,10900,6456,6452,6455,6455,6457,6453,6456,6457,6456.5,6452.5,6455.5,6456.0
2025-10-22 05:35:00,7500,6456,6452,6455,6452,6457,6453,6457,6453,6456.5,6452.5,6456.0,6452.5
2025-10-22 05:40:00,10300,6452,6447,6452,6447,6453,6448,6453,6448,6452.5,6447.5,6452.5,6447.5
2025-10-22 05:45:00,16000,6450,6445,6447,6448,6452,6446,6448,6449,6451.0,6445.5,6447.5,6448.5
2025-10-22 05:50:00,11800,6449,6444,6448,6444,6450,6445,6449,6445,6449.5,6444.5,6448.5,6444.5
2025-10-22 05:55:00,13800,6449,6443,6444,6449,6451,6444,6445,6451,6450.0,6443.5,6444.5,6450.0
2025-10-22 06:00:00,18900,6453,6446,6449,6449,6454,6447,6451,6450,6453.5,6446.5,6450.0,6449.5
2025-10-22 06:05:00,27100,6453,6447,6449,6450,6454,6448,6450,6452,6453.5,6447.5,6449.5,6451.0
2025-10-22 06:10:00,20400,6452,6448,6450,6451,6453,6449,6452,6452,6452.5,6448.5,6451.0,6451.5
2025-10-22 06:15:00,29500,6459,6450,6451,6457,6460,6452,6452,6459,6459.5,6451.0,6451.5,6458.0
2025-10-22 06:20:00,21700,6458,6452,6457,6452,6460,6453,6459,6454,6458.5,6452.5,6458.0,6453.0
2025-10-22 06:25:00,,6499,6457,6474,6457,6500,6458,6475,6458,6499.5,6457.5,6474.5,6457.5
2025-10-22 06:30:00,392600,6454,6454,6454,6454,6459,6459,6459,6459,6456.5,6456.5,6456.5,6456.5
2025-10-23 00:00:00,136100,6532,6480,6519,6487,6536,6485,6520,6490,6533.0,6482.5,6519.5,6488.5
2025-10-23 00:05:00,26300,6510,6480,6487,6507,6511,6482,6490,6510,6510.5,6481.0,6488.5,6508.5
2025-10-23 00:10:00,17000,6514,6498,6507,6499,6517,6500,6510,6501,6515.5,6499.0,6508.5,6500.0
2025-10-23 00:15:00,14200,6499,6485,6499,6492,6501,6486,6501,6494,6500.0,6485.5,6500.0,6493.0
2025-10-23 00:20:00,10100,6493,6482,6492,6487,6495,6484,6494,6490,6494.0,6483.0,6493.0,6488.5
2025-10-23 00:25:00,7800,6487,6480,6487,6481,6490,6482,6490,6484,6488.5,6481.0,6488.5,6482.5
2025-10-23 00:30:00,21600,6484,6467,6481,6468,6486,6470,6484,6470,6485.0,6468.5,6482.5,6469.0
2025-10-23 00:35:00,6900,6470,6465,6468,6466,6471,6467,6470,6468,6470.5,6466.0,6469.0,6467.0
2025-10-23 00:40:00,4400,6469,6465,6466,6467,6470,6466,6469,6469,6469.5,6465.5,6467.5,6468.0
2025-10-23 00:45:00,5300,6472,6465,6467,6468,6474,6466,6469,6470,6473.0,6465.5,6468.0,6469.0
2025-10-23 00:50:00,6500,6470,6462,6468,6463,6471,6463,6470,6464,6470.5,6462.5,6469.0,6463.5
2025-10-23 00:55:00,14100,6464,6455,6463,6456,6466,6458,6465,6458,6465.0,6456.5,6464.0,6457.0
2025-10-23 01:00:00,2900,6457,6455,6456,6456,6459,6457,6458,6457,6458.0,6456.0,6457.0,6456.5
2025-10-23 01:05:00,26000,6456,6446,6456,6446,6457,6447,6457,6447,6456.5,6446.5,6456.5,6446.5
2025-10-23 01:10:00,8000,6452,6446,6446,6450,6453,6447,6448,6452,6452.5,6446.5,6447.0,6451.0
2025-10-23 01:15:00,5000,6452,6445,6450,6452,6453,6446,6452,6453,6452.5,6445.5,6451.0,6452.5
2025-10-23 01:20:00,4300,6460,6452,6452,6459,6462,6453,6453,6461,6461.0,6452.5,6452.5,6460.0
2025-10-23 01:25:00,1900,6462,6459,6459,6461,6463,6460,6461,6463,6462.5,6459.5,6460.0,6462.0
2025-10-23 01:30:00,4000,6467,6461,6461,6465,6468,6463,6463,6466,6467.5,6462.0,6462.0,6465.5
2025-10-23 01:35:00,4600,6465,6460,6465,6463,6467,6461,6466,6464,6466.0,6460.5,6465.5,6463.5
2025-10-23 01:40:00,4800,6468,6461,6463,6466,6469,6463,6464,6468,6468.5,6462.0,6463.5,6467.0
2025-10-23 01:45:00,4400,6472,6466,6466,6471,6473,6468,6468,6472,6472.5,6467.0,6467.0,6471.5
2025-10-23 01:50:00,4500,6472,6469,6471,6472,6474,6470,6472,6474,6473.0,6469.5,6471.5,6473.0
2025-10-23 01:55:00,5800,6475,6471,6472,6472,6476,6472,6474,6474,6475.5,6471.5,6473.0,6473.0
2025-10-23 02:00:00,4200,6477,6472,6472,6473,6478,6474,6474,6474,6477.5,6473.0,6473.0,6473.5
2025-10-23 02:05:00,5400,6475,6469,6473,6471,6477,6470,6474,6472,6476.0,6469.5,6473.5,6471.5
2025-10-23 02:10:00,6800,6474,6467,6471,6467,6475,6469,6472,6469,6474.5,6468.0,6471.5,6468.0
2025-10-23 02:15:00,1500,6472,6467,6467,6472,6473,6469,6469,6473,6472.5,6468.0,6468.0,6472.5
2025-10-23 02:20:00,2100,6473,6467,6472,6467,6474,6469,6473,6469,6473.5,6468.0,6472.5,6468.0
2025-10-23 02:25:00,2800,6470,6466,6467,6468,6472,6468,6469,6471,6471.0,6467.0,6468.0,6469.5
2025-10-23 02:30:00,11100,6468,6468,6468,6468,6472,6472,6472,6472,6470.0,6470.0,6470.0,6470.0
2025-10-23 03:30:00,22100,6468,6458,6460,6467,6470,6460,6461,6469,6469.0,6460.0,6460.5,6468.0
2025-10-23 03:35:00,10800,6469,6464,6466,6466,6470,6465,6469,6468,6469.5,6464.5,6467.5,6467.0
2025-10-23 03:40:00,6400,6470,6465,6466,6468,6472,6467,6468,6470,6471.0,6466.0,6467.0,6469.0
2025-10-23 03:45:00,9900,6469,6464,6468,6466,6470,6465,6470,6468,6469.5,6464.5,6469.0,6467.0
2025-10-23 03:50:00,3200,6466,6461,6466,6461,6468,6463,6468,6463,6467.0,6462.0,6467.0,6462.0
2025-10-23 03:55:00,2100,6465,6461,6461,6464,6466,6462,6463,6466,6465.5,6461.5,6462.0,6465.0
2025-10-23 04:00:00,1000,6464,6463,6464,6463,6466,6464,6466,6465,6465.0,6463.5,6465.0,6464.0
2025-10-23 04:05:00,17400,6465,6457,6463,6463,6466,6461,6465,6465,6465.5,6459.0,6464.0,6464.0
2025-10-23 04:10:00,3900,6465,6463,6463,6464,6467,6464,6465,6465,6466.0,6463.5,6464.0,6464.5
2025-10-23 04:15:00,5100,6464,6459,6464,6460,6465,6460,6465,6461,6464.5,6459.5,6464.5,6460.5
2025-10-23 04:20:00,5400,6466,6460,6460,6464,6467,6461,6461,6465,6466.5,6460.5,6460.5,6464.5
2025-10-23 04:25:00,7100,6465,6459,6464,6459,6467,6460,6465,6462,6466.0,6459.5,6464.5,6460.5
2025-10-23 04:30:00,2300,6464,6459,6459,6463,6465,6461,6461,6465,6464.5,6460.0,6460.0,6464.0
2025-10-23 04:35:00,4300,6465,6462,6463,6462,6467,6464,6465,6464,6466.0,6463.0,6464.0,6463.0
2025-10-23 04:40:00,4800,6462,6458,6462,6459,6464,6460,6464,6461,6463.0,6459.0,6463.0,6460.0
2025-10-23 04:45:00,3500,6461,6459,6459,6460,6463,6460,6461,6462,6462.0,6459.5,6460.0,6461.0
2025-10-23 04:50:00,9400,6464,6459,6460,6464,6465,6460,6462,6465,6464.5,6459.5,6461.0,6464.5
2025-10-23 04:55:00,5500,6468,6464,6464,6465,6469,6465,6465,6466,6468.5,6464.5,6464.5,6465.5
2025-10-23 05:00:00,4800,6467,6463,6465,6465,6469,6464,6466,6466,6468.0,6463.5,6465.5,6465.5
2025-10-23 05:05:00,5300,6466,6463,6465,6464,6468,6465,6466,6465,6467.0,6464.0,6465.5,6464.5
2025-10-23 05:10:00,5700,6464,6461,6464,6461,6465,6462,6465,6463,6464.5,6461.5,6464.5,6462.0
2025-10-23 05:15:00,6300,6462,6456,6461,6460,6463,6458,6463,6461,6462.5,6457.0,6462.0,6460.5
2025-10-23 05:20:00,7000,6461,6458,6460,6458,6463,6459,6461,6459,6461.5,6458.5,6460.5,6458.5
2025-10-23 05:25:00,5800,6459,6456,6458,6457,6461,6457,6459,6459,6460.0,6456.5,6458.5,6458.0
2025-10-23 05:30:00,2800,6459,6456,6457,6459,6460,6458,6459,6460,6459.5,6457.0,6458.0,6459.5
2025-10-23 05:35:00,6400,6464,6458,6459,6464,6466,6460,6460,6466,6465.0,6459.0,6459.5,6465.0
2025-10-23 05:40:00,5000,6465,6462,6464,6463,6466,6463,6466,6465,6465.5,6462.5,6465.0,6464.0
2025-10-23 05:45:00,1900,6466,6463,6463,6465,6467,6464,6465,6467,6466.5,6463.5,6464.0,6466.0
2025-10-23 05:50:00,6700,6466,6461,6465,6464,6467,6463,6467,6465,6466.5,6462.0,6466.0,6464.5
2025-10-23 05:55:00,2300,6467,6463,6464,6465,6468,6464,6465,6467,6467.5,6463.5,6464.5,6466.0
2025-10-23 06:00:00,11700,6469,6463,6465,6466,6470,6464,6467,6468,6469.5,6463.5,6466.0,6467.0
2025-10-23 06:05:00,10600,6468,6464,6466,6466,6470,6465,6468,6468,6469.0,6464.5,6467.0,6467.0
2025-10-23 06:10:00,6700,6467,6463,6466,6463,6468,6464,6468,6465,6467.5,6463.5,6467.0,6464.0
2025-10-23 06:15:00,10800,6466,6459,6463,6459,6468,6460,6465,6460,6466.5,6459.5,6464.0,6459.5
2025-10-23 06:20:00,22700,6463,6456,6459,6457,6466,6458,6460,6459,6464.5,6457.0,6459.5,6458.0
2025-10-23 06:25:00,,6549,6435,6444,6475,6550,6436,6445,6476,6549.5,6435.5,6444.5,6475.5
2025-10-23 06:30:00,384500,6460,6460,6460,6460,6476,6476,6476,6476,6468.0,6468.0,6468.0,6468.0
2025-10-24 00:00:00,71700,6469,6445,6451,6452,6475,6448,6452,6455,6472.0,6446.5,6451.5,6453.5
2025-10-24 00:05:00,10700,6468,6448,6452,6463,6470,6449,6455,6465,6468.5,6448.5,6453.5,6464.0
2025-10-24 00:10:00,7300,6472,6462,6463,6471,6473,6464,6465,6473,6472.5,6463.0,6464.0,6472.0
2025-10-24 00:15:00,12800,6471,6459,6471,6461,6473,6460,6473,6464,6472.0,6459.5,6472.0,6462.5
2025-10-24 00:20:00,7800,6463,6452,6461,6455,6465,6454,6464,6457,6464.0,6453.0,6462.5,6456.0
2025-10-24 00:25:00,6300,6455,6448,6455,6448,6457,6450,6457,6450,6456.0,6449.0,6456.0,6449.0
2025-10-24 00:30:00,15300,6462,6448,6448,6461,6463,6450,6450,6463,6462.5,6449.0,6449.0,6462.0
2025-10-24 00:35:00,5600,6471,6461,6461,6470,6473,6463,6463,6472,6472.0,6462.0,6462.0,6471.0
2025-10-24 00:40:00,9400,6479,6469,6470,6477,6480,6471,6472,6479,6479.5,6470.0,6471.0,6478.0
2025-10-24 00:45:00,8100,6480,6474,6477,6479,6481,6476,6479,6481,6480.5,6475.0,6478.0,6480.0
2025-10-24 00:50:00,7500,6481,6474,6479,6474,6483,6475,6481,6477,6482.0,6474.5,6480.0,6475.5
2025-10-24 00:55:00,3000,6477,6472,6474,6477,6479,6473,6477,6479,6478.0,6472.5,6475.5,6478.0
2025-10-24 01:00:00,4900,6480,6473,6477,6480,6482,6475,6479,6482,6481.0,6474.0,6478.0,6481.0
2025-10-24 01:05:00,7500,6485,6477,6480,6484,6487,6480,6482,6487,6486.0,6478.5,6481.0,6485.5
2025-10-24 01:10:00,4500,6485,6478,6484,6480,6487,6480,6487,6482,6486.0,6479.0,6485.5,6481.0
2025-10-24 01:15:00,4400,6482,6475,6480,6476,6484,6476,6482,6478,6483.0,6475.5,6481.0,6477.0
2025-10-24 01:20:00,3500,6476,6473,6476,6474,6478,6474,6478,6476,6477.0,6473.5,6477.0,6475.0
2025-10-24 01:25:00,4400,6477,6472,6474,6476,6478,6473,6476,6477,6477.5,6472.5,6475.0,6476.5
2025-10-24 01:30:00,3200,6479,6475,6476,6477,6480,6476,6477,6479,6479.5,6475.5,6476.5,6478.0
2025-10-24 01:35:00,4000,6478,6474,6477,6475,6479,6475,6479,6476,6478.5,6474.5,6478.0,6475.5
2025-10-24 01:40:00,2200,6476,6474,6475,6475,6478,6475,6476,6476,6477.0,6474.5,6475.5,6475.5
2025-10-24 01:45:00,4900,6478,6473,6475,6478,6479,6474,6476,6479,6478.5,6473.5,6475.5,6478.5
2025-10-24 01:50:00,6600,6484,6478,6478,6480,6485,6479,6479,6482,6484.5,6478.5,6478.5,6481.0
2025-10-24 01:55:00,5200,6484,6480,6480,6483,6486,6481,6482,6485,6485.0,6480.5,6481.0,6484.0
2025-10-24 02:00:00,11800,6486,6480,6483,6481,6488,6481,6485,6483,6487.0,6480.5,6484.0,6482.0
2025-10-24 02:05:00,3500,6483,6480,6481,6481,6484,6482,6483,6482,6483.5,6481.0,6482.0,6481.5
2025-10-24 02:10:00,2300,6482,6478,6481,6478,6483,6479,6482,6479,6482.5,6478.5,6481.5,6478.5
2025-10-24 02:15:00,3600,6483,6478,6478,6482,6484,6479,6479,6484,6483.5,6478.5,6478.5,6483.0
2025-10-24 02:20:00,2800,6484,6480,6482,6480,6485,6482,6484,6482,6484.5,6481.0,6483.0,6481.0
2025-10-24 02:25:00,2300,6483,6480,6480,6482,6484,6481,6482,6483,6483.5,6480.5,6481.0,6482.5
2025-10-24 02:30:00,800,6482,6482,6482,6482,6483,6483,6483,6483,6482.5,6482.5,6482.5,6482.5
2025-10-24 03:30:00,14000,6490,6481,6490,6481,6491,6482,6491,6483,6490.5,6481.5,6490.5,6482.0
2025-10-24 03:35:00,8300,6482,6475,6481,6480,6483,6477,6483,6482,6482.5,6476.0,6482.0,6481.0
2025-10-24 03:40:00,2900,6481,6476,6480,6477,6482,6477,6482,6478,6481.5,6476.5,6481.0,6477.5
2025-10-24 03:45:00,2900,6478,6475,6477,6475,6479,6476,6478,6477,6478.5,6475.5,6477.5,6476.0
2025-10-24 03:50:00,2100,6477,6474,6475,6476,6478,6475,6477,6478,6477.5,6474.5,6476.0,6477.0
2025-10-24 03:55:00,6400,6479,6476,6476,6477,6481,6478,6478,6478,6480.0,6477.0,6477.0,6477.5
2025-10-24 04:00:00,1500,6478,6475,6477,6477,6479,6476,6478,6479,6478.5,6475.5,6477.5,6478.0
2025-10-24 04:05:00,7100,6482,6476,6477,6482,6484,6477,6480,6483,6483.0,6476.5,6478.5,6482.5
2025-10-24 04:10:00,4300,6483,6481,6482,6481,6484,6482,6483,6483,6483.5,6481.5,6482.5,6482.0
2025-10-24 04:15:00,14700,6483,6478,6481,6481,6485,6480,6483,6483,6484.0,6479.0,6482.0,6482.0
2025-10-24 04:20:00,1700,6483,6481,6481,6481,6484,6482,6483,6483,6483.5,6481.5,6482.0,6482.0
2025-10-24 04:25:00,3000,6486,6481,6481,6484,6487,6483,6483,6485,6486.5,6482.0,6482.0,6484.5
2025-10-24 04:30:00,2000,6486,6484,6484,6485,6488,6485,6485,6487,6487.0,6484.5,6484.5,6486.0
2025-10-24 04:35:00,5300,6486,6482,6485,6484,6487,6484,6487,6485,6486.5,6483.0,6486.0,6484.5
2025-10-24 04:40:00,5600,6486,6483,6484,6485,6487,6484,6485,6486,6486.5,6483.5,6484.5,6485.5
2025-10-24 04:45:00,4400,6485,6483,6485,6483,6486,6484,6486,6485,6485.5,6483.5,6485.5,6484.0
2025-10-24 04:50:00,3000,6483,6480,6483,6481,6485,6481,6485,6482,6484.0,6480.5,6484.0,6481.5
2025-10-24 04:55:00,3300,6483,6481,6481,6481,6484,6482,6482,6483,6483.5,6481.5,6481.5,6482.0
2025-10-24 05:00:00,8100,6486,6481,6481,6484,6487,6482,6483,6485,6486.5,6481.5,6482.0,6484.5
2025-10-24 05:05:00,5300,6486,6483,6484,6485,6487,6484,6485,6486,6486.5,6483.5,6484.5,6485.5
2025-10-24 05:10:00,10100,6486,6480,6485,6480,6487,6481,6486,6481,6486.5,6480.5,6485.5,6480.5
2025-10-24 05:15:00,6900,6485,6479,6480,6485,6486,6480,6481,6486,6485.5,6479.5,6480.5,6485.5
2025-10-24 05:20:00,7800,6488,6484,6485,6488,6489,6485,6486,6489,6488.5,6484.5,6485.5,6488.5
2025-10-24 05:25:00,8700,6490,6487,6488,6489,6491,6488,6489,6490,6490.5,6487.5,6488.5,6489.5
2025-10-24 05:30:00,3400,6489,6486,6489,6486,6490,6487,6490,6488,6489.5,6486.5,6489.5,6487.0
2025-10-24 05:35:00,11000,6492,6486,6486,6490,6493,6487,6488,6492,6492.5,6486.5,6487.0,6491.0
2025-10-24 05:40:00,7000,6493,6489,6490,6490,6494,6490,6492,6492,6493.5,6489.5,6491.0,6491.0
2025-10-24 05:45:00,12600,6494,6488,6490,6491,6495,6490,6492,6492,6494.5,6489.0,6491.0,6491.5
2025-10-24 05:50:00,10700,6492,6487,6491,6487,6493,6488,6492,6488,6492.5,6487.5,6491.5,6487.5
2025-10-24 05:55:00,6400,6487,6485,6487,6487,6488,6486,6488,6488,6487.5,6485.5,6487.5,6487.5
2025-10-24 06:00:00,8400,6490,6486,6487,6488,6492,6487,6488,6489,6491.0,6486.5,6487.5,6488.5
2025-10-24 06:05:00,6300,6490,6485,6488,6490,6491,6486,6489,6491,6490.5,6485.5,6488.5,6490.5
2025-10-24 06:10:00,9300,6490,6487,6490,6488,6491,6488,6491,6489,6490.5,6487.5,6490.5,6488.5
2025-10-24 06:15:00,15100,6491,6485,6488,6486,6492,6487,6489,6488,6491.5,6486.0,6488.5,6487.0
2025-10-24 06:20:00,22900,6494,6486,6486,6494,6495,6487,6488,6495,6494.5,6486.5,6487.0,6494.5
2025-10-24 06:25:00,,6543,6483,6512,6483,6543,6484,6513,6484,6543.0,6483.5,6512.5,6483.5
2025-10-24 06:30:00,372300,6483,6483,6483,6483,6495,6495,6495,6495,6489.0,6489.0,6489.0,6489.0
2025-10-27 00:00:00,164800,6533,6501,6525,6517,6535,6503,6525,6519,6534.0,6502.5,6525.0,6518.0
2025-10-27 00:05:00,24100,6531,6508,6517,6525,6534,6511,6519,6526,6532.0,6509.5,6518.0,6525.5
2025-10-27 00:10:00,17600,6533,6523,6525,6532,6535,6526,6526,6534,6534.0,6524.5,6525.5,6533.0
2025-10-27 00:15:00,11500,6533,6527,6532,6531,6535,6529,6534,6533,6534.0,6528.0,6533.0,6532.0
2025-10-27 00:20:00,8500,6532,6527,6531,6530,6534,6529,6533,6532,6533.0,6528.0,6532.0,6531.0
2025-10-27 00:25:00,21500,6537,6530,6530,6535,6538,6532,6533,6536,6537.5,6531.0,6531.5,6535.5
2025-10-27 00:30:00,11800,6539,6533,6535,6539,6540,6535,6536,6540,6539.5,6534.0,6535.5,6539.5
2025-10-27 00:35:00,22000,6549,6539,6539,6546,6550,6540,6540,6548,6549.5,6539.5,6539.5,6547.0
2025-10-27 00:40:00,30300,6559,6544,6546,6552,6560,6546,6548,6554,6559.5,6545.0,6547.0,6553.0
2025-10-27 00:45:00,15800,6554,6546,6552,6547,6555,6548,6554,6549,6554.5,6547.0,6553.0,6548.0
2025-10-27 00:50:00,9700,6552,6541,6547,6551,6554,6544,6549,6553,6553.0,6542.5,6548.0,6552.0
2025-10-27 00:55:00,50700,6554,6545,6551,6549,6555,6547,6553,6551,6554.5,6546.0,6552.0,6550.0
2025-10-27 01:00:00,10300,6552,6539,6549,6542,6554,6541,6551,6544,6553.0,6540.0,6550.0,6543.0
2025-10-27 01:05:00,10100,6542,6534,6542,6539,6544,6537,6544,6541,6543.0,6535.5,6543.0,6540.0
2025-10-27 01:10:00,14200,6547,6535,6539,6540,6549,6537,6541,6542,6548.0,6536.0,6540.0,6541.0
2025-10-27 01:15:00,7300,6545,6539,6540,6541,6546,6541,6542,6542,6545.5,6540.0,6541.0,6541.5
2025-10-27 01:20:00,4000,6546,6541,6541,6545,6548,6542,6542,6547,6547.0,6541.5,6541.5,6546.0
2025-10-27 01:25:00,17900,6549,6530,6545,6534,6550,6532,6547,6536,6549.5,6531.0,6546.0,6535.0
2025-10-27 01:30:00,5600,6545,6534,6534,6545,6547,6536,6536,6547,6546.0,6535.0,6535.0,6546.0
2025-10-27 01:35:00,9700,6549,6544,6545,6547,6550,6546,6547,6548,6549.5,6545.0,6546.0,6547.5
2025-10-27 01:40:00,8200,6553,6546,6547,6552,6554,6548,6548,6554,6553.5,6547.0,6547.5,6553.0
2025-10-27 01:45:00,11900,6557,6551,6552,6554,6558,6553,6554,6556,6557.5,6552.0,6553.0,6555.0
2025-10-27 01:50:00,6400,6554,6549,6554,6551,6556,6551,6556,6553,6555.0,6550.0,6555.0,6552.0
2025-10-27 01:55:00,6100,6554,6550,6551,6553,6555,6551,6553,6555,6554.5,6550.5,6552.0,6554.0
2025-10-27 02:00:00,6200,6553,6544,6553,6544,6555,6546,6555,6546,6554.0,6545.0,6554.0,6545.0
2025-10-27 02:05:00,11100,6544,6533,6544,6535,6546,6534,6546,6537,6545.0,6533.5,6545.0,6536.0
2025-10-27 02:10:00,9100,6538,6530,6535,6530,6540,6531,6537,6531,6538.5,6530.5,6536.0,6530.5
2025-10-27 02:15:00,4900,6534,6527,6530,6533,6535,6529,6531,6535,6534.5,6528.0,6530.5,6534.0
2025-10-27 02:20:00,3400,6543,6533,6533,6542,6544,6535,6535,6543,6543.5,6534.0,6534.0,6542.5
2025-10-27 02:25:00,6100,6542,6535,6542,6536,6544,6536,6543,6539,6543.0,6535.5,6542.5,6537.5
2025-10-27 02:30:00,5700,6535,6535,6535,6535,6539,6539,6539,6539,6537.0,6537.0,6537.0,6537.0
2025-10-27 03:30:00,23800,6544,6536,6544,6542,6546,6539,6545,6545,6545.0,6537.5,6544.5,6543.5
2025-10-27 03:35:00,5100,6549,6542,6542,6548,6550,6544,6545,6550,6549.5,6543.0,6543.5,6549.0
2025-10-27 03:40:00,8800,6552,6548,6548,6550,6554,6549,6550,6552,6553.0,6548.5,6549.0,6551.0
2025-10-27 03:45:00,7300,6550,6541,6549,6542,6552,6543,6552,6544,6551.0,6542.0,6550.5,6543.0
2025-10-27 03:50:00,8700,6543,6535,6542,6535,6545,6536,6544,6536,6544.0,6535.5,6543.0,6535.5
2025-10-27 03:55:00,12600,6536,6530,6535,6534,6538,6532,6536,6535,6537.0,6531.0,6535.5,6534.5
2025-10-27 04:00:00,5100,6537,6533,6534,6535,6538,6534,6535,6536,6537.5,6533.5,6534.5,6535.5
2025-10-27 04:05:00,3900,6535,6532,6535,6534,6536,6533,6536,6535,6535.5,6532.5,6535.5,6534.5
2025-10-27 04:10:00,3900,6535,6531,6534,6533,6536,6532,6535,6534,6535.5,6531.5,6534.5,6533.5
2025-10-27 04:15:00,3900,6534,6531,6533,6534,6535,6532,6534,6535,6534.5,6531.5,6533.5,6534.5
2025-10-27 04:20:00,6600,6541,6534,6534,6541,6542,6535,6535,6542,6541.5,6534.5,6534.5,6541.5
2025-10-27 04:25:00,3800,6546,6541,6541,6543,6547,6542,6542,6544,6546.5,6541.5,6541.5,6543.5
2025-10-27 04:30:00,7900,6544,6539,6543,6539,6545,6540,6544,6541,6544.5,6539.5,6543.5,6540.0
2025-10-27 04:35:00,5300,6541,6535,6539,6535,6543,6536,6541,6536,6542.0,6535.5,6540.0,6535.5
2025-10-27 04:40:00,3600,6539,6535,6535,6539,6541,6536,6536,6541,6540.0,6535.5,6535.5,6540.0
2025-10-27 04:45:00,3100,6540,6537,6539,6537,6541,6538,6541,6538,6540.5,6537.5,6540.0,6537.5
2025-10-27 04:50:00,5300,6538,6535,6537,6538,6540,6537,6538,6539,6539.0,6536.0,6537.5,6538.5
2025-10-27 04:55:00,3700,6538,6536,6538,6536,6540,6537,6539,6538,6539.0,6536.5,6538.5,6537.0
2025-10-27 05:00:00,10700,6536,6530,6536,6533,6538,6531,6538,6535,6537.0,6530.5,6537.0,6534.0
2025-10-27 05:05:00,3800,6536,6533,6533,6535,6537,6534,6535,6537,6536.5,6533.5,6534.0,6536.0
2025-10-27 05:10:00,2900,6535,6534,6535,6534,6537,6535,6537,6536,6536.0,6534.5,6536.0,6535.0
2025-10-27 05:15:00,4500,6536,6533,6534,6534,6538,6535,6536,6535,6537.0,6534.0,6535.0,6534.5
2025-10-27 05:20:00,6300,6536,6532,6534,6532,6537,6533,6535,6534,6536.5,6532.5,6534.5,6533.0
2025-10-27 05:25:00,7000,6535,6531,6532,6534,6537,6532,6534,6536,6536.0,6531.5,6533.0,6535.0
2025-10-27 05:30:00,12600,6535,6529,6534,6532,6537,6530,6536,6533,6535.5,6529.5,6535.0,6532.5
2025-10-27 05:35:00,6400,6533,6531,6532,6531,6535,6532,6533,6533,6534.0,6531.5,6532.5,6532.0
2025-10-27 05:40:00,10800,6532,6527,6531,6530,6533,6528,6533,6531,6532.5,6527.5,6532.0,6530.5
2025-10-27 05:45:00,3400,6533,6530,6530,6532,6535,6531,6531,6533,6534.0,6530.5,6530.5,6532.5
2025-10-27 05:50:00,3300,6534,6532,6532,6533,6537,6533,6533,6535,6535.5,6532.5,6532.5,6534.0
2025-10-27 05:55:00,3500,6534,6532,6533,6533,6535,6533,6535,6534,6534.5,6532.5,6534.0,6533.5
2025-10-27 06:00:00,9300,6534,6530,6533,6532,6535,6531,6534,6533,6534.5,6530.5,6533.5,6532.5
2025-10-27 06:05:00,10800,6536,6530,6532,6536,6538,6532,6533,6538,6537.0,6531.0,6532.5,6537.0
2025-10-27 06:10:00,9200,6539,6534,6536,6536,6540,6535,6538,6538,6539.5,6534.5,6537.0,6537.0
2025-10-27 06:15:00,15300,6548,6536,6536,6546,6549,6538,6538,6547,6548.5,6537.0,6537.0,6546.5
2025-10-27 06:20:00,29800,6548,6540,6546,6541,6549,6541,6547,6543,6548.5,6540.5,6546.5,6542.0
2025-10-27 06:25:00,,6649,6527,6559,6533,6650,6528,6560,6534,6649.5,6527.5,6559.5,6533.5
2025-10-27 06:30:00,390300,6533,6533,6533,6533,6534,6534,6534,6534,6533.5,6533.5,6533.5,6533.5
2025-10-28 00:00:00,131000,6508,6480,6489,6508,6511,6482,6490,6510,6509.5,6481.5,6489.5,6509.0
2025-10-28 00:05:00,26600,6514,6498,6507,6513,6516,6500,6510,6515,6515.0,6499.5,6508.5,6514.0
2025-10-28 00:10:00,21400,6516,6504,6513,6505,6517,6506,6515,6507,6516.5,6505.0,6514.0,6506.0
2025-10-28 00:15:00,23500,6505,6493,6505,6502,6507,6494,6506,6503,6506.0,6493.5,6505.5,6502.5
2025-10-28 00:20:00,16500,6507,6500,6502,6506,6509,6502,6503,6507,6508.0,6501.0,6502.5,6506.5
2025-10-28 00:25:00,15900,6510,6501,6506,6501,6511,6502,6507,6503,6510.5,6501.5,6506.5,6502.0
2025-10-28 00:30:00,19500,6506,6496,6501,6506,6508,6498,6503,6507,6507.0,6497.0,6502.0,6506.5
2025-10-28 00:35:00,6700,6515,6506,6506,6515,6516,6507,6507,6516,6515.5,6506.5,6506.5,6515.5
2025-10-28 00:40:00,18200,6530,6515,6515,6525,6531,6516,6516,6527,6530.5,6515.5,6515.5,6526.0
2025-10-28 00:45:00,17500,6526,6509,6525,6512,6527,6510,6527,6514,6526.5,6509.5,6526.0,6513.0
2025-10-28 00:50:00,8400,6515,6505,6512,6506,6516,6507,6514,6508,6515.5,6506.0,6513.0,6507.0
2025-10-28 00:55:00,6200,6510,6503,6506,6504,6511,6505,6508,6506,6510.5,6504.0,6507.0,6505.0
2025-10-28 01:00:00,16300,6507,6497,6504,6500,6508,6499,6506,6502,6507.5,6498.0,6505.0,6501.0
2025-10-28 01:05:00,11000,6514,6500,6500,6514,6517,6501,6502,6515,6515.5,6500.5,6501.0,6514.5
2025-10-28 01:10:00,5900,6519,6512,6514,6518,6520,6514,6515,6520,6519.5,6513.0,6514.5,6519.0
2025-10-28 01:15:00,5300,6527,6517,6518,6526,6528,6519,6520,6527,6527.5,6518.0,6519.0,6526.5
2025-10-28 01:20:00,6400,6528,6523,6526,6527,6529,6524,6527,6528,6528.5,6523.5,6526.5,6527.5
2025-10-28 01:25:00,11700,6531,6521,6527,6527,6533,6522,6528,6530,6532.0,6521.5,6527.5,6528.5
2025-10-28 01:30:00,5400,6529,6523,6527,6523,6532,6525,6530,6525,6530.5,6524.0,6528.5,6524.0
2025-10-28 01:35:00,2000,6524,6521,6523,6521,6525,6523,6525,6523,6524.5,6522.0,6524.0,6522.0
2025-10-28 01:40:00,5000,6522,6518,6521,6520,6523,6520,6523,6521,6522.5,6519.0,6522.0,6520.5
2025-10-28 01:45:00,6300,6523,6518,6520,6522,6525,6520,6521,6524,6524.0,6519.0,6520.5,6523.0
2025-10-28 01:50:00,4800,6528,6521,6522,6521,6530,6522,6525,6523,6529.0,6521.5,6523.5,6522.0
2025-10-28 01:55:00,5200,6521,6514,6521,6514,6523,6516,6523,6516,6522.0,6515.0,6522.0,6515.0
2025-10-28 02:00:00,7200,6514,6509,6514,6509,6516,6510,6516,6511,6515.0,6509.5,6515.0,6510.0
2025-10-28 02:05:00,4500,6510,6507,6509,6507,6511,6508,6511,6508,6510.5,6507.5,6510.0,6507.5
2025-10-28 02:10:00,5700,6510,6505,6507,6505,6511,6506,6508,6507,6510.5,6505.5,6507.5,6506.0
2025-10-28 02:15:00,20700,6505,6498,6505,6502,6507,6499,6507,6503,6506.0,6498.5,6506.0,6502.5
2025-10-28 02:20:00,4400,6507,6502,6502,6507,6508,6503,6503,6508,6507.5,6502.5,6502.5,6507.5
2025-10-28 02:25:00,6000,6510,6506,6507,6509,6512,6507,6508,6510,6511.0,6506.5,6507.5,6509.5
2025-10-28 02:30:00,500,6508,6508,6508,6508,6510,6510,6510,6510,6509.0,6509.0,6509.0,6509.0
2025-10-28 03:30:00,25300,6520,6503,6506,6520,6522,6506,6508,6521,6521.0,6504.5,6507.0,6520.5
2025-10-28 03:35:00,6200,6524,6520,6520,6523,6526,6521,6521,6524,6525.0,6520.5,6520.5,6523.5
2025-10-28 03:40:00,5700,6529,6522,6523,6527,6530,6524,6524,6529,6529.5,6523.0,6523.5,6528.0
2025-10-28 03:45:00,10800,6528,6522,6527,6523,6529,6524,6529,6525,6528.5,6523.0,6528.0,6524.0
2025-10-28 03:50:00,6400,6526,6517,6523,6519,6527,6518,6525,6521,6526.5,6517.5,6524.0,6520.0
2025-10-28 03:55:00,6600,6518,6515,6518,6517,6521,6516,6521,6518,6519.5,6515.5,6519.5,6517.5
2025-10-28 04:00:00,3800,6518,6516,6516,6517,6519,6517,6518,6518,6518.5,6516.5,6517.0,6517.5
2025-10-28 04:05:00,7200,6520,6516,6517,6517,6521,6518,6518,6519,6520.5,6517.0,6517.5,6518.0
2025-10-28 04:10:00,11400,6517,6510,6517,6514,6519,6511,6519,6516,6518.0,6510.5,6518.0,6515.0
2025-10-28 04:15:00,5200,6514,6509,6514,6510,6516,6511,6516,6511,6515.0,6510.0,6515.0,6510.5
2025-10-28 04:20:00,4200,6514,6510,6510,6511,6515,6511,6511,6512,6514.5,6510.5,6510.5,6511.5
2025-10-28 04:25:00,5700,6511,6506,6511,6507,6512,6508,6512,6508,6511.5,6507.0,6511.5,6507.5
2025-10-28 04:30:00,8300,6507,6501,6507,6502,6508,6503,6508,6504,6507.5,6502.0,6507.5,6503.0
2025-10-28 04:35:00,7800,6502,6497,6502,6498,6504,6498,6504,6500,6503.0,6497.5,6503.0,6499.0
2025-10-28 04:40:00,5100,6499,6497,6498,6497,6500,6498,6500,6499,6499.5,6497.5,6499.0,6498.0
2025-10-28 04:45:00,13500,6511,6497,6497,6510,6513,6498,6498,6512,6512.0,6497.5,6497.5,6511.0
2025-10-28 04:50:00,6300,6510,6507,6510,6509,6512,6508,6512,6511,6511.0,6507.5,6511.0,6510.0
2025-10-28 04:55:00,4300,6511,6508,6509,6509,6513,6509,6511,6510,6512.0,6508.5,6510.0,6509.5
2025-10-28 05:00:00,8500,6509,6503,6509,6504,6510,6504,6510,6505,6509.5,6503.5,6509.5,6504.5
2025-10-28 05:05:00,11700,6504,6498,6504,6501,6505,6500,6505,6503,6504.5,6499.5,6504.5,6502.0
2025-10-28 05:10:00,4900,6507,6501,6501,6506,6508,6502,6503,6507,6507.5,6501.5,6502.0,6506.5
2025-10-28 05:15:00,6800,6506,6503,6506,6503,6507,6504,6507,6505,6506.5,6503.5,6506.5,6504.0
2025-10-28 05:20:00,7700,6503,6500,6503,6500,6505,6501,6505,6502,6504.0,6500.5,6504.0,6501.0
2025-10-28 05:25:00,6200,6501,6499,6500,6500,6502,6500,6502,6502,6501.5,6499.5,6501.0,6501.0
2025-10-28 05:30:00,12000,6500,6495,6500,6495,6502,6496,6502,6497,6501.0,6495.5,6501.0,6496.0
2025-10-28 05:35:00,11100,6502,6495,6495,6502,6503,6497,6497,6503,6502.5,6496.0,6496.0,6502.5
2025-10-28 05:40:00,10900,6507,6500,6502,6506,6508,6501,6503,6508,6507.5,6500.5,6502.5,6507.0
2025-10-28 05:45:00,5500,6508,6506,6506,6508,6510,6507,6508,6510,6509.0,6506.5,6507.0,6509.0
2025-10-28 05:50:00,7800,6508,6504,6508,6506,6510,6506,6510,6507,6509.0,6505.0,6509.0,6506.5
2025-10-28 05:55:00,10100,6508,6504,6506,6505,6510,6505,6507,6507,6509.0,6504.5,6506.5,6506.0
2025-10-28 06:00:00,17400,6513,6505,6505,6506,6515,6507,6507,6508,6514.0,6506.0,6506.0,6507.0
2025-10-28 06:05:00,11300,6507,6504,6506,6506,6509,6505,6508,6508,6508.0,6504.5,6507.0,6507.0
2025-10-28 06:10:00,5400,6506,6503,6506,6504,6508,6504,6508,6506,6507.0,6503.5,6507.0,6505.0
2025-10-28 06:15:00,20700,6514,6504,6504,6511,6515,6505,6506,6513,6514.5,6504.5,6505.0,6512.0
2025-10-28 06:20:00,15200,6515,6508,6511,6508,6517,6510,6513,6510,6516.0,6509.0,6512.0,6509.0
2025-10-28 06:25:00,,6564,6480,6482,6517,6565,6481,6482,6518,6564.5,6480.5,6482.0,6517.5
2025-10-28 06:30:00,441800,6515,6515,6515,6515,6519,6519,6519,6519,6517.0,6517.0,6517.0,6517.0
2025-10-29 00:00:00,111200,6532,6507,6532,6507,6534,6508,6533,6509,6532.5,6507.5,6532.5,6508.0
2025-10-29 00:05:00,37300,6513,6498,6507,6500,6515,6500,6509,6503,6513.5,6499.0,6508.0,6501.5
2025-10-29 00:10:00,23500,6504,6484,6500,6484,6507,6486,6503,6486,6505.5,6485.0,6501.5,6485.0
2025-10-29 00:15:00,43700,6489,6468,6484,6479,6492,6469,6486,6482,6490.5,6468.5,6485.0,6480.5
2025-10-29 00:20:00,14800,6489,6478,6479,6485,6491,6479,6482,6487,6489.5,6478.5,6480.5,6486.0
2025-10-29 00:25:00,14600,6490,6477,6485,6487,6491,6479,6487,6489,6490.5,6478.0,6486.0,6488.0
2025-10-29 00:30:00,16100,6499,6486,6487,6498,6500,6488,6489,6500,6499.5,6487.0,6488.0,6499.0
2025-10-29 00:35:00,23500,6503,6496,6498,6502,6505,6497,6500,6504,6504.0,6496.5,6499.0,6503.0
2025-10-29 00:40:00,16000,6503,6485,6502,6488,6504,6486,6504,6489,6503.5,6485.5,6503.0,6488.5
2025-10-29 00:45:00,4500,6493,6485,6488,6490,6495,6487,6489,6492,6494.0,6486.0,6488.5,6491.0
2025-10-29 00:50:00,8800,6496,6489,6490,6492,6499,6490,6492,6494,6497.0,6489.5,6491.0,6493.0
2025-10-29 00:55:00,12700,6493,6482,6492,6484,6495,6484,6494,6486,6493.5,6483.0,6493.0,6485.0
2025-10-29 01:00:00,7900,6496,6481,6484,6496,6497,6482,6486,6497,6496.5,6481.5,6485.0,6496.5
2025-10-29 01:05:00,4700,6499,6496,6496,6496,6502,6497,6497,6498,6500.5,6496.5,6496.5,6497.0
2025-10-29 01:10:00,4300,6499,6496,6496,6499,6501,6497,6498,6500,6500.0,6496.5,6497.0,6499.5
2025-10-29 01:15:00,4200,6505,6498,6499,6505,6507,6499,6500,6506,6506.0,6498.5,6499.5,6505.5
2025-10-29 01:20:00,8700,6513,6505,6505,6513,6514,6506,6506,6514,6513.5,6505.5,6505.5,6513.5
2025-10-29 01:25:00,5900,6513,6507,6513,6508,6514,6508,6514,6509,6513.5,6507.5,6513.5,6508.5
2025-10-29 01:30:00,7500,6511,6502,6508,6502,6512,6503,6509,6504,6511.5,6502.5,6508.5,6503.0
2025-10-29 01:35:00,6600,6506,6502,6502,6505,6508,6504,6504,6506,6507.0,6503.0,6503.0,6505.5
2025-10-29 01:40:00,9700,6509,6503,6505,6503,6511,6505,6506,6505,6510.0,6504.0,6505.5,6504.0
2025-10-29 01:45:00,9300,6503,6497,6503,6501,6505,6499,6505,6503,6504.0,6498.0,6504.0,6502.0
2025-10-29 01:50:00,14000,6501,6496,6501,6496,6503,6497,6503,6497,6502.0,6496.5,6502.0,6496.5
2025-10-29 01:55:00,13600,6502,6495,6496,6495,6504,6496,6497,6497,6503.0,6495.5,6496.5,6496.0
2025-10-29 02:00:00,4100,6501,6495,6495,6501,6503,6497,6497,6503,6502.0,6496.0,6496.0,6502.0
2025-10-29 02:05:00,6100,6504,6498,6501,6502,6507,6500,6503,6504,6505.5,6499.0,6502.0,6503.0
2025-10-29 02:10:00,5200,6503,6491,6502,6491,6504,6493,6504,6493,6503.5,6492.0,6503.0,6492.0
2025-10-29 02:15:00,3400,6492,6490,6491,6492,6494,6491,6493,6494,6493.0,6490.5,6492.0,6493.0
2025-10-29 02:20:00,3700,6498,6491,6492,6497,6499,6492,6494,6499,6498.5,6491.5,6493.0,6498.0
2025-10-29 02:25:00,5100,6499,6494,6497,6495,6500,6495,6499,6497,6499.5,6494.5,6498.0,6496.0
2025-10-29 02:30:00,1500,6495,6495,6495,6495,6498,6498,6498,6498,6496.5,6496.5,6496.5,6496.5
2025-10-29 03:30:00,53700,6498,6481,6495,6495,6500,6482,6498,6497,6499.0,6481.5,6496.5,6496.0
2025-10-29 03:35:00,8800,6499,6493,6495,6493,6500,6494,6497,6494,6499.5,6493.5,6496.0,6493.5
2025-10-29 03:40:00,22600,6495,6486,6493,6486,6496,6487,6494,6488,6495.5,6486.5,6493.5,6487.0
2025-10-29 03:45:00,13000,6490,6484,6486,6486,6491,6485,6487,6487,6490.5,6484.5,6486.5,6486.5
2025-10-29 03:50:00,6300,6486,6480,6486,6480,6487,6481,6487,6481,6486.5,6480.5,6486.5,6480.5
2025-10-29 03:55:00,14700,6486,6480,6480,6486,6488,6481,6481,6487,6487.0,6480.5,6480.5,6486.5
2025-10-29 04:00:00,6700,6488,6483,6486,6483,6490,6484,6487,6484,6489.0,6483.5,6486.5,6483.5
2025-10-29 04:05:00,9600,6483,6479,6483,6480,6484,6480,6484,6482,6483.5,6479.5,6483.5,6481.0
2025-10-29 04:10:00,17500,6480,6471,6480,6473,6482,6472,6482,6475,6481.0,6471.5,6481.0,6474.0
2025-10-29 04:15:00,14100,6482,6473,6473,6482,6483,6474,6475,6483,6482.5,6473.5,6474.0,6482.5
2025-10-29 04:20:00,9800,6487,6482,6482,6486,6489,6483,6483,6488,6487.5,6482.5,6482.5,6487.0
2025-10-29 04:25:00,6000,6489,6484,6486,6484,6490,6485,6488,6485,6489.5,6484.5,6487.0,6484.5
2025-10-29 04:30:00,16800,6484,6479,6484,6481,6485,6480,6485,6482,6484.5,6479.5,6484.5,6481.5
2025-10-29 04:35:00,6400,6484,6480,6481,6483,6485,6482,6482,6485,6484.5,6481.0,6481.5,6484.0
2025-10-29 04:40:00,6500,6484,6482,6483,6483,6486,6483,6485,6484,6485.0,6482.5,6484.0,6483.5
2025-10-29 04:45:00,38200,6485,6468,6483,6468,6486,6470,6484,6470,6485.5,6469.0,6483.5,6469.0
2025-10-29 04:50:00,20200,6477,6466,6468,6475,6479,6468,6470,6477,6478.0,6467.0,6469.0,6476.0
2025-10-29 04:55:00,6300,6478,6472,6475,6473,6481,6474,6477,6474,6479.5,6473.0,6476.0,6473.5
2025-10-29 05:00:00,19000,6476,6456,6473,6456,6478,6457,6474,6457,6477.0,6456.5,6473.5,6456.5
2025-10-29 05:05:00,14900,6457,6450,6456,6457,6459,6451,6457,6458,6458.0,6450.5,6456.5,6457.5
2025-10-29 05:10:00,7200,6464,6457,6457,6460,6465,6458,6458,6462,6464.5,6457.5,6457.5,6461.0
2025-10-29 05:15:00,33100,6462,6441,6460,6448,6463,6442,6462,6449,6462.5,6441.5,6461.0,6448.5
2025-10-29 05:20:00,16900,6451,6441,6448,6445,6452,6443,6449,6447,6451.5,6442.0,6448.5,6446.0
2025-10-29 05:25:00,17600,6445,6439,6445,6444,6447,6440,6447,6446,6446.0,6439.5,6446.0,6445.0
2025-10-29 05:30:00,12100,6450,6444,6444,6448,6451,6446,6447,6450,6450.5,6445.0,6445.5,6449.0
2025-10-29 05:35:00,12600,6448,6435,6448,6435,6450,6436,6450,6436,6449.0,6435.5,6449.0,6435.5
2025-10-29 05:40:00,15600,6437,6431,6435,6431,6439,6432,6436,6432,6438.0,6431.5,6435.5,6431.5
2025-10-29 05:45:00,29100,6431,6417,6431,6417,6432,6418,6432,6418,6431.5,6417.5,6431.5,6417.5
2025-10-29 05:50:00,51400,6438,6417,6417,6429,6440,6418,6418,6431,6439.0,6417.5,6417.5,6430.0
2025-10-29 05:55:00,9700,6430,6425,6429,6425,6431,6426,6431,6427,6430.5,6425.5,6430.0,6426.0
2025-10-29 06:00:00,15500,6428,6423,6425,6425,6429,6424,6427,6426,6428.5,6423.5,6426.0,6425.5
2025-10-29 06:05:00,64000,6438,6421,6425,6433,6441,6422,6426,6435,6439.5,6421.5,6425.5,6434.0
2025-10-29 06:10:00,11200,6444,6433,6433,6444,6446,6435,6435,6446,6445.0,6434.0,6434.0,6445.0
2025-10-29 06:15:00,23500,6452,6443,6443,6450,6454,6444,6446,6451,6453.0,6443.5,6444.5,6450.5
2025-10-29 06:20:00,34600,6450,6433,6450,6434,6451,6435,6451,6436,6450.5,6434.0,6450.5,6435.0
2025-10-29 06:25:00,,6501,6401,6428,6430,6502,6402,6429,6431,6501.5,6401.5,6428.5,6430.5
2025-10-29 06:30:00,538500,6430,6430,6430,6430,6439,6439,6439,6439,6434.5,6434.5,6434.5,6434.5
2025-10-30 00:00:00,108400,6442,6404,6420,6406,6447,6406,6421,6409,6444.0,6405.0,6420.5,6407.5
2025-10-30 00:05:00,26000,6417,6404,6406,6410,6419,6407,6410,6413,6418.0,6405.5,6408.0,6411.5
2025-10-30 00:10:00,15100,6418,6401,6410,6413,6420,6404,6413,6415,6419.0,6402.5,6411.5,6414.0
2025-10-30 00:15:00,14800,6427,6411,6413,6415,6430,6414,6415,6417,6428.5,6412.5,6414.0,6416.0
2025-10-30 00:20:00,13300,6430,6412,6415,6430,6433,6415,6417,6432,6431.5,6414.0,6416.0,6431.0
2025-10-30 00:25:00,15500,6438,6424,6430,6436,6440,6426,6432,6438,6439.0,6425.0,6431.0,6437.0
2025-10-30 00:30:00,17500,6441,6431,6436,6431,6444,6433,6438,6433,6442.5,6432.0,6437.0,6432.0
2025-10-30 00:35:00,9100,6434,6428,6431,6430,6437,6429,6433,6432,6435.5,6428.5,6432.0,6431.0
2025-10-30 00:40:00,17600,6441,6428,6429,6441,6444,6429,6432,6443,6442.5,6428.5,6430.5,6442.0
2025-10-30 00:45:00,18300,6445,6434,6441,6438,6447,6436,6443,6440,6446.0,6435.0,6442.0,6439.0
2025-10-30 00:50:00,13600,6454,6437,6438,6454,6456,6439,6441,6456,6455.0,6438.0,6439.5,6455.0
2025-10-30 00:55:00,7500,6459,6451,6454,6459,6461,6453,6456,6461,6460.0,6452.0,6455.0,6460.0
2025-10-30 01:00:00,19000,6469,6459,6459,6467,6470,6461,6461,6470,6469.5,6460.0,6460.0,6468.5
2025-10-30 01:05:00,8600,6473,6466,6467,6471,6474,6468,6469,6473,6473.5,6467.0,6468.0,6472.0
2025-10-30 01:10:00,11100,6471,6462,6471,6471,6473,6464,6473,6472,6472.0,6463.0,6472.0,6471.5
2025-10-30 01:15:00,7000,6476,6471,6471,6472,6477,6472,6472,6474,6476.5,6471.5,6471.5,6473.0
2025-10-30 01:20:00,6000,6478,6471,6472,6473,6480,6472,6474,6475,6479.0,6471.5,6473.0,6474.0
2025-10-30 01:25:00,9300,6481,6473,6473,6478,6482,6475,6475,6480,6481.5,6474.0,6474.0,6479.0
2025-10-30 01:30:00,9100,6484,6476,6478,6484,6485,6478,6480,6485,6484.5,6477.0,6479.0,6484.5
2025-10-30 01:35:00,6700,6484,6480,6484,6482,6485,6482,6485,6483,6484.5,6481.0,6484.5,6482.5
2025-10-30 01:40:00,11500,6485,6476,6482,6480,6487,6478,6483,6481,6486.0,6477.0,6482.5,6480.5
2025-10-30 01:45:00,5600,6482,6478,6480,6478,6484,6479,6481,6479,6483.0,6478.5,6480.5,6478.5
2025-10-30 01:50:00,7100,6478,6473,6478,6476,6479,6474,6479,6477,6478.5,6473.5,6478.5,6476.5
2025-10-30 01:55:00,4600,6478,6474,6476,6477,6479,6475,6477,6479,6478.5,6474.5,6476.5,6478.0
2025-10-30 02:00:00,5900,6478,6471,6477,6474,6479,6473,6479,6475,6478.5,6472.5,6478.0,6474.5
2025-10-30 02:05:00,8800,6478,6470,6474,6478,6480,6473,6475,6480,6479.0,6471.5,6474.5,6479.0
2025-10-30 02:10:00,4800,6478,6471,6478,6474,6480,6473,6480,6476,6479.0,6472.0,6479.0,6475.0
2025-10-30 02:15:00,4300,6483,6473,6474,6480,6484,6475,6476,6482,6483.5,6474.0,6475.0,6481.0
2025-10-30 02:20:00,7000,6486,6478,6480,6486,6488,6479,6482,6487,6487.0,6478.5,6481.0,6486.5
2025-10-30 02:25:00,8500,6486,6479,6486,6482,6488,6480,6487,6485,6487.0,6479.5,6486.5,6483.5
2025-10-30 02:30:00,7100,6481,6481,6481,6481,6485,6485,6485,6485,6483.0,6483.0,6483.0,6483.0
2025-10-30 03:30:00,23200,6490,6470,6489,6481,6491,6473,6489,6483,6490.5,6471.5,6489.0,6482.0
2025-10-30 03:35:00,8700,6494,6481,6481,6494,6497,6483,6483,6496,6495.5,6482.0,6482.0,6495.0
2025-10-30 03:40:00,9800,6494,6483,6494,6493,6496,6485,6496,6495,6495.0,6484.0,6495.0,6494.0
2025-10-30 03:45:00,4500,6497,6493,6493,6497,6498,6495,6495,6498,6497.5,6494.0,6494.0,6497.5
2025-10-30 03:50:00,12500,6502,6496,6496,6497,6503,6497,6498,6499,6502.5,6496.5,6497.0,6498.0
2025-10-30 03:55:00,3900,6498,6492,6497,6496,6499,6494,6499,6497,6498.5,6493.5,6498.0,6496.5
2025-10-30 04:00:00,7200,6497,6491,6496,6491,6500,6492,6497,6493,6498.5,6491.5,6496.5,6492.0
2025-10-30 04:05:00,4400,6492,6475,6491,6475,6493,6476,6493,6476,6492.5,6475.5,6492.0,6475.5
2025-10-30 04:10:00,20700,6475,6456,6475,6469,6476,6459,6476,6473,6475.5,6457.5,6475.5,6471.0
2025-10-30 04:15:00,5600,6477,6466,6469,6475,6480,6469,6473,6477,6478.5,6467.5,6471.0,6476.0
2025-10-30 04:20:00,3000,6479,6471,6476,6471,6481,6473,6477,6474,6480.0,6472.0,6476.5,6472.5
2025-10-30 04:25:00,3800,6474,6470,6471,6474,6477,6472,6474,6476,6475.5,6471.0,6472.5,6475.0
2025-10-30 04:30:00,6700,6480,6474,6474,6479,6483,6476,6476,6481,6481.5,6475.0,6475.0,6480.0
2025-10-30 04:35:00,19600,6496,6478,6479,6485,6498,6481,6481,6487,6497.0,6479.5,6480.0,6486.0
2025-10-30 04:40:00,7800,6485,6478,6485,6479,6487,6479,6487,6481,6486.0,6478.5,6486.0,6480.0
2025-10-30 04:45:00,11500,6488,6478,6479,6487,6489,6479,6481,6489,6488.5,6478.5,6480.0,6488.0
2025-10-30 04:50:00,4900,6492,6486,6487,6487,6494,6488,6489,6488,6492.5,6487.5,6488.0,6487.5
2025-10-30 04:55:00,11300,6493,6487,6487,6491,6496,6488,6488,6493,6494.5,6487.5,6487.5,6492.0
2025-10-30 05:00:00,10400,6493,6484,6491,6490,6494,6486,6493,6492,6493.5,6485.0,6492.0,6491.0
2025-10-30 05:05:00,9800,6497,6490,6490,6497,6499,6492,6492,6498,6498.0,6491.0,6491.0,6497.5
2025-10-30 05:10:00,6000,6497,6491,6497,6492,6498,6493,6498,6494,6497.5,6492.0,6497.5,6493.0
2025-10-30 05:15:00,3200,6492,6487,6492,6490,6494,6489,6494,6492,6493.0,6488.0,6493.0,6491.0
2025-10-30 05:20:00,4100,6492,6490,6490,6491,6494,6492,6492,6492,6493.0,6491.0,6491.0,6491.5
2025-10-30 05:25:00,5100,6496,6491,6491,6495,6497,6492,6492,6497,6496.5,6491.5,6491.5,6496.0
2025-10-30 05:30:00,6000,6497,6493,6495,6495,6499,6495,6497,6496,6498.0,6494.5,6496.0,6495.5
2025-10-30 05:35:00,5800,6495,6488,6495,6488,6496,6490,6496,6490,6495.5,6489.0,6495.5,6489.0
2025-10-30 05:40:00,5000,6492,6488,6488,6490,6494,6489,6490,6492,6493.0,6488.5,6489.0,6491.0
2025-10-30 05:45:00,4800,6494,6490,6490,6494,6496,6492,6492,6496,6495.0,6491.0,6491.0,6495.0
2025-10-30 05:50:00,10200,6497,6492,6494,6497,6499,6494,6496,6499,6498.0,6493.0,6495.0,6498.0
2025-10-30 05:55:00,13800,6501,6494,6497,6494,6503,6496,6499,6496,6502.0,6495.0,6498.0,6495.0
2025-10-30 06:00:00,10300,6497,6491,6494,6494,6499,6493,6496,6496,6498.0,6492.0,6495.0,6495.0
2025-10-30 06:05:00,14200,6494,6490,6494,6491,6496,6492,6496,6494,6495.0,6491.0,6495.0,6492.5
2025-10-30 06:10:00,21600,6492,6485,6491,6486,6494,6486,6494,6488,6493.0,6485.5,6492.5,6487.0
2025-10-30 06:15:00,11200,6489,6483,6486,6488,6491,6485,6488,6490,6490.0,6484.0,6487.0,6489.0
2025-10-30 06:20:00,16400,6495,6488,6488,6492,6497,6490,6490,6496,6496.0,6489.0,6489.0,6494.0
2025-10-30 06:25:00,,6564,6462,6462,6492,6565,6463,6463,6493,6564.5,6462.5,6462.5,6492.5
2025-10-30 06:30:00,677000,6490,6490,6490,6490,6496,6496,6496,6496,6493.0,6493.0,6493.0,6493.0
2025-10-31 00:00:00,53700,6492,6481,6492,6483,6495,6484,6493,6486,6493.5,6482.5,6492.5,6484.5
2025-10-31 00:05:00,6500,6484,6476,6483,6479,6488,6478,6486,6481,6486.0,6477.0,6484.5,6480.0
2025-10-31 00:10:00,21200,6492,6473,6479,6490,6495,6475,6481,6492,6493.5,6474.0,6480.0,6491.0
2025-10-31 00:15:00,14500,6506,6489,6490,6502,6508,6491,6492,6504,6507.0,6490.5,6491.0,6503.0
2025-10-31 00:20:00,4500,6505,6498,6502,6505,6508,6501,6504,6507,6506.5,6499.5,6503.0,6506.0
2025-10-31 00:25:00,5500,6508,6493,6505,6495,6509,6496,6507,6498,6508.5,6495.0,6506.0,6496.5
2025-10-31 00:30:00,5500,6501,6494,6495,6496,6504,6496,6498,6497,6502.5,6495.0,6496.5,6496.5
2025-10-31 00:35:00,4500,6502,6493,6496,6500,6505,6495,6497,6502,6503.0,6494.0,6496.5,6501.0
2025-10-31 00:40:00,7200,6506,6500,6500,6503,6509,6502,6502,6506,6507.5,6501.0,6501.0,6504.5
2025-10-31 00:45:00,10100,6508,6500,6503,6503,6509,6503,6506,6506,6508.5,6502.0,6504.5,6504.5
2025-10-31 00:50:00,8300,6505,6495,6503,6495,6508,6497,6506,6497,6506.5,6496.0,6504.5,6496.0
2025-10-31 00:55:00,5900,6499,6492,6495,6498,6501,6494,6497,6499,6499.5,6493.0,6496.0,6498.5
2025-10-31 01:00:00,6700,6500,6493,6498,6493,6502,6495,6499,6495,6501.0,6494.0,6498.5,6494.0
2025-10-31 01:05:00,9300,6503,6493,6493,6499,6505,6494,6495,6501,6504.0,6493.5,6494.0,6500.0
2025-10-31 01:10:00,6700,6499,6492,6499,6493,6501,6494,6501,6495,6500.0,6493.0,6500.0,6494.0
2025-10-31 01:15:00,11800,6500,6492,6493,6494,6502,6493,6495,6496,6501.0,6492.5,6494.0,6495.0
2025-10-31 01:20:00,3600,6499,6494,6494,6496,6500,6496,6496,6498,6499.5,6495.0,6495.0,6497.0
2025-10-31 01:25:00,9100,6502,6491,6496,6492,6503,6492,6498,6494,6502.5,6491.5,6497.0,6493.0
2025-10-31 01:30:00,11400,6493,6486,6492,6490,6495,6488,6494,6492,6494.0,6487.0,6493.0,6491.0
2025-10-31 01:35:00,3700,6491,6486,6490,6490,6494,6488,6493,6493,6492.5,6487.0,6491.5,6491.5
2025-10-31 01:40:00,1600,6492,6490,6491,6490,6494,6492,6493,6492,6493.0,6491.0,6492.0,6491.0
2025-10-31 01:45:00,7500,6492,6486,6490,6486,6494,6487,6492,6488,6493.0,6486.5,6491.0,6487.0
2025-10-31 01:50:00,4600,6487,6484,6486,6484,6488,6485,6488,6485,6487.5,6484.5,6487.0,6484.5
2025-10-31 01:55:00,9000,6486,6479,6484,6479,6488,6480,6485,6480,6487.0,6479.5,6484.5,6479.5
2025-10-31 02:00:00,12800,6485,6476,6479,6476,6486,6477,6480,6478,6485.5,6476.5,6479.5,6477.0
2025-10-31 02:05:00,8800,6480,6474,6476,6475,6483,6475,6478,6477,6481.5,6474.5,6477.0,6476.0
2025-10-31 02:10:00,9900,6477,6471,6475,6476,6478,6472,6477,6478,6477.5,6471.5,6476.0,6477.0
2025-10-31 02:15:00,6300,6482,6476,6477,6482,6484,6478,6478,6484,6483.0,6477.0,6477.5,6483.0
2025-10-31 02:20:00,2700,6482,6476,6482,6477,6484,6478,6484,6479,6483.0,6477.0,6483.0,6478.0
2025-10-31 02:25:00,6100,6477,6475,6477,6475,6480,6476,6479,6477,6478.5,6475.5,6478.0,6476.0
2025-10-31 02:30:00,300,,,,,,,,,,,,
2025-10-31 03:30:00,18400,6481,6471,6476,6481,6483,6474,6477,6483,6482.0,6472.5,6476.5,6482.0
2025-10-31 03:35:00,4800,6489,6481,6481,6488,6491,6482,6483,6490,6490.0,6481.5,6482.0,6489.0
2025-10-31 03:40:00,3000,6492,6486,6488,6488,6494,6489,6490,6490,6493.0,6487.5,6489.0,6489.0
2025-10-31 03:45:00,4800,6497,6487,6488,6497,6498,6489,6490,6498,6497.5,6488.0,6489.0,6497.5
2025-10-31 03:50:00,8800,6502,6495,6496,6501,6505,6497,6498,6503,6503.5,6496.0,6497.0,6502.0
2025-10-31 03:55:00,5000,6502,6498,6502,6498,6505,6500,6503,6500,6503.5,6499.0,6502.5,6499.0
2025-10-31 04:00:00,5800,6503,6495,6498,6501,6505,6498,6500,6503,6504.0,6496.5,6499.0,6502.0
2025-10-31 04:05:00,3000,6503,6496,6501,6499,6504,6499,6503,6501,6503.5,6497.5,6502.0,6500.0
2025-10-31 04:10:00,4200,6500,6494,6499,6497,6502,6495,6501,6499,6501.0,6494.5,6500.0,6498.0
2025-10-31 04:15:00,6100,6501,6496,6497,6499,6504,6498,6499,6501,6502.5,6497.0,6498.0,6500.0
2025-10-31 04:20:00,4600,6502,6495,6499,6495,6504,6497,6501,6498,6503.0,6496.0,6500.0,6496.5
2025-10-31 04:25:00,3800,6495,6489,6495,6491,6498,6490,6498,6494,6496.5,6489.5,6496.5,6492.5
2025-10-31 04:30:00,8100,6493,6482,6491,6485,6495,6484,6493,6487,6494.0,6483.0,6492.0,6486.0
2025-10-31 04:35:00,3700,6492,6482,6485,6490,6494,6484,6487,6492,6493.0,6483.0,6486.0,6491.0
2025-10-31 04:40:00,3300,6491,6485,6490,6486,6493,6487,6492,6488,6492.0,6486.0,6491.0,6487.0
2025-10-31 04:45:00,6100,6493,6485,6486,6492,6494,6487,6488,6493,6493.5,6486.0,6487.0,6492.5
2025-10-31 04:50:00,5800,6498,6491,6492,6498,6499,6492,6493,6499,6498.5,6491.5,6492.5,6498.5
2025-10-31 04:55:00,3700,6498,6495,6498,6495,6500,6496,6499,6496,6499.0,6495.5,6498.5,6495.5
2025-10-31 05:00:00,4800,6497,6491,6495,6491,6499,6492,6496,6493,6498.0,6491.5,6495.5,6492.0
2025-10-31 05:05:00,4000,6495,6490,6491,6493,6496,6492,6493,6494,6495.5,6491.0,6492.0,6493.5
2025-10-31 05:10:00,2900,6494,6491,6493,6492,6497,6493,6494,6494,6495.5,6492.0,6493.5,6493.0
2025-10-31 05:15:00,4000,6495,6492,6492,6492,6497,6493,6495,6494,6496.0,6492.5,6493.5,6493.0
2025-10-31 05:20:00,6100,6492,6486,6492,6488,6494,6487,6494,6490,6493.0,6486.5,6493.0,6489.0
2025-10-31 05:25:00,3800,6491,6486,6488,6488,6493,6488,6490,6490,6492.0,6487.0,6489.0,6489.0
2025-10-31 05:30:00,6400,6493,6488,6488,6491,6494,6489,6490,6493,6493.5,6488.5,6489.0,6492.0
2025-10-31 05:35:00,5900,6495,6490,6491,6495,6497,6491,6493,6496,6496.0,6490.5,6492.0,6495.5
2025-10-31 05:40:00,6500,6500,6494,6495,6499,6503,6495,6496,6500,6501.5,6494.5,6495.5,6499.5
2025-10-31 05:45:00,4500,6501,6497,6499,6497,6503,6499,6500,6499,6502.0,6498.0,6499.5,6498.0
2025-10-31 05:50:00,5300,6500,6494,6497,6499,6502,6496,6499,6502,6501.0,6495.0,6498.0,6500.5
2025-10-31 05:55:00,8200,6503,6499,6499,6500,6505,6500,6502,6502,6503.5,6499.5,6500.5,6501.0
2025-10-31 06:00:00,10300,6503,6495,6500,6501,6505,6496,6502,6503,6504.0,6495.5,6501.0,6502.0
2025-10-31 06:05:00,8600,6503,6498,6501,6499,6505,6500,6503,6501,6503.5,6499.0,6502.0,6500.0
2025-10-31 06:10:00,18200,6511,6499,6499,6509,6512,6500,6501,6511,6511.5,6499.5,6500.0,6510.0
2025-10-31 06:15:00,7500,6511,6503,6509,6503,6512,6504,6511,6505,6511.5,6503.5,6510.0,6504.0
2025-10-31 06:20:00,16200,6503,6497,6503,6498,6505,6499,6505,6500,6504.0,6498.5,6504.0,6499.0
2025-10-31 06:25:00,,6579,6475,6491,6519,6580,6476,6492,6520,6579.5,6475.5,6491.5,6519.5
2025-10-31 06:30:00,522000,6512,6512,6512,6512,6520,6520,6520,6520,6516.0,6516.0,6516.0,6516.0
2025-11-04 00:00:00,106000,6513,6482,6513,6497,6519,6486,6514,6500,6513.5,6484.0,6513.5,6498.5
2025-11-04 00:05:00,18400,6511,6487,6497,6493,6513,6491,6500,6495,6512.0,6489.0,6498.5,6494.0
2025-11-04 00:10:00,18500,6494,6476,6493,6483,6497,6477,6495,6485,6495.5,6476.5,6494.0,6484.0
2025-11-04 00:15:00,14700,6507,6481,6482,6502,6508,6484,6485,6504,6507.5,6482.5,6483.5,6503.0
2025-11-04 00:20:00,9600,6508,6491,6502,6506,6511,6492,6504,6509,6509.5,6491.5,6503.0,6507.5
2025-11-04 00:25:00,7800,6506,6491,6506,6498,6509,6494,6508,6500,6507.5,6492.5,6507.0,6499.0
2025-11-04 00:30:00,9400,6507,6498,6498,6503,6509,6500,6500,6505,6508.0,6499.0,6499.0,6504.0
2025-11-04 00:35:00,6000,6512,6502,6503,6510,6514,6504,6505,6512,6513.0,6503.0,6504.0,6511.0
2025-11-04 00:40:00,6900,6513,6507,6510,6507,6515,6508,6512,6509,6514.0,6507.5,6511.0,6508.0
2025-11-04 00:45:00,10100,6519,6507,6507,6518,6520,6509,6509,6520,6519.5,6508.0,6508.0,6519.0
2025-11-04 00:50:00,16400,6526,6514,6518,6525,6528,6516,6519,6527,6526.5,6515.0,6518.5,6526.0
2025-11-04 00:55:00,7200,6527,6517,6526,6526,6529,6520,6527,6528,6528.0,6518.5,6526.5,6527.0
2025-11-04 01:00:00,7500,6527,6522,6526,6526,6528,6524,6528,6528,6527.5,6523.0,6527.0,6527.0
2025-11-04 01:05:00,14200,6534,6524,6526,6532,6535,6527,6528,6534,6534.5,6525.5,6527.0,6533.0
2025-11-04 01:10:00,13200,6542,6529,6532,6542,6545,6530,6534,6544,6543.5,6529.5,6533.0,6543.0
2025-11-04 01:15:00,5400,6542,6533,6542,6535,6544,6535,6544,6536,6543.0,6534.0,6543.0,6535.5
2025-11-04 01:20:00,11900,6545,6535,6535,6543,6547,6536,6536,6546,6546.0,6535.5,6535.5,6544.5
2025-11-04 01:25:00,6900,6546,6540,6543,6545,6548,6542,6546,6547,6547.0,6541.0,6544.5,6546.0
2025-11-04 01:30:00,10300,6549,6543,6545,6543,6550,6545,6547,6545,6549.5,6544.0,6546.0,6544.0
2025-11-04 01:35:00,18500,6557,6543,6543,6557,6558,6545,6545,6558,6557.5,6544.0,6544.0,6557.5
2025-11-04 01:40:00,9400,6561,6555,6557,6556,6563,6558,6558,6558,6562.0,6556.5,6557.5,6557.0
2025-11-04 01:45:00,4300,6562,6556,6556,6558,6563,6558,6558,6559,6562.5,6557.0,6557.0,6558.5
2025-11-04 01:50:00,6000,6558,6549,6558,6553,6559,6551,6559,6555,6558.5,6550.0,6558.5,6554.0
2025-11-04 01:55:00,4100,6558,6551,6553,6557,6559,6553,6555,6558,6558.5,6552.0,6554.0,6557.5
2025-11-04 02:00:00,7400,6558,6552,6557,6558,6560,6554,6558,6559,6559.0,6553.0,6557.5,6558.5
2025-11-04 02:05:00,6000,6561,6557,6558,6559,6563,6558,6559,6560,6562.0,6557.5,6558.5,6559.5
2025-11-04 02:10:00,6600,6564,6557,6559,6558,6565,6558,6560,6559,6564.5,6557.5,6559.5,6558.5
2025-11-04 02:15:00,7100,6560,6547,6557,6549,6561,6549,6559,6550,6560.5,6548.0,6558.0,6549.5
2025-11-04 02:20:00,3600,6552,6544,6549,6552,6554,6547,6550,6554,6553.0,6545.5,6549.5,6553.0
2025-11-04 02:25:00,9300,6555,6549,6552,6552,6557,6551,6554,6554,6556.0,6550.0,6553.0,6553.0
2025-11-04 02:30:00,800,6551,6551,6551,6551,6554,6554,6554,6554,6552.5,6552.5,6552.5,6552.5
2025-11-04 03:30:00,24200,6554,6537,6550,6545,6558,6538,6551,6547,6556.0,6537.5,6550.5,6546.0
2025-11-04 03:35:00,12700,6548,6543,6545,6545,6550,6545,6547,6546,6549.0,6544.0,6546.0,6545.5
2025-11-04 03:40:00,14000,6545,6532,6545,6535,6546,6534,6546,6538,6545.5,6533.0,6545.5,6536.5
2025-11-04 03:45:00,9500,6536,6528,6535,6528,6538,6530,6538,6530,6536.5,6529.0,6536.5,6529.0
2025-11-04 03:50:00,7800,6529,6522,6528,6527,6531,6524,6529,6530,6530.0,6523.0,6528.5,6528.5
2025-11-04 03:55:00,8300,6528,6520,6527,6525,6530,6522,6530,6527,6528.5,6521.0,6528.5,6526.0
2025-11-04 04:00:00,7400,6529,6523,6525,6523,6531,6525,6527,6525,6530.0,6524.0,6526.0,6524.0
2025-11-04 04:05:00,7300,6525,6520,6523,6523,6527,6522,6525,6525,6526.0,6521.0,6524.0,6524.0
2025-11-04 04:10:00,12100,6527,6523,6523,6524,6528,6524,6525,6526,6527.5,6523.5,6524.0,6525.0
2025-11-04 04:15:00,13500,6527,6522,6524,6527,6529,6524,6526,6528,6527.5,6523.0,6525.0,6527.5
2025-11-04 04:20:00,6600,6529,6522,6527,6528,6531,6525,6528,6531,6530.0,6523.5,6527.5,6529.5
2025-11-04 04:25:00,7300,6529,6523,6528,6528,6531,6525,6531,6531,6529.5,6524.0,6529.5,6529.5
2025-11-04 04:30:00,8900,6536,6528,6528,6531,6538,6531,6531,6533,6537.0,6529.5,6529.5,6532.0
2025-11-04 04:35:00,6700,6531,6523,6531,6529,6533,6525,6533,6531,6532.0,6524.0,6532.0,6530.0
2025-11-04 04:40:00,12400,6533,6528,6529,6530,6535,6529,6531,6532,6534.0,6528.5,6530.0,6531.0
2025-11-04 04:45:00,6200,6539,6530,6530,6537,6540,6533,6533,6539,6539.5,6531.5,6531.5,6538.0
2025-11-04 04:50:00,10000,6539,6534,6537,6537,6542,6536,6539,6540,6540.5,6535.0,6538.0,6538.5
2025-11-04 04:55:00,4300,6542,6537,6537,6537,6544,6539,6540,6539,6543.0,6538.0,6538.5,6538.0
2025-11-04 05:00:00,11800,6537,6530,6537,6536,6539,6533,6539,6538,6538.0,6531.5,6538.0,6537.0
2025-11-04 05:05:00,7900,6536,6530,6536,6533,6538,6533,6538,6535,6537.0,6531.5,6537.0,6534.0
2025-11-04 05:10:00,10300,6535,6530,6533,6532,6538,6532,6535,6534,6536.5,6531.0,6534.0,6533.0
2025-11-04 05:15:00,9100,6537,6532,6532,6537,6539,6534,6534,6539,6538.0,6533.0,6533.0,6538.0
2025-11-04 05:20:00,15800,6539,6531,6537,6533,6540,6532,6539,6535,6539.5,6531.5,6538.0,6534.0
2025-11-04 05:25:00,7100,6535,6530,6533,6533,6536,6532,6535,6535,6535.5,6531.0,6534.0,6534.0
2025-11-04 05:30:00,7600,6533,6530,6533,6531,6535,6532,6535,6533,6534.0,6531.0,6534.0,6532.0
2025-11-04 05:35:00,9400,6534,6530,6531,6532,6536,6532,6533,6534,6535.0,6531.0,6532.0,6533.0
2025-11-04 05:40:00,13500,6533,6528,6532,6533,6535,6530,6534,6535,6534.0,6529.5,6533.0,6534.0
2025-11-04 05:45:00,11900,6535,6529,6533,6533,6537,6532,6535,6535,6536.0,6530.5,6534.0,6534.0
2025-11-04 05:50:00,19300,6536,6529,6533,6533,6539,6530,6535,6535,6537.0,6529.5,6534.0,6534.0
2025-11-04 05:55:00,18400,6536,6529,6533,6535,6539,6530,6536,6537,6537.5,6529.5,6534.5,6536.0
2025-11-04 06:00:00,14500,6538,6532,6535,6536,6540,6534,6537,6538,6538.5,6533.0,6536.0,6537.0
2025-11-04 06:05:00,22600,6546,6534,6536,6534,6548,6535,6538,6535,6547.0,6534.5,6537.0,6534.5
2025-11-04 06:10:00,18300,6542,6534,6534,6538,6544,6535,6535,6541,6543.0,6534.5,6534.5,6539.5
2025-11-04 06:15:00,16400,6541,6534,6538,6535,6543,6536,6541,6537,6542.0,6535.0,6539.5,6536.0
2025-11-04 06:20:00,22500,6542,6535,6535,6539,6544,6537,6537,6543,6543.0,6536.0,6536.0,6541.0
2025-11-04 06:25:00,,6532,6264,6525,6531,6533,6265,6526,6532,6532.5,6264.5,6525.5,6531.5
2025-11-04 06:30:00,657900,6530,6530,6530,6530,6539,6539,6539,6539,6534.5,6534.5,6534.5,6534.5
2025-11-05 00:00:00,276700,6635,6582,6609,6598,6639,6586,6610,6600,6637.0,6585.0,6609.5,6599.0
2025-11-05 00:05:00,52500,6607,6582,6598,6593,6610,6586,6600,6595,6608.5,6584.0,6599.0,6594.0
2025-11-05 00:10:00,43200,6597,6576,6593,6592,6598,6579,6595,6594,6597.5,6577.5,6594.0,6593.0
2025-11-05 00:15:00,39100,6600,6580,6592,6589,6603,6583,6594,6591,6601.5,6581.5,6593.0,6590.0
2025-11-05 00:20:00,25600,6589,6554,6589,6561,6591,6555,6591,6563,6590.0,6554.5,6590.0,6562.0
2025-11-05 00:25:00,20300,6567,6540,6561,6566,6568,6541,6563,6568,6567.5,6540.5,6562.0,6567.0
2025-11-05 00:30:00,12800,6574,6563,6565,6571,6575,6564,6568,6573,6574.5,6563.5,6566.5,6572.0
2025-11-05 00:35:00,8800,6577,6570,6571,6572,6579,6571,6573,6574,6578.0,6570.5,6572.0,6573.0
2025-11-05 00:40:00,9800,6579,6568,6572,6577,6580,6569,6574,6580,6579.5,6568.5,6573.0,6578.5
2025-11-05 00:45:00,17100,6586,6569,6577,6580,6588,6571,6580,6582,6587.0,6570.0,6578.5,6581.0
2025-11-05 00:50:00,11100,6583,6577,6580,6581,6585,6578,6582,6583,6583.5,6577.5,6581.0,6582.0
2025-11-05 00:55:00,13800,6585,6575,6581,6576,6587,6577,6583,6577,6586.0,6576.0,6582.0,6576.5
2025-11-05 01:00:00,12100,6579,6571,6576,6578,6580,6573,6577,6579,6579.5,6572.0,6576.5,6578.5
2025-11-05 01:05:00,12900,6580,6563,6578,6570,6582,6566,6579,6572,6581.0,6564.5,6578.5,6571.0
2025-11-05 01:10:00,12800,6570,6557,6570,6557,6573,6559,6572,6559,6571.5,6558.0,6571.0,6558.0
2025-11-05 01:15:00,14200,6557,6544,6557,6546,6560,6545,6559,6547,6558.5,6544.5,6558.0,6546.5
2025-11-05 01:20:00,13400,6550,6539,6546,6543,6551,6541,6547,6545,6550.5,6540.0,6546.5,6544.0
2025-11-05 01:25:00,19000,6544,6533,6543,6535,6545,6534,6545,6538,6544.5,6533.5,6544.0,6536.5
2025-11-05 01:30:00,33900,6544,6525,6535,6542,6546,6527,6538,6544,6545.0,6526.0,6536.5,6543.0
2025-11-05 01:35:00,16100,6548,6535,6542,6537,6551,6536,6544,6539,6549.0,6535.5,6543.0,6538.0
2025-11-05 01:40:00,16100,6546,6532,6537,6533,6548,6534,6540,6535,6547.0,6533.0,6538.5,6534.0
2025-11-05 01:45:00,13100,6545,6531,6533,6539,6546,6532,6535,6540,6545.5,6531.5,6534.0,6539.5
2025-11-05 01:50:00,11500,6549,6528,6539,6549,6550,6531,6540,6550,6549.5,6529.5,6539.5,6549.5
2025-11-05 01:55:00,8400,6553,6543,6549,6551,6555,6546,6550,6553,6554.0,6544.5,6549.5,6552.0
2025-11-05 02:00:00,13500,6553,6541,6551,6542,6555,6543,6553,6545,6554.0,6542.0,6552.0,6543.5
2025-11-05 02:05:00,17600,6545,6538,6542,6544,6547,6539,6545,6546,6546.0,6538.5,6543.5,6545.0
2025-11-05 02:10:00,9800,6553,6538,6544,6551,6554,6540,6546,6552,6553.5,6539.0,6545.0,6551.5
2025-11-05 02:15:00,12800,6552,6540,6551,6544,6554,6542,6553,6546,6552.5,6541.0,6552.0,6545.0
2025-11-05 02:20:00,13100,6546,6532,6545,6539,6548,6534,6546,6540,6547.0,6533.0,6545.5,6539.5
2025-11-05 02:25:00,15400,6541,6533,6539,6537,6543,6535,6540,6541,6541.5,6534.0,6539.5,6539.0
2025-11-05 02:30:00,3000,6537,6537,6537,6537,6543,6543,6543,6543,6540.0,6540.0,6540.0,6540.0
2025-11-05 03:30:00,57500,6555,6525,6555,6528,6557,6527,6556,6531,6555.5,6526.0,6555.5,6529.5
2025-11-05 03:35:00,18400,6531,6511,6528,6511,6532,6513,6531,6513,6531.5,6512.0,6529.5,6512.0
2025-11-05 03:40:00,26800,6515,6502,6511,6515,6517,6505,6513,6516,6516.0,6503.5,6512.0,6515.5
2025-11-05 03:45:00,17300,6526,6508,6515,6525,6529,6510,6516,6528,6527.5,6509.0,6515.5,6526.5
2025-11-05 03:50:00,19100,6531,6523,6525,6527,6533,6524,6528,6530,6532.0,6523.5,6526.5,6528.5
2025-11-05 03:55:00,10400,6535,6525,6527,6528,6536,6527,6530,6530,6535.5,6526.0,6528.5,6529.0
2025-11-05 04:00:00,17000,6533,6525,6528,6530,6534,6526,6530,6532,6533.5,6525.5,6529.0,6531.0
2025-11-05 04:05:00,16900,6531,6525,6530,6530,6533,6526,6532,6532,6532.0,6525.5,6531.0,6531.0
2025-11-05 04:10:00,7400,6539,6529,6530,6535,6540,6530,6532,6537,6539.5,6529.5,6531.0,6536.0
2025-11-05 04:15:00,12400,6536,6529,6535,6530,6538,6531,6537,6532,6537.0,6530.0,6536.0,6531.0
2025-11-05 04:20:00,9300,6535,6529,6530,6535,6538,6531,6532,6536,6536.5,6530.0,6531.0,6535.5
2025-11-05 04:25:00,4600,6538,6534,6535,6535,6540,6536,6536,6537,6538.5,6535.0,6535.5,6536.0
2025-11-05 04:30:00,5500,6541,6535,6535,6539,6543,6537,6537,6541,6542.0,6536.0,6536.0,6540.0
2025-11-05 04:35:00,15100,6545,6537,6539,6543,6548,6539,6541,6545,6546.5,6538.0,6540.0,6544.0
2025-11-05 04:40:00,14800,6548,6542,6543,6544,6554,6543,6545,6546,6549.5,6542.5,6544.0,6545.0
2025-11-05 04:45:00,3700,6545,6542,6544,6545,6546,6543,6546,6546,6545.5,6542.5,6545.0,6545.5
2025-11-05 04:50:00,13900,6546,6536,6545,6537,6547,6537,6546,6539,6546.5,6536.5,6545.5,6538.0
2025-11-05 04:55:00,4400,6541,6536,6537,6537,6543,6537,6540,6538,6542.0,6536.5,6538.5,6537.5
2025-11-05 05:00:00,5300,6540,6535,6537,6535,6542,6537,6538,6537,6541.0,6536.0,6537.5,6536.0
2025-11-05 05:05:00,12600,6537,6530,6535,6535,6540,6532,6537,6537,6538.5,6531.0,6536.0,6536.0
2025-11-05 05:10:00,7300,6539,6533,6535,6539,6541,6534,6537,6541,6540.0,6533.5,6536.0,6540.0
2025-11-05 05:15:00,8800,6544,6539,6539,6542,6545,6541,6541,6544,6544.5,6540.0,6540.0,6543.0
2025-11-05 05:20:00,10300,6542,6533,6542,6533,6544,6534,6544,6534,6543.0,6533.5,6543.0,6533.5
2025-11-05 05:25:00,20700,6535,6527,6533,6532,6536,6529,6534,6535,6535.5,6528.0,6533.5,6533.5
2025-11-05 05:30:00,17700,6532,6515,6532,6516,6535,6516,6534,6518,6533.0,6515.5,6533.0,6517.0
2025-11-05 05:35:00,9500,6517,6512,6516,6512,6519,6513,6518,6513,6518.0,6512.5,6517.0,6512.5
2025-11-05 05:40:00,14500,6517,6508,6512,6515,6519,6509,6513,6516,6518.0,6508.5,6512.5,6515.5
2025-11-05 05:45:00,41400,6520,6509,6515,6517,6522,6510,6516,6519,6521.0,6509.5,6515.5,6518.0
2025-11-05 05:50:00,6100,6519,6516,6517,6518,6520,6517,6519,6520,6519.5,6516.5,6518.0,6519.0
2025-11-05 05:55:00,15600,6522,6513,6518,6521,6524,6515,6520,6523,6523.0,6514.0,6519.0,6522.0
2025-11-05 06:00:00,26700,6525,6511,6521,6518,6526,6512,6523,6519,6525.5,6511.5,6522.0,6518.5
2025-11-05 06:05:00,16800,6521,6514,6518,6520,6523,6515,6519,6521,6522.0,6514.5,6518.5,6520.5
2025-11-05 06:10:00,16200,6524,6517,6520,6521,6525,6519,6521,6523,6524.5,6518.0,6520.5,6522.0
2025-11-05 06:15:00,22100,6533,6521,6521,6533,6534,6523,6523,6534,6533.5,6522.0,6522.0,6533.5
2025-11-05 06:20:00,31900,6543,6533,6533,6539,6544,6534,6534,6542,6543.5,6533.5,6533.5,6540.5
2025-11-05 06:25:00,,6593,6513,6517,6538,6594,6514,6518,6539,6593.5,6513.5,6517.5,6538.5
2025-11-05 06:30:00,606500,6538,6538,6538,6538,6540,6540,6540,6540,6539.0,6539.0,6539.0,6539.0
2025-11-06 00:00:00,117200,6563,6507,6510,6562,6565,6509,6511,6565,6563.5,6508.5,6510.5,6563.5
2025-11-06 00:05:00,17600,6573,6548,6563,6554,6575,6551,6565,6557,6574.0,6549.5,6564.0,6555.5
2025-11-06 00:10:00,16400,6558,6543,6554,6548,6560,6547,6557,6550,6559.0,6545.0,6555.5,6549.0
2025-11-06 00:15:00,30300,6548,6525,6548,6531,6550,6528,6550,6533,6549.0,6526.5,6549.0,6532.0
2025-11-06 00:20:00,13800,6544,6530,6531,6538,6546,6533,6533,6541,6545.0,6531.5,6532.0,6539.5
2025-11-06 00:25:00,14700,6540,6522,6539,6522,6542,6524,6541,6524,6540.5,6523.0,6540.0,6523.0
2025-11-06 00:30:00,22000,6531,6519,6522,6528,6533,6520,6524,6530,6532.0,6519.5,6523.0,6529.0
2025-11-06 00:35:00,15600,6542,6526,6528,6540,6543,6527,6530,6541,6542.5,6526.5,6529.0,6540.5
2025-11-06 00:40:00,9600,6548,6532,6540,6533,6549,6535,6541,6535,6548.5,6533.5,6540.5,6534.0
2025-11-06 00:45:00,19400,6537,6529,6533,6529,6539,6530,6535,6531,6538.0,6529.5,6534.0,6530.0
2025-11-06 00:50:00,13600,6537,6529,6529,6537,6539,6531,6531,6539,6538.0,6530.0,6530.0,6538.0
2025-11-06 00:55:00,7000,6545,6537,6537,6542,6546,6538,6539,6543,6545.5,6537.5,6538.0,6542.5
2025-11-06 01:00:00,15000,6543,6533,6542,6537,6544,6534,6543,6539,6543.5,6533.5,6542.5,6538.0
2025-11-06 01:05:00,8900,6537,6532,6537,6532,6539,6533,6539,6533,6538.0,6532.5,6538.0,6532.5
2025-11-06 01:10:00,15700,6534,6524,6532,6532,6535,6525,6533,6533,6534.5,6524.5,6532.5,6532.5
2025-11-06 01:15:00,6400,6537,6532,6532,6532,6538,6534,6534,6534,6537.5,6533.0,6533.0,6533.0
2025-11-06 01:20:00,15600,6534,6520,6532,6520,6535,6522,6534,6522,6534.5,6521.0,6533.0,6521.0
2025-11-06 01:25:00,19500,6524,6516,6520,6520,6525,6517,6522,6521,6524.5,6516.5,6521.0,6520.5
2025-11-06 01:30:00,14000,6533,6517,6520,6530,6535,6520,6521,6532,6534.0,6518.5,6520.5,6531.0
2025-11-06 01:35:00,10500,6532,6526,6530,6528,6534,6528,6532,6530,6533.0,6527.0,6531.0,6529.0
2025-11-06 01:40:00,5800,6536,6526,6528,6535,6537,6528,6530,6537,6536.5,6527.0,6529.0,6536.0
2025-11-06 01:45:00,9500,6545,6534,6535,6544,6546,6536,6537,6546,6545.5,6535.0,6536.0,6545.0
2025-11-06 01:50:00,6400,6544,6532,6544,6532,6546,6534,6546,6534,6545.0,6533.0,6545.0,6533.0
2025-11-06 01:55:00,8800,6534,6529,6532,6532,6535,6530,6534,6533,6534.5,6529.5,6533.0,6532.5
2025-11-06 02:00:00,14400,6532,6522,6532,6522,6534,6523,6533,6524,6533.0,6522.5,6532.5,6523.0
2025-11-06 02:05:00,8600,6525,6519,6522,6521,6526,6520,6524,6523,6525.5,6519.5,6523.0,6522.0
2025-11-06 02:10:00,6800,6528,6519,6521,6528,6530,6520,6523,6530,6529.0,6519.5,6522.0,6529.0
2025-11-06 02:15:00,6500,6536,6527,6528,6535,6537,6528,6530,6536,6536.5,6527.5,6529.0,6535.5
2025-11-06 02:20:00,9400,6538,6530,6535,6536,6539,6533,6536,6538,6538.5,6531.5,6535.5,6537.0
2025-11-06 02:25:00,7300,6537,6528,6536,6528,6539,6530,6538,6530,6538.0,6529.0,6537.0,6529.0
2025-11-06 02:30:00,2800,6528,6528,6528,6528,6531,6531,6531,6531,6529.5,6529.5,6529.5,6529.5
2025-11-06 03:30:00,32700,6550,6539,6547,6548,6552,6543,6548,6550,6551.0,6541.0,6547.5,6549.0
2025-11-06 03:35:00,23300,6563,6542,6548,6560,6564,6544,6550,6561,6563.5,6543.0,6549.0,6560.5
2025-11-06 03:40:00,12900,6568,6558,6560,6564,6570,6560,6561,6567,6569.0,6559.5,6560.5,6565.5
2025-11-06 03:45:00,21200,6574,6558,6565,6574,6577,6560,6567,6576,6575.5,6559.0,6566.0,6575.0
2025-11-06 03:50:00,9200,6577,6573,6574,6577,6578,6575,6576,6578,6577.5,6574.0,6575.0,6577.5
2025-11-06 03:55:00,16900,6578,6568,6577,6577,6579,6570,6578,6579,6578.5,6569.0,6577.5,6578.0
2025-11-06 04:00:00,31900,6578,6571,6577,6574,6579,6573,6579,6575,6578.5,6572.0,6578.0,6574.5
2025-11-06 04:05:00,28100,6580,6567,6574,6570,6582,6569,6575,6572,6581.0,6568.0,6574.5,6571.0
2025-11-06 04:10:00,11600,6571,6566,6570,6570,6572,6568,6572,6572,6571.5,6567.0,6571.0,6571.0
2025-11-06 04:15:00,18600,6580,6570,6570,6580,6581,6572,6572,6581,6580.5,6571.0,6571.0,6580.5
2025-11-06 04:20:00,11400,6581,6578,6580,6580,6582,6580,6581,6581,6581.5,6579.0,6580.5,6580.5
2025-11-06 04:25:00,14200,6584,6578,6580,6580,6585,6580,6581,6581,6584.5,6579.0,6580.5,6580.5
2025-11-06 04:30:00,13600,6580,6575,6580,6579,6582,6578,6581,6580,6581.0,6577.0,6580.5,6579.5
2025-11-06 04:35:00,6000,6580,6578,6579,6579,6581,6580,6580,6580,6580.5,6579.0,6579.5,6579.5
2025-11-06 04:40:00,17800,6586,6578,6579,6583,6587,6579,6580,6585,6586.5,6578.5,6579.5,6584.0
2025-11-06 04:45:00,8300,6585,6581,6583,6581,6586,6582,6585,6582,6585.5,6581.5,6584.0,6581.5
2025-11-06 04:50:00,8400,6581,6577,6581,6581,6582,6578,6582,6582,6581.5,6577.5,6581.5,6581.5
2025-11-06 04:55:00,9100,6586,6581,6581,6584,6587,6582,6582,6585,6586.5,6581.5,6581.5,6584.5
2025-11-06 05:00:00,9700,6585,6580,6584,6581,6586,6581,6586,6583,6585.5,6580.5,6585.0,6582.0
2025-11-06 05:05:00,13900,6581,6579,6581,6581,6583,6580,6583,6582,6582.0,6579.5,6582.0,6581.5
2025-11-06 05:10:00,14800,6585,6578,6581,6580,6586,6580,6582,6581,6585.5,6579.0,6581.5,6580.5
2025-11-06 05:15:00,15700,6589,6578,6580,6587,6590,6579,6581,6589,6589.5,6578.5,6580.5,6588.0
2025-11-06 05:20:00,27300,6594,6585,6587,6588,6595,6586,6589,6590,6594.5,6585.5,6588.0,6589.0
2025-11-06 05:25:00,9000,6592,6586,6588,6591,6593,6587,6590,6593,6592.5,6586.5,6589.0,6592.0
2025-11-06 05:30:00,8200,6592,6586,6591,6587,6593,6588,6593,6589,6592.5,6587.0,6592.0,6588.0
2025-11-06 05:35:00,25700,6589,6564,6587,6564,6591,6565,6589,6565,6590.0,6564.5,6588.0,6564.5
2025-11-06 05:40:00,31500,6575,6563,6564,6569,6576,6564,6565,6570,6575.5,6563.5,6564.5,6569.5
2025-11-06 05:45:00,25600,6576,6566,6569,6572,6577,6569,6570,6574,6576.5,6567.5,6569.5,6573.0
2025-11-06 05:50:00,23500,6572,6564,6572,6570,6575,6566,6574,6572,6573.0,6565.0,6573.0,6571.0
2025-11-06 05:55:00,13300,6570,6564,6570,6567,6572,6565,6572,6569,6571.0,6564.5,6571.0,6568.0
2025-11-06 06:00:00,39200,6570,6551,6567,6561,6571,6553,6569,6563,6570.5,6552.0,6568.0,6562.0
2025-11-06 06:05:00,30600,6565,6557,6561,6562,6566,6559,6563,6564,6565.5,6558.5,6562.0,6563.0
2025-11-06 06:10:00,30100,6568,6556,6562,6563,6570,6558,6564,6565,6569.0,6557.0,6563.0,6564.0
2025-11-06 06:15:00,37100,6571,6559,6563,6568,6572,6560,6565,6570,6571.5,6559.5,6564.0,6569.0
2025-11-06 06:20:00,76700,6587,6565,6568,6570,6590,6566,6570,6574,6588.5,6565.5,6569.0,6572.0
2025-11-06 06:25:00,,6600,6511,6556,6561,6601,6512,6557,6562,6600.5,6511.5,6556.5,6561.5
2025-11-06 06:30:00,508500,6560,6560,6560,6560,6562,6562,6562,6562,6561.0,6561.0,6561.0,6561.0
2025-11-07 00:00:00,256200,6524,6440,6471,6448,6530,6446,6472,6452,6526.0,6443.5,6471.5,6450.0
2025-11-07 00:05:00,61000,6532,6448,6448,6510,6537,6450,6452,6515,6533.5,6449.5,6450.0,6512.5
2025-11-07 00:10:00,45300,6531,6492,6510,6524,6535,6497,6515,6528,6533.0,6494.5,6512.5,6526.0
2025-11-07 00:15:00,27400,6544,6520,6524,6542,6546,6524,6528,6545,6544.5,6522.0,6526.0,6543.5
2025-11-07 00:20:00,24600,6546,6529,6542,6540,6549,6532,6545,6543,6547.5,6531.0,6543.5,6541.5
2025-11-07 00:25:00,23500,6561,6535,6540,6559,6563,6537,6543,6561,6562.0,6536.0,6541.5,6560.0
2025-11-07 00:30:00,49100,6599,6559,6559,6585,6600,6561,6561,6588,6599.5,6560.0,6560.0,6586.5
2025-11-07 00:35:00,24200,6589,6559,6585,6559,6590,6561,6588,6561,6589.5,6560.0,6586.5,6560.0
2025-11-07 00:40:00,47300,6566,6528,6559,6559,6569,6531,6561,6561,6567.5,6529.5,6560.0,6560.0
2025-11-07 00:45:00,16600,6563,6549,6559,6556,6564,6550,6561,6559,6563.5,6549.5,6560.0,6557.5
2025-11-07 00:50:00,10600,6568,6555,6556,6561,6570,6557,6559,6564,6568.5,6556.0,6557.5,6562.5
2025-11-07 00:55:00,12400,6575,6552,6561,6574,6576,6554,6564,6576,6575.5,6553.0,6562.5,6575.0
2025-11-07 01:00:00,17600,6580,6564,6574,6565,6583,6567,6576,6567,6581.5,6565.5,6575.0,6566.0
2025-11-07 01:05:00,13300,6573,6557,6565,6564,6575,6559,6567,6566,6574.0,6558.0,6566.0,6565.0
2025-11-07 01:10:00,16700,6598,6561,6564,6594,6599,6562,6566,6596,6598.5,6561.5,6565.0,6595.0
2025-11-07 01:15:00,14400,6596,6571,6594,6574,6598,6573,6596,6575,6597.0,6572.0,6595.0,6574.5
2025-11-07 01:20:00,12900,6585,6570,6574,6580,6588,6571,6575,6581,6586.0,6570.5,6574.5,6580.5
2025-11-07 01:25:00,12300,6592,6571,6580,6589,6595,6572,6581,6592,6593.5,6571.5,6580.5,6590.5
2025-11-07 01:30:00,11400,6590,6569,6589,6571,6592,6571,6592,6573,6591.0,6570.0,6590.5,6572.0
2025-11-07 01:35:00,35300,6599,6569,6571,6595,6601,6571,6573,6598,6600.0,6570.0,6572.0,6596.5
2025-11-07 01:40:00,17500,6600,6583,6595,6589,6602,6584,6599,6591,6600.5,6583.5,6597.0,6590.0
2025-11-07 01:45:00,7200,6596,6588,6589,6588,6597,6589,6591,6590,6596.5,6588.5,6590.0,6589.0
2025-11-07 01:50:00,7800,6588,6573,6588,6573,6590,6574,6590,6575,6589.0,6573.5,6589.0,6574.0
2025-11-07 01:55:00,3800,6575,6569,6573,6571,6576,6570,6575,6572,6575.5,6569.5,6574.0,6571.5
2025-11-07 02:00:00,12100,6571,6552,6571,6552,6572,6554,6572,6554,6571.5,6553.0,6571.5,6553.0
2025-11-07 02:05:00,10000,6556,6550,6552,6554,6558,6552,6554,6555,6557.0,6551.0,6553.0,6554.5
2025-11-07 02:10:00,12400,6584,6552,6554,6565,6586,6553,6555,6567,6585.0,6552.5,6554.5,6566.0
2025-11-07 02:15:00,9500,6567,6559,6565,6562,6568,6560,6567,6564,6567.5,6559.5,6566.0,6563.0
2025-11-07 02:20:00,11400,6568,6559,6562,6563,6570,6560,6564,6564,6569.0,6559.5,6563.0,6563.5
2025-11-07 02:25:00,12600,6563,6554,6563,6558,6565,6555,6564,6560,6564.0,6554.5,6563.5,6559.0
2025-11-07 02:30:00,500,6558,6558,6558,6558,6561,6561,6561,6561,6559.5,6559.5,6559.5,6559.5
2025-11-07 03:30:00,43400,6565,6528,6550,6542,6568,6529,6551,6544,6566.5,6528.5,6550.5,6543.0
2025-11-07 03:35:00,15400,6559,6542,6542,6556,6561,6544,6544,6558,6560.0,6543.0,6543.0,6557.0
2025-11-07 03:40:00,9800,6564,6556,6556,6558,6566,6558,6558,6560,6565.0,6557.0,6557.0,6559.0
2025-11-07 03:45:00,11400,6568,6553,6558,6568,6569,6555,6560,6569,6568.5,6554.0,6559.0,6568.5
2025-11-07 03:50:00,10100,6582,6568,6568,6573,6583,6569,6569,6574,6582.5,6568.5,6568.5,6573.5
2025-11-07 03:55:00,12300,6579,6570,6573,6578,6581,6571,6574,6579,6580.0,6570.5,6573.5,6578.5
2025-11-07 04:00:00,14800,6579,6563,6578,6569,6581,6565,6579,6570,6580.0,6564.0,6578.5,6569.5
2025-11-07 04:05:00,13500,6582,6562,6569,6581,6583,6564,6570,6582,6582.5,6563.0,6569.5,6581.5
2025-11-07 04:10:00,9100,6581,6570,6581,6572,6583,6573,6582,6573,6582.0,6571.5,6581.5,6572.5
2025-11-07 04:15:00,11400,6575,6564,6572,6571,6577,6565,6573,6573,6576.0,6564.5,6572.5,6572.0
2025-11-07 04:20:00,10300,6580,6568,6571,6580,6581,6569,6573,6581,6580.5,6568.5,6572.0,6580.5
2025-11-07 04:25:00,11000,6580,6562,6580,6562,6582,6563,6581,6563,6581.0,6562.5,6580.5,6562.5
2025-11-07 04:30:00,35700,6562,6537,6562,6549,6563,6538,6563,6551,6562.5,6537.5,6562.5,6550.0
2025-11-07 04:35:00,6700,6553,6546,6549,6551,6554,6549,6551,6552,6553.5,6547.5,6550.0,6551.5
2025-11-07 04:40:00,13700,6554,6541,6551,6543,6555,6542,6552,6545,6554.5,6541.5,6551.5,6544.0
2025-11-07 04:45:00,9500,6547,6540,6543,6546,6549,6541,6545,6548,6547.5,6540.5,6544.0,6547.0
2025-11-07 04:50:00,6900,6551,6544,6546,6544,6553,6545,6548,6545,6552.0,6544.5,6547.0,6544.5
2025-11-07 04:55:00,9300,6558,6542,6543,6556,6559,6543,6545,6557,6558.5,6542.5,6544.0,6556.5
2025-11-07 05:00:00,11000,6562,6552,6556,6552,6564,6553,6557,6554,6563.0,6552.5,6556.5,6553.0
2025-11-07 05:05:00,12700,6560,6550,6552,6551,6561,6552,6554,6553,6560.5,6551.0,6553.0,6552.0
2025-11-07 05:10:00,4200,6552,6550,6551,6551,6553,6551,6553,6552,6552.5,6550.5,6552.0,6551.5
2025-11-07 05:15:00,5400,6554,6550,6550,6554,6555,6551,6552,6555,6554.5,6550.5,6551.0,6554.5
2025-11-07 05:20:00,9800,6554,6546,6554,6546,6555,6547,6555,6547,6554.5,6546.5,6554.5,6546.5
2025-11-07 05:25:00,10100,6549,6542,6546,6547,6550,6543,6547,6548,6549.5,6542.5,6546.5,6547.5
2025-11-07 05:30:00,8000,6554,6546,6547,6550,6555,6548,6548,6551,6554.5,6547.0,6547.5,6550.5
2025-11-07 05:35:00,8700,6554,6544,6549,6544,6555,6546,6551,6546,6554.5,6545.0,6550.0,6545.0
2025-11-07 05:40:00,7400,6553,6544,6544,6553,6554,6546,6546,6554,6553.5,6545.0,6545.0,6553.5
2025-11-07 05:45:00,11400,6556,6547,6553,6556,6557,6548,6554,6557,6556.5,6547.5,6553.5,6556.5
2025-11-07 05:50:00,11300,6556,6542,6556,6543,6557,6544,6557,6544,6556.5,6543.0,6556.5,6543.5
2025-11-07 05:55:00,12900,6554,6542,6543,6554,6555,6543,6544,6555,6554.5,6542.5,6543.5,6554.5
2025-11-07 06:00:00,33700,6554,6528,6554,6529,6555,6529,6555,6531,6554.5,6528.5,6554.5,6530.0
2025-11-07 06:05:00,28800,6542,6528,6529,6542,6543,6529,6531,6543,6542.5,6528.5,6530.0,6542.5
2025-11-07 06:10:00,25600,6547,6535,6542,6544,6548,6537,6543,6545,6547.5,6536.0,6542.5,6544.5
2025-11-07 06:15:00,21400,6545,6542,6544,6543,6546,6543,6545,6544,6545.5,6542.5,6544.5,6543.5
2025-11-07 06:20:00,51600,6544,6531,6543,6542,6545,6533,6544,6544,6544.5,6532.0,6543.5,6543.0
2025-11-07 06:25:00,,6599,6500,6599,6526,6600,6501,6600,6527,6599.5,6500.5,6599.5,6526.5
2025-11-07 06:30:00,507800,6526,6526,6526,6526,6542,6542,6542,6542,6534.0,6534.0,6534.0,6534.0
2025-11-10 00:00:00,106300,6562,6533,6559,6561,6566,6538,6560,6566,6564.0,6535.5,6559.5,6563.5
2025-11-10 00:05:00,21900,6563,6540,6562,6555,6566,6544,6566,6560,6564.5,6542.0,6564.0,6557.5
2025-11-10 00:10:00,18000,6557,6540,6555,6546,6561,6542,6559,6549,6559.0,6541.0,6557.0,6547.5
2025-11-10 00:15:00,18800,6559,6544,6546,6554,6562,6547,6549,6557,6560.5,6545.5,6547.5,6555.5
2025-11-10 00:20:00,46500,6554,6517,6554,6533,6557,6519,6557,6537,6555.5,6518.0,6555.5,6535.0
2025-11-10 00:25:00,11500,6543,6531,6533,6540,6545,6533,6537,6542,6544.0,6532.0,6535.0,6541.0
2025-11-10 00:30:00,13500,6549,6540,6540,6549,6551,6542,6542,6551,6550.0,6541.0,6541.0,6550.0
2025-11-10 00:35:00,7600,6557,6549,6549,6556,6559,6551,6551,6559,6558.0,6550.0,6550.0,6557.5
2025-11-10 00:40:00,10200,6558,6547,6556,6553,6559,6548,6559,6556,6558.5,6547.5,6557.5,6554.5
2025-11-10 00:45:00,10100,6561,6550,6553,6558,6563,6552,6556,6559,6562.0,6551.5,6554.5,6558.5
2025-11-10 00:50:00,5200,6560,6551,6558,6554,6562,6554,6559,6556,6561.0,6553.0,6558.5,6555.0
2025-11-10 00:55:00,8600,6554,6547,6554,6548,6556,6548,6556,6551,6555.0,6547.5,6555.0,6549.5
2025-11-10 01:00:00,5100,6556,6547,6548,6550,6558,6548,6551,6552,6557.0,6547.5,6549.5,6551.0
2025-11-10 01:05:00,4900,6553,6549,6550,6551,6555,6552,6552,6553,6554.0,6550.5,6551.0,6552.0
2025-11-10 01:10:00,4200,6552,6544,6551,6544,6553,6545,6553,6545,6552.5,6544.5,6552.0,6544.5
2025-11-10 01:15:00,14700,6548,6538,6544,6539,6549,6540,6545,6541,6548.5,6539.0,6544.5,6540.0
2025-11-10 01:20:00,17600,6547,6539,6539,6547,6548,6541,6541,6548,6547.5,6540.0,6540.0,6547.5
2025-11-10 01:25:00,8600,6547,6543,6547,6543,6548,6545,6548,6545,6547.5,6544.0,6547.5,6544.0
2025-11-10 01:30:00,21100,6543,6536,6543,6540,6546,6537,6545,6542,6544.5,6536.5,6544.0,6541.0
2025-11-10 01:35:00,6000,6547,6539,6540,6547,6550,6541,6542,6549,6548.5,6540.0,6541.0,6548.0
2025-11-10 01:40:00,10400,6552,6546,6547,6552,6554,6548,6549,6554,6553.0,6547.5,6548.0,6553.0
2025-11-10 01:45:00,26700,6556,6546,6552,6551,6558,6551,6554,6553,6557.0,6549.5,6553.0,6552.0
2025-11-10 01:50:00,26400,6552,6543,6551,6549,6554,6547,6553,6552,6553.0,6545.5,6552.0,6550.5
2025-11-10 01:55:00,26200,6554,6546,6549,6549,6556,6550,6552,6552,6555.0,6549.0,6550.5,6550.5
2025-11-10 02:00:00,16700,6561,6549,6549,6560,6564,6552,6552,6562,6562.5,6550.5,6550.5,6561.0
2025-11-10 02:05:00,11200,6560,6556,6560,6558,6562,6557,6562,6561,6561.0,6556.5,6561.0,6559.5
2025-11-10 02:10:00,4600,6559,6556,6558,6557,6562,6557,6561,6559,6560.5,6556.5,6559.5,6558.0
2025-11-10 02:15:00,5100,6558,6554,6557,6555,6560,6556,6559,6557,6559.0,6555.0,6558.0,6556.0
2025-11-10 02:20:00,4100,6557,6553,6555,6554,6559,6555,6557,6556,6558.0,6554.0,6556.0,6555.0
2025-11-10 02:25:00,5400,6555,6551,6554,6555,6557,6553,6556,6557,6556.0,6552.0,6555.0,6556.0
2025-11-10 02:30:00,700,6553,6553,6553,6553,6557,6557,6557,6557,6555.0,6555.0,6555.0,6555.0
2025-11-10 03:30:00,26200,6555,6542,6543,6553,6558,6543,6544,6555,6556.5,6542.5,6543.5,6554.0
2025-11-10 03:35:00,31300,6573,6553,6553,6569,6575,6554,6555,6571,6574.0,6553.5,6554.0,6570.0
2025-11-10 03:40:00,8100,6571,6566,6569,6571,6573,6567,6571,6573,6572.0,6566.5,6570.0,6572.0
2025-11-10 03:45:00,6100,6574,6568,6571,6568,6576,6570,6573,6571,6575.0,6569.0,6572.0,6569.5
2025-11-10 03:50:00,9000,6574,6568,6569,6573,6575,6570,6571,6575,6574.5,6569.0,6570.0,6574.0
2025-11-10 03:55:00,3900,6574,6570,6573,6570,6575,6571,6575,6571,6574.5,6570.5,6574.0,6570.5
2025-11-10 04:00:00,12500,6573,6569,6570,6570,6575,6570,6571,6572,6574.0,6569.5,6570.5,6571.0
2025-11-10 04:05:00,6600,6575,6570,6570,6573,6576,6572,6572,6575,6575.5,6571.0,6571.0,6574.0
2025-11-10 04:10:00,12900,6580,6573,6573,6579,6582,6575,6575,6580,6581.0,6574.0,6574.0,6579.5
2025-11-10 04:15:00,10100,6579,6573,6579,6574,6580,6574,6580,6575,6579.5,6573.5,6579.5,6574.5
2025-11-10 04:20:00,11300,6581,6574,6574,6580,6583,6575,6575,6582,6582.0,6574.5,6574.5,6581.0
2025-11-10 04:25:00,5400,6582,6578,6580,6578,6583,6579,6582,6579,6582.5,6578.5,6581.0,6578.5
2025-11-10 04:30:00,7700,6578,6570,6578,6570,6579,6571,6579,6571,6578.5,6570.5,6578.5,6570.5
2025-11-10 04:35:00,9100,6576,6570,6570,6576,6578,6571,6571,6578,6577.0,6570.5,6570.5,6577.0
2025-11-10 04:40:00,2800,6577,6575,6576,6576,6578,6576,6578,6578,6577.5,6575.5,6577.0,6577.0
2025-11-10 04:45:00,12700,6580,6576,6576,6580,6581,6577,6577,6581,6580.5,6576.5,6576.5,6580.5
2025-11-10 04:50:00,7200,6581,6578,6580,6580,6582,6579,6581,6582,6581.5,6578.5,6580.5,6581.0
2025-11-10 04:55:00,4100,6581,6578,6580,6578,6582,6579,6582,6580,6581.5,6578.5,6581.0,6579.0
2025-11-10 05:00:00,7200,6582,6578,6578,6580,6584,6580,6580,6582,6583.0,6579.0,6579.0,6581.0
2025-11-10 05:05:00,9400,6583,6578,6580,6582,6584,6579,6582,6583,6583.5,6578.5,6581.0,6582.5
2025-11-10 05:10:00,33300,6588,6581,6582,6587,6590,6582,6583,6589,6589.0,6581.5,6582.5,6588.0
2025-11-10 05:15:00,9100,6590,6587,6587,6590,6591,6588,6589,6591,6590.5,6587.5,6588.0,6590.5
2025-11-10 05:20:00,23800,6594,6590,6590,6592,6595,6591,6591,6594,6594.5,6590.5,6590.5,6593.0
2025-11-10 05:25:00,11700,6592,6586,6592,6586,6594,6587,6594,6587,6593.0,6586.5,6593.0,6586.5
2025-11-10 05:30:00,7900,6586,6583,6586,6583,6587,6584,6587,6585,6586.5,6583.5,6586.5,6584.0
2025-11-10 05:35:00,10800,6585,6581,6583,6585,6587,6582,6585,6587,6586.0,6581.5,6584.0,6586.0
2025-11-10 05:40:00,9400,6585,6582,6585,6583,6587,6583,6586,6585,6586.0,6582.5,6585.5,6584.0
2025-11-10 05:45:00,5200,6585,6583,6583,6584,6587,6584,6585,6585,6586.0,6583.5,6584.0,6584.5
2025-11-10 05:50:00,9500,6586,6584,6584,6584,6587,6585,6585,6585,6586.5,6584.5,6584.5,6584.5
2025-11-10 05:55:00,9000,6585,6581,6584,6584,6587,6583,6585,6585,6586.0,6582.0,6584.5,6584.5
2025-11-10 06:00:00,11500,6585,6581,6584,6584,6586,6582,6585,6585,6585.5,6581.5,6584.5,6584.5
2025-11-10 06:05:00,15500,6587,6583,6584,6586,6589,6584,6586,6588,6588.0,6583.5,6585.0,6587.0
2025-11-10 06:10:00,8500,6588,6585,6586,6587,6589,6586,6589,6588,6588.5,6585.5,6587.5,6587.5
2025-11-10 06:15:00,10200,6588,6582,6587,6582,6589,6583,6588,6583,6588.5,6582.5,6587.5,6582.5
2025-11-10 06:20:00,40900,6592,6580,6582,6588,6593,6582,6583,6590,6592.5,6581.0,6582.5,6589.0
2025-11-10 06:25:00,,6611,6530,6573,6604,6612,6531,6574,6605,6611.5,6530.5,6573.5,6604.5
2025-11-10 06:30:00,479300,6602,6602,6602,6602,6606,6606,6606,6606,6604.0,6604.0,6604.0,6604.0
2025-11-11 00:00:00,145900,6642,6610,6627,6630,6648,6613,6628,6635,6645.0,6611.5,6627.5,6632.5
2025-11-11 00:05:00,22600,6637,6626,6630,6628,6640,6627,6635,6631,6638.5,6626.5,6632.5,6629.5
2025-11-11 00:10:00,17000,6631,6621,6628,6626,6635,6626,6631,6630,6633.0,6623.5,6629.5,6628.0
2025-11-11 00:15:00,31000,6627,6598,6626,6598,6630,6601,6630,6601,6628.5,6599.5,6628.0,6599.5
2025-11-11 00:20:00,17300,6611,6585,6598,6605,6615,6588,6601,6608,6613.0,6586.5,6599.5,6606.5
2025-11-11 00:25:00,12600,6615,6602,6605,6612,6618,6603,6608,6615,6616.5,6602.5,6606.5,6613.5
2025-11-11 00:30:00,6200,6616,6611,6612,6613,6618,6613,6615,6615,6617.0,6612.0,6613.5,6614.0
2025-11-11 00:35:00,10500,6628,6612,6613,6627,6630,6614,6615,6629,6629.0,6613.0,6614.0,6628.0
2025-11-11 00:40:00,7200,6630,6620,6627,6620,6632,6622,6629,6622,6630.5,6621.0,6628.0,6621.0
2025-11-11 00:45:00,12100,6621,6615,6620,6616,6623,6616,6622,6619,6621.5,6615.5,6621.0,6617.5
2025-11-11 00:50:00,10400,6617,6609,6616,6611,6620,6610,6619,6614,6618.5,6609.5,6617.5,6612.5
2025-11-11 00:55:00,7900,6611,6603,6611,6604,6614,6604,6614,6606,6612.5,6603.5,6612.5,6605.0
2025-11-11 01:00:00,13600,6608,6600,6604,6600,6609,6602,6607,6602,6608.5,6601.0,6605.5,6601.0
2025-11-11 01:05:00,7100,6612,6600,6600,6612,6614,6602,6602,6613,6612.5,6601.0,6601.0,6612.5
2025-11-11 01:10:00,13400,6621,6611,6612,6619,6623,6613,6613,6620,6621.5,6612.0,6612.5,6619.5
2025-11-11 01:15:00,8400,6623,6615,6619,6620,6624,6617,6620,6621,6623.5,6616.0,6619.5,6620.5
2025-11-11 01:20:00,7300,6620,6617,6620,6618,6622,6618,6621,6620,6621.0,6617.5,6620.5,6619.0
2025-11-11 01:25:00,8600,6627,6618,6618,6624,6628,6620,6620,6625,6627.5,6619.0,6619.0,6624.5
2025-11-11 01:30:00,6300,6626,6622,6624,6625,6628,6623,6625,6626,6626.5,6622.5,6624.5,6625.5
2025-11-11 01:35:00,5800,6625,6616,6625,6622,6626,6618,6626,6624,6625.5,6617.5,6625.5,6623.0
2025-11-11 01:40:00,7500,6627,6620,6622,6622,6628,6621,6624,6624,6627.5,6620.5,6623.0,6623.0
2025-11-11 01:45:00,6400,6627,6618,6622,6623,6629,6621,6624,6625,6627.5,6619.5,6623.0,6624.0
2025-11-11 01:50:00,1700,6624,6622,6623,6622,6626,6623,6625,6624,6625.0,6622.5,6624.0,6623.0
2025-11-11 01:55:00,8800,6627,6618,6622,6618,6629,6619,6624,6620,6627.5,6618.5,6623.0,6619.0
2025-11-11 02:00:00,6400,6621,6613,6618,6613,6624,6614,6620,6615,6622.5,6613.5,6619.0,6614.0
2025-11-11 02:05:00,5600,6617,6612,6613,6612,6618,6613,6615,6614,6617.5,6612.5,6614.0,6613.0
2025-11-11 02:10:00,3800,6615,6611,6612,6613,6617,6613,6614,6615,6616.0,6612.0,6613.0,6614.0
2025-11-11 02:15:00,6900,6620,6613,6613,6618,6622,6614,6615,6620,6621.0,6613.5,6614.0,6619.0
2025-11-11 02:20:00,7200,6618,6611,6618,6612,6620,6613,6620,6613,6619.0,6612.0,6619.0,6612.5
2025-11-11 02:25:00,12600,6614,6600,6611,6601,6617,6603,6613,6604,6615.5,6601.5,6612.0,6602.5
2025-11-11 02:30:00,3200,6601,6601,6601,6601,6604,6604,6604,6604,6602.5,6602.5,6602.5,6602.5
2025-11-11 03:30:00,19900,6618,6602,6604,6618,6620,6605,6605,6619,6619.0,6603.5,6604.5,6618.5
2025-11-11 03:35:00,7700,6624,6614,6617,6621,6626,6617,6619,6622,6624.5,6615.5,6618.0,6621.5
2025-11-11 03:40:00,5700,6621,6612,6621,6616,6624,6614,6622,6619,6622.5,6613.0,6621.5,6617.5
2025-11-11 03:45:00,3000,6618,6614,6616,6618,6620,6617,6619,6620,6619.0,6615.5,6617.5,6619.0
2025-11-11 03:50:00,4000,6618,6611,6618,6611,6620,6612,6620,6613,6619.0,6611.5,6619.0,6612.0
2025-11-11 03:55:00,4700,6615,6610,6611,6614,6618,6611,6613,6617,6616.5,6610.5,6612.0,6615.5
2025-11-11 04:00:00,3500,6619,6612,6614,6618,6620,6614,6617,6620,6619.5,6613.0,6615.5,6619.0
2025-11-11 04:05:00,3800,6621,6618,6618,6621,6623,6620,6620,6623,6622.0,6619.0,6619.0,6622.0
2025-11-11 04:10:00,4300,6624,6621,6621,6621,6625,6623,6623,6623,6624.5,6622.0,6622.0,6622.0
2025-11-11 04:15:00,5500,6626,6621,6621,6626,6628,6623,6623,6627,6627.0,6622.0,6622.0,6626.5
2025-11-11 04:20:00,20900,6633,6626,6626,6629,6634,6627,6627,6631,6633.5,6626.5,6626.5,6630.0
2025-11-11 04:25:00,12600,6630,6626,6629,6626,6631,6627,6631,6628,6630.5,6626.5,6630.0,6627.0
2025-11-11 04:30:00,9500,6632,6626,6626,6630,6633,6627,6628,6631,6632.5,6626.5,6627.0,6630.5
2025-11-11 04:35:00,9500,6635,6629,6630,6634,6636,6631,6631,6636,6635.5,6630.0,6630.5,6635.0
2025-11-11 04:40:00,5300,6636,6634,6634,6635,6638,6635,6636,6637,6637.0,6634.5,6635.0,6636.0
2025-11-11 04:45:00,12200,6637,6633,6635,6635,6638,6635,6637,6637,6637.5,6634.0,6636.0,6636.0
2025-11-11 04:50:00,8900,6635,6627,6635,6627,6637,6628,6637,6629,6636.0,6627.5,6636.0,6628.0
2025-11-11 04:55:00,6300,6629,6625,6627,6629,6630,6626,6629,6630,6629.5,6625.5,6628.0,6629.5
2025-11-11 05:00:00,6100,6629,6627,6629,6628,6630,6628,6630,6629,6629.5,6627.5,6629.5,6628.5
2025-11-11 05:05:00,5600,6628,6626,6628,6626,6630,6627,6629,6628,6629.0,6626.5,6628.5,6627.0
2025-11-11 05:10:00,7100,6628,6625,6626,6627,6630,6627,6628,6629,6629.0,6626.0,6627.0,6628.0
2025-11-11 05:15:00,12800,6637,6627,6627,6637,6639,6629,6629,6638,6638.0,6628.0,6628.0,6637.5
2025-11-11 05:20:00,12400,6640,6636,6637,6639,6641,6637,6638,6641,6640.5,6636.5,6637.5,6640.0
2025-11-11 05:25:00,11900,6642,6637,6639,6638,6643,6639,6641,6640,6642.5,6638.0,6640.0,6639.0
2025-11-11 05:30:00,25500,6648,6636,6638,6647,6649,6638,6640,6649,6648.5,6637.0,6639.0,6648.0
2025-11-11 05:35:00,20200,6648,6643,6647,6647,6649,6646,6649,6648,6648.5,6645.5,6648.0,6647.5
2025-11-11 05:40:00,16900,6647,6635,6647,6635,6648,6637,6648,6637,6647.5,6636.0,6647.5,6636.0
2025-11-11 05:45:00,10000,6635,6630,6635,6633,6637,6632,6637,6635,6636.0,6631.0,6636.0,6634.0
2025-11-11 05:50:00,7900,6634,6624,6633,6624,6635,6626,6635,6626,6634.5,6625.0,6634.0,6625.0
2025-11-11 05:55:00,6700,6624,6620,6624,6620,6626,6621,6626,6622,6625.0,6620.5,6625.0,6621.0
2025-11-11 06:00:00,10200,6625,6613,6620,6625,6628,6615,6622,6628,6626.5,6614.0,6621.0,6626.5
2025-11-11 06:05:00,11100,6628,6623,6625,6623,6630,6625,6628,6625,6629.0,6624.0,6626.5,6624.0
2025-11-11 06:10:00,15700,6635,6621,6623,6630,6638,6622,6624,6632,6636.5,6621.5,6623.5,6631.0
2025-11-11 06:15:00,18900,6633,6628,6630,6632,6636,6630,6632,6634,6634.5,6629.0,6631.0,6633.0
2025-11-11 06:20:00,21000,6638,6632,6632,6633,6640,6633,6634,6636,6639.0,6632.5,6633.0,6634.5
2025-11-11 06:25:00,,6620,6566,6620,6610,6621,6566,6621,6611,6620.5,6566.0,6620.5,6610.5
2025-11-11 06:30:00,388300,6610,6610,6610,6610,6636,6636,6636,6636,6623.0,6623.0,6623.0,6623.0
2025-11-12 00:00:00,111700,6656,6610,6610,6638,6660,6611,6611,6642,6658.0,6610.5,6610.5,6640.0
2025-11-12 00:05:00,28100,6661,6630,6638,6660,6663,6635,6642,6663,6662.0,6632.5,6640.0,6661.5
2025-11-12 00:10:00,12000,6662,6653,6660,6656,6665,6656,6663,6658,6663.5,6654.5,6661.5,6657.0
2025-11-12 00:15:00,89100,6669,6655,6656,6655,6672,6657,6658,6659,6670.0,6656.0,6657.0,6657.0
2025-11-12 00:20:00,9200,6665,6655,6656,6664,6667,6659,6659,6666,6666.0,6657.0,6657.5,6665.0
2025-11-12 00:25:00,9700,6671,6663,6664,6666,6673,6665,6666,6668,6672.0,6664.0,6665.0,6667.0
2025-11-12 00:30:00,13300,6669,6654,6666,6656,6671,6657,6668,6659,6670.0,6655.5,6667.0,6657.5
2025-11-12 00:35:00,10100,6670,6656,6656,6669,6673,6659,6659,6671,6671.5,6657.5,6657.5,6670.0
2025-11-12 00:40:00,13000,6670,6655,6669,6655,6673,6657,6671,6657,6671.5,6656.0,6670.0,6656.0
2025-11-12 00:45:00,7200,6666,6655,6655,6662,6667,6657,6657,6664,6666.5,6656.0,6656.0,6663.0
2025-11-12 00:50:00,6800,6663,6656,6662,6658,6666,6658,6664,6660,6664.5,6657.0,6663.0,6659.0
2025-11-12 00:55:00,9400,6662,6656,6657,6659,6665,6657,6660,6661,6663.5,6656.5,6658.5,6660.0
2025-11-12 01:00:00,6000,6662,6656,6659,6661,6663,6657,6661,6663,6662.5,6656.5,6660.0,6662.0
2025-11-12 01:05:00,13000,6662,6651,6661,6651,6663,6652,6663,6653,6662.5,6651.5,6662.0,6652.0
2025-11-12 01:10:00,14700,6651,6640,6651,6645,6653,6643,6653,6646,6652.0,6641.5,6652.0,6645.5
2025-11-12 01:15:00,21600,6645,6622,6645,6629,6646,6623,6646,6631,6645.5,6622.5,6645.5,6630.0
2025-11-12 01:20:00,7500,6630,6621,6629,6622,6631,6622,6631,6624,6630.5,6621.5,6630.0,6623.0
2025-11-12 01:25:00,17200,6637,6621,6622,6636,6639,6622,6624,6638,6638.0,6621.5,6623.0,6637.0
2025-11-12 01:30:00,12100,6636,6628,6636,6629,6638,6630,6638,6631,6637.0,6629.0,6637.0,6630.0
2025-11-12 01:35:00,12700,6634,6625,6629,6630,6635,6626,6631,6632,6634.5,6625.5,6630.0,6631.0
2025-11-12 01:40:00,16000,6633,6625,6630,6629,6635,6627,6632,6631,6634.0,6626.0,6631.0,6630.0
2025-11-12 01:45:00,7500,6636,6629,6629,6634,6639,6631,6631,6636,6637.5,6630.0,6630.0,6635.0
2025-11-12 01:50:00,22600,6638,6631,6634,6633,6639,6632,6636,6635,6638.5,6631.5,6635.0,6634.0
2025-11-12 01:55:00,6600,6636,6633,6633,6635,6637,6634,6635,6636,6636.5,6633.5,6634.0,6635.5
2025-11-12 02:00:00,13000,6638,6633,6635,6636,6639,6635,6636,6638,6638.5,6634.0,6635.5,6637.0
2025-11-12 02:05:00,10600,6638,6633,6636,6634,6639,6635,6638,6635,6638.5,6634.0,6637.0,6634.5
2025-11-12 02:10:00,10600,6634,6628,6634,6628,6635,6629,6635,6629,6634.5,6628.5,6634.5,6628.5
2025-11-12 02:15:00,8700,6636,6628,6628,6635,6637,6629,6629,6637,6636.5,6628.5,6628.5,6636.0
2025-11-12 02:20:00,4900,6635,6632,6635,6634,6637,6634,6637,6635,6636.0,6633.5,6636.0,6634.5
2025-11-12 02:25:00,10400,6635,6628,6634,6633,6637,6629,6635,6636,6635.5,6628.5,6634.5,6634.5
2025-11-12 02:30:00,1600,6633,6633,6633,6633,6636,6636,6636,6636,6634.5,6634.5,6634.5,6634.5
2025-11-12 03:30:00,50000,6638,6618,6625,6637,6639,6623,6626,6639,6638.5,6620.5,6625.5,6638.0
2025-11-12 03:35:00,12100,6638,6630,6637,6631,6640,6631,6639,6633,6639.0,6630.5,6638.0,6632.0
2025-11-12 03:40:00,17800,6634,6624,6631,6627,6636,6625,6633,6629,6635.0,6624.5,6632.0,6628.0
2025-11-12 03:45:00,6700,6629,6626,6627,6628,6630,6627,6629,6629,6629.5,6626.5,6628.0,6628.5
2025-11-12 03:50:00,18200,6628,6613,6628,6613,6629,6615,6629,6615,6628.5,6614.0,6628.5,6614.0
2025-11-12 03:55:00,25700,6613,6605,6613,6611,6615,6606,6615,6612,6614.0,6605.5,6614.0,6611.5
2025-11-12 04:00:00,15700,6611,6603,6611,6604,6612,6605,6612,6605,6611.5,6604.5,6611.5,6604.5
2025-11-12 04:05:00,8700,6604,6599,6604,6600,6605,6600,6605,6601,6604.5,6599.5,6604.5,6600.5
2025-11-12 04:10:00,15500,6600,6594,6600,6597,6601,6595,6601,6598,6600.5,6594.5,6600.5,6597.5
2025-11-12 04:15:00,9800,6601,6591,6597,6591,6603,6592,6598,6593,6602.0,6591.5,6597.5,6592.0
2025-11-12 04:20:00,7700,6594,6590,6591,6592,6595,6591,6593,6594,6594.5,6590.5,6592.0,6593.0
2025-11-12 04:25:00,8500,6597,6592,6592,6597,6600,6593,6594,6599,6598.5,6592.5,6593.0,6598.0
2025-11-12 04:30:00,6600,6598,6594,6597,6597,6599,6595,6599,6598,6598.5,6594.5,6598.0,6597.5
2025-11-12 04:35:00,7000,6601,6595,6597,6599,6603,6596,6598,6601,6602.0,6595.5,6597.5,6600.0
2025-11-12 04:40:00,6100,6600,6595,6599,6599,6601,6596,6601,6600,6600.5,6595.5,6600.0,6599.5
2025-11-12 04:45:00,6600,6605,6599,6599,6601,6606,6600,6600,6603,6605.5,6599.5,6599.5,6602.0
2025-11-12 04:50:00,8200,6603,6600,6601,6602,6605,6602,6603,6603,6604.0,6601.0,6602.0,6602.5
2025-11-12 04:55:00,4300,6603,6600,6602,6600,6604,6601,6603,6601,6603.5,6600.5,6602.5,6600.5
2025-11-12 05:00:00,11800,6609,6600,6600,6608,6610,6601,6601,6610,6609.5,6600.5,6600.5,6609.0
2025-11-12 05:05:00,9700,6610,6599,6609,6599,6611,6601,6610,6601,6610.5,6600.0,6609.5,6600.0
2025-11-12 05:10:00,11500,6600,6595,6599,6595,6601,6598,6601,6598,6600.5,6596.5,6600.0,6596.5
2025-11-12 05:15:00,27100,6601,6586,6595,6601,6604,6587,6598,6602,6602.5,6586.5,6596.5,6601.5
2025-11-12 05:20:00,8200,6605,6598,6601,6599,6608,6600,6602,6600,6606.5,6599.0,6601.5,6599.5
2025-11-12 05:25:00,10300,6604,6599,6599,6601,6605,6600,6600,6603,6604.5,6599.5,6599.5,6602.0
2025-11-12 05:30:00,7100,6606,6601,6601,6604,6607,6602,6603,6606,6606.5,6601.5,6602.0,6605.0
2025-11-12 05:35:00,5800,6604,6600,6604,6600,6606,6601,6606,6601,6605.0,6600.5,6605.0,6600.5
2025-11-12 05:40:00,11500,6603,6596,6600,6599,6605,6597,6601,6601,6604.0,6596.5,6600.5,6600.0
2025-11-12 05:45:00,7500,6606,6596,6599,6605,6607,6597,6601,6607,6606.5,6596.5,6600.0,6606.0
2025-11-12 05:50:00,4000,6608,6605,6605,6606,6610,6607,6607,6608,6609.0,6606.0,6606.0,6607.0
2025-11-12 05:55:00,10800,6606,6598,6606,6599,6608,6600,6608,6601,6607.0,6599.0,6607.0,6600.0
2025-11-12 06:00:00,9600,6604,6598,6599,6604,6606,6599,6601,6606,6605.0,6598.5,6600.0,6605.0
2025-11-12 06:05:00,8600,6610,6604,6604,6610,6612,6606,6606,6612,6611.0,6605.0,6605.0,6611.0
2025-11-12 06:10:00,13000,6613,6605,6610,6608,6614,6607,6612,6610,6613.5,6606.5,6611.0,6609.0
2025-11-12 06:15:00,14100,6615,6607,6608,6613,6617,6609,6610,6614,6616.0,6608.0,6609.0,6613.5
2025-11-12 06:20:00,24500,6623,6611,6613,6617,6625,6613,6614,6622,6624.0,6612.5,6613.5,6619.5
2025-11-12 06:25:00,,6612,6553,6601,6608,6613,6554,6602,6609,6612.5,6553.5,6601.5,6608.5
2025-11-12 06:30:00,415700,6608,6608,6608,6608,6623,6623,6623,6623,6615.5,6615.5,6615.5,6615.5
2025-11-13 00:00:00,109100,6605,6567,6600,6581,6612,6569,6601,6583,6608.5,6568.0,6600.5,6582.0
2025-11-13 00:05:00,27100,6583,6565,6581,6568,6585,6566,6583,6570,6584.0,6565.5,6582.0,6569.0
2025-11-13 00:10:00,22700,6573,6561,6568,6563,6574,6562,6570,6565,6573.5,6561.5,6569.0,6564.0
2025-11-13 00:15:00,39500,6589,6558,6563,6583,6590,6559,6565,6585,6589.5,6558.5,6564.0,6584.0
2025-11-13 00:20:00,15100,6586,6576,6583,6582,6588,6578,6585,6583,6587.0,6577.5,6584.0,6582.5
2025-11-13 00:25:00,10300,6586,6581,6582,6585,6588,6582,6583,6587,6587.0,6581.5,6582.5,6586.0
2025-11-13 00:30:00,13300,6592,6581,6585,6588,6594,6582,6587,6590,6593.0,6581.5,6586.0,6589.0
2025-11-13 00:35:00,12200,6592,6581,6588,6584,6594,6583,6590,6585,6593.0,6582.5,6589.0,6584.5
2025-11-13 00:40:00,10000,6592,6584,6584,6590,6593,6585,6585,6593,6592.5,6584.5,6584.5,6591.5
2025-11-13 00:45:00,11300,6590,6585,6590,6588,6593,6586,6593,6589,6591.5,6585.5,6591.5,6588.5
2025-11-13 00:50:00,11200,6592,6584,6588,6585,6594,6585,6589,6587,6593.0,6584.5,6588.5,6586.0
2025-11-13 00:55:00,10900,6585,6573,6585,6576,6587,6574,6587,6578,6586.0,6573.5,6586.0,6577.0
2025-11-13 01:00:00,8700,6586,6573,6576,6585,6587,6574,6578,6586,6586.5,6573.5,6577.0,6585.5
2025-11-13 01:05:00,7400,6593,6585,6585,6592,6594,6587,6587,6593,6593.5,6586.0,6586.0,6592.5
2025-11-13 01:10:00,21800,6611,6592,6592,6609,6614,6593,6593,6611,6612.5,6592.5,6592.5,6610.0
2025-11-13 01:15:00,8600,6609,6597,6609,6604,6611,6599,6611,6606,6610.0,6598.0,6610.0,6605.0
2025-11-13 01:20:00,6600,6604,6600,6604,6603,6606,6601,6606,6606,6605.0,6600.5,6605.0,6604.5
2025-11-13 01:25:00,5100,6610,6603,6603,6609,6613,6605,6606,6610,6611.5,6604.0,6604.5,6609.5
2025-11-13 01:30:00,6300,6610,6603,6609,6604,6611,6604,6610,6606,6610.5,6603.5,6609.5,6605.0
2025-11-13 01:35:00,3400,6613,6604,6604,6606,6615,6606,6606,6608,6614.0,6605.0,6605.0,6607.0
2025-11-13 01:40:00,13800,6607,6592,6606,6596,6609,6596,6608,6598,6608.0,6595.0,6607.0,6597.0
2025-11-13 01:45:00,5600,6602,6596,6596,6600,6604,6598,6598,6602,6602.5,6597.0,6597.0,6601.0
2025-11-13 01:50:00,8100,6600,6583,6600,6583,6602,6585,6602,6585,6601.0,6584.0,6601.0,6584.0
2025-11-13 01:55:00,17900,6594,6583,6583,6593,6597,6585,6585,6595,6595.5,6584.0,6584.0,6594.0
2025-11-13 02:00:00,7000,6593,6585,6593,6587,6596,6587,6595,6588,6594.5,6586.0,6594.0,6587.5
2025-11-13 02:05:00,5300,6589,6581,6587,6581,6590,6582,6588,6583,6589.5,6581.5,6587.5,6582.0
2025-11-13 02:10:00,9000,6586,6578,6581,6585,6589,6580,6583,6587,6587.5,6579.5,6582.0,6586.0
2025-11-13 02:15:00,2300,6589,6585,6585,6585,6590,6586,6587,6587,6589.5,6585.5,6586.0,6586.0
2025-11-13 02:20:00,4500,6587,6581,6585,6586,6590,6582,6587,6588,6588.5,6581.5,6586.0,6587.0
2025-11-13 02:25:00,4700,6589,6585,6587,6586,6591,6586,6588,6588,6590.0,6585.5,6587.5,6587.0
2025-11-13 02:30:00,600,6585,6585,6585,6585,6588,6588,6588,6588,6586.5,6586.5,6586.5,6586.5
2025-11-13 03:30:00,33700,6594,6580,6584,6580,6597,6583,6585,6583,6594.5,6581.5,6584.5,6581.5
2025-11-13 03:35:00,12500,6584,6579,6580,6579,6587,6581,6583,6582,6585.5,6580.0,6581.5,6580.5
2025-11-13 03:40:00,14300,6580,6574,6579,6574,6582,6576,6582,6576,6581.0,6575.0,6580.5,6575.0
2025-11-13 03:45:00,12700,6579,6574,6574,6576,6581,6575,6576,6578,6580.0,6574.5,6575.0,6577.0
2025-11-13 03:50:00,7800,6578,6571,6576,6571,6581,6573,6578,6573,6579.5,6572.0,6577.0,6572.0
2025-11-13 03:55:00,12200,6572,6566,6571,6566,6573,6567,6573,6568,6572.5,6566.5,6572.0,6567.0
2025-11-13 04:00:00,8200,6567,6563,6566,6563,6568,6564,6568,6564,6567.5,6563.5,6567.0,6563.5
2025-11-13 04:05:00,8600,6567,6563,6563,6565,6569,6564,6564,6567,6568.0,6563.5,6563.5,6566.0
2025-11-13 04:10:00,7000,6566,6562,6565,6566,6568,6563,6567,6568,6567.0,6562.5,6566.0,6567.0
2025-11-13 04:15:00,17600,6567,6557,6566,6558,6568,6558,6568,6560,6567.5,6557.5,6567.0,6559.0
2025-11-13 04:20:00,7900,6563,6558,6558,6563,6565,6560,6560,6564,6563.5,6559.0,6559.0,6563.5
2025-11-13 04:25:00,12000,6564,6555,6563,6555,6565,6557,6564,6557,6564.5,6556.0,6563.5,6556.0
2025-11-13 04:30:00,4800,6557,6555,6555,6555,6558,6556,6557,6557,6557.5,6555.5,6556.0,6556.0
2025-11-13 04:35:00,17200,6563,6553,6555,6561,6565,6555,6557,6563,6563.5,6554.0,6556.0,6562.0
2025-11-13 04:40:00,4300,6565,6561,6561,6564,6567,6563,6563,6566,6565.5,6562.0,6562.0,6565.0
2025-11-13 04:45:00,7900,6567,6564,6564,6566,6568,6565,6566,6567,6567.5,6564.5,6565.0,6566.5
2025-11-13 04:50:00,5500,6570,6566,6566,6569,6572,6568,6568,6571,6571.0,6567.0,6567.0,6570.0
2025-11-13 04:55:00,6100,6572,6568,6569,6568,6573,6570,6571,6570,6572.5,6569.0,6570.0,6569.0
2025-11-13 05:00:00,11600,6571,6562,6569,6562,6572,6564,6570,6564,6571.5,6563.0,6569.5,6563.0
2025-11-13 05:05:00,6300,6569,6562,6562,6566,6571,6563,6564,6568,6570.0,6562.5,6563.0,6567.0
2025-11-13 05:10:00,6600,6570,6566,6566,6567,6571,6567,6568,6568,6570.5,6566.5,6567.0,6567.5
2025-11-13 05:15:00,7500,6571,6566,6567,6566,6572,6567,6568,6568,6571.5,6566.5,6567.5,6567.0
2025-11-13 05:20:00,6200,6567,6561,6566,6563,6568,6563,6568,6565,6567.5,6562.0,6567.0,6564.0
2025-11-13 05:25:00,4900,6564,6560,6563,6560,6565,6562,6565,6562,6564.5,6561.0,6564.0,6561.0
2025-11-13 05:30:00,11400,6563,6560,6560,6562,6564,6561,6562,6564,6563.5,6560.5,6561.0,6563.0
2025-11-13 05:35:00,2600,6563,6561,6562,6562,6564,6563,6564,6564,6563.5,6562.5,6563.0,6563.0
2025-11-13 05:40:00,10000,6562,6559,6562,6561,6564,6560,6564,6563,6563.0,6559.5,6563.0,6562.0
2025-11-13 05:45:00,8500,6563,6560,6561,6561,6565,6561,6563,6563,6564.0,6560.5,6562.0,6562.0
2025-11-13 05:50:00,9300,6565,6559,6561,6564,6567,6560,6563,6567,6566.0,6559.5,6562.0,6565.5
2025-11-13 05:55:00,7600,6565,6561,6564,6564,6567,6563,6567,6566,6565.5,6562.0,6565.5,6565.0
2025-11-13 06:00:00,9800,6565,6558,6564,6559,6566,6560,6566,6561,6565.5,6559.0,6565.0,6560.0
2025-11-13 06:05:00,12300,6564,6557,6559,6557,6567,6560,6561,6560,6565.5,6558.5,6560.0,6558.5
2025-11-13 06:10:00,17400,6560,6556,6558,6558,6562,6557,6560,6560,6561.0,6556.5,6559.0,6559.0
2025-11-13 06:15:00,15600,6564,6558,6558,6559,6567,6560,6560,6561,6565.5,6559.0,6559.0,6560.0
2025-11-13 06:20:00,28100,6562,6557,6559,6558,6564,6558,6561,6560,6563.0,6557.5,6560.0,6559.0
2025-11-13 06:25:00,,6558,6361,6558,6548,6559,6362,6558,6549,6558.5,6361.5,6558.0,6548.5
2025-11-13 06:30:00,426100,6548,6548,6548,6548,6558,6558,6558,6558,6553.0,6553.0,6553.0,6553.0
