,5108.T,5108.T,5108.T,5108.T,5108.T,5108.T,5108.T,5108.T,5108.T,5108.T,5108.T,5108.T,5108.T
,ACVOL_UNS,BID_HIGH_1,BID_LOW_1,OPEN_BID,BID,ASK_HIGH_1,ASK_LOW_1,OPEN_ASK,ASK,MID_HIGH,MID_LOW,MID_OPEN,MID_PRICE
Timestamp,,,,,,,,,,,,,
2025-05-13 06:15:00,14700,6186,6178,6186,6178,6187,6179,6187,6179,6186.5,6178.5,6186.5,6178.5
2025-05-13 06:20:00,21500,6178,6167,6178,6167,6179,6168,6179,6169,6178.5,6167.5,6178.5,6168.0
2025-05-13 06:25:00,,6202,6071,6158,6166,6203,6072,6159,6167,6202.5,6071.5,6158.5,6166.5
2025-05-13 06:30:00,518100,6165,6165,6165,6165,6169,6169,6169,6169,6167.0,6167.0,6167.0,6167.0
2025-05-14 00:00:00,308600,6104,6061,6077,6087,6140,6067,6078,6090,6111.0,6064.0,6077.5,6088.5
2025-05-14 00:05:00,51500,6096,6074,6087,6084,6098,6075,6090,6086,6097.0,6074.5,6088.5,6085.0
2025-05-14 00:10:00,52300,6108,6084,6084,6097,6110,6086,6086,6099,6109.0,6085.0,6085.0,6098.0
2025-05-14 00:15:00,53600,6110,6088,6097,6088,6112,6090,6099,6090,6111.0,6089.0,6098.0,6089.0
2025-05-14 00:20:00,32700,6094,6081,6088,6090,6096,6083,6090,6092,6095.0,6082.5,6089.0,6091.0
2025-05-14 00:25:00,21900,6092,6084,6090,6088,6094,6085,6092,6091,6093.0,6084.5,6091.0,6089.5
2025-05-14 00:30:00,30900,6097,6088,6088,6092,6100,6089,6091,6094,6098.5,6088.5,6089.5,6093.0
2025-05-14 00:35:00,24100,6094,6080,6092,6088,6096,6081,6094,6090,6095.0,6080.5,6093.0,6089.0
2025-05-14 00:40:00,19300,6088,6074,6088,6076,6090,6076,6090,6078,6089.0,6075.0,6089.0,6077.0
2025-05-14 00:45:00,19100,6077,6066,6076,6067,6078,6068,6078,6068,6077.5,6067.0,6077.0,6067.5
2025-05-14 00:50:00,26800,6072,6061,6067,6072,6074,6063,6068,6074,6073.0,6062.0,6067.5,6073.0
2025-05-14 00:55:00,9100,6076,6061,6072,6065,6078,6063,6074,6067,6076.5,6062.0,6073.0,6066.0
2025-05-14 01:00:00,15100,6069,6058,6065,6065,6071,6059,6067,6066,6070.0,6058.5,6066.0,6065.5
2025-05-14 01:05:00,14700,6066,6055,6064,6060,6067,6057,6066,6061,6066.5,6056.0,6065.0,6060.5
2025-05-14 01:10:00,13500,6068,6055,6060,6067,6070,6056,6061,6068,6069.0,6055.5,6060.5,6067.5
2025-05-14 01:15:00,13000,6075,6063,6067,6066,6076,6065,6068,6067,6075.5,6064.0,6067.5,6066.5
2025-05-14 01:20:00,16200,6081,6065,6065,6075,6082,6067,6067,6077,6081.5,6066.0,6066.0,6076.0
2025-05-14 01:25:00,10000,6084,6074,6075,6081,6087,6076,6077,6082,6085.5,6075.0,6076.0,6081.5
2025-05-14 01:30:00,12600,6081,6073,6081,6075,6083,6075,6082,6077,6082.0,6074.5,6081.5,6076.0
2025-05-14 01:35:00,9200,6078,6069,6075,6069,6079,6070,6077,6070,6078.5,6069.5,6076.0,6069.5
2025-05-14 01:40:00,8600,6075,6067,6068,6074,6076,6068,6070,6075,6075.5,6067.5,6069.0,6074.5
2025-05-14 01:45:00,18300,6076,6061,6074,6068,6078,6062,6075,6070,6077.0,6061.5,6074.5,6069.0
2025-05-14 01:50:00,15900,6071,6067,6068,6069,6073,6068,6070,6070,6072.0,6067.5,6069.0,6069.5
2025-05-14 01:55:00,20700,6085,6069,6069,6083,6086,6071,6071,6085,6085.5,6070.0,6070.0,6084.0
2025-05-14 02:00:00,11900,6083,6071,6083,6073,6085,6073,6085,6074,6084.0,6072.5,6084.0,6073.5
2025-05-14 02:05:00,18000,6077,6061,6073,6061,6079,6062,6074,6062,6078.0,6061.5,6073.5,6061.5
2025-05-14 02:10:00,47200,6063,6042,6061,6048,6064,6044,6062,6050,6063.5,6043.0,6061.5,6049.0
2025-05-14 02:15:00,11800,6059,6048,6048,6052,6062,6050,6050,6054,6060.5,6049.0,6049.0,6053.0
2025-05-14 02:20:00,12600,6063,6052,6052,6059,6065,6054,6054,6061,6063.5,6053.0,6053.0,6060.0
2025-05-14 02:25:00,19200,6059,6050,6059,6051,6061,6053,6060,6055,6060.0,6052.0,6059.5,6053.0
2025-05-14 02:30:00,35100,6048,6048,6048,6048,6055,6055,6055,6055,6051.5,6051.5,6051.5,6051.5
2025-05-14 03:30:00,99300,6040,6026,6027,6033,6045,6028,6028,6034,6042.5,6027.5,6027.5,6033.5
2025-05-14 03:35:00,18900,6037,6032,6033,6035,6040,6033,6034,6037,6038.5,6032.5,6033.5,6036.0
2025-05-14 03:40:00,16900,6050,6033,6035,6048,6051,6035,6037,6049,6050.5,6034.0,6036.0,6048.5
2025-05-14 03:45:00,24700,6052,6041,6048,6044,6055,6042,6049,6045,6053.5,6041.5,6048.5,6044.5
2025-05-14 03:50:00,19000,6047,6038,6044,6046,6049,6039,6045,6047,6048.0,6038.5,6044.5,6046.5
2025-05-14 03:55:00,13100,6053,6045,6046,6045,6055,6046,6048,6047,6054.0,6045.5,6047.0,6046.0
2025-05-14 04:00:00,18600,6052,6042,6045,6044,6054,6043,6047,6045,6053.0,6042.5,6046.0,6044.5
2025-05-14 04:05:00,21400,6048,6036,6044,6040,6050,6037,6045,6041,6049.0,6036.5,6044.5,6040.5
2025-05-14 04:10:00,11800,6046,6040,6040,6042,6048,6041,6041,6043,6047.0,6040.5,6040.5,6042.5
2025-05-14 04:15:00,11400,6043,6038,6042,6040,6044,6039,6043,6041,6043.5,6038.5,6042.5,6040.5
2025-05-14 04:20:00,18400,6056,6040,6040,6054,6058,6041,6041,6055,6057.0,6040.5,6040.5,6054.5
2025-05-14 04:25:00,8700,6054,6050,6054,6052,6057,6051,6055,6053,6055.5,6050.5,6054.5,6052.5
2025-05-14 04:30:00,9900,6055,6048,6052,6049,6057,6049,6053,6050,6056.0,6048.5,6052.5,6049.5
2025-05-14 04:35:00,11200,6052,6046,6049,6052,6053,6047,6050,6053,6052.5,6046.5,6049.5,6052.5
2025-05-14 04:40:00,11300,6063,6051,6052,6063,6064,6052,6053,6064,6063.5,6051.5,6052.5,6063.5
2025-05-14 04:45:00,13900,6063,6054,6063,6055,6064,6055,6064,6056,6063.5,6054.5,6063.5,6055.5
2025-05-14 04:50:00,12300,6055,6050,6055,6052,6057,6052,6056,6053,6056.0,6051.0,6055.5,6052.5
2025-05-14 04:55:00,14400,6057,6050,6051,6054,6058,6051,6053,6055,6057.5,6050.5,6052.0,6054.5
2025-05-14 05:00:00,20700,6054,6041,6054,6043,6056,6042,6055,6044,6055.0,6041.5,6054.5,6043.5
2025-05-14 05:05:00,8500,6045,6041,6043,6043,6046,6043,6044,6044,6045.5,6042.0,6043.5,6043.5
2025-05-14 05:10:00,18200,6046,6038,6043,6041,6047,6040,6044,6042,6046.5,6039.0,6043.5,6041.5
2025-05-14 05:15:00,8500,6042,6037,6041,6040,6043,6039,6042,6041,6042.5,6038.0,6041.5,6040.5
2025-05-14 05:20:00,12100,6040,6035,6040,6036,6041,6036,6041,6037,6040.5,6035.5,6040.5,6036.5
2025-05-14 05:25:00,11700,6037,6032,6036,6034,6039,6033,6037,6035,6038.0,6032.5,6036.5,6034.5
2025-05-14 05:30:00,7700,6040,6034,6034,6040,6041,6035,6035,6041,6040.5,6034.5,6034.5,6040.5
2025-05-14 05:35:00,15900,6041,6034,6040,6036,6042,6036,6041,6037,6041.5,6035.0,6040.5,6036.5
2025-05-14 05:40:00,15400,6045,6036,6036,6039,6046,6037,6037,6041,6045.5,6036.5,6036.5,6040.0
2025-05-14 05:45:00,23900,6042,6036,6039,6040,6044,6037,6041,6041,6043.0,6036.5,6040.0,6040.5
2025-05-14 05:50:00,14800,6047,6040,6040,6045,6049,6041,6041,6046,6048.0,6040.5,6040.5,6045.5
2025-05-14 05:55:00,18400,6045,6040,6045,6040,6047,6041,6046,6041,6046.0,6040.5,6045.5,6040.5
2025-05-14 06:00:00,26300,6047,6038,6040,6040,6048,6039,6041,6041,6047.5,6038.5,6040.5,6040.5
2025-05-14 06:05:00,16000,6046,6040,6040,6044,6047,6041,6041,6045,6046.5,6040.5,6040.5,6044.5
2025-05-14 06:10:00,18900,6046,6043,6043,6044,6047,6044,6045,6045,6046.5,6043.5,6044.0,6044.5
2025-05-14 06:15:00,21700,6046,6042,6044,6044,6047,6043,6045,6045,6046.5,6042.5,6044.5,6044.5
2025-05-14 06:20:00,46700,6052,6042,6044,6042,6053,6044,6045,6045,6052.5,6043.0,6044.5,6043.5
2025-05-14 06:25:00,,6089,5939,6007,6062,6090,5940,6008,6063,6089.5,5939.5,6007.5,6062.5
2025-05-14 06:30:00,568200,6050,6050,6050,6050,6064,6064,6064,6064,6057.0,6057.0,6057.0,6057.0
2025-05-15 00:00:00,174300,6046,5990,6000,6022,6053,5995,6001,6026,6049.5,5992.5,6000.5,6024.0
2025-05-15 00:05:00,29600,6036,6009,6022,6019,6040,6011,6026,6022,6038.0,6010.0,6024.0,6020.5
2025-05-15 00:10:00,28300,6024,6009,6019,6018,6027,6011,6022,6020,6025.5,6010.0,6020.5,6019.0
2025-05-15 00:15:00,16700,6022,6011,6018,6018,6025,6013,6020,6020,6023.5,6012.0,6019.0,6019.0
2025-05-15 00:20:00,18600,6030,6016,6018,6017,6032,6018,6020,6019,6031.0,6017.0,6019.0,6018.0
2025-05-15 00:25:00,31700,6018,5998,6017,6004,6019,6000,6019,6006,6018.5,5999.0,6018.0,6005.0
2025-05-15 00:30:00,21100,6005,5990,6004,5994,6007,5991,6006,5996,6005.5,5990.5,6005.0,5995.0
2025-05-15 00:35:00,10700,6000,5992,5994,5998,6002,5993,5996,5999,6001.0,5992.5,5995.0,5998.5
2025-05-15 00:40:00,19200,5999,5991,5998,5997,6001,5992,5999,5999,6000.0,5991.5,5998.5,5998.0
2025-05-15 00:45:00,37000,5999,5975,5997,5986,6000,5977,5999,5988,5999.5,5976.0,5998.0,5987.0
2025-05-15 00:50:00,25100,6012,5983,5986,5994,6014,5985,5988,5996,6013.0,5984.0,5987.0,5995.0
2025-05-15 00:55:00,14500,5997,5986,5994,5991,5998,5989,5996,5993,5997.5,5987.5,5995.0,5992.0
2025-05-15 01:00:00,10900,5997,5991,5991,5991,5999,5992,5993,5993,5998.0,5991.5,5992.0,5992.0
2025-05-15 01:05:00,22100,5995,5976,5991,5976,5996,5978,5993,5979,5995.5,5977.0,5992.0,5977.5
2025-05-15 01:10:00,19200,5985,5972,5976,5974,5986,5974,5978,5976,5985.5,5973.0,5977.0,5975.0
2025-05-15 01:15:00,16000,5977,5963,5974,5963,5978,5964,5976,5964,5977.5,5963.5,5975.0,5963.5
2025-05-15 01:20:00,16800,5964,5958,5963,5958,5965,5959,5964,5959,5964.5,5958.5,5963.5,5958.5
2025-05-15 01:25:00,13800,5963,5955,5958,5957,5964,5956,5959,5958,5963.5,5955.5,5958.5,5957.5
2025-05-15 01:30:00,16900,5959,5951,5957,5958,5961,5953,5958,5959,5960.0,5952.0,5957.5,5958.5
2025-05-15 01:35:00,10300,5961,5954,5958,5957,5962,5955,5959,5958,5961.5,5954.5,5958.5,5957.5
2025-05-15 01:40:00,12000,5972,5957,5957,5961,5973,5958,5958,5963,5972.5,5957.5,5957.5,5962.0
2025-05-15 01:45:00,16600,5963,5952,5960,5954,5965,5953,5963,5955,5964.0,5952.5,5961.5,5954.5
2025-05-15 01:50:00,10600,5957,5951,5954,5952,5958,5953,5955,5954,5957.5,5952.0,5954.5,5953.0
2025-05-15 01:55:00,40700,5959,5948,5952,5952,5961,5950,5954,5954,5960.0,5949.0,5953.0,5953.0
2025-05-15 02:00:00,13600,5958,5948,5952,5951,5959,5949,5954,5953,5958.5,5948.5,5953.0,5952.0
2025-05-15 02:05:00,16500,5961,5951,5951,5958,5963,5952,5953,5960,5962.0,5951.5,5952.0,5959.0
2025-05-15 02:10:00,34900,5965,5953,5958,5958,5967,5954,5960,5961,5966.0,5953.5,5959.0,5959.5
2025-05-15 02:15:00,15300,5961,5951,5958,5959,5963,5954,5961,5960,5962.0,5952.5,5959.5,5959.5
2025-05-15 02:20:00,18600,5959,5948,5959,5949,5961,5949,5960,5951,5960.0,5948.5,5959.5,5950.0
2025-05-15 02:25:00,21600,5958,5949,5949,5957,5960,5951,5951,5959,5959.0,5950.0,5950.0,5958.0
2025-05-15 02:30:00,28500,5957,5957,5957,5957,5961,5961,5961,5961,5959.0,5959.0,5959.0,5959.0
2025-05-15 03:30:00,53500,5948,5936,5946,5946,5959,5938,5947,5948,5953.0,5937.0,5946.5,5947.0
2025-05-15 03:35:00,16700,5949,5937,5946,5940,5950,5938,5948,5941,5949.5,5937.5,5947.0,5940.5
2025-05-15 03:40:00,13300,5950,5940,5940,5949,5952,5941,5941,5951,5951.0,5940.5,5940.5,5950.0
2025-05-15 03:45:00,9500,5951,5946,5949,5946,5952,5947,5951,5948,5951.5,5946.5,5950.0,5947.0
2025-05-15 03:50:00,15000,5952,5946,5946,5952,5954,5947,5948,5954,5953.0,5946.5,5947.0,5953.0
2025-05-15 03:55:00,11700,5952,5946,5952,5948,5954,5947,5954,5949,5953.0,5946.5,5953.0,5948.5
2025-05-15 04:00:00,12600,5953,5946,5948,5951,5954,5947,5949,5952,5953.5,5946.5,5948.5,5951.5
2025-05-15 04:05:00,10000,5953,5948,5951,5952,5954,5949,5952,5954,5953.5,5948.5,5951.5,5953.0
2025-05-15 04:10:00,13700,5959,5952,5952,5955,5960,5953,5954,5957,5959.5,5952.5,5953.0,5956.0
2025-05-15 04:15:00,11400,5956,5952,5955,5952,5957,5953,5957,5954,5956.5,5952.5,5956.0,5953.0
2025-05-15 04:20:00,7700,5961,5951,5952,5961,5962,5953,5954,5962,5961.5,5952.0,5953.0,5961.5
2025-05-15 04:25:00,11000,5965,5961,5961,5964,5966,5962,5962,5965,5965.5,5961.5,5961.5,5964.5
2025-05-15 04:30:00,9700,5966,5960,5964,5963,5967,5962,5965,5965,5966.5,5961.0,5964.5,5964.0
2025-05-15 04:35:00,9700,5964,5959,5963,5960,5965,5961,5965,5961,5964.5,5960.0,5964.0,5960.5
2025-05-15 04:40:00,11800,5968,5959,5959,5961,5969,5960,5961,5963,5968.5,5959.5,5960.0,5962.0
2025-05-15 04:45:00,10500,5963,5957,5961,5960,5965,5958,5963,5962,5964.0,5957.5,5962.0,5961.0
2025-05-15 04:50:00,8400,5962,5956,5960,5956,5963,5957,5962,5957,5962.5,5956.5,5961.0,5956.5
2025-05-15 04:55:00,18500,5961,5952,5956,5954,5962,5953,5957,5955,5961.5,5952.5,5956.5,5954.5
2025-05-15 05:00:00,132000,6044,5954,5954,6026,6050,5955,5955,6030,6047.0,5954.5,5954.5,6028.0
2025-05-15 05:05:00,223800,6090,6017,6026,6035,6093,6020,6030,6039,6091.5,6018.5,6028.0,6037.0
2025-05-15 05:10:00,87000,6037,5983,6035,5998,6039,5987,6039,6001,6038.0,5985.0,6037.0,5999.5
2025-05-15 05:15:00,38600,6010,5991,5998,6002,6012,5992,6001,6006,6010.5,5991.5,5999.5,6004.0
2025-05-15 05:20:00,44300,6027,5987,6002,6024,6028,5989,6006,6027,6027.5,5988.0,6004.0,6025.5
2025-05-15 05:25:00,59000,6033,5972,6024,5983,6036,5982,6027,5998,6034.0,5977.0,6025.5,5990.5
2025-05-15 05:30:00,585800,6225,5982,5983,6182,6230,5995,5998,6191,6225.0,5989.0,5990.5,6186.5
2025-05-15 05:35:00,316400,6193,6143,6182,6149,6197,6147,6191,6152,6194.5,6145.0,6186.5,6150.5
2025-05-15 05:40:00,214900,6190,6126,6149,6129,6191,6127,6152,6131,6190.5,6126.5,6150.5,6130.0
2025-05-15 05:45:00,147700,6144,6111,6129,6120,6147,6112,6131,6122,6145.5,6111.5,6130.0,6121.0
2025-05-15 05:50:00,103000,6119,6082,6119,6089,6122,6085,6122,6090,6120.5,6084.0,6120.5,6089.5
2025-05-15 05:55:00,60500,6096,6068,6089,6069,6097,6070,6090,6072,6096.5,6069.0,6089.5,6070.5
2025-05-15 06:00:00,86000,6087,6056,6069,6074,6089,6058,6072,6076,6087.5,6057.0,6070.5,6075.0
2025-05-15 06:05:00,55500,6085,6066,6074,6078,6086,6068,6076,6081,6085.5,6067.0,6075.0,6079.5
2025-05-15 06:10:00,40600,6078,6066,6078,6067,6081,6068,6081,6069,6079.5,6067.0,6079.5,6068.0
2025-05-15 06:15:00,44300,6080,6064,6067,6068,6081,6066,6069,6070,6080.5,6065.0,6068.0,6069.0
2025-05-15 06:20:00,53800,6071,6058,6068,6058,6073,6060,6070,6060,6072.0,6059.0,6069.0,6059.0
2025-05-15 06:25:00,,6264,6025,6104,6053,6265,6025,6105,6054,6264.5,6025.0,6104.5,6053.5
2025-05-15 06:30:00,502800,6052,6052,6052,6052,6058,6058,6058,6058,6055.0,6055.0,6055.0,6055.0
2025-05-16 00:00:00,227000,6066,6005,6038,6052,6073,6009,6039,6056,6069.5,6007.5,6038.5,6054.0
2025-05-16 00:05:00,63600,6059,6032,6052,6044,6061,6038,6056,6047,6060.0,6035.0,6054.0,6045.5
2025-05-16 00:10:00,53600,6055,6009,6044,6013,6057,6012,6047,6015,6056.0,6010.5,6045.5,6014.0
2025-05-16 00:15:00,35900,6034,6013,6013,6016,6037,6015,6015,6019,6035.5,6014.0,6014.0,6017.5
2025-05-16 00:20:00,30100,6025,6004,6016,6024,6027,6005,6019,6026,6026.0,6004.5,6017.5,6025.0
2025-05-16 00:25:00,25300,6041,6024,6024,6034,6043,6026,6026,6037,6042.0,6025.0,6025.0,6035.5
2025-05-16 00:30:00,23500,6039,6026,6034,6026,6041,6028,6037,6029,6040.0,6027.0,6035.5,6027.5
2025-05-16 00:35:00,20100,6028,6014,6026,6023,6030,6016,6029,6026,6029.0,6015.0,6027.5,6024.5
2025-05-16 00:40:00,21500,6036,6019,6023,6019,6038,6021,6026,6022,6037.0,6020.0,6024.5,6020.5
2025-05-16 00:45:00,31200,6033,6009,6019,6022,6035,6011,6022,6024,6034.0,6010.0,6020.5,6023.0
2025-05-16 00:50:00,27500,6042,6018,6022,6035,6044,6021,6024,6037,6043.0,6019.5,6023.0,6036.0
2025-05-16 00:55:00,18900,6050,6031,6035,6047,6052,6033,6037,6049,6051.0,6032.0,6036.0,6048.0
2025-05-16 01:00:00,13800,6053,6041,6047,6047,6055,6043,6049,6049,6054.0,6042.0,6048.0,6048.0
2025-05-16 01:05:00,12900,6061,6043,6047,6061,6062,6045,6049,6062,6061.5,6044.0,6048.0,6061.5
2025-05-16 01:10:00,20700,6080,6061,6061,6079,6083,6062,6062,6080,6081.5,6061.5,6061.5,6079.5
2025-05-16 01:15:00,13100,6084,6076,6079,6081,6085,6077,6080,6083,6084.5,6076.5,6079.5,6082.0
2025-05-16 01:20:00,19000,6094,6076,6081,6077,6096,6078,6083,6080,6095.0,6077.0,6082.0,6078.5
2025-05-16 01:25:00,10800,6081,6073,6077,6073,6082,6074,6080,6074,6081.5,6073.5,6078.5,6073.5
2025-05-16 01:30:00,10800,6077,6067,6073,6075,6080,6069,6075,6077,6078.5,6068.0,6074.0,6076.0
2025-05-16 01:35:00,10200,6082,6071,6075,6071,6084,6072,6077,6073,6083.0,6071.5,6076.0,6072.0
2025-05-16 01:40:00,7700,6073,6062,6071,6073,6074,6065,6073,6074,6073.5,6063.5,6072.0,6073.5
2025-05-16 01:45:00,7400,6077,6069,6073,6072,6080,6070,6074,6074,6078.5,6069.5,6073.5,6073.0
2025-05-16 01:50:00,6600,6077,6070,6072,6072,6078,6071,6074,6074,6077.5,6070.5,6073.0,6073.0
2025-05-16 01:55:00,5800,6076,6070,6072,6071,6077,6071,6074,6073,6076.5,6070.5,6073.0,6072.0
2025-05-16 02:00:00,6200,6073,6069,6071,6073,6075,6070,6073,6074,6074.0,6069.5,6072.0,6073.5
2025-05-16 02:05:00,18700,6075,6058,6073,6063,6077,6059,6074,6064,6076.0,6058.5,6073.5,6063.5
2025-05-16 02:10:00,6500,6070,6063,6063,6069,6072,6064,6064,6070,6070.5,6063.5,6063.5,6069.5
2025-05-16 02:15:00,8000,6074,6067,6069,6072,6076,6068,6070,6073,6075.0,6067.5,6069.5,6072.5
2025-05-16 02:20:00,4500,6075,6071,6072,6073,6077,6072,6073,6074,6076.0,6071.5,6072.5,6073.5
2025-05-16 02:25:00,9000,6073,6069,6073,6069,6074,6070,6074,6072,6073.5,6069.5,6073.5,6070.5
2025-05-16 02:30:00,1800,6069,6069,6069,6069,6074,6074,6074,6074,6071.5,6071.5,6071.5,6071.5
2025-05-16 03:30:00,90900,6124,6076,6088,6120,6126,6087,6089,6122,6125.0,6081.5,6088.5,6121.0
2025-05-16 03:35:00,30700,6125,6110,6120,6110,6126,6111,6122,6112,6125.5,6110.5,6121.0,6111.0
2025-05-16 03:40:00,13400,6116,6100,6110,6100,6117,6102,6112,6102,6116.5,6101.0,6111.0,6101.0
2025-05-16 03:45:00,17500,6106,6096,6100,6101,6109,6098,6102,6103,6107.5,6097.5,6101.0,6102.0
2025-05-16 03:50:00,10500,6108,6098,6101,6103,6109,6101,6103,6105,6108.5,6099.5,6102.0,6104.0
2025-05-16 03:55:00,11200,6110,6103,6103,6107,6112,6104,6105,6109,6111.0,6103.5,6104.0,6108.0
2025-05-16 04:00:00,16200,6109,6101,6107,6109,6111,6102,6109,6110,6109.5,6101.5,6108.0,6109.5
2025-05-16 04:05:00,9700,6109,6105,6109,6108,6110,6106,6110,6110,6109.5,6105.5,6109.5,6109.0
2025-05-16 04:10:00,13900,6115,6108,6108,6115,6116,6110,6110,6116,6115.5,6109.0,6109.0,6115.5
2025-05-16 04:15:00,11300,6117,6111,6115,6117,6118,6113,6116,6118,6117.5,6112.0,6115.5,6117.5
2025-05-16 04:20:00,17300,6121,6116,6117,6117,6122,6118,6118,6118,6121.5,6117.0,6117.5,6117.5
2025-05-16 04:25:00,8800,6124,6117,6117,6123,6125,6118,6118,6124,6124.5,6117.5,6117.5,6123.5
2025-05-16 04:30:00,14600,6125,6119,6123,6123,6126,6120,6124,6124,6125.5,6119.5,6123.5,6123.5
2025-05-16 04:35:00,12600,6126,6121,6123,6123,6127,6122,6124,6124,6126.5,6121.5,6123.5,6123.5
2025-05-16 04:40:00,11500,6129,6123,6123,6126,6130,6124,6124,6127,6129.5,6123.5,6123.5,6126.5
2025-05-16 04:45:00,7900,6129,6126,6126,6129,6130,6127,6127,6130,6129.5,6126.5,6126.5,6129.5
2025-05-16 04:50:00,13400,6131,6126,6129,6126,6133,6127,6130,6127,6132.0,6126.5,6129.5,6126.5
2025-05-16 04:55:00,9600,6126,6123,6126,6124,6127,6124,6127,6125,6126.5,6123.5,6126.5,6124.5
2025-05-16 05:00:00,18400,6125,6118,6124,6119,6126,6119,6125,6120,6125.5,6118.5,6124.5,6119.5
2025-05-16 05:05:00,11400,6119,6109,6119,6111,6120,6110,6120,6112,6119.5,6109.5,6119.5,6111.5
2025-05-16 05:10:00,14500,6115,6108,6111,6114,6116,6109,6112,6116,6115.5,6108.5,6111.5,6115.0
2025-05-16 05:15:00,5700,6116,6108,6114,6112,6117,6110,6116,6113,6116.5,6109.0,6115.0,6112.5
2025-05-16 05:20:00,8500,6115,6111,6112,6113,6117,6113,6113,6115,6116.0,6112.0,6112.5,6114.0
2025-05-16 05:25:00,10700,6114,6106,6113,6106,6115,6107,6115,6107,6114.5,6106.5,6114.0,6106.5
2025-05-16 05:30:00,9600,6109,6101,6106,6108,6111,6102,6107,6109,6109.5,6101.5,6106.5,6108.5
2025-05-16 05:35:00,16200,6110,6105,6108,6106,6111,6106,6109,6107,6110.5,6105.5,6108.5,6106.5
2025-05-16 05:40:00,7200,6109,6104,6106,6107,6110,6105,6107,6108,6109.5,6104.5,6106.5,6107.5
2025-05-16 05:45:00,8100,6109,6103,6107,6107,6110,6105,6108,6108,6109.5,6104.0,6107.5,6107.5
2025-05-16 05:50:00,14400,6107,6097,6107,6097,6108,6098,6108,6098,6107.5,6097.5,6107.5,6097.5
2025-05-16 05:55:00,20400,6102,6086,6097,6100,6103,6087,6098,6101,6102.5,6086.5,6097.5,6100.5
2025-05-16 06:00:00,9000,6106,6100,6100,6103,6107,6101,6101,6104,6106.5,6100.5,6100.5,6103.5
2025-05-16 06:05:00,15100,6109,6097,6103,6106,6110,6099,6104,6108,6109.5,6098.0,6103.5,6107.0
2025-05-16 06:10:00,15100,6108,6103,6106,6108,6110,6104,6108,6109,6109.0,6103.5,6107.0,6108.5
2025-05-16 06:15:00,15400,6112,6106,6108,6108,6114,6107,6109,6109,6113.0,6106.5,6108.5,6108.5
2025-05-16 06:20:00,41700,6120,6105,6108,6118,6122,6106,6109,6120,6121.0,6105.5,6108.5,6119.0
2025-05-16 06:25:00,,6426,6140,6140,6154,6427,6141,6141,6155,6426.5,6140.5,6140.5,6154.5
2025-05-16 06:30:00,618800,6140,6140,6140,6140,6156,6156,6156,6156,6148.0,6148.0,6148.0,6148.0
2025-05-19 00:00:00,204900,6125,6078,6080,6107,6129,6081,6081,6110,6127.0,6080.5,6080.5,6108.5
2025-05-19 00:05:00,51600,6124,6106,6107,6108,6127,6108,6110,6111,6125.5,6107.0,6108.5,6109.5
2025-05-19 00:10:00,23700,6110,6099,6108,6107,6112,6101,6111,6108,6111.0,6100.0,6109.5,6107.5
2025-05-19 00:15:00,21600,6119,6105,6107,6112,6122,6107,6108,6115,6120.5,6106.0,6107.5,6113.5
2025-05-19 00:20:00,28300,6133,6113,6113,6129,6134,6115,6115,6131,6133.5,6114.0,6114.0,6130.0
2025-05-19 00:25:00,20000,6133,6111,6129,6112,6134,6113,6131,6114,6133.5,6112.0,6130.0,6113.0
2025-05-19 00:30:00,17000,6120,6110,6112,6115,6123,6112,6114,6117,6121.5,6111.0,6113.0,6116.0
2025-05-19 00:35:00,14700,6119,6112,6115,6113,6121,6113,6117,6115,6120.0,6112.5,6116.0,6114.0
2025-05-19 00:40:00,14100,6114,6105,6113,6109,6116,6108,6115,6111,6115.0,6106.5,6114.0,6110.0
2025-05-19 00:45:00,15100,6126,6107,6110,6122,6127,6108,6111,6124,6126.5,6107.5,6110.5,6123.0
2025-05-19 00:50:00,12100,6131,6121,6122,6129,6133,6123,6124,6131,6132.0,6122.0,6123.0,6130.0
2025-05-19 00:55:00,10500,6134,6128,6129,6133,6135,6130,6131,6134,6134.5,6129.5,6130.0,6133.5
2025-05-19 01:00:00,14500,6137,6127,6133,6136,6139,6129,6134,6137,6138.0,6128.0,6133.5,6136.5
2025-05-19 01:05:00,11000,6138,6127,6135,6129,6140,6128,6137,6130,6139.0,6127.5,6136.0,6129.5
2025-05-19 01:10:00,7100,6138,6126,6129,6138,6139,6127,6131,6139,6138.5,6126.5,6130.0,6138.5
2025-05-19 01:15:00,13200,6148,6137,6138,6145,6150,6138,6139,6146,6149.0,6137.5,6138.5,6145.5
2025-05-19 01:20:00,10800,6147,6143,6145,6145,6148,6144,6146,6147,6147.5,6143.5,6145.5,6146.0
2025-05-19 01:25:00,10300,6149,6141,6145,6147,6150,6142,6147,6149,6149.5,6141.5,6146.0,6148.0
2025-05-19 01:30:00,28000,6158,6145,6147,6146,6159,6146,6149,6148,6158.5,6145.5,6148.0,6147.0
2025-05-19 01:35:00,9500,6150,6138,6146,6141,6151,6139,6148,6143,6150.5,6138.5,6147.0,6142.0
2025-05-19 01:40:00,8000,6141,6131,6141,6136,6143,6133,6143,6137,6142.0,6132.0,6142.0,6136.5
2025-05-19 01:45:00,14500,6136,6129,6136,6133,6137,6130,6137,6134,6136.5,6129.5,6136.5,6133.5
2025-05-19 01:50:00,5600,6135,6131,6133,6133,6136,6132,6134,6134,6135.5,6131.5,6133.5,6133.5
2025-05-19 01:55:00,8000,6133,6125,6133,6133,6134,6127,6134,6134,6133.5,6126.0,6133.5,6133.5
2025-05-19 02:00:00,7100,6140,6131,6133,6138,6142,6132,6134,6139,6141.0,6131.5,6133.5,6138.5
2025-05-19 02:05:00,5000,6143,6135,6138,6143,6145,6137,6139,6144,6144.0,6136.0,6138.5,6143.5
2025-05-19 02:10:00,7400,6146,6139,6143,6140,6148,6141,6144,6142,6146.5,6140.0,6143.5,6141.0
2025-05-19 02:15:00,9500,6141,6138,6140,6138,6142,6139,6142,6140,6141.5,6138.5,6141.0,6139.0
2025-05-19 02:20:00,6500,6146,6138,6138,6143,6147,6139,6140,6145,6146.5,6138.5,6139.0,6144.0
2025-05-19 02:25:00,7900,6148,6143,6143,6147,6149,6145,6145,6148,6148.5,6144.0,6144.0,6147.5
2025-05-19 02:30:00,1900,6147,6147,6147,6147,6150,6150,6150,6150,6148.5,6148.5,6148.5,6148.5
2025-05-19 03:30:00,46600,6160,6144,6146,6158,6162,6145,6146,6160,6161.0,6144.5,6146.0,6159.0
2025-05-19 03:35:00,16200,6159,6153,6158,6153,6161,6154,6160,6154,6160.0,6153.5,6159.0,6153.5
2025-05-19 03:40:00,18900,6155,6150,6153,6152,6156,6151,6154,6154,6155.5,6150.5,6153.5,6153.0
2025-05-19 03:45:00,14100,6152,6141,6152,6147,6154,6143,6154,6148,6153.0,6142.0,6153.0,6147.5
2025-05-19 03:50:00,10900,6153,6145,6147,6153,6154,6146,6148,6154,6153.5,6145.5,6147.5,6153.5
2025-05-19 03:55:00,12500,6153,6149,6153,6152,6154,6150,6154,6153,6153.5,6149.5,6153.5,6152.5
2025-05-19 04:00:00,18100,6159,6150,6152,6159,6160,6151,6153,6160,6159.5,6150.5,6152.5,6159.5
2025-05-19 04:05:00,13800,6162,6159,6159,6159,6163,6160,6160,6161,6162.5,6159.5,6159.5,6160.0
2025-05-19 04:10:00,6800,6160,6159,6159,6160,6162,6160,6161,6161,6161.0,6159.5,6160.0,6160.5
2025-05-19 04:15:00,16100,6160,6156,6160,6158,6161,6157,6161,6159,6160.5,6156.5,6160.5,6158.5
2025-05-19 04:20:00,15700,6160,6153,6158,6155,6161,6155,6159,6156,6160.5,6154.0,6158.5,6155.5
2025-05-19 04:25:00,19100,6155,6140,6155,6140,6156,6142,6156,6142,6155.5,6141.0,6155.5,6141.0
2025-05-19 04:30:00,20400,6148,6140,6140,6142,6150,6142,6142,6143,6148.5,6141.0,6141.0,6142.5
2025-05-19 04:35:00,7900,6144,6138,6142,6139,6145,6139,6143,6140,6144.5,6138.5,6142.5,6139.5
2025-05-19 04:40:00,10500,6141,6138,6139,6138,6142,6139,6140,6139,6141.5,6138.5,6139.5,6138.5
2025-05-19 04:45:00,9200,6141,6137,6138,6140,6143,6138,6139,6141,6142.0,6137.5,6138.5,6140.5
2025-05-19 04:50:00,5400,6141,6139,6140,6139,6142,6140,6141,6140,6141.5,6139.5,6140.5,6139.5
2025-05-19 04:55:00,8500,6144,6139,6139,6144,6145,6140,6140,6145,6144.5,6139.5,6139.5,6144.5
2025-05-19 05:00:00,9100,6144,6140,6144,6141,6145,6141,6145,6142,6144.5,6140.5,6144.5,6141.5
2025-05-19 05:05:00,16000,6141,6137,6141,6140,6142,6138,6142,6141,6141.5,6137.5,6141.5,6140.5
2025-05-19 05:10:00,13900,6145,6140,6140,6142,6147,6141,6141,6143,6146.0,6140.5,6140.5,6142.5
2025-05-19 05:15:00,11400,6142,6137,6142,6138,6143,6138,6143,6140,6142.5,6137.5,6142.5,6139.0
2025-05-19 05:20:00,3700,6139,6137,6138,6139,6140,6138,6140,6140,6139.5,6137.5,6139.0,6139.5
2025-05-19 05:25:00,14400,6140,6137,6139,6138,6141,6138,6140,6139,6140.5,6137.5,6139.5,6138.5
2025-05-19 05:30:00,18000,6139,6130,6138,6137,6140,6132,6139,6138,6139.5,6131.0,6138.5,6137.5
2025-05-19 05:35:00,14200,6140,6134,6137,6134,6141,6135,6138,6135,6140.5,6134.5,6137.5,6134.5
2025-05-19 05:40:00,12800,6139,6134,6134,6138,6140,6135,6135,6139,6139.5,6134.5,6134.5,6138.5
2025-05-19 05:45:00,18300,6140,6136,6138,6140,6141,6137,6139,6141,6140.5,6136.5,6138.5,6140.5
2025-05-19 05:50:00,14000,6146,6140,6140,6144,6147,6141,6141,6146,6146.5,6140.5,6140.5,6145.0
2025-05-19 05:55:00,15200,6145,6139,6144,6140,6146,6140,6146,6141,6145.5,6139.5,6145.0,6140.5
2025-05-19 06:00:00,27800,6144,6136,6140,6140,6145,6137,6141,6141,6144.5,6136.5,6140.5,6140.5
2025-05-19 06:05:00,19800,6146,6140,6140,6144,6148,6141,6141,6145,6147.0,6140.5,6140.5,6144.5
2025-05-19 06:10:00,19000,6144,6140,6144,6141,6145,6141,6145,6142,6144.5,6140.5,6144.5,6141.5
2025-05-19 06:15:00,25700,6141,6136,6141,6137,6142,6137,6142,6138,6141.5,6136.5,6141.5,6137.5
2025-05-19 06:20:00,31000,6140,6132,6137,6138,6141,6134,6138,6140,6140.5,6133.0,6137.5,6139.0
2025-05-19 06:25:00,,6161,6001,6113,6135,6162,6002,6114,6136,6161.5,6001.5,6113.5,6135.5
2025-05-19 06:30:00,495100,6134,6134,6134,6134,6140,6140,6140,6140,6137.0,6137.0,6137.0,6137.0
2025-05-20 00:00:00,141300,6164,6137,6164,6141,6165,6138,6165,6143,6164.5,6137.5,6164.5,6142.0
2025-05-20 00:05:00,35000,6160,6133,6141,6160,6162,6135,6143,6161,6161.0,6134.0,6142.0,6160.5
2025-05-20 00:10:00,24000,6160,6144,6160,6157,6161,6145,6161,6159,6160.5,6144.5,6160.5,6158.0
2025-05-20 00:15:00,15100,6158,6148,6157,6154,6159,6149,6159,6156,6158.5,6148.5,6158.0,6155.0
2025-05-20 00:20:00,19200,6163,6151,6154,6163,6165,6153,6156,6165,6164.0,6152.0,6155.0,6164.0
2025-05-20 00:25:00,17700,6166,6155,6163,6156,6168,6157,6165,6158,6166.5,6156.0,6164.0,6157.0
2025-05-20 00:30:00,13500,6161,6152,6156,6158,6163,6154,6158,6160,6162.0,6153.0,6157.0,6159.0
2025-05-20 00:35:00,16700,6163,6156,6158,6158,6164,6157,6160,6159,6163.5,6156.5,6159.0,6158.5
2025-05-20 00:40:00,11100,6159,6152,6158,6155,6160,6154,6160,6156,6159.5,6153.0,6159.0,6155.5
2025-05-20 00:45:00,13700,6157,6150,6155,6151,6158,6152,6156,6152,6157.5,6151.5,6155.5,6151.5
2025-05-20 00:50:00,11000,6151,6146,6151,6151,6152,6148,6152,6152,6151.5,6147.0,6151.5,6151.5
2025-05-20 00:55:00,10700,6151,6148,6151,6148,6153,6149,6152,6150,6152.0,6148.5,6151.5,6149.0
2025-05-20 01:00:00,21500,6149,6136,6148,6137,6151,6138,6150,6138,6150.0,6137.0,6149.0,6137.5
2025-05-20 01:05:00,12200,6137,6132,6137,6133,6138,6133,6138,6134,6137.5,6132.5,6137.5,6133.5
2025-05-20 01:10:00,11600,6137,6129,6133,6130,6138,6130,6134,6131,6137.5,6129.5,6133.5,6130.5
2025-05-20 01:15:00,14500,6130,6124,6130,6126,6131,6125,6131,6127,6130.5,6124.5,6130.5,6126.5
2025-05-20 01:20:00,6500,6128,6125,6126,6128,6129,6126,6127,6129,6128.5,6125.5,6126.5,6128.5
2025-05-20 01:25:00,12700,6135,6126,6128,6134,6136,6127,6129,6135,6135.5,6126.5,6128.5,6134.5
2025-05-20 01:30:00,8300,6137,6130,6134,6130,6138,6131,6135,6131,6137.5,6130.5,6134.5,6130.5
2025-05-20 01:35:00,9300,6130,6123,6130,6123,6131,6124,6131,6124,6130.5,6123.5,6130.5,6123.5
2025-05-20 01:40:00,10400,6123,6116,6123,6119,6124,6117,6124,6120,6123.5,6116.5,6123.5,6119.5
2025-05-20 01:45:00,6500,6119,6115,6119,6116,6120,6116,6120,6117,6119.5,6115.5,6119.5,6116.5
2025-05-20 01:50:00,7800,6118,6115,6116,6117,6119,6116,6117,6118,6118.5,6115.5,6116.5,6117.5
2025-05-20 01:55:00,6700,6123,6117,6117,6119,6124,6118,6118,6120,6123.5,6117.5,6117.5,6119.5
2025-05-20 02:00:00,8000,6126,6119,6119,6126,6128,6120,6120,6128,6127.0,6119.5,6119.5,6127.0
2025-05-20 02:05:00,7300,6127,6125,6126,6126,6129,6126,6128,6128,6128.0,6125.5,6127.0,6127.0
2025-05-20 02:10:00,12300,6130,6126,6126,6130,6133,6127,6128,6131,6131.5,6126.5,6127.0,6130.5
2025-05-20 02:15:00,13100,6130,6123,6130,6127,6132,6124,6131,6128,6131.0,6123.5,6130.5,6127.5
2025-05-20 02:20:00,10800,6131,6124,6127,6130,6132,6126,6128,6132,6131.5,6125.0,6127.5,6131.0
2025-05-20 02:25:00,19300,6133,6125,6130,6129,6134,6129,6132,6131,6133.5,6127.0,6131.0,6130.0
2025-05-20 02:30:00,600,6129,6129,6129,6129,6131,6131,6131,6131,6130.0,6130.0,6130.0,6130.0
2025-05-20 03:30:00,51800,6153,6126,6126,6153,6155,6132,6133,6155,6154.0,6129.5,6129.5,6154.0
2025-05-20 03:35:00,22200,6153,6142,6153,6153,6155,6144,6155,6154,6154.0,6143.0,6154.0,6153.5
2025-05-20 03:40:00,15400,6154,6151,6153,6153,6155,6152,6154,6155,6154.5,6151.5,6153.5,6154.0
2025-05-20 03:45:00,18600,6153,6146,6153,6147,6155,6147,6155,6149,6154.0,6146.5,6154.0,6148.0
2025-05-20 03:50:00,12400,6149,6142,6147,6145,6150,6144,6149,6146,6149.5,6143.0,6148.0,6145.5
2025-05-20 03:55:00,14500,6146,6141,6145,6143,6147,6142,6146,6144,6146.5,6141.5,6145.5,6143.5
2025-05-20 04:00:00,15400,6146,6142,6143,6142,6147,6143,6144,6143,6146.5,6142.5,6143.5,6142.5
2025-05-20 04:05:00,10900,6143,6139,6142,6139,6144,6140,6143,6140,6143.5,6139.5,6142.5,6139.5
2025-05-20 04:10:00,22800,6141,6138,6139,6141,6142,6139,6140,6142,6141.5,6138.5,6139.5,6141.5
2025-05-20 04:15:00,9600,6143,6141,6141,6141,6144,6142,6142,6143,6143.5,6141.5,6141.5,6142.0
2025-05-20 04:20:00,13700,6142,6138,6141,6142,6144,6139,6143,6143,6143.0,6138.5,6142.0,6142.5
2025-05-20 04:25:00,11300,6143,6140,6142,6140,6144,6141,6143,6141,6143.5,6140.5,6142.5,6140.5
2025-05-20 04:30:00,10000,6140,6138,6140,6139,6141,6139,6141,6140,6140.5,6138.5,6140.5,6139.5
2025-05-20 04:35:00,19900,6139,6135,6139,6136,6140,6136,6140,6137,6139.5,6135.5,6139.5,6136.5
2025-05-20 04:40:00,19600,6136,6126,6136,6133,6137,6128,6137,6134,6136.5,6127.0,6136.5,6133.5
2025-05-20 04:45:00,10300,6133,6128,6133,6133,6134,6130,6134,6134,6133.5,6129.0,6133.5,6133.5
2025-05-20 04:50:00,13200,6134,6129,6133,6129,6135,6130,6134,6130,6134.5,6129.5,6133.5,6129.5
2025-05-20 04:55:00,15700,6134,6129,6129,6132,6135,6130,6130,6133,6134.5,6129.5,6129.5,6132.5
2025-05-20 05:00:00,17400,6135,6130,6132,6134,6137,6131,6133,6135,6136.0,6130.5,6132.5,6134.5
2025-05-20 05:05:00,8800,6134,6131,6134,6133,6136,6132,6135,6134,6135.0,6131.5,6134.5,6133.5
2025-05-20 05:10:00,8700,6133,6132,6133,6132,6134,6133,6134,6134,6133.5,6132.5,6133.5,6133.0
2025-05-20 05:15:00,12500,6136,6132,6132,6134,6137,6134,6134,6136,6136.5,6133.0,6133.0,6135.0
2025-05-20 05:20:00,6300,6135,6134,6134,6134,6136,6135,6136,6135,6135.5,6134.5,6135.0,6134.5
2025-05-20 05:25:00,14600,6134,6132,6134,6132,6135,6133,6135,6133,6134.5,6132.5,6134.5,6132.5
2025-05-20 05:30:00,22000,6132,6126,6132,6126,6133,6127,6133,6127,6132.5,6126.5,6132.5,6126.5
2025-05-20 05:35:00,33600,6128,6118,6126,6122,6129,6120,6127,6123,6128.5,6119.0,6126.5,6122.5
2025-05-20 05:40:00,16200,6125,6121,6122,6121,6127,6122,6123,6122,6126.0,6121.5,6122.5,6121.5
2025-05-20 05:45:00,20300,6123,6117,6121,6119,6124,6118,6122,6120,6123.5,6117.5,6121.5,6119.5
2025-05-20 05:50:00,29300,6120,6110,6119,6110,6121,6111,6120,6111,6120.5,6110.5,6119.5,6110.5
2025-05-20 05:55:00,22100,6112,6104,6110,6104,6113,6105,6111,6105,6112.5,6104.5,6110.5,6104.5
2025-05-20 06:00:00,25000,6113,6102,6104,6110,6114,6103,6105,6111,6113.5,6102.5,6104.5,6110.5
2025-05-20 06:05:00,21900,6111,6101,6110,6104,6113,6102,6111,6105,6112.0,6101.5,6110.5,6104.5
2025-05-20 06:10:00,22600,6112,6101,6104,6110,6114,6103,6105,6111,6113.0,6102.0,6104.5,6110.5
2025-05-20 06:15:00,22000,6111,6102,6110,6103,6112,6104,6111,6105,6111.5,6103.0,6110.5,6104.0
2025-05-20 06:20:00,31300,6110,6103,6103,6108,6111,6104,6105,6110,6110.5,6103.5,6104.0,6109.0
2025-05-20 06:25:00,,6149,6056,6078,6120,6150,6057,6079,6121,6149.5,6056.5,6078.5,6120.5
2025-05-20 06:30:00,587600,6106,6106,6106,6106,6122,6122,6122,6122,6114.0,6114.0,6114.0,6114.0
2025-05-21 00:00:00,141400,6177,6148,6149,6148,6180,6149,6150,6151,6178.5,6148.5,6149.5,6149.5
2025-05-21 00:05:00,34300,6156,6141,6148,6150,6158,6144,6151,6152,6157.0,6142.5,6149.5,6151.0
2025-05-21 00:10:00,23200,6153,6137,6150,6139,6155,6138,6152,6141,6154.0,6137.5,6151.0,6140.0
2025-05-21 00:15:00,15700,6144,6132,6139,6136,6146,6134,6141,6139,6145.0,6133.0,6140.0,6137.5
2025-05-21 00:20:00,14000,6136,6121,6136,6124,6139,6123,6139,6125,6137.5,6122.0,6137.5,6124.5
2025-05-21 00:25:00,15500,6124,6109,6124,6114,6126,6111,6125,6116,6125.0,6110.0,6124.5,6115.0
2025-05-21 00:30:00,15800,6115,6109,6114,6112,6116,6111,6116,6113,6115.5,6110.0,6115.0,6112.5
2025-05-21 00:35:00,15400,6119,6109,6112,6116,6120,6110,6113,6118,6119.5,6109.5,6112.5,6117.0
2025-05-21 00:40:00,15500,6116,6107,6116,6108,6118,6108,6118,6110,6117.0,6107.5,6117.0,6109.0
2025-05-21 00:45:00,14600,6114,6108,6108,6112,6115,6110,6110,6113,6114.5,6109.0,6109.0,6112.5
2025-05-21 00:50:00,14600,6116,6109,6112,6110,6117,6110,6113,6111,6116.5,6109.5,6112.5,6110.5
2025-05-21 00:55:00,7700,6114,6110,6110,6110,6115,6111,6111,6111,6114.5,6110.5,6110.5,6110.5
2025-05-21 01:00:00,15700,6110,6100,6110,6103,6111,6103,6111,6105,6110.5,6101.5,6110.5,6104.0
2025-05-21 01:05:00,11300,6106,6101,6103,6104,6107,6102,6105,6105,6106.5,6101.5,6104.0,6104.5
2025-05-21 01:10:00,9300,6106,6102,6104,6103,6107,6104,6105,6104,6106.5,6103.5,6104.5,6103.5
2025-05-21 01:15:00,18200,6105,6091,6103,6093,6106,6092,6104,6095,6105.5,6091.5,6103.5,6094.0
2025-05-21 01:20:00,12000,6095,6087,6093,6088,6096,6089,6095,6089,6095.5,6088.0,6094.0,6088.5
2025-05-21 01:25:00,9500,6090,6085,6088,6085,6092,6086,6089,6086,6091.0,6085.5,6088.5,6085.5
2025-05-21 01:30:00,14700,6085,6077,6085,6079,6086,6079,6086,6080,6085.5,6078.0,6085.5,6079.5
2025-05-21 01:35:00,12500,6082,6075,6079,6076,6083,6076,6080,6077,6082.5,6075.5,6079.5,6076.5
2025-05-21 01:40:00,8600,6078,6074,6076,6075,6079,6076,6077,6077,6078.5,6075.0,6076.5,6076.0
2025-05-21 01:45:00,13200,6076,6065,6075,6065,6077,6066,6076,6067,6076.5,6065.5,6075.5,6066.0
2025-05-21 01:50:00,12000,6073,6065,6065,6073,6075,6067,6067,6075,6074.0,6066.0,6066.0,6074.0
2025-05-21 01:55:00,13800,6074,6065,6073,6067,6076,6066,6075,6069,6075.0,6065.5,6074.0,6068.0
2025-05-21 02:00:00,14700,6072,6064,6067,6067,6073,6065,6069,6068,6072.5,6064.5,6068.0,6067.5
2025-05-21 02:05:00,8700,6071,6067,6067,6070,6072,6068,6068,6071,6071.5,6067.5,6067.5,6070.5
2025-05-21 02:10:00,12500,6074,6069,6070,6073,6075,6071,6071,6074,6074.5,6070.0,6070.5,6073.5
2025-05-21 02:15:00,19800,6073,6065,6073,6070,6074,6066,6074,6072,6073.5,6065.5,6073.5,6071.0
2025-05-21 02:20:00,8700,6074,6068,6071,6074,6075,6069,6072,6075,6074.5,6068.5,6071.5,6074.5
2025-05-21 02:25:00,10300,6077,6074,6074,6075,6078,6075,6075,6077,6077.5,6074.5,6074.5,6076.0
2025-05-21 02:30:00,23100,6075,6075,6075,6075,6077,6077,6077,6077,6076.0,6076.0,6076.0,6076.0
2025-05-21 03:30:00,73400,6088,6069,6077,6076,6090,6070,6078,6077,6089.0,6069.5,6077.5,6076.5
2025-05-21 03:35:00,23300,6082,6073,6076,6076,6083,6074,6077,6078,6082.5,6073.5,6076.5,6077.0
2025-05-21 03:40:00,17100,6082,6076,6076,6078,6083,6077,6078,6080,6082.5,6076.5,6077.0,6079.0
2025-05-21 03:45:00,13200,6082,6078,6078,6080,6083,6079,6080,6081,6082.5,6078.5,6079.0,6080.5
2025-05-21 03:50:00,15200,6080,6077,6080,6079,6081,6078,6081,6080,6080.5,6077.5,6080.5,6079.5
2025-05-21 03:55:00,17200,6086,6079,6079,6084,6087,6080,6080,6085,6086.5,6079.5,6079.5,6084.5
2025-05-21 04:00:00,20300,6085,6078,6084,6079,6086,6079,6085,6080,6085.5,6078.5,6084.5,6079.5
2025-05-21 04:05:00,15800,6079,6075,6079,6077,6080,6076,6080,6078,6079.5,6075.5,6079.5,6077.5
2025-05-21 04:10:00,15100,6079,6076,6077,6078,6080,6077,6078,6079,6079.5,6076.5,6077.5,6078.5
2025-05-21 04:15:00,3400,6079,6078,6078,6078,6080,6079,6079,6079,6079.5,6078.5,6078.5,6078.5
2025-05-21 04:20:00,10700,6083,6078,6078,6083,6084,6079,6079,6084,6083.5,6078.5,6078.5,6083.5
2025-05-21 04:25:00,7700,6086,6083,6083,6086,6087,6084,6084,6087,6086.5,6083.5,6083.5,6086.5
2025-05-21 04:30:00,23800,6096,6085,6086,6096,6097,6086,6087,6097,6096.5,6085.5,6086.5,6096.5
2025-05-21 04:35:00,7500,6096,6095,6096,6096,6097,6096,6097,6097,6096.5,6095.5,6096.5,6096.5
2025-05-21 04:40:00,21500,6096,6088,6096,6089,6097,6089,6097,6090,6096.5,6088.5,6096.5,6089.5
2025-05-21 04:45:00,10300,6091,6087,6089,6091,6092,6088,6090,6092,6091.5,6087.5,6089.5,6091.5
2025-05-21 04:50:00,8100,6093,6089,6091,6090,6094,6090,6092,6091,6093.5,6089.5,6091.5,6090.5
2025-05-21 04:55:00,15000,6092,6089,6090,6091,6093,6090,6091,6093,6092.5,6089.5,6090.5,6092.0
2025-05-21 05:00:00,8900,6093,6091,6091,6092,6094,6092,6093,6093,6093.5,6091.5,6092.0,6092.5
2025-05-21 05:05:00,10000,6094,6090,6092,6090,6095,6091,6093,6091,6094.5,6090.5,6092.5,6090.5
2025-05-21 05:10:00,11200,6095,6090,6090,6093,6096,6091,6091,6094,6095.5,6090.5,6090.5,6093.5
2025-05-21 05:15:00,12800,6095,6092,6093,6093,6096,6093,6094,6094,6095.5,6092.5,6093.5,6093.5
2025-05-21 05:20:00,6500,6094,6092,6093,6094,6095,6093,6094,6095,6094.5,6092.5,6093.5,6094.5
2025-05-21 05:25:00,22100,6099,6092,6094,6095,6100,6093,6095,6096,6099.5,6092.5,6094.5,6095.5
2025-05-21 05:30:00,6100,6098,6094,6095,6098,6099,6095,6096,6099,6098.5,6094.5,6095.5,6098.5
2025-05-21 05:35:00,17000,6098,6093,6098,6093,6099,6094,6099,6094,6098.5,6093.5,6098.5,6093.5
2025-05-21 05:40:00,29400,6093,6077,6093,6079,6094,6078,6094,6080,6093.5,6077.5,6093.5,6079.5
2025-05-21 05:45:00,18400,6085,6077,6079,6077,6086,6078,6080,6078,6085.5,6077.5,6079.5,6077.5
2025-05-21 05:50:00,19200,6079,6076,6077,6078,6080,6077,6078,6079,6079.5,6076.5,6077.5,6078.5
2025-05-21 05:55:00,21800,6078,6073,6078,6076,6080,6074,6079,6077,6079.0,6073.5,6078.5,6076.5
2025-05-21 06:00:00,15500,6081,6076,6076,6079,6082,6077,6077,6080,6081.5,6076.5,6076.5,6079.5
2025-05-21 06:05:00,17800,6081,6078,6079,6080,6082,6079,6080,6081,6081.5,6078.5,6079.5,6080.5
2025-05-21 06:10:00,19600,6088,6079,6080,6087,6089,6080,6081,6088,6088.5,6079.5,6080.5,6087.5
2025-05-21 06:15:00,33000,6090,6085,6087,6087,6091,6086,6088,6088,6090.5,6085.5,6087.5,6087.5
2025-05-21 06:20:00,26700,6089,6082,6087,6082,6090,6084,6088,6085,6089.5,6083.0,6087.5,6083.5
2025-05-21 06:25:00,,6125,6070,6070,6090,6126,6071,6071,6090,6125.5,6070.5,6070.5,6090.0
2025-05-21 06:30:00,523600,6085,6085,6085,6085,6094,6094,6094,6094,6089.5,6089.5,6089.5,6089.5
2025-05-22 00:00:00,198400,6063,6002,6052,6030,6069,6005,6053,6033,6065.5,6003.5,6052.5,6031.5
2025-05-22 00:05:00,39600,6074,6030,6030,6068,6076,6033,6033,6070,6074.5,6031.5,6031.5,6069.0
2025-05-22 00:10:00,28200,6069,6056,6068,6059,6072,6059,6070,6062,6070.5,6057.5,6069.0,6060.5
2025-05-22 00:15:00,24500,6067,6055,6059,6060,6069,6057,6062,6061,6068.0,6056.0,6060.5,6060.5
2025-05-22 00:20:00,17300,6071,6054,6060,6071,6072,6057,6061,6072,6071.5,6055.5,6060.5,6071.5
2025-05-22 00:25:00,21900,6078,6069,6071,6071,6080,6070,6072,6074,6079.0,6069.5,6071.5,6072.5
2025-05-22 00:30:00,17400,6073,6051,6071,6051,6074,6053,6074,6053,6073.5,6052.0,6072.5,6052.0
2025-05-22 00:35:00,16800,6063,6050,6051,6063,6065,6052,6053,6065,6064.0,6051.0,6052.0,6064.0
2025-05-22 00:40:00,13000,6063,6050,6063,6058,6065,6051,6065,6060,6064.0,6050.5,6064.0,6059.0
2025-05-22 00:45:00,13700,6064,6056,6058,6057,6066,6059,6060,6059,6065.0,6057.5,6059.0,6058.0
2025-05-22 00:50:00,12100,6058,6050,6057,6051,6060,6052,6059,6053,6059.0,6051.0,6058.0,6052.0
2025-05-22 00:55:00,17100,6055,6048,6051,6053,6057,6049,6053,6056,6056.0,6048.5,6052.0,6054.5
2025-05-22 01:00:00,37500,6063,6051,6053,6063,6066,6053,6056,6065,6064.5,6052.0,6054.5,6064.0
2025-05-22 01:05:00,13900,6067,6059,6063,6065,6069,6061,6065,6067,6068.0,6060.0,6064.0,6066.0
2025-05-22 01:10:00,11800,6067,6061,6065,6062,6069,6062,6067,6063,6068.0,6061.5,6066.0,6062.5
2025-05-22 01:15:00,13200,6062,6054,6062,6055,6063,6056,6063,6056,6062.5,6055.0,6062.5,6055.5
2025-05-22 01:20:00,6900,6056,6050,6055,6055,6058,6053,6056,6056,6057.0,6051.5,6055.5,6055.5
2025-05-22 01:25:00,8000,6057,6051,6055,6056,6058,6053,6056,6057,6057.5,6052.0,6055.5,6056.5
2025-05-22 01:30:00,10000,6060,6055,6056,6060,6062,6056,6057,6062,6061.0,6055.5,6056.5,6061.0
2025-05-22 01:35:00,6300,6060,6057,6060,6057,6062,6058,6062,6058,6061.0,6057.5,6061.0,6057.5
2025-05-22 01:40:00,12200,6059,6054,6057,6054,6060,6055,6058,6055,6059.5,6054.5,6057.5,6054.5
2025-05-22 01:45:00,7200,6055,6051,6054,6053,6056,6052,6055,6055,6055.5,6051.5,6054.5,6054.0
2025-05-22 01:50:00,7700,6056,6052,6053,6054,6058,6053,6055,6055,6057.0,6052.5,6054.0,6054.5
2025-05-22 01:55:00,9500,6054,6051,6054,6052,6055,6052,6055,6053,6054.5,6051.5,6054.5,6052.5
2025-05-22 02:00:00,5900,6055,6051,6052,6055,6056,6052,6053,6056,6055.5,6051.5,6052.5,6055.5
2025-05-22 02:05:00,11300,6063,6053,6055,6063,6064,6056,6056,6064,6063.5,6054.5,6055.5,6063.5
2025-05-22 02:10:00,14300,6063,6052,6063,6054,6064,6054,6064,6056,6063.5,6053.0,6063.5,6055.0
2025-05-22 02:15:00,6000,6055,6051,6054,6051,6056,6052,6056,6052,6055.5,6051.5,6055.0,6051.5
2025-05-22 02:20:00,16300,6052,6049,6051,6049,6053,6050,6052,6051,6052.5,6049.5,6051.5,6050.0
2025-05-22 02:25:00,17400,6057,6049,6049,6054,6058,6050,6050,6057,6057.5,6049.5,6049.5,6055.5
2025-05-22 02:30:00,5400,6054,6054,6054,6054,6057,6057,6057,6057,6055.5,6055.5,6055.5,6055.5
2025-05-22 03:30:00,48400,6073,6049,6050,6071,6074,6051,6051,6073,6073.5,6050.5,6050.5,6072.0
2025-05-22 03:35:00,18400,6072,6067,6071,6068,6073,6068,6073,6069,6072.5,6067.5,6072.0,6068.5
2025-05-22 03:40:00,15700,6074,6065,6068,6074,6075,6066,6069,6075,6074.5,6065.5,6068.5,6074.5
2025-05-22 03:45:00,15400,6075,6071,6074,6071,6076,6072,6075,6072,6075.5,6071.5,6074.5,6071.5
2025-05-22 03:50:00,28700,6071,6056,6071,6056,6072,6057,6072,6058,6071.5,6056.5,6071.5,6057.0
2025-05-22 03:55:00,10800,6059,6052,6056,6058,6060,6054,6058,6059,6059.5,6053.0,6057.0,6058.5
2025-05-22 04:00:00,16700,6063,6056,6058,6061,6064,6057,6059,6062,6063.5,6056.5,6058.5,6061.5
2025-05-22 04:05:00,9900,6063,6060,6061,6060,6065,6061,6062,6061,6064.0,6060.5,6061.5,6060.5
2025-05-22 04:10:00,15400,6060,6056,6060,6058,6061,6057,6061,6059,6060.5,6056.5,6060.5,6058.5
2025-05-22 04:15:00,10700,6058,6055,6058,6056,6059,6056,6059,6057,6058.5,6055.5,6058.5,6056.5
2025-05-22 04:20:00,11000,6056,6054,6056,6056,6057,6055,6057,6057,6056.5,6054.5,6056.5,6056.5
2025-05-22 04:25:00,12700,6058,6054,6056,6054,6059,6056,6057,6056,6058.5,6055.0,6056.5,6055.0
2025-05-22 04:30:00,8600,6059,6054,6054,6057,6060,6055,6056,6058,6059.5,6054.5,6055.0,6057.5
2025-05-22 04:35:00,5600,6057,6056,6057,6057,6058,6057,6058,6058,6057.5,6056.5,6057.5,6057.5
2025-05-22 04:40:00,26500,6057,6047,6057,6049,6058,6048,6058,6051,6057.5,6047.5,6057.5,6050.0
2025-05-22 04:45:00,8700,6053,6047,6049,6053,6054,6048,6051,6054,6053.5,6047.5,6050.0,6053.5
2025-05-22 04:50:00,17900,6053,6050,6053,6052,6054,6051,6054,6054,6053.5,6050.5,6053.5,6053.0
2025-05-22 04:55:00,7100,6056,6052,6052,6056,6058,6054,6054,6057,6057.0,6053.0,6053.0,6056.5
2025-05-22 05:00:00,14500,6057,6053,6056,6053,6058,6054,6057,6054,6057.5,6053.5,6056.5,6053.5
2025-05-22 05:05:00,15400,6061,6053,6053,6060,6063,6054,6054,6061,6062.0,6053.5,6053.5,6060.5
2025-05-22 05:10:00,4900,6063,6060,6060,6063,6064,6061,6061,6064,6063.5,6060.5,6060.5,6063.5
2025-05-22 05:15:00,9000,6063,6061,6063,6062,6064,6062,6064,6063,6063.5,6061.5,6063.5,6062.5
2025-05-22 05:20:00,13000,6067,6060,6062,6064,6068,6061,6063,6065,6067.5,6060.5,6062.5,6064.5
2025-05-22 05:25:00,6600,6069,6064,6064,6069,6071,6065,6065,6070,6070.0,6064.5,6064.5,6069.5
2025-05-22 05:30:00,17000,6073,6067,6069,6073,6075,6068,6070,6075,6074.0,6067.5,6069.5,6074.0
2025-05-22 05:35:00,14400,6076,6072,6073,6073,6078,6073,6075,6075,6077.0,6072.5,6074.0,6074.0
2025-05-22 05:40:00,14300,6074,6071,6073,6073,6075,6072,6075,6075,6074.5,6071.5,6074.0,6074.0
2025-05-22 05:45:00,17200,6074,6071,6073,6072,6075,6072,6075,6073,6074.5,6071.5,6074.0,6072.5
2025-05-22 05:50:00,16600,6072,6070,6072,6072,6073,6071,6073,6073,6072.5,6070.5,6072.5,6072.5
2025-05-22 05:55:00,20600,6076,6070,6072,6074,6077,6072,6073,6075,6076.5,6071.0,6072.5,6074.5
2025-05-22 06:00:00,34700,6074,6062,6074,6062,6075,6064,6075,6064,6074.5,6063.0,6074.5,6063.0
2025-05-22 06:05:00,12300,6066,6061,6062,6063,6068,6062,6064,6065,6067.0,6061.5,6063.0,6064.0
2025-05-22 06:10:00,9900,6065,6061,6063,6063,6067,6062,6065,6065,6066.0,6061.5,6064.0,6064.0
2025-05-22 06:15:00,16300,6066,6060,6063,6062,6067,6062,6065,6064,6066.5,6061.0,6064.0,6063.0
2025-05-22 06:20:00,40300,6064,6055,6062,6057,6066,6057,6064,6059,6065.0,6056.0,6063.0,6058.0
2025-05-22 06:25:00,,6098,6042,6087,6054,6099,6043,6087,6055,6098.5,6042.5,6087.0,6054.5
2025-05-22 06:30:00,413500,6053,6053,6053,6053,6065,6065,6065,6065,6059.0,6059.0,6059.0,6059.0
2025-05-23 00:00:00,183800,6102,6062,6093,6067,6108,6069,6093,6069,6104.5,6066.5,6093.0,6068.0
2025-05-23 00:05:00,46400,6070,6043,6067,6046,6072,6045,6069,6048,6071.0,6044.0,6068.0,6047.0
2025-05-23 00:10:00,24700,6054,6036,6046,6037,6057,6037,6048,6038,6055.5,6036.5,6047.0,6037.5
2025-05-23 00:15:00,21300,6042,6032,6037,6042,6044,6034,6038,6043,6042.5,6033.0,6037.5,6042.5
2025-05-23 00:20:00,18300,6053,6038,6042,6052,6054,6039,6043,6054,6053.5,6038.5,6042.5,6053.0
2025-05-23 00:25:00,19500,6070,6052,6052,6068,6071,6054,6054,6070,6070.5,6053.0,6053.0,6069.0
2025-05-23 00:30:00,16600,6080,6066,6068,6080,6082,6068,6070,6081,6081.0,6067.0,6069.0,6080.5
2025-05-23 00:35:00,16800,6090,6079,6080,6085,6091,6080,6081,6087,6090.5,6079.5,6080.5,6086.0
2025-05-23 00:40:00,11000,6089,6083,6085,6089,6091,6085,6087,6091,6090.0,6084.0,6086.0,6090.0
2025-05-23 00:45:00,11900,6094,6087,6089,6092,6095,6088,6091,6094,6094.5,6087.5,6090.0,6093.0
2025-05-23 00:50:00,14900,6097,6092,6092,6092,6099,6093,6094,6093,6098.0,6092.5,6093.0,6092.5
2025-05-23 00:55:00,7800,6095,6091,6092,6093,6097,6092,6093,6094,6096.0,6091.5,6092.5,6093.5
2025-05-23 01:00:00,11800,6098,6090,6093,6097,6099,6091,6094,6098,6098.5,6090.5,6093.5,6097.5
2025-05-23 01:05:00,9800,6097,6093,6097,6096,6098,6094,6098,6097,6097.5,6093.5,6097.5,6096.5
2025-05-23 01:10:00,6500,6098,6093,6096,6096,6099,6095,6097,6097,6098.5,6094.0,6096.5,6096.5
2025-05-23 01:15:00,18700,6106,6092,6096,6102,6107,6093,6097,6104,6106.5,6092.5,6096.5,6103.0
2025-05-23 01:20:00,5700,6106,6101,6102,6104,6107,6103,6104,6105,6106.5,6102.0,6103.0,6104.5
2025-05-23 01:25:00,12400,6106,6102,6104,6103,6107,6104,6105,6105,6106.5,6103.5,6104.5,6104.0
2025-05-23 01:30:00,6100,6106,6100,6103,6103,6107,6102,6105,6104,6106.5,6101.0,6104.0,6103.5
2025-05-23 01:35:00,6700,6107,6102,6103,6107,6108,6103,6104,6108,6107.5,6102.5,6103.5,6107.5
2025-05-23 01:40:00,10100,6109,6106,6107,6106,6110,6107,6108,6108,6109.5,6106.5,6107.5,6107.0
2025-05-23 01:45:00,4100,6107,6104,6106,6104,6108,6105,6108,6105,6107.5,6104.5,6107.0,6104.5
2025-05-23 01:50:00,10100,6104,6098,6104,6098,6105,6100,6105,6100,6104.5,6099.0,6104.5,6099.0
2025-05-23 01:55:00,6900,6106,6098,6098,6103,6107,6100,6100,6105,6106.5,6099.0,6099.0,6104.0
2025-05-23 02:00:00,6900,6104,6099,6103,6099,6105,6100,6105,6100,6104.5,6099.5,6104.0,6099.5
2025-05-23 02:05:00,5200,6102,6099,6099,6101,6103,6100,6100,6102,6102.5,6099.5,6099.5,6101.5
2025-05-23 02:10:00,5900,6104,6100,6101,6102,6105,6101,6102,6103,6104.5,6100.5,6101.5,6102.5
2025-05-23 02:15:00,11200,6105,6102,6102,6103,6106,6103,6103,6104,6105.5,6102.5,6102.5,6103.5
2025-05-23 02:20:00,5300,6103,6101,6103,6101,6104,6102,6104,6102,6103.5,6101.5,6103.5,6101.5
2025-05-23 02:25:00,13400,6106,6100,6101,6104,6107,6101,6102,6105,6106.5,6100.5,6101.5,6104.5
2025-05-23 02:30:00,300,6104,6104,6104,6104,6105,6105,6105,6105,6104.5,6104.5,6104.5,6104.5
2025-05-23 03:30:00,47200,6109,6100,6104,6103,6110,6103,6105,6104,6109.5,6101.5,6104.5,6103.5
2025-05-23 03:35:00,11300,6106,6100,6103,6103,6108,6101,6104,6104,6107.0,6100.5,6103.5,6103.5
2025-05-23 03:40:00,16800,6103,6101,6103,6101,6104,6102,6104,6102,6103.5,6101.5,6103.5,6101.5
2025-05-23 03:45:00,10100,6106,6101,6101,6106,6107,6102,6102,6107,6106.5,6101.5,6101.5,6106.5
2025-05-23 03:50:00,11600,6109,6105,6106,6108,6110,6106,6107,6109,6109.5,6105.5,6106.5,6108.5
2025-05-23 03:55:00,10800,6108,6105,6108,6105,6109,6106,6109,6106,6108.5,6105.5,6108.5,6105.5
2025-05-23 04:00:00,21700,6105,6097,6105,6102,6106,6098,6106,6103,6105.5,6097.5,6105.5,6102.5
2025-05-23 04:05:00,8900,6108,6100,6102,6107,6109,6102,6103,6108,6108.5,6101.0,6102.5,6107.5
2025-05-23 04:10:00,2600,6107,6106,6107,6106,6109,6107,6108,6107,6108.0,6106.5,6107.5,6106.5
2025-05-23 04:15:00,11100,6109,6106,6106,6109,6110,6107,6107,6110,6109.5,6106.5,6106.5,6109.5
2025-05-23 04:20:00,19500,6110,6105,6109,6105,6111,6106,6110,6106,6110.5,6105.5,6109.5,6105.5
2025-05-23 04:25:00,11500,6107,6103,6105,6104,6108,6104,6106,6105,6107.5,6103.5,6105.5,6104.5
2025-05-23 04:30:00,7200,6105,6103,6104,6103,6106,6104,6105,6104,6105.5,6103.5,6104.5,6103.5
2025-05-23 04:35:00,11600,6103,6100,6103,6100,6104,6101,6104,6102,6103.5,6100.5,6103.5,6101.0
2025-05-23 04:40:00,6900,6101,6098,6100,6101,6102,6099,6102,6102,6101.5,6098.5,6101.0,6101.5
2025-05-23 04:45:00,7900,6103,6101,6101,6101,6104,6102,6102,6102,6103.5,6101.5,6101.5,6101.5
2025-05-23 04:50:00,8700,6102,6100,6101,6102,6103,6101,6102,6103,6102.5,6100.5,6101.5,6102.5
2025-05-23 04:55:00,14300,6104,6100,6102,6103,6105,6102,6103,6104,6104.5,6101.0,6102.5,6103.5
2025-05-23 05:00:00,18000,6105,6102,6103,6103,6106,6103,6104,6104,6105.5,6102.5,6103.5,6103.5
2025-05-23 05:05:00,8100,6104,6101,6103,6103,6105,6102,6104,6104,6104.5,6101.5,6103.5,6103.5
2025-05-23 05:10:00,11500,6107,6103,6103,6105,6108,6104,6104,6106,6107.5,6103.5,6103.5,6105.5
2025-05-23 05:15:00,5900,6105,6103,6105,6105,6106,6104,6106,6106,6105.5,6103.5,6105.5,6105.5
2025-05-23 05:20:00,8700,6107,6105,6105,6107,6108,6106,6106,6108,6107.5,6105.5,6105.5,6107.5
2025-05-23 05:25:00,5200,6109,6107,6107,6109,6110,6108,6108,6110,6109.5,6107.5,6107.5,6109.5
2025-05-23 05:30:00,27200,6111,6101,6109,6105,6112,6102,6110,6106,6111.5,6101.5,6109.5,6105.5
2025-05-23 05:35:00,14300,6107,6100,6105,6100,6109,6101,6106,6101,6108.0,6100.5,6105.5,6100.5
2025-05-23 05:40:00,13200,6102,6098,6100,6100,6103,6099,6101,6101,6102.5,6098.5,6100.5,6100.5
2025-05-23 05:45:00,15800,6103,6099,6100,6100,6104,6100,6101,6101,6103.5,6099.5,6100.5,6100.5
2025-05-23 05:50:00,9500,6101,6099,6100,6100,6102,6100,6101,6101,6101.5,6099.5,6100.5,6100.5
2025-05-23 05:55:00,28000,6101,6090,6100,6097,6102,6092,6101,6099,6101.5,6091.0,6100.5,6098.0
2025-05-23 06:00:00,19200,6100,6091,6097,6094,6102,6092,6099,6095,6101.0,6091.5,6098.0,6094.5
2025-05-23 06:05:00,22800,6099,6093,6094,6094,6100,6094,6095,6095,6099.5,6093.5,6094.5,6094.5
2025-05-23 06:10:00,17200,6094,6090,6094,6093,6095,6091,6095,6094,6094.5,6090.5,6094.5,6093.5
2025-05-23 06:15:00,32000,6095,6090,6093,6091,6098,6091,6094,6092,6096.0,6090.5,6093.5,6091.5
2025-05-23 06:20:00,28000,6094,6089,6091,6092,6095,6091,6092,6094,6094.5,6090.0,6091.5,6093.0
2025-05-23 06:25:00,,6129,6087,6090,6103,6130,6088,6091,6104,6129.5,6087.5,6090.5,6103.5
2025-05-23 06:30:00,265900,6092,6092,6092,6092,6104,6104,6104,6104,6098.0,6098.0,6098.0,6098.0
2025-05-26 00:00:00,154300,6088,6050,6080,6079,6094,6051,6081,6081,6088.0,6050.5,6080.5,6080.0
2025-05-26 00:05:00,33700,6102,6079,6079,6101,6104,6081,6081,6103,6103.0,6080.0,6080.0,6102.0
2025-05-26 00:10:00,19200,6103,6091,6101,6095,6104,6093,6103,6096,6103.5,6092.0,6102.0,6095.5
2025-05-26 00:15:00,24200,6116,6095,6095,6113,6118,6096,6096,6115,6117.0,6095.5,6095.5,6114.0
2025-05-26 00:20:00,14900,6114,6106,6113,6113,6116,6108,6115,6115,6115.0,6107.0,6114.0,6114.0
2025-05-26 00:25:00,21000,6125,6113,6113,6122,6126,6115,6115,6124,6125.5,6114.0,6114.0,6123.0
2025-05-26 00:30:00,12900,6126,6117,6122,6122,6127,6118,6124,6123,6126.5,6117.5,6123.0,6122.5
2025-05-26 00:35:00,9700,6125,6120,6122,6121,6126,6121,6123,6123,6125.5,6120.5,6122.5,6122.0
2025-05-26 00:40:00,7300,6125,6120,6121,6125,6126,6121,6123,6126,6125.5,6120.5,6122.0,6125.5
2025-05-26 00:45:00,20200,6133,6123,6125,6131,6135,6124,6126,6133,6134.0,6123.5,6125.5,6132.0
2025-05-26 00:50:00,17900,6131,6122,6131,6124,6133,6123,6133,6126,6132.0,6122.5,6132.0,6125.0
2025-05-26 00:55:00,9000,6125,6120,6124,6120,6126,6121,6126,6121,6125.5,6120.5,6125.0,6120.5
2025-05-26 01:00:00,11500,6120,6114,6120,6116,6121,6116,6121,6117,6120.5,6115.0,6120.5,6116.5
2025-05-26 01:05:00,8300,6117,6110,6116,6110,6119,6112,6117,6112,6118.0,6111.0,6116.5,6111.0
2025-05-26 01:10:00,12600,6127,6110,6110,6123,6129,6111,6112,6125,6128.0,6110.5,6111.0,6124.0
2025-05-26 01:15:00,6100,6123,6114,6123,6114,6125,6116,6125,6117,6124.0,6115.0,6124.0,6115.5
2025-05-26 01:20:00,8300,6115,6103,6114,6103,6117,6104,6117,6104,6116.0,6103.5,6115.5,6103.5
2025-05-26 01:25:00,7500,6110,6102,6103,6104,6111,6103,6104,6105,6110.5,6102.5,6103.5,6104.5
2025-05-26 01:30:00,7100,6108,6104,6104,6105,6110,6105,6105,6107,6109.0,6104.5,6104.5,6106.0
2025-05-26 01:35:00,2800,6107,6105,6105,6107,6108,6106,6107,6108,6107.5,6105.5,6106.0,6107.5
2025-05-26 01:40:00,4900,6112,6107,6107,6111,6114,6108,6108,6112,6113.0,6107.5,6107.5,6111.5
2025-05-26 01:45:00,5000,6113,6109,6111,6109,6114,6110,6112,6111,6113.5,6109.5,6111.5,6110.0
2025-05-26 01:50:00,2900,6110,6106,6109,6106,6111,6107,6111,6107,6110.5,6106.5,6110.0,6106.5
2025-05-26 01:55:00,4500,6106,6102,6106,6103,6107,6104,6107,6104,6106.5,6103.0,6106.5,6103.5
2025-05-26 02:00:00,8200,6103,6096,6103,6098,6104,6097,6104,6100,6103.5,6096.5,6103.5,6099.0
2025-05-26 02:05:00,2300,6100,6098,6098,6099,6101,6099,6100,6100,6100.5,6098.5,6099.0,6099.5
2025-05-26 02:10:00,6300,6103,6099,6099,6101,6104,6100,6100,6102,6103.5,6099.5,6099.5,6101.5
2025-05-26 02:15:00,6200,6101,6096,6101,6099,6102,6097,6102,6101,6101.5,6096.5,6101.5,6100.0
2025-05-26 02:20:00,8200,6100,6096,6099,6099,6102,6098,6100,6100,6101.0,6097.0,6099.5,6099.5
2025-05-26 02:25:00,13200,6101,6096,6099,6096,6103,6097,6100,6098,6102.0,6096.5,6099.5,6097.0
2025-05-26 02:30:00,4700,,,,,,,,,,,,
2025-05-26 03:30:00,43900,6102,6089,6097,6099,6104,6090,6098,6101,6103.0,6089.5,6097.5,6100.0
2025-05-26 03:35:00,18200,6102,6098,6099,6102,6103,6099,6101,6103,6102.5,6098.5,6100.0,6102.5
2025-05-26 03:40:00,11600,6104,6101,6102,6102,6105,6102,6103,6103,6104.5,6101.5,6102.5,6102.5
2025-05-26 03:45:00,17800,6106,6100,6102,6102,6108,6101,6103,6103,6107.0,6100.5,6102.5,6102.5
2025-05-26 03:50:00,23500,6103,6097,6102,6102,6105,6098,6103,6103,6104.0,6097.5,6102.5,6102.5
2025-05-26 03:55:00,4400,6104,6101,6102,6102,6105,6102,6103,6103,6104.5,6101.5,6102.5,6102.5
2025-05-26 04:00:00,12900,6102,6095,6102,6101,6103,6097,6103,6102,6102.5,6096.0,6102.5,6101.5
2025-05-26 04:05:00,24700,6102,6096,6101,6098,6103,6097,6102,6099,6102.5,6096.5,6101.5,6098.5
2025-05-26 04:10:00,7500,6101,6096,6098,6100,6103,6097,6099,6101,6102.0,6096.5,6098.5,6100.5
2025-05-26 04:15:00,5400,6101,6099,6100,6101,6102,6100,6101,6102,6101.5,6099.5,6100.5,6101.5
2025-05-26 04:20:00,1500,6102,6101,6101,6102,6103,6102,6102,6103,6102.5,6101.5,6101.5,6102.5
2025-05-26 04:25:00,14000,6105,6102,6102,6102,6107,6103,6103,6104,6106.0,6102.5,6102.5,6103.0
2025-05-26 04:30:00,7300,6107,6102,6102,6107,6108,6104,6104,6108,6107.5,6103.0,6103.0,6107.5
2025-05-26 04:35:00,13100,6107,6102,6107,6102,6108,6103,6108,6103,6107.5,6102.5,6107.5,6102.5
2025-05-26 04:40:00,5700,6103,6102,6102,6102,6104,6103,6103,6103,6103.5,6102.5,6102.5,6102.5
2025-05-26 04:45:00,18300,6102,6099,6102,6099,6103,6100,6103,6100,6102.5,6099.5,6102.5,6099.5
2025-05-26 04:50:00,1000,6099,6099,6099,6099,6100,6100,6100,6100,6099.5,6099.5,6099.5,6099.5
2025-05-26 04:55:00,8700,6099,6098,6099,6098,6100,6099,6100,6099,6099.5,6098.5,6099.5,6098.5
2025-05-26 05:00:00,8200,6103,6097,6098,6102,6104,6098,6099,6103,6103.5,6097.5,6098.5,6102.5
2025-05-26 05:05:00,4000,6103,6102,6102,6103,6104,6103,6103,6104,6103.5,6102.5,6102.5,6103.5
2025-05-26 05:10:00,7900,6105,6102,6103,6105,6107,6103,6104,6107,6106.0,6102.5,6103.5,6106.0
2025-05-26 05:15:00,20100,6106,6102,6105,6105,6107,6104,6107,6106,6106.5,6103.0,6106.0,6105.5
2025-05-26 05:20:00,4900,6105,6103,6105,6103,6106,6104,6106,6104,6105.5,6103.5,6105.5,6103.5
2025-05-26 05:25:00,600,6103,6103,6103,6103,6104,6104,6104,6104,6103.5,6103.5,6103.5,6103.5
2025-05-26 05:30:00,10200,6104,6101,6103,6104,6105,6102,6104,6105,6104.5,6101.5,6103.5,6104.5
2025-05-26 05:35:00,18000,6105,6100,6104,6104,6106,6101,6105,6105,6105.5,6100.5,6104.5,6104.5
2025-05-26 05:40:00,13900,6107,6102,6104,6106,6108,6103,6105,6107,6107.5,6102.5,6104.5,6106.5
2025-05-26 05:45:00,9100,6108,6105,6106,6106,6109,6106,6107,6107,6108.5,6105.5,6106.5,6106.5
2025-05-26 05:50:00,16200,6110,6106,6106,6107,6111,6107,6107,6108,6110.5,6106.5,6106.5,6107.5
2025-05-26 05:55:00,17400,6113,6107,6107,6112,6114,6108,6108,6113,6113.5,6107.5,6107.5,6112.5
2025-05-26 06:00:00,27500,6115,6110,6112,6115,6117,6111,6113,6116,6116.0,6110.5,6112.5,6115.5
2025-05-26 06:05:00,27000,6122,6115,6115,6121,6124,6116,6116,6123,6123.0,6115.5,6115.5,6122.0
2025-05-26 06:10:00,25300,6121,6116,6121,6118,6123,6117,6123,6119,6122.0,6116.5,6122.0,6118.5
2025-05-26 06:15:00,31900,6133,6118,6118,6132,6134,6119,6119,6133,6133.5,6118.5,6118.5,6132.5
2025-05-26 06:20:00,34300,6138,6130,6132,6137,6140,6131,6133,6139,6139.0,6130.5,6132.5,6138.0
2025-05-26 06:25:00,,6149,6084,6131,6124,6150,6085,6132,6125,6149.5,6084.5,6131.5,6124.5
2025-05-26 06:30:00,340600,6124,6124,6124,6124,6139,6139,6139,6139,6131.5,6131.5,6131.5,6131.5
2025-05-27 00:00:00,110100,6171,6130,6139,6155,6175,6134,6140,6157,6173.0,6132.5,6139.5,6156.0
2025-05-27 00:05:00,25300,6161,6153,6155,6156,6163,6156,6157,6158,6162.0,6154.5,6156.0,6157.0
2025-05-27 00:10:00,15700,6157,6150,6156,6150,6159,6151,6158,6152,6158.0,6150.5,6157.0,6151.0
2025-05-27 00:15:00,24900,6156,6136,6150,6154,6159,6138,6152,6155,6157.5,6137.0,6151.0,6154.5
2025-05-27 00:20:00,18500,6155,6146,6153,6150,6156,6148,6155,6152,6155.5,6147.0,6154.0,6151.0
2025-05-27 00:25:00,20400,6154,6140,6150,6140,6155,6141,6152,6142,6154.5,6140.5,6151.0,6141.0
2025-05-27 00:30:00,16600,6142,6131,6140,6131,6144,6133,6142,6133,6143.0,6132.0,6141.0,6132.0
2025-05-27 00:35:00,12500,6138,6130,6131,6137,6140,6132,6133,6139,6139.0,6131.0,6132.0,6138.0
2025-05-27 00:40:00,12900,6143,6137,6138,6140,6145,6138,6139,6142,6144.0,6137.5,6138.5,6141.0
2025-05-27 00:45:00,14400,6149,6138,6140,6148,6151,6140,6142,6149,6150.0,6139.0,6141.0,6148.5
2025-05-27 00:50:00,16800,6156,6147,6148,6153,6158,6149,6149,6154,6157.0,6148.0,6148.5,6153.5
2025-05-27 00:55:00,8800,6156,6151,6153,6153,6158,6152,6154,6155,6157.0,6151.5,6153.5,6154.0
2025-05-27 01:00:00,9200,6155,6151,6153,6151,6156,6152,6155,6152,6155.5,6151.5,6154.0,6151.5
2025-05-27 01:05:00,13000,6155,6139,6151,6139,6157,6140,6152,6140,6156.0,6139.5,6151.5,6139.5
2025-05-27 01:10:00,11200,6140,6132,6139,6134,6142,6134,6140,6135,6141.0,6133.0,6139.5,6134.5
2025-05-27 01:15:00,4800,6136,6133,6134,6133,6137,6134,6135,6135,6136.5,6133.5,6134.5,6134.0
2025-05-27 01:20:00,6000,6135,6131,6133,6131,6137,6132,6134,6133,6136.0,6131.5,6133.5,6132.0
2025-05-27 01:25:00,19300,6148,6131,6131,6144,6149,6132,6133,6147,6148.5,6131.5,6132.0,6145.5
2025-05-27 01:30:00,6400,6147,6140,6144,6140,6149,6141,6147,6141,6148.0,6140.5,6145.5,6140.5
2025-05-27 01:35:00,5000,6140,6135,6140,6139,6141,6136,6141,6140,6140.5,6135.5,6140.5,6139.5
2025-05-27 01:40:00,3400,6144,6138,6139,6138,6146,6139,6140,6139,6144.5,6138.5,6139.5,6138.5
2025-05-27 01:45:00,4500,6138,6132,6138,6133,6139,6134,6139,6134,6138.5,6133.0,6138.5,6133.5
2025-05-27 01:50:00,10200,6134,6127,6133,6128,6135,6129,6134,6129,6134.5,6128.0,6133.5,6128.5
2025-05-27 01:55:00,4100,6131,6128,6128,6130,6132,6129,6129,6131,6131.5,6128.5,6128.5,6130.5
2025-05-27 02:00:00,5100,6135,6130,6130,6133,6136,6131,6131,6135,6135.5,6130.5,6130.5,6134.0
2025-05-27 02:05:00,6500,6133,6129,6133,6133,6135,6130,6135,6134,6134.0,6129.5,6134.0,6133.5
2025-05-27 02:10:00,5300,6133,6128,6133,6132,6134,6130,6134,6134,6133.5,6129.0,6133.5,6133.0
2025-05-27 02:15:00,2700,6134,6132,6132,6134,6136,6134,6134,6135,6135.0,6133.0,6133.0,6134.5
2025-05-27 02:20:00,7500,6139,6134,6134,6139,6142,6135,6135,6140,6140.5,6134.5,6134.5,6139.5
2025-05-27 02:25:00,6100,6140,6138,6139,6140,6143,6139,6140,6143,6141.5,6138.5,6139.5,6141.5
2025-05-27 02:30:00,2300,6140,6140,6140,6140,6143,6143,6143,6143,6141.5,6141.5,6141.5,6141.5
2025-05-27 03:30:00,41400,6155,6141,6143,6153,6157,6144,6144,6154,6156.0,6142.5,6143.5,6153.5
2025-05-27 03:35:00,12700,6156,6151,6153,6156,6158,6153,6154,6157,6157.0,6152.0,6153.5,6156.5
2025-05-27 03:40:00,16900,6156,6148,6156,6148,6157,6149,6157,6150,6156.5,6148.5,6156.5,6149.0
2025-05-27 03:45:00,6800,6153,6148,6148,6153,6154,6150,6150,6154,6153.5,6149.0,6149.0,6153.5
2025-05-27 03:50:00,16000,6154,6150,6153,6154,6155,6151,6154,6155,6154.5,6150.5,6153.5,6154.5
2025-05-27 03:55:00,7000,6155,6151,6154,6155,6156,6152,6155,6156,6155.5,6151.5,6154.5,6155.5
2025-05-27 04:00:00,26600,6157,6153,6155,6155,6159,6154,6156,6157,6158.0,6153.5,6155.5,6156.0
2025-05-27 04:05:00,9900,6159,6155,6155,6159,6160,6157,6157,6160,6159.5,6156.0,6156.0,6159.5
2025-05-27 04:10:00,8300,6160,6159,6159,6160,6161,6160,6160,6161,6160.5,6159.5,6159.5,6160.5
2025-05-27 04:15:00,4300,6160,6159,6160,6160,6161,6160,6161,6161,6160.5,6159.5,6160.5,6160.5
2025-05-27 04:20:00,14200,6164,6158,6160,6163,6165,6159,6161,6164,6164.5,6158.5,6160.5,6163.5
2025-05-27 04:25:00,7900,6164,6161,6163,6164,6165,6163,6164,6165,6164.5,6162.0,6163.5,6164.5
2025-05-27 04:30:00,8000,6164,6163,6164,6164,6165,6164,6165,6165,6164.5,6163.5,6164.5,6164.5
2025-05-27 04:35:00,10900,6165,6162,6164,6162,6166,6163,6165,6163,6165.5,6162.5,6164.5,6162.5
2025-05-27 04:40:00,11900,6168,6162,6162,6168,6169,6163,6163,6169,6168.5,6162.5,6162.5,6168.5
2025-05-27 04:45:00,8800,6170,6168,6168,6170,6172,6169,6169,6171,6171.0,6168.5,6168.5,6170.5
2025-05-27 04:50:00,8200,6171,6168,6170,6169,6172,6169,6172,6170,6171.5,6168.5,6171.0,6169.5
2025-05-27 04:55:00,7200,6172,6169,6169,6171,6173,6170,6170,6172,6172.5,6169.5,6169.5,6171.5
2025-05-27 05:00:00,11800,6173,6170,6171,6172,6174,6171,6172,6173,6173.5,6170.5,6171.5,6172.5
2025-05-27 05:05:00,23800,6173,6168,6172,6170,6174,6169,6173,6171,6173.5,6168.5,6172.5,6170.5
2025-05-27 05:10:00,10400,6171,6169,6170,6171,6172,6170,6171,6172,6171.5,6169.5,6170.5,6171.5
2025-05-27 05:15:00,22000,6175,6171,6171,6174,6176,6172,6172,6175,6175.5,6171.5,6171.5,6174.5
2025-05-27 05:20:00,12900,6179,6174,6174,6179,6180,6175,6175,6180,6179.5,6174.5,6174.5,6179.5
2025-05-27 05:25:00,24100,6190,6179,6179,6189,6191,6180,6180,6190,6190.5,6179.5,6179.5,6189.5
2025-05-27 05:30:00,27200,6192,6187,6189,6189,6193,6188,6190,6191,6192.5,6187.5,6189.5,6190.0
2025-05-27 05:35:00,19100,6192,6185,6189,6191,6193,6187,6191,6192,6192.5,6186.0,6190.0,6191.5
2025-05-27 05:40:00,24200,6199,6191,6191,6194,6200,6192,6192,6196,6199.5,6191.5,6191.5,6195.0
2025-05-27 05:45:00,11800,6195,6192,6194,6192,6196,6193,6196,6193,6195.5,6192.5,6195.0,6192.5
2025-05-27 05:50:00,20300,6193,6186,6192,6192,6194,6187,6193,6193,6193.5,6186.5,6192.5,6192.5
2025-05-27 05:55:00,18200,6196,6192,6192,6192,6197,6193,6193,6193,6196.5,6192.5,6192.5,6192.5
2025-05-27 06:00:00,24800,6194,6186,6192,6190,6195,6187,6193,6191,6194.5,6186.5,6192.5,6190.5
2025-05-27 06:05:00,20600,6191,6188,6190,6189,6192,6189,6191,6190,6191.5,6188.5,6190.5,6189.5
2025-05-27 06:10:00,13900,6191,6188,6189,6190,6192,6190,6190,6191,6191.5,6189.0,6189.5,6190.5
2025-05-27 06:15:00,20300,6192,6187,6190,6190,6193,6189,6191,6192,6192.5,6188.0,6190.5,6191.0
2025-05-27 06:20:00,20100,6197,6189,6190,6194,6198,6190,6192,6197,6197.5,6189.5,6191.0,6195.5
2025-05-27 06:25:00,,6197,6071,6197,6176,6198,6072,6198,6177,6197.5,6071.5,6197.5,6176.5
2025-05-27 06:30:00,380300,6175,6175,6175,6175,6178,6178,6178,6178,6176.5,6176.5,6176.5,6176.5
2025-05-28 00:00:00,223100,6255,6211,6216,6240,6257,6216,6216,6243,6256.0,6216.0,6216.0,6241.5
2025-05-28 00:05:00,30600,6245,6234,6240,6239,6248,6235,6243,6241,6246.5,6234.5,6241.5,6240.0
2025-05-28 00:10:00,37400,6244,6236,6239,6237,6245,6238,6241,6239,6244.5,6237.0,6240.0,6238.0
2025-05-28 00:15:00,22800,6242,6224,6237,6229,6244,6225,6239,6232,6243.0,6224.5,6238.0,6230.5
2025-05-28 00:20:00,18600,6236,6223,6229,6223,6238,6224,6232,6225,6237.0,6223.5,6230.5,6224.0
2025-05-28 00:25:00,10200,6229,6223,6223,6223,6230,6224,6225,6224,6229.5,6223.5,6224.0,6223.5
2025-05-28 00:30:00,20400,6226,6216,6223,6217,6227,6217,6224,6218,6226.5,6216.5,6223.5,6217.5
2025-05-28 00:35:00,15100,6223,6217,6217,6220,6224,6218,6218,6222,6223.5,6217.5,6217.5,6221.0
2025-05-28 00:40:00,11900,6222,6215,6220,6218,6223,6217,6222,6219,6222.5,6216.0,6221.0,6218.5
2025-05-28 00:45:00,11100,6222,6218,6218,6219,6223,6219,6219,6220,6222.5,6218.5,6218.5,6219.5
2025-05-28 00:50:00,12100,6223,6216,6219,6218,6224,6218,6220,6219,6223.5,6217.0,6219.5,6218.5
2025-05-28 00:55:00,16500,6220,6210,6217,6215,6222,6211,6219,6217,6221.0,6210.5,6218.0,6216.0
2025-05-28 01:00:00,13000,6222,6215,6215,6222,6223,6217,6217,6223,6222.5,6216.0,6216.0,6222.5
2025-05-28 01:05:00,20000,6231,6219,6222,6231,6233,6221,6223,6233,6232.0,6220.0,6222.5,6232.0
2025-05-28 01:10:00,10000,6236,6229,6231,6234,6238,6231,6233,6235,6237.0,6230.0,6232.0,6234.5
2025-05-28 01:15:00,8100,6234,6230,6234,6232,6235,6231,6235,6234,6234.5,6230.5,6234.5,6233.0
2025-05-28 01:20:00,5700,6233,6222,6232,6223,6234,6223,6234,6224,6233.5,6222.5,6233.0,6223.5
2025-05-28 01:25:00,8200,6228,6223,6223,6225,6229,6224,6224,6227,6228.5,6223.5,6223.5,6226.0
2025-05-28 01:30:00,9500,6226,6219,6225,6222,6227,6220,6227,6223,6226.5,6219.5,6226.0,6222.5
2025-05-28 01:35:00,8100,6227,6219,6222,6220,6228,6221,6223,6222,6227.5,6220.5,6222.5,6221.0
2025-05-28 01:40:00,8000,6225,6220,6220,6225,6226,6222,6222,6226,6225.5,6221.0,6221.0,6225.5
2025-05-28 01:45:00,4000,6226,6222,6225,6226,6227,6224,6226,6227,6226.5,6223.0,6225.5,6226.5
2025-05-28 01:50:00,5300,6226,6221,6226,6222,6227,6222,6227,6223,6226.5,6221.5,6226.5,6222.5
2025-05-28 01:55:00,9500,6224,6218,6222,6224,6226,6220,6223,6226,6225.0,6219.0,6222.5,6225.0
2025-05-28 02:00:00,7400,6226,6220,6224,6220,6227,6221,6226,6221,6226.5,6220.5,6225.0,6220.5
2025-05-28 02:05:00,7500,6222,6216,6220,6221,6224,6217,6221,6222,6222.5,6216.5,6220.5,6221.5
2025-05-28 02:10:00,6800,6223,6217,6221,6218,6224,6219,6222,6219,6223.5,6218.0,6221.5,6218.5
2025-05-28 02:15:00,7000,6219,6213,6218,6213,6220,6216,6219,6216,6219.5,6214.5,6218.5,6214.5
2025-05-28 02:20:00,9600,6217,6213,6213,6217,6218,6214,6215,6218,6217.5,6213.5,6214.0,6217.5
2025-05-28 02:25:00,10000,6224,6217,6217,6221,6226,6218,6218,6223,6225.0,6217.5,6217.5,6222.0
2025-05-28 02:30:00,1200,6220,6220,6220,6220,6223,6223,6223,6223,6221.5,6221.5,6221.5,6221.5
2025-05-28 03:30:00,66300,6242,6223,6225,6229,6243,6225,6226,6231,6242.5,6224.5,6225.5,6230.0
2025-05-28 03:35:00,20100,6231,6222,6229,6226,6232,6224,6231,6228,6231.5,6223.0,6230.0,6227.0
2025-05-28 03:40:00,11600,6227,6221,6226,6223,6228,6223,6228,6224,6227.5,6222.0,6227.0,6223.5
2025-05-28 03:45:00,11000,6228,6223,6223,6227,6229,6224,6224,6228,6228.5,6223.5,6223.5,6227.5
2025-05-28 03:50:00,14800,6231,6225,6227,6228,6232,6226,6228,6229,6231.5,6225.5,6227.5,6228.5
2025-05-28 03:55:00,10200,6228,6225,6228,6227,6229,6226,6229,6228,6228.5,6225.5,6228.5,6227.5
2025-05-28 04:00:00,17300,6231,6227,6227,6229,6232,6228,6228,6230,6231.5,6227.5,6227.5,6229.5
2025-05-28 04:05:00,12400,6229,6225,6229,6225,6230,6226,6230,6226,6229.5,6225.5,6229.5,6225.5
2025-05-28 04:10:00,9600,6227,6223,6225,6224,6228,6224,6226,6225,6227.5,6223.5,6225.5,6224.5
2025-05-28 04:15:00,8400,6226,6224,6224,6226,6227,6225,6225,6227,6226.5,6224.5,6224.5,6226.5
2025-05-28 04:20:00,6300,6226,6224,6226,6224,6227,6225,6227,6225,6226.5,6224.5,6226.5,6224.5
2025-05-28 04:25:00,13800,6224,6216,6224,6218,6225,6217,6225,6219,6224.5,6216.5,6224.5,6218.5
2025-05-28 04:30:00,14100,6220,6216,6218,6216,6221,6217,6219,6217,6220.5,6216.5,6218.5,6216.5
2025-05-28 04:35:00,9100,6216,6212,6216,6214,6217,6214,6217,6215,6216.5,6213.0,6216.5,6214.5
2025-05-28 04:40:00,5700,6217,6214,6214,6216,6218,6215,6215,6217,6217.5,6214.5,6214.5,6216.5
2025-05-28 04:45:00,12500,6216,6211,6216,6211,6217,6212,6217,6212,6216.5,6211.5,6216.5,6211.5
2025-05-28 04:50:00,12200,6214,6210,6211,6213,6215,6211,6212,6214,6214.5,6210.5,6211.5,6213.5
2025-05-28 04:55:00,13100,6214,6208,6213,6210,6215,6209,6214,6211,6214.5,6208.5,6213.5,6210.5
2025-05-28 05:00:00,9000,6211,6209,6210,6210,6212,6210,6211,6211,6211.5,6209.5,6210.5,6210.5
2025-05-28 05:05:00,15800,6212,6208,6210,6208,6213,6209,6211,6209,6212.5,6208.5,6210.5,6208.5
2025-05-28 05:10:00,7900,6210,6208,6208,6209,6212,6209,6209,6210,6211.0,6208.5,6208.5,6209.5
2025-05-28 05:15:00,12000,6211,6209,6209,6210,6212,6210,6210,6211,6211.5,6209.5,6209.5,6210.5
2025-05-28 05:20:00,1900,6211,6210,6210,6211,6212,6211,6211,6212,6211.5,6210.5,6210.5,6211.5
2025-05-28 05:25:00,19300,6212,6209,6211,6212,6213,6210,6212,6213,6212.5,6209.5,6211.5,6212.5
2025-05-28 05:30:00,8900,6214,6212,6212,6214,6215,6213,6213,6215,6214.5,6212.5,6212.5,6214.5
2025-05-28 05:35:00,11300,6214,6210,6214,6212,6215,6211,6215,6213,6214.5,6210.5,6214.5,6212.5
2025-05-28 05:40:00,14100,6213,6210,6212,6213,6214,6211,6213,6214,6213.5,6210.5,6212.5,6213.5
2025-05-28 05:45:00,18600,6214,6210,6213,6212,6215,6211,6214,6213,6214.5,6210.5,6213.5,6212.5
2025-05-28 05:50:00,18900,6212,6204,6212,6206,6213,6206,6213,6207,6212.5,6205.0,6212.5,6206.5
2025-05-28 05:55:00,17100,6211,6206,6206,6209,6212,6207,6207,6210,6211.5,6206.5,6206.5,6209.5
2025-05-28 06:00:00,36600,6211,6192,6209,6196,6213,6194,6210,6198,6212.0,6193.0,6209.5,6197.0
2025-05-28 06:05:00,18200,6206,6196,6196,6203,6207,6198,6198,6204,6206.5,6197.0,6197.0,6203.5
2025-05-28 06:10:00,20600,6209,6202,6203,6207,6210,6203,6204,6208,6209.5,6202.5,6203.5,6207.5
2025-05-28 06:15:00,27200,6207,6201,6207,6201,6208,6202,6208,6203,6207.5,6201.5,6207.5,6202.0
2025-05-28 06:20:00,36400,6203,6196,6201,6198,6205,6197,6203,6200,6204.0,6196.5,6202.0,6199.0
2025-05-28 06:25:00,,6237,6172,6222,6185,6238,6173,6223,6186,6237.5,6172.5,6222.5,6185.5
2025-05-28 06:30:00,452600,6185,6185,6185,6185,6198,6198,6198,6198,6191.5,6191.5,6191.5,6191.5
2025-05-29 00:00:00,148900,6252,6201,6206,6239,6254,6201,6207,6242,6253.0,6201.0,6206.5,6240.5
2025-05-29 00:05:00,56600,6255,6236,6239,6241,6256,6238,6242,6243,6255.5,6237.0,6240.5,6242.0
2025-05-29 00:10:00,25600,6250,6238,6241,6244,6252,6239,6243,6246,6251.0,6238.5,6242.0,6245.0
2025-05-29 00:15:00,29600,6251,6240,6244,6248,6253,6241,6246,6250,6252.0,6240.5,6245.0,6249.0
2025-05-29 00:20:00,23600,6254,6244,6248,6247,6255,6246,6250,6248,6254.5,6245.0,6249.0,6247.5
2025-05-29 00:25:00,23000,6247,6231,6247,6235,6248,6233,6248,6236,6247.5,6232.0,6247.5,6235.5
2025-05-29 00:30:00,20500,6246,6235,6235,6243,6248,6236,6236,6245,6247.0,6235.5,6235.5,6244.0
2025-05-29 00:35:00,25500,6244,6233,6243,6236,6246,6235,6245,6237,6245.0,6234.0,6244.0,6236.5
2025-05-29 00:40:00,22600,6247,6235,6236,6240,6248,6236,6237,6241,6247.5,6235.5,6236.5,6240.5
2025-05-29 00:45:00,28400,6250,6235,6240,6243,6251,6236,6241,6245,6250.5,6235.5,6240.5,6244.0
2025-05-29 00:50:00,31900,6251,6242,6243,6250,6254,6244,6245,6252,6252.5,6243.0,6244.0,6251.0
2025-05-29 00:55:00,26000,6251,6236,6250,6238,6253,6237,6252,6241,6252.0,6236.5,6251.0,6239.5
2025-05-29 01:00:00,13200,6242,6238,6238,6239,6243,6239,6241,6240,6242.5,6238.5,6239.5,6239.5
2025-05-29 01:05:00,20900,6239,6224,6239,6225,6241,6226,6240,6227,6240.0,6225.0,6239.5,6226.0
2025-05-29 01:10:00,23000,6226,6218,6225,6222,6227,6219,6227,6224,6226.5,6218.5,6226.0,6223.0
2025-05-29 01:15:00,9200,6230,6222,6222,6230,6232,6224,6224,6232,6231.0,6223.0,6223.0,6231.0
2025-05-29 01:20:00,7500,6230,6225,6230,6228,6232,6226,6232,6229,6231.0,6225.5,6231.0,6228.5
2025-05-29 01:25:00,10000,6230,6224,6228,6229,6231,6226,6229,6230,6230.5,6225.0,6228.5,6229.5
2025-05-29 01:30:00,21100,6231,6227,6229,6231,6233,6228,6230,6233,6232.0,6227.5,6229.5,6232.0
2025-05-29 01:35:00,10300,6240,6231,6231,6239,6241,6233,6233,6241,6240.5,6232.0,6232.0,6240.0
2025-05-29 01:40:00,26900,6251,6240,6240,6242,6252,6241,6241,6243,6251.5,6240.5,6240.5,6242.5
2025-05-29 01:45:00,17600,6242,6235,6242,6239,6244,6236,6243,6240,6243.0,6235.5,6242.5,6239.5
2025-05-29 01:50:00,12000,6244,6239,6239,6244,6246,6240,6240,6246,6245.0,6239.5,6239.5,6245.0
2025-05-29 01:55:00,14800,6246,6243,6244,6245,6248,6244,6246,6246,6247.0,6243.5,6245.0,6245.5
2025-05-29 02:00:00,10600,6245,6240,6245,6241,6246,6241,6246,6243,6245.5,6240.5,6245.5,6242.0
2025-05-29 02:05:00,14000,6241,6233,6241,6234,6243,6235,6243,6235,6242.0,6234.0,6242.0,6234.5
2025-05-29 02:10:00,42900,6243,6234,6234,6242,6245,6235,6235,6244,6244.0,6234.5,6234.5,6243.0
2025-05-29 02:15:00,10900,6249,6242,6242,6249,6250,6243,6244,6250,6249.5,6242.5,6243.0,6249.5
2025-05-29 02:20:00,12800,6250,6247,6249,6247,6251,6248,6250,6248,6250.5,6247.5,6249.5,6247.5
2025-05-29 02:25:00,29000,6249,6242,6247,6243,6250,6244,6248,6245,6249.5,6243.0,6247.5,6244.0
2025-05-29 02:30:00,2100,6242,6242,6242,6242,6245,6245,6245,6245,6243.5,6243.5,6243.5,6243.5
2025-05-29 03:30:00,89600,6251,6236,6237,6248,6253,6237,6237,6249,6252.0,6237.0,6237.0,6248.5
2025-05-29 03:35:00,34200,6251,6243,6248,6245,6252,6245,6249,6246,6251.5,6244.0,6248.5,6245.5
2025-05-29 03:40:00,14400,6248,6245,6245,6246,6249,6246,6246,6248,6248.5,6245.5,6245.5,6247.0
2025-05-29 03:45:00,11100,6249,6245,6246,6247,6250,6246,6248,6248,6249.5,6245.5,6247.0,6247.5
2025-05-29 03:50:00,27500,6247,6241,6247,6243,6248,6242,6248,6245,6247.5,6241.5,6247.5,6244.0
2025-05-29 03:55:00,12800,6244,6240,6243,6243,6245,6241,6245,6244,6244.5,6240.5,6244.0,6243.5
2025-05-29 04:00:00,11300,6245,6243,6243,6244,6246,6244,6244,6245,6245.5,6243.5,6243.5,6244.5
2025-05-29 04:05:00,16700,6244,6240,6244,6242,6245,6241,6245,6244,6244.5,6240.5,6244.5,6243.0
2025-05-29 04:10:00,40700,6250,6241,6242,6249,6251,6242,6244,6251,6250.5,6241.5,6243.0,6250.0
2025-05-29 04:15:00,7400,6250,6247,6249,6249,6251,6248,6251,6250,6250.5,6247.5,6250.0,6249.5
2025-05-29 04:20:00,32600,6254,6249,6249,6249,6255,6250,6250,6250,6254.5,6249.5,6249.5,6249.5
2025-05-29 04:25:00,8500,6249,6245,6249,6248,6251,6246,6250,6249,6250.0,6245.5,6249.5,6248.5
2025-05-29 04:30:00,31600,6248,6240,6248,6242,6249,6243,6249,6244,6248.5,6241.5,6248.5,6243.0
2025-05-29 04:35:00,8900,6247,6242,6242,6247,6249,6244,6244,6249,6248.0,6243.0,6243.0,6248.0
2025-05-29 04:40:00,2900,6249,6247,6247,6249,6250,6249,6249,6250,6249.5,6248.0,6248.0,6249.5
2025-05-29 04:45:00,8700,6253,6249,6249,6253,6254,6250,6250,6254,6253.5,6249.5,6249.5,6253.5
2025-05-29 04:50:00,28100,6255,6251,6253,6255,6256,6253,6254,6256,6255.5,6252.0,6253.5,6255.5
2025-05-29 04:55:00,56400,6261,6255,6255,6256,6262,6256,6256,6259,6261.5,6255.5,6255.5,6257.5
2025-05-29 05:00:00,12800,6258,6255,6256,6255,6259,6257,6258,6257,6258.5,6256.0,6257.0,6256.0
2025-05-29 05:05:00,33200,6258,6254,6255,6258,6260,6256,6257,6260,6259.0,6255.0,6256.0,6259.0
2025-05-29 05:10:00,10600,6260,6257,6258,6257,6261,6258,6260,6258,6260.5,6257.5,6259.0,6257.5
2025-05-29 05:15:00,26600,6263,6257,6257,6263,6265,6258,6258,6264,6264.0,6257.5,6257.5,6263.5
2025-05-29 05:20:00,18200,6264,6259,6263,6259,6265,6260,6264,6261,6264.5,6259.5,6263.5,6260.0
2025-05-29 05:25:00,9500,6260,6255,6259,6255,6262,6256,6261,6257,6261.0,6255.5,6260.0,6256.0
2025-05-29 05:30:00,15400,6257,6250,6255,6251,6258,6251,6257,6253,6257.5,6250.5,6256.0,6252.0
2025-05-29 05:35:00,15500,6257,6251,6251,6257,6258,6252,6253,6258,6257.5,6251.5,6252.0,6257.5
2025-05-29 05:40:00,14500,6258,6256,6257,6257,6259,6258,6258,6258,6258.5,6257.0,6257.5,6257.5
2025-05-29 05:45:00,18500,6258,6256,6257,6258,6259,6257,6258,6259,6258.5,6256.5,6257.5,6258.5
2025-05-29 05:50:00,16800,6259,6256,6258,6258,6260,6257,6259,6259,6259.5,6256.5,6258.5,6258.5
2025-05-29 05:55:00,40500,6259,6244,6258,6249,6260,6246,6259,6251,6259.5,6245.0,6258.5,6250.0
2025-05-29 06:00:00,14200,6250,6248,6249,6248,6252,6249,6251,6249,6251.0,6248.5,6250.0,6248.5
2025-05-29 06:05:00,24000,6248,6245,6248,6246,6249,6246,6249,6247,6248.5,6245.5,6248.5,6246.5
2025-05-29 06:10:00,17700,6248,6246,6246,6246,6249,6247,6247,6247,6248.5,6246.5,6246.5,6246.5
2025-05-29 06:15:00,24100,6246,6241,6246,6242,6247,6243,6247,6244,6246.5,6242.0,6246.5,6243.0
2025-05-29 06:20:00,28800,6247,6242,6242,6243,6248,6244,6244,6247,6247.5,6243.0,6243.0,6245.0
2025-05-29 06:25:00,,6275,6234,6265,6248,6276,6235,6266,6249,6275.5,6234.5,6265.5,6248.5
2025-05-29 06:30:00,452900,6248,6248,6248,6248,6250,6250,6250,6250,6249.0,6249.0,6249.0,6249.0
2025-05-30 00:00:00,298300,6172,6143,6160,6152,6174,6147,6161,6155,6173.0,6145.0,6160.5,6153.5
2025-05-30 00:05:00,71600,6163,6150,6152,6163,6165,6151,6155,6165,6164.0,6150.5,6153.5,6164.0
2025-05-30 00:10:00,69300,6165,6150,6163,6151,6168,6152,6165,6153,6166.5,6151.0,6164.0,6152.0
2025-05-30 00:15:00,109600,6153,6142,6151,6152,6155,6143,6153,6154,6154.0,6142.5,6152.0,6153.0
2025-05-30 00:20:00,30600,6165,6152,6152,6160,6167,6153,6154,6162,6166.0,6152.5,6153.0,6161.0
2025-05-30 00:25:00,42300,6173,6159,6160,6169,6175,6160,6162,6171,6174.0,6159.5,6161.0,6170.0
2025-05-30 00:30:00,46100,6177,6167,6169,6170,6179,6169,6171,6171,6178.0,6168.0,6170.0,6170.5
2025-05-30 00:35:00,48200,6198,6166,6170,6190,6199,6167,6171,6193,6198.5,6166.5,6170.5,6191.5
2025-05-30 00:40:00,37900,6199,6180,6190,6181,6200,6181,6193,6183,6199.5,6180.5,6191.5,6182.0
2025-05-30 00:45:00,24100,6183,6176,6181,6176,6185,6177,6183,6178,6184.0,6176.5,6182.0,6177.0
2025-05-30 00:50:00,48200,6177,6163,6176,6163,6178,6164,6178,6165,6177.5,6163.5,6177.0,6164.0
2025-05-30 00:55:00,17200,6173,6161,6163,6173,6175,6163,6165,6175,6174.0,6162.0,6164.0,6174.0
2025-05-30 01:00:00,17900,6178,6166,6173,6166,6180,6168,6175,6169,6179.0,6167.0,6174.0,6167.5
2025-05-30 01:05:00,61400,6169,6155,6166,6158,6170,6157,6169,6159,6169.5,6156.0,6167.5,6158.5
2025-05-30 01:10:00,13100,6162,6156,6158,6158,6163,6157,6159,6160,6162.5,6156.5,6158.5,6159.0
2025-05-30 01:15:00,27000,6162,6155,6158,6159,6164,6157,6160,6161,6163.0,6156.0,6159.0,6160.0
2025-05-30 01:20:00,10400,6165,6159,6159,6163,6166,6161,6161,6165,6165.5,6160.0,6160.0,6164.0
2025-05-30 01:25:00,40500,6172,6163,6163,6165,6174,6165,6165,6167,6173.0,6164.0,6164.0,6166.0
2025-05-30 01:30:00,36000,6172,6164,6165,6169,6174,6165,6167,6170,6173.0,6164.5,6166.0,6169.5
2025-05-30 01:35:00,11200,6172,6166,6169,6166,6174,6167,6170,6168,6173.0,6166.5,6169.5,6167.0
2025-05-30 01:40:00,15800,6172,6166,6166,6170,6173,6167,6168,6172,6172.5,6166.5,6167.0,6171.0
2025-05-30 01:45:00,12000,6171,6168,6170,6169,6172,6169,6172,6171,6171.5,6168.5,6171.0,6170.0
2025-05-30 01:50:00,9100,6171,6168,6170,6170,6172,6169,6171,6172,6171.5,6168.5,6170.5,6171.0
2025-05-30 01:55:00,6300,6173,6170,6170,6172,6175,6172,6172,6173,6174.0,6171.0,6171.0,6172.5
2025-05-30 02:00:00,20700,6174,6172,6172,6173,6176,6173,6173,6174,6175.0,6172.5,6172.5,6173.5
2025-05-30 02:05:00,12100,6173,6169,6173,6171,6174,6170,6174,6172,6173.5,6169.5,6173.5,6171.5
2025-05-30 02:10:00,16300,6174,6170,6171,6173,6175,6171,6172,6174,6174.5,6170.5,6171.5,6173.5
2025-05-30 02:15:00,12600,6175,6172,6173,6173,6176,6173,6174,6174,6175.5,6172.5,6173.5,6173.5
2025-05-30 02:20:00,8300,6173,6170,6173,6170,6174,6171,6174,6171,6173.5,6170.5,6173.5,6170.5
2025-05-30 02:25:00,10700,6173,6169,6170,6169,6174,6170,6171,6171,6173.5,6169.5,6170.5,6170.0
2025-05-30 02:30:00,1500,6168,6168,6168,6168,6171,6171,6171,6171,6169.5,6169.5,6169.5,6169.5
2025-05-30 03:30:00,45400,6175,6165,6165,6175,6177,6166,6166,6177,6176.0,6165.5,6165.5,6176.0
2025-05-30 03:35:00,24100,6179,6171,6175,6173,6180,6172,6177,6174,6179.5,6171.5,6176.0,6173.5
2025-05-30 03:40:00,22200,6178,6173,6173,6175,6179,6174,6174,6177,6178.5,6173.5,6173.5,6176.0
2025-05-30 03:45:00,14700,6178,6175,6175,6176,6180,6176,6177,6177,6179.0,6175.5,6176.0,6176.5
2025-05-30 03:50:00,37900,6182,6174,6176,6182,6183,6175,6177,6183,6182.5,6174.5,6176.5,6182.5
2025-05-30 03:55:00,12300,6184,6181,6182,6184,6185,6182,6183,6185,6184.5,6181.5,6182.5,6184.5
2025-05-30 04:00:00,25400,6187,6182,6184,6182,6188,6183,6185,6183,6187.5,6182.5,6184.5,6182.5
2025-05-30 04:05:00,37900,6186,6175,6182,6181,6188,6176,6183,6183,6187.0,6175.5,6182.5,6182.0
2025-05-30 04:10:00,21200,6184,6181,6181,6183,6185,6182,6183,6184,6184.5,6181.5,6182.0,6183.5
2025-05-30 04:15:00,42400,6205,6183,6183,6205,6206,6184,6184,6206,6205.5,6183.5,6183.5,6205.5
2025-05-30 04:20:00,8400,6210,6205,6205,6210,6211,6206,6206,6211,6210.5,6205.5,6205.5,6210.5
2025-05-30 04:25:00,20200,6218,6210,6210,6217,6219,6211,6211,6218,6218.5,6210.5,6210.5,6217.5
2025-05-30 04:30:00,14700,6219,6213,6217,6216,6221,6214,6218,6218,6220.0,6213.5,6217.5,6217.0
2025-05-30 04:35:00,9800,6218,6214,6216,6216,6220,6216,6218,6217,6219.0,6215.5,6217.0,6216.5
2025-05-30 04:40:00,10200,6218,6216,6216,6216,6219,6217,6217,6217,6218.5,6216.5,6216.5,6216.5
2025-05-30 04:45:00,15600,6216,6205,6216,6206,6217,6206,6217,6207,6216.5,6205.5,6216.5,6206.5
2025-05-30 04:50:00,6100,6209,6206,6206,6209,6210,6207,6207,6210,6209.5,6206.5,6206.5,6209.5
2025-05-30 04:55:00,17500,6213,6209,6209,6211,6214,6210,6210,6212,6213.5,6209.5,6209.5,6211.5
2025-05-30 05:00:00,18900,6216,6211,6211,6215,6217,6212,6212,6216,6216.5,6211.5,6211.5,6215.5
2025-05-30 05:05:00,12800,6216,6213,6215,6216,6217,6215,6216,6217,6216.5,6214.0,6215.5,6216.5
2025-05-30 05:10:00,17000,6217,6215,6216,6217,6218,6216,6217,6218,6217.5,6215.5,6216.5,6217.5
2025-05-30 05:15:00,31400,6224,6216,6217,6223,6225,6217,6218,6225,6224.5,6216.5,6217.5,6224.0
2025-05-30 05:20:00,11100,6225,6221,6223,6223,6226,6222,6225,6224,6225.5,6221.5,6224.0,6223.5
2025-05-30 05:25:00,9800,6227,6223,6223,6227,6228,6224,6224,6228,6227.5,6223.5,6223.5,6227.5
2025-05-30 05:30:00,42300,6242,6227,6227,6239,6243,6228,6228,6242,6242.5,6227.5,6227.5,6240.5
2025-05-30 05:35:00,23900,6243,6236,6239,6239,6244,6237,6242,6240,6243.5,6236.5,6240.5,6239.5
2025-05-30 05:40:00,25700,6244,6238,6239,6239,6245,6239,6240,6241,6244.5,6238.5,6239.5,6240.0
2025-05-30 05:45:00,25000,6242,6233,6239,6234,6243,6234,6241,6236,6242.5,6233.5,6240.0,6235.0
2025-05-30 05:50:00,18600,6235,6230,6234,6232,6236,6231,6236,6233,6235.5,6230.5,6235.0,6232.5
2025-05-30 05:55:00,23400,6236,6230,6232,6232,6237,6232,6233,6234,6236.5,6231.0,6232.5,6233.0
2025-05-30 06:00:00,22900,6241,6232,6232,6241,6243,6234,6234,6243,6242.0,6233.0,6233.0,6242.0
2025-05-30 06:05:00,34500,6248,6237,6241,6238,6249,6238,6243,6239,6248.5,6237.5,6242.0,6238.5
2025-05-30 06:10:00,17700,6241,6236,6238,6237,6242,6237,6239,6238,6241.5,6236.5,6238.5,6237.5
2025-05-30 06:15:00,27100,6242,6234,6237,6234,6243,6235,6238,6235,6242.5,6234.5,6237.5,6234.5
2025-05-30 06:20:00,36500,6242,6234,6234,6242,6244,6235,6235,6244,6243.0,6234.5,6234.5,6243.0
2025-05-30 06:25:00,,6331,5929,6299,6215,6332,5930,6300,6216,6331.5,5929.5,6299.5,6215.5
2025-05-30 06:30:00,2352000,6214,6214,6214,6214,6238,6238,6238,6238,6226.0,6226.0,6226.0,6226.0
2025-06-02 00:00:00,288000,6184,6106,6156,6108,6190,6109,6157,6112,6187.0,6107.5,6156.5,6110.0
2025-06-02 00:05:00,129300,6112,6095,6108,6096,6114,6096,6112,6098,6113.0,6095.5,6110.0,6097.0
2025-06-02 00:10:00,102800,6099,6066,6096,6067,6100,6067,6098,6069,6099.5,6066.5,6097.0,6068.0
2025-06-02 00:15:00,81400,6071,6054,6067,6058,6072,6055,6069,6059,6071.5,6054.5,6068.0,6058.5
2025-06-02 00:20:00,57700,6076,6057,6058,6059,6077,6059,6059,6061,6076.5,6058.0,6058.5,6060.0
2025-06-02 00:25:00,77000,6071,6054,6059,6059,6072,6055,6061,6061,6071.5,6054.5,6060.0,6060.0
2025-06-02 00:30:00,91700,6061,6036,6059,6038,6062,6037,6061,6039,6061.5,6036.5,6060.0,6038.5
2025-06-02 00:35:00,39900,6041,6030,6038,6030,6042,6031,6039,6031,6041.5,6030.5,6038.5,6030.5
2025-06-02 00:40:00,60400,6038,6023,6030,6034,6040,6024,6031,6035,6039.0,6023.5,6030.5,6034.5
2025-06-02 00:45:00,51900,6046,6028,6034,6029,6047,6029,6035,6030,6046.5,6028.5,6034.5,6029.5
2025-06-02 00:50:00,44400,6029,6017,6029,6020,6030,6018,6030,6021,6029.5,6017.5,6029.5,6020.5
2025-06-02 00:55:00,22500,6027,6018,6020,6026,6028,6019,6021,6027,6027.5,6018.5,6020.5,6026.5
2025-06-02 01:00:00,36300,6040,6026,6026,6039,6041,6027,6027,6041,6040.5,6026.5,6026.5,6040.0
2025-06-02 01:05:00,27700,6043,6036,6039,6038,6044,6037,6041,6039,6043.5,6036.5,6040.0,6038.5
2025-06-02 01:10:00,21100,6042,6032,6038,6041,6043,6034,6039,6043,6042.5,6033.5,6038.5,6042.0
2025-06-02 01:15:00,15700,6042,6035,6041,6038,6043,6036,6043,6039,6042.5,6035.5,6042.0,6038.5
2025-06-02 01:20:00,20800,6041,6034,6038,6035,6042,6036,6039,6036,6041.5,6035.0,6038.5,6035.5
2025-06-02 01:25:00,31500,6037,6023,6035,6023,6038,6024,6036,6024,6037.5,6023.5,6035.5,6023.5
2025-06-02 01:30:00,21200,6026,6022,6023,6023,6027,6023,6024,6024,6026.5,6022.5,6023.5,6023.5
2025-06-02 01:35:00,17500,6024,6020,6023,6023,6025,6021,6024,6025,6024.5,6020.5,6023.5,6024.0
2025-06-02 01:40:00,16600,6024,6021,6023,6024,6025,6022,6025,6025,6024.5,6021.5,6024.0,6024.5
2025-06-02 01:45:00,9600,6028,6022,6024,6026,6029,6023,6025,6027,6028.5,6022.5,6024.5,6026.5
2025-06-02 01:50:00,19100,6030,6025,6026,6029,6031,6026,6027,6030,6030.5,6025.5,6026.5,6029.5
2025-06-02 01:55:00,14700,6033,6029,6029,6033,6034,6030,6030,6034,6033.5,6029.5,6029.5,6033.5
2025-06-02 02:00:00,13100,6036,6030,6033,6033,6037,6032,6034,6034,6036.5,6031.0,6033.5,6033.5
2025-06-02 02:05:00,8600,6035,6030,6033,6030,6036,6031,6034,6031,6035.5,6030.5,6033.5,6030.5
2025-06-02 02:10:00,15600,6037,6030,6030,6035,6039,6031,6031,6037,6038.0,6030.5,6030.5,6036.0
2025-06-02 02:15:00,11100,6037,6033,6035,6033,6039,6034,6037,6034,6038.0,6033.5,6036.0,6033.5
2025-06-02 02:20:00,12100,6034,6031,6033,6032,6036,6032,6034,6033,6035.0,6031.5,6033.5,6032.5
2025-06-02 02:25:00,26000,6033,6028,6032,6028,6034,6030,6033,6030,6033.5,6029.0,6032.5,6029.0
2025-06-02 02:30:00,35800,6026,6026,6026,6026,6030,6030,6030,6030,6028.0,6028.0,6028.0,6028.0
2025-06-02 03:30:00,156100,6020,6010,6019,6010,6023,6011,6020,6011,6021.5,6010.5,6019.5,6010.5
2025-06-02 03:35:00,42100,6011,6006,6010,6007,6012,6007,6011,6008,6011.5,6006.5,6010.5,6007.5
2025-06-02 03:40:00,27100,6014,6005,6007,6014,6015,6006,6008,6015,6014.5,6005.5,6007.5,6014.5
2025-06-02 03:45:00,17500,6014,6010,6014,6011,6015,6011,6015,6012,6014.5,6010.5,6014.5,6011.5
2025-06-02 03:50:00,33000,6011,6003,6011,6003,6012,6004,6012,6004,6011.5,6003.5,6011.5,6003.5
2025-06-02 03:55:00,128700,6003,5996,6003,5998,6004,5997,6004,5999,6003.5,5996.5,6003.5,5998.5
2025-06-02 04:00:00,39800,6001,5996,5998,5996,6002,5997,5999,5997,6001.5,5996.5,5998.5,5996.5
2025-06-02 04:05:00,27400,5998,5996,5996,5996,5999,5997,5997,5997,5998.5,5996.5,5996.5,5996.5
2025-06-02 04:10:00,39800,5998,5995,5996,5997,5999,5996,5997,5998,5998.5,5995.5,5996.5,5997.5
2025-06-02 04:15:00,19500,6002,5997,5997,6002,6003,5998,5998,6003,6002.5,5997.5,5997.5,6002.5
2025-06-02 04:20:00,14800,6004,6002,6002,6002,6005,6003,6003,6003,6004.5,6002.5,6002.5,6002.5
2025-06-02 04:25:00,25100,6004,6000,6002,6002,6005,6001,6003,6003,6004.5,6000.5,6002.5,6002.5
2025-06-02 04:30:00,20000,6002,6000,6002,6002,6003,6001,6003,6003,6002.5,6000.5,6002.5,6002.5
2025-06-02 04:35:00,34700,6002,5996,6002,5996,6003,5997,6003,5997,6002.5,5996.5,6002.5,5996.5
2025-06-02 04:40:00,54800,5999,5992,5996,5993,6000,5993,5997,5994,5999.5,5992.5,5996.5,5993.5
2025-06-02 04:45:00,15700,5996,5992,5993,5996,5997,5993,5994,5997,5996.5,5992.5,5993.5,5996.5
2025-06-02 04:50:00,34600,6002,5993,5996,6002,6004,5994,5997,6003,6003.0,5993.5,5996.5,6002.5
2025-06-02 04:55:00,25200,6003,5992,6002,5993,6004,5993,6003,5994,6003.5,5992.5,6002.5,5993.5
2025-06-02 05:00:00,80000,5995,5985,5993,5986,5996,5986,5994,5988,5995.5,5985.5,5993.5,5987.0
2025-06-02 05:05:00,25500,5987,5983,5986,5984,5988,5984,5988,5985,5987.5,5983.5,5987.0,5984.5
2025-06-02 05:10:00,34500,5985,5981,5984,5981,5986,5982,5985,5982,5985.5,5981.5,5984.5,5981.5
2025-06-02 05:15:00,46200,5984,5980,5981,5984,5985,5981,5982,5985,5984.5,5980.5,5981.5,5984.5
2025-06-02 05:20:00,26900,5988,5981,5984,5982,5989,5982,5985,5984,5988.5,5981.5,5984.5,5983.0
2025-06-02 05:25:00,21100,5984,5981,5982,5984,5985,5982,5984,5985,5984.5,5981.5,5983.0,5984.5
2025-06-02 05:30:00,79600,5986,5979,5984,5980,5987,5980,5985,5981,5986.5,5979.5,5984.5,5980.5
2025-06-02 05:35:00,61300,5980,5968,5980,5970,5982,5969,5981,5971,5981.0,5968.5,5980.5,5970.5
2025-06-02 05:40:00,36000,5974,5970,5970,5972,5975,5971,5971,5973,5974.5,5970.5,5970.5,5972.5
2025-06-02 05:45:00,35600,5976,5972,5972,5975,5977,5973,5973,5976,5976.5,5972.5,5972.5,5975.5
2025-06-02 05:50:00,62200,5983,5974,5975,5983,5985,5975,5976,5984,5984.0,5974.5,5975.5,5983.5
2025-06-02 05:55:00,60800,5987,5981,5983,5986,5988,5982,5984,5988,5987.5,5981.5,5983.5,5987.0
2025-06-02 06:00:00,51100,5989,5976,5986,5977,5990,5977,5988,5978,5989.5,5976.5,5987.0,5977.5
2025-06-02 06:05:00,43800,5980,5975,5977,5979,5981,5976,5978,5980,5980.5,5975.5,5977.5,5979.5
2025-06-02 06:10:00,46000,5984,5976,5979,5977,5985,5977,5980,5978,5984.5,5976.5,5979.5,5977.5
2025-06-02 06:15:00,71600,5981,5976,5977,5978,5982,5977,5978,5980,5981.5,5976.5,5977.5,5979.0
2025-06-02 06:20:00,101300,5982,5975,5978,5977,5983,5976,5979,5979,5982.5,5975.5,5978.5,5978.0
2025-06-02 06:25:00,,5970,5846,5970,5965,5971,5846,5971,5966,5970.5,5846.0,5970.5,5965.5
2025-06-02 06:30:00,697600,5964,5964,5964,5964,5968,5968,5968,5968,5966.0,5966.0,5966.0,5966.0
2025-06-03 00:00:00,304900,6000,5970,5970,5971,6002,5971,5971,5973,6000.5,5970.5,5970.5,5972.0
2025-06-03 00:05:00,103400,5982,5964,5971,5967,5985,5965,5973,5969,5983.5,5964.5,5972.0,5968.0
2025-06-03 00:10:00,83800,5973,5959,5967,5967,5975,5960,5969,5969,5974.0,5959.5,5968.0,5968.0
2025-06-03 00:15:00,49500,5978,5967,5967,5967,5979,5968,5969,5968,5978.5,5967.5,5968.0,5967.5
2025-06-03 00:20:00,47800,5969,5956,5967,5966,5970,5957,5968,5968,5969.5,5956.5,5967.5,5967.0
2025-06-03 00:25:00,33400,5966,5959,5966,5961,5968,5961,5968,5963,5967.0,5960.0,5967.0,5962.0
2025-06-03 00:30:00,58600,5984,5961,5961,5974,5986,5962,5963,5976,5985.0,5961.5,5962.0,5975.0
2025-06-03 00:35:00,28500,5979,5972,5974,5979,5981,5973,5976,5980,5980.0,5972.5,5975.0,5979.5
2025-06-03 00:40:00,20300,5984,5978,5979,5978,5985,5979,5980,5979,5984.5,5978.5,5979.5,5978.5
2025-06-03 00:45:00,32200,5982,5975,5978,5979,5983,5976,5979,5980,5982.5,5975.5,5978.5,5979.5
2025-06-03 00:50:00,32100,5985,5978,5979,5985,5986,5979,5980,5986,5985.5,5978.5,5979.5,5985.5
2025-06-03 00:55:00,20800,5985,5977,5985,5977,5986,5978,5986,5978,5985.5,5977.5,5985.5,5977.5
2025-06-03 01:00:00,50800,5982,5969,5977,5969,5983,5970,5978,5970,5982.5,5969.5,5977.5,5969.5
2025-06-03 01:05:00,32700,5976,5968,5969,5974,5978,5970,5970,5975,5977.0,5969.0,5969.5,5974.5
2025-06-03 01:10:00,21100,5982,5974,5974,5979,5983,5975,5975,5980,5982.5,5974.5,5974.5,5979.5
2025-06-03 01:15:00,24400,5980,5969,5979,5972,5981,5970,5980,5974,5980.5,5969.5,5979.5,5973.0
2025-06-03 01:20:00,25800,5979,5972,5972,5979,5980,5973,5974,5980,5979.5,5972.5,5973.0,5979.5
2025-06-03 01:25:00,13900,5980,5976,5979,5978,5981,5977,5980,5979,5980.5,5976.5,5979.5,5978.5
2025-06-03 01:30:00,16700,5980,5977,5978,5979,5981,5978,5979,5980,5980.5,5977.5,5978.5,5979.5
2025-06-03 01:35:00,14400,5982,5976,5979,5977,5983,5977,5980,5978,5982.5,5976.5,5979.5,5977.5
2025-06-03 01:40:00,26600,5982,5975,5977,5982,5983,5977,5978,5983,5982.5,5976.0,5977.5,5982.5
2025-06-03 01:45:00,20000,5986,5980,5982,5983,5988,5981,5983,5984,5987.0,5980.5,5982.5,5983.5
2025-06-03 01:50:00,25500,5989,5983,5983,5987,5991,5984,5984,5988,5990.0,5983.5,5983.5,5987.5
2025-06-03 01:55:00,20500,5994,5987,5987,5991,5995,5988,5988,5992,5994.5,5987.5,5987.5,5991.5
2025-06-03 02:00:00,16500,5991,5984,5991,5986,5992,5985,5992,5987,5991.5,5984.5,5991.5,5986.5
2025-06-03 02:05:00,11500,5986,5983,5986,5983,5987,5984,5987,5984,5986.5,5983.5,5986.5,5983.5
2025-06-03 02:10:00,18300,5985,5982,5983,5983,5986,5983,5984,5984,5985.5,5982.5,5983.5,5983.5
2025-06-03 02:15:00,14700,5983,5978,5983,5978,5984,5980,5984,5980,5983.5,5979.0,5983.5,5979.0
2025-06-03 02:20:00,15100,5982,5978,5978,5980,5983,5979,5980,5982,5982.5,5978.5,5979.0,5981.0
2025-06-03 02:25:00,42100,5982,5974,5980,5976,5983,5975,5982,5978,5982.5,5974.5,5981.0,5977.0
2025-06-03 02:30:00,4600,5974,5974,5974,5974,5978,5978,5978,5978,5976.0,5976.0,5976.0,5976.0
2025-06-03 03:30:00,140600,5979,5958,5968,5964,5983,5961,5968,5965,5980.0,5959.5,5968.0,5964.5
2025-06-03 03:35:00,60700,5974,5964,5964,5969,5976,5965,5965,5970,5975.0,5964.5,5964.5,5969.5
2025-06-03 03:40:00,35100,5976,5969,5969,5976,5977,5970,5970,5977,5976.5,5969.5,5969.5,5976.5
2025-06-03 03:45:00,33900,5978,5972,5976,5972,5979,5974,5977,5974,5978.5,5973.0,5976.5,5973.0
2025-06-03 03:50:00,34900,5972,5967,5972,5969,5974,5968,5974,5970,5973.0,5967.5,5973.0,5969.5
2025-06-03 03:55:00,43000,5975,5968,5969,5968,5976,5969,5970,5969,5975.5,5968.5,5969.5,5968.5
2025-06-03 04:00:00,37700,5970,5964,5968,5964,5972,5965,5969,5965,5971.0,5964.5,5968.5,5964.5
2025-06-03 04:05:00,35800,5964,5960,5964,5960,5965,5961,5965,5961,5964.5,5960.5,5964.5,5960.5
2025-06-03 04:10:00,27200,5960,5956,5960,5957,5961,5957,5961,5958,5960.5,5956.5,5960.5,5957.5
2025-06-03 04:15:00,30300,5957,5953,5957,5953,5958,5954,5958,5954,5957.5,5953.5,5957.5,5953.5
2025-06-03 04:20:00,32400,5954,5951,5953,5954,5955,5952,5954,5955,5954.5,5951.5,5953.5,5954.5
2025-06-03 04:25:00,60500,5961,5954,5954,5959,5963,5955,5955,5960,5962.0,5954.5,5954.5,5959.5
2025-06-03 04:30:00,56700,5961,5958,5959,5961,5963,5959,5960,5963,5962.0,5958.5,5959.5,5962.0
2025-06-03 04:35:00,34700,5962,5957,5961,5958,5963,5958,5963,5959,5962.5,5957.5,5962.0,5958.5
2025-06-03 04:40:00,47100,5962,5954,5958,5955,5963,5956,5959,5956,5962.5,5955.0,5958.5,5955.5
2025-06-03 04:45:00,24900,5957,5954,5955,5954,5959,5955,5956,5955,5958.0,5954.5,5955.5,5954.5
2025-06-03 04:50:00,38400,5954,5950,5954,5950,5955,5951,5955,5952,5954.5,5950.5,5954.5,5951.0
2025-06-03 04:55:00,24100,5955,5950,5950,5955,5956,5951,5952,5956,5955.5,5950.5,5951.0,5955.5
2025-06-03 05:00:00,47400,5964,5953,5955,5962,5965,5955,5956,5963,5964.5,5954.0,5955.5,5962.5
2025-06-03 05:05:00,47300,5966,5962,5962,5964,5967,5963,5963,5965,5966.5,5962.5,5962.5,5964.5
2025-06-03 05:10:00,28100,5966,5961,5964,5961,5967,5962,5965,5963,5966.5,5961.5,5964.5,5962.0
2025-06-03 05:15:00,21200,5963,5960,5961,5963,5964,5961,5963,5964,5963.5,5960.5,5962.0,5963.5
2025-06-03 05:20:00,24600,5964,5958,5963,5958,5965,5959,5964,5959,5964.5,5958.5,5963.5,5958.5
2025-06-03 05:25:00,42700,5961,5957,5958,5959,5963,5958,5959,5960,5962.0,5957.5,5958.5,5959.5
2025-06-03 05:30:00,46700,5962,5959,5959,5960,5963,5960,5960,5961,5962.5,5959.5,5959.5,5960.5
2025-06-03 05:35:00,65500,5962,5953,5960,5955,5964,5954,5961,5956,5963.0,5953.5,5960.5,5955.5
2025-06-03 05:40:00,41200,5958,5953,5955,5956,5960,5954,5956,5957,5959.0,5953.5,5955.5,5956.5
2025-06-03 05:45:00,51500,5958,5950,5956,5952,5960,5951,5957,5953,5959.0,5950.5,5956.5,5952.5
2025-06-03 05:50:00,44800,5956,5951,5952,5956,5957,5952,5953,5957,5956.5,5951.5,5952.5,5956.5
2025-06-03 05:55:00,32400,5957,5954,5956,5955,5958,5955,5957,5956,5957.5,5954.5,5956.5,5955.5
2025-06-03 06:00:00,65700,5959,5954,5955,5955,5960,5955,5956,5956,5959.5,5954.5,5955.5,5955.5
2025-06-03 06:05:00,52500,5959,5953,5955,5959,5960,5954,5956,5960,5959.5,5953.5,5955.5,5959.5
2025-06-03 06:10:00,39700,5965,5959,5959,5963,5966,5960,5960,5964,5965.5,5959.5,5959.5,5963.5
2025-06-03 06:15:00,51200,5968,5963,5963,5967,5969,5964,5964,5968,5968.5,5963.5,5963.5,5967.5
2025-06-03 06:20:00,57200,5969,5964,5967,5967,5970,5965,5968,5969,5969.5,5964.5,5967.5,5968.0
2025-06-03 06:25:00,,5986,5949,5974,5975,5987,5950,5975,5976,5986.5,5949.5,5974.5,5975.5
2025-06-03 06:30:00,567100,5970,5970,5970,5970,5976,5976,5976,5976,5973.0,5973.0,5973.0,5973.0
2025-06-04 00:00:00,291000,5955,5933,5942,5937,5958,5935,5942,5940,5956.5,5934.0,5942.0,5938.5
2025-06-04 00:05:00,97000,5948,5926,5937,5948,5949,5928,5940,5949,5948.5,5927.0,5938.5,5948.5
2025-06-04 00:10:00,57800,5955,5933,5948,5934,5957,5934,5949,5936,5956.0,5933.5,5948.5,5935.0
2025-06-04 00:15:00,46600,5943,5932,5934,5933,5945,5933,5936,5935,5944.0,5932.5,5935.0,5934.0
2025-06-04 00:20:00,68400,5934,5918,5933,5923,5935,5919,5935,5924,5934.5,5918.5,5934.0,5923.5
2025-06-04 00:25:00,40600,5934,5921,5923,5927,5936,5923,5924,5928,5935.0,5922.0,5923.5,5927.5
2025-06-04 00:30:00,31700,5940,5925,5927,5937,5941,5926,5928,5939,5940.5,5925.5,5927.5,5938.0
2025-06-04 00:35:00,39200,5939,5927,5937,5927,5940,5929,5939,5929,5939.5,5928.0,5938.0,5928.0
2025-06-04 00:40:00,45100,5928,5916,5927,5917,5929,5918,5929,5919,5928.5,5917.0,5928.0,5918.0
2025-06-04 00:45:00,42100,5922,5912,5917,5922,5923,5914,5919,5923,5922.5,5913.0,5918.0,5922.5
2025-06-04 00:50:00,23900,5926,5920,5922,5925,5928,5921,5923,5926,5927.0,5920.5,5922.5,5925.5
2025-06-04 00:55:00,12900,5926,5923,5925,5924,5927,5924,5926,5925,5926.5,5923.5,5925.5,5924.5
2025-06-04 01:00:00,37400,5938,5924,5924,5929,5939,5925,5925,5931,5938.5,5924.5,5924.5,5930.0
2025-06-04 01:05:00,17000,5930,5923,5929,5924,5931,5924,5930,5925,5930.5,5923.5,5929.5,5924.5
2025-06-04 01:10:00,15100,5927,5922,5924,5926,5928,5923,5925,5928,5927.5,5922.5,5924.5,5927.0
2025-06-04 01:15:00,22200,5929,5920,5926,5921,5930,5921,5928,5923,5929.5,5920.5,5927.0,5922.0
2025-06-04 01:20:00,6700,5923,5921,5921,5923,5925,5922,5923,5924,5924.0,5921.5,5922.0,5923.5
2025-06-04 01:25:00,15500,5926,5922,5923,5926,5927,5923,5924,5927,5926.5,5922.5,5923.5,5926.5
2025-06-04 01:30:00,52900,5932,5924,5926,5930,5934,5926,5927,5931,5932.5,5925.0,5926.5,5930.5
2025-06-04 01:35:00,10200,5935,5930,5930,5934,5936,5931,5931,5935,5935.5,5930.5,5930.5,5934.5
2025-06-04 01:40:00,32800,5946,5934,5934,5938,5948,5935,5935,5940,5947.0,5934.5,5934.5,5939.0
2025-06-04 01:45:00,26500,5951,5938,5938,5946,5953,5940,5940,5947,5952.0,5939.0,5939.0,5946.5
2025-06-04 01:50:00,16800,5946,5937,5946,5937,5947,5938,5947,5939,5946.5,5937.5,5946.5,5938.0
2025-06-04 01:55:00,13400,5944,5937,5937,5943,5945,5939,5939,5944,5944.5,5938.0,5938.0,5943.5
2025-06-04 02:00:00,11800,5945,5936,5943,5937,5946,5938,5944,5938,5945.5,5937.0,5943.5,5937.5
2025-06-04 02:05:00,8800,5939,5935,5937,5937,5940,5936,5938,5939,5939.5,5935.5,5937.5,5938.0
2025-06-04 02:10:00,12000,5941,5937,5937,5941,5942,5938,5939,5942,5941.5,5937.5,5938.0,5941.5
2025-06-04 02:15:00,22200,5942,5932,5941,5933,5943,5933,5942,5934,5942.5,5932.5,5941.5,5933.5
2025-06-04 02:20:00,12700,5943,5933,5933,5943,5944,5934,5934,5944,5943.5,5933.5,5933.5,5943.5
2025-06-04 02:25:00,22800,5945,5941,5943,5942,5946,5942,5944,5944,5945.5,5941.5,5943.5,5943.0
2025-06-04 02:30:00,35500,5942,5942,5942,5942,5950,5950,5950,5950,5946.0,5946.0,5946.0,5946.0
2025-06-04 03:30:00,105400,5951,5940,5943,5940,5954,5941,5945,5941,5952.5,5940.5,5944.0,5940.5
2025-06-04 03:35:00,28600,5941,5935,5940,5937,5942,5936,5941,5938,5941.5,5935.5,5940.5,5937.5
2025-06-04 03:40:00,26600,5940,5933,5937,5933,5941,5934,5938,5935,5940.5,5933.5,5937.5,5934.0
2025-06-04 03:45:00,24500,5937,5933,5933,5935,5938,5935,5935,5936,5937.5,5934.0,5934.0,5935.5
2025-06-04 03:50:00,18000,5937,5934,5935,5937,5938,5935,5936,5938,5937.5,5934.5,5935.5,5937.5
2025-06-04 03:55:00,31500,5943,5937,5937,5939,5944,5938,5938,5940,5943.5,5937.5,5937.5,5939.5
2025-06-04 04:00:00,21500,5942,5938,5939,5940,5943,5939,5940,5942,5942.5,5938.5,5939.5,5941.0
2025-06-04 04:05:00,11400,5940,5938,5940,5939,5941,5939,5941,5940,5940.5,5938.5,5940.5,5939.5
2025-06-04 04:10:00,18400,5939,5936,5939,5937,5940,5937,5940,5938,5939.5,5936.5,5939.5,5937.5
2025-06-04 04:15:00,16400,5938,5936,5937,5936,5939,5937,5938,5937,5938.5,5936.5,5937.5,5936.5
2025-06-04 04:20:00,21400,5938,5935,5936,5935,5939,5936,5937,5936,5938.5,5935.5,5936.5,5935.5
2025-06-04 04:25:00,13800,5937,5935,5935,5937,5939,5936,5936,5938,5938.0,5935.5,5935.5,5937.5
2025-06-04 04:30:00,18900,5941,5937,5937,5939,5942,5938,5938,5940,5941.5,5937.5,5937.5,5939.5
2025-06-04 04:35:00,19000,5943,5939,5939,5941,5944,5940,5940,5942,5943.5,5939.5,5939.5,5941.5
2025-06-04 04:40:00,11200,5942,5940,5941,5941,5943,5941,5942,5942,5942.5,5940.5,5941.5,5941.5
2025-06-04 04:45:00,33400,5950,5941,5941,5944,5951,5942,5942,5945,5950.5,5941.5,5941.5,5944.5
2025-06-04 04:50:00,11500,5946,5941,5944,5943,5948,5942,5945,5944,5947.0,5941.5,5944.5,5943.5
2025-06-04 04:55:00,17300,5945,5942,5943,5944,5946,5943,5944,5945,5945.5,5942.5,5943.5,5944.5
2025-06-04 05:00:00,21300,5946,5943,5944,5946,5947,5944,5945,5947,5946.5,5943.5,5944.5,5946.5
2025-06-04 05:05:00,20900,5949,5946,5946,5947,5950,5947,5947,5948,5949.5,5946.5,5946.5,5947.5
2025-06-04 05:10:00,17200,5948,5944,5947,5945,5949,5945,5948,5946,5948.5,5944.5,5947.5,5945.5
2025-06-04 05:15:00,18800,5946,5943,5945,5945,5947,5944,5946,5946,5946.5,5943.5,5945.5,5945.5
2025-06-04 05:20:00,18400,5950,5945,5945,5949,5951,5946,5946,5950,5950.5,5945.5,5945.5,5949.5
2025-06-04 05:25:00,20600,5951,5948,5949,5950,5952,5949,5950,5951,5951.5,5948.5,5949.5,5950.5
2025-06-04 05:30:00,42800,5957,5950,5950,5953,5958,5951,5951,5954,5957.5,5950.5,5950.5,5953.5
2025-06-04 05:35:00,37300,5957,5953,5953,5955,5958,5954,5954,5956,5957.5,5953.5,5953.5,5955.5
2025-06-04 05:40:00,41100,5959,5955,5955,5956,5960,5956,5956,5957,5959.5,5955.5,5955.5,5956.5
2025-06-04 05:45:00,39000,5962,5950,5956,5950,5964,5952,5957,5952,5963.0,5951.0,5956.5,5951.0
2025-06-04 05:50:00,19100,5955,5950,5950,5955,5956,5952,5952,5956,5955.5,5951.0,5951.0,5955.5
2025-06-04 05:55:00,26900,5956,5953,5955,5954,5957,5954,5956,5955,5956.5,5953.5,5955.5,5954.5
2025-06-04 06:00:00,31000,5958,5952,5954,5952,5959,5953,5955,5953,5958.5,5952.5,5954.5,5952.5
2025-06-04 06:05:00,26600,5955,5952,5952,5952,5956,5953,5953,5953,5955.5,5952.5,5952.5,5952.5
2025-06-04 06:10:00,28700,5954,5950,5952,5950,5955,5951,5953,5951,5954.5,5950.5,5952.5,5950.5
2025-06-04 06:15:00,25500,5953,5950,5950,5953,5955,5951,5951,5954,5954.0,5950.5,5950.5,5953.5
2025-06-04 06:20:00,52100,5953,5945,5953,5946,5954,5946,5954,5948,5953.5,5945.5,5953.5,5947.0
2025-06-04 06:25:00,,5972,5890,5972,5923,5973,5891,5973,5924,5972.5,5890.5,5972.5,5923.5
2025-06-04 06:30:00,824700,5922,5922,5922,5922,5946,5946,5946,5946,5934.0,5934.0,5934.0,5934.0
2025-06-05 00:00:00,350800,5860,5834,5850,5838,5870,5836,5851,5840,5862.5,5835.0,5850.5,5839.0
2025-06-05 00:05:00,123300,5852,5826,5838,5840,5853,5827,5840,5842,5852.5,5826.5,5839.0,5841.0
2025-06-05 00:10:00,61900,5842,5827,5840,5833,5844,5828,5842,5835,5843.0,5827.5,5841.0,5834.0
2025-06-05 00:15:00,51400,5841,5830,5833,5835,5844,5832,5835,5836,5842.5,5831.0,5834.0,5835.5
2025-06-05 00:20:00,67500,5840,5828,5835,5837,5842,5830,5836,5838,5841.0,5829.0,5835.5,5837.5
2025-06-05 00:25:00,30600,5845,5836,5837,5841,5846,5837,5838,5843,5845.5,5836.5,5837.5,5842.0
2025-06-05 00:30:00,35900,5845,5837,5841,5845,5846,5839,5843,5846,5845.5,5838.0,5842.0,5845.5
2025-06-05 00:35:00,29500,5856,5839,5845,5850,5857,5840,5846,5851,5856.5,5839.5,5845.5,5850.5
2025-06-05 00:40:00,19800,5851,5840,5850,5842,5852,5841,5851,5843,5851.5,5840.5,5850.5,5842.5
2025-06-05 00:45:00,29900,5846,5839,5842,5843,5848,5840,5843,5845,5847.0,5839.5,5842.5,5844.0
2025-06-05 00:50:00,26000,5847,5840,5843,5844,5848,5841,5845,5845,5847.5,5840.5,5844.0,5844.5
2025-06-05 00:55:00,23300,5846,5842,5844,5846,5848,5843,5845,5847,5847.0,5842.5,5844.5,5846.5
2025-06-05 01:00:00,24000,5858,5846,5846,5857,5859,5847,5847,5858,5858.5,5846.5,5846.5,5857.5
2025-06-05 01:05:00,24300,5861,5853,5857,5860,5862,5854,5858,5861,5861.5,5853.5,5857.5,5860.5
2025-06-05 01:10:00,18000,5861,5855,5860,5858,5862,5857,5861,5860,5861.5,5856.0,5860.5,5859.0
2025-06-05 01:15:00,13200,5863,5858,5858,5860,5864,5860,5860,5861,5863.5,5859.0,5859.0,5860.5
2025-06-05 01:20:00,17800,5864,5855,5860,5863,5865,5856,5861,5865,5864.5,5855.5,5860.5,5864.0
2025-06-05 01:25:00,10600,5865,5858,5863,5861,5866,5859,5865,5862,5865.5,5858.5,5864.0,5861.5
2025-06-05 01:30:00,10700,5863,5860,5861,5860,5864,5861,5862,5861,5863.5,5860.5,5861.5,5860.5
2025-06-05 01:35:00,11200,5861,5855,5860,5861,5862,5856,5861,5862,5861.5,5855.5,5860.5,5861.5
2025-06-05 01:40:00,10600,5861,5855,5861,5856,5862,5856,5862,5857,5861.5,5855.5,5861.5,5856.5
2025-06-05 01:45:00,11200,5859,5855,5856,5856,5860,5856,5857,5858,5859.5,5855.5,5856.5,5857.0
2025-06-05 01:50:00,11600,5857,5851,5856,5852,5858,5853,5858,5854,5857.5,5852.5,5857.0,5853.0
2025-06-05 01:55:00,22400,5853,5848,5852,5850,5855,5849,5855,5851,5854.0,5848.5,5853.5,5850.5
2025-06-05 02:00:00,9700,5850,5846,5850,5847,5851,5847,5851,5848,5850.5,5846.5,5850.5,5847.5
2025-06-05 02:05:00,11800,5849,5846,5847,5847,5850,5847,5848,5849,5849.5,5846.5,5847.5,5848.0
2025-06-05 02:10:00,11500,5849,5846,5847,5849,5851,5847,5849,5850,5850.0,5846.5,5848.0,5849.5
2025-06-05 02:15:00,14000,5854,5849,5849,5852,5855,5850,5850,5853,5854.5,5849.5,5849.5,5852.5
2025-06-05 02:20:00,11400,5855,5850,5852,5851,5856,5851,5853,5852,5855.5,5850.5,5852.5,5851.5
2025-06-05 02:25:00,15800,5853,5847,5851,5847,5854,5849,5852,5850,5853.5,5848.0,5851.5,5848.5
2025-06-05 02:30:00,3100,5846,5846,5846,5846,5850,5850,5850,5850,5848.0,5848.0,5848.0,5848.0
2025-06-05 03:30:00,91100,5862,5839,5840,5862,5864,5841,5841,5864,5863.0,5840.5,5840.5,5863.0
2025-06-05 03:35:00,31100,5865,5856,5862,5857,5866,5858,5864,5859,5865.5,5857.0,5863.0,5858.0
2025-06-05 03:40:00,20900,5859,5848,5857,5849,5860,5849,5859,5850,5859.5,5848.5,5858.0,5849.5
2025-06-05 03:45:00,35300,5851,5844,5849,5847,5852,5845,5850,5849,5851.5,5844.5,5849.5,5848.0
2025-06-05 03:50:00,22000,5854,5847,5847,5853,5855,5848,5849,5854,5854.5,5847.5,5848.0,5853.5
2025-06-05 03:55:00,18800,5858,5852,5853,5852,5860,5853,5854,5853,5859.0,5852.5,5853.5,5852.5
2025-06-05 04:00:00,19100,5853,5849,5852,5850,5854,5851,5853,5851,5853.5,5850.0,5852.5,5850.5
2025-06-05 04:05:00,16500,5853,5850,5850,5852,5855,5851,5851,5853,5854.0,5850.5,5850.5,5852.5
2025-06-05 04:10:00,17200,5853,5850,5852,5851,5855,5851,5853,5852,5854.0,5850.5,5852.5,5851.5
2025-06-05 04:15:00,15900,5858,5851,5851,5855,5859,5852,5852,5856,5858.5,5851.5,5851.5,5855.5
2025-06-05 04:20:00,13400,5856,5851,5855,5852,5857,5852,5856,5853,5856.5,5851.5,5855.5,5852.5
2025-06-05 04:25:00,26700,5852,5846,5852,5847,5853,5848,5853,5848,5852.5,5847.0,5852.5,5847.5
2025-06-05 04:30:00,25000,5848,5841,5847,5843,5849,5842,5848,5844,5848.5,5841.5,5847.5,5843.5
2025-06-05 04:35:00,22100,5846,5842,5843,5845,5848,5843,5844,5847,5847.0,5842.5,5843.5,5846.0
2025-06-05 04:40:00,18700,5848,5844,5845,5846,5849,5845,5847,5848,5848.5,5844.5,5846.0,5847.0
2025-06-05 04:45:00,13200,5848,5846,5846,5846,5849,5847,5848,5848,5848.5,5846.5,5847.0,5847.0
2025-06-05 04:50:00,24700,5849,5845,5846,5846,5851,5846,5848,5847,5850.0,5845.5,5847.0,5846.5
2025-06-05 04:55:00,18200,5851,5846,5846,5850,5852,5847,5847,5851,5851.5,5846.5,5846.5,5850.5
2025-06-05 05:00:00,29500,5852,5846,5850,5850,5853,5847,5851,5852,5852.5,5846.5,5850.5,5851.0
2025-06-05 05:05:00,30400,5856,5849,5850,5854,5857,5850,5852,5856,5856.5,5849.5,5851.0,5855.0
2025-06-05 05:10:00,13800,5855,5851,5854,5852,5856,5852,5856,5854,5855.5,5851.5,5855.0,5853.0
2025-06-05 05:15:00,20500,5862,5852,5852,5862,5863,5853,5854,5863,5862.5,5852.5,5853.0,5862.5
2025-06-05 05:20:00,19300,5865,5860,5862,5863,5866,5861,5863,5864,5865.5,5860.5,5862.5,5863.5
2025-06-05 05:25:00,45200,5867,5854,5863,5854,5868,5856,5864,5856,5867.5,5855.0,5863.5,5855.0
2025-06-05 05:30:00,52000,5856,5846,5854,5847,5858,5847,5856,5848,5857.0,5846.5,5855.0,5847.5
2025-06-05 05:35:00,64900,5850,5844,5847,5847,5851,5845,5848,5848,5850.5,5844.5,5847.5,5847.5
2025-06-05 05:40:00,34300,5850,5846,5847,5849,5851,5847,5848,5850,5850.5,5846.5,5847.5,5849.5
2025-06-05 05:45:00,32300,5849,5842,5849,5844,5850,5844,5850,5845,5849.5,5843.0,5849.5,5844.5
2025-06-05 05:50:00,24500,5848,5844,5844,5848,5849,5845,5845,5849,5848.5,5844.5,5844.5,5848.5
2025-06-05 05:55:00,29300,5851,5848,5848,5850,5852,5849,5849,5851,5851.5,5848.5,5848.5,5850.5
2025-06-05 06:00:00,40600,5855,5849,5850,5854,5856,5850,5851,5855,5855.5,5849.5,5850.5,5854.5
2025-06-05 06:05:00,36800,5866,5854,5854,5865,5867,5855,5855,5867,5866.5,5854.5,5854.5,5866.0
2025-06-05 06:10:00,33000,5866,5859,5865,5859,5867,5860,5867,5860,5866.5,5859.5,5866.0,5859.5
2025-06-05 06:15:00,40300,5863,5854,5859,5857,5865,5855,5860,5858,5864.0,5854.5,5859.5,5857.5
2025-06-05 06:20:00,47200,5860,5851,5857,5856,5861,5853,5858,5858,5860.5,5852.0,5857.5,5857.0
2025-06-05 06:25:00,,5863,5817,5844,5858,5864,5818,5845,5859,5863.5,5817.5,5844.5,5858.5
2025-06-05 06:30:00,499600,5856,5856,5856,5856,5862,5862,5862,5862,5859.0,5859.0,5859.0,5859.0
2025-06-06 00:00:00,245200,5871,5841,5855,5854,5875,5844,5856,5856,5872.5,5843.0,5855.5,5855.0
2025-06-06 00:05:00,81000,5870,5849,5854,5869,5872,5851,5856,5871,5871.0,5850.0,5855.0,5870.0
2025-06-06 00:10:00,55100,5874,5862,5869,5873,5875,5864,5871,5875,5874.5,5863.0,5870.0,5874.0
2025-06-06 00:15:00,48600,5881,5866,5873,5877,5882,5867,5875,5879,5881.5,5866.5,5874.0,5878.0
2025-06-06 00:20:00,32700,5879,5871,5877,5871,5880,5872,5879,5873,5879.5,5871.5,5878.0,5872.0
2025-06-06 00:25:00,28600,5873,5866,5871,5870,5874,5868,5873,5871,5873.5,5867.0,5872.0,5870.5
2025-06-06 00:30:00,33300,5879,5870,5870,5876,5880,5871,5871,5878,5879.5,5870.5,5870.5,5877.0
2025-06-06 00:35:00,30100,5881,5874,5876,5876,5884,5875,5878,5878,5882.5,5874.5,5877.0,5877.0
2025-06-06 00:40:00,33400,5880,5873,5877,5877,5881,5874,5878,5878,5880.5,5873.5,5877.5,5877.5
2025-06-06 00:45:00,42900,5892,5873,5877,5884,5894,5874,5878,5886,5893.0,5873.5,5877.5,5885.0
2025-06-06 00:50:00,29700,5905,5884,5884,5904,5906,5886,5886,5906,5905.5,5885.0,5885.0,5905.0
2025-06-06 00:55:00,17500,5909,5903,5904,5905,5910,5904,5906,5907,5909.5,5903.5,5905.0,5906.0
2025-06-06 01:00:00,28300,5921,5903,5905,5920,5922,5904,5907,5922,5921.5,5903.5,5906.0,5921.0
2025-06-06 01:05:00,42500,5925,5905,5920,5908,5927,5907,5922,5909,5926.0,5906.0,5921.0,5908.5
2025-06-06 01:10:00,14500,5911,5903,5908,5906,5912,5905,5909,5908,5911.5,5904.0,5908.5,5907.0
2025-06-06 01:15:00,13200,5908,5903,5906,5904,5910,5905,5908,5906,5909.0,5904.0,5907.0,5905.0
2025-06-06 01:20:00,11500,5905,5902,5905,5903,5907,5903,5906,5905,5906.0,5902.5,5905.5,5904.0
2025-06-06 01:25:00,12800,5908,5903,5903,5906,5910,5904,5905,5907,5909.0,5903.5,5904.0,5906.5
2025-06-06 01:30:00,14000,5906,5896,5906,5899,5907,5898,5907,5902,5906.5,5897.0,5906.5,5900.5
2025-06-06 01:35:00,7500,5906,5899,5899,5905,5908,5901,5902,5906,5907.0,5900.0,5900.5,5905.5
2025-06-06 01:40:00,14600,5912,5905,5905,5911,5913,5906,5906,5912,5912.5,5905.5,5905.5,5911.5
2025-06-06 01:45:00,12500,5915,5910,5911,5913,5916,5911,5912,5914,5915.5,5910.5,5911.5,5913.5
2025-06-06 01:50:00,11700,5913,5909,5913,5910,5914,5910,5914,5911,5913.5,5909.5,5913.5,5910.5
2025-06-06 01:55:00,13600,5911,5907,5910,5908,5912,5908,5911,5909,5911.5,5907.5,5910.5,5908.5
2025-06-06 02:00:00,13800,5909,5901,5908,5902,5910,5903,5909,5904,5909.5,5902.0,5908.5,5903.0
2025-06-06 02:05:00,6100,5904,5901,5902,5902,5905,5902,5904,5903,5904.5,5901.5,5903.0,5902.5
2025-06-06 02:10:00,11500,5907,5902,5902,5907,5909,5903,5903,5909,5908.0,5902.5,5902.5,5908.0
2025-06-06 02:15:00,14000,5911,5907,5907,5910,5912,5908,5909,5912,5911.5,5907.5,5908.0,5911.0
2025-06-06 02:20:00,13500,5913,5908,5910,5909,5914,5910,5912,5911,5913.5,5909.0,5911.0,5910.0
2025-06-06 02:25:00,15200,5915,5909,5909,5912,5916,5911,5911,5915,5915.5,5910.0,5910.0,5913.5
2025-06-06 02:30:00,2800,5911,5911,5911,5911,5915,5915,5915,5915,5913.0,5913.0,5913.0,5913.0
2025-06-06 03:30:00,92700,5933,5904,5905,5931,5934,5905,5906,5933,5933.5,5905.0,5905.5,5932.0
2025-06-06 03:35:00,28900,5932,5925,5931,5930,5933,5927,5933,5932,5932.5,5926.0,5932.0,5931.0
2025-06-06 03:40:00,17500,5932,5927,5930,5930,5933,5928,5932,5931,5932.5,5927.5,5931.0,5930.5
2025-06-06 03:45:00,21800,5933,5927,5930,5931,5934,5928,5931,5932,5933.5,5927.5,5930.5,5931.5
2025-06-06 03:50:00,19200,5935,5930,5931,5935,5936,5931,5932,5936,5935.5,5930.5,5931.5,5935.5
2025-06-06 03:55:00,32800,5938,5933,5935,5934,5939,5934,5936,5935,5938.5,5933.5,5935.5,5934.5
2025-06-06 04:00:00,20100,5938,5923,5934,5926,5939,5924,5935,5927,5938.5,5923.5,5934.5,5926.5
2025-06-06 04:05:00,20600,5930,5926,5926,5928,5931,5927,5927,5929,5930.5,5926.5,5926.5,5928.5
2025-06-06 04:10:00,18400,5932,5925,5928,5927,5933,5926,5929,5929,5932.5,5925.5,5928.5,5928.0
2025-06-06 04:15:00,17300,5929,5918,5927,5921,5930,5920,5929,5922,5929.5,5919.0,5928.0,5921.5
2025-06-06 04:20:00,11900,5927,5921,5921,5927,5929,5922,5922,5928,5928.0,5921.5,5921.5,5927.5
2025-06-06 04:25:00,11400,5928,5926,5927,5926,5929,5927,5928,5927,5928.5,5926.5,5927.5,5926.5
2025-06-06 04:30:00,11400,5928,5925,5926,5928,5929,5926,5927,5929,5928.5,5925.5,5926.5,5928.5
2025-06-06 04:35:00,32100,5932,5926,5928,5932,5934,5927,5929,5933,5933.0,5926.5,5928.5,5932.5
2025-06-06 04:40:00,12900,5934,5931,5932,5934,5935,5932,5933,5935,5934.5,5931.5,5932.5,5934.5
2025-06-06 04:45:00,15700,5940,5934,5934,5940,5941,5935,5935,5941,5940.5,5934.5,5934.5,5940.5
2025-06-06 04:50:00,24900,5941,5934,5940,5936,5942,5936,5941,5937,5941.5,5935.0,5940.5,5936.5
2025-06-06 04:55:00,12800,5937,5935,5936,5937,5938,5936,5937,5938,5937.5,5935.5,5936.5,5937.5
2025-06-06 05:00:00,34700,5942,5937,5937,5941,5943,5938,5938,5942,5942.5,5937.5,5937.5,5941.5
2025-06-06 05:05:00,21200,5942,5938,5941,5939,5943,5939,5942,5941,5942.5,5938.5,5941.5,5940.0
2025-06-06 05:10:00,19700,5939,5935,5939,5935,5941,5936,5941,5936,5940.0,5935.5,5940.0,5935.5
2025-06-06 05:15:00,10000,5937,5935,5935,5937,5938,5936,5936,5938,5937.5,5935.5,5935.5,5937.5
2025-06-06 05:20:00,25800,5938,5931,5937,5932,5939,5933,5938,5933,5938.5,5932.0,5937.5,5932.5
2025-06-06 05:25:00,30700,5938,5932,5932,5936,5940,5933,5933,5937,5939.0,5932.5,5932.5,5936.5
2025-06-06 05:30:00,44600,5944,5936,5936,5942,5945,5937,5937,5943,5944.5,5936.5,5936.5,5942.5
2025-06-06 05:35:00,36200,5946,5939,5942,5943,5947,5940,5943,5944,5946.5,5939.5,5942.5,5943.5
2025-06-06 05:40:00,45200,5949,5941,5943,5942,5951,5942,5944,5943,5950.0,5941.5,5943.5,5942.5
2025-06-06 05:45:00,22800,5945,5938,5942,5941,5946,5939,5943,5942,5945.5,5938.5,5942.5,5941.5
2025-06-06 05:50:00,37800,5948,5936,5941,5938,5949,5938,5942,5940,5948.5,5937.0,5941.5,5939.0
2025-06-06 05:55:00,37500,5951,5937,5938,5951,5952,5938,5940,5952,5951.5,5937.5,5939.0,5951.5
2025-06-06 06:00:00,24500,5956,5951,5951,5952,5957,5952,5952,5953,5956.5,5951.5,5951.5,5952.5
2025-06-06 06:05:00,24500,5957,5949,5952,5956,5958,5950,5953,5957,5957.5,5949.5,5952.5,5956.5
2025-06-06 06:10:00,39500,5957,5936,5956,5936,5958,5937,5957,5937,5957.5,5936.5,5956.5,5936.5
2025-06-06 06:15:00,31800,5940,5933,5936,5935,5941,5934,5937,5937,5940.5,5933.5,5936.5,5936.0
2025-06-06 06:20:00,44900,5938,5934,5935,5935,5940,5935,5937,5937,5939.0,5934.5,5936.0,5936.0
2025-06-06 06:25:00,,5948,5879,5925,5937,5949,5880,5926,5938,5948.5,5879.5,5925.5,5937.5
2025-06-06 06:30:00,371200,5933,5933,5933,5933,5940,5940,5940,5940,5936.5,5936.5,5936.5,5936.5
2025-06-09 00:00:00,179300,5988,5945,5947,5967,5994,5948,5948,5969,5990.5,5947.5,5947.5,5968.0
2025-06-09 00:05:00,42800,5969,5957,5967,5957,5971,5958,5969,5959,5970.0,5957.5,5968.0,5958.0
2025-06-09 00:10:00,38300,5958,5951,5957,5957,5960,5953,5959,5959,5959.0,5952.0,5958.0,5958.0
2025-06-09 00:15:00,34600,5963,5954,5957,5955,5964,5955,5959,5957,5963.5,5954.5,5958.0,5956.0
2025-06-09 00:20:00,25300,5964,5953,5955,5962,5965,5954,5957,5964,5964.5,5953.5,5956.0,5963.0
2025-06-09 00:25:00,19600,5967,5958,5962,5967,5968,5960,5964,5968,5967.5,5959.0,5963.0,5967.5
2025-06-09 00:30:00,26900,5973,5962,5967,5963,5974,5963,5968,5964,5973.5,5962.5,5967.5,5963.5
2025-06-09 00:35:00,18500,5964,5957,5963,5957,5966,5958,5964,5958,5965.0,5957.5,5963.5,5957.5
2025-06-09 00:40:00,21600,5971,5957,5957,5964,5972,5958,5958,5965,5971.5,5957.5,5957.5,5964.5
2025-06-09 00:45:00,17100,5970,5962,5964,5969,5971,5963,5965,5971,5970.5,5962.5,5964.5,5970.0
2025-06-09 00:50:00,16400,5972,5967,5969,5967,5973,5968,5971,5969,5972.5,5967.5,5970.0,5968.0
2025-06-09 00:55:00,9600,5970,5966,5967,5966,5972,5967,5969,5967,5971.0,5966.5,5968.0,5966.5
2025-06-09 01:00:00,25400,5968,5959,5966,5962,5970,5960,5967,5963,5969.0,5959.5,5966.5,5962.5
2025-06-09 01:05:00,19100,5963,5957,5962,5959,5964,5958,5963,5961,5963.5,5957.5,5962.5,5960.0
2025-06-09 01:10:00,16400,5961,5955,5959,5957,5962,5956,5961,5958,5961.5,5955.5,5960.0,5957.5
2025-06-09 01:15:00,19000,5957,5952,5957,5952,5958,5953,5958,5953,5957.5,5952.5,5957.5,5952.5
2025-06-09 01:20:00,16200,5956,5948,5952,5949,5957,5949,5953,5950,5956.5,5948.5,5952.5,5949.5
2025-06-09 01:25:00,13400,5953,5949,5949,5951,5954,5950,5950,5953,5953.5,5949.5,5949.5,5952.0
2025-06-09 01:30:00,15400,5958,5951,5951,5958,5959,5953,5953,5959,5958.5,5952.0,5952.0,5958.5
2025-06-09 01:35:00,14700,5961,5955,5958,5955,5962,5957,5959,5957,5961.5,5956.0,5958.5,5956.0
2025-06-09 01:40:00,5900,5959,5955,5955,5959,5960,5956,5957,5960,5959.5,5955.5,5956.0,5959.5
2025-06-09 01:45:00,14400,5964,5956,5959,5956,5965,5957,5960,5957,5964.5,5956.5,5959.5,5956.5
2025-06-09 01:50:00,7500,5960,5956,5956,5960,5961,5957,5957,5961,5960.5,5956.5,5956.5,5960.5
2025-06-09 01:55:00,7700,5962,5960,5960,5962,5963,5961,5961,5963,5962.5,5960.5,5960.5,5962.5
2025-06-09 02:00:00,11400,5962,5955,5962,5958,5964,5957,5963,5959,5963.0,5956.0,5962.5,5958.5
2025-06-09 02:05:00,6800,5959,5958,5958,5958,5960,5959,5959,5959,5959.5,5958.5,5958.5,5958.5
2025-06-09 02:10:00,10800,5960,5956,5958,5960,5961,5957,5959,5961,5960.5,5956.5,5958.5,5960.5
2025-06-09 02:15:00,13900,5962,5957,5960,5960,5963,5958,5961,5961,5962.5,5957.5,5960.5,5960.5
2025-06-09 02:20:00,10000,5960,5955,5960,5957,5961,5956,5961,5958,5960.5,5955.5,5960.5,5957.5
2025-06-09 02:25:00,13100,5961,5956,5957,5959,5962,5958,5958,5960,5961.5,5957.0,5957.5,5959.5
2025-06-09 02:30:00,1100,5958,5958,5958,5958,5960,5960,5960,5960,5959.0,5959.0,5959.0,5959.0
2025-06-09 03:30:00,57100,5968,5959,5962,5962,5970,5962,5963,5963,5969.0,5960.5,5962.5,5962.5
2025-06-09 03:35:00,19100,5968,5962,5962,5967,5969,5963,5963,5968,5968.5,5962.5,5962.5,5967.5
2025-06-09 03:40:00,10800,5967,5963,5967,5964,5968,5965,5968,5965,5967.5,5964.0,5967.5,5964.5
2025-06-09 03:45:00,7400,5964,5961,5964,5962,5965,5962,5965,5963,5964.5,5961.5,5964.5,5962.5
2025-06-09 03:50:00,19900,5964,5960,5962,5964,5965,5961,5963,5965,5964.5,5960.5,5962.5,5964.5
2025-06-09 03:55:00,16300,5966,5963,5964,5964,5967,5964,5965,5966,5966.5,5963.5,5964.5,5965.0
2025-06-09 04:00:00,13700,5966,5960,5964,5961,5967,5961,5966,5962,5966.5,5960.5,5965.0,5961.5
2025-06-09 04:05:00,24200,5962,5955,5961,5956,5964,5956,5962,5958,5963.0,5955.5,5961.5,5957.0
2025-06-09 04:10:00,13800,5957,5954,5956,5954,5958,5955,5958,5955,5957.5,5954.5,5957.0,5954.5
2025-06-09 04:15:00,12800,5956,5954,5954,5955,5957,5955,5955,5956,5956.5,5954.5,5954.5,5955.5
2025-06-09 04:20:00,13700,5956,5952,5955,5953,5957,5953,5956,5954,5956.5,5952.5,5955.5,5953.5
2025-06-09 04:25:00,21200,5955,5950,5953,5951,5956,5951,5954,5952,5955.5,5950.5,5953.5,5951.5
2025-06-09 04:30:00,28400,5952,5942,5951,5944,5953,5943,5952,5945,5952.5,5942.5,5951.5,5944.5
2025-06-09 04:35:00,23400,5944,5937,5944,5940,5945,5938,5945,5942,5944.5,5937.5,5944.5,5941.0
2025-06-09 04:40:00,18800,5941,5936,5940,5937,5942,5937,5942,5939,5941.5,5936.5,5941.0,5938.0
2025-06-09 04:45:00,11200,5939,5936,5937,5938,5940,5937,5939,5939,5939.5,5936.5,5938.0,5938.5
2025-06-09 04:50:00,23300,5938,5932,5938,5934,5939,5933,5939,5935,5938.5,5932.5,5938.5,5934.5
2025-06-09 04:55:00,18700,5937,5933,5934,5935,5938,5934,5935,5936,5937.5,5933.5,5934.5,5935.5
2025-06-09 05:00:00,23200,5935,5930,5935,5935,5936,5931,5936,5936,5935.5,5930.5,5935.5,5935.5
2025-06-09 05:05:00,33100,5937,5933,5935,5934,5939,5934,5936,5935,5938.0,5933.5,5935.5,5934.5
2025-06-09 05:10:00,16800,5936,5932,5934,5934,5937,5934,5935,5935,5936.5,5933.0,5934.5,5934.5
2025-06-09 05:15:00,10000,5934,5932,5934,5933,5935,5933,5935,5934,5934.5,5932.5,5934.5,5933.5
2025-06-09 05:20:00,19900,5934,5931,5933,5934,5935,5932,5934,5935,5934.5,5931.5,5933.5,5934.5
2025-06-09 05:25:00,21200,5938,5934,5934,5937,5939,5935,5935,5938,5938.5,5934.5,5934.5,5937.5
2025-06-09 05:30:00,58000,5942,5935,5937,5940,5943,5937,5938,5941,5942.5,5936.0,5937.5,5940.5
2025-06-09 05:35:00,34900,5943,5937,5940,5940,5944,5938,5941,5941,5943.5,5937.5,5940.5,5940.5
2025-06-09 05:40:00,27300,5942,5938,5940,5938,5943,5939,5941,5939,5942.5,5938.5,5940.5,5938.5
2025-06-09 05:45:00,14200,5940,5938,5938,5938,5941,5939,5939,5939,5940.5,5938.5,5938.5,5938.5
2025-06-09 05:50:00,42400,5940,5935,5938,5937,5941,5936,5939,5938,5940.5,5935.5,5938.5,5937.5
2025-06-09 05:55:00,30900,5938,5934,5937,5936,5939,5935,5938,5937,5938.5,5934.5,5937.5,5936.5
2025-06-09 06:00:00,25600,5939,5935,5936,5936,5940,5936,5937,5937,5939.5,5935.5,5936.5,5936.5
2025-06-09 06:05:00,32500,5939,5930,5936,5934,5940,5932,5937,5935,5939.5,5931.0,5936.5,5934.5
2025-06-09 06:10:00,26700,5937,5932,5934,5936,5938,5933,5935,5937,5937.5,5932.5,5934.5,5936.5
2025-06-09 06:15:00,40000,5939,5932,5936,5937,5941,5933,5937,5938,5939.5,5932.5,5936.5,5937.5
2025-06-09 06:20:00,35300,5940,5936,5937,5939,5942,5937,5938,5941,5941.0,5936.5,5937.5,5940.0
2025-06-09 06:25:00,,6003,5921,5961,5943,6003,5922,5962,5944,6003.0,5921.5,5961.5,5943.5
2025-06-09 06:30:00,294700,5938,5938,5938,5938,5945,5945,5945,5945,5941.5,5941.5,5941.5,5941.5
2025-06-10 00:00:00,197400,5977,5938,5944,5970,5978,5943,5945,5972,5977.5,5940.5,5944.5,5971.0
2025-06-10 00:05:00,59000,5971,5954,5970,5959,5973,5955,5972,5961,5972.0,5954.5,5971.0,5960.0
2025-06-10 00:10:00,37300,5975,5959,5959,5963,5977,5961,5961,5965,5976.0,5960.0,5960.0,5964.0
2025-06-10 00:15:00,25900,5974,5963,5963,5971,5975,5965,5965,5972,5974.5,5964.0,5964.0,5971.5
2025-06-10 00:20:00,22700,5971,5962,5971,5964,5972,5963,5972,5965,5971.5,5962.5,5971.5,5964.5
2025-06-10 00:25:00,31300,5968,5961,5964,5966,5970,5963,5965,5968,5969.0,5962.0,5964.5,5967.0
2025-06-10 00:30:00,19100,5969,5963,5966,5966,5970,5965,5968,5968,5969.5,5964.0,5967.0,5967.0
2025-06-10 00:35:00,27300,5977,5966,5966,5977,5979,5967,5968,5979,5978.0,5966.5,5967.0,5978.0
2025-06-10 00:40:00,23400,5981,5977,5977,5978,5982,5978,5979,5979,5981.5,5977.5,5978.0,5978.5
2025-06-10 00:45:00,25300,5980,5974,5978,5977,5981,5976,5979,5978,5980.5,5975.0,5978.5,5977.5
2025-06-10 00:50:00,24200,5980,5973,5977,5980,5981,5975,5978,5981,5980.5,5974.5,5977.5,5980.5
2025-06-10 00:55:00,11400,5981,5973,5980,5974,5982,5974,5981,5976,5981.5,5973.5,5980.5,5975.0
2025-06-10 01:00:00,171100,6003,5974,5974,5983,6005,5975,5976,5984,6004.0,5974.5,5975.0,5983.5
2025-06-10 01:05:00,19400,5989,5978,5983,5979,5991,5979,5984,5980,5990.0,5978.5,5983.5,5979.5
2025-06-10 01:10:00,11900,5980,5976,5979,5976,5981,5977,5980,5977,5980.5,5976.5,5979.5,5976.5
2025-06-10 01:15:00,15000,5978,5971,5976,5974,5980,5972,5977,5976,5979.0,5971.5,5976.5,5975.0
2025-06-10 01:20:00,16000,5975,5965,5974,5968,5976,5966,5976,5969,5975.5,5965.5,5975.0,5968.5
2025-06-10 01:25:00,10100,5973,5968,5968,5971,5975,5969,5969,5973,5974.0,5968.5,5968.5,5972.0
2025-06-10 01:30:00,9100,5975,5971,5971,5974,5976,5973,5973,5975,5975.5,5972.0,5972.0,5974.5
2025-06-10 01:35:00,12300,5981,5974,5974,5980,5982,5975,5975,5981,5981.5,5974.5,5974.5,5980.5
2025-06-10 01:40:00,12600,5981,5977,5980,5978,5982,5979,5981,5980,5981.5,5978.0,5980.5,5979.0
2025-06-10 01:45:00,9300,5981,5976,5978,5980,5982,5978,5980,5981,5981.5,5977.0,5979.0,5980.5
2025-06-10 01:50:00,9900,5981,5976,5980,5979,5982,5978,5981,5981,5981.5,5977.0,5980.5,5980.0
2025-06-10 01:55:00,8000,5982,5978,5979,5982,5984,5980,5981,5984,5983.0,5979.0,5980.0,5983.0
2025-06-10 02:00:00,11300,5987,5982,5982,5982,5988,5983,5984,5983,5987.5,5982.5,5983.0,5982.5
2025-06-10 02:05:00,9500,5985,5981,5982,5983,5986,5983,5983,5985,5985.5,5982.0,5982.5,5984.0
2025-06-10 02:10:00,9300,5986,5983,5983,5985,5987,5985,5985,5986,5986.5,5984.0,5984.0,5985.5
2025-06-10 02:15:00,10900,5991,5985,5985,5991,5992,5986,5986,5992,5991.5,5985.5,5985.5,5991.5
2025-06-10 02:20:00,8800,5993,5991,5991,5993,5994,5992,5992,5994,5993.5,5991.5,5991.5,5993.5
2025-06-10 02:25:00,16900,5994,5989,5993,5989,5995,5990,5994,5992,5994.5,5989.5,5993.5,5990.5
2025-06-10 02:30:00,1000,,,,,,,,,,,,
2025-06-10 03:30:00,72800,5999,5990,5990,5994,6001,5992,5992,5996,6000.0,5991.0,5991.0,5995.0
2025-06-10 03:35:00,16300,5997,5993,5994,5997,5998,5994,5996,5998,5997.5,5993.5,5995.0,5997.5
2025-06-10 03:40:00,20800,5998,5992,5997,5992,5999,5994,5998,5994,5998.5,5993.0,5997.5,5993.0
2025-06-10 03:45:00,9800,5995,5990,5992,5995,5996,5992,5994,5996,5995.5,5991.0,5993.0,5995.5
2025-06-10 03:50:00,12600,5995,5990,5995,5991,5996,5992,5996,5992,5995.5,5991.0,5995.5,5991.5
2025-06-10 03:55:00,27100,5993,5989,5991,5990,5994,5990,5992,5991,5993.5,5989.5,5991.5,5990.5
2025-06-10 04:00:00,18600,5990,5985,5990,5985,5991,5986,5991,5986,5990.5,5985.5,5990.5,5985.5
2025-06-10 04:05:00,18300,5987,5980,5985,5983,5988,5981,5986,5984,5987.5,5980.5,5985.5,5983.5
2025-06-10 04:10:00,9000,5983,5981,5983,5983,5984,5982,5984,5984,5983.5,5981.5,5983.5,5983.5
2025-06-10 04:15:00,13700,5984,5980,5983,5983,5985,5981,5984,5984,5984.5,5980.5,5983.5,5983.5
2025-06-10 04:20:00,10000,5984,5982,5983,5982,5985,5983,5984,5983,5984.5,5982.5,5983.5,5982.5
2025-06-10 04:25:00,13200,5982,5978,5982,5982,5983,5980,5983,5983,5982.5,5979.0,5982.5,5982.5
2025-06-10 04:30:00,15100,5985,5982,5982,5984,5986,5983,5983,5985,5985.5,5982.5,5982.5,5984.5
2025-06-10 04:35:00,19000,5986,5982,5984,5983,5987,5983,5985,5984,5986.5,5982.5,5984.5,5983.5
2025-06-10 04:40:00,17800,5987,5983,5983,5987,5989,5984,5984,5988,5988.0,5983.5,5983.5,5987.5
2025-06-10 04:45:00,21300,5987,5982,5987,5984,5988,5984,5988,5985,5987.5,5983.0,5987.5,5984.5
2025-06-10 04:50:00,17500,5988,5982,5984,5987,5989,5983,5985,5989,5988.5,5982.5,5984.5,5988.0
2025-06-10 04:55:00,6100,5988,5986,5987,5986,5989,5987,5989,5987,5988.5,5986.5,5988.0,5986.5
2025-06-10 05:00:00,24800,5986,5982,5986,5985,5988,5984,5987,5986,5987.0,5983.0,5986.5,5985.5
2025-06-10 05:05:00,23500,5986,5981,5985,5982,5987,5983,5986,5983,5986.5,5982.0,5985.5,5982.5
2025-06-10 05:10:00,8400,5982,5980,5982,5981,5983,5981,5983,5982,5982.5,5980.5,5982.5,5981.5
2025-06-10 05:15:00,21600,5981,5972,5981,5973,5982,5974,5982,5974,5981.5,5973.0,5981.5,5973.5
2025-06-10 05:20:00,31900,5973,5962,5972,5966,5974,5963,5974,5968,5973.5,5962.5,5973.0,5967.0
2025-06-10 05:25:00,25500,5969,5962,5966,5966,5971,5963,5968,5968,5970.0,5962.5,5967.0,5967.0
2025-06-10 05:30:00,56600,5969,5962,5966,5967,5970,5963,5968,5968,5969.5,5962.5,5967.0,5967.5
2025-06-10 05:35:00,25400,5972,5965,5967,5970,5973,5966,5968,5971,5972.5,5965.5,5967.5,5970.5
2025-06-10 05:40:00,16700,5975,5970,5970,5975,5977,5971,5971,5976,5976.0,5970.5,5970.5,5975.5
2025-06-10 05:45:00,42500,5974,5970,5974,5971,5976,5971,5976,5972,5975.0,5970.5,5975.0,5971.5
2025-06-10 05:50:00,24100,5976,5970,5971,5975,5977,5971,5972,5976,5976.5,5970.5,5971.5,5975.5
2025-06-10 05:55:00,33600,5976,5972,5975,5973,5977,5973,5976,5974,5976.5,5972.5,5975.5,5973.5
2025-06-10 06:00:00,45700,5977,5972,5973,5975,5979,5973,5974,5976,5978.0,5972.5,5973.5,5975.5
2025-06-10 06:05:00,21500,5976,5973,5975,5976,5977,5974,5976,5977,5976.5,5973.5,5975.5,5976.5
2025-06-10 06:10:00,29500,5976,5971,5976,5973,5977,5972,5977,5974,5976.5,5971.5,5976.5,5973.5
2025-06-10 06:15:00,27900,5975,5971,5973,5975,5976,5972,5974,5976,5975.5,5971.5,5973.5,5975.5
2025-06-10 06:20:00,37200,5979,5974,5975,5979,5981,5975,5976,5981,5980.0,5974.5,5975.5,5980.0
2025-06-10 06:25:00,,5970,5880,5952,5969,5971,5881,5953,5970,5970.5,5880.5,5952.5,5969.5
2025-06-10 06:30:00,570500,5968,5968,5968,5968,5975,5975,5975,5975,5971.5,5971.5,5971.5,5971.5
2025-06-11 00:00:00,190100,6008,5975,6007,5986,6014,5977,6008,5989,6010.5,5976.0,6007.5,5987.5
2025-06-11 00:05:00,49800,6003,5986,5986,5996,6004,5989,5989,5997,6003.5,5987.5,5987.5,5996.5
2025-06-11 00:10:00,42500,6002,5990,5996,6000,6003,5991,5997,6001,6002.5,5990.5,5996.5,6000.5
2025-06-11 00:15:00,27200,6005,5998,6000,6003,6006,5999,6001,6004,6005.5,5998.5,6000.5,6003.5
2025-06-11 00:20:00,45000,6013,6003,6003,6009,6014,6004,6004,6010,6013.5,6003.5,6003.5,6009.5
2025-06-11 00:25:00,53600,6014,6001,6009,6006,6015,6004,6010,6008,6014.5,6002.5,6009.5,6007.0
2025-06-11 00:30:00,15300,6009,6005,6006,6006,6011,6006,6008,6007,6010.0,6005.5,6007.0,6006.5
2025-06-11 00:35:00,12900,6009,6001,6006,6001,6010,6003,6007,6003,6009.5,6002.0,6006.5,6002.0
2025-06-11 00:40:00,14100,6007,6000,6001,6007,6008,6001,6003,6008,6007.5,6000.5,6002.0,6007.5
2025-06-11 00:45:00,10900,6007,5998,6007,6000,6008,5999,6008,6001,6007.5,5998.5,6007.5,6000.5
2025-06-11 00:50:00,16200,6002,5998,6000,6002,6004,5999,6001,6004,6003.0,5998.5,6000.5,6003.0
2025-06-11 00:55:00,8700,6005,5998,6002,5998,6006,5999,6004,5999,6005.5,5998.5,6003.0,5998.5
2025-06-11 01:00:00,16800,6006,5998,5998,6004,6007,5999,5999,6005,6006.5,5998.5,5998.5,6004.5
2025-06-11 01:05:00,8300,6006,5998,6004,5998,6007,6000,6005,6000,6006.5,5999.0,6004.5,5999.0
2025-06-11 01:10:00,10100,6003,5996,5998,5998,6004,5998,6000,6000,6003.5,5997.0,5999.0,5999.0
2025-06-11 01:15:00,11600,5998,5993,5998,5995,6000,5994,6000,5996,5999.0,5993.5,5999.0,5995.5
2025-06-11 01:20:00,10200,5998,5994,5995,5995,5999,5995,5996,5996,5998.5,5994.5,5995.5,5995.5
2025-06-11 01:25:00,18400,6001,5992,5995,5999,6002,5993,5996,6001,6001.5,5992.5,5995.5,6000.0
2025-06-11 01:30:00,5300,5999,5996,5999,5996,6001,5997,6001,5997,6000.0,5996.5,6000.0,5996.5
2025-06-11 01:35:00,10800,5997,5995,5996,5996,5998,5996,5997,5997,5997.5,5995.5,5996.5,5996.5
2025-06-11 01:40:00,8700,5998,5995,5996,5997,5999,5996,5997,5998,5998.5,5995.5,5996.5,5997.5
2025-06-11 01:45:00,3000,5998,5996,5997,5996,5999,5997,5998,5997,5998.5,5996.5,5997.5,5996.5
2025-06-11 01:50:00,12100,6002,5996,5996,5999,6003,5997,5997,6001,6002.5,5996.5,5996.5,6000.0
2025-06-11 01:55:00,5600,6000,5997,5999,5997,6001,5998,6001,5998,6000.5,5997.5,6000.0,5997.5
2025-06-11 02:00:00,6600,6000,5996,5997,5997,6001,5998,5998,5998,6000.5,5997.0,5997.5,5997.5
2025-06-11 02:05:00,6400,5999,5996,5997,5998,6000,5997,5998,5999,5999.5,5996.5,5997.5,5998.5
2025-06-11 02:10:00,4800,5998,5996,5998,5996,5999,5997,5999,5997,5998.5,5996.5,5998.5,5996.5
2025-06-11 02:15:00,15600,5997,5992,5996,5996,5998,5993,5997,5997,5997.5,5992.5,5996.5,5996.5
2025-06-11 02:20:00,7600,5999,5996,5996,5999,6000,5997,5997,6000,5999.5,5996.5,5996.5,5999.5
2025-06-11 02:25:00,15400,5999,5997,5999,5997,6000,5998,6000,5999,5999.5,5997.5,5999.5,5998.0
2025-06-11 02:30:00,1000,5996,5996,5996,5996,5999,5999,5999,5999,5997.5,5997.5,5997.5,5997.5
2025-06-11 03:30:00,63400,6005,5995,5995,5997,6007,5998,5999,5999,6006.0,5997.0,5997.0,5998.0
2025-06-11 03:35:00,15300,5998,5993,5997,5996,5999,5994,5999,5998,5998.5,5993.5,5998.0,5997.0
2025-06-11 03:40:00,12200,5997,5991,5996,5992,5998,5992,5998,5993,5997.5,5991.5,5997.0,5992.5
2025-06-11 03:45:00,18100,5998,5992,5992,5996,5999,5993,5993,5998,5998.5,5992.5,5992.5,5997.0
2025-06-11 03:50:00,10200,5999,5996,5996,5999,6000,5998,5998,6000,5999.5,5997.0,5997.0,5999.5
2025-06-11 03:55:00,9600,6002,5999,5999,6002,6003,6000,6000,6003,6002.5,5999.5,5999.5,6002.5
2025-06-11 04:00:00,5300,6003,6002,6002,6003,6004,6003,6003,6004,6003.5,6002.5,6002.5,6003.5
2025-06-11 04:05:00,21100,6003,5998,6003,5998,6004,5999,6004,5999,6003.5,5998.5,6003.5,5998.5
2025-06-11 04:10:00,11700,6000,5996,5998,5998,6001,5998,5999,5999,6000.5,5997.0,5998.5,5998.5
2025-06-11 04:15:00,8100,6000,5997,5998,6000,6001,5998,5999,6001,6000.5,5997.5,5998.5,6000.5
2025-06-11 04:20:00,6600,6002,6000,6000,6001,6003,6001,6001,6002,6002.5,6000.5,6000.5,6001.5
2025-06-11 04:25:00,13300,6002,6000,6001,6000,6003,6001,6002,6001,6002.5,6000.5,6001.5,6000.5
2025-06-11 04:30:00,14400,6006,6000,6000,6006,6007,6001,6001,6007,6006.5,6000.5,6000.5,6006.5
2025-06-11 04:35:00,9400,6007,6004,6006,6007,6008,6005,6007,6008,6007.5,6004.5,6006.5,6007.5
2025-06-11 04:40:00,1800,6007,6007,6007,6007,6008,6008,6008,6008,6007.5,6007.5,6007.5,6007.5
2025-06-11 04:45:00,3600,6007,6007,6007,6007,6008,6008,6008,6008,6007.5,6007.5,6007.5,6007.5
2025-06-11 04:50:00,10600,6008,6006,6007,6008,6009,6007,6008,6009,6008.5,6006.5,6007.5,6008.5
2025-06-11 04:55:00,11800,6008,6005,6008,6006,6009,6006,6009,6007,6008.5,6005.5,6008.5,6006.5
2025-06-11 05:00:00,38700,6006,5999,6006,6006,6007,6002,6007,6007,6006.5,6001.5,6006.5,6006.5
2025-06-11 05:05:00,8300,6007,6005,6006,6006,6009,6006,6007,6007,6008.0,6005.5,6006.5,6006.5
2025-06-11 05:10:00,15000,6006,6004,6006,6005,6007,6005,6007,6006,6006.5,6004.5,6006.5,6005.5
2025-06-11 05:15:00,17000,6007,6003,6005,6004,6008,6004,6006,6005,6007.5,6003.5,6005.5,6004.5
2025-06-11 05:20:00,4200,6005,6004,6004,6005,6006,6005,6005,6006,6005.5,6004.5,6004.5,6005.5
2025-06-11 05:25:00,19200,6009,6004,6005,6005,6010,6005,6006,6006,6009.5,6004.5,6005.5,6005.5
2025-06-11 05:30:00,24000,6007,6003,6005,6006,6008,6004,6006,6007,6007.5,6003.5,6005.5,6006.5
2025-06-11 05:35:00,19500,6007,6002,6006,6003,6008,6003,6007,6004,6007.5,6002.5,6006.5,6003.5
2025-06-11 05:40:00,49200,6003,5994,6003,5994,6004,5996,6004,5996,6003.5,5995.0,6003.5,5995.0
2025-06-11 05:45:00,20600,5997,5994,5994,5996,5998,5996,5996,5997,5997.5,5995.0,5995.0,5996.5
2025-06-11 05:50:00,16300,5996,5995,5996,5996,5997,5996,5997,5997,5996.5,5995.5,5996.5,5996.5
2025-06-11 05:55:00,29400,5996,5992,5996,5996,5997,5993,5997,5997,5996.5,5992.5,5996.5,5996.5
2025-06-11 06:00:00,27000,5999,5994,5996,5994,6000,5995,5997,5995,5999.5,5994.5,5996.5,5994.5
2025-06-11 06:05:00,21500,5997,5994,5994,5995,5998,5995,5995,5996,5997.5,5994.5,5994.5,5995.5
2025-06-11 06:10:00,36200,5999,5994,5995,5998,6000,5995,5996,5999,5999.5,5994.5,5995.5,5998.5
2025-06-11 06:15:00,24800,6002,5998,5998,6001,6003,5999,5999,6002,6002.5,5998.5,5998.5,6001.5
2025-06-11 06:20:00,39600,6007,5999,6001,6003,6008,6000,6002,6005,6007.5,5999.5,6001.5,6004.0
2025-06-11 06:25:00,,6010,5969,6007,5998,6011,5970,6008,5999,6010.5,5969.5,6007.5,5998.5
2025-06-11 06:30:00,473700,5998,5998,5998,5998,6004,6004,6004,6004,6001.0,6001.0,6001.0,6001.0
2025-06-12 00:00:00,308800,6076,6036,6046,6058,6079,6040,6047,6061,6077.5,6038.0,6046.5,6059.5
2025-06-12 00:05:00,82900,6063,6033,6058,6040,6065,6034,6061,6042,6064.0,6033.5,6059.5,6041.0
2025-06-12 00:10:00,55000,6051,6038,6040,6048,6053,6040,6042,6050,6052.0,6039.0,6041.0,6049.0
2025-06-12 00:15:00,53700,6054,6042,6048,6043,6056,6044,6050,6045,6055.0,6043.0,6049.0,6044.0
2025-06-12 00:20:00,49000,6056,6043,6043,6045,6058,6045,6045,6047,6057.0,6044.0,6044.0,6046.0
2025-06-12 00:25:00,37800,6054,6036,6045,6053,6055,6037,6047,6055,6054.5,6036.5,6046.0,6054.0
2025-06-12 00:30:00,33600,6064,6042,6053,6046,6065,6044,6055,6047,6064.5,6043.0,6054.0,6046.5
2025-06-12 00:35:00,30800,6046,6036,6046,6044,6048,6037,6047,6046,6047.0,6036.5,6046.5,6045.0
2025-06-12 00:40:00,20600,6047,6040,6044,6042,6048,6041,6046,6043,6047.5,6040.5,6045.0,6042.5
2025-06-12 00:45:00,92200,6042,6022,6042,6029,6044,6024,6043,6031,6042.5,6023.0,6042.5,6030.0
2025-06-12 00:50:00,19100,6038,6024,6029,6035,6039,6025,6031,6037,6038.5,6024.5,6030.0,6036.0
2025-06-12 00:55:00,24600,6039,6025,6035,6033,6040,6027,6037,6034,6039.5,6026.0,6036.0,6033.5
2025-06-12 01:00:00,65800,6038,6028,6033,6036,6039,6029,6034,6037,6038.5,6028.5,6033.5,6036.5
2025-06-12 01:05:00,19200,6038,6031,6036,6036,6039,6032,6037,6037,6038.5,6031.5,6036.5,6036.5
2025-06-12 01:10:00,14800,6037,6030,6036,6034,6038,6031,6037,6035,6037.5,6030.5,6036.5,6034.5
2025-06-12 01:15:00,15000,6035,6029,6034,6031,6036,6030,6035,6032,6035.5,6029.5,6034.5,6031.5
2025-06-12 01:20:00,14100,6032,6029,6031,6032,6033,6030,6032,6033,6032.5,6029.5,6031.5,6032.5
2025-06-12 01:25:00,19300,6032,6022,6032,6024,6033,6023,6033,6025,6032.5,6022.5,6032.5,6024.5
2025-06-12 01:30:00,16300,6025,6020,6024,6021,6026,6021,6025,6022,6025.5,6020.5,6024.5,6021.5
2025-06-12 01:35:00,18000,6024,6017,6021,6018,6025,6018,6022,6019,6024.5,6017.5,6021.5,6018.5
2025-06-12 01:40:00,10700,6020,6016,6018,6020,6021,6018,6019,6021,6020.5,6017.0,6018.5,6020.5
2025-06-12 01:45:00,21800,6021,6013,6020,6013,6022,6014,6021,6014,6021.5,6013.5,6020.5,6013.5
2025-06-12 01:50:00,16300,6018,6013,6013,6014,6019,6014,6014,6016,6018.5,6013.5,6013.5,6015.0
2025-06-12 01:55:00,11600,6016,6013,6014,6014,6017,6014,6016,6015,6016.5,6013.5,6015.0,6014.5
2025-06-12 02:00:00,11000,6016,6014,6014,6016,6017,6015,6015,6017,6016.5,6014.5,6014.5,6016.5
2025-06-12 02:05:00,11700,6019,6016,6016,6019,6020,6017,6017,6020,6019.5,6016.5,6016.5,6019.5
2025-06-12 02:10:00,15100,6023,6019,6019,6023,6024,6020,6020,6024,6023.5,6019.5,6019.5,6023.5
2025-06-12 02:15:00,18400,6027,6021,6023,6027,6028,6022,6024,6028,6027.5,6021.5,6023.5,6027.5
2025-06-12 02:20:00,16500,6029,6025,6027,6027,6030,6026,6028,6028,6029.5,6025.5,6027.5,6027.5
2025-06-12 02:25:00,19000,6029,6023,6027,6026,6030,6024,6028,6027,6029.5,6023.5,6027.5,6026.5
2025-06-12 02:30:00,4600,6026,6026,6026,6026,6028,6028,6028,6028,6027.0,6027.0,6027.0,6027.0
2025-06-12 03:30:00,68300,6033,6019,6029,6022,6034,6020,6030,6023,6033.5,6019.5,6029.5,6022.5
2025-06-12 03:35:00,36100,6022,6013,6022,6014,6023,6014,6023,6015,6022.5,6013.5,6022.5,6014.5
2025-06-12 03:40:00,19100,6016,6011,6014,6012,6017,6013,6015,6013,6016.5,6012.0,6014.5,6012.5
2025-06-12 03:45:00,17100,6015,6011,6012,6015,6016,6012,6013,6016,6015.5,6011.5,6012.5,6015.5
2025-06-12 03:50:00,21800,6020,6015,6015,6020,6021,6016,6016,6021,6020.5,6015.5,6015.5,6020.5
2025-06-12 03:55:00,19000,6024,6020,6020,6023,6026,6021,6021,6024,6025.0,6020.5,6020.5,6023.5
2025-06-12 04:00:00,22000,6024,6021,6023,6024,6025,6022,6024,6025,6024.5,6021.5,6023.5,6024.5
2025-06-12 04:05:00,16300,6025,6020,6024,6021,6026,6021,6025,6022,6025.5,6020.5,6024.5,6021.5
2025-06-12 04:10:00,3900,6021,6021,6021,6021,6022,6022,6022,6022,6021.5,6021.5,6021.5,6021.5
2025-06-12 04:15:00,16900,6023,6021,6021,6023,6024,6022,6022,6024,6023.5,6021.5,6021.5,6023.5
2025-06-12 04:20:00,14900,6030,6023,6023,6030,6031,6024,6024,6031,6030.5,6023.5,6023.5,6030.5
2025-06-12 04:25:00,20000,6031,6026,6030,6026,6032,6027,6031,6027,6031.5,6026.5,6030.5,6026.5
2025-06-12 04:30:00,18000,6028,6023,6026,6025,6029,6024,6027,6026,6028.5,6023.5,6026.5,6025.5
2025-06-12 04:35:00,15100,6026,6023,6025,6025,6028,6025,6026,6026,6027.0,6024.0,6025.5,6025.5
2025-06-12 04:40:00,11600,6027,6024,6025,6027,6028,6025,6026,6028,6027.5,6024.5,6025.5,6027.5
2025-06-12 04:45:00,6600,6028,6026,6027,6027,6029,6027,6028,6028,6028.5,6026.5,6027.5,6027.5
2025-06-12 04:50:00,4900,6029,6027,6027,6029,6030,6028,6028,6030,6029.5,6027.5,6027.5,6029.5
2025-06-12 04:55:00,13800,6032,6029,6029,6032,6033,6030,6030,6033,6032.5,6029.5,6029.5,6032.5
2025-06-12 05:00:00,25000,6034,6030,6032,6033,6035,6031,6033,6034,6034.5,6030.5,6032.5,6033.5
2025-06-12 05:05:00,22300,6033,6028,6033,6028,6034,6029,6034,6029,6033.5,6028.5,6033.5,6028.5
2025-06-12 05:10:00,33300,6031,6026,6028,6029,6032,6027,6029,6030,6031.5,6026.5,6028.5,6029.5
2025-06-12 05:15:00,15500,6033,6029,6029,6032,6035,6030,6030,6033,6034.0,6029.5,6029.5,6032.5
2025-06-12 05:20:00,9300,6034,6032,6032,6033,6035,6033,6033,6034,6034.5,6032.5,6032.5,6033.5
2025-06-12 05:25:00,16600,6036,6033,6033,6036,6037,6034,6034,6037,6036.5,6033.5,6033.5,6036.5
2025-06-12 05:30:00,25800,6041,6036,6036,6039,6042,6037,6037,6040,6041.5,6036.5,6036.5,6039.5
2025-06-12 05:35:00,14500,6040,6036,6039,6036,6041,6037,6040,6037,6040.5,6036.5,6039.5,6036.5
2025-06-12 05:40:00,27000,6038,6033,6036,6037,6039,6034,6037,6038,6038.5,6033.5,6036.5,6037.5
2025-06-12 05:45:00,14800,6037,6035,6037,6036,6038,6036,6038,6037,6037.5,6035.5,6037.5,6036.5
2025-06-12 05:50:00,25600,6038,6033,6036,6034,6039,6034,6037,6035,6038.5,6033.5,6036.5,6034.5
2025-06-12 05:55:00,21300,6035,6033,6034,6034,6036,6034,6035,6035,6035.5,6033.5,6034.5,6034.5
2025-06-12 06:00:00,40500,6039,6031,6034,6034,6040,6032,6035,6035,6039.5,6031.5,6034.5,6034.5
2025-06-12 06:05:00,22700,6035,6030,6034,6034,6036,6031,6035,6035,6035.5,6030.5,6034.5,6034.5
2025-06-12 06:10:00,19800,6036,6033,6034,6034,6037,6034,6035,6035,6036.5,6033.5,6034.5,6034.5
2025-06-12 06:15:00,24200,6036,6033,6034,6034,6037,6034,6035,6035,6036.5,6033.5,6034.5,6034.5
2025-06-12 06:20:00,59100,6034,6029,6034,6033,6035,6031,6035,6034,6034.5,6030.0,6034.5,6033.5
2025-06-12 06:25:00,,6091,6011,6039,6018,6092,6012,6040,6019,6091.5,6011.5,6039.5,6018.5
2025-06-12 06:30:00,665800,6017,6017,6017,6017,6030,6030,6030,6030,6023.5,6023.5,6023.5,6023.5
2025-06-13 00:00:00,938500,6051,5996,6018,6002,6054,5997,6019,6004,6052.5,5996.5,6018.5,6003.0
2025-06-13 00:05:00,70200,6009,5992,6001,6008,6010,5993,6004,6010,6009.5,5992.5,6002.5,6009.0
2025-06-13 00:10:00,42000,6011,6004,6008,6006,6013,6005,6010,6008,6012.0,6004.5,6009.0,6007.0
2025-06-13 00:15:00,93900,6006,5966,6006,5969,6008,5968,6008,5971,6007.0,5967.5,6007.0,5970.0
2025-06-13 00:20:00,61500,5979,5968,5969,5971,5980,5970,5971,5972,5979.5,5969.0,5970.0,5971.5
2025-06-13 00:25:00,55000,5978,5966,5971,5969,5979,5967,5972,5971,5978.5,5966.5,5971.5,5970.0
2025-06-13 00:30:00,52600,5979,5967,5969,5978,5980,5968,5971,5980,5979.5,5967.5,5970.0,5979.0
2025-06-13 00:35:00,35800,5983,5972,5978,5976,5984,5973,5980,5978,5983.5,5972.5,5979.0,5977.0
2025-06-13 00:40:00,32300,5982,5965,5976,5965,5983,5967,5978,5967,5982.5,5966.0,5977.0,5966.0
2025-06-13 00:45:00,30200,5969,5956,5965,5957,5970,5957,5967,5958,5969.5,5956.5,5966.0,5957.5
2025-06-13 00:50:00,60200,5960,5941,5957,5941,5961,5942,5958,5943,5960.5,5941.5,5957.5,5942.0
2025-06-13 00:55:00,35000,5952,5939,5941,5945,5954,5940,5943,5947,5953.0,5939.5,5942.0,5946.0
2025-06-13 01:00:00,22000,5956,5944,5945,5951,5958,5945,5947,5953,5957.0,5944.5,5946.0,5952.0
2025-06-13 01:05:00,25600,5959,5945,5951,5958,5960,5946,5953,5959,5959.5,5945.5,5952.0,5958.5
2025-06-13 01:10:00,25400,5961,5952,5958,5961,5962,5954,5959,5962,5961.5,5953.0,5958.5,5961.5
2025-06-13 01:15:00,19200,5966,5958,5961,5961,5967,5960,5962,5962,5966.5,5959.0,5961.5,5961.5
2025-06-13 01:20:00,23500,5963,5950,5961,5953,5964,5952,5962,5955,5963.5,5951.0,5961.5,5954.0
2025-06-13 01:25:00,20800,5956,5948,5953,5949,5957,5950,5955,5952,5956.5,5949.0,5954.0,5950.5
2025-06-13 01:30:00,31900,5950,5938,5949,5943,5952,5940,5952,5945,5951.0,5939.0,5950.5,5944.0
2025-06-13 01:35:00,17900,5948,5942,5943,5946,5950,5943,5945,5948,5949.0,5942.5,5944.0,5947.0
2025-06-13 01:40:00,25900,5956,5942,5946,5955,5957,5943,5948,5956,5956.5,5942.5,5947.0,5955.5
2025-06-13 01:45:00,22900,5958,5942,5955,5943,5959,5943,5956,5945,5958.5,5942.5,5955.5,5944.0
2025-06-13 01:50:00,22500,5946,5941,5943,5946,5947,5942,5945,5947,5946.5,5941.5,5944.0,5946.5
2025-06-13 01:55:00,20100,5948,5943,5946,5948,5949,5945,5947,5949,5948.5,5944.0,5946.5,5948.5
2025-06-13 02:00:00,38800,5954,5947,5948,5947,5956,5948,5949,5949,5955.0,5947.5,5948.5,5948.0
2025-06-13 02:05:00,16200,5954,5947,5947,5952,5955,5949,5949,5954,5954.5,5948.0,5948.0,5953.0
2025-06-13 02:10:00,30600,5957,5950,5952,5952,5958,5951,5954,5954,5957.5,5950.5,5953.0,5953.0
2025-06-13 02:15:00,29600,5955,5938,5952,5940,5957,5939,5954,5942,5956.0,5938.5,5953.0,5941.0
2025-06-13 02:20:00,29100,5941,5936,5940,5939,5942,5937,5942,5941,5941.5,5936.5,5941.0,5940.0
2025-06-13 02:25:00,39200,5947,5939,5939,5945,5948,5940,5941,5947,5947.5,5939.5,5940.0,5946.0
2025-06-13 02:30:00,1100,5945,5945,5945,5945,5948,5948,5948,5948,5946.5,5946.5,5946.5,5946.5
2025-06-13 03:30:00,79500,5953,5932,5948,5934,5955,5933,5949,5936,5954.0,5932.5,5948.5,5935.0
2025-06-13 03:35:00,22300,5936,5931,5934,5934,5937,5932,5936,5935,5936.5,5931.5,5935.0,5934.5
2025-06-13 03:40:00,57900,5934,5920,5934,5931,5935,5921,5935,5932,5934.5,5920.5,5934.5,5931.5
2025-06-13 03:45:00,20800,5936,5930,5931,5934,5937,5931,5932,5936,5936.5,5930.5,5931.5,5935.0
2025-06-13 03:50:00,24300,5943,5933,5934,5938,5944,5935,5936,5940,5943.5,5934.5,5935.0,5939.0
2025-06-13 03:55:00,13300,5944,5938,5938,5942,5945,5940,5940,5944,5944.5,5939.0,5939.0,5943.0
2025-06-13 04:00:00,12700,5943,5931,5942,5934,5944,5932,5944,5935,5943.5,5931.5,5943.0,5934.5
2025-06-13 04:05:00,18300,5935,5932,5934,5933,5937,5933,5935,5935,5936.0,5932.5,5934.5,5934.0
2025-06-13 04:10:00,24400,5938,5926,5933,5928,5939,5927,5935,5929,5938.5,5926.5,5934.0,5928.5
2025-06-13 04:15:00,20800,5933,5925,5928,5932,5934,5926,5929,5933,5933.5,5925.5,5928.5,5932.5
2025-06-13 04:20:00,13600,5933,5926,5932,5928,5934,5927,5933,5929,5933.5,5926.5,5932.5,5928.5
2025-06-13 04:25:00,27900,5929,5921,5928,5922,5930,5922,5929,5923,5929.5,5921.5,5928.5,5922.5
2025-06-13 04:30:00,14900,5927,5922,5922,5926,5928,5923,5923,5927,5927.5,5922.5,5922.5,5926.5
2025-06-13 04:35:00,15600,5927,5923,5926,5923,5928,5924,5927,5925,5927.5,5923.5,5926.5,5924.0
2025-06-13 04:40:00,12600,5930,5923,5923,5927,5932,5925,5925,5928,5931.0,5924.0,5924.0,5927.5
2025-06-13 04:45:00,31500,5933,5925,5927,5930,5934,5926,5928,5932,5933.5,5925.5,5927.5,5931.0
2025-06-13 04:50:00,16000,5935,5930,5930,5931,5936,5932,5932,5932,5935.5,5931.0,5931.0,5931.5
2025-06-13 04:55:00,8600,5933,5931,5931,5932,5934,5932,5932,5933,5933.5,5931.5,5931.5,5932.5
2025-06-13 05:00:00,22100,5933,5928,5932,5933,5935,5930,5933,5934,5934.0,5929.0,5932.5,5933.5
2025-06-13 05:05:00,22100,5934,5930,5933,5932,5935,5931,5934,5933,5934.5,5930.5,5933.5,5932.5
2025-06-13 05:10:00,12400,5935,5931,5932,5935,5936,5932,5933,5936,5935.5,5931.5,5932.5,5935.5
2025-06-13 05:15:00,20900,5936,5933,5935,5936,5937,5934,5936,5937,5936.5,5933.5,5935.5,5936.5
2025-06-13 05:20:00,19000,5943,5936,5936,5941,5944,5937,5937,5943,5943.5,5936.5,5936.5,5942.0
2025-06-13 05:25:00,13900,5943,5938,5941,5940,5944,5939,5943,5942,5943.5,5938.5,5942.0,5941.0
2025-06-13 05:30:00,26100,5946,5940,5940,5946,5948,5942,5942,5947,5947.0,5941.0,5941.0,5946.5
2025-06-13 05:35:00,22000,5947,5943,5946,5943,5948,5944,5947,5945,5947.5,5943.5,5946.5,5944.0
2025-06-13 05:40:00,13200,5947,5943,5943,5947,5948,5945,5945,5948,5947.5,5944.0,5944.0,5947.5
2025-06-13 05:45:00,20700,5948,5945,5947,5946,5949,5946,5948,5947,5948.5,5945.5,5947.5,5946.5
2025-06-13 05:50:00,68100,5946,5938,5946,5939,5947,5939,5947,5940,5946.5,5938.5,5946.5,5939.5
2025-06-13 05:55:00,24600,5941,5938,5939,5939,5942,5939,5940,5940,5941.5,5938.5,5939.5,5939.5
2025-06-13 06:00:00,33700,5947,5936,5939,5942,5948,5937,5940,5943,5947.5,5936.5,5939.5,5942.5
2025-06-13 06:05:00,21300,5946,5941,5942,5941,5947,5942,5943,5943,5946.5,5941.5,5942.5,5942.0
2025-06-13 06:10:00,27900,5947,5940,5941,5942,5949,5942,5943,5943,5948.0,5941.0,5942.0,5942.5
2025-06-13 06:15:00,35300,5945,5941,5942,5945,5946,5942,5943,5946,5945.5,5941.5,5942.5,5945.5
2025-06-13 06:20:00,60200,5947,5941,5945,5946,5948,5942,5946,5948,5947.5,5941.5,5945.5,5947.0
2025-06-13 06:25:00,,5979,5925,5944,5951,5980,5926,5945,5952,5979.5,5925.5,5944.5,5951.5
2025-06-13 06:30:00,495100,5950,5950,5950,5950,5952,5952,5952,5952,5951.0,5951.0,5951.0,5951.0
2025-06-16 00:00:00,240400,6010,5957,5980,5975,6015,5960,5981,5977,6012.5,5958.5,5980.5,5976.0
2025-06-16 00:05:00,62400,5986,5971,5975,5985,5987,5972,5977,5987,5986.5,5971.5,5976.0,5986.0
2025-06-16 00:10:00,57600,5987,5971,5985,5975,5988,5972,5987,5976,5987.5,5971.5,5986.0,5975.5
2025-06-16 00:15:00,46800,5991,5975,5975,5977,5992,5976,5976,5978,5991.5,5975.5,5975.5,5977.5
2025-06-16 00:20:00,32500,5984,5973,5977,5973,5985,5974,5978,5974,5984.5,5973.5,5977.5,5973.5
2025-06-16 00:25:00,35400,5973,5957,5973,5958,5974,5958,5974,5960,5973.5,5957.5,5973.5,5959.0
2025-06-16 00:30:00,43700,5961,5947,5958,5959,5962,5949,5960,5960,5961.5,5948.0,5959.0,5959.5
2025-06-16 00:35:00,21300,5972,5957,5959,5972,5973,5958,5960,5973,5972.5,5957.5,5959.5,5972.5
2025-06-16 00:40:00,15800,5973,5966,5972,5967,5974,5967,5973,5968,5973.5,5966.5,5972.5,5967.5
2025-06-16 00:45:00,22700,5971,5965,5967,5971,5972,5966,5968,5972,5971.5,5965.5,5967.5,5971.5
2025-06-16 00:50:00,23400,5972,5960,5971,5971,5973,5962,5972,5972,5972.5,5961.0,5971.5,5971.5
2025-06-16 00:55:00,17000,5971,5964,5971,5964,5972,5965,5972,5965,5971.5,5964.5,5971.5,5964.5
2025-06-16 01:00:00,30000,5967,5961,5964,5965,5968,5962,5965,5966,5967.5,5961.5,5964.5,5965.5
2025-06-16 01:05:00,9700,5968,5964,5965,5968,5970,5965,5966,5969,5969.0,5964.5,5965.5,5968.5
2025-06-16 01:10:00,20900,5974,5962,5968,5962,5975,5963,5969,5963,5974.5,5962.5,5968.5,5962.5
2025-06-16 01:15:00,23500,5965,5952,5962,5953,5966,5954,5963,5954,5965.5,5953.0,5962.5,5953.5
2025-06-16 01:20:00,17000,5954,5947,5953,5947,5955,5948,5954,5948,5954.5,5947.5,5953.5,5947.5
2025-06-16 01:25:00,22300,5947,5941,5947,5943,5948,5942,5948,5945,5947.5,5941.5,5947.5,5944.0
2025-06-16 01:30:00,24300,5943,5933,5943,5939,5945,5934,5945,5940,5944.0,5933.5,5944.0,5939.5
2025-06-16 01:35:00,10300,5952,5939,5939,5951,5953,5940,5940,5952,5952.5,5939.5,5939.5,5951.5
2025-06-16 01:40:00,14200,5954,5947,5951,5948,5955,5948,5952,5949,5954.5,5947.5,5951.5,5948.5
2025-06-16 01:45:00,8300,5950,5940,5948,5941,5951,5942,5949,5942,5950.5,5941.0,5948.5,5941.5
2025-06-16 01:50:00,16500,5949,5941,5941,5948,5950,5942,5942,5949,5949.5,5941.5,5941.5,5948.5
2025-06-16 01:55:00,6100,5951,5947,5948,5947,5953,5948,5949,5948,5952.0,5947.5,5948.5,5947.5
2025-06-16 02:00:00,13700,5953,5947,5947,5952,5954,5948,5948,5953,5953.5,5947.5,5947.5,5952.5
2025-06-16 02:05:00,15100,5956,5951,5952,5956,5958,5952,5953,5957,5957.0,5951.5,5952.5,5956.5
2025-06-16 02:10:00,6900,5956,5954,5956,5955,5957,5955,5957,5956,5956.5,5954.5,5956.5,5955.5
2025-06-16 02:15:00,11700,5959,5955,5955,5959,5960,5956,5956,5960,5959.5,5955.5,5955.5,5959.5
2025-06-16 02:20:00,8500,5959,5958,5959,5959,5960,5959,5960,5960,5959.5,5958.5,5959.5,5959.5
2025-06-16 02:25:00,13100,5959,5957,5959,5959,5961,5958,5960,5961,5960.0,5957.5,5959.5,5960.0
2025-06-16 02:30:00,800,5958,5958,5958,5958,5961,5961,5961,5961,5959.5,5959.5,5959.5,5959.5
2025-06-16 03:30:00,94600,5974,5960,5960,5971,5975,5961,5961,5972,5974.5,5960.5,5960.5,5971.5
2025-06-16 03:35:00,25600,5973,5967,5971,5972,5974,5968,5972,5973,5973.5,5967.5,5971.5,5972.5
2025-06-16 03:40:00,20100,5974,5964,5972,5964,5975,5965,5973,5965,5974.5,5964.5,5972.5,5964.5
2025-06-16 03:45:00,23700,5969,5963,5964,5964,5970,5965,5965,5965,5969.5,5964.0,5964.5,5964.5
2025-06-16 03:50:00,16000,5968,5964,5964,5968,5970,5965,5965,5969,5969.0,5964.5,5964.5,5968.5
2025-06-16 03:55:00,25500,5973,5968,5968,5971,5974,5969,5969,5972,5973.5,5968.5,5968.5,5971.5
2025-06-16 04:00:00,14700,5974,5971,5971,5972,5975,5972,5972,5973,5974.5,5971.5,5971.5,5972.5
2025-06-16 04:05:00,15200,5973,5969,5972,5969,5974,5970,5973,5970,5973.5,5969.5,5972.5,5969.5
2025-06-16 04:10:00,18900,5973,5969,5969,5970,5974,5970,5970,5972,5973.5,5969.5,5969.5,5971.0
2025-06-16 04:15:00,9700,5972,5970,5970,5972,5973,5971,5972,5973,5972.5,5970.5,5971.0,5972.5
2025-06-16 04:20:00,18200,5975,5972,5972,5974,5976,5973,5973,5975,5975.5,5972.5,5972.5,5974.5
2025-06-16 04:25:00,15200,5976,5973,5974,5976,5977,5974,5975,5977,5976.5,5973.5,5974.5,5976.5
2025-06-16 04:30:00,19200,5979,5974,5976,5974,5980,5975,5977,5975,5979.5,5974.5,5976.5,5974.5
2025-06-16 04:35:00,9300,5975,5972,5974,5972,5976,5973,5975,5973,5975.5,5972.5,5974.5,5972.5
2025-06-16 04:40:00,19200,5976,5972,5972,5973,5978,5973,5973,5974,5977.0,5972.5,5972.5,5973.5
2025-06-16 04:45:00,5800,5974,5973,5973,5974,5975,5974,5974,5975,5974.5,5973.5,5973.5,5974.5
2025-06-16 04:50:00,16600,5975,5974,5974,5974,5977,5975,5975,5975,5976.0,5974.5,5974.5,5974.5
2025-06-16 04:55:00,7000,5975,5974,5974,5975,5977,5975,5975,5976,5976.0,5974.5,5974.5,5975.5
2025-06-16 05:00:00,44400,5975,5969,5975,5971,5976,5970,5976,5972,5975.5,5969.5,5975.5,5971.5
2025-06-16 05:05:00,22900,5974,5970,5971,5974,5975,5971,5972,5975,5974.5,5970.5,5971.5,5974.5
2025-06-16 05:10:00,15100,5974,5972,5974,5972,5975,5973,5975,5973,5974.5,5972.5,5974.5,5972.5
2025-06-16 05:15:00,10600,5974,5972,5972,5974,5975,5973,5973,5975,5974.5,5972.5,5972.5,5974.5
2025-06-16 05:20:00,16400,5975,5972,5974,5973,5976,5973,5975,5974,5975.5,5972.5,5974.5,5973.5
2025-06-16 05:25:00,16000,5973,5969,5973,5971,5974,5970,5974,5972,5973.5,5969.5,5973.5,5971.5
2025-06-16 05:30:00,45400,5972,5963,5971,5967,5973,5965,5972,5968,5972.5,5964.0,5971.5,5967.5
2025-06-16 05:35:00,24900,5972,5967,5967,5970,5973,5968,5968,5971,5972.5,5967.5,5967.5,5970.5
2025-06-16 05:40:00,35300,5972,5968,5970,5968,5973,5969,5971,5969,5972.5,5968.5,5970.5,5968.5
2025-06-16 05:45:00,36900,5971,5965,5968,5968,5973,5966,5969,5969,5972.0,5965.5,5968.5,5968.5
2025-06-16 05:50:00,26300,5970,5965,5968,5965,5971,5966,5969,5966,5970.5,5965.5,5968.5,5965.5
2025-06-16 05:55:00,25300,5968,5965,5965,5966,5969,5966,5966,5967,5968.5,5965.5,5965.5,5966.5
2025-06-16 06:00:00,31100,5972,5966,5966,5971,5973,5967,5967,5972,5972.5,5966.5,5966.5,5971.5
2025-06-16 06:05:00,39600,5971,5965,5971,5967,5972,5966,5972,5968,5971.5,5965.5,5971.5,5967.5
2025-06-16 06:10:00,41600,5969,5962,5967,5965,5970,5963,5968,5966,5969.5,5962.5,5967.5,5965.5
2025-06-16 06:15:00,36600,5968,5963,5965,5966,5970,5964,5966,5967,5969.0,5963.5,5965.5,5966.5
2025-06-16 06:20:00,68300,5970,5958,5966,5958,5971,5960,5967,5960,5970.5,5959.0,5966.5,5959.0
2025-06-16 06:25:00,,5985,5928,5952,5959,5986,5929,5952,5960,5985.5,5928.5,5952.0,5959.5
2025-06-16 06:30:00,458900,5958,5958,5958,5958,5960,5960,5960,5960,5959.0,5959.0,5959.0,5959.0
2025-06-17 00:00:00,224200,5987,5952,5958,5973,5989,5956,5959,5975,5988.0,5954.0,5958.5,5974.0
2025-06-17 00:05:00,70200,5978,5958,5973,5962,5980,5959,5975,5964,5978.5,5958.5,5974.0,5963.0
2025-06-17 00:10:00,41300,5970,5958,5962,5970,5972,5960,5964,5972,5971.0,5959.0,5963.0,5971.0
2025-06-17 00:15:00,33600,5979,5965,5970,5974,5980,5966,5972,5975,5979.5,5965.5,5971.0,5974.5
2025-06-17 00:20:00,26100,5979,5971,5974,5974,5980,5973,5975,5976,5979.5,5972.0,5974.5,5975.0
2025-06-17 00:25:00,29500,5975,5964,5974,5969,5976,5965,5976,5971,5975.5,5964.5,5975.0,5970.0
2025-06-17 00:30:00,17400,5973,5966,5969,5973,5974,5967,5971,5974,5973.5,5966.5,5970.0,5973.5
2025-06-17 00:35:00,21400,5978,5973,5973,5978,5979,5974,5974,5979,5978.5,5973.5,5973.5,5978.5
2025-06-17 00:40:00,25100,5982,5976,5978,5981,5983,5978,5979,5983,5982.5,5977.0,5978.5,5982.0
2025-06-17 00:45:00,20500,5987,5980,5981,5987,5988,5981,5983,5988,5987.5,5980.5,5982.0,5987.5
2025-06-17 00:50:00,16600,5988,5983,5987,5987,5989,5984,5988,5988,5988.5,5983.5,5987.5,5987.5
2025-06-17 00:55:00,21000,5992,5986,5987,5990,5993,5987,5988,5992,5992.5,5986.5,5987.5,5991.0
2025-06-17 01:00:00,30800,5997,5990,5990,5997,5998,5992,5992,5998,5997.5,5991.0,5991.0,5997.5
2025-06-17 01:05:00,20300,5998,5992,5997,5993,5999,5993,5998,5994,5998.5,5992.5,5997.5,5993.5
2025-06-17 01:10:00,14900,5993,5986,5993,5991,5994,5988,5994,5992,5993.5,5987.0,5993.5,5991.5
2025-06-17 01:15:00,10600,5992,5989,5991,5991,5993,5990,5992,5992,5992.5,5989.5,5991.5,5991.5
2025-06-17 01:20:00,8300,5991,5989,5991,5990,5992,5990,5992,5991,5991.5,5989.5,5991.5,5990.5
2025-06-17 01:25:00,11900,5993,5988,5990,5993,5994,5989,5991,5994,5993.5,5988.5,5990.5,5993.5
2025-06-17 01:30:00,7600,5993,5991,5993,5992,5994,5992,5994,5993,5993.5,5991.5,5993.5,5992.5
2025-06-17 01:35:00,9200,5993,5989,5992,5990,5994,5990,5993,5991,5993.5,5989.5,5992.5,5990.5
2025-06-17 01:40:00,7700,5990,5986,5990,5987,5991,5987,5991,5988,5990.5,5986.5,5990.5,5987.5
2025-06-17 01:45:00,12700,5991,5986,5987,5991,5992,5988,5988,5992,5991.5,5987.0,5987.5,5991.5
2025-06-17 01:50:00,7100,5992,5990,5991,5990,5993,5991,5992,5991,5992.5,5990.5,5991.5,5990.5
2025-06-17 01:55:00,12400,5994,5989,5990,5992,5995,5990,5991,5994,5994.5,5989.5,5990.5,5993.0
2025-06-17 02:00:00,8100,5993,5990,5992,5993,5994,5991,5994,5994,5993.5,5990.5,5993.0,5993.5
2025-06-17 02:05:00,5700,5993,5990,5993,5991,5994,5991,5994,5992,5993.5,5990.5,5993.5,5991.5
2025-06-17 02:10:00,7600,5991,5988,5991,5989,5992,5989,5992,5990,5991.5,5988.5,5991.5,5989.5
2025-06-17 02:15:00,12800,5993,5989,5989,5993,5994,5990,5990,5994,5993.5,5989.5,5989.5,5993.5
2025-06-17 02:20:00,8900,5995,5993,5993,5995,5996,5994,5994,5996,5995.5,5993.5,5993.5,5995.5
2025-06-17 02:25:00,14200,5997,5994,5995,5996,5998,5996,5996,5997,5997.5,5995.0,5995.5,5996.5
2025-06-17 02:30:00,1800,5996,5996,5996,5996,5998,5998,5998,5998,5997.0,5997.0,5997.0,5997.0
2025-06-17 03:30:00,83400,6009,5997,5999,6002,6010,5999,6000,6003,6009.5,5998.0,5999.5,6002.5
2025-06-17 03:35:00,21700,6007,6002,6002,6004,6008,6003,6003,6006,6007.5,6002.5,6002.5,6005.0
2025-06-17 03:40:00,15200,6008,6003,6004,6008,6009,6004,6006,6009,6008.5,6003.5,6005.0,6008.5
2025-06-17 03:45:00,13200,6008,6006,6008,6007,6009,6007,6009,6008,6008.5,6006.5,6008.5,6007.5
2025-06-17 03:50:00,25200,6007,6004,6007,6005,6008,6005,6008,6006,6007.5,6004.5,6007.5,6005.5
2025-06-17 03:55:00,10800,6005,6002,6005,6003,6006,6003,6006,6004,6005.5,6002.5,6005.5,6003.5
2025-06-17 04:00:00,16700,6005,6003,6003,6005,6006,6004,6004,6006,6005.5,6003.5,6003.5,6005.5
2025-06-17 04:05:00,10200,6007,6005,6005,6007,6008,6006,6006,6008,6007.5,6005.5,6005.5,6007.5
2025-06-17 04:10:00,22300,6007,6004,6007,6005,6008,6005,6008,6006,6007.5,6004.5,6007.5,6005.5
2025-06-17 04:15:00,9600,6005,6002,6005,6004,6006,6003,6006,6005,6005.5,6002.5,6005.5,6004.5
2025-06-17 04:20:00,16600,6005,6002,6004,6003,6006,6003,6005,6004,6005.5,6002.5,6004.5,6003.5
2025-06-17 04:25:00,10000,6003,6001,6003,6002,6004,6002,6004,6003,6003.5,6001.5,6003.5,6002.5
2025-06-17 04:30:00,14100,6005,6002,6002,6005,6006,6003,6003,6006,6005.5,6002.5,6002.5,6005.5
2025-06-17 04:35:00,12200,6005,6003,6005,6003,6006,6004,6006,6004,6005.5,6003.5,6005.5,6003.5
2025-06-17 04:40:00,6200,6005,6003,6003,6005,6006,6004,6004,6006,6005.5,6003.5,6003.5,6005.5
2025-06-17 04:45:00,29000,6007,6005,6005,6006,6008,6006,6006,6007,6007.5,6005.5,6005.5,6006.5
2025-06-17 04:50:00,7100,6006,6006,6006,6006,6007,6007,6007,6007,6006.5,6006.5,6006.5,6006.5
2025-06-17 04:55:00,12000,6007,6006,6006,6006,6008,6007,6007,6007,6007.5,6006.5,6006.5,6006.5
2025-06-17 05:00:00,17800,6008,6005,6006,6007,6009,6006,6007,6008,6008.5,6005.5,6006.5,6007.5
2025-06-17 05:05:00,20300,6009,6007,6007,6008,6010,6008,6008,6009,6009.5,6007.5,6007.5,6008.5
2025-06-17 05:10:00,15600,6009,6007,6008,6007,6010,6008,6009,6008,6009.5,6007.5,6008.5,6007.5
2025-06-17 05:15:00,15800,6007,6003,6007,6007,6008,6004,6008,6008,6007.5,6003.5,6007.5,6007.5
2025-06-17 05:20:00,10400,6007,6004,6007,6004,6008,6006,6008,6006,6007.5,6005.0,6007.5,6005.0
2025-06-17 05:25:00,11500,6006,6004,6004,6006,6007,6006,6006,6007,6006.5,6005.0,6005.0,6006.5
2025-06-17 05:30:00,36700,6011,6006,6006,6010,6012,6007,6007,6011,6011.5,6006.5,6006.5,6010.5
2025-06-17 05:35:00,20200,6011,6008,6010,6009,6012,6010,6011,6010,6011.5,6009.0,6010.5,6009.5
2025-06-17 05:40:00,14900,6010,6009,6009,6010,6011,6010,6010,6011,6010.5,6009.5,6009.5,6010.5
2025-06-17 05:45:00,29500,6010,6007,6010,6007,6011,6008,6011,6008,6010.5,6007.5,6010.5,6007.5
2025-06-17 05:50:00,26200,6007,6001,6007,6001,6008,6002,6008,6002,6007.5,6001.5,6007.5,6001.5
2025-06-17 05:55:00,24300,6005,6000,6001,6004,6006,6002,6002,6005,6005.5,6001.0,6001.5,6004.5
2025-06-17 06:00:00,29800,6007,6003,6004,6007,6008,6004,6005,6008,6007.5,6003.5,6004.5,6007.5
2025-06-17 06:05:00,21100,6008,6007,6007,6008,6009,6008,6008,6009,6008.5,6007.5,6007.5,6008.5
2025-06-17 06:10:00,24500,6011,6006,6008,6011,6012,6007,6009,6012,6011.5,6006.5,6008.5,6011.5
2025-06-17 06:15:00,36300,6011,6007,6011,6009,6012,6008,6012,6010,6011.5,6007.5,6011.5,6009.5
2025-06-17 06:20:00,61300,6016,6009,6009,6014,6018,6010,6010,6016,6017.0,6009.5,6009.5,6015.0
2025-06-17 06:25:00,,6047,6019,6033,6019,6048,6020,6034,6020,6047.5,6019.5,6033.5,6019.5
2025-06-17 06:30:00,437400,6015,6015,6015,6015,6020,6020,6020,6020,6017.5,6017.5,6017.5,6017.5
2025-06-18 00:00:00,227400,5980,5950,5964,5963,5982,5952,5965,5964,5981.0,5951.0,5964.5,5963.5
2025-06-18 00:05:00,103800,5965,5945,5963,5965,5967,5946,5964,5967,5966.0,5945.5,5963.5,5966.0
2025-06-18 00:10:00,56500,5970,5960,5965,5967,5972,5961,5967,5969,5971.0,5960.5,5966.0,5968.0
2025-06-18 00:15:00,47700,5973,5962,5967,5966,5974,5963,5969,5968,5973.5,5962.5,5968.0,5967.0
2025-06-18 00:20:00,44700,5975,5965,5966,5970,5976,5966,5968,5971,5975.5,5965.5,5967.0,5970.5
2025-06-18 00:25:00,68800,5987,5970,5970,5986,5988,5971,5971,5988,5987.5,5970.5,5970.5,5987.0
2025-06-18 00:30:00,36600,5999,5986,5987,5998,6000,5987,5988,5999,5999.5,5986.5,5987.5,5998.5
2025-06-18 00:35:00,22600,6004,5994,5998,6004,6005,5995,5999,6005,6004.5,5994.5,5998.5,6004.5
2025-06-18 00:40:00,63300,6007,5997,6004,6001,6008,5998,6005,6002,6007.5,5997.5,6004.5,6001.5
2025-06-18 00:45:00,27300,6003,5997,6001,6001,6004,5998,6002,6002,6003.5,5997.5,6001.5,6001.5
2025-06-18 00:50:00,22200,6006,6000,6001,6002,6007,6001,6002,6003,6006.5,6000.5,6001.5,6002.5
2025-06-18 00:55:00,20400,6018,6002,6002,6018,6020,6003,6003,6019,6019.0,6002.5,6002.5,6018.5
2025-06-18 01:00:00,25800,6019,6007,6018,6012,6020,6008,6019,6013,6019.5,6007.5,6018.5,6012.5
2025-06-18 01:05:00,14500,6014,6005,6012,6005,6015,6006,6013,6006,6014.5,6005.5,6012.5,6005.5
2025-06-18 01:10:00,23100,6008,6001,6005,6001,6009,6002,6006,6002,6008.5,6001.5,6005.5,6001.5
2025-06-18 01:15:00,17600,6001,5996,6001,5996,6002,5998,6002,5998,6001.5,5997.0,6001.5,5997.0
2025-06-18 01:20:00,13100,5997,5993,5996,5993,5998,5994,5998,5994,5997.5,5993.5,5997.0,5993.5
2025-06-18 01:25:00,12900,5995,5991,5993,5993,5996,5992,5994,5994,5995.5,5991.5,5993.5,5993.5
2025-06-18 01:30:00,22500,6006,5992,5993,6004,6007,5993,5994,6005,6006.5,5992.5,5993.5,6004.5
2025-06-18 01:35:00,10800,6006,6003,6004,6003,6007,6004,6005,6004,6006.5,6003.5,6004.5,6003.5
2025-06-18 01:40:00,17700,6011,6003,6003,6010,6012,6004,6004,6011,6011.5,6003.5,6003.5,6010.5
2025-06-18 01:45:00,16200,6011,6004,6010,6006,6012,6005,6011,6007,6011.5,6004.5,6010.5,6006.5
2025-06-18 01:50:00,13300,6012,6006,6006,6012,6013,6007,6007,6013,6012.5,6006.5,6006.5,6012.5
2025-06-18 01:55:00,7700,6012,6007,6012,6007,6013,6008,6013,6009,6012.5,6007.5,6012.5,6008.0
2025-06-18 02:00:00,15100,6014,6007,6007,6013,6015,6009,6009,6014,6014.5,6008.0,6008.0,6013.5
2025-06-18 02:05:00,5100,6014,6013,6013,6014,6015,6014,6014,6015,6014.5,6013.5,6013.5,6014.5
2025-06-18 02:10:00,13100,6017,6014,6014,6016,6018,6015,6015,6017,6017.5,6014.5,6014.5,6016.5
2025-06-18 02:15:00,31900,6022,6015,6016,6020,6023,6016,6017,6022,6022.5,6015.5,6016.5,6021.0
2025-06-18 02:20:00,8400,6022,6019,6020,6022,6023,6020,6022,6023,6022.5,6019.5,6021.0,6022.5
2025-06-18 02:25:00,25700,6027,6019,6022,6025,6028,6020,6023,6027,6027.5,6019.5,6022.5,6026.0
2025-06-18 02:30:00,2200,6025,6025,6025,6025,6027,6027,6027,6027,6026.0,6026.0,6026.0,6026.0
2025-06-18 03:30:00,69300,6029,6021,6026,6023,6030,6022,6027,6024,6029.5,6021.5,6026.5,6023.5
2025-06-18 03:35:00,17800,6025,6022,6023,6023,6026,6023,6024,6024,6025.5,6022.5,6023.5,6023.5
2025-06-18 03:40:00,24300,6031,6023,6023,6031,6032,6024,6024,6032,6031.5,6023.5,6023.5,6031.5
2025-06-18 03:45:00,13400,6032,6030,6031,6030,6033,6031,6032,6031,6032.5,6030.5,6031.5,6030.5
2025-06-18 03:50:00,55500,6047,6030,6030,6046,6048,6031,6031,6047,6047.5,6030.5,6030.5,6046.5
2025-06-18 03:55:00,31900,6047,6043,6046,6044,6048,6045,6047,6045,6047.5,6044.0,6046.5,6044.5
2025-06-18 04:00:00,9600,6045,6043,6044,6045,6046,6044,6045,6046,6045.5,6043.5,6044.5,6045.5
2025-06-18 04:05:00,26100,6049,6043,6045,6047,6050,6045,6046,6048,6049.5,6044.0,6045.5,6047.5
2025-06-18 04:10:00,15100,6049,6047,6047,6049,6050,6048,6048,6050,6049.5,6047.5,6047.5,6049.5
2025-06-18 04:15:00,35300,6051,6044,6049,6044,6052,6045,6050,6046,6051.5,6044.5,6049.5,6045.0
2025-06-18 04:20:00,15900,6044,6034,6044,6034,6046,6035,6046,6036,6045.0,6034.5,6045.0,6035.0
2025-06-18 04:25:00,14000,6036,6033,6034,6034,6037,6034,6036,6035,6036.5,6033.5,6035.0,6034.5
2025-06-18 04:30:00,13400,6035,6030,6034,6031,6036,6031,6035,6032,6035.5,6030.5,6034.5,6031.5
2025-06-18 04:35:00,24700,6035,6031,6031,6032,6037,6032,6032,6033,6035.5,6031.5,6031.5,6032.5
2025-06-18 04:40:00,17000,6039,6032,6032,6038,6040,6033,6033,6039,6039.5,6032.5,6032.5,6038.5
2025-06-18 04:45:00,18700,6040,6036,6038,6040,6041,6038,6039,6041,6040.5,6037.0,6038.5,6040.5
2025-06-18 04:50:00,6600,6043,6040,6040,6043,6044,6041,6041,6044,6043.5,6040.5,6040.5,6043.5
2025-06-18 04:55:00,22300,6045,6041,6043,6042,6046,6042,6044,6043,6045.5,6041.5,6043.5,6042.5
2025-06-18 05:00:00,15500,6044,6042,6042,6043,6045,6043,6043,6044,6044.5,6042.5,6042.5,6043.5
2025-06-18 05:05:00,16000,6044,6042,6043,6043,6045,6043,6044,6044,6044.5,6042.5,6043.5,6043.5
2025-06-18 05:10:00,16300,6045,6041,6043,6044,6046,6042,6044,6045,6045.5,6041.5,6043.5,6044.5
2025-06-18 05:15:00,8500,6045,6044,6044,6045,6046,6045,6045,6046,6045.5,6044.5,6044.5,6045.5
2025-06-18 05:20:00,14700,6047,6045,6045,6047,6048,6046,6046,6048,6047.5,6045.5,6045.5,6047.5
2025-06-18 05:25:00,17900,6049,6046,6047,6047,6050,6047,6048,6048,6049.5,6046.5,6047.5,6047.5
2025-06-18 05:30:00,21500,6047,6042,6047,6042,6048,6043,6048,6043,6047.5,6042.5,6047.5,6042.5
2025-06-18 05:35:00,19300,6042,6039,6042,6039,6043,6040,6043,6040,6042.5,6039.5,6042.5,6039.5
2025-06-18 05:40:00,10800,6041,6039,6039,6039,6042,6040,6040,6040,6041.5,6039.5,6039.5,6039.5
2025-06-18 05:45:00,19700,6042,6038,6039,6040,6043,6039,6040,6041,6042.5,6038.5,6039.5,6040.5
2025-06-18 05:50:00,24500,6046,6040,6040,6045,6047,6041,6041,6046,6046.5,6040.5,6040.5,6045.5
2025-06-18 05:55:00,18100,6046,6042,6045,6042,6047,6043,6046,6044,6046.5,6042.5,6045.5,6043.0
2025-06-18 06:00:00,18700,6047,6042,6042,6046,6048,6044,6044,6047,6047.5,6043.0,6043.0,6046.5
2025-06-18 06:05:00,18100,6047,6042,6046,6042,6048,6043,6047,6043,6047.5,6042.5,6046.5,6042.5
2025-06-18 06:10:00,24500,6045,6042,6042,6044,6046,6043,6043,6045,6045.5,6042.5,6042.5,6044.5
2025-06-18 06:15:00,38400,6048,6044,6044,6047,6049,6045,6045,6048,6048.5,6044.5,6044.5,6047.5
2025-06-18 06:20:00,75700,6056,6047,6047,6053,6059,6048,6048,6055,6057.5,6047.5,6047.5,6054.0
2025-06-18 06:25:00,,6069,6026,6068,6059,6070,6027,6069,6060,6069.5,6026.5,6068.5,6059.5
2025-06-18 06:30:00,531100,6057,6057,6057,6057,6060,6060,6060,6060,6058.5,6058.5,6058.5,6058.5
2025-06-19 00:00:00,161500,6061,6030,6031,6042,6064,6031,6031,6044,6061.5,6030.5,6031.0,6043.0
2025-06-19 00:05:00,40000,6056,6041,6042,6052,6058,6043,6044,6053,6057.0,6042.0,6043.0,6052.5
2025-06-19 00:10:00,31300,6052,6039,6052,6040,6053,6040,6053,6041,6052.5,6039.5,6052.5,6040.5
2025-06-19 00:15:00,53500,6041,6016,6040,6021,6043,6017,6041,6022,6042.0,6016.5,6040.5,6021.5
2025-06-19 00:20:00,21500,6035,6020,6021,6030,6036,6022,6022,6032,6035.5,6021.0,6021.5,6031.0
2025-06-19 00:25:00,21700,6031,6022,6030,6024,6033,6023,6032,6026,6032.0,6022.5,6031.0,6025.0
2025-06-19 00:30:00,21700,6031,6022,6024,6022,6032,6023,6026,6024,6031.5,6022.5,6025.0,6023.0
2025-06-19 00:35:00,20900,6024,6020,6023,6022,6026,6021,6024,6023,6025.0,6020.5,6023.5,6022.5
2025-06-19 00:40:00,13400,6023,6019,6022,6021,6024,6020,6023,6022,6023.5,6019.5,6022.5,6021.5
2025-06-19 00:45:00,24900,6020,6012,6020,6014,6022,6014,6022,6015,6021.0,6013.0,6021.0,6014.5
2025-06-19 00:50:00,27600,6014,6006,6014,6010,6015,6007,6015,6011,6014.5,6006.5,6014.5,6010.5
2025-06-19 00:55:00,12800,6015,6007,6010,6011,6017,6009,6011,6012,6016.0,6008.0,6010.5,6011.5
2025-06-19 01:00:00,29100,6012,6004,6011,6004,6014,6005,6012,6006,6013.0,6004.5,6011.5,6005.0
2025-06-19 01:05:00,25900,6019,6002,6004,6017,6020,6003,6006,6018,6019.5,6002.5,6005.0,6017.5
2025-06-19 01:10:00,12500,6022,6015,6017,6019,6023,6017,6018,6021,6022.5,6016.0,6017.5,6020.0
2025-06-19 01:15:00,7900,6020,6016,6019,6016,6021,6017,6021,6017,6020.5,6016.5,6020.0,6016.5
2025-06-19 01:20:00,9800,6016,6012,6016,6014,6017,6013,6017,6016,6016.5,6012.5,6016.5,6015.0
2025-06-19 01:25:00,7400,6017,6013,6014,6017,6018,6014,6016,6018,6017.5,6013.5,6015.0,6017.5
2025-06-19 01:30:00,9500,6023,6017,6017,6022,6024,6018,6018,6023,6023.5,6017.5,6017.5,6022.5
2025-06-19 01:35:00,7600,6022,6020,6022,6022,6023,6021,6023,6023,6022.5,6020.5,6022.5,6022.5
2025-06-19 01:40:00,7700,6024,6022,6022,6022,6025,6023,6023,6023,6024.5,6022.5,6022.5,6022.5
2025-06-19 01:45:00,6800,6027,6022,6022,6026,6028,6023,6023,6027,6027.5,6022.5,6022.5,6026.5
2025-06-19 01:50:00,8300,6027,6025,6026,6026,6028,6026,6027,6027,6027.5,6025.5,6026.5,6026.5
2025-06-19 01:55:00,9400,6033,6025,6026,6032,6034,6027,6027,6034,6033.5,6026.0,6026.5,6033.0
2025-06-19 02:00:00,5800,6034,6031,6032,6032,6035,6032,6034,6033,6034.5,6031.5,6033.0,6032.5
2025-06-19 02:05:00,3400,6033,6029,6032,6029,6034,6030,6033,6030,6033.5,6029.5,6032.5,6029.5
2025-06-19 02:10:00,8200,6031,6028,6029,6029,6032,6029,6030,6030,6031.5,6028.5,6029.5,6029.5
2025-06-19 02:15:00,7700,6033,6029,6029,6031,6034,6030,6030,6032,6033.5,6029.5,6029.5,6031.5
2025-06-19 02:20:00,8200,6036,6031,6031,6035,6037,6032,6032,6036,6036.5,6031.5,6031.5,6035.5
2025-06-19 02:25:00,10300,6039,6035,6035,6036,6040,6036,6036,6037,6039.5,6035.5,6035.5,6036.5
2025-06-19 02:30:00,1700,6036,6036,6036,6036,6037,6037,6037,6037,6036.5,6036.5,6036.5,6036.5
2025-06-19 03:30:00,51400,6045,6039,6039,6045,6046,6040,6040,6046,6045.5,6039.5,6039.5,6045.5
2025-06-19 03:35:00,22000,6053,6045,6045,6048,6054,6046,6046,6049,6053.5,6045.5,6045.5,6048.5
2025-06-19 03:40:00,17300,6050,6046,6048,6049,6051,6047,6049,6050,6050.5,6046.5,6048.5,6049.5
2025-06-19 03:45:00,7400,6050,6049,6049,6049,6051,6050,6050,6050,6050.5,6049.5,6049.5,6049.5
2025-06-19 03:50:00,11100,6049,6045,6049,6047,6050,6046,6050,6048,6049.5,6045.5,6049.5,6047.5
2025-06-19 03:55:00,16400,6051,6047,6047,6048,6052,6048,6048,6049,6051.5,6047.5,6047.5,6048.5
2025-06-19 04:00:00,10700,6049,6046,6048,6047,6051,6048,6049,6048,6050.0,6047.0,6048.5,6047.5
2025-06-19 04:05:00,8700,6048,6046,6047,6048,6049,6047,6048,6049,6048.5,6046.5,6047.5,6048.5
2025-06-19 04:10:00,4000,6048,6047,6048,6047,6049,6048,6049,6048,6048.5,6047.5,6048.5,6047.5
2025-06-19 04:15:00,15600,6047,6044,6047,6046,6048,6045,6048,6047,6047.5,6044.5,6047.5,6046.5
2025-06-19 04:20:00,4300,6047,6046,6046,6047,6048,6047,6047,6048,6047.5,6046.5,6046.5,6047.5
2025-06-19 04:25:00,14000,6048,6046,6047,6047,6049,6047,6048,6048,6048.5,6046.5,6047.5,6047.5
2025-06-19 04:30:00,15200,6049,6046,6047,6048,6050,6047,6048,6049,6049.5,6046.5,6047.5,6048.5
2025-06-19 04:35:00,6300,6049,6046,6048,6046,6050,6047,6049,6047,6049.5,6046.5,6048.5,6046.5
2025-06-19 04:40:00,19900,6049,6046,6046,6049,6050,6047,6047,6050,6049.5,6046.5,6046.5,6049.5
2025-06-19 04:45:00,12600,6052,6048,6049,6050,6053,6049,6050,6051,6052.5,6048.5,6049.5,6050.5
2025-06-19 04:50:00,4300,6050,6048,6050,6048,6051,6049,6051,6049,6050.5,6048.5,6050.5,6048.5
2025-06-19 04:55:00,7400,6050,6048,6048,6048,6051,6049,6049,6049,6050.5,6048.5,6048.5,6048.5
2025-06-19 05:00:00,7300,6048,6046,6048,6047,6049,6048,6049,6048,6048.5,6047.0,6048.5,6047.5
2025-06-19 05:05:00,11900,6049,6046,6047,6046,6050,6047,6048,6047,6049.5,6046.5,6047.5,6046.5
2025-06-19 05:10:00,20000,6046,6043,6046,6044,6047,6044,6047,6045,6046.5,6043.5,6046.5,6044.5
2025-06-19 05:15:00,10600,6048,6044,6044,6048,6049,6045,6045,6049,6048.5,6044.5,6044.5,6048.5
2025-06-19 05:20:00,10400,6049,6048,6048,6049,6050,6049,6049,6050,6049.5,6048.5,6048.5,6049.5
2025-06-19 05:25:00,21700,6052,6049,6049,6051,6053,6050,6050,6052,6052.5,6049.5,6049.5,6051.5
2025-06-19 05:30:00,11700,6052,6050,6051,6050,6053,6051,6052,6051,6052.5,6050.5,6051.5,6050.5
2025-06-19 05:35:00,18100,6050,6045,6050,6045,6051,6046,6051,6046,6050.5,6045.5,6050.5,6045.5
2025-06-19 05:40:00,32200,6047,6039,6045,6045,6048,6040,6046,6046,6047.5,6039.5,6045.5,6045.5
2025-06-19 05:45:00,8700,6045,6042,6045,6043,6046,6043,6046,6044,6045.5,6042.5,6045.5,6043.5
2025-06-19 05:50:00,13300,6044,6042,6043,6042,6045,6043,6044,6043,6044.5,6042.5,6043.5,6042.5
2025-06-19 05:55:00,17800,6044,6041,6042,6043,6045,6042,6043,6044,6044.5,6041.5,6042.5,6043.5
2025-06-19 06:00:00,18200,6047,6043,6043,6045,6048,6044,6044,6046,6047.5,6043.5,6043.5,6045.5
2025-06-19 06:05:00,11000,6045,6040,6045,6040,6046,6041,6046,6041,6045.5,6040.5,6045.5,6040.5
2025-06-19 06:10:00,17500,6044,6040,6040,6041,6045,6041,6041,6042,6044.5,6040.5,6040.5,6041.5
2025-06-19 06:15:00,28100,6047,6041,6041,6045,6048,6042,6042,6047,6047.5,6041.5,6041.5,6046.0
2025-06-19 06:20:00,34300,6046,6038,6045,6039,6047,6040,6047,6041,6046.5,6039.0,6046.0,6040.0
2025-06-19 06:25:00,,6123,6045,6057,6056,6124,6046,6058,6057,6123.5,6045.5,6057.5,6056.5
2025-06-19 06:30:00,422500,6050,6050,6050,6050,6058,6058,6058,6058,6054.0,6054.0,6054.0,6054.0
2025-06-20 00:00:00,137900,6055,6028,6037,6030,6058,6030,6038,6033,6056.5,6029.0,6037.5,6031.5
2025-06-20 00:05:00,40200,6054,6026,6030,6054,6056,6028,6033,6056,6055.0,6027.0,6031.5,6055.0
2025-06-20 00:10:00,52100,6062,6050,6054,6050,6064,6051,6056,6052,6063.0,6050.5,6055.0,6051.0
2025-06-20 00:15:00,24700,6058,6047,6050,6054,6060,6050,6052,6056,6059.0,6048.5,6051.0,6055.0
2025-06-20 00:20:00,15700,6058,6054,6054,6055,6059,6055,6056,6057,6058.5,6054.5,6055.0,6056.0
2025-06-20 00:25:00,16100,6062,6054,6055,6054,6063,6055,6057,6055,6062.5,6054.5,6056.0,6054.5
2025-06-20 00:30:00,28100,6056,6045,6054,6050,6057,6046,6055,6052,6056.5,6045.5,6054.5,6051.0
2025-06-20 00:35:00,6400,6051,6046,6050,6046,6052,6047,6052,6048,6051.5,6046.5,6051.0,6047.0
2025-06-20 00:40:00,25700,6050,6043,6047,6050,6051,6044,6048,6051,6050.5,6043.5,6047.5,6050.5
2025-06-20 00:45:00,10000,6052,6048,6050,6048,6053,6049,6051,6049,6052.5,6048.5,6050.5,6048.5
2025-06-20 00:50:00,15000,6051,6042,6048,6044,6052,6044,6049,6045,6051.5,6043.0,6048.5,6044.5
2025-06-20 00:55:00,8100,6050,6044,6044,6049,6051,6045,6045,6050,6050.5,6044.5,6044.5,6049.5
2025-06-20 01:00:00,13000,6054,6046,6049,6053,6055,6048,6050,6054,6054.5,6047.0,6049.5,6053.5
2025-06-20 01:05:00,19700,6054,6041,6053,6044,6055,6042,6054,6045,6054.5,6041.5,6053.5,6044.5
2025-06-20 01:10:00,8000,6044,6041,6044,6042,6046,6042,6045,6043,6045.0,6041.5,6044.5,6042.5
2025-06-20 01:15:00,9600,6046,6042,6042,6043,6047,6043,6043,6045,6046.5,6042.5,6042.5,6044.0
2025-06-20 01:20:00,4400,6043,6041,6043,6041,6045,6042,6044,6042,6044.0,6041.5,6043.5,6041.5
2025-06-20 01:25:00,9400,6046,6041,6041,6045,6047,6042,6042,6046,6046.5,6041.5,6041.5,6045.5
2025-06-20 01:30:00,13200,6046,6040,6045,6043,6047,6041,6046,6044,6046.5,6040.5,6045.5,6043.5
2025-06-20 01:35:00,7800,6047,6040,6043,6046,6048,6041,6044,6047,6047.5,6040.5,6043.5,6046.5
2025-06-20 01:40:00,7000,6049,6045,6046,6045,6050,6047,6047,6047,6049.5,6046.0,6046.5,6046.0
2025-06-20 01:45:00,6000,6049,6045,6045,6048,6050,6047,6047,6049,6049.5,6046.0,6046.0,6048.5
2025-06-20 01:50:00,9600,6049,6045,6048,6046,6050,6046,6049,6048,6049.5,6045.5,6048.5,6047.0
2025-06-20 01:55:00,3200,6048,6046,6046,6046,6049,6047,6048,6047,6048.5,6046.5,6047.0,6046.5
2025-06-20 02:00:00,4400,6046,6044,6046,6044,6047,6045,6047,6045,6046.5,6044.5,6046.5,6044.5
2025-06-20 02:05:00,9800,6046,6042,6044,6042,6047,6043,6045,6043,6046.5,6042.5,6044.5,6042.5
2025-06-20 02:10:00,8400,6044,6042,6042,6042,6045,6043,6043,6043,6044.5,6042.5,6042.5,6042.5
2025-06-20 02:15:00,8300,6047,6042,6042,6047,6048,6043,6043,6048,6047.5,6042.5,6042.5,6047.5
2025-06-20 02:20:00,6000,6051,6047,6047,6051,6052,6048,6048,6052,6051.5,6047.5,6047.5,6051.5
2025-06-20 02:25:00,9100,6052,6049,6051,6049,6053,6050,6052,6050,6052.5,6049.5,6051.5,6049.5
2025-06-20 02:30:00,12300,6049,6049,6049,6049,6051,6051,6051,6051,6050.0,6050.0,6050.0,6050.0
2025-06-20 03:30:00,47400,6048,6038,6048,6041,6051,6039,6049,6042,6049.5,6038.5,6048.5,6041.5
2025-06-20 03:35:00,18100,6043,6037,6041,6038,6044,6038,6042,6039,6043.5,6037.5,6041.5,6038.5
2025-06-20 03:40:00,15100,6045,6038,6038,6045,6047,6039,6039,6047,6046.0,6038.5,6038.5,6046.0
2025-06-20 03:45:00,15500,6048,6045,6045,6045,6050,6046,6047,6046,6049.0,6045.5,6046.0,6045.5
2025-06-20 03:50:00,13000,6046,6042,6045,6042,6047,6043,6046,6043,6046.5,6042.5,6045.5,6042.5
2025-06-20 03:55:00,13300,6042,6040,6042,6040,6043,6041,6043,6041,6042.5,6040.5,6042.5,6040.5
2025-06-20 04:00:00,19700,6042,6035,6040,6035,6043,6036,6041,6036,6042.5,6035.5,6040.5,6035.5
2025-06-20 04:05:00,20900,6035,6030,6035,6032,6036,6032,6036,6033,6035.5,6031.0,6035.5,6032.5
2025-06-20 04:10:00,14700,6034,6031,6032,6034,6035,6032,6033,6035,6034.5,6031.5,6032.5,6034.5
2025-06-20 04:15:00,8400,6036,6033,6034,6036,6037,6034,6035,6037,6036.5,6033.5,6034.5,6036.5
2025-06-20 04:20:00,5300,6037,6036,6036,6036,6038,6037,6037,6037,6037.5,6036.5,6036.5,6036.5
2025-06-20 04:25:00,8300,6036,6032,6036,6032,6037,6033,6037,6033,6036.5,6032.5,6036.5,6032.5
2025-06-20 04:30:00,20400,6033,6029,6032,6030,6034,6030,6033,6032,6033.5,6029.5,6032.5,6031.0
2025-06-20 04:35:00,8100,6032,6028,6030,6030,6033,6029,6032,6031,6032.5,6028.5,6031.0,6030.5
2025-06-20 04:40:00,20400,6030,6022,6030,6026,6031,6023,6031,6028,6030.5,6022.5,6030.5,6027.0
2025-06-20 04:45:00,7300,6027,6025,6026,6026,6028,6027,6028,6027,6027.5,6026.0,6027.0,6026.5
2025-06-20 04:50:00,10400,6028,6026,6026,6027,6029,6027,6027,6028,6028.5,6026.5,6026.5,6027.5
2025-06-20 04:55:00,10400,6028,6026,6027,6026,6029,6027,6028,6027,6028.5,6026.5,6027.5,6026.5
2025-06-20 05:00:00,10200,6028,6026,6026,6027,6029,6027,6027,6028,6028.5,6026.5,6026.5,6027.5
2025-06-20 05:05:00,19500,6028,6023,6027,6023,6029,6024,6028,6024,6028.5,6023.5,6027.5,6023.5
2025-06-20 05:10:00,15900,6024,6022,6023,6022,6025,6023,6024,6023,6024.5,6022.5,6023.5,6022.5
2025-06-20 05:15:00,10700,6024,6021,6022,6024,6025,6023,6023,6025,6024.5,6022.0,6022.5,6024.5
2025-06-20 05:20:00,11500,6024,6021,6024,6021,6025,6022,6025,6022,6024.5,6021.5,6024.5,6021.5
2025-06-20 05:25:00,8800,6022,6021,6021,6022,6023,6022,6022,6023,6022.5,6021.5,6021.5,6022.5
2025-06-20 05:30:00,45300,6023,6015,6022,6015,6024,6017,6023,6017,6023.5,6016.0,6022.5,6016.0
2025-06-20 05:35:00,15000,6017,6014,6015,6017,6018,6015,6017,6018,6017.5,6014.5,6016.0,6017.5
2025-06-20 05:40:00,21500,6017,6012,6017,6013,6018,6013,6018,6014,6017.5,6012.5,6017.5,6013.5
2025-06-20 05:45:00,21800,6014,6012,6013,6012,6015,6013,6014,6014,6014.5,6012.5,6013.5,6013.0
2025-06-20 05:50:00,24100,6012,6007,6012,6007,6014,6008,6014,6008,6013.0,6007.5,6013.0,6007.5
2025-06-20 05:55:00,25600,6011,6007,6007,6009,6012,6008,6008,6010,6011.5,6007.5,6007.5,6009.5
2025-06-20 06:00:00,28000,6011,6008,6009,6011,6012,6009,6010,6012,6011.5,6008.5,6009.5,6011.5
2025-06-20 06:05:00,32900,6012,6007,6011,6009,6013,6008,6012,6011,6012.5,6007.5,6011.5,6010.0
2025-06-20 06:10:00,23200,6011,6007,6009,6007,6012,6008,6011,6008,6011.5,6007.5,6010.0,6007.5
2025-06-20 06:15:00,32000,6010,6006,6007,6007,6011,6007,6008,6009,6010.5,6006.5,6007.5,6008.0
2025-06-20 06:20:00,35800,6008,6001,6007,6002,6009,6003,6009,6008,6008.5,6002.5,6008.0,6005.0
2025-06-20 06:25:00,,6075,5854,6072,5983,6076,5855,6073,5984,6075.5,5854.5,6072.5,5983.5
2025-06-20 06:30:00,1382300,5982,5982,5982,5982,6007,6007,6007,6007,5994.5,5994.5,5994.5,5994.5
2025-06-23 00:00:00,243900,5973,5906,5955,5914,5976,5908,5956,5916,5974.5,5907.0,5955.5,5915.0
2025-06-23 00:05:00,87300,5946,5913,5914,5934,5948,5915,5916,5936,5947.0,5914.0,5915.0,5935.0
2025-06-23 00:10:00,52800,5946,5932,5934,5946,5949,5933,5936,5947,5947.5,5932.5,5935.0,5946.5
2025-06-23 00:15:00,64200,5948,5931,5946,5942,5949,5933,5947,5944,5948.5,5932.0,5946.5,5943.0
2025-06-23 00:20:00,33500,5944,5929,5942,5933,5945,5931,5944,5934,5944.5,5930.0,5943.0,5933.5
2025-06-23 00:25:00,48400,5944,5923,5933,5924,5945,5924,5934,5926,5944.5,5923.5,5933.5,5925.0
2025-06-23 00:30:00,34700,5928,5920,5924,5928,5930,5921,5926,5930,5929.0,5920.5,5925.0,5929.0
2025-06-23 00:35:00,26300,5932,5926,5928,5929,5933,5928,5929,5931,5932.5,5927.0,5928.5,5930.0
2025-06-23 00:40:00,21500,5932,5926,5929,5929,5933,5927,5931,5930,5932.5,5926.5,5930.0,5929.5
2025-06-23 00:45:00,31300,5938,5929,5929,5932,5940,5930,5930,5933,5939.0,5929.5,5929.5,5932.5
2025-06-23 00:50:00,24500,5936,5927,5932,5936,5937,5928,5933,5937,5936.5,5927.5,5932.5,5936.5
2025-06-23 00:55:00,20000,5940,5935,5936,5937,5941,5936,5937,5939,5940.5,5935.5,5936.5,5938.0
2025-06-23 01:00:00,36600,5952,5937,5937,5951,5953,5939,5939,5953,5952.5,5938.0,5938.0,5952.0
2025-06-23 01:05:00,29400,5956,5949,5951,5952,5957,5951,5953,5953,5956.5,5950.0,5952.0,5952.5
2025-06-23 01:10:00,16500,5955,5941,5952,5941,5956,5942,5953,5943,5955.5,5941.5,5952.5,5942.0
2025-06-23 01:15:00,14400,5946,5941,5942,5944,5947,5942,5943,5946,5946.5,5941.5,5942.5,5945.0
2025-06-23 01:20:00,11900,5952,5943,5944,5949,5953,5945,5946,5950,5952.5,5944.0,5945.0,5949.5
2025-06-23 01:25:00,18600,5955,5947,5949,5950,5956,5948,5950,5951,5955.5,5947.5,5949.5,5950.5
2025-06-23 01:30:00,12600,5953,5948,5950,5948,5954,5949,5951,5949,5953.5,5948.5,5950.5,5948.5
2025-06-23 01:35:00,12400,5949,5942,5948,5943,5950,5944,5949,5944,5949.5,5943.0,5948.5,5943.5
2025-06-23 01:40:00,13700,5943,5939,5943,5939,5944,5940,5944,5940,5943.5,5939.5,5943.5,5939.5
2025-06-23 01:45:00,11100,5939,5934,5939,5935,5940,5935,5940,5936,5939.5,5934.5,5939.5,5935.5
2025-06-23 01:50:00,8000,5935,5932,5935,5933,5936,5933,5936,5934,5935.5,5932.5,5935.5,5933.5
2025-06-23 01:55:00,13600,5933,5927,5933,5929,5934,5928,5934,5930,5933.5,5927.5,5933.5,5929.5
2025-06-23 02:00:00,15400,5930,5923,5929,5924,5931,5924,5930,5925,5930.5,5923.5,5929.5,5924.5
2025-06-23 02:05:00,32200,5926,5920,5924,5923,5927,5921,5925,5924,5926.5,5920.5,5924.5,5923.5
2025-06-23 02:10:00,19400,5924,5920,5923,5921,5925,5921,5924,5923,5924.5,5920.5,5923.5,5922.0
2025-06-23 02:15:00,23100,5922,5918,5921,5922,5923,5920,5923,5923,5922.5,5919.0,5922.0,5922.5
2025-06-23 02:20:00,11800,5922,5916,5922,5917,5923,5917,5923,5918,5922.5,5916.5,5922.5,5917.5
2025-06-23 02:25:00,18800,5920,5915,5917,5918,5921,5916,5918,5920,5920.5,5915.5,5917.5,5919.0
2025-06-23 02:30:00,18500,5917,5917,5917,5917,5920,5920,5920,5920,5918.5,5918.5,5918.5,5918.5
2025-06-23 03:30:00,110100,5955,5922,5922,5955,5957,5923,5923,5957,5956.0,5922.5,5922.5,5956.0
2025-06-23 03:35:00,37100,5961,5943,5955,5946,5962,5944,5957,5947,5961.5,5943.5,5956.0,5946.5
2025-06-23 03:40:00,28700,5946,5937,5946,5937,5947,5938,5947,5939,5946.5,5937.5,5946.5,5938.0
2025-06-23 03:45:00,18200,5942,5935,5937,5940,5943,5936,5939,5941,5942.5,5935.5,5938.0,5940.5
2025-06-23 03:50:00,30500,5941,5932,5940,5932,5942,5933,5941,5934,5941.5,5932.5,5940.5,5933.0
2025-06-23 03:55:00,23000,5935,5932,5932,5933,5936,5933,5934,5934,5935.5,5932.5,5933.0,5933.5
2025-06-23 04:00:00,25400,5939,5933,5933,5936,5940,5934,5934,5937,5939.5,5933.5,5933.5,5936.5
2025-06-23 04:05:00,24800,5941,5934,5936,5939,5942,5935,5937,5940,5941.5,5934.5,5936.5,5939.5
2025-06-23 04:10:00,10600,5939,5934,5939,5936,5940,5935,5940,5937,5939.5,5934.5,5939.5,5936.5
2025-06-23 04:15:00,25100,5942,5936,5936,5940,5943,5937,5937,5941,5942.5,5936.5,5936.5,5940.5
2025-06-23 04:20:00,15000,5941,5938,5940,5938,5942,5939,5941,5940,5941.5,5938.5,5940.5,5939.0
2025-06-23 04:25:00,28900,5941,5936,5938,5938,5942,5937,5940,5940,5941.5,5936.5,5939.0,5939.0
2025-06-23 04:30:00,7200,5940,5937,5938,5940,5941,5939,5940,5941,5940.5,5938.0,5939.0,5940.5
2025-06-23 04:35:00,34900,5940,5938,5940,5938,5941,5939,5941,5939,5940.5,5938.5,5940.5,5938.5
2025-06-23 04:40:00,12100,5940,5938,5938,5939,5941,5939,5939,5940,5940.5,5938.5,5938.5,5939.5
2025-06-23 04:45:00,6400,5939,5939,5939,5939,5940,5940,5940,5940,5939.5,5939.5,5939.5,5939.5
2025-06-23 04:50:00,18200,5939,5935,5939,5935,5940,5936,5940,5936,5939.5,5935.5,5939.5,5935.5
2025-06-23 04:55:00,20500,5937,5935,5935,5937,5938,5936,5936,5938,5937.5,5935.5,5935.5,5937.5
2025-06-23 05:00:00,37400,5937,5932,5937,5935,5938,5933,5938,5936,5937.5,5932.5,5937.5,5935.5
2025-06-23 05:05:00,24400,5936,5933,5935,5933,5937,5934,5936,5934,5936.5,5933.5,5935.5,5933.5
2025-06-23 05:10:00,12700,5935,5932,5933,5935,5936,5933,5934,5936,5935.5,5932.5,5933.5,5935.5
2025-06-23 05:15:00,23300,5937,5934,5935,5934,5938,5935,5936,5935,5937.5,5934.5,5935.5,5934.5
2025-06-23 05:20:00,57300,5954,5931,5934,5951,5955,5932,5935,5952,5954.5,5931.5,5934.5,5951.5
2025-06-23 05:25:00,20000,5952,5940,5951,5941,5953,5941,5952,5942,5952.5,5940.5,5951.5,5941.5
2025-06-23 05:30:00,35500,5945,5941,5941,5944,5946,5942,5942,5945,5945.5,5941.5,5941.5,5944.5
2025-06-23 05:35:00,30600,5945,5942,5944,5942,5946,5943,5945,5943,5945.5,5942.5,5944.5,5942.5
2025-06-23 05:40:00,31000,5945,5941,5942,5941,5946,5942,5943,5942,5945.5,5941.5,5942.5,5941.5
2025-06-23 05:45:00,29700,5941,5935,5941,5936,5942,5936,5942,5937,5941.5,5935.5,5941.5,5936.5
2025-06-23 05:50:00,31800,5938,5933,5936,5936,5939,5934,5937,5937,5938.5,5933.5,5936.5,5936.5
2025-06-23 05:55:00,31800,5939,5934,5936,5935,5940,5935,5937,5936,5939.5,5934.5,5936.5,5935.5
2025-06-23 06:00:00,17000,5937,5935,5935,5936,5938,5936,5936,5937,5937.5,5935.5,5935.5,5936.5
2025-06-23 06:05:00,50300,5939,5932,5936,5933,5941,5933,5937,5934,5939.5,5932.5,5936.5,5933.5
2025-06-23 06:10:00,19300,5933,5930,5933,5931,5934,5931,5934,5932,5933.5,5930.5,5933.5,5931.5
2025-06-23 06:15:00,51300,5938,5930,5931,5938,5939,5931,5932,5939,5938.5,5930.5,5931.5,5938.5
2025-06-23 06:20:00,87600,5941,5927,5938,5927,5943,5930,5939,5933,5942.0,5929.5,5938.5,5930.0
2025-06-23 06:25:00,,6034,5905,5943,5951,6035,5906,5944,5952,6034.5,5905.5,5943.5,5951.5
2025-06-23 06:30:00,343300,5940,5940,5940,5940,5953,5953,5953,5953,5946.5,5946.5,5946.5,5946.5
2025-06-24 00:00:00,187500,6025,5993,6018,5998,6028,5995,6019,6000,6026.5,5994.0,6018.5,5999.0
2025-06-24 00:05:00,53600,6020,5997,5998,6011,6021,5999,6000,6013,6020.5,5998.0,5999.0,6012.0
2025-06-24 00:10:00,43600,6013,5995,6011,5997,6015,5997,6013,5999,6014.0,5996.0,6012.0,5998.0
2025-06-24 00:15:00,41500,6001,5993,5997,5998,6002,5995,5999,6000,6001.5,5994.0,5998.0,5999.0
2025-06-24 00:20:00,43900,6003,5986,5998,5986,6004,5987,6000,5988,6003.5,5986.5,5999.0,5987.0
2025-06-24 00:25:00,25600,5993,5984,5986,5991,5994,5985,5988,5993,5993.5,5984.5,5987.0,5992.0
2025-06-24 00:30:00,35400,5996,5968,5991,5968,5997,5969,5993,5970,5996.5,5968.5,5992.0,5969.0
2025-06-24 00:35:00,38800,5973,5961,5968,5962,5975,5963,5970,5964,5974.0,5962.0,5969.0,5963.0
2025-06-24 00:40:00,48600,5969,5957,5962,5962,5971,5959,5963,5963,5970.0,5958.0,5962.5,5962.5
2025-06-24 00:45:00,28800,5964,5957,5962,5962,5965,5958,5963,5963,5964.5,5957.5,5962.5,5962.5
2025-06-24 00:50:00,25900,5971,5960,5962,5961,5972,5961,5963,5962,5971.5,5960.5,5962.5,5961.5
2025-06-24 00:55:00,66100,5961,5943,5961,5947,5962,5944,5962,5948,5961.5,5943.5,5961.5,5947.5
2025-06-24 01:00:00,22900,5952,5942,5947,5942,5954,5943,5948,5944,5953.0,5942.5,5947.5,5943.0
2025-06-24 01:05:00,20000,5958,5943,5943,5958,5960,5944,5944,5960,5959.0,5943.5,5943.5,5959.0
2025-06-24 01:10:00,14300,5959,5952,5958,5959,5960,5953,5960,5960,5959.5,5952.5,5959.0,5959.5
2025-06-24 01:15:00,11000,5959,5954,5959,5955,5960,5955,5960,5956,5959.5,5954.5,5959.5,5955.5
2025-06-24 01:20:00,24400,5959,5948,5955,5956,5960,5949,5956,5958,5959.5,5948.5,5955.5,5957.0
2025-06-24 01:25:00,16000,5959,5953,5956,5959,5960,5954,5958,5960,5959.5,5953.5,5957.0,5959.5
2025-06-24 01:30:00,12200,5962,5959,5959,5961,5963,5960,5960,5963,5962.5,5959.5,5959.5,5962.0
2025-06-24 01:35:00,20400,5967,5961,5961,5965,5968,5963,5963,5967,5967.5,5962.0,5962.0,5966.0
2025-06-24 01:40:00,13200,5967,5958,5965,5962,5968,5959,5967,5963,5967.5,5958.5,5966.0,5962.5
2025-06-24 01:45:00,19200,5973,5962,5962,5969,5975,5963,5963,5970,5974.0,5962.5,5962.5,5969.5
2025-06-24 01:50:00,9200,5971,5968,5969,5970,5972,5969,5970,5971,5971.5,5968.5,5969.5,5970.5
2025-06-24 01:55:00,9600,5970,5966,5970,5967,5971,5967,5971,5968,5970.5,5966.5,5970.5,5967.5
2025-06-24 02:00:00,7400,5968,5966,5967,5967,5969,5967,5968,5968,5968.5,5966.5,5967.5,5967.5
2025-06-24 02:05:00,31500,5977,5964,5967,5964,5978,5965,5968,5965,5977.5,5964.5,5967.5,5964.5
2025-06-24 02:10:00,15300,5968,5961,5964,5962,5969,5962,5965,5964,5968.5,5961.5,5964.5,5963.0
2025-06-24 02:15:00,15700,5962,5951,5962,5953,5964,5952,5964,5955,5963.0,5951.5,5963.0,5954.0
2025-06-24 02:20:00,11700,5958,5953,5953,5957,5959,5955,5955,5959,5958.5,5954.0,5954.0,5958.0
2025-06-24 02:25:00,13600,5958,5953,5957,5956,5959,5954,5959,5958,5958.5,5953.5,5958.0,5957.0
2025-06-24 02:30:00,1500,5956,5956,5956,5956,5958,5958,5958,5958,5957.0,5957.0,5957.0,5957.0
2025-06-24 03:30:00,81100,5955,5943,5955,5945,5959,5944,5955,5947,5956.5,5943.5,5955.0,5946.0
2025-06-24 03:35:00,24100,5947,5942,5945,5945,5948,5943,5947,5947,5947.5,5942.5,5946.0,5946.0
2025-06-24 03:40:00,31800,5945,5938,5945,5939,5947,5939,5947,5940,5946.0,5938.5,5946.0,5939.5
2025-06-24 03:45:00,14100,5939,5935,5939,5936,5940,5937,5940,5937,5939.5,5936.0,5939.5,5936.5
2025-06-24 03:50:00,13200,5936,5933,5936,5935,5937,5934,5937,5936,5936.5,5933.5,5936.5,5935.5
2025-06-24 03:55:00,36200,5936,5928,5935,5929,5937,5929,5936,5930,5936.5,5928.5,5935.5,5929.5
2025-06-24 04:00:00,19100,5932,5929,5929,5929,5934,5930,5930,5930,5933.0,5929.5,5929.5,5929.5
2025-06-24 04:05:00,12000,5930,5929,5929,5930,5931,5930,5930,5931,5930.5,5929.5,5929.5,5930.5
2025-06-24 04:10:00,14000,5930,5928,5930,5928,5931,5929,5931,5929,5930.5,5928.5,5930.5,5928.5
2025-06-24 04:15:00,29900,5929,5923,5928,5929,5930,5924,5929,5930,5929.5,5923.5,5928.5,5929.5
2025-06-24 04:20:00,8400,5931,5928,5929,5931,5932,5930,5930,5932,5931.5,5929.0,5929.5,5931.5
2025-06-24 04:25:00,14800,5936,5930,5931,5935,5937,5931,5932,5936,5936.5,5930.5,5931.5,5935.5
2025-06-24 04:30:00,12100,5937,5933,5935,5936,5938,5934,5936,5937,5937.5,5933.5,5935.5,5936.5
2025-06-24 04:35:00,9100,5937,5934,5936,5934,5938,5935,5937,5935,5937.5,5934.5,5936.5,5934.5
2025-06-24 04:40:00,15200,5939,5934,5934,5938,5940,5935,5935,5939,5939.5,5934.5,5934.5,5938.5
2025-06-24 04:45:00,5600,5938,5936,5938,5936,5939,5937,5939,5937,5938.5,5936.5,5938.5,5936.5
2025-06-24 04:50:00,10900,5937,5934,5936,5937,5938,5935,5937,5938,5937.5,5934.5,5936.5,5937.5
2025-06-24 04:55:00,6700,5938,5937,5937,5938,5939,5938,5938,5939,5938.5,5937.5,5937.5,5938.5
2025-06-24 05:00:00,24700,5941,5936,5938,5936,5942,5937,5939,5937,5941.5,5936.5,5938.5,5936.5
2025-06-24 05:05:00,14000,5940,5935,5936,5939,5942,5936,5937,5941,5941.0,5935.5,5936.5,5940.0
2025-06-24 05:10:00,11000,5940,5935,5939,5937,5941,5936,5941,5938,5940.5,5935.5,5940.0,5937.5
2025-06-24 05:15:00,7500,5940,5937,5937,5939,5941,5938,5938,5940,5940.5,5937.5,5937.5,5939.5
2025-06-24 05:20:00,16100,5943,5939,5939,5942,5944,5940,5940,5944,5943.5,5939.5,5939.5,5943.0
2025-06-24 05:25:00,10700,5946,5942,5942,5945,5947,5944,5944,5946,5946.5,5943.0,5943.0,5945.5
2025-06-24 05:30:00,21200,5946,5943,5945,5944,5947,5944,5946,5946,5946.5,5943.5,5945.5,5945.0
2025-06-24 05:35:00,13800,5949,5944,5944,5948,5950,5946,5946,5949,5949.5,5945.0,5945.0,5948.5
2025-06-24 05:40:00,21400,5949,5946,5948,5948,5950,5947,5949,5950,5949.5,5946.5,5948.5,5949.0
2025-06-24 05:45:00,14200,5948,5944,5948,5944,5950,5945,5950,5945,5949.0,5944.5,5949.0,5944.5
2025-06-24 05:50:00,13200,5946,5942,5944,5942,5947,5943,5945,5943,5946.5,5942.5,5944.5,5942.5
2025-06-24 05:55:00,24600,5942,5936,5942,5938,5943,5937,5943,5939,5942.5,5936.5,5942.5,5938.5
2025-06-24 06:00:00,21200,5938,5935,5938,5935,5939,5936,5939,5936,5938.5,5935.5,5938.5,5935.5
2025-06-24 06:05:00,12800,5937,5935,5935,5936,5939,5936,5936,5937,5938.0,5935.5,5935.5,5936.5
2025-06-24 06:10:00,44400,5936,5928,5936,5934,5937,5930,5937,5935,5936.5,5929.0,5936.5,5934.5
2025-06-24 06:15:00,39400,5935,5927,5934,5929,5936,5928,5935,5931,5935.5,5927.5,5934.5,5930.0
2025-06-24 06:20:00,58900,5932,5923,5929,5931,5936,5924,5931,5933,5933.0,5923.5,5930.0,5932.0
2025-06-24 06:25:00,,5989,5907,5920,5945,5990,5908,5921,5946,5989.5,5907.5,5920.5,5945.5
2025-06-24 06:30:00,502400,5942,5942,5942,5942,5946,5946,5946,5946,5944.0,5944.0,5944.0,5944.0
2025-06-25 00:00:00,289800,5964,5911,5964,5911,5964,5913,5964,5913,5964.0,5912.0,5964.0,5912.0
2025-06-25 00:05:00,60000,5929,5910,5911,5927,5932,5911,5913,5929,5930.5,5910.5,5912.0,5928.0
2025-06-25 00:10:00,49100,5937,5926,5927,5936,5938,5928,5929,5938,5937.5,5927.0,5928.0,5937.0
2025-06-25 00:15:00,57000,5958,5935,5936,5958,5960,5936,5938,5960,5959.0,5935.5,5937.0,5959.0
2025-06-25 00:20:00,50600,5970,5957,5958,5958,5972,5958,5960,5959,5971.0,5957.5,5959.0,5958.5
2025-06-25 00:25:00,30700,5959,5948,5958,5957,5960,5950,5959,5958,5959.5,5949.0,5958.5,5957.5
2025-06-25 00:30:00,29000,5957,5938,5957,5941,5958,5939,5958,5943,5957.5,5938.5,5957.5,5942.0
2025-06-25 00:35:00,13800,5942,5936,5941,5939,5943,5937,5943,5940,5942.5,5936.5,5942.0,5939.5
2025-06-25 00:40:00,30900,5954,5939,5939,5952,5955,5940,5940,5953,5954.5,5939.5,5939.5,5952.5
2025-06-25 00:45:00,21800,5954,5943,5952,5950,5956,5945,5953,5951,5955.0,5944.0,5952.5,5950.5
2025-06-25 00:50:00,14000,5950,5945,5950,5950,5951,5947,5951,5951,5950.5,5946.0,5950.5,5950.5
2025-06-25 00:55:00,26200,5952,5941,5950,5943,5953,5942,5951,5945,5952.5,5941.5,5950.5,5944.0
2025-06-25 01:00:00,26000,5951,5939,5943,5950,5952,5941,5945,5951,5951.5,5940.0,5944.0,5950.5
2025-06-25 01:05:00,20300,5950,5946,5950,5949,5951,5947,5951,5950,5950.5,5946.5,5950.5,5949.5
2025-06-25 01:10:00,20900,5951,5944,5949,5945,5952,5945,5950,5946,5951.5,5944.5,5949.5,5945.5
2025-06-25 01:15:00,9700,5949,5945,5945,5947,5950,5946,5946,5948,5949.5,5945.5,5945.5,5947.5
2025-06-25 01:20:00,27300,5954,5946,5947,5953,5955,5947,5948,5955,5954.5,5946.5,5947.5,5954.0
2025-06-25 01:25:00,16100,5956,5950,5953,5956,5957,5951,5955,5957,5956.5,5950.5,5954.0,5956.5
2025-06-25 01:30:00,16400,5957,5953,5956,5956,5958,5954,5957,5957,5957.5,5953.5,5956.5,5956.5
2025-06-25 01:35:00,19500,5961,5953,5956,5956,5962,5954,5957,5957,5961.5,5953.5,5956.5,5956.5
2025-06-25 01:40:00,4600,5956,5954,5956,5955,5957,5955,5957,5956,5956.5,5954.5,5956.5,5955.5
2025-06-25 01:45:00,16400,5961,5955,5955,5960,5962,5956,5956,5961,5961.5,5955.5,5955.5,5960.5
2025-06-25 01:50:00,27200,5963,5956,5960,5956,5965,5957,5961,5957,5964.0,5956.5,5960.5,5956.5
2025-06-25 01:55:00,12700,5959,5953,5956,5954,5960,5954,5957,5956,5959.5,5953.5,5956.5,5955.0
2025-06-25 02:00:00,8600,5956,5954,5954,5955,5957,5955,5956,5956,5956.5,5954.5,5955.0,5955.5
2025-06-25 02:05:00,9500,5955,5951,5955,5953,5956,5952,5956,5954,5955.5,5951.5,5955.5,5953.5
2025-06-25 02:10:00,16900,5956,5948,5953,5950,5958,5950,5954,5951,5957.0,5949.0,5953.5,5950.5
2025-06-25 02:15:00,12300,5952,5943,5950,5943,5954,5944,5951,5944,5953.0,5943.5,5950.5,5943.5
2025-06-25 02:20:00,45500,5943,5922,5943,5924,5944,5924,5944,5925,5943.5,5923.0,5943.5,5924.5
2025-06-25 02:25:00,20500,5925,5918,5924,5920,5926,5919,5925,5922,5925.5,5918.5,5924.5,5921.0
2025-06-25 02:30:00,1600,5920,5920,5920,5920,5922,5922,5922,5922,5921.0,5921.0,5921.0,5921.0
2025-06-25 03:30:00,93800,5930,5913,5930,5922,5933,5915,5931,5923,5931.5,5914.0,5930.5,5922.5
2025-06-25 03:35:00,41700,5924,5913,5922,5924,5926,5915,5923,5925,5925.0,5914.0,5922.5,5924.5
2025-06-25 03:40:00,10700,5927,5922,5924,5927,5928,5923,5925,5928,5927.5,5922.5,5924.5,5927.5
2025-06-25 03:45:00,20300,5927,5916,5927,5918,5928,5917,5928,5919,5927.5,5916.5,5927.5,5918.5
2025-06-25 03:50:00,18300,5920,5915,5918,5917,5921,5916,5919,5918,5920.5,5915.5,5918.5,5917.5
2025-06-25 03:55:00,19200,5917,5914,5917,5914,5918,5915,5918,5915,5917.5,5914.5,5917.5,5914.5
2025-06-25 04:00:00,22000,5915,5912,5914,5914,5916,5913,5915,5915,5915.5,5912.5,5914.5,5914.5
2025-06-25 04:05:00,53500,5914,5907,5914,5908,5915,5908,5915,5910,5914.5,5907.5,5914.5,5909.0
2025-06-25 04:10:00,12800,5911,5908,5908,5910,5912,5909,5910,5911,5911.5,5908.5,5909.0,5910.5
2025-06-25 04:15:00,13300,5914,5910,5910,5910,5915,5911,5911,5911,5914.5,5910.5,5910.5,5910.5
2025-06-25 04:20:00,6600,5910,5908,5910,5909,5912,5909,5911,5910,5911.0,5908.5,5910.5,5909.5
2025-06-25 04:25:00,14100,5913,5909,5909,5912,5915,5910,5910,5913,5914.0,5909.5,5909.5,5912.5
2025-06-25 04:30:00,11200,5914,5911,5912,5912,5915,5912,5913,5913,5914.5,5911.5,5912.5,5912.5
2025-06-25 04:35:00,8000,5913,5912,5912,5912,5914,5913,5913,5913,5913.5,5912.5,5912.5,5912.5
2025-06-25 04:40:00,8300,5913,5912,5912,5913,5914,5913,5913,5914,5913.5,5912.5,5912.5,5913.5
2025-06-25 04:45:00,15800,5916,5913,5913,5916,5918,5914,5914,5917,5917.0,5913.5,5913.5,5916.5
2025-06-25 04:50:00,14400,5920,5916,5916,5920,5921,5917,5917,5921,5920.5,5916.5,5916.5,5920.5
2025-06-25 04:55:00,8300,5920,5916,5920,5916,5921,5917,5921,5917,5920.5,5916.5,5920.5,5916.5
2025-06-25 05:00:00,14300,5918,5914,5916,5917,5919,5915,5917,5918,5918.5,5914.5,5916.5,5917.5
2025-06-25 05:05:00,16700,5924,5917,5917,5924,5925,5918,5918,5925,5924.5,5917.5,5917.5,5924.5
2025-06-25 05:10:00,10100,5924,5921,5924,5922,5925,5922,5925,5924,5924.5,5921.5,5924.5,5923.0
2025-06-25 05:15:00,5900,5924,5922,5922,5923,5925,5924,5924,5924,5924.5,5923.0,5923.0,5923.5
2025-06-25 05:20:00,15800,5924,5921,5923,5924,5925,5922,5924,5925,5924.5,5921.5,5923.5,5924.5
2025-06-25 05:25:00,18700,5926,5922,5924,5922,5928,5923,5925,5923,5927.0,5922.5,5924.5,5922.5
2025-06-25 05:30:00,20000,5926,5922,5922,5923,5927,5923,5923,5924,5926.5,5922.5,5922.5,5923.5
2025-06-25 05:35:00,15300,5924,5922,5923,5922,5925,5923,5924,5923,5924.5,5922.5,5923.5,5922.5
2025-06-25 05:40:00,16800,5924,5922,5922,5924,5925,5923,5923,5925,5924.5,5922.5,5922.5,5924.5
2025-06-25 05:45:00,16000,5924,5922,5924,5924,5925,5923,5925,5925,5924.5,5922.5,5924.5,5924.5
2025-06-25 05:50:00,26800,5927,5920,5924,5920,5928,5921,5925,5921,5927.5,5920.5,5924.5,5920.5
2025-06-25 05:55:00,20600,5921,5918,5920,5918,5922,5919,5921,5919,5921.5,5918.5,5920.5,5918.5
2025-06-25 06:00:00,25900,5922,5918,5918,5919,5923,5919,5919,5920,5922.5,5918.5,5918.5,5919.5
2025-06-25 06:05:00,26000,5922,5919,5919,5920,5923,5920,5920,5921,5922.5,5919.5,5919.5,5920.5
2025-06-25 06:10:00,21000,5920,5917,5920,5917,5921,5918,5921,5918,5920.5,5917.5,5920.5,5917.5
2025-06-25 06:15:00,26200,5917,5916,5917,5916,5918,5917,5918,5917,5917.5,5916.5,5917.5,5916.5
2025-06-25 06:20:00,57700,5920,5914,5916,5920,5923,5915,5917,5922,5921.0,5914.5,5916.5,5921.0
2025-06-25 06:25:00,,5961,5902,5910,5925,5962,5903,5910,5926,5961.5,5902.5,5910.0,5925.5
2025-06-25 06:30:00,620100,5923,5923,5923,5923,5927,5927,5927,5927,5925.0,5925.0,5925.0,5925.0
2025-06-26 00:00:00,719000,5889,5852,5855,5863,5895,5856,5856,5865,5892.0,5855.0,5855.5,5864.0
2025-06-26 00:05:00,71100,5871,5856,5863,5867,5874,5857,5865,5868,5872.5,5856.5,5864.0,5867.5
2025-06-26 00:10:00,44700,5869,5861,5867,5867,5870,5863,5868,5869,5869.5,5862.0,5867.5,5868.0
2025-06-26 00:15:00,58400,5881,5867,5867,5879,5883,5869,5869,5881,5882.0,5868.0,5868.0,5880.0
2025-06-26 00:20:00,36000,5894,5877,5879,5891,5895,5878,5881,5893,5894.5,5877.5,5880.0,5892.0
2025-06-26 00:25:00,25400,5897,5891,5891,5893,5898,5892,5893,5895,5897.5,5891.5,5892.0,5894.0
2025-06-26 00:30:00,30400,5901,5887,5893,5899,5902,5889,5895,5901,5901.5,5888.0,5894.0,5900.0
2025-06-26 00:35:00,31600,5918,5897,5899,5913,5919,5899,5901,5914,5918.5,5898.0,5900.0,5913.5
2025-06-26 00:40:00,34100,5914,5900,5913,5900,5915,5901,5914,5902,5914.5,5900.5,5913.5,5901.0
2025-06-26 00:45:00,17100,5903,5895,5900,5897,5904,5896,5902,5898,5903.5,5895.5,5901.0,5897.5
2025-06-26 00:50:00,31900,5897,5883,5897,5891,5898,5885,5898,5892,5897.5,5884.0,5897.5,5891.5
2025-06-26 00:55:00,15100,5897,5888,5891,5895,5898,5889,5892,5896,5897.5,5888.5,5891.5,5895.5
2025-06-26 01:00:00,14300,5895,5884,5895,5889,5897,5885,5896,5890,5896.0,5884.5,5895.5,5889.5
2025-06-26 01:05:00,33700,5894,5888,5889,5889,5897,5889,5890,5890,5895.5,5888.5,5889.5,5889.5
2025-06-26 01:10:00,14900,5896,5889,5889,5895,5897,5890,5890,5897,5896.5,5889.5,5889.5,5896.0
2025-06-26 01:15:00,12200,5901,5895,5895,5897,5902,5896,5897,5898,5901.5,5895.5,5896.0,5897.5
2025-06-26 01:20:00,16000,5903,5894,5897,5902,5904,5895,5898,5904,5903.5,5894.5,5897.5,5903.0
2025-06-26 01:25:00,22700,5904,5895,5902,5899,5905,5897,5904,5900,5904.5,5896.0,5903.0,5899.5
2025-06-26 01:30:00,17200,5905,5899,5899,5905,5906,5900,5900,5906,5905.5,5899.5,5899.5,5905.5
2025-06-26 01:35:00,14500,5910,5905,5905,5908,5911,5906,5906,5910,5910.5,5905.5,5905.5,5909.0
2025-06-26 01:40:00,13900,5910,5903,5908,5906,5911,5905,5910,5907,5910.5,5904.0,5909.0,5906.5
2025-06-26 01:45:00,58200,5906,5890,5906,5891,5907,5891,5907,5892,5906.5,5890.5,5906.5,5891.5
2025-06-26 01:50:00,10700,5895,5891,5891,5891,5896,5892,5892,5892,5895.5,5891.5,5891.5,5891.5
2025-06-26 01:55:00,9500,5892,5888,5891,5889,5893,5889,5892,5890,5892.5,5888.5,5891.5,5889.5
2025-06-26 02:00:00,12900,5889,5884,5889,5887,5890,5885,5890,5888,5889.5,5884.5,5889.5,5887.5
2025-06-26 02:05:00,18300,5892,5887,5887,5889,5893,5888,5888,5890,5892.5,5887.5,5887.5,5889.5
2025-06-26 02:10:00,10600,5896,5889,5889,5895,5897,5890,5890,5897,5896.5,5889.5,5889.5,5896.0
2025-06-26 02:15:00,11000,5899,5895,5895,5895,5900,5896,5897,5896,5899.5,5895.5,5896.0,5895.5
2025-06-26 02:20:00,11600,5900,5895,5895,5899,5901,5896,5896,5900,5900.5,5895.5,5895.5,5899.5
2025-06-26 02:25:00,9500,5901,5898,5899,5900,5902,5900,5900,5902,5901.5,5899.0,5899.5,5901.0
2025-06-26 02:30:00,19600,,,,,,,,,,,,
2025-06-26 03:30:00,114500,5896,5886,5893,5890,5900,5888,5894,5892,5897.0,5887.0,5893.5,5891.0
2025-06-26 03:35:00,24900,5900,5891,5891,5898,5901,5892,5892,5899,5900.5,5891.5,5891.5,5898.5
2025-06-26 03:40:00,14600,5900,5895,5898,5899,5901,5896,5899,5900,5900.5,5895.5,5898.5,5899.5
2025-06-26 03:45:00,16700,5902,5899,5899,5899,5903,5900,5900,5901,5902.5,5899.5,5899.5,5900.0
2025-06-26 03:50:00,18000,5902,5898,5899,5901,5903,5900,5901,5903,5902.5,5899.0,5900.0,5902.0
2025-06-26 03:55:00,25000,5906,5901,5901,5905,5907,5902,5903,5906,5906.5,5901.5,5902.0,5905.5
2025-06-26 04:00:00,11500,5905,5903,5905,5905,5906,5904,5906,5906,5905.5,5903.5,5905.5,5905.5
2025-06-26 04:05:00,10600,5908,5905,5905,5906,5910,5906,5906,5907,5909.0,5905.5,5905.5,5906.5
2025-06-26 04:10:00,10900,5910,5905,5906,5910,5911,5906,5907,5911,5910.5,5905.5,5906.5,5910.5
2025-06-26 04:15:00,12700,5910,5903,5910,5904,5911,5904,5911,5905,5910.5,5903.5,5910.5,5904.5
2025-06-26 04:20:00,10400,5908,5904,5904,5907,5909,5905,5905,5909,5908.5,5904.5,5904.5,5908.0
2025-06-26 04:25:00,10000,5907,5903,5907,5903,5909,5904,5909,5904,5908.0,5903.5,5908.0,5903.5
2025-06-26 04:30:00,13800,5903,5900,5903,5903,5904,5902,5904,5904,5903.5,5901.0,5903.5,5903.5
2025-06-26 04:35:00,52800,5919,5902,5903,5915,5920,5903,5904,5916,5919.5,5902.5,5903.5,5915.5
2025-06-26 04:40:00,25900,5923,5912,5915,5912,5924,5913,5916,5914,5923.5,5912.5,5915.5,5913.0
2025-06-26 04:45:00,14400,5914,5910,5912,5910,5915,5911,5914,5911,5914.5,5910.5,5913.0,5910.5
2025-06-26 04:50:00,8700,5913,5910,5910,5911,5914,5911,5911,5912,5913.5,5910.5,5910.5,5911.5
2025-06-26 04:55:00,11400,5912,5908,5911,5908,5913,5909,5912,5909,5912.5,5908.5,5911.5,5908.5
2025-06-26 05:00:00,16800,5908,5905,5908,5908,5909,5906,5909,5909,5908.5,5905.5,5908.5,5908.5
2025-06-26 05:05:00,15000,5908,5902,5908,5903,5909,5903,5909,5904,5908.5,5902.5,5908.5,5903.5
2025-06-26 05:10:00,13900,5911,5903,5903,5909,5912,5904,5904,5910,5911.5,5903.5,5903.5,5909.5
2025-06-26 05:15:00,21200,5912,5907,5909,5908,5914,5908,5910,5909,5913.0,5907.5,5909.5,5908.5
2025-06-26 05:20:00,20400,5909,5906,5908,5906,5910,5907,5909,5907,5909.5,5906.5,5908.5,5906.5
2025-06-26 05:25:00,11400,5908,5905,5906,5906,5909,5906,5907,5907,5908.5,5905.5,5906.5,5906.5
2025-06-26 05:30:00,25000,5910,5904,5906,5910,5911,5905,5907,5911,5910.5,5904.5,5906.5,5910.5
2025-06-26 05:35:00,37300,5924,5910,5910,5918,5925,5911,5911,5919,5924.5,5910.5,5910.5,5918.5
2025-06-26 05:40:00,19400,5919,5912,5918,5914,5920,5913,5919,5915,5919.5,5912.5,5918.5,5914.5
2025-06-26 05:45:00,14100,5916,5914,5914,5914,5917,5915,5915,5916,5916.5,5914.5,5914.5,5915.0
2025-06-26 05:50:00,14700,5917,5913,5914,5914,5918,5914,5916,5915,5917.5,5913.5,5915.0,5914.5
2025-06-26 05:55:00,14600,5916,5913,5914,5916,5917,5914,5915,5917,5916.5,5913.5,5914.5,5916.5
2025-06-26 06:00:00,27500,5922,5915,5916,5921,5923,5916,5917,5922,5922.5,5915.5,5916.5,5921.5
2025-06-26 06:05:00,24000,5926,5921,5921,5926,5927,5922,5922,5927,5926.5,5921.5,5921.5,5926.5
2025-06-26 06:10:00,32100,5927,5917,5926,5917,5928,5918,5927,5918,5927.5,5917.5,5926.5,5917.5
2025-06-26 06:15:00,30200,5918,5912,5917,5915,5919,5913,5918,5916,5918.5,5912.5,5917.5,5915.5
2025-06-26 06:20:00,76100,5926,5910,5915,5918,5927,5916,5916,5920,5926.5,5914.0,5915.5,5919.0
2025-06-26 06:25:00,,5917,5852,5901,5905,5918,5853,5902,5906,5917.5,5852.5,5901.5,5905.5
2025-06-26 06:30:00,748100,5905,5905,5905,5905,5917,5917,5917,5917,5911.0,5911.0,5911.0,5911.0
2025-06-27 00:00:00,461700,5867,5846,5851,5856,5870,5848,5852,5858,5868.5,5847.5,5851.5,5857.0
2025-06-27 00:05:00,87900,5863,5831,5856,5844,5865,5834,5858,5846,5864.0,5832.5,5857.0,5845.0
2025-06-27 00:10:00,49200,5851,5835,5844,5850,5853,5837,5846,5851,5852.0,5836.0,5845.0,5850.5
2025-06-27 00:15:00,34700,5854,5845,5850,5846,5856,5846,5851,5847,5855.0,5845.5,5850.5,5846.5
2025-06-27 00:20:00,32500,5857,5845,5846,5856,5858,5847,5847,5858,5857.5,5846.0,5846.5,5857.0
2025-06-27 00:25:00,16300,5859,5855,5856,5856,5860,5856,5858,5859,5859.5,5855.5,5857.0,5857.5
2025-06-27 00:30:00,37100,5867,5856,5856,5867,5868,5858,5859,5868,5867.5,5857.5,5857.5,5867.5
2025-06-27 00:35:00,27800,5878,5864,5867,5878,5879,5865,5868,5879,5878.5,5864.5,5867.5,5878.5
2025-06-27 00:40:00,22500,5879,5864,5878,5868,5880,5865,5879,5869,5879.5,5864.5,5878.5,5868.5
2025-06-27 00:45:00,35100,5871,5861,5868,5861,5872,5862,5869,5863,5871.5,5861.5,5868.5,5862.0
2025-06-27 00:50:00,17300,5868,5857,5862,5866,5869,5859,5863,5868,5868.5,5858.0,5862.5,5867.0
2025-06-27 00:55:00,21200,5874,5866,5866,5872,5875,5868,5868,5874,5874.5,5867.0,5867.0,5873.0
2025-06-27 01:00:00,37200,5884,5872,5872,5883,5885,5874,5874,5885,5884.5,5873.0,5873.0,5884.0
2025-06-27 01:05:00,19000,5885,5872,5883,5872,5886,5873,5885,5874,5885.5,5872.5,5884.0,5873.0
2025-06-27 01:10:00,15100,5876,5870,5872,5870,5877,5871,5874,5872,5876.5,5870.5,5873.0,5871.0
2025-06-27 01:15:00,29300,5878,5869,5870,5870,5879,5870,5872,5872,5878.5,5869.5,5871.0,5871.0
2025-06-27 01:20:00,17900,5876,5871,5871,5875,5878,5872,5872,5877,5877.0,5871.5,5871.5,5876.0
2025-06-27 01:25:00,15900,5877,5867,5875,5869,5878,5869,5877,5870,5877.5,5868.0,5876.0,5869.5
2025-06-27 01:30:00,14500,5875,5868,5869,5874,5876,5870,5870,5875,5875.5,5869.0,5869.5,5874.5
2025-06-27 01:35:00,18500,5878,5864,5874,5866,5879,5865,5875,5867,5878.5,5864.5,5874.5,5866.5
2025-06-27 01:40:00,7900,5870,5864,5866,5865,5872,5866,5867,5867,5871.0,5865.0,5866.5,5866.0
2025-06-27 01:45:00,11300,5871,5864,5865,5864,5872,5865,5867,5865,5871.5,5864.5,5866.0,5864.5
2025-06-27 01:50:00,12600,5866,5859,5864,5865,5867,5861,5865,5866,5866.5,5860.0,5864.5,5865.5
2025-06-27 01:55:00,26000,5865,5848,5865,5852,5866,5849,5866,5853,5865.5,5848.5,5865.5,5852.5
2025-06-27 02:00:00,12300,5857,5849,5852,5853,5858,5851,5853,5854,5857.5,5850.0,5852.5,5853.5
2025-06-27 02:05:00,7300,5859,5851,5853,5859,5860,5852,5854,5860,5859.5,5851.5,5853.5,5859.5
2025-06-27 02:10:00,7600,5861,5858,5859,5859,5862,5859,5860,5861,5861.5,5858.5,5859.5,5860.0
2025-06-27 02:15:00,10400,5866,5859,5859,5862,5867,5861,5861,5864,5866.5,5860.0,5860.0,5863.0
2025-06-27 02:20:00,10500,5864,5860,5862,5862,5865,5861,5863,5863,5864.5,5860.5,5862.5,5862.5
2025-06-27 02:25:00,10500,5868,5862,5862,5866,5869,5863,5863,5868,5868.5,5862.5,5862.5,5867.0
2025-06-27 02:30:00,1900,5865,5865,5865,5865,5868,5868,5868,5868,5866.5,5866.5,5866.5,5866.5
2025-06-27 03:30:00,94300,5871,5858,5865,5870,5872,5860,5868,5871,5871.5,5859.0,5866.5,5870.5
2025-06-27 03:35:00,42800,5882,5867,5870,5881,5884,5869,5871,5883,5882.5,5868.0,5870.5,5882.0
2025-06-27 03:40:00,17300,5885,5881,5881,5883,5886,5882,5883,5885,5885.5,5881.5,5882.0,5884.0
2025-06-27 03:45:00,18200,5889,5883,5883,5886,5890,5885,5885,5888,5889.5,5884.0,5884.0,5887.0
2025-06-27 03:50:00,14500,5891,5886,5886,5891,5892,5888,5888,5892,5891.5,5887.0,5887.0,5891.5
2025-06-27 03:55:00,19100,5894,5885,5891,5885,5895,5886,5892,5886,5894.5,5885.5,5891.5,5885.5
2025-06-27 04:00:00,31800,5890,5882,5885,5884,5891,5884,5886,5886,5890.5,5883.0,5885.5,5885.0
2025-06-27 04:05:00,33300,5888,5883,5884,5884,5890,5884,5886,5885,5889.0,5883.5,5885.0,5884.5
2025-06-27 04:10:00,9400,5885,5880,5884,5881,5886,5882,5885,5882,5885.5,5881.0,5884.5,5881.5
2025-06-27 04:15:00,12500,5885,5881,5881,5882,5886,5882,5882,5883,5885.5,5881.5,5881.5,5882.5
2025-06-27 04:20:00,11800,5884,5878,5882,5880,5885,5879,5883,5881,5884.5,5878.5,5882.5,5880.5
2025-06-27 04:25:00,8300,5882,5879,5880,5882,5883,5880,5881,5883,5882.5,5879.5,5880.5,5882.5
2025-06-27 04:30:00,24100,5886,5882,5882,5883,5887,5883,5883,5884,5886.5,5882.5,5882.5,5883.5
2025-06-27 04:35:00,22000,5884,5877,5883,5877,5885,5878,5884,5878,5884.5,5877.5,5883.5,5877.5
2025-06-27 04:40:00,16300,5880,5875,5877,5875,5881,5876,5878,5877,5880.5,5875.5,5877.5,5876.0
2025-06-27 04:45:00,12200,5878,5874,5875,5874,5879,5875,5877,5875,5878.5,5874.5,5876.0,5874.5
2025-06-27 04:50:00,11900,5876,5874,5874,5875,5877,5875,5875,5876,5876.5,5874.5,5874.5,5875.5
2025-06-27 04:55:00,9900,5877,5873,5875,5873,5878,5874,5876,5874,5877.5,5873.5,5875.5,5873.5
2025-06-27 05:00:00,21300,5876,5870,5873,5870,5877,5871,5874,5871,5876.5,5870.5,5873.5,5870.5
2025-06-27 05:05:00,9000,5871,5869,5870,5869,5872,5870,5871,5870,5871.5,5869.5,5870.5,5869.5
2025-06-27 05:10:00,19400,5869,5865,5869,5869,5871,5867,5870,5870,5870.0,5866.0,5869.5,5869.5
2025-06-27 05:15:00,10500,5871,5868,5869,5868,5872,5869,5870,5869,5871.5,5868.5,5869.5,5868.5
2025-06-27 05:20:00,13200,5868,5865,5868,5865,5869,5866,5869,5866,5868.5,5865.5,5868.5,5865.5
2025-06-27 05:25:00,11000,5866,5864,5865,5864,5867,5865,5866,5865,5866.5,5864.5,5865.5,5864.5
2025-06-27 05:30:00,22500,5866,5864,5864,5864,5867,5865,5865,5865,5866.5,5864.5,5864.5,5864.5
2025-06-27 05:35:00,15400,5864,5861,5864,5864,5865,5863,5865,5865,5864.5,5862.0,5864.5,5864.5
2025-06-27 05:40:00,17600,5865,5864,5864,5864,5866,5865,5865,5865,5865.5,5864.5,5864.5,5864.5
2025-06-27 05:45:00,9100,5865,5863,5864,5864,5866,5864,5865,5865,5865.5,5863.5,5864.5,5864.5
2025-06-27 05:50:00,42000,5872,5861,5864,5870,5873,5862,5865,5871,5872.5,5861.5,5864.5,5870.5
2025-06-27 05:55:00,25200,5874,5870,5870,5873,5875,5871,5871,5875,5874.5,5870.5,5870.5,5874.0
2025-06-27 06:00:00,24400,5876,5871,5873,5873,5878,5873,5875,5874,5877.0,5872.0,5874.0,5873.5
2025-06-27 06:05:00,28500,5879,5873,5873,5878,5880,5874,5874,5879,5879.5,5873.5,5873.5,5878.5
2025-06-27 06:10:00,37000,5883,5878,5878,5881,5884,5879,5879,5883,5883.5,5878.5,5878.5,5882.0
2025-06-27 06:15:00,32800,5883,5877,5881,5879,5884,5878,5883,5880,5883.5,5877.5,5882.0,5879.5
2025-06-27 06:20:00,45800,5883,5875,5879,5879,5884,5877,5880,5881,5883.5,5876.0,5879.5,5880.0
2025-06-27 06:25:00,,6498,5878,6470,5878,6499,5878,6470,5878,6498.5,5878.0,6470.0,5878.0
2025-06-27 06:30:00,1037000,5877,5877,5877,5877,5879,5879,5879,5879,5878.0,5878.0,5878.0,5878.0
2025-06-30 00:00:00,141500,5905,5882,5893,5900,5906,5883,5894,5902,5905.5,5882.5,5893.5,5901.0
2025-06-30 00:05:00,36200,5903,5888,5900,5898,5905,5889,5902,5899,5904.0,5888.5,5901.0,5898.5
2025-06-30 00:10:00,29600,5906,5898,5898,5901,5908,5899,5899,5903,5907.0,5898.5,5898.5,5902.0
2025-06-30 00:15:00,33200,5914,5901,5901,5907,5916,5903,5903,5909,5915.0,5902.0,5902.0,5908.0
2025-06-30 00:20:00,19000,5915,5906,5907,5908,5917,5907,5909,5910,5916.0,5906.5,5908.0,5909.0
2025-06-30 00:25:00,17200,5912,5903,5908,5907,5913,5905,5910,5909,5912.5,5904.0,5909.0,5908.0
2025-06-30 00:30:00,17000,5908,5902,5907,5903,5909,5903,5909,5904,5908.5,5902.5,5908.0,5903.5
2025-06-30 00:35:00,23800,5911,5903,5903,5909,5913,5904,5904,5911,5912.0,5903.5,5903.5,5910.0
2025-06-30 00:40:00,18700,5911,5902,5909,5907,5912,5903,5911,5908,5911.5,5902.5,5910.0,5907.5
2025-06-30 00:45:00,19300,5913,5906,5907,5913,5914,5907,5908,5914,5913.5,5906.5,5907.5,5913.5
2025-06-30 00:50:00,19900,5913,5900,5913,5903,5914,5901,5914,5904,5913.5,5900.5,5913.5,5903.5
2025-06-30 00:55:00,43500,5907,5893,5903,5893,5908,5894,5904,5895,5907.5,5893.5,5903.5,5894.0
2025-06-30 01:00:00,21000,5895,5888,5893,5892,5897,5889,5895,5894,5896.0,5888.5,5894.0,5893.0
2025-06-30 01:05:00,9900,5896,5888,5892,5888,5897,5889,5894,5890,5896.5,5888.5,5893.0,5889.0
2025-06-30 01:10:00,13300,5889,5883,5888,5888,5890,5885,5890,5889,5889.5,5884.0,5889.0,5888.5
2025-06-30 01:15:00,20200,5893,5886,5888,5888,5894,5888,5889,5889,5893.5,5887.0,5888.5,5888.5
2025-06-30 01:20:00,35300,5889,5877,5888,5880,5890,5878,5889,5882,5889.5,5877.5,5888.5,5881.0
2025-06-30 01:25:00,12600,5885,5880,5880,5881,5886,5881,5882,5882,5885.5,5880.5,5881.0,5881.5
2025-06-30 01:30:00,19100,5886,5878,5881,5884,5888,5879,5882,5885,5887.0,5878.5,5881.5,5884.5
2025-06-30 01:35:00,17100,5886,5879,5884,5879,5888,5880,5885,5880,5887.0,5879.5,5884.5,5879.5
2025-06-30 01:40:00,33700,5880,5874,5879,5875,5881,5876,5880,5877,5880.5,5875.0,5879.5,5876.0
2025-06-30 01:45:00,11200,5880,5875,5875,5878,5881,5877,5877,5879,5880.5,5876.0,5876.0,5878.5
2025-06-30 01:50:00,13300,5882,5878,5878,5879,5883,5879,5879,5880,5882.5,5878.5,5878.5,5879.5
2025-06-30 01:55:00,14100,5879,5875,5879,5877,5880,5876,5880,5878,5879.5,5875.5,5879.5,5877.5
2025-06-30 02:00:00,16700,5885,5876,5877,5883,5887,5877,5878,5885,5886.0,5876.5,5877.5,5884.0
2025-06-30 02:05:00,10000,5886,5882,5883,5885,5887,5883,5885,5886,5886.5,5882.5,5884.0,5885.5
2025-06-30 02:10:00,15600,5891,5885,5885,5889,5893,5886,5886,5890,5892.0,5885.5,5885.5,5889.5
2025-06-30 02:15:00,13400,5894,5888,5889,5893,5895,5889,5890,5894,5894.5,5888.5,5889.5,5893.5
2025-06-30 02:20:00,10600,5893,5890,5893,5892,5894,5891,5894,5893,5893.5,5890.5,5893.5,5892.5
2025-06-30 02:25:00,11400,5892,5886,5892,5886,5893,5888,5893,5889,5892.5,5887.0,5892.5,5887.5
2025-06-30 02:30:00,8500,5885,5885,5885,5885,5889,5889,5889,5889,5887.0,5887.0,5887.0,5887.0
2025-06-30 03:30:00,48800,5887,5874,5874,5885,5889,5875,5875,5887,5888.0,5874.5,5874.5,5886.0
2025-06-30 03:35:00,28800,5896,5885,5885,5894,5897,5886,5887,5896,5896.5,5885.5,5886.0,5895.0
2025-06-30 03:40:00,6300,5894,5892,5894,5892,5896,5893,5896,5893,5895.0,5892.5,5895.0,5892.5
2025-06-30 03:45:00,8900,5892,5888,5892,5889,5893,5889,5893,5890,5892.5,5888.5,5892.5,5889.5
2025-06-30 03:50:00,10900,5892,5888,5889,5892,5893,5889,5890,5893,5892.5,5888.5,5889.5,5892.5
2025-06-30 03:55:00,19800,5892,5886,5892,5886,5894,5887,5893,5887,5893.0,5886.5,5892.5,5886.5
2025-06-30 04:00:00,18600,5886,5878,5886,5878,5887,5879,5887,5879,5886.5,5878.5,5886.5,5878.5
2025-06-30 04:05:00,15800,5886,5878,5878,5885,5887,5879,5879,5886,5886.5,5878.5,5878.5,5885.5
2025-06-30 04:10:00,8100,5885,5881,5885,5882,5886,5883,5886,5883,5885.5,5882.0,5885.5,5882.5
2025-06-30 04:15:00,12500,5884,5882,5882,5883,5885,5883,5883,5884,5884.5,5882.5,5882.5,5883.5
2025-06-30 04:20:00,13300,5885,5883,5883,5885,5886,5884,5884,5886,5885.5,5883.5,5883.5,5885.5
2025-06-30 04:25:00,5200,5885,5883,5885,5883,5886,5884,5886,5884,5885.5,5883.5,5885.5,5883.5
2025-06-30 04:30:00,8800,5883,5881,5883,5882,5884,5882,5884,5883,5883.5,5881.5,5883.5,5882.5
2025-06-30 04:35:00,10200,5882,5880,5882,5880,5883,5881,5883,5881,5882.5,5880.5,5882.5,5880.5
2025-06-30 04:40:00,13400,5880,5877,5880,5880,5881,5878,5881,5881,5880.5,5877.5,5880.5,5880.5
2025-06-30 04:45:00,15200,5881,5879,5880,5881,5882,5880,5881,5882,5881.5,5879.5,5880.5,5881.5
2025-06-30 04:50:00,15000,5881,5877,5881,5878,5882,5878,5882,5879,5881.5,5877.5,5881.5,5878.5
2025-06-30 04:55:00,17500,5878,5873,5878,5876,5879,5875,5879,5877,5878.5,5874.0,5878.5,5876.5
2025-06-30 05:00:00,34600,5876,5869,5876,5869,5877,5870,5877,5872,5876.5,5869.5,5876.5,5870.5
2025-06-30 05:05:00,19800,5875,5869,5869,5872,5876,5871,5871,5874,5875.5,5870.0,5870.0,5873.0
2025-06-30 05:10:00,10000,5873,5871,5872,5871,5874,5872,5874,5872,5873.5,5871.5,5873.0,5871.5
2025-06-30 05:15:00,12000,5873,5871,5871,5872,5874,5872,5872,5873,5873.5,5871.5,5871.5,5872.5
2025-06-30 05:20:00,12900,5872,5868,5872,5872,5873,5869,5873,5873,5872.5,5868.5,5872.5,5872.5
2025-06-30 05:25:00,19700,5873,5869,5872,5873,5874,5870,5873,5874,5873.5,5869.5,5872.5,5873.5
2025-06-30 05:30:00,19100,5873,5868,5873,5871,5874,5869,5874,5872,5873.5,5868.5,5873.5,5871.5
2025-06-30 05:35:00,16500,5874,5871,5871,5872,5875,5872,5872,5873,5874.5,5871.5,5871.5,5872.5
2025-06-30 05:40:00,18900,5875,5871,5872,5875,5877,5872,5873,5877,5876.0,5871.5,5872.5,5876.0
2025-06-30 05:45:00,21200,5879,5875,5875,5877,5880,5876,5877,5878,5879.5,5875.5,5876.0,5877.5
2025-06-30 05:50:00,17700,5878,5875,5877,5876,5879,5876,5878,5877,5878.5,5875.5,5877.5,5876.5
2025-06-30 05:55:00,23000,5883,5876,5876,5880,5884,5877,5877,5881,5883.5,5876.5,5876.5,5880.5
2025-06-30 06:00:00,29200,5884,5880,5880,5880,5885,5881,5881,5882,5884.5,5880.5,5880.5,5881.0
2025-06-30 06:05:00,21100,5885,5880,5880,5882,5886,5881,5882,5883,5885.5,5880.5,5881.0,5882.5
2025-06-30 06:10:00,22600,5886,5881,5882,5885,5887,5883,5883,5886,5886.5,5882.0,5882.5,5885.5
2025-06-30 06:15:00,33600,5892,5885,5885,5892,5893,5886,5886,5893,5892.5,5885.5,5885.5,5892.5
2025-06-30 06:20:00,37800,5894,5888,5892,5888,5895,5890,5893,5890,5894.5,5889.0,5892.5,5889.0
2025-06-30 06:25:00,,5946,5841,5842,5900,5947,5842,5843,5901,5946.5,5841.5,5842.5,5900.5
2025-06-30 06:30:00,958000,5895,5895,5895,5895,5901,5901,5901,5901,5898.0,5898.0,5898.0,5898.0
2025-07-01 00:00:00,353300,5898,5863,5865,5890,5901,5864,5866,5893,5899.5,5863.5,5865.5,5891.5
2025-07-01 00:05:00,91400,5901,5889,5890,5893,5903,5892,5893,5895,5902.0,5890.5,5891.5,5894.0
2025-07-01 00:10:00,47800,5896,5890,5893,5891,5898,5891,5895,5892,5897.0,5890.5,5894.0,5891.5
2025-07-01 00:15:00,57900,5903,5888,5891,5888,5905,5889,5892,5890,5904.0,5888.5,5891.5,5889.0
2025-07-01 00:20:00,53000,5910,5886,5888,5904,5911,5887,5890,5905,5910.5,5886.5,5889.0,5904.5
2025-07-01 00:25:00,53900,5912,5897,5904,5906,5914,5898,5905,5907,5913.0,5897.5,5904.5,5906.5
2025-07-01 00:30:00,29000,5907,5896,5906,5896,5909,5897,5907,5898,5908.0,5896.5,5906.5,5897.0
2025-07-01 00:35:00,19500,5901,5894,5896,5896,5903,5895,5898,5898,5901.5,5894.5,5897.0,5897.0
2025-07-01 00:40:00,15200,5901,5896,5896,5900,5902,5898,5898,5901,5901.5,5897.0,5897.0,5900.5
2025-07-01 00:45:00,21500,5907,5900,5900,5904,5909,5901,5901,5906,5908.0,5900.5,5900.5,5905.0
2025-07-01 00:50:00,16600,5910,5905,5905,5909,5912,5906,5906,5910,5911.0,5905.5,5905.5,5909.5
2025-07-01 00:55:00,64600,5921,5908,5909,5920,5922,5909,5910,5921,5921.5,5908.5,5909.5,5920.5
2025-07-01 01:00:00,41000,5927,5918,5920,5922,5928,5919,5921,5923,5927.5,5918.5,5920.5,5922.5
2025-07-01 01:05:00,23900,5926,5917,5922,5919,5928,5918,5923,5920,5927.0,5917.5,5922.5,5919.5
2025-07-01 01:10:00,23800,5921,5910,5919,5912,5922,5911,5920,5913,5921.5,5910.5,5919.5,5912.5
2025-07-01 01:15:00,20800,5914,5906,5912,5906,5915,5907,5913,5907,5914.5,5906.5,5912.5,5906.5
2025-07-01 01:20:00,20700,5909,5904,5906,5908,5910,5905,5907,5909,5909.5,5904.5,5906.5,5908.5
2025-07-01 01:25:00,11300,5913,5908,5908,5911,5914,5909,5909,5912,5913.5,5908.5,5908.5,5911.5
2025-07-01 01:30:00,13100,5915,5911,5911,5914,5917,5912,5912,5915,5916.0,5911.5,5911.5,5914.5
2025-07-01 01:35:00,13500,5914,5910,5914,5914,5916,5911,5915,5915,5915.0,5910.5,5914.5,5914.5
2025-07-01 01:40:00,9100,5916,5914,5914,5915,5917,5915,5915,5916,5916.5,5914.5,5914.5,5915.5
2025-07-01 01:45:00,21900,5918,5910,5915,5911,5919,5911,5916,5912,5918.5,5910.5,5915.5,5911.5
2025-07-01 01:50:00,17000,5914,5908,5911,5911,5915,5909,5913,5913,5914.5,5908.5,5912.0,5912.0
2025-07-01 01:55:00,19100,5912,5906,5911,5909,5913,5910,5913,5911,5912.5,5908.0,5912.0,5910.0
2025-07-01 02:00:00,8900,5910,5907,5909,5909,5911,5908,5911,5910,5910.5,5907.5,5910.0,5909.5
2025-07-01 02:05:00,9100,5909,5906,5909,5906,5910,5907,5910,5907,5909.5,5906.5,5909.5,5906.5
2025-07-01 02:10:00,24400,5906,5897,5906,5899,5907,5898,5907,5900,5906.5,5897.5,5906.5,5899.5
2025-07-01 02:15:00,28900,5899,5889,5899,5891,5900,5890,5900,5892,5899.5,5889.5,5899.5,5891.5
2025-07-01 02:20:00,8700,5891,5889,5891,5889,5892,5890,5892,5890,5891.5,5889.5,5891.5,5889.5
2025-07-01 02:25:00,16600,5897,5889,5889,5897,5899,5890,5890,5898,5898.0,5889.5,5889.5,5897.5
2025-07-01 02:30:00,8000,5896,5896,5896,5896,5898,5898,5898,5898,5897.0,5897.0,5897.0,5897.0
2025-07-01 03:30:00,99500,5903,5881,5883,5900,5905,5882,5883,5902,5904.0,5881.5,5883.0,5901.0
2025-07-01 03:35:00,29800,5908,5900,5900,5907,5909,5902,5902,5909,5908.5,5901.0,5901.0,5908.0
2025-07-01 03:40:00,18800,5908,5905,5907,5906,5909,5906,5909,5907,5908.5,5905.5,5908.0,5906.5
2025-07-01 03:45:00,28600,5907,5904,5906,5906,5909,5905,5907,5907,5908.0,5904.5,5906.5,5906.5
2025-07-01 03:50:00,17500,5910,5906,5906,5908,5911,5907,5907,5909,5910.5,5906.5,5906.5,5908.5
2025-07-01 03:55:00,31400,5913,5908,5908,5913,5914,5909,5909,5914,5913.5,5908.5,5908.5,5913.5
2025-07-01 04:00:00,43800,5919,5911,5913,5919,5920,5913,5914,5920,5919.5,5912.0,5913.5,5919.5
2025-07-01 04:05:00,35000,5924,5919,5919,5923,5925,5920,5920,5924,5924.5,5919.5,5919.5,5923.5
2025-07-01 04:10:00,25800,5927,5923,5923,5926,5928,5924,5924,5927,5927.5,5923.5,5923.5,5926.5
2025-07-01 04:15:00,29600,5927,5918,5926,5926,5928,5919,5927,5927,5927.5,5918.5,5926.5,5926.5
2025-07-01 04:20:00,49600,5927,5915,5926,5916,5928,5916,5927,5917,5927.5,5915.5,5926.5,5916.5
2025-07-01 04:25:00,19400,5917,5913,5916,5917,5918,5914,5917,5918,5917.5,5913.5,5916.5,5917.5
2025-07-01 04:30:00,34800,5924,5917,5917,5922,5925,5918,5918,5923,5924.5,5917.5,5917.5,5922.5
2025-07-01 04:35:00,8000,5925,5922,5922,5925,5926,5923,5923,5926,5925.5,5922.5,5922.5,5925.5
2025-07-01 04:40:00,36600,5926,5921,5925,5924,5927,5922,5926,5925,5926.5,5921.5,5925.5,5924.5
2025-07-01 04:45:00,65500,5930,5924,5924,5929,5931,5925,5925,5930,5930.5,5924.5,5924.5,5929.5
2025-07-01 04:50:00,23700,5934,5929,5929,5934,5935,5930,5930,5935,5934.5,5929.5,5929.5,5934.5
2025-07-01 04:55:00,39900,5940,5933,5934,5937,5942,5934,5935,5938,5941.0,5933.5,5934.5,5937.5
2025-07-01 05:00:00,32200,5947,5937,5937,5947,5948,5938,5938,5948,5947.5,5937.5,5937.5,5947.5
2025-07-01 05:05:00,32000,5948,5942,5947,5944,5949,5943,5948,5945,5948.5,5942.5,5947.5,5944.5
2025-07-01 05:10:00,27700,5946,5938,5944,5940,5947,5939,5945,5941,5946.5,5938.5,5944.5,5940.5
2025-07-01 05:15:00,35800,5942,5934,5940,5936,5943,5935,5941,5937,5942.5,5934.5,5940.5,5936.5
2025-07-01 05:20:00,20500,5937,5932,5936,5932,5938,5933,5937,5933,5937.5,5932.5,5936.5,5932.5
2025-07-01 05:25:00,21800,5934,5932,5932,5933,5935,5933,5933,5934,5934.5,5932.5,5932.5,5933.5
2025-07-01 05:30:00,38200,5941,5933,5933,5937,5942,5934,5934,5938,5941.5,5933.5,5933.5,5937.5
2025-07-01 05:35:00,40300,5943,5937,5937,5942,5944,5938,5938,5944,5943.5,5937.5,5937.5,5943.0
2025-07-01 05:40:00,38200,5946,5942,5942,5944,5947,5943,5944,5945,5946.5,5942.5,5943.0,5944.5
2025-07-01 05:45:00,41500,5945,5940,5944,5942,5946,5941,5945,5943,5945.5,5940.5,5944.5,5942.5
2025-07-01 05:50:00,45600,5944,5940,5942,5940,5945,5941,5943,5941,5944.5,5940.5,5942.5,5940.5
2025-07-01 05:55:00,46000,5940,5934,5940,5937,5941,5936,5941,5938,5940.5,5935.0,5940.5,5937.5
2025-07-01 06:00:00,68500,5938,5930,5937,5935,5939,5931,5938,5936,5938.5,5930.5,5937.5,5935.5
2025-07-01 06:05:00,33800,5939,5931,5935,5939,5940,5932,5936,5940,5939.5,5931.5,5935.5,5939.5
2025-07-01 06:10:00,36300,5942,5939,5939,5940,5943,5940,5940,5942,5942.5,5939.5,5939.5,5941.0
2025-07-01 06:15:00,28200,5946,5940,5940,5946,5947,5941,5942,5947,5946.5,5940.5,5941.0,5946.5
2025-07-01 06:20:00,84700,5949,5941,5946,5942,5950,5942,5947,5944,5949.5,5941.5,5946.5,5943.0
2025-07-01 06:25:00,,5962,5905,5917,5944,5963,5906,5918,5945,5962.5,5905.5,5917.5,5944.5
2025-07-01 06:30:00,532800,5940,5940,5940,5940,5947,5947,5947,5947,5943.5,5943.5,5943.5,5943.5
2025-07-02 00:00:00,305400,5992,5939,5945,5964,5995,5942,5946,5966,5993.5,5941.5,5945.5,5965.0
2025-07-02 00:05:00,63900,5981,5957,5964,5981,5984,5960,5966,5984,5982.5,5958.5,5965.0,5982.5
2025-07-02 00:10:00,31600,5983,5973,5981,5975,5985,5974,5984,5977,5984.0,5973.5,5982.5,5976.0
2025-07-02 00:15:00,49300,5988,5972,5975,5984,5989,5973,5977,5986,5988.5,5972.5,5976.0,5985.0
2025-07-02 00:20:00,42900,5995,5983,5984,5992,5996,5984,5986,5994,5995.5,5983.5,5985.0,5993.0
2025-07-02 00:25:00,28400,5994,5978,5992,5980,5995,5980,5994,5982,5994.5,5979.5,5993.0,5981.0
2025-07-02 00:30:00,39600,5995,5977,5980,5989,5996,5978,5982,5991,5995.5,5977.5,5981.0,5990.0
2025-07-02 00:35:00,30000,5993,5978,5989,5980,5994,5979,5991,5982,5993.5,5978.5,5990.0,5981.0
2025-07-02 00:40:00,19000,5987,5979,5980,5980,5988,5980,5982,5981,5987.5,5979.5,5981.0,5980.5
2025-07-02 00:45:00,21800,5986,5975,5980,5983,5987,5977,5981,5985,5986.5,5976.0,5980.5,5984.0
2025-07-02 00:50:00,23600,5990,5981,5983,5988,5991,5982,5985,5990,5990.5,5981.5,5984.0,5989.0
2025-07-02 00:55:00,18600,5989,5983,5988,5986,5990,5984,5990,5988,5989.5,5983.5,5989.0,5987.0
2025-07-02 01:00:00,24300,5993,5985,5986,5992,5994,5986,5988,5993,5993.5,5985.5,5987.0,5992.5
2025-07-02 01:05:00,26900,5993,5976,5992,5978,5995,5978,5993,5980,5994.0,5977.0,5992.5,5979.0
2025-07-02 01:10:00,11200,5981,5975,5978,5976,5982,5976,5980,5977,5981.5,5975.5,5979.0,5976.5
2025-07-02 01:15:00,25400,5976,5966,5976,5969,5977,5968,5977,5970,5976.5,5967.0,5976.5,5969.5
2025-07-02 01:20:00,11700,5971,5961,5969,5961,5972,5963,5970,5963,5971.5,5962.0,5969.5,5962.0
2025-07-02 01:25:00,22100,5964,5954,5961,5955,5966,5955,5963,5957,5965.0,5954.5,5962.0,5956.0
2025-07-02 01:30:00,19600,5958,5953,5955,5958,5960,5954,5957,5959,5959.0,5953.5,5956.0,5958.5
2025-07-02 01:35:00,8200,5962,5957,5958,5957,5963,5958,5959,5958,5962.5,5957.5,5958.5,5957.5
2025-07-02 01:40:00,11600,5959,5955,5957,5955,5960,5956,5958,5957,5959.5,5955.5,5957.5,5956.0
2025-07-02 01:45:00,9400,5958,5955,5955,5956,5960,5957,5957,5957,5959.0,5956.0,5956.0,5956.5
2025-07-02 01:50:00,15600,5960,5952,5956,5958,5961,5953,5957,5960,5960.5,5952.5,5956.5,5959.0
2025-07-02 01:55:00,9300,5959,5953,5958,5955,5960,5955,5960,5957,5959.5,5954.0,5959.0,5956.0
2025-07-02 02:00:00,10900,5961,5955,5955,5959,5962,5956,5957,5960,5961.5,5955.5,5956.0,5959.5
2025-07-02 02:05:00,10500,5961,5957,5959,5959,5962,5959,5960,5960,5961.5,5958.0,5959.5,5959.5
2025-07-02 02:10:00,6600,5960,5957,5959,5959,5961,5958,5960,5960,5960.5,5957.5,5959.5,5959.5
2025-07-02 02:15:00,14200,5967,5959,5959,5965,5969,5960,5960,5966,5968.0,5959.5,5959.5,5965.5
2025-07-02 02:20:00,8400,5966,5959,5965,5963,5967,5961,5966,5964,5966.5,5960.0,5965.5,5963.5
2025-07-02 02:25:00,13400,5968,5963,5963,5965,5969,5964,5964,5967,5968.5,5963.5,5963.5,5966.0
2025-07-02 02:30:00,2100,5965,5965,5965,5965,5967,5967,5967,5967,5966.0,5966.0,5966.0,5966.0
2025-07-02 03:30:00,82100,5990,5968,5972,5985,5992,5972,5972,5986,5991.0,5971.0,5972.0,5985.5
2025-07-02 03:35:00,23700,5993,5984,5985,5989,5994,5985,5986,5990,5993.5,5984.5,5985.5,5989.5
2025-07-02 03:40:00,13900,5989,5987,5989,5988,5990,5988,5990,5989,5989.5,5987.5,5989.5,5988.5
2025-07-02 03:45:00,13400,5991,5987,5988,5989,5992,5989,5989,5990,5991.5,5988.0,5988.5,5989.5
2025-07-02 03:50:00,27100,5993,5988,5989,5993,5994,5989,5990,5994,5993.5,5988.5,5989.5,5993.5
2025-07-02 03:55:00,27800,5995,5992,5993,5995,5996,5993,5994,5996,5995.5,5992.5,5993.5,5995.5
2025-07-02 04:00:00,73600,6000,5994,5995,5996,6001,5995,5996,5998,6000.5,5994.5,5995.5,5997.0
2025-07-02 04:05:00,13300,5999,5995,5996,5998,6000,5997,5998,5999,5999.5,5996.0,5997.0,5998.5
2025-07-02 04:10:00,3800,5999,5998,5998,5999,6000,5999,5999,6000,5999.5,5998.5,5998.5,5999.5
2025-07-02 04:15:00,12200,5999,5997,5999,5997,6000,5998,6000,5998,5999.5,5997.5,5999.5,5997.5
2025-07-02 04:20:00,36400,6005,5997,5997,6005,6006,5998,5998,6006,6005.5,5997.5,5997.5,6005.5
2025-07-02 04:25:00,16600,6008,6004,6005,6006,6009,6006,6006,6007,6008.5,6005.0,6005.5,6006.5
2025-07-02 04:30:00,7900,6006,6003,6006,6004,6007,6004,6007,6005,6006.5,6003.5,6006.5,6004.5
2025-07-02 04:35:00,17400,6007,6002,6004,6006,6009,6004,6005,6008,6008.0,6003.0,6004.5,6007.0
2025-07-02 04:40:00,11500,6007,6004,6006,6005,6008,6006,6008,6007,6007.5,6005.0,6007.0,6006.0
2025-07-02 04:45:00,13300,6007,6005,6005,6007,6008,6006,6007,6008,6007.5,6005.5,6006.0,6007.5
2025-07-02 04:50:00,23000,6012,6007,6007,6008,6013,6008,6008,6010,6012.5,6007.5,6007.5,6009.0
2025-07-02 04:55:00,13600,6014,6008,6008,6010,6015,6010,6010,6011,6014.5,6009.0,6009.0,6010.5
2025-07-02 05:00:00,9500,6011,6009,6010,6009,6012,6010,6011,6011,6011.5,6009.5,6010.5,6010.0
2025-07-02 05:05:00,8600,6010,6006,6009,6008,6011,6008,6011,6009,6010.5,6007.0,6010.0,6008.5
2025-07-02 05:10:00,10100,6008,6003,6008,6004,6009,6005,6009,6005,6008.5,6004.0,6008.5,6004.5
2025-07-02 05:15:00,5800,6006,6004,6004,6004,6007,6005,6005,6005,6006.5,6004.5,6004.5,6004.5
2025-07-02 05:20:00,9000,6006,6003,6004,6003,6007,6004,6005,6004,6006.5,6003.5,6004.5,6003.5
2025-07-02 05:25:00,7200,6004,6003,6003,6003,6005,6004,6004,6004,6004.5,6003.5,6003.5,6003.5
2025-07-02 05:30:00,20000,6007,6002,6003,6007,6009,6003,6004,6009,6008.0,6002.5,6003.5,6008.0
2025-07-02 05:35:00,10000,6008,6005,6007,6006,6009,6006,6009,6007,6008.5,6005.5,6008.0,6006.5
2025-07-02 05:40:00,18400,6006,6003,6006,6006,6007,6004,6007,6007,6006.5,6003.5,6006.5,6006.5
2025-07-02 05:45:00,17400,6007,6003,6006,6005,6008,6004,6007,6006,6007.5,6003.5,6006.5,6005.5
2025-07-02 05:50:00,10700,6007,6005,6005,6006,6008,6006,6006,6007,6007.5,6005.5,6005.5,6006.5
2025-07-02 05:55:00,27800,6008,6003,6006,6006,6010,6004,6007,6007,6009.0,6003.5,6006.5,6006.5
2025-07-02 06:00:00,21900,6013,6006,6006,6013,6014,6007,6007,6014,6013.5,6006.5,6006.5,6013.5
2025-07-02 06:05:00,43900,6018,6012,6013,6015,6019,6013,6014,6017,6018.5,6012.5,6013.5,6016.0
2025-07-02 06:10:00,23700,6019,6015,6015,6016,6020,6017,6017,6017,6019.5,6016.0,6016.0,6016.5
2025-07-02 06:15:00,18700,6019,6016,6016,6019,6020,6017,6017,6020,6019.5,6016.5,6016.5,6019.5
2025-07-02 06:20:00,50700,6019,6013,6019,6017,6020,6014,6020,6019,6019.5,6013.5,6019.5,6018.0
2025-07-02 06:25:00,,6019,5988,6008,6017,6020,5989,6009,6017,6019.5,5988.5,6008.5,6017.0
2025-07-02 06:30:00,503100,6015,6015,6015,6015,6019,6019,6019,6019,6017.0,6017.0,6017.0,6017.0
2025-07-03 00:00:00,293600,6007,5979,5987,5995,6013,5981,5988,5997,6008.5,5980.0,5987.5,5996.0
2025-07-03 00:05:00,61200,6010,5992,5995,6003,6012,5993,5997,6004,6011.0,5992.5,5996.0,6003.5
2025-07-03 00:10:00,25800,6010,6000,6003,6002,6011,6002,6004,6003,6010.5,6001.0,6003.5,6002.5
2025-07-03 00:15:00,37600,6017,6000,6002,6017,6019,6002,6003,6018,6018.0,6001.0,6002.5,6017.5
2025-07-03 00:20:00,32800,6024,6011,6017,6011,6025,6012,6019,6012,6024.5,6011.5,6018.0,6011.5
2025-07-03 00:25:00,22400,6016,6004,6011,6014,6017,6005,6012,6015,6016.5,6004.5,6011.5,6014.5
2025-07-03 00:30:00,23100,6017,5998,6013,6000,6019,6000,6015,6002,6018.0,5999.0,6014.0,6001.0
2025-07-03 00:35:00,15600,6004,5997,6000,5997,6005,5998,6002,5999,6004.5,5997.5,6001.0,5998.0
2025-07-03 00:40:00,12000,6009,5997,5997,6002,6010,5999,5999,6004,6009.5,5998.0,5998.0,6003.0
2025-07-03 00:45:00,9800,6008,6002,6002,6007,6009,6004,6004,6008,6008.5,6003.0,6003.0,6007.5
2025-07-03 00:50:00,9800,6014,6006,6007,6013,6015,6007,6008,6014,6014.5,6006.5,6007.5,6013.5
2025-07-03 00:55:00,19400,6020,6012,6013,6014,6021,6013,6014,6016,6020.5,6012.5,6013.5,6015.0
2025-07-03 01:00:00,15200,6023,6014,6014,6022,6024,6015,6016,6023,6023.5,6014.5,6015.0,6022.5
2025-07-03 01:05:00,10200,6022,6014,6022,6021,6023,6016,6023,6022,6022.5,6015.0,6022.5,6021.5
2025-07-03 01:10:00,16000,6025,6014,6021,6015,6026,6015,6022,6016,6025.5,6014.5,6021.5,6015.5
2025-07-03 01:15:00,11000,6017,6006,6015,6009,6018,6008,6016,6010,6017.5,6007.0,6015.5,6009.5
2025-07-03 01:20:00,6800,6012,6006,6009,6009,6013,6008,6010,6010,6012.5,6007.0,6009.5,6009.5
2025-07-03 01:25:00,7900,6012,6005,6009,6011,6013,6007,6010,6013,6012.5,6006.0,6009.5,6012.0
2025-07-03 01:30:00,10400,6020,6011,6011,6015,6022,6012,6013,6017,6021.0,6011.5,6012.0,6016.0
2025-07-03 01:35:00,12400,6021,6014,6015,6018,6022,6016,6017,6020,6021.5,6015.0,6016.0,6019.0
2025-07-03 01:40:00,12700,6028,6018,6018,6018,6029,6020,6020,6020,6028.5,6019.0,6019.0,6019.0
2025-07-03 01:45:00,13700,6027,6018,6018,6024,6028,6020,6020,6025,6027.5,6019.0,6019.0,6024.5
2025-07-03 01:50:00,4000,6025,6021,6024,6025,6026,6023,6025,6026,6025.5,6022.0,6024.5,6025.5
2025-07-03 01:55:00,10300,6026,6022,6025,6022,6027,6023,6026,6023,6026.5,6022.5,6025.5,6022.5
2025-07-03 02:00:00,12300,6026,6018,6022,6018,6027,6019,6023,6020,6026.5,6018.5,6022.5,6019.0
2025-07-03 02:05:00,50600,6032,6016,6019,6031,6033,6017,6020,6033,6032.5,6016.5,6019.5,6032.0
2025-07-03 02:10:00,15500,6036,6030,6031,6032,6038,6032,6033,6034,6037.0,6031.0,6032.0,6033.0
2025-07-03 02:15:00,40100,6034,6020,6032,6027,6035,6021,6034,6028,6034.5,6020.5,6033.0,6027.5
2025-07-03 02:20:00,17200,6028,6021,6027,6021,6030,6022,6028,6022,6029.0,6021.5,6027.5,6021.5
2025-07-03 02:25:00,15300,6023,6013,6021,6014,6024,6015,6022,6016,6023.5,6014.0,6021.5,6015.0
2025-07-03 02:30:00,5200,6014,6014,6014,6014,6016,6016,6016,6016,6015.0,6015.0,6015.0,6015.0
2025-07-03 03:30:00,73600,6036,6014,6014,6026,6037,6015,6015,6027,6036.5,6014.5,6014.5,6026.5
2025-07-03 03:35:00,18000,6032,6024,6026,6025,6034,6025,6027,6026,6033.0,6024.5,6026.5,6025.5
2025-07-03 03:40:00,15800,6029,6022,6025,6023,6030,6023,6026,6025,6029.5,6022.5,6025.5,6024.0
2025-07-03 03:45:00,26000,6034,6023,6023,6034,6035,6024,6025,6035,6034.5,6023.5,6024.0,6034.5
2025-07-03 03:50:00,25900,6040,6034,6034,6034,6041,6035,6035,6037,6040.5,6034.5,6034.5,6035.5
2025-07-03 03:55:00,33400,6043,6034,6034,6040,6044,6036,6037,6041,6043.5,6035.0,6035.5,6040.5
2025-07-03 04:00:00,13400,6043,6036,6040,6041,6044,6037,6041,6042,6043.5,6036.5,6040.5,6041.5
2025-07-03 04:05:00,8600,6043,6040,6041,6042,6044,6041,6042,6044,6043.5,6040.5,6041.5,6043.0
2025-07-03 04:10:00,21100,6047,6041,6042,6047,6048,6042,6044,6048,6047.5,6041.5,6043.0,6047.5
2025-07-03 04:15:00,8100,6047,6042,6047,6042,6048,6043,6048,6043,6047.5,6042.5,6047.5,6042.5
2025-07-03 04:20:00,7400,6045,6040,6042,6041,6046,6042,6044,6042,6045.5,6041.0,6043.0,6041.5
2025-07-03 04:25:00,7200,6041,6038,6041,6039,6042,6040,6042,6040,6041.5,6039.0,6041.5,6039.5
2025-07-03 04:30:00,11600,6040,6032,6039,6032,6041,6033,6040,6034,6040.5,6032.5,6039.5,6033.0
2025-07-03 04:35:00,8300,6035,6030,6032,6034,6036,6031,6034,6036,6035.5,6030.5,6033.0,6035.0
2025-07-03 04:40:00,10200,6038,6034,6034,6036,6039,6036,6036,6037,6038.5,6035.0,6035.0,6036.5
2025-07-03 04:45:00,5400,6037,6034,6036,6037,6038,6035,6037,6038,6037.5,6034.5,6036.5,6037.5
2025-07-03 04:50:00,24900,6040,6035,6037,6035,6042,6036,6038,6036,6041.0,6035.5,6037.5,6035.5
2025-07-03 04:55:00,4000,6039,6035,6035,6039,6040,6036,6036,6040,6039.5,6035.5,6035.5,6039.5
2025-07-03 05:00:00,14500,6042,6039,6039,6040,6043,6040,6040,6041,6042.5,6039.5,6039.5,6040.5
2025-07-03 05:05:00,9300,6041,6039,6040,6040,6042,6040,6041,6041,6041.5,6039.5,6040.5,6040.5
2025-07-03 05:10:00,9100,6041,6035,6040,6036,6042,6036,6041,6037,6041.5,6035.5,6040.5,6036.5
2025-07-03 05:15:00,6300,6037,6033,6036,6035,6039,6035,6037,6036,6038.0,6034.0,6036.5,6035.5
2025-07-03 05:20:00,12900,6035,6030,6035,6033,6036,6032,6036,6034,6035.5,6031.0,6035.5,6033.5
2025-07-03 05:25:00,8600,6034,6032,6033,6033,6035,6033,6034,6034,6034.5,6032.5,6033.5,6033.5
2025-07-03 05:30:00,15700,6037,6033,6033,6036,6038,6034,6034,6037,6037.5,6033.5,6033.5,6036.5
2025-07-03 05:35:00,12600,6037,6033,6036,6033,6038,6034,6037,6034,6037.5,6033.5,6036.5,6033.5
2025-07-03 05:40:00,9400,6036,6031,6033,6035,6038,6032,6034,6036,6037.0,6031.5,6033.5,6035.5
2025-07-03 05:45:00,9900,6035,6025,6035,6026,6036,6026,6036,6027,6035.5,6025.5,6035.5,6026.5
2025-07-03 05:50:00,10700,6030,6026,6026,6030,6031,6027,6027,6031,6030.5,6026.5,6026.5,6030.5
2025-07-03 05:55:00,14700,6032,6028,6030,6030,6034,6029,6031,6032,6033.0,6028.5,6030.5,6031.0
2025-07-03 06:00:00,12700,6032,6026,6030,6027,6033,6027,6032,6028,6032.5,6026.5,6031.0,6027.5
2025-07-03 06:05:00,15300,6031,6027,6027,6029,6032,6028,6028,6030,6031.5,6027.5,6027.5,6029.5
2025-07-03 06:10:00,12700,6031,6029,6029,6031,6032,6030,6030,6032,6031.5,6029.5,6029.5,6031.5
2025-07-03 06:15:00,35700,6035,6031,6031,6035,6037,6032,6032,6036,6036.0,6031.5,6031.5,6035.5
2025-07-03 06:20:00,58800,6044,6029,6035,6044,6045,6031,6036,6045,6044.5,6030.5,6035.5,6044.5
2025-07-03 06:25:00,,6062,5997,6015,6046,6063,5998,6016,6047,6062.5,5997.5,6015.5,6046.5
2025-07-03 06:30:00,762400,6044,6044,6044,6044,6048,6048,6048,6048,6046.0,6046.0,6046.0,6046.0
2025-07-04 00:00:00,169400,6045,6018,6030,6019,6048,6021,6031,6021,6046.5,6019.5,6030.5,6020.0
2025-07-04 00:05:00,53800,6032,6012,6019,6013,6033,6013,6021,6016,6032.5,6012.5,6020.0,6014.5
2025-07-04 00:10:00,45100,6017,5997,6013,6000,6018,5999,6016,6001,6017.5,5998.0,6014.5,6000.5
2025-07-04 00:15:00,27300,6016,5996,6000,6007,6018,5998,6001,6009,6017.0,5997.0,6000.5,6008.0
2025-07-04 00:20:00,12800,6010,6005,6007,6009,6011,6007,6009,6010,6010.5,6006.0,6008.0,6009.5
2025-07-04 00:25:00,17000,6019,6009,6009,6019,6020,6010,6010,6020,6019.5,6009.5,6009.5,6019.5
2025-07-04 00:30:00,13300,6019,6012,6019,6018,6020,6014,6020,6020,6019.5,6013.0,6019.5,6019.0
2025-07-04 00:35:00,8200,6019,6012,6018,6015,6020,6014,6020,6016,6019.5,6013.0,6019.0,6015.5
2025-07-04 00:40:00,10100,6021,6013,6015,6015,6023,6015,6016,6017,6022.0,6014.0,6015.5,6016.0
2025-07-04 00:45:00,8700,6022,6015,6015,6020,6023,6017,6017,6022,6022.5,6016.0,6016.0,6021.0
2025-07-04 00:50:00,7300,6023,6019,6020,6020,6024,6020,6022,6021,6023.5,6019.5,6021.0,6020.5
2025-07-04 00:55:00,12700,6024,6019,6020,6020,6026,6020,6021,6022,6025.0,6019.5,6020.5,6021.0
2025-07-04 01:00:00,28600,6025,6019,6020,6020,6026,6021,6022,6022,6025.5,6020.0,6021.0,6021.0
2025-07-04 01:05:00,6900,6021,6017,6020,6019,6022,6019,6022,6021,6021.5,6018.0,6021.0,6020.0
2025-07-04 01:10:00,6400,6022,6019,6019,6019,6024,6020,6020,6021,6023.0,6019.5,6019.5,6020.0
2025-07-04 01:15:00,6300,6022,6017,6019,6021,6023,6018,6021,6022,6022.5,6017.5,6020.0,6021.5
2025-07-04 01:20:00,6400,6022,6020,6021,6020,6024,6022,6022,6022,6023.0,6021.0,6021.5,6021.0
2025-07-04 01:25:00,6200,6021,6017,6020,6019,6022,6019,6022,6021,6021.5,6018.0,6021.0,6020.0
2025-07-04 01:30:00,5400,6020,6016,6019,6018,6021,6017,6021,6019,6020.5,6016.5,6020.0,6018.5
2025-07-04 01:35:00,4900,6020,6017,6018,6019,6021,6018,6019,6020,6020.5,6017.5,6018.5,6019.5
2025-07-04 01:40:00,5900,6024,6019,6019,6019,6025,6020,6020,6021,6024.5,6019.5,6019.5,6020.0
2025-07-04 01:45:00,2800,6023,6019,6019,6023,6024,6021,6021,6024,6023.5,6020.0,6020.0,6023.5
2025-07-04 01:50:00,33900,6024,6017,6023,6020,6025,6019,6024,6022,6024.5,6018.0,6023.5,6021.0
2025-07-04 01:55:00,3400,6021,6017,6020,6018,6022,6018,6022,6019,6021.5,6017.5,6021.0,6018.5
2025-07-04 02:00:00,7900,6025,6017,6018,6022,6026,6018,6019,6023,6025.5,6017.5,6018.5,6022.5
2025-07-04 02:05:00,4500,6023,6019,6022,6022,6025,6021,6023,6023,6024.0,6020.0,6022.5,6022.5
2025-07-04 02:10:00,2400,6022,6019,6022,6022,6023,6021,6023,6023,6022.5,6020.0,6022.5,6022.5
2025-07-04 02:15:00,3700,6024,6022,6022,6023,6026,6023,6023,6024,6025.0,6022.5,6022.5,6023.5
2025-07-04 02:20:00,15700,6024,6021,6023,6021,6025,6022,6024,6023,6024.5,6021.5,6023.5,6022.0
2025-07-04 02:25:00,6200,6023,6019,6021,6019,6024,6020,6023,6021,6023.5,6019.5,6022.0,6020.0
2025-07-04 02:30:00,1300,6019,6019,6019,6019,6021,6021,6021,6021,6020.0,6020.0,6020.0,6020.0
2025-07-04 03:30:00,47300,6031,6020,6021,6022,6033,6021,6021,6024,6032.0,6020.5,6021.0,6023.0
2025-07-04 03:35:00,9700,6024,6017,6022,6017,6026,6018,6024,6019,6025.0,6017.5,6023.0,6018.0
2025-07-04 03:40:00,6200,6019,6016,6017,6018,6020,6017,6018,6019,6019.5,6016.5,6017.5,6018.5
2025-07-04 03:45:00,11500,6021,6018,6018,6018,6022,6019,6019,6019,6021.5,6018.5,6018.5,6018.5
2025-07-04 03:50:00,13500,6018,6014,6018,6015,6019,6015,6019,6016,6018.5,6014.5,6018.5,6015.5
2025-07-04 03:55:00,4500,6017,6015,6015,6017,6018,6016,6016,6018,6017.5,6015.5,6015.5,6017.5
2025-07-04 04:00:00,22000,6018,6006,6017,6007,6019,6007,6018,6008,6018.5,6006.5,6017.5,6007.5
2025-07-04 04:05:00,10100,6008,6005,6007,6008,6009,6006,6008,6009,6008.5,6005.5,6007.5,6008.5
2025-07-04 04:10:00,5500,6010,6007,6008,6009,6011,6008,6009,6010,6010.5,6007.5,6008.5,6009.5
2025-07-04 04:15:00,10800,6011,6007,6009,6011,6012,6008,6010,6012,6011.5,6007.5,6009.5,6011.5
2025-07-04 04:20:00,9000,6012,6006,6011,6007,6014,6007,6012,6008,6013.0,6006.5,6011.5,6007.5
2025-07-04 04:25:00,7700,6007,6003,6007,6006,6008,6005,6008,6007,6007.5,6004.0,6007.5,6006.5
2025-07-04 04:30:00,4600,6008,6006,6006,6007,6009,6007,6007,6008,6008.5,6006.5,6006.5,6007.5
2025-07-04 04:35:00,7900,6009,6006,6007,6009,6010,6007,6008,6010,6009.5,6006.5,6007.5,6009.5
2025-07-04 04:40:00,15100,6015,6009,6009,6013,6016,6010,6010,6014,6015.5,6009.5,6009.5,6013.5
2025-07-04 04:45:00,9700,6013,6008,6013,6010,6014,6009,6014,6011,6013.5,6008.5,6013.5,6010.5
2025-07-04 04:50:00,7500,6011,6008,6010,6009,6012,6009,6011,6010,6011.5,6008.5,6010.5,6009.5
2025-07-04 04:55:00,18700,6011,6005,6009,6009,6012,6006,6010,6010,6011.5,6005.5,6009.5,6009.5
2025-07-04 05:00:00,8300,6011,6008,6009,6009,6012,6009,6010,6010,6011.5,6008.5,6009.5,6009.5
2025-07-04 05:05:00,7000,6010,6008,6009,6009,6011,6009,6010,6010,6010.5,6008.5,6009.5,6009.5
2025-07-04 05:10:00,7900,6012,6009,6009,6012,6013,6010,6010,6013,6012.5,6009.5,6009.5,6012.5
2025-07-04 05:15:00,10100,6012,6009,6012,6009,6013,6010,6013,6010,6012.5,6009.5,6012.5,6009.5
2025-07-04 05:20:00,13600,6011,6009,6009,6010,6012,6010,6010,6011,6011.5,6009.5,6009.5,6010.5
2025-07-04 05:25:00,10600,6013,6009,6010,6009,6014,6010,6011,6010,6013.5,6009.5,6010.5,6009.5
2025-07-04 05:30:00,15800,6012,6009,6009,6011,6013,6010,6010,6012,6012.5,6009.5,6009.5,6011.5
2025-07-04 05:35:00,13300,6011,6009,6011,6010,6012,6010,6012,6011,6011.5,6009.5,6011.5,6010.5
2025-07-04 05:40:00,12500,6011,6009,6009,6009,6012,6010,6011,6010,6011.5,6009.5,6010.0,6009.5
2025-07-04 05:45:00,14600,6009,6006,6009,6009,6010,6007,6010,6010,6009.5,6006.5,6009.5,6009.5
2025-07-04 05:50:00,27100,6019,6009,6009,6012,6020,6010,6010,6013,6019.5,6009.5,6009.5,6012.5
2025-07-04 05:55:00,12800,6016,6012,6012,6015,6017,6013,6013,6016,6016.5,6012.5,6012.5,6015.5
2025-07-04 06:00:00,8000,6015,6013,6015,6013,6016,6014,6016,6014,6015.5,6013.5,6015.5,6013.5
2025-07-04 06:05:00,20500,6014,6010,6013,6012,6015,6011,6014,6013,6014.5,6010.5,6013.5,6012.5
2025-07-04 06:10:00,30300,6017,6010,6012,6014,6019,6011,6013,6016,6018.0,6010.5,6012.5,6015.0
2025-07-04 06:15:00,26600,6015,6009,6014,6012,6016,6010,6016,6013,6015.5,6009.5,6015.0,6012.5
2025-07-04 06:20:00,17700,6015,6012,6012,6014,6016,6013,6013,6015,6015.5,6012.5,6012.5,6014.5
2025-07-04 06:25:00,,6025,5985,5986,6009,6026,5986,5987,6010,6025.5,5985.5,5986.5,6009.5
2025-07-04 06:30:00,387700,6009,6009,6009,6009,6015,6015,6015,6015,6012.0,6012.0,6012.0,6012.0
2025-07-07 00:00:00,233700,6012,5971,5999,5985,6016,5972,6000,5987,6014.0,5971.5,5999.5,5986.0
2025-07-07 00:05:00,59100,5994,5979,5985,5980,5995,5980,5987,5982,5994.5,5979.5,5986.0,5981.0
2025-07-07 00:10:00,37100,5984,5974,5980,5974,5985,5975,5982,5975,5984.5,5974.5,5981.0,5974.5
2025-07-07 00:15:00,39000,5984,5972,5974,5983,5985,5974,5975,5984,5984.5,5973.0,5974.5,5983.5
2025-07-07 00:20:00,23400,5990,5983,5983,5986,5991,5984,5984,5987,5990.5,5983.5,5983.5,5986.5
2025-07-07 00:25:00,30000,5988,5978,5986,5985,5989,5980,5987,5987,5988.5,5979.5,5986.5,5986.0
2025-07-07 00:30:00,20900,5988,5983,5985,5985,5989,5985,5987,5986,5988.5,5984.0,5986.0,5985.5
2025-07-07 00:35:00,80700,5985,5956,5985,5959,5986,5957,5986,5961,5985.5,5956.5,5985.5,5960.0
2025-07-07 00:40:00,47500,5971,5957,5959,5963,5972,5958,5961,5964,5971.5,5957.5,5960.0,5963.5
2025-07-07 00:45:00,28300,5969,5959,5963,5968,5970,5960,5964,5969,5969.5,5959.5,5963.5,5968.5
2025-07-07 00:50:00,16600,5968,5959,5968,5959,5969,5960,5969,5960,5968.5,5959.5,5968.5,5959.5
2025-07-07 00:55:00,33800,5963,5955,5959,5959,5964,5957,5960,5961,5963.5,5956.5,5959.5,5960.0
2025-07-07 01:00:00,34700,5969,5959,5959,5963,5970,5960,5961,5965,5969.5,5959.5,5960.0,5964.0
2025-07-07 01:05:00,28900,5964,5958,5963,5961,5965,5959,5965,5962,5964.5,5958.5,5964.0,5961.5
2025-07-07 01:10:00,15800,5962,5956,5961,5957,5963,5958,5962,5958,5962.5,5957.0,5961.5,5957.5
2025-07-07 01:15:00,18500,5960,5957,5957,5960,5961,5958,5958,5961,5960.5,5957.5,5957.5,5960.5
2025-07-07 01:20:00,21800,5962,5955,5960,5956,5963,5956,5961,5957,5962.5,5955.5,5960.5,5956.5
2025-07-07 01:25:00,8400,5957,5955,5956,5957,5958,5956,5957,5958,5957.5,5955.5,5956.5,5957.5
2025-07-07 01:30:00,19600,5962,5955,5957,5955,5963,5956,5958,5956,5962.5,5955.5,5957.5,5955.5
2025-07-07 01:35:00,12400,5956,5952,5955,5952,5957,5953,5956,5953,5956.5,5952.5,5955.5,5952.5
2025-07-07 01:40:00,22800,5956,5952,5952,5955,5957,5953,5953,5956,5956.5,5952.5,5952.5,5955.5
2025-07-07 01:45:00,19500,5967,5955,5955,5966,5969,5956,5956,5967,5968.0,5955.5,5955.5,5966.5
2025-07-07 01:50:00,9800,5967,5962,5966,5964,5968,5963,5967,5965,5967.5,5962.5,5966.5,5964.5
2025-07-07 01:55:00,13800,5967,5957,5964,5957,5968,5958,5965,5959,5967.5,5957.5,5964.5,5958.0
2025-07-07 02:00:00,13100,5961,5957,5957,5961,5962,5958,5959,5962,5961.5,5957.5,5958.0,5961.5
2025-07-07 02:05:00,16600,5968,5961,5961,5965,5970,5962,5962,5967,5969.0,5961.5,5961.5,5966.0
2025-07-07 02:10:00,9700,5966,5961,5965,5962,5967,5963,5967,5964,5966.5,5962.0,5966.0,5963.0
2025-07-07 02:15:00,13000,5969,5962,5962,5967,5970,5963,5964,5968,5969.5,5962.5,5963.0,5967.5
2025-07-07 02:20:00,17100,5969,5964,5967,5965,5970,5965,5968,5966,5969.5,5964.5,5967.5,5965.5
2025-07-07 02:25:00,14600,5967,5962,5965,5965,5968,5963,5966,5966,5967.5,5962.5,5965.5,5965.5
2025-07-07 02:30:00,11500,5964,5964,5964,5964,5966,5966,5966,5966,5965.0,5965.0,5965.0,5965.0
2025-07-07 03:30:00,89100,5973,5961,5964,5963,5974,5963,5965,5964,5973.5,5962.0,5964.5,5963.5
2025-07-07 03:35:00,22200,5967,5962,5963,5964,5968,5963,5964,5965,5967.5,5962.5,5963.5,5964.5
2025-07-07 03:40:00,26000,5966,5962,5964,5963,5968,5963,5965,5964,5967.0,5962.5,5964.5,5963.5
2025-07-07 03:45:00,19100,5967,5963,5963,5965,5969,5964,5964,5966,5967.5,5963.5,5963.5,5965.5
2025-07-07 03:50:00,20300,5966,5964,5965,5965,5969,5965,5966,5966,5967.5,5964.5,5965.5,5965.5
2025-07-07 03:55:00,29200,5967,5963,5965,5964,5969,5964,5966,5965,5968.0,5963.5,5965.5,5964.5
2025-07-07 04:00:00,21300,5965,5956,5964,5963,5966,5958,5965,5964,5965.5,5957.0,5964.5,5963.5
2025-07-07 04:05:00,20800,5965,5962,5963,5964,5967,5963,5964,5965,5966.0,5962.5,5963.5,5964.5
2025-07-07 04:10:00,12000,5965,5964,5964,5964,5966,5965,5965,5965,5965.5,5964.5,5964.5,5964.5
2025-07-07 04:15:00,26600,5965,5958,5964,5958,5966,5959,5965,5959,5965.5,5958.5,5964.5,5958.5
2025-07-07 04:20:00,19000,5959,5956,5958,5957,5960,5957,5959,5958,5959.5,5956.5,5958.5,5957.5
2025-07-07 04:25:00,10500,5958,5956,5957,5958,5960,5957,5958,5959,5959.0,5956.5,5957.5,5958.5
2025-07-07 04:30:00,15200,5959,5957,5958,5957,5960,5958,5959,5958,5959.5,5957.5,5958.5,5957.5
2025-07-07 04:35:00,15200,5957,5951,5957,5952,5958,5952,5958,5953,5957.5,5951.5,5957.5,5952.5
2025-07-07 04:40:00,15400,5955,5952,5952,5952,5956,5953,5953,5953,5955.5,5952.5,5952.5,5952.5
2025-07-07 04:45:00,25900,5953,5949,5952,5949,5954,5950,5953,5950,5953.5,5949.5,5952.5,5949.5
2025-07-07 04:50:00,9600,5950,5949,5949,5950,5951,5950,5950,5951,5950.5,5949.5,5949.5,5950.5
2025-07-07 04:55:00,16900,5950,5946,5950,5947,5951,5947,5951,5948,5950.5,5946.5,5950.5,5947.5
2025-07-07 05:00:00,41800,5948,5942,5947,5943,5949,5943,5948,5944,5948.5,5942.5,5947.5,5943.5
2025-07-07 05:05:00,20300,5943,5940,5943,5941,5945,5941,5944,5942,5944.0,5940.5,5943.5,5941.5
2025-07-07 05:10:00,14000,5941,5938,5941,5938,5942,5939,5942,5939,5941.5,5938.5,5941.5,5938.5
2025-07-07 05:15:00,16700,5938,5935,5938,5935,5939,5936,5939,5937,5938.5,5935.5,5938.5,5936.0
2025-07-07 05:20:00,11100,5936,5934,5935,5934,5937,5935,5937,5935,5936.5,5934.5,5936.0,5934.5
2025-07-07 05:25:00,19400,5940,5934,5934,5940,5941,5935,5935,5941,5940.5,5934.5,5934.5,5940.5
2025-07-07 05:30:00,34000,5949,5940,5940,5945,5950,5941,5941,5946,5949.5,5940.5,5940.5,5945.5
2025-07-07 05:35:00,32700,5947,5944,5945,5944,5948,5945,5946,5945,5947.5,5944.5,5945.5,5944.5
2025-07-07 05:40:00,25100,5946,5943,5944,5946,5948,5944,5945,5947,5947.0,5943.5,5944.5,5946.5
2025-07-07 05:45:00,26600,5946,5942,5946,5943,5947,5943,5947,5944,5946.5,5942.5,5946.5,5943.5
2025-07-07 05:50:00,36000,5944,5935,5943,5935,5945,5936,5944,5936,5944.5,5935.5,5943.5,5935.5
2025-07-07 05:55:00,34300,5937,5934,5935,5935,5938,5935,5936,5936,5937.5,5934.5,5935.5,5935.5
2025-07-07 06:00:00,40300,5938,5932,5935,5932,5939,5933,5936,5933,5938.5,5932.5,5935.5,5932.5
2025-07-07 06:05:00,27100,5937,5932,5932,5937,5938,5933,5933,5938,5937.5,5932.5,5932.5,5937.5
2025-07-07 06:10:00,25300,5939,5937,5937,5939,5940,5938,5938,5940,5939.5,5937.5,5937.5,5939.5
2025-07-07 06:15:00,50000,5941,5936,5939,5938,5942,5937,5940,5939,5941.5,5936.5,5939.5,5938.5
2025-07-07 06:20:00,65800,5939,5934,5938,5936,5940,5935,5939,5938,5939.5,5934.5,5938.5,5937.0
2025-07-07 06:25:00,,5949,5772,5948,5925,5949,5773,5949,5926,5949.0,5772.5,5948.5,5925.5
2025-07-07 06:30:00,722800,5924,5924,5924,5924,5932,5932,5932,5932,5928.0,5928.0,5928.0,5928.0
2025-07-08 00:00:00,257700,5966,5924,5925,5950,5969,5925,5926,5952,5967.5,5924.5,5925.5,5951.0
2025-07-08 00:05:00,60700,5962,5941,5950,5962,5963,5942,5952,5963,5962.5,5941.5,5951.0,5962.5
2025-07-08 00:10:00,49100,5972,5962,5962,5966,5973,5963,5963,5967,5972.5,5962.5,5962.5,5966.5
2025-07-08 00:15:00,43300,5975,5963,5966,5970,5976,5964,5967,5971,5975.5,5963.5,5966.5,5970.5
2025-07-08 00:20:00,42400,5978,5959,5969,5966,5979,5961,5971,5967,5978.5,5960.0,5970.0,5966.5
2025-07-08 00:25:00,29800,5968,5957,5966,5961,5969,5958,5967,5962,5968.5,5957.5,5966.5,5961.5
2025-07-08 00:30:00,21100,5969,5960,5961,5965,5970,5961,5962,5967,5969.5,5960.5,5961.5,5966.0
2025-07-08 00:35:00,24100,5972,5964,5965,5971,5973,5965,5967,5973,5972.5,5964.5,5966.0,5972.0
2025-07-08 00:40:00,19400,5979,5971,5971,5974,5980,5972,5973,5976,5979.5,5971.5,5972.0,5975.0
2025-07-08 00:45:00,22500,5985,5970,5974,5984,5986,5973,5976,5985,5985.5,5971.5,5975.0,5984.5
2025-07-08 00:50:00,19700,5984,5976,5984,5976,5985,5977,5985,5978,5984.5,5976.5,5984.5,5977.0
2025-07-08 00:55:00,25000,5982,5976,5976,5980,5983,5977,5978,5981,5982.5,5976.5,5977.0,5980.5
2025-07-08 01:00:00,21800,5987,5979,5980,5987,5988,5980,5981,5988,5987.5,5979.5,5980.5,5987.5
2025-07-08 01:05:00,23100,5988,5982,5987,5983,5989,5983,5988,5985,5988.5,5982.5,5987.5,5984.0
2025-07-08 01:10:00,16400,5985,5977,5983,5978,5986,5978,5985,5980,5985.5,5977.5,5984.0,5979.0
2025-07-08 01:15:00,14900,5981,5976,5978,5977,5982,5977,5980,5978,5981.5,5976.5,5979.0,5977.5
2025-07-08 01:20:00,17200,5977,5965,5977,5966,5978,5967,5978,5967,5977.5,5966.0,5977.5,5966.5
2025-07-08 01:25:00,13700,5967,5963,5966,5966,5968,5964,5967,5967,5967.5,5963.5,5966.5,5966.5
2025-07-08 01:30:00,18700,5972,5964,5966,5966,5974,5966,5967,5968,5973.0,5965.0,5966.5,5967.0
2025-07-08 01:35:00,13800,5967,5959,5966,5960,5968,5961,5968,5962,5967.5,5960.0,5967.0,5961.0
2025-07-08 01:40:00,15800,5969,5960,5960,5963,5970,5962,5962,5964,5969.5,5961.0,5961.0,5963.5
2025-07-08 01:45:00,18300,5965,5958,5963,5959,5966,5959,5964,5960,5965.5,5958.5,5963.5,5959.5
2025-07-08 01:50:00,15200,5962,5957,5959,5957,5963,5958,5960,5958,5962.5,5957.5,5959.5,5957.5
2025-07-08 01:55:00,21900,5957,5949,5957,5953,5958,5950,5958,5954,5957.5,5949.5,5957.5,5953.5
2025-07-08 02:00:00,14800,5956,5952,5953,5953,5957,5954,5954,5954,5956.5,5953.0,5953.5,5953.5
2025-07-08 02:05:00,18100,5956,5952,5953,5952,5957,5953,5954,5954,5956.5,5952.5,5953.5,5953.0
2025-07-08 02:10:00,14700,5955,5952,5952,5953,5956,5953,5954,5954,5955.5,5952.5,5953.0,5953.5
2025-07-08 02:15:00,21500,5960,5953,5953,5960,5961,5954,5954,5961,5960.5,5953.5,5953.5,5960.5
2025-07-08 02:20:00,13400,5962,5959,5960,5960,5963,5960,5961,5962,5962.5,5959.5,5960.5,5961.0
2025-07-08 02:25:00,19700,5965,5959,5960,5962,5966,5961,5962,5965,5965.5,5960.0,5961.0,5963.5
2025-07-08 02:30:00,3400,5961,5961,5961,5961,5965,5965,5965,5965,5963.0,5963.0,5963.0,5963.0
2025-07-08 03:30:00,79200,5976,5960,5960,5972,5978,5965,5965,5973,5977.0,5962.5,5962.5,5972.5
2025-07-08 03:35:00,29500,5979,5972,5972,5978,5980,5973,5973,5979,5979.5,5972.5,5972.5,5978.5
2025-07-08 03:40:00,21000,5978,5970,5978,5970,5979,5971,5979,5971,5978.5,5970.5,5978.5,5970.5
2025-07-08 03:45:00,14400,5973,5969,5970,5970,5974,5970,5971,5971,5973.5,5969.5,5970.5,5970.5
2025-07-08 03:50:00,29200,5977,5969,5970,5973,5978,5970,5971,5975,5977.5,5969.5,5970.5,5974.0
2025-07-08 03:55:00,17300,5977,5973,5973,5976,5978,5975,5975,5977,5977.5,5974.0,5974.0,5976.5
2025-07-08 04:00:00,21500,5976,5968,5976,5969,5977,5969,5977,5970,5976.5,5968.5,5976.5,5969.5
2025-07-08 04:05:00,13400,5970,5968,5969,5968,5971,5969,5970,5969,5970.5,5968.5,5969.5,5968.5
2025-07-08 04:10:00,11500,5969,5966,5968,5966,5970,5967,5969,5967,5969.5,5966.5,5968.5,5966.5
2025-07-08 04:15:00,22800,5967,5962,5966,5965,5968,5963,5967,5967,5967.5,5962.5,5966.5,5966.0
2025-07-08 04:20:00,10000,5967,5965,5965,5967,5968,5967,5967,5968,5967.5,5966.0,5966.0,5967.5
2025-07-08 04:25:00,18300,5970,5967,5967,5969,5971,5968,5968,5970,5970.5,5967.5,5967.5,5969.5
2025-07-08 04:30:00,34600,5971,5968,5969,5969,5972,5969,5970,5970,5971.5,5968.5,5969.5,5969.5
2025-07-08 04:35:00,17200,5971,5967,5969,5968,5972,5968,5970,5969,5971.5,5967.5,5969.5,5968.5
2025-07-08 04:40:00,28400,5977,5968,5968,5976,5978,5969,5969,5977,5977.5,5968.5,5968.5,5976.5
2025-07-08 04:45:00,27100,5981,5976,5976,5979,5982,5977,5977,5980,5981.5,5976.5,5976.5,5979.5
2025-07-08 04:50:00,10800,5983,5979,5979,5983,5984,5980,5980,5984,5983.5,5979.5,5979.5,5983.5
2025-07-08 04:55:00,17200,5984,5982,5983,5982,5985,5983,5984,5983,5984.5,5982.5,5983.5,5982.5
2025-07-08 05:00:00,26500,5985,5982,5982,5983,5986,5983,5983,5984,5985.5,5982.5,5982.5,5983.5
2025-07-08 05:05:00,17800,5984,5980,5983,5981,5985,5981,5984,5982,5984.5,5980.5,5983.5,5981.5
2025-07-08 05:10:00,18000,5983,5978,5981,5982,5984,5979,5982,5983,5983.5,5978.5,5981.5,5982.5
2025-07-08 05:15:00,15300,5983,5978,5982,5979,5984,5979,5983,5980,5983.5,5978.5,5982.5,5979.5
2025-07-08 05:20:00,13600,5981,5978,5979,5978,5982,5979,5980,5979,5981.5,5978.5,5979.5,5978.5
2025-07-08 05:25:00,9800,5978,5977,5978,5977,5979,5978,5979,5978,5978.5,5977.5,5978.5,5977.5
2025-07-08 05:30:00,26800,5979,5976,5977,5976,5980,5977,5978,5977,5979.5,5976.5,5977.5,5976.5
2025-07-08 05:35:00,23000,5978,5976,5976,5977,5979,5977,5977,5978,5978.5,5976.5,5976.5,5977.5
2025-07-08 05:40:00,21700,5983,5977,5977,5982,5984,5978,5978,5983,5983.5,5977.5,5977.5,5982.5
2025-07-08 05:45:00,25700,5983,5981,5982,5983,5984,5982,5983,5984,5983.5,5981.5,5982.5,5983.5
2025-07-08 05:50:00,17000,5984,5981,5983,5984,5985,5982,5984,5985,5984.5,5981.5,5983.5,5984.5
2025-07-08 05:55:00,36700,5986,5983,5984,5985,5987,5984,5985,5986,5986.5,5983.5,5984.5,5985.5
2025-07-08 06:00:00,32100,5988,5979,5985,5980,5989,5980,5986,5982,5988.5,5979.5,5985.5,5981.0
2025-07-08 06:05:00,28700,5985,5979,5980,5982,5986,5981,5982,5984,5985.5,5980.0,5981.0,5983.0
2025-07-08 06:10:00,19900,5983,5981,5982,5982,5984,5982,5984,5983,5983.5,5981.5,5983.0,5982.5
2025-07-08 06:15:00,34900,5987,5980,5982,5981,5988,5981,5983,5983,5987.5,5980.5,5982.5,5982.0
2025-07-08 06:20:00,39100,5984,5980,5981,5981,5985,5981,5983,5983,5984.5,5980.5,5982.0,5982.0
2025-07-08 06:25:00,,6099,5978,6026,5982,6100,5979,6027,5983,6099.5,5978.5,6026.5,5982.5
2025-07-08 06:30:00,892400,5981,5981,5981,5981,5983,5983,5983,5983,5982.0,5982.0,5982.0,5982.0
2025-07-09 00:00:00,159100,6044,5999,6029,5999,6048,6000,6030,6001,6046.0,5999.5,6029.5,6000.0
2025-07-09 00:05:00,31200,6006,5996,5999,6001,6008,5998,6001,6003,6007.0,5997.0,6000.0,6002.0
2025-07-09 00:10:00,15300,6004,5997,6001,6001,6005,5998,6003,6002,6004.5,5997.5,6002.0,6001.5
2025-07-09 00:15:00,12300,6008,6001,6001,6004,6009,6002,6002,6006,6008.5,6001.5,6001.5,6005.0
2025-07-09 00:20:00,17200,6013,6004,6004,6013,6014,6006,6006,6014,6013.5,6005.0,6005.0,6013.5
2025-07-09 00:25:00,11900,6018,6012,6013,6014,6020,6013,6014,6016,6019.0,6012.5,6013.5,6015.0
2025-07-09 00:30:00,17000,6024,6014,6014,6021,6026,6015,6016,6023,6025.0,6014.5,6015.0,6022.0
2025-07-09 00:35:00,10300,6027,6021,6021,6022,6029,6022,6023,6023,6028.0,6021.5,6022.0,6022.5
2025-07-09 00:40:00,29600,6030,6019,6022,6028,6032,6020,6023,6030,6031.0,6019.5,6022.5,6029.0
2025-07-09 00:45:00,29300,6043,6029,6029,6041,6045,6030,6030,6042,6044.0,6029.5,6029.5,6041.5
2025-07-09 00:50:00,14700,6043,6038,6041,6040,6045,6039,6042,6042,6044.0,6038.5,6041.5,6041.0
2025-07-09 00:55:00,13600,6043,6032,6040,6032,6044,6033,6042,6033,6043.5,6032.5,6041.0,6032.5
2025-07-09 01:00:00,15100,6042,6032,6032,6042,6044,6033,6033,6043,6043.0,6032.5,6032.5,6042.5
2025-07-09 01:05:00,31200,6048,6042,6042,6048,6049,6043,6043,6049,6048.5,6042.5,6042.5,6048.5
2025-07-09 01:10:00,12700,6048,6043,6048,6043,6050,6044,6049,6044,6049.0,6043.5,6048.5,6043.5
2025-07-09 01:15:00,7100,6045,6038,6043,6038,6046,6039,6044,6040,6045.5,6038.5,6043.5,6039.0
2025-07-09 01:20:00,38000,6048,6033,6038,6040,6050,6034,6040,6042,6049.0,6033.5,6039.0,6041.0
2025-07-09 01:25:00,15100,6043,6036,6040,6039,6044,6038,6042,6040,6043.5,6037.5,6041.0,6039.5
2025-07-09 01:30:00,5000,6041,6037,6039,6041,6042,6038,6040,6042,6041.5,6037.5,6039.5,6041.5
2025-07-09 01:35:00,6200,6044,6041,6041,6043,6045,6042,6042,6044,6044.5,6041.5,6041.5,6043.5
2025-07-09 01:40:00,6200,6046,6043,6043,6045,6047,6044,6044,6047,6046.5,6043.5,6043.5,6046.0
2025-07-09 01:45:00,58700,6052,6045,6045,6049,6053,6046,6047,6051,6052.5,6045.5,6046.0,6050.0
2025-07-09 01:50:00,8200,6050,6046,6049,6048,6051,6047,6051,6049,6050.5,6046.5,6050.0,6048.5
2025-07-09 01:55:00,5300,6050,6047,6048,6047,6051,6048,6049,6049,6050.5,6047.5,6048.5,6048.0
2025-07-09 02:00:00,30300,6056,6047,6047,6053,6057,6049,6049,6054,6056.5,6048.0,6048.0,6053.5
2025-07-09 02:05:00,8800,6057,6052,6053,6056,6058,6054,6054,6057,6057.5,6053.0,6053.5,6056.5
2025-07-09 02:10:00,8900,6057,6054,6056,6056,6058,6055,6057,6057,6057.5,6054.5,6056.5,6056.5
2025-07-09 02:15:00,39900,6062,6056,6056,6058,6063,6057,6057,6060,6062.5,6056.5,6056.5,6059.0
2025-07-09 02:20:00,7200,6059,6057,6058,6058,6060,6059,6060,6060,6059.5,6058.0,6059.0,6059.0
2025-07-09 02:25:00,9800,6059,6056,6058,6057,6060,6057,6060,6059,6059.5,6056.5,6059.0,6058.0
2025-07-09 02:30:00,3000,6056,6056,6056,6056,6059,6059,6059,6059,6057.5,6057.5,6057.5,6057.5
2025-07-09 03:30:00,42500,6057,6047,6057,6050,6059,6049,6058,6051,6058.0,6048.0,6057.5,6050.5
2025-07-09 03:35:00,11400,6054,6049,6050,6054,6055,6051,6051,6055,6054.5,6050.0,6050.5,6054.5
2025-07-09 03:40:00,10700,6058,6054,6054,6054,6059,6055,6055,6055,6058.5,6054.5,6054.5,6054.5
2025-07-09 03:45:00,7400,6054,6052,6054,6053,6055,6053,6055,6054,6054.5,6052.5,6054.5,6053.5
2025-07-09 03:50:00,11300,6057,6053,6053,6056,6058,6054,6054,6057,6057.5,6053.5,6053.5,6056.5
2025-07-09 03:55:00,10300,6057,6055,6056,6055,6058,6056,6057,6057,6057.5,6055.5,6056.5,6056.0
2025-07-09 04:00:00,8300,6056,6054,6055,6054,6057,6055,6057,6055,6056.5,6054.5,6056.0,6054.5
2025-07-09 04:05:00,14500,6055,6050,6054,6051,6056,6051,6055,6052,6055.5,6050.5,6054.5,6051.5
2025-07-09 04:10:00,6900,6051,6046,6051,6049,6052,6047,6052,6050,6051.5,6046.5,6051.5,6049.5
2025-07-09 04:15:00,10800,6050,6047,6049,6047,6051,6049,6050,6049,6050.5,6048.0,6049.5,6048.0
2025-07-09 04:20:00,7400,6048,6045,6047,6046,6049,6046,6049,6047,6048.5,6045.5,6048.0,6046.5
2025-07-09 04:25:00,13800,6049,6044,6046,6049,6051,6046,6047,6051,6050.0,6045.0,6046.5,6050.0
2025-07-09 04:30:00,8800,6052,6049,6049,6049,6053,6050,6051,6050,6052.5,6049.5,6050.0,6049.5
2025-07-09 04:35:00,7000,6049,6047,6049,6049,6050,6048,6050,6050,6049.5,6047.5,6049.5,6049.5
2025-07-09 04:40:00,12200,6053,6049,6049,6051,6054,6050,6050,6052,6053.5,6049.5,6049.5,6051.5
2025-07-09 04:45:00,8200,6051,6049,6051,6049,6052,6050,6052,6050,6051.5,6049.5,6051.5,6049.5
2025-07-09 04:50:00,13100,6051,6046,6049,6049,6052,6047,6050,6050,6051.5,6046.5,6049.5,6049.5
2025-07-09 04:55:00,10000,6050,6048,6049,6049,6051,6049,6050,6050,6050.5,6048.5,6049.5,6049.5
2025-07-09 05:00:00,12300,6052,6049,6049,6052,6053,6050,6050,6053,6052.5,6049.5,6049.5,6052.5
2025-07-09 05:05:00,14200,6054,6049,6052,6049,6055,6050,6053,6050,6054.5,6049.5,6052.5,6049.5
2025-07-09 05:10:00,7400,6050,6045,6049,6045,6051,6046,6050,6046,6050.5,6045.5,6049.5,6045.5
2025-07-09 05:15:00,8500,6045,6041,6045,6041,6046,6042,6046,6043,6045.5,6041.5,6045.5,6042.0
2025-07-09 05:20:00,7900,6042,6039,6041,6041,6043,6040,6043,6042,6042.5,6039.5,6042.0,6041.5
2025-07-09 05:25:00,8900,6042,6040,6041,6040,6043,6041,6042,6041,6042.5,6040.5,6041.5,6040.5
2025-07-09 05:30:00,17900,6046,6040,6040,6044,6047,6041,6041,6045,6046.5,6040.5,6040.5,6044.5
2025-07-09 05:35:00,8100,6045,6044,6044,6044,6046,6045,6045,6045,6045.5,6044.5,6044.5,6044.5
2025-07-09 05:40:00,8300,6045,6044,6044,6044,6046,6045,6045,6045,6045.5,6044.5,6044.5,6044.5
2025-07-09 05:45:00,18300,6048,6043,6044,6046,6049,6044,6045,6047,6048.5,6043.5,6044.5,6046.5
2025-07-09 05:50:00,4700,6048,6046,6046,6048,6049,6047,6047,6049,6048.5,6046.5,6046.5,6048.5
2025-07-09 05:55:00,42300,6049,6042,6048,6047,6050,6044,6049,6048,6049.5,6043.0,6048.5,6047.5
2025-07-09 06:00:00,29400,6057,6046,6047,6056,6058,6048,6048,6057,6057.5,6047.0,6047.5,6056.5
2025-07-09 06:05:00,26300,6058,6048,6056,6048,6059,6049,6057,6049,6058.5,6048.5,6056.5,6048.5
2025-07-09 06:10:00,21800,6052,6048,6048,6052,6053,6049,6049,6053,6052.5,6048.5,6048.5,6052.5
2025-07-09 06:15:00,20500,6054,6049,6052,6052,6055,6050,6053,6053,6054.5,6049.5,6052.5,6052.5
2025-07-09 06:20:00,25400,6053,6047,6052,6048,6055,6048,6053,6050,6054.0,6047.5,6052.5,6049.0
2025-07-09 06:25:00,,6069,6009,6069,6054,6070,6010,6070,6055,6069.5,6009.5,6069.5,6054.5
2025-07-09 06:30:00,459300,6051,6051,6051,6051,6055,6055,6055,6055,6053.0,6053.0,6053.0,6053.0
2025-07-10 00:00:00,181900,6024,5985,6024,6009,6029,5986,6024,6010,6024.0,5985.5,6024.0,6009.5
2025-07-10 00:05:00,34300,6015,6004,6009,6012,6018,6006,6010,6014,6016.5,6005.0,6009.5,6013.0
2025-07-10 00:10:00,41400,6012,5997,6012,6002,6014,6003,6014,6004,6013.0,6001.0,6013.0,6003.0
2025-07-10 00:15:00,15000,6009,6001,6002,6006,6010,6002,6004,6008,6009.5,6001.5,6003.0,6007.0
2025-07-10 00:20:00,18200,6008,5999,6006,6002,6009,6000,6008,6003,6008.5,5999.5,6007.0,6002.5
2025-07-10 00:25:00,13100,6003,5998,6002,5998,6004,5999,6003,6000,6003.5,5998.5,6002.5,5999.0
2025-07-10 00:30:00,27800,6005,5997,5998,6005,6006,5998,6000,6006,6005.5,5997.5,5999.0,6005.5
2025-07-10 00:35:00,26100,6006,5998,6005,6005,6008,5999,6006,6007,6007.0,5998.5,6005.5,6006.0
2025-07-10 00:40:00,8800,6006,6002,6005,6004,6007,6004,6007,6005,6006.5,6003.0,6006.0,6004.5
2025-07-10 00:45:00,11900,6004,5997,6004,5997,6005,5998,6005,5998,6004.5,5997.5,6004.5,5997.5
2025-07-10 00:50:00,24700,5998,5990,5997,5991,5999,5991,5998,5992,5998.5,5990.5,5997.5,5991.5
2025-07-10 00:55:00,19900,5995,5991,5991,5995,5996,5992,5992,5996,5995.5,5991.5,5991.5,5995.5
2025-07-10 01:00:00,19900,5996,5991,5995,5992,5997,5993,5996,5993,5996.5,5992.0,5995.5,5992.5
2025-07-10 01:05:00,16300,5998,5991,5992,5995,6000,5992,5993,5997,5999.0,5991.5,5992.5,5996.0
2025-07-10 01:10:00,18300,5996,5990,5995,5990,5997,5991,5997,5992,5996.5,5990.5,5996.0,5991.0
2025-07-10 01:15:00,8200,5995,5990,5990,5995,5997,5992,5992,5996,5996.0,5991.0,5991.0,5995.5
2025-07-10 01:20:00,9200,5999,5995,5995,5999,6000,5996,5996,6000,5999.5,5995.5,5995.5,5999.5
2025-07-10 01:25:00,7100,6000,5995,5999,5995,6001,5996,6000,5996,6000.5,5995.5,5999.5,5995.5
2025-07-10 01:30:00,9600,5997,5993,5995,5993,5998,5994,5996,5994,5997.5,5993.5,5995.5,5993.5
2025-07-10 01:35:00,14200,5994,5991,5993,5991,5995,5992,5994,5992,5994.5,5991.5,5993.5,5991.5
2025-07-10 01:40:00,8100,5994,5991,5991,5992,5995,5992,5992,5993,5994.5,5991.5,5991.5,5992.5
2025-07-10 01:45:00,17100,5998,5992,5992,5995,5999,5993,5993,5997,5998.5,5992.5,5992.5,5996.0
2025-07-10 01:50:00,5000,5997,5995,5995,5996,5998,5996,5997,5997,5997.5,5995.5,5996.0,5996.5
2025-07-10 01:55:00,9800,5996,5994,5996,5995,5997,5995,5997,5996,5996.5,5994.5,5996.5,5995.5
2025-07-10 02:00:00,7100,5999,5995,5995,5999,6000,5996,5996,6000,5999.5,5995.5,5995.5,5999.5
2025-07-10 02:05:00,6300,5999,5996,5999,5996,6000,5997,6000,5998,5999.5,5996.5,5999.5,5997.0
2025-07-10 02:10:00,4000,5998,5996,5996,5998,5999,5997,5998,5999,5998.5,5996.5,5997.0,5998.5
2025-07-10 02:15:00,5000,5999,5998,5998,5999,6001,5999,5999,6000,6000.0,5998.5,5998.5,5999.5
2025-07-10 02:20:00,7800,6000,5998,5999,6000,6001,5999,6000,6001,6000.5,5998.5,5999.5,6000.5
2025-07-10 02:25:00,7300,6001,5998,6000,5998,6002,5999,6001,5999,6001.5,5998.5,6000.5,5998.5
2025-07-10 02:30:00,6500,5998,5998,5998,5998,5999,5999,5999,5999,5998.5,5998.5,5998.5,5998.5
2025-07-10 03:30:00,53100,5996,5990,5991,5991,5998,5991,5992,5992,5996.5,5990.5,5991.5,5991.5
2025-07-10 03:35:00,19400,5993,5991,5991,5992,5994,5992,5992,5993,5993.5,5991.5,5991.5,5992.5
2025-07-10 03:40:00,34400,5992,5982,5992,5982,5993,5983,5993,5983,5992.5,5982.5,5992.5,5982.5
2025-07-10 03:45:00,26500,5987,5982,5982,5984,5988,5983,5983,5985,5987.5,5982.5,5982.5,5984.5
2025-07-10 03:50:00,15800,5991,5984,5984,5989,5992,5985,5985,5990,5991.5,5984.5,5984.5,5989.5
2025-07-10 03:55:00,20200,5990,5986,5989,5987,5991,5987,5990,5988,5990.5,5986.5,5989.5,5987.5
2025-07-10 04:00:00,18300,5987,5983,5987,5986,5988,5984,5988,5987,5987.5,5983.5,5987.5,5986.5
2025-07-10 04:05:00,18300,5986,5982,5986,5983,5987,5983,5987,5984,5986.5,5982.5,5986.5,5983.5
2025-07-10 04:10:00,17700,5983,5977,5983,5977,5984,5978,5984,5978,5983.5,5977.5,5983.5,5977.5
2025-07-10 04:15:00,10900,5979,5977,5977,5978,5980,5978,5978,5979,5979.5,5977.5,5977.5,5978.5
2025-07-10 04:20:00,24500,5986,5978,5978,5983,5987,5979,5979,5984,5986.5,5978.5,5978.5,5983.5
2025-07-10 04:25:00,10500,5986,5983,5983,5985,5987,5984,5984,5986,5986.5,5983.5,5983.5,5985.5
2025-07-10 04:30:00,5400,5986,5985,5985,5986,5987,5986,5986,5987,5986.5,5985.5,5985.5,5986.5
2025-07-10 04:35:00,12800,5986,5983,5986,5983,5987,5984,5987,5984,5986.5,5983.5,5986.5,5983.5
2025-07-10 04:40:00,16200,5983,5977,5983,5978,5984,5979,5984,5979,5983.5,5978.0,5983.5,5978.5
2025-07-10 04:45:00,19400,5981,5978,5978,5979,5982,5979,5979,5980,5981.5,5978.5,5978.5,5979.5
2025-07-10 04:50:00,8700,5981,5979,5979,5981,5982,5980,5980,5982,5981.5,5979.5,5979.5,5981.5
2025-07-10 04:55:00,18900,5981,5977,5981,5978,5982,5978,5982,5979,5981.5,5977.5,5981.5,5978.5
2025-07-10 05:00:00,13800,5983,5978,5978,5983,5984,5979,5979,5984,5983.5,5978.5,5978.5,5983.5
2025-07-10 05:05:00,9400,5983,5982,5983,5983,5984,5983,5984,5984,5983.5,5982.5,5983.5,5983.5
2025-07-10 05:10:00,10600,5983,5982,5983,5982,5984,5983,5984,5983,5983.5,5982.5,5983.5,5982.5
2025-07-10 05:15:00,18100,5982,5977,5982,5977,5983,5978,5983,5979,5982.5,5977.5,5982.5,5978.0
2025-07-10 05:20:00,12800,5978,5976,5977,5977,5979,5977,5979,5978,5978.5,5976.5,5978.0,5977.5
2025-07-10 05:25:00,23400,5979,5977,5977,5978,5980,5978,5978,5979,5979.5,5977.5,5977.5,5978.5
2025-07-10 05:30:00,14100,5978,5976,5978,5978,5979,5977,5979,5979,5978.5,5976.5,5978.5,5978.5
2025-07-10 05:35:00,29000,5978,5975,5978,5977,5979,5976,5979,5978,5978.5,5975.5,5978.5,5977.5
2025-07-10 05:40:00,34200,5982,5977,5977,5981,5983,5978,5978,5982,5982.5,5977.5,5977.5,5981.5
2025-07-10 05:45:00,20900,5981,5978,5981,5978,5982,5979,5982,5979,5981.5,5978.5,5981.5,5978.5
2025-07-10 05:50:00,22200,5982,5978,5978,5980,5983,5979,5979,5981,5982.5,5978.5,5978.5,5980.5
2025-07-10 05:55:00,36100,5987,5980,5980,5983,5988,5981,5981,5984,5987.5,5980.5,5980.5,5983.5
2025-07-10 06:00:00,25000,5987,5983,5983,5987,5988,5984,5984,5988,5987.5,5983.5,5983.5,5987.5
2025-07-10 06:05:00,43800,5989,5981,5987,5986,5990,5982,5988,5987,5989.5,5981.5,5987.5,5986.5
2025-07-10 06:10:00,13500,5989,5986,5986,5987,5990,5987,5987,5988,5989.5,5986.5,5986.5,5987.5
2025-07-10 06:15:00,26500,5992,5987,5987,5989,5993,5988,5988,5990,5992.5,5987.5,5987.5,5989.5
2025-07-10 06:20:00,29700,5997,5989,5989,5996,5998,5990,5990,5998,5997.5,5989.5,5989.5,5997.0
2025-07-10 06:25:00,,6189,5989,6189,6003,6190,5990,6190,6004,6189.5,5989.5,6189.5,6003.5
2025-07-10 06:30:00,810300,5997,5997,5997,5997,6004,6004,6004,6004,6000.5,6000.5,6000.5,6000.5
2025-07-11 00:00:00,537400,6116,6070,6094,6091,6117,6080,6095,6093,6116.5,6075.0,6094.5,6092.0
2025-07-11 00:05:00,53400,6105,6084,6091,6085,6107,6086,6093,6086,6106.0,6085.0,6092.0,6085.5
2025-07-11 00:10:00,31000,6089,6073,6085,6081,6090,6075,6086,6083,6089.5,6074.0,6085.5,6082.0
2025-07-11 00:15:00,40800,6084,6055,6081,6064,6085,6057,6083,6066,6084.5,6056.0,6082.0,6065.0
2025-07-11 00:20:00,22100,6071,6061,6064,6062,6072,6063,6066,6064,6071.5,6062.0,6065.0,6063.0
2025-07-11 00:25:00,28600,6070,6055,6062,6069,6072,6057,6064,6071,6071.0,6056.0,6063.0,6070.0
2025-07-11 00:30:00,24200,6073,6060,6069,6070,6075,6061,6071,6072,6074.0,6060.5,6070.0,6071.0
2025-07-11 00:35:00,26800,6082,6067,6070,6069,6083,6069,6072,6070,6082.5,6068.0,6071.0,6069.5
2025-07-11 00:40:00,26300,6069,6058,6069,6062,6070,6061,6070,6063,6069.5,6059.5,6069.5,6062.5
2025-07-11 00:45:00,10800,6068,6061,6061,6064,6069,6062,6063,6065,6068.5,6061.5,6062.0,6064.5
2025-07-11 00:50:00,14900,6065,6055,6064,6056,6066,6056,6065,6057,6065.5,6055.5,6064.5,6056.5
2025-07-11 00:55:00,19500,6066,6050,6056,6060,6069,6052,6057,6061,6067.5,6051.0,6056.5,6060.5
2025-07-11 01:00:00,10900,6062,6052,6060,6053,6063,6053,6061,6055,6062.5,6052.5,6060.5,6054.0
2025-07-11 01:05:00,13500,6062,6050,6053,6062,6063,6052,6055,6063,6062.5,6051.0,6054.0,6062.5
2025-07-11 01:10:00,6700,6063,6058,6062,6058,6064,6059,6063,6059,6063.5,6058.5,6062.5,6058.5
2025-07-11 01:15:00,11900,6068,6058,6058,6067,6070,6059,6059,6069,6069.0,6058.5,6058.5,6068.0
2025-07-11 01:20:00,8200,6074,6067,6067,6073,6075,6068,6069,6074,6074.5,6067.5,6068.0,6073.5
2025-07-11 01:25:00,18600,6082,6073,6073,6078,6084,6074,6074,6080,6083.0,6073.5,6073.5,6079.0
2025-07-11 01:30:00,11500,6079,6071,6078,6071,6081,6073,6080,6073,6080.0,6072.0,6079.0,6072.0
2025-07-11 01:35:00,8000,6080,6071,6071,6079,6081,6073,6073,6080,6080.5,6072.0,6072.0,6079.5
2025-07-11 01:40:00,7800,6081,6076,6079,6078,6083,6078,6080,6080,6082.0,6077.0,6079.5,6079.0
2025-07-11 01:45:00,5400,6081,6076,6078,6077,6082,6078,6080,6078,6081.5,6077.0,6079.0,6077.5
2025-07-11 01:50:00,13100,6077,6070,6076,6070,6078,6071,6078,6072,6077.5,6070.5,6077.0,6071.0
2025-07-11 01:55:00,12000,6074,6066,6070,6072,6075,6068,6072,6073,6074.5,6067.0,6071.0,6072.5
2025-07-11 02:00:00,7200,6079,6072,6072,6076,6080,6073,6073,6078,6079.5,6072.5,6072.5,6077.0
2025-07-11 02:05:00,7100,6077,6069,6076,6069,6078,6071,6078,6071,6077.5,6070.0,6077.0,6070.0
2025-07-11 02:10:00,6900,6074,6069,6069,6072,6075,6071,6071,6073,6074.5,6070.0,6070.0,6072.5
2025-07-11 02:15:00,13000,6078,6070,6072,6076,6079,6072,6073,6078,6078.5,6071.0,6072.5,6077.0
2025-07-11 02:20:00,7600,6079,6072,6076,6073,6080,6073,6078,6075,6079.5,6072.5,6077.0,6074.0
2025-07-11 02:25:00,6500,6075,6068,6073,6068,6076,6069,6075,6070,6075.5,6068.5,6074.0,6069.0
2025-07-11 02:30:00,17000,6067,6067,6067,6067,6070,6070,6070,6070,6068.5,6068.5,6068.5,6068.5
2025-07-11 03:30:00,36700,6072,6059,6067,6063,6077,6060,6068,6064,6074.0,6059.5,6067.5,6063.5
2025-07-11 03:35:00,10600,6065,6061,6063,6062,6066,6063,6064,6063,6065.5,6062.0,6063.5,6062.5
2025-07-11 03:40:00,11600,6066,6061,6062,6064,6067,6062,6063,6065,6066.5,6061.5,6062.5,6064.5
2025-07-11 03:45:00,7200,6065,6063,6064,6065,6066,6064,6065,6066,6065.5,6063.5,6064.5,6065.5
2025-07-11 03:50:00,9600,6065,6057,6065,6057,6066,6058,6066,6059,6065.5,6057.5,6065.5,6058.0
2025-07-11 03:55:00,8500,6060,6053,6057,6055,6062,6055,6059,6056,6061.0,6054.0,6058.0,6055.5
2025-07-11 04:00:00,12600,6055,6050,6055,6050,6056,6051,6056,6051,6055.5,6050.5,6055.5,6050.5
2025-07-11 04:05:00,11700,6053,6047,6050,6049,6054,6049,6051,6051,6053.5,6048.0,6050.5,6050.0
2025-07-11 04:10:00,9100,6055,6049,6049,6053,6056,6051,6051,6054,6055.5,6050.0,6050.0,6053.5
2025-07-11 04:15:00,6100,6056,6052,6053,6055,6057,6053,6054,6056,6056.5,6052.5,6053.5,6055.5
2025-07-11 04:20:00,6600,6057,6055,6055,6056,6058,6056,6056,6057,6057.5,6055.5,6055.5,6056.5
2025-07-11 04:25:00,7200,6058,6053,6056,6058,6059,6055,6057,6059,6058.5,6054.0,6056.5,6058.5
2025-07-11 04:30:00,6300,6058,6053,6058,6056,6059,6054,6059,6057,6058.5,6053.5,6058.5,6056.5
2025-07-11 04:35:00,9700,6059,6056,6056,6057,6060,6057,6057,6058,6059.5,6056.5,6056.5,6057.5
2025-07-11 04:40:00,6000,6058,6055,6057,6056,6059,6057,6058,6058,6058.5,6056.0,6057.5,6057.0
2025-07-11 04:45:00,6700,6058,6053,6056,6054,6059,6055,6058,6056,6058.5,6054.0,6057.0,6055.0
2025-07-11 04:50:00,4900,6057,6054,6055,6054,6058,6055,6056,6055,6057.5,6054.5,6055.5,6054.5
2025-07-11 04:55:00,7900,6057,6054,6054,6057,6058,6055,6055,6058,6057.5,6054.5,6054.5,6057.5
2025-07-11 05:00:00,16900,6066,6056,6057,6065,6067,6058,6058,6066,6066.5,6057.0,6057.5,6065.5
2025-07-11 05:05:00,10200,6070,6065,6065,6068,6071,6066,6066,6069,6070.5,6065.5,6065.5,6068.5
2025-07-11 05:10:00,5700,6069,6066,6068,6067,6070,6067,6069,6068,6069.5,6066.5,6068.5,6067.5
2025-07-11 05:15:00,14300,6070,6067,6067,6069,6071,6068,6068,6070,6070.5,6067.5,6067.5,6069.5
2025-07-11 05:20:00,6200,6071,6069,6069,6070,6072,6070,6070,6071,6071.5,6069.5,6069.5,6070.5
2025-07-11 05:25:00,8000,6070,6066,6070,6067,6071,6067,6071,6069,6070.5,6066.5,6070.5,6068.0
2025-07-11 05:30:00,11200,6069,6066,6068,6067,6070,6067,6069,6068,6069.5,6066.5,6068.5,6067.5
2025-07-11 05:35:00,12800,6068,6065,6067,6065,6069,6066,6068,6066,6068.5,6065.5,6067.5,6065.5
2025-07-11 05:40:00,7400,6067,6063,6065,6065,6068,6065,6066,6066,6067.5,6064.0,6065.5,6065.5
2025-07-11 05:45:00,14400,6066,6061,6065,6063,6067,6062,6066,6064,6066.5,6061.5,6065.5,6063.5
2025-07-11 05:50:00,16500,6066,6060,6063,6066,6067,6061,6064,6067,6066.5,6060.5,6063.5,6066.5
2025-07-11 05:55:00,28400,6067,6055,6066,6056,6069,6056,6067,6057,6068.0,6055.5,6066.5,6056.5
2025-07-11 06:00:00,16600,6059,6056,6056,6057,6060,6057,6057,6058,6059.5,6056.5,6056.5,6057.5
2025-07-11 06:05:00,21100,6061,6056,6057,6061,6063,6058,6058,6062,6062.0,6057.0,6057.5,6061.5
2025-07-11 06:10:00,18100,6063,6060,6061,6063,6064,6061,6062,6064,6063.5,6060.5,6061.5,6063.5
2025-07-11 06:15:00,17900,6065,6060,6063,6062,6066,6061,6064,6063,6065.5,6060.5,6063.5,6062.5
2025-07-11 06:20:00,34800,6069,6060,6062,6067,6070,6061,6063,6068,6069.5,6060.5,6062.5,6067.5
2025-07-11 06:25:00,,6054,6023,6051,6053,6055,6024,6052,6054,6054.5,6023.5,6051.5,6053.5
2025-07-11 06:30:00,444700,6053,6053,6053,6053,6055,6055,6055,6055,6054.0,6054.0,6054.0,6054.0
2025-07-14 00:00:00,172600,6101,6053,6053,6061,6105,6053,6054,6063,6103.0,6053.0,6053.5,6062.0
2025-07-14 00:05:00,32600,6072,6059,6061,6062,6073,6060,6063,6064,6072.5,6059.5,6062.0,6063.0
2025-07-14 00:10:00,17000,6064,6055,6062,6060,6067,6057,6064,6063,6065.5,6056.0,6063.0,6061.5
2025-07-14 00:15:00,19100,6067,6056,6060,6056,6068,6057,6063,6057,6067.5,6056.5,6061.5,6056.5
2025-07-14 00:20:00,22900,6059,6045,6056,6045,6060,6046,6057,6047,6059.5,6045.5,6056.5,6046.0
2025-07-14 00:25:00,12300,6050,6045,6045,6047,6051,6046,6047,6048,6050.5,6045.5,6046.0,6047.5
2025-07-14 00:30:00,15000,6056,6047,6047,6052,6057,6049,6049,6053,6056.5,6048.0,6048.0,6052.5
2025-07-14 00:35:00,17900,6056,6050,6052,6054,6058,6051,6053,6055,6057.0,6050.5,6052.5,6054.5
2025-07-14 00:40:00,8700,6054,6050,6054,6052,6055,6051,6055,6053,6054.5,6050.5,6054.5,6052.5
2025-07-14 00:45:00,6300,6055,6051,6052,6055,6056,6052,6053,6056,6055.5,6051.5,6052.5,6055.5
2025-07-14 00:50:00,10600,6058,6052,6055,6057,6059,6054,6056,6058,6058.5,6053.0,6055.5,6057.5
2025-07-14 00:55:00,8300,6064,6057,6057,6062,6066,6058,6058,6063,6065.0,6057.5,6057.5,6062.5
2025-07-14 01:00:00,20200,6065,6058,6062,6064,6066,6059,6063,6066,6065.5,6058.5,6062.5,6065.0
2025-07-14 01:05:00,10900,6066,6059,6064,6060,6067,6060,6066,6062,6066.5,6059.5,6065.0,6061.0
2025-07-14 01:10:00,6000,6062,6058,6060,6060,6063,6059,6062,6061,6062.5,6058.5,6061.0,6060.5
2025-07-14 01:15:00,5700,6063,6059,6060,6063,6064,6060,6061,6064,6063.5,6059.5,6060.5,6063.5
2025-07-14 01:20:00,4900,6066,6062,6062,6064,6067,6064,6064,6066,6066.5,6063.0,6063.0,6065.0
2025-07-14 01:25:00,12500,6067,6060,6064,6060,6068,6061,6066,6061,6067.5,6060.5,6065.0,6060.5
2025-07-14 01:30:00,5800,6062,6059,6060,6062,6063,6060,6061,6063,6062.5,6059.5,6060.5,6062.5
2025-07-14 01:35:00,6500,6065,6062,6062,6065,6066,6063,6063,6066,6065.5,6062.5,6062.5,6065.5
2025-07-14 01:40:00,60600,6068,6063,6065,6065,6070,6064,6066,6066,6069.0,6063.5,6065.5,6065.5
2025-07-14 01:45:00,49600,6073,6064,6065,6071,6074,6065,6066,6072,6073.5,6064.5,6065.5,6071.5
2025-07-14 01:50:00,2500,6076,6071,6071,6076,6077,6072,6072,6077,6076.5,6071.5,6071.5,6076.5
2025-07-14 01:55:00,9600,6076,6070,6076,6071,6077,6071,6077,6072,6076.5,6070.5,6076.5,6071.5
2025-07-14 02:00:00,4000,6073,6070,6071,6071,6074,6071,6072,6072,6073.5,6070.5,6071.5,6071.5
2025-07-14 02:05:00,6000,6073,6067,6071,6070,6074,6069,6072,6071,6073.5,6068.0,6071.5,6070.5
2025-07-14 02:10:00,2400,6072,6070,6070,6072,6073,6071,6071,6073,6072.5,6070.5,6070.5,6072.5
2025-07-14 02:15:00,10900,6075,6072,6072,6073,6076,6073,6073,6074,6075.5,6072.5,6072.5,6073.5
2025-07-14 02:20:00,38600,6078,6068,6073,6070,6080,6069,6074,6071,6079.0,6068.5,6073.5,6070.5
2025-07-14 02:25:00,6000,6072,6067,6070,6067,6074,6069,6071,6070,6073.0,6068.0,6070.5,6068.5
2025-07-14 02:30:00,1300,6067,6067,6067,6067,6070,6070,6070,6070,6068.5,6068.5,6068.5,6068.5
2025-07-14 03:30:00,39900,6056,6048,6050,6048,6062,6049,6051,6050,6058.5,6048.5,6050.5,6049.0
2025-07-14 03:35:00,7900,6055,6048,6048,6055,6057,6050,6050,6057,6056.0,6049.0,6049.0,6056.0
2025-07-14 03:40:00,8500,6057,6051,6055,6052,6058,6052,6057,6053,6057.5,6051.5,6056.0,6052.5
2025-07-14 03:45:00,7400,6052,6050,6052,6051,6053,6051,6053,6052,6052.5,6050.5,6052.5,6051.5
2025-07-14 03:50:00,9500,6054,6048,6051,6054,6056,6049,6052,6055,6055.0,6048.5,6051.5,6054.5
2025-07-14 03:55:00,9500,6063,6054,6054,6062,6064,6055,6055,6063,6063.5,6054.5,6054.5,6062.5
2025-07-14 04:00:00,5900,6063,6062,6062,6063,6064,6063,6063,6064,6063.5,6062.5,6062.5,6063.5
2025-07-14 04:05:00,11800,6067,6063,6063,6067,6069,6064,6064,6068,6068.0,6063.5,6063.5,6067.5
2025-07-14 04:10:00,10800,6069,6066,6067,6067,6070,6068,6068,6068,6069.5,6067.0,6067.5,6067.5
2025-07-14 04:15:00,10200,6072,6067,6067,6068,6073,6068,6068,6069,6072.5,6067.5,6067.5,6068.5
2025-07-14 04:20:00,5200,6070,6068,6068,6068,6071,6069,6069,6069,6070.5,6068.5,6068.5,6068.5
2025-07-14 04:25:00,4500,6069,6067,6068,6068,6070,6069,6069,6069,6069.5,6068.0,6068.5,6068.5
2025-07-14 04:30:00,6500,6068,6064,6068,6065,6069,6066,6069,6066,6068.5,6065.0,6068.5,6065.5
2025-07-14 04:35:00,4100,6067,6065,6065,6067,6068,6066,6066,6068,6067.5,6065.5,6065.5,6067.5
2025-07-14 04:40:00,8300,6067,6064,6067,6065,6068,6066,6068,6066,6067.5,6065.0,6067.5,6065.5
2025-07-14 04:45:00,3800,6066,6065,6065,6066,6067,6066,6066,6067,6066.5,6065.5,6065.5,6066.5
2025-07-14 04:50:00,7500,6066,6064,6066,6065,6067,6065,6067,6066,6066.5,6064.5,6066.5,6065.5
2025-07-14 04:55:00,9100,6066,6062,6065,6062,6067,6063,6066,6064,6066.5,6062.5,6065.5,6063.0
2025-07-14 05:00:00,6400,6063,6061,6062,6062,6064,6062,6064,6063,6063.5,6061.5,6063.0,6062.5
2025-07-14 05:05:00,9600,6064,6060,6062,6061,6065,6061,6063,6062,6064.5,6060.5,6062.5,6061.5
2025-07-14 05:10:00,8100,6062,6060,6061,6062,6063,6061,6062,6063,6062.5,6060.5,6061.5,6062.5
2025-07-14 05:15:00,9500,6065,6062,6062,6063,6067,6063,6063,6064,6066.0,6062.5,6062.5,6063.5
2025-07-14 05:20:00,4000,6063,6062,6063,6062,6064,6063,6064,6063,6063.5,6062.5,6063.5,6062.5
2025-07-14 05:25:00,12000,6063,6060,6062,6060,6065,6061,6063,6061,6064.0,6060.5,6062.5,6060.5
2025-07-14 05:30:00,14600,6062,6058,6060,6060,6063,6059,6061,6061,6062.5,6058.5,6060.5,6060.5
2025-07-14 05:35:00,7100,6060,6059,6060,6059,6061,6060,6061,6060,6060.5,6059.5,6060.5,6059.5
2025-07-14 05:40:00,10100,6059,6055,6059,6056,6060,6057,6060,6057,6059.5,6056.0,6059.5,6056.5
2025-07-14 05:45:00,10300,6056,6053,6056,6053,6057,6054,6057,6054,6056.5,6053.5,6056.5,6053.5
2025-07-14 05:50:00,14400,6053,6047,6053,6047,6055,6048,6054,6048,6054.0,6047.5,6053.5,6047.5
2025-07-14 05:55:00,10700,6049,6046,6047,6046,6050,6047,6048,6047,6049.5,6046.5,6047.5,6046.5
2025-07-14 06:00:00,24200,6048,6040,6046,6042,6049,6041,6047,6043,6048.5,6040.5,6046.5,6042.5
2025-07-14 06:05:00,18400,6047,6042,6042,6043,6048,6043,6043,6045,6047.5,6042.5,6042.5,6044.0
2025-07-14 06:10:00,11900,6044,6041,6043,6044,6045,6042,6045,6045,6044.5,6041.5,6044.0,6044.5
2025-07-14 06:15:00,24600,6044,6041,6044,6042,6046,6042,6045,6043,6045.0,6041.5,6044.5,6042.5
2025-07-14 06:20:00,27200,6044,6040,6042,6043,6045,6041,6043,6045,6044.5,6040.5,6042.5,6044.0
2025-07-14 06:25:00,,6083,6035,6064,6039,6084,6036,6065,6040,6083.5,6035.5,6064.5,6039.5
2025-07-14 06:30:00,303000,6039,6039,6039,6039,6040,6040,6040,6040,6039.5,6039.5,6039.5,6039.5
2025-07-15 00:00:00,244400,6052,6029,6039,6040,6057,6032,6040,6042,6054.5,6030.5,6039.5,6041.0
2025-07-15 00:05:00,57800,6041,6030,6040,6030,6042,6031,6042,6031,6041.5,6030.5,6041.0,6030.5
2025-07-15 00:10:00,40200,6037,6028,6030,6034,6038,6029,6031,6035,6037.5,6028.5,6030.5,6034.5
2025-07-15 00:15:00,36200,6039,6033,6034,6039,6040,6034,6035,6040,6039.5,6033.5,6034.5,6039.5
2025-07-15 00:20:00,16900,6039,6034,6039,6035,6040,6035,6040,6036,6039.5,6034.5,6039.5,6035.5
2025-07-15 00:25:00,30100,6036,6026,6035,6027,6037,6027,6036,6028,6036.5,6026.5,6035.5,6027.5
2025-07-15 00:30:00,27400,6033,6024,6027,6027,6034,6025,6028,6028,6033.5,6024.5,6027.5,6027.5
2025-07-15 00:35:00,22400,6028,6018,6027,6018,6029,6019,6028,6020,6028.5,6018.5,6027.5,6019.0
2025-07-15 00:40:00,28300,6019,6002,6019,6003,6020,6004,6020,6004,6019.5,6003.0,6019.5,6003.5
2025-07-15 00:45:00,25300,6004,6000,6003,6000,6005,6001,6004,6001,6004.5,6000.5,6003.5,6000.5
2025-07-15 00:50:00,20700,6009,5998,6000,6007,6010,5999,6001,6008,6009.5,5998.5,6000.5,6007.5
2025-07-15 00:55:00,17300,6011,6007,6007,6011,6012,6008,6008,6012,6011.5,6007.5,6007.5,6011.5
2025-07-15 01:00:00,36500,6011,5998,6011,6001,6012,5999,6012,6002,6011.5,5998.5,6011.5,6001.5
2025-07-15 01:05:00,20900,6002,5994,6001,5999,6003,5995,6002,6000,6002.5,5994.5,6001.5,5999.5
2025-07-15 01:10:00,9300,6000,5998,5999,5998,6001,5999,6000,6000,6000.5,5998.5,5999.5,5999.0
2025-07-15 01:15:00,16800,6000,5994,5998,6000,6001,5995,6000,6001,6000.5,5994.5,5999.0,6000.5
2025-07-15 01:20:00,7700,6004,6000,6000,6003,6006,6001,6001,6004,6005.0,6000.5,6000.5,6003.5
2025-07-15 01:25:00,11300,6004,6001,6003,6001,6005,6002,6004,6002,6004.5,6001.5,6003.5,6001.5
2025-07-15 01:30:00,8400,6004,6000,6001,6000,6005,6002,6003,6002,6004.5,6001.0,6002.0,6001.0
2025-07-15 01:35:00,7200,6007,6000,6000,6007,6008,6001,6002,6008,6007.5,6000.5,6001.0,6007.5
2025-07-15 01:40:00,16500,6015,6003,6007,6015,6017,6004,6008,6017,6016.0,6003.5,6007.5,6016.0
2025-07-15 01:45:00,12700,6018,6008,6015,6015,6020,6009,6017,6016,6019.0,6008.5,6016.0,6015.5
2025-07-15 01:50:00,15000,6023,6015,6015,6017,6024,6016,6016,6019,6023.5,6015.5,6015.5,6018.0
2025-07-15 01:55:00,9500,6017,6009,6017,6012,6019,6011,6019,6013,6018.0,6010.0,6018.0,6012.5
2025-07-15 02:00:00,14000,6016,6011,6012,6011,6017,6013,6013,6013,6016.5,6012.0,6012.5,6012.0
2025-07-15 02:05:00,8800,6012,6009,6011,6010,6013,6011,6013,6012,6012.5,6010.0,6012.0,6011.0
2025-07-15 02:10:00,10200,6014,6009,6010,6013,6015,6011,6012,6014,6014.5,6010.0,6011.0,6013.5
2025-07-15 02:15:00,12200,6013,6000,6013,6000,6014,6001,6014,6001,6013.5,6000.5,6013.5,6000.5
2025-07-15 02:20:00,17600,6001,5996,6000,6000,6002,5997,6001,6002,6001.5,5996.5,6000.5,6001.0
2025-07-15 02:25:00,14500,6002,5997,6000,5998,6003,5998,6002,6000,6002.5,5997.5,6001.0,5999.0
2025-07-15 02:30:00,17600,5997,5997,5997,5997,6000,6000,6000,6000,5998.5,5998.5,5998.5,5998.5
2025-07-15 03:30:00,47800,6005,5994,5995,6004,6008,5995,5996,6005,6006.5,5994.5,5995.5,6004.5
2025-07-15 03:35:00,12800,6011,6004,6004,6009,6012,6005,6005,6011,6011.5,6004.5,6004.5,6010.0
2025-07-15 03:40:00,4100,6015,6009,6009,6015,6016,6011,6011,6016,6015.5,6010.0,6010.0,6015.5
2025-07-15 03:45:00,4800,6015,6015,6015,6015,6017,6016,6016,6016,6016.0,6015.5,6015.5,6015.5
2025-07-15 03:50:00,11200,6015,6013,6015,6013,6016,6014,6016,6014,6015.5,6013.5,6015.5,6013.5
2025-07-15 03:55:00,11200,6013,6007,6013,6008,6014,6008,6014,6009,6013.5,6007.5,6013.5,6008.5
2025-07-15 04:00:00,5800,6014,6008,6008,6014,6015,6009,6009,6015,6014.5,6008.5,6008.5,6014.5
2025-07-15 04:05:00,16100,6016,6009,6014,6009,6017,6010,6015,6010,6016.5,6009.5,6014.5,6009.5
2025-07-15 04:10:00,4400,6010,6008,6009,6008,6011,6009,6010,6009,6010.5,6008.5,6009.5,6008.5
2025-07-15 04:15:00,7800,6008,6003,6008,6008,6009,6004,6009,6009,6008.5,6003.5,6008.5,6008.5
2025-07-15 04:20:00,9100,6009,6005,6008,6005,6010,6006,6009,6006,6009.5,6005.5,6008.5,6005.5
2025-07-15 04:25:00,3900,6008,6005,6005,6008,6009,6006,6006,6009,6008.5,6005.5,6005.5,6008.5
2025-07-15 04:30:00,11900,6009,6007,6008,6008,6010,6008,6009,6010,6009.5,6007.5,6008.5,6009.0
2025-07-15 04:35:00,6300,6013,6008,6008,6011,6014,6010,6010,6012,6013.5,6009.0,6009.0,6011.5
2025-07-15 04:40:00,8200,6011,6008,6011,6010,6012,6010,6012,6011,6011.5,6009.0,6011.5,6010.5
2025-07-15 04:45:00,10000,6011,6008,6010,6008,6012,6009,6011,6010,6011.5,6008.5,6010.5,6009.0
2025-07-15 04:50:00,5800,6009,6007,6009,6007,6010,6008,6010,6009,6009.5,6007.5,6009.5,6008.0
2025-07-15 04:55:00,6800,6008,6005,6007,6006,6009,6006,6009,6007,6008.5,6005.5,6008.0,6006.5
2025-07-15 05:00:00,11200,6008,6004,6006,6007,6009,6005,6007,6008,6008.5,6004.5,6006.5,6007.5
2025-07-15 05:05:00,7400,6007,6004,6007,6006,6008,6005,6008,6007,6007.5,6004.5,6007.5,6006.5
2025-07-15 05:10:00,10600,6006,5999,6006,5999,6007,6000,6007,6000,6006.5,5999.5,6006.5,5999.5
2025-07-15 05:15:00,9100,5999,5996,5999,5997,6000,5997,6000,5998,5999.5,5996.5,5999.5,5997.5
2025-07-15 05:20:00,2400,5997,5997,5997,5997,5998,5998,5998,5998,5997.5,5997.5,5997.5,5997.5
2025-07-15 05:25:00,31500,5997,5993,5997,5993,5998,5994,5998,5994,5997.5,5993.5,5997.5,5993.5
2025-07-15 05:30:00,11500,5997,5993,5993,5996,5998,5994,5994,5997,5997.5,5993.5,5993.5,5996.5
2025-07-15 05:35:00,9700,5997,5996,5996,5996,5998,5997,5997,5997,5997.5,5996.5,5996.5,5996.5
2025-07-15 05:40:00,10300,5998,5995,5996,5998,5999,5996,5997,5999,5998.5,5995.5,5996.5,5998.5
2025-07-15 05:45:00,12200,5999,5996,5998,5998,6000,5997,5999,5999,5999.5,5996.5,5998.5,5998.5
2025-07-15 05:50:00,10600,5998,5995,5998,5995,5999,5996,5999,5996,5998.5,5995.5,5998.5,5995.5
2025-07-15 05:55:00,20200,5996,5992,5995,5995,5997,5993,5996,5996,5996.5,5992.5,5995.5,5995.5
2025-07-15 06:00:00,10700,5999,5995,5995,5996,6000,5996,5996,5997,5999.5,5995.5,5995.5,5996.5
2025-07-15 06:05:00,9700,5999,5996,5996,5999,6000,5997,5997,6000,5999.5,5996.5,5996.5,5999.5
2025-07-15 06:10:00,16300,6000,5995,5999,5995,6001,5996,6000,5996,6000.5,5995.5,5999.5,5995.5
2025-07-15 06:15:00,28800,6003,5995,5995,5999,6005,5996,5996,6001,6004.0,5995.5,5995.5,6000.0
2025-07-15 06:20:00,37500,6001,5998,5999,5998,6004,5999,6001,6000,6002.0,5998.5,6000.0,5999.0
2025-07-15 06:25:00,,6028,5989,5993,5994,6029,5990,5994,5995,6028.5,5989.5,5993.5,5994.5
2025-07-15 06:30:00,373600,5994,5994,5994,5994,5997,5997,5997,5997,5995.5,5995.5,5995.5,5995.5
2025-07-16 00:00:00,185600,6037,6007,6021,6007,6038,6008,6022,6010,6037.5,6007.5,6021.5,6008.5
2025-07-16 00:05:00,45400,6013,6005,6007,6010,6015,6006,6010,6011,6014.0,6005.5,6008.5,6010.5
2025-07-16 00:10:00,25100,6011,5998,6010,6001,6012,6000,6011,6003,6011.5,5999.0,6010.5,6002.0
2025-07-16 00:15:00,25700,6009,5998,6001,6006,6012,5999,6003,6009,6010.5,5998.5,6002.0,6007.5
2025-07-16 00:20:00,14000,6009,5996,6006,5997,6011,5997,6009,5999,6010.0,5996.5,6007.5,5998.0
2025-07-16 00:25:00,24300,6003,5997,5997,5999,6006,5999,5999,6000,6004.5,5998.0,5998.0,5999.5
2025-07-16 00:30:00,14200,6004,5999,5999,6000,6007,6000,6000,6001,6005.5,5999.5,5999.5,6000.5
2025-07-16 00:35:00,20700,6011,5997,6000,6009,6012,5998,6001,6011,6011.5,5997.5,6000.5,6010.0
2025-07-16 00:40:00,16900,6017,6009,6009,6015,6018,6011,6011,6016,6017.5,6010.0,6010.0,6015.5
2025-07-16 00:45:00,18400,6020,6014,6015,6016,6021,6015,6016,6017,6020.5,6014.5,6015.5,6016.5
2025-07-16 00:50:00,7600,6017,6013,6016,6013,6018,6014,6017,6014,6017.5,6013.5,6016.5,6013.5
2025-07-16 00:55:00,12500,6013,6010,6013,6010,6015,6011,6014,6011,6014.0,6010.5,6013.5,6010.5
2025-07-16 01:00:00,15300,6014,6009,6010,6011,6015,6010,6011,6013,6014.5,6009.5,6010.5,6012.0
2025-07-16 01:05:00,8100,6012,6009,6011,6009,6013,6010,6013,6010,6012.5,6009.5,6012.0,6009.5
2025-07-16 01:10:00,16800,6012,6007,6009,6010,6013,6009,6010,6012,6012.5,6008.0,6009.5,6011.0
2025-07-16 01:15:00,11600,6011,6003,6010,6003,6012,6004,6012,6004,6011.5,6003.5,6011.0,6003.5
2025-07-16 01:20:00,5800,6005,6002,6003,6002,6007,6003,6004,6003,6006.0,6002.5,6003.5,6002.5
2025-07-16 01:25:00,19000,6003,5997,6002,5998,6004,5998,6003,6000,6003.5,5997.5,6002.5,5999.0
2025-07-16 01:30:00,16800,6002,5997,5998,5999,6003,5999,6000,6002,6002.5,5998.0,5999.0,6000.5
2025-07-16 01:35:00,7900,6001,5997,5999,5998,6002,5998,6002,6000,6001.5,5997.5,6000.5,5999.0
2025-07-16 01:40:00,8000,6002,5997,5998,6001,6003,5999,6000,6003,6002.5,5998.0,5999.0,6002.0
2025-07-16 01:45:00,9600,6001,5995,6001,5995,6003,5996,6003,5996,6002.0,5995.5,6002.0,5995.5
2025-07-16 01:50:00,26100,5996,5992,5995,5992,5997,5993,5996,5994,5996.5,5992.5,5995.5,5993.0
2025-07-16 01:55:00,24100,5993,5989,5992,5991,5994,5990,5994,5992,5993.5,5989.5,5993.0,5991.5
2025-07-16 02:00:00,8200,5991,5989,5991,5990,5992,5990,5992,5991,5991.5,5989.5,5991.5,5990.5
2025-07-16 02:05:00,12200,5991,5989,5990,5991,5992,5990,5991,5992,5991.5,5989.5,5990.5,5991.5
2025-07-16 02:10:00,6300,5996,5991,5991,5996,5998,5992,5992,5997,5997.0,5991.5,5991.5,5996.5
2025-07-16 02:15:00,7100,5997,5995,5996,5995,5998,5996,5997,5996,5997.5,5995.5,5996.5,5995.5
2025-07-16 02:20:00,4400,5997,5995,5995,5996,5998,5996,5996,5997,5997.5,5995.5,5995.5,5996.5
2025-07-16 02:25:00,7700,5996,5992,5996,5992,5997,5993,5997,5994,5996.5,5992.5,5996.5,5993.0
2025-07-16 02:30:00,1700,5991,5991,5991,5991,5994,5994,5994,5994,5992.5,5992.5,5992.5,5992.5
2025-07-16 03:30:00,44100,5998,5989,5989,5998,5999,5990,5990,5999,5998.5,5989.5,5989.5,5998.5
2025-07-16 03:35:00,9700,6000,5997,5998,5999,6001,5998,5999,6000,6000.5,5997.5,5998.5,5999.5
2025-07-16 03:40:00,7700,6002,5999,5999,6001,6003,6000,6000,6002,6002.5,5999.5,5999.5,6001.5
2025-07-16 03:45:00,4300,6003,6001,6001,6003,6004,6002,6002,6004,6003.5,6001.5,6001.5,6003.5
2025-07-16 03:50:00,12000,6009,6003,6003,6008,6010,6004,6004,6009,6009.5,6003.5,6003.5,6008.5
2025-07-16 03:55:00,9200,6009,6005,6008,6007,6010,6006,6009,6008,6009.5,6005.5,6008.5,6007.5
2025-07-16 04:00:00,8300,6012,6006,6007,6012,6014,6007,6008,6013,6013.0,6006.5,6007.5,6012.5
2025-07-16 04:05:00,9500,6015,6012,6012,6013,6016,6013,6013,6015,6015.5,6012.5,6012.5,6014.0
2025-07-16 04:10:00,8500,6015,6013,6013,6013,6016,6014,6015,6015,6015.5,6013.5,6014.0,6014.0
2025-07-16 04:15:00,15000,6014,6008,6013,6009,6015,6009,6015,6011,6014.5,6008.5,6014.0,6010.0
2025-07-16 04:20:00,4100,6010,6008,6009,6009,6011,6009,6011,6010,6010.5,6008.5,6010.0,6009.5
2025-07-16 04:25:00,7700,6009,6006,6009,6008,6010,6007,6010,6009,6009.5,6006.5,6009.5,6008.5
2025-07-16 04:30:00,8900,6012,6008,6008,6012,6014,6009,6009,6014,6013.0,6008.5,6008.5,6013.0
2025-07-16 04:35:00,6600,6012,6010,6012,6010,6014,6011,6014,6011,6013.0,6010.5,6013.0,6010.5
2025-07-16 04:40:00,4500,6010,6007,6010,6007,6012,6008,6011,6008,6011.0,6007.5,6010.5,6007.5
2025-07-16 04:45:00,6400,6008,6006,6007,6008,6010,6007,6008,6009,6009.0,6006.5,6007.5,6008.5
2025-07-16 04:50:00,8100,6008,6006,6008,6006,6009,6007,6009,6007,6008.5,6006.5,6008.5,6006.5
2025-07-16 04:55:00,9300,6007,6005,6006,6006,6008,6006,6007,6008,6007.5,6005.5,6006.5,6007.0
2025-07-16 05:00:00,19300,6011,6001,6006,6004,6013,6003,6008,6005,6012.0,6002.5,6007.0,6004.5
2025-07-16 05:05:00,8000,6009,6004,6004,6008,6010,6005,6005,6010,6009.5,6004.5,6004.5,6009.0
2025-07-16 05:10:00,4600,6009,6007,6008,6008,6010,6008,6010,6009,6009.5,6007.5,6009.0,6008.5
2025-07-16 05:15:00,5600,6008,6007,6008,6007,6009,6008,6009,6008,6008.5,6007.5,6008.5,6007.5
2025-07-16 05:20:00,15400,6007,6004,6007,6004,6008,6005,6008,6006,6007.5,6004.5,6007.5,6005.0
2025-07-16 05:25:00,12000,6005,6002,6004,6004,6006,6003,6006,6005,6005.5,6002.5,6005.0,6004.5
2025-07-16 05:30:00,12400,6009,6004,6004,6009,6011,6005,6005,6010,6010.0,6004.5,6004.5,6009.5
2025-07-16 05:35:00,8700,6009,6007,6009,6007,6010,6008,6010,6008,6009.5,6007.5,6009.5,6007.5
2025-07-16 05:40:00,8100,6008,6007,6007,6007,6009,6008,6008,6008,6008.5,6007.5,6007.5,6007.5
2025-07-16 05:45:00,10300,6008,6005,6007,6007,6009,6006,6008,6008,6008.5,6005.5,6007.5,6007.5
2025-07-16 05:50:00,8800,6008,6005,6007,6005,6009,6006,6008,6006,6008.5,6005.5,6007.5,6005.5
2025-07-16 05:55:00,12100,6006,6004,6005,6004,6007,6005,6006,6005,6006.5,6004.5,6005.5,6004.5
2025-07-16 06:00:00,12300,6007,6004,6004,6004,6008,6005,6005,6005,6007.5,6004.5,6004.5,6004.5
2025-07-16 06:05:00,21900,6007,6004,6004,6004,6008,6005,6005,6005,6007.5,6004.5,6004.5,6004.5
2025-07-16 06:10:00,14800,6004,6002,6004,6004,6005,6003,6005,6005,6004.5,6002.5,6004.5,6004.5
2025-07-16 06:15:00,18200,6008,6004,6004,6006,6009,6005,6005,6008,6008.5,6004.5,6004.5,6007.0
2025-07-16 06:20:00,30400,6008,6000,6006,6000,6010,6001,6008,6002,6009.0,6000.5,6007.0,6001.0
2025-07-16 06:25:00,,6041,5999,6020,6004,6042,6000,6021,6005,6041.5,5999.5,6020.5,6004.5
2025-07-16 06:30:00,403200,6002,6002,6002,6002,6005,6005,6005,6005,6003.5,6003.5,6003.5,6003.5
2025-07-17 00:00:00,186400,6033,6002,6009,6015,6035,6005,6010,6016,6034.0,6005.0,6009.5,6015.5
2025-07-17 00:05:00,31600,6017,6004,6015,6004,6018,6005,6016,6005,6017.5,6004.5,6015.5,6004.5
2025-07-17 00:10:00,21600,6009,5998,6004,6005,6010,6000,6005,6006,6009.5,5999.0,6004.5,6005.5
2025-07-17 00:15:00,16200,6008,6001,6005,6006,6009,6002,6006,6008,6008.5,6001.5,6005.5,6007.0
2025-07-17 00:20:00,15400,6009,6002,6006,6007,6010,6003,6008,6008,6009.5,6002.5,6007.0,6007.5
2025-07-17 00:25:00,11100,6014,6007,6007,6012,6016,6008,6008,6013,6015.0,6007.5,6007.5,6012.5
2025-07-17 00:30:00,11600,6013,6008,6012,6009,6014,6009,6013,6011,6013.5,6008.5,6012.5,6010.0
2025-07-17 00:35:00,11200,6011,6007,6009,6008,6012,6008,6011,6009,6011.5,6007.5,6010.0,6008.5
2025-07-17 00:40:00,8100,6009,6004,6008,6004,6010,6005,6009,6006,6009.5,6004.5,6008.5,6005.0
2025-07-17 00:45:00,10700,6006,6001,6004,6005,6007,6002,6006,6006,6006.5,6001.5,6005.0,6005.5
2025-07-17 00:50:00,8500,6009,6005,6005,6006,6011,6006,6006,6007,6010.0,6005.5,6005.5,6006.5
2025-07-17 00:55:00,11000,6007,6002,6006,6006,6008,6003,6007,6007,6007.5,6002.5,6006.5,6006.5
2025-07-17 01:00:00,12100,6011,6006,6006,6007,6013,6007,6007,6008,6012.0,6006.5,6006.5,6007.5
2025-07-17 01:05:00,11400,6012,6006,6007,6012,6014,6007,6008,6014,6013.0,6006.5,6007.5,6013.0
2025-07-17 01:10:00,6100,6012,6007,6012,6007,6014,6008,6014,6009,6013.0,6007.5,6013.0,6008.0
2025-07-17 01:15:00,6000,6010,6007,6007,6010,6011,6008,6009,6011,6010.5,6007.5,6008.0,6010.5
2025-07-17 01:20:00,4100,6014,6010,6010,6014,6015,6011,6011,6015,6014.5,6010.5,6010.5,6014.5
2025-07-17 01:25:00,9800,6015,6012,6014,6014,6017,6013,6015,6015,6016.0,6012.5,6014.5,6014.5
2025-07-17 01:30:00,7300,6015,6011,6014,6012,6016,6012,6015,6013,6015.5,6011.5,6014.5,6012.5
2025-07-17 01:35:00,6100,6013,6008,6012,6009,6014,6009,6013,6010,6013.5,6008.5,6012.5,6009.5
2025-07-17 01:40:00,5700,6010,6007,6009,6008,6011,6008,6010,6009,6010.5,6007.5,6009.5,6008.5
2025-07-17 01:45:00,5100,6009,6006,6008,6006,6010,6007,6009,6007,6009.5,6006.5,6008.5,6006.5
2025-07-17 01:50:00,9700,6007,6003,6006,6004,6008,6005,6007,6005,6007.5,6004.0,6006.5,6004.5
2025-07-17 01:55:00,8000,6005,6002,6004,6005,6006,6003,6005,6006,6005.5,6002.5,6004.5,6005.5
2025-07-17 02:00:00,8900,6007,6004,6005,6006,6008,6005,6006,6007,6007.5,6004.5,6005.5,6006.5
2025-07-17 02:05:00,2600,6008,6006,6006,6007,6009,6007,6007,6008,6008.5,6006.5,6006.5,6007.5
2025-07-17 02:10:00,5600,6009,6007,6007,6007,6010,6008,6008,6008,6009.5,6007.5,6007.5,6007.5
2025-07-17 02:15:00,4400,6009,6006,6007,6008,6010,6007,6008,6009,6009.5,6006.5,6007.5,6008.5
2025-07-17 02:20:00,7900,6011,6006,6008,6010,6012,6008,6009,6012,6011.5,6007.5,6008.5,6011.0
2025-07-17 02:25:00,3900,6012,6009,6010,6010,6014,6011,6012,6012,6013.0,6010.0,6011.0,6011.0
2025-07-17 02:30:00,800,6010,6010,6010,6010,6012,6012,6012,6012,6011.0,6011.0,6011.0,6011.0
2025-07-17 03:30:00,33200,6021,6010,6010,6018,6023,6011,6011,6019,6022.0,6010.5,6010.5,6018.5
2025-07-17 03:35:00,14600,6022,6017,6018,6021,6023,6019,6019,6023,6022.5,6018.0,6018.5,6022.0
2025-07-17 03:40:00,29700,6032,6020,6021,6032,6033,6021,6023,6033,6032.5,6020.5,6022.0,6032.5
2025-07-17 03:45:00,21000,6036,6031,6032,6034,6037,6032,6033,6035,6036.5,6031.5,6032.5,6034.5
2025-07-17 03:50:00,13400,6037,6032,6034,6034,6038,6034,6035,6035,6037.5,6033.0,6034.5,6034.5
2025-07-17 03:55:00,18100,6042,6033,6034,6040,6043,6035,6035,6042,6042.5,6034.0,6034.5,6041.0
2025-07-17 04:00:00,9600,6041,6037,6040,6038,6042,6038,6042,6039,6041.5,6037.5,6041.0,6038.5
2025-07-17 04:05:00,9100,6040,6037,6038,6037,6041,6038,6039,6038,6040.5,6037.5,6038.5,6037.5
2025-07-17 04:10:00,6700,6039,6036,6037,6036,6041,6038,6038,6038,6040.0,6037.0,6037.5,6037.0
2025-07-17 04:15:00,6500,6038,6035,6036,6035,6039,6036,6038,6036,6038.5,6035.5,6037.0,6035.5
2025-07-17 04:20:00,5800,6036,6034,6035,6035,6037,6035,6036,6036,6036.5,6034.5,6035.5,6035.5
2025-07-17 04:25:00,25200,6040,6033,6035,6040,6041,6035,6036,6041,6040.5,6034.0,6035.5,6040.5
2025-07-17 04:30:00,12500,6041,6038,6040,6039,6043,6040,6041,6040,6042.0,6039.0,6040.5,6039.5
2025-07-17 04:35:00,7700,6039,6037,6039,6038,6040,6038,6040,6039,6039.5,6037.5,6039.5,6038.5
2025-07-17 04:40:00,3500,6039,6037,6038,6038,6040,6038,6039,6039,6039.5,6037.5,6038.5,6038.5
2025-07-17 04:45:00,4300,6040,6038,6038,6040,6041,6039,6039,6041,6040.5,6038.5,6038.5,6040.5
2025-07-17 04:50:00,20000,6041,6037,6040,6038,6042,6039,6041,6039,6041.5,6038.0,6040.5,6038.5
2025-07-17 04:55:00,4900,6041,6038,6038,6041,6042,6039,6039,6042,6041.5,6038.5,6038.5,6041.5
2025-07-17 05:00:00,19700,6044,6040,6041,6042,6045,6042,6042,6043,6044.5,6041.0,6041.5,6042.5
2025-07-17 05:05:00,9500,6044,6042,6042,6044,6045,6043,6043,6045,6044.5,6042.5,6042.5,6044.5
2025-07-17 05:10:00,12200,6045,6043,6044,6044,6046,6044,6045,6045,6045.5,6043.5,6044.5,6044.5
2025-07-17 05:15:00,16200,6046,6042,6044,6043,6047,6043,6045,6044,6046.5,6042.5,6044.5,6043.5
2025-07-17 05:20:00,5600,6045,6043,6043,6044,6046,6044,6044,6045,6045.5,6043.5,6043.5,6044.5
2025-07-17 05:25:00,12500,6046,6042,6044,6045,6047,6043,6045,6046,6046.5,6042.5,6044.5,6045.5
2025-07-17 05:30:00,28400,6048,6041,6045,6043,6049,6042,6046,6044,6048.5,6041.5,6045.5,6043.5
2025-07-17 05:35:00,14600,6046,6042,6043,6044,6047,6043,6044,6045,6046.5,6042.5,6043.5,6044.5
2025-07-17 05:40:00,12400,6046,6043,6044,6045,6047,6044,6045,6046,6046.5,6043.5,6044.5,6045.5
2025-07-17 05:45:00,10000,6045,6041,6045,6044,6046,6042,6046,6045,6045.5,6041.5,6045.5,6044.5
2025-07-17 05:50:00,25200,6047,6042,6044,6045,6048,6043,6045,6046,6047.5,6042.5,6044.5,6045.5
2025-07-17 05:55:00,37500,6050,6040,6045,6041,6051,6041,6046,6042,6050.5,6040.5,6045.5,6041.5
2025-07-17 06:00:00,20000,6043,6038,6041,6041,6044,6039,6042,6042,6043.5,6038.5,6041.5,6041.5
2025-07-17 06:05:00,29300,6046,6040,6041,6042,6047,6042,6042,6043,6046.5,6041.0,6041.5,6042.5
2025-07-17 06:10:00,24000,6049,6042,6042,6049,6050,6043,6043,6050,6049.5,6042.5,6042.5,6049.5
2025-07-17 06:15:00,18800,6050,6047,6049,6047,6051,6048,6050,6048,6050.5,6047.5,6049.5,6047.5
2025-07-17 06:20:00,26100,6048,6039,6047,6039,6049,6040,6048,6040,6048.5,6039.5,6047.5,6039.5
2025-07-17 06:25:00,,6043,6021,6028,6039,6044,6022,6029,6040,6043.5,6021.5,6028.5,6039.5
2025-07-17 06:30:00,348600,6039,6039,6039,6039,6040,6040,6040,6040,6039.5,6039.5,6039.5,6039.5
2025-07-18 00:00:00,109500,6039,6018,6019,6022,6045,6019,6020,6025,6041.0,6018.5,6019.5,6023.5
2025-07-18 00:05:00,26500,6022,6014,6022,6015,6025,6015,6025,6017,6023.5,6014.5,6023.5,6016.0
2025-07-18 00:10:00,16600,6019,6012,6015,6013,6020,6013,6017,6015,6019.5,6012.5,6016.0,6014.0
2025-07-18 00:15:00,18900,6025,6012,6013,6025,6027,6013,6015,6026,6026.0,6012.5,6014.0,6025.5
2025-07-18 00:20:00,11900,6026,6020,6025,6022,6027,6021,6026,6024,6026.5,6020.5,6025.5,6023.0
2025-07-18 00:25:00,8500,6024,6016,6022,6018,6025,6017,6024,6020,6024.5,6016.5,6023.0,6019.0
2025-07-18 00:30:00,10100,6020,6014,6018,6017,6022,6015,6020,6018,6021.0,6014.5,6019.0,6017.5
2025-07-18 00:35:00,9000,6023,6017,6017,6021,6024,6018,6018,6022,6023.5,6017.5,6017.5,6021.5
2025-07-18 00:40:00,8700,6027,6019,6021,6027,6028,6021,6022,6028,6027.5,6020.0,6021.5,6027.5
2025-07-18 00:45:00,4300,6028,6022,6027,6023,6029,6024,6028,6024,6028.5,6023.0,6027.5,6023.5
2025-07-18 00:50:00,8800,6029,6023,6023,6028,6030,6024,6024,6029,6029.5,6023.5,6023.5,6028.5
2025-07-18 00:55:00,6600,6029,6023,6028,6025,6030,6024,6029,6026,6029.5,6023.5,6028.5,6025.5
2025-07-18 01:00:00,7400,6027,6022,6025,6025,6029,6023,6026,6027,6028.0,6022.5,6025.5,6026.0
2025-07-18 01:05:00,5500,6026,6022,6025,6023,6027,6023,6027,6025,6026.5,6022.5,6026.0,6024.0
2025-07-18 01:10:00,6100,6026,6023,6023,6025,6027,6024,6025,6027,6026.5,6023.5,6024.0,6026.0
2025-07-18 01:15:00,4300,6026,6022,6025,6023,6027,6023,6027,6024,6026.5,6022.5,6026.0,6023.5
2025-07-18 01:20:00,11400,6024,6015,6023,6019,6025,6017,6024,6020,6024.5,6016.0,6023.5,6019.5
2025-07-18 01:25:00,5300,6019,6016,6019,6018,6020,6017,6020,6019,6019.5,6016.5,6019.5,6018.5
2025-07-18 01:30:00,7600,6023,6018,6018,6018,6024,6019,6019,6019,6023.5,6018.5,6018.5,6018.5
2025-07-18 01:35:00,7100,6019,6015,6018,6015,6020,6016,6019,6017,6019.5,6015.5,6018.5,6016.0
2025-07-18 01:40:00,13700,6016,6011,6015,6011,6017,6012,6017,6012,6016.5,6011.5,6016.0,6011.5
2025-07-18 01:45:00,7200,6016,6011,6011,6011,6017,6012,6012,6012,6016.5,6011.5,6011.5,6011.5
2025-07-18 01:50:00,9400,6012,6008,6011,6008,6013,6009,6012,6009,6012.5,6008.5,6011.5,6008.5
2025-07-18 01:55:00,10800,6012,6008,6008,6010,6013,6009,6009,6012,6012.5,6008.5,6008.5,6011.0
2025-07-18 02:00:00,5300,6011,6008,6010,6009,6012,6009,6012,6010,6011.5,6008.5,6011.0,6009.5
2025-07-18 02:05:00,7200,6014,6008,6009,6010,6015,6009,6010,6011,6014.5,6008.5,6009.5,6010.5
2025-07-18 02:10:00,4000,6013,6010,6010,6011,6014,6011,6011,6012,6013.5,6010.5,6010.5,6011.5
2025-07-18 02:15:00,4900,6013,6011,6011,6013,6015,6012,6012,6015,6014.0,6011.5,6011.5,6014.0
2025-07-18 02:20:00,3800,6014,6012,6013,6012,6015,6013,6015,6013,6014.5,6012.5,6014.0,6012.5
2025-07-18 02:25:00,2000,6012,6012,6012,6012,6014,6013,6013,6014,6013.0,6012.5,6012.5,6013.0
2025-07-18 02:30:00,1000,6011,6011,6011,6011,6014,6014,6014,6014,6012.5,6012.5,6012.5,6012.5
2025-07-18 03:30:00,39100,6011,6003,6007,6005,6014,6005,6008,6007,6012.5,6004.0,6007.5,6006.0
2025-07-18 03:35:00,12200,6005,6001,6005,6001,6007,6002,6007,6002,6006.0,6001.5,6006.0,6001.5
2025-07-18 03:40:00,17100,6002,5998,6001,6002,6003,5999,6002,6003,6002.5,5998.5,6001.5,6002.5
2025-07-18 03:45:00,11700,6002,5999,6002,6002,6003,6000,6003,6003,6002.5,5999.5,6002.5,6002.5
2025-07-18 03:50:00,7100,6002,5998,6002,6000,6003,5999,6003,6001,6002.5,5998.5,6002.5,6000.5
2025-07-18 03:55:00,14000,6004,6000,6000,6002,6006,6001,6001,6003,6005.0,6000.5,6000.5,6002.5
2025-07-18 04:00:00,18100,6003,5994,6002,5994,6004,5995,6003,5996,6003.5,5994.5,6002.5,5995.0
2025-07-18 04:05:00,10100,5999,5994,5994,5999,6000,5995,5996,6000,5999.5,5994.5,5995.0,5999.5
2025-07-18 04:10:00,9800,6003,5999,5999,6001,6004,6000,6000,6003,6003.5,5999.5,5999.5,6002.0
2025-07-18 04:15:00,5300,6003,6001,6001,6003,6004,6002,6003,6004,6003.5,6001.5,6002.0,6003.5
2025-07-18 04:20:00,6900,6006,6003,6003,6005,6007,6004,6004,6006,6006.5,6003.5,6003.5,6005.5
2025-07-18 04:25:00,7500,6005,6001,6005,6003,6006,6002,6006,6004,6005.5,6001.5,6005.5,6003.5
2025-07-18 04:30:00,2700,6004,6003,6003,6004,6005,6004,6004,6005,6004.5,6003.5,6003.5,6004.5
2025-07-18 04:35:00,2000,6004,6004,6004,6004,6005,6005,6005,6005,6004.5,6004.5,6004.5,6004.5
2025-07-18 04:40:00,8600,6005,6003,6004,6003,6006,6004,6005,6004,6005.5,6003.5,6004.5,6003.5
2025-07-18 04:45:00,14500,6003,5998,6003,5998,6004,6000,6004,6000,6003.5,5999.0,6003.5,5999.0
2025-07-18 04:50:00,3400,6000,5998,5998,6000,6001,6000,6000,6001,6000.5,5999.0,5999.0,6000.5
2025-07-18 04:55:00,6100,6000,5998,6000,5999,6001,5999,6001,6000,6000.5,5998.5,6000.5,5999.5
2025-07-18 05:00:00,6600,6000,5998,5999,5999,6001,5999,6000,6000,6000.5,5998.5,5999.5,5999.5
2025-07-18 05:05:00,12400,6001,5999,5999,6000,6002,6000,6000,6001,6001.5,5999.5,5999.5,6000.5
2025-07-18 05:10:00,6400,6000,5998,6000,5998,6001,5999,6001,5999,6000.5,5998.5,6000.5,5998.5
2025-07-18 05:15:00,11700,6000,5998,5998,5999,6001,5999,5999,6001,6000.5,5998.5,5998.5,6000.0
2025-07-18 05:20:00,6600,6002,5998,5999,6002,6003,6000,6001,6003,6002.5,5999.0,6000.0,6002.5
2025-07-18 05:25:00,13900,6003,6000,6002,6003,6004,6001,6003,6004,6003.5,6000.5,6002.5,6003.5
2025-07-18 05:30:00,11800,6009,6003,6003,6007,6010,6004,6004,6008,6009.5,6003.5,6003.5,6007.5
2025-07-18 05:35:00,6900,6007,6005,6007,6005,6008,6006,6008,6006,6007.5,6005.5,6007.5,6005.5
2025-07-18 05:40:00,11400,6006,6005,6005,6005,6007,6006,6006,6006,6006.5,6005.5,6005.5,6005.5
2025-07-18 05:45:00,10500,6007,6004,6005,6006,6008,6005,6006,6007,6007.5,6004.5,6005.5,6006.5
2025-07-18 05:50:00,9000,6006,6005,6006,6005,6007,6006,6007,6006,6006.5,6005.5,6006.5,6005.5
2025-07-18 05:55:00,8700,6005,6003,6005,6003,6007,6004,6006,6004,6006.0,6003.5,6005.5,6003.5
2025-07-18 06:00:00,16900,6004,5997,6003,5998,6005,5998,6004,5999,6004.5,5997.5,6003.5,5998.5
2025-07-18 06:05:00,12500,6000,5997,5998,5999,6001,5998,5999,6000,6000.5,5997.5,5998.5,5999.5
2025-07-18 06:10:00,12100,6000,5997,5999,5997,6001,5998,6000,5999,6000.5,5997.5,5999.5,5998.0
2025-07-18 06:15:00,17400,5998,5995,5997,5996,5999,5996,5999,5997,5998.5,5995.5,5998.0,5996.5
2025-07-18 06:20:00,19800,5999,5995,5996,5997,6000,5996,5997,5998,5999.5,5995.5,5996.5,5997.5
2025-07-18 06:25:00,,5993,5970,5979,5992,5994,5971,5980,5993,5993.5,5970.5,5979.5,5992.5
2025-07-18 06:30:00,350100,5992,5992,5992,5992,5994,5994,5994,5994,5993.0,5993.0,5993.0,5993.0
2025-07-22 00:00:00,233600,6041,6000,6011,6012,6045,6002,6012,6014,6043.0,6001.5,6011.5,6013.0
2025-07-22 00:05:00,29800,6028,6008,6012,6025,6029,6009,6014,6027,6028.5,6008.5,6013.0,6026.0
2025-07-22 00:10:00,25500,6028,6015,6025,6021,6030,6016,6027,6022,6029.0,6015.5,6026.0,6021.5
2025-07-22 00:15:00,22200,6030,6021,6021,6026,6032,6022,6022,6028,6031.0,6021.5,6021.5,6027.0
2025-07-22 00:20:00,14200,6028,6020,6026,6027,6029,6021,6028,6028,6028.5,6020.5,6027.0,6027.5
2025-07-22 00:25:00,13400,6028,6015,6027,6015,6029,6016,6028,6017,6028.5,6015.5,6027.5,6016.0
2025-07-22 00:30:00,13800,6021,6015,6015,6018,6022,6016,6017,6019,6021.5,6015.5,6016.0,6018.5
2025-07-22 00:35:00,20200,6023,6014,6018,6015,6024,6015,6019,6017,6023.5,6014.5,6018.5,6016.0
2025-07-22 00:40:00,20500,6016,6003,6015,6007,6017,6005,6017,6008,6016.5,6004.0,6016.0,6007.5
2025-07-22 00:45:00,14900,6013,6002,6007,6003,6015,6004,6008,6004,6014.0,6003.0,6007.5,6003.5
2025-07-22 00:50:00,13300,6008,6000,6003,6007,6009,6001,6004,6008,6008.5,6000.5,6003.5,6007.5
2025-07-22 00:55:00,10600,6010,6006,6007,6009,6011,6008,6008,6010,6010.5,6007.0,6007.5,6009.5
2025-07-22 01:00:00,14500,6009,6002,6009,6006,6010,6003,6010,6007,6009.5,6002.5,6009.5,6006.5
2025-07-22 01:05:00,14000,6016,6006,6006,6016,6018,6007,6007,6018,6017.0,6006.5,6006.5,6017.0
2025-07-22 01:10:00,7000,6017,6014,6016,6017,6018,6015,6018,6018,6017.5,6014.5,6017.0,6017.5
2025-07-22 01:15:00,9300,6017,6013,6017,6014,6018,6015,6018,6015,6017.5,6014.0,6017.5,6014.5
2025-07-22 01:20:00,19900,6019,6013,6014,6016,6020,6015,6015,6017,6019.5,6014.0,6014.5,6016.5
2025-07-22 01:25:00,7000,6016,6014,6016,6014,6018,6015,6017,6015,6017.0,6014.5,6016.5,6014.5
2025-07-22 01:30:00,12800,6015,6009,6014,6010,6016,6010,6015,6011,6015.5,6009.5,6014.5,6010.5
2025-07-22 01:35:00,7800,6012,6008,6010,6011,6013,6009,6011,6013,6012.5,6008.5,6010.5,6012.0
2025-07-22 01:40:00,10400,6012,6007,6011,6009,6013,6008,6013,6010,6012.5,6007.5,6012.0,6009.5
2025-07-22 01:45:00,10400,6012,6008,6009,6011,6014,6009,6010,6012,6013.0,6008.5,6009.5,6011.5
2025-07-22 01:50:00,9500,6012,6008,6011,6009,6013,6009,6012,6011,6012.5,6008.5,6011.5,6010.0
2025-07-22 01:55:00,10500,6012,6009,6009,6010,6013,6010,6011,6011,6012.5,6009.5,6010.0,6010.5
2025-07-22 02:00:00,42600,6011,5999,6010,6002,6012,6000,6011,6004,6011.5,5999.5,6010.5,6003.0
2025-07-22 02:05:00,5900,6003,5999,6002,6002,6005,6000,6003,6003,6003.5,5999.5,6002.5,6002.5
2025-07-22 02:10:00,8400,6002,5995,6002,5995,6003,5996,6003,5996,6002.5,5995.5,6002.5,5995.5
2025-07-22 02:15:00,10200,5996,5995,5995,5996,5997,5996,5996,5997,5996.5,5995.5,5995.5,5996.5
2025-07-22 02:20:00,11300,5998,5994,5996,5998,5999,5995,5997,5999,5998.5,5994.5,5996.5,5998.5
2025-07-22 02:25:00,16600,5998,5993,5998,5995,5999,5994,5999,5996,5998.5,5993.5,5998.5,5995.5
2025-07-22 02:30:00,2100,5995,5995,5995,5995,5996,5996,5996,5996,5995.5,5995.5,5995.5,5995.5
2025-07-22 03:30:00,74300,5998,5981,5993,5996,6000,5982,5994,5998,5999.0,5981.5,5993.5,5997.0
2025-07-22 03:35:00,22600,6000,5993,5996,5999,6001,5994,5998,6000,6000.5,5993.5,5997.0,5999.5
2025-07-22 03:40:00,11000,6000,5998,5999,5998,6001,5999,6000,5999,6000.5,5998.5,5999.5,5998.5
2025-07-22 03:45:00,15000,5999,5995,5998,5999,6000,5997,5999,6000,5999.5,5996.0,5998.5,5999.5
2025-07-22 03:50:00,14800,6004,5998,5999,6002,6005,5999,6000,6003,6004.5,5998.5,5999.5,6002.5
2025-07-22 03:55:00,9900,6004,6001,6002,6004,6005,6002,6003,6005,6004.5,6001.5,6002.5,6004.5
2025-07-22 04:00:00,13100,6005,6002,6004,6002,6006,6003,6005,6003,6005.5,6002.5,6004.5,6002.5
2025-07-22 04:05:00,9800,6002,5995,6002,5995,6003,5996,6003,5997,6002.5,5995.5,6002.5,5996.0
2025-07-22 04:10:00,11200,5996,5990,5995,5992,5997,5991,5997,5993,5996.5,5990.5,5996.0,5992.5
2025-07-22 04:15:00,12400,5995,5992,5992,5994,5996,5993,5993,5996,5995.5,5992.5,5992.5,5995.0
2025-07-22 04:20:00,8000,5995,5992,5994,5992,5996,5993,5996,5993,5995.5,5992.5,5995.0,5992.5
2025-07-22 04:25:00,11000,5996,5992,5992,5993,5997,5993,5993,5995,5996.5,5992.5,5992.5,5994.0
2025-07-22 04:30:00,9900,5995,5991,5993,5992,5996,5992,5995,5993,5995.5,5991.5,5994.0,5992.5
2025-07-22 04:35:00,6400,5996,5992,5992,5996,5998,5993,5993,5997,5997.0,5992.5,5992.5,5996.5
2025-07-22 04:40:00,11800,5996,5993,5996,5994,5997,5994,5997,5995,5996.5,5993.5,5996.5,5994.5
2025-07-22 04:45:00,7500,5996,5993,5994,5996,5998,5994,5995,5997,5997.0,5993.5,5994.5,5996.5
2025-07-22 04:50:00,6000,5996,5995,5996,5995,5997,5996,5997,5996,5996.5,5995.5,5996.5,5995.5
2025-07-22 04:55:00,12400,5998,5995,5995,5997,5999,5996,5996,5998,5998.5,5995.5,5995.5,5997.5
2025-07-22 05:00:00,9600,5999,5996,5997,5999,6000,5997,5998,6000,5999.5,5996.5,5997.5,5999.5
2025-07-22 05:05:00,9200,6001,5998,5999,6001,6002,5999,6000,6002,6001.5,5998.5,5999.5,6001.5
2025-07-22 05:10:00,10000,6003,5998,6001,5999,6004,6000,6002,6000,6003.5,5999.0,6001.5,5999.5
2025-07-22 05:15:00,7100,6003,5999,5999,6003,6004,6000,6000,6004,6003.5,5999.5,5999.5,6003.5
2025-07-22 05:20:00,9600,6005,6003,6003,6003,6006,6004,6004,6004,6005.5,6003.5,6003.5,6003.5
2025-07-22 05:25:00,5700,6003,6002,6003,6003,6004,6003,6004,6004,6003.5,6002.5,6003.5,6003.5
2025-07-22 05:30:00,8500,6004,6002,6003,6003,6005,6003,6004,6004,6004.5,6002.5,6003.5,6003.5
2025-07-22 05:35:00,7300,6005,6003,6003,6003,6006,6004,6004,6004,6005.5,6003.5,6003.5,6003.5
2025-07-22 05:40:00,8200,6006,6003,6003,6004,6007,6004,6004,6005,6006.5,6003.5,6003.5,6004.5
2025-07-22 05:45:00,7600,6005,6003,6004,6003,6006,6004,6005,6004,6005.5,6003.5,6004.5,6003.5
2025-07-22 05:50:00,6300,6004,6003,6003,6003,6005,6004,6004,6004,6004.5,6003.5,6003.5,6003.5
2025-07-22 05:55:00,12700,6003,6001,6003,6003,6004,6002,6004,6004,6003.5,6001.5,6003.5,6003.5
2025-07-22 06:00:00,17500,6004,6000,6003,6002,6005,6001,6004,6003,6004.5,6000.5,6003.5,6002.5
2025-07-22 06:05:00,10100,6005,6002,6002,6005,6006,6003,6003,6006,6005.5,6002.5,6002.5,6005.5
2025-07-22 06:10:00,6300,6006,6005,6005,6006,6007,6006,6006,6007,6006.5,6005.5,6005.5,6006.5
2025-07-22 06:15:00,18400,6009,6006,6006,6008,6010,6007,6007,6009,6009.5,6006.5,6006.5,6008.5
2025-07-22 06:20:00,17400,6009,6007,6008,6007,6010,6008,6009,6009,6009.5,6007.5,6008.5,6008.0
2025-07-22 06:25:00,,6076,6007,6036,6016,6077,6008,6037,6017,6076.5,6007.5,6036.5,6016.5
2025-07-22 06:30:00,341200,6010,6010,6010,6010,6018,6018,6018,6018,6014.0,6014.0,6014.0,6014.0
2025-07-23 00:00:00,315900,6076,6038,6065,6047,6079,6042,6066,6049,6077.5,6040.0,6065.5,6048.0
2025-07-23 00:05:00,90700,6061,6037,6047,6056,6062,6039,6049,6058,6061.5,6038.0,6048.0,6057.0
2025-07-23 00:10:00,121000,6087,6054,6055,6079,6089,6055,6058,6081,6088.0,6054.5,6056.5,6080.0
2025-07-23 00:15:00,127800,6114,6079,6079,6101,6117,6080,6081,6103,6115.5,6079.5,6080.0,6102.0
2025-07-23 00:20:00,44400,6108,6093,6101,6097,6110,6095,6103,6099,6109.0,6094.0,6102.0,6098.0
2025-07-23 00:25:00,43300,6099,6090,6097,6094,6100,6091,6099,6096,6099.5,6090.5,6098.0,6095.0
2025-07-23 00:30:00,60400,6110,6094,6094,6108,6112,6096,6096,6110,6111.0,6095.0,6095.0,6109.0
2025-07-23 00:35:00,80000,6120,6108,6108,6108,6122,6109,6110,6110,6121.0,6108.5,6109.0,6109.0
2025-07-23 00:40:00,21600,6120,6107,6108,6118,6122,6108,6110,6119,6121.0,6107.5,6109.0,6118.5
2025-07-23 00:45:00,52700,6124,6114,6118,6122,6125,6115,6119,6124,6124.5,6114.5,6118.5,6123.0
2025-07-23 00:50:00,66500,6132,6121,6122,6132,6134,6122,6124,6134,6133.0,6121.5,6123.0,6133.0
2025-07-23 00:55:00,51000,6141,6129,6132,6135,6143,6131,6134,6136,6142.0,6130.5,6133.0,6135.5
2025-07-23 01:00:00,47600,6137,6130,6135,6133,6139,6131,6136,6135,6138.0,6130.5,6135.5,6134.0
2025-07-23 01:05:00,50400,6135,6121,6133,6125,6136,6122,6135,6127,6135.5,6121.5,6134.0,6126.0
2025-07-23 01:10:00,36500,6131,6120,6125,6122,6132,6121,6127,6123,6131.5,6120.5,6126.0,6122.5
2025-07-23 01:15:00,49000,6123,6094,6122,6097,6124,6096,6123,6099,6123.5,6095.0,6122.5,6098.0
2025-07-23 01:20:00,41300,6100,6093,6097,6097,6101,6094,6099,6098,6100.5,6093.5,6098.0,6097.5
2025-07-23 01:25:00,37500,6105,6095,6097,6095,6106,6096,6098,6096,6105.5,6095.5,6097.5,6095.5
2025-07-23 01:30:00,30800,6100,6091,6095,6092,6101,6092,6096,6093,6100.5,6091.5,6095.5,6092.5
2025-07-23 01:35:00,34500,6092,6082,6092,6089,6093,6084,6093,6090,6092.5,6083.0,6092.5,6089.5
2025-07-23 01:40:00,29400,6091,6084,6089,6086,6092,6085,6090,6087,6091.5,6084.5,6089.5,6086.5
2025-07-23 01:45:00,49400,6087,6073,6086,6076,6088,6074,6087,6078,6087.5,6073.5,6086.5,6077.0
2025-07-23 01:50:00,36300,6079,6073,6076,6079,6081,6075,6078,6080,6080.0,6074.0,6077.0,6079.5
2025-07-23 01:55:00,39600,6080,6071,6079,6071,6081,6072,6080,6073,6080.5,6071.5,6079.5,6072.0
2025-07-23 02:00:00,37600,6079,6071,6071,6073,6080,6072,6073,6075,6079.5,6071.5,6072.0,6074.0
2025-07-23 02:05:00,32500,6081,6073,6073,6078,6082,6075,6075,6079,6081.5,6074.0,6074.0,6078.5
2025-07-23 02:10:00,32700,6082,6074,6078,6075,6083,6076,6079,6077,6082.5,6075.0,6078.5,6076.0
2025-07-23 02:15:00,47600,6083,6071,6075,6083,6085,6072,6077,6085,6084.0,6071.5,6076.0,6084.0
2025-07-23 02:20:00,50900,6097,6083,6083,6095,6098,6085,6085,6097,6097.5,6084.0,6084.0,6096.0
2025-07-23 02:25:00,49000,6099,6089,6095,6089,6100,6093,6097,6094,6099.5,6091.0,6096.0,6091.5
2025-07-23 02:30:00,4500,6088,6088,6088,6088,6094,6094,6094,6094,6091.0,6091.0,6091.0,6091.0
2025-07-23 03:30:00,157100,6112,6090,6094,6102,6113,6091,6095,6103,6112.5,6090.5,6094.5,6102.5
2025-07-23 03:35:00,30900,6107,6098,6102,6102,6109,6099,6103,6103,6108.0,6098.5,6102.5,6102.5
2025-07-23 03:40:00,40500,6103,6096,6102,6102,6104,6097,6103,6103,6103.5,6096.5,6102.5,6102.5
2025-07-23 03:45:00,36400,6109,6099,6102,6103,6112,6100,6103,6105,6110.5,6099.5,6102.5,6104.0
2025-07-23 03:50:00,32900,6109,6101,6103,6102,6110,6102,6105,6104,6109.5,6101.5,6104.0,6103.0
2025-07-23 03:55:00,29900,6103,6094,6102,6095,6104,6095,6104,6097,6103.5,6094.5,6103.0,6096.0
2025-07-23 04:00:00,40000,6106,6095,6095,6099,6107,6096,6097,6101,6106.5,6095.5,6096.0,6100.0
2025-07-23 04:05:00,23400,6101,6090,6099,6091,6102,6091,6101,6092,6101.5,6090.5,6100.0,6091.5
2025-07-23 04:10:00,22900,6093,6086,6091,6089,6094,6087,6092,6090,6093.5,6086.5,6091.5,6089.5
2025-07-23 04:15:00,24000,6096,6089,6089,6093,6097,6090,6090,6094,6096.5,6089.5,6089.5,6093.5
2025-07-23 04:20:00,16100,6096,6092,6093,6093,6097,6093,6094,6094,6096.5,6092.5,6093.5,6093.5
2025-07-23 04:25:00,12700,6095,6091,6093,6091,6096,6092,6094,6093,6095.5,6091.5,6093.5,6092.0
2025-07-23 04:30:00,21000,6095,6089,6091,6090,6096,6091,6093,6091,6095.5,6090.0,6092.0,6090.5
2025-07-23 04:35:00,12800,6090,6086,6090,6088,6091,6087,6091,6089,6090.5,6086.5,6090.5,6088.5
2025-07-23 04:40:00,14100,6092,6088,6088,6092,6094,6089,6089,6093,6093.0,6088.5,6088.5,6092.5
2025-07-23 04:45:00,27600,6094,6090,6092,6093,6095,6091,6093,6095,6094.5,6090.5,6092.5,6094.0
2025-07-23 04:50:00,35000,6100,6093,6093,6097,6102,6095,6095,6098,6101.0,6094.0,6094.0,6097.5
2025-07-23 04:55:00,21400,6099,6094,6097,6094,6100,6095,6098,6095,6099.5,6094.5,6097.5,6094.5
2025-07-23 05:00:00,34600,6103,6093,6094,6099,6104,6095,6095,6100,6103.5,6094.0,6094.5,6099.5
2025-07-23 05:05:00,16300,6099,6096,6099,6099,6100,6097,6100,6100,6099.5,6096.5,6099.5,6099.5
2025-07-23 05:10:00,39300,6104,6093,6099,6097,6105,6094,6100,6098,6104.5,6093.5,6099.5,6097.5
2025-07-23 05:15:00,15400,6099,6097,6097,6099,6100,6098,6098,6100,6099.5,6097.5,6097.5,6099.5
2025-07-23 05:20:00,53800,6111,6099,6099,6111,6112,6100,6100,6112,6111.5,6099.5,6099.5,6111.5
2025-07-23 05:25:00,69300,6121,6107,6111,6111,6122,6109,6112,6112,6121.5,6108.0,6111.5,6111.5
2025-07-23 05:30:00,34200,6113,6106,6111,6110,6114,6108,6112,6111,6113.5,6107.0,6111.5,6110.5
2025-07-23 05:35:00,48100,6113,6108,6110,6108,6114,6109,6111,6109,6113.5,6108.5,6110.5,6108.5
2025-07-23 05:40:00,54600,6109,6100,6108,6101,6110,6101,6109,6103,6109.5,6100.5,6108.5,6102.0
2025-07-23 05:45:00,47600,6105,6100,6101,6103,6107,6101,6103,6104,6106.0,6100.5,6102.0,6103.5
2025-07-23 05:50:00,46800,6104,6099,6103,6103,6105,6101,6104,6105,6104.5,6100.0,6103.5,6104.0
2025-07-23 05:55:00,41200,6104,6093,6103,6094,6105,6095,6105,6096,6104.5,6094.0,6104.0,6095.0
2025-07-23 06:00:00,42600,6096,6088,6094,6089,6097,6089,6096,6090,6096.5,6088.5,6095.0,6089.5
2025-07-23 06:05:00,53700,6094,6087,6089,6090,6095,6088,6090,6091,6094.5,6087.5,6089.5,6090.5
2025-07-23 06:10:00,44000,6090,6082,6090,6086,6091,6083,6091,6087,6090.5,6082.5,6090.5,6086.5
2025-07-23 06:15:00,63700,6107,6086,6086,6107,6108,6087,6087,6108,6107.5,6086.5,6086.5,6107.5
2025-07-23 06:20:00,63000,6108,6100,6107,6101,6109,6102,6108,6103,6108.5,6101.0,6107.5,6102.0
2025-07-23 06:25:00,,6097,5900,6067,6097,6098,5901,6068,6098,6097.5,5900.5,6067.5,6097.5
2025-07-23 06:30:00,903700,6096,6096,6096,6096,6100,6100,6100,6100,6098.0,6098.0,6098.0,6098.0
2025-07-24 00:00:00,456100,6328,6197,6220,6326,6329,6197,6221,6328,6328.5,6197.0,6220.5,6327.0
2025-07-24 00:05:00,146300,6328,6290,6326,6295,6330,6292,6328,6297,6329.0,6291.0,6327.0,6296.0
2025-07-24 00:10:00,136600,6336,6291,6295,6333,6337,6293,6297,6335,6336.5,6292.0,6296.0,6334.0
2025-07-24 00:15:00,197900,6361,6328,6333,6344,6362,6330,6335,6345,6361.5,6329.5,6334.0,6344.5
2025-07-24 00:20:00,80300,6345,6314,6344,6328,6346,6316,6345,6329,6345.5,6315.0,6344.5,6328.5
2025-07-24 00:25:00,84700,6341,6325,6328,6331,6342,6327,6329,6333,6341.5,6326.0,6328.5,6332.0
2025-07-24 00:30:00,65900,6339,6311,6331,6311,6341,6312,6333,6313,6340.0,6311.5,6332.0,6312.0
2025-07-24 00:35:00,105800,6330,6298,6311,6326,6332,6300,6313,6327,6331.0,6299.5,6312.0,6326.5
2025-07-24 00:40:00,50800,6328,6316,6326,6326,6330,6318,6327,6327,6329.0,6317.0,6326.5,6326.5
2025-07-24 00:45:00,77700,6333,6324,6326,6325,6334,6325,6327,6327,6333.5,6324.5,6326.5,6326.0
2025-07-24 00:50:00,52900,6325,6301,6325,6304,6327,6304,6327,6306,6326.0,6303.0,6326.0,6305.0
2025-07-24 00:55:00,43200,6319,6303,6304,6309,6320,6304,6306,6311,6319.5,6303.5,6305.0,6310.0
2025-07-24 01:00:00,25200,6313,6306,6309,6313,6314,6308,6311,6314,6313.5,6307.0,6310.0,6313.5
2025-07-24 01:05:00,35900,6321,6312,6313,6313,6322,6314,6314,6315,6321.5,6313.0,6313.5,6314.0
2025-07-24 01:10:00,22400,6316,6310,6313,6316,6317,6312,6315,6317,6316.5,6311.0,6314.0,6316.5
2025-07-24 01:15:00,36100,6322,6315,6316,6322,6323,6317,6317,6323,6322.5,6316.0,6316.5,6322.5
2025-07-24 01:20:00,23100,6323,6316,6322,6319,6324,6317,6323,6321,6323.5,6316.5,6322.5,6320.0
2025-07-24 01:25:00,22600,6320,6311,6319,6311,6321,6312,6320,6312,6320.5,6311.5,6319.5,6311.5
2025-07-24 01:30:00,30600,6319,6310,6311,6317,6320,6311,6312,6318,6319.5,6310.5,6311.5,6317.5
2025-07-24 01:35:00,21300,6321,6315,6317,6316,6322,6316,6318,6317,6321.5,6315.5,6317.5,6316.5
2025-07-24 01:40:00,21100,6319,6312,6316,6319,6320,6313,6317,6320,6319.5,6312.5,6316.5,6319.5
2025-07-24 01:45:00,34100,6323,6314,6319,6322,6324,6316,6320,6323,6323.5,6315.0,6319.5,6322.5
2025-07-24 01:50:00,27800,6327,6321,6322,6326,6328,6322,6324,6328,6327.5,6321.5,6323.0,6327.0
2025-07-24 01:55:00,21000,6328,6322,6326,6325,6329,6323,6328,6326,6328.5,6322.5,6327.0,6325.5
2025-07-24 02:00:00,35000,6334,6322,6325,6334,6335,6323,6326,6335,6334.5,6322.5,6325.5,6334.5
2025-07-24 02:05:00,31900,6340,6334,6334,6337,6341,6335,6335,6338,6340.5,6334.5,6334.5,6337.5
2025-07-24 02:10:00,15400,6338,6333,6337,6333,6339,6334,6338,6335,6338.5,6333.5,6337.5,6334.0
2025-07-24 02:15:00,22700,6339,6330,6333,6338,6340,6331,6335,6340,6339.5,6330.5,6334.0,6339.0
2025-07-24 02:20:00,102700,6350,6338,6338,6343,6352,6340,6340,6344,6351.0,6339.0,6339.0,6343.5
2025-07-24 02:25:00,14800,6347,6343,6343,6343,6349,6344,6344,6346,6348.0,6343.5,6343.5,6344.5
2025-07-24 02:30:00,4700,6342,6342,6342,6342,6346,6346,6346,6346,6344.0,6344.0,6344.0,6344.0
2025-07-24 03:30:00,92600,6338,6321,6335,6337,6340,6323,6336,6339,6338.5,6322.0,6335.5,6338.0
2025-07-24 03:35:00,42100,6346,6334,6337,6342,6347,6336,6339,6343,6346.5,6335.5,6338.0,6342.5
2025-07-24 03:40:00,25800,6346,6330,6342,6331,6347,6331,6343,6332,6346.5,6330.5,6342.5,6331.5
2025-07-24 03:45:00,36400,6332,6316,6331,6321,6333,6318,6332,6323,6332.5,6317.0,6331.5,6322.0
2025-07-24 03:50:00,24900,6328,6320,6321,6328,6330,6321,6323,6330,6329.0,6320.5,6322.0,6329.0
2025-07-24 03:55:00,30300,6332,6323,6328,6329,6333,6324,6330,6330,6332.5,6323.5,6329.0,6329.5
2025-07-24 04:00:00,23300,6333,6326,6329,6332,6334,6328,6330,6334,6333.5,6327.0,6329.5,6333.0
2025-07-24 04:05:00,23100,6336,6329,6332,6335,6337,6331,6334,6336,6336.5,6330.0,6333.0,6335.5
2025-07-24 04:10:00,14300,6337,6334,6335,6334,6338,6335,6336,6335,6337.5,6334.5,6335.5,6334.5
2025-07-24 04:15:00,28400,6342,6334,6334,6337,6343,6335,6335,6338,6342.5,6334.5,6334.5,6337.5
2025-07-24 04:20:00,15100,6338,6332,6337,6332,6339,6333,6338,6333,6338.5,6332.5,6337.5,6332.5
2025-07-24 04:25:00,14900,6337,6332,6332,6335,6338,6333,6333,6336,6337.5,6332.5,6332.5,6335.5
2025-07-24 04:30:00,17100,6336,6331,6335,6336,6337,6332,6336,6337,6336.5,6331.5,6335.5,6336.5
2025-07-24 04:35:00,17200,6338,6335,6336,6335,6339,6336,6337,6336,6338.5,6335.5,6336.5,6335.5
2025-07-24 04:40:00,19600,6335,6327,6335,6335,6336,6328,6336,6336,6335.5,6327.5,6335.5,6335.5
2025-07-24 04:45:00,57100,6348,6335,6335,6346,6350,6336,6336,6347,6349.0,6335.5,6335.5,6346.5
2025-07-24 04:50:00,21700,6346,6341,6346,6341,6347,6342,6347,6343,6346.5,6341.5,6346.5,6342.0
2025-07-24 04:55:00,71600,6356,6341,6341,6350,6357,6343,6343,6351,6356.5,6342.0,6342.0,6350.5
2025-07-24 05:00:00,31900,6354,6349,6350,6353,6355,6350,6351,6355,6354.5,6349.5,6350.5,6354.0
2025-07-24 05:05:00,31900,6357,6344,6353,6345,6358,6345,6354,6346,6357.5,6344.5,6353.5,6345.5
2025-07-24 05:10:00,13500,6347,6344,6345,6345,6348,6345,6346,6346,6347.5,6344.5,6345.5,6345.5
2025-07-24 05:15:00,19000,6346,6342,6345,6344,6347,6343,6346,6345,6346.5,6342.5,6345.5,6344.5
2025-07-24 05:20:00,13500,6344,6342,6344,6342,6345,6343,6345,6343,6344.5,6342.5,6344.5,6342.5
2025-07-24 05:25:00,22200,6344,6341,6342,6342,6345,6342,6343,6343,6344.5,6341.5,6342.5,6342.5
2025-07-24 05:30:00,22500,6342,6339,6342,6339,6343,6340,6343,6340,6342.5,6339.5,6342.5,6339.5
2025-07-24 05:35:00,25900,6345,6339,6339,6345,6346,6340,6340,6346,6345.5,6339.5,6339.5,6345.5
2025-07-24 05:40:00,33000,6348,6343,6345,6345,6349,6345,6346,6346,6348.5,6344.0,6345.5,6345.5
2025-07-24 05:45:00,43200,6349,6343,6345,6345,6350,6345,6346,6346,6349.5,6344.5,6345.5,6345.5
2025-07-24 05:50:00,30600,6347,6341,6345,6347,6349,6343,6346,6348,6348.0,6342.0,6345.5,6347.5
2025-07-24 05:55:00,35600,6349,6346,6347,6347,6350,6347,6348,6348,6349.5,6346.5,6347.5,6347.5
2025-07-24 06:00:00,47600,6353,6346,6347,6353,6354,6347,6348,6354,6353.5,6346.5,6347.5,6353.5
2025-07-24 06:05:00,33400,6354,6351,6353,6351,6355,6352,6354,6352,6354.5,6351.5,6353.5,6351.5
2025-07-24 06:10:00,32600,6351,6347,6351,6347,6352,6348,6352,6348,6351.5,6347.5,6351.5,6347.5
2025-07-24 06:15:00,72400,6358,6347,6347,6351,6359,6348,6348,6352,6358.5,6347.5,6347.5,6351.5
2025-07-24 06:20:00,54900,6351,6340,6351,6340,6352,6341,6352,6342,6351.5,6340.5,6351.5,6341.0
2025-07-24 06:25:00,,6352,6215,6324,6340,6353,6216,6325,6341,6352.5,6215.5,6324.5,6340.5
2025-07-24 06:30:00,678100,6338,6338,6338,6338,6341,6341,6341,6341,6339.5,6339.5,6339.5,6339.5
2025-07-25 00:00:00,256600,6271,6225,6252,6227,6286,6226,6253,6229,6276.0,6225.5,6252.5,6228.0
2025-07-25 00:05:00,95400,6229,6208,6227,6209,6231,6210,6229,6211,6230.0,6209.0,6228.0,6210.0
2025-07-25 00:10:00,58600,6217,6197,6208,6197,6218,6199,6211,6199,6217.5,6198.0,6209.5,6198.0
2025-07-25 00:15:00,65800,6223,6196,6197,6218,6224,6197,6199,6220,6223.5,6196.5,6198.0,6219.0
2025-07-25 00:20:00,27600,6221,6204,6218,6205,6222,6206,6220,6206,6221.5,6205.0,6219.0,6205.5
2025-07-25 00:25:00,56700,6216,6201,6205,6214,6218,6202,6206,6216,6217.0,6201.5,6205.5,6215.0
2025-07-25 00:30:00,26500,6219,6214,6214,6216,6220,6215,6216,6217,6219.5,6214.5,6215.0,6216.5
2025-07-25 00:35:00,22000,6217,6210,6216,6214,6219,6211,6217,6216,6218.0,6210.5,6216.5,6215.0
2025-07-25 00:40:00,39400,6228,6208,6214,6224,6230,6209,6216,6226,6229.0,6208.5,6215.0,6225.0
2025-07-25 00:45:00,24400,6233,6223,6224,6227,6234,6225,6226,6228,6233.5,6224.0,6225.0,6227.5
2025-07-25 00:50:00,19400,6229,6222,6227,6228,6230,6224,6228,6229,6229.5,6223.0,6227.5,6228.5
2025-07-25 00:55:00,24100,6241,6228,6228,6239,6242,6229,6229,6241,6241.5,6228.5,6228.5,6240.0
2025-07-25 01:00:00,29100,6242,6235,6239,6237,6243,6236,6241,6239,6242.5,6235.5,6240.0,6238.0
2025-07-25 01:05:00,22200,6244,6236,6237,6243,6245,6237,6239,6244,6244.5,6236.5,6238.0,6243.5
2025-07-25 01:10:00,24500,6247,6241,6243,6242,6248,6242,6244,6244,6247.5,6241.5,6243.5,6243.0
2025-07-25 01:15:00,19400,6246,6240,6242,6243,6247,6241,6244,6245,6246.5,6240.5,6243.0,6244.0
2025-07-25 01:20:00,23600,6245,6236,6243,6237,6246,6237,6244,6239,6245.5,6236.5,6243.5,6238.0
2025-07-25 01:25:00,18400,6241,6235,6237,6237,6242,6237,6239,6239,6241.5,6236.0,6238.0,6238.0
2025-07-25 01:30:00,20800,6239,6232,6237,6236,6240,6233,6239,6237,6239.5,6232.5,6238.0,6236.5
2025-07-25 01:35:00,19600,6238,6234,6236,6236,6239,6235,6237,6237,6238.5,6234.5,6236.5,6236.5
2025-07-25 01:40:00,32800,6255,6236,6236,6248,6256,6237,6237,6249,6255.5,6236.5,6236.5,6248.5
2025-07-25 01:45:00,14300,6250,6244,6248,6245,6252,6246,6249,6246,6251.0,6245.0,6248.5,6245.5
2025-07-25 01:50:00,15600,6249,6245,6245,6247,6250,6246,6246,6248,6249.5,6245.5,6245.5,6247.5
2025-07-25 01:55:00,14300,6250,6244,6247,6249,6251,6245,6248,6251,6250.5,6244.5,6247.5,6250.0
2025-07-25 02:00:00,15000,6253,6246,6249,6249,6254,6247,6251,6250,6253.5,6246.5,6250.0,6249.5
2025-07-25 02:05:00,14000,6250,6246,6249,6248,6251,6248,6250,6250,6250.5,6247.0,6249.5,6249.0
2025-07-25 02:10:00,13500,6252,6248,6248,6250,6254,6249,6250,6252,6253.0,6248.5,6249.0,6251.0
2025-07-25 02:15:00,19900,6261,6250,6250,6260,6263,6251,6252,6262,6262.0,6250.5,6251.0,6261.0
2025-07-25 02:20:00,14900,6267,6260,6260,6262,6268,6262,6262,6264,6267.5,6261.0,6261.0,6263.0
2025-07-25 02:25:00,13900,6269,6262,6262,6265,6270,6263,6264,6268,6269.5,6262.5,6263.0,6266.5
2025-07-25 02:30:00,8600,6265,6265,6265,6265,6268,6268,6268,6268,6266.5,6266.5,6266.5,6266.5
2025-07-25 03:30:00,68900,6276,6264,6265,6268,6277,6265,6266,6269,6276.5,6264.5,6265.5,6268.5
2025-07-25 03:35:00,19800,6269,6260,6268,6264,6271,6261,6269,6265,6270.0,6260.5,6268.5,6264.5
2025-07-25 03:40:00,13800,6265,6256,6264,6258,6266,6257,6265,6259,6265.5,6256.5,6264.5,6258.5
2025-07-25 03:45:00,11400,6259,6250,6258,6250,6260,6251,6259,6251,6259.5,6250.5,6258.5,6250.5
2025-07-25 03:50:00,10700,6257,6250,6250,6254,6258,6251,6251,6255,6257.5,6250.5,6250.5,6254.5
2025-07-25 03:55:00,10500,6255,6251,6254,6255,6256,6252,6255,6256,6255.5,6251.5,6254.5,6255.5
2025-07-25 04:00:00,13500,6257,6252,6255,6257,6258,6254,6256,6258,6257.5,6253.0,6255.5,6257.5
2025-07-25 04:05:00,7700,6259,6256,6257,6259,6260,6258,6258,6260,6259.5,6257.0,6257.5,6259.5
2025-07-25 04:10:00,18400,6264,6258,6259,6259,6265,6259,6260,6260,6264.5,6258.5,6259.5,6259.5
2025-07-25 04:15:00,9000,6263,6259,6259,6260,6264,6260,6260,6261,6263.5,6259.5,6259.5,6260.5
2025-07-25 04:20:00,8000,6261,6257,6260,6260,6263,6258,6261,6261,6262.0,6257.5,6260.5,6260.5
2025-07-25 04:25:00,9200,6260,6252,6260,6254,6261,6254,6261,6255,6260.5,6253.0,6260.5,6254.5
2025-07-25 04:30:00,11500,6255,6246,6254,6246,6256,6247,6255,6247,6255.5,6246.5,6254.5,6246.5
2025-07-25 04:35:00,11000,6248,6243,6246,6248,6249,6244,6247,6249,6248.5,6243.5,6246.5,6248.5
2025-07-25 04:40:00,10200,6251,6247,6248,6247,6252,6248,6249,6249,6251.5,6247.5,6248.5,6248.0
2025-07-25 04:45:00,10600,6252,6245,6247,6252,6253,6246,6249,6253,6252.5,6245.5,6248.0,6252.5
2025-07-25 04:50:00,12000,6254,6251,6252,6251,6255,6252,6253,6252,6254.5,6251.5,6252.5,6251.5
2025-07-25 04:55:00,13400,6251,6245,6251,6250,6252,6246,6252,6251,6251.5,6245.5,6251.5,6250.5
2025-07-25 05:00:00,9100,6251,6246,6250,6247,6252,6247,6251,6248,6251.5,6246.5,6250.5,6247.5
2025-07-25 05:05:00,16300,6251,6246,6247,6250,6252,6247,6248,6251,6251.5,6246.5,6247.5,6250.5
2025-07-25 05:10:00,10000,6250,6246,6250,6248,6251,6248,6251,6249,6250.5,6247.0,6250.5,6248.5
2025-07-25 05:15:00,9300,6249,6247,6248,6249,6251,6248,6249,6250,6250.0,6247.5,6248.5,6249.5
2025-07-25 05:20:00,11700,6249,6245,6249,6246,6250,6246,6250,6247,6249.5,6245.5,6249.5,6246.5
2025-07-25 05:25:00,15900,6248,6245,6246,6247,6249,6246,6247,6249,6248.5,6245.5,6246.5,6248.0
2025-07-25 05:30:00,7200,6249,6247,6247,6248,6250,6248,6249,6249,6249.5,6247.5,6248.0,6248.5
2025-07-25 05:35:00,15700,6249,6247,6248,6248,6250,6248,6249,6249,6249.5,6247.5,6248.5,6248.5
2025-07-25 05:40:00,15200,6248,6244,6248,6245,6249,6245,6249,6246,6248.5,6244.5,6248.5,6245.5
2025-07-25 05:45:00,11900,6248,6242,6245,6248,6249,6243,6246,6249,6248.5,6242.5,6245.5,6248.5
2025-07-25 05:50:00,15900,6248,6244,6248,6246,6249,6245,6249,6247,6248.5,6244.5,6248.5,6246.5
2025-07-25 05:55:00,31800,6248,6242,6246,6245,6249,6243,6247,6246,6248.5,6242.5,6246.5,6245.5
2025-07-25 06:00:00,24200,6248,6242,6245,6242,6249,6243,6246,6244,6248.5,6242.5,6245.5,6243.0
2025-07-25 06:05:00,14000,6243,6240,6242,6242,6244,6241,6244,6244,6243.5,6240.5,6243.0,6243.0
2025-07-25 06:10:00,21700,6243,6240,6242,6242,6244,6241,6244,6243,6243.5,6240.5,6243.0,6242.5
2025-07-25 06:15:00,28200,6246,6242,6242,6244,6248,6243,6243,6245,6247.0,6242.5,6242.5,6244.5
2025-07-25 06:20:00,38200,6246,6240,6244,6240,6247,6241,6245,6242,6246.5,6240.5,6244.5,6241.0
2025-07-25 06:25:00,,6305,6227,6245,6251,6306,6228,6245,6252,6305.5,6227.5,6245.0,6251.5
2025-07-25 06:30:00,585000,6241,6241,6241,6241,6254,6254,6254,6254,6247.5,6247.5,6247.5,6247.5
2025-07-28 00:00:00,147400,6253,6210,6249,6215,6256,6211,6250,6217,6254.5,6210.5,6249.5,6216.0
2025-07-28 00:05:00,47600,6222,6210,6215,6211,6224,6211,6217,6212,6223.0,6210.5,6216.0,6211.5
2025-07-28 00:10:00,38300,6226,6211,6211,6222,6228,6212,6212,6224,6227.0,6211.5,6211.5,6223.0
2025-07-28 00:15:00,44300,6241,6220,6222,6234,6242,6222,6224,6235,6241.5,6221.0,6223.0,6234.5
2025-07-28 00:20:00,23700,6236,6222,6234,6223,6237,6224,6235,6225,6236.5,6223.0,6234.5,6224.0
2025-07-28 00:25:00,14800,6227,6221,6223,6226,6228,6222,6225,6227,6227.5,6221.5,6224.0,6226.5
2025-07-28 00:30:00,21400,6226,6213,6226,6213,6227,6214,6227,6215,6226.5,6213.5,6226.5,6214.0
2025-07-28 00:35:00,17500,6221,6211,6213,6216,6223,6213,6215,6217,6222.0,6212.0,6214.0,6216.5
2025-07-28 00:40:00,13300,6220,6212,6216,6213,6221,6214,6217,6214,6220.5,6213.0,6216.5,6213.5
2025-07-28 00:45:00,22800,6213,6207,6213,6211,6214,6208,6214,6212,6213.5,6207.5,6213.5,6211.5
2025-07-28 00:50:00,16300,6213,6208,6211,6213,6214,6209,6212,6214,6213.5,6208.5,6211.5,6213.5
2025-07-28 00:55:00,14000,6216,6209,6212,6210,6217,6210,6214,6211,6216.5,6209.5,6213.0,6210.5
2025-07-28 01:00:00,16100,6215,6207,6210,6215,6216,6208,6211,6216,6215.5,6207.5,6210.5,6215.5
2025-07-28 01:05:00,11900,6221,6214,6215,6218,6222,6215,6216,6219,6221.5,6214.5,6215.5,6218.5
2025-07-28 01:10:00,14200,6218,6209,6218,6213,6219,6210,6219,6214,6218.5,6209.5,6218.5,6213.5
2025-07-28 01:15:00,15500,6217,6207,6213,6207,6219,6208,6214,6208,6218.0,6207.5,6213.5,6207.5
2025-07-28 01:20:00,20800,6209,6202,6207,6205,6210,6203,6208,6206,6209.5,6202.5,6207.5,6205.5
2025-07-28 01:25:00,9900,6205,6201,6205,6203,6206,6202,6206,6204,6205.5,6201.5,6205.5,6203.5
2025-07-28 01:30:00,17900,6207,6200,6203,6202,6208,6201,6204,6204,6207.5,6200.5,6203.5,6203.0
2025-07-28 01:35:00,10800,6207,6202,6202,6207,6209,6204,6204,6208,6208.0,6203.0,6203.0,6207.5
2025-07-28 01:40:00,9700,6208,6205,6206,6207,6209,6206,6208,6208,6208.5,6205.5,6207.0,6207.5
2025-07-28 01:45:00,10400,6209,6204,6207,6205,6210,6205,6208,6206,6209.5,6204.5,6207.5,6205.5
2025-07-28 01:50:00,8200,6208,6205,6205,6207,6209,6206,6206,6208,6208.5,6205.5,6205.5,6207.5
2025-07-28 01:55:00,12400,6207,6203,6207,6206,6208,6205,6208,6207,6207.5,6204.0,6207.5,6206.5
2025-07-28 02:00:00,14600,6211,6206,6206,6209,6212,6207,6207,6210,6211.5,6206.5,6206.5,6209.5
2025-07-28 02:05:00,11300,6211,6208,6209,6210,6212,6209,6210,6211,6211.5,6208.5,6209.5,6210.5
2025-07-28 02:10:00,12100,6210,6206,6210,6206,6211,6207,6211,6207,6210.5,6206.5,6210.5,6206.5
2025-07-28 02:15:00,14300,6210,6203,6206,6210,6211,6205,6207,6211,6210.5,6204.0,6206.5,6210.5
2025-07-28 02:20:00,8100,6215,6210,6210,6213,6216,6211,6211,6214,6215.5,6210.5,6210.5,6213.5
2025-07-28 02:25:00,11200,6222,6213,6213,6221,6223,6214,6214,6222,6222.5,6213.5,6213.5,6221.5
2025-07-28 02:30:00,3000,6221,6221,6221,6221,6223,6223,6223,6223,6222.0,6222.0,6222.0,6222.0
2025-07-28 03:30:00,67100,6237,6223,6223,6230,6238,6224,6224,6232,6237.5,6223.5,6223.5,6231.0
2025-07-28 03:35:00,15700,6234,6227,6230,6234,6235,6228,6232,6235,6234.5,6227.5,6231.0,6234.5
2025-07-28 03:40:00,16600,6238,6230,6234,6232,6239,6231,6235,6233,6238.5,6230.5,6234.5,6232.5
2025-07-28 03:45:00,10000,6233,6230,6232,6233,6234,6231,6233,6234,6233.5,6230.5,6232.5,6233.5
2025-07-28 03:50:00,12600,6234,6227,6233,6228,6235,6228,6234,6230,6234.5,6227.5,6233.5,6229.0
2025-07-28 03:55:00,6600,6229,6226,6228,6227,6230,6227,6230,6228,6229.5,6226.5,6229.0,6227.5
2025-07-28 04:00:00,17600,6229,6225,6227,6229,6230,6226,6228,6230,6229.5,6225.5,6227.5,6229.5
2025-07-28 04:05:00,17600,6234,6229,6229,6234,6235,6230,6230,6235,6234.5,6229.5,6229.5,6234.5
2025-07-28 04:10:00,9100,6236,6234,6234,6236,6237,6235,6235,6237,6236.5,6234.5,6234.5,6236.5
2025-07-28 04:15:00,12700,6239,6235,6236,6239,6240,6236,6237,6240,6239.5,6235.5,6236.5,6239.5
2025-07-28 04:20:00,11600,6241,6238,6239,6239,6242,6239,6240,6240,6241.5,6238.5,6239.5,6239.5
2025-07-28 04:25:00,20800,6243,6235,6239,6238,6244,6237,6240,6239,6243.5,6236.0,6239.5,6238.5
2025-07-28 04:30:00,5700,6240,6237,6238,6240,6241,6239,6239,6241,6240.5,6238.0,6238.5,6240.5
2025-07-28 04:35:00,14200,6241,6237,6240,6237,6242,6238,6241,6238,6241.5,6237.5,6240.5,6237.5
2025-07-28 04:40:00,10500,6240,6237,6237,6239,6241,6238,6238,6240,6240.5,6237.5,6237.5,6239.5
2025-07-28 04:45:00,9500,6239,6234,6239,6235,6241,6235,6240,6236,6240.0,6234.5,6239.5,6235.5
2025-07-28 04:50:00,14700,6236,6232,6235,6233,6237,6233,6236,6235,6236.5,6232.5,6235.5,6234.0
2025-07-28 04:55:00,9200,6236,6233,6233,6234,6237,6234,6235,6235,6236.5,6233.5,6234.0,6234.5
2025-07-28 05:00:00,6900,6236,6234,6234,6235,6237,6235,6235,6236,6236.5,6234.5,6234.5,6235.5
2025-07-28 05:05:00,11300,6239,6235,6235,6238,6240,6236,6236,6239,6239.5,6235.5,6235.5,6238.5
2025-07-28 05:10:00,15000,6238,6234,6238,6234,6239,6235,6239,6235,6238.5,6234.5,6238.5,6234.5
2025-07-28 05:15:00,4600,6236,6234,6234,6236,6237,6235,6235,6237,6236.5,6234.5,6234.5,6236.5
2025-07-28 05:20:00,16100,6239,6236,6236,6236,6240,6237,6237,6237,6239.5,6236.5,6236.5,6236.5
2025-07-28 05:25:00,8300,6236,6235,6236,6235,6237,6236,6237,6236,6236.5,6235.5,6236.5,6235.5
2025-07-28 05:30:00,12300,6236,6233,6235,6233,6237,6234,6236,6234,6236.5,6233.5,6235.5,6233.5
2025-07-28 05:35:00,7500,6235,6233,6233,6235,6236,6234,6234,6236,6235.5,6233.5,6233.5,6235.5
2025-07-28 05:40:00,25200,6237,6232,6235,6235,6238,6233,6236,6236,6237.5,6232.5,6235.5,6235.5
2025-07-28 05:45:00,19300,6238,6235,6235,6236,6239,6236,6236,6237,6238.5,6235.5,6235.5,6236.5
2025-07-28 05:50:00,16900,6236,6231,6236,6232,6237,6232,6237,6233,6236.5,6231.5,6236.5,6232.5
2025-07-28 05:55:00,16400,6237,6232,6232,6236,6238,6233,6233,6237,6237.5,6232.5,6232.5,6236.5
2025-07-28 06:00:00,20000,6240,6233,6236,6240,6241,6234,6237,6241,6240.5,6233.5,6236.5,6240.5
2025-07-28 06:05:00,23000,6244,6239,6240,6240,6245,6240,6241,6241,6244.5,6239.5,6240.5,6240.5
2025-07-28 06:10:00,29100,6244,6240,6240,6241,6245,6241,6241,6243,6244.5,6240.5,6240.5,6242.0
2025-07-28 06:15:00,17700,6247,6241,6241,6247,6248,6243,6243,6248,6247.5,6242.0,6242.0,6247.5
2025-07-28 06:20:00,36200,6247,6241,6247,6243,6248,6242,6248,6244,6247.5,6241.5,6247.5,6243.5
2025-07-28 06:25:00,,6225,6199,6202,6225,6226,6200,6203,6226,6225.5,6199.5,6202.5,6225.5
2025-07-28 06:30:00,569700,6225,6225,6225,6225,6229,6229,6229,6229,6227.0,6227.0,6227.0,6227.0
2025-07-29 00:00:00,189200,6226,6177,6188,6190,6228,6179,6189,6192,6227.0,6178.0,6188.5,6191.0
2025-07-29 00:05:00,41400,6191,6174,6190,6189,6192,6175,6192,6191,6191.5,6174.5,6191.0,6190.0
2025-07-29 00:10:00,30100,6202,6184,6189,6192,6204,6186,6191,6193,6203.0,6185.0,6190.0,6192.5
2025-07-29 00:15:00,34100,6203,6187,6192,6187,6204,6188,6193,6188,6203.5,6187.5,6192.5,6187.5
2025-07-29 00:20:00,18700,6189,6179,6187,6186,6190,6181,6188,6187,6189.5,6180.0,6187.5,6186.5
2025-07-29 00:25:00,16600,6195,6185,6186,6190,6196,6186,6187,6191,6195.5,6185.5,6186.5,6190.5
2025-07-29 00:30:00,18900,6194,6183,6190,6185,6196,6184,6191,6186,6195.0,6183.5,6190.5,6185.5
2025-07-29 00:35:00,10200,6191,6185,6185,6189,6193,6186,6186,6190,6192.0,6185.5,6185.5,6189.5
2025-07-29 00:40:00,11900,6189,6186,6189,6187,6190,6187,6190,6188,6189.5,6186.5,6189.5,6187.5
2025-07-29 00:45:00,15600,6187,6180,6187,6182,6188,6181,6188,6183,6187.5,6180.5,6187.5,6182.5
2025-07-29 00:50:00,43700,6182,6167,6182,6168,6183,6168,6183,6169,6182.5,6167.5,6182.5,6168.5
2025-07-29 00:55:00,14500,6173,6165,6168,6173,6174,6166,6169,6174,6173.5,6165.5,6168.5,6173.5
2025-07-29 01:00:00,12500,6174,6168,6173,6168,6175,6169,6174,6169,6174.5,6168.5,6173.5,6168.5
2025-07-29 01:05:00,29500,6168,6155,6168,6163,6169,6156,6169,6164,6168.5,6155.5,6168.5,6163.5
2025-07-29 01:10:00,9100,6164,6157,6163,6163,6166,6159,6164,6165,6165.0,6158.0,6163.5,6164.0
2025-07-29 01:15:00,13400,6172,6163,6163,6167,6173,6165,6165,6168,6172.5,6164.0,6164.0,6167.5
2025-07-29 01:20:00,10200,6167,6160,6167,6160,6168,6161,6168,6161,6167.5,6160.5,6167.5,6160.5
2025-07-29 01:25:00,11900,6168,6160,6160,6165,6169,6161,6161,6166,6168.5,6160.5,6160.5,6165.5
2025-07-29 01:30:00,8100,6167,6164,6165,6167,6168,6165,6167,6168,6167.5,6164.5,6166.0,6167.5
2025-07-29 01:35:00,9000,6168,6165,6167,6165,6169,6166,6168,6166,6168.5,6165.5,6167.5,6165.5
2025-07-29 01:40:00,20600,6171,6160,6165,6161,6172,6161,6166,6163,6171.5,6160.5,6165.5,6162.0
2025-07-29 01:45:00,15200,6162,6155,6161,6156,6163,6156,6163,6157,6162.5,6155.5,6162.0,6156.5
2025-07-29 01:50:00,11800,6159,6155,6156,6159,6161,6156,6157,6160,6160.0,6155.5,6156.5,6159.5
2025-07-29 01:55:00,7900,6163,6158,6159,6160,6164,6159,6160,6161,6163.5,6158.5,6159.5,6160.5
2025-07-29 02:00:00,14100,6162,6152,6160,6157,6163,6154,6161,6159,6162.5,6153.0,6160.5,6158.0
2025-07-29 02:05:00,8500,6160,6152,6157,6152,6162,6153,6159,6154,6161.0,6152.5,6158.0,6153.0
2025-07-29 02:10:00,16800,6152,6145,6152,6146,6154,6146,6154,6147,6153.0,6145.5,6153.0,6146.5
2025-07-29 02:15:00,6700,6147,6143,6146,6143,6148,6144,6147,6145,6147.5,6143.5,6146.5,6144.0
2025-07-29 02:20:00,7700,6145,6141,6143,6141,6146,6142,6145,6142,6145.5,6141.5,6144.0,6141.5
2025-07-29 02:25:00,8900,6142,6138,6141,6138,6143,6139,6142,6141,6142.5,6138.5,6141.5,6139.5
2025-07-29 02:30:00,13800,6138,6138,6138,6138,6141,6141,6141,6141,6139.5,6139.5,6139.5,6139.5
2025-07-29 03:30:00,40900,6159,6148,6149,6158,6160,6150,6150,6159,6159.5,6149.5,6149.5,6158.5
2025-07-29 03:35:00,12400,6160,6156,6158,6158,6161,6157,6159,6159,6160.5,6156.5,6158.5,6158.5
2025-07-29 03:40:00,12600,6158,6150,6158,6154,6159,6151,6159,6155,6158.5,6150.5,6158.5,6154.5
2025-07-29 03:45:00,7200,6156,6150,6154,6150,6157,6151,6155,6151,6156.5,6150.5,6154.5,6150.5
2025-07-29 03:50:00,12300,6151,6146,6150,6148,6152,6147,6151,6149,6151.5,6146.5,6150.5,6148.5
2025-07-29 03:55:00,2800,6151,6148,6148,6151,6152,6149,6149,6152,6151.5,6148.5,6148.5,6151.5
2025-07-29 04:00:00,13200,6152,6149,6151,6152,6154,6150,6152,6153,6153.0,6149.5,6151.5,6152.5
2025-07-29 04:05:00,7800,6154,6152,6152,6153,6156,6153,6153,6154,6155.0,6152.5,6152.5,6153.5
2025-07-29 04:10:00,8000,6154,6151,6153,6154,6156,6152,6154,6155,6155.0,6151.5,6153.5,6154.5
2025-07-29 04:15:00,9900,6158,6153,6154,6156,6159,6154,6155,6157,6158.5,6153.5,6154.5,6156.5
2025-07-29 04:20:00,9500,6161,6155,6156,6160,6162,6156,6157,6161,6161.5,6155.5,6156.5,6160.5
2025-07-29 04:25:00,2400,6161,6160,6160,6161,6162,6161,6161,6162,6161.5,6160.5,6160.5,6161.5
2025-07-29 04:30:00,9400,6161,6156,6161,6156,6162,6157,6162,6157,6161.5,6156.5,6161.5,6156.5
2025-07-29 04:35:00,7500,6156,6152,6156,6152,6157,6153,6157,6153,6156.5,6152.5,6156.5,6152.5
2025-07-29 04:40:00,16900,6153,6143,6152,6144,6154,6144,6153,6145,6153.5,6143.5,6152.5,6144.5
2025-07-29 04:45:00,8800,6147,6143,6144,6144,6148,6144,6145,6145,6147.5,6143.5,6144.5,6144.5
2025-07-29 04:50:00,8200,6145,6142,6144,6144,6146,6143,6145,6145,6145.5,6142.5,6144.5,6144.5
2025-07-29 04:55:00,7100,6144,6143,6144,6144,6145,6144,6145,6145,6144.5,6143.5,6144.5,6144.5
2025-07-29 05:00:00,10300,6144,6141,6144,6142,6145,6142,6145,6143,6144.5,6141.5,6144.5,6142.5
2025-07-29 05:05:00,8100,6143,6141,6142,6141,6144,6142,6143,6142,6143.5,6141.5,6142.5,6141.5
2025-07-29 05:10:00,20300,6141,6136,6141,6139,6142,6137,6142,6140,6141.5,6136.5,6141.5,6139.5
2025-07-29 05:15:00,19000,6140,6133,6139,6138,6141,6134,6140,6139,6140.5,6133.5,6139.5,6138.5
2025-07-29 05:20:00,4600,6140,6138,6138,6139,6141,6139,6139,6140,6140.5,6138.5,6138.5,6139.5
2025-07-29 05:25:00,13100,6139,6133,6139,6134,6140,6134,6140,6135,6139.5,6133.5,6139.5,6134.5
2025-07-29 05:30:00,8700,6136,6134,6134,6134,6137,6135,6135,6135,6136.5,6134.5,6134.5,6134.5
2025-07-29 05:35:00,15300,6136,6133,6134,6133,6137,6134,6135,6134,6136.5,6133.5,6134.5,6133.5
2025-07-29 05:40:00,7600,6135,6133,6133,6135,6137,6134,6134,6136,6136.0,6133.5,6133.5,6135.5
2025-07-29 05:45:00,8800,6139,6135,6135,6139,6140,6136,6136,6140,6139.5,6135.5,6135.5,6139.5
2025-07-29 05:50:00,13700,6140,6136,6139,6136,6141,6137,6140,6137,6140.5,6136.5,6139.5,6136.5
2025-07-29 05:55:00,17200,6138,6135,6136,6137,6139,6136,6137,6139,6138.5,6135.5,6136.5,6138.0
2025-07-29 06:00:00,19000,6143,6135,6137,6139,6145,6137,6139,6140,6144.0,6136.5,6138.0,6139.5
2025-07-29 06:05:00,10600,6142,6139,6139,6141,6143,6140,6140,6142,6142.5,6139.5,6139.5,6141.5
2025-07-29 06:10:00,15200,6143,6139,6141,6139,6144,6140,6142,6141,6143.5,6139.5,6141.5,6140.0
2025-07-29 06:15:00,23900,6144,6137,6139,6142,6145,6138,6141,6143,6144.5,6137.5,6140.0,6142.5
2025-07-29 06:20:00,28200,6146,6141,6142,6143,6147,6142,6143,6144,6146.5,6141.5,6142.5,6143.5
2025-07-29 06:25:00,,6154,6109,6122,6145,6155,6110,6123,6146,6154.5,6109.5,6122.5,6145.5
2025-07-29 06:30:00,421700,6144,6144,6144,6144,6147,6147,6147,6147,6145.5,6145.5,6145.5,6145.5
2025-07-30 00:00:00,144900,6127,6098,6100,6119,6130,6101,6101,6121,6128.5,6099.5,6100.5,6120.0
2025-07-30 00:05:00,26500,6126,6109,6119,6116,6129,6112,6122,6119,6127.5,6110.5,6120.5,6117.5
2025-07-30 00:10:00,25600,6124,6108,6116,6123,6126,6110,6119,6125,6125.0,6109.0,6117.5,6124.0
2025-07-30 00:15:00,23300,6132,6122,6123,6129,6133,6124,6125,6130,6132.5,6123.0,6124.0,6129.5
2025-07-30 00:20:00,18400,6132,6120,6129,6120,6133,6122,6130,6122,6132.5,6121.0,6129.5,6121.0
2025-07-30 00:25:00,8500,6131,6119,6120,6127,6132,6121,6122,6129,6131.5,6120.0,6121.0,6128.0
2025-07-30 00:30:00,22500,6130,6119,6127,6125,6131,6122,6129,6127,6130.5,6121.0,6128.0,6126.0
2025-07-30 00:35:00,8400,6130,6125,6125,6128,6132,6126,6127,6129,6131.0,6125.5,6126.0,6128.5
2025-07-30 00:40:00,11300,6129,6123,6128,6126,6131,6124,6129,6127,6130.0,6123.5,6128.5,6126.5
2025-07-30 00:45:00,8900,6127,6119,6126,6119,6128,6120,6127,6120,6127.5,6119.5,6126.5,6119.5
2025-07-30 00:50:00,9300,6128,6119,6119,6126,6130,6120,6120,6128,6129.0,6119.5,6119.5,6127.0
2025-07-30 00:55:00,11000,6127,6123,6126,6124,6128,6124,6128,6126,6127.5,6123.5,6127.0,6125.0
2025-07-30 01:00:00,4700,6129,6123,6124,6129,6130,6124,6126,6130,6129.5,6123.5,6125.0,6129.5
2025-07-30 01:05:00,12600,6135,6128,6129,6132,6137,6130,6130,6134,6136.0,6129.0,6129.5,6133.0
2025-07-30 01:10:00,5300,6135,6131,6132,6133,6137,6132,6134,6134,6136.0,6131.5,6133.0,6133.5
2025-07-30 01:15:00,4900,6133,6130,6133,6130,6134,6131,6134,6131,6133.5,6130.5,6133.5,6130.5
2025-07-30 01:20:00,8700,6130,6124,6130,6125,6131,6126,6131,6127,6130.5,6125.0,6130.5,6126.0
2025-07-30 01:25:00,4100,6125,6122,6125,6125,6127,6123,6127,6127,6126.0,6122.5,6126.0,6126.0
2025-07-30 01:30:00,7600,6128,6122,6125,6128,6130,6123,6127,6130,6129.0,6122.5,6126.0,6129.0
2025-07-30 01:35:00,9900,6131,6122,6128,6123,6132,6123,6129,6124,6131.5,6122.5,6128.5,6123.5
2025-07-30 01:40:00,8600,6129,6121,6123,6128,6130,6122,6124,6130,6129.5,6121.5,6123.5,6129.0
2025-07-30 01:45:00,12300,6131,6125,6128,6129,6132,6126,6130,6131,6131.5,6125.5,6129.0,6130.0
2025-07-30 01:50:00,5900,6130,6127,6129,6129,6131,6128,6131,6130,6130.5,6127.5,6130.0,6129.5
2025-07-30 01:55:00,8300,6130,6127,6129,6128,6131,6128,6130,6129,6130.5,6127.5,6129.5,6128.5
2025-07-30 02:00:00,9500,6136,6128,6128,6134,6137,6129,6129,6135,6136.5,6128.5,6128.5,6134.5
2025-07-30 02:05:00,14100,6145,6134,6134,6140,6146,6135,6135,6141,6145.5,6134.5,6134.5,6140.5
2025-07-30 02:10:00,7400,6141,6137,6140,6138,6142,6138,6141,6139,6141.5,6137.5,6140.5,6138.5
2025-07-30 02:15:00,11400,6139,6137,6138,6138,6140,6138,6139,6139,6139.5,6137.5,6138.5,6138.5
2025-07-30 02:20:00,3200,6142,6138,6138,6141,6143,6139,6139,6142,6142.5,6138.5,6138.5,6141.5
2025-07-30 02:25:00,10000,6143,6139,6141,6139,6144,6140,6142,6141,6143.5,6139.5,6141.5,6140.0
2025-07-30 02:30:00,1900,6139,6139,6139,6139,6141,6141,6141,6141,6140.0,6140.0,6140.0,6140.0
2025-07-30 03:30:00,37700,6141,6131,6137,6132,6143,6132,6137,6133,6141.5,6131.5,6137.0,6132.5
2025-07-30 03:35:00,19600,6136,6129,6132,6133,6137,6130,6133,6134,6136.5,6129.5,6132.5,6133.5
2025-07-30 03:40:00,8500,6134,6131,6133,6133,6135,6132,6134,6135,6134.5,6131.5,6133.5,6134.0
2025-07-30 03:45:00,10200,6138,6133,6133,6135,6139,6135,6135,6136,6138.5,6134.0,6134.0,6135.5
2025-07-30 03:50:00,7300,6137,6132,6135,6136,6138,6134,6136,6138,6137.5,6133.0,6135.5,6137.0
2025-07-30 03:55:00,13300,6137,6131,6136,6135,6138,6132,6138,6136,6137.5,6131.5,6137.0,6135.5
2025-07-30 04:00:00,5800,6140,6134,6135,6140,6141,6136,6136,6141,6140.5,6135.0,6135.5,6140.5
2025-07-30 04:05:00,7700,6144,6140,6140,6143,6145,6141,6141,6144,6144.5,6140.5,6140.5,6143.5
2025-07-30 04:10:00,9400,6144,6142,6143,6143,6145,6143,6144,6144,6144.5,6142.5,6143.5,6143.5
2025-07-30 04:15:00,15500,6144,6139,6143,6139,6145,6140,6144,6140,6144.5,6139.5,6143.5,6139.5
2025-07-30 04:20:00,9000,6139,6137,6139,6138,6140,6138,6140,6139,6139.5,6137.5,6139.5,6138.5
2025-07-30 04:25:00,7900,6140,6138,6138,6139,6141,6139,6139,6140,6140.5,6138.5,6138.5,6139.5
2025-07-30 04:30:00,6100,6141,6138,6139,6139,6142,6139,6140,6140,6141.5,6138.5,6139.5,6139.5
2025-07-30 04:35:00,2700,6139,6138,6139,6138,6140,6139,6140,6139,6139.5,6138.5,6139.5,6138.5
2025-07-30 04:40:00,10800,6139,6136,6138,6136,6140,6137,6139,6137,6139.5,6136.5,6138.5,6136.5
2025-07-30 04:45:00,6200,6137,6136,6136,6136,6138,6137,6137,6137,6137.5,6136.5,6136.5,6136.5
2025-07-30 04:50:00,13700,6138,6133,6136,6136,6139,6134,6137,6138,6138.5,6133.5,6136.5,6137.0
2025-07-30 04:55:00,3800,6138,6136,6136,6137,6139,6138,6138,6138,6138.5,6137.0,6137.0,6137.5
2025-07-30 05:00:00,10400,6139,6136,6137,6138,6140,6137,6138,6139,6139.5,6136.5,6137.5,6138.5
2025-07-30 05:05:00,5900,6138,6136,6138,6136,6140,6137,6139,6137,6139.0,6136.5,6138.5,6136.5
2025-07-30 05:10:00,13300,6136,6131,6136,6131,6137,6132,6137,6132,6136.5,6131.5,6136.5,6131.5
2025-07-30 05:15:00,3800,6133,6131,6131,6132,6134,6132,6132,6133,6133.5,6131.5,6131.5,6132.5
2025-07-30 05:20:00,4400,6134,6132,6132,6134,6135,6133,6133,6135,6134.5,6132.5,6132.5,6134.5
2025-07-30 05:25:00,10300,6134,6131,6134,6133,6135,6132,6135,6134,6134.5,6131.5,6134.5,6133.5
2025-07-30 05:30:00,11000,6140,6133,6133,6140,6141,6134,6134,6141,6140.5,6133.5,6133.5,6140.5
2025-07-30 05:35:00,30000,6143,6133,6140,6134,6144,6134,6141,6135,6143.5,6133.5,6140.5,6134.5
2025-07-30 05:40:00,8100,6141,6134,6134,6139,6142,6135,6135,6140,6141.5,6134.5,6134.5,6139.5
2025-07-30 05:45:00,9600,6140,6138,6139,6140,6141,6139,6140,6141,6140.5,6138.5,6139.5,6140.5
2025-07-30 05:50:00,10400,6140,6138,6140,6139,6141,6139,6141,6140,6140.5,6138.5,6140.5,6139.5
2025-07-30 05:55:00,14500,6140,6136,6139,6137,6141,6137,6140,6138,6140.5,6136.5,6139.5,6137.5
2025-07-30 06:00:00,24300,6149,6137,6137,6144,6150,6138,6138,6146,6149.5,6137.5,6137.5,6145.0
2025-07-30 06:05:00,15100,6145,6142,6144,6142,6146,6143,6146,6144,6145.5,6142.5,6145.0,6143.0
2025-07-30 06:10:00,17500,6143,6135,6142,6141,6144,6136,6144,6142,6143.5,6135.5,6143.0,6141.5
2025-07-30 06:15:00,17900,6143,6141,6141,6142,6144,6142,6142,6143,6143.5,6141.5,6141.5,6142.5
2025-07-30 06:20:00,18700,6145,6139,6142,6145,6147,6141,6143,6147,6146.0,6140.0,6142.5,6146.0
2025-07-30 06:25:00,,6146,6090,6098,6146,6147,6091,6099,6147,6146.5,6090.5,6098.5,6146.5
2025-07-30 06:30:00,553100,6145,6145,6145,6145,6147,6147,6147,6147,6146.0,6146.0,6146.0,6146.0
2025-07-31 00:00:00,101400,6138,6120,6120,6131,6143,6121,6121,6133,6140.5,6120.5,6120.5,6132.0
2025-07-31 00:05:00,40300,6133,6113,6131,6114,6134,6115,6133,6117,6133.5,6114.0,6132.0,6115.5
2025-07-31 00:10:00,28800,6121,6109,6114,6109,6123,6110,6117,6111,6122.0,6109.5,6115.5,6110.0
2025-07-31 00:15:00,33000,6124,6103,6109,6123,6125,6104,6111,6124,6124.5,6103.5,6110.0,6123.5
2025-07-31 00:20:00,15700,6124,6119,6123,6122,6125,6120,6124,6123,6124.5,6119.5,6123.5,6122.5
2025-07-31 00:25:00,19200,6126,6118,6122,6123,6127,6119,6123,6125,6126.5,6118.5,6122.5,6124.0
2025-07-31 00:30:00,19300,6127,6120,6124,6127,6128,6122,6125,6128,6127.5,6121.0,6124.5,6127.5
2025-07-31 00:35:00,7300,6128,6120,6127,6123,6130,6122,6128,6124,6129.0,6121.0,6127.5,6123.5
2025-07-31 00:40:00,13200,6131,6123,6123,6129,6132,6124,6124,6131,6131.5,6123.5,6123.5,6130.0
2025-07-31 00:45:00,8200,6130,6125,6129,6128,6131,6126,6131,6129,6130.5,6125.5,6130.0,6128.5
2025-07-31 00:50:00,12500,6129,6120,6128,6124,6130,6122,6129,6125,6129.5,6121.0,6128.5,6124.5
2025-07-31 00:55:00,11100,6129,6123,6124,6125,6130,6125,6125,6126,6129.5,6124.0,6124.5,6125.5
2025-07-31 01:00:00,14600,6125,6117,6125,6122,6126,6118,6126,6123,6125.5,6117.5,6125.5,6122.5
2025-07-31 01:05:00,10000,6129,6120,6122,6127,6130,6122,6123,6128,6129.5,6121.0,6122.5,6127.5
2025-07-31 01:10:00,11100,6131,6125,6127,6129,6132,6126,6128,6130,6131.5,6125.5,6127.5,6129.5
2025-07-31 01:15:00,6400,6129,6123,6129,6125,6130,6124,6130,6126,6129.5,6123.5,6129.5,6125.5
2025-07-31 01:20:00,15300,6131,6124,6125,6127,6132,6125,6126,6129,6131.5,6124.5,6125.5,6128.0
2025-07-31 01:25:00,7600,6129,6125,6127,6128,6130,6126,6129,6129,6129.5,6125.5,6128.0,6128.5
2025-07-31 01:30:00,11900,6134,6128,6128,6134,6135,6129,6129,6135,6134.5,6128.5,6128.5,6134.5
2025-07-31 01:35:00,4100,6134,6133,6134,6134,6135,6134,6135,6135,6134.5,6133.5,6134.5,6134.5
2025-07-31 01:40:00,9700,6137,6134,6134,6137,6138,6135,6135,6138,6137.5,6134.5,6134.5,6137.5
2025-07-31 01:45:00,12300,6142,6134,6137,6138,6143,6136,6138,6140,6142.5,6135.0,6137.5,6139.0
2025-07-31 01:50:00,9500,6144,6138,6138,6139,6145,6139,6140,6140,6144.5,6138.5,6139.0,6139.5
2025-07-31 01:55:00,6900,6139,6135,6139,6135,6140,6136,6140,6136,6139.5,6135.5,6139.5,6135.5
2025-07-31 02:00:00,11500,6138,6134,6135,6136,6139,6135,6136,6137,6138.5,6134.5,6135.5,6136.5
2025-07-31 02:05:00,8200,6141,6136,6136,6139,6142,6137,6137,6140,6141.5,6136.5,6136.5,6139.5
2025-07-31 02:10:00,5600,6141,6136,6139,6137,6143,6138,6140,6139,6142.0,6137.0,6139.5,6138.0
2025-07-31 02:15:00,8700,6137,6133,6137,6134,6139,6134,6139,6135,6138.0,6133.5,6138.0,6134.5
2025-07-31 02:20:00,16000,6140,6130,6134,6139,6142,6131,6135,6140,6141.0,6130.5,6134.5,6139.5
2025-07-31 02:25:00,10500,6144,6138,6139,6143,6145,6140,6140,6145,6144.5,6139.0,6139.5,6144.0
2025-07-31 02:30:00,2100,6142,6142,6142,6142,6145,6145,6145,6145,6143.5,6143.5,6143.5,6143.5
2025-07-31 03:30:00,44600,6147,6130,6142,6133,6148,6131,6142,6134,6147.5,6130.5,6142.0,6133.5
2025-07-31 03:35:00,11600,6135,6130,6133,6135,6136,6131,6134,6136,6135.5,6130.5,6133.5,6135.5
2025-07-31 03:40:00,13300,6135,6129,6135,6134,6136,6130,6136,6135,6135.5,6129.5,6135.5,6134.5
2025-07-31 03:45:00,7200,6135,6133,6134,6135,6136,6134,6135,6136,6135.5,6133.5,6134.5,6135.5
2025-07-31 03:50:00,11300,6137,6134,6135,6137,6138,6135,6136,6138,6137.5,6134.5,6135.5,6137.5
2025-07-31 03:55:00,13500,6138,6132,6137,6135,6139,6133,6138,6137,6138.5,6132.5,6137.5,6136.0
2025-07-31 04:00:00,11700,6140,6135,6135,6138,6141,6137,6137,6139,6140.5,6136.0,6136.0,6138.5
2025-07-31 04:05:00,9100,6139,6137,6138,6139,6140,6138,6139,6140,6139.5,6137.5,6138.5,6139.5
2025-07-31 04:10:00,8500,6143,6139,6139,6143,6144,6140,6140,6144,6143.5,6139.5,6139.5,6143.5
2025-07-31 04:15:00,15500,6144,6137,6143,6137,6145,6138,6144,6138,6144.5,6137.5,6143.5,6137.5
2025-07-31 04:20:00,11500,6142,6137,6137,6140,6143,6138,6138,6142,6142.5,6137.5,6137.5,6141.0
2025-07-31 04:25:00,8700,6142,6137,6140,6137,6143,6138,6142,6139,6142.5,6137.5,6141.0,6138.0
2025-07-31 04:30:00,13500,6137,6132,6137,6134,6139,6133,6139,6135,6138.0,6132.5,6138.0,6134.5
2025-07-31 04:35:00,7000,6135,6133,6134,6135,6136,6134,6135,6136,6135.5,6133.5,6134.5,6135.5
2025-07-31 04:40:00,11000,6138,6134,6135,6135,6139,6135,6136,6137,6138.5,6134.5,6135.5,6136.0
2025-07-31 04:45:00,6000,6136,6134,6135,6135,6137,6135,6137,6136,6136.5,6134.5,6136.0,6135.5
2025-07-31 04:50:00,14200,6138,6132,6135,6133,6139,6133,6136,6134,6138.5,6132.5,6135.5,6133.5
2025-07-31 04:55:00,12800,6133,6127,6133,6127,6134,6128,6134,6129,6133.5,6127.5,6133.5,6128.0
2025-07-31 05:00:00,36400,6130,6115,6127,6115,6131,6116,6129,6116,6130.5,6115.5,6128.0,6115.5
2025-07-31 05:05:00,18200,6118,6112,6115,6117,6119,6113,6116,6118,6118.5,6112.5,6115.5,6117.5
2025-07-31 05:10:00,17000,6117,6115,6117,6116,6118,6116,6118,6117,6117.5,6115.5,6117.5,6116.5
2025-07-31 05:15:00,18900,6118,6113,6115,6116,6119,6114,6117,6117,6118.5,6113.5,6116.0,6116.5
2025-07-31 05:20:00,14100,6116,6112,6116,6115,6117,6113,6117,6116,6116.5,6112.5,6116.5,6115.5
2025-07-31 05:25:00,17900,6117,6113,6115,6115,6118,6115,6116,6116,6117.5,6114.0,6115.5,6115.5
2025-07-31 05:30:00,23900,6119,6115,6115,6116,6121,6116,6116,6117,6120.0,6115.5,6115.5,6116.5
2025-07-31 05:35:00,13300,6116,6114,6116,6116,6117,6115,6117,6117,6116.5,6114.5,6116.5,6116.5
2025-07-31 05:40:00,9200,6117,6116,6116,6117,6118,6117,6117,6118,6117.5,6116.5,6116.5,6117.5
2025-07-31 05:45:00,22100,6117,6113,6117,6115,6118,6114,6118,6116,6117.5,6113.5,6117.5,6115.5
2025-07-31 05:50:00,25300,6120,6115,6115,6119,6121,6116,6116,6120,6120.5,6115.5,6115.5,6119.5
2025-07-31 05:55:00,16200,6130,6119,6119,6128,6133,6120,6120,6129,6131.5,6119.5,6119.5,6128.5
2025-07-31 06:00:00,22000,6136,6128,6128,6136,6137,6129,6129,6137,6136.5,6128.5,6128.5,6136.5
2025-07-31 06:05:00,17300,6137,6131,6136,6133,6138,6132,6137,6134,6137.5,6131.5,6136.5,6133.5
2025-07-31 06:10:00,9300,6133,6130,6133,6132,6134,6131,6134,6133,6133.5,6130.5,6133.5,6132.5
2025-07-31 06:15:00,23600,6136,6129,6132,6130,6137,6130,6133,6132,6136.5,6129.5,6132.5,6131.0
2025-07-31 06:20:00,23000,6134,6130,6130,6131,6135,6132,6132,6133,6134.5,6131.0,6131.0,6132.0
2025-07-31 06:25:00,,6249,6126,6183,6130,6250,6127,6184,6131,6249.5,6126.5,6183.5,6130.5
2025-07-31 06:30:00,663300,6130,6130,6130,6130,6132,6132,6132,6132,6131.0,6131.0,6131.0,6131.0
2025-08-01 00:00:00,202300,6201,6151,6160,6187,6204,6161,6161,6190,6202.0,6160.5,6160.5,6188.5
2025-08-01 00:05:00,46300,6213,6186,6187,6213,6215,6189,6190,6215,6214.0,6187.5,6188.5,6214.0
2025-08-01 00:10:00,36700,6227,6213,6213,6225,6229,6215,6215,6227,6228.0,6214.0,6214.0,6226.0
2025-08-01 00:15:00,32500,6228,6213,6225,6223,6229,6215,6226,6226,6228.5,6214.5,6225.5,6224.5
2025-08-01 00:20:00,40200,6231,6220,6223,6222,6232,6221,6225,6223,6231.5,6220.5,6224.0,6222.5
2025-08-01 00:25:00,38600,6226,6216,6222,6226,6227,6217,6223,6227,6226.5,6216.5,6222.5,6226.5
2025-08-01 00:30:00,34400,6244,6226,6226,6241,6245,6227,6227,6244,6244.5,6226.5,6226.5,6242.5
2025-08-01 00:35:00,11500,6244,6239,6241,6244,6246,6240,6244,6245,6245.0,6239.5,6242.5,6244.5
2025-08-01 00:40:00,32400,6259,6244,6244,6254,6260,6245,6246,6256,6259.5,6244.5,6245.0,6255.0
2025-08-01 00:45:00,16800,6255,6242,6254,6250,6256,6244,6256,6252,6255.5,6243.0,6255.0,6251.0
2025-08-01 00:50:00,9700,6250,6239,6250,6242,6252,6240,6252,6244,6251.0,6239.5,6251.0,6243.0
2025-08-01 00:55:00,17500,6257,6242,6242,6253,6259,6244,6244,6255,6258.0,6243.0,6243.0,6254.0
2025-08-01 01:00:00,15100,6258,6252,6253,6257,6259,6253,6255,6259,6258.5,6252.5,6254.0,6258.0
2025-08-01 01:05:00,23300,6262,6254,6257,6258,6263,6255,6259,6259,6262.5,6254.5,6258.0,6258.5
2025-08-01 01:10:00,9300,6259,6250,6258,6251,6260,6251,6259,6253,6259.5,6250.5,6258.5,6252.0
2025-08-01 01:15:00,7100,6253,6247,6251,6248,6255,6248,6253,6249,6254.0,6247.5,6252.0,6248.5
2025-08-01 01:20:00,7300,6252,6247,6248,6248,6253,6248,6249,6250,6252.5,6247.5,6248.5,6249.0
2025-08-01 01:25:00,10200,6258,6248,6248,6258,6259,6250,6250,6259,6258.5,6249.0,6249.0,6258.5
2025-08-01 01:30:00,10300,6261,6256,6258,6259,6262,6257,6259,6261,6261.5,6256.5,6258.5,6260.0
2025-08-01 01:35:00,9300,6260,6255,6259,6257,6262,6256,6261,6258,6261.0,6255.5,6260.0,6257.5
2025-08-01 01:40:00,9900,6259,6254,6257,6258,6260,6255,6258,6259,6259.5,6254.5,6257.5,6258.5
2025-08-01 01:45:00,11500,6261,6257,6258,6259,6262,6258,6259,6260,6261.5,6257.5,6258.5,6259.5
2025-08-01 01:50:00,16300,6264,6256,6259,6263,6265,6257,6260,6264,6264.5,6256.5,6259.5,6263.5
2025-08-01 01:55:00,10100,6264,6262,6263,6263,6265,6263,6264,6265,6264.5,6262.5,6263.5,6264.0
2025-08-01 02:00:00,9400,6264,6254,6263,6260,6265,6255,6265,6261,6264.5,6254.5,6264.0,6260.5
2025-08-01 02:05:00,5900,6263,6255,6260,6256,6264,6257,6261,6258,6263.5,6256.0,6260.5,6257.0
2025-08-01 02:10:00,13400,6265,6257,6257,6262,6266,6258,6258,6263,6265.5,6257.5,6257.5,6262.5
2025-08-01 02:15:00,11100,6266,6261,6262,6262,6267,6262,6263,6264,6266.5,6261.5,6262.5,6263.0
2025-08-01 02:20:00,12700,6263,6255,6262,6257,6264,6256,6264,6259,6263.5,6255.5,6263.0,6258.0
2025-08-01 02:25:00,8100,6258,6252,6257,6252,6259,6253,6259,6254,6258.5,6252.5,6258.0,6253.0
2025-08-01 02:30:00,1700,6252,6252,6252,6252,6255,6255,6255,6255,6253.5,6253.5,6253.5,6253.5
2025-08-01 03:30:00,48400,6270,6257,6257,6264,6273,6260,6260,6265,6271.5,6258.5,6258.5,6264.5
2025-08-01 03:35:00,16400,6264,6257,6264,6258,6265,6259,6265,6260,6264.5,6258.0,6264.5,6259.0
2025-08-01 03:40:00,7700,6258,6251,6258,6252,6260,6253,6260,6253,6259.0,6252.0,6259.0,6252.5
2025-08-01 03:45:00,11200,6254,6248,6252,6249,6255,6249,6253,6250,6254.5,6248.5,6252.5,6249.5
2025-08-01 03:50:00,21300,6255,6249,6249,6254,6257,6250,6250,6255,6256.0,6249.5,6249.5,6254.5
2025-08-01 03:55:00,13600,6258,6254,6254,6256,6259,6255,6255,6258,6258.5,6254.5,6254.5,6257.0
2025-08-01 04:00:00,10500,6257,6253,6256,6254,6259,6254,6258,6255,6258.0,6253.5,6257.0,6254.5
2025-08-01 04:05:00,10700,6255,6247,6254,6247,6256,6248,6255,6249,6255.5,6247.5,6254.5,6248.0
2025-08-01 04:10:00,9600,6251,6247,6247,6249,6252,6248,6249,6250,6251.5,6247.5,6248.0,6249.5
2025-08-01 04:15:00,8000,6251,6249,6249,6250,6253,6250,6250,6251,6252.0,6249.5,6249.5,6250.5
2025-08-01 04:20:00,4300,6251,6250,6250,6251,6252,6251,6251,6252,6251.5,6250.5,6250.5,6251.5
2025-08-01 04:25:00,8100,6252,6247,6251,6249,6253,6248,6252,6250,6252.5,6247.5,6251.5,6249.5
2025-08-01 04:30:00,12600,6252,6242,6249,6245,6253,6244,6250,6246,6252.5,6243.0,6249.5,6245.5
2025-08-01 04:35:00,14000,6247,6242,6245,6244,6248,6243,6246,6245,6247.5,6242.5,6245.5,6244.5
2025-08-01 04:40:00,5500,6245,6243,6244,6245,6246,6244,6245,6246,6245.5,6243.5,6244.5,6245.5
2025-08-01 04:45:00,5700,6246,6243,6245,6243,6247,6244,6246,6244,6246.5,6243.5,6245.5,6243.5
2025-08-01 04:50:00,9700,6243,6239,6243,6239,6244,6240,6244,6240,6243.5,6239.5,6243.5,6239.5
2025-08-01 04:55:00,18500,6239,6231,6239,6234,6240,6233,6240,6235,6239.5,6232.5,6239.5,6234.5
2025-08-01 05:00:00,8200,6238,6234,6234,6237,6239,6235,6235,6239,6238.5,6234.5,6234.5,6238.0
2025-08-01 05:05:00,5900,6238,6234,6237,6234,6239,6235,6239,6235,6238.5,6234.5,6238.0,6234.5
2025-08-01 05:10:00,9300,6235,6230,6234,6230,6236,6231,6235,6231,6235.5,6230.5,6234.5,6230.5
2025-08-01 05:15:00,8700,6236,6230,6230,6236,6237,6231,6231,6237,6236.5,6230.5,6230.5,6236.5
2025-08-01 05:20:00,11100,6239,6236,6236,6238,6241,6237,6237,6240,6240.0,6236.5,6236.5,6239.0
2025-08-01 05:25:00,12100,6243,6238,6238,6239,6244,6239,6240,6240,6243.5,6238.5,6239.0,6239.5
2025-08-01 05:30:00,18600,6240,6232,6239,6240,6241,6234,6240,6241,6240.5,6233.0,6239.5,6240.5
2025-08-01 05:35:00,6800,6240,6236,6240,6236,6241,6237,6241,6237,6240.5,6236.5,6240.5,6236.5
2025-08-01 05:40:00,10000,6238,6234,6236,6234,6239,6235,6237,6235,6238.5,6234.5,6236.5,6234.5
2025-08-01 05:45:00,11300,6239,6234,6234,6237,6241,6235,6235,6238,6240.0,6234.5,6234.5,6237.5
2025-08-01 05:50:00,16700,6240,6234,6237,6237,6241,6235,6238,6238,6240.5,6234.5,6237.5,6237.5
2025-08-01 05:55:00,11700,6243,6237,6237,6243,6244,6238,6238,6244,6243.5,6237.5,6237.5,6243.5
2025-08-01 06:00:00,12500,6244,6239,6243,6239,6245,6240,6244,6240,6244.5,6239.5,6243.5,6239.5
2025-08-01 06:05:00,19300,6240,6237,6239,6238,6241,6238,6240,6240,6240.5,6237.5,6239.5,6239.0
2025-08-01 06:10:00,13300,6241,6237,6238,6240,6242,6238,6240,6241,6241.5,6237.5,6239.0,6240.5
2025-08-01 06:15:00,15300,6240,6236,6240,6238,6241,6237,6241,6239,6240.5,6236.5,6240.5,6238.5
2025-08-01 06:20:00,18500,6241,6238,6238,6240,6242,6239,6239,6241,6241.5,6238.5,6238.5,6240.5
2025-08-01 06:25:00,,6273,6217,6265,6231,6274,6218,6265,6232,6273.5,6217.5,6265.0,6231.5
2025-08-01 06:30:00,449800,6231,6231,6231,6231,6242,6242,6242,6242,6236.5,6236.5,6236.5,6236.5
2025-08-04 00:00:00,129900,6165,6123,6123,6149,6167,6124,6124,6152,6166.0,6123.5,6123.5,6150.5
2025-08-04 00:05:00,34700,6150,6137,6149,6150,6153,6138,6152,6152,6151.5,6137.5,6150.5,6151.0
2025-08-04 00:10:00,19700,6166,6149,6150,6165,6167,6151,6152,6167,6166.5,6150.0,6151.0,6166.0
2025-08-04 00:15:00,22100,6171,6160,6165,6162,6172,6161,6167,6165,6171.5,6160.5,6166.0,6163.5
2025-08-04 00:20:00,13800,6163,6154,6162,6160,6165,6155,6165,6162,6164.0,6154.5,6163.5,6161.0
2025-08-04 00:25:00,16000,6171,6160,6160,6170,6172,6162,6162,6172,6171.5,6161.0,6161.0,6171.0
2025-08-04 00:30:00,16200,6170,6154,6170,6155,6172,6156,6172,6157,6171.0,6155.0,6171.0,6156.0
2025-08-04 00:35:00,7900,6163,6155,6155,6155,6164,6156,6157,6157,6163.5,6155.5,6156.0,6156.0
2025-08-04 00:40:00,6800,6158,6152,6155,6155,6160,6153,6157,6156,6159.0,6152.5,6156.0,6155.5
2025-08-04 00:45:00,8100,6160,6153,6155,6155,6161,6156,6156,6157,6160.5,6154.5,6155.5,6156.0
2025-08-04 00:50:00,5600,6159,6154,6155,6155,6161,6155,6157,6157,6160.0,6154.5,6156.0,6156.0
2025-08-04 00:55:00,21700,6155,6140,6155,6143,6157,6141,6157,6145,6156.0,6140.5,6156.0,6144.0
2025-08-04 01:00:00,13900,6153,6143,6143,6148,6155,6145,6145,6149,6154.0,6144.0,6144.0,6148.5
2025-08-04 01:05:00,7500,6153,6146,6148,6147,6155,6147,6150,6148,6154.0,6146.5,6149.0,6147.5
2025-08-04 01:10:00,14000,6162,6147,6147,6155,6164,6148,6148,6157,6163.0,6147.5,6147.5,6156.0
2025-08-04 01:15:00,18900,6156,6140,6155,6147,6157,6141,6157,6150,6156.5,6140.5,6156.0,6148.5
2025-08-04 01:20:00,9100,6156,6147,6147,6153,6158,6148,6150,6155,6157.0,6147.5,6148.5,6154.0
2025-08-04 01:25:00,5000,6156,6149,6153,6149,6157,6150,6155,6151,6156.5,6149.5,6154.0,6150.0
2025-08-04 01:30:00,5700,6154,6149,6149,6151,6155,6151,6151,6153,6154.5,6150.0,6150.0,6152.0
2025-08-04 01:35:00,4500,6153,6150,6151,6151,6155,6151,6153,6152,6154.0,6150.5,6152.0,6151.5
2025-08-04 01:40:00,6000,6156,6148,6151,6156,6157,6149,6152,6157,6156.5,6148.5,6151.5,6156.5
2025-08-04 01:45:00,4300,6159,6155,6156,6159,6160,6156,6157,6160,6159.5,6155.5,6156.5,6159.5
2025-08-04 01:50:00,7600,6160,6152,6159,6154,6161,6153,6160,6155,6160.5,6152.5,6159.5,6154.5
2025-08-04 01:55:00,6800,6154,6147,6154,6148,6155,6148,6155,6150,6154.5,6147.5,6154.5,6149.0
2025-08-04 02:00:00,5400,6153,6147,6148,6151,6154,6148,6150,6152,6153.5,6147.5,6149.0,6151.5
2025-08-04 02:05:00,4800,6155,6151,6151,6154,6156,6152,6152,6156,6155.5,6151.5,6151.5,6155.0
2025-08-04 02:10:00,4200,6161,6152,6154,6159,6162,6154,6156,6161,6161.5,6153.0,6155.0,6160.0
2025-08-04 02:15:00,6300,6165,6158,6158,6161,6166,6160,6161,6162,6165.5,6159.5,6159.5,6161.5
2025-08-04 02:20:00,3300,6164,6160,6161,6162,6165,6162,6162,6163,6164.5,6161.0,6161.5,6162.5
2025-08-04 02:25:00,6800,6167,6161,6161,6162,6168,6162,6163,6164,6167.5,6161.5,6162.0,6163.0
2025-08-04 02:30:00,3700,6162,6162,6162,6162,6164,6164,6164,6164,6163.0,6163.0,6163.0,6163.0
2025-08-04 03:30:00,25300,6169,6155,6156,6166,6170,6156,6157,6168,6169.5,6156.0,6156.5,6167.0
2025-08-04 03:35:00,7900,6169,6165,6166,6167,6170,6166,6168,6168,6169.5,6165.5,6167.0,6167.5
2025-08-04 03:40:00,4600,6170,6167,6167,6170,6171,6168,6168,6171,6170.5,6167.5,6167.5,6170.5
2025-08-04 03:45:00,9000,6171,6167,6170,6171,6172,6168,6171,6172,6171.5,6167.5,6170.5,6171.5
2025-08-04 03:50:00,14900,6177,6171,6171,6172,6178,6172,6172,6174,6177.5,6171.5,6171.5,6173.0
2025-08-04 03:55:00,4800,6176,6172,6172,6175,6177,6174,6174,6176,6176.5,6173.0,6173.0,6175.5
2025-08-04 04:00:00,10300,6178,6174,6175,6176,6179,6175,6176,6177,6178.5,6174.5,6175.5,6176.5
2025-08-04 04:05:00,10000,6176,6172,6176,6172,6177,6173,6177,6173,6176.5,6172.5,6176.5,6172.5
2025-08-04 04:10:00,9500,6172,6168,6172,6169,6174,6170,6173,6171,6173.0,6169.0,6172.5,6170.0
2025-08-04 04:15:00,6400,6172,6166,6169,6166,6173,6167,6171,6167,6172.5,6166.5,6170.0,6166.5
2025-08-04 04:20:00,6500,6168,6164,6166,6166,6169,6165,6167,6167,6168.5,6164.5,6166.5,6166.5
2025-08-04 04:25:00,5800,6169,6166,6166,6166,6170,6167,6167,6167,6169.5,6166.5,6166.5,6166.5
2025-08-04 04:30:00,5400,6169,6164,6166,6168,6170,6166,6167,6169,6169.5,6165.0,6166.5,6168.5
2025-08-04 04:35:00,4400,6168,6166,6168,6168,6169,6167,6169,6169,6168.5,6166.5,6168.5,6168.5
2025-08-04 04:40:00,5900,6169,6164,6168,6166,6170,6165,6169,6167,6169.5,6164.5,6168.5,6166.5
2025-08-04 04:45:00,4000,6167,6165,6166,6165,6168,6166,6167,6166,6167.5,6165.5,6166.5,6165.5
2025-08-04 04:50:00,6600,6168,6164,6165,6168,6169,6165,6166,6169,6168.5,6164.5,6165.5,6168.5
2025-08-04 04:55:00,7700,6168,6166,6168,6168,6169,6167,6169,6169,6168.5,6166.5,6168.5,6168.5
2025-08-04 05:00:00,6100,6171,6166,6168,6171,6172,6167,6169,6172,6171.5,6166.5,6168.5,6171.5
2025-08-04 05:05:00,7500,6171,6167,6171,6169,6172,6168,6172,6170,6171.5,6167.5,6171.5,6169.5
2025-08-04 05:10:00,6800,6169,6166,6169,6166,6170,6167,6170,6167,6169.5,6166.5,6169.5,6166.5
2025-08-04 05:15:00,2800,6166,6165,6166,6165,6167,6166,6167,6166,6166.5,6165.5,6166.5,6165.5
2025-08-04 05:20:00,10200,6168,6165,6165,6167,6169,6166,6166,6169,6168.5,6165.5,6165.5,6168.0
2025-08-04 05:25:00,2500,6170,6167,6167,6169,6171,6169,6169,6170,6170.5,6168.0,6168.0,6169.5
2025-08-04 05:30:00,8100,6173,6169,6169,6172,6174,6170,6170,6174,6173.5,6169.5,6169.5,6173.0
2025-08-04 05:35:00,7000,6173,6170,6172,6170,6174,6171,6174,6171,6173.5,6170.5,6173.0,6170.5
2025-08-04 05:40:00,5300,6173,6170,6170,6172,6174,6171,6171,6173,6173.5,6170.5,6170.5,6172.5
2025-08-04 05:45:00,5500,6175,6172,6172,6175,6176,6173,6173,6176,6175.5,6172.5,6172.5,6175.5
2025-08-04 05:50:00,11600,6176,6170,6175,6173,6177,6172,6176,6174,6176.5,6171.0,6175.5,6173.5
2025-08-04 05:55:00,12000,6173,6168,6173,6168,6174,6169,6174,6169,6173.5,6168.5,6173.5,6168.5
2025-08-04 06:00:00,12300,6175,6166,6168,6175,6176,6167,6169,6176,6175.5,6166.5,6168.5,6175.5
2025-08-04 06:05:00,17300,6179,6168,6175,6169,6180,6169,6176,6171,6179.5,6168.5,6175.5,6170.0
2025-08-04 06:10:00,13400,6179,6169,6169,6179,6180,6171,6171,6180,6179.5,6170.0,6170.0,6179.5
2025-08-04 06:15:00,14300,6182,6178,6179,6179,6183,6179,6180,6180,6182.5,6178.5,6179.5,6179.5
2025-08-04 06:20:00,15200,6179,6174,6179,6174,6180,6175,6180,6176,6179.5,6174.5,6179.5,6175.0
2025-08-04 06:25:00,,6297,6163,6168,6185,6297,6164,6169,6186,6297.0,6163.5,6168.5,6185.5
2025-08-04 06:30:00,338000,6179,6179,6179,6179,6187,6187,6187,6187,6183.0,6183.0,6183.0,6183.0
2025-08-05 00:00:00,91000,6206,6186,6199,6189,6211,6187,6200,6191,6208.5,6186.5,6199.5,6190.0
2025-08-05 00:05:00,24600,6192,6179,6189,6186,6193,6180,6191,6189,6192.5,6179.5,6190.0,6187.5
2025-08-05 00:10:00,11800,6192,6186,6186,6190,6194,6189,6189,6192,6192.5,6187.5,6187.5,6191.0
2025-08-05 00:15:00,9400,6198,6190,6190,6197,6200,6191,6192,6199,6199.0,6190.5,6191.0,6198.0
2025-08-05 00:20:00,11800,6197,6190,6197,6190,6199,6191,6199,6191,6198.0,6190.5,6198.0,6190.5
2025-08-05 00:25:00,6200,6193,6187,6190,6193,6195,6188,6191,6195,6194.0,6187.5,6190.5,6194.0
2025-08-05 00:30:00,22100,6205,6193,6193,6204,6206,6195,6195,6206,6205.5,6194.0,6194.0,6205.0
2025-08-05 00:35:00,11700,6214,6203,6204,6214,6215,6204,6206,6215,6214.5,6203.5,6205.0,6214.5
2025-08-05 00:40:00,16000,6220,6213,6214,6217,6221,6214,6215,6219,6220.5,6213.5,6214.5,6218.0
2025-08-05 00:45:00,9500,6220,6213,6217,6216,6221,6214,6219,6218,6220.5,6213.5,6218.0,6217.0
2025-08-05 00:50:00,8900,6216,6210,6216,6212,6218,6211,6218,6214,6217.0,6210.5,6217.0,6213.0
2025-08-05 00:55:00,11700,6216,6209,6212,6209,6218,6210,6214,6212,6217.0,6209.5,6213.0,6210.5
2025-08-05 01:00:00,11100,6211,6200,6209,6202,6213,6201,6212,6204,6211.5,6200.5,6210.5,6203.0
2025-08-05 01:05:00,6200,6208,6198,6202,6208,6210,6200,6204,6209,6209.0,6199.0,6203.0,6208.5
2025-08-05 01:10:00,8300,6208,6200,6208,6201,6209,6201,6209,6202,6208.5,6200.5,6208.5,6201.5
2025-08-05 01:15:00,7200,6201,6196,6201,6197,6202,6197,6202,6199,6201.5,6196.5,6201.5,6198.0
2025-08-05 01:20:00,8800,6205,6196,6197,6203,6207,6197,6199,6204,6206.0,6196.5,6198.0,6203.5
2025-08-05 01:25:00,6900,6205,6198,6203,6202,6206,6200,6204,6204,6205.5,6199.0,6203.5,6203.0
2025-08-05 01:30:00,4700,6207,6202,6202,6204,6208,6204,6204,6206,6207.5,6203.0,6203.0,6205.0
2025-08-05 01:35:00,10800,6213,6203,6204,6212,6214,6204,6206,6214,6213.5,6203.5,6205.0,6213.0
2025-08-05 01:40:00,7800,6213,6205,6212,6205,6214,6207,6214,6207,6213.5,6206.0,6213.0,6206.0
2025-08-05 01:45:00,6700,6213,6205,6205,6213,6215,6206,6207,6214,6214.0,6205.5,6206.0,6213.5
2025-08-05 01:50:00,3900,6213,6212,6213,6212,6215,6213,6214,6214,6214.0,6212.5,6213.5,6213.0
2025-08-05 01:55:00,7500,6213,6204,6212,6204,6214,6205,6214,6205,6213.5,6204.5,6213.0,6204.5
2025-08-05 02:00:00,11600,6216,6203,6204,6214,6217,6205,6205,6215,6216.5,6204.0,6204.5,6214.5
2025-08-05 02:05:00,4000,6217,6214,6214,6215,6218,6215,6216,6217,6217.5,6214.5,6215.0,6216.0
2025-08-05 02:10:00,2700,6218,6215,6215,6217,6219,6217,6217,6219,6218.5,6216.0,6216.0,6218.0
2025-08-05 02:15:00,4900,6218,6215,6217,6218,6219,6216,6219,6219,6218.5,6215.5,6218.0,6218.5
2025-08-05 02:20:00,4700,6219,6218,6218,6218,6220,6219,6219,6219,6219.5,6218.5,6218.5,6218.5
2025-08-05 02:25:00,6100,6218,6215,6218,6217,6220,6216,6219,6219,6219.0,6215.5,6218.5,6218.0
2025-08-05 02:30:00,1800,6217,6217,6217,6217,6219,6219,6219,6219,6218.0,6218.0,6218.0,6218.0
2025-08-05 03:30:00,43100,6238,6222,6226,6238,6239,6224,6226,6239,6238.5,6223.0,6226.0,6238.5
2025-08-05 03:35:00,11500,6240,6234,6238,6234,6241,6235,6239,6235,6240.5,6234.5,6238.5,6234.5
2025-08-05 03:40:00,11800,6240,6233,6234,6238,6241,6234,6235,6239,6240.5,6233.5,6234.5,6238.5
2025-08-05 03:45:00,8500,6239,6233,6238,6233,6241,6235,6239,6235,6240.0,6234.0,6238.5,6234.0
2025-08-05 03:50:00,7000,6234,6226,6233,6226,6236,6227,6235,6228,6235.0,6226.5,6234.0,6227.0
2025-08-05 03:55:00,5600,6226,6223,6226,6226,6228,6224,6228,6227,6227.0,6223.5,6227.0,6226.5
2025-08-05 04:00:00,10200,6226,6222,6226,6224,6227,6223,6227,6225,6226.5,6222.5,6226.5,6224.5
2025-08-05 04:05:00,3200,6225,6222,6224,6224,6226,6223,6225,6225,6225.5,6222.5,6224.5,6224.5
2025-08-05 04:10:00,7600,6228,6223,6224,6226,6229,6224,6225,6227,6228.5,6223.5,6224.5,6226.5
2025-08-05 04:15:00,5800,6228,6220,6226,6220,6229,6221,6227,6221,6228.5,6220.5,6226.5,6220.5
2025-08-05 04:20:00,4800,6220,6216,6220,6216,6221,6217,6221,6218,6220.5,6216.5,6220.5,6217.0
2025-08-05 04:25:00,3800,6220,6216,6216,6217,6222,6218,6218,6218,6221.0,6217.0,6217.0,6217.5
2025-08-05 04:30:00,6000,6223,6217,6217,6220,6224,6218,6218,6221,6223.5,6217.5,6217.5,6220.5
2025-08-05 04:35:00,5300,6220,6216,6220,6220,6221,6217,6221,6221,6220.5,6216.5,6220.5,6220.5
2025-08-05 04:40:00,8100,6220,6214,6220,6216,6221,6215,6221,6217,6220.5,6214.5,6220.5,6216.5
2025-08-05 04:45:00,9400,6221,6210,6216,6210,6223,6211,6218,6212,6222.0,6210.5,6217.0,6211.0
2025-08-05 04:50:00,6100,6217,6211,6211,6215,6218,6212,6212,6216,6217.5,6211.5,6211.5,6215.5
2025-08-05 04:55:00,4500,6218,6215,6215,6218,6220,6216,6216,6219,6219.0,6215.5,6215.5,6218.5
2025-08-05 05:00:00,5700,6220,6217,6218,6220,6221,6218,6219,6221,6220.5,6217.5,6218.5,6220.5
2025-08-05 05:05:00,5300,6221,6217,6220,6218,6222,6218,6221,6219,6221.5,6217.5,6220.5,6218.5
2025-08-05 05:10:00,4400,6218,6213,6218,6215,6219,6215,6219,6216,6218.5,6214.0,6218.5,6215.5
2025-08-05 05:15:00,4900,6215,6211,6215,6213,6216,6212,6216,6214,6215.5,6211.5,6215.5,6213.5
2025-08-05 05:20:00,1600,6214,6213,6213,6214,6215,6214,6214,6215,6214.5,6213.5,6213.5,6214.5
2025-08-05 05:25:00,3400,6214,6212,6214,6213,6215,6214,6215,6214,6214.5,6213.0,6214.5,6213.5
2025-08-05 05:30:00,4200,6213,6212,6213,6212,6214,6213,6214,6213,6213.5,6212.5,6213.5,6212.5
2025-08-05 05:35:00,8600,6214,6212,6212,6214,6215,6213,6213,6215,6214.5,6212.5,6212.5,6214.5
2025-08-05 05:40:00,8700,6215,6213,6214,6214,6216,6214,6215,6215,6215.5,6213.5,6214.5,6214.5
2025-08-05 05:45:00,2700,6215,6214,6214,6215,6217,6215,6215,6217,6216.0,6214.5,6214.5,6216.0
2025-08-05 05:50:00,11200,6216,6211,6215,6213,6217,6212,6217,6214,6216.5,6211.5,6216.0,6213.5
2025-08-05 05:55:00,10400,6214,6210,6213,6213,6215,6211,6214,6214,6214.5,6210.5,6213.5,6213.5
2025-08-05 06:00:00,11400,6214,6209,6213,6212,6215,6210,6214,6214,6214.5,6209.5,6213.5,6213.0
2025-08-05 06:05:00,10800,6215,6211,6212,6211,6216,6212,6214,6212,6215.5,6211.5,6213.0,6211.5
2025-08-05 06:10:00,8300,6213,6208,6211,6208,6215,6209,6212,6209,6214.0,6208.5,6211.5,6208.5
2025-08-05 06:15:00,12200,6208,6205,6208,6207,6210,6206,6209,6208,6209.0,6205.5,6208.5,6207.5
2025-08-05 06:20:00,21100,6209,6206,6207,6209,6210,6207,6208,6210,6209.5,6206.5,6207.5,6209.5
2025-08-05 06:25:00,,6204,6165,6193,6203,6205,6166,6194,6204,6204.5,6165.5,6193.5,6203.5
2025-08-05 06:30:00,351400,6202,6202,6202,6202,6213,6213,6213,6213,6207.5,6207.5,6207.5,6207.5
2025-08-06 00:00:00,112100,6214,6190,6202,6208,6218,6193,6203,6210,6216.0,6191.5,6202.5,6209.0
2025-08-06 00:05:00,45000,6238,6206,6207,6238,6241,6207,6210,6241,6239.5,6206.5,6208.5,6239.5
2025-08-06 00:10:00,29200,6253,6238,6238,6252,6255,6241,6241,6255,6254.0,6239.5,6239.5,6253.5
2025-08-06 00:15:00,21500,6256,6250,6252,6253,6257,6251,6255,6254,6256.5,6250.5,6253.5,6253.5
2025-08-06 00:20:00,18300,6255,6246,6253,6254,6256,6248,6254,6255,6255.5,6247.0,6253.5,6254.5
2025-08-06 00:25:00,34700,6269,6254,6254,6269,6270,6255,6255,6270,6269.5,6254.5,6254.5,6269.5
2025-08-06 00:30:00,37600,6269,6245,6268,6248,6270,6247,6270,6249,6269.5,6246.0,6269.0,6248.5
2025-08-06 00:35:00,14900,6249,6238,6248,6244,6251,6240,6249,6245,6250.0,6239.0,6248.5,6244.5
2025-08-06 00:40:00,12600,6249,6244,6244,6248,6250,6245,6245,6249,6249.5,6244.5,6244.5,6248.5
2025-08-06 00:45:00,14200,6256,6247,6248,6250,6258,6249,6249,6251,6257.0,6248.0,6248.5,6250.5
2025-08-06 00:50:00,15900,6258,6248,6250,6257,6259,6249,6251,6259,6258.5,6248.5,6250.5,6258.0
2025-08-06 00:55:00,14300,6264,6255,6257,6259,6265,6257,6259,6260,6264.5,6256.0,6258.0,6259.5
2025-08-06 01:00:00,9900,6262,6255,6258,6257,6263,6257,6260,6259,6262.5,6256.0,6259.0,6258.0
2025-08-06 01:05:00,12800,6262,6257,6257,6261,6263,6258,6259,6262,6262.5,6257.5,6258.0,6261.5
2025-08-06 01:10:00,19700,6271,6261,6261,6267,6272,6262,6262,6268,6271.5,6261.5,6261.5,6267.5
2025-08-06 01:15:00,12000,6271,6265,6267,6266,6272,6266,6268,6267,6271.5,6265.5,6267.5,6266.5
2025-08-06 01:20:00,18300,6273,6263,6265,6271,6275,6265,6267,6272,6274.0,6264.0,6266.0,6271.5
2025-08-06 01:25:00,9300,6271,6266,6271,6266,6273,6267,6272,6268,6272.0,6266.5,6271.5,6267.0
2025-08-06 01:30:00,17300,6276,6266,6266,6276,6277,6267,6268,6277,6276.5,6266.5,6267.0,6276.5
2025-08-06 01:35:00,17000,6279,6274,6276,6275,6280,6275,6277,6276,6279.5,6274.5,6276.5,6275.5
2025-08-06 01:40:00,9300,6276,6272,6275,6273,6278,6274,6276,6274,6276.5,6273.0,6275.5,6273.5
2025-08-06 01:45:00,11900,6276,6267,6273,6270,6277,6268,6274,6271,6276.5,6267.5,6273.5,6270.5
2025-08-06 01:50:00,10100,6271,6266,6270,6268,6272,6267,6271,6269,6271.5,6266.5,6270.5,6268.5
2025-08-06 01:55:00,13100,6277,6268,6268,6276,6278,6269,6269,6277,6277.5,6268.5,6268.5,6276.5
2025-08-06 02:00:00,16300,6284,6276,6276,6282,6285,6277,6277,6284,6284.5,6276.5,6276.5,6283.0
2025-08-06 02:05:00,10400,6283,6277,6282,6279,6284,6279,6284,6280,6283.5,6278.0,6283.0,6279.5
2025-08-06 02:10:00,12800,6286,6276,6278,6284,6288,6278,6280,6285,6287.0,6277.5,6279.0,6284.5
2025-08-06 02:15:00,7900,6287,6281,6284,6287,6288,6283,6285,6288,6287.5,6282.0,6284.5,6287.5
2025-08-06 02:20:00,20600,6294,6287,6287,6291,6295,6288,6288,6292,6294.5,6287.5,6287.5,6291.5
2025-08-06 02:25:00,13500,6294,6290,6291,6291,6295,6291,6292,6295,6294.5,6290.5,6291.5,6293.0
2025-08-06 02:30:00,7000,6290,6290,6290,6290,6295,6295,6295,6295,6292.5,6292.5,6292.5,6292.5
2025-08-06 03:30:00,40600,6298,6286,6286,6297,6299,6287,6287,6299,6298.5,6286.5,6286.5,6298.0
2025-08-06 03:35:00,38400,6299,6294,6297,6295,6301,6295,6299,6297,6300.0,6294.5,6298.0,6296.0
2025-08-06 03:40:00,5200,6296,6288,6295,6289,6297,6290,6297,6290,6296.5,6289.0,6296.0,6289.5
2025-08-06 03:45:00,6500,6291,6286,6289,6287,6292,6288,6290,6288,6291.5,6287.0,6289.5,6287.5
2025-08-06 03:50:00,6400,6291,6286,6287,6290,6292,6288,6288,6291,6291.5,6287.0,6287.5,6290.5
2025-08-06 03:55:00,8300,6296,6290,6290,6295,6297,6291,6291,6296,6296.5,6290.5,6290.5,6295.5
2025-08-06 04:00:00,19600,6303,6294,6295,6299,6305,6295,6296,6300,6304.0,6294.5,6295.5,6299.5
2025-08-06 04:05:00,6300,6299,6296,6299,6298,6300,6297,6300,6299,6299.5,6296.5,6299.5,6298.5
2025-08-06 04:10:00,7700,6300,6295,6298,6296,6301,6296,6299,6298,6300.5,6295.5,6298.5,6297.0
2025-08-06 04:15:00,5600,6298,6295,6296,6296,6299,6297,6298,6297,6298.5,6296.0,6297.0,6296.5
2025-08-06 04:20:00,4600,6299,6296,6296,6298,6301,6297,6297,6299,6300.0,6296.5,6296.5,6298.5
2025-08-06 04:25:00,8200,6298,6292,6298,6293,6299,6293,6299,6294,6298.5,6292.5,6298.5,6293.5
2025-08-06 04:30:00,8200,6293,6287,6293,6287,6294,6288,6294,6288,6293.5,6287.5,6293.5,6287.5
2025-08-06 04:35:00,8200,6288,6285,6287,6286,6289,6286,6288,6287,6288.5,6285.5,6287.5,6286.5
2025-08-06 04:40:00,4400,6289,6285,6286,6289,6290,6286,6287,6290,6289.5,6285.5,6286.5,6289.5
2025-08-06 04:45:00,7600,6290,6286,6289,6286,6291,6287,6290,6287,6290.5,6286.5,6289.5,6286.5
2025-08-06 04:50:00,5700,6288,6286,6286,6287,6289,6287,6287,6288,6288.5,6286.5,6286.5,6287.5
2025-08-06 04:55:00,8600,6287,6282,6287,6285,6288,6284,6288,6287,6287.5,6283.0,6287.5,6286.0
2025-08-06 05:00:00,6600,6288,6284,6285,6286,6290,6285,6287,6287,6289.0,6284.5,6286.0,6286.5
2025-08-06 05:05:00,7600,6287,6284,6286,6286,6288,6285,6287,6287,6287.5,6284.5,6286.5,6286.5
2025-08-06 05:10:00,3900,6287,6285,6286,6287,6288,6286,6287,6288,6287.5,6285.5,6286.5,6287.5
2025-08-06 05:15:00,7500,6287,6281,6287,6281,6288,6282,6288,6282,6287.5,6281.5,6287.5,6281.5
2025-08-06 05:20:00,6200,6283,6276,6281,6276,6284,6277,6282,6277,6283.5,6276.5,6281.5,6276.5
2025-08-06 05:25:00,4500,6279,6276,6276,6278,6280,6277,6277,6279,6279.5,6276.5,6276.5,6278.5
2025-08-06 05:30:00,7100,6280,6277,6278,6279,6281,6278,6279,6280,6280.5,6277.5,6278.5,6279.5
2025-08-06 05:35:00,8800,6282,6279,6279,6281,6283,6280,6280,6283,6282.5,6279.5,6279.5,6282.0
2025-08-06 05:40:00,2800,6282,6281,6281,6282,6283,6283,6283,6283,6282.5,6282.0,6282.0,6282.5
2025-08-06 05:45:00,10100,6286,6281,6282,6285,6287,6282,6283,6286,6286.5,6281.5,6282.5,6285.5
2025-08-06 05:50:00,5800,6285,6278,6285,6280,6286,6279,6286,6281,6285.5,6278.5,6285.5,6280.5
2025-08-06 05:55:00,9700,6283,6279,6280,6282,6284,6280,6281,6284,6283.5,6279.5,6280.5,6283.0
2025-08-06 06:00:00,16800,6287,6282,6282,6285,6288,6284,6284,6286,6287.5,6283.0,6283.0,6285.5
2025-08-06 06:05:00,9200,6286,6283,6285,6284,6287,6285,6286,6285,6286.5,6284.0,6285.5,6284.5
2025-08-06 06:10:00,9000,6285,6280,6284,6281,6286,6281,6285,6283,6285.5,6280.5,6284.5,6282.0
2025-08-06 06:15:00,10100,6286,6281,6281,6285,6287,6282,6283,6286,6286.5,6281.5,6282.0,6285.5
2025-08-06 06:20:00,14900,6285,6280,6285,6282,6286,6281,6286,6283,6285.5,6280.5,6285.5,6282.5
2025-08-06 06:25:00,,6305,6262,6304,6272,6306,6263,6305,6273,6305.5,6262.5,6304.5,6272.5
2025-08-06 06:30:00,319400,6272,6272,6272,6272,6283,6283,6283,6283,6277.5,6277.5,6277.5,6277.5
2025-08-07 00:00:00,151000,6290,6251,6263,6275,6291,6253,6264,6278,6290.5,6252.0,6263.5,6276.5
2025-08-07 00:05:00,49900,6286,6270,6275,6271,6288,6271,6278,6274,6287.0,6270.5,6276.5,6272.5
2025-08-07 00:10:00,38700,6288,6264,6271,6287,6290,6266,6274,6289,6289.0,6265.0,6272.5,6288.0
2025-08-07 00:15:00,23700,6289,6278,6287,6282,6291,6280,6289,6284,6290.0,6279.0,6288.0,6283.0
2025-08-07 00:20:00,21100,6283,6277,6282,6283,6286,6278,6284,6285,6284.5,6277.5,6283.0,6284.0
2025-08-07 00:25:00,28800,6298,6282,6283,6294,6299,6284,6285,6297,6298.5,6283.0,6284.0,6295.5
2025-08-07 00:30:00,36100,6309,6294,6294,6302,6310,6296,6297,6303,6309.5,6295.5,6295.5,6302.5
2025-08-07 00:35:00,13000,6311,6301,6302,6310,6312,6302,6303,6312,6311.5,6301.5,6302.5,6311.0
2025-08-07 00:40:00,24600,6311,6298,6310,6302,6312,6299,6312,6304,6311.5,6298.5,6311.0,6303.0
2025-08-07 00:45:00,10400,6305,6300,6302,6303,6306,6302,6304,6305,6305.5,6301.0,6303.0,6304.0
2025-08-07 00:50:00,23100,6312,6298,6303,6299,6313,6299,6305,6301,6312.5,6298.5,6304.0,6300.0
2025-08-07 00:55:00,11400,6302,6295,6299,6298,6305,6296,6301,6299,6303.5,6295.5,6300.0,6298.5
2025-08-07 01:00:00,12900,6300,6293,6298,6294,6302,6294,6299,6296,6301.0,6293.5,6298.5,6295.0
2025-08-07 01:05:00,21200,6300,6293,6294,6296,6303,6294,6296,6298,6301.0,6293.5,6295.0,6297.0
2025-08-07 01:10:00,8200,6300,6295,6296,6297,6301,6296,6298,6299,6300.5,6295.5,6297.0,6298.0
2025-08-07 01:15:00,9300,6298,6293,6297,6295,6299,6294,6299,6297,6298.5,6293.5,6298.0,6296.0
2025-08-07 01:20:00,10800,6301,6295,6295,6301,6302,6296,6297,6302,6301.5,6295.5,6296.0,6301.5
2025-08-07 01:25:00,10600,6302,6298,6301,6300,6304,6299,6302,6302,6303.0,6298.5,6301.5,6301.0
2025-08-07 01:30:00,10000,6303,6297,6300,6302,6305,6299,6302,6304,6304.0,6298.0,6301.0,6303.0
2025-08-07 01:35:00,10500,6306,6300,6302,6304,6307,6301,6304,6306,6306.5,6300.5,6303.0,6305.0
2025-08-07 01:40:00,18000,6309,6300,6304,6304,6311,6301,6306,6306,6310.0,6300.5,6305.0,6305.0
2025-08-07 01:45:00,15600,6304,6299,6304,6301,6306,6300,6306,6304,6305.0,6299.5,6305.0,6302.5
2025-08-07 01:50:00,7800,6303,6298,6301,6298,6304,6299,6304,6299,6303.5,6298.5,6302.5,6298.5
2025-08-07 01:55:00,11900,6298,6293,6298,6293,6299,6294,6299,6295,6298.5,6293.5,6298.5,6294.0
2025-08-07 02:00:00,12900,6303,6293,6293,6302,6304,6295,6295,6304,6303.5,6294.0,6294.0,6303.0
2025-08-07 02:05:00,9200,6305,6301,6302,6301,6307,6302,6304,6302,6306.0,6301.5,6303.0,6301.5
2025-08-07 02:10:00,6800,6306,6301,6301,6304,6307,6302,6302,6306,6306.5,6301.5,6301.5,6305.0
2025-08-07 02:15:00,9800,6307,6303,6304,6303,6308,6304,6306,6305,6307.5,6303.5,6305.0,6304.0
2025-08-07 02:20:00,5500,6303,6301,6303,6302,6305,6302,6305,6303,6304.0,6301.5,6304.0,6302.5
2025-08-07 02:25:00,14900,6304,6300,6302,6304,6305,6301,6303,6305,6304.5,6300.5,6302.5,6304.5
2025-08-07 02:30:00,900,6304,6304,6304,6304,6305,6305,6305,6305,6304.5,6304.5,6304.5,6304.5
2025-08-07 03:30:00,73100,6299,6274,6295,6279,6302,6275,6296,6281,6300.5,6274.5,6295.5,6280.0
2025-08-07 03:35:00,30200,6285,6275,6279,6282,6286,6276,6281,6283,6285.5,6275.5,6280.0,6282.5
2025-08-07 03:40:00,17300,6284,6275,6282,6284,6285,6276,6283,6285,6284.5,6275.5,6282.5,6284.5
2025-08-07 03:45:00,13100,6287,6280,6284,6281,6288,6282,6285,6282,6287.5,6281.0,6284.5,6281.5
2025-08-07 03:50:00,15500,6284,6280,6281,6282,6286,6282,6282,6283,6285.0,6281.0,6281.5,6282.5
2025-08-07 03:55:00,12200,6287,6281,6282,6285,6288,6282,6283,6286,6287.5,6281.5,6282.5,6285.5
2025-08-07 04:00:00,23600,6289,6279,6285,6279,6290,6280,6286,6281,6289.5,6279.5,6285.5,6280.0
2025-08-07 04:05:00,13100,6281,6275,6279,6278,6282,6276,6281,6279,6281.5,6275.5,6280.0,6278.5
2025-08-07 04:10:00,10900,6285,6278,6278,6282,6286,6279,6279,6284,6285.5,6278.5,6278.5,6283.0
2025-08-07 04:15:00,15600,6284,6279,6282,6279,6285,6280,6284,6281,6284.5,6279.5,6283.0,6280.0
2025-08-07 04:20:00,11300,6281,6276,6279,6277,6282,6277,6281,6278,6281.5,6276.5,6280.0,6277.5
2025-08-07 04:25:00,13700,6277,6271,6277,6275,6278,6272,6278,6276,6277.5,6271.5,6277.5,6275.5
2025-08-07 04:30:00,7800,6277,6273,6275,6274,6278,6274,6276,6276,6277.5,6273.5,6275.5,6275.0
2025-08-07 04:35:00,17700,6275,6266,6274,6268,6276,6267,6276,6269,6275.5,6266.5,6275.0,6268.5
2025-08-07 04:40:00,10900,6268,6263,6268,6264,6270,6264,6269,6266,6269.0,6263.5,6268.5,6265.0
2025-08-07 04:45:00,18700,6264,6259,6264,6260,6266,6260,6266,6261,6265.0,6259.5,6265.0,6260.5
2025-08-07 04:50:00,13200,6263,6253,6260,6253,6264,6254,6261,6255,6263.5,6253.5,6260.5,6254.0
2025-08-07 04:55:00,9300,6259,6253,6253,6258,6260,6255,6255,6259,6259.5,6254.0,6254.0,6258.5
2025-08-07 05:00:00,31100,6260,6251,6258,6253,6262,6252,6260,6255,6261.0,6251.5,6259.0,6254.0
2025-08-07 05:05:00,14000,6261,6252,6253,6258,6262,6253,6255,6259,6261.5,6252.5,6254.0,6258.5
2025-08-07 05:10:00,6800,6261,6257,6258,6261,6262,6258,6259,6262,6261.5,6257.5,6258.5,6261.5
2025-08-07 05:15:00,10300,6263,6257,6261,6260,6264,6259,6262,6262,6263.5,6258.0,6261.5,6261.0
2025-08-07 05:20:00,8500,6263,6257,6260,6261,6264,6258,6262,6263,6263.5,6257.5,6261.0,6262.0
2025-08-07 05:25:00,10500,6265,6260,6261,6265,6267,6261,6263,6266,6266.0,6260.5,6262.0,6265.5
2025-08-07 05:30:00,10500,6269,6265,6265,6267,6270,6266,6266,6269,6269.5,6265.5,6265.5,6268.0
2025-08-07 05:35:00,15900,6270,6265,6267,6265,6271,6266,6269,6266,6270.5,6265.5,6268.0,6265.5
2025-08-07 05:40:00,10700,6267,6261,6265,6265,6268,6262,6266,6267,6267.5,6261.5,6265.5,6266.0
2025-08-07 05:45:00,7600,6266,6262,6265,6265,6267,6263,6267,6266,6266.5,6262.5,6266.0,6265.5
2025-08-07 05:50:00,14200,6267,6260,6265,6261,6268,6261,6266,6262,6267.5,6260.5,6265.5,6261.5
2025-08-07 05:55:00,22200,6263,6256,6261,6259,6264,6257,6262,6261,6263.5,6256.5,6261.5,6260.0
2025-08-07 06:00:00,17500,6263,6256,6259,6257,6264,6258,6261,6259,6263.5,6257.0,6260.0,6258.0
2025-08-07 06:05:00,15800,6259,6255,6257,6256,6260,6256,6259,6258,6259.5,6255.5,6258.0,6257.0
2025-08-07 06:10:00,19100,6259,6253,6256,6256,6260,6255,6258,6257,6259.5,6254.5,6257.0,6256.5
2025-08-07 06:15:00,27500,6256,6247,6256,6252,6257,6248,6257,6253,6256.5,6247.5,6256.5,6252.5
2025-08-07 06:20:00,22800,6259,6252,6252,6257,6260,6253,6253,6258,6259.5,6252.5,6252.5,6257.5
2025-08-07 06:25:00,,6284,6218,6231,6256,6285,6219,6232,6257,6284.5,6218.5,6231.5,6256.5
2025-08-07 06:30:00,425300,6252,6252,6252,6252,6260,6260,6260,6260,6256.0,6256.0,6256.0,6256.0
2025-08-08 00:00:00,330700,6309,6236,6308,6261,6310,6239,6309,6263,6309.5,6237.5,6308.5,6262.0
2025-08-08 00:05:00,53200,6274,6250,6261,6272,6276,6252,6263,6273,6275.0,6251.5,6262.0,6272.5
2025-08-08 00:10:00,45500,6294,6271,6272,6288,6295,6273,6273,6289,6294.5,6272.0,6272.5,6288.5
2025-08-08 00:15:00,44400,6288,6266,6288,6266,6289,6267,6289,6268,6288.5,6266.5,6288.5,6267.0
2025-08-08 00:20:00,48300,6271,6250,6266,6256,6272,6251,6269,6257,6271.5,6250.5,6267.5,6256.5
2025-08-08 00:25:00,39300,6265,6253,6256,6253,6267,6254,6257,6255,6266.0,6253.5,6256.5,6254.0
2025-08-08 00:30:00,31000,6258,6247,6253,6248,6261,6249,6255,6250,6259.5,6248.5,6254.0,6249.0
2025-08-08 00:35:00,50200,6281,6245,6248,6279,6282,6246,6250,6282,6281.5,6245.5,6249.0,6280.5
2025-08-08 00:40:00,19200,6282,6270,6279,6271,6284,6272,6281,6273,6283.0,6271.0,6280.0,6272.0
2025-08-08 00:45:00,43600,6289,6263,6271,6278,6290,6266,6273,6280,6289.5,6264.5,6272.0,6279.0
2025-08-08 00:50:00,39700,6290,6278,6278,6289,6291,6280,6280,6291,6290.5,6279.0,6279.0,6290.0
2025-08-08 00:55:00,32400,6292,6279,6289,6290,6293,6280,6291,6291,6292.5,6279.5,6290.0,6290.5
2025-08-08 01:00:00,27600,6293,6286,6290,6293,6294,6287,6291,6294,6293.5,6286.5,6290.5,6293.5
2025-08-08 01:05:00,38500,6299,6290,6293,6293,6300,6292,6294,6294,6299.5,6291.0,6293.5,6293.5
2025-08-08 01:10:00,22500,6297,6288,6293,6294,6298,6290,6294,6296,6297.5,6289.0,6293.5,6295.0
2025-08-08 01:15:00,46600,6305,6292,6294,6304,6306,6293,6296,6305,6305.5,6292.5,6295.0,6304.5
2025-08-08 01:20:00,59300,6315,6301,6304,6303,6317,6303,6305,6305,6316.0,6302.0,6304.5,6304.0
2025-08-08 01:25:00,31300,6303,6292,6303,6300,6305,6293,6305,6301,6304.0,6292.5,6304.0,6300.5
2025-08-08 01:30:00,27900,6301,6290,6300,6293,6303,6291,6301,6294,6302.0,6290.5,6300.5,6293.5
2025-08-08 01:35:00,19700,6293,6285,6293,6288,6295,6286,6294,6289,6294.0,6285.5,6293.5,6288.5
2025-08-08 01:40:00,24200,6291,6285,6288,6285,6293,6286,6289,6286,6292.0,6285.5,6288.5,6285.5
2025-08-08 01:45:00,21700,6288,6279,6285,6279,6290,6280,6286,6281,6289.0,6279.5,6285.5,6280.0
2025-08-08 01:50:00,37000,6283,6271,6279,6273,6284,6273,6281,6275,6283.5,6272.0,6280.0,6274.0
2025-08-08 01:55:00,33000,6289,6271,6273,6289,6292,6272,6275,6292,6290.5,6271.5,6274.0,6290.5
2025-08-08 02:00:00,95900,6337,6289,6289,6315,6338,6292,6292,6316,6337.5,6290.5,6290.5,6315.5
2025-08-08 02:05:00,26300,6329,6304,6315,6326,6331,6313,6317,6327,6330.0,6308.5,6316.0,6326.5
2025-08-08 02:10:00,107900,6368,6326,6326,6350,6369,6327,6327,6353,6368.5,6326.5,6326.5,6351.5
2025-08-08 02:15:00,130300,6434,6350,6350,6391,6436,6353,6353,6395,6435.0,6351.5,6351.5,6393.0
2025-08-08 02:20:00,42900,6395,6362,6393,6369,6397,6365,6395,6371,6396.0,6363.5,6394.0,6370.0
2025-08-08 02:25:00,27700,6371,6350,6370,6351,6373,6352,6371,6354,6372.0,6351.0,6370.5,6352.5
2025-08-08 02:30:00,4200,6349,6349,6349,6349,6354,6354,6354,6354,6351.5,6351.5,6351.5,6351.5
2025-08-08 03:30:00,180700,6441,6353,6364,6376,6445,6365,6365,6378,6443.0,6359.0,6364.5,6377.0
2025-08-08 03:35:00,41900,6390,6369,6376,6375,6393,6370,6378,6377,6391.5,6369.5,6377.0,6376.0
2025-08-08 03:40:00,23700,6383,6363,6375,6374,6385,6366,6377,6377,6384.0,6365.5,6376.0,6375.5
2025-08-08 03:45:00,30600,6378,6356,6374,6362,6381,6362,6377,6364,6379.0,6359.5,6375.5,6363.0
2025-08-08 03:50:00,18600,6372,6361,6361,6368,6374,6362,6364,6370,6373.0,6361.5,6362.5,6369.0
2025-08-08 03:55:00,29000,6374,6354,6368,6356,6375,6357,6370,6357,6374.5,6356.0,6369.0,6356.5
2025-08-08 04:00:00,22200,6372,6348,6356,6364,6374,6349,6357,6365,6373.0,6348.5,6356.5,6364.5
2025-08-08 04:05:00,31600,6368,6356,6364,6361,6370,6358,6365,6362,6369.0,6357.0,6364.5,6361.5
2025-08-08 04:10:00,12200,6366,6359,6361,6362,6368,6360,6362,6364,6367.0,6359.5,6361.5,6363.0
2025-08-08 04:15:00,21300,6363,6353,6362,6355,6364,6354,6364,6357,6363.5,6353.5,6363.0,6356.0
2025-08-08 04:20:00,32500,6383,6355,6355,6381,6385,6357,6358,6383,6384.0,6356.0,6356.5,6382.0
2025-08-08 04:25:00,18200,6390,6378,6381,6386,6391,6379,6383,6388,6390.5,6378.5,6382.0,6387.0
2025-08-08 04:30:00,17100,6391,6386,6386,6388,6392,6387,6388,6390,6391.5,6386.5,6387.0,6389.0
2025-08-08 04:35:00,15100,6389,6374,6388,6380,6390,6376,6390,6382,6389.5,6375.0,6389.0,6381.0
2025-08-08 04:40:00,9000,6386,6380,6380,6382,6387,6381,6382,6383,6386.5,6380.5,6381.0,6382.5
2025-08-08 04:45:00,11000,6386,6380,6382,6383,6388,6382,6383,6384,6387.0,6381.5,6382.5,6383.5
2025-08-08 04:50:00,9300,6384,6374,6383,6376,6385,6376,6384,6378,6384.5,6375.0,6383.5,6377.0
2025-08-08 04:55:00,9000,6381,6371,6376,6371,6383,6372,6378,6373,6382.0,6371.5,6377.0,6372.0
2025-08-08 05:00:00,15400,6371,6361,6371,6363,6373,6363,6373,6365,6372.0,6362.0,6372.0,6364.0
2025-08-08 05:05:00,30500,6375,6363,6363,6373,6377,6365,6365,6375,6376.0,6364.0,6364.0,6374.0
2025-08-08 05:10:00,18900,6388,6373,6373,6382,6389,6375,6375,6383,6388.5,6374.0,6374.0,6382.5
2025-08-08 05:15:00,23900,6384,6369,6382,6375,6385,6371,6383,6376,6384.5,6370.0,6382.5,6375.5
2025-08-08 05:20:00,13600,6378,6371,6375,6375,6379,6372,6376,6377,6378.5,6371.5,6375.5,6376.0
2025-08-08 05:25:00,46100,6398,6368,6375,6393,6399,6370,6377,6396,6398.5,6369.5,6376.0,6394.5
2025-08-08 05:30:00,805500,6515,6268,6393,6395,6519,6274,6396,6396,6517.0,6271.0,6394.5,6395.5
2025-08-08 05:35:00,427400,6533,6393,6395,6508,6538,6395,6396,6511,6534.0,6394.0,6395.5,6509.5
2025-08-08 05:40:00,316700,6533,6495,6508,6519,6534,6497,6511,6520,6533.5,6496.0,6509.5,6519.5
2025-08-08 05:45:00,317600,6559,6503,6519,6526,6560,6505,6520,6528,6559.5,6504.5,6519.5,6527.0
2025-08-08 05:50:00,172600,6547,6512,6526,6536,6548,6515,6528,6537,6547.5,6513.5,6527.0,6536.5
2025-08-08 05:55:00,180700,6557,6519,6536,6534,6558,6520,6537,6535,6557.5,6519.5,6536.5,6534.5
2025-08-08 06:00:00,163000,6571,6530,6534,6561,6573,6533,6535,6563,6572.0,6531.5,6534.5,6562.0
2025-08-08 06:05:00,122100,6564,6519,6561,6525,6565,6520,6563,6527,6564.5,6519.5,6562.0,6526.0
2025-08-08 06:10:00,133000,6544,6512,6525,6536,6546,6513,6527,6537,6544.5,6512.5,6526.0,6536.5
2025-08-08 06:15:00,135300,6569,6536,6536,6542,6570,6537,6537,6545,6569.5,6536.5,6536.5,6543.5
2025-08-08 06:20:00,89100,6549,6529,6542,6543,6550,6530,6545,6545,6549.5,6529.5,6543.5,6544.0
2025-08-08 06:25:00,,6717,6356,6502,6548,6718,6356,6503,6549,6717.5,6356.0,6502.5,6548.5
2025-08-08 06:30:00,748800,6545,6545,6545,6545,6550,6550,6550,6550,6547.5,6547.5,6547.5,6547.5
2025-08-12 00:00:00,395100,6611,6523,6554,6601,6612,6528,6555,6604,6611.5,6527.5,6554.5,6602.5
2025-08-12 00:05:00,103700,6610,6563,6601,6608,6611,6565,6604,6610,6610.5,6564.0,6602.5,6609.0
2025-08-12 00:10:00,110300,6625,6600,6608,6620,6627,6602,6610,6622,6626.0,6601.0,6609.0,6621.0
2025-08-12 00:15:00,56200,6620,6595,6620,6608,6623,6598,6622,6610,6621.5,6597.0,6621.0,6609.0
2025-08-12 00:20:00,37900,6609,6587,6608,6597,6611,6589,6610,6599,6610.0,6588.0,6609.0,6598.0
2025-08-12 00:25:00,88100,6636,6591,6597,6624,6637,6592,6599,6625,6636.5,6591.5,6598.0,6624.5
2025-08-12 00:30:00,40500,6627,6610,6624,6615,6629,6611,6625,6617,6627.5,6610.5,6624.5,6616.0
2025-08-12 00:35:00,45500,6627,6612,6615,6612,6628,6613,6617,6615,6627.5,6612.5,6616.0,6613.5
2025-08-12 00:40:00,36300,6614,6590,6612,6603,6615,6592,6615,6606,6614.5,6591.0,6613.5,6604.5
2025-08-12 00:45:00,53600,6604,6585,6603,6596,6606,6586,6606,6598,6605.0,6585.5,6604.5,6597.0
2025-08-12 00:50:00,52800,6605,6586,6596,6600,6607,6587,6598,6603,6606.0,6586.5,6597.0,6601.5
2025-08-12 00:55:00,27900,6615,6600,6600,6611,6616,6602,6603,6612,6615.5,6601.0,6601.5,6611.5
2025-08-12 01:00:00,41800,6624,6604,6611,6611,6625,6606,6612,6612,6624.5,6605.0,6611.5,6611.5
2025-08-12 01:05:00,31500,6628,6607,6611,6626,6629,6608,6612,6628,6628.5,6607.5,6611.5,6627.0
2025-08-12 01:10:00,21000,6628,6610,6626,6612,6629,6611,6628,6614,6628.5,6610.5,6627.0,6613.0
2025-08-12 01:15:00,23100,6625,6612,6612,6623,6627,6613,6615,6624,6626.0,6612.5,6613.5,6623.5
2025-08-12 01:20:00,33800,6625,6609,6623,6610,6627,6610,6624,6612,6625.5,6609.5,6623.5,6611.0
2025-08-12 01:25:00,26600,6621,6605,6610,6620,6623,6607,6612,6622,6622.0,6606.0,6611.0,6621.0
2025-08-12 01:30:00,27300,6624,6611,6620,6619,6625,6613,6622,6621,6624.5,6612.0,6621.0,6620.0
2025-08-12 01:35:00,30500,6626,6613,6619,6615,6627,6615,6621,6617,6626.5,6614.0,6620.0,6616.0
2025-08-12 01:40:00,28700,6622,6610,6615,6619,6624,6613,6617,6621,6623.0,6611.5,6616.0,6620.0
2025-08-12 01:45:00,39900,6628,6618,6619,6628,6629,6621,6621,6629,6628.5,6619.5,6620.0,6628.5
2025-08-12 01:50:00,41300,6631,6622,6628,6624,6632,6624,6629,6626,6631.5,6623.0,6628.5,6625.0
2025-08-12 01:55:00,35800,6633,6620,6624,6632,6634,6622,6626,6634,6633.5,6621.0,6625.0,6633.0
2025-08-12 02:00:00,22200,6633,6620,6632,6627,6634,6622,6634,6629,6633.5,6621.0,6633.0,6628.0
2025-08-12 02:05:00,17200,6628,6615,6627,6619,6630,6617,6629,6621,6629.0,6616.0,6628.0,6620.0
2025-08-12 02:10:00,18400,6626,6615,6619,6626,6627,6616,6621,6627,6626.5,6615.5,6620.0,6626.5
2025-08-12 02:15:00,36000,6634,6624,6626,6627,6635,6626,6628,6629,6634.5,6625.0,6627.0,6628.0
2025-08-12 02:20:00,35900,6634,6627,6627,6631,6635,6629,6629,6633,6634.5,6628.0,6628.0,6632.0
2025-08-12 02:25:00,30000,6635,6628,6631,6633,6636,6629,6633,6634,6635.5,6628.5,6632.0,6633.5
2025-08-12 02:30:00,4300,6633,6633,6633,6633,6635,6635,6635,6635,6634.0,6634.0,6634.0,6634.0
2025-08-12 03:30:00,121200,6646,6616,6638,6625,6648,6617,6639,6627,6647.0,6616.5,6638.5,6626.0
2025-08-12 03:35:00,52300,6628,6613,6625,6620,6630,6614,6627,6623,6629.0,6613.5,6626.0,6621.5
2025-08-12 03:40:00,29800,6630,6620,6620,6626,6631,6623,6623,6627,6630.5,6621.5,6621.5,6626.5
2025-08-12 03:45:00,27000,6637,6626,6626,6630,6638,6627,6627,6632,6637.5,6626.5,6626.5,6631.0
2025-08-12 03:50:00,24000,6637,6626,6630,6637,6638,6628,6632,6638,6637.5,6627.0,6631.0,6637.5
2025-08-12 03:55:00,23700,6641,6635,6637,6636,6642,6637,6638,6638,6641.5,6636.0,6637.5,6637.0
2025-08-12 04:00:00,22900,6640,6630,6636,6631,6641,6633,6638,6633,6640.5,6631.5,6637.0,6632.0
2025-08-12 04:05:00,48500,6632,6607,6631,6616,6634,6609,6633,6618,6633.0,6608.0,6632.0,6617.0
2025-08-12 04:10:00,15400,6618,6610,6616,6610,6619,6612,6618,6612,6618.5,6611.0,6617.0,6611.0
2025-08-12 04:15:00,20600,6617,6610,6610,6617,6619,6612,6612,6619,6618.0,6611.0,6611.0,6618.0
2025-08-12 04:20:00,25200,6618,6607,6617,6609,6619,6608,6619,6611,6618.5,6607.5,6618.0,6610.0
2025-08-12 04:25:00,20900,6615,6602,6609,6607,6616,6604,6611,6608,6615.5,6603.0,6610.0,6607.5
2025-08-12 04:30:00,31100,6616,6607,6607,6616,6617,6608,6608,6617,6616.5,6607.5,6607.5,6616.5
2025-08-12 04:35:00,16300,6625,6610,6616,6623,6626,6612,6617,6625,6625.5,6611.0,6616.5,6624.0
2025-08-12 04:40:00,18500,6631,6623,6623,6630,6633,6624,6624,6632,6632.0,6623.5,6623.5,6631.0
2025-08-12 04:45:00,22600,6633,6619,6630,6624,6634,6620,6632,6626,6633.5,6619.5,6631.0,6625.0
2025-08-12 04:50:00,20300,6625,6608,6624,6610,6626,6610,6626,6612,6625.5,6609.0,6625.0,6611.0
2025-08-12 04:55:00,24900,6621,6610,6610,6618,6622,6612,6612,6620,6621.5,6611.0,6611.0,6619.0
2025-08-12 05:00:00,39600,6624,6609,6618,6619,6625,6611,6620,6621,6624.5,6610.0,6619.0,6620.0
2025-08-12 05:05:00,51800,6639,6619,6619,6629,6641,6621,6621,6631,6640.0,6620.0,6620.0,6630.0
2025-08-12 05:10:00,20800,6637,6629,6629,6635,6639,6630,6631,6636,6638.0,6629.5,6630.0,6635.5
2025-08-12 05:15:00,24300,6641,6635,6635,6639,6642,6636,6636,6641,6641.5,6635.5,6635.5,6640.0
2025-08-12 05:20:00,19600,6641,6633,6639,6638,6642,6635,6641,6639,6641.5,6634.0,6640.0,6638.5
2025-08-12 05:25:00,23400,6642,6637,6638,6639,6643,6639,6639,6640,6642.5,6638.0,6638.5,6639.5
2025-08-12 05:30:00,30600,6641,6630,6638,6634,6642,6632,6640,6635,6641.5,6631.0,6639.0,6634.5
2025-08-12 05:35:00,24800,6637,6633,6634,6634,6638,6634,6635,6636,6637.5,6633.5,6634.5,6635.0
2025-08-12 05:40:00,24000,6639,6631,6634,6636,6640,6633,6636,6638,6639.5,6632.0,6635.0,6637.0
2025-08-12 05:45:00,17300,6639,6635,6636,6639,6640,6636,6638,6640,6639.5,6635.5,6637.0,6639.5
2025-08-12 05:50:00,35200,6642,6633,6639,6633,6643,6634,6640,6634,6642.5,6633.5,6639.5,6633.5
2025-08-12 05:55:00,24000,6637,6631,6633,6634,6638,6632,6634,6635,6637.5,6631.5,6633.5,6634.5
2025-08-12 06:00:00,28100,6634,6625,6634,6626,6635,6626,6635,6627,6634.5,6625.5,6634.5,6626.5
2025-08-12 06:05:00,20100,6629,6625,6626,6629,6630,6627,6627,6630,6629.5,6626.0,6626.5,6629.5
2025-08-12 06:10:00,26900,6629,6621,6629,6623,6630,6622,6630,6624,6629.5,6621.5,6629.5,6623.5
2025-08-12 06:15:00,34500,6623,6613,6623,6617,6624,6614,6624,6618,6623.5,6613.5,6623.5,6617.5
2025-08-12 06:20:00,36700,6628,6613,6617,6626,6629,6615,6618,6628,6628.5,6614.0,6617.5,6627.0
2025-08-12 06:25:00,,6658,6586,6589,6611,6659,6587,6589,6612,6658.5,6586.5,6589.0,6611.5
2025-08-12 06:30:00,597400,6611,6611,6611,6611,6626,6626,6626,6626,6618.5,6618.5,6618.5,6618.5
2025-08-13 00:00:00,217300,6685,6649,6649,6660,6686,6650,6650,6663,6685.5,6649.5,6649.5,6661.5
2025-08-13 00:05:00,65700,6660,6625,6660,6640,6663,6626,6663,6641,6661.5,6625.5,6661.5,6640.5
2025-08-13 00:10:00,29400,6646,6633,6640,6638,6647,6636,6641,6640,6646.5,6634.5,6640.5,6639.0
2025-08-13 00:15:00,27000,6644,6636,6638,6642,6646,6637,6640,6644,6644.5,6636.5,6639.0,6643.0
2025-08-13 00:20:00,21000,6649,6640,6642,6642,6650,6642,6644,6644,6649.5,6641.0,6643.0,6643.0
2025-08-13 00:25:00,25400,6651,6636,6642,6649,6653,6638,6644,6651,6651.5,6637.0,6643.0,6650.0
2025-08-13 00:30:00,19000,6653,6647,6649,6652,6654,6648,6651,6653,6653.5,6647.5,6650.0,6652.5
2025-08-13 00:35:00,23000,6657,6647,6652,6655,6658,6649,6653,6657,6657.5,6648.0,6652.5,6656.0
2025-08-13 00:40:00,18900,6657,6650,6655,6650,6658,6652,6657,6652,6657.5,6651.0,6656.0,6651.0
2025-08-13 00:45:00,16400,6655,6644,6650,6648,6656,6646,6652,6651,6655.5,6645.0,6651.0,6649.5
2025-08-13 00:50:00,10700,6653,6645,6648,6647,6654,6646,6651,6649,6653.5,6645.5,6649.5,6648.0
2025-08-13 00:55:00,14300,6654,6647,6647,6653,6655,6649,6649,6654,6654.5,6648.0,6648.0,6653.5
2025-08-13 01:00:00,35100,6664,6650,6653,6664,6665,6652,6654,6665,6664.5,6651.0,6653.5,6664.5
2025-08-13 01:05:00,19500,6667,6657,6664,6661,6668,6658,6665,6663,6667.5,6657.5,6664.5,6662.0
2025-08-13 01:10:00,14400,6664,6653,6661,6656,6665,6655,6663,6658,6664.5,6654.0,6662.0,6657.0
2025-08-13 01:15:00,7100,6659,6654,6656,6658,6660,6655,6658,6660,6659.5,6654.5,6657.0,6659.0
2025-08-13 01:20:00,13900,6661,6654,6658,6654,6662,6656,6660,6656,6661.5,6655.0,6659.0,6655.0
2025-08-13 01:25:00,12700,6655,6648,6654,6654,6656,6649,6656,6655,6655.5,6648.5,6655.0,6654.5
2025-08-13 01:30:00,12500,6654,6649,6654,6650,6655,6651,6655,6652,6654.5,6650.5,6654.5,6651.0
2025-08-13 01:35:00,10300,6654,6646,6650,6651,6655,6648,6652,6653,6654.5,6647.0,6651.0,6652.0
2025-08-13 01:40:00,10100,6652,6642,6651,6647,6653,6645,6653,6649,6652.5,6643.5,6652.0,6648.0
2025-08-13 01:45:00,14900,6652,6643,6647,6643,6653,6644,6649,6644,6652.5,6643.5,6648.0,6643.5
2025-08-13 01:50:00,10100,6652,6643,6643,6652,6653,6644,6644,6653,6652.5,6643.5,6643.5,6652.5
2025-08-13 01:55:00,16200,6658,6648,6652,6648,6659,6649,6653,6649,6658.5,6648.5,6652.5,6648.5
2025-08-13 02:00:00,6100,6652,6648,6648,6651,6653,6649,6649,6652,6652.5,6648.5,6648.5,6651.5
2025-08-13 02:05:00,11500,6654,6649,6651,6651,6655,6650,6652,6653,6654.5,6649.5,6651.5,6652.0
2025-08-13 02:10:00,10300,6654,6650,6651,6652,6655,6652,6653,6654,6654.5,6651.0,6652.0,6653.0
2025-08-13 02:15:00,7400,6654,6650,6652,6653,6655,6652,6654,6655,6654.5,6651.0,6653.0,6654.0
2025-08-13 02:20:00,16300,6655,6652,6653,6653,6657,6653,6655,6655,6656.0,6652.5,6654.0,6654.0
2025-08-13 02:25:00,16300,6654,6645,6653,6646,6655,6646,6655,6648,6654.5,6645.5,6654.0,6647.0
2025-08-13 02:30:00,3100,6646,6646,6646,6646,6649,6649,6649,6649,6647.5,6647.5,6647.5,6647.5
2025-08-13 03:30:00,43500,6648,6636,6648,6639,6649,6637,6648,6641,6648.5,6636.5,6648.0,6640.0
2025-08-13 03:35:00,12500,6645,6636,6639,6637,6646,6638,6641,6639,6645.5,6637.0,6640.0,6638.0
2025-08-13 03:40:00,9700,6643,6637,6637,6640,6644,6638,6639,6642,6643.5,6637.5,6638.0,6641.0
2025-08-13 03:45:00,30000,6651,6640,6640,6651,6652,6641,6642,6652,6651.5,6640.5,6641.0,6651.5
2025-08-13 03:50:00,13300,6652,6647,6651,6649,6653,6648,6652,6651,6652.5,6647.5,6651.5,6650.0
2025-08-13 03:55:00,14000,6651,6647,6649,6649,6652,6649,6651,6651,6651.5,6648.0,6650.0,6650.0
2025-08-13 04:00:00,26900,6656,6648,6649,6652,6658,6649,6651,6653,6657.0,6648.5,6650.0,6652.5
2025-08-13 04:05:00,7100,6652,6647,6652,6650,6653,6648,6653,6651,6652.5,6647.5,6652.5,6650.5
2025-08-13 04:10:00,29600,6650,6636,6650,6636,6651,6637,6651,6637,6650.5,6636.5,6650.5,6636.5
2025-08-13 04:15:00,12400,6637,6633,6636,6636,6639,6635,6637,6638,6638.0,6634.0,6636.5,6637.0
2025-08-13 04:20:00,42800,6641,6635,6636,6635,6642,6636,6638,6636,6641.5,6635.5,6637.0,6635.5
2025-08-13 04:25:00,11600,6635,6628,6635,6631,6636,6630,6636,6633,6635.5,6629.0,6635.5,6632.0
2025-08-13 04:30:00,8400,6636,6631,6631,6635,6637,6632,6633,6636,6636.5,6631.5,6632.0,6635.5
2025-08-13 04:35:00,16900,6638,6633,6635,6636,6639,6634,6636,6637,6638.5,6633.5,6635.5,6636.5
2025-08-13 04:40:00,9000,6638,6632,6636,6633,6639,6633,6637,6635,6638.5,6632.5,6636.5,6634.0
2025-08-13 04:45:00,6100,6636,6633,6633,6635,6638,6635,6635,6637,6637.0,6634.0,6634.0,6636.0
2025-08-13 04:50:00,15200,6637,6630,6635,6630,6638,6631,6637,6632,6637.5,6630.5,6636.0,6631.0
2025-08-13 04:55:00,10300,6632,6627,6630,6628,6634,6628,6632,6629,6633.0,6627.5,6631.0,6628.5
2025-08-13 05:00:00,13300,6630,6627,6628,6628,6631,6628,6629,6629,6630.5,6627.5,6628.5,6628.5
2025-08-13 05:05:00,14300,6628,6622,6628,6625,6629,6623,6629,6626,6628.5,6622.5,6628.5,6625.5
2025-08-13 05:10:00,14900,6626,6620,6625,6624,6627,6621,6626,6625,6626.5,6620.5,6625.5,6624.5
2025-08-13 05:15:00,10700,6624,6618,6624,6619,6625,6620,6625,6621,6624.5,6619.0,6624.5,6620.0
2025-08-13 05:20:00,10800,6625,6619,6619,6624,6626,6621,6621,6625,6625.5,6620.0,6620.0,6624.5
2025-08-13 05:25:00,10800,6627,6624,6624,6626,6628,6625,6625,6628,6627.5,6624.5,6624.5,6627.0
2025-08-13 05:30:00,12600,6631,6625,6626,6629,6632,6626,6628,6630,6631.5,6625.5,6627.0,6629.5
2025-08-13 05:35:00,14200,6632,6626,6629,6627,6634,6627,6630,6628,6633.0,6626.5,6629.5,6627.5
2025-08-13 05:40:00,9100,6632,6627,6627,6632,6633,6628,6628,6633,6632.5,6627.5,6627.5,6632.5
2025-08-13 05:45:00,20200,6637,6626,6632,6628,6638,6627,6633,6629,6637.5,6626.5,6632.5,6628.5
2025-08-13 05:50:00,10800,6628,6620,6628,6620,6629,6621,6629,6621,6628.5,6620.5,6628.5,6620.5
2025-08-13 05:55:00,18200,6621,6616,6620,6618,6622,6617,6621,6619,6621.5,6616.5,6620.5,6618.5
2025-08-13 06:00:00,20600,6622,6617,6618,6622,6623,6618,6619,6623,6622.5,6617.5,6618.5,6622.5
2025-08-13 06:05:00,16500,6622,6618,6622,6621,6623,6619,6623,6623,6622.5,6618.5,6622.5,6622.0
2025-08-13 06:10:00,20000,6622,6616,6622,6617,6623,6619,6623,6619,6622.5,6617.5,6622.5,6618.0
2025-08-13 06:15:00,24100,6624,6614,6617,6620,6626,6616,6619,6622,6625.0,6615.0,6618.0,6621.0
2025-08-13 06:20:00,21700,6623,6617,6620,6618,6624,6619,6622,6621,6623.5,6618.0,6621.0,6619.5
2025-08-13 06:25:00,,6645,6608,6620,6615,6645,6609,6620,6616,6645.0,6608.5,6620.0,6615.5
2025-08-13 06:30:00,435100,6615,6615,6615,6615,6619,6619,6619,6619,6617.0,6617.0,6617.0,6617.0
2025-08-14 00:00:00,162200,6566,6548,6562,6557,6574,6549,6563,6559,6569.0,6548.5,6562.5,6558.0
2025-08-14 00:05:00,39600,6563,6549,6557,6554,6564,6550,6559,6556,6563.5,6549.5,6558.0,6555.0
2025-08-14 00:10:00,33000,6560,6544,6554,6545,6562,6546,6556,6547,6561.0,6545.0,6555.0,6546.0
2025-08-14 00:15:00,18200,6553,6541,6545,6542,6556,6542,6547,6544,6554.5,6541.5,6546.0,6543.0
2025-08-14 00:20:00,13700,6547,6540,6542,6546,6548,6541,6544,6548,6547.5,6540.5,6543.0,6547.0
2025-08-14 00:25:00,21100,6548,6538,6546,6538,6550,6540,6548,6540,6549.0,6539.0,6547.0,6539.0
2025-08-14 00:30:00,21100,6540,6522,6538,6528,6542,6524,6540,6530,6541.0,6523.0,6539.0,6529.0
2025-08-14 00:35:00,14300,6534,6526,6529,6528,6535,6527,6530,6530,6534.5,6526.5,6529.5,6529.0
2025-08-14 00:40:00,11400,6532,6523,6528,6524,6533,6525,6530,6525,6532.5,6524.0,6529.0,6524.5
2025-08-14 00:45:00,13900,6534,6522,6524,6533,6535,6523,6525,6534,6534.5,6522.5,6524.5,6533.5
2025-08-14 00:50:00,12300,6537,6529,6533,6531,6539,6531,6534,6532,6538.0,6530.0,6533.5,6531.5
2025-08-14 00:55:00,9500,6542,6530,6531,6537,6543,6531,6532,6539,6542.5,6530.5,6531.5,6538.0
2025-08-14 01:00:00,9200,6540,6535,6537,6536,6542,6536,6539,6537,6541.0,6535.5,6538.0,6536.5
2025-08-14 01:05:00,8200,6539,6533,6536,6539,6540,6534,6537,6540,6539.5,6533.5,6536.5,6539.5
2025-08-14 01:10:00,14400,6541,6521,6539,6521,6542,6522,6540,6522,6541.5,6521.5,6539.5,6521.5
2025-08-14 01:15:00,17200,6528,6520,6521,6528,6530,6521,6522,6530,6529.0,6520.5,6521.5,6529.0
2025-08-14 01:20:00,6300,6531,6521,6528,6531,6533,6523,6530,6533,6532.0,6522.0,6529.0,6532.0
2025-08-14 01:25:00,7400,6536,6528,6531,6532,6537,6530,6533,6533,6536.5,6529.0,6532.0,6532.5
2025-08-14 01:30:00,7500,6537,6530,6532,6536,6539,6532,6533,6538,6538.0,6531.0,6532.5,6537.0
2025-08-14 01:35:00,7000,6538,6532,6536,6532,6539,6534,6538,6534,6538.5,6533.0,6537.0,6533.0
2025-08-14 01:40:00,13800,6533,6524,6532,6526,6534,6526,6534,6528,6533.5,6525.0,6533.0,6527.0
2025-08-14 01:45:00,4200,6530,6524,6526,6530,6532,6526,6528,6531,6531.0,6525.0,6527.0,6530.5
2025-08-14 01:50:00,8400,6530,6526,6530,6528,6533,6527,6531,6529,6531.5,6526.5,6530.5,6528.5
2025-08-14 01:55:00,15000,6528,6518,6528,6523,6529,6519,6529,6524,6528.5,6518.5,6528.5,6523.5
2025-08-14 02:00:00,9200,6528,6520,6523,6521,6529,6522,6524,6522,6528.5,6521.0,6523.5,6521.5
2025-08-14 02:05:00,10400,6522,6514,6521,6514,6523,6515,6522,6516,6522.5,6514.5,6521.5,6515.0
2025-08-14 02:10:00,8900,6514,6510,6514,6514,6516,6511,6516,6516,6515.0,6510.5,6515.0,6515.0
2025-08-14 02:15:00,16600,6516,6509,6514,6511,6518,6510,6516,6514,6516.5,6509.5,6515.0,6512.5
2025-08-14 02:20:00,12500,6512,6501,6511,6501,6514,6502,6513,6503,6513.0,6501.5,6512.0,6502.0
2025-08-14 02:25:00,11200,6502,6497,6501,6498,6505,6499,6503,6500,6503.5,6498.0,6502.0,6499.0
2025-08-14 02:30:00,8100,6498,6498,6498,6498,6500,6500,6500,6500,6499.0,6499.0,6499.0,6499.0
2025-08-14 03:30:00,45500,6518,6494,6495,6514,6519,6495,6496,6515,6518.5,6494.5,6495.5,6514.5
2025-08-14 03:35:00,11500,6519,6514,6514,6515,6520,6515,6515,6516,6519.5,6514.5,6514.5,6515.5
2025-08-14 03:40:00,13100,6523,6515,6515,6521,6524,6516,6516,6522,6523.5,6515.5,6515.5,6521.5
2025-08-14 03:45:00,8200,6524,6519,6521,6522,6526,6520,6522,6523,6525.0,6519.5,6521.5,6522.5
2025-08-14 03:50:00,9900,6522,6518,6522,6521,6523,6519,6523,6522,6522.5,6518.5,6522.5,6521.5
2025-08-14 03:55:00,7500,6523,6519,6521,6522,6524,6520,6522,6523,6523.5,6519.5,6521.5,6522.5
2025-08-14 04:00:00,6000,6523,6521,6522,6521,6524,6522,6523,6522,6523.5,6521.5,6522.5,6521.5
2025-08-14 04:05:00,9700,6521,6516,6521,6519,6522,6517,6522,6520,6521.5,6516.5,6521.5,6519.5
2025-08-14 04:10:00,8500,6519,6513,6519,6514,6520,6515,6520,6515,6519.5,6514.5,6519.5,6514.5
2025-08-14 04:15:00,4200,6516,6512,6514,6512,6518,6513,6515,6513,6517.0,6512.5,6514.5,6512.5
2025-08-14 04:20:00,9100,6512,6502,6512,6506,6513,6504,6513,6507,6512.5,6503.5,6512.5,6506.5
2025-08-14 04:25:00,8100,6513,6505,6506,6510,6514,6506,6507,6511,6513.5,6505.5,6506.5,6510.5
2025-08-14 04:30:00,7100,6510,6504,6510,6508,6511,6506,6511,6509,6510.5,6505.0,6510.5,6508.5
2025-08-14 04:35:00,6200,6514,6508,6508,6509,6516,6509,6509,6510,6515.0,6508.5,6508.5,6509.5
2025-08-14 04:40:00,12400,6513,6506,6509,6512,6514,6508,6510,6513,6513.5,6507.0,6509.5,6512.5
2025-08-14 04:45:00,3100,6512,6510,6512,6510,6513,6511,6513,6511,6512.5,6510.5,6512.5,6510.5
2025-08-14 04:50:00,5200,6510,6501,6510,6501,6511,6502,6511,6502,6510.5,6501.5,6510.5,6501.5
2025-08-14 04:55:00,6000,6504,6500,6501,6500,6505,6502,6502,6502,6504.5,6501.0,6501.5,6501.0
2025-08-14 05:00:00,10100,6504,6497,6500,6499,6505,6500,6502,6501,6504.5,6498.5,6501.0,6500.0
2025-08-14 05:05:00,5000,6502,6499,6499,6501,6504,6500,6501,6502,6502.5,6499.5,6500.0,6501.5
2025-08-14 05:10:00,10600,6503,6498,6501,6498,6505,6499,6502,6499,6504.0,6498.5,6501.5,6498.5
2025-08-14 05:15:00,7000,6501,6498,6498,6500,6504,6499,6499,6501,6502.5,6498.5,6498.5,6500.5
2025-08-14 05:20:00,7400,6506,6500,6500,6506,6508,6501,6501,6508,6507.0,6500.5,6500.5,6507.0
2025-08-14 05:25:00,8200,6507,6503,6506,6506,6509,6505,6508,6507,6508.0,6504.0,6507.0,6506.5
2025-08-14 05:30:00,9900,6509,6506,6506,6507,6511,6507,6507,6508,6510.0,6506.5,6506.5,6507.5
2025-08-14 05:35:00,7600,6508,6502,6507,6502,6509,6503,6508,6503,6508.5,6502.5,6507.5,6502.5
2025-08-14 05:40:00,10200,6503,6499,6502,6501,6504,6500,6503,6502,6503.5,6499.5,6502.5,6501.5
2025-08-14 05:45:00,10500,6502,6499,6501,6501,6503,6500,6502,6503,6502.5,6499.5,6501.5,6502.0
2025-08-14 05:50:00,10100,6501,6498,6501,6500,6503,6499,6503,6501,6502.0,6498.5,6502.0,6500.5
2025-08-14 05:55:00,8900,6502,6499,6500,6501,6503,6500,6501,6502,6502.5,6499.5,6500.5,6501.5
2025-08-14 06:00:00,12700,6504,6499,6501,6503,6506,6500,6502,6504,6505.0,6499.5,6501.5,6503.5
2025-08-14 06:05:00,9400,6504,6502,6503,6503,6506,6503,6504,6504,6505.0,6502.5,6503.5,6503.5
2025-08-14 06:10:00,15700,6509,6503,6503,6509,6510,6504,6504,6510,6509.5,6503.5,6503.5,6509.5
2025-08-14 06:15:00,29000,6513,6506,6509,6511,6515,6507,6510,6513,6514.0,6506.5,6509.5,6512.0
2025-08-14 06:20:00,25300,6514,6506,6511,6513,6517,6509,6513,6515,6515.5,6507.5,6512.0,6514.0
2025-08-14 06:25:00,,6624,6487,6499,6514,6625,6488,6500,6515,6624.5,6487.5,6499.5,6514.5
2025-08-14 06:30:00,523800,6513,6513,6513,6513,6516,6516,6516,6516,6514.5,6514.5,6514.5,6514.5
2025-08-15 00:00:00,163700,6555,6519,6541,6545,6565,6526,6542,6547,6559.0,6524.5,6541.5,6546.0
2025-08-15 00:05:00,25600,6547,6530,6545,6531,6548,6532,6547,6533,6547.5,6531.0,6546.0,6532.0
2025-08-15 00:10:00,17000,6548,6530,6531,6545,6549,6532,6533,6547,6548.5,6531.5,6532.0,6546.0
2025-08-15 00:15:00,22200,6546,6518,6545,6518,6548,6519,6547,6519,6547.0,6518.5,6546.0,6518.5
2025-08-15 00:20:00,22600,6530,6516,6518,6527,6532,6517,6519,6530,6530.5,6516.5,6518.5,6528.5
2025-08-15 00:25:00,16700,6532,6520,6527,6524,6533,6521,6530,6527,6532.5,6520.5,6528.5,6525.5
2025-08-15 00:30:00,21400,6537,6522,6524,6536,6538,6525,6527,6537,6537.5,6523.5,6525.5,6536.5
2025-08-15 00:35:00,13100,6538,6529,6536,6535,6539,6530,6537,6537,6538.5,6529.5,6536.5,6536.0
2025-08-15 00:40:00,12000,6543,6531,6535,6538,6545,6533,6536,6540,6544.0,6532.0,6535.5,6539.0
2025-08-15 00:45:00,12900,6541,6530,6538,6530,6542,6532,6540,6533,6541.5,6531.0,6539.0,6531.5
2025-08-15 00:50:00,5200,6535,6530,6530,6531,6537,6531,6533,6533,6536.0,6530.5,6531.5,6532.0
2025-08-15 00:55:00,9800,6536,6528,6531,6530,6537,6529,6533,6531,6536.5,6528.5,6532.0,6530.5
2025-08-15 01:00:00,10000,6532,6524,6530,6524,6533,6525,6531,6526,6532.5,6524.5,6530.5,6525.0
2025-08-15 01:05:00,7700,6536,6523,6524,6535,6537,6524,6526,6536,6536.5,6523.5,6525.0,6535.5
2025-08-15 01:10:00,17400,6535,6525,6535,6532,6536,6526,6536,6533,6535.5,6525.5,6535.5,6532.5
2025-08-15 01:15:00,11600,6532,6518,6532,6518,6533,6519,6533,6520,6532.5,6518.5,6532.5,6519.0
2025-08-15 01:20:00,6000,6524,6517,6518,6520,6525,6518,6520,6522,6524.5,6517.5,6519.0,6521.0
2025-08-15 01:25:00,12600,6523,6516,6520,6521,6525,6518,6522,6522,6524.0,6517.0,6521.0,6521.5
2025-08-15 01:30:00,15100,6522,6512,6520,6512,6523,6513,6522,6514,6522.5,6512.5,6521.0,6513.0
2025-08-15 01:35:00,11700,6514,6507,6512,6509,6517,6509,6514,6511,6515.5,6508.0,6513.0,6510.0
2025-08-15 01:40:00,7200,6512,6507,6509,6510,6514,6508,6511,6511,6513.0,6507.5,6510.0,6510.5
2025-08-15 01:45:00,7800,6512,6509,6510,6509,6513,6510,6511,6510,6512.5,6509.5,6510.5,6509.5
2025-08-15 01:50:00,7300,6515,6507,6509,6510,6517,6508,6510,6512,6516.0,6507.5,6509.5,6511.0
2025-08-15 01:55:00,5700,6512,6508,6510,6512,6513,6509,6512,6513,6512.5,6508.5,6511.0,6512.5
2025-08-15 02:00:00,7000,6518,6510,6512,6518,6520,6511,6513,6519,6518.5,6510.5,6512.5,6518.5
2025-08-15 02:05:00,9300,6524,6518,6518,6523,6525,6519,6519,6525,6524.5,6518.5,6518.5,6524.0
2025-08-15 02:10:00,7600,6524,6518,6523,6522,6525,6519,6525,6524,6524.5,6518.5,6524.0,6523.0
2025-08-15 02:15:00,8000,6526,6521,6522,6521,6528,6522,6524,6522,6527.0,6521.5,6523.0,6521.5
2025-08-15 02:20:00,13500,6527,6519,6521,6526,6528,6521,6522,6527,6527.5,6520.0,6521.5,6526.5
2025-08-15 02:25:00,8000,6527,6522,6526,6524,6528,6523,6527,6527,6527.5,6522.5,6526.5,6525.5
2025-08-15 02:30:00,5600,6523,6523,6523,6523,6527,6527,6527,6527,6525.0,6525.0,6525.0,6525.0
2025-08-15 03:30:00,49400,6554,6524,6529,6552,6555,6530,6530,6553,6554.5,6528.5,6529.5,6552.5
2025-08-15 03:35:00,18400,6558,6550,6552,6555,6559,6551,6553,6557,6558.5,6550.5,6552.5,6556.0
2025-08-15 03:40:00,10500,6558,6550,6555,6558,6559,6552,6557,6559,6558.5,6551.0,6556.0,6558.5
2025-08-15 03:45:00,16000,6560,6553,6558,6556,6562,6555,6559,6557,6561.0,6554.0,6558.5,6556.5
2025-08-15 03:50:00,10100,6559,6554,6556,6559,6560,6555,6557,6560,6559.5,6554.5,6556.5,6559.5
2025-08-15 03:55:00,10400,6560,6554,6559,6556,6561,6555,6560,6558,6560.5,6554.5,6559.5,6557.0
2025-08-15 04:00:00,13200,6558,6552,6556,6554,6560,6553,6558,6555,6559.0,6552.5,6557.0,6554.5
2025-08-15 04:05:00,17600,6557,6546,6554,6550,6559,6547,6555,6552,6558.0,6546.5,6554.5,6551.0
2025-08-15 04:10:00,7600,6552,6548,6550,6549,6553,6549,6552,6551,6552.5,6548.5,6551.0,6550.0
2025-08-15 04:15:00,10500,6553,6547,6549,6548,6554,6548,6551,6549,6553.5,6547.5,6550.0,6548.5
2025-08-15 04:20:00,10200,6549,6547,6548,6549,6550,6548,6549,6550,6549.5,6547.5,6548.5,6549.5
2025-08-15 04:25:00,19400,6557,6549,6549,6555,6559,6550,6550,6556,6558.0,6549.5,6549.5,6555.5
2025-08-15 04:30:00,9400,6555,6550,6555,6554,6556,6552,6556,6555,6555.5,6551.0,6555.5,6554.5
2025-08-15 04:35:00,6500,6557,6552,6554,6557,6558,6554,6555,6558,6557.5,6553.0,6554.5,6557.5
2025-08-15 04:40:00,11000,6557,6554,6557,6555,6558,6555,6558,6556,6557.5,6554.5,6557.5,6555.5
2025-08-15 04:45:00,7400,6555,6550,6555,6553,6556,6552,6556,6554,6555.5,6551.0,6555.5,6553.5
2025-08-15 04:50:00,11000,6555,6548,6553,6554,6556,6550,6554,6555,6555.5,6549.0,6553.5,6554.5
2025-08-15 04:55:00,9500,6555,6551,6554,6552,6556,6552,6555,6554,6555.5,6551.5,6554.5,6553.0
2025-08-15 05:00:00,10800,6553,6546,6552,6550,6554,6548,6554,6551,6553.5,6547.0,6553.0,6550.5
2025-08-15 05:05:00,11800,6553,6549,6550,6550,6554,6550,6551,6551,6553.5,6549.5,6550.5,6550.5
2025-08-15 05:10:00,9200,6551,6548,6550,6550,6552,6550,6551,6551,6551.5,6549.0,6550.5,6550.5
2025-08-15 05:15:00,8800,6553,6550,6550,6552,6554,6551,6551,6553,6553.5,6550.5,6550.5,6552.5
2025-08-15 05:20:00,5800,6552,6550,6552,6552,6553,6551,6553,6553,6552.5,6550.5,6552.5,6552.5
2025-08-15 05:25:00,12200,6553,6550,6552,6552,6554,6551,6553,6554,6553.5,6550.5,6552.5,6553.0
2025-08-15 05:30:00,11600,6554,6551,6552,6553,6555,6553,6554,6554,6554.5,6552.0,6553.0,6553.5
2025-08-15 05:35:00,22000,6557,6553,6553,6555,6559,6554,6554,6556,6558.0,6553.5,6553.5,6555.5
2025-08-15 05:40:00,10100,6557,6554,6555,6556,6558,6555,6556,6557,6557.5,6554.5,6555.5,6556.5
2025-08-15 05:45:00,14700,6564,6556,6556,6562,6565,6557,6557,6564,6564.5,6556.5,6556.5,6563.0
2025-08-15 05:50:00,18200,6563,6560,6562,6560,6564,6561,6564,6562,6563.5,6560.5,6563.0,6561.0
2025-08-15 05:55:00,12800,6564,6560,6560,6563,6565,6561,6562,6565,6564.5,6560.5,6561.0,6564.0
2025-08-15 06:00:00,16000,6566,6562,6563,6564,6568,6563,6565,6565,6567.0,6562.5,6564.0,6564.5
2025-08-15 06:05:00,12800,6564,6560,6564,6560,6565,6561,6565,6562,6564.5,6560.5,6564.5,6561.0
2025-08-15 06:10:00,12200,6564,6560,6560,6564,6565,6561,6562,6565,6564.5,6560.5,6561.0,6564.5
2025-08-15 06:15:00,21200,6568,6564,6564,6567,6569,6565,6565,6569,6568.5,6564.5,6564.5,6568.0
2025-08-15 06:20:00,22900,6569,6565,6567,6568,6570,6566,6569,6570,6569.5,6565.5,6568.0,6569.0
2025-08-15 06:25:00,,6599,6527,6570,6561,6600,6528,6571,6562,6599.5,6527.5,6570.5,6561.5
2025-08-15 06:30:00,323100,6560,6560,6560,6560,6569,6569,6569,6569,6564.5,6564.5,6564.5,6564.5
2025-08-18 00:00:00,149900,6610,6571,6597,6601,6614,6583,6598,6603,6612.0,6582.5,6597.5,6602.0
2025-08-18 00:05:00,50600,6612,6600,6601,6611,6614,6602,6603,6613,6612.5,6601.0,6602.0,6612.0
2025-08-18 00:10:00,36900,6621,6604,6611,6607,6622,6606,6613,6610,6621.5,6605.5,6612.0,6608.5
2025-08-18 00:15:00,35500,6613,6594,6607,6602,6615,6596,6610,6603,6614.0,6595.0,6608.5,6602.5
2025-08-18 00:20:00,13800,6613,6597,6602,6613,6614,6599,6603,6614,6613.5,6598.0,6602.5,6613.5
2025-08-18 00:25:00,29800,6625,6611,6613,6624,6626,6613,6614,6625,6625.5,6612.0,6613.5,6624.5
2025-08-18 00:30:00,15900,6625,6611,6624,6612,6626,6613,6625,6613,6625.5,6612.0,6624.5,6612.5
2025-08-18 00:35:00,14200,6614,6602,6612,6604,6616,6603,6613,6606,6615.0,6602.5,6612.5,6605.0
2025-08-18 00:40:00,15000,6612,6601,6604,6601,6613,6603,6606,6603,6612.5,6602.0,6605.0,6602.0
2025-08-18 00:45:00,13500,6605,6592,6601,6594,6606,6594,6603,6595,6605.5,6593.5,6602.0,6594.5
2025-08-18 00:50:00,11300,6604,6593,6594,6604,6605,6595,6595,6605,6604.5,6594.0,6594.5,6604.5
2025-08-18 00:55:00,16700,6613,6600,6604,6609,6614,6602,6605,6611,6613.5,6601.0,6604.5,6610.0
2025-08-18 01:00:00,12100,6613,6606,6609,6607,6614,6607,6611,6610,6613.5,6606.5,6610.0,6608.5
2025-08-18 01:05:00,15400,6612,6604,6607,6610,6613,6606,6610,6612,6612.5,6605.0,6608.5,6611.0
2025-08-18 01:10:00,7300,6614,6608,6610,6609,6615,6609,6612,6610,6614.5,6608.5,6611.0,6609.5
2025-08-18 01:15:00,5400,6612,6609,6609,6611,6613,6610,6610,6612,6612.5,6609.5,6609.5,6611.5
2025-08-18 01:20:00,11900,6611,6603,6611,6608,6612,6606,6612,6609,6611.5,6604.5,6611.5,6608.5
2025-08-18 01:25:00,5100,6611,6605,6608,6610,6612,6607,6609,6611,6611.5,6606.0,6608.5,6610.5
2025-08-18 01:30:00,7100,6610,6607,6610,6609,6611,6609,6611,6610,6610.5,6608.0,6610.5,6609.5
2025-08-18 01:35:00,15500,6622,6608,6609,6620,6623,6610,6610,6622,6622.5,6609.0,6609.5,6621.0
2025-08-18 01:40:00,12900,6624,6617,6620,6617,6625,6618,6622,6619,6624.5,6617.5,6621.0,6618.0
2025-08-18 01:45:00,14600,6618,6611,6617,6615,6619,6613,6619,6616,6618.5,6612.0,6618.0,6615.5
2025-08-18 01:50:00,17200,6624,6615,6615,6622,6625,6616,6616,6624,6624.5,6615.5,6615.5,6623.0
2025-08-18 01:55:00,17000,6626,6620,6622,6621,6628,6622,6624,6622,6627.0,6621.0,6623.0,6621.5
2025-08-18 02:00:00,10600,6621,6613,6621,6616,6622,6614,6622,6617,6621.5,6613.5,6621.5,6616.5
2025-08-18 02:05:00,7600,6619,6613,6616,6615,6620,6614,6617,6616,6619.5,6613.5,6616.5,6615.5
2025-08-18 02:10:00,10200,6623,6615,6615,6621,6624,6616,6616,6622,6623.5,6615.5,6615.5,6621.5
2025-08-18 02:15:00,14800,6629,6620,6621,6623,6630,6622,6622,6625,6629.5,6621.0,6621.5,6624.0
2025-08-18 02:20:00,10300,6628,6620,6624,6621,6629,6622,6625,6623,6628.5,6621.0,6624.5,6622.0
2025-08-18 02:25:00,13100,6623,6616,6621,6616,6624,6617,6623,6618,6623.5,6616.5,6622.0,6617.0
2025-08-18 02:30:00,1100,6615,6615,6615,6615,6618,6618,6618,6618,6616.5,6616.5,6616.5,6616.5
2025-08-18 03:30:00,34200,6621,6612,6619,6615,6624,6613,6620,6616,6622.5,6612.5,6619.5,6615.5
2025-08-18 03:35:00,9900,6620,6615,6615,6619,6621,6616,6616,6620,6620.5,6615.5,6615.5,6619.5
2025-08-18 03:40:00,9600,6621,6616,6619,6618,6623,6617,6620,6619,6622.0,6616.5,6619.5,6618.5
2025-08-18 03:45:00,7700,6618,6615,6618,6617,6619,6616,6619,6618,6618.5,6615.5,6618.5,6617.5
2025-08-18 03:50:00,11900,6619,6610,6617,6614,6620,6611,6618,6615,6619.5,6610.5,6617.5,6614.5
2025-08-18 03:55:00,13100,6614,6608,6614,6613,6616,6609,6615,6614,6614.5,6608.5,6614.5,6613.5
2025-08-18 04:00:00,7800,6615,6612,6613,6612,6616,6613,6614,6613,6615.5,6612.5,6613.5,6612.5
2025-08-18 04:05:00,11700,6616,6612,6612,6612,6617,6613,6613,6613,6616.5,6612.5,6612.5,6612.5
2025-08-18 04:10:00,10000,6614,6610,6612,6612,6615,6611,6613,6613,6614.5,6610.5,6612.5,6612.5
2025-08-18 04:15:00,11400,6616,6610,6612,6614,6617,6611,6613,6615,6616.5,6610.5,6612.5,6614.5
2025-08-18 04:20:00,25800,6621,6612,6614,6621,6622,6614,6615,6622,6621.5,6613.0,6614.5,6621.5
2025-08-18 04:25:00,14600,6623,6618,6621,6622,6624,6619,6622,6623,6623.5,6618.5,6621.5,6622.5
2025-08-18 04:30:00,7400,6622,6621,6622,6622,6623,6622,6623,6623,6622.5,6621.5,6622.5,6622.5
2025-08-18 04:35:00,9200,6622,6618,6622,6620,6623,6619,6623,6621,6622.5,6618.5,6622.5,6620.5
2025-08-18 04:40:00,8200,6623,6620,6620,6622,6624,6621,6621,6623,6623.5,6620.5,6620.5,6622.5
2025-08-18 04:45:00,10600,6622,6615,6622,6619,6623,6616,6623,6620,6622.5,6615.5,6622.5,6619.5
2025-08-18 04:50:00,7200,6619,6617,6619,6619,6620,6618,6620,6620,6619.5,6617.5,6619.5,6619.5
2025-08-18 04:55:00,20100,6627,6617,6619,6626,6628,6618,6620,6628,6627.5,6617.5,6619.5,6627.0
2025-08-18 05:00:00,35900,6632,6621,6626,6622,6634,6622,6628,6623,6633.0,6621.5,6627.0,6622.5
2025-08-18 05:05:00,4100,6624,6621,6622,6622,6625,6622,6623,6623,6624.5,6621.5,6622.5,6622.5
2025-08-18 05:10:00,6700,6622,6616,6622,6617,6623,6618,6623,6618,6622.5,6617.0,6622.5,6617.5
2025-08-18 05:15:00,3800,6618,6617,6617,6618,6619,6618,6618,6619,6618.5,6617.5,6617.5,6618.5
2025-08-18 05:20:00,8400,6618,6612,6618,6612,6619,6613,6619,6613,6618.5,6612.5,6618.5,6612.5
2025-08-18 05:25:00,3300,6614,6612,6612,6614,6615,6613,6613,6615,6614.5,6612.5,6612.5,6614.5
2025-08-18 05:30:00,15000,6620,6614,6614,6620,6621,6615,6615,6621,6620.5,6614.5,6614.5,6620.5
2025-08-18 05:35:00,13600,6621,6612,6620,6614,6622,6614,6621,6616,6621.5,6613.0,6620.5,6615.0
2025-08-18 05:40:00,6500,6619,6614,6614,6619,6620,6616,6616,6620,6619.5,6615.0,6615.0,6619.5
2025-08-18 05:45:00,12000,6626,6619,6619,6625,6627,6620,6620,6626,6626.5,6619.5,6619.5,6625.5
2025-08-18 05:50:00,27200,6636,6625,6625,6635,6637,6626,6626,6637,6636.5,6625.5,6625.5,6636.0
2025-08-18 05:55:00,12500,6639,6634,6635,6638,6640,6635,6637,6639,6639.5,6634.5,6636.0,6638.5
2025-08-18 06:00:00,27800,6641,6630,6638,6631,6642,6631,6639,6633,6641.5,6630.5,6638.5,6632.0
2025-08-18 06:05:00,11600,6633,6630,6631,6633,6634,6631,6633,6634,6633.5,6630.5,6632.0,6633.5
2025-08-18 06:10:00,15400,6634,6630,6633,6630,6635,6631,6634,6631,6634.5,6630.5,6633.5,6630.5
2025-08-18 06:15:00,12300,6631,6627,6630,6627,6632,6628,6631,6628,6631.5,6627.5,6630.5,6627.5
2025-08-18 06:20:00,24900,6627,6623,6627,6625,6628,6624,6628,6627,6627.5,6623.5,6627.5,6626.0
2025-08-18 06:25:00,,6684,6608,6609,6634,6685,6609,6610,6635,6684.5,6608.5,6609.5,6634.5
2025-08-18 06:30:00,402100,6626,6626,6626,6626,6635,6635,6635,6635,6630.5,6630.5,6630.5,6630.5
2025-08-19 00:00:00,143900,6635,6596,6635,6606,6640,6599,6636,6607,6636.0,6598.0,6635.5,6606.5
2025-08-19 00:05:00,29100,6608,6600,6606,6607,6610,6601,6607,6608,6609.0,6600.5,6606.5,6607.5
2025-08-19 00:10:00,21900,6618,6607,6607,6615,6619,6608,6608,6617,6618.5,6607.5,6607.5,6616.0
2025-08-19 00:15:00,19400,6620,6614,6615,6620,6621,6616,6617,6621,6620.5,6615.0,6616.0,6620.5
2025-08-19 00:20:00,18600,6638,6619,6620,6632,6639,6620,6621,6634,6638.5,6619.5,6620.5,6633.0
2025-08-19 00:25:00,17900,6641,6630,6632,6639,6642,6632,6634,6640,6641.5,6631.0,6633.0,6639.5
2025-08-19 00:30:00,20500,6646,6635,6639,6645,6647,6637,6640,6646,6646.5,6636.0,6639.5,6645.5
2025-08-19 00:35:00,20600,6648,6642,6645,6647,6649,6643,6646,6649,6648.5,6642.5,6645.5,6648.0
2025-08-19 00:40:00,48800,6659,6643,6647,6658,6660,6645,6649,6659,6659.5,6644.0,6648.0,6658.5
2025-08-19 00:45:00,14200,6659,6648,6658,6649,6660,6649,6659,6650,6659.5,6648.5,6658.5,6649.5
2025-08-19 00:50:00,9800,6654,6649,6649,6653,6655,6650,6650,6655,6654.5,6649.5,6649.5,6654.0
2025-08-19 00:55:00,22000,6656,6646,6653,6650,6657,6649,6655,6651,6656.5,6647.5,6654.0,6650.5
2025-08-19 01:00:00,25100,6661,6645,6650,6661,6662,6646,6651,6662,6661.5,6645.5,6650.5,6661.5
2025-08-19 01:05:00,17600,6663,6653,6661,6656,6664,6655,6662,6657,6663.5,6654.0,6661.5,6656.5
2025-08-19 01:10:00,15600,6657,6636,6656,6641,6659,6638,6657,6643,6658.0,6637.0,6656.5,6642.0
2025-08-19 01:15:00,7800,6642,6635,6641,6636,6644,6637,6643,6637,6643.0,6636.0,6642.0,6636.5
2025-08-19 01:20:00,9600,6646,6635,6636,6643,6648,6636,6637,6644,6647.0,6635.5,6636.5,6643.5
2025-08-19 01:25:00,12500,6646,6635,6643,6639,6647,6636,6644,6642,6646.5,6635.5,6643.5,6640.5
2025-08-19 01:30:00,10300,6650,6639,6639,6649,6651,6641,6642,6650,6650.5,6640.0,6640.5,6649.5
2025-08-19 01:35:00,7700,6652,6646,6649,6650,6654,6647,6650,6651,6653.0,6646.5,6649.5,6650.5
2025-08-19 01:40:00,11300,6652,6644,6650,6649,6653,6646,6651,6650,6652.5,6645.0,6650.5,6649.5
2025-08-19 01:45:00,8900,6649,6641,6649,6643,6650,6643,6650,6644,6649.5,6642.0,6649.5,6643.5
2025-08-19 01:50:00,10500,6643,6635,6643,6637,6644,6636,6644,6639,6643.5,6635.5,6643.5,6638.0
2025-08-19 01:55:00,6400,6644,6637,6637,6644,6645,6639,6639,6645,6644.5,6638.0,6638.0,6644.5
2025-08-19 02:00:00,6100,6649,6643,6644,6648,6650,6644,6645,6649,6649.5,6643.5,6644.5,6648.5
2025-08-19 02:05:00,7500,6650,6644,6648,6646,6651,6646,6649,6647,6650.5,6645.0,6648.5,6646.5
2025-08-19 02:10:00,9000,6653,6646,6646,6652,6654,6647,6647,6653,6653.5,6646.5,6646.5,6652.5
2025-08-19 02:15:00,13600,6657,6651,6652,6652,6658,6652,6653,6653,6657.5,6651.5,6652.5,6652.5
2025-08-19 02:20:00,10000,6657,6651,6652,6654,6658,6652,6653,6656,6657.5,6651.5,6652.5,6655.0
2025-08-19 02:25:00,8400,6655,6651,6654,6652,6656,6652,6656,6655,6655.5,6651.5,6655.0,6653.5
2025-08-19 02:30:00,1700,6652,6652,6652,6652,6655,6655,6655,6655,6653.5,6653.5,6653.5,6653.5
2025-08-19 03:30:00,45400,6655,6628,6649,6634,6655,6630,6650,6635,6655.0,6629.0,6649.5,6634.5
2025-08-19 03:35:00,13500,6634,6626,6634,6631,6635,6627,6635,6633,6634.5,6626.5,6634.5,6632.0
2025-08-19 03:40:00,5800,6634,6629,6631,6632,6635,6631,6633,6633,6634.5,6630.0,6632.0,6632.5
2025-08-19 03:45:00,4100,6634,6631,6632,6634,6635,6632,6633,6635,6634.5,6631.5,6632.5,6634.5
2025-08-19 03:50:00,10600,6639,6633,6633,6639,6640,6634,6635,6640,6639.5,6633.5,6634.0,6639.5
2025-08-19 03:55:00,9000,6643,6639,6639,6641,6645,6640,6641,6643,6644.0,6639.5,6640.0,6642.0
2025-08-19 04:00:00,8300,6642,6638,6641,6639,6643,6639,6643,6641,6642.5,6638.5,6642.0,6640.0
2025-08-19 04:05:00,5000,6643,6639,6639,6643,6644,6640,6641,6644,6643.5,6639.5,6640.0,6643.5
2025-08-19 04:10:00,16700,6647,6641,6643,6646,6648,6643,6644,6647,6647.5,6642.0,6643.5,6646.5
2025-08-19 04:15:00,11400,6646,6642,6646,6646,6647,6643,6647,6647,6646.5,6642.5,6646.5,6646.5
2025-08-19 04:20:00,1900,6647,6646,6646,6646,6648,6647,6647,6647,6647.5,6646.5,6646.5,6646.5
2025-08-19 04:25:00,12400,6651,6646,6646,6650,6652,6647,6647,6651,6651.5,6646.5,6646.5,6650.5
2025-08-19 04:30:00,7400,6651,6648,6650,6649,6652,6649,6651,6650,6651.5,6648.5,6650.5,6649.5
2025-08-19 04:35:00,7500,6651,6646,6649,6651,6652,6647,6650,6652,6651.5,6646.5,6649.5,6651.5
2025-08-19 04:40:00,15500,6656,6651,6651,6654,6657,6652,6652,6655,6656.5,6651.5,6651.5,6654.5
2025-08-19 04:45:00,7300,6654,6648,6654,6648,6655,6649,6655,6649,6654.5,6648.5,6654.5,6648.5
2025-08-19 04:50:00,6400,6651,6647,6648,6651,6652,6648,6649,6652,6651.5,6647.5,6648.5,6651.5
2025-08-19 04:55:00,7100,6651,6649,6651,6650,6652,6650,6652,6651,6651.5,6649.5,6651.5,6650.5
2025-08-19 05:00:00,9100,6654,6649,6650,6654,6655,6650,6651,6655,6654.5,6649.5,6650.5,6654.5
2025-08-19 05:05:00,8500,6656,6653,6654,6655,6657,6654,6655,6656,6656.5,6653.5,6654.5,6655.5
2025-08-19 05:10:00,17600,6655,6650,6655,6652,6656,6651,6656,6653,6655.5,6650.5,6655.5,6652.5
2025-08-19 05:15:00,8700,6656,6652,6652,6655,6657,6653,6653,6656,6656.5,6652.5,6652.5,6655.5
2025-08-19 05:20:00,8400,6657,6655,6655,6656,6658,6656,6656,6657,6657.5,6655.5,6655.5,6656.5
2025-08-19 05:25:00,20300,6661,6655,6656,6661,6662,6656,6657,6662,6661.5,6655.5,6656.5,6661.5
2025-08-19 05:30:00,5200,6661,6660,6661,6661,6662,6661,6662,6662,6661.5,6660.5,6661.5,6661.5
2025-08-19 05:35:00,14700,6663,6660,6661,6661,6664,6661,6662,6662,6663.5,6660.5,6661.5,6661.5
2025-08-19 05:40:00,7200,6662,6659,6661,6661,6663,6660,6662,6662,6662.5,6659.5,6661.5,6661.5
2025-08-19 05:45:00,8600,6662,6660,6661,6660,6663,6661,6662,6661,6662.5,6660.5,6661.5,6660.5
2025-08-19 05:50:00,9200,6660,6658,6660,6659,6661,6659,6661,6660,6660.5,6658.5,6660.5,6659.5
2025-08-19 05:55:00,19300,6660,6652,6659,6653,6661,6653,6660,6654,6660.5,6652.5,6659.5,6653.5
2025-08-19 06:00:00,15900,6653,6648,6653,6648,6654,6649,6654,6649,6653.5,6648.5,6653.5,6648.5
2025-08-19 06:05:00,10800,6648,6645,6648,6648,6649,6646,6649,6649,6648.5,6645.5,6648.5,6648.5
2025-08-19 06:10:00,17700,6651,6646,6648,6649,6652,6648,6649,6650,6651.5,6647.0,6648.5,6649.5
2025-08-19 06:15:00,27200,6656,6649,6649,6651,6657,6650,6650,6652,6656.5,6649.5,6649.5,6651.5
2025-08-19 06:20:00,30000,6653,6646,6651,6646,6654,6647,6652,6647,6653.5,6646.5,6651.5,6646.5
2025-08-19 06:25:00,,6636,6607,6622,6635,6637,6608,6623,6636,6636.5,6607.5,6622.5,6635.5
2025-08-19 06:30:00,450200,6635,6635,6635,6635,6647,6647,6647,6647,6641.0,6641.0,6641.0,6641.0
2025-08-20 00:00:00,160200,6682,6635,6635,6677,6683,6636,6636,6680,6682.5,6635.5,6635.5,6678.5
2025-08-20 00:05:00,87200,6698,6677,6677,6696,6699,6678,6680,6697,6698.5,6677.5,6678.5,6696.5
2025-08-20 00:10:00,154100,6713,6684,6696,6709,6714,6685,6697,6710,6713.5,6684.5,6696.5,6709.5
2025-08-20 00:15:00,34000,6709,6695,6709,6703,6711,6697,6710,6705,6710.0,6696.0,6709.5,6704.0
2025-08-20 00:20:00,35300,6711,6701,6703,6705,6712,6702,6705,6707,6711.5,6701.5,6704.0,6706.0
2025-08-20 00:25:00,20600,6719,6704,6705,6719,6720,6705,6707,6720,6719.5,6704.5,6706.0,6719.5
2025-08-20 00:30:00,19900,6719,6711,6719,6711,6720,6712,6720,6712,6719.5,6711.5,6719.5,6711.5
2025-08-20 00:35:00,15300,6713,6702,6711,6706,6714,6703,6712,6709,6713.5,6702.5,6711.5,6707.5
2025-08-20 00:40:00,23600,6708,6700,6706,6705,6709,6701,6709,6707,6708.5,6700.5,6707.5,6706.0
2025-08-20 00:45:00,7100,6708,6703,6705,6704,6710,6704,6707,6705,6709.0,6703.5,6706.0,6704.5
2025-08-20 00:50:00,12400,6707,6702,6704,6704,6708,6703,6705,6705,6707.5,6702.5,6704.5,6704.5
2025-08-20 00:55:00,20300,6707,6695,6704,6704,6708,6698,6705,6706,6707.5,6696.5,6704.5,6705.0
2025-08-20 01:00:00,26800,6710,6699,6704,6701,6711,6701,6706,6702,6710.5,6700.0,6705.0,6701.5
2025-08-20 01:05:00,9400,6705,6699,6701,6705,6706,6700,6702,6706,6705.5,6699.5,6701.5,6705.5
2025-08-20 01:10:00,8900,6705,6699,6705,6703,6706,6700,6706,6704,6705.5,6699.5,6705.5,6703.5
2025-08-20 01:15:00,11500,6703,6694,6703,6696,6704,6695,6704,6698,6703.5,6694.5,6703.5,6697.0
2025-08-20 01:20:00,22400,6698,6687,6696,6688,6699,6689,6698,6689,6698.5,6688.0,6697.0,6688.5
2025-08-20 01:25:00,11700,6691,6685,6688,6687,6692,6686,6689,6688,6691.5,6685.5,6688.5,6687.5
2025-08-20 01:30:00,10200,6695,6683,6687,6695,6696,6684,6688,6696,6695.5,6683.5,6687.5,6695.5
2025-08-20 01:35:00,9300,6698,6694,6695,6695,6699,6695,6696,6696,6698.5,6694.5,6695.5,6695.5
2025-08-20 01:40:00,10100,6695,6687,6695,6695,6696,6688,6696,6696,6695.5,6687.5,6695.5,6695.5
2025-08-20 01:45:00,14300,6696,6687,6695,6695,6698,6689,6696,6697,6697.0,6688.0,6695.5,6696.0
2025-08-20 01:50:00,5900,6696,6690,6695,6694,6697,6692,6697,6695,6696.5,6691.0,6696.0,6694.5
2025-08-20 01:55:00,10300,6696,6690,6694,6692,6697,6691,6695,6694,6696.5,6690.5,6694.5,6693.0
2025-08-20 02:00:00,14000,6692,6684,6692,6684,6694,6685,6694,6686,6693.0,6684.5,6693.0,6685.0
2025-08-20 02:05:00,9700,6688,6681,6685,6683,6690,6684,6686,6685,6689.0,6682.5,6685.5,6684.0
2025-08-20 02:10:00,5400,6691,6680,6683,6691,6692,6682,6685,6692,6691.5,6681.0,6684.0,6691.5
2025-08-20 02:15:00,8000,6693,6688,6691,6693,6694,6689,6692,6694,6693.5,6688.5,6691.5,6693.5
2025-08-20 02:20:00,7300,6694,6692,6693,6693,6695,6693,6694,6695,6694.5,6692.5,6693.5,6694.0
2025-08-20 02:25:00,13200,6698,6693,6693,6695,6699,6695,6695,6697,6698.5,6694.0,6694.0,6696.0
2025-08-20 02:30:00,900,6695,6695,6695,6695,6699,6699,6699,6699,6697.0,6697.0,6697.0,6697.0
2025-08-20 03:30:00,41800,6697,6676,6687,6677,6698,6677,6688,6678,6697.5,6676.5,6687.5,6677.5
2025-08-20 03:35:00,22600,6677,6663,6677,6670,6678,6664,6678,6672,6677.5,6663.5,6677.5,6671.0
2025-08-20 03:40:00,13500,6675,6666,6670,6666,6676,6667,6672,6667,6675.5,6666.5,6671.0,6666.5
2025-08-20 03:45:00,10400,6673,6666,6666,6671,6675,6667,6667,6672,6674.0,6666.5,6666.5,6671.5
2025-08-20 03:50:00,11200,6673,6666,6671,6670,6674,6667,6672,6671,6673.5,6666.5,6671.5,6670.5
2025-08-20 03:55:00,15000,6675,6667,6670,6668,6676,6668,6671,6669,6675.5,6667.5,6670.5,6668.5
2025-08-20 04:00:00,14500,6675,6667,6668,6672,6676,6668,6669,6673,6675.5,6667.5,6668.5,6672.5
2025-08-20 04:05:00,11100,6678,6670,6672,6677,6679,6672,6673,6678,6678.5,6671.0,6672.5,6677.5
2025-08-20 04:10:00,29500,6680,6676,6677,6677,6681,6677,6678,6679,6680.5,6676.5,6677.5,6678.0
2025-08-20 04:15:00,11800,6678,6667,6677,6670,6679,6668,6679,6671,6678.5,6667.5,6678.0,6670.5
2025-08-20 04:20:00,8500,6670,6661,6670,6667,6671,6662,6671,6668,6670.5,6661.5,6670.5,6667.5
2025-08-20 04:25:00,6200,6668,6663,6667,6663,6670,6665,6668,6665,6669.0,6664.0,6667.5,6664.0
2025-08-20 04:30:00,11300,6666,6661,6663,6664,6667,6662,6665,6665,6666.5,6661.5,6664.0,6664.5
2025-08-20 04:35:00,8600,6669,6664,6664,6666,6670,6665,6665,6667,6669.5,6664.5,6664.5,6666.5
2025-08-20 04:40:00,12200,6666,6659,6666,6659,6667,6660,6667,6661,6666.5,6659.5,6666.5,6660.0
2025-08-20 04:45:00,9600,6666,6659,6659,6664,6667,6660,6661,6665,6666.5,6659.5,6660.0,6664.5
2025-08-20 04:50:00,8900,6669,6663,6664,6667,6670,6664,6665,6668,6669.5,6663.5,6664.5,6667.5
2025-08-20 04:55:00,6400,6670,6666,6667,6670,6671,6667,6668,6671,6670.5,6666.5,6667.5,6670.5
2025-08-20 05:00:00,17500,6675,6668,6670,6668,6676,6670,6671,6670,6675.5,6669.0,6670.5,6669.0
2025-08-20 05:05:00,9500,6669,6664,6668,6666,6670,6665,6670,6667,6669.5,6664.5,6669.0,6666.5
2025-08-20 05:10:00,8100,6666,6663,6666,6665,6667,6664,6667,6666,6666.5,6663.5,6666.5,6665.5
2025-08-20 05:15:00,11500,6666,6660,6665,6661,6667,6662,6666,6662,6666.5,6661.0,6665.5,6661.5
2025-08-20 05:20:00,7000,6666,6661,6661,6666,6667,6662,6662,6667,6666.5,6661.5,6661.5,6666.5
2025-08-20 05:25:00,11500,6667,6662,6666,6662,6669,6663,6667,6663,6668.0,6662.5,6666.5,6662.5
2025-08-20 05:30:00,12200,6667,6659,6662,6667,6668,6660,6663,6668,6667.5,6659.5,6662.5,6667.5
2025-08-20 05:35:00,12600,6672,6666,6667,6670,6673,6667,6668,6671,6672.5,6666.5,6667.5,6670.5
2025-08-20 05:40:00,12700,6673,6669,6670,6671,6675,6670,6671,6672,6674.0,6669.5,6670.5,6671.5
2025-08-20 05:45:00,13500,6671,6669,6671,6670,6672,6670,6672,6671,6671.5,6669.5,6671.5,6670.5
2025-08-20 05:50:00,16100,6672,6665,6670,6669,6673,6667,6671,6670,6672.5,6666.0,6670.5,6669.5
2025-08-20 05:55:00,14900,6672,6669,6669,6671,6674,6670,6670,6672,6673.0,6669.5,6669.5,6671.5
2025-08-20 06:00:00,24000,6677,6671,6671,6672,6678,6672,6672,6673,6677.5,6671.5,6671.5,6672.5
2025-08-20 06:05:00,16900,6673,6665,6672,6666,6674,6666,6673,6667,6673.5,6665.5,6672.5,6666.5
2025-08-20 06:10:00,19500,6667,6664,6666,6666,6668,6665,6667,6667,6667.5,6664.5,6666.5,6666.5
2025-08-20 06:15:00,30400,6666,6656,6666,6658,6667,6657,6667,6659,6666.5,6656.5,6666.5,6658.5
2025-08-20 06:20:00,34500,6663,6656,6658,6656,6665,6657,6659,6659,6664.0,6656.5,6658.5,6657.5
2025-08-20 06:25:00,,6650,6480,6622,6650,6651,6481,6622,6651,6650.5,6480.5,6622.0,6650.5
2025-08-20 06:30:00,516500,6650,6650,6650,6650,6656,6656,6656,6656,6653.0,6653.0,6653.0,6653.0
2025-08-21 00:00:00,144300,6690,6654,6654,6667,6691,6654,6655,6668,6690.5,6654.0,6654.5,6667.5
2025-08-21 00:05:00,51700,6698,6662,6667,6685,6699,6663,6668,6686,6698.5,6662.5,6667.5,6685.5
2025-08-21 00:10:00,47500,6699,6684,6685,6694,6700,6686,6686,6695,6699.5,6685.0,6685.5,6694.5
2025-08-21 00:15:00,22300,6694,6683,6694,6688,6695,6684,6695,6689,6694.5,6683.5,6694.5,6688.5
2025-08-21 00:20:00,17700,6689,6677,6688,6684,6690,6678,6689,6685,6689.5,6677.5,6688.5,6684.5
2025-08-21 00:25:00,16500,6689,6680,6684,6685,6690,6681,6685,6687,6689.5,6680.5,6684.5,6686.0
2025-08-21 00:30:00,14700,6693,6684,6685,6693,6694,6685,6687,6694,6693.5,6684.5,6686.0,6693.5
2025-08-21 00:35:00,8200,6693,6684,6693,6684,6694,6685,6694,6686,6693.5,6684.5,6693.5,6685.0
2025-08-21 00:40:00,8700,6689,6683,6684,6687,6691,6685,6686,6688,6690.0,6684.0,6685.0,6687.5
2025-08-21 00:45:00,10000,6687,6677,6687,6677,6688,6678,6688,6678,6687.5,6677.5,6687.5,6677.5
2025-08-21 00:50:00,10100,6679,6672,6677,6677,6680,6674,6678,6678,6679.5,6673.0,6677.5,6677.5
2025-08-21 00:55:00,7800,6679,6673,6677,6675,6681,6675,6678,6676,6680.0,6674.0,6677.5,6675.5
2025-08-21 01:00:00,11900,6676,6671,6675,6674,6678,6673,6676,6676,6677.0,6672.5,6675.5,6675.0
2025-08-21 01:05:00,8300,6681,6674,6674,6679,6683,6676,6676,6680,6682.0,6675.0,6675.0,6679.5
2025-08-21 01:10:00,8500,6683,6679,6679,6682,6684,6681,6681,6683,6683.5,6680.0,6680.0,6682.5
2025-08-21 01:15:00,6400,6685,6681,6682,6682,6686,6682,6683,6683,6685.5,6681.5,6682.5,6682.5
2025-08-21 01:20:00,7600,6686,6679,6682,6686,6687,6680,6683,6687,6686.5,6679.5,6682.5,6686.5
2025-08-21 01:25:00,6000,6688,6682,6686,6684,6690,6683,6687,6685,6689.0,6682.5,6686.5,6684.5
2025-08-21 01:30:00,8000,6686,6682,6684,6682,6688,6684,6685,6684,6687.0,6683.0,6684.5,6683.0
2025-08-21 01:35:00,11300,6682,6677,6682,6681,6684,6679,6684,6683,6683.0,6678.0,6683.0,6682.0
2025-08-21 01:40:00,4000,6683,6680,6681,6681,6684,6681,6683,6682,6683.5,6680.5,6682.0,6681.5
2025-08-21 01:45:00,9000,6687,6680,6681,6687,6689,6682,6682,6689,6688.0,6681.0,6681.5,6688.0
2025-08-21 01:50:00,55600,6703,6687,6687,6699,6704,6688,6688,6700,6703.5,6687.5,6687.5,6699.5
2025-08-21 01:55:00,7100,6700,6696,6699,6698,6701,6698,6700,6699,6700.5,6697.0,6699.5,6698.5
2025-08-21 02:00:00,9200,6702,6697,6698,6698,6703,6699,6699,6699,6702.5,6698.0,6698.5,6698.5
2025-08-21 02:05:00,10600,6698,6686,6698,6689,6699,6687,6699,6690,6698.5,6686.5,6698.5,6689.5
2025-08-21 02:10:00,5500,6690,6685,6689,6690,6691,6686,6690,6691,6690.5,6685.5,6689.5,6690.5
2025-08-21 02:15:00,3900,6690,6686,6690,6687,6691,6687,6691,6688,6690.5,6686.5,6690.5,6687.5
2025-08-21 02:20:00,10100,6691,6682,6687,6683,6692,6684,6688,6685,6691.5,6683.0,6687.5,6684.0
2025-08-21 02:25:00,50400,6690,6669,6683,6678,6692,6676,6685,6681,6691.0,6674.0,6684.0,6679.5
2025-08-21 02:30:00,5800,6678,6678,6678,6678,6681,6681,6681,6681,6679.5,6679.5,6679.5,6679.5
2025-08-21 03:30:00,47200,6691,6678,6678,6682,6692,6679,6679,6683,6691.5,6678.5,6678.5,6682.5
2025-08-21 03:35:00,19200,6685,6677,6682,6682,6686,6678,6683,6683,6685.5,6677.5,6682.5,6682.5
2025-08-21 03:40:00,12400,6688,6681,6682,6688,6689,6682,6683,6689,6688.5,6681.5,6682.5,6688.5
2025-08-21 03:45:00,24900,6691,6676,6688,6677,6692,6678,6689,6678,6691.5,6677.0,6688.5,6677.5
2025-08-21 03:50:00,21100,6678,6665,6677,6665,6679,6666,6678,6667,6678.5,6665.5,6677.5,6666.0
2025-08-21 03:55:00,19600,6670,6660,6665,6665,6671,6661,6667,6666,6670.5,6660.5,6666.0,6665.5
2025-08-21 04:00:00,17100,6679,6664,6665,6674,6680,6665,6666,6676,6679.5,6664.5,6665.5,6675.0
2025-08-21 04:05:00,14000,6683,6674,6674,6683,6685,6675,6676,6685,6684.0,6674.5,6675.0,6684.0
2025-08-21 04:10:00,9600,6684,6679,6683,6682,6685,6680,6685,6683,6684.5,6679.5,6684.0,6682.5
2025-08-21 04:15:00,6700,6683,6679,6682,6680,6684,6681,6683,6681,6683.5,6680.0,6682.5,6680.5
2025-08-21 04:20:00,8800,6683,6678,6680,6683,6684,6679,6681,6684,6683.5,6678.5,6680.5,6683.5
2025-08-21 04:25:00,6200,6683,6681,6683,6682,6684,6682,6684,6683,6683.5,6681.5,6683.5,6682.5
2025-08-21 04:30:00,8000,6685,6682,6682,6684,6686,6683,6683,6685,6685.5,6682.5,6682.5,6684.5
2025-08-21 04:35:00,12400,6684,6680,6684,6682,6685,6682,6685,6683,6684.5,6681.0,6684.5,6682.5
2025-08-21 04:40:00,9700,6682,6680,6682,6682,6683,6681,6683,6683,6682.5,6680.5,6682.5,6682.5
2025-08-21 04:45:00,12400,6685,6682,6682,6683,6686,6683,6683,6684,6685.5,6682.5,6682.5,6683.5
2025-08-21 04:50:00,13200,6684,6676,6683,6678,6685,6677,6684,6679,6684.5,6676.5,6683.5,6678.5
2025-08-21 04:55:00,6200,6679,6676,6678,6679,6680,6678,6679,6680,6679.5,6677.0,6678.5,6679.5
2025-08-21 05:00:00,12800,6679,6677,6679,6678,6680,6678,6680,6679,6679.5,6677.5,6679.5,6678.5
2025-08-21 05:05:00,13200,6678,6675,6678,6677,6679,6676,6679,6678,6678.5,6675.5,6678.5,6677.5
2025-08-21 05:10:00,5800,6679,6676,6677,6679,6680,6677,6678,6680,6679.5,6676.5,6677.5,6679.5
2025-08-21 05:15:00,7000,6679,6677,6679,6678,6680,6678,6680,6679,6679.5,6677.5,6679.5,6678.5
2025-08-21 05:20:00,14500,6678,6672,6678,6674,6679,6673,6679,6675,6678.5,6672.5,6678.5,6674.5
2025-08-21 05:25:00,11600,6675,6673,6674,6674,6676,6674,6675,6675,6675.5,6673.5,6674.5,6674.5
2025-08-21 05:30:00,13900,6676,6674,6674,6675,6677,6675,6675,6676,6676.5,6674.5,6674.5,6675.5
2025-08-21 05:35:00,6200,6676,6675,6675,6675,6677,6676,6676,6676,6676.5,6675.5,6675.5,6675.5
2025-08-21 05:40:00,13200,6676,6673,6675,6675,6677,6675,6676,6676,6676.5,6674.0,6675.5,6675.5
2025-08-21 05:45:00,7800,6675,6674,6675,6675,6676,6675,6676,6676,6675.5,6674.5,6675.5,6675.5
2025-08-21 05:50:00,12000,6678,6673,6675,6678,6679,6675,6676,6679,6678.5,6674.0,6675.5,6678.5
2025-08-21 05:55:00,31600,6684,6676,6678,6684,6685,6677,6679,6685,6684.5,6676.5,6678.5,6684.5
2025-08-21 06:00:00,23100,6685,6674,6684,6678,6686,6675,6685,6679,6685.5,6674.5,6684.5,6678.5
2025-08-21 06:05:00,11000,6682,6676,6678,6677,6683,6678,6679,6679,6682.5,6677.0,6678.5,6678.0
2025-08-21 06:10:00,14100,6682,6677,6677,6680,6683,6678,6679,6682,6682.5,6677.5,6678.0,6681.0
2025-08-21 06:15:00,15700,6683,6676,6680,6677,6684,6677,6682,6678,6683.5,6676.5,6681.0,6677.5
2025-08-21 06:20:00,47800,6678,6664,6677,6664,6679,6666,6678,6667,6678.5,6665.0,6677.5,6665.5
2025-08-21 06:25:00,,6684,6649,6679,6661,6685,6650,6680,6662,6684.5,6649.5,6679.5,6661.5
2025-08-21 06:30:00,431400,6660,6660,6660,6660,6665,6665,6665,6665,6662.5,6662.5,6662.5,6662.5
2025-08-22 00:00:00,328600,6737,6671,6689,6708,6739,6687,6690,6710,6737.5,6680.0,6689.5,6709.0
2025-08-22 00:05:00,42200,6717,6699,6708,6715,6719,6700,6710,6717,6718.0,6699.5,6709.0,6716.0
2025-08-22 00:10:00,74500,6721,6686,6715,6692,6722,6687,6717,6694,6721.5,6686.5,6716.0,6693.0
2025-08-22 00:15:00,67700,6706,6686,6692,6698,6708,6687,6694,6701,6707.0,6686.5,6693.0,6699.5
2025-08-22 00:20:00,28800,6706,6692,6698,6704,6707,6693,6701,6705,6706.5,6692.5,6699.5,6704.5
2025-08-22 00:25:00,32100,6704,6687,6704,6697,6706,6688,6705,6698,6705.0,6687.5,6704.5,6697.5
2025-08-22 00:30:00,34600,6706,6692,6697,6701,6708,6693,6698,6702,6707.0,6692.5,6697.5,6701.5
2025-08-22 00:35:00,26200,6709,6699,6701,6704,6710,6701,6702,6705,6709.5,6700.0,6701.5,6704.5
2025-08-22 00:40:00,17100,6709,6702,6704,6708,6711,6704,6705,6709,6710.0,6703.0,6704.5,6708.5
2025-08-22 00:45:00,25400,6712,6707,6708,6708,6713,6709,6709,6709,6712.5,6708.0,6708.5,6708.5
2025-08-22 00:50:00,17400,6711,6707,6708,6709,6712,6709,6709,6710,6711.5,6708.0,6708.5,6709.5
2025-08-22 00:55:00,42400,6717,6707,6709,6709,6718,6708,6710,6710,6717.5,6707.5,6709.5,6709.5
2025-08-22 01:00:00,16900,6710,6703,6709,6704,6711,6705,6710,6706,6710.5,6704.0,6709.5,6705.0
2025-08-22 01:05:00,10900,6706,6698,6704,6703,6707,6700,6706,6704,6706.5,6699.0,6705.0,6703.5
2025-08-22 01:10:00,13900,6709,6701,6703,6708,6710,6702,6704,6710,6709.5,6701.5,6703.5,6709.0
2025-08-22 01:15:00,14800,6711,6707,6708,6709,6712,6708,6710,6710,6711.5,6707.5,6709.0,6709.5
2025-08-22 01:20:00,15600,6709,6701,6709,6703,6711,6702,6710,6704,6710.0,6701.5,6709.5,6703.5
2025-08-22 01:25:00,10900,6708,6703,6703,6708,6710,6704,6704,6709,6709.0,6703.5,6703.5,6708.5
2025-08-22 01:30:00,19100,6710,6706,6708,6706,6712,6708,6709,6708,6711.0,6707.0,6708.5,6707.0
2025-08-22 01:35:00,3500,6709,6706,6706,6708,6711,6708,6708,6709,6710.0,6707.0,6707.0,6708.5
2025-08-22 01:40:00,26500,6712,6707,6708,6709,6714,6708,6709,6711,6713.0,6707.5,6708.5,6710.0
2025-08-22 01:45:00,9300,6710,6707,6709,6707,6712,6708,6711,6708,6711.0,6707.5,6710.0,6707.5
2025-08-22 01:50:00,10500,6710,6705,6707,6705,6711,6706,6708,6706,6710.5,6705.5,6707.5,6705.5
2025-08-22 01:55:00,8700,6708,6704,6705,6705,6709,6705,6706,6707,6708.5,6704.5,6705.5,6706.0
2025-08-22 02:00:00,8700,6707,6703,6705,6707,6709,6704,6707,6709,6708.0,6703.5,6706.0,6708.0
2025-08-22 02:05:00,7200,6709,6706,6707,6707,6710,6707,6709,6708,6709.5,6706.5,6708.0,6707.5
2025-08-22 02:10:00,25600,6712,6707,6707,6711,6714,6708,6708,6712,6713.0,6707.5,6707.5,6711.5
2025-08-22 02:15:00,90100,6729,6709,6711,6721,6730,6710,6712,6723,6729.5,6709.5,6711.5,6722.0
2025-08-22 02:20:00,29100,6721,6709,6721,6709,6723,6711,6723,6711,6722.0,6710.0,6722.0,6710.0
2025-08-22 02:25:00,14600,6710,6704,6709,6705,6711,6705,6711,6706,6710.5,6704.5,6710.0,6705.5
2025-08-22 02:30:00,14800,6703,6703,6703,6703,6706,6706,6706,6706,6704.5,6704.5,6704.5,6704.5
2025-08-22 03:30:00,86600,6708,6694,6703,6704,6710,6695,6704,6705,6709.0,6694.5,6703.5,6704.5
2025-08-22 03:35:00,23900,6709,6701,6704,6709,6710,6702,6705,6710,6709.5,6701.5,6704.5,6709.5
2025-08-22 03:40:00,18700,6710,6702,6709,6704,6711,6703,6710,6705,6710.5,6702.5,6709.5,6704.5
2025-08-22 03:45:00,11600,6709,6703,6704,6709,6710,6705,6705,6710,6709.5,6704.0,6704.5,6709.5
2025-08-22 03:50:00,15700,6710,6702,6709,6704,6711,6703,6710,6705,6710.5,6702.5,6709.5,6704.5
2025-08-22 03:55:00,13700,6704,6700,6704,6702,6705,6701,6705,6704,6704.5,6700.5,6704.5,6703.0
2025-08-22 04:00:00,6500,6705,6702,6702,6704,6706,6703,6704,6705,6705.5,6702.5,6703.0,6704.5
2025-08-22 04:05:00,24700,6711,6704,6704,6710,6712,6705,6705,6711,6711.5,6704.5,6704.5,6710.5
2025-08-22 04:10:00,16700,6715,6709,6710,6714,6716,6710,6711,6715,6715.5,6709.5,6710.5,6714.5
2025-08-22 04:15:00,10500,6715,6713,6714,6713,6716,6714,6715,6714,6715.5,6713.5,6714.5,6713.5
2025-08-22 04:20:00,26900,6720,6713,6713,6718,6722,6714,6714,6719,6721.0,6713.5,6713.5,6718.5
2025-08-22 04:25:00,9900,6718,6713,6718,6714,6719,6714,6719,6715,6718.5,6713.5,6718.5,6714.5
2025-08-22 04:30:00,8400,6719,6714,6714,6718,6720,6715,6715,6719,6719.5,6714.5,6714.5,6718.5
2025-08-22 04:35:00,12600,6720,6718,6718,6719,6721,6719,6719,6720,6720.5,6718.5,6718.5,6719.5
2025-08-22 04:40:00,14200,6719,6714,6719,6714,6720,6715,6720,6715,6719.5,6714.5,6719.5,6714.5
2025-08-22 04:45:00,26100,6714,6703,6714,6706,6715,6705,6715,6707,6714.5,6704.5,6714.5,6706.5
2025-08-22 04:50:00,7100,6708,6706,6706,6706,6709,6707,6707,6707,6708.5,6706.5,6706.5,6706.5
2025-08-22 04:55:00,9600,6707,6702,6706,6704,6708,6704,6707,6705,6707.5,6703.0,6706.5,6704.5
2025-08-22 05:00:00,8700,6707,6702,6704,6706,6708,6703,6705,6707,6707.5,6702.5,6704.5,6706.5
2025-08-22 05:05:00,5900,6707,6705,6706,6705,6708,6706,6707,6706,6707.5,6705.5,6706.5,6705.5
2025-08-22 05:10:00,12700,6705,6697,6705,6698,6706,6698,6706,6699,6705.5,6697.5,6705.5,6698.5
2025-08-22 05:15:00,9000,6702,6698,6698,6699,6703,6699,6699,6700,6702.5,6698.5,6698.5,6699.5
2025-08-22 05:20:00,11100,6699,6691,6699,6693,6700,6692,6700,6694,6699.5,6691.5,6699.5,6693.5
2025-08-22 05:25:00,17200,6697,6689,6693,6694,6698,6690,6694,6695,6697.5,6689.5,6693.5,6694.5
2025-08-22 05:30:00,11800,6697,6693,6694,6695,6698,6695,6695,6696,6697.5,6694.0,6694.5,6695.5
2025-08-22 05:35:00,10000,6699,6695,6695,6697,6700,6696,6696,6698,6699.5,6695.5,6695.5,6697.5
2025-08-22 05:40:00,25400,6707,6697,6697,6702,6708,6698,6698,6703,6707.5,6697.5,6697.5,6702.5
2025-08-22 05:45:00,12500,6702,6697,6702,6700,6703,6698,6703,6702,6702.5,6697.5,6702.5,6701.0
2025-08-22 05:50:00,16100,6704,6700,6700,6701,6705,6702,6702,6702,6704.5,6701.0,6701.0,6701.5
2025-08-22 05:55:00,16300,6701,6696,6701,6698,6702,6697,6702,6699,6701.5,6696.5,6701.5,6698.5
2025-08-22 06:00:00,21600,6702,6697,6698,6699,6703,6699,6699,6701,6702.5,6698.0,6698.5,6700.0
2025-08-22 06:05:00,13300,6704,6697,6699,6702,6705,6698,6701,6704,6704.5,6697.5,6700.0,6703.0
2025-08-22 06:10:00,20800,6704,6699,6702,6701,6705,6700,6704,6702,6704.5,6699.5,6703.0,6701.5
2025-08-22 06:15:00,34300,6704,6699,6701,6703,6705,6701,6702,6704,6704.5,6700.0,6701.5,6703.5
2025-08-22 06:20:00,42600,6705,6697,6703,6704,6707,6698,6704,6705,6706.0,6697.5,6703.5,6704.5
2025-08-22 06:25:00,,6743,6698,6710,6700,6744,6699,6711,6701,6743.5,6698.5,6710.5,6700.5
2025-08-22 06:30:00,397700,6700,6700,6700,6700,6705,6705,6705,6705,6702.5,6702.5,6702.5,6702.5
2025-08-25 00:00:00,254400,6763,6722,6731,6760,6766,6731,6732,6763,6764.0,6727.0,6731.5,6761.5
2025-08-25 00:05:00,75600,6769,6750,6760,6764,6770,6751,6763,6765,6769.5,6750.5,6761.5,6764.5
2025-08-25 00:10:00,135800,6789,6753,6764,6775,6790,6755,6765,6777,6789.5,6754.5,6764.5,6776.0
2025-08-25 00:15:00,41700,6775,6759,6775,6768,6777,6761,6777,6771,6776.0,6760.0,6776.0,6769.5
2025-08-25 00:20:00,48100,6769,6757,6768,6761,6771,6758,6771,6763,6770.0,6757.5,6769.5,6762.0
2025-08-25 00:25:00,32400,6774,6755,6761,6773,6775,6757,6763,6774,6774.5,6756.0,6762.0,6773.5
2025-08-25 00:30:00,47900,6793,6773,6773,6791,6794,6775,6775,6792,6793.5,6774.0,6774.0,6791.5
2025-08-25 00:35:00,227200,6815,6789,6791,6795,6817,6790,6792,6797,6816.0,6789.5,6791.5,6796.0
2025-08-25 00:40:00,19500,6803,6793,6795,6799,6804,6795,6797,6800,6803.5,6794.0,6796.0,6799.5
2025-08-25 00:45:00,15900,6802,6790,6799,6790,6803,6791,6800,6791,6802.5,6790.5,6799.5,6790.5
2025-08-25 00:50:00,14100,6800,6789,6790,6799,6801,6790,6791,6800,6800.5,6789.5,6790.5,6799.5
2025-08-25 00:55:00,14900,6804,6793,6799,6802,6805,6794,6800,6803,6804.5,6793.5,6799.5,6802.5
2025-08-25 01:00:00,15300,6803,6794,6801,6795,6805,6796,6803,6796,6804.0,6795.0,6802.0,6795.5
2025-08-25 01:05:00,20500,6809,6794,6795,6806,6810,6795,6796,6807,6809.5,6794.5,6795.5,6806.5
2025-08-25 01:10:00,33600,6817,6803,6806,6816,6818,6805,6807,6817,6817.5,6804.0,6806.5,6816.5
2025-08-25 01:15:00,40500,6822,6808,6816,6808,6824,6809,6817,6810,6823.0,6808.5,6816.5,6809.0
2025-08-25 01:20:00,15900,6818,6807,6808,6815,6819,6808,6810,6817,6818.5,6807.5,6809.0,6816.0
2025-08-25 01:25:00,15000,6821,6815,6815,6818,6823,6817,6817,6819,6822.0,6816.0,6816.0,6818.5
2025-08-25 01:30:00,40700,6827,6814,6818,6819,6828,6815,6819,6821,6827.5,6814.5,6818.5,6820.0
2025-08-25 01:35:00,11600,6822,6818,6819,6819,6824,6819,6821,6820,6823.0,6818.5,6820.0,6819.5
2025-08-25 01:40:00,11100,6822,6816,6819,6821,6823,6817,6820,6823,6822.5,6816.5,6819.5,6822.0
2025-08-25 01:45:00,39800,6832,6820,6821,6832,6833,6821,6822,6833,6832.5,6820.5,6821.5,6832.5
2025-08-25 01:50:00,32400,6832,6808,6832,6816,6833,6810,6833,6818,6832.5,6809.0,6832.5,6817.0
2025-08-25 01:55:00,13600,6822,6815,6816,6817,6823,6817,6818,6819,6822.5,6816.0,6817.0,6818.0
2025-08-25 02:00:00,9500,6818,6810,6817,6812,6819,6811,6819,6814,6818.5,6810.5,6818.0,6813.0
2025-08-25 02:05:00,11400,6824,6811,6812,6823,6825,6812,6814,6825,6824.5,6811.5,6813.0,6824.0
2025-08-25 02:10:00,7800,6823,6817,6823,6819,6825,6819,6825,6820,6824.0,6818.0,6824.0,6819.5
2025-08-25 02:15:00,9900,6826,6819,6819,6826,6827,6820,6820,6827,6826.5,6819.5,6819.5,6826.5
2025-08-25 02:20:00,11400,6829,6825,6826,6827,6830,6826,6827,6828,6829.5,6825.5,6826.5,6827.5
2025-08-25 02:25:00,46300,6845,6827,6827,6843,6847,6828,6828,6847,6845.5,6827.5,6827.5,6845.0
2025-08-25 02:30:00,8900,6843,6843,6843,6843,6847,6847,6847,6847,6845.0,6845.0,6845.0,6845.0
2025-08-25 03:30:00,82300,6822,6790,6820,6798,6837,6791,6821,6800,6827.0,6790.5,6820.5,6799.0
2025-08-25 03:35:00,19900,6798,6787,6798,6795,6800,6789,6800,6797,6799.0,6788.0,6799.0,6796.0
2025-08-25 03:40:00,19000,6796,6781,6794,6787,6798,6782,6797,6788,6797.0,6781.5,6795.5,6787.5
2025-08-25 03:45:00,17200,6796,6784,6787,6796,6797,6785,6788,6797,6796.5,6784.5,6787.5,6796.5
2025-08-25 03:50:00,8000,6801,6795,6796,6801,6802,6797,6797,6802,6801.5,6796.0,6796.5,6801.5
2025-08-25 03:55:00,16000,6802,6794,6801,6796,6803,6795,6802,6798,6802.5,6794.5,6801.5,6797.0
2025-08-25 04:00:00,7800,6799,6794,6796,6797,6800,6796,6798,6798,6799.5,6795.0,6797.0,6797.5
2025-08-25 04:05:00,11100,6805,6797,6797,6804,6806,6798,6799,6805,6805.5,6797.5,6798.0,6804.5
2025-08-25 04:10:00,8300,6807,6803,6804,6806,6809,6805,6805,6807,6808.0,6804.0,6804.5,6806.5
2025-08-25 04:15:00,9300,6807,6803,6806,6806,6809,6805,6807,6807,6808.0,6804.0,6806.5,6806.5
2025-08-25 04:20:00,7500,6806,6800,6806,6802,6807,6801,6807,6803,6806.5,6800.5,6806.5,6802.5
2025-08-25 04:25:00,10600,6809,6801,6802,6805,6810,6802,6803,6806,6809.5,6801.5,6802.5,6805.5
2025-08-25 04:30:00,10200,6806,6797,6805,6798,6808,6799,6806,6800,6807.0,6798.0,6805.5,6799.0
2025-08-25 04:35:00,2300,6801,6798,6799,6801,6802,6800,6800,6802,6801.5,6799.0,6799.5,6801.5
2025-08-25 04:40:00,8600,6805,6800,6801,6801,6806,6801,6802,6802,6805.5,6800.5,6801.5,6801.5
2025-08-25 04:45:00,9600,6801,6795,6801,6796,6802,6796,6802,6797,6801.5,6795.5,6801.5,6796.5
2025-08-25 04:50:00,17000,6800,6793,6796,6798,6802,6795,6797,6799,6801.0,6794.0,6796.5,6798.5
2025-08-25 04:55:00,5700,6798,6795,6798,6796,6799,6796,6799,6797,6798.5,6795.5,6798.5,6796.5
2025-08-25 05:00:00,22600,6796,6786,6796,6790,6798,6788,6797,6792,6797.0,6787.0,6796.5,6791.0
2025-08-25 05:05:00,5100,6791,6788,6790,6791,6793,6790,6792,6792,6792.0,6789.0,6791.0,6791.5
2025-08-25 05:10:00,9000,6798,6790,6791,6796,6799,6792,6792,6797,6798.5,6791.0,6791.5,6796.5
2025-08-25 05:15:00,11000,6796,6788,6796,6790,6797,6789,6797,6791,6796.5,6788.5,6796.5,6790.5
2025-08-25 05:20:00,9600,6790,6786,6790,6787,6791,6787,6791,6788,6790.5,6786.5,6790.5,6787.5
2025-08-25 05:25:00,8100,6789,6785,6787,6788,6790,6787,6788,6789,6789.5,6786.0,6787.5,6788.5
2025-08-25 05:30:00,22200,6788,6778,6788,6784,6789,6779,6789,6785,6788.5,6778.5,6788.5,6784.5
2025-08-25 05:35:00,9800,6787,6783,6784,6787,6789,6784,6785,6788,6788.0,6783.5,6784.5,6787.5
2025-08-25 05:40:00,37700,6795,6785,6787,6788,6796,6786,6788,6789,6795.5,6785.5,6787.5,6788.5
2025-08-25 05:45:00,13000,6794,6788,6788,6792,6796,6789,6789,6793,6795.0,6788.5,6788.5,6792.5
2025-08-25 05:50:00,8800,6796,6792,6792,6796,6797,6793,6793,6797,6796.5,6792.5,6792.5,6796.5
2025-08-25 05:55:00,10100,6797,6794,6796,6795,6798,6795,6797,6796,6797.5,6794.5,6796.5,6795.5
2025-08-25 06:00:00,8700,6795,6793,6795,6795,6796,6794,6796,6796,6795.5,6793.5,6795.5,6795.5
2025-08-25 06:05:00,19700,6795,6783,6795,6791,6796,6784,6796,6793,6795.5,6783.5,6795.5,6792.0
2025-08-25 06:10:00,13400,6795,6791,6791,6795,6797,6792,6793,6796,6796.0,6791.5,6792.0,6795.5
2025-08-25 06:15:00,31900,6798,6790,6795,6798,6799,6791,6796,6799,6798.5,6790.5,6795.5,6798.5
2025-08-25 06:20:00,35800,6803,6797,6798,6800,6805,6798,6799,6802,6804.0,6797.5,6798.5,6801.0
2025-08-25 06:25:00,,6842,6770,6788,6796,6843,6771,6789,6797,6842.5,6770.5,6788.5,6796.5
2025-08-25 06:30:00,273000,6794,6794,6794,6794,6798,6798,6798,6798,6796.0,6796.0,6796.0,6796.0
2025-08-26 00:00:00,186900,6836,6797,6816,6797,6838,6799,6817,6799,6837.0,6798.0,6816.5,6798.0
2025-08-26 00:05:00,36000,6804,6786,6797,6803,6806,6789,6799,6805,6805.0,6787.5,6798.0,6804.0
2025-08-26 00:10:00,32800,6806,6763,6803,6764,6807,6765,6805,6766,6806.5,6764.0,6804.0,6765.0
2025-08-26 00:15:00,34500,6766,6741,6764,6742,6768,6742,6765,6743,6767.0,6741.5,6764.5,6742.5
2025-08-26 00:20:00,31100,6745,6732,6742,6736,6746,6733,6743,6737,6745.5,6732.5,6742.5,6736.5
2025-08-26 00:25:00,21700,6738,6725,6736,6725,6739,6726,6738,6727,6738.5,6725.5,6737.0,6726.0
2025-08-26 00:30:00,43600,6725,6711,6725,6714,6727,6713,6727,6716,6726.0,6712.0,6726.0,6715.0
2025-08-26 00:35:00,19200,6714,6703,6714,6706,6716,6704,6716,6708,6715.0,6703.5,6715.0,6707.0
2025-08-26 00:40:00,21600,6710,6698,6706,6699,6711,6699,6708,6700,6710.5,6698.5,6707.0,6699.5
2025-08-26 00:45:00,24700,6705,6693,6699,6702,6707,6694,6700,6704,6706.0,6693.5,6699.5,6703.0
2025-08-26 00:50:00,10800,6706,6700,6702,6704,6707,6701,6704,6705,6706.5,6700.5,6703.0,6704.5
2025-08-26 00:55:00,14700,6712,6703,6704,6705,6714,6705,6705,6707,6713.0,6704.0,6704.5,6706.0
2025-08-26 01:00:00,11500,6713,6700,6705,6713,6714,6702,6707,6714,6713.5,6701.0,6706.0,6713.5
2025-08-26 01:05:00,13200,6722,6713,6713,6719,6723,6714,6714,6721,6722.5,6713.5,6713.5,6720.0
2025-08-26 01:10:00,7800,6721,6717,6719,6719,6722,6718,6721,6720,6721.5,6717.5,6720.0,6719.5
2025-08-26 01:15:00,6600,6719,6713,6719,6715,6720,6715,6720,6716,6719.5,6714.0,6719.5,6715.5
2025-08-26 01:20:00,7100,6720,6713,6715,6719,6721,6715,6716,6720,6720.5,6714.0,6715.5,6719.5
2025-08-26 01:25:00,9100,6719,6710,6719,6715,6720,6711,6720,6717,6719.5,6710.5,6719.5,6716.0
2025-08-26 01:30:00,6400,6715,6707,6715,6708,6717,6708,6717,6710,6716.0,6707.5,6716.0,6709.0
2025-08-26 01:35:00,7200,6715,6708,6708,6715,6717,6709,6710,6717,6716.0,6708.5,6709.0,6716.0
2025-08-26 01:40:00,8700,6718,6707,6715,6712,6719,6709,6717,6713,6718.5,6708.0,6716.0,6712.5
2025-08-26 01:45:00,6000,6717,6710,6712,6717,6718,6711,6713,6718,6717.5,6710.5,6712.5,6717.5
2025-08-26 01:50:00,9200,6723,6715,6717,6722,6724,6717,6718,6724,6723.5,6716.0,6717.5,6723.0
2025-08-26 01:55:00,5800,6724,6715,6722,6715,6725,6716,6724,6717,6724.5,6715.5,6723.0,6716.0
2025-08-26 02:00:00,8800,6718,6714,6715,6715,6719,6715,6717,6716,6718.5,6714.5,6716.0,6715.5
2025-08-26 02:05:00,7300,6721,6712,6715,6721,6722,6713,6716,6722,6721.5,6712.5,6715.5,6721.5
2025-08-26 02:10:00,7200,6723,6717,6721,6720,6724,6719,6722,6721,6723.5,6718.0,6721.5,6720.5
2025-08-26 02:15:00,6900,6720,6714,6720,6719,6721,6715,6721,6720,6720.5,6714.5,6720.5,6719.5
2025-08-26 02:20:00,5800,6724,6715,6719,6716,6725,6718,6720,6718,6724.5,6716.5,6719.5,6717.0
2025-08-26 02:25:00,37100,6716,6696,6716,6702,6718,6698,6718,6704,6717.0,6697.0,6717.0,6703.0
2025-08-26 02:30:00,23600,6700,6700,6700,6700,6704,6704,6704,6704,6702.0,6702.0,6702.0,6702.0
2025-08-26 03:30:00,45100,6711,6696,6699,6709,6712,6698,6699,6710,6711.5,6697.0,6699.0,6709.5
2025-08-26 03:35:00,9400,6712,6707,6709,6712,6713,6708,6710,6713,6712.5,6707.5,6709.5,6712.5
2025-08-26 03:40:00,8000,6721,6711,6712,6721,6722,6712,6713,6722,6721.5,6711.5,6712.5,6721.5
2025-08-26 03:45:00,6600,6722,6716,6721,6721,6723,6719,6722,6722,6722.5,6717.5,6721.5,6721.5
2025-08-26 03:50:00,17100,6729,6718,6721,6729,6730,6719,6722,6730,6729.5,6718.5,6721.5,6729.5
2025-08-26 03:55:00,13700,6736,6726,6729,6736,6737,6728,6730,6737,6736.5,6727.0,6729.5,6736.5
2025-08-26 04:00:00,19400,6747,6735,6736,6747,6748,6736,6737,6748,6747.5,6735.5,6736.5,6747.5
2025-08-26 04:05:00,15000,6748,6740,6747,6744,6749,6742,6748,6745,6748.5,6741.0,6747.5,6744.5
2025-08-26 04:10:00,11500,6744,6738,6744,6740,6745,6740,6745,6741,6744.5,6739.0,6744.5,6740.5
2025-08-26 04:15:00,7700,6745,6740,6740,6745,6746,6741,6741,6746,6745.5,6740.5,6740.5,6745.5
2025-08-26 04:20:00,11000,6749,6743,6745,6747,6750,6744,6746,6749,6749.5,6743.5,6745.5,6748.0
2025-08-26 04:25:00,7900,6750,6745,6747,6746,6751,6747,6749,6747,6750.5,6746.0,6748.0,6746.5
2025-08-26 04:30:00,9700,6749,6744,6746,6745,6750,6745,6747,6747,6749.5,6744.5,6746.5,6746.0
2025-08-26 04:35:00,8600,6745,6743,6745,6744,6747,6744,6747,6745,6746.0,6743.5,6746.0,6744.5
2025-08-26 04:40:00,10200,6748,6743,6744,6747,6749,6744,6745,6748,6748.5,6743.5,6744.5,6747.5
2025-08-26 04:45:00,8900,6751,6746,6747,6749,6752,6747,6748,6751,6751.5,6746.5,6747.5,6750.0
2025-08-26 04:50:00,8200,6752,6746,6749,6747,6753,6748,6751,6749,6752.5,6747.0,6750.0,6748.0
2025-08-26 04:55:00,7500,6748,6745,6747,6747,6749,6747,6749,6748,6748.5,6746.0,6748.0,6747.5
2025-08-26 05:00:00,14600,6749,6738,6747,6739,6750,6740,6748,6741,6749.5,6739.0,6747.5,6740.0
2025-08-26 05:05:00,11800,6749,6737,6739,6747,6750,6738,6741,6748,6749.5,6737.5,6740.0,6747.5
2025-08-26 05:10:00,6900,6748,6740,6747,6740,6749,6741,6749,6742,6748.5,6740.5,6748.0,6741.0
2025-08-26 05:15:00,6500,6742,6737,6740,6739,6743,6740,6742,6741,6742.5,6738.5,6741.0,6740.0
2025-08-26 05:20:00,6400,6745,6738,6739,6745,6746,6740,6741,6746,6745.5,6739.0,6740.0,6745.5
2025-08-26 05:25:00,6200,6746,6742,6745,6742,6747,6744,6746,6744,6746.5,6743.0,6745.5,6743.0
2025-08-26 05:30:00,8400,6742,6739,6742,6741,6744,6742,6744,6743,6743.0,6740.5,6743.0,6742.0
2025-08-26 05:35:00,5100,6741,6737,6741,6740,6743,6740,6743,6741,6742.0,6738.5,6742.0,6740.5
2025-08-26 05:40:00,11200,6747,6738,6740,6744,6748,6740,6741,6746,6747.5,6739.0,6740.5,6745.0
2025-08-26 05:45:00,13100,6744,6734,6744,6740,6746,6737,6746,6741,6745.0,6735.5,6745.0,6740.5
2025-08-26 05:50:00,10500,6743,6738,6740,6741,6744,6740,6742,6742,6743.5,6739.0,6741.0,6741.5
2025-08-26 05:55:00,10300,6742,6737,6741,6741,6743,6739,6742,6743,6742.5,6738.0,6741.5,6742.0
2025-08-26 06:00:00,14600,6748,6740,6741,6746,6750,6742,6743,6748,6749.0,6741.0,6742.0,6747.0
2025-08-26 06:05:00,24200,6753,6744,6746,6744,6754,6746,6748,6746,6753.5,6745.0,6747.0,6745.0
2025-08-26 06:10:00,10200,6745,6737,6744,6742,6746,6739,6746,6743,6745.5,6738.0,6745.0,6742.5
2025-08-26 06:15:00,19200,6744,6740,6742,6742,6746,6741,6743,6744,6745.0,6740.5,6742.5,6743.0
2025-08-26 06:20:00,25200,6747,6738,6742,6744,6749,6740,6744,6748,6747.5,6739.0,6743.0,6746.0
2025-08-26 06:25:00,,6950,6670,6728,6747,6951,6671,6729,6748,6950.5,6670.5,6728.5,6747.5
2025-08-26 06:30:00,1103300,6744,6744,6744,6744,6753,6753,6753,6753,6748.5,6748.5,6748.5,6748.5
2025-08-27 00:00:00,193300,6754,6700,6748,6715,6762,6701,6749,6717,6757.0,6700.5,6748.5,6716.0
2025-08-27 00:05:00,41600,6733,6708,6715,6733,6734,6709,6717,6734,6733.5,6708.5,6716.0,6733.5
2025-08-27 00:10:00,60900,6771,6728,6733,6766,6772,6729,6734,6768,6771.5,6728.5,6733.5,6767.0
2025-08-27 00:15:00,31500,6774,6762,6766,6768,6775,6763,6768,6770,6774.5,6762.5,6767.0,6769.0
2025-08-27 00:20:00,19300,6774,6766,6768,6769,6775,6767,6770,6770,6774.5,6766.5,6769.0,6769.5
2025-08-27 00:25:00,19200,6778,6769,6769,6777,6779,6770,6770,6779,6778.5,6769.5,6769.5,6778.0
2025-08-27 00:30:00,16200,6779,6762,6777,6763,6780,6764,6779,6764,6779.5,6763.0,6778.0,6763.5
2025-08-27 00:35:00,10600,6764,6754,6763,6756,6766,6756,6764,6757,6765.0,6755.0,6763.5,6756.5
2025-08-27 00:40:00,10900,6757,6751,6756,6756,6758,6752,6757,6757,6757.5,6751.5,6756.5,6756.5
2025-08-27 00:45:00,12400,6759,6747,6756,6750,6760,6748,6757,6751,6759.5,6747.5,6756.5,6750.5
2025-08-27 00:50:00,8600,6751,6740,6750,6742,6752,6742,6751,6743,6751.5,6741.0,6750.5,6742.5
2025-08-27 00:55:00,17000,6753,6739,6742,6749,6754,6740,6743,6750,6753.5,6739.5,6742.5,6749.5
2025-08-27 01:00:00,10000,6752,6741,6749,6742,6753,6743,6750,6743,6752.5,6742.0,6749.5,6742.5
2025-08-27 01:05:00,12900,6743,6737,6742,6738,6745,6739,6743,6739,6744.0,6738.0,6742.5,6738.5
2025-08-27 01:10:00,17500,6739,6720,6738,6725,6742,6721,6739,6727,6740.5,6720.5,6738.5,6726.0
2025-08-27 01:15:00,14600,6744,6724,6725,6742,6745,6726,6727,6743,6744.5,6725.0,6726.0,6742.5
2025-08-27 01:20:00,8100,6742,6731,6742,6735,6743,6733,6743,6736,6742.5,6732.0,6742.5,6735.5
2025-08-27 01:25:00,11000,6740,6731,6735,6734,6741,6733,6736,6735,6740.5,6732.0,6735.5,6734.5
2025-08-27 01:30:00,10000,6736,6725,6734,6725,6737,6727,6735,6727,6736.5,6726.0,6734.5,6726.0
2025-08-27 01:35:00,8300,6734,6725,6725,6732,6735,6727,6727,6733,6734.5,6726.0,6726.0,6732.5
2025-08-27 01:40:00,6300,6732,6722,6732,6723,6733,6723,6733,6725,6732.5,6722.5,6732.5,6724.0
2025-08-27 01:45:00,10800,6731,6718,6723,6730,6732,6720,6725,6732,6731.5,6719.0,6724.0,6731.0
2025-08-27 01:50:00,6300,6732,6721,6730,6727,6734,6723,6732,6728,6732.5,6722.0,6731.0,6727.5
2025-08-27 01:55:00,8700,6727,6716,6727,6720,6728,6717,6728,6721,6727.5,6716.5,6727.5,6720.5
2025-08-27 02:00:00,9200,6720,6714,6720,6719,6721,6715,6721,6720,6720.5,6714.5,6720.5,6719.5
2025-08-27 02:05:00,5100,6719,6713,6719,6714,6720,6714,6720,6715,6719.5,6713.5,6719.5,6714.5
2025-08-27 02:10:00,6500,6717,6712,6714,6713,6718,6713,6715,6714,6717.5,6712.5,6714.5,6713.5
2025-08-27 02:15:00,11200,6715,6706,6713,6708,6717,6707,6714,6709,6716.0,6706.5,6713.5,6708.5
2025-08-27 02:20:00,11400,6714,6706,6708,6709,6715,6708,6709,6711,6714.5,6707.0,6708.5,6710.0
2025-08-27 02:25:00,10000,6721,6709,6709,6720,6722,6711,6712,6722,6721.5,6710.0,6710.5,6721.0
2025-08-27 02:30:00,600,6720,6720,6720,6720,6722,6722,6722,6722,6721.0,6721.0,6721.0,6721.0
2025-08-27 03:30:00,31900,6723,6712,6716,6718,6727,6713,6717,6719,6724.5,6712.5,6716.5,6718.5
2025-08-27 03:35:00,26900,6719,6702,6718,6705,6720,6703,6719,6707,6719.5,6702.5,6718.5,6706.0
2025-08-27 03:40:00,15700,6708,6703,6705,6704,6709,6704,6707,6705,6708.5,6703.5,6706.0,6704.5
2025-08-27 03:45:00,18500,6707,6701,6704,6701,6708,6702,6705,6702,6707.5,6701.5,6704.5,6701.5
2025-08-27 03:50:00,17800,6703,6700,6701,6700,6704,6701,6702,6701,6703.5,6700.5,6701.5,6700.5
2025-08-27 03:55:00,30400,6703,6696,6700,6700,6704,6698,6701,6701,6703.5,6697.0,6700.5,6700.5
2025-08-27 04:00:00,9100,6700,6692,6700,6692,6701,6693,6701,6693,6700.5,6692.5,6700.5,6692.5
2025-08-27 04:05:00,15500,6693,6686,6692,6691,6694,6687,6693,6692,6693.5,6686.5,6692.5,6691.5
2025-08-27 04:10:00,6400,6691,6688,6691,6689,6692,6690,6692,6690,6691.5,6689.0,6691.5,6689.5
2025-08-27 04:15:00,15800,6693,6686,6689,6690,6694,6687,6690,6692,6693.5,6686.5,6689.5,6691.0
2025-08-27 04:20:00,7500,6694,6690,6690,6691,6695,6691,6692,6692,6694.5,6690.5,6691.0,6691.5
2025-08-27 04:25:00,11200,6694,6687,6691,6694,6695,6688,6692,6695,6694.5,6687.5,6691.5,6694.5
2025-08-27 04:30:00,9300,6698,6694,6694,6697,6699,6695,6695,6699,6698.5,6694.5,6694.5,6698.0
2025-08-27 04:35:00,8900,6698,6694,6697,6697,6699,6695,6699,6698,6698.5,6694.5,6698.0,6697.5
2025-08-27 04:40:00,5200,6698,6695,6697,6695,6699,6696,6698,6696,6698.5,6695.5,6697.5,6695.5
2025-08-27 04:45:00,8300,6697,6691,6695,6697,6699,6693,6696,6698,6698.0,6692.0,6695.5,6697.5
2025-08-27 04:50:00,8500,6697,6694,6697,6697,6698,6696,6698,6698,6697.5,6695.0,6697.5,6697.5
2025-08-27 04:55:00,13400,6700,6697,6697,6700,6701,6698,6698,6701,6700.5,6697.5,6697.5,6700.5
2025-08-27 05:00:00,22100,6701,6693,6700,6694,6702,6694,6701,6695,6701.5,6693.5,6700.5,6694.5
2025-08-27 05:05:00,16900,6694,6685,6694,6687,6695,6687,6695,6688,6694.5,6686.0,6694.5,6687.5
2025-08-27 05:10:00,12300,6690,6687,6687,6690,6691,6688,6688,6691,6690.5,6687.5,6687.5,6690.5
2025-08-27 05:15:00,15800,6690,6685,6690,6688,6691,6686,6691,6689,6690.5,6685.5,6690.5,6688.5
2025-08-27 05:20:00,7100,6689,6687,6688,6687,6690,6688,6689,6688,6689.5,6687.5,6688.5,6687.5
2025-08-27 05:25:00,25600,6695,6687,6687,6693,6696,6688,6688,6694,6695.5,6687.5,6687.5,6693.5
2025-08-27 05:30:00,15900,6697,6693,6693,6696,6698,6694,6694,6697,6697.5,6693.5,6693.5,6696.5
2025-08-27 05:35:00,11300,6696,6693,6696,6694,6697,6694,6697,6695,6696.5,6693.5,6696.5,6694.5
2025-08-27 05:40:00,14400,6696,6690,6694,6692,6697,6692,6695,6693,6696.5,6691.0,6694.5,6692.5
2025-08-27 05:45:00,12700,6693,6689,6692,6689,6694,6690,6693,6690,6693.5,6689.5,6692.5,6689.5
2025-08-27 05:50:00,12400,6690,6687,6689,6687,6691,6688,6690,6689,6690.5,6687.5,6689.5,6688.0
2025-08-27 05:55:00,22400,6689,6684,6687,6689,6690,6685,6689,6690,6689.5,6684.5,6688.0,6689.5
2025-08-27 06:00:00,15500,6689,6684,6689,6685,6690,6686,6690,6686,6689.5,6685.0,6689.5,6685.5
2025-08-27 06:05:00,41100,6685,6679,6685,6683,6686,6680,6686,6684,6685.5,6679.5,6685.5,6683.5
2025-08-27 06:10:00,15800,6686,6682,6683,6686,6687,6683,6684,6687,6686.5,6682.5,6683.5,6686.5
2025-08-27 06:15:00,31300,6686,6679,6686,6686,6688,6680,6687,6688,6687.0,6679.5,6686.5,6687.0
2025-08-27 06:20:00,31400,6690,6683,6686,6683,6691,6684,6688,6684,6690.5,6683.5,6687.0,6683.5
2025-08-27 06:25:00,,6744,6525,6699,6664,6745,6526,6700,6665,6744.5,6525.5,6699.5,6664.5
2025-08-27 06:30:00,577900,6664,6664,6664,6664,6693,6693,6693,6693,6678.5,6678.5,6678.5,6678.5
2025-08-28 00:00:00,135200,6666,6639,6644,6658,6668,6640,6645,6661,6667.0,6639.5,6644.5,6659.5
2025-08-28 00:05:00,28300,6665,6649,6658,6665,6667,6651,6661,6667,6666.0,6650.0,6659.5,6666.0
2025-08-28 00:10:00,31600,6670,6657,6665,6669,6672,6659,6667,6671,6671.0,6658.5,6666.0,6670.0
2025-08-28 00:15:00,37900,6669,6636,6669,6642,6671,6638,6671,6644,6670.0,6637.0,6670.0,6643.0
2025-08-28 00:20:00,12800,6647,6639,6642,6646,6648,6640,6644,6648,6647.5,6639.5,6643.0,6647.0
2025-08-28 00:25:00,20200,6658,6646,6646,6655,6659,6647,6648,6657,6658.5,6646.5,6647.0,6656.0
2025-08-28 00:30:00,17500,6663,6654,6655,6656,6665,6655,6657,6657,6664.0,6654.5,6656.0,6656.5
2025-08-28 00:35:00,10000,6664,6654,6656,6659,6665,6655,6657,6660,6664.5,6654.5,6656.5,6659.5
2025-08-28 00:40:00,9500,6667,6656,6659,6662,6668,6657,6660,6663,6667.5,6656.5,6659.5,6662.5
2025-08-28 00:45:00,11400,6666,6661,6662,6662,6667,6662,6663,6663,6666.5,6661.5,6662.5,6662.5
2025-08-28 00:50:00,11900,6663,6653,6662,6658,6664,6656,6663,6660,6663.5,6654.5,6662.5,6659.0
2025-08-28 00:55:00,11100,6660,6653,6658,6654,6661,6654,6660,6655,6660.5,6653.5,6659.0,6654.5
2025-08-28 01:00:00,15400,6654,6644,6654,6654,6655,6645,6655,6655,6654.5,6644.5,6654.5,6654.5
2025-08-28 01:05:00,20300,6667,6654,6654,6659,6668,6655,6655,6660,6667.5,6654.5,6654.5,6659.5
2025-08-28 01:10:00,11300,6668,6658,6659,6666,6669,6659,6660,6667,6668.5,6658.5,6659.5,6666.5
2025-08-28 01:15:00,10600,6666,6662,6666,6664,6668,6663,6667,6665,6667.0,6662.5,6666.5,6664.5
2025-08-28 01:20:00,7000,6665,6661,6664,6663,6666,6662,6665,6664,6665.5,6661.5,6664.5,6663.5
2025-08-28 01:25:00,7200,6667,6662,6663,6666,6668,6663,6664,6667,6667.5,6662.5,6663.5,6666.5
2025-08-28 01:30:00,11600,6670,6664,6666,6670,6671,6666,6667,6671,6670.5,6665.0,6666.5,6670.5
2025-08-28 01:35:00,17600,6677,6670,6670,6677,6678,6671,6671,6678,6677.5,6670.5,6670.5,6677.5
2025-08-28 01:40:00,9800,6680,6672,6677,6675,6681,6674,6678,6676,6680.5,6673.0,6677.5,6675.5
2025-08-28 01:45:00,3600,6677,6674,6675,6676,6678,6676,6676,6677,6677.5,6675.0,6675.5,6676.5
2025-08-28 01:50:00,17100,6687,6676,6676,6686,6688,6677,6677,6687,6687.5,6676.5,6676.5,6686.5
2025-08-28 01:55:00,22000,6696,6686,6686,6688,6698,6687,6687,6689,6697.0,6686.5,6686.5,6688.5
2025-08-28 02:00:00,16900,6697,6687,6688,6695,6698,6688,6689,6696,6697.5,6687.5,6688.5,6695.5
2025-08-28 02:05:00,7100,6697,6692,6695,6697,6698,6694,6696,6698,6697.5,6693.0,6695.5,6697.5
2025-08-28 02:10:00,9900,6699,6696,6697,6698,6700,6697,6698,6699,6699.5,6696.5,6697.5,6698.5
2025-08-28 02:15:00,15300,6702,6687,6698,6688,6704,6688,6699,6690,6703.0,6687.5,6698.5,6689.0
2025-08-28 02:20:00,7800,6697,6685,6688,6692,6698,6687,6690,6693,6697.5,6686.0,6689.0,6692.5
2025-08-28 02:25:00,10700,6700,6690,6692,6695,6702,6691,6693,6698,6701.0,6690.5,6692.5,6696.5
2025-08-28 02:30:00,6000,,,,,,,,,,,,
2025-08-28 03:30:00,54900,6702,6687,6698,6695,6705,6688,6698,6696,6703.5,6687.5,6698.0,6695.5
2025-08-28 03:35:00,19600,6702,6680,6695,6683,6703,6683,6696,6684,6702.5,6681.5,6695.5,6683.5
2025-08-28 03:40:00,16500,6686,6682,6683,6684,6688,6683,6684,6685,6687.0,6682.5,6683.5,6684.5
2025-08-28 03:45:00,9800,6687,6682,6684,6686,6688,6683,6685,6687,6687.5,6682.5,6684.5,6686.5
2025-08-28 03:50:00,13100,6691,6684,6686,6691,6692,6685,6687,6692,6691.5,6684.5,6686.5,6691.5
2025-08-28 03:55:00,12500,6693,6689,6691,6690,6694,6690,6692,6691,6693.5,6689.5,6691.5,6690.5
2025-08-28 04:00:00,13800,6690,6676,6690,6676,6691,6678,6691,6678,6690.5,6677.0,6690.5,6677.0
2025-08-28 04:05:00,15300,6683,6676,6676,6682,6684,6677,6678,6683,6683.5,6676.5,6677.0,6682.5
2025-08-28 04:10:00,10300,6683,6679,6682,6679,6684,6680,6683,6680,6683.5,6679.5,6682.5,6679.5
2025-08-28 04:15:00,7300,6682,6678,6679,6682,6683,6680,6680,6683,6682.5,6679.0,6679.5,6682.5
2025-08-28 04:20:00,13700,6685,6682,6682,6683,6686,6683,6683,6684,6685.5,6682.5,6682.5,6683.5
2025-08-28 04:25:00,5600,6686,6682,6683,6686,6687,6683,6684,6687,6686.5,6682.5,6683.5,6686.5
2025-08-28 04:30:00,30100,6688,6677,6686,6686,6689,6679,6687,6687,6688.5,6678.0,6686.5,6686.5
2025-08-28 04:35:00,14400,6686,6681,6686,6682,6687,6682,6687,6683,6686.5,6681.5,6686.5,6682.5
2025-08-28 04:40:00,5400,6683,6681,6682,6683,6684,6682,6684,6684,6683.5,6681.5,6683.0,6683.5
2025-08-28 04:45:00,9400,6684,6679,6683,6680,6685,6680,6684,6681,6684.5,6679.5,6683.5,6680.5
2025-08-28 04:50:00,12500,6684,6679,6680,6684,6685,6680,6681,6685,6684.5,6679.5,6680.5,6684.5
2025-08-28 04:55:00,12700,6686,6681,6684,6686,6687,6682,6685,6687,6686.5,6681.5,6684.5,6686.5
2025-08-28 05:00:00,14700,6686,6683,6686,6685,6687,6684,6687,6686,6686.5,6683.5,6686.5,6685.5
2025-08-28 05:05:00,13300,6688,6684,6685,6686,6689,6685,6686,6687,6688.5,6684.5,6685.5,6686.5
2025-08-28 05:10:00,10300,6686,6682,6686,6683,6687,6683,6687,6684,6686.5,6682.5,6686.5,6683.5
2025-08-28 05:15:00,6500,6684,6683,6683,6684,6685,6684,6684,6685,6684.5,6683.5,6683.5,6684.5
2025-08-28 05:20:00,6700,6686,6683,6684,6686,6687,6684,6685,6687,6686.5,6683.5,6684.5,6686.5
2025-08-28 05:25:00,14800,6687,6684,6686,6685,6688,6685,6687,6686,6687.5,6684.5,6686.5,6685.5
2025-08-28 05:30:00,11400,6688,6684,6685,6688,6689,6685,6686,6689,6688.5,6684.5,6685.5,6688.5
2025-08-28 05:35:00,19100,6691,6688,6688,6689,6692,6689,6689,6690,6691.5,6688.5,6688.5,6689.5
2025-08-28 05:40:00,12900,6692,6689,6689,6692,6693,6690,6690,6693,6692.5,6689.5,6689.5,6692.5
2025-08-28 05:45:00,8800,6692,6691,6692,6692,6693,6692,6693,6693,6692.5,6691.5,6692.5,6692.5
2025-08-28 05:50:00,20400,6693,6687,6692,6691,6694,6689,6693,6692,6693.5,6688.0,6692.5,6691.5
2025-08-28 05:55:00,14800,6696,6691,6691,6696,6697,6692,6692,6697,6696.5,6691.5,6691.5,6696.5
2025-08-28 06:00:00,28000,6699,6694,6696,6699,6700,6695,6697,6700,6699.5,6694.5,6696.5,6699.5
2025-08-28 06:05:00,16800,6700,6695,6699,6696,6701,6696,6700,6697,6700.5,6695.5,6699.5,6696.5
2025-08-28 06:10:00,14700,6699,6695,6696,6699,6700,6696,6697,6700,6699.5,6695.5,6696.5,6699.5
2025-08-28 06:15:00,40400,6702,6697,6699,6702,6703,6698,6700,6703,6702.5,6697.5,6699.5,6702.5
2025-08-28 06:20:00,41800,6703,6697,6702,6698,6704,6698,6703,6701,6703.5,6697.5,6702.5,6699.5
2025-08-28 06:25:00,,6738,6645,6708,6702,6739,6646,6709,6703,6738.5,6645.5,6708.5,6702.5
2025-08-28 06:30:00,532200,6697,6697,6697,6697,6704,6704,6704,6704,6700.5,6700.5,6700.5,6700.5
2025-08-29 00:00:00,167000,6676,6632,6676,6648,6680,6635,6677,6650,6676.5,6633.5,6676.5,6649.0
2025-08-29 00:05:00,46700,6652,6631,6648,6649,6654,6633,6650,6652,6653.0,6632.5,6649.0,6650.5
2025-08-29 00:10:00,31300,6650,6636,6649,6643,6652,6639,6652,6645,6650.5,6638.0,6650.5,6644.0
2025-08-29 00:15:00,43500,6653,6639,6643,6645,6655,6641,6645,6646,6654.0,6640.0,6644.0,6645.5
2025-08-29 00:20:00,24800,6649,6640,6645,6640,6651,6641,6646,6642,6650.0,6640.5,6645.5,6641.0
2025-08-29 00:25:00,12100,6646,6639,6640,6643,6647,6640,6642,6645,6646.5,6639.5,6641.0,6644.0
2025-08-29 00:30:00,22200,6649,6639,6643,6639,6650,6640,6645,6641,6649.5,6639.5,6644.0,6640.0
2025-08-29 00:35:00,15400,6653,6639,6639,6652,6654,6640,6641,6654,6653.5,6639.5,6640.0,6653.0
2025-08-29 00:40:00,38700,6676,6646,6652,6676,6678,6648,6654,6678,6677.0,6647.0,6653.0,6677.0
2025-08-29 00:45:00,15400,6680,6671,6676,6677,6681,6672,6678,6678,6680.5,6671.5,6677.0,6677.5
2025-08-29 00:50:00,13800,6677,6663,6677,6669,6678,6664,6678,6670,6677.5,6663.5,6677.5,6669.5
2025-08-29 00:55:00,15200,6679,6669,6669,6678,6680,6670,6670,6680,6679.5,6669.5,6669.5,6679.0
2025-08-29 01:00:00,15200,6687,6678,6678,6687,6688,6679,6680,6688,6687.5,6678.5,6679.0,6687.5
2025-08-29 01:05:00,12800,6689,6683,6687,6686,6690,6685,6688,6688,6689.5,6684.0,6687.5,6687.0
2025-08-29 01:10:00,7600,6690,6686,6687,6688,6691,6688,6688,6689,6690.5,6687.0,6687.5,6688.5
2025-08-29 01:15:00,8300,6688,6682,6688,6684,6689,6684,6689,6685,6688.5,6683.0,6688.5,6684.5
2025-08-29 01:20:00,12000,6689,6678,6684,6688,6690,6679,6685,6689,6689.5,6678.5,6684.5,6688.5
2025-08-29 01:25:00,9100,6695,6687,6688,6693,6696,6688,6689,6694,6695.5,6687.5,6688.5,6693.5
2025-08-29 01:30:00,12000,6693,6684,6693,6691,6694,6685,6694,6692,6693.5,6684.5,6693.5,6691.5
2025-08-29 01:35:00,12100,6695,6689,6691,6695,6696,6690,6692,6696,6695.5,6689.5,6691.5,6695.5
2025-08-29 01:40:00,17300,6701,6694,6695,6695,6702,6695,6696,6697,6701.5,6694.5,6695.5,6696.0
2025-08-29 01:45:00,7200,6698,6694,6695,6696,6699,6695,6697,6697,6698.5,6694.5,6696.0,6696.5
2025-08-29 01:50:00,12000,6701,6696,6696,6697,6702,6697,6697,6698,6701.5,6696.5,6696.5,6697.5
2025-08-29 01:55:00,8000,6699,6695,6697,6698,6700,6696,6698,6699,6699.5,6695.5,6697.5,6698.5
2025-08-29 02:00:00,20600,6704,6693,6698,6701,6705,6694,6699,6702,6704.5,6693.5,6698.5,6701.5
2025-08-29 02:05:00,7600,6701,6692,6701,6694,6702,6695,6702,6695,6701.5,6693.5,6701.5,6694.5
2025-08-29 02:10:00,8000,6696,6694,6694,6695,6697,6695,6695,6696,6696.5,6694.5,6694.5,6695.5
2025-08-29 02:15:00,10800,6700,6692,6695,6700,6701,6693,6696,6701,6700.5,6692.5,6695.5,6700.5
2025-08-29 02:20:00,6700,6700,6696,6700,6696,6701,6697,6701,6697,6700.5,6696.5,6700.5,6696.5
2025-08-29 02:25:00,9900,6696,6690,6696,6690,6697,6692,6697,6693,6696.5,6691.0,6696.5,6691.5
2025-08-29 02:30:00,9900,6689,6689,6689,6689,6693,6693,6693,6693,6691.0,6691.0,6691.0,6691.0
2025-08-29 03:30:00,48300,6714,6689,6689,6708,6715,6695,6696,6710,6714.5,6692.0,6692.5,6709.0
2025-08-29 03:35:00,12400,6714,6708,6708,6710,6715,6710,6710,6712,6714.5,6709.0,6709.0,6711.0
2025-08-29 03:40:00,8600,6710,6705,6710,6705,6712,6706,6712,6706,6711.0,6705.5,6711.0,6705.5
2025-08-29 03:45:00,13700,6706,6700,6705,6703,6707,6701,6706,6704,6706.5,6700.5,6705.5,6703.5
2025-08-29 03:50:00,8300,6703,6699,6703,6702,6704,6700,6704,6703,6703.5,6699.5,6703.5,6702.5
2025-08-29 03:55:00,10400,6703,6699,6702,6702,6704,6701,6703,6703,6703.5,6700.0,6702.5,6702.5
2025-08-29 04:00:00,15300,6702,6698,6702,6701,6703,6699,6703,6702,6702.5,6698.5,6702.5,6701.5
2025-08-29 04:05:00,10100,6707,6701,6701,6705,6709,6702,6702,6706,6708.0,6701.5,6701.5,6705.5
2025-08-29 04:10:00,10900,6708,6705,6705,6707,6709,6706,6706,6708,6708.5,6705.5,6705.5,6707.5
2025-08-29 04:15:00,9300,6707,6705,6707,6706,6708,6706,6708,6707,6707.5,6705.5,6707.5,6706.5
2025-08-29 04:20:00,10700,6707,6703,6706,6707,6708,6704,6707,6708,6707.5,6703.5,6706.5,6707.5
2025-08-29 04:25:00,5000,6707,6705,6707,6705,6708,6706,6708,6706,6707.5,6705.5,6707.5,6705.5
2025-08-29 04:30:00,9200,6705,6701,6705,6703,6707,6703,6706,6704,6706.0,6702.0,6705.5,6703.5
2025-08-29 04:35:00,6500,6705,6703,6703,6704,6706,6704,6704,6705,6705.5,6703.5,6703.5,6704.5
2025-08-29 04:40:00,12600,6708,6704,6704,6708,6709,6705,6705,6709,6708.5,6704.5,6704.5,6708.5
2025-08-29 04:45:00,7100,6709,6708,6708,6709,6710,6709,6709,6710,6709.5,6708.5,6708.5,6709.5
2025-08-29 04:50:00,12200,6712,6709,6709,6709,6713,6710,6710,6710,6712.5,6709.5,6709.5,6709.5
2025-08-29 04:55:00,9800,6709,6704,6709,6707,6711,6706,6710,6708,6710.0,6705.0,6709.5,6707.5
2025-08-29 05:00:00,14600,6712,6706,6707,6711,6713,6707,6708,6712,6712.5,6706.5,6707.5,6711.5
2025-08-29 05:05:00,11600,6711,6708,6711,6710,6712,6709,6712,6711,6711.5,6708.5,6711.5,6710.5
2025-08-29 05:10:00,12500,6710,6709,6710,6709,6712,6710,6711,6710,6711.0,6709.5,6710.5,6709.5
2025-08-29 05:15:00,7700,6710,6705,6709,6705,6711,6706,6710,6706,6710.5,6705.5,6709.5,6705.5
2025-08-29 05:20:00,7900,6705,6702,6705,6703,6706,6703,6706,6704,6705.5,6702.5,6705.5,6703.5
2025-08-29 05:25:00,7800,6704,6703,6703,6704,6705,6704,6704,6705,6704.5,6703.5,6703.5,6704.5
2025-08-29 05:30:00,18000,6712,6703,6704,6712,6713,6704,6705,6713,6712.5,6703.5,6704.5,6712.5
2025-08-29 05:35:00,12900,6712,6708,6712,6710,6713,6709,6713,6711,6712.5,6708.5,6712.5,6710.5
2025-08-29 05:40:00,23300,6716,6710,6710,6714,6717,6711,6711,6715,6716.5,6710.5,6710.5,6714.5
2025-08-29 05:45:00,7900,6714,6713,6714,6714,6715,6714,6715,6715,6714.5,6713.5,6714.5,6714.5
2025-08-29 05:50:00,22800,6719,6714,6714,6718,6720,6715,6715,6719,6719.5,6714.5,6714.5,6718.5
2025-08-29 05:55:00,31800,6723,6717,6718,6719,6724,6718,6719,6720,6723.5,6717.5,6718.5,6719.5
2025-08-29 06:00:00,11400,6722,6719,6719,6721,6723,6720,6720,6722,6722.5,6719.5,6719.5,6721.5
2025-08-29 06:05:00,22900,6726,6721,6721,6723,6727,6722,6722,6724,6726.5,6721.5,6721.5,6723.5
2025-08-29 06:10:00,14200,6723,6708,6723,6711,6724,6709,6724,6712,6723.5,6708.5,6723.5,6711.5
2025-08-29 06:15:00,17100,6716,6711,6711,6712,6717,6712,6712,6714,6716.5,6711.5,6711.5,6713.0
2025-08-29 06:20:00,28500,6722,6712,6712,6720,6723,6714,6714,6722,6722.5,6713.0,6713.0,6721.0
2025-08-29 06:25:00,,6895,6699,6784,6701,6895,6700,6785,6702,6895.0,6699.5,6784.5,6701.5
2025-08-29 06:30:00,559000,6700,6700,6700,6700,6721,6721,6721,6721,6710.5,6710.5,6710.5,6710.5
2025-09-01 00:00:00,106300,6692,6663,6692,6679,6693,6664,6693,6682,6692.5,6663.5,6692.5,6680.5
2025-09-01 00:05:00,35500,6718,6679,6679,6703,6720,6681,6682,6706,6719.0,6680.0,6680.5,6704.5
2025-09-01 00:10:00,16800,6710,6700,6703,6704,6711,6702,6706,6706,6710.5,6701.0,6704.5,6705.0
2025-09-01 00:15:00,17000,6708,6700,6704,6703,6709,6701,6706,6705,6708.5,6700.5,6705.0,6704.0
2025-09-01 00:20:00,12500,6714,6703,6703,6714,6715,6704,6705,6715,6714.5,6703.5,6704.0,6714.5
2025-09-01 00:25:00,12100,6715,6706,6714,6708,6716,6707,6715,6709,6715.5,6706.5,6714.5,6708.5
2025-09-01 00:30:00,10100,6712,6706,6708,6707,6713,6707,6709,6709,6712.5,6706.5,6708.5,6708.0
2025-09-01 00:35:00,10600,6713,6700,6707,6712,6715,6702,6709,6713,6714.0,6701.0,6708.0,6712.5
2025-09-01 00:40:00,8600,6717,6711,6712,6713,6718,6712,6713,6714,6717.5,6711.5,6712.5,6713.5
2025-09-01 00:45:00,12600,6713,6707,6713,6710,6714,6708,6714,6712,6713.5,6707.5,6713.5,6711.0
2025-09-01 00:50:00,12200,6711,6702,6710,6709,6712,6704,6712,6710,6711.5,6703.0,6711.0,6709.5
2025-09-01 00:55:00,6400,6711,6705,6709,6711,6713,6707,6710,6713,6712.0,6706.0,6709.5,6712.0
2025-09-01 01:00:00,8300,6711,6700,6711,6707,6713,6703,6713,6708,6712.0,6701.5,6712.0,6707.5
2025-09-01 01:05:00,9100,6711,6705,6707,6710,6712,6706,6708,6711,6711.5,6705.5,6707.5,6710.5
2025-09-01 01:10:00,9000,6711,6705,6710,6706,6712,6706,6711,6708,6711.5,6705.5,6710.5,6707.0
2025-09-01 01:15:00,7600,6707,6695,6706,6696,6708,6697,6708,6697,6707.5,6696.0,6707.0,6696.5
2025-09-01 01:20:00,13200,6700,6693,6696,6693,6702,6694,6697,6695,6701.0,6693.5,6696.5,6694.0
2025-09-01 01:25:00,6300,6696,6687,6694,6688,6697,6688,6695,6690,6696.5,6687.5,6694.5,6689.0
2025-09-01 01:30:00,6500,6693,6687,6688,6689,6694,6689,6690,6690,6693.5,6688.0,6689.0,6689.5
2025-09-01 01:35:00,20300,6689,6670,6689,6677,6690,6671,6690,6679,6689.5,6670.5,6689.5,6678.0
2025-09-01 01:40:00,19800,6688,6674,6677,6683,6691,6676,6679,6686,6689.5,6675.0,6678.0,6684.5
2025-09-01 01:45:00,7400,6690,6678,6683,6681,6692,6681,6686,6683,6691.0,6679.5,6684.5,6682.0
2025-09-01 01:50:00,11600,6681,6671,6681,6680,6683,6673,6683,6681,6682.0,6672.5,6682.0,6680.5
2025-09-01 01:55:00,11900,6689,6680,6680,6689,6690,6681,6681,6690,6689.5,6680.5,6680.5,6689.5
2025-09-01 02:00:00,10600,6690,6675,6689,6679,6691,6676,6690,6681,6690.5,6675.5,6689.5,6680.0
2025-09-01 02:05:00,3500,6682,6674,6679,6676,6684,6675,6681,6677,6683.0,6674.5,6680.0,6676.5
2025-09-01 02:10:00,8400,6676,6670,6675,6672,6677,6671,6677,6674,6676.5,6670.5,6676.0,6673.0
2025-09-01 02:15:00,4800,6677,6671,6672,6673,6678,6672,6674,6675,6677.5,6671.5,6673.0,6674.0
2025-09-01 02:20:00,5400,6673,6664,6673,6665,6675,6666,6675,6667,6674.0,6665.0,6674.0,6666.0
2025-09-01 02:25:00,11200,6666,6661,6665,6664,6667,6663,6667,6665,6666.5,6662.0,6666.0,6664.5
2025-09-01 02:30:00,10700,6664,6664,6664,6664,6665,6665,6665,6665,6664.5,6664.5,6664.5,6664.5
2025-09-01 03:30:00,57100,6658,6644,6655,6645,6666,6645,6656,6646,6661.0,6644.5,6655.5,6645.5
2025-09-01 03:35:00,11100,6650,6644,6645,6648,6651,6646,6646,6649,6650.5,6645.0,6645.5,6648.5
2025-09-01 03:40:00,8300,6653,6647,6648,6652,6655,6649,6649,6653,6654.0,6648.0,6648.5,6652.5
2025-09-01 03:45:00,6900,6655,6650,6652,6655,6656,6652,6653,6656,6655.5,6651.0,6652.5,6655.5
2025-09-01 03:50:00,11800,6656,6648,6655,6650,6657,6649,6656,6652,6656.5,6648.5,6655.5,6651.0
2025-09-01 03:55:00,6200,6653,6649,6650,6653,6654,6651,6652,6654,6653.5,6650.0,6651.0,6653.5
2025-09-01 04:00:00,8600,6655,6651,6653,6654,6656,6653,6654,6655,6655.5,6652.0,6653.5,6654.5
2025-09-01 04:05:00,8000,6658,6651,6654,6658,6659,6653,6655,6659,6658.5,6652.0,6654.5,6658.5
2025-09-01 04:10:00,7300,6661,6655,6658,6656,6662,6656,6660,6658,6661.5,6655.5,6659.0,6657.0
2025-09-01 04:15:00,10800,6665,6656,6656,6663,6666,6657,6658,6665,6665.5,6656.5,6657.0,6664.0
2025-09-01 04:20:00,6200,6667,6662,6663,6664,6668,6664,6665,6665,6667.5,6663.0,6664.0,6664.5
2025-09-01 04:25:00,3700,6668,6664,6664,6667,6669,6665,6665,6668,6668.5,6664.5,6664.5,6667.5
2025-09-01 04:30:00,7900,6668,6665,6667,6667,6669,6666,6668,6668,6668.5,6665.5,6667.5,6667.5
2025-09-01 04:35:00,5200,6668,6666,6667,6668,6669,6667,6668,6669,6668.5,6666.5,6667.5,6668.5
2025-09-01 04:40:00,5900,6670,6668,6668,6670,6671,6669,6669,6671,6670.5,6668.5,6668.5,6670.5
2025-09-01 04:45:00,17100,6682,6670,6670,6682,6683,6671,6671,6683,6682.5,6670.5,6670.5,6682.5
2025-09-01 04:50:00,10400,6684,6680,6682,6684,6685,6681,6683,6685,6684.5,6680.5,6682.5,6684.5
2025-09-01 04:55:00,2800,6684,6682,6684,6684,6685,6684,6685,6685,6684.5,6683.0,6684.5,6684.5
2025-09-01 05:00:00,10700,6684,6679,6684,6683,6685,6680,6685,6684,6684.5,6679.5,6684.5,6683.5
2025-09-01 05:05:00,4000,6683,6679,6683,6679,6684,6681,6684,6681,6683.5,6680.0,6683.5,6680.0
2025-09-01 05:10:00,8100,6684,6678,6679,6684,6685,6679,6681,6685,6684.5,6678.5,6680.0,6684.5
2025-09-01 05:15:00,6500,6684,6679,6684,6683,6685,6680,6685,6684,6684.5,6679.5,6684.5,6683.5
2025-09-01 05:20:00,3800,6684,6682,6683,6682,6685,6683,6684,6684,6684.5,6682.5,6683.5,6683.0
2025-09-01 05:25:00,4900,6682,6680,6682,6682,6684,6681,6683,6683,6683.0,6680.5,6682.5,6682.5
2025-09-01 05:30:00,19800,6689,6682,6682,6688,6690,6683,6683,6690,6689.5,6682.5,6682.5,6689.0
2025-09-01 05:35:00,4800,6689,6686,6688,6689,6690,6688,6690,6690,6689.5,6687.0,6689.0,6689.5
2025-09-01 05:40:00,12400,6695,6689,6689,6693,6697,6690,6690,6694,6696.0,6689.5,6689.5,6693.5
2025-09-01 05:45:00,8100,6698,6693,6693,6698,6699,6694,6694,6699,6698.5,6693.5,6693.5,6698.5
2025-09-01 05:50:00,7500,6698,6694,6698,6694,6699,6695,6699,6695,6698.5,6694.5,6698.5,6694.5
2025-09-01 05:55:00,4600,6695,6693,6694,6693,6696,6694,6695,6694,6695.5,6693.5,6694.5,6693.5
2025-09-01 06:00:00,12300,6693,6685,6693,6687,6694,6686,6694,6688,6693.5,6685.5,6693.5,6687.5
2025-09-01 06:05:00,12400,6689,6685,6687,6687,6690,6686,6688,6689,6689.5,6685.5,6687.5,6688.0
2025-09-01 06:10:00,16100,6690,6686,6687,6688,6691,6687,6689,6690,6690.5,6686.5,6688.0,6689.0
2025-09-01 06:15:00,20200,6689,6680,6688,6688,6690,6682,6690,6689,6689.5,6681.0,6689.0,6688.5
2025-09-01 06:20:00,23100,6690,6682,6688,6689,6691,6684,6689,6690,6690.5,6683.0,6688.5,6689.5
2025-09-01 06:25:00,,6697,6653,6676,6693,6698,6654,6677,6694,6697.5,6653.5,6676.5,6693.5
2025-09-01 06:30:00,218300,6690,6690,6690,6690,6694,6694,6694,6694,6692.0,6692.0,6692.0,6692.0
2025-09-02 00:00:00,153700,6756,6710,6717,6746,6757,6718,6718,6748,6756.5,6716.5,6717.5,6747.0
2025-09-02 00:05:00,40900,6747,6733,6746,6739,6748,6734,6748,6741,6747.5,6733.5,6747.0,6740.0
2025-09-02 00:10:00,31200,6743,6731,6740,6738,6745,6732,6741,6739,6744.0,6731.5,6740.5,6738.5
2025-09-02 00:15:00,18200,6739,6730,6738,6737,6740,6733,6739,6738,6739.5,6731.5,6738.5,6737.5
2025-09-02 00:20:00,33400,6746,6734,6737,6746,6747,6735,6738,6747,6746.5,6734.5,6737.5,6746.5
2025-09-02 00:25:00,19500,6758,6746,6746,6758,6759,6747,6747,6759,6758.5,6746.5,6746.5,6758.5
2025-09-02 00:30:00,19000,6760,6755,6758,6757,6761,6756,6759,6759,6760.5,6755.5,6758.5,6758.0
2025-09-02 00:35:00,19100,6763,6754,6757,6761,6764,6756,6759,6763,6763.5,6755.0,6758.0,6762.0
2025-09-02 00:40:00,9800,6761,6756,6761,6760,6763,6757,6763,6762,6762.0,6756.5,6762.0,6761.0
2025-09-02 00:45:00,24900,6771,6760,6760,6767,6773,6761,6762,6768,6772.0,6760.5,6761.0,6767.5
2025-09-02 00:50:00,13600,6768,6762,6767,6764,6770,6764,6768,6766,6769.0,6763.0,6767.5,6765.0
2025-09-02 00:55:00,8500,6767,6760,6765,6767,6769,6761,6766,6768,6768.0,6760.5,6765.5,6767.5
2025-09-02 01:00:00,12200,6768,6755,6767,6755,6769,6757,6768,6757,6768.5,6756.0,6767.5,6756.0
2025-09-02 01:05:00,6600,6759,6754,6755,6758,6760,6756,6757,6760,6759.5,6755.0,6756.0,6759.0
2025-09-02 01:10:00,7600,6763,6757,6758,6763,6764,6759,6760,6764,6763.5,6758.0,6759.0,6763.5
2025-09-02 01:15:00,14000,6766,6760,6763,6766,6767,6761,6764,6767,6766.5,6760.5,6763.5,6766.5
2025-09-02 01:20:00,5000,6768,6765,6766,6768,6769,6766,6767,6769,6768.5,6765.5,6766.5,6768.5
2025-09-02 01:25:00,17700,6771,6764,6768,6770,6772,6765,6769,6771,6771.5,6764.5,6768.5,6770.5
2025-09-02 01:30:00,26200,6779,6768,6770,6774,6780,6769,6771,6775,6779.5,6768.5,6770.5,6774.5
2025-09-02 01:35:00,5900,6779,6773,6774,6778,6780,6774,6775,6779,6779.5,6773.5,6774.5,6778.5
2025-09-02 01:40:00,11500,6779,6772,6778,6773,6780,6773,6779,6774,6779.5,6772.5,6778.5,6773.5
2025-09-02 01:45:00,6600,6777,6772,6773,6774,6778,6773,6774,6775,6777.5,6772.5,6773.5,6774.5
2025-09-02 01:50:00,8000,6774,6761,6774,6767,6775,6762,6775,6768,6774.5,6761.5,6774.5,6767.5
2025-09-02 01:55:00,10100,6768,6758,6767,6758,6770,6759,6768,6759,6769.0,6758.5,6767.5,6758.5
2025-09-02 02:00:00,12800,6760,6747,6758,6760,6762,6748,6759,6762,6761.0,6747.5,6758.5,6761.0
2025-09-02 02:05:00,10400,6766,6760,6760,6766,6768,6761,6762,6768,6767.0,6760.5,6761.0,6767.0
2025-09-02 02:10:00,9400,6774,6766,6766,6772,6775,6768,6768,6773,6774.5,6767.0,6767.0,6772.5
2025-09-02 02:15:00,11800,6775,6770,6772,6775,6776,6771,6773,6776,6775.5,6770.5,6772.5,6775.5
2025-09-02 02:20:00,13400,6779,6775,6775,6777,6780,6776,6776,6778,6779.5,6775.5,6775.5,6777.5
2025-09-02 02:25:00,35900,6785,6771,6777,6771,6786,6773,6778,6774,6785.5,6772.0,6777.5,6772.5
2025-09-02 02:30:00,4200,,,,,,,,,,,,
2025-09-02 03:30:00,63200,6782,6753,6774,6755,6783,6755,6775,6757,6782.5,6754.0,6774.5,6756.0
2025-09-02 03:35:00,10800,6761,6755,6755,6760,6762,6757,6757,6761,6761.5,6756.0,6756.0,6760.5
2025-09-02 03:40:00,15200,6773,6758,6760,6773,6774,6760,6761,6774,6773.5,6759.5,6760.5,6773.5
2025-09-02 03:45:00,16600,6780,6773,6773,6774,6782,6774,6774,6776,6781.0,6773.5,6773.5,6775.0
2025-09-02 03:50:00,7300,6778,6772,6774,6778,6779,6773,6776,6779,6778.5,6772.5,6775.0,6778.5
2025-09-02 03:55:00,16500,6781,6776,6778,6780,6782,6778,6779,6781,6781.5,6777.0,6778.5,6780.5
2025-09-02 04:00:00,8900,6783,6779,6780,6783,6784,6781,6781,6784,6783.5,6780.0,6780.5,6783.5
2025-09-02 04:05:00,11700,6784,6781,6783,6783,6785,6782,6784,6785,6784.5,6781.5,6783.5,6784.0
2025-09-02 04:10:00,11000,6784,6778,6783,6779,6785,6779,6785,6780,6784.5,6778.5,6784.0,6779.5
2025-09-02 04:15:00,11900,6781,6776,6779,6777,6782,6778,6780,6778,6781.5,6777.0,6779.5,6777.5
2025-09-02 04:20:00,5400,6777,6775,6777,6777,6778,6776,6778,6778,6777.5,6775.5,6777.5,6777.5
2025-09-02 04:25:00,6000,6779,6776,6777,6778,6780,6777,6778,6779,6779.5,6776.5,6777.5,6778.5
2025-09-02 04:30:00,14400,6782,6777,6778,6782,6783,6778,6779,6783,6782.5,6777.5,6778.5,6782.5
2025-09-02 04:35:00,10700,6784,6780,6782,6782,6785,6782,6783,6783,6784.5,6781.0,6782.5,6782.5
2025-09-02 04:40:00,6400,6784,6782,6782,6784,6785,6783,6783,6785,6784.5,6782.5,6782.5,6784.5
2025-09-02 04:45:00,22000,6787,6783,6784,6786,6788,6785,6785,6787,6787.5,6784.0,6784.5,6786.5
2025-09-02 04:50:00,12400,6786,6782,6786,6784,6787,6783,6787,6785,6786.5,6782.5,6786.5,6784.5
2025-09-02 04:55:00,4200,6785,6783,6784,6785,6786,6784,6785,6786,6785.5,6783.5,6784.5,6785.5
2025-09-02 05:00:00,19400,6785,6773,6785,6777,6786,6774,6786,6778,6785.5,6773.5,6785.5,6777.5
2025-09-02 05:05:00,10000,6778,6773,6777,6775,6779,6774,6778,6777,6778.5,6773.5,6777.5,6776.0
2025-09-02 05:10:00,6200,6776,6771,6775,6774,6777,6772,6777,6775,6776.5,6771.5,6776.0,6774.5
2025-09-02 05:15:00,6800,6775,6772,6774,6774,6776,6774,6775,6775,6775.5,6773.0,6774.5,6774.5
2025-09-02 05:20:00,10200,6778,6771,6774,6777,6779,6772,6775,6778,6778.5,6771.5,6774.5,6777.5
2025-09-02 05:25:00,6400,6779,6776,6777,6779,6780,6777,6778,6780,6779.5,6776.5,6777.5,6779.5
2025-09-02 05:30:00,10000,6781,6777,6779,6781,6782,6778,6780,6782,6781.5,6777.5,6779.5,6781.5
2025-09-02 05:35:00,9600,6784,6780,6781,6784,6785,6781,6782,6785,6784.5,6780.5,6781.5,6784.5
2025-09-02 05:40:00,16400,6787,6784,6784,6786,6788,6785,6785,6787,6787.5,6784.5,6784.5,6786.5
2025-09-02 05:45:00,20000,6791,6786,6786,6790,6792,6787,6787,6791,6791.5,6786.5,6786.5,6790.5
2025-09-02 05:50:00,9500,6791,6787,6790,6791,6792,6789,6791,6792,6791.5,6788.0,6790.5,6791.5
2025-09-02 05:55:00,13300,6792,6789,6791,6790,6793,6790,6792,6791,6792.5,6789.5,6791.5,6790.5
2025-09-02 06:00:00,25800,6797,6789,6790,6795,6798,6791,6791,6797,6797.5,6790.0,6790.5,6796.0
2025-09-02 06:05:00,64300,6801,6795,6795,6799,6802,6796,6797,6800,6801.5,6795.5,6796.0,6799.5
2025-09-02 06:10:00,11900,6803,6798,6799,6802,6804,6799,6800,6804,6803.5,6798.5,6799.5,6803.0
2025-09-02 06:15:00,19400,6806,6798,6803,6800,6807,6800,6804,6801,6806.5,6799.0,6803.5,6800.5
2025-09-02 06:20:00,37700,6806,6793,6800,6793,6808,6794,6801,6800,6807.0,6793.5,6800.5,6796.5
2025-09-02 06:25:00,,6828,6789,6817,6795,6829,6790,6818,6796,6828.5,6789.5,6817.5,6795.5
2025-09-02 06:30:00,314400,6795,6795,6795,6795,6796,6796,6796,6796,6795.5,6795.5,6795.5,6795.5
2025-09-03 00:00:00,295100,6874,6819,6819,6874,6877,6820,6820,6877,6875.5,6819.5,6819.5,6875.5
2025-09-03 00:05:00,76300,6886,6854,6874,6860,6888,6858,6877,6863,6887.0,6856.0,6875.5,6861.5
2025-09-03 00:10:00,36800,6870,6854,6860,6858,6871,6856,6863,6860,6870.5,6855.0,6861.5,6859.0
2025-09-03 00:15:00,36400,6860,6847,6858,6856,6862,6848,6860,6858,6861.0,6847.5,6859.0,6857.0
2025-09-03 00:20:00,23800,6865,6852,6856,6855,6866,6854,6858,6857,6865.5,6853.0,6857.0,6856.0
2025-09-03 00:25:00,25700,6868,6853,6855,6867,6869,6854,6857,6869,6868.5,6853.5,6856.0,6868.0
2025-09-03 00:30:00,17600,6872,6860,6867,6861,6874,6862,6869,6864,6872.5,6861.0,6868.0,6862.5
2025-09-03 00:35:00,14000,6867,6858,6861,6867,6869,6859,6864,6869,6868.0,6858.5,6862.5,6868.0
2025-09-03 00:40:00,13800,6868,6854,6867,6855,6870,6855,6869,6857,6869.0,6854.5,6868.0,6856.0
2025-09-03 00:45:00,13000,6858,6849,6855,6851,6859,6850,6857,6853,6858.5,6849.5,6856.0,6852.0
2025-09-03 00:50:00,9400,6856,6851,6851,6855,6857,6852,6853,6857,6856.5,6851.5,6852.0,6856.0
2025-09-03 00:55:00,14300,6860,6855,6855,6858,6861,6856,6857,6860,6860.5,6855.5,6856.0,6859.0
2025-09-03 01:00:00,12600,6859,6855,6858,6858,6861,6856,6860,6859,6860.0,6855.5,6859.0,6858.5
2025-09-03 01:05:00,11700,6859,6852,6858,6854,6860,6853,6859,6855,6859.5,6852.5,6858.5,6854.5
2025-09-03 01:10:00,10900,6859,6854,6854,6855,6860,6855,6855,6856,6859.5,6854.5,6854.5,6855.5
2025-09-03 01:15:00,17700,6858,6845,6855,6845,6859,6846,6856,6848,6858.5,6845.5,6855.5,6846.5
2025-09-03 01:20:00,38400,6855,6844,6845,6845,6858,6845,6848,6847,6856.5,6844.5,6846.5,6846.0
2025-09-03 01:25:00,17300,6860,6845,6845,6854,6861,6846,6847,6856,6860.5,6845.5,6846.0,6855.0
2025-09-03 01:30:00,16300,6855,6814,6854,6816,6856,6817,6856,6818,6855.5,6815.5,6855.0,6817.0
2025-09-03 01:35:00,8700,6821,6814,6815,6820,6823,6815,6818,6822,6822.0,6814.5,6816.5,6821.0
2025-09-03 01:40:00,14900,6832,6819,6820,6829,6833,6820,6822,6831,6832.5,6819.5,6821.0,6830.0
2025-09-03 01:45:00,7800,6836,6828,6829,6835,6837,6830,6831,6836,6836.5,6829.5,6830.0,6835.5
2025-09-03 01:50:00,18400,6850,6835,6835,6846,6852,6837,6837,6848,6851.0,6836.0,6836.0,6847.0
2025-09-03 01:55:00,10900,6849,6842,6846,6848,6850,6843,6848,6850,6849.5,6842.5,6847.0,6849.0
2025-09-03 02:00:00,7000,6849,6840,6848,6841,6851,6842,6850,6842,6850.0,6841.0,6849.0,6841.5
2025-09-03 02:05:00,7900,6841,6831,6841,6835,6842,6834,6842,6836,6841.5,6832.5,6841.5,6835.5
2025-09-03 02:10:00,9400,6837,6831,6835,6834,6838,6832,6836,6836,6837.5,6831.5,6835.5,6835.0
2025-09-03 02:15:00,7000,6835,6829,6834,6831,6836,6831,6836,6832,6835.5,6830.0,6835.0,6831.5
2025-09-03 02:20:00,7700,6831,6828,6831,6830,6832,6829,6832,6832,6831.5,6828.5,6831.5,6831.0
2025-09-03 02:25:00,13200,6838,6830,6830,6836,6839,6832,6832,6839,6838.5,6831.0,6831.0,6837.5
2025-09-03 02:30:00,1900,6835,6835,6835,6835,6839,6839,6839,6839,6837.0,6837.0,6837.0,6837.0
2025-09-03 03:30:00,47900,6835,6815,6835,6827,6836,6817,6836,6828,6835.5,6816.5,6835.5,6827.5
2025-09-03 03:35:00,21500,6827,6810,6827,6813,6828,6811,6828,6815,6827.5,6810.5,6827.5,6814.0
2025-09-03 03:40:00,23200,6826,6809,6813,6822,6828,6810,6815,6824,6827.0,6809.5,6814.0,6823.0
2025-09-03 03:45:00,14100,6834,6822,6822,6831,6835,6823,6824,6832,6834.5,6822.5,6823.0,6831.5
2025-09-03 03:50:00,15600,6835,6826,6831,6833,6836,6829,6832,6834,6835.5,6827.5,6831.5,6833.5
2025-09-03 03:55:00,11600,6834,6827,6833,6828,6835,6828,6834,6830,6834.5,6827.5,6833.5,6829.0
2025-09-03 04:00:00,7600,6829,6825,6828,6827,6831,6826,6830,6828,6829.5,6825.5,6829.0,6827.5
2025-09-03 04:05:00,17500,6834,6826,6827,6833,6835,6827,6828,6834,6834.5,6826.5,6827.5,6833.5
2025-09-03 04:10:00,16300,6835,6830,6833,6832,6836,6832,6834,6834,6835.5,6831.0,6833.5,6833.0
2025-09-03 04:15:00,8900,6835,6830,6832,6831,6836,6833,6834,6833,6835.5,6831.5,6833.0,6832.0
2025-09-03 04:20:00,11800,6832,6828,6831,6832,6833,6830,6833,6833,6832.5,6829.5,6832.0,6832.5
2025-09-03 04:25:00,8000,6834,6830,6832,6834,6835,6831,6833,6835,6834.5,6830.5,6832.5,6834.5
2025-09-03 04:30:00,13900,6835,6831,6834,6834,6836,6833,6835,6835,6835.5,6832.0,6834.5,6834.5
2025-09-03 04:35:00,15300,6836,6824,6834,6825,6837,6825,6835,6826,6836.5,6824.5,6834.5,6825.5
2025-09-03 04:40:00,8500,6826,6823,6825,6825,6827,6824,6826,6827,6826.5,6823.5,6825.5,6826.0
2025-09-03 04:45:00,13300,6830,6824,6825,6830,6831,6826,6827,6831,6830.5,6825.0,6826.0,6830.5
2025-09-03 04:50:00,8000,6832,6829,6830,6829,6833,6830,6831,6830,6832.5,6829.5,6830.5,6829.5
2025-09-03 04:55:00,15200,6830,6825,6829,6827,6831,6826,6830,6828,6830.5,6825.5,6829.5,6827.5
2025-09-03 05:00:00,19100,6827,6816,6827,6819,6829,6818,6828,6820,6827.5,6817.0,6827.5,6819.5
2025-09-03 05:05:00,21100,6824,6816,6819,6823,6825,6817,6820,6825,6824.5,6816.5,6819.5,6824.0
2025-09-03 05:10:00,15500,6823,6812,6823,6815,6825,6814,6825,6816,6824.0,6813.0,6824.0,6815.5
2025-09-03 05:15:00,16200,6825,6815,6815,6825,6826,6816,6816,6826,6825.5,6815.5,6815.5,6825.5
2025-09-03 05:20:00,5200,6825,6823,6825,6825,6826,6825,6826,6826,6825.5,6824.0,6825.5,6825.5
2025-09-03 05:25:00,13700,6825,6816,6825,6821,6826,6817,6826,6822,6825.5,6816.5,6825.5,6821.5
2025-09-03 05:30:00,16200,6824,6819,6821,6823,6825,6820,6822,6824,6824.5,6819.5,6821.5,6823.5
2025-09-03 05:35:00,12500,6826,6820,6823,6826,6828,6821,6824,6828,6827.0,6820.5,6823.5,6827.0
2025-09-03 05:40:00,11900,6829,6824,6826,6825,6830,6826,6828,6827,6829.5,6825.0,6827.0,6826.0
2025-09-03 05:45:00,17200,6829,6821,6825,6821,6830,6822,6827,6823,6829.5,6821.5,6826.0,6822.0
2025-09-03 05:50:00,12900,6826,6821,6821,6823,6827,6822,6823,6824,6826.5,6821.5,6822.0,6823.5
2025-09-03 05:55:00,15100,6825,6819,6823,6820,6826,6820,6824,6822,6825.5,6819.5,6823.5,6821.0
2025-09-03 06:00:00,15300,6823,6820,6820,6820,6825,6821,6822,6821,6824.0,6820.5,6821.0,6820.5
2025-09-03 06:05:00,15400,6821,6818,6820,6820,6822,6819,6821,6821,6821.5,6818.5,6820.5,6820.5
2025-09-03 06:10:00,17000,6826,6819,6820,6824,6827,6820,6821,6825,6826.5,6819.5,6820.5,6824.5
2025-09-03 06:15:00,22100,6824,6818,6824,6821,6825,6819,6825,6822,6824.5,6818.5,6824.5,6821.5
2025-09-03 06:20:00,39400,6827,6818,6821,6818,6828,6820,6822,6820,6827.5,6819.0,6821.5,6819.0
2025-09-03 06:25:00,,6855,6782,6783,6821,6856,6783,6784,6822,6855.5,6782.5,6783.5,6821.5
2025-09-03 06:30:00,500700,6821,6821,6821,6821,6825,6825,6825,6825,6823.0,6823.0,6823.0,6823.0
2025-09-04 00:00:00,142700,6798,6772,6778,6791,6821,6776,6779,6792,6805.0,6774.0,6778.5,6791.5
2025-09-04 00:05:00,39900,6805,6771,6791,6776,6807,6772,6793,6778,6805.5,6771.5,6792.0,6777.0
2025-09-04 00:10:00,26000,6778,6762,6776,6767,6780,6764,6778,6768,6779.0,6763.0,6777.0,6767.5
2025-09-04 00:15:00,28700,6792,6765,6767,6791,6794,6766,6768,6792,6793.0,6765.5,6767.5,6791.5
2025-09-04 00:20:00,21500,6805,6783,6791,6805,6806,6785,6792,6806,6805.5,6784.0,6791.5,6805.5
2025-09-04 00:25:00,19900,6808,6796,6805,6796,6809,6797,6806,6798,6808.5,6796.5,6805.5,6797.0
2025-09-04 00:30:00,21900,6804,6795,6796,6803,6805,6797,6798,6804,6804.5,6796.0,6797.0,6803.5
2025-09-04 00:35:00,9600,6806,6798,6803,6802,6808,6800,6804,6803,6807.0,6799.0,6803.5,6802.5
2025-09-04 00:40:00,11100,6805,6800,6802,6801,6806,6801,6803,6803,6805.5,6800.5,6802.5,6802.0
2025-09-04 00:45:00,15700,6807,6795,6801,6805,6808,6797,6803,6807,6807.5,6796.0,6802.0,6806.0
2025-09-04 00:50:00,7800,6808,6802,6805,6805,6809,6803,6807,6806,6808.5,6802.5,6806.0,6805.5
2025-09-04 00:55:00,13000,6808,6803,6805,6805,6809,6804,6806,6806,6808.5,6803.5,6805.5,6805.5
2025-09-04 01:00:00,8900,6808,6803,6805,6808,6809,6804,6806,6809,6808.5,6803.5,6805.5,6808.5
2025-09-04 01:05:00,14200,6818,6806,6808,6816,6820,6808,6809,6817,6819.0,6807.0,6808.5,6816.5
2025-09-04 01:10:00,16400,6821,6813,6816,6821,6822,6815,6817,6822,6821.5,6814.0,6816.5,6821.5
2025-09-04 01:15:00,8900,6827,6821,6821,6827,6828,6822,6822,6828,6827.5,6821.5,6821.5,6827.5
2025-09-04 01:20:00,11800,6830,6822,6827,6824,6831,6824,6828,6825,6830.5,6823.5,6827.5,6824.5
2025-09-04 01:25:00,8200,6826,6819,6824,6822,6828,6820,6825,6823,6827.0,6819.5,6824.5,6822.5
2025-09-04 01:30:00,10900,6823,6816,6822,6816,6825,6817,6823,6817,6824.0,6816.5,6822.5,6816.5
2025-09-04 01:35:00,12600,6818,6806,6816,6812,6819,6807,6817,6813,6818.5,6806.5,6816.5,6812.5
2025-09-04 01:40:00,11900,6826,6812,6812,6825,6828,6813,6813,6826,6827.0,6812.5,6812.5,6825.5
2025-09-04 01:45:00,7600,6827,6820,6825,6822,6828,6821,6826,6823,6827.5,6820.5,6825.5,6822.5
2025-09-04 01:50:00,13400,6823,6816,6822,6818,6824,6817,6823,6819,6823.5,6816.5,6822.5,6818.5
2025-09-04 01:55:00,13600,6818,6809,6818,6811,6819,6810,6819,6813,6818.5,6809.5,6818.5,6812.0
2025-09-04 02:00:00,9900,6819,6810,6811,6816,6820,6811,6813,6817,6819.5,6810.5,6812.0,6816.5
2025-09-04 02:05:00,6300,6820,6816,6816,6819,6821,6817,6817,6821,6820.5,6816.5,6816.5,6820.0
2025-09-04 02:10:00,16700,6828,6819,6819,6827,6830,6821,6821,6828,6829.0,6820.0,6820.0,6827.5
2025-09-04 02:15:00,12500,6829,6824,6827,6829,6830,6825,6828,6830,6829.5,6824.5,6827.5,6829.5
2025-09-04 02:20:00,10600,6830,6822,6829,6825,6831,6823,6830,6826,6830.5,6822.5,6829.5,6825.5
2025-09-04 02:25:00,15700,6828,6816,6825,6818,6830,6818,6826,6819,6829.0,6817.0,6825.5,6818.5
2025-09-04 02:30:00,600,6818,6818,6818,6818,6819,6819,6819,6819,6818.5,6818.5,6818.5,6818.5
2025-09-04 03:30:00,37700,6829,6811,6818,6827,6830,6813,6819,6828,6829.5,6812.0,6818.5,6827.5
2025-09-04 03:35:00,10300,6827,6815,6827,6815,6828,6816,6828,6816,6827.5,6815.5,6827.5,6815.5
2025-09-04 03:40:00,12800,6819,6812,6815,6819,6820,6813,6816,6820,6819.5,6812.5,6815.5,6819.5
2025-09-04 03:45:00,8800,6822,6815,6819,6818,6823,6817,6820,6820,6822.5,6816.0,6819.5,6819.0
2025-09-04 03:50:00,7300,6819,6812,6818,6816,6820,6813,6820,6817,6819.5,6812.5,6819.0,6816.5
2025-09-04 03:55:00,8900,6819,6816,6816,6818,6820,6817,6817,6819,6819.5,6816.5,6816.5,6818.5
2025-09-04 04:00:00,10100,6822,6817,6818,6817,6823,6818,6819,6818,6822.5,6817.5,6818.5,6817.5
2025-09-04 04:05:00,6000,6819,6817,6817,6818,6820,6818,6818,6819,6819.5,6817.5,6817.5,6818.5
2025-09-04 04:10:00,10300,6822,6818,6818,6822,6824,6819,6819,6823,6822.5,6818.5,6818.5,6822.5
2025-09-04 04:15:00,3100,6823,6820,6822,6823,6824,6821,6823,6824,6823.5,6820.5,6822.5,6823.5
2025-09-04 04:20:00,23400,6829,6822,6823,6824,6830,6823,6824,6826,6829.5,6822.5,6823.5,6825.0
2025-09-04 04:25:00,6800,6827,6823,6824,6823,6829,6824,6826,6824,6828.0,6823.5,6825.0,6823.5
2025-09-04 04:30:00,6100,6827,6822,6823,6825,6828,6823,6824,6827,6827.5,6822.5,6823.5,6826.0
2025-09-04 04:35:00,6700,6828,6824,6825,6828,6829,6825,6826,6829,6828.5,6824.5,6825.5,6828.5
2025-09-04 04:40:00,6100,6828,6824,6828,6825,6829,6825,6829,6826,6828.5,6824.5,6828.5,6825.5
2025-09-04 04:45:00,7000,6827,6825,6825,6827,6829,6826,6826,6828,6828.0,6825.5,6825.5,6827.5
2025-09-04 04:50:00,12300,6829,6826,6827,6829,6830,6827,6828,6830,6829.5,6826.5,6827.5,6829.5
2025-09-04 04:55:00,11200,6830,6826,6829,6830,6831,6827,6830,6831,6830.5,6826.5,6829.5,6830.5
2025-09-04 05:00:00,22100,6837,6829,6830,6833,6838,6830,6831,6834,6837.5,6829.5,6830.5,6833.5
2025-09-04 05:05:00,9500,6833,6828,6833,6831,6834,6830,6834,6832,6833.5,6829.0,6833.5,6831.5
2025-09-04 05:10:00,8700,6832,6829,6831,6829,6833,6830,6832,6830,6832.5,6829.5,6831.5,6829.5
2025-09-04 05:15:00,7900,6831,6827,6829,6829,6832,6828,6830,6830,6831.5,6827.5,6829.5,6829.5
2025-09-04 05:20:00,8600,6829,6821,6829,6822,6830,6822,6830,6823,6829.5,6821.5,6829.5,6822.5
2025-09-04 05:25:00,13800,6822,6818,6822,6819,6823,6819,6823,6820,6822.5,6818.5,6822.5,6819.5
2025-09-04 05:30:00,7000,6821,6818,6819,6819,6822,6819,6820,6820,6821.5,6818.5,6819.5,6819.5
2025-09-04 05:35:00,7700,6820,6819,6819,6819,6821,6820,6820,6820,6820.5,6819.5,6819.5,6819.5
2025-09-04 05:40:00,10000,6824,6819,6819,6821,6825,6820,6820,6823,6824.5,6819.5,6819.5,6822.0
2025-09-04 05:45:00,15400,6822,6817,6822,6818,6823,6818,6823,6819,6822.5,6817.5,6822.5,6818.5
2025-09-04 05:50:00,12800,6821,6816,6818,6820,6822,6817,6819,6821,6821.5,6816.5,6818.5,6820.5
2025-09-04 05:55:00,12000,6824,6819,6820,6823,6825,6820,6821,6824,6824.5,6819.5,6820.5,6823.5
2025-09-04 06:00:00,17500,6832,6821,6823,6831,6834,6822,6824,6832,6833.0,6821.5,6823.5,6831.5
2025-09-04 06:05:00,14200,6833,6825,6831,6825,6834,6827,6832,6827,6833.5,6826.0,6831.5,6826.0
2025-09-04 06:10:00,13300,6832,6825,6826,6832,6833,6827,6827,6833,6832.5,6826.0,6826.5,6832.5
2025-09-04 06:15:00,13500,6832,6824,6832,6832,6833,6826,6833,6833,6832.5,6825.0,6832.5,6832.5
2025-09-04 06:20:00,32100,6840,6830,6832,6838,6841,6831,6833,6840,6840.5,6830.5,6832.5,6839.0
2025-09-04 06:25:00,,6901,6801,6839,6843,6901,6802,6840,6844,6901.0,6801.5,6839.5,6843.5
2025-09-04 06:30:00,349100,6838,6838,6838,6838,6844,6844,6844,6844,6841.0,6841.0,6841.0,6841.0
2025-09-05 00:00:00,285000,6996,6929,6949,6954,6999,6937,6950,6957,6997.5,6934.0,6949.5,6955.5
2025-09-05 00:05:00,45600,6974,6953,6954,6968,6975,6955,6957,6970,6974.5,6954.0,6955.5,6969.0
2025-09-05 00:10:00,46200,6971,6943,6968,6948,6972,6947,6970,6951,6971.5,6945.5,6969.0,6949.5
2025-09-05 00:15:00,23600,6962,6947,6948,6959,6963,6948,6951,6961,6962.5,6947.5,6949.5,6960.0
2025-09-05 00:20:00,32700,6967,6947,6959,6948,6969,6948,6961,6949,6968.0,6947.5,6960.0,6948.5
2025-09-05 00:25:00,16700,6964,6947,6948,6963,6965,6949,6949,6965,6964.5,6948.0,6948.5,6964.0
2025-09-05 00:30:00,16700,6963,6955,6963,6955,6965,6956,6965,6957,6964.0,6955.5,6964.0,6956.0
2025-09-05 00:35:00,14100,6961,6955,6955,6958,6962,6956,6957,6959,6961.5,6955.5,6956.0,6958.5
2025-09-05 00:40:00,15900,6958,6945,6957,6948,6960,6946,6959,6949,6959.0,6945.5,6958.0,6948.5
2025-09-05 00:45:00,11700,6953,6945,6948,6947,6954,6947,6949,6948,6953.5,6946.0,6948.5,6947.5
2025-09-05 00:50:00,21400,6950,6935,6947,6935,6951,6936,6948,6936,6950.5,6935.5,6947.5,6935.5
2025-09-05 00:55:00,16600,6938,6929,6935,6929,6939,6930,6936,6930,6938.5,6929.5,6935.5,6929.5
2025-09-05 01:00:00,21700,6929,6914,6929,6925,6930,6916,6930,6926,6929.5,6915.0,6929.5,6925.5
2025-09-05 01:05:00,14500,6926,6915,6925,6922,6927,6916,6926,6924,6926.5,6915.5,6925.5,6923.0
2025-09-05 01:10:00,10500,6927,6920,6922,6923,6928,6922,6924,6924,6927.5,6921.0,6923.0,6923.5
2025-09-05 01:15:00,25200,6946,6922,6923,6941,6947,6924,6924,6943,6946.5,6923.0,6923.5,6942.0
2025-09-05 01:20:00,9400,6941,6922,6941,6931,6943,6924,6943,6934,6942.0,6923.0,6942.0,6932.5
2025-09-05 01:25:00,10900,6936,6926,6931,6927,6937,6928,6934,6928,6936.5,6927.0,6932.5,6927.5
2025-09-05 01:30:00,7300,6928,6916,6926,6922,6930,6918,6928,6923,6928.5,6917.0,6927.0,6922.5
2025-09-05 01:35:00,10200,6927,6916,6922,6927,6928,6918,6923,6928,6927.5,6917.5,6922.5,6927.5
2025-09-05 01:40:00,8200,6934,6922,6927,6934,6935,6923,6928,6935,6934.5,6922.5,6927.5,6934.5
2025-09-05 01:45:00,10100,6937,6930,6934,6931,6938,6931,6935,6932,6937.5,6930.5,6934.5,6931.5
2025-09-05 01:50:00,12400,6943,6931,6931,6943,6944,6932,6932,6944,6943.5,6931.5,6931.5,6943.5
2025-09-05 01:55:00,8800,6943,6938,6943,6940,6944,6939,6944,6942,6943.5,6938.5,6943.5,6941.0
2025-09-05 02:00:00,16000,6940,6930,6940,6932,6942,6932,6942,6933,6941.0,6931.0,6941.0,6932.5
2025-09-05 02:05:00,9400,6932,6922,6932,6930,6933,6924,6933,6932,6932.5,6923.0,6932.5,6931.0
2025-09-05 02:10:00,7200,6936,6929,6930,6932,6937,6930,6932,6933,6936.5,6929.5,6931.0,6932.5
2025-09-05 02:15:00,8300,6938,6932,6932,6936,6939,6933,6933,6937,6938.5,6932.5,6932.5,6936.5
2025-09-05 02:20:00,28600,6956,6935,6936,6956,6957,6936,6937,6957,6956.5,6935.5,6936.5,6956.5
2025-09-05 02:25:00,17600,6958,6947,6956,6949,6959,6949,6957,6951,6958.5,6948.0,6956.5,6950.0
2025-09-05 02:30:00,1000,6948,6948,6948,6948,6951,6951,6951,6951,6949.5,6949.5,6949.5,6949.5
2025-09-05 03:30:00,63700,6969,6949,6949,6960,6970,6953,6954,6961,6969.5,6951.0,6951.5,6960.5
2025-09-05 03:35:00,15700,6966,6960,6960,6965,6967,6961,6962,6966,6966.5,6960.5,6961.0,6965.5
2025-09-05 03:40:00,24000,6969,6961,6964,6969,6970,6964,6966,6970,6969.5,6962.5,6965.0,6969.5
2025-09-05 03:45:00,23500,6974,6967,6969,6967,6975,6968,6970,6968,6974.5,6967.5,6969.5,6967.5
2025-09-05 03:50:00,11400,6973,6967,6967,6972,6974,6968,6968,6973,6973.5,6967.5,6967.5,6972.5
2025-09-05 03:55:00,20100,6975,6971,6972,6975,6976,6972,6973,6976,6975.5,6971.5,6972.5,6975.5
2025-09-05 04:00:00,32800,6981,6974,6975,6975,6982,6975,6976,6976,6981.5,6974.5,6975.5,6975.5
2025-09-05 04:05:00,14400,6982,6974,6975,6982,6983,6975,6976,6983,6982.5,6974.5,6975.5,6982.5
2025-09-05 04:10:00,17700,6984,6979,6982,6981,6985,6980,6983,6982,6984.5,6979.5,6982.5,6981.5
2025-09-05 04:15:00,13600,6984,6976,6980,6983,6985,6978,6982,6984,6984.5,6977.0,6981.0,6983.5
2025-09-05 04:20:00,20600,6989,6982,6983,6988,6990,6983,6984,6989,6989.5,6982.5,6983.5,6988.5
2025-09-05 04:25:00,19600,6989,6984,6988,6986,6990,6985,6989,6987,6989.5,6984.5,6988.5,6986.5
2025-09-05 04:30:00,14800,6989,6986,6986,6986,6990,6987,6987,6987,6989.5,6986.5,6986.5,6986.5
2025-09-05 04:35:00,7900,6988,6986,6986,6987,6989,6987,6987,6988,6988.5,6986.5,6986.5,6987.5
2025-09-05 04:40:00,9600,6989,6987,6987,6987,6990,6988,6988,6988,6989.5,6987.5,6987.5,6987.5
2025-09-05 04:45:00,17100,6989,6986,6987,6986,6990,6987,6988,6988,6989.5,6986.5,6987.5,6987.0
2025-09-05 04:50:00,10500,6987,6985,6986,6985,6989,6986,6988,6986,6988.0,6985.5,6987.0,6985.5
2025-09-05 04:55:00,16000,6986,6984,6985,6984,6987,6985,6986,6985,6986.5,6984.5,6985.5,6984.5
2025-09-05 05:00:00,30000,6991,6984,6984,6987,6992,6985,6985,6988,6991.5,6984.5,6984.5,6987.5
2025-09-05 05:05:00,10100,6989,6987,6987,6987,6990,6988,6988,6988,6989.5,6987.5,6987.5,6987.5
2025-09-05 05:10:00,13700,6988,6983,6987,6985,6989,6984,6988,6986,6988.5,6983.5,6987.5,6985.5
2025-09-05 05:15:00,3300,6986,6985,6985,6986,6987,6986,6986,6987,6986.5,6985.5,6985.5,6986.5
2025-09-05 05:20:00,11800,6988,6983,6986,6984,6989,6984,6987,6985,6988.5,6983.5,6986.5,6984.5
2025-09-05 05:25:00,9500,6984,6981,6984,6984,6985,6983,6985,6985,6984.5,6982.0,6984.5,6984.5
2025-09-05 05:30:00,9800,6986,6984,6984,6986,6987,6985,6985,6987,6986.5,6984.5,6984.5,6986.5
2025-09-05 05:35:00,9700,6986,6983,6986,6984,6987,6984,6987,6985,6986.5,6983.5,6986.5,6984.5
2025-09-05 05:40:00,8200,6985,6984,6984,6985,6986,6985,6985,6986,6985.5,6984.5,6984.5,6985.5
2025-09-05 05:45:00,13200,6986,6983,6985,6986,6987,6984,6986,6987,6986.5,6983.5,6985.5,6986.5
2025-09-05 05:50:00,19900,6988,6982,6986,6982,6989,6983,6987,6984,6988.5,6982.5,6986.5,6983.0
2025-09-05 05:55:00,22400,6988,6978,6982,6987,6989,6979,6984,6989,6988.5,6978.5,6983.0,6988.0
2025-09-05 06:00:00,19200,6989,6986,6987,6989,6990,6987,6989,6990,6989.5,6986.5,6988.0,6989.5
2025-09-05 06:05:00,26200,6989,6982,6989,6984,6990,6983,6990,6985,6989.5,6982.5,6989.5,6984.5
2025-09-05 06:10:00,8600,6984,6983,6984,6984,6985,6984,6985,6985,6984.5,6983.5,6984.5,6984.5
2025-09-05 06:15:00,19300,6984,6977,6984,6978,6985,6979,6985,6979,6984.5,6978.0,6984.5,6978.5
2025-09-05 06:20:00,37100,6983,6974,6978,6974,6984,6975,6979,6977,6983.5,6974.5,6978.5,6975.5
2025-09-05 06:25:00,,6999,6960,6989,6961,7000,6961,6990,6962,6999.5,6960.5,6989.5,6961.5
2025-09-05 06:30:00,428400,6960,6960,6960,6960,6976,6976,6976,6976,6968.0,6968.0,6968.0,6968.0
2025-09-08 00:00:00,224300,7013,6968,6989,7013,7014,6970,6990,7014,7013.5,6969.0,6989.5,7013.5
2025-09-08 00:05:00,67900,7036,7009,7013,7031,7037,7010,7014,7033,7036.5,7009.5,7013.5,7032.0
2025-09-08 00:10:00,50500,7031,6977,7031,6992,7033,6979,7033,6993,7032.0,6978.0,7032.0,6992.5
2025-09-08 00:15:00,35400,7017,6992,6992,7017,7018,6993,6993,7018,7017.5,6992.5,6992.5,7017.5
2025-09-08 00:20:00,52200,7023,7008,7017,7017,7024,7013,7018,7018,7023.5,7012.0,7017.5,7017.5
2025-09-08 00:25:00,19300,7024,7014,7017,7019,7025,7016,7018,7022,7024.5,7015.0,7017.5,7020.5
2025-09-08 00:30:00,33200,7044,7017,7019,7044,7045,7018,7022,7045,7044.5,7017.5,7020.5,7044.5
2025-09-08 00:35:00,58000,7055,7038,7044,7043,7056,7039,7045,7045,7055.5,7038.5,7044.5,7044.0
2025-09-08 00:40:00,21700,7051,7041,7043,7043,7052,7042,7045,7044,7051.5,7041.5,7044.0,7043.5
2025-09-08 00:45:00,36900,7044,7029,7043,7030,7045,7030,7044,7032,7044.5,7029.5,7043.5,7031.0
2025-09-08 00:50:00,13500,7033,7025,7030,7025,7034,7026,7032,7026,7033.5,7025.5,7031.0,7025.5
2025-09-08 00:55:00,13700,7031,7022,7025,7030,7032,7024,7026,7031,7031.5,7023.0,7025.5,7030.5
2025-09-08 01:00:00,14100,7033,7021,7030,7026,7034,7022,7031,7028,7033.5,7021.5,7030.5,7027.0
2025-09-08 01:05:00,11900,7029,7015,7026,7018,7030,7016,7028,7019,7029.5,7015.5,7027.0,7018.5
2025-09-08 01:10:00,8900,7022,7016,7018,7021,7023,7017,7020,7022,7022.5,7016.5,7019.0,7021.5
2025-09-08 01:15:00,12700,7021,7008,7021,7009,7023,7010,7022,7011,7022.0,7009.0,7021.5,7010.0
2025-09-08 01:20:00,13700,7014,7000,7009,7004,7015,7002,7011,7005,7014.5,7001.0,7010.0,7004.5
2025-09-08 01:25:00,27700,7022,7000,7004,7022,7023,7002,7005,7023,7022.5,7001.0,7004.5,7022.5
2025-09-08 01:30:00,33700,7024,7008,7022,7024,7025,7011,7023,7025,7024.5,7009.5,7022.5,7024.5
2025-09-08 01:35:00,16700,7026,7019,7024,7026,7027,7021,7025,7027,7026.5,7020.0,7024.5,7026.5
2025-09-08 01:40:00,26700,7040,7025,7026,7040,7042,7026,7027,7041,7041.0,7025.5,7026.5,7040.5
2025-09-08 01:45:00,25600,7049,7035,7040,7048,7050,7036,7041,7050,7049.5,7035.5,7040.5,7049.0
2025-09-08 01:50:00,31700,7052,7045,7048,7045,7053,7046,7050,7047,7052.5,7045.5,7049.0,7046.0
2025-09-08 01:55:00,6800,7045,7035,7045,7035,7047,7036,7047,7036,7046.0,7035.5,7046.0,7035.5
2025-09-08 02:00:00,10800,7038,7029,7035,7032,7039,7030,7036,7033,7038.5,7029.5,7035.5,7032.5
2025-09-08 02:05:00,10000,7039,7031,7032,7039,7040,7032,7033,7040,7039.5,7031.5,7032.5,7039.5
2025-09-08 02:10:00,12300,7039,7024,7039,7027,7040,7025,7040,7030,7039.5,7024.5,7039.5,7028.5
2025-09-08 02:15:00,5100,7030,7023,7027,7026,7031,7024,7030,7027,7030.5,7023.5,7028.5,7026.5
2025-09-08 02:20:00,6800,7028,7021,7026,7021,7029,7022,7027,7022,7028.5,7021.5,7026.5,7021.5
2025-09-08 02:25:00,7100,7026,7019,7021,7022,7028,7021,7022,7024,7027.0,7020.0,7021.5,7023.0
2025-09-08 02:30:00,800,7022,7022,7022,7022,7024,7024,7024,7024,7023.0,7023.0,7023.0,7023.0
2025-09-08 03:30:00,39700,7029,7011,7013,7025,7030,7013,7020,7026,7029.5,7012.5,7016.5,7025.5
2025-09-08 03:35:00,10300,7027,7023,7025,7025,7028,7024,7026,7026,7027.5,7023.5,7025.5,7025.5
2025-09-08 03:40:00,12500,7027,7022,7025,7024,7028,7023,7026,7025,7027.5,7022.5,7025.5,7024.5
2025-09-08 03:45:00,10200,7025,7020,7024,7024,7026,7021,7025,7025,7025.5,7020.5,7024.5,7024.5
2025-09-08 03:50:00,9400,7026,7023,7024,7023,7027,7024,7025,7024,7026.5,7023.5,7024.5,7023.5
2025-09-08 03:55:00,6300,7024,7022,7023,7023,7025,7023,7024,7024,7024.5,7022.5,7023.5,7023.5
2025-09-08 04:00:00,17800,7025,7012,7023,7016,7026,7014,7024,7017,7025.5,7013.0,7023.5,7016.5
2025-09-08 04:05:00,11300,7017,7010,7016,7012,7018,7011,7017,7013,7017.5,7010.5,7016.5,7012.5
2025-09-08 04:10:00,7200,7015,7010,7012,7011,7016,7012,7013,7012,7015.5,7011.0,7012.5,7011.5
2025-09-08 04:15:00,16400,7015,7008,7011,7015,7016,7009,7012,7016,7015.5,7008.5,7011.5,7015.5
2025-09-08 04:20:00,8400,7015,7009,7015,7012,7016,7010,7016,7013,7015.5,7009.5,7015.5,7012.5
2025-09-08 04:25:00,9800,7015,7008,7012,7009,7016,7010,7013,7011,7015.5,7009.0,7012.5,7010.0
2025-09-08 04:30:00,9200,7010,7004,7009,7006,7012,7006,7011,7008,7011.0,7005.5,7010.0,7007.0
2025-09-08 04:35:00,7900,7009,7006,7006,7007,7011,7007,7008,7008,7010.0,7006.5,7007.0,7007.5
2025-09-08 04:40:00,6900,7008,7002,7007,7002,7010,7003,7008,7003,7009.0,7002.5,7007.5,7002.5
2025-09-08 04:45:00,14600,7009,7002,7002,7009,7010,7003,7003,7010,7009.5,7002.5,7002.5,7009.5
2025-09-08 04:50:00,4000,7012,7009,7009,7011,7013,7010,7010,7012,7012.5,7009.5,7009.5,7011.5
2025-09-08 04:55:00,10800,7014,7011,7011,7011,7015,7012,7012,7012,7014.5,7011.5,7011.5,7011.5
2025-09-08 05:00:00,15000,7014,7007,7011,7013,7015,7008,7012,7014,7014.5,7007.5,7011.5,7013.5
2025-09-08 05:05:00,13400,7017,7013,7013,7013,7018,7014,7014,7014,7017.5,7013.5,7013.5,7013.5
2025-09-08 05:10:00,7900,7014,7011,7013,7013,7015,7012,7014,7014,7014.5,7011.5,7013.5,7013.5
2025-09-08 05:15:00,13100,7016,7012,7013,7015,7017,7013,7014,7016,7016.5,7012.5,7013.5,7015.5
2025-09-08 05:20:00,9000,7018,7013,7015,7014,7019,7015,7016,7015,7018.5,7014.0,7015.5,7014.5
2025-09-08 05:25:00,11000,7017,7014,7014,7015,7018,7015,7015,7017,7017.5,7014.5,7014.5,7016.0
2025-09-08 05:30:00,8600,7016,7012,7015,7016,7017,7013,7017,7017,7016.5,7012.5,7016.0,7016.5
2025-09-08 05:35:00,11600,7016,7012,7016,7013,7017,7013,7017,7014,7016.5,7012.5,7016.5,7013.5
2025-09-08 05:40:00,11300,7013,7008,7013,7012,7014,7009,7014,7013,7013.5,7008.5,7013.5,7012.5
2025-09-08 05:45:00,13200,7012,7003,7012,7008,7013,7004,7013,7009,7012.5,7003.5,7012.5,7008.5
2025-09-08 05:50:00,8500,7010,7007,7008,7008,7011,7008,7009,7009,7010.5,7007.5,7008.5,7008.5
2025-09-08 05:55:00,14700,7011,7006,7008,7010,7012,7007,7009,7012,7011.5,7006.5,7008.5,7011.0
2025-09-08 06:00:00,21400,7014,7008,7010,7009,7015,7010,7012,7010,7014.5,7009.5,7011.0,7009.5
2025-09-08 06:05:00,15900,7012,7004,7009,7006,7013,7005,7010,7007,7012.5,7004.5,7009.5,7006.5
2025-09-08 06:10:00,17400,7011,7004,7006,7009,7012,7005,7007,7010,7011.5,7004.5,7006.5,7009.5
2025-09-08 06:15:00,18700,7009,7003,7009,7006,7010,7004,7010,7007,7009.5,7003.5,7009.5,7006.5
2025-09-08 06:20:00,44900,7006,6992,7006,6993,7007,6994,7007,6994,7006.5,6993.0,7006.5,6993.5
2025-09-08 06:25:00,,7014,6970,7012,6996,7015,6971,7012,6997,7014.5,6970.5,7012.0,6996.5
2025-09-08 06:30:00,411900,6993,6993,6993,6993,6997,6997,6997,6997,6995.0,6995.0,6995.0,6995.0
2025-09-09 00:00:00,198500,7008,6962,7001,7000,7012,6965,7002,7002,7009.5,6963.5,7001.5,7001.0
2025-09-09 00:05:00,35700,7019,6997,7000,7019,7020,7000,7003,7020,7019.5,6998.5,7001.5,7019.5
2025-09-09 00:10:00,33400,7025,7014,7019,7024,7026,7016,7020,7025,7025.5,7015.0,7019.5,7024.5
2025-09-09 00:15:00,24700,7024,7018,7024,7024,7025,7019,7025,7025,7024.5,7018.5,7024.5,7024.5
2025-09-09 00:20:00,24000,7033,7020,7024,7032,7034,7021,7025,7033,7033.5,7020.5,7024.5,7032.5
2025-09-09 00:25:00,19200,7039,7030,7032,7038,7040,7031,7033,7040,7039.5,7030.5,7032.5,7039.0
2025-09-09 00:30:00,20400,7042,7032,7038,7040,7043,7033,7040,7041,7042.5,7032.5,7039.0,7040.5
2025-09-09 00:35:00,14300,7044,7040,7040,7042,7045,7041,7041,7044,7044.5,7040.5,7040.5,7043.0
2025-09-09 00:40:00,21000,7046,7042,7042,7045,7047,7043,7044,7047,7046.5,7042.5,7043.0,7046.0
2025-09-09 00:45:00,22200,7049,7041,7045,7046,7050,7043,7047,7047,7049.5,7042.0,7046.0,7046.5
2025-09-09 00:50:00,19300,7049,7045,7046,7045,7050,7047,7047,7047,7049.5,7046.0,7046.5,7046.0
2025-09-09 00:55:00,28300,7051,7045,7045,7050,7053,7046,7047,7052,7052.0,7045.5,7046.0,7051.0
2025-09-09 01:00:00,8900,7050,7046,7050,7046,7052,7047,7052,7047,7051.0,7046.5,7051.0,7046.5
2025-09-09 01:05:00,9400,7047,7040,7046,7040,7048,7041,7047,7042,7047.5,7040.5,7046.5,7041.0
2025-09-09 01:10:00,11600,7042,7029,7040,7029,7043,7030,7042,7031,7042.5,7029.5,7041.0,7030.0
2025-09-09 01:15:00,14000,7033,7028,7029,7032,7035,7029,7031,7034,7034.0,7028.5,7030.0,7033.0
2025-09-09 01:20:00,10500,7032,7028,7032,7030,7034,7029,7034,7032,7033.0,7028.5,7033.0,7031.0
2025-09-09 01:25:00,8300,7030,7025,7030,7027,7032,7026,7032,7029,7031.0,7025.5,7031.0,7028.0
2025-09-09 01:30:00,9400,7028,7021,7027,7023,7029,7023,7029,7024,7028.5,7022.0,7028.0,7023.5
2025-09-09 01:35:00,11400,7023,7012,7023,7012,7025,7013,7024,7013,7024.0,7012.5,7023.5,7012.5
2025-09-09 01:40:00,10100,7012,7003,7012,7005,7013,7005,7013,7007,7012.5,7004.0,7012.5,7006.0
2025-09-09 01:45:00,11300,7010,6996,7005,6998,7012,6997,7007,6999,7011.0,6996.5,7006.0,6998.5
2025-09-09 01:50:00,13200,7005,6996,6998,7002,7007,6997,6999,7005,7006.0,6996.5,6998.5,7003.5
2025-09-09 01:55:00,11900,7008,7000,7002,7001,7010,7001,7005,7003,7009.0,7000.5,7003.5,7002.0
2025-09-09 02:00:00,5000,7004,6998,7002,7001,7005,6999,7003,7002,7004.5,6998.5,7002.5,7001.5
2025-09-09 02:05:00,4000,7003,6999,7000,7000,7004,7001,7002,7001,7003.5,7000.0,7001.0,7000.5
2025-09-09 02:10:00,5500,7001,6995,7000,6996,7002,6997,7001,6997,7001.5,6996.0,7000.5,6996.5
2025-09-09 02:15:00,6100,7001,6995,6996,6999,7002,6996,6997,7000,7001.5,6995.5,6996.5,6999.5
2025-09-09 02:20:00,9100,7003,6995,6999,7003,7004,6997,7000,7004,7003.5,6996.0,6999.5,7003.5
2025-09-09 02:25:00,9900,7008,7003,7003,7006,7009,7004,7004,7008,7008.5,7003.5,7003.5,7007.0
2025-09-09 02:30:00,4800,7006,7006,7006,7006,7008,7008,7008,7008,7007.0,7007.0,7007.0,7007.0
2025-09-09 03:30:00,28500,7014,6998,6999,7010,7015,7000,7000,7011,7014.5,6999.5,6999.5,7010.5
2025-09-09 03:35:00,21100,7022,7009,7010,7019,7023,7010,7011,7020,7022.5,7009.5,7010.5,7019.5
2025-09-09 03:40:00,9300,7021,7017,7019,7019,7022,7018,7020,7020,7021.5,7017.5,7019.5,7019.5
2025-09-09 03:45:00,8600,7022,7016,7019,7022,7023,7018,7020,7023,7022.5,7017.0,7019.5,7022.5
2025-09-09 03:50:00,18400,7025,7018,7022,7021,7026,7020,7023,7022,7025.5,7019.0,7022.5,7021.5
2025-09-09 03:55:00,7800,7023,7018,7021,7022,7024,7020,7022,7023,7023.5,7019.0,7021.5,7022.5
2025-09-09 04:00:00,9100,7022,7019,7022,7019,7023,7020,7023,7020,7022.5,7019.5,7022.5,7019.5
2025-09-09 04:05:00,11000,7023,7019,7019,7020,7024,7020,7020,7021,7023.5,7019.5,7019.5,7020.5
2025-09-09 04:10:00,5900,7021,7019,7020,7021,7022,7020,7021,7022,7021.5,7019.5,7020.5,7021.5
2025-09-09 04:15:00,6500,7021,7018,7021,7018,7022,7019,7022,7019,7021.5,7018.5,7021.5,7018.5
2025-09-09 04:20:00,7300,7019,7017,7018,7018,7020,7018,7019,7019,7019.5,7017.5,7018.5,7018.5
2025-09-09 04:25:00,8500,7020,7014,7018,7014,7021,7015,7019,7015,7020.5,7014.5,7018.5,7014.5
2025-09-09 04:30:00,5800,7016,7013,7014,7015,7017,7014,7015,7016,7016.5,7013.5,7014.5,7015.5
2025-09-09 04:35:00,7900,7015,7011,7015,7011,7016,7012,7016,7012,7015.5,7011.5,7015.5,7011.5
2025-09-09 04:40:00,9100,7013,7009,7011,7013,7014,7010,7012,7014,7013.5,7009.5,7011.5,7013.5
2025-09-09 04:45:00,23400,7013,7001,7013,7007,7014,7003,7014,7008,7013.5,7002.0,7013.5,7007.5
2025-09-09 04:50:00,7000,7008,7003,7007,7006,7009,7005,7008,7007,7008.5,7004.0,7007.5,7006.5
2025-09-09 04:55:00,7900,7006,7002,7006,7003,7007,7003,7007,7004,7006.5,7002.5,7006.5,7003.5
2025-09-09 05:00:00,14700,7003,6994,7003,6994,7004,6995,7004,6995,7003.5,6994.5,7003.5,6994.5
2025-09-09 05:05:00,11000,6996,6993,6994,6994,6997,6994,6995,6995,6996.5,6993.5,6994.5,6994.5
2025-09-09 05:10:00,13600,6994,6989,6994,6991,6995,6990,6995,6992,6994.5,6989.5,6994.5,6991.5
2025-09-09 05:15:00,8400,6991,6985,6991,6986,6992,6987,6992,6988,6991.5,6986.0,6991.5,6987.0
2025-09-09 05:20:00,24900,6989,6980,6986,6986,6991,6981,6988,6988,6990.0,6980.5,6987.0,6987.0
2025-09-09 05:25:00,14100,6993,6986,6986,6992,6994,6988,6988,6993,6993.5,6987.0,6987.0,6992.5
2025-09-09 05:30:00,15700,7003,6992,6992,7002,7004,6993,6993,7003,7003.5,6992.5,6992.5,7002.5
2025-09-09 05:35:00,13900,7002,6996,7002,6996,7003,6998,7003,6998,7002.5,6997.0,7002.5,6997.0
2025-09-09 05:40:00,14700,7001,6996,6996,7001,7002,6998,6998,7002,7001.5,6997.0,6997.0,7001.5
2025-09-09 05:45:00,14100,7003,6996,7001,7003,7004,6997,7002,7004,7003.5,6996.5,7001.5,7003.5
2025-09-09 05:50:00,19800,7004,6995,7003,6999,7005,6996,7004,7000,7004.5,6995.5,7003.5,6999.5
2025-09-09 05:55:00,17000,7002,6998,6999,7001,7003,6999,7000,7002,7002.5,6998.5,6999.5,7001.5
2025-09-09 06:00:00,15000,7001,6996,7001,6998,7002,6997,7002,6999,7001.5,6996.5,7001.5,6998.5
2025-09-09 06:05:00,24800,7003,6997,6998,7000,7004,6998,6999,7001,7003.5,6997.5,6998.5,7000.5
2025-09-09 06:10:00,17000,7008,6999,7000,7008,7009,7000,7001,7009,7008.5,6999.5,7000.5,7008.5
2025-09-09 06:15:00,24000,7011,7006,7008,7009,7012,7007,7009,7010,7011.5,7006.5,7008.5,7009.5
2025-09-09 06:20:00,24600,7010,7005,7009,7009,7012,7007,7010,7011,7011.0,7006.0,7009.5,7010.0
2025-09-09 06:25:00,,7037,6980,7005,7009,7038,6981,7006,7010,7037.5,6980.5,7005.5,7009.5
2025-09-09 06:30:00,417700,7009,7009,7009,7009,7011,7011,7011,7011,7010.0,7010.0,7010.0,7010.0
2025-09-10 00:00:00,110000,6978,6952,6953,6958,6999,6953,6954,6960,6978.5,6952.5,6953.5,6959.0
2025-09-10 00:05:00,47300,6962,6940,6958,6945,6963,6941,6960,6946,6962.5,6940.5,6959.0,6945.5
2025-09-10 00:10:00,33500,6961,6943,6945,6959,6962,6945,6946,6960,6961.5,6944.0,6945.5,6959.5
2025-09-10 00:15:00,17700,6971,6956,6959,6968,6972,6957,6960,6969,6971.5,6956.5,6959.5,6968.5
2025-09-10 00:20:00,18100,6984,6966,6968,6983,6985,6967,6969,6984,6984.5,6966.5,6968.5,6983.5
2025-09-10 00:25:00,15000,6992,6983,6983,6984,6993,6984,6984,6985,6992.5,6983.5,6983.5,6984.5
2025-09-10 00:30:00,11200,6990,6980,6984,6985,6991,6982,6985,6986,6990.5,6981.0,6984.5,6985.5
2025-09-10 00:35:00,23900,6995,6983,6985,6993,6997,6985,6986,6995,6996.0,6984.0,6985.5,6994.0
2025-09-10 00:40:00,22700,6996,6990,6993,6995,6997,6991,6995,6996,6996.5,6990.5,6994.0,6995.5
2025-09-10 00:45:00,10000,6995,6986,6995,6990,6996,6987,6996,6991,6995.5,6986.5,6995.5,6990.5
2025-09-10 00:50:00,7700,6995,6985,6990,6988,6996,6987,6992,6989,6995.5,6986.5,6991.0,6988.5
2025-09-10 00:55:00,6900,6988,6983,6988,6984,6990,6984,6989,6985,6989.0,6983.5,6988.5,6984.5
2025-09-10 01:00:00,17000,6996,6983,6984,6994,6997,6984,6985,6996,6996.5,6983.5,6984.5,6995.0
2025-09-10 01:05:00,13400,6999,6990,6994,6990,7000,6991,6996,6991,6999.5,6990.5,6995.0,6990.5
2025-09-10 01:10:00,5100,6991,6988,6990,6990,6993,6989,6991,6991,6992.0,6988.5,6990.5,6990.5
2025-09-10 01:15:00,8500,6991,6984,6990,6985,6992,6985,6992,6986,6991.5,6984.5,6991.0,6985.5
2025-09-10 01:20:00,7800,6985,6979,6985,6981,6986,6980,6986,6982,6985.5,6979.5,6985.5,6981.5
2025-09-10 01:25:00,5400,6987,6978,6981,6986,6988,6980,6982,6988,6987.5,6979.0,6981.5,6987.0
2025-09-10 01:30:00,7200,6989,6984,6986,6985,6990,6985,6988,6986,6989.5,6984.5,6987.0,6985.5
2025-09-10 01:35:00,4600,6986,6980,6985,6980,6987,6981,6986,6981,6986.5,6980.5,6985.5,6980.5
2025-09-10 01:40:00,7700,6982,6972,6980,6972,6983,6973,6981,6973,6982.5,6972.5,6980.5,6972.5
2025-09-10 01:45:00,9100,6972,6963,6972,6968,6973,6964,6973,6969,6972.5,6963.5,6972.5,6968.5
2025-09-10 01:50:00,7200,6974,6966,6968,6974,6975,6967,6969,6975,6974.5,6966.5,6968.5,6974.5
2025-09-10 01:55:00,5800,6977,6973,6974,6975,6979,6974,6975,6977,6978.0,6973.5,6974.5,6976.0
2025-09-10 02:00:00,3400,6977,6972,6975,6976,6978,6975,6977,6978,6977.5,6973.5,6976.0,6977.0
2025-09-10 02:05:00,5000,6981,6975,6976,6977,6983,6976,6978,6978,6982.0,6975.5,6977.0,6977.5
2025-09-10 02:10:00,3200,6977,6972,6977,6972,6978,6973,6978,6973,6977.5,6972.5,6977.5,6972.5
2025-09-10 02:15:00,9800,6974,6965,6972,6966,6976,6966,6973,6967,6975.0,6965.5,6972.5,6966.5
2025-09-10 02:20:00,6200,6972,6966,6966,6972,6975,6967,6967,6973,6973.5,6966.5,6966.5,6972.5
2025-09-10 02:25:00,5800,6975,6971,6972,6971,6977,6973,6973,6973,6976.0,6972.0,6972.5,6972.0
2025-09-10 02:30:00,2900,6971,6971,6971,6971,6975,6975,6975,6975,6973.0,6973.0,6973.0,6973.0
2025-09-10 03:30:00,31300,6991,6972,6986,6974,6993,6974,6987,6975,6992.0,6973.0,6986.5,6974.5
2025-09-10 03:35:00,12600,6975,6970,6974,6971,6976,6972,6975,6972,6975.5,6971.0,6974.5,6971.5
2025-09-10 03:40:00,12000,6971,6965,6971,6968,6972,6966,6972,6970,6971.5,6965.5,6971.5,6969.0
2025-09-10 03:45:00,8000,6969,6963,6968,6965,6970,6964,6970,6966,6969.5,6963.5,6969.0,6965.5
2025-09-10 03:50:00,11600,6966,6960,6965,6966,6967,6961,6966,6967,6966.5,6960.5,6965.5,6966.5
2025-09-10 03:55:00,12200,6971,6960,6966,6971,6972,6961,6967,6972,6971.5,6960.5,6966.5,6971.5
2025-09-10 04:00:00,8900,6975,6970,6971,6970,6976,6971,6972,6971,6975.5,6970.5,6971.5,6970.5
2025-09-10 04:05:00,9200,6970,6963,6970,6965,6971,6964,6971,6966,6970.5,6963.5,6970.5,6965.5
2025-09-10 04:10:00,8200,6973,6965,6965,6972,6974,6966,6966,6973,6973.5,6965.5,6965.5,6972.5
2025-09-10 04:15:00,15400,6979,6972,6972,6979,6981,6973,6973,6980,6980.0,6972.5,6972.5,6979.5
2025-09-10 04:20:00,21800,6986,6977,6979,6978,6987,6979,6980,6979,6986.5,6978.0,6979.5,6978.5
2025-09-10 04:25:00,5900,6978,6973,6978,6973,6979,6974,6979,6974,6978.5,6973.5,6978.5,6973.5
2025-09-10 04:30:00,7700,6976,6970,6973,6970,6977,6971,6974,6971,6976.5,6970.5,6973.5,6970.5
2025-09-10 04:35:00,8300,6971,6968,6970,6971,6972,6969,6971,6972,6971.5,6968.5,6970.5,6971.5
2025-09-10 04:40:00,6900,6971,6967,6971,6967,6972,6968,6972,6968,6971.5,6967.5,6971.5,6967.5
2025-09-10 04:45:00,8700,6967,6960,6967,6960,6968,6961,6968,6961,6967.5,6960.5,6967.5,6960.5
2025-09-10 04:50:00,13900,6966,6958,6960,6966,6967,6959,6961,6967,6966.5,6958.5,6960.5,6966.5
2025-09-10 04:55:00,9400,6973,6966,6966,6973,6974,6967,6967,6974,6973.5,6966.5,6966.5,6973.5
2025-09-10 05:00:00,9600,6973,6965,6973,6965,6974,6966,6974,6966,6973.5,6965.5,6973.5,6965.5
2025-09-10 05:05:00,12600,6972,6965,6965,6972,6974,6966,6966,6973,6973.0,6965.5,6965.5,6972.5
2025-09-10 05:10:00,8200,6972,6958,6972,6958,6973,6959,6973,6959,6972.5,6958.5,6972.5,6958.5
2025-09-10 05:15:00,4800,6959,6955,6958,6958,6960,6957,6959,6959,6959.5,6956.0,6958.5,6958.5
2025-09-10 05:20:00,8500,6963,6953,6958,6955,6964,6954,6959,6956,6963.5,6953.5,6958.5,6955.5
2025-09-10 05:25:00,17300,6959,6949,6955,6957,6960,6950,6956,6958,6959.5,6949.5,6955.5,6957.5
2025-09-10 05:30:00,11300,6965,6957,6957,6963,6966,6958,6958,6964,6965.5,6957.5,6957.5,6963.5
2025-09-10 05:35:00,7700,6963,6956,6963,6959,6964,6957,6964,6960,6963.5,6956.5,6963.5,6959.5
2025-09-10 05:40:00,8000,6965,6959,6959,6963,6966,6960,6960,6964,6965.5,6959.5,6959.5,6963.5
2025-09-10 05:45:00,13100,6965,6961,6963,6961,6966,6962,6964,6962,6965.5,6961.5,6963.5,6961.5
2025-09-10 05:50:00,12600,6962,6955,6961,6960,6963,6957,6962,6961,6962.5,6956.0,6961.5,6960.5
2025-09-10 05:55:00,19900,6963,6957,6960,6962,6965,6958,6961,6963,6964.0,6957.5,6960.5,6962.5
2025-09-10 06:00:00,20600,6965,6958,6962,6959,6966,6959,6963,6960,6965.5,6958.5,6962.5,6959.5
2025-09-10 06:05:00,28600,6961,6955,6959,6961,6962,6956,6960,6962,6961.5,6955.5,6959.5,6961.5
2025-09-10 06:10:00,16000,6971,6960,6961,6968,6972,6961,6962,6970,6971.5,6960.5,6961.5,6969.0
2025-09-10 06:15:00,18200,6971,6959,6968,6971,6972,6960,6970,6972,6971.5,6959.5,6969.0,6971.5
2025-09-10 06:20:00,31000,6976,6967,6971,6972,6978,6968,6972,6975,6977.0,6967.5,6971.5,6973.5
2025-09-10 06:25:00,,6968,6919,6942,6968,6969,6920,6943,6969,6968.5,6919.5,6942.5,6968.5
2025-09-10 06:30:00,528300,6968,6968,6968,6968,6973,6973,6973,6973,6970.5,6970.5,6970.5,6970.5
2025-09-11 00:00:00,162400,6960,6925,6931,6926,6963,6926,6932,6928,6961.0,6925.5,6931.5,6927.0
2025-09-11 00:05:00,42000,6939,6922,6926,6927,6940,6923,6928,6928,6939.5,6922.5,6927.0,6927.5
2025-09-11 00:10:00,70100,6932,6912,6927,6917,6933,6913,6928,6919,6932.5,6912.5,6927.5,6918.0
2025-09-11 00:15:00,32000,6939,6917,6917,6934,6940,6918,6918,6935,6939.5,6917.5,6917.5,6934.5
2025-09-11 00:20:00,18900,6934,6921,6934,6928,6935,6922,6935,6929,6934.5,6921.5,6934.5,6928.5
2025-09-11 00:25:00,21000,6932,6917,6928,6923,6933,6918,6929,6924,6932.5,6917.5,6928.5,6923.5
2025-09-11 00:30:00,29400,6930,6918,6923,6930,6931,6919,6924,6931,6930.5,6918.5,6923.5,6930.5
2025-09-11 00:35:00,17100,6938,6928,6930,6937,6939,6929,6931,6939,6938.5,6928.5,6930.5,6938.0
2025-09-11 00:40:00,19100,6941,6934,6937,6939,6942,6935,6939,6941,6941.5,6934.5,6938.0,6940.0
2025-09-11 00:45:00,12900,6940,6934,6939,6937,6941,6935,6941,6938,6940.5,6934.5,6940.0,6937.5
2025-09-11 00:50:00,12000,6937,6931,6937,6933,6938,6932,6938,6934,6937.5,6931.5,6937.5,6933.5
2025-09-11 00:55:00,16900,6939,6932,6933,6935,6940,6933,6934,6936,6939.5,6932.5,6933.5,6935.5
2025-09-11 01:00:00,28200,6947,6934,6935,6945,6948,6935,6936,6947,6947.5,6934.5,6935.5,6946.0
2025-09-11 01:05:00,19500,6951,6944,6945,6949,6952,6945,6947,6950,6951.5,6944.5,6946.0,6949.5
2025-09-11 01:10:00,8600,6954,6948,6949,6951,6955,6949,6950,6952,6954.5,6948.5,6949.5,6951.5
2025-09-11 01:15:00,14200,6952,6933,6951,6940,6953,6935,6952,6942,6952.5,6934.0,6951.5,6941.0
2025-09-11 01:20:00,17800,6941,6914,6940,6919,6942,6915,6942,6920,6941.5,6914.5,6941.0,6919.5
2025-09-11 01:25:00,19600,6921,6903,6919,6904,6922,6905,6921,6906,6921.5,6904.0,6920.0,6905.0
2025-09-11 01:30:00,11300,6912,6901,6904,6911,6913,6902,6906,6912,6912.5,6901.5,6905.0,6911.5
2025-09-11 01:35:00,9600,6919,6910,6911,6915,6920,6911,6912,6917,6919.5,6910.5,6911.5,6916.0
2025-09-11 01:40:00,8100,6924,6915,6915,6921,6926,6916,6917,6922,6925.0,6915.5,6916.0,6921.5
2025-09-11 01:45:00,14900,6931,6921,6921,6931,6932,6922,6922,6932,6931.5,6921.5,6921.5,6931.5
2025-09-11 01:50:00,9900,6945,6930,6931,6944,6946,6931,6932,6946,6945.5,6930.5,6931.5,6945.0
2025-09-11 01:55:00,11800,6950,6944,6944,6948,6951,6945,6946,6949,6950.5,6944.5,6945.0,6948.5
2025-09-11 02:00:00,9700,6950,6943,6948,6943,6951,6944,6949,6944,6950.5,6943.5,6948.5,6943.5
2025-09-11 02:05:00,6400,6943,6939,6943,6940,6944,6940,6944,6941,6943.5,6939.5,6943.5,6940.5
2025-09-11 02:10:00,7600,6944,6938,6940,6942,6945,6939,6941,6943,6944.5,6938.5,6940.5,6942.5
2025-09-11 02:15:00,9000,6951,6942,6942,6948,6952,6943,6943,6949,6951.5,6942.5,6942.5,6948.5
2025-09-11 02:20:00,11700,6950,6945,6947,6946,6952,6946,6949,6947,6951.0,6945.5,6948.0,6946.5
2025-09-11 02:25:00,9200,6949,6946,6946,6946,6950,6947,6947,6947,6949.5,6946.5,6946.5,6946.5
2025-09-11 02:30:00,6300,6945,6945,6945,6945,6947,6947,6947,6947,6946.0,6946.0,6946.0,6946.0
2025-09-11 03:30:00,38900,6960,6947,6949,6953,6961,6950,6950,6954,6960.5,6948.5,6949.5,6953.5
2025-09-11 03:35:00,13400,6954,6949,6953,6949,6956,6950,6954,6950,6955.0,6949.5,6953.5,6949.5
2025-09-11 03:40:00,13000,6953,6945,6949,6945,6954,6946,6950,6946,6953.5,6945.5,6949.5,6945.5
2025-09-11 03:45:00,13500,6951,6944,6945,6948,6952,6946,6946,6950,6951.5,6945.0,6945.5,6949.0
2025-09-11 03:50:00,8000,6951,6948,6948,6950,6952,6949,6950,6951,6951.5,6948.5,6949.0,6950.5
2025-09-11 03:55:00,9000,6951,6947,6950,6947,6952,6948,6951,6948,6951.5,6947.5,6950.5,6947.5
2025-09-11 04:00:00,12600,6949,6946,6947,6949,6950,6947,6948,6950,6949.5,6946.5,6947.5,6949.5
2025-09-11 04:05:00,10000,6954,6947,6949,6954,6955,6948,6950,6955,6954.5,6947.5,6949.5,6954.5
2025-09-11 04:10:00,13800,6955,6948,6954,6950,6957,6949,6955,6951,6956.0,6948.5,6954.5,6950.5
2025-09-11 04:15:00,12200,6953,6945,6950,6945,6954,6946,6951,6946,6953.5,6945.5,6950.5,6945.5
2025-09-11 04:20:00,10000,6946,6940,6945,6941,6948,6941,6946,6942,6947.0,6940.5,6945.5,6941.5
2025-09-11 04:25:00,15000,6941,6937,6941,6938,6942,6938,6942,6939,6941.5,6937.5,6941.5,6938.5
2025-09-11 04:30:00,7500,6945,6938,6938,6940,6946,6939,6939,6942,6945.5,6938.5,6938.5,6941.0
2025-09-11 04:35:00,12500,6941,6932,6940,6937,6942,6933,6942,6938,6941.5,6932.5,6941.0,6937.5
2025-09-11 04:40:00,7600,6939,6937,6937,6938,6941,6938,6938,6939,6940.0,6937.5,6937.5,6938.5
2025-09-11 04:45:00,6500,6939,6937,6938,6937,6940,6938,6939,6938,6939.5,6937.5,6938.5,6937.5
2025-09-11 04:50:00,15500,6940,6935,6937,6939,6941,6936,6938,6941,6940.5,6935.5,6937.5,6940.0
2025-09-11 04:55:00,8200,6941,6935,6939,6935,6943,6936,6941,6936,6942.0,6935.5,6940.0,6935.5
2025-09-11 05:00:00,13200,6937,6932,6935,6932,6938,6933,6936,6933,6937.5,6932.5,6935.5,6932.5
2025-09-11 05:05:00,12900,6935,6931,6932,6931,6936,6932,6933,6932,6935.5,6931.5,6932.5,6931.5
2025-09-11 05:10:00,27200,6932,6911,6931,6916,6933,6912,6932,6918,6932.5,6911.5,6931.5,6917.0
2025-09-11 05:15:00,27100,6925,6911,6916,6922,6928,6913,6918,6924,6926.5,6912.0,6917.0,6923.0
2025-09-11 05:20:00,11900,6934,6922,6922,6934,6935,6924,6924,6935,6934.5,6923.0,6923.0,6934.5
2025-09-11 05:25:00,13300,6944,6933,6934,6942,6945,6935,6935,6943,6944.5,6934.0,6934.5,6942.5
2025-09-11 05:30:00,19900,6951,6942,6942,6950,6952,6943,6943,6951,6951.5,6942.5,6942.5,6950.5
2025-09-11 05:35:00,18200,6955,6950,6950,6954,6956,6951,6951,6955,6955.5,6950.5,6950.5,6954.5
2025-09-11 05:40:00,12700,6956,6950,6954,6956,6957,6951,6955,6957,6956.5,6950.5,6954.5,6956.5
2025-09-11 05:45:00,13000,6956,6951,6956,6952,6957,6952,6957,6953,6956.5,6951.5,6956.5,6952.5
2025-09-11 05:50:00,23200,6961,6948,6952,6960,6962,6950,6953,6962,6961.5,6949.0,6952.5,6961.0
2025-09-11 05:55:00,19000,6960,6953,6960,6958,6962,6954,6962,6959,6961.0,6953.5,6961.0,6958.5
2025-09-11 06:00:00,58300,6964,6958,6958,6959,6965,6959,6959,6960,6964.5,6958.5,6958.5,6959.5
2025-09-11 06:05:00,32300,6972,6959,6959,6966,6974,6960,6960,6967,6973.0,6959.5,6959.5,6966.5
2025-09-11 06:10:00,18500,6970,6966,6966,6968,6971,6967,6967,6969,6970.5,6966.5,6966.5,6968.5
2025-09-11 06:15:00,23700,6968,6964,6968,6965,6969,6965,6969,6966,6968.5,6964.5,6968.5,6965.5
2025-09-11 06:20:00,22700,6966,6962,6965,6964,6967,6963,6966,6966,6966.5,6962.5,6965.5,6965.0
2025-09-11 06:25:00,,6998,6944,6969,6951,6999,6945,6970,6952,6998.5,6944.5,6969.5,6951.5
2025-09-11 06:30:00,427100,6951,6951,6951,6951,6953,6953,6953,6953,6952.0,6952.0,6952.0,6952.0
2025-09-12 00:00:00,711100,6999,6960,6999,6968,7000,6965,7000,6969,6999.5,6962.5,6999.5,6968.5
2025-09-12 00:05:00,49800,6997,6962,6968,6994,6999,6963,6969,6997,6998.0,6962.5,6968.5,6995.5
2025-09-12 00:10:00,57200,7019,6994,6994,7016,7020,6996,6997,7017,7019.5,6995.0,6995.5,7016.5
2025-09-12 00:15:00,37700,7029,7011,7016,7025,7030,7012,7017,7027,7029.5,7011.5,7016.5,7026.0
2025-09-12 00:20:00,19400,7025,7005,7025,7008,7027,7007,7027,7009,7026.0,7006.5,7026.0,7008.5
2025-09-12 00:25:00,20600,7011,7001,7008,7010,7012,7003,7009,7012,7011.5,7002.0,7008.5,7011.0
2025-09-12 00:30:00,22300,7021,7005,7010,7021,7023,7007,7012,7023,7022.0,7006.0,7011.0,7022.0
2025-09-12 00:35:00,33500,7032,7017,7021,7031,7033,7019,7023,7033,7032.5,7018.0,7022.0,7032.0
2025-09-12 00:40:00,17200,7032,7023,7031,7028,7033,7024,7033,7030,7032.5,7023.5,7032.0,7029.0
2025-09-12 00:45:00,15300,7036,7023,7028,7024,7037,7025,7030,7025,7036.5,7024.0,7029.0,7024.5
2025-09-12 00:50:00,13400,7030,7018,7024,7024,7031,7020,7025,7025,7030.5,7019.0,7024.5,7024.5
2025-09-12 00:55:00,12300,7029,7023,7024,7027,7030,7025,7025,7028,7029.5,7024.0,7024.5,7027.5
2025-09-12 01:00:00,16700,7033,7024,7027,7024,7035,7025,7028,7025,7034.0,7024.5,7027.5,7024.5
2025-09-12 01:05:00,8100,7028,7023,7024,7028,7029,7024,7025,7029,7028.5,7023.5,7024.5,7028.5
2025-09-12 01:10:00,13000,7028,7014,7028,7014,7029,7015,7029,7015,7028.5,7014.5,7028.5,7014.5
2025-09-12 01:15:00,7300,7022,7013,7014,7020,7023,7014,7015,7021,7022.5,7013.5,7014.5,7020.5
2025-09-12 01:20:00,10200,7023,7017,7020,7022,7024,7018,7021,7023,7023.5,7017.5,7020.5,7022.5
2025-09-12 01:25:00,9200,7027,7021,7022,7026,7028,7022,7023,7027,7027.5,7021.5,7022.5,7026.5
2025-09-12 01:30:00,16800,7026,7011,7026,7014,7027,7013,7027,7015,7026.5,7012.5,7026.5,7014.5
2025-09-12 01:35:00,6600,7016,7010,7014,7011,7017,7011,7015,7012,7016.5,7010.5,7014.5,7011.5
2025-09-12 01:40:00,8700,7013,7010,7011,7010,7014,7011,7012,7011,7013.5,7010.5,7011.5,7010.5
2025-09-12 01:45:00,7600,7018,7010,7010,7017,7019,7011,7011,7019,7018.5,7010.5,7010.5,7018.0
2025-09-12 01:50:00,7900,7025,7017,7017,7025,7026,7018,7019,7026,7025.5,7017.5,7018.0,7025.5
2025-09-12 01:55:00,27200,7030,7024,7025,7025,7032,7025,7026,7027,7031.0,7024.5,7025.5,7026.0
2025-09-12 02:00:00,9900,7026,7018,7025,7021,7027,7019,7027,7022,7026.5,7018.5,7026.0,7021.5
2025-09-12 02:05:00,8800,7022,7019,7021,7020,7023,7021,7022,7021,7022.5,7020.0,7021.5,7020.5
2025-09-12 02:10:00,9100,7021,7011,7020,7012,7022,7012,7021,7013,7021.5,7011.5,7020.5,7012.5
2025-09-12 02:15:00,13400,7012,7000,7012,7004,7013,7001,7013,7006,7012.5,7000.5,7012.5,7005.0
2025-09-12 02:20:00,9000,7006,6998,7004,6999,7008,7000,7006,7000,7007.0,6999.0,7005.0,6999.5
2025-09-12 02:25:00,12200,7006,6999,6999,6999,7007,7000,7000,7001,7006.5,6999.5,6999.5,7000.0
2025-09-12 02:30:00,3300,6999,6999,6999,6999,7002,7002,7002,7002,7000.5,7000.5,7000.5,7000.5
2025-09-12 03:30:00,46100,7011,7003,7005,7007,7015,7005,7010,7009,7012.0,7004.0,7007.5,7008.0
2025-09-12 03:35:00,14000,7007,7001,7007,7001,7009,7002,7008,7003,7008.0,7001.5,7007.5,7002.0
2025-09-12 03:40:00,7400,7008,6999,7001,7008,7010,7000,7003,7010,7009.0,6999.5,7002.0,7009.0
2025-09-12 03:45:00,9800,7009,7001,7008,7002,7011,7003,7010,7004,7010.0,7002.0,7009.0,7003.0
2025-09-12 03:50:00,9700,7007,7002,7002,7006,7008,7003,7004,7007,7007.5,7002.5,7003.0,7006.5
2025-09-12 03:55:00,10400,7008,7004,7006,7007,7009,7006,7007,7009,7008.5,7005.0,7006.5,7008.0
2025-09-12 04:00:00,8400,7008,7004,7007,7006,7009,7006,7009,7007,7008.5,7005.5,7008.0,7006.5
2025-09-12 04:05:00,8600,7008,7005,7006,7007,7010,7006,7007,7009,7009.0,7005.5,7006.5,7008.0
2025-09-12 04:10:00,7400,7008,7004,7007,7004,7009,7005,7009,7006,7008.5,7004.5,7008.0,7005.0
2025-09-12 04:15:00,5300,7006,7003,7004,7006,7007,7005,7006,7007,7006.5,7004.0,7005.0,7006.5
2025-09-12 04:20:00,8800,7008,7004,7006,7005,7010,7005,7007,7006,7009.0,7004.5,7006.5,7005.5
2025-09-12 04:25:00,7700,7006,7003,7005,7006,7007,7005,7006,7007,7006.5,7004.0,7005.5,7006.5
2025-09-12 04:30:00,6200,7006,7001,7006,7002,7007,7002,7007,7004,7006.5,7001.5,7006.5,7003.0
2025-09-12 04:35:00,6500,7004,7001,7002,7003,7006,7002,7004,7005,7005.0,7001.5,7003.0,7004.0
2025-09-12 04:40:00,7300,7006,7003,7003,7004,7007,7004,7004,7005,7006.5,7003.5,7003.5,7004.5
2025-09-12 04:45:00,3000,7004,7002,7004,7002,7006,7003,7005,7003,7005.0,7002.5,7004.5,7002.5
2025-09-12 04:50:00,5500,7004,7001,7002,7001,7006,7002,7003,7002,7005.0,7001.5,7002.5,7001.5
2025-09-12 04:55:00,7300,7001,6998,7001,7000,7002,6999,7002,7002,7001.5,6998.5,7001.5,7001.0
2025-09-12 05:00:00,5000,7003,7000,7000,7002,7004,7001,7002,7003,7003.5,7000.5,7001.0,7002.5
2025-09-12 05:05:00,5900,7002,6998,7002,6999,7003,6999,7003,7000,7002.5,6998.5,7002.5,6999.5
2025-09-12 05:10:00,8500,6999,6993,6999,6994,7001,6994,7000,6995,7000.0,6993.5,6999.5,6994.5
2025-09-12 05:15:00,8100,6998,6992,6993,6998,6999,6994,6995,6999,6998.5,6993.0,6994.0,6998.5
2025-09-12 05:20:00,5800,7001,6998,6998,6999,7002,6999,6999,7000,7001.5,6998.5,6998.5,6999.5
2025-09-12 05:25:00,6300,7001,6998,6999,7001,7002,6999,7000,7002,7001.5,6998.5,6999.5,7001.5
2025-09-12 05:30:00,4300,7002,6998,7001,7002,7003,6999,7002,7003,7002.5,6998.5,7001.5,7002.5
2025-09-12 05:35:00,5600,7002,7000,7002,7002,7003,7001,7003,7003,7002.5,7000.5,7002.5,7002.5
2025-09-12 05:40:00,8500,7002,6997,7002,6997,7004,6998,7003,6998,7003.0,6997.5,7002.5,6997.5
2025-09-12 05:45:00,8400,7003,6995,6997,7003,7004,6997,6998,7004,7003.5,6996.0,6997.5,7003.5
2025-09-12 05:50:00,32900,7003,6998,7003,7000,7005,6999,7004,7001,7004.0,6998.5,7003.5,7000.5
2025-09-12 05:55:00,37600,7010,6998,7000,7008,7011,7000,7001,7010,7010.5,6999.0,7000.5,7009.0
2025-09-12 06:00:00,37700,7008,6991,7008,7000,7010,6992,7010,7001,7009.0,6991.5,7009.0,7000.5
2025-09-12 06:05:00,15700,7001,6996,7000,7000,7003,6997,7001,7001,7002.0,6996.5,7000.5,7000.5
2025-09-12 06:10:00,16200,7000,6991,7000,6991,7001,6992,7001,6992,7000.5,6991.5,7000.5,6991.5
2025-09-12 06:15:00,26400,6994,6988,6991,6992,6996,6989,6992,6993,6995.0,6988.5,6991.5,6992.5
2025-09-12 06:20:00,27100,6994,6982,6992,6984,6996,6983,6993,6986,6994.5,6982.5,6992.5,6985.0
2025-09-12 06:25:00,,7044,6986,7044,6994,7045,6987,7045,6995,7044.5,6986.5,7044.5,6994.5
2025-09-12 06:30:00,497400,6986,6986,6986,6986,6995,6995,6995,6995,6990.5,6990.5,6990.5,6990.5
2025-09-16 00:00:00,270600,7040,6996,6997,7017,7045,6997,6998,7019,7041.0,6996.5,6997.5,7018.0
2025-09-16 00:05:00,41800,7020,7002,7017,7005,7022,7003,7019,7006,7021.0,7002.5,7018.0,7005.5
2025-09-16 00:10:00,32400,7007,6995,7005,7001,7008,6997,7006,7002,7007.5,6996.0,7005.5,7001.5
2025-09-16 00:15:00,22600,7002,6988,7001,6998,7003,6989,7002,6999,7002.5,6988.5,7001.5,6998.5
2025-09-16 00:20:00,17900,6998,6984,6998,6988,6999,6985,6999,6990,6998.5,6984.5,6998.5,6989.0
2025-09-16 00:25:00,16100,6999,6985,6988,6995,7000,6987,6990,6997,6999.5,6986.0,6989.0,6996.0
2025-09-16 00:30:00,15600,6997,6985,6995,6994,6998,6986,6997,6995,6997.5,6985.5,6996.0,6994.5
2025-09-16 00:35:00,22900,7003,6994,6994,6998,7005,6995,6995,6999,7003.5,6994.5,6994.5,6998.5
2025-09-16 00:40:00,11800,7002,6988,6998,6989,7003,6989,6999,6990,7002.5,6988.5,6998.5,6989.5
2025-09-16 00:45:00,12400,6996,6987,6989,6993,6998,6988,6990,6994,6997.0,6987.5,6989.5,6993.5
2025-09-16 00:50:00,29600,6995,6979,6993,6986,6997,6980,6994,6987,6996.0,6979.5,6993.5,6986.5
2025-09-16 00:55:00,14600,6992,6979,6986,6988,6993,6980,6987,6989,6992.5,6979.5,6986.5,6988.5
2025-09-16 01:00:00,14900,6993,6980,6988,6985,6994,6982,6989,6987,6993.5,6981.0,6988.5,6986.0
2025-09-16 01:05:00,9100,6988,6980,6985,6984,6990,6982,6987,6985,6989.0,6981.0,6986.0,6984.5
2025-09-16 01:10:00,9200,6996,6984,6984,6994,6997,6985,6985,6995,6996.5,6984.5,6984.5,6994.5
2025-09-16 01:15:00,11200,7001,6990,6994,7001,7002,6992,6995,7002,7001.5,6991.0,6994.5,7001.5
2025-09-16 01:20:00,11700,7006,6997,7001,7006,7007,6998,7002,7007,7006.5,6997.5,7001.5,7006.5
2025-09-16 01:25:00,8400,7005,6998,7005,7003,7007,7000,7007,7004,7006.0,6999.0,7006.0,7003.5
2025-09-16 01:30:00,14200,7009,7001,7003,7007,7010,7002,7004,7008,7009.5,7001.5,7003.5,7007.5
2025-09-16 01:35:00,12100,7016,7003,7007,7015,7017,7005,7008,7016,7016.5,7004.0,7007.5,7015.5
2025-09-16 01:40:00,7500,7016,7009,7015,7016,7017,7010,7016,7017,7016.5,7009.5,7015.5,7016.5
2025-09-16 01:45:00,18000,7018,7012,7016,7018,7020,7014,7017,7019,7019.0,7013.0,7016.5,7018.5
2025-09-16 01:50:00,10900,7019,7011,7018,7013,7020,7012,7019,7015,7019.5,7011.5,7018.5,7014.0
2025-09-16 01:55:00,12600,7019,7013,7013,7017,7020,7015,7015,7018,7019.5,7014.0,7014.0,7017.5
2025-09-16 02:00:00,9800,7018,7012,7017,7013,7020,7013,7018,7014,7019.0,7012.5,7017.5,7013.5
2025-09-16 02:05:00,7500,7019,7013,7013,7018,7021,7014,7014,7019,7019.5,7013.5,7013.5,7018.5
2025-09-16 02:10:00,5100,7018,7016,7018,7016,7019,7017,7019,7017,7018.5,7016.5,7018.5,7016.5
2025-09-16 02:15:00,13700,7018,7008,7016,7008,7019,7009,7017,7009,7018.5,7008.5,7016.5,7008.5
2025-09-16 02:20:00,11600,7008,7003,7008,7003,7009,7004,7009,7004,7008.5,7003.5,7008.5,7003.5
2025-09-16 02:25:00,9200,7005,6997,7003,6997,7006,6999,7004,6999,7005.5,6998.0,7003.5,6998.0
2025-09-16 02:30:00,300,6997,6997,6997,6997,6999,6999,6999,6999,6998.0,6998.0,6998.0,6998.0
2025-09-16 03:30:00,44600,7019,7006,7009,7014,7020,7009,7010,7015,7019.5,7008.0,7009.5,7014.5
2025-09-16 03:35:00,13400,7016,7008,7014,7008,7017,7009,7015,7009,7016.5,7008.5,7014.5,7008.5
2025-09-16 03:40:00,10800,7009,7004,7008,7005,7010,7005,7009,7006,7009.5,7004.5,7008.5,7005.5
2025-09-16 03:45:00,12000,7008,7001,7005,7003,7009,7002,7006,7004,7008.5,7001.5,7005.5,7003.5
2025-09-16 03:50:00,10200,7007,7001,7003,7005,7009,7002,7004,7006,7008.0,7001.5,7003.5,7005.5
2025-09-16 03:55:00,4100,7006,7004,7005,7006,7007,7005,7006,7007,7006.5,7004.5,7005.5,7006.5
2025-09-16 04:00:00,8200,7008,7005,7006,7008,7009,7006,7007,7009,7008.5,7005.5,7006.5,7008.5
2025-09-16 04:05:00,11400,7008,7005,7008,7007,7010,7006,7009,7008,7009.0,7005.5,7008.5,7007.5
2025-09-16 04:10:00,6400,7008,7005,7007,7007,7009,7006,7008,7008,7008.5,7005.5,7007.5,7007.5
2025-09-16 04:15:00,15900,7009,7000,7007,7009,7010,7001,7008,7010,7009.5,7000.5,7007.5,7009.5
2025-09-16 04:20:00,19400,7012,7008,7009,7008,7013,7009,7010,7009,7012.5,7008.5,7009.5,7008.5
2025-09-16 04:25:00,6300,7009,7006,7008,7008,7010,7007,7009,7009,7009.5,7006.5,7008.5,7008.5
2025-09-16 04:30:00,3700,7008,7005,7008,7005,7009,7006,7009,7006,7008.5,7005.5,7008.5,7005.5
2025-09-16 04:35:00,12600,7011,7004,7005,7009,7012,7005,7006,7010,7011.5,7004.5,7005.5,7009.5
2025-09-16 04:40:00,13600,7013,7009,7009,7013,7014,7010,7010,7014,7013.5,7009.5,7009.5,7013.5
2025-09-16 04:45:00,20700,7016,7012,7013,7015,7018,7013,7014,7016,7017.0,7012.5,7013.5,7015.5
2025-09-16 04:50:00,8700,7015,7012,7015,7012,7016,7013,7016,7013,7015.5,7012.5,7015.5,7012.5
2025-09-16 04:55:00,7900,7015,7012,7012,7013,7016,7013,7013,7014,7015.5,7012.5,7012.5,7013.5
2025-09-16 05:00:00,10900,7013,7011,7013,7013,7015,7012,7014,7014,7014.0,7011.5,7013.5,7013.5
2025-09-16 05:05:00,7500,7013,7008,7013,7008,7014,7009,7014,7009,7013.5,7008.5,7013.5,7008.5
2025-09-16 05:10:00,29300,7017,7008,7008,7016,7018,7009,7009,7017,7017.5,7008.5,7008.5,7016.5
2025-09-16 05:15:00,6100,7017,7015,7016,7015,7018,7016,7017,7016,7017.5,7015.5,7016.5,7015.5
2025-09-16 05:20:00,4400,7015,7015,7015,7015,7016,7016,7016,7016,7015.5,7015.5,7015.5,7015.5
2025-09-16 05:25:00,20500,7018,7013,7015,7017,7019,7014,7016,7018,7018.5,7013.5,7015.5,7017.5
2025-09-16 05:30:00,24800,7018,7012,7017,7013,7019,7014,7018,7014,7018.5,7013.0,7017.5,7013.5
2025-09-16 05:35:00,17700,7013,7003,7013,7006,7014,7005,7014,7008,7013.5,7004.0,7013.5,7007.0
2025-09-16 05:40:00,7800,7008,7005,7006,7008,7009,7006,7008,7009,7008.5,7005.5,7007.0,7008.5
2025-09-16 05:45:00,21600,7010,7006,7008,7010,7011,7007,7009,7011,7010.5,7006.5,7008.5,7010.5
2025-09-16 05:50:00,11700,7012,7009,7010,7010,7013,7010,7011,7011,7012.5,7009.5,7010.5,7010.5
2025-09-16 05:55:00,19000,7012,7009,7010,7010,7013,7010,7011,7011,7012.5,7009.5,7010.5,7010.5
2025-09-16 06:00:00,21800,7014,7008,7010,7013,7015,7009,7011,7014,7014.5,7008.5,7010.5,7013.5
2025-09-16 06:05:00,21600,7013,7006,7013,7008,7014,7007,7014,7009,7013.5,7006.5,7013.5,7008.5
2025-09-16 06:10:00,31300,7008,7002,7008,7004,7009,7003,7009,7005,7008.5,7002.5,7008.5,7004.5
2025-09-16 06:15:00,20100,7008,7003,7004,7005,7009,7004,7005,7006,7008.5,7003.5,7004.5,7005.5
2025-09-16 06:20:00,27000,7008,7004,7005,7008,7010,7005,7006,7010,7009.0,7004.5,7005.5,7009.0
2025-09-16 06:25:00,,7013,6946,6958,7011,7014,6947,6959,7012,7013.5,6946.5,6958.5,7011.5
2025-09-16 06:30:00,445400,7009,7009,7009,7009,7012,7012,7012,7012,7010.5,7010.5,7010.5,7010.5
2025-09-17 00:00:00,163400,7048,6996,7017,7021,7050,6999,7018,7024,7048.5,6997.5,7017.5,7022.5
2025-09-17 00:05:00,46100,7035,7016,7021,7023,7036,7017,7024,7025,7035.5,7016.5,7022.5,7024.0
2025-09-17 00:10:00,35500,7038,7023,7023,7026,7039,7024,7025,7028,7038.5,7023.5,7024.0,7027.0
2025-09-17 00:15:00,31300,7028,7012,7026,7018,7029,7013,7028,7019,7028.5,7012.5,7027.0,7018.5
2025-09-17 00:20:00,18800,7030,7017,7018,7022,7032,7018,7019,7024,7031.0,7017.5,7018.5,7023.0
2025-09-17 00:25:00,30200,7030,7013,7022,7014,7032,7014,7024,7015,7030.5,7013.5,7023.0,7014.5
2025-09-17 00:30:00,22700,7014,6996,7014,6998,7015,6997,7015,7000,7014.5,6996.5,7014.5,6999.0
2025-09-17 00:35:00,17900,6999,6991,6998,6995,7002,6993,7000,6996,7000.5,6992.0,6999.0,6995.5
2025-09-17 00:40:00,12800,6998,6990,6995,6997,6999,6991,6996,6998,6998.5,6990.5,6995.5,6997.5
2025-09-17 00:45:00,16800,7002,6990,6997,7001,7003,6991,6998,7003,7002.5,6990.5,6997.5,7002.0
2025-09-17 00:50:00,13600,7011,6999,7001,7008,7012,7000,7003,7009,7011.5,6999.5,7002.0,7008.5
2025-09-17 00:55:00,17000,7019,7008,7008,7010,7020,7009,7009,7011,7019.5,7008.5,7008.5,7010.5
2025-09-17 01:00:00,23000,7024,7010,7010,7015,7025,7011,7011,7016,7024.5,7010.5,7010.5,7015.5
2025-09-17 01:05:00,10000,7021,7013,7015,7014,7022,7014,7016,7016,7021.5,7013.5,7015.5,7015.0
2025-09-17 01:10:00,9100,7018,7008,7014,7011,7019,7010,7016,7013,7018.5,7009.0,7015.0,7012.0
2025-09-17 01:15:00,8400,7019,7009,7011,7017,7020,7010,7013,7018,7019.5,7009.5,7012.0,7017.5
2025-09-17 01:20:00,11600,7017,7010,7017,7015,7018,7011,7018,7016,7017.5,7010.5,7017.5,7015.5
2025-09-17 01:25:00,10500,7015,7012,7015,7012,7017,7013,7016,7013,7016.0,7012.5,7015.5,7012.5
2025-09-17 01:30:00,12900,7015,7005,7012,7010,7016,7006,7013,7011,7015.5,7005.5,7012.5,7010.5
2025-09-17 01:35:00,5200,7012,7010,7010,7012,7013,7011,7011,7013,7012.5,7010.5,7010.5,7012.5
2025-09-17 01:40:00,14000,7015,7007,7012,7010,7016,7008,7013,7011,7015.5,7007.5,7012.5,7010.5
2025-09-17 01:45:00,11200,7011,6999,7010,7003,7012,7000,7011,7005,7011.5,6999.5,7010.5,7004.0
2025-09-17 01:50:00,7800,7008,7003,7003,7008,7009,7005,7005,7009,7008.5,7004.0,7004.0,7008.5
2025-09-17 01:55:00,13100,7011,7004,7008,7005,7012,7006,7009,7006,7011.5,7005.0,7008.5,7005.5
2025-09-17 02:00:00,7200,7006,7003,7005,7003,7007,7004,7006,7004,7006.5,7003.5,7005.5,7003.5
2025-09-17 02:05:00,7400,7004,7001,7003,7002,7005,7002,7004,7003,7004.5,7001.5,7003.5,7002.5
2025-09-17 02:10:00,15500,7006,6996,7002,7006,7007,6998,7003,7007,7006.5,6997.0,7002.5,7006.5
2025-09-17 02:15:00,11200,7006,6996,7006,6996,7007,6997,7007,6997,7006.5,6996.5,7006.5,6996.5
2025-09-17 02:20:00,19800,7002,6993,6996,7002,7003,6995,6997,7003,7002.5,6994.0,6996.5,7002.5
2025-09-17 02:25:00,23000,7004,6996,7002,7002,7005,6997,7003,7004,7004.5,6996.5,7002.5,7003.0
2025-09-17 02:30:00,900,7002,7002,7002,7002,7004,7004,7004,7004,7003.0,7003.0,7003.0,7003.0
2025-09-17 03:30:00,37900,7000,6992,6997,6997,7004,6993,6998,6998,7001.0,6992.5,6997.5,6997.5
2025-09-17 03:35:00,15500,6999,6997,6997,6998,7000,6998,6998,6999,6999.5,6997.5,6997.5,6998.5
2025-09-17 03:40:00,22900,7002,6991,6998,6994,7003,6993,6999,6995,7002.5,6992.0,6998.5,6994.5
2025-09-17 03:45:00,15300,6995,6990,6994,6993,6996,6991,6995,6994,6995.5,6990.5,6994.5,6993.5
2025-09-17 03:50:00,7900,6995,6992,6993,6995,6996,6993,6994,6996,6995.5,6992.5,6993.5,6995.5
2025-09-17 03:55:00,18000,7000,6995,6995,6997,7001,6996,6996,6998,7000.5,6995.5,6995.5,6997.5
2025-09-17 04:00:00,21400,6997,6987,6997,6989,6998,6988,6998,6990,6997.5,6987.5,6997.5,6989.5
2025-09-17 04:05:00,12300,6989,6984,6989,6984,6990,6985,6990,6985,6989.5,6984.5,6989.5,6984.5
2025-09-17 04:10:00,13500,6984,6976,6984,6976,6985,6977,6985,6977,6984.5,6976.5,6984.5,6976.5
2025-09-17 04:15:00,11500,6976,6971,6976,6974,6977,6972,6977,6975,6976.5,6971.5,6976.5,6974.5
2025-09-17 04:20:00,12200,6979,6974,6974,6978,6980,6975,6975,6979,6979.5,6974.5,6974.5,6978.5
2025-09-17 04:25:00,9600,6978,6974,6978,6974,6979,6975,6979,6975,6978.5,6974.5,6978.5,6974.5
2025-09-17 04:30:00,13000,6978,6974,6974,6978,6979,6975,6975,6979,6978.5,6974.5,6974.5,6978.5
2025-09-17 04:35:00,26300,6994,6978,6978,6989,6995,6979,6979,6990,6994.5,6978.5,6978.5,6989.5
2025-09-17 04:40:00,4200,6989,6986,6989,6988,6990,6987,6990,6989,6989.5,6986.5,6989.5,6988.5
2025-09-17 04:45:00,17800,6990,6984,6988,6985,6991,6986,6989,6986,6990.5,6985.0,6988.5,6985.5
2025-09-17 04:50:00,10200,6988,6984,6985,6988,6989,6986,6986,6989,6988.5,6985.0,6985.5,6988.5
2025-09-17 04:55:00,4200,6988,6987,6988,6987,6989,6988,6989,6988,6988.5,6987.5,6988.5,6987.5
2025-09-17 05:00:00,11100,6990,6987,6987,6987,6991,6988,6988,6988,6990.5,6987.5,6987.5,6987.5
2025-09-17 05:05:00,21800,6992,6986,6987,6991,6993,6987,6988,6992,6992.5,6986.5,6987.5,6991.5
2025-09-17 05:10:00,8700,6994,6989,6991,6989,6995,6990,6992,6990,6994.5,6989.5,6991.5,6989.5
2025-09-17 05:15:00,8000,6991,6988,6989,6989,6992,6989,6990,6990,6991.5,6988.5,6989.5,6989.5
2025-09-17 05:20:00,12000,6991,6988,6989,6988,6992,6989,6990,6989,6991.5,6988.5,6989.5,6988.5
2025-09-17 05:25:00,8900,6991,6988,6988,6988,6992,6989,6989,6990,6991.5,6988.5,6988.5,6989.0
2025-09-17 05:30:00,11100,6989,6983,6988,6983,6990,6985,6990,6985,6989.5,6984.0,6989.0,6984.0
2025-09-17 05:35:00,8000,6985,6980,6983,6981,6986,6982,6985,6983,6985.5,6981.0,6984.0,6982.0
2025-09-17 05:40:00,10500,6984,6979,6981,6983,6985,6980,6983,6984,6984.5,6979.5,6982.0,6983.5
2025-09-17 05:45:00,12600,6985,6980,6983,6985,6986,6982,6984,6986,6985.5,6981.0,6983.5,6985.5
2025-09-17 05:50:00,13700,6992,6983,6985,6990,6993,6984,6986,6991,6992.5,6983.5,6985.5,6990.5
2025-09-17 05:55:00,14400,6994,6988,6990,6990,6995,6989,6991,6991,6994.5,6988.5,6990.5,6990.5
2025-09-17 06:00:00,23000,6993,6987,6990,6989,6994,6988,6991,6990,6993.5,6987.5,6990.5,6989.5
2025-09-17 06:05:00,26600,6996,6989,6989,6996,6997,6990,6990,6997,6996.5,6989.5,6989.5,6996.5
2025-09-17 06:10:00,32500,7000,6990,6996,6997,7001,6991,6997,6998,7000.5,6990.5,6996.5,6997.5
2025-09-17 06:15:00,26700,6997,6990,6997,6994,6998,6991,6998,6995,6997.5,6990.5,6997.5,6994.5
2025-09-17 06:20:00,23100,6997,6987,6994,6988,6999,6989,6995,6990,6998.0,6988.0,6994.5,6989.0
2025-09-17 06:25:00,,7034,6970,7029,6982,7035,6971,7030,6983,7034.5,6970.5,7029.5,6982.5
2025-09-17 06:30:00,339600,6982,6982,6982,6982,6990,6990,6990,6990,6986.0,6986.0,6986.0,6986.0
2025-09-18 00:00:00,131900,7021,6960,7012,6971,7023,6961,7012,6972,7022.0,6960.5,7012.0,6971.5
2025-09-18 00:05:00,36100,6995,6971,6971,6992,6996,6973,6973,6994,6995.5,6972.0,6972.0,6993.0
2025-09-18 00:10:00,25300,6992,6973,6992,6980,6995,6974,6994,6981,6993.5,6973.5,6993.0,6980.5
2025-09-18 00:15:00,18100,6983,6970,6980,6971,6984,6972,6981,6973,6983.5,6971.0,6980.5,6972.0
2025-09-18 00:20:00,25400,6975,6964,6971,6967,6976,6965,6973,6968,6975.5,6964.5,6972.0,6967.5
2025-09-18 00:25:00,13600,6972,6960,6967,6969,6973,6961,6968,6971,6972.5,6960.5,6967.5,6970.0
2025-09-18 00:30:00,23500,6988,6966,6969,6986,6989,6968,6971,6988,6988.5,6967.5,6970.0,6987.0
2025-09-18 00:35:00,10400,6990,6984,6986,6988,6991,6985,6988,6989,6990.5,6984.5,6987.0,6988.5
2025-09-18 00:40:00,9400,6989,6985,6988,6986,6990,6986,6989,6988,6989.5,6985.5,6988.5,6987.0
2025-09-18 00:45:00,8900,6988,6977,6986,6981,6989,6979,6988,6982,6988.5,6978.0,6987.0,6981.5
2025-09-18 00:50:00,10300,6983,6974,6981,6976,6984,6976,6982,6978,6983.5,6975.0,6981.5,6977.0
2025-09-18 00:55:00,5500,6981,6976,6976,6981,6982,6978,6978,6982,6981.5,6977.0,6977.0,6981.5
2025-09-18 01:00:00,20200,7000,6981,6981,6998,7001,6982,6982,6999,7000.5,6981.5,6981.5,6998.5
2025-09-18 01:05:00,14700,7009,6998,6998,7009,7010,6999,6999,7010,7009.5,6998.5,6998.5,7009.5
2025-09-18 01:10:00,20200,7013,7008,7009,7010,7014,7009,7010,7011,7013.5,7008.5,7009.5,7010.5
2025-09-18 01:15:00,9500,7013,7005,7010,7006,7014,7007,7011,7007,7013.5,7006.5,7010.5,7006.5
2025-09-18 01:20:00,6700,7006,7002,7006,7004,7007,7003,7007,7005,7006.5,7002.5,7006.5,7004.5
2025-09-18 01:25:00,7900,7004,6993,7004,6996,7005,6994,7005,6997,7004.5,6993.5,7004.5,6996.5
2025-09-18 01:30:00,9900,6999,6992,6996,6994,7000,6993,6997,6995,6999.5,6992.5,6996.5,6994.5
2025-09-18 01:35:00,6500,6997,6992,6994,6995,6998,6993,6995,6997,6997.5,6992.5,6994.5,6996.0
2025-09-18 01:40:00,7100,6997,6994,6995,6995,6998,6995,6997,6996,6997.5,6994.5,6996.0,6995.5
2025-09-18 01:45:00,6500,6998,6995,6995,6996,6999,6996,6996,6997,6998.5,6995.5,6995.5,6996.5
2025-09-18 01:50:00,8800,6996,6992,6996,6995,6997,6993,6997,6996,6996.5,6992.5,6996.5,6995.5
2025-09-18 01:55:00,8500,7001,6994,6995,6999,7002,6995,6996,7000,7001.5,6994.5,6995.5,6999.5
2025-09-18 02:00:00,9600,7003,6997,6999,6998,7004,6998,7000,6999,7003.5,6997.5,6999.5,6998.5
2025-09-18 02:05:00,8300,7000,6994,6998,6995,7001,6995,6999,6996,7000.5,6994.5,6998.5,6995.5
2025-09-18 02:10:00,7900,7003,6995,6995,7003,7004,6996,6996,7004,7003.5,6995.5,6995.5,7003.5
2025-09-18 02:15:00,6200,7004,7000,7003,7000,7005,7001,7004,7001,7004.5,7000.5,7003.5,7000.5
2025-09-18 02:20:00,7100,7004,6999,7000,7001,7005,7001,7001,7002,7004.5,7000.0,7000.5,7001.5
2025-09-18 02:25:00,10900,7002,6994,7001,6994,7003,6996,7002,6998,7002.5,6995.5,7001.5,6996.0
2025-09-18 02:30:00,1000,6994,6994,6994,6994,6998,6998,6998,6998,6996.0,6996.0,6996.0,6996.0
2025-09-18 03:30:00,29400,7003,6993,6997,6997,7004,6997,6998,6999,7003.5,6995.0,6997.5,6998.0
2025-09-18 03:35:00,16000,7002,6990,6997,7000,7003,6991,6999,7002,7002.5,6990.5,6998.0,7001.0
2025-09-18 03:40:00,8700,7000,6992,7000,6993,7002,6994,7002,6995,7001.0,6993.0,7001.0,6994.0
2025-09-18 03:45:00,9300,6995,6991,6993,6993,6996,6993,6995,6994,6995.5,6992.0,6994.0,6993.5
2025-09-18 03:50:00,9700,6993,6990,6993,6992,6994,6991,6994,6993,6993.5,6990.5,6993.5,6992.5
2025-09-18 03:55:00,8200,6992,6981,6992,6981,6993,6983,6993,6983,6992.5,6982.0,6992.5,6982.0
2025-09-18 04:00:00,6600,6985,6980,6981,6985,6986,6981,6983,6986,6985.5,6980.5,6982.0,6985.5
2025-09-18 04:05:00,9300,6986,6983,6985,6984,6987,6984,6986,6985,6986.5,6983.5,6985.5,6984.5
2025-09-18 04:10:00,8300,6989,6984,6984,6987,6990,6985,6985,6988,6989.5,6984.5,6984.5,6987.5
2025-09-18 04:15:00,5800,6987,6983,6987,6983,6988,6984,6988,6985,6987.5,6983.5,6987.5,6984.0
2025-09-18 04:20:00,7600,6984,6980,6983,6980,6985,6981,6985,6981,6984.5,6980.5,6984.0,6980.5
2025-09-18 04:25:00,10700,6981,6977,6980,6981,6982,6978,6981,6982,6981.5,6977.5,6980.5,6981.5
2025-09-18 04:30:00,7700,6982,6979,6981,6979,6983,6980,6982,6980,6982.5,6979.5,6981.5,6979.5
2025-09-18 04:35:00,8900,6983,6978,6979,6983,6984,6979,6980,6984,6983.5,6978.5,6979.5,6983.5
2025-09-18 04:40:00,7400,6990,6983,6983,6990,6992,6984,6984,6992,6991.0,6983.5,6983.5,6991.0
2025-09-18 04:45:00,5000,6991,6987,6990,6987,6992,6988,6992,6988,6991.5,6987.5,6991.0,6987.5
2025-09-18 04:50:00,11200,6993,6987,6987,6992,6994,6988,6988,6993,6993.5,6987.5,6987.5,6992.5
2025-09-18 04:55:00,8000,6993,6989,6992,6992,6994,6991,6993,6993,6993.5,6990.0,6992.5,6992.5
2025-09-18 05:00:00,13700,6998,6991,6991,6996,6999,6992,6993,6998,6998.5,6991.5,6992.0,6997.0
2025-09-18 05:05:00,4000,6997,6993,6996,6993,6998,6994,6998,6994,6997.5,6993.5,6997.0,6993.5
2025-09-18 05:10:00,10700,6993,6987,6993,6988,6994,6988,6994,6989,6993.5,6987.5,6993.5,6988.5
2025-09-18 05:15:00,7900,6992,6987,6988,6988,6993,6988,6989,6989,6992.5,6987.5,6988.5,6988.5
2025-09-18 05:20:00,5800,6989,6987,6988,6987,6990,6988,6989,6989,6989.5,6987.5,6988.5,6988.0
2025-09-18 05:25:00,8300,6987,6983,6987,6985,6989,6984,6989,6986,6988.0,6983.5,6988.0,6985.5
2025-09-18 05:30:00,6800,6987,6982,6985,6984,6988,6983,6986,6985,6987.5,6982.5,6985.5,6984.5
2025-09-18 05:35:00,6900,6986,6982,6984,6986,6987,6983,6985,6987,6986.5,6982.5,6984.5,6986.5
2025-09-18 05:40:00,8800,6986,6982,6986,6984,6987,6983,6987,6985,6986.5,6982.5,6986.5,6984.5
2025-09-18 05:45:00,4900,6985,6983,6984,6983,6986,6984,6985,6984,6985.5,6983.5,6984.5,6983.5
2025-09-18 05:50:00,10600,6988,6983,6983,6986,6989,6984,6984,6987,6988.5,6983.5,6983.5,6986.5
2025-09-18 05:55:00,6900,6988,6986,6986,6988,6989,6987,6987,6989,6988.5,6986.5,6986.5,6988.5
2025-09-18 06:00:00,24100,6989,6979,6988,6982,6990,6980,6989,6983,6989.5,6979.5,6988.5,6982.5
2025-09-18 06:05:00,20900,6991,6982,6982,6991,6992,6983,6983,6992,6991.5,6982.5,6982.5,6991.5
2025-09-18 06:10:00,21000,6991,6983,6991,6987,6992,6985,6992,6988,6991.5,6984.0,6991.5,6987.5
2025-09-18 06:15:00,34200,6992,6985,6987,6992,6993,6986,6988,6993,6992.5,6985.5,6987.5,6992.5
2025-09-18 06:20:00,24700,6996,6990,6992,6995,6997,6991,6993,6997,6996.5,6990.5,6992.5,6996.0
2025-09-18 06:25:00,,6992,6934,6963,6990,6993,6935,6964,6991,6992.5,6934.5,6963.5,6990.5
2025-09-18 06:30:00,433200,6990,6990,6990,6990,6995,6995,6995,6995,6992.5,6992.5,6992.5,6992.5
2025-09-19 00:00:00,220500,7043,7000,7015,7032,7045,7012,7016,7033,7044.0,7011.5,7015.5,7032.5
2025-09-19 00:05:00,178700,7067,7030,7032,7063,7068,7031,7033,7065,7067.5,7030.5,7032.5,7064.0
2025-09-19 00:10:00,39800,7068,7057,7063,7063,7070,7060,7065,7065,7069.0,7058.5,7064.0,7064.0
2025-09-19 00:15:00,35800,7068,7059,7063,7061,7069,7060,7065,7063,7068.5,7059.5,7064.0,7062.0
2025-09-19 00:20:00,20200,7066,7055,7061,7066,7067,7056,7063,7067,7066.5,7055.5,7062.0,7066.5
2025-09-19 00:25:00,44400,7076,7066,7066,7076,7077,7067,7067,7077,7076.5,7066.5,7066.5,7076.5
2025-09-19 00:30:00,31100,7077,7059,7076,7064,7078,7060,7077,7066,7077.5,7059.5,7076.5,7065.0
2025-09-19 00:35:00,11900,7067,7060,7064,7063,7069,7062,7066,7064,7068.0,7061.0,7065.0,7063.5
2025-09-19 00:40:00,7600,7066,7059,7063,7059,7068,7060,7064,7061,7067.0,7059.5,7063.5,7060.0
2025-09-19 00:45:00,9200,7061,7057,7059,7059,7062,7058,7061,7061,7061.5,7057.5,7060.0,7060.0
2025-09-19 00:50:00,15300,7064,7059,7059,7063,7066,7061,7061,7064,7065.0,7060.0,7060.0,7063.5
2025-09-19 00:55:00,7300,7065,7061,7063,7061,7066,7062,7064,7063,7065.5,7061.5,7063.5,7062.0
2025-09-19 01:00:00,11000,7065,7059,7061,7064,7066,7060,7063,7065,7065.5,7059.5,7062.0,7064.5
2025-09-19 01:05:00,15500,7069,7064,7064,7067,7070,7065,7065,7068,7069.5,7064.5,7064.5,7067.5
2025-09-19 01:10:00,12300,7069,7061,7067,7066,7070,7064,7068,7068,7069.5,7062.5,7067.5,7067.0
2025-09-19 01:15:00,12600,7069,7062,7066,7063,7070,7064,7068,7065,7069.5,7063.0,7067.0,7064.0
2025-09-19 01:20:00,11800,7066,7063,7063,7065,7068,7064,7064,7066,7066.5,7063.5,7063.5,7065.5
2025-09-19 01:25:00,13600,7068,7062,7065,7063,7070,7063,7066,7064,7069.0,7062.5,7065.5,7063.5
2025-09-19 01:30:00,5000,7067,7063,7063,7065,7068,7064,7064,7066,7067.5,7063.5,7063.5,7065.5
2025-09-19 01:35:00,6500,7069,7064,7065,7068,7070,7065,7066,7069,7069.5,7064.5,7065.5,7068.5
2025-09-19 01:40:00,26400,7078,7066,7068,7078,7079,7067,7069,7079,7078.5,7066.5,7068.5,7078.5
2025-09-19 01:45:00,18500,7082,7077,7078,7080,7083,7078,7079,7082,7082.5,7077.5,7078.5,7081.0
2025-09-19 01:50:00,12100,7083,7079,7080,7079,7084,7080,7082,7080,7083.5,7079.5,7081.0,7079.5
2025-09-19 01:55:00,9300,7082,7077,7079,7082,7083,7078,7080,7083,7082.5,7077.5,7079.5,7082.5
2025-09-19 02:00:00,14700,7083,7073,7082,7074,7084,7074,7083,7075,7083.5,7073.5,7082.5,7074.5
2025-09-19 02:05:00,9200,7075,7071,7074,7072,7076,7072,7075,7073,7075.5,7071.5,7074.5,7072.5
2025-09-19 02:10:00,8000,7075,7072,7072,7073,7076,7073,7073,7075,7075.5,7072.5,7072.5,7074.0
2025-09-19 02:15:00,6900,7078,7073,7073,7078,7079,7075,7075,7079,7078.5,7074.0,7074.0,7078.5
2025-09-19 02:20:00,12500,7079,7075,7078,7079,7080,7076,7079,7080,7079.5,7075.5,7078.5,7079.5
2025-09-19 02:25:00,13700,7082,7079,7079,7081,7083,7080,7080,7083,7082.5,7079.5,7079.5,7082.0
2025-09-19 02:30:00,2600,7081,7081,7081,7081,7084,7084,7084,7084,7082.5,7082.5,7082.5,7082.5
2025-09-19 03:30:00,76200,7098,7081,7084,7082,7099,7083,7085,7083,7098.5,7082.0,7084.5,7082.5
2025-09-19 03:35:00,11100,7086,7081,7082,7086,7087,7082,7083,7087,7086.5,7081.5,7082.5,7086.5
2025-09-19 03:40:00,34300,7091,7072,7086,7074,7092,7073,7087,7075,7091.5,7072.5,7086.5,7074.5
2025-09-19 03:45:00,79800,7090,7060,7074,7086,7092,7066,7075,7089,7091.0,7063.5,7074.5,7087.5
2025-09-19 03:50:00,27600,7090,7074,7086,7075,7091,7077,7089,7078,7090.5,7075.5,7087.5,7076.5
2025-09-19 03:55:00,19700,7076,7062,7075,7067,7079,7063,7078,7069,7077.5,7062.5,7076.5,7068.0
2025-09-19 04:00:00,39900,7074,7051,7067,7060,7076,7052,7069,7062,7075.0,7051.5,7068.0,7061.0
2025-09-19 04:05:00,53600,7069,7050,7060,7053,7070,7051,7062,7055,7069.5,7050.5,7061.0,7054.0
2025-09-19 04:10:00,34700,7055,7042,7053,7055,7057,7044,7055,7057,7056.0,7043.5,7054.0,7056.0
2025-09-19 04:15:00,54200,7056,7037,7055,7038,7057,7039,7057,7039,7056.5,7038.0,7056.0,7038.5
2025-09-19 04:20:00,29100,7049,7037,7038,7047,7051,7038,7039,7050,7050.0,7037.5,7038.5,7048.5
2025-09-19 04:25:00,24700,7057,7036,7047,7050,7060,7037,7050,7052,7058.5,7036.5,7048.5,7051.0
2025-09-19 04:30:00,22900,7063,7042,7050,7059,7066,7043,7052,7062,7064.5,7042.5,7051.0,7060.5
2025-09-19 04:35:00,12000,7061,7051,7059,7054,7064,7052,7062,7057,7062.5,7051.5,7060.5,7055.5
2025-09-19 04:40:00,10700,7060,7054,7054,7055,7062,7055,7057,7057,7061.0,7054.5,7055.5,7056.0
2025-09-19 04:45:00,12600,7064,7050,7055,7061,7066,7051,7057,7064,7065.0,7050.5,7056.0,7062.5
2025-09-19 04:50:00,22700,7062,7047,7061,7052,7065,7049,7064,7054,7063.5,7048.0,7062.5,7053.0
2025-09-19 04:55:00,15200,7060,7051,7052,7052,7062,7053,7054,7054,7060.5,7052.0,7053.0,7053.0
2025-09-19 05:00:00,10900,7057,7051,7052,7055,7059,7052,7054,7057,7058.0,7051.5,7053.0,7056.0
2025-09-19 05:05:00,9000,7059,7053,7055,7058,7060,7054,7057,7059,7059.5,7053.5,7056.0,7058.5
2025-09-19 05:10:00,25500,7061,7054,7058,7060,7063,7055,7059,7062,7062.0,7054.5,7058.5,7061.0
2025-09-19 05:15:00,12000,7062,7059,7060,7060,7064,7060,7062,7061,7063.0,7059.5,7061.0,7060.5
2025-09-19 05:20:00,14800,7064,7058,7060,7061,7065,7059,7061,7062,7064.5,7058.5,7060.5,7061.5
2025-09-19 05:25:00,18000,7064,7059,7061,7059,7065,7060,7062,7060,7064.5,7059.5,7061.5,7059.5
2025-09-19 05:30:00,22900,7063,7052,7059,7052,7064,7053,7060,7053,7063.5,7052.5,7059.5,7052.5
2025-09-19 05:35:00,20200,7057,7045,7052,7057,7060,7047,7053,7060,7058.5,7046.0,7052.5,7058.5
2025-09-19 05:40:00,38000,7059,7036,7058,7037,7060,7037,7060,7038,7059.5,7036.5,7059.0,7037.5
2025-09-19 05:45:00,18400,7041,7033,7037,7035,7043,7034,7038,7036,7042.0,7033.5,7037.5,7035.5
2025-09-19 05:50:00,27400,7040,7031,7035,7040,7041,7032,7036,7041,7040.5,7031.5,7035.5,7040.5
2025-09-19 05:55:00,30900,7044,7024,7040,7024,7045,7025,7041,7025,7044.5,7024.5,7040.5,7024.5
2025-09-19 06:00:00,31300,7038,7023,7024,7034,7039,7024,7025,7035,7038.5,7023.5,7024.5,7034.5
2025-09-19 06:05:00,44300,7034,7025,7034,7025,7035,7026,7035,7027,7034.5,7025.5,7034.5,7026.0
2025-09-19 06:10:00,22600,7030,7023,7025,7023,7031,7024,7027,7024,7030.5,7023.5,7026.0,7023.5
2025-09-19 06:15:00,34300,7027,7020,7023,7022,7029,7022,7024,7023,7028.0,7021.0,7023.5,7022.5
2025-09-19 06:20:00,41800,7022,7010,7022,7014,7024,7013,7023,7024,7023.0,7011.5,7022.5,7019.0
2025-09-19 06:25:00,,7311,6943,7311,7019,7312,6944,7312,7020,7311.5,6943.5,7311.5,7019.5
2025-09-19 06:30:00,1738500,7017,7017,7017,7017,7025,7025,7025,7025,7021.0,7021.0,7021.0,7021.0
2025-09-22 00:00:00,173100,7095,7032,7058,7046,7097,7035,7059,7049,7096.0,7033.5,7058.5,7047.5
2025-09-22 00:05:00,38100,7058,7037,7046,7049,7059,7038,7049,7052,7058.5,7037.5,7047.5,7050.5
2025-09-22 00:10:00,33400,7076,7042,7049,7075,7077,7044,7052,7077,7076.5,7043.0,7050.5,7076.0
2025-09-22 00:15:00,24400,7089,7071,7075,7089,7090,7072,7077,7090,7089.5,7071.5,7076.0,7089.5
2025-09-22 00:20:00,19700,7091,7065,7089,7065,7092,7066,7090,7068,7091.5,7065.5,7089.5,7066.5
2025-09-22 00:25:00,13000,7076,7065,7065,7073,7078,7068,7068,7075,7077.0,7066.5,7066.5,7074.0
2025-09-22 00:30:00,12200,7074,7052,7073,7055,7076,7055,7076,7056,7075.0,7053.5,7074.5,7055.5
2025-09-22 00:35:00,19500,7061,7045,7055,7060,7062,7046,7056,7062,7061.5,7045.5,7055.5,7061.0
2025-09-22 00:40:00,10800,7068,7057,7060,7059,7070,7059,7062,7061,7069.0,7058.0,7061.0,7060.0
2025-09-22 00:45:00,7300,7059,7055,7059,7058,7061,7056,7061,7059,7060.0,7055.5,7060.0,7058.5
2025-09-22 00:50:00,11100,7060,7051,7058,7059,7061,7052,7059,7060,7060.5,7051.5,7058.5,7059.5
2025-09-22 00:55:00,14500,7059,7045,7059,7047,7060,7047,7060,7050,7059.5,7046.0,7059.5,7048.5
2025-09-22 01:00:00,12800,7059,7044,7047,7056,7060,7045,7050,7058,7059.5,7044.5,7048.5,7057.0
2025-09-22 01:05:00,8500,7067,7051,7056,7066,7068,7052,7057,7068,7067.5,7051.5,7056.5,7067.0
2025-09-22 01:10:00,5000,7075,7066,7066,7068,7077,7068,7068,7070,7076.0,7067.0,7067.0,7069.0
2025-09-22 01:15:00,9900,7072,7066,7068,7067,7074,7067,7070,7068,7073.0,7066.5,7069.0,7067.5
2025-09-22 01:20:00,14900,7075,7066,7067,7075,7076,7067,7068,7076,7075.5,7066.5,7067.5,7075.5
2025-09-22 01:25:00,10400,7076,7059,7075,7060,7077,7060,7076,7062,7076.5,7059.5,7075.5,7061.0
2025-09-22 01:30:00,9900,7061,7055,7061,7061,7062,7056,7062,7062,7061.5,7055.5,7061.5,7061.5
2025-09-22 01:35:00,9700,7064,7060,7061,7063,7065,7061,7062,7064,7064.5,7060.5,7061.5,7063.5
2025-09-22 01:40:00,15300,7078,7059,7063,7077,7079,7060,7064,7078,7078.5,7059.5,7063.5,7077.5
2025-09-22 01:45:00,7100,7079,7067,7077,7067,7080,7068,7078,7068,7079.5,7067.5,7077.5,7067.5
2025-09-22 01:50:00,9900,7073,7063,7067,7073,7074,7064,7068,7074,7073.5,7063.5,7067.5,7073.5
2025-09-22 01:55:00,5700,7073,7071,7073,7072,7074,7072,7074,7073,7073.5,7071.5,7073.5,7072.5
2025-09-22 02:00:00,9800,7076,7070,7072,7071,7077,7071,7073,7073,7076.5,7070.5,7072.5,7072.0
2025-09-22 02:05:00,6500,7072,7069,7071,7071,7073,7070,7072,7072,7072.5,7069.5,7071.5,7071.5
2025-09-22 02:10:00,7000,7076,7070,7071,7072,7077,7071,7072,7073,7076.5,7070.5,7071.5,7072.5
2025-09-22 02:15:00,5600,7077,7072,7072,7075,7078,7073,7073,7076,7077.5,7072.5,7072.5,7075.5
2025-09-22 02:20:00,7700,7078,7074,7075,7077,7079,7075,7076,7078,7078.5,7074.5,7075.5,7077.5
2025-09-22 02:25:00,15500,7077,7069,7077,7070,7078,7070,7078,7072,7077.5,7069.5,7077.5,7071.0
2025-09-22 02:30:00,4200,7070,7070,7070,7070,7073,7073,7073,7073,7071.5,7071.5,7071.5,7071.5
2025-09-22 03:30:00,39900,7084,7069,7072,7077,7085,7071,7073,7078,7084.5,7070.0,7072.5,7077.5
2025-09-22 03:35:00,8100,7078,7074,7077,7075,7079,7075,7078,7076,7078.5,7074.5,7077.5,7075.5
2025-09-22 03:40:00,12800,7077,7069,7075,7077,7078,7071,7076,7078,7077.5,7070.0,7075.5,7077.5
2025-09-22 03:45:00,7500,7081,7077,7077,7081,7082,7078,7078,7082,7081.5,7077.5,7077.5,7081.5
2025-09-22 03:50:00,11100,7085,7079,7081,7084,7086,7080,7082,7085,7085.5,7079.5,7081.5,7084.5
2025-09-22 03:55:00,6700,7086,7084,7084,7084,7087,7085,7085,7085,7086.5,7084.5,7084.5,7084.5
2025-09-22 04:00:00,11000,7086,7081,7084,7083,7087,7082,7085,7084,7086.5,7081.5,7084.5,7083.5
2025-09-22 04:05:00,8600,7085,7078,7083,7079,7086,7079,7084,7081,7085.5,7078.5,7083.5,7080.0
2025-09-22 04:10:00,12200,7081,7072,7079,7072,7082,7073,7081,7074,7081.5,7072.5,7080.0,7073.0
2025-09-22 04:15:00,11100,7074,7070,7072,7073,7075,7071,7074,7075,7074.5,7070.5,7073.0,7074.0
2025-09-22 04:20:00,6800,7074,7072,7073,7073,7075,7073,7075,7074,7074.5,7072.5,7074.0,7073.5
2025-09-22 04:25:00,6400,7074,7072,7073,7074,7075,7073,7074,7075,7074.5,7072.5,7073.5,7074.5
2025-09-22 04:30:00,10200,7074,7068,7074,7071,7075,7069,7075,7072,7074.5,7068.5,7074.5,7071.5
2025-09-22 04:35:00,4800,7074,7071,7071,7074,7075,7072,7072,7075,7074.5,7071.5,7071.5,7074.5
2025-09-22 04:40:00,11100,7074,7065,7074,7067,7075,7067,7075,7069,7074.5,7066.0,7074.5,7068.0
2025-09-22 04:45:00,8300,7068,7064,7067,7065,7069,7065,7069,7066,7068.5,7064.5,7068.0,7065.5
2025-09-22 04:50:00,11500,7071,7064,7065,7068,7072,7065,7066,7070,7071.5,7064.5,7065.5,7069.0
2025-09-22 04:55:00,7100,7074,7068,7068,7073,7075,7070,7070,7074,7074.5,7069.0,7069.0,7073.5
2025-09-22 05:00:00,10500,7074,7071,7073,7073,7075,7073,7074,7074,7074.5,7072.0,7073.5,7073.5
2025-09-22 05:05:00,9300,7073,7069,7073,7071,7074,7071,7074,7072,7073.5,7070.0,7073.5,7071.5
2025-09-22 05:10:00,9900,7071,7068,7071,7071,7072,7069,7072,7072,7071.5,7068.5,7071.5,7071.5
2025-09-22 05:15:00,9200,7074,7070,7071,7074,7075,7071,7072,7075,7074.5,7070.5,7071.5,7074.5
2025-09-22 05:20:00,14500,7074,7072,7074,7074,7075,7073,7075,7075,7074.5,7072.5,7074.5,7074.5
2025-09-22 05:25:00,11700,7074,7072,7074,7074,7075,7073,7075,7075,7074.5,7072.5,7074.5,7074.5
2025-09-22 05:30:00,13500,7074,7066,7074,7066,7075,7068,7075,7068,7074.5,7067.0,7074.5,7067.0
2025-09-22 05:35:00,9700,7071,7066,7066,7071,7073,7067,7068,7072,7072.0,7066.5,7067.0,7071.5
2025-09-22 05:40:00,12000,7075,7069,7071,7073,7076,7070,7072,7074,7075.5,7069.5,7071.5,7073.5
2025-09-22 05:45:00,8400,7075,7071,7073,7071,7076,7072,7074,7072,7075.5,7071.5,7073.5,7071.5
2025-09-22 05:50:00,14000,7071,7065,7071,7070,7072,7067,7072,7071,7071.5,7066.0,7071.5,7070.5
2025-09-22 05:55:00,22700,7073,7068,7070,7070,7074,7069,7071,7071,7073.5,7068.5,7070.5,7070.5
2025-09-22 06:00:00,29700,7070,7061,7070,7065,7071,7062,7071,7066,7070.5,7061.5,7070.5,7065.5
2025-09-22 06:05:00,11900,7066,7058,7065,7058,7067,7059,7066,7059,7066.5,7058.5,7065.5,7058.5
2025-09-22 06:10:00,16700,7060,7054,7058,7054,7061,7055,7059,7055,7060.5,7054.5,7058.5,7054.5
2025-09-22 06:15:00,12900,7055,7050,7054,7050,7056,7051,7055,7051,7055.5,7050.5,7054.5,7050.5
2025-09-22 06:20:00,26800,7053,7044,7050,7053,7056,7046,7051,7055,7054.5,7045.0,7050.5,7054.0
2025-09-22 06:25:00,,7097,6878,7092,7034,7098,6879,7093,7035,7097.5,6878.5,7092.5,7034.5
2025-09-22 06:30:00,395300,7034,7034,7034,7034,7049,7049,7049,7049,7041.5,7041.5,7041.5,7041.5
2025-09-24 00:00:00,170200,7034,6994,7030,6996,7035,6995,7031,6999,7034.5,6994.5,7030.5,6997.5
2025-09-24 00:05:00,28700,7011,6976,6996,6989,7012,6978,6999,6991,7011.5,6977.0,6997.5,6990.0
2025-09-24 00:10:00,23200,7005,6987,6989,7000,7006,6988,6991,7001,7005.5,6987.5,6990.0,7000.5
2025-09-24 00:15:00,12600,7003,6983,7000,6988,7005,6985,7001,6990,7004.0,6984.5,7000.5,6989.0
2025-09-24 00:20:00,10300,6997,6985,6988,6992,6999,6986,6990,6993,6998.0,6985.5,6989.0,6992.5
2025-09-24 00:25:00,7900,6996,6989,6992,6989,6998,6991,6993,6991,6997.0,6990.0,6992.5,6990.0
2025-09-24 00:30:00,12600,6998,6984,6989,6988,7000,6986,6991,6990,6999.0,6985.0,6990.0,6989.0
2025-09-24 00:35:00,14700,6997,6985,6988,6996,6999,6987,6990,6998,6997.5,6986.0,6989.0,6997.0
2025-09-24 00:40:00,12800,7001,6995,6996,6997,7002,6996,6998,7000,7001.5,6995.5,6997.0,6998.5
2025-09-24 00:45:00,6200,7004,6995,6997,7002,7005,6997,7000,7003,7004.5,6996.0,6998.5,7002.5
2025-09-24 00:50:00,6900,7009,7001,7002,7008,7010,7002,7003,7009,7009.5,7001.5,7002.5,7008.5
2025-09-24 00:55:00,6900,7008,6994,7008,6994,7009,6996,7009,6996,7008.5,6995.0,7008.5,6995.0
2025-09-24 01:00:00,8000,7002,6991,6994,6999,7003,6993,6996,7000,7002.5,6992.0,6995.0,6999.5
2025-09-24 01:05:00,7500,7002,6993,6999,6998,7004,6995,7000,7000,7003.0,6994.0,6999.5,6999.0
2025-09-24 01:10:00,3900,7003,6998,6998,6999,7005,6999,7000,7000,7004.0,6998.5,6999.0,6999.5
2025-09-24 01:15:00,4200,7003,6996,6999,6997,7004,6997,7000,6999,7003.5,6996.5,6999.5,6998.0
2025-09-24 01:20:00,5500,6999,6992,6997,6992,7000,6993,6999,6994,6999.5,6992.5,6998.0,6993.0
2025-09-24 01:25:00,5200,6993,6988,6992,6992,6994,6989,6994,6994,6993.5,6988.5,6993.0,6993.0
2025-09-24 01:30:00,9500,6994,6986,6992,6986,6995,6987,6994,6987,6994.5,6986.5,6993.0,6986.5
2025-09-24 01:35:00,8700,6988,6980,6985,6981,6990,6982,6987,6983,6989.0,6981.0,6986.0,6982.0
2025-09-24 01:40:00,4100,6987,6981,6981,6986,6989,6982,6983,6987,6988.0,6981.5,6982.0,6986.5
2025-09-24 01:45:00,8100,6989,6980,6986,6980,6990,6981,6987,6981,6989.5,6980.5,6986.5,6980.5
2025-09-24 01:50:00,20100,6980,6972,6980,6972,6981,6973,6981,6973,6980.5,6972.5,6980.5,6972.5
2025-09-24 01:55:00,7500,6972,6966,6972,6968,6973,6967,6973,6969,6972.5,6966.5,6972.5,6968.5
2025-09-24 02:00:00,11000,6968,6962,6968,6967,6969,6963,6969,6968,6968.5,6962.5,6968.5,6967.5
2025-09-24 02:05:00,4000,6968,6965,6967,6967,6971,6966,6968,6968,6969.5,6965.5,6967.5,6967.5
2025-09-24 02:10:00,2800,6967,6962,6967,6965,6968,6963,6968,6966,6967.5,6962.5,6967.5,6965.5
2025-09-24 02:15:00,8800,6966,6961,6965,6963,6967,6963,6966,6964,6966.5,6962.0,6965.5,6963.5
2025-09-24 02:20:00,3200,6967,6963,6963,6967,6969,6964,6964,6968,6968.0,6963.5,6963.5,6967.5
2025-09-24 02:25:00,7900,6976,6967,6967,6975,6977,6968,6968,6977,6976.5,6967.5,6967.5,6976.0
2025-09-24 02:30:00,4700,6975,6975,6975,6975,6977,6977,6977,6977,6976.0,6976.0,6976.0,6976.0
2025-09-24 03:30:00,28400,6991,6965,6991,6966,6993,6966,6992,6968,6991.5,6965.5,6991.5,6967.0
2025-09-24 03:35:00,7600,6972,6965,6966,6972,6974,6966,6968,6973,6973.0,6965.5,6967.0,6972.5
2025-09-24 03:40:00,12200,6973,6965,6972,6967,6974,6966,6973,6969,6973.5,6965.5,6972.5,6968.0
2025-09-24 03:45:00,8700,6970,6962,6967,6962,6971,6963,6969,6963,6970.5,6962.5,6968.0,6962.5
2025-09-24 03:50:00,6800,6964,6961,6962,6962,6965,6962,6963,6964,6964.5,6961.5,6962.5,6963.0
2025-09-24 03:55:00,4000,6963,6960,6962,6960,6964,6961,6964,6961,6963.5,6960.5,6963.0,6960.5
2025-09-24 04:00:00,12200,6960,6951,6960,6952,6961,6952,6961,6953,6960.5,6951.5,6960.5,6952.5
2025-09-24 04:05:00,13800,6953,6946,6952,6946,6954,6947,6953,6948,6953.5,6946.5,6952.5,6947.0
2025-09-24 04:10:00,4200,6953,6946,6946,6952,6955,6948,6948,6953,6954.0,6947.0,6947.0,6952.5
2025-09-24 04:15:00,5000,6953,6951,6952,6951,6954,6952,6953,6952,6953.5,6951.5,6952.5,6951.5
2025-09-24 04:20:00,8900,6959,6951,6951,6958,6960,6952,6952,6960,6959.5,6951.5,6951.5,6959.0
2025-09-24 04:25:00,7900,6960,6950,6958,6951,6961,6952,6960,6953,6960.5,6951.0,6959.0,6952.0
2025-09-24 04:30:00,2400,6954,6951,6951,6954,6956,6952,6953,6956,6955.0,6951.5,6952.0,6955.0
2025-09-24 04:35:00,3200,6955,6954,6954,6955,6956,6955,6956,6956,6955.5,6954.5,6955.0,6955.5
2025-09-24 04:40:00,2300,6958,6955,6955,6957,6960,6956,6956,6958,6959.0,6955.5,6955.5,6957.5
2025-09-24 04:45:00,10800,6959,6956,6957,6957,6960,6957,6958,6958,6959.5,6956.5,6957.5,6957.5
2025-09-24 04:50:00,11600,6963,6957,6957,6963,6964,6958,6958,6964,6963.5,6957.5,6957.5,6963.5
2025-09-24 04:55:00,2300,6963,6962,6963,6963,6964,6963,6964,6964,6963.5,6962.5,6963.5,6963.5
2025-09-24 05:00:00,20700,6963,6948,6963,6948,6964,6949,6964,6950,6963.5,6948.5,6963.5,6949.0
2025-09-24 05:05:00,16100,6953,6945,6948,6952,6954,6946,6950,6953,6953.5,6945.5,6949.0,6952.5
2025-09-24 05:10:00,4300,6953,6952,6952,6952,6954,6953,6953,6953,6953.5,6952.5,6952.5,6952.5
2025-09-24 05:15:00,11200,6952,6949,6952,6951,6953,6950,6953,6953,6952.5,6949.5,6952.5,6952.0
2025-09-24 05:20:00,13700,6955,6941,6951,6941,6956,6942,6953,6942,6955.5,6941.5,6952.0,6941.5
2025-09-24 05:25:00,12700,6941,6934,6941,6935,6942,6935,6942,6936,6941.5,6934.5,6941.5,6935.5
2025-09-24 05:30:00,11100,6935,6930,6935,6932,6936,6931,6936,6933,6935.5,6930.5,6935.5,6932.5
2025-09-24 05:35:00,10500,6934,6928,6932,6933,6936,6929,6933,6935,6935.0,6928.5,6932.5,6934.0
2025-09-24 05:40:00,4200,6935,6931,6934,6931,6937,6932,6935,6932,6936.0,6931.5,6934.5,6931.5
2025-09-24 05:45:00,13800,6933,6926,6931,6931,6934,6928,6932,6933,6933.5,6927.0,6931.5,6932.0
2025-09-24 05:50:00,16300,6933,6928,6931,6931,6934,6929,6933,6932,6933.5,6928.5,6932.0,6931.5
2025-09-24 05:55:00,9200,6932,6929,6931,6931,6933,6930,6932,6932,6932.5,6929.5,6931.5,6931.5
2025-09-24 06:00:00,17400,6933,6928,6931,6931,6934,6929,6932,6932,6933.5,6928.5,6931.5,6931.5
2025-09-24 06:05:00,22700,6939,6931,6931,6935,6940,6932,6932,6936,6939.5,6931.5,6931.5,6935.5
2025-09-24 06:10:00,19100,6945,6933,6935,6945,6947,6935,6936,6946,6946.0,6934.0,6935.5,6945.5
2025-09-24 06:15:00,18800,6946,6941,6945,6943,6947,6942,6946,6945,6946.5,6941.5,6945.5,6944.0
2025-09-24 06:20:00,21200,6944,6935,6943,6938,6945,6936,6945,6940,6944.5,6935.5,6944.0,6939.0
2025-09-24 06:25:00,,7011,6946,6998,6946,7011,6947,6999,6947,7011.0,6946.5,6998.5,6946.5
2025-09-24 06:30:00,595100,6940,6940,6940,6940,6947,6947,6947,6947,6943.5,6943.5,6943.5,6943.5
2025-09-25 00:00:00,165500,7050,6979,7029,7016,7052,7013,7030,7018,7051.0,7004.5,7029.5,7017.0
2025-09-25 00:05:00,28400,7019,6987,7016,7018,7022,6990,7018,7020,7020.5,6988.5,7017.0,7019.0
2025-09-25 00:10:00,21400,7020,7005,7018,7011,7022,7006,7020,7013,7020.5,7005.5,7019.0,7012.0
2025-09-25 00:15:00,17900,7012,6994,7011,6994,7014,6996,7013,6996,7013.0,6995.0,7012.0,6995.0
2025-09-25 00:20:00,18200,7001,6988,6994,6989,7003,6989,6996,6991,7002.0,6988.5,6995.0,6990.0
2025-09-25 00:25:00,17000,6990,6976,6989,6977,6992,6977,6991,6979,6991.0,6976.5,6990.0,6978.0
2025-09-25 00:30:00,13500,6979,6966,6977,6970,6983,6968,6979,6972,6981.0,6967.0,6978.0,6971.0
2025-09-25 00:35:00,10200,6977,6964,6970,6975,6978,6966,6972,6977,6977.5,6965.0,6971.0,6976.0
2025-09-25 00:40:00,12200,6985,6973,6975,6973,6986,6974,6977,6976,6985.5,6973.5,6976.0,6974.5
2025-09-25 00:45:00,10000,6975,6967,6974,6968,6977,6969,6976,6970,6976.0,6968.0,6975.0,6969.0
2025-09-25 00:50:00,7500,6969,6963,6968,6966,6971,6964,6970,6967,6970.0,6963.5,6969.0,6966.5
2025-09-25 00:55:00,14900,6967,6948,6966,6949,6969,6949,6967,6951,6968.0,6948.5,6966.5,6950.0
2025-09-25 01:00:00,9900,6955,6947,6949,6953,6956,6949,6951,6955,6955.5,6948.0,6950.0,6954.0
2025-09-25 01:05:00,6800,6958,6952,6953,6955,6959,6953,6955,6957,6958.5,6952.5,6954.0,6956.0
2025-09-25 01:10:00,4800,6958,6952,6955,6958,6960,6953,6957,6959,6959.0,6952.5,6956.0,6958.5
2025-09-25 01:15:00,6500,6962,6956,6957,6962,6963,6957,6959,6963,6962.5,6956.5,6958.0,6962.5
2025-09-25 01:20:00,7500,6966,6960,6962,6960,6968,6961,6963,6961,6967.0,6960.5,6962.5,6960.5
2025-09-25 01:25:00,6600,6964,6959,6960,6963,6965,6960,6961,6965,6964.5,6959.5,6960.5,6964.0
2025-09-25 01:30:00,12300,6977,6963,6963,6977,6979,6965,6965,6979,6978.0,6964.0,6964.0,6978.0
2025-09-25 01:35:00,4400,6978,6975,6977,6976,6979,6977,6979,6977,6978.5,6976.0,6978.0,6976.5
2025-09-25 01:40:00,6900,6982,6976,6976,6980,6983,6977,6977,6982,6982.5,6976.5,6976.5,6981.0
2025-09-25 01:45:00,7500,6984,6979,6980,6979,6986,6980,6982,6980,6985.0,6979.5,6981.0,6979.5
2025-09-25 01:50:00,6500,6980,6969,6979,6970,6981,6971,6980,6972,6980.5,6970.0,6979.5,6971.0
2025-09-25 01:55:00,4100,6977,6968,6970,6976,6979,6970,6972,6977,6978.0,6969.0,6971.0,6976.5
2025-09-25 02:00:00,6500,6976,6968,6976,6973,6977,6970,6977,6975,6976.5,6969.0,6976.5,6974.0
2025-09-25 02:05:00,5000,6976,6966,6973,6966,6977,6967,6975,6967,6976.5,6966.5,6974.0,6966.5
2025-09-25 02:10:00,16600,6966,6951,6966,6958,6967,6953,6967,6959,6966.5,6952.0,6966.5,6958.5
2025-09-25 02:15:00,7300,6958,6951,6958,6955,6959,6952,6959,6957,6958.5,6951.5,6958.5,6956.0
2025-09-25 02:20:00,8500,6960,6954,6955,6959,6961,6956,6957,6961,6960.5,6955.0,6956.0,6960.0
2025-09-25 02:25:00,11300,6963,6956,6959,6961,6964,6957,6961,6963,6963.5,6956.5,6960.0,6962.0
2025-09-25 02:30:00,10600,6961,6961,6961,6961,6967,6967,6967,6967,6964.0,6964.0,6964.0,6964.0
2025-09-25 03:30:00,26500,6965,6952,6956,6961,6968,6953,6957,6962,6965.5,6952.5,6956.5,6961.5
2025-09-25 03:35:00,6100,6964,6960,6961,6960,6965,6961,6962,6961,6964.5,6960.5,6961.5,6960.5
2025-09-25 03:40:00,7400,6966,6959,6960,6964,6968,6960,6961,6965,6967.0,6959.5,6960.5,6964.5
2025-09-25 03:45:00,7200,6965,6953,6964,6953,6967,6954,6965,6955,6966.0,6953.5,6964.5,6954.0
2025-09-25 03:50:00,8500,6953,6945,6953,6946,6955,6946,6955,6947,6954.0,6945.5,6954.0,6946.5
2025-09-25 03:55:00,8200,6950,6945,6946,6949,6953,6946,6947,6951,6951.5,6945.5,6946.5,6950.0
2025-09-25 04:00:00,5700,6951,6948,6949,6951,6952,6949,6951,6952,6951.5,6948.5,6950.0,6951.5
2025-09-25 04:05:00,7000,6956,6949,6951,6954,6958,6950,6952,6955,6956.5,6949.5,6951.5,6954.5
2025-09-25 04:10:00,6100,6955,6950,6954,6952,6957,6951,6955,6954,6956.0,6950.5,6954.5,6953.0
2025-09-25 04:15:00,5100,6954,6951,6952,6953,6955,6952,6954,6954,6954.5,6951.5,6953.0,6953.5
2025-09-25 04:20:00,5000,6956,6953,6953,6956,6957,6954,6954,6957,6956.5,6953.5,6953.5,6956.5
2025-09-25 04:25:00,7000,6959,6955,6956,6959,6960,6956,6957,6960,6959.5,6955.5,6956.5,6959.5
2025-09-25 04:30:00,7000,6960,6955,6959,6955,6961,6956,6960,6956,6960.5,6955.5,6959.5,6955.5
2025-09-25 04:35:00,7400,6956,6952,6955,6954,6958,6953,6956,6956,6957.0,6952.5,6955.5,6955.0
2025-09-25 04:40:00,3700,6955,6952,6954,6952,6956,6953,6956,6953,6955.5,6952.5,6955.0,6952.5
2025-09-25 04:45:00,8600,6954,6948,6952,6948,6955,6949,6953,6949,6954.5,6948.5,6952.5,6948.5
2025-09-25 04:50:00,10300,6950,6946,6948,6947,6951,6947,6949,6948,6950.5,6946.5,6948.5,6947.5
2025-09-25 04:55:00,7100,6953,6947,6947,6953,6954,6948,6948,6954,6953.5,6947.5,6947.5,6953.5
2025-09-25 05:00:00,6600,6954,6950,6953,6952,6955,6951,6954,6953,6954.5,6950.5,6953.5,6952.5
2025-09-25 05:05:00,6400,6955,6952,6952,6953,6957,6953,6953,6954,6956.0,6952.5,6952.5,6953.5
2025-09-25 05:10:00,5400,6956,6953,6953,6953,6957,6954,6954,6954,6956.5,6953.5,6953.5,6953.5
2025-09-25 05:15:00,6300,6954,6952,6953,6953,6955,6953,6954,6955,6954.5,6952.5,6953.5,6954.0
2025-09-25 05:20:00,4200,6956,6953,6953,6955,6957,6954,6955,6956,6956.5,6953.5,6954.0,6955.5
2025-09-25 05:25:00,15000,6958,6952,6955,6954,6960,6953,6956,6955,6959.0,6952.5,6955.5,6954.5
2025-09-25 05:30:00,13800,6954,6946,6954,6947,6955,6947,6955,6948,6954.5,6946.5,6954.5,6947.5
2025-09-25 05:35:00,14700,6947,6942,6947,6944,6948,6943,6948,6945,6947.5,6942.5,6947.5,6944.5
2025-09-25 05:40:00,12800,6944,6939,6944,6939,6945,6940,6945,6940,6944.5,6939.5,6944.5,6939.5
2025-09-25 05:45:00,10400,6942,6938,6939,6941,6944,6939,6940,6942,6943.0,6938.5,6939.5,6941.5
2025-09-25 05:50:00,6800,6943,6941,6941,6942,6944,6942,6942,6943,6943.5,6941.5,6941.5,6942.5
2025-09-25 05:55:00,14200,6945,6937,6942,6944,6947,6938,6943,6946,6946.0,6937.5,6942.5,6945.0
2025-09-25 06:00:00,11300,6944,6940,6944,6944,6946,6941,6946,6946,6945.0,6940.5,6945.0,6945.0
2025-09-25 06:05:00,12700,6946,6941,6944,6942,6947,6942,6946,6944,6946.5,6941.5,6945.0,6943.0
2025-09-25 06:10:00,16400,6948,6940,6942,6947,6949,6941,6944,6948,6948.5,6940.5,6943.0,6947.5
2025-09-25 06:15:00,15700,6947,6940,6947,6945,6948,6942,6948,6946,6947.5,6941.0,6947.5,6945.5
2025-09-25 06:20:00,18900,6956,6944,6945,6955,6957,6945,6946,6957,6956.5,6944.5,6945.5,6956.0
2025-09-25 06:25:00,,7155,6941,7099,6962,7156,6942,7100,6963,7155.5,6941.5,7099.5,6962.5
2025-09-25 06:30:00,904300,6955,6955,6955,6955,6964,6964,6964,6964,6959.5,6959.5,6959.5,6959.5
2025-09-26 00:00:00,198400,7000,6945,6997,6976,7006,6948,6998,6978,7002.5,6946.5,6997.5,6977.0
2025-09-26 00:05:00,30800,6979,6957,6976,6957,6980,6959,6978,6959,6979.5,6958.0,6977.0,6958.0
2025-09-26 00:10:00,22200,6966,6951,6957,6958,6967,6952,6959,6961,6966.5,6951.5,6958.0,6959.5
2025-09-26 00:15:00,13100,6961,6950,6958,6952,6964,6952,6961,6955,6962.5,6951.0,6959.5,6953.5
2025-09-26 00:20:00,19000,6973,6952,6952,6971,6974,6954,6954,6973,6973.5,6953.0,6953.0,6972.0
2025-09-26 00:25:00,11100,6974,6968,6971,6973,6975,6970,6973,6974,6974.5,6969.0,6972.0,6973.5
2025-09-26 00:30:00,24700,6982,6969,6973,6980,6983,6971,6974,6982,6982.5,6970.0,6973.5,6981.0
2025-09-26 00:35:00,10700,6985,6977,6980,6984,6986,6979,6982,6986,6985.5,6978.5,6981.0,6985.0
2025-09-26 00:40:00,9000,6988,6983,6984,6985,6989,6985,6986,6987,6988.5,6984.0,6985.0,6986.0
2025-09-26 00:45:00,8900,6986,6976,6985,6982,6988,6977,6987,6984,6987.0,6976.5,6986.0,6983.0
2025-09-26 00:50:00,6600,6985,6980,6981,6982,6986,6981,6984,6984,6985.5,6980.5,6982.5,6983.0
2025-09-26 00:55:00,9400,6987,6978,6982,6987,6988,6979,6984,6988,6987.5,6978.5,6983.0,6987.5
2025-09-26 01:00:00,13600,6993,6986,6987,6991,6995,6988,6988,6994,6994.0,6987.0,6987.5,6992.5
2025-09-26 01:05:00,11800,6992,6986,6991,6989,6994,6988,6994,6991,6993.0,6987.0,6992.5,6990.0
2025-09-26 01:10:00,7400,6993,6984,6988,6984,6994,6985,6991,6985,6993.5,6984.5,6989.5,6984.5
2025-09-26 01:15:00,12700,6995,6981,6984,6994,6996,6984,6985,6996,6995.5,6982.5,6984.5,6995.0
2025-09-26 01:20:00,4500,6996,6994,6994,6995,6997,6995,6996,6997,6996.5,6994.5,6995.0,6996.0
2025-09-26 01:25:00,8500,6995,6980,6995,6981,6997,6981,6997,6983,6996.0,6980.5,6996.0,6982.0
2025-09-26 01:30:00,10300,6988,6981,6981,6988,6990,6982,6983,6989,6989.0,6981.5,6982.0,6988.5
2025-09-26 01:35:00,4900,6996,6988,6988,6995,6997,6989,6989,6997,6996.5,6988.5,6988.5,6996.0
2025-09-26 01:40:00,19500,6999,6986,6995,6989,7000,6987,6997,6990,6999.5,6986.5,6996.0,6989.5
2025-09-26 01:45:00,7800,6993,6987,6989,6992,6994,6988,6990,6994,6993.5,6987.5,6989.5,6993.0
2025-09-26 01:50:00,5100,6993,6987,6992,6991,6995,6988,6994,6992,6994.0,6987.5,6993.0,6991.5
2025-09-26 01:55:00,13500,7002,6991,6991,7000,7004,6992,6992,7002,7003.0,6991.5,6991.5,7001.0
2025-09-26 02:00:00,9200,7000,6988,7000,6991,7002,6990,7002,6993,7001.0,6989.0,7001.0,6992.0
2025-09-26 02:05:00,7500,6997,6990,6991,6995,6999,6992,6993,6997,6998.0,6991.0,6992.0,6996.0
2025-09-26 02:10:00,7300,6998,6995,6995,6995,7000,6996,6997,6996,6999.0,6995.5,6996.0,6995.5
2025-09-26 02:15:00,4000,6996,6991,6995,6991,6998,6993,6996,6993,6997.0,6992.0,6995.5,6992.0
2025-09-26 02:20:00,9900,6992,6982,6991,6982,6993,6983,6993,6983,6992.5,6982.5,6992.0,6982.5
2025-09-26 02:25:00,10200,6984,6977,6982,6981,6985,6979,6983,6983,6984.5,6978.0,6982.5,6982.0
2025-09-26 02:30:00,11300,6981,6981,6981,6981,6984,6984,6984,6984,6982.5,6982.5,6982.5,6982.5
2025-09-26 03:30:00,29000,6996,6978,6983,6990,6999,6982,6983,6992,6997.5,6980.5,6983.0,6991.0
2025-09-26 03:35:00,6400,6992,6986,6990,6991,6993,6987,6992,6992,6992.5,6986.5,6991.0,6991.5
2025-09-26 03:40:00,9400,6991,6983,6991,6984,6993,6984,6992,6985,6992.0,6983.5,6991.5,6984.5
2025-09-26 03:45:00,11100,6985,6976,6984,6979,6987,6977,6985,6981,6986.0,6976.5,6984.5,6980.0
2025-09-26 03:50:00,12200,6980,6977,6979,6977,6981,6978,6981,6978,6980.5,6977.5,6980.0,6977.5
2025-09-26 03:55:00,8200,6978,6970,6977,6977,6979,6972,6978,6979,6978.5,6971.0,6977.5,6978.0
2025-09-26 04:00:00,19900,6977,6965,6977,6968,6979,6967,6979,6970,6978.0,6966.0,6978.0,6969.0
2025-09-26 04:05:00,12600,6969,6963,6968,6965,6971,6965,6970,6967,6970.0,6964.0,6969.0,6966.0
2025-09-26 04:10:00,19900,6966,6954,6965,6956,6968,6955,6967,6959,6967.0,6954.5,6966.0,6957.5
2025-09-26 04:15:00,8600,6962,6956,6956,6958,6963,6958,6959,6960,6962.5,6957.5,6957.5,6959.0
2025-09-26 04:20:00,15300,6962,6955,6958,6961,6963,6957,6960,6962,6962.5,6956.0,6959.0,6961.5
2025-09-26 04:25:00,14100,6962,6957,6961,6957,6963,6958,6962,6958,6962.5,6957.5,6961.5,6957.5
2025-09-26 04:30:00,10800,6958,6951,6957,6954,6959,6952,6959,6956,6958.5,6951.5,6958.0,6955.0
2025-09-26 04:35:00,6800,6960,6954,6954,6956,6961,6956,6956,6958,6960.5,6955.0,6955.0,6957.0
2025-09-26 04:40:00,7500,6957,6952,6956,6954,6959,6954,6958,6955,6958.0,6953.5,6957.0,6954.5
2025-09-26 04:45:00,9500,6954,6948,6954,6950,6955,6949,6955,6951,6954.5,6948.5,6954.5,6950.5
2025-09-26 04:50:00,10200,6958,6950,6950,6957,6960,6951,6951,6959,6959.0,6950.5,6950.5,6958.0
2025-09-26 04:55:00,9700,6957,6948,6957,6952,6959,6950,6959,6954,6958.0,6949.0,6958.0,6953.0
2025-09-26 05:00:00,8300,6955,6950,6952,6954,6957,6952,6954,6956,6956.0,6951.0,6953.0,6955.0
2025-09-26 05:05:00,6600,6956,6953,6954,6954,6957,6955,6956,6955,6956.5,6954.0,6955.0,6954.5
2025-09-26 05:10:00,16300,6962,6954,6954,6958,6963,6955,6955,6959,6962.5,6954.5,6954.5,6958.5
2025-09-26 05:15:00,7500,6960,6956,6958,6956,6961,6958,6959,6958,6960.5,6957.0,6958.5,6957.0
2025-09-26 05:20:00,7500,6956,6953,6956,6955,6958,6955,6958,6956,6957.0,6954.0,6957.0,6955.5
2025-09-26 05:25:00,11800,6955,6950,6955,6950,6956,6951,6956,6951,6955.5,6950.5,6955.5,6950.5
2025-09-26 05:30:00,16000,6953,6949,6950,6950,6954,6950,6951,6952,6953.5,6949.5,6950.5,6951.0
2025-09-26 05:35:00,29000,6951,6941,6950,6950,6952,6942,6952,6952,6951.5,6941.5,6951.0,6951.0
2025-09-26 05:40:00,16600,6951,6943,6950,6943,6953,6944,6952,6945,6952.0,6943.5,6951.0,6944.0
2025-09-26 05:45:00,30700,6951,6943,6943,6947,6953,6945,6945,6949,6952.0,6944.0,6944.0,6948.0
2025-09-26 05:50:00,26100,6948,6939,6947,6942,6950,6940,6949,6944,6949.0,6939.5,6948.0,6943.0
2025-09-26 05:55:00,58100,6954,6942,6942,6949,6955,6943,6943,6950,6954.5,6942.5,6942.5,6949.5
2025-09-26 06:00:00,32900,6964,6946,6949,6951,6965,6948,6950,6953,6964.5,6947.0,6949.5,6952.0
2025-09-26 06:05:00,30300,6954,6944,6951,6948,6956,6946,6953,6950,6955.0,6945.0,6952.0,6949.0
2025-09-26 06:10:00,23300,6951,6944,6948,6949,6953,6945,6950,6951,6952.0,6944.5,6949.0,6950.0
2025-09-26 06:15:00,43000,6967,6942,6949,6964,6969,6944,6951,6965,6968.0,6943.0,6950.0,6964.5
2025-09-26 06:20:00,58600,6979,6963,6964,6963,6981,6965,6965,6967,6980.0,6964.0,6964.5,6965.0
2025-09-26 06:25:00,,6972,6686,6707,6972,6973,6687,6708,6973,6972.5,6686.5,6707.5,6972.5
2025-09-26 06:30:00,1006500,6972,6972,6972,6972,6973,6973,6973,6973,6972.5,6972.5,6972.5,6972.5
2025-09-29 00:00:00,179400,6959,6867,6955,6876,6960,6868,6956,6878,6959.5,6867.5,6955.5,6877.0
2025-09-29 00:05:00,28100,6885,6869,6876,6878,6886,6870,6878,6879,6885.5,6869.5,6877.0,6878.5
2025-09-29 00:10:00,24800,6879,6864,6878,6867,6880,6866,6879,6869,6879.5,6865.0,6878.5,6868.0
2025-09-29 00:15:00,42600,6871,6850,6867,6853,6872,6851,6869,6854,6871.5,6850.5,6868.0,6853.5
2025-09-29 00:20:00,22500,6864,6851,6853,6864,6867,6852,6854,6866,6865.5,6851.5,6853.5,6865.0
2025-09-29 00:25:00,22900,6865,6846,6864,6853,6868,6847,6866,6855,6866.5,6846.5,6865.0,6854.0
2025-09-29 00:30:00,17500,6859,6852,6853,6855,6861,6853,6855,6857,6860.0,6852.5,6854.0,6856.0
2025-09-29 00:35:00,22100,6857,6848,6855,6854,6859,6850,6857,6856,6858.0,6849.0,6856.0,6855.0
2025-09-29 00:40:00,14400,6866,6852,6854,6863,6867,6853,6856,6864,6866.5,6852.5,6855.0,6863.5
2025-09-29 00:45:00,22400,6866,6848,6863,6852,6867,6849,6864,6854,6866.5,6848.5,6863.5,6853.0
2025-09-29 00:50:00,22800,6853,6840,6852,6843,6855,6842,6854,6845,6854.0,6841.0,6853.0,6844.0
2025-09-29 00:55:00,12800,6844,6839,6843,6839,6846,6840,6845,6840,6845.0,6839.5,6844.0,6839.5
2025-09-29 01:00:00,18100,6851,6838,6839,6850,6852,6840,6840,6852,6851.5,6839.0,6839.5,6851.0
2025-09-29 01:05:00,15400,6854,6843,6850,6851,6856,6845,6852,6852,6855.0,6844.0,6851.0,6851.5
2025-09-29 01:10:00,11400,6859,6849,6851,6857,6860,6850,6852,6859,6859.5,6849.5,6851.5,6858.0
2025-09-29 01:15:00,9400,6865,6854,6857,6855,6867,6855,6859,6857,6866.0,6854.5,6858.0,6856.0
2025-09-29 01:20:00,7500,6856,6850,6855,6851,6858,6851,6857,6853,6857.0,6850.5,6856.0,6852.0
2025-09-29 01:25:00,6300,6854,6850,6851,6850,6856,6851,6853,6851,6855.0,6850.5,6852.0,6850.5
2025-09-29 01:30:00,14400,6860,6850,6850,6859,6862,6851,6851,6860,6861.0,6850.5,6850.5,6859.5
2025-09-29 01:35:00,8400,6868,6856,6859,6863,6869,6858,6860,6865,6868.5,6857.0,6859.5,6864.0
2025-09-29 01:40:00,7400,6874,6861,6863,6873,6875,6864,6865,6875,6874.5,6862.5,6864.0,6874.0
2025-09-29 01:45:00,8700,6883,6873,6873,6878,6884,6874,6875,6880,6883.5,6873.5,6874.0,6879.0
2025-09-29 01:50:00,7300,6882,6875,6878,6875,6883,6877,6880,6878,6882.5,6876.0,6879.0,6876.5
2025-09-29 01:55:00,7100,6879,6874,6875,6877,6881,6877,6878,6879,6880.0,6875.5,6876.5,6878.0
2025-09-29 02:00:00,6700,6877,6861,6876,6863,6879,6863,6879,6864,6878.0,6862.0,6877.5,6863.5
2025-09-29 02:05:00,10800,6865,6855,6863,6855,6866,6856,6864,6857,6865.5,6855.5,6863.5,6856.0
2025-09-29 02:10:00,5400,6865,6855,6855,6864,6868,6857,6857,6866,6866.5,6856.0,6856.0,6865.0
2025-09-29 02:15:00,3000,6867,6861,6864,6866,6870,6863,6866,6867,6868.5,6862.0,6865.0,6866.5
2025-09-29 02:20:00,5500,6868,6863,6866,6867,6869,6864,6867,6868,6868.5,6863.5,6866.5,6867.5
2025-09-29 02:25:00,6000,6867,6862,6867,6862,6868,6864,6868,6864,6867.5,6863.0,6867.5,6863.0
2025-09-29 02:30:00,16100,6862,6862,6862,6862,6864,6864,6864,6864,6863.0,6863.0,6863.0,6863.0
2025-09-29 03:30:00,19500,6882,6871,6880,6878,6885,6874,6880,6879,6883.5,6872.5,6880.0,6878.5
2025-09-29 03:35:00,12200,6882,6871,6878,6872,6884,6873,6879,6873,6883.0,6872.0,6878.5,6872.5
2025-09-29 03:40:00,10200,6874,6867,6872,6872,6875,6869,6873,6873,6874.5,6868.0,6872.5,6872.5
2025-09-29 03:45:00,7600,6872,6864,6872,6864,6874,6866,6874,6866,6873.0,6865.0,6873.0,6865.0
2025-09-29 03:50:00,7900,6868,6862,6864,6862,6870,6864,6866,6864,6869.0,6863.0,6865.0,6863.0
2025-09-29 03:55:00,9200,6862,6856,6862,6858,6864,6858,6864,6859,6863.0,6857.5,6863.0,6858.5
2025-09-29 04:00:00,11200,6864,6857,6858,6863,6865,6859,6859,6864,6864.5,6858.0,6858.5,6863.5
2025-09-29 04:05:00,7200,6867,6862,6863,6862,6868,6864,6864,6864,6867.5,6863.0,6863.5,6863.0
2025-09-29 04:10:00,5200,6862,6857,6862,6859,6864,6859,6864,6861,6863.0,6858.0,6863.0,6860.0
2025-09-29 04:15:00,6000,6863,6859,6859,6863,6865,6860,6861,6865,6864.0,6859.5,6860.0,6864.0
2025-09-29 04:20:00,6100,6864,6860,6863,6860,6865,6861,6865,6861,6864.5,6860.5,6864.0,6860.5
2025-09-29 04:25:00,7000,6866,6860,6860,6866,6868,6861,6861,6867,6867.0,6860.5,6860.5,6866.5
2025-09-29 04:30:00,10000,6867,6858,6866,6859,6868,6859,6867,6860,6867.5,6858.5,6866.5,6859.5
2025-09-29 04:35:00,9700,6866,6856,6859,6866,6867,6859,6860,6867,6866.5,6857.5,6859.5,6866.5
2025-09-29 04:40:00,4200,6869,6866,6866,6868,6871,6867,6867,6870,6870.0,6866.5,6866.5,6869.0
2025-09-29 04:45:00,13200,6869,6858,6868,6860,6870,6861,6870,6861,6869.5,6859.5,6869.0,6860.5
2025-09-29 04:50:00,7100,6860,6855,6860,6855,6861,6857,6861,6857,6860.5,6856.0,6860.5,6856.0
2025-09-29 04:55:00,10100,6856,6854,6855,6854,6857,6855,6857,6856,6856.5,6854.5,6856.0,6855.0
2025-09-29 05:00:00,31000,6854,6843,6854,6846,6856,6845,6856,6847,6855.0,6844.0,6855.0,6846.5
2025-09-29 05:05:00,20200,6845,6837,6845,6837,6847,6838,6847,6838,6846.0,6837.5,6846.0,6837.5
2025-09-29 05:10:00,10500,6840,6835,6837,6835,6841,6836,6838,6836,6840.5,6835.5,6837.5,6835.5
2025-09-29 05:15:00,11300,6842,6835,6835,6841,6843,6836,6836,6842,6842.5,6835.5,6835.5,6841.5
2025-09-29 05:20:00,18700,6848,6840,6841,6848,6850,6842,6842,6849,6849.0,6841.0,6841.5,6848.5
2025-09-29 05:25:00,8700,6851,6847,6848,6847,6852,6848,6849,6848,6851.5,6847.5,6848.5,6847.5
2025-09-29 05:30:00,10200,6848,6841,6847,6842,6849,6842,6848,6843,6848.5,6841.5,6847.5,6842.5
2025-09-29 05:35:00,8600,6844,6841,6842,6844,6845,6842,6843,6845,6844.5,6841.5,6842.5,6844.5
2025-09-29 05:40:00,10100,6845,6841,6844,6843,6847,6843,6845,6844,6846.0,6842.0,6844.5,6843.5
2025-09-29 05:45:00,11700,6847,6841,6842,6842,6848,6842,6844,6843,6847.5,6841.5,6843.0,6842.5
2025-09-29 05:50:00,25000,6850,6842,6842,6845,6852,6843,6843,6847,6851.0,6842.5,6842.5,6846.0
2025-09-29 05:55:00,11600,6847,6842,6845,6844,6848,6843,6847,6846,6847.5,6842.5,6846.0,6845.0
2025-09-29 06:00:00,18500,6846,6841,6844,6843,6847,6842,6846,6844,6846.5,6841.5,6845.0,6843.5
2025-09-29 06:05:00,16600,6847,6842,6843,6847,6848,6843,6844,6848,6847.5,6842.5,6843.5,6847.5
2025-09-29 06:10:00,28200,6854,6846,6847,6852,6855,6847,6848,6853,6854.5,6846.5,6847.5,6852.5
2025-09-29 06:15:00,19100,6858,6852,6852,6856,6859,6853,6854,6858,6858.5,6852.5,6853.0,6857.0
2025-09-29 06:20:00,45800,6856,6845,6856,6846,6858,6846,6858,6847,6857.0,6845.5,6857.0,6846.5
2025-09-29 06:25:00,,6868,6775,6822,6867,6869,6776,6823,6868,6868.5,6775.5,6822.5,6867.5
2025-09-29 06:30:00,791100,6866,6866,6866,6866,6868,6868,6868,6868,6867.0,6867.0,6867.0,6867.0
2025-09-30 00:00:00,196500,6822,6795,6805,6811,6833,6799,6806,6813,6823.0,6797.0,6805.5,6812.0
2025-09-30 00:05:00,36300,6813,6799,6811,6799,6816,6801,6813,6801,6814.5,6800.0,6812.0,6800.0
2025-09-30 00:10:00,34900,6813,6798,6799,6809,6815,6801,6801,6811,6814.0,6799.5,6800.0,6810.0
2025-09-30 00:15:00,24900,6815,6803,6809,6815,6816,6806,6811,6816,6815.5,6804.5,6810.0,6815.5
2025-09-30 00:20:00,33700,6824,6811,6815,6820,6825,6812,6816,6822,6824.5,6811.5,6815.5,6821.0
2025-09-30 00:25:00,33100,6822,6794,6820,6794,6823,6796,6822,6796,6822.5,6795.0,6821.0,6795.0
2025-09-30 00:30:00,46000,6794,6772,6794,6772,6796,6774,6796,6775,6795.0,6773.0,6795.0,6773.5
2025-09-30 00:35:00,32600,6791,6772,6772,6786,6793,6775,6775,6788,6792.0,6773.5,6773.5,6787.0
2025-09-30 00:40:00,22100,6799,6786,6786,6795,6800,6788,6788,6797,6799.5,6787.0,6787.0,6796.0
2025-09-30 00:45:00,10100,6796,6790,6795,6796,6797,6792,6797,6797,6796.5,6791.0,6796.0,6796.5
2025-09-30 00:50:00,22100,6801,6792,6796,6799,6802,6794,6797,6801,6801.5,6793.0,6796.5,6800.0
2025-09-30 00:55:00,10500,6799,6793,6799,6795,6801,6794,6801,6797,6800.0,6793.5,6800.0,6796.0
2025-09-30 01:00:00,26000,6797,6784,6795,6795,6799,6786,6797,6797,6798.0,6785.0,6796.0,6796.0
2025-09-30 01:05:00,21100,6795,6784,6795,6786,6797,6785,6797,6788,6796.0,6784.5,6796.0,6787.0
2025-09-30 01:10:00,17400,6799,6783,6786,6798,6800,6785,6788,6800,6799.5,6784.0,6787.0,6799.0
2025-09-30 01:15:00,21600,6805,6797,6798,6801,6806,6798,6800,6803,6805.5,6797.5,6799.0,6802.0
2025-09-30 01:20:00,15800,6810,6800,6801,6805,6812,6801,6803,6807,6811.0,6800.5,6802.0,6806.0
2025-09-30 01:25:00,9300,6808,6796,6805,6796,6810,6798,6807,6798,6809.0,6797.0,6806.0,6797.0
2025-09-30 01:30:00,10500,6796,6786,6796,6788,6798,6788,6798,6790,6797.0,6787.0,6797.0,6789.0
2025-09-30 01:35:00,11400,6790,6781,6788,6788,6792,6782,6790,6789,6791.0,6781.5,6789.0,6788.5
2025-09-30 01:40:00,11400,6797,6786,6788,6797,6799,6787,6789,6799,6798.0,6786.5,6788.5,6798.0
2025-09-30 01:45:00,5900,6799,6794,6797,6796,6800,6795,6799,6798,6799.5,6794.5,6798.0,6797.0
2025-09-30 01:50:00,24100,6796,6780,6796,6783,6798,6783,6798,6784,6797.0,6781.5,6797.0,6783.5
2025-09-30 01:55:00,19700,6785,6775,6783,6776,6787,6776,6784,6778,6786.0,6775.5,6783.5,6777.0
2025-09-30 02:00:00,19900,6781,6773,6776,6779,6782,6775,6778,6781,6781.5,6774.0,6777.0,6780.0
2025-09-30 02:05:00,21300,6780,6770,6779,6773,6782,6772,6780,6775,6781.0,6771.0,6779.5,6774.0
2025-09-30 02:10:00,10300,6775,6771,6774,6773,6776,6773,6775,6775,6775.5,6772.0,6774.5,6774.0
2025-09-30 02:15:00,20100,6779,6770,6773,6770,6780,6772,6775,6772,6779.5,6771.0,6774.0,6771.0
2025-09-30 02:20:00,21000,6779,6770,6770,6779,6780,6771,6772,6780,6779.5,6770.5,6771.0,6779.5
2025-09-30 02:25:00,15200,6786,6777,6779,6779,6787,6778,6780,6782,6786.5,6777.5,6779.5,6780.5
2025-09-30 02:30:00,18000,6779,6779,6779,6779,6782,6782,6782,6782,6780.5,6780.5,6780.5,6780.5
2025-09-30 03:30:00,51600,6805,6782,6782,6799,6807,6783,6783,6800,6806.0,6782.5,6782.5,6799.5
2025-09-30 03:35:00,12000,6803,6797,6799,6801,6804,6798,6800,6803,6803.5,6797.5,6799.5,6802.0
2025-09-30 03:40:00,7800,6804,6801,6801,6801,6805,6802,6803,6803,6804.5,6801.5,6802.0,6802.0
2025-09-30 03:45:00,12900,6803,6797,6801,6799,6805,6798,6803,6800,6804.0,6797.5,6802.0,6799.5
2025-09-30 03:50:00,15000,6804,6796,6799,6803,6805,6798,6800,6804,6804.5,6797.5,6799.5,6803.5
2025-09-30 03:55:00,6800,6805,6802,6803,6802,6806,6803,6804,6803,6805.5,6802.5,6803.5,6802.5
2025-09-30 04:00:00,10700,6802,6798,6802,6799,6804,6799,6803,6801,6803.0,6798.5,6802.5,6800.0
2025-09-30 04:05:00,14900,6805,6799,6799,6804,6806,6801,6801,6805,6805.5,6800.0,6800.0,6804.5
2025-09-30 04:10:00,7300,6804,6801,6804,6802,6805,6803,6805,6804,6804.5,6802.0,6804.5,6803.0
2025-09-30 04:15:00,13000,6802,6795,6802,6795,6804,6796,6804,6796,6803.0,6795.5,6803.0,6795.5
2025-09-30 04:20:00,18000,6804,6795,6795,6803,6806,6796,6797,6805,6805.0,6795.5,6796.0,6804.0
2025-09-30 04:25:00,32100,6823,6801,6803,6816,6824,6802,6805,6818,6823.5,6801.5,6804.0,6817.0
2025-09-30 04:30:00,10400,6824,6816,6816,6824,6825,6817,6818,6825,6824.5,6816.5,6817.0,6824.5
2025-09-30 04:35:00,10800,6826,6824,6824,6825,6828,6825,6825,6826,6827.0,6824.5,6824.5,6825.5
2025-09-30 04:40:00,19600,6827,6823,6825,6823,6829,6824,6826,6824,6828.0,6823.5,6825.5,6823.5
2025-09-30 04:45:00,10900,6824,6817,6823,6817,6825,6819,6824,6819,6824.5,6818.0,6823.5,6818.0
2025-09-30 04:50:00,15100,6820,6812,6817,6817,6821,6814,6819,6818,6820.5,6813.0,6818.0,6817.5
2025-09-30 04:55:00,11300,6820,6815,6817,6818,6821,6817,6818,6820,6820.5,6816.0,6817.5,6819.0
2025-09-30 05:00:00,13400,6822,6817,6818,6822,6823,6818,6820,6823,6822.5,6817.5,6819.0,6822.5
2025-09-30 05:05:00,24700,6824,6820,6822,6824,6825,6821,6823,6825,6824.5,6820.5,6822.5,6824.5
2025-09-30 05:10:00,11300,6824,6821,6824,6822,6825,6822,6825,6824,6824.5,6821.5,6824.5,6823.0
2025-09-30 05:15:00,8700,6823,6821,6822,6821,6824,6822,6824,6822,6823.5,6821.5,6823.0,6821.5
2025-09-30 05:20:00,13600,6825,6821,6821,6824,6826,6822,6822,6825,6825.5,6821.5,6821.5,6824.5
2025-09-30 05:25:00,15500,6825,6822,6824,6822,6826,6823,6825,6823,6825.5,6822.5,6824.5,6822.5
2025-09-30 05:30:00,29200,6832,6822,6822,6832,6834,6823,6823,6833,6833.0,6822.5,6822.5,6832.5
2025-09-30 05:35:00,18700,6836,6829,6832,6829,6837,6830,6833,6830,6836.5,6829.5,6832.5,6829.5
2025-09-30 05:40:00,18900,6834,6829,6829,6832,6836,6830,6830,6833,6835.0,6829.5,6829.5,6832.5
2025-09-30 05:45:00,14100,6835,6830,6832,6835,6836,6832,6833,6836,6835.5,6831.0,6832.5,6835.5
2025-09-30 05:50:00,16400,6836,6832,6835,6835,6838,6834,6836,6837,6837.0,6833.0,6835.5,6836.0
2025-09-30 05:55:00,19200,6835,6830,6835,6834,6837,6832,6836,6836,6836.0,6831.0,6835.5,6835.0
2025-09-30 06:00:00,24900,6834,6822,6834,6823,6836,6823,6836,6824,6835.0,6822.5,6835.0,6823.5
2025-09-30 06:05:00,25800,6830,6822,6822,6829,6831,6823,6824,6830,6830.5,6822.5,6823.0,6829.5
2025-09-30 06:10:00,25900,6830,6822,6829,6825,6831,6823,6830,6827,6830.5,6822.5,6829.5,6826.0
2025-09-30 06:15:00,26500,6827,6821,6825,6824,6828,6823,6827,6826,6827.5,6822.0,6826.0,6825.0
2025-09-30 06:20:00,53700,6834,6823,6824,6827,6835,6824,6826,6834,6834.5,6823.5,6825.0,6830.5
2025-09-30 06:25:00,,7033,6800,6805,6847,7034,6801,6806,6848,7033.5,6800.5,6805.5,6847.5
2025-09-30 06:30:00,1002000,6835,6835,6835,6835,6848,6848,6848,6848,6841.5,6841.5,6841.5,6841.5
2025-10-01 00:00:00,198700,6837,6815,6824,6837,6840,6818,6825,6838,6838.5,6817.5,6824.5,6837.5
2025-10-01 00:05:00,40600,6838,6817,6837,6824,6839,6818,6838,6826,6838.5,6817.5,6837.5,6825.0
2025-10-01 00:10:00,46100,6826,6802,6824,6806,6827,6804,6826,6808,6826.5,6803.0,6825.0,6807.0
2025-10-01 00:15:00,25900,6814,6804,6806,6813,6815,6805,6808,6815,6814.5,6804.5,6807.0,6814.0
2025-10-01 00:20:00,32700,6825,6806,6813,6820,6826,6808,6815,6821,6825.5,6807.0,6814.0,6820.5
2025-10-01 00:25:00,27100,6828,6813,6820,6828,6829,6814,6821,6829,6828.5,6813.5,6820.5,6828.5
2025-10-01 00:30:00,29800,6851,6826,6828,6847,6853,6828,6829,6848,6852.0,6827.5,6828.5,6847.5
2025-10-01 00:35:00,19500,6861,6843,6847,6844,6863,6844,6848,6846,6862.0,6843.5,6847.5,6845.0
2025-10-01 00:40:00,22300,6861,6843,6844,6856,6862,6845,6846,6857,6861.5,6844.5,6845.0,6856.5
2025-10-01 00:45:00,14000,6858,6850,6856,6853,6860,6852,6857,6854,6859.0,6851.0,6856.5,6853.5
2025-10-01 00:50:00,16300,6863,6852,6853,6863,6864,6853,6854,6864,6863.5,6852.5,6853.5,6863.5
2025-10-01 00:55:00,21700,6867,6857,6863,6866,6868,6858,6864,6867,6867.5,6857.5,6863.5,6866.5
2025-10-01 01:00:00,25100,6871,6856,6866,6859,6872,6857,6867,6861,6871.5,6856.5,6866.5,6860.0
2025-10-01 01:05:00,17700,6859,6840,6859,6840,6861,6841,6861,6841,6860.0,6840.5,6860.0,6840.5
2025-10-01 01:10:00,12500,6841,6832,6840,6833,6842,6833,6841,6834,6841.5,6832.5,6840.5,6833.5
2025-10-01 01:15:00,10100,6837,6831,6833,6831,6838,6832,6834,6832,6837.5,6831.5,6833.5,6831.5
2025-10-01 01:20:00,13200,6833,6825,6831,6827,6835,6827,6832,6829,6834.0,6826.5,6831.5,6828.0
2025-10-01 01:25:00,13400,6829,6813,6827,6823,6831,6814,6829,6824,6830.0,6813.5,6828.0,6823.5
2025-10-01 01:30:00,18200,6830,6819,6823,6821,6831,6821,6824,6822,6830.5,6820.0,6823.5,6821.5
2025-10-01 01:35:00,13400,6825,6817,6821,6825,6826,6818,6822,6826,6825.5,6817.5,6821.5,6825.5
2025-10-01 01:40:00,11300,6830,6821,6825,6827,6831,6823,6826,6828,6830.5,6822.0,6825.5,6827.5
2025-10-01 01:45:00,13800,6831,6821,6827,6828,6832,6823,6828,6830,6831.5,6822.0,6827.5,6829.0
2025-10-01 01:50:00,13700,6833,6826,6828,6832,6834,6828,6830,6833,6833.5,6827.0,6829.0,6832.5
2025-10-01 01:55:00,14400,6834,6821,6832,6822,6835,6822,6834,6823,6834.5,6821.5,6833.0,6822.5
2025-10-01 02:00:00,12300,6826,6817,6821,6825,6827,6818,6823,6826,6826.5,6817.5,6822.0,6825.5
2025-10-01 02:05:00,8600,6827,6820,6825,6825,6829,6822,6826,6827,6828.0,6821.0,6825.5,6826.0
2025-10-01 02:10:00,8900,6825,6818,6825,6819,6827,6819,6826,6820,6826.0,6818.5,6825.5,6819.5
2025-10-01 02:15:00,13700,6819,6814,6819,6816,6820,6815,6820,6817,6819.5,6814.5,6819.5,6816.5
2025-10-01 02:20:00,8900,6821,6815,6816,6819,6822,6817,6817,6820,6821.5,6816.0,6816.5,6819.5
2025-10-01 02:25:00,9500,6821,6812,6819,6821,6823,6814,6820,6823,6822.0,6813.0,6819.5,6822.0
2025-10-01 02:30:00,1300,6820,6820,6820,6820,6823,6823,6823,6823,6821.5,6821.5,6821.5,6821.5
2025-10-01 03:30:00,41700,6839,6811,6821,6833,6840,6814,6822,6834,6839.5,6812.5,6821.5,6833.5
2025-10-01 03:35:00,21900,6842,6822,6833,6825,6843,6823,6834,6826,6842.5,6822.5,6833.5,6825.5
2025-10-01 03:40:00,14600,6831,6824,6825,6828,6832,6825,6826,6829,6831.5,6824.5,6825.5,6828.5
2025-10-01 03:45:00,12900,6829,6819,6828,6829,6831,6821,6829,6830,6830.0,6820.0,6828.5,6829.5
2025-10-01 03:50:00,11600,6835,6829,6829,6835,6836,6830,6830,6836,6835.5,6829.5,6829.5,6835.5
2025-10-01 03:55:00,11500,6837,6831,6835,6831,6838,6832,6836,6832,6837.5,6831.5,6835.5,6831.5
2025-10-01 04:00:00,12700,6838,6831,6831,6837,6839,6832,6832,6838,6838.5,6831.5,6831.5,6837.5
2025-10-01 04:05:00,11000,6837,6831,6837,6835,6838,6832,6838,6836,6837.5,6831.5,6837.5,6835.5
2025-10-01 04:10:00,10100,6841,6835,6835,6839,6842,6836,6836,6840,6841.5,6835.5,6835.5,6839.5
2025-10-01 04:15:00,8700,6847,6839,6839,6847,6848,6840,6840,6848,6847.5,6839.5,6839.5,6847.5
2025-10-01 04:20:00,20800,6853,6847,6847,6849,6854,6848,6848,6851,6853.5,6847.5,6847.5,6850.0
2025-10-01 04:25:00,11700,6851,6845,6849,6847,6852,6847,6851,6849,6851.5,6846.0,6850.0,6848.0
2025-10-01 04:30:00,11500,6850,6846,6847,6848,6851,6847,6849,6849,6850.5,6846.5,6848.0,6848.5
2025-10-01 04:35:00,8300,6851,6847,6848,6849,6852,6848,6849,6850,6851.5,6847.5,6848.5,6849.5
2025-10-01 04:40:00,9300,6849,6842,6849,6847,6850,6843,6850,6848,6849.5,6842.5,6849.5,6847.5
2025-10-01 04:45:00,13100,6852,6844,6847,6850,6853,6845,6848,6851,6852.5,6844.5,6847.5,6850.5
2025-10-01 04:50:00,14400,6850,6840,6850,6847,6851,6841,6851,6848,6850.5,6840.5,6850.5,6847.5
2025-10-01 04:55:00,12000,6848,6843,6847,6843,6850,6844,6848,6845,6849.0,6843.5,6847.5,6844.0
2025-10-01 05:00:00,12700,6846,6841,6843,6845,6847,6843,6845,6846,6846.5,6842.0,6844.0,6845.5
2025-10-01 05:05:00,13500,6846,6839,6845,6839,6847,6840,6846,6840,6846.5,6839.5,6845.5,6839.5
2025-10-01 05:10:00,8800,6843,6838,6839,6841,6844,6840,6840,6842,6843.5,6839.0,6839.5,6841.5
2025-10-01 05:15:00,14100,6841,6831,6841,6836,6842,6832,6842,6837,6841.5,6831.5,6841.5,6836.5
2025-10-01 05:20:00,11100,6843,6836,6836,6841,6844,6837,6837,6843,6843.5,6836.5,6836.5,6842.0
2025-10-01 05:25:00,12800,6846,6841,6841,6844,6847,6842,6843,6845,6846.5,6841.5,6842.0,6844.5
2025-10-01 05:30:00,14600,6850,6838,6844,6848,6851,6840,6845,6849,6850.5,6839.5,6844.5,6848.5
2025-10-01 05:35:00,8800,6850,6844,6848,6849,6852,6845,6849,6850,6851.0,6844.5,6848.5,6849.5
2025-10-01 05:40:00,13600,6849,6845,6849,6847,6850,6846,6850,6848,6849.5,6845.5,6849.5,6847.5
2025-10-01 05:45:00,17300,6853,6847,6847,6850,6854,6848,6848,6851,6853.5,6847.5,6847.5,6850.5
2025-10-01 05:50:00,19800,6855,6846,6850,6854,6857,6847,6851,6855,6856.0,6846.5,6850.5,6854.5
2025-10-01 05:55:00,23900,6855,6848,6854,6849,6856,6849,6855,6850,6855.5,6848.5,6854.5,6849.5
2025-10-01 06:00:00,28600,6855,6847,6849,6853,6856,6848,6850,6854,6855.5,6847.5,6849.5,6853.5
2025-10-01 06:05:00,30200,6863,6851,6853,6862,6864,6852,6854,6864,6863.5,6851.5,6853.5,6863.0
2025-10-01 06:10:00,24500,6862,6851,6862,6854,6864,6853,6864,6855,6863.0,6852.0,6863.0,6854.5
2025-10-01 06:15:00,28500,6861,6853,6854,6857,6862,6854,6856,6859,6861.5,6853.5,6855.0,6858.0
2025-10-01 06:20:00,28300,6859,6849,6857,6851,6860,6852,6859,6853,6859.5,6850.5,6858.0,6852.0
2025-10-01 06:25:00,,6863,6784,6841,6839,6864,6785,6842,6840,6863.5,6784.5,6841.5,6839.5
2025-10-01 06:30:00,651300,6839,6839,6839,6839,6848,6848,6848,6848,6843.5,6843.5,6843.5,6843.5
2025-10-02 00:00:00,174100,6830,6801,6810,6822,6833,6803,6811,6823,6831.0,6802.0,6810.5,6822.5
2025-10-02 00:05:00,58700,6836,6818,6822,6825,6837,6820,6824,6827,6836.5,6819.0,6823.0,6826.0
2025-10-02 00:10:00,40300,6858,6823,6825,6857,6859,6825,6827,6858,6858.5,6824.0,6826.0,6857.5
2025-10-02 00:15:00,31100,6867,6850,6857,6857,6868,6852,6858,6858,6867.5,6851.5,6857.5,6857.5
2025-10-02 00:20:00,26900,6858,6837,6857,6838,6859,6838,6858,6839,6858.5,6837.5,6857.5,6838.5
2025-10-02 00:25:00,13900,6838,6831,6838,6833,6840,6832,6839,6835,6839.0,6831.5,6838.5,6834.0
2025-10-02 00:30:00,17800,6838,6826,6833,6828,6839,6827,6835,6829,6838.5,6826.5,6834.0,6828.5
2025-10-02 00:35:00,16500,6828,6821,6828,6824,6829,6822,6829,6825,6828.5,6821.5,6828.5,6824.5
2025-10-02 00:40:00,15400,6826,6817,6824,6817,6828,6818,6825,6818,6827.0,6817.5,6824.5,6817.5
2025-10-02 00:45:00,26100,6821,6802,6817,6805,6822,6804,6818,6806,6821.5,6803.0,6817.5,6805.5
2025-10-02 00:50:00,17600,6815,6803,6804,6814,6817,6804,6806,6816,6816.0,6803.5,6805.0,6815.0
2025-10-02 00:55:00,12600,6817,6809,6814,6814,6818,6810,6816,6816,6817.5,6809.5,6815.0,6815.0
2025-10-02 01:00:00,14400,6814,6806,6814,6809,6816,6807,6816,6810,6815.0,6806.5,6815.0,6809.5
2025-10-02 01:05:00,8100,6815,6806,6809,6814,6816,6808,6810,6815,6815.5,6807.0,6809.5,6814.5
2025-10-02 01:10:00,6400,6815,6810,6814,6813,6816,6811,6816,6814,6815.5,6810.5,6815.0,6813.5
2025-10-02 01:15:00,11000,6818,6811,6813,6816,6820,6812,6814,6818,6819.0,6811.5,6813.5,6817.0
2025-10-02 01:20:00,14400,6823,6806,6816,6806,6824,6807,6818,6808,6823.5,6806.5,6817.0,6807.0
2025-10-02 01:25:00,20400,6806,6798,6806,6801,6808,6799,6808,6802,6807.0,6798.5,6807.0,6801.5
2025-10-02 01:30:00,8700,6804,6799,6801,6801,6805,6801,6802,6803,6804.5,6800.0,6801.5,6802.0
2025-10-02 01:35:00,11000,6803,6789,6801,6789,6804,6790,6803,6790,6803.5,6789.5,6802.0,6789.5
2025-10-02 01:40:00,12000,6797,6789,6789,6793,6798,6790,6790,6794,6797.5,6789.5,6789.5,6793.5
2025-10-02 01:45:00,12300,6800,6793,6793,6799,6801,6794,6794,6800,6800.5,6793.5,6793.5,6799.5
2025-10-02 01:50:00,10300,6803,6798,6799,6802,6804,6799,6800,6803,6803.5,6798.5,6799.5,6802.5
2025-10-02 01:55:00,12500,6809,6802,6802,6808,6810,6803,6803,6810,6809.5,6802.5,6802.5,6809.0
2025-10-02 02:00:00,8900,6812,6807,6808,6811,6813,6808,6810,6812,6812.5,6807.5,6809.0,6811.5
2025-10-02 02:05:00,7900,6815,6810,6811,6810,6816,6811,6812,6811,6815.5,6810.5,6811.5,6810.5
2025-10-02 02:10:00,8300,6810,6798,6810,6798,6811,6799,6811,6799,6810.5,6798.5,6810.5,6798.5
2025-10-02 02:15:00,8900,6798,6791,6798,6793,6799,6792,6799,6794,6798.5,6791.5,6798.5,6793.5
2025-10-02 02:20:00,9300,6800,6791,6793,6798,6801,6792,6794,6799,6800.5,6791.5,6793.5,6798.5
2025-10-02 02:25:00,10400,6798,6791,6798,6791,6799,6793,6799,6793,6798.5,6792.0,6798.5,6792.0
2025-10-02 02:30:00,5500,6791,6791,6791,6791,6793,6793,6793,6793,6792.0,6792.0,6792.0,6792.0
2025-10-02 03:30:00,41800,6813,6791,6791,6809,6814,6792,6792,6811,6813.5,6791.5,6791.5,6810.0
2025-10-02 03:35:00,12300,6818,6804,6810,6818,6819,6806,6811,6819,6818.5,6805.0,6810.5,6818.5
2025-10-02 03:40:00,11900,6821,6814,6818,6819,6823,6815,6819,6820,6822.0,6814.5,6818.5,6819.5
2025-10-02 03:45:00,12300,6827,6819,6819,6825,6828,6820,6820,6826,6827.5,6819.5,6819.5,6825.5
2025-10-02 03:50:00,12100,6833,6823,6825,6832,6834,6824,6826,6833,6833.5,6823.5,6825.5,6832.5
2025-10-02 03:55:00,12000,6835,6822,6832,6834,6836,6823,6833,6835,6835.5,6822.5,6832.5,6834.5
2025-10-02 04:00:00,10300,6838,6831,6834,6838,6839,6832,6835,6839,6838.5,6831.5,6834.5,6838.5
2025-10-02 04:05:00,12100,6843,6838,6838,6840,6844,6839,6839,6841,6843.5,6838.5,6838.5,6840.5
2025-10-02 04:10:00,10700,6849,6840,6840,6849,6850,6841,6841,6850,6849.5,6840.5,6840.5,6849.5
2025-10-02 04:15:00,12600,6856,6849,6849,6853,6857,6850,6850,6854,6856.5,6849.5,6849.5,6853.5
2025-10-02 04:20:00,9900,6857,6853,6853,6857,6858,6854,6854,6858,6857.5,6853.5,6853.5,6857.5
2025-10-02 04:25:00,13800,6867,6857,6857,6861,6868,6858,6858,6862,6867.5,6857.5,6857.5,6861.5
2025-10-02 04:30:00,9500,6862,6854,6861,6855,6863,6856,6862,6856,6862.5,6855.0,6861.5,6855.5
2025-10-02 04:35:00,8100,6860,6855,6855,6860,6861,6856,6856,6861,6860.5,6855.5,6855.5,6860.5
2025-10-02 04:40:00,6800,6862,6857,6860,6862,6863,6859,6861,6863,6862.5,6858.0,6860.5,6862.5
2025-10-02 04:45:00,11700,6866,6860,6862,6862,6867,6862,6863,6863,6866.5,6861.0,6862.5,6862.5
2025-10-02 04:50:00,9200,6862,6857,6862,6857,6863,6858,6863,6859,6862.5,6857.5,6862.5,6858.0
2025-10-02 04:55:00,17600,6860,6854,6857,6855,6861,6855,6859,6856,6860.5,6854.5,6858.0,6855.5
2025-10-02 05:00:00,30400,6863,6851,6855,6859,6864,6852,6856,6860,6863.5,6851.5,6855.5,6859.5
2025-10-02 05:05:00,7900,6859,6856,6859,6857,6860,6858,6860,6858,6859.5,6857.0,6859.5,6857.5
2025-10-02 05:10:00,8000,6860,6857,6857,6860,6861,6858,6858,6861,6860.5,6857.5,6857.5,6860.5
2025-10-02 05:15:00,12000,6860,6850,6860,6851,6861,6851,6861,6852,6860.5,6850.5,6860.5,6851.5
2025-10-02 05:20:00,7100,6852,6850,6851,6852,6853,6851,6852,6853,6852.5,6850.5,6851.5,6852.5
2025-10-02 05:25:00,10600,6855,6850,6852,6855,6856,6852,6853,6856,6855.5,6851.0,6852.5,6855.5
2025-10-02 05:30:00,12000,6861,6855,6855,6857,6862,6856,6856,6858,6861.5,6855.5,6855.5,6857.5
2025-10-02 05:35:00,10200,6861,6856,6857,6861,6862,6857,6858,6862,6861.5,6856.5,6857.5,6861.5
2025-10-02 05:40:00,13800,6864,6856,6861,6861,6865,6858,6862,6862,6864.5,6857.0,6861.5,6861.5
2025-10-02 05:45:00,8900,6863,6861,6861,6862,6864,6862,6862,6863,6863.5,6861.5,6861.5,6862.5
2025-10-02 05:50:00,12600,6863,6859,6862,6862,6864,6861,6863,6863,6863.5,6860.0,6862.5,6862.5
2025-10-02 05:55:00,14300,6862,6852,6862,6853,6863,6853,6863,6854,6862.5,6852.5,6862.5,6853.5
2025-10-02 06:00:00,27500,6856,6849,6853,6855,6857,6851,6854,6857,6856.5,6850.0,6853.5,6856.0
2025-10-02 06:05:00,24800,6857,6853,6856,6854,6858,6854,6857,6855,6857.5,6853.5,6856.5,6854.5
2025-10-02 06:10:00,21800,6857,6851,6854,6853,6858,6852,6855,6854,6857.5,6851.5,6854.5,6853.5
2025-10-02 06:15:00,18800,6853,6848,6853,6848,6854,6849,6854,6849,6853.5,6848.5,6853.5,6848.5
2025-10-02 06:20:00,41300,6853,6845,6848,6845,6854,6846,6849,6847,6853.5,6845.5,6848.5,6846.0
2025-10-02 06:25:00,,6829,6657,6686,6829,6830,6658,6687,6830,6829.5,6657.5,6686.5,6829.5
2025-10-02 06:30:00,507500,6829,6829,6829,6829,6849,6849,6849,6849,6839.0,6839.0,6839.0,6839.0
2025-10-03 00:00:00,171200,6832,6779,6800,6809,6834,6780,6801,6810,6832.5,6779.5,6800.5,6809.5
2025-10-03 00:05:00,35000,6818,6807,6809,6811,6819,6808,6810,6813,6818.5,6807.5,6809.5,6812.0
2025-10-03 00:10:00,31600,6818,6795,6811,6795,6819,6797,6813,6798,6818.5,6796.0,6812.0,6796.5
2025-10-03 00:15:00,19700,6808,6790,6795,6808,6809,6792,6797,6809,6808.5,6791.0,6796.0,6808.5
2025-10-03 00:20:00,16300,6809,6801,6808,6805,6810,6804,6809,6807,6809.5,6802.5,6808.5,6806.0
2025-10-03 00:25:00,16100,6816,6803,6805,6809,6818,6805,6807,6810,6816.5,6804.0,6806.0,6809.5
2025-10-03 00:30:00,18900,6812,6801,6809,6804,6813,6802,6810,6806,6812.5,6801.5,6809.5,6805.0
2025-10-03 00:35:00,15600,6821,6804,6805,6820,6823,6806,6806,6821,6822.0,6805.0,6805.5,6820.5
2025-10-03 00:40:00,11300,6832,6819,6820,6832,6834,6821,6821,6834,6833.0,6820.0,6820.5,6833.0
2025-10-03 00:45:00,10800,6841,6828,6832,6840,6843,6830,6834,6842,6842.0,6829.0,6833.0,6841.0
2025-10-03 00:50:00,9900,6850,6840,6840,6850,6852,6841,6842,6851,6851.0,6840.5,6841.0,6850.5
2025-10-03 00:55:00,17400,6854,6841,6850,6841,6856,6842,6852,6844,6855.0,6841.5,6851.0,6842.5
2025-10-03 01:00:00,9300,6853,6841,6841,6843,6854,6842,6844,6845,6853.5,6841.5,6842.5,6844.0
2025-10-03 01:05:00,13900,6852,6838,6843,6847,6853,6840,6845,6849,6852.5,6839.0,6844.0,6848.0
2025-10-03 01:10:00,5900,6855,6847,6847,6853,6857,6849,6849,6854,6856.0,6848.0,6848.0,6853.5
2025-10-03 01:15:00,18700,6862,6851,6853,6855,6864,6852,6854,6858,6863.0,6851.5,6853.5,6856.5
2025-10-03 01:20:00,3900,6855,6847,6855,6848,6858,6848,6858,6850,6856.5,6847.5,6856.5,6849.0
2025-10-03 01:25:00,5500,6849,6843,6848,6847,6850,6844,6850,6849,6849.5,6843.5,6849.0,6848.0
2025-10-03 01:30:00,9800,6856,6845,6847,6854,6857,6846,6849,6856,6856.5,6845.5,6848.0,6855.0
2025-10-03 01:35:00,9200,6857,6851,6855,6854,6858,6853,6856,6855,6857.5,6852.0,6855.5,6854.5
2025-10-03 01:40:00,48200,6866,6849,6854,6864,6868,6851,6855,6866,6866.5,6850.0,6854.5,6865.0
2025-10-03 01:45:00,31400,6869,6855,6864,6860,6870,6857,6866,6861,6869.5,6856.0,6865.0,6860.5
2025-10-03 01:50:00,30400,6860,6847,6860,6852,6861,6849,6861,6853,6860.5,6848.0,6860.5,6852.5
2025-10-03 01:55:00,14500,6853,6844,6852,6844,6854,6845,6853,6845,6853.5,6844.5,6852.5,6844.5
2025-10-03 02:00:00,18300,6853,6840,6844,6849,6855,6842,6845,6850,6854.0,6841.0,6844.5,6849.5
2025-10-03 02:05:00,12200,6862,6849,6849,6861,6863,6850,6850,6863,6862.5,6849.5,6849.5,6862.0
2025-10-03 02:10:00,14800,6866,6858,6861,6866,6867,6860,6863,6867,6866.5,6859.0,6862.0,6866.5
2025-10-03 02:15:00,13000,6875,6866,6866,6870,6876,6867,6867,6871,6875.5,6866.5,6866.5,6870.5
2025-10-03 02:20:00,9000,6872,6869,6870,6872,6873,6870,6871,6873,6872.5,6869.5,6870.5,6872.5
2025-10-03 02:25:00,16300,6876,6868,6872,6875,6877,6869,6873,6877,6876.5,6868.5,6872.5,6876.0
2025-10-03 02:30:00,1000,6875,6875,6875,6875,6877,6877,6877,6877,6876.0,6876.0,6876.0,6876.0
2025-10-03 03:30:00,43800,6879,6854,6854,6863,6880,6855,6855,6865,6879.5,6854.5,6854.5,6864.0
2025-10-03 03:35:00,14900,6868,6860,6863,6868,6870,6862,6865,6869,6868.5,6861.0,6864.0,6868.5
2025-10-03 03:40:00,11300,6870,6858,6868,6860,6871,6859,6869,6861,6870.5,6858.5,6868.5,6860.5
2025-10-03 03:45:00,12400,6862,6855,6860,6859,6863,6857,6861,6860,6862.5,6856.0,6860.5,6859.5
2025-10-03 03:50:00,9800,6866,6856,6859,6866,6867,6857,6861,6867,6866.5,6856.5,6860.0,6866.5
2025-10-03 03:55:00,10500,6867,6855,6866,6855,6868,6856,6867,6856,6867.5,6855.5,6866.5,6855.5
2025-10-03 04:00:00,14500,6860,6852,6855,6860,6861,6853,6856,6861,6860.5,6852.5,6855.5,6860.5
2025-10-03 04:05:00,9400,6863,6856,6860,6863,6864,6858,6861,6864,6863.5,6857.0,6860.5,6863.5
2025-10-03 04:10:00,11900,6865,6861,6863,6861,6867,6862,6864,6862,6866.0,6861.5,6863.5,6861.5
2025-10-03 04:15:00,10000,6861,6852,6861,6853,6862,6853,6862,6854,6861.5,6852.5,6861.5,6853.5
2025-10-03 04:20:00,16800,6864,6851,6853,6864,6866,6852,6854,6865,6865.0,6851.5,6853.5,6864.5
2025-10-03 04:25:00,10400,6867,6864,6864,6866,6868,6865,6865,6867,6867.5,6864.5,6864.5,6866.5
2025-10-03 04:30:00,8600,6866,6863,6866,6863,6867,6864,6867,6864,6866.5,6863.5,6866.5,6863.5
2025-10-03 04:35:00,9700,6864,6858,6863,6860,6865,6860,6864,6861,6864.5,6859.0,6863.5,6860.5
2025-10-03 04:40:00,15900,6860,6855,6860,6858,6861,6856,6861,6859,6860.5,6855.5,6860.5,6858.5
2025-10-03 04:45:00,16800,6860,6857,6858,6858,6862,6858,6859,6859,6861.0,6857.5,6858.5,6858.5
2025-10-03 04:50:00,11300,6860,6858,6858,6860,6861,6859,6859,6861,6860.5,6858.5,6858.5,6860.5
2025-10-03 04:55:00,6700,6862,6859,6860,6859,6863,6860,6861,6860,6862.5,6859.5,6860.5,6859.5
2025-10-03 05:00:00,15100,6865,6859,6859,6863,6866,6860,6860,6864,6865.5,6859.5,6859.5,6863.5
2025-10-03 05:05:00,14300,6865,6860,6863,6862,6866,6861,6864,6863,6865.5,6860.5,6863.5,6862.5
2025-10-03 05:10:00,8500,6864,6862,6862,6863,6865,6863,6863,6864,6864.5,6862.5,6862.5,6863.5
2025-10-03 05:15:00,15700,6867,6862,6863,6863,6868,6863,6864,6864,6867.5,6862.5,6863.5,6863.5
2025-10-03 05:20:00,9000,6863,6859,6863,6860,6864,6860,6864,6861,6863.5,6859.5,6863.5,6860.5
2025-10-03 05:25:00,12700,6865,6860,6860,6865,6866,6861,6861,6866,6865.5,6860.5,6860.5,6865.5
2025-10-03 05:30:00,14000,6869,6865,6865,6868,6870,6866,6866,6869,6869.5,6865.5,6865.5,6868.5
2025-10-03 05:35:00,20300,6874,6866,6868,6866,6875,6867,6869,6868,6874.5,6866.5,6868.5,6867.0
2025-10-03 05:40:00,18100,6871,6867,6867,6869,6872,6868,6868,6870,6871.5,6867.5,6867.5,6869.5
2025-10-03 05:45:00,10000,6873,6869,6869,6872,6874,6870,6870,6873,6873.5,6869.5,6869.5,6872.5
2025-10-03 05:50:00,15200,6876,6872,6872,6875,6877,6873,6873,6876,6876.5,6872.5,6872.5,6875.5
2025-10-03 05:55:00,19600,6877,6872,6875,6873,6878,6873,6876,6875,6877.5,6872.5,6875.5,6874.0
2025-10-03 06:00:00,26500,6874,6867,6873,6867,6875,6868,6875,6868,6874.5,6867.5,6874.0,6867.5
2025-10-03 06:05:00,27500,6867,6862,6867,6865,6868,6863,6868,6866,6867.5,6862.5,6867.5,6865.5
2025-10-03 06:10:00,18000,6865,6862,6865,6863,6866,6863,6866,6864,6865.5,6862.5,6865.5,6863.5
2025-10-03 06:15:00,35300,6871,6861,6863,6871,6872,6862,6864,6872,6871.5,6861.5,6863.5,6871.5
2025-10-03 06:20:00,39900,6873,6863,6871,6864,6874,6864,6872,6866,6873.5,6863.5,6871.5,6865.0
2025-10-03 06:25:00,,6843,6593,6791,6843,6844,6594,6792,6844,6843.5,6593.5,6791.5,6843.5
2025-10-03 06:30:00,565000,6842,6842,6842,6842,6860,6860,6860,6860,6851.0,6851.0,6851.0,6851.0
2025-10-06 00:00:00,208400,7036,6943,6999,7019,7040,6943,7000,7022,7038.0,6943.0,6999.5,7020.5
2025-10-06 00:05:00,102100,7071,7013,7019,7045,7073,7016,7023,7048,7071.5,7014.5,7021.0,7046.5
2025-10-06 00:10:00,91200,7069,7036,7045,7063,7070,7039,7048,7066,7069.5,7038.0,7046.5,7064.5
2025-10-06 00:15:00,38900,7067,7042,7063,7052,7069,7044,7067,7055,7067.5,7043.0,7065.0,7053.5
2025-10-06 00:20:00,28200,7052,7015,7052,7015,7055,7016,7055,7016,7053.5,7015.5,7053.5,7015.5
2025-10-06 00:25:00,30800,7019,6999,7015,7013,7021,7001,7016,7014,7020.0,7000.0,7015.5,7013.5
2025-10-06 00:30:00,37000,7018,7004,7013,7011,7020,7005,7014,7013,7019.0,7004.5,7013.5,7012.0
2025-10-06 00:35:00,21200,7015,6998,7011,7008,7017,7000,7013,7009,7016.0,6999.5,7012.0,7008.5
2025-10-06 00:40:00,47000,7019,7008,7008,7017,7020,7009,7009,7018,7019.5,7008.5,7008.5,7017.5
2025-10-06 00:45:00,21100,7018,6998,7017,7008,7019,7000,7018,7010,7018.5,6999.0,7017.5,7009.0
2025-10-06 00:50:00,15600,7018,7003,7008,7017,7020,7006,7010,7018,7019.0,7004.5,7009.0,7017.5
2025-10-06 00:55:00,31200,7022,7015,7017,7021,7023,7016,7018,7023,7022.5,7015.5,7017.5,7022.0
2025-10-06 01:00:00,17200,7022,7008,7021,7018,7023,7009,7023,7020,7022.5,7008.5,7022.0,7019.0
2025-10-06 01:05:00,23600,7026,7006,7018,7007,7029,7008,7020,7010,7027.5,7007.0,7019.0,7008.5
2025-10-06 01:10:00,8300,7016,7007,7007,7015,7017,7010,7010,7017,7016.5,7008.5,7008.5,7016.0
2025-10-06 01:15:00,15500,7021,7010,7016,7020,7023,7012,7017,7022,7021.5,7011.0,7016.5,7021.0
2025-10-06 01:20:00,8900,7021,7012,7020,7015,7022,7014,7022,7016,7021.5,7013.0,7021.0,7015.5
2025-10-06 01:25:00,7300,7019,7015,7015,7018,7020,7016,7016,7020,7019.5,7015.5,7015.5,7019.0
2025-10-06 01:30:00,18300,7026,7017,7018,7023,7027,7019,7019,7025,7026.5,7018.0,7018.5,7024.0
2025-10-06 01:35:00,16500,7026,7020,7023,7024,7027,7021,7025,7026,7026.5,7020.5,7024.0,7025.0
2025-10-06 01:40:00,8900,7029,7022,7024,7023,7030,7023,7026,7025,7029.5,7022.5,7025.0,7024.0
2025-10-06 01:45:00,17700,7043,7023,7023,7039,7044,7025,7025,7041,7043.5,7024.0,7024.0,7040.0
2025-10-06 01:50:00,18700,7042,7030,7039,7034,7044,7032,7041,7036,7043.0,7031.0,7040.0,7035.0
2025-10-06 01:55:00,10800,7035,7027,7034,7030,7036,7028,7036,7032,7035.5,7027.5,7035.0,7031.0
2025-10-06 02:00:00,8300,7037,7029,7030,7035,7039,7031,7032,7037,7038.0,7030.0,7031.0,7036.0
2025-10-06 02:05:00,11400,7042,7035,7035,7041,7043,7037,7037,7043,7042.5,7036.0,7036.0,7042.0
2025-10-06 02:10:00,16000,7049,7037,7041,7049,7050,7038,7043,7050,7049.5,7037.5,7042.0,7049.5
2025-10-06 02:15:00,9600,7049,7044,7049,7049,7050,7045,7050,7050,7049.5,7044.5,7049.5,7049.5
2025-10-06 02:20:00,24100,7057,7049,7049,7056,7058,7050,7050,7057,7057.5,7049.5,7049.5,7056.5
2025-10-06 02:25:00,19500,7063,7056,7056,7061,7065,7057,7057,7064,7064.0,7056.5,7056.5,7062.5
2025-10-06 02:30:00,1400,7059,7059,7059,7059,7064,7064,7064,7064,7061.5,7061.5,7061.5,7061.5
2025-10-06 03:30:00,65700,7067,7054,7059,7063,7068,7056,7060,7065,7067.5,7055.0,7059.5,7064.0
2025-10-06 03:35:00,23800,7064,7055,7063,7063,7065,7056,7065,7065,7064.5,7055.5,7064.0,7064.0
2025-10-06 03:40:00,53100,7079,7061,7063,7076,7080,7062,7065,7078,7079.5,7061.5,7064.0,7077.0
2025-10-06 03:45:00,29600,7086,7076,7076,7086,7088,7078,7078,7087,7087.0,7077.0,7077.0,7086.5
2025-10-06 03:50:00,32700,7096,7083,7086,7094,7097,7085,7087,7095,7096.5,7084.5,7086.5,7094.5
2025-10-06 03:55:00,28300,7097,7085,7094,7086,7099,7086,7095,7088,7098.0,7085.5,7094.5,7087.0
2025-10-06 04:00:00,21600,7087,7072,7086,7076,7090,7074,7088,7078,7088.5,7073.5,7087.0,7077.0
2025-10-06 04:05:00,24200,7084,7074,7076,7082,7086,7076,7078,7083,7085.0,7075.0,7077.0,7082.5
2025-10-06 04:10:00,14800,7086,7082,7082,7085,7087,7083,7083,7086,7086.5,7082.5,7082.5,7085.5
2025-10-06 04:15:00,33800,7091,7083,7085,7090,7092,7085,7086,7092,7091.5,7084.0,7085.5,7091.0
2025-10-06 04:20:00,17100,7093,7087,7090,7088,7095,7088,7092,7090,7094.0,7087.5,7091.0,7089.0
2025-10-06 04:25:00,20200,7095,7084,7088,7094,7096,7086,7090,7095,7095.5,7085.0,7089.0,7094.5
2025-10-06 04:30:00,82300,7103,7094,7094,7094,7104,7095,7095,7096,7103.5,7094.5,7094.5,7095.0
2025-10-06 04:35:00,15700,7099,7092,7094,7097,7100,7093,7096,7098,7099.5,7092.5,7095.0,7097.5
2025-10-06 04:40:00,23400,7100,7092,7097,7095,7101,7094,7099,7096,7100.5,7093.0,7098.0,7095.5
2025-10-06 04:45:00,9700,7097,7094,7095,7097,7098,7095,7096,7098,7097.5,7094.5,7095.5,7097.5
2025-10-06 04:50:00,18500,7099,7094,7097,7095,7100,7095,7099,7097,7099.5,7094.5,7098.0,7096.0
2025-10-06 04:55:00,18800,7099,7095,7095,7098,7100,7096,7097,7099,7099.5,7095.5,7096.0,7098.5
2025-10-06 05:00:00,16200,7099,7094,7098,7099,7100,7095,7099,7100,7099.5,7094.5,7098.5,7099.5
2025-10-06 05:05:00,38400,7102,7094,7099,7097,7103,7096,7100,7098,7102.5,7095.0,7099.5,7097.5
2025-10-06 05:10:00,12900,7097,7095,7097,7095,7098,7096,7098,7096,7097.5,7095.5,7097.5,7095.5
2025-10-06 05:15:00,19300,7099,7092,7095,7097,7100,7093,7096,7098,7099.5,7092.5,7095.5,7097.5
2025-10-06 05:20:00,29600,7101,7094,7097,7095,7102,7095,7098,7096,7101.5,7094.5,7097.5,7095.5
2025-10-06 05:25:00,18800,7099,7094,7095,7099,7100,7096,7096,7100,7099.5,7095.0,7095.5,7099.5
2025-10-06 05:30:00,74800,7101,7090,7099,7096,7102,7091,7100,7097,7101.5,7090.5,7099.5,7096.5
2025-10-06 05:35:00,47100,7100,7087,7096,7089,7102,7088,7097,7090,7101.0,7087.5,7096.5,7089.5
2025-10-06 05:40:00,42800,7091,7081,7089,7086,7092,7082,7090,7088,7091.5,7081.5,7089.5,7087.0
2025-10-06 05:45:00,29400,7096,7085,7086,7094,7097,7087,7088,7095,7096.5,7086.0,7087.0,7094.5
2025-10-06 05:50:00,32900,7101,7094,7094,7096,7102,7095,7095,7097,7101.5,7094.5,7094.5,7096.5
2025-10-06 05:55:00,29300,7098,7086,7096,7086,7099,7087,7097,7087,7098.5,7086.5,7096.5,7086.5
2025-10-06 06:00:00,39500,7089,7080,7086,7084,7090,7082,7087,7085,7089.5,7081.0,7086.5,7084.5
2025-10-06 06:05:00,25900,7088,7082,7084,7085,7089,7084,7085,7086,7088.5,7083.0,7084.5,7085.5
2025-10-06 06:10:00,27200,7089,7081,7085,7085,7090,7082,7086,7086,7089.5,7081.5,7085.5,7085.5
2025-10-06 06:15:00,33400,7090,7081,7085,7082,7091,7083,7086,7083,7090.5,7082.5,7085.5,7082.5
2025-10-06 06:20:00,42500,7082,7070,7082,7071,7083,7072,7083,7074,7082.5,7071.5,7082.5,7072.5
2025-10-06 06:25:00,,7141,7000,7010,7061,7142,7001,7011,7062,7141.5,7000.5,7010.5,7061.5
2025-10-06 06:30:00,610100,7061,7061,7061,7061,7070,7070,7070,7070,7065.5,7065.5,7065.5,7065.5
2025-10-07 00:00:00,186400,7096,7062,7068,7074,7098,7064,7069,7077,7096.5,7063.0,7068.5,7075.5
2025-10-07 00:05:00,30100,7098,7073,7074,7091,7100,7077,7077,7093,7099.0,7075.0,7075.5,7092.0
2025-10-07 00:10:00,51200,7115,7090,7091,7113,7117,7091,7093,7116,7116.0,7090.5,7092.0,7114.5
2025-10-07 00:15:00,30500,7129,7112,7113,7115,7130,7113,7116,7117,7129.5,7112.5,7114.5,7116.0
2025-10-07 00:20:00,23000,7118,7107,7115,7112,7120,7108,7117,7114,7119.0,7107.5,7116.0,7113.0
2025-10-07 00:25:00,14300,7116,7107,7112,7113,7117,7108,7114,7116,7116.5,7107.5,7113.0,7114.5
2025-10-07 00:30:00,11800,7114,7104,7113,7107,7116,7106,7116,7108,7115.0,7105.0,7114.5,7107.5
2025-10-07 00:35:00,6900,7109,7104,7107,7107,7110,7105,7108,7108,7109.5,7104.5,7107.5,7107.5
2025-10-07 00:40:00,20300,7114,7106,7107,7111,7115,7107,7109,7112,7114.5,7106.5,7108.0,7111.5
2025-10-07 00:45:00,23300,7117,7106,7111,7109,7118,7107,7112,7111,7117.5,7106.5,7111.5,7110.0
2025-10-07 00:50:00,39500,7129,7107,7109,7124,7130,7109,7111,7126,7129.5,7108.0,7110.0,7125.0
2025-10-07 00:55:00,24600,7133,7121,7124,7131,7134,7123,7126,7133,7133.5,7122.0,7125.0,7132.0
2025-10-07 01:00:00,19100,7139,7131,7131,7138,7140,7133,7133,7139,7139.5,7132.0,7132.0,7138.5
2025-10-07 01:05:00,19400,7144,7136,7138,7139,7145,7137,7139,7141,7144.5,7136.5,7138.5,7140.0
2025-10-07 01:10:00,21700,7144,7134,7139,7137,7145,7136,7141,7138,7144.5,7135.0,7140.0,7137.5
2025-10-07 01:15:00,11500,7144,7136,7137,7139,7145,7138,7138,7141,7144.5,7137.0,7137.5,7140.0
2025-10-07 01:20:00,20800,7140,7132,7139,7138,7142,7136,7141,7140,7141.0,7135.0,7140.0,7139.0
2025-10-07 01:25:00,12700,7147,7137,7138,7147,7149,7139,7140,7149,7148.0,7138.0,7139.0,7148.0
2025-10-07 01:30:00,12700,7149,7137,7147,7139,7150,7139,7149,7140,7149.5,7138.0,7148.0,7139.5
2025-10-07 01:35:00,10000,7140,7132,7138,7140,7142,7133,7140,7141,7141.0,7132.5,7139.0,7140.5
2025-10-07 01:40:00,10800,7142,7132,7140,7134,7143,7133,7141,7135,7142.5,7132.5,7140.5,7134.5
2025-10-07 01:45:00,13400,7135,7128,7134,7131,7136,7130,7135,7132,7135.5,7129.0,7134.5,7131.5
2025-10-07 01:50:00,9100,7134,7129,7131,7130,7135,7130,7132,7132,7134.5,7129.5,7131.5,7131.0
2025-10-07 01:55:00,11700,7138,7128,7130,7138,7139,7129,7132,7139,7138.5,7128.5,7131.0,7138.5
2025-10-07 02:00:00,19000,7138,7129,7138,7135,7139,7130,7139,7137,7138.5,7129.5,7138.5,7136.0
2025-10-07 02:05:00,11600,7136,7132,7135,7134,7137,7134,7137,7135,7136.5,7133.0,7136.0,7134.5
2025-10-07 02:10:00,12200,7134,7120,7134,7124,7135,7121,7135,7125,7134.5,7120.5,7134.5,7124.5
2025-10-07 02:15:00,10800,7124,7116,7124,7116,7125,7117,7125,7118,7124.5,7116.5,7124.5,7117.0
2025-10-07 02:20:00,14200,7124,7113,7116,7124,7127,7115,7118,7125,7125.5,7114.0,7117.0,7124.5
2025-10-07 02:25:00,21400,7134,7123,7124,7131,7136,7124,7125,7133,7135.0,7123.5,7124.5,7132.0
2025-10-07 02:30:00,3700,7131,7131,7131,7131,7134,7134,7134,7134,7132.5,7132.5,7132.5,7132.5
2025-10-07 03:30:00,58000,7137,7119,7129,7119,7138,7120,7130,7120,7137.5,7119.5,7129.5,7119.5
2025-10-07 03:35:00,29300,7121,7116,7119,7120,7123,7117,7120,7121,7121.5,7116.5,7119.5,7120.5
2025-10-07 03:40:00,24400,7134,7120,7120,7132,7135,7121,7121,7133,7134.5,7120.5,7120.5,7132.5
2025-10-07 03:45:00,27800,7133,7128,7132,7132,7134,7130,7133,7133,7133.5,7129.0,7132.5,7132.5
2025-10-07 03:50:00,19300,7136,7126,7132,7132,7137,7127,7133,7134,7136.5,7126.5,7132.5,7133.0
2025-10-07 03:55:00,12100,7134,7128,7132,7130,7135,7129,7134,7131,7134.5,7128.5,7133.0,7130.5
2025-10-07 04:00:00,19200,7133,7126,7130,7131,7134,7127,7131,7132,7133.5,7126.5,7130.5,7131.5
2025-10-07 04:05:00,22000,7134,7129,7131,7130,7135,7130,7132,7131,7134.5,7129.5,7131.5,7130.5
2025-10-07 04:10:00,15400,7132,7129,7130,7132,7133,7130,7131,7133,7132.5,7129.5,7130.5,7132.5
2025-10-07 04:15:00,26400,7143,7132,7132,7142,7144,7133,7133,7144,7143.5,7132.5,7132.5,7143.0
2025-10-07 04:20:00,15700,7148,7142,7142,7148,7150,7143,7144,7149,7149.0,7142.5,7143.0,7148.5
2025-10-07 04:25:00,37000,7154,7147,7148,7154,7156,7148,7149,7156,7155.0,7147.5,7148.5,7155.0
2025-10-07 04:30:00,23500,7159,7154,7154,7155,7160,7155,7155,7156,7159.5,7154.5,7154.5,7155.5
2025-10-07 04:35:00,16800,7156,7147,7155,7153,7157,7149,7156,7154,7156.5,7148.0,7155.5,7153.5
2025-10-07 04:40:00,12400,7156,7149,7153,7149,7157,7150,7154,7151,7156.5,7149.5,7153.5,7150.0
2025-10-07 04:45:00,12200,7155,7149,7149,7153,7156,7151,7151,7155,7155.5,7150.0,7150.0,7154.0
2025-10-07 04:50:00,18400,7155,7146,7153,7148,7157,7147,7155,7149,7156.0,7146.5,7154.0,7148.5
2025-10-07 04:55:00,9000,7152,7148,7148,7151,7153,7149,7149,7152,7152.5,7148.5,7148.5,7151.5
2025-10-07 05:00:00,23400,7152,7140,7151,7140,7153,7141,7152,7141,7152.5,7140.5,7151.5,7140.5
2025-10-07 05:05:00,12400,7142,7137,7140,7137,7143,7138,7141,7138,7142.5,7137.5,7140.5,7137.5
2025-10-07 05:10:00,15100,7138,7132,7137,7137,7139,7133,7138,7139,7138.5,7132.5,7137.5,7138.0
2025-10-07 05:15:00,15800,7141,7133,7137,7133,7142,7134,7139,7134,7141.5,7133.5,7138.0,7133.5
2025-10-07 05:20:00,17800,7139,7132,7133,7136,7140,7133,7134,7137,7139.5,7132.5,7133.5,7136.5
2025-10-07 05:25:00,13600,7140,7133,7136,7139,7141,7135,7137,7141,7140.5,7134.0,7136.5,7140.0
2025-10-07 05:30:00,18800,7141,7134,7139,7141,7142,7136,7141,7142,7141.5,7135.0,7140.0,7141.5
2025-10-07 05:35:00,17700,7144,7138,7141,7142,7145,7139,7142,7143,7144.5,7138.5,7141.5,7142.5
2025-10-07 05:40:00,27100,7149,7140,7142,7148,7150,7141,7143,7149,7149.5,7140.5,7142.5,7148.5
2025-10-07 05:45:00,68900,7173,7146,7148,7170,7174,7148,7149,7171,7173.5,7147.0,7148.5,7170.5
2025-10-07 05:50:00,37300,7171,7163,7170,7168,7172,7164,7171,7170,7171.5,7163.5,7170.5,7169.0
2025-10-07 05:55:00,292000,7222,7153,7168,7164,7223,7155,7170,7165,7222.5,7154.0,7169.0,7164.5
2025-10-07 06:00:00,40600,7180,7161,7164,7170,7182,7162,7165,7171,7181.0,7161.5,7164.5,7170.5
2025-10-07 06:05:00,36200,7173,7158,7170,7165,7175,7159,7171,7166,7174.0,7158.5,7170.5,7165.5
2025-10-07 06:10:00,50900,7180,7162,7165,7179,7182,7164,7166,7181,7181.0,7163.0,7165.5,7180.0
2025-10-07 06:15:00,71100,7192,7178,7179,7186,7194,7179,7181,7187,7192.5,7178.5,7180.0,7186.5
2025-10-07 06:20:00,80100,7198,7180,7186,7190,7199,7182,7187,7192,7198.5,7181.0,7186.5,7191.0
2025-10-07 06:25:00,,7458,7130,7131,7179,7459,7131,7132,7180,7458.5,7130.5,7131.5,7179.5
2025-10-07 06:30:00,685600,7179,7179,7179,7179,7187,7187,7187,7187,7183.0,7183.0,7183.0,7183.0
2025-10-08 00:00:00,164400,7241,7200,7212,7207,7243,7208,7213,7209,7242.0,7207.0,7212.5,7208.0
2025-10-08 00:05:00,42300,7224,7203,7207,7213,7226,7205,7209,7215,7225.0,7204.0,7208.0,7214.0
2025-10-08 00:10:00,37300,7213,7185,7213,7194,7215,7186,7215,7196,7214.0,7185.5,7214.0,7195.0
2025-10-08 00:15:00,23000,7205,7181,7194,7185,7206,7183,7196,7186,7205.5,7182.0,7195.0,7185.5
2025-10-08 00:20:00,23100,7189,7180,7185,7188,7190,7181,7186,7190,7189.5,7180.5,7185.5,7189.0
2025-10-08 00:25:00,16200,7190,7180,7188,7181,7191,7181,7190,7183,7190.5,7180.5,7189.0,7182.0
2025-10-08 00:30:00,20500,7190,7175,7181,7181,7191,7177,7184,7183,7190.5,7176.0,7182.5,7182.0
2025-10-08 00:35:00,12700,7188,7180,7181,7180,7190,7181,7183,7182,7189.0,7180.5,7182.0,7181.0
2025-10-08 00:40:00,16200,7183,7170,7180,7172,7185,7171,7182,7173,7183.5,7170.5,7181.0,7172.5
2025-10-08 00:45:00,20400,7172,7163,7172,7166,7174,7164,7174,7168,7173.0,7163.5,7173.0,7167.0
2025-10-08 00:50:00,42400,7168,7145,7166,7167,7170,7148,7168,7169,7168.5,7146.5,7167.0,7168.0
2025-10-08 00:55:00,61000,7169,7132,7167,7142,7171,7134,7169,7144,7170.0,7133.0,7168.0,7143.0
2025-10-08 01:00:00,43100,7149,7132,7142,7136,7150,7134,7144,7137,7149.5,7133.0,7143.0,7136.5
2025-10-08 01:05:00,15000,7147,7135,7136,7146,7148,7137,7137,7148,7147.5,7136.5,7136.5,7147.0
2025-10-08 01:10:00,11100,7148,7138,7146,7141,7149,7139,7148,7143,7148.5,7138.5,7147.0,7142.0
2025-10-08 01:15:00,15500,7144,7138,7141,7143,7147,7139,7143,7145,7145.5,7138.5,7142.0,7144.0
2025-10-08 01:20:00,30500,7146,7132,7143,7137,7147,7133,7145,7138,7146.5,7132.5,7144.0,7137.5
2025-10-08 01:25:00,7800,7141,7135,7137,7137,7142,7137,7138,7139,7141.5,7136.0,7137.5,7138.0
2025-10-08 01:30:00,7500,7142,7137,7137,7140,7143,7139,7139,7142,7142.5,7138.0,7138.0,7141.0
2025-10-08 01:35:00,7200,7142,7135,7140,7138,7145,7136,7142,7139,7143.5,7135.5,7141.0,7138.5
2025-10-08 01:40:00,31600,7139,7132,7138,7137,7140,7133,7139,7138,7139.5,7132.5,7138.5,7137.5
2025-10-08 01:45:00,21900,7137,7127,7137,7131,7139,7129,7138,7133,7138.0,7128.0,7137.5,7132.0
2025-10-08 01:50:00,11500,7132,7125,7131,7129,7134,7126,7133,7131,7133.0,7125.5,7132.0,7130.0
2025-10-08 01:55:00,8700,7130,7121,7130,7122,7132,7123,7131,7124,7131.0,7122.0,7130.5,7123.0
2025-10-08 02:00:00,9000,7125,7121,7122,7123,7126,7122,7124,7125,7125.5,7121.5,7123.0,7124.0
2025-10-08 02:05:00,23400,7123,7105,7123,7111,7125,7107,7125,7113,7124.0,7106.0,7124.0,7112.0
2025-10-08 02:10:00,11500,7119,7111,7111,7118,7121,7113,7113,7119,7120.0,7112.0,7112.0,7118.5
2025-10-08 02:15:00,11900,7122,7111,7118,7112,7123,7112,7119,7114,7122.5,7111.5,7118.5,7113.0
2025-10-08 02:20:00,16600,7112,7103,7112,7106,7114,7105,7114,7107,7113.0,7104.0,7113.0,7106.5
2025-10-08 02:25:00,35000,7106,7094,7106,7095,7107,7096,7107,7098,7106.5,7095.0,7106.5,7096.5
2025-10-08 02:30:00,1600,7093,7093,7093,7093,7098,7098,7098,7098,7095.5,7095.5,7095.5,7095.5
2025-10-08 03:30:00,47500,7109,7083,7092,7085,7112,7085,7093,7086,7109.5,7084.0,7092.5,7085.5
2025-10-08 03:35:00,16200,7090,7082,7085,7086,7092,7083,7086,7088,7091.0,7082.5,7085.5,7087.0
2025-10-08 03:40:00,16800,7091,7082,7086,7088,7093,7084,7088,7089,7092.0,7083.0,7087.0,7088.5
2025-10-08 03:45:00,22400,7100,7088,7088,7092,7101,7089,7089,7094,7100.5,7088.5,7088.5,7093.0
2025-10-08 03:50:00,7100,7094,7088,7092,7091,7097,7089,7094,7092,7095.5,7088.5,7093.0,7091.5
2025-10-08 03:55:00,11800,7096,7088,7091,7093,7097,7089,7092,7094,7096.5,7088.5,7091.5,7093.5
2025-10-08 04:00:00,33300,7093,7086,7093,7087,7094,7088,7094,7088,7093.5,7087.0,7093.5,7087.5
2025-10-08 04:05:00,22600,7090,7080,7087,7080,7092,7082,7088,7082,7091.0,7081.0,7087.5,7081.0
2025-10-08 04:10:00,16500,7082,7075,7080,7078,7084,7076,7082,7079,7083.0,7075.5,7081.0,7078.5
2025-10-08 04:15:00,9500,7088,7078,7078,7088,7090,7079,7079,7089,7089.0,7078.5,7078.5,7088.5
2025-10-08 04:20:00,14900,7090,7082,7088,7082,7091,7083,7089,7083,7090.5,7082.5,7088.5,7082.5
2025-10-08 04:25:00,20800,7084,7076,7082,7077,7085,7077,7083,7078,7084.5,7076.5,7082.5,7077.5
2025-10-08 04:30:00,19300,7078,7070,7077,7070,7079,7071,7078,7071,7078.5,7070.5,7077.5,7070.5
2025-10-08 04:35:00,5000,7074,7070,7070,7072,7075,7071,7071,7074,7074.5,7070.5,7070.5,7073.0
2025-10-08 04:40:00,24600,7073,7063,7073,7067,7074,7064,7074,7069,7073.5,7063.5,7073.5,7068.0
2025-10-08 04:45:00,13500,7069,7060,7067,7063,7070,7061,7069,7064,7069.5,7060.5,7068.0,7063.5
2025-10-08 04:50:00,12300,7067,7062,7063,7064,7068,7063,7064,7065,7067.5,7062.5,7063.5,7064.5
2025-10-08 04:55:00,7900,7066,7062,7064,7063,7068,7064,7065,7064,7067.0,7063.0,7064.5,7063.5
2025-10-08 05:00:00,14800,7068,7059,7063,7068,7069,7060,7064,7069,7068.5,7059.5,7063.5,7068.5
2025-10-08 05:05:00,21600,7073,7066,7068,7068,7074,7067,7069,7069,7073.5,7066.5,7068.5,7068.5
2025-10-08 05:10:00,8400,7068,7063,7068,7063,7069,7064,7069,7064,7068.5,7063.5,7068.5,7063.5
2025-10-08 05:15:00,11400,7064,7059,7063,7060,7065,7060,7064,7061,7064.5,7059.5,7063.5,7060.5
2025-10-08 05:20:00,15900,7060,7056,7060,7058,7061,7057,7061,7059,7060.5,7056.5,7060.5,7058.5
2025-10-08 05:25:00,16500,7061,7053,7058,7057,7063,7054,7059,7059,7062.0,7053.5,7058.5,7058.0
2025-10-08 05:30:00,20100,7068,7055,7057,7062,7069,7056,7059,7063,7068.5,7055.5,7058.0,7062.5
2025-10-08 05:35:00,10400,7072,7062,7062,7072,7073,7063,7063,7073,7072.5,7062.5,7062.5,7072.5
2025-10-08 05:40:00,13800,7072,7067,7072,7068,7073,7068,7073,7069,7072.5,7067.5,7072.5,7068.5
2025-10-08 05:45:00,14000,7074,7066,7068,7072,7075,7067,7069,7073,7074.5,7066.5,7068.5,7072.5
2025-10-08 05:50:00,25100,7082,7068,7072,7077,7084,7070,7073,7078,7083.0,7069.0,7072.5,7077.5
2025-10-08 05:55:00,22800,7081,7073,7077,7079,7082,7074,7078,7080,7081.5,7073.5,7077.5,7079.5
2025-10-08 06:00:00,20600,7086,7076,7079,7078,7087,7078,7080,7079,7086.5,7077.0,7079.5,7078.5
2025-10-08 06:05:00,19300,7081,7070,7078,7078,7082,7072,7079,7079,7081.5,7071.0,7078.5,7078.5
2025-10-08 06:10:00,20100,7078,7068,7078,7069,7079,7069,7079,7070,7078.5,7068.5,7078.5,7069.5
2025-10-08 06:15:00,18600,7071,7064,7069,7064,7072,7065,7070,7065,7071.5,7064.5,7069.5,7064.5
2025-10-08 06:20:00,26100,7065,7060,7064,7065,7068,7061,7065,7067,7066.5,7060.5,7064.5,7066.0
2025-10-08 06:25:00,,7111,6872,7087,7040,7112,6873,7088,7041,7111.5,6872.5,7087.5,7040.5
2025-10-08 06:30:00,838800,7040,7040,7040,7040,7065,7065,7065,7065,7052.5,7052.5,7052.5,7052.5
2025-10-09 00:00:00,254000,7085,7052,7070,7067,7086,7054,7071,7069,7085.5,7053.0,7070.5,7068.0
2025-10-09 00:05:00,48700,7067,7034,7067,7037,7069,7036,7069,7038,7068.0,7035.5,7068.0,7037.5
2025-10-09 00:10:00,31500,7040,7029,7037,7038,7042,7030,7038,7039,7041.0,7029.5,7037.5,7038.5
2025-10-09 00:15:00,27800,7053,7037,7038,7041,7054,7038,7039,7042,7053.5,7037.5,7038.5,7041.5
2025-10-09 00:20:00,22700,7050,7038,7041,7042,7051,7039,7042,7044,7050.5,7038.5,7041.5,7043.0
2025-10-09 00:25:00,24700,7064,7042,7042,7053,7065,7044,7044,7054,7064.5,7043.0,7043.0,7053.5
2025-10-09 00:30:00,15300,7056,7043,7053,7050,7057,7044,7054,7051,7056.5,7043.5,7053.5,7050.5
2025-10-09 00:35:00,22000,7054,7043,7050,7050,7056,7044,7051,7051,7055.0,7043.5,7050.5,7050.5
2025-10-09 00:40:00,23300,7051,7039,7050,7046,7052,7041,7051,7048,7051.5,7040.0,7050.5,7047.0
2025-10-09 00:45:00,8300,7048,7041,7046,7047,7050,7042,7048,7048,7049.0,7041.5,7047.0,7047.5
2025-10-09 00:50:00,13100,7052,7042,7047,7050,7053,7044,7048,7052,7052.5,7043.0,7047.5,7051.0
2025-10-09 00:55:00,17900,7056,7047,7050,7049,7058,7049,7052,7051,7057.0,7048.0,7051.0,7050.0
2025-10-09 01:00:00,20600,7057,7043,7049,7046,7058,7045,7051,7047,7057.5,7044.0,7050.0,7046.5
2025-10-09 01:05:00,9800,7055,7045,7046,7051,7056,7047,7047,7052,7055.5,7046.5,7046.5,7051.5
2025-10-09 01:10:00,8300,7054,7047,7051,7054,7055,7048,7052,7055,7054.5,7047.5,7051.5,7054.5
2025-10-09 01:15:00,10900,7054,7041,7054,7048,7055,7042,7055,7049,7054.5,7041.5,7054.5,7048.5
2025-10-09 01:20:00,9100,7048,7037,7048,7038,7049,7038,7049,7039,7048.5,7037.5,7048.5,7038.5
2025-10-09 01:25:00,6700,7040,7033,7038,7034,7041,7035,7039,7035,7040.5,7034.0,7038.5,7034.5
2025-10-09 01:30:00,11700,7044,7033,7034,7039,7045,7034,7035,7040,7044.5,7033.5,7034.5,7039.5
2025-10-09 01:35:00,13000,7039,7030,7039,7034,7041,7031,7040,7035,7040.0,7030.5,7039.5,7034.5
2025-10-09 01:40:00,14700,7036,7020,7034,7024,7037,7022,7035,7025,7036.5,7021.0,7034.5,7024.5
2025-10-09 01:45:00,8400,7027,7022,7024,7025,7028,7024,7025,7026,7027.5,7023.0,7024.5,7025.5
2025-10-09 01:50:00,19300,7025,7014,7025,7016,7026,7017,7026,7017,7025.5,7015.5,7025.5,7016.5
2025-10-09 01:55:00,10400,7023,7015,7015,7022,7024,7017,7017,7023,7023.5,7016.0,7016.0,7022.5
2025-10-09 02:00:00,10800,7024,7012,7022,7014,7026,7014,7023,7017,7025.0,7013.0,7022.5,7015.5
2025-10-09 02:05:00,15000,7016,7000,7014,7002,7017,7001,7017,7004,7016.5,7000.5,7015.5,7003.0
2025-10-09 02:10:00,15000,7005,6998,7002,7000,7006,7000,7004,7001,7005.5,6999.0,7003.0,7000.5
2025-10-09 02:15:00,10100,7003,6998,7000,7001,7004,6999,7001,7002,7003.5,6998.5,7000.5,7001.5
2025-10-09 02:20:00,13800,7003,6997,7001,7000,7005,6998,7002,7002,7004.0,6997.5,7001.5,7001.0
2025-10-09 02:25:00,10900,7000,6991,7000,6991,7002,6993,7002,6993,7001.0,6992.0,7001.0,6992.0
2025-10-09 02:30:00,700,6991,6991,6991,6991,6993,6993,6993,6993,6992.0,6992.0,6992.0,6992.0
2025-10-09 03:30:00,50500,7007,6990,6990,7006,7008,6991,6991,7008,7007.5,6990.5,6990.5,7007.0
2025-10-09 03:35:00,14200,7011,7000,7006,7006,7012,7001,7008,7007,7011.5,7000.5,7007.0,7006.5
2025-10-09 03:40:00,11200,7012,7004,7006,7011,7013,7005,7007,7012,7012.5,7004.5,7006.5,7011.5
2025-10-09 03:45:00,10700,7016,7009,7011,7013,7018,7010,7012,7014,7016.5,7009.5,7011.5,7013.5
2025-10-09 03:50:00,9900,7013,7007,7013,7011,7014,7008,7014,7012,7013.5,7007.5,7013.5,7011.5
2025-10-09 03:55:00,11700,7013,7008,7011,7008,7014,7009,7012,7010,7013.5,7008.5,7011.5,7009.0
2025-10-09 04:00:00,9500,7010,7006,7008,7009,7011,7007,7010,7010,7010.5,7006.5,7009.0,7009.5
2025-10-09 04:05:00,10300,7013,7009,7009,7011,7015,7010,7010,7012,7014.0,7009.5,7009.5,7011.5
2025-10-09 04:10:00,13700,7018,7011,7011,7013,7020,7012,7012,7014,7019.0,7011.5,7011.5,7013.5
2025-10-09 04:15:00,6300,7013,7011,7013,7012,7014,7012,7014,7013,7013.5,7011.5,7013.5,7012.5
2025-10-09 04:20:00,11300,7013,7009,7012,7011,7014,7010,7013,7012,7013.5,7009.5,7012.5,7011.5
2025-10-09 04:25:00,13800,7011,7007,7011,7009,7012,7008,7012,7010,7011.5,7007.5,7011.5,7009.5
2025-10-09 04:30:00,10100,7009,7004,7009,7005,7010,7005,7010,7006,7009.5,7004.5,7009.5,7005.5
2025-10-09 04:35:00,8000,7007,7004,7005,7006,7008,7005,7006,7007,7007.5,7004.5,7005.5,7006.5
2025-10-09 04:40:00,10000,7006,7001,7006,7001,7007,7002,7007,7003,7006.5,7001.5,7006.5,7002.0
2025-10-09 04:45:00,12100,7002,6996,7001,6996,7003,6997,7003,6997,7002.5,6996.5,7002.0,6996.5
2025-10-09 04:50:00,10900,6998,6996,6996,6997,6999,6997,6997,6998,6998.5,6996.5,6996.5,6997.5
2025-10-09 04:55:00,12800,6997,6994,6997,6994,6998,6995,6998,6995,6997.5,6994.5,6997.5,6994.5
2025-10-09 05:00:00,18200,6999,6991,6994,6998,7000,6992,6995,7000,6999.5,6991.5,6994.5,6999.0
2025-10-09 05:05:00,11800,7000,6997,6998,6998,7001,6998,7000,6999,7000.5,6997.5,6999.0,6998.5
2025-10-09 05:10:00,9000,6998,6995,6998,6997,6999,6996,6999,6998,6998.5,6995.5,6998.5,6997.5
2025-10-09 05:15:00,11800,6999,6995,6997,6998,7000,6996,6998,6999,6999.5,6995.5,6997.5,6998.5
2025-10-09 05:20:00,9800,6999,6997,6998,6997,7000,6998,6999,6998,6999.5,6997.5,6998.5,6997.5
2025-10-09 05:25:00,10700,6997,6994,6997,6997,6998,6995,6998,6998,6997.5,6994.5,6997.5,6997.5
2025-10-09 05:30:00,31600,6997,6988,6997,6991,6998,6989,6998,6992,6997.5,6988.5,6997.5,6991.5
2025-10-09 05:35:00,15000,6996,6991,6991,6993,6997,6992,6992,6994,6996.5,6991.5,6991.5,6993.5
2025-10-09 05:40:00,16100,6997,6992,6993,6994,6998,6993,6994,6995,6997.5,6992.5,6993.5,6994.5
2025-10-09 05:45:00,14500,6996,6992,6994,6993,6997,6993,6995,6995,6996.5,6992.5,6994.5,6994.0
2025-10-09 05:50:00,14800,6997,6992,6993,6995,6998,6994,6995,6996,6997.5,6993.0,6994.0,6995.5
2025-10-09 05:55:00,18600,6997,6993,6995,6996,6998,6994,6996,6997,6997.5,6993.5,6995.5,6996.5
2025-10-09 06:00:00,30100,6999,6993,6996,6994,7000,6995,6997,6995,6999.5,6994.0,6996.5,6994.5
2025-10-09 06:05:00,37600,6999,6992,6994,6998,7001,6993,6995,6999,7000.0,6992.5,6994.5,6998.5
2025-10-09 06:10:00,26900,7002,6998,6998,6999,7003,6999,6999,7000,7002.5,6998.5,6998.5,6999.5
2025-10-09 06:15:00,44400,6999,6986,6999,6990,7000,6988,7000,6991,6999.5,6987.0,6999.5,6990.5
2025-10-09 06:20:00,62100,6998,6981,6990,6993,7000,6982,6991,6998,6999.0,6981.5,6990.5,6995.5
2025-10-09 06:25:00,,7027,6787,6978,6990,7028,6788,6979,6991,7027.5,6787.5,6978.5,6990.5
2025-10-09 06:30:00,722200,6986,6986,6986,6986,6991,6991,6991,6991,6988.5,6988.5,6988.5,6988.5
2025-10-10 00:00:00,924000,6893,6485,6485,6864,6895,6486,6486,6868,6893.5,6485.5,6485.5,6866.0
2025-10-10 00:05:00,89400,6864,6824,6864,6849,6869,6825,6868,6852,6866.5,6824.5,6866.0,6850.5
2025-10-10 00:10:00,52000,6856,6825,6849,6831,6859,6828,6852,6833,6857.0,6827.0,6850.5,6832.0
2025-10-10 00:15:00,34300,6849,6829,6831,6847,6850,6830,6833,6849,6849.5,6829.5,6832.0,6848.0
2025-10-10 00:20:00,29100,6854,6841,6847,6846,6857,6844,6849,6848,6855.5,6842.5,6848.0,6847.0
2025-10-10 00:25:00,25400,6856,6845,6846,6853,6857,6848,6848,6855,6856.5,6846.5,6847.0,6854.0
2025-10-10 00:30:00,31600,6863,6842,6853,6842,6865,6844,6855,6844,6864.0,6843.0,6854.0,6843.0
2025-10-10 00:35:00,41400,6842,6825,6842,6826,6844,6827,6844,6828,6843.0,6826.0,6843.0,6827.0
2025-10-10 00:40:00,32000,6836,6825,6826,6829,6838,6826,6828,6832,6836.5,6825.5,6827.0,6830.5
2025-10-10 00:45:00,17600,6831,6825,6829,6826,6833,6826,6832,6827,6832.0,6825.5,6830.5,6826.5
2025-10-10 00:50:00,38700,6830,6822,6826,6827,6832,6823,6827,6829,6831.0,6822.5,6826.5,6828.0
2025-10-10 00:55:00,34200,6829,6818,6827,6820,6830,6819,6829,6822,6829.5,6818.5,6828.0,6821.0
2025-10-10 01:00:00,26900,6824,6813,6820,6813,6826,6814,6822,6814,6825.0,6813.5,6821.0,6813.5
2025-10-10 01:05:00,33500,6815,6806,6813,6813,6817,6807,6814,6815,6816.0,6806.5,6813.5,6814.0
2025-10-10 01:10:00,24300,6817,6806,6813,6806,6819,6807,6815,6807,6818.0,6806.5,6814.0,6806.5
2025-10-10 01:15:00,41400,6809,6801,6806,6802,6810,6802,6807,6804,6809.5,6801.5,6806.5,6803.0
2025-10-10 01:20:00,27900,6811,6801,6801,6811,6813,6803,6804,6812,6812.0,6802.5,6802.5,6811.5
2025-10-10 01:25:00,23300,6811,6803,6811,6806,6812,6805,6812,6807,6811.5,6804.0,6811.5,6806.5
2025-10-10 01:30:00,21900,6814,6806,6806,6810,6815,6807,6807,6811,6814.5,6806.5,6806.5,6810.5
2025-10-10 01:35:00,86600,6810,6794,6810,6802,6811,6796,6811,6804,6810.5,6795.5,6810.5,6803.0
2025-10-10 01:40:00,28300,6816,6801,6802,6803,6817,6802,6804,6804,6816.5,6801.5,6803.0,6803.5
2025-10-10 01:45:00,24600,6817,6799,6803,6817,6819,6801,6804,6818,6818.0,6800.0,6803.5,6817.5
2025-10-10 01:50:00,19600,6825,6817,6817,6822,6826,6818,6818,6823,6825.5,6817.5,6817.5,6822.5
2025-10-10 01:55:00,26200,6830,6820,6822,6829,6831,6822,6823,6830,6830.5,6821.0,6822.5,6829.5
2025-10-10 02:00:00,37800,6837,6824,6829,6833,6838,6825,6830,6834,6837.5,6824.5,6829.5,6833.5
2025-10-10 02:05:00,18800,6833,6822,6833,6826,6835,6824,6834,6827,6834.0,6823.0,6833.5,6826.5
2025-10-10 02:10:00,24000,6827,6818,6826,6820,6828,6819,6827,6822,6827.5,6818.5,6826.5,6821.0
2025-10-10 02:15:00,21400,6825,6818,6820,6820,6827,6820,6822,6821,6826.0,6819.0,6821.0,6820.5
2025-10-10 02:20:00,17700,6827,6820,6820,6825,6828,6821,6821,6826,6827.5,6820.5,6820.5,6825.5
2025-10-10 02:25:00,20300,6827,6821,6825,6824,6828,6823,6826,6827,6827.5,6822.0,6825.5,6825.5
2025-10-10 02:30:00,4800,6823,6823,6823,6823,6827,6827,6827,6827,6825.0,6825.0,6825.0,6825.0
2025-10-10 03:30:00,65700,6843,6810,6810,6839,6844,6811,6811,6842,6843.5,6810.5,6810.5,6840.5
2025-10-10 03:35:00,21700,6845,6830,6839,6830,6847,6831,6842,6831,6846.0,6830.5,6840.5,6830.5
2025-10-10 03:40:00,18100,6830,6824,6830,6828,6831,6825,6831,6830,6830.5,6824.5,6830.5,6829.0
2025-10-10 03:45:00,17900,6837,6824,6828,6824,6838,6825,6830,6825,6837.5,6824.5,6829.0,6824.5
2025-10-10 03:50:00,10700,6833,6823,6824,6833,6834,6824,6825,6834,6833.5,6823.5,6824.5,6833.5
2025-10-10 03:55:00,17400,6838,6832,6833,6836,6839,6833,6834,6837,6838.5,6832.5,6833.5,6836.5
2025-10-10 04:00:00,12000,6836,6831,6836,6831,6837,6832,6837,6832,6836.5,6831.5,6836.5,6831.5
2025-10-10 04:05:00,17900,6834,6828,6831,6830,6835,6829,6832,6831,6834.5,6828.5,6831.5,6830.5
2025-10-10 04:10:00,14400,6831,6828,6830,6828,6832,6829,6831,6829,6831.5,6828.5,6830.5,6828.5
2025-10-10 04:15:00,18500,6834,6827,6828,6834,6835,6828,6829,6835,6834.5,6827.5,6828.5,6834.5
2025-10-10 04:20:00,12100,6836,6834,6834,6836,6837,6835,6835,6837,6836.5,6834.5,6834.5,6836.5
2025-10-10 04:25:00,14700,6836,6832,6836,6836,6837,6833,6837,6837,6836.5,6832.5,6836.5,6836.5
2025-10-10 04:30:00,18300,6837,6830,6836,6832,6838,6831,6837,6834,6837.5,6830.5,6836.5,6833.0
2025-10-10 04:35:00,8400,6835,6831,6832,6833,6836,6832,6834,6834,6835.5,6831.5,6833.0,6833.5
2025-10-10 04:40:00,13500,6836,6831,6833,6831,6837,6832,6834,6832,6836.5,6831.5,6833.5,6831.5
2025-10-10 04:45:00,7400,6832,6830,6831,6832,6833,6831,6832,6833,6832.5,6830.5,6831.5,6832.5
2025-10-10 04:50:00,13500,6832,6827,6832,6828,6833,6828,6833,6829,6832.5,6827.5,6832.5,6828.5
2025-10-10 04:55:00,18900,6828,6822,6828,6822,6829,6823,6829,6823,6828.5,6822.5,6828.5,6822.5
2025-10-10 05:00:00,23500,6825,6820,6822,6822,6827,6821,6823,6823,6826.0,6820.5,6822.5,6822.5
2025-10-10 05:05:00,23800,6826,6818,6822,6822,6827,6820,6823,6823,6826.5,6819.0,6822.5,6822.5
2025-10-10 05:10:00,12400,6824,6820,6822,6821,6825,6821,6823,6822,6824.5,6820.5,6822.5,6821.5
2025-10-10 05:15:00,13600,6826,6821,6821,6826,6828,6822,6822,6827,6827.0,6821.5,6821.5,6826.5
2025-10-10 05:20:00,13600,6827,6820,6826,6820,6828,6821,6827,6821,6827.5,6820.5,6826.5,6820.5
2025-10-10 05:25:00,13600,6823,6820,6820,6822,6824,6821,6821,6823,6823.5,6820.5,6820.5,6822.5
2025-10-10 05:30:00,28700,6824,6820,6822,6824,6825,6821,6823,6825,6824.5,6820.5,6822.5,6824.5
2025-10-10 05:35:00,19200,6829,6824,6824,6827,6830,6825,6825,6828,6829.5,6824.5,6824.5,6827.5
2025-10-10 05:40:00,27400,6827,6824,6827,6827,6829,6825,6828,6828,6828.0,6824.5,6827.5,6827.5
2025-10-10 05:45:00,48300,6834,6825,6827,6834,6836,6827,6828,6836,6835.0,6826.0,6827.5,6835.0
2025-10-10 05:50:00,37100,6835,6829,6834,6832,6836,6830,6836,6834,6835.5,6829.5,6835.0,6833.0
2025-10-10 05:55:00,43100,6833,6827,6832,6827,6834,6829,6834,6829,6833.5,6828.0,6833.0,6828.0
2025-10-10 06:00:00,37000,6827,6817,6827,6817,6829,6819,6829,6819,6828.0,6818.0,6828.0,6818.0
2025-10-10 06:05:00,24700,6827,6817,6817,6825,6829,6819,6819,6826,6828.0,6818.0,6818.0,6825.5
2025-10-10 06:10:00,31700,6825,6820,6825,6821,6827,6821,6826,6822,6826.0,6820.5,6825.5,6821.5
2025-10-10 06:15:00,60900,6825,6818,6821,6818,6835,6819,6822,6819,6827.5,6818.5,6821.5,6818.5
2025-10-10 06:20:00,45600,6818,6810,6818,6812,6819,6811,6819,6814,6818.5,6810.5,6818.5,6813.0
2025-10-10 06:25:00,,6843,6626,6794,6824,6844,6627,6795,6825,6843.5,6626.5,6794.5,6824.5
2025-10-10 06:30:00,737800,6822,6822,6822,6822,6825,6825,6825,6825,6823.5,6823.5,6823.5,6823.5
2025-10-14 00:00:00,,6724,6624,6634,6624,6724,6624,6635,6624,6724.0,6624.0,6634.5,6624.0
2025-10-14 00:05:00,889000,6631,6595,6624,6627,6638,6598,6624,6629,6634.0,6597.0,6624.0,6628.0
2025-10-14 00:10:00,147900,6632,6600,6627,6600,6635,6602,6629,6602,6633.5,6601.0,6628.0,6601.0
2025-10-14 00:15:00,90500,6646,6598,6600,6641,6648,6599,6602,6643,6647.0,6598.5,6601.0,6642.0
2025-10-14 00:20:00,54600,6649,6636,6642,6645,6650,6637,6643,6647,6649.5,6636.5,6642.5,6646.0
2025-10-14 00:25:00,59400,6663,6644,6645,6661,6664,6646,6647,6662,6663.5,6645.0,6646.0,6661.5
2025-10-14 00:30:00,56600,6665,6654,6661,6658,6666,6655,6662,6659,6665.5,6654.5,6661.5,6658.5
2025-10-14 00:35:00,81600,6659,6635,6657,6638,6660,6636,6659,6640,6659.5,6635.5,6658.0,6639.0
2025-10-14 00:40:00,44000,6648,6639,6639,6644,6650,6640,6640,6645,6648.5,6639.5,6639.5,6644.5
2025-10-14 00:45:00,27600,6648,6636,6644,6645,6649,6637,6645,6646,6648.5,6636.5,6644.5,6645.5
2025-10-14 00:50:00,29400,6654,6643,6645,6653,6656,6644,6646,6655,6655.0,6643.5,6645.5,6654.0
2025-10-14 00:55:00,28500,6671,6653,6653,6667,6672,6655,6655,6669,6671.5,6654.0,6654.0,6668.0
2025-10-14 01:00:00,28200,6669,6657,6667,6657,6670,6658,6669,6659,6669.5,6657.5,6668.0,6658.0
2025-10-14 01:05:00,40900,6676,6657,6657,6669,6677,6658,6659,6671,6676.5,6657.5,6658.0,6670.0
2025-10-14 01:10:00,19800,6680,6664,6669,6678,6681,6666,6671,6680,6680.5,6665.5,6670.0,6679.0
2025-10-14 01:15:00,25600,6680,6666,6678,6674,6681,6669,6680,6675,6680.5,6667.5,6679.0,6674.5
2025-10-14 01:20:00,26700,6683,6673,6674,6681,6684,6675,6675,6682,6683.5,6674.0,6674.5,6681.5
2025-10-14 01:25:00,45500,6688,6681,6681,6683,6690,6682,6682,6684,6689.0,6681.5,6681.5,6683.5
2025-10-14 01:30:00,26400,6685,6678,6683,6680,6686,6679,6685,6681,6685.5,6678.5,6684.0,6680.5
2025-10-14 01:35:00,32500,6686,6676,6680,6683,6689,6677,6681,6684,6687.5,6676.5,6680.5,6683.5
2025-10-14 01:40:00,16800,6684,6676,6683,6676,6685,6677,6684,6677,6684.5,6676.5,6683.5,6676.5
2025-10-14 01:45:00,25300,6676,6667,6676,6668,6677,6669,6677,6669,6676.5,6668.0,6676.5,6668.5
2025-10-14 01:50:00,24600,6669,6655,6668,6657,6670,6656,6669,6658,6669.5,6655.5,6668.5,6657.5
2025-10-14 01:55:00,23900,6657,6647,6657,6647,6658,6648,6658,6649,6657.5,6647.5,6657.5,6648.0
2025-10-14 02:00:00,31700,6649,6640,6647,6644,6651,6641,6649,6646,6650.0,6640.5,6648.0,6645.0
2025-10-14 02:05:00,42800,6644,6627,6644,6633,6646,6629,6646,6635,6645.0,6628.0,6645.0,6634.0
2025-10-14 02:10:00,25400,6633,6624,6633,6626,6635,6626,6634,6628,6634.0,6625.0,6633.5,6627.0
2025-10-14 02:15:00,20900,6627,6620,6626,6624,6628,6621,6628,6625,6627.5,6620.5,6627.0,6624.5
2025-10-14 02:20:00,27200,6625,6619,6624,6619,6626,6620,6625,6620,6625.5,6619.5,6624.5,6619.5
2025-10-14 02:25:00,55100,6619,6602,6619,6602,6620,6605,6620,6605,6619.5,6603.5,6619.5,6603.5
2025-10-14 02:30:00,10500,6602,6602,6602,6602,6605,6605,6605,6605,6603.5,6603.5,6603.5,6603.5
2025-10-14 03:30:00,86600,6622,6600,6600,6615,6623,6601,6601,6616,6622.5,6600.5,6600.5,6615.5
2025-10-14 03:35:00,32700,6621,6609,6615,6609,6622,6610,6616,6610,6621.5,6609.5,6615.5,6609.5
2025-10-14 03:40:00,101700,6613,6588,6609,6597,6614,6589,6611,6599,6613.5,6588.5,6610.0,6598.0
2025-10-14 03:45:00,39400,6601,6585,6597,6589,6602,6586,6599,6590,6601.5,6585.5,6598.0,6589.5
2025-10-14 03:50:00,54400,6591,6576,6589,6578,6592,6577,6590,6580,6591.5,6576.5,6589.5,6579.0
2025-10-14 03:55:00,19800,6583,6576,6578,6577,6585,6577,6580,6578,6584.0,6576.5,6579.0,6577.5
2025-10-14 04:00:00,39000,6582,6571,6577,6578,6583,6572,6578,6579,6582.5,6571.5,6577.5,6578.5
2025-10-14 04:05:00,31100,6580,6571,6578,6572,6581,6572,6579,6573,6580.5,6571.5,6578.5,6572.5
2025-10-14 04:10:00,41900,6576,6568,6572,6572,6577,6569,6573,6574,6576.5,6568.5,6572.5,6573.0
2025-10-14 04:15:00,52600,6574,6550,6572,6553,6575,6552,6574,6555,6574.5,6551.0,6573.0,6554.0
2025-10-14 04:20:00,44600,6565,6546,6553,6564,6567,6547,6555,6566,6566.0,6546.5,6554.0,6565.0
2025-10-14 04:25:00,28200,6567,6557,6564,6562,6568,6558,6566,6563,6567.5,6557.5,6565.0,6562.5
2025-10-14 04:30:00,35300,6564,6550,6561,6563,6565,6551,6563,6565,6564.5,6550.5,6562.0,6564.0
2025-10-14 04:35:00,28600,6576,6561,6563,6570,6577,6562,6565,6572,6576.5,6561.5,6564.0,6571.0
2025-10-14 04:40:00,31300,6573,6561,6570,6571,6576,6562,6572,6572,6574.5,6561.5,6571.0,6571.5
2025-10-14 04:45:00,46800,6575,6566,6571,6573,6576,6568,6572,6574,6575.5,6567.0,6571.5,6573.5
2025-10-14 04:50:00,30100,6581,6570,6573,6578,6582,6571,6574,6579,6581.5,6570.5,6573.5,6578.5
2025-10-14 04:55:00,41900,6591,6578,6578,6590,6592,6579,6579,6592,6591.5,6578.5,6578.5,6591.0
2025-10-14 05:00:00,35500,6591,6582,6590,6585,6592,6583,6592,6586,6591.5,6582.5,6591.0,6585.5
2025-10-14 05:05:00,43100,6594,6584,6585,6590,6596,6585,6586,6591,6595.0,6584.5,6585.5,6590.5
2025-10-14 05:10:00,45000,6597,6588,6590,6591,6598,6589,6591,6592,6597.5,6588.5,6590.5,6591.5
2025-10-14 05:15:00,29200,6603,6591,6591,6603,6604,6592,6592,6604,6603.5,6591.5,6591.5,6603.5
2025-10-14 05:20:00,34100,6605,6598,6603,6603,6606,6599,6604,6604,6605.5,6598.5,6603.5,6603.5
2025-10-14 05:25:00,36900,6603,6591,6603,6591,6604,6592,6604,6593,6603.5,6591.5,6603.5,6592.0
2025-10-14 05:30:00,33000,6598,6584,6592,6586,6600,6585,6593,6587,6599.0,6584.5,6592.5,6586.5
2025-10-14 05:35:00,34600,6589,6571,6586,6573,6590,6572,6587,6574,6589.5,6571.5,6586.5,6573.5
2025-10-14 05:40:00,27300,6573,6563,6573,6566,6574,6564,6574,6567,6573.5,6563.5,6573.5,6566.5
2025-10-14 05:45:00,26600,6573,6563,6566,6573,6575,6564,6567,6574,6574.0,6563.5,6566.5,6573.5
2025-10-14 05:50:00,29300,6582,6567,6573,6581,6583,6569,6574,6582,6582.5,6568.5,6573.5,6581.5
2025-10-14 05:55:00,35400,6582,6575,6581,6582,6584,6577,6582,6584,6583.0,6576.0,6581.5,6583.0
2025-10-14 06:00:00,39700,6591,6574,6582,6589,6592,6576,6584,6591,6591.5,6575.0,6583.0,6590.0
2025-10-14 06:05:00,35500,6599,6589,6589,6592,6600,6591,6591,6594,6599.5,6590.0,6590.0,6593.0
2025-10-14 06:10:00,31300,6603,6592,6592,6600,6604,6594,6594,6601,6603.5,6593.0,6593.0,6600.5
2025-10-14 06:15:00,30700,6600,6593,6600,6596,6601,6594,6601,6597,6600.5,6593.5,6600.5,6596.5
2025-10-14 06:20:00,47100,6599,6583,6596,6587,6601,6586,6597,6590,6600.0,6584.5,6596.5,6588.5
2025-10-14 06:25:00,,6647,6260,6629,6582,6647,6261,6630,6583,6647.0,6260.5,6629.5,6582.5
2025-10-14 06:30:00,866500,6582,6582,6582,6582,6586,6586,6586,6586,6584.0,6584.0,6584.0,6584.0
2025-10-15 00:00:00,1004800,6513,6227,6227,6484,6515,6228,6228,6487,6514.0,6227.5,6227.5,6485.5
2025-10-15 00:05:00,163000,6518,6478,6484,6518,6519,6480,6487,6519,6518.5,6479.0,6485.5,6518.5
2025-10-15 00:10:00,118700,6533,6505,6518,6510,6534,6507,6519,6512,6533.5,6506.0,6518.5,6511.0
2025-10-15 00:15:00,91300,6515,6500,6510,6503,6517,6501,6512,6504,6516.0,6500.5,6511.0,6503.5
2025-10-15 00:20:00,99800,6529,6496,6503,6526,6531,6498,6504,6528,6530.0,6497.0,6503.5,6527.0
2025-10-15 00:25:00,62000,6536,6508,6526,6508,6538,6509,6528,6510,6536.5,6508.5,6527.0,6509.0
2025-10-15 00:30:00,60700,6518,6503,6508,6517,6520,6505,6510,6518,6519.0,6504.0,6509.0,6517.5
2025-10-15 00:35:00,37200,6520,6508,6517,6520,6522,6509,6518,6521,6521.0,6508.5,6517.5,6520.5
2025-10-15 00:40:00,44300,6521,6508,6520,6520,6522,6510,6521,6521,6521.5,6509.0,6520.5,6520.5
2025-10-15 00:45:00,45100,6531,6519,6520,6528,6532,6521,6521,6530,6531.5,6520.0,6520.5,6529.0
2025-10-15 00:50:00,43300,6543,6525,6528,6543,6545,6527,6530,6545,6544.0,6526.0,6529.0,6544.0
2025-10-15 00:55:00,47400,6558,6542,6543,6551,6559,6544,6545,6553,6558.5,6543.0,6544.0,6552.0
2025-10-15 01:00:00,52200,6557,6544,6551,6544,6559,6545,6553,6545,6558.0,6544.5,6552.0,6544.5
2025-10-15 01:05:00,39900,6548,6537,6544,6540,6550,6539,6545,6541,6548.5,6538.0,6544.5,6540.5
2025-10-15 01:10:00,26400,6544,6534,6540,6536,6545,6535,6541,6537,6544.5,6534.5,6540.5,6536.5
2025-10-15 01:15:00,25000,6537,6531,6536,6536,6538,6532,6537,6538,6537.5,6531.5,6536.5,6537.0
2025-10-15 01:20:00,33400,6543,6534,6537,6538,6544,6535,6538,6539,6543.5,6534.5,6537.5,6538.5
2025-10-15 01:25:00,21400,6540,6534,6538,6536,6541,6536,6539,6537,6540.5,6535.0,6538.5,6536.5
2025-10-15 01:30:00,35000,6537,6524,6536,6528,6538,6525,6537,6529,6537.5,6524.5,6536.5,6528.5
2025-10-15 01:35:00,27900,6528,6521,6528,6521,6529,6522,6529,6522,6528.5,6521.5,6528.5,6521.5
2025-10-15 01:40:00,27200,6535,6521,6521,6535,6536,6522,6522,6536,6535.5,6521.5,6521.5,6535.5
2025-10-15 01:45:00,27100,6538,6531,6535,6533,6539,6533,6536,6534,6538.5,6532.0,6535.5,6533.5
2025-10-15 01:50:00,25900,6537,6530,6533,6533,6538,6531,6534,6534,6537.5,6530.5,6533.5,6533.5
2025-10-15 01:55:00,46100,6537,6525,6533,6528,6538,6526,6534,6529,6537.5,6525.5,6533.5,6528.5
2025-10-15 02:00:00,24700,6529,6524,6528,6524,6530,6525,6529,6525,6529.5,6524.5,6528.5,6524.5
2025-10-15 02:05:00,33100,6524,6518,6524,6519,6525,6519,6525,6520,6524.5,6518.5,6524.5,6519.5
2025-10-15 02:10:00,25700,6526,6519,6519,6525,6528,6520,6520,6527,6526.5,6519.5,6519.5,6526.0
2025-10-15 02:15:00,22400,6531,6525,6525,6529,6532,6527,6527,6530,6531.5,6526.0,6526.0,6529.5
2025-10-15 02:20:00,36200,6533,6521,6529,6521,6534,6522,6530,6523,6533.5,6521.5,6529.5,6522.0
2025-10-15 02:25:00,46400,6522,6506,6521,6507,6523,6509,6523,6509,6522.5,6507.5,6522.0,6508.0
2025-10-15 02:30:00,10600,6505,6505,6505,6505,6509,6509,6509,6509,6507.0,6507.0,6507.0,6507.0
2025-10-15 03:30:00,133400,6541,6505,6505,6518,6542,6506,6506,6520,6541.5,6505.5,6505.5,6519.0
2025-10-15 03:35:00,37100,6522,6514,6518,6518,6524,6515,6520,6519,6523.0,6514.5,6519.0,6518.5
2025-10-15 03:40:00,27700,6520,6514,6518,6516,6521,6515,6519,6518,6520.5,6514.5,6518.5,6517.0
2025-10-15 03:45:00,29700,6520,6513,6517,6517,6521,6514,6518,6518,6520.5,6513.5,6517.5,6517.5
2025-10-15 03:50:00,23300,6519,6514,6517,6515,6520,6515,6518,6516,6519.5,6514.5,6517.5,6515.5
2025-10-15 03:55:00,23400,6516,6511,6515,6512,6517,6512,6516,6513,6516.5,6511.5,6515.5,6512.5
2025-10-15 04:00:00,32400,6517,6508,6512,6516,6518,6509,6513,6517,6517.5,6508.5,6512.5,6516.5
2025-10-15 04:05:00,13500,6516,6511,6516,6511,6517,6512,6517,6512,6516.5,6511.5,6516.5,6511.5
2025-10-15 04:10:00,31900,6514,6509,6511,6512,6515,6510,6512,6513,6514.5,6509.5,6511.5,6512.5
2025-10-15 04:15:00,33200,6516,6510,6512,6516,6517,6511,6513,6517,6516.5,6510.5,6512.5,6516.5
2025-10-15 04:20:00,24000,6516,6513,6516,6514,6517,6514,6517,6515,6516.5,6513.5,6516.5,6514.5
2025-10-15 04:25:00,26300,6519,6511,6514,6518,6520,6513,6515,6519,6519.5,6512.0,6514.5,6518.5
2025-10-15 04:30:00,25300,6519,6515,6518,6516,6521,6516,6519,6517,6520.0,6515.5,6518.5,6516.5
2025-10-15 04:35:00,26200,6526,6515,6516,6525,6527,6517,6517,6526,6526.5,6516.0,6516.5,6525.5
2025-10-15 04:40:00,18900,6527,6522,6525,6525,6528,6523,6526,6526,6527.5,6522.5,6525.5,6525.5
2025-10-15 04:45:00,16700,6528,6525,6525,6526,6529,6526,6526,6527,6528.5,6525.5,6525.5,6526.5
2025-10-15 04:50:00,22900,6526,6520,6526,6521,6527,6522,6527,6522,6526.5,6521.0,6526.5,6521.5
2025-10-15 04:55:00,23300,6527,6521,6521,6526,6528,6522,6522,6527,6527.5,6521.5,6521.5,6526.5
2025-10-15 05:00:00,48700,6531,6522,6526,6523,6532,6523,6527,6524,6531.5,6522.5,6526.5,6523.5
2025-10-15 05:05:00,26400,6529,6522,6523,6522,6530,6524,6524,6524,6529.5,6523.0,6523.5,6523.0
2025-10-15 05:10:00,50300,6524,6513,6522,6516,6526,6515,6523,6517,6525.0,6514.0,6522.5,6516.5
2025-10-15 05:15:00,29200,6517,6512,6516,6515,6518,6514,6517,6516,6517.5,6513.0,6516.5,6515.5
2025-10-15 05:20:00,19000,6517,6515,6515,6515,6518,6516,6516,6517,6517.5,6515.5,6515.5,6516.0
2025-10-15 05:25:00,61800,6516,6501,6515,6502,6517,6502,6517,6503,6516.5,6501.5,6516.0,6502.5
2025-10-15 05:30:00,130500,6502,6484,6502,6492,6503,6486,6503,6493,6502.5,6485.0,6502.5,6492.5
2025-10-15 05:35:00,24100,6495,6490,6492,6495,6496,6491,6493,6496,6495.5,6490.5,6492.5,6495.5
2025-10-15 05:40:00,46300,6498,6492,6495,6493,6499,6493,6496,6494,6498.5,6492.5,6495.5,6493.5
2025-10-15 05:45:00,39000,6494,6489,6493,6494,6495,6490,6494,6495,6494.5,6489.5,6493.5,6494.5
2025-10-15 05:50:00,33300,6496,6492,6494,6494,6497,6493,6496,6495,6496.5,6492.5,6495.0,6494.5
2025-10-15 05:55:00,80400,6501,6492,6494,6498,6502,6493,6495,6500,6501.5,6492.5,6494.5,6499.0
2025-10-15 06:00:00,58900,6502,6490,6498,6490,6503,6491,6500,6492,6502.5,6490.5,6499.0,6491.0
2025-10-15 06:05:00,63700,6491,6482,6490,6486,6492,6484,6492,6488,6491.5,6483.0,6491.0,6487.0
2025-10-15 06:10:00,34900,6489,6485,6486,6486,6490,6486,6488,6487,6489.5,6485.5,6487.0,6486.5
2025-10-15 06:15:00,64600,6491,6482,6486,6490,6492,6484,6487,6491,6491.5,6483.0,6486.5,6490.5
2025-10-15 06:20:00,65800,6491,6485,6490,6488,6493,6486,6491,6489,6492.0,6485.5,6490.5,6488.5
2025-10-15 06:25:00,,6528,6252,6526,6481,6529,6253,6527,6482,6528.5,6252.5,6526.5,6481.5
2025-10-15 06:30:00,1029200,6481,6481,6481,6481,6489,6489,6489,6489,6485.0,6485.0,6485.0,6485.0
2025-10-16 00:00:00,337900,6605,6530,6551,6592,6607,6535,6552,6594,6606.0,6532.5,6551.5,6593.0
2025-10-16 00:05:00,111500,6616,6585,6592,6609,6618,6587,6594,6610,6617.0,6586.0,6593.0,6609.5
2025-10-16 00:10:00,82900,6614,6589,6609,6595,6615,6590,6610,6596,6614.5,6589.5,6609.5,6595.5
2025-10-16 00:15:00,36800,6599,6588,6595,6592,6600,6589,6596,6594,6599.5,6588.5,6595.5,6593.0
2025-10-16 00:20:00,33700,6592,6582,6592,6585,6594,6583,6594,6586,6593.0,6582.5,6593.0,6585.5
2025-10-16 00:25:00,26700,6596,6585,6585,6586,6597,6586,6586,6587,6596.5,6585.5,6585.5,6586.5
2025-10-16 00:30:00,45100,6586,6571,6586,6575,6589,6573,6587,6576,6587.5,6572.0,6586.5,6575.5
2025-10-16 00:35:00,32600,6578,6565,6575,6568,6579,6566,6576,6569,6578.5,6565.5,6575.5,6568.5
2025-10-16 00:40:00,27300,6576,6565,6568,6570,6577,6566,6569,6572,6576.5,6565.5,6568.5,6571.0
2025-10-16 00:45:00,19900,6575,6564,6570,6572,6576,6566,6572,6573,6575.5,6565.0,6571.0,6572.5
2025-10-16 00:50:00,22400,6572,6561,6572,6566,6573,6562,6573,6567,6572.5,6561.5,6572.5,6566.5
2025-10-16 00:55:00,21300,6566,6561,6566,6563,6567,6563,6567,6564,6566.5,6562.0,6566.5,6563.5
2025-10-16 01:00:00,28800,6568,6561,6563,6567,6569,6562,6564,6568,6568.5,6561.5,6563.5,6567.5
2025-10-16 01:05:00,17100,6568,6561,6567,6562,6569,6562,6568,6563,6568.5,6561.5,6567.5,6562.5
2025-10-16 01:10:00,24300,6566,6553,6562,6553,6567,6555,6563,6555,6566.5,6554.0,6562.5,6554.0
2025-10-16 01:15:00,25700,6560,6548,6554,6554,6562,6550,6555,6555,6561.0,6549.0,6554.5,6554.5
2025-10-16 01:20:00,21000,6556,6544,6553,6548,6557,6546,6555,6550,6556.5,6545.0,6554.0,6549.0
2025-10-16 01:25:00,19900,6554,6548,6548,6551,6555,6550,6550,6553,6554.5,6549.0,6549.0,6552.0
2025-10-16 01:30:00,18900,6556,6551,6551,6554,6557,6552,6553,6556,6556.5,6551.5,6552.0,6555.0
2025-10-16 01:35:00,14700,6556,6551,6554,6553,6557,6553,6556,6554,6556.5,6552.0,6555.0,6553.5
2025-10-16 01:40:00,34800,6559,6547,6553,6550,6560,6550,6554,6551,6559.5,6548.5,6553.5,6550.5
2025-10-16 01:45:00,15600,6554,6545,6550,6553,6555,6546,6551,6555,6554.5,6545.5,6550.5,6554.0
2025-10-16 01:50:00,16100,6557,6551,6553,6555,6559,6552,6555,6556,6558.0,6551.5,6554.0,6555.5
2025-10-16 01:55:00,17000,6555,6543,6555,6543,6556,6544,6556,6544,6555.5,6543.5,6555.5,6543.5
2025-10-16 02:00:00,22500,6553,6538,6543,6551,6554,6539,6544,6552,6553.5,6538.5,6543.5,6551.5
2025-10-16 02:05:00,22800,6553,6543,6551,6543,6554,6545,6552,6545,6553.5,6544.0,6551.5,6544.0
2025-10-16 02:10:00,10500,6545,6538,6543,6540,6546,6539,6545,6542,6545.5,6538.5,6544.0,6541.0
2025-10-16 02:15:00,19100,6542,6536,6540,6538,6544,6538,6542,6540,6543.0,6537.0,6541.0,6539.0
2025-10-16 02:20:00,17500,6549,6536,6538,6540,6550,6538,6540,6541,6549.5,6537.0,6539.0,6540.5
2025-10-16 02:25:00,30200,6546,6537,6540,6545,6548,6538,6541,6547,6547.0,6537.5,6540.5,6546.0
2025-10-16 02:30:00,2400,6544,6544,6544,6544,6547,6547,6547,6547,6545.5,6545.5,6545.5,6545.5
2025-10-16 03:30:00,67400,6550,6538,6545,6538,6554,6539,6546,6539,6552.0,6538.5,6545.5,6538.5
2025-10-16 03:35:00,46300,6539,6527,6538,6530,6540,6528,6539,6532,6539.5,6527.5,6538.5,6531.0
2025-10-16 03:40:00,19200,6534,6528,6530,6529,6535,6529,6532,6530,6534.5,6528.5,6531.0,6529.5
2025-10-16 03:45:00,27000,6529,6516,6529,6516,6530,6517,6530,6517,6529.5,6516.5,6529.5,6516.5
2025-10-16 03:50:00,18300,6517,6511,6516,6513,6518,6512,6517,6514,6517.5,6511.5,6516.5,6513.5
2025-10-16 03:55:00,18000,6519,6513,6513,6517,6520,6514,6514,6518,6519.5,6513.5,6513.5,6517.5
2025-10-16 04:00:00,15800,6525,6515,6517,6522,6526,6516,6518,6523,6525.5,6515.5,6517.5,6522.5
2025-10-16 04:05:00,16100,6528,6522,6522,6527,6529,6523,6523,6528,6528.5,6522.5,6522.5,6527.5
2025-10-16 04:10:00,9300,6527,6524,6527,6525,6529,6526,6528,6526,6528.0,6525.0,6527.5,6525.5
2025-10-16 04:15:00,17000,6532,6524,6525,6532,6533,6525,6526,6533,6532.5,6524.5,6525.5,6532.5
2025-10-16 04:20:00,23500,6537,6532,6532,6536,6538,6533,6533,6537,6537.5,6532.5,6532.5,6536.5
2025-10-16 04:25:00,19200,6537,6532,6536,6537,6539,6534,6537,6538,6538.0,6533.0,6536.5,6537.5
2025-10-16 04:30:00,13100,6543,6536,6537,6539,6544,6537,6538,6540,6543.5,6536.5,6537.5,6539.5
2025-10-16 04:35:00,6700,6541,6537,6539,6538,6542,6539,6540,6539,6541.5,6538.0,6539.5,6538.5
2025-10-16 04:40:00,23400,6548,6535,6538,6547,6549,6536,6539,6548,6548.5,6535.5,6538.5,6547.5
2025-10-16 04:45:00,9300,6548,6543,6547,6545,6549,6544,6548,6546,6548.5,6543.5,6547.5,6545.5
2025-10-16 04:50:00,9200,6551,6543,6545,6551,6553,6545,6546,6553,6552.0,6544.0,6545.5,6552.0
2025-10-16 04:55:00,11100,6552,6547,6551,6550,6553,6549,6553,6551,6552.5,6548.0,6552.0,6550.5
2025-10-16 05:00:00,12600,6550,6546,6550,6548,6552,6548,6551,6550,6551.0,6547.0,6550.5,6549.0
2025-10-16 05:05:00,23100,6550,6546,6548,6548,6551,6547,6550,6550,6550.5,6546.5,6549.0,6549.0
2025-10-16 05:10:00,16900,6550,6545,6548,6546,6551,6547,6549,6547,6550.5,6546.0,6548.5,6546.5
2025-10-16 05:15:00,15300,6548,6544,6546,6544,6549,6545,6547,6546,6548.5,6544.5,6546.5,6545.0
2025-10-16 05:20:00,13400,6547,6542,6544,6545,6548,6543,6546,6546,6547.5,6542.5,6545.0,6545.5
2025-10-16 05:25:00,24200,6553,6542,6545,6553,6554,6543,6546,6554,6553.5,6542.5,6545.5,6553.5
2025-10-16 05:30:00,18900,6562,6550,6553,6561,6564,6551,6554,6562,6563.0,6550.5,6553.5,6561.5
2025-10-16 05:35:00,12100,6561,6553,6561,6553,6562,6554,6562,6555,6561.5,6553.5,6561.5,6554.0
2025-10-16 05:40:00,11500,6557,6553,6553,6554,6558,6554,6555,6555,6557.5,6553.5,6554.0,6554.5
2025-10-16 05:45:00,12700,6558,6551,6554,6557,6559,6553,6555,6558,6558.5,6552.0,6554.5,6557.5
2025-10-16 05:50:00,19200,6559,6551,6557,6556,6560,6552,6558,6557,6559.5,6551.5,6557.5,6556.5
2025-10-16 05:55:00,16800,6557,6551,6556,6555,6558,6552,6557,6556,6557.5,6551.5,6556.5,6555.5
2025-10-16 06:00:00,20500,6559,6554,6555,6558,6560,6556,6556,6559,6559.5,6555.0,6555.5,6558.5
2025-10-16 06:05:00,45100,6562,6557,6558,6561,6563,6558,6559,6562,6562.5,6557.5,6558.5,6561.5
2025-10-16 06:10:00,35500,6565,6559,6560,6564,6566,6560,6562,6565,6565.5,6559.5,6561.0,6564.5
2025-10-16 06:15:00,50900,6566,6559,6564,6563,6567,6560,6565,6564,6566.5,6559.5,6564.5,6563.5
2025-10-16 06:20:00,71400,6571,6560,6563,6570,6572,6561,6564,6572,6571.5,6560.5,6563.5,6571.0
2025-10-16 06:25:00,,6599,6500,6541,6562,6600,6501,6542,6563,6599.5,6500.5,6541.5,6562.5
2025-10-16 06:30:00,617700,6562,6562,6562,6562,6570,6570,6570,6570,6566.0,6566.0,6566.0,6566.0
2025-10-17 00:00:00,283300,6555,6508,6525,6553,6558,6510,6526,6555,6556.5,6509.5,6525.5,6554.0
2025-10-17 00:05:00,53600,6570,6542,6553,6570,6571,6545,6555,6571,6570.5,6543.5,6554.0,6570.5
2025-10-17 00:10:00,60700,6574,6542,6570,6548,6576,6543,6571,6550,6575.0,6542.5,6570.5,6549.0
2025-10-17 00:15:00,31300,6548,6532,6548,6539,6550,6533,6550,6542,6549.0,6532.5,6549.0,6540.5
2025-10-17 00:20:00,23300,6545,6537,6539,6542,6547,6538,6542,6543,6546.0,6537.5,6540.5,6542.5
2025-10-17 00:25:00,18800,6544,6537,6542,6539,6545,6538,6543,6541,6544.5,6537.5,6542.5,6540.0
2025-10-17 00:30:00,18600,6540,6531,6539,6537,6541,6532,6541,6539,6540.5,6531.5,6540.0,6538.0
2025-10-17 00:35:00,22700,6541,6526,6537,6527,6542,6529,6539,6529,6541.5,6527.5,6538.0,6528.0
2025-10-17 00:40:00,25500,6527,6511,6527,6515,6529,6512,6529,6517,6528.0,6511.5,6528.0,6516.0
2025-10-17 00:45:00,26400,6516,6502,6515,6504,6518,6503,6517,6506,6517.0,6502.5,6516.0,6505.0
2025-10-17 00:50:00,35900,6532,6504,6504,6532,6534,6506,6506,6533,6532.5,6505.0,6505.0,6532.5
2025-10-17 00:55:00,22400,6536,6526,6532,6528,6537,6529,6533,6529,6536.5,6527.5,6532.5,6528.5
2025-10-17 01:00:00,18700,6535,6527,6528,6531,6537,6528,6529,6533,6536.0,6527.5,6528.5,6532.0
2025-10-17 01:05:00,19500,6537,6528,6531,6530,6538,6529,6533,6531,6537.5,6528.5,6532.0,6530.5
2025-10-17 01:10:00,17600,6533,6529,6530,6531,6534,6530,6531,6533,6533.5,6529.5,6530.5,6532.0
2025-10-17 01:15:00,18400,6541,6530,6531,6541,6542,6532,6533,6542,6541.5,6531.0,6532.0,6541.5
2025-10-17 01:20:00,16800,6542,6536,6541,6537,6543,6537,6542,6538,6542.5,6536.5,6541.5,6537.5
2025-10-17 01:25:00,17000,6540,6534,6537,6540,6542,6535,6538,6541,6541.0,6534.5,6537.5,6540.5
2025-10-17 01:30:00,13100,6540,6535,6540,6536,6542,6536,6541,6538,6541.0,6535.5,6540.5,6537.0
2025-10-17 01:35:00,16400,6539,6534,6536,6539,6540,6535,6538,6540,6539.5,6534.5,6537.0,6539.5
2025-10-17 01:40:00,14900,6549,6538,6539,6549,6550,6539,6540,6550,6549.5,6538.5,6539.5,6549.5
2025-10-17 01:45:00,20200,6553,6545,6549,6550,6554,6547,6550,6551,6553.5,6546.0,6549.5,6550.5
2025-10-17 01:50:00,23200,6552,6535,6550,6540,6553,6537,6551,6542,6552.5,6536.0,6550.5,6541.0
2025-10-17 01:55:00,11700,6541,6534,6540,6540,6542,6536,6542,6541,6541.5,6535.0,6541.0,6540.5
2025-10-17 02:00:00,11900,6540,6532,6540,6534,6541,6535,6541,6535,6540.5,6533.5,6540.5,6534.5
2025-10-17 02:05:00,9600,6538,6532,6534,6538,6539,6533,6535,6539,6538.5,6532.5,6534.5,6538.5
2025-10-17 02:10:00,9300,6540,6536,6538,6538,6542,6537,6539,6539,6541.0,6536.5,6538.5,6538.5
2025-10-17 02:15:00,5300,6540,6538,6538,6539,6541,6539,6539,6540,6540.5,6538.5,6538.5,6539.5
2025-10-17 02:20:00,14400,6542,6538,6539,6541,6543,6540,6540,6542,6542.5,6539.0,6539.5,6541.5
2025-10-17 02:25:00,14800,6542,6539,6541,6542,6544,6540,6542,6544,6543.0,6539.5,6541.5,6543.0
2025-10-17 02:30:00,1100,6541,6541,6541,6541,6544,6544,6544,6544,6542.5,6542.5,6542.5,6542.5
2025-10-17 03:30:00,61400,6550,6532,6539,6542,6552,6534,6540,6543,6551.0,6533.0,6539.5,6542.5
2025-10-17 03:35:00,25600,6542,6530,6542,6534,6543,6531,6543,6535,6542.5,6530.5,6542.5,6534.5
2025-10-17 03:40:00,19500,6540,6530,6533,6539,6541,6532,6535,6540,6540.5,6531.5,6534.0,6539.5
2025-10-17 03:45:00,12100,6543,6536,6539,6541,6544,6537,6540,6542,6543.5,6536.5,6539.5,6541.5
2025-10-17 03:50:00,21200,6542,6534,6541,6542,6543,6536,6542,6543,6542.5,6535.0,6541.5,6542.5
2025-10-17 03:55:00,13700,6546,6540,6542,6546,6547,6541,6543,6547,6546.5,6540.5,6542.5,6546.5
2025-10-17 04:00:00,11300,6546,6544,6546,6546,6547,6545,6547,6547,6546.5,6544.5,6546.5,6546.5
2025-10-17 04:05:00,22500,6548,6541,6546,6546,6549,6542,6547,6547,6548.5,6541.5,6546.5,6546.5
2025-10-17 04:10:00,22000,6546,6538,6546,6539,6547,6539,6547,6540,6546.5,6538.5,6546.5,6539.5
2025-10-17 04:15:00,13400,6539,6534,6539,6536,6540,6536,6540,6537,6539.5,6535.0,6539.5,6536.5
2025-10-17 04:20:00,24600,6537,6532,6536,6535,6538,6533,6537,6536,6537.5,6532.5,6536.5,6535.5
2025-10-17 04:25:00,14800,6537,6534,6535,6535,6538,6535,6536,6536,6537.5,6534.5,6535.5,6535.5
2025-10-17 04:30:00,12900,6538,6533,6535,6538,6540,6534,6536,6539,6539.0,6533.5,6535.5,6538.5
2025-10-17 04:35:00,12400,6541,6538,6538,6541,6542,6539,6539,6542,6541.5,6538.5,6538.5,6541.5
2025-10-17 04:40:00,15200,6541,6537,6541,6539,6542,6539,6542,6540,6541.5,6538.0,6541.5,6539.5
2025-10-17 04:45:00,20500,6541,6536,6539,6538,6542,6538,6540,6539,6541.5,6537.0,6539.5,6538.5
2025-10-17 04:50:00,14700,6540,6536,6538,6540,6541,6537,6539,6541,6540.5,6536.5,6538.5,6540.5
2025-10-17 04:55:00,22800,6541,6538,6540,6538,6542,6539,6541,6539,6541.5,6538.5,6540.5,6538.5
2025-10-17 05:00:00,20900,6539,6532,6538,6534,6540,6534,6539,6536,6539.5,6533.0,6538.5,6535.0
2025-10-17 05:05:00,22500,6539,6534,6534,6538,6540,6536,6536,6539,6539.5,6535.0,6535.0,6538.5
2025-10-17 05:10:00,19400,6539,6535,6538,6538,6540,6537,6539,6539,6539.5,6536.0,6538.5,6538.5
2025-10-17 05:15:00,28100,6541,6528,6538,6532,6542,6529,6539,6533,6541.5,6528.5,6538.5,6532.5
2025-10-17 05:20:00,13400,6539,6532,6532,6538,6541,6533,6533,6540,6540.0,6532.5,6532.5,6539.0
2025-10-17 05:25:00,12400,6540,6535,6538,6538,6541,6536,6540,6539,6540.5,6535.5,6539.0,6538.5
2025-10-17 05:30:00,12800,6540,6537,6538,6538,6541,6538,6539,6540,6540.5,6537.5,6538.5,6539.0
2025-10-17 05:35:00,12200,6542,6538,6538,6538,6543,6539,6540,6539,6542.5,6538.5,6539.0,6538.5
2025-10-17 05:40:00,17200,6543,6537,6538,6539,6544,6538,6539,6540,6543.5,6537.5,6538.5,6539.5
2025-10-17 05:45:00,22900,6547,6537,6539,6547,6548,6539,6540,6548,6547.5,6538.0,6539.5,6547.5
2025-10-17 05:50:00,42500,6550,6543,6547,6550,6551,6544,6548,6551,6550.5,6543.5,6547.5,6550.5
2025-10-17 05:55:00,33200,6551,6541,6550,6542,6553,6543,6551,6544,6552.0,6542.0,6550.5,6543.0
2025-10-17 06:00:00,26400,6552,6541,6542,6552,6553,6543,6544,6553,6552.5,6542.0,6543.0,6552.5
2025-10-17 06:05:00,36900,6558,6551,6552,6553,6559,6552,6553,6554,6558.5,6551.5,6552.5,6553.5
2025-10-17 06:10:00,47900,6553,6538,6553,6551,6554,6539,6554,6552,6553.5,6538.5,6553.5,6551.5
2025-10-17 06:15:00,48100,6552,6541,6551,6544,6553,6543,6552,6545,6552.5,6542.5,6551.5,6544.5
2025-10-17 06:20:00,28800,6544,6540,6544,6540,6545,6541,6545,6542,6544.5,6540.5,6544.5,6541.0
2025-10-17 06:25:00,,6519,6388,6519,6516,6520,6388,6520,6517,6519.5,6388.0,6519.5,6516.5
2025-10-17 06:30:00,629200,6516,6516,6516,6516,6535,6535,6535,6535,6525.5,6525.5,6525.5,6525.5
2025-10-20 00:00:00,177200,6625,6587,6615,6601,6629,6590,6616,6602,6627.0,6588.5,6615.5,6601.5
2025-10-20 00:05:00,42200,6601,6587,6601,6587,6602,6589,6602,6589,6601.5,6588.0,6601.5,6588.0
2025-10-20 00:10:00,32800,6599,6583,6588,6597,6600,6584,6589,6598,6599.5,6583.5,6588.5,6597.5
2025-10-20 00:15:00,62400,6615,6597,6597,6614,6616,6598,6598,6616,6615.5,6597.5,6597.5,6615.0
2025-10-20 00:20:00,30200,6617,6609,6614,6617,6618,6611,6616,6618,6617.5,6610.5,6615.0,6617.5
2025-10-20 00:25:00,34300,6628,6616,6617,6625,6629,6617,6618,6626,6628.5,6616.5,6617.5,6625.5
2025-10-20 00:30:00,25600,6629,6621,6625,6629,6630,6622,6626,6630,6629.5,6621.5,6625.5,6629.5
2025-10-20 00:35:00,27900,6634,6624,6629,6634,6635,6625,6630,6635,6634.5,6624.5,6629.5,6634.5
2025-10-20 00:40:00,35700,6639,6631,6634,6637,6640,6632,6635,6638,6639.5,6631.5,6634.5,6637.5
2025-10-20 00:45:00,30300,6646,6637,6637,6646,6648,6638,6639,6648,6647.0,6637.5,6638.0,6647.0
2025-10-20 00:50:00,27900,6648,6642,6646,6645,6650,6643,6648,6646,6649.0,6642.5,6647.0,6645.5
2025-10-20 00:55:00,20300,6646,6642,6645,6643,6647,6643,6646,6645,6646.5,6642.5,6645.5,6644.0
2025-10-20 01:00:00,21100,6649,6642,6643,6648,6650,6644,6645,6649,6649.5,6643.0,6644.0,6648.5
2025-10-20 01:05:00,30700,6653,6646,6648,6653,6654,6647,6649,6654,6653.5,6646.5,6648.5,6653.5
2025-10-20 01:10:00,38000,6659,6651,6653,6659,6660,6652,6654,6660,6659.5,6651.5,6653.5,6659.5
2025-10-20 01:15:00,44700,6681,6659,6659,6681,6683,6660,6660,6682,6682.0,6659.5,6659.5,6681.5
2025-10-20 01:20:00,42600,6697,6681,6681,6695,6698,6682,6682,6696,6697.5,6681.5,6681.5,6695.5
2025-10-20 01:25:00,43100,6707,6692,6695,6699,6708,6693,6696,6700,6707.5,6692.5,6695.5,6699.5
2025-10-20 01:30:00,27500,6700,6683,6699,6686,6701,6685,6700,6688,6700.5,6684.0,6699.5,6687.0
2025-10-20 01:35:00,13100,6692,6684,6686,6685,6693,6685,6689,6687,6692.5,6684.5,6687.5,6686.0
2025-10-20 01:40:00,18700,6697,6685,6685,6697,6699,6687,6687,6699,6698.0,6686.0,6686.0,6698.0
2025-10-20 01:45:00,13800,6699,6690,6697,6694,6700,6691,6699,6695,6699.5,6690.5,6698.0,6694.5
2025-10-20 01:50:00,32500,6694,6677,6694,6682,6695,6680,6695,6683,6694.5,6678.5,6694.5,6682.5
2025-10-20 01:55:00,17400,6690,6681,6682,6687,6691,6682,6683,6689,6690.5,6681.5,6682.5,6688.0
2025-10-20 02:00:00,11800,6688,6681,6687,6686,6690,6683,6689,6687,6689.0,6682.0,6688.0,6686.5
2025-10-20 02:05:00,8500,6688,6681,6686,6688,6690,6683,6687,6690,6689.0,6682.0,6686.5,6689.0
2025-10-20 02:10:00,12400,6688,6679,6688,6685,6690,6681,6690,6687,6689.0,6680.0,6689.0,6686.0
2025-10-20 02:15:00,16000,6691,6682,6685,6690,6692,6685,6687,6691,6691.5,6683.5,6686.0,6690.5
2025-10-20 02:20:00,6500,6691,6688,6690,6690,6692,6689,6691,6691,6691.5,6688.5,6690.5,6690.5
2025-10-20 02:25:00,14400,6690,6686,6690,6687,6692,6687,6691,6689,6691.0,6686.5,6690.5,6688.0
2025-10-20 02:30:00,800,6687,6687,6687,6687,6689,6689,6689,6689,6688.0,6688.0,6688.0,6688.0
2025-10-20 03:30:00,56900,6704,6684,6686,6699,6705,6686,6686,6701,6704.5,6685.0,6686.0,6700.0
2025-10-20 03:35:00,26000,6700,6688,6700,6690,6702,6691,6701,6691,6701.0,6690.0,6700.5,6690.5
2025-10-20 03:40:00,14600,6693,6686,6690,6690,6695,6687,6691,6691,6694.0,6686.5,6690.5,6690.5
2025-10-20 03:45:00,19400,6695,6688,6690,6692,6696,6689,6691,6693,6695.5,6688.5,6690.5,6692.5
2025-10-20 03:50:00,15200,6692,6685,6692,6687,6693,6686,6693,6688,6692.5,6685.5,6692.5,6687.5
2025-10-20 03:55:00,14000,6687,6683,6687,6686,6689,6684,6688,6687,6688.0,6683.5,6687.5,6686.5
2025-10-20 04:00:00,21700,6691,6684,6686,6691,6692,6685,6687,6692,6691.5,6684.5,6686.5,6691.5
2025-10-20 04:05:00,20500,6695,6687,6691,6687,6696,6688,6692,6688,6695.5,6687.5,6691.5,6687.5
2025-10-20 04:10:00,11100,6691,6685,6687,6691,6692,6687,6688,6692,6691.5,6686.0,6687.5,6691.5
2025-10-20 04:15:00,20200,6693,6687,6691,6692,6694,6688,6692,6693,6693.5,6687.5,6691.5,6692.5
2025-10-20 04:20:00,12400,6694,6691,6692,6691,6695,6692,6693,6692,6694.5,6691.5,6692.5,6691.5
2025-10-20 04:25:00,11400,6694,6691,6691,6693,6695,6692,6692,6694,6694.5,6691.5,6691.5,6693.5
2025-10-20 04:30:00,13200,6694,6687,6693,6688,6695,6688,6694,6689,6694.5,6687.5,6693.5,6688.5
2025-10-20 04:35:00,11500,6688,6684,6688,6684,6689,6685,6689,6685,6688.5,6684.5,6688.5,6684.5
2025-10-20 04:40:00,23600,6685,6681,6684,6685,6686,6683,6686,6686,6685.5,6682.0,6685.0,6685.5
2025-10-20 04:45:00,10700,6685,6680,6685,6680,6686,6681,6686,6681,6685.5,6680.5,6685.5,6680.5
2025-10-20 04:50:00,12600,6686,6679,6680,6685,6687,6680,6681,6686,6686.5,6679.5,6680.5,6685.5
2025-10-20 04:55:00,7500,6685,6682,6685,6684,6686,6683,6686,6686,6685.5,6682.5,6685.5,6685.0
2025-10-20 05:00:00,13300,6685,6679,6684,6685,6686,6681,6686,6686,6685.5,6680.0,6685.0,6685.5
2025-10-20 05:05:00,20400,6689,6680,6685,6687,6690,6682,6686,6688,6689.5,6681.0,6685.5,6687.5
2025-10-20 05:10:00,12200,6691,6687,6687,6689,6692,6688,6688,6690,6691.5,6687.5,6687.5,6689.5
2025-10-20 05:15:00,12000,6691,6689,6689,6690,6692,6690,6690,6691,6691.5,6689.5,6689.5,6690.5
2025-10-20 05:20:00,15600,6694,6689,6690,6692,6695,6691,6691,6693,6694.5,6690.0,6690.5,6692.5
2025-10-20 05:25:00,28400,6692,6685,6692,6688,6693,6687,6693,6689,6692.5,6686.5,6692.5,6688.5
2025-10-20 05:30:00,21500,6690,6685,6688,6688,6691,6686,6689,6689,6690.5,6685.5,6688.5,6688.5
2025-10-20 05:35:00,18500,6691,6687,6688,6690,6692,6688,6689,6691,6691.5,6687.5,6688.5,6690.5
2025-10-20 05:40:00,10600,6692,6690,6690,6692,6693,6691,6691,6693,6692.5,6690.5,6690.5,6692.5
2025-10-20 05:45:00,19600,6694,6691,6692,6694,6695,6692,6693,6695,6694.5,6691.5,6692.5,6694.5
2025-10-20 05:50:00,21400,6698,6694,6694,6697,6699,6695,6695,6698,6698.5,6694.5,6694.5,6697.5
2025-10-20 05:55:00,45300,6702,6694,6697,6700,6703,6695,6698,6701,6702.5,6694.5,6697.5,6700.5
2025-10-20 06:00:00,27700,6701,6693,6700,6697,6702,6694,6701,6698,6701.5,6693.5,6700.5,6697.5
2025-10-20 06:05:00,30600,6699,6691,6697,6693,6700,6692,6698,6694,6699.5,6691.5,6697.5,6693.5
2025-10-20 06:10:00,29700,6704,6693,6693,6703,6705,6694,6694,6704,6704.5,6693.5,6693.5,6703.5
2025-10-20 06:15:00,40100,6706,6701,6703,6706,6708,6703,6704,6708,6707.0,6702.0,6703.5,6707.0
2025-10-20 06:20:00,55300,6719,6706,6706,6712,6720,6708,6708,6713,6719.5,6707.0,6707.0,6712.5
2025-10-20 06:25:00,,6742,6570,6700,6705,6743,6571,6701,6706,6742.5,6570.5,6700.5,6705.5
2025-10-20 06:30:00,442600,6704,6704,6704,6704,6710,6710,6710,6710,6707.0,6707.0,6707.0,6707.0
2025-10-21 00:00:00,219200,6805,6750,6750,6776,6806,6751,6751,6779,6805.5,6750.5,6750.5,6777.5
2025-10-21 00:05:00,34500,6783,6764,6776,6765,6784,6766,6779,6767,6783.5,6765.0,6777.5,6766.0
2025-10-21 00:10:00,60000,6782,6746,6765,6782,6783,6748,6767,6783,6782.5,6747.0,6766.0,6782.5
2025-10-21 00:15:00,47200,6782,6769,6782,6773,6784,6770,6783,6775,6783.0,6769.5,6782.5,6774.0
2025-10-21 00:20:00,21200,6776,6761,6773,6771,6777,6763,6775,6772,6776.5,6762.0,6774.0,6771.5
2025-10-21 00:25:00,23800,6773,6765,6771,6770,6774,6767,6772,6771,6773.5,6766.0,6771.5,6770.5
2025-10-21 00:30:00,26800,6774,6758,6770,6762,6775,6760,6771,6763,6774.5,6759.0,6770.5,6762.5
2025-10-21 00:35:00,19600,6763,6755,6762,6757,6764,6756,6763,6759,6763.5,6755.5,6762.5,6758.0
2025-10-21 00:40:00,16100,6762,6755,6757,6756,6763,6757,6759,6758,6762.5,6756.0,6758.0,6757.0
2025-10-21 00:45:00,8000,6763,6756,6756,6763,6765,6757,6758,6765,6764.0,6756.5,6757.0,6764.0
2025-10-21 00:50:00,13000,6763,6752,6763,6756,6765,6754,6765,6757,6764.0,6753.5,6764.0,6756.5
2025-10-21 00:55:00,12500,6762,6755,6756,6761,6763,6756,6757,6762,6762.5,6755.5,6756.5,6761.5
2025-10-21 01:00:00,12900,6765,6760,6761,6763,6766,6762,6762,6765,6765.5,6761.0,6761.5,6764.0
2025-10-21 01:05:00,11000,6763,6756,6763,6761,6765,6757,6765,6763,6764.0,6756.5,6764.0,6762.0
2025-10-21 01:10:00,10000,6761,6752,6761,6753,6763,6754,6763,6755,6762.0,6753.0,6762.0,6754.0
2025-10-21 01:15:00,8500,6756,6753,6753,6754,6757,6754,6755,6756,6756.5,6753.5,6754.0,6755.0
2025-10-21 01:20:00,11600,6756,6751,6754,6753,6757,6752,6756,6755,6756.5,6751.5,6755.0,6754.0
2025-10-21 01:25:00,8500,6758,6751,6753,6755,6759,6753,6755,6756,6758.5,6752.0,6754.0,6755.5
2025-10-21 01:30:00,13100,6756,6750,6755,6752,6757,6752,6756,6753,6756.5,6751.0,6755.5,6752.5
2025-10-21 01:35:00,7800,6759,6752,6752,6757,6760,6753,6753,6759,6759.5,6752.5,6752.5,6758.0
2025-10-21 01:40:00,10600,6761,6755,6758,6760,6763,6757,6759,6761,6762.0,6756.0,6758.5,6760.5
2025-10-21 01:45:00,7700,6764,6759,6760,6764,6765,6760,6761,6765,6764.5,6759.5,6760.5,6764.5
2025-10-21 01:50:00,9000,6769,6763,6764,6769,6770,6764,6765,6770,6769.5,6763.5,6764.5,6769.5
2025-10-21 01:55:00,10000,6769,6766,6769,6768,6770,6767,6770,6769,6769.5,6766.5,6769.5,6768.5
2025-10-21 02:00:00,10200,6768,6762,6768,6764,6769,6763,6769,6766,6768.5,6762.5,6768.5,6765.0
2025-10-21 02:05:00,6700,6764,6762,6764,6763,6766,6763,6766,6764,6765.0,6762.5,6765.0,6763.5
2025-10-21 02:10:00,9400,6765,6760,6763,6764,6766,6762,6764,6766,6765.5,6761.0,6763.5,6765.0
2025-10-21 02:15:00,5300,6765,6762,6764,6764,6766,6763,6766,6765,6765.5,6762.5,6765.0,6764.5
2025-10-21 02:20:00,4100,6765,6762,6764,6765,6766,6763,6765,6766,6765.5,6762.5,6764.5,6765.5
2025-10-21 02:25:00,14800,6768,6765,6765,6765,6769,6766,6766,6767,6768.5,6765.5,6765.5,6766.0
2025-10-21 02:30:00,6400,6765,6765,6765,6765,6767,6767,6767,6767,6766.0,6766.0,6766.0,6766.0
2025-10-21 03:30:00,40600,6773,6763,6765,6768,6774,6766,6766,6769,6773.5,6764.5,6765.5,6768.5
2025-10-21 03:35:00,24200,6769,6755,6768,6755,6770,6756,6769,6756,6769.5,6755.5,6768.5,6755.5
2025-10-21 03:40:00,14200,6758,6752,6755,6758,6759,6753,6756,6759,6758.5,6752.5,6755.5,6758.5
2025-10-21 03:45:00,17900,6760,6751,6758,6753,6761,6752,6759,6754,6760.5,6751.5,6758.5,6753.5
2025-10-21 03:50:00,30100,6761,6749,6753,6760,6763,6750,6754,6761,6762.0,6749.5,6753.5,6760.5
2025-10-21 03:55:00,15500,6760,6751,6760,6758,6761,6753,6761,6760,6760.5,6752.0,6760.5,6759.0
2025-10-21 04:00:00,10200,6759,6754,6758,6756,6760,6756,6760,6757,6759.5,6755.0,6759.0,6756.5
2025-10-21 04:05:00,7200,6756,6752,6756,6753,6757,6753,6757,6754,6756.5,6752.5,6756.5,6753.5
2025-10-21 04:10:00,23100,6753,6746,6753,6751,6754,6748,6754,6752,6753.5,6747.0,6753.5,6751.5
2025-10-21 04:15:00,11100,6754,6749,6751,6752,6755,6751,6752,6753,6754.5,6750.0,6751.5,6752.5
2025-10-21 04:20:00,9800,6756,6752,6752,6756,6757,6753,6753,6757,6756.5,6752.5,6752.5,6756.5
2025-10-21 04:25:00,24400,6760,6755,6756,6756,6761,6756,6757,6757,6760.5,6755.5,6756.5,6756.5
2025-10-21 04:30:00,9800,6756,6753,6756,6754,6757,6754,6757,6755,6756.5,6753.5,6756.5,6754.5
2025-10-21 04:35:00,9300,6754,6748,6754,6749,6755,6750,6755,6750,6754.5,6749.0,6754.5,6749.5
2025-10-21 04:40:00,9500,6749,6746,6749,6746,6750,6747,6750,6747,6749.5,6746.5,6749.5,6746.5
2025-10-21 04:45:00,35700,6750,6735,6746,6739,6751,6737,6747,6741,6750.5,6736.0,6746.5,6740.0
2025-10-21 04:50:00,8900,6744,6737,6739,6739,6745,6738,6741,6740,6744.5,6737.5,6740.0,6739.5
2025-10-21 04:55:00,36100,6741,6720,6739,6725,6743,6721,6740,6727,6742.0,6720.5,6739.5,6726.0
2025-10-21 05:00:00,23200,6738,6725,6725,6736,6739,6726,6727,6737,6738.5,6725.5,6726.0,6736.5
2025-10-21 05:05:00,26100,6741,6729,6736,6736,6742,6730,6737,6737,6741.5,6729.5,6736.5,6736.5
2025-10-21 05:10:00,21900,6742,6732,6736,6732,6743,6733,6737,6733,6742.5,6732.5,6736.5,6732.5
2025-10-21 05:15:00,12900,6738,6732,6732,6735,6739,6733,6733,6736,6738.5,6732.5,6732.5,6735.5
2025-10-21 05:20:00,9400,6741,6735,6735,6738,6742,6736,6736,6739,6741.5,6735.5,6735.5,6738.5
2025-10-21 05:25:00,12100,6742,6737,6738,6742,6743,6739,6739,6743,6742.5,6738.0,6738.5,6742.5
2025-10-21 05:30:00,13000,6744,6738,6742,6739,6745,6740,6743,6740,6744.5,6739.5,6742.5,6739.5
2025-10-21 05:35:00,11200,6741,6738,6739,6738,6742,6739,6740,6739,6741.5,6738.5,6739.5,6738.5
2025-10-21 05:40:00,24200,6738,6736,6738,6737,6739,6737,6739,6738,6738.5,6736.5,6738.5,6737.5
2025-10-21 05:45:00,19600,6743,6735,6737,6743,6744,6736,6738,6744,6743.5,6735.5,6737.5,6743.5
2025-10-21 05:50:00,18600,6744,6738,6743,6741,6745,6740,6744,6742,6744.5,6739.0,6743.5,6741.5
2025-10-21 05:55:00,25400,6746,6741,6741,6744,6747,6742,6742,6745,6746.5,6741.5,6741.5,6744.5
2025-10-21 06:00:00,20300,6746,6740,6744,6742,6747,6742,6745,6743,6746.5,6741.0,6744.5,6742.5
2025-10-21 06:05:00,19100,6743,6740,6742,6742,6744,6741,6743,6743,6743.5,6740.5,6742.5,6742.5
2025-10-21 06:10:00,24300,6743,6734,6742,6735,6744,6736,6743,6736,6743.5,6735.0,6742.5,6735.5
2025-10-21 06:15:00,33900,6735,6729,6735,6730,6736,6730,6736,6732,6735.5,6729.5,6735.5,6731.0
2025-10-21 06:20:00,23800,6739,6730,6730,6734,6740,6731,6732,6736,6739.5,6730.5,6731.0,6735.0
2025-10-21 06:25:00,,6799,6722,6765,6733,6800,6723,6766,6734,6799.5,6722.5,6765.5,6733.5
2025-10-21 06:30:00,415800,6733,6733,6733,6733,6734,6734,6734,6734,6733.5,6733.5,6733.5,6733.5
2025-10-22 00:00:00,153100,6776,6738,6750,6763,6777,6748,6750,6765,6776.5,6746.5,6750.0,6764.0
2025-10-22 00:05:00,44800,6778,6756,6763,6764,6780,6758,6765,6766,6779.0,6757.0,6764.0,6765.0
2025-10-22 00:10:00,29600,6769,6756,6764,6764,6770,6757,6766,6766,6769.5,6756.5,6765.0,6765.0
2025-10-22 00:15:00,27800,6769,6761,6764,6767,6770,6762,6766,6768,6769.5,6761.5,6765.0,6767.5
2025-10-22 00:20:00,12400,6768,6759,6767,6761,6769,6760,6768,6762,6768.5,6759.5,6767.5,6761.5
2025-10-22 00:25:00,30900,6761,6743,6761,6745,6762,6744,6762,6746,6761.5,6743.5,6761.5,6745.5
2025-10-22 00:30:00,14100,6750,6742,6745,6742,6751,6743,6746,6743,6750.5,6742.5,6745.5,6742.5
2025-10-22 00:35:00,24100,6749,6739,6742,6740,6750,6740,6743,6741,6749.5,6739.5,6742.5,6740.5
2025-10-22 00:40:00,16000,6749,6738,6740,6740,6750,6739,6741,6742,6749.5,6738.5,6740.5,6741.0
2025-10-22 00:45:00,12400,6745,6737,6740,6742,6746,6738,6742,6744,6745.5,6737.5,6741.0,6743.0
2025-10-22 00:50:00,13000,6746,6740,6742,6742,6748,6741,6744,6744,6747.0,6740.5,6743.0,6743.0
2025-10-22 00:55:00,10300,6744,6736,6742,6737,6745,6737,6744,6738,6744.5,6736.5,6743.0,6737.5
2025-10-22 01:00:00,8600,6745,6736,6737,6739,6746,6738,6738,6741,6745.5,6737.0,6737.5,6740.0
2025-10-22 01:05:00,5400,6744,6737,6739,6743,6746,6739,6741,6745,6745.0,6738.0,6740.0,6744.0
2025-10-22 01:10:00,4100,6749,6743,6743,6748,6750,6745,6745,6749,6749.5,6744.0,6744.0,6748.5
2025-10-22 01:15:00,7800,6750,6742,6748,6742,6752,6743,6749,6743,6751.0,6742.5,6748.5,6742.5
2025-10-22 01:20:00,9200,6742,6737,6742,6740,6743,6738,6743,6742,6742.5,6737.5,6742.5,6741.0
2025-10-22 01:25:00,8700,6742,6735,6740,6742,6743,6736,6742,6743,6742.5,6735.5,6741.0,6742.5
2025-10-22 01:30:00,5500,6745,6740,6742,6744,6747,6741,6743,6746,6746.0,6740.5,6742.5,6745.0
2025-10-22 01:35:00,15000,6747,6740,6744,6743,6749,6741,6746,6745,6748.0,6740.5,6745.0,6744.0
2025-10-22 01:40:00,6300,6746,6740,6743,6746,6747,6741,6745,6747,6746.5,6740.5,6744.0,6746.5
2025-10-22 01:45:00,6100,6750,6744,6746,6750,6751,6745,6747,6751,6750.5,6744.5,6746.5,6750.5
2025-10-22 01:50:00,8500,6751,6747,6750,6749,6752,6748,6751,6750,6751.5,6747.5,6750.5,6749.5
2025-10-22 01:55:00,5300,6751,6748,6749,6749,6752,6749,6751,6751,6751.5,6748.5,6750.0,6750.0
2025-10-22 02:00:00,6300,6754,6749,6749,6752,6755,6751,6751,6754,6754.5,6750.0,6750.0,6753.0
2025-10-22 02:05:00,7700,6755,6752,6752,6754,6756,6753,6754,6755,6755.5,6752.5,6753.0,6754.5
2025-10-22 02:10:00,5700,6755,6753,6754,6755,6756,6754,6755,6756,6755.5,6753.5,6754.5,6755.5
2025-10-22 02:15:00,24300,6763,6754,6755,6760,6764,6755,6756,6761,6763.5,6754.5,6755.5,6760.5
2025-10-22 02:20:00,7600,6761,6757,6760,6760,6762,6759,6761,6761,6761.5,6758.0,6760.5,6760.5
2025-10-22 02:25:00,13000,6762,6759,6760,6761,6763,6760,6761,6762,6762.5,6759.5,6760.5,6761.5
2025-10-22 02:30:00,600,6761,6761,6761,6761,6762,6762,6762,6762,6761.5,6761.5,6761.5,6761.5
2025-10-22 03:30:00,42600,6767,6755,6762,6766,6768,6756,6763,6767,6767.5,6755.5,6762.5,6766.5
2025-10-22 03:35:00,33200,6772,6766,6766,6770,6773,6767,6767,6771,6772.5,6766.5,6766.5,6770.5
2025-10-22 03:40:00,17900,6775,6768,6770,6773,6776,6769,6771,6774,6775.5,6768.5,6770.5,6773.5
2025-10-22 03:45:00,24800,6775,6771,6773,6774,6776,6773,6774,6775,6775.5,6772.0,6773.5,6774.5
2025-10-22 03:50:00,46000,6784,6774,6774,6780,6785,6775,6775,6781,6784.5,6774.5,6774.5,6780.5
2025-10-22 03:55:00,37700,6789,6780,6780,6789,6790,6781,6781,6790,6789.5,6780.5,6780.5,6789.5
2025-10-22 04:00:00,16100,6793,6789,6789,6791,6795,6790,6790,6792,6794.0,6789.5,6789.5,6791.5
2025-10-22 04:05:00,12000,6794,6791,6791,6792,6795,6792,6792,6793,6794.5,6791.5,6791.5,6792.5
2025-10-22 04:10:00,15100,6796,6792,6792,6796,6797,6793,6793,6797,6796.5,6792.5,6792.5,6796.5
2025-10-22 04:15:00,13300,6797,6794,6796,6796,6798,6795,6797,6797,6797.5,6794.5,6796.5,6796.5
2025-10-22 04:20:00,12000,6797,6793,6796,6794,6798,6794,6797,6795,6797.5,6793.5,6796.5,6794.5
2025-10-22 04:25:00,13000,6795,6791,6794,6791,6796,6792,6795,6792,6795.5,6791.5,6794.5,6791.5
2025-10-22 04:30:00,9600,6796,6791,6791,6796,6797,6792,6792,6797,6796.5,6791.5,6791.5,6796.5
2025-10-22 04:35:00,9600,6797,6796,6796,6796,6798,6797,6797,6798,6797.5,6796.5,6796.5,6797.0
2025-10-22 04:40:00,9400,6798,6796,6796,6798,6799,6797,6798,6799,6798.5,6796.5,6797.0,6798.5
2025-10-22 04:45:00,13900,6799,6797,6798,6799,6800,6798,6799,6800,6799.5,6797.5,6798.5,6799.5
2025-10-22 04:50:00,29000,6799,6790,6799,6791,6800,6791,6800,6792,6799.5,6790.5,6799.5,6791.5
2025-10-22 04:55:00,22900,6793,6789,6791,6789,6794,6791,6792,6791,6793.5,6790.0,6791.5,6790.0
2025-10-22 05:00:00,12100,6791,6789,6789,6790,6792,6790,6791,6791,6791.5,6789.5,6790.0,6790.5
2025-10-22 05:05:00,12100,6791,6787,6790,6790,6793,6788,6791,6791,6792.0,6787.5,6790.5,6790.5
2025-10-22 05:10:00,12600,6791,6784,6790,6784,6792,6785,6791,6785,6791.5,6784.5,6790.5,6784.5
2025-10-22 05:15:00,10400,6784,6779,6784,6780,6785,6780,6785,6781,6784.5,6779.5,6784.5,6780.5
2025-10-22 05:20:00,9700,6784,6779,6780,6784,6785,6781,6781,6785,6784.5,6780.0,6780.5,6784.5
2025-10-22 05:25:00,10500,6785,6781,6784,6783,6786,6782,6785,6784,6785.5,6781.5,6784.5,6783.5
2025-10-22 05:30:00,15900,6788,6783,6783,6788,6789,6784,6784,6789,6788.5,6783.5,6783.5,6788.5
2025-10-22 05:35:00,12500,6789,6783,6788,6783,6790,6784,6789,6784,6789.5,6783.5,6788.5,6783.5
2025-10-22 05:40:00,16600,6787,6782,6783,6787,6788,6784,6784,6788,6787.5,6783.0,6783.5,6787.5
2025-10-22 05:45:00,34600,6791,6787,6787,6790,6792,6788,6788,6791,6791.5,6787.5,6787.5,6790.5
2025-10-22 05:50:00,28500,6791,6787,6790,6788,6793,6788,6791,6789,6792.0,6787.5,6790.5,6788.5
2025-10-22 05:55:00,43400,6791,6786,6788,6788,6793,6787,6789,6789,6792.0,6786.5,6788.5,6788.5
2025-10-22 06:00:00,22900,6788,6781,6788,6782,6789,6782,6789,6783,6788.5,6781.5,6788.5,6782.5
2025-10-22 06:05:00,16000,6791,6782,6782,6790,6792,6783,6783,6791,6791.5,6782.5,6782.5,6790.5
2025-10-22 06:10:00,14400,6791,6787,6790,6787,6792,6788,6791,6789,6791.5,6787.5,6790.5,6788.0
2025-10-22 06:15:00,21200,6791,6786,6787,6787,6792,6787,6788,6788,6791.5,6786.5,6787.5,6787.5
2025-10-22 06:20:00,22100,6788,6762,6787,6762,6789,6764,6788,6765,6788.5,6763.5,6787.5,6763.5
2025-10-22 06:25:00,,6899,6762,6790,6762,6900,6763,6791,6763,6899.5,6762.5,6790.5,6762.5
2025-10-22 06:30:00,800200,6762,6762,6762,6762,6766,6766,6766,6766,6764.0,6764.0,6764.0,6764.0
2025-10-23 00:00:00,134900,6766,6719,6719,6762,6769,6720,6720,6765,6767.5,6719.5,6719.5,6763.5
2025-10-23 00:05:00,39800,6772,6755,6762,6758,6775,6757,6765,6760,6773.5,6756.0,6763.5,6759.0
2025-10-23 00:10:00,28000,6760,6736,6758,6743,6761,6738,6760,6744,6760.5,6737.0,6759.0,6743.5
2025-10-23 00:15:00,20500,6748,6738,6743,6747,6749,6739,6744,6749,6748.5,6738.5,6743.5,6748.0
2025-10-23 00:20:00,16700,6751,6740,6747,6741,6752,6741,6749,6742,6751.5,6740.5,6748.0,6741.5
2025-10-23 00:25:00,12700,6742,6735,6741,6736,6744,6736,6742,6737,6743.0,6735.5,6741.5,6736.5
2025-10-23 00:30:00,16800,6747,6736,6736,6744,6748,6737,6737,6745,6747.5,6736.5,6736.5,6744.5
2025-10-23 00:35:00,12000,6744,6736,6744,6742,6745,6737,6745,6743,6744.5,6736.5,6744.5,6742.5
2025-10-23 00:40:00,14000,6743,6738,6742,6741,6744,6739,6743,6742,6743.5,6738.5,6742.5,6741.5
2025-10-23 00:45:00,8400,6748,6737,6741,6748,6749,6739,6742,6749,6748.5,6738.0,6741.5,6748.5
2025-10-23 00:50:00,9900,6753,6748,6748,6750,6755,6749,6749,6752,6754.0,6748.5,6748.5,6751.0
2025-10-23 00:55:00,9100,6752,6746,6750,6747,6753,6747,6752,6748,6752.5,6746.5,6751.0,6747.5
2025-10-23 01:00:00,9900,6757,6745,6747,6750,6759,6747,6748,6752,6757.5,6746.0,6747.5,6751.0
2025-10-23 01:05:00,7500,6751,6746,6750,6747,6752,6748,6752,6748,6751.5,6747.0,6751.0,6747.5
2025-10-23 01:10:00,69000,6780,6747,6747,6769,6781,6748,6748,6771,6780.5,6747.5,6747.5,6770.0
2025-10-23 01:15:00,27500,6774,6761,6769,6761,6776,6762,6771,6762,6775.0,6761.5,6770.0,6761.5
2025-10-23 01:20:00,57200,6764,6750,6761,6751,6765,6751,6762,6753,6764.5,6750.5,6761.5,6752.0
2025-10-23 01:25:00,23800,6751,6736,6751,6739,6753,6737,6753,6740,6752.0,6736.5,6752.0,6739.5
2025-10-23 01:30:00,8100,6746,6738,6739,6744,6747,6740,6740,6746,6746.5,6739.0,6739.5,6745.0
2025-10-23 01:35:00,7800,6753,6744,6744,6753,6755,6746,6746,6754,6754.0,6745.0,6745.0,6753.5
2025-10-23 01:40:00,19600,6753,6744,6753,6749,6755,6745,6754,6750,6754.0,6744.5,6753.5,6749.5
2025-10-23 01:45:00,12700,6755,6748,6749,6749,6757,6750,6750,6751,6756.0,6749.0,6749.5,6750.0
2025-10-23 01:50:00,18100,6749,6741,6749,6742,6751,6743,6751,6743,6750.0,6742.0,6750.0,6742.5
2025-10-23 01:55:00,27800,6742,6729,6742,6731,6743,6730,6743,6732,6742.5,6729.5,6742.5,6731.5
2025-10-23 02:00:00,25300,6731,6719,6731,6721,6732,6720,6732,6722,6731.5,6719.5,6731.5,6721.5
2025-10-23 02:05:00,92100,6723,6677,6721,6680,6725,6678,6722,6683,6724.0,6677.5,6721.5,6681.5
2025-10-23 02:10:00,58900,6691,6672,6681,6690,6693,6675,6683,6693,6692.0,6673.5,6682.0,6691.5
2025-10-23 02:15:00,24700,6698,6683,6690,6698,6699,6684,6693,6699,6698.5,6683.5,6691.5,6698.5
2025-10-23 02:20:00,37100,6710,6691,6698,6698,6711,6693,6699,6700,6710.5,6692.0,6698.5,6699.0
2025-10-23 02:25:00,34900,6714,6697,6698,6714,6716,6699,6700,6716,6715.0,6698.0,6699.0,6715.0
2025-10-23 02:30:00,4300,6712,6712,6712,6712,6716,6716,6716,6716,6714.0,6714.0,6714.0,6714.0
2025-10-23 03:30:00,74100,6740,6706,6713,6736,6741,6708,6714,6738,6740.5,6707.0,6713.5,6737.0
2025-10-23 03:35:00,21300,6746,6735,6736,6743,6747,6737,6738,6744,6746.5,6736.0,6737.0,6743.5
2025-10-23 03:40:00,20600,6747,6740,6743,6744,6748,6741,6744,6745,6747.5,6740.5,6743.5,6744.5
2025-10-23 03:45:00,10400,6748,6743,6744,6748,6750,6745,6745,6749,6749.0,6744.0,6744.5,6748.5
2025-10-23 03:50:00,14300,6758,6748,6748,6758,6759,6749,6749,6759,6758.5,6748.5,6748.5,6758.5
2025-10-23 03:55:00,18600,6764,6758,6758,6763,6765,6759,6759,6764,6764.5,6758.5,6758.5,6763.5
2025-10-23 04:00:00,16800,6771,6763,6763,6771,6772,6764,6764,6772,6771.5,6763.5,6763.5,6771.5
2025-10-23 04:05:00,17600,6773,6767,6771,6770,6774,6769,6772,6772,6773.5,6768.0,6771.5,6771.0
2025-10-23 04:10:00,8800,6773,6769,6770,6771,6774,6770,6772,6772,6773.5,6769.5,6771.0,6771.5
2025-10-23 04:15:00,14500,6772,6764,6771,6766,6773,6765,6772,6767,6772.5,6764.5,6771.5,6766.5
2025-10-23 04:20:00,12700,6771,6762,6766,6766,6773,6763,6767,6767,6772.0,6762.5,6766.5,6766.5
2025-10-23 04:25:00,11800,6769,6764,6766,6764,6770,6765,6767,6765,6769.5,6764.5,6766.5,6764.5
2025-10-23 04:30:00,22900,6768,6759,6764,6765,6770,6760,6765,6766,6769.0,6759.5,6764.5,6765.5
2025-10-23 04:35:00,10800,6769,6762,6765,6763,6770,6764,6766,6764,6769.5,6763.0,6765.5,6763.5
2025-10-23 04:40:00,11400,6763,6756,6763,6757,6764,6757,6764,6758,6763.5,6756.5,6763.5,6757.5
2025-10-23 04:45:00,11800,6759,6755,6757,6758,6760,6756,6758,6760,6759.5,6755.5,6757.5,6759.0
2025-10-23 04:50:00,7500,6760,6757,6758,6758,6761,6758,6760,6759,6760.5,6757.5,6759.0,6758.5
2025-10-23 04:55:00,9300,6761,6756,6758,6758,6762,6757,6759,6759,6761.5,6756.5,6758.5,6758.5
2025-10-23 05:00:00,8600,6762,6758,6758,6762,6763,6759,6759,6763,6762.5,6758.5,6758.5,6762.5
2025-10-23 05:05:00,13000,6764,6760,6762,6763,6765,6761,6763,6764,6764.5,6760.5,6762.5,6763.5
2025-10-23 05:10:00,8000,6767,6763,6763,6767,6768,6764,6764,6768,6767.5,6763.5,6763.5,6767.5
2025-10-23 05:15:00,7000,6769,6767,6767,6769,6770,6768,6768,6770,6769.5,6767.5,6767.5,6769.5
2025-10-23 05:20:00,15100,6769,6760,6769,6762,6770,6761,6770,6763,6769.5,6760.5,6769.5,6762.5
2025-10-23 05:25:00,14000,6763,6758,6762,6760,6764,6759,6763,6761,6763.5,6758.5,6762.5,6760.5
2025-10-23 05:30:00,32400,6764,6752,6760,6763,6765,6753,6761,6764,6764.5,6752.5,6760.5,6763.5
2025-10-23 05:35:00,10200,6763,6759,6763,6762,6764,6760,6764,6763,6763.5,6759.5,6763.5,6762.5
2025-10-23 05:40:00,15700,6764,6758,6762,6763,6765,6759,6763,6764,6764.5,6758.5,6762.5,6763.5
2025-10-23 05:45:00,10600,6764,6760,6763,6761,6766,6761,6764,6762,6765.0,6760.5,6763.5,6761.5
2025-10-23 05:50:00,12300,6765,6758,6761,6764,6767,6760,6762,6766,6766.0,6759.0,6761.5,6765.0
2025-10-23 05:55:00,19500,6772,6763,6764,6771,6773,6765,6766,6772,6772.5,6764.0,6765.0,6771.5
2025-10-23 06:00:00,18700,6772,6763,6771,6765,6773,6764,6772,6766,6772.5,6763.5,6771.5,6765.5
2025-10-23 06:05:00,15100,6769,6764,6765,6764,6770,6765,6766,6765,6769.5,6764.5,6765.5,6764.5
2025-10-23 06:10:00,20000,6770,6759,6764,6770,6772,6760,6765,6772,6771.0,6759.5,6764.5,6771.0
2025-10-23 06:15:00,26700,6772,6766,6770,6770,6773,6767,6772,6771,6772.5,6766.5,6771.0,6770.5
2025-10-23 06:20:00,46600,6784,6768,6770,6784,6785,6769,6771,6785,6784.5,6768.5,6770.5,6784.5
2025-10-23 06:25:00,,6954,6739,6761,6784,6955,6740,6762,6785,6954.5,6739.5,6761.5,6784.5
2025-10-23 06:30:00,427600,6784,6784,6784,6784,6785,6785,6785,6785,6784.5,6784.5,6784.5,6784.5
2025-10-24 00:00:00,180300,6868,6796,6843,6809,6871,6799,6844,6812,6869.0,6797.5,6843.5,6810.5
2025-10-24 00:05:00,39000,6816,6796,6809,6796,6818,6797,6812,6797,6817.0,6796.5,6810.5,6796.5
2025-10-24 00:10:00,41000,6813,6781,6796,6809,6815,6784,6797,6811,6814.0,6782.5,6796.5,6810.0
2025-10-24 00:15:00,32300,6818,6805,6809,6810,6820,6806,6811,6811,6818.5,6805.5,6810.0,6810.5
2025-10-24 00:20:00,30600,6812,6783,6810,6783,6813,6784,6811,6784,6812.5,6783.5,6810.5,6783.5
2025-10-24 00:25:00,20800,6790,6772,6783,6777,6792,6774,6784,6778,6791.0,6773.0,6783.5,6777.5
2025-10-24 00:30:00,12900,6786,6773,6777,6782,6787,6775,6779,6784,6786.5,6774.0,6778.0,6783.0
2025-10-24 00:35:00,14400,6787,6772,6782,6777,6790,6773,6784,6779,6788.5,6772.5,6783.0,6778.0
2025-10-24 00:40:00,9200,6790,6777,6777,6787,6792,6779,6779,6788,6791.0,6778.0,6778.0,6787.5
2025-10-24 00:45:00,8900,6792,6786,6787,6788,6793,6787,6788,6789,6792.5,6786.5,6787.5,6788.5
2025-10-24 00:50:00,13400,6794,6786,6788,6787,6797,6787,6789,6788,6795.5,6786.5,6788.5,6787.5
2025-10-24 00:55:00,10800,6788,6781,6787,6785,6789,6782,6788,6786,6788.5,6781.5,6787.5,6785.5
2025-10-24 01:00:00,11800,6792,6778,6785,6785,6794,6779,6786,6787,6793.0,6778.5,6785.5,6786.0
2025-10-24 01:05:00,7000,6789,6783,6785,6784,6791,6784,6787,6786,6790.0,6783.5,6786.0,6785.0
2025-10-24 01:10:00,4500,6791,6782,6784,6788,6793,6783,6786,6790,6792.0,6782.5,6785.0,6789.0
2025-10-24 01:15:00,15500,6799,6787,6788,6792,6800,6789,6790,6793,6799.5,6788.0,6789.0,6792.5
2025-10-24 01:20:00,10100,6796,6790,6792,6793,6798,6792,6793,6795,6796.5,6791.0,6792.5,6794.0
2025-10-24 01:25:00,5300,6797,6793,6793,6797,6798,6794,6795,6798,6797.5,6793.5,6794.0,6797.5
2025-10-24 01:30:00,8100,6799,6794,6797,6796,6800,6795,6798,6797,6799.5,6794.5,6797.5,6796.5
2025-10-24 01:35:00,5600,6797,6790,6796,6792,6798,6792,6797,6793,6797.5,6791.0,6796.5,6792.5
2025-10-24 01:40:00,6800,6798,6792,6792,6798,6800,6793,6793,6799,6799.0,6792.5,6792.5,6798.5
2025-10-24 01:45:00,23200,6806,6794,6798,6802,6808,6799,6799,6804,6807.0,6798.5,6798.5,6803.0
2025-10-24 01:50:00,11800,6804,6797,6802,6801,6805,6799,6804,6802,6804.5,6798.0,6803.0,6801.5
2025-10-24 01:55:00,16200,6802,6795,6801,6801,6803,6796,6802,6802,6802.5,6795.5,6801.5,6801.5
2025-10-24 02:00:00,7400,6803,6796,6801,6802,6804,6798,6802,6803,6803.5,6797.0,6801.5,6802.5
2025-10-24 02:05:00,9500,6802,6796,6802,6798,6803,6798,6803,6799,6802.5,6797.0,6802.5,6798.5
2025-10-24 02:10:00,7400,6803,6796,6798,6801,6804,6797,6799,6802,6803.5,6796.5,6798.5,6801.5
2025-10-24 02:15:00,6300,6806,6801,6801,6802,6807,6802,6802,6803,6806.5,6801.5,6801.5,6802.5
2025-10-24 02:20:00,8600,6802,6791,6802,6791,6803,6793,6803,6793,6802.5,6792.0,6802.5,6792.0
2025-10-24 02:25:00,7300,6793,6790,6791,6791,6794,6791,6793,6792,6793.5,6790.5,6792.0,6791.5
2025-10-24 02:30:00,1300,6791,6791,6791,6791,6793,6793,6793,6793,6792.0,6792.0,6792.0,6792.0
2025-10-24 03:30:00,47700,6801,6783,6791,6784,6802,6785,6791,6786,6801.5,6784.5,6791.0,6785.0
2025-10-24 03:35:00,11300,6792,6780,6785,6791,6793,6782,6786,6792,6792.5,6781.0,6785.5,6791.5
2025-10-24 03:40:00,9200,6795,6791,6791,6794,6796,6792,6792,6795,6795.5,6791.5,6791.5,6794.5
2025-10-24 03:45:00,13600,6794,6787,6794,6788,6795,6788,6795,6789,6794.5,6787.5,6794.5,6788.5
2025-10-24 03:50:00,4800,6789,6787,6788,6789,6790,6788,6789,6790,6789.5,6787.5,6788.5,6789.5
2025-10-24 03:55:00,9700,6793,6789,6789,6793,6794,6790,6790,6794,6793.5,6789.5,6789.5,6793.5
2025-10-24 04:00:00,19300,6793,6781,6793,6785,6794,6782,6794,6786,6793.5,6781.5,6793.5,6785.5
2025-10-24 04:05:00,19100,6785,6779,6785,6784,6786,6781,6786,6785,6785.5,6780.0,6785.5,6784.5
2025-10-24 04:10:00,11000,6786,6782,6784,6782,6787,6783,6785,6783,6786.5,6782.5,6784.5,6782.5
2025-10-24 04:15:00,9100,6783,6782,6782,6782,6784,6783,6783,6784,6783.5,6782.5,6782.5,6783.0
2025-10-24 04:20:00,13000,6782,6777,6782,6778,6784,6778,6784,6779,6783.0,6777.5,6783.0,6778.5
2025-10-24 04:25:00,14700,6780,6776,6778,6776,6781,6777,6779,6777,6780.5,6776.5,6778.5,6776.5
2025-10-24 04:30:00,15700,6776,6768,6776,6769,6777,6769,6777,6770,6776.5,6768.5,6776.5,6769.5
2025-10-24 04:35:00,11400,6772,6768,6769,6768,6773,6769,6770,6769,6772.5,6768.5,6769.5,6768.5
2025-10-24 04:40:00,10800,6768,6763,6768,6763,6769,6764,6769,6764,6768.5,6763.5,6768.5,6763.5
2025-10-24 04:45:00,11900,6765,6762,6763,6764,6766,6763,6764,6765,6765.5,6762.5,6763.5,6764.5
2025-10-24 04:50:00,10700,6766,6760,6764,6762,6767,6761,6765,6763,6766.5,6760.5,6764.5,6762.5
2025-10-24 04:55:00,7900,6762,6760,6762,6761,6763,6761,6763,6762,6762.5,6760.5,6762.5,6761.5
2025-10-24 05:00:00,10400,6769,6761,6761,6768,6770,6762,6762,6769,6769.5,6761.5,6761.5,6768.5
2025-10-24 05:05:00,10400,6768,6763,6768,6764,6769,6764,6769,6765,6768.5,6763.5,6768.5,6764.5
2025-10-24 05:10:00,9100,6764,6759,6764,6759,6766,6760,6765,6760,6765.0,6759.5,6764.5,6759.5
2025-10-24 05:15:00,12300,6770,6758,6758,6770,6771,6759,6760,6771,6770.5,6758.5,6759.0,6770.5
2025-10-24 05:20:00,10900,6774,6769,6770,6774,6775,6770,6771,6775,6774.5,6769.5,6770.5,6774.5
2025-10-24 05:25:00,10900,6775,6771,6774,6773,6776,6772,6775,6774,6775.5,6771.5,6774.5,6773.5
2025-10-24 05:30:00,17500,6773,6764,6773,6764,6774,6765,6774,6765,6773.5,6764.5,6773.5,6764.5
2025-10-24 05:35:00,14700,6766,6762,6764,6765,6767,6764,6765,6766,6766.5,6763.5,6764.5,6765.5
2025-10-24 05:40:00,15300,6772,6765,6765,6770,6773,6766,6766,6771,6772.5,6765.5,6765.5,6770.5
2025-10-24 05:45:00,11200,6772,6767,6770,6768,6773,6768,6771,6769,6772.5,6767.5,6770.5,6768.5
2025-10-24 05:50:00,18000,6768,6762,6768,6762,6769,6763,6769,6763,6768.5,6762.5,6768.5,6762.5
2025-10-24 05:55:00,18200,6762,6758,6762,6760,6763,6760,6763,6761,6762.5,6759.0,6762.5,6760.5
2025-10-24 06:00:00,25400,6762,6757,6760,6760,6763,6758,6761,6761,6762.5,6757.5,6760.5,6760.5
2025-10-24 06:05:00,30300,6761,6755,6760,6760,6762,6757,6761,6761,6761.5,6756.0,6760.5,6760.5
2025-10-24 06:10:00,40600,6768,6760,6760,6765,6769,6761,6761,6766,6768.5,6760.5,6760.5,6765.5
2025-10-24 06:15:00,39100,6769,6758,6765,6765,6770,6759,6766,6767,6769.5,6758.5,6765.5,6766.0
2025-10-24 06:20:00,39600,6769,6761,6765,6763,6770,6763,6767,6765,6769.5,6762.0,6766.0,6764.0
2025-10-24 06:25:00,,6843,6750,6804,6770,6844,6751,6805,6771,6843.5,6750.5,6804.5,6770.5
2025-10-24 06:30:00,555900,6769,6769,6769,6769,6772,6772,6772,6772,6770.5,6770.5,6770.5,6770.5
2025-10-27 00:00:00,198400,6848,6803,6830,6820,6849,6805,6830,6822,6848.5,6804.0,6830.0,6821.0
2025-10-27 00:05:00,58900,6838,6815,6820,6823,6839,6817,6822,6825,6838.5,6816.0,6821.0,6824.0
2025-10-27 00:10:00,50000,6845,6819,6823,6844,6847,6820,6825,6847,6846.0,6819.5,6824.0,6845.5
2025-10-27 00:15:00,65500,6851,6839,6845,6847,6853,6840,6847,6849,6852.0,6839.5,6846.0,6848.0
2025-10-27 00:20:00,22700,6852,6845,6847,6851,6853,6846,6849,6853,6852.5,6845.5,6848.0,6852.0
2025-10-27 00:25:00,28100,6853,6844,6851,6851,6855,6845,6853,6853,6854.0,6844.5,6852.0,6852.0
2025-10-27 00:30:00,42000,6859,6850,6851,6857,6861,6851,6853,6859,6860.0,6850.5,6852.0,6858.0
2025-10-27 00:35:00,22500,6865,6855,6857,6865,6866,6856,6859,6866,6865.5,6855.5,6858.0,6865.5
2025-10-27 00:40:00,34900,6870,6862,6865,6862,6872,6863,6866,6864,6871.0,6862.5,6865.5,6863.0
2025-10-27 00:45:00,15600,6866,6858,6862,6860,6867,6859,6864,6861,6866.5,6858.5,6863.0,6860.5
2025-10-27 00:50:00,14200,6860,6852,6860,6857,6861,6854,6861,6858,6860.5,6853.0,6860.5,6857.5
2025-10-27 00:55:00,17400,6857,6846,6857,6853,6858,6847,6858,6854,6857.5,6846.5,6857.5,6853.5
2025-10-27 01:00:00,18500,6856,6844,6853,6849,6858,6845,6854,6851,6857.0,6844.5,6853.5,6850.0
2025-10-27 01:05:00,12800,6853,6846,6849,6846,6854,6848,6851,6848,6853.5,6847.0,6850.0,6847.0
2025-10-27 01:10:00,18100,6847,6836,6846,6837,6848,6837,6848,6838,6847.5,6836.5,6847.0,6837.5
2025-10-27 01:15:00,9500,6845,6837,6837,6844,6847,6838,6838,6846,6846.0,6837.5,6837.5,6845.0
2025-10-27 01:20:00,11600,6854,6844,6844,6854,6855,6846,6846,6855,6854.5,6845.0,6845.0,6854.5
2025-10-27 01:25:00,13200,6863,6853,6853,6862,6865,6854,6855,6864,6864.0,6853.5,6854.0,6863.0
2025-10-27 01:30:00,11900,6866,6857,6862,6866,6867,6858,6864,6867,6866.5,6857.5,6863.0,6866.5
2025-10-27 01:35:00,17200,6868,6863,6866,6866,6869,6864,6867,6867,6868.5,6863.5,6866.5,6866.5
2025-10-27 01:40:00,31200,6879,6865,6866,6877,6880,6866,6867,6878,6879.5,6865.5,6866.5,6877.5
2025-10-27 01:45:00,11900,6879,6876,6877,6877,6880,6877,6878,6878,6879.5,6876.5,6877.5,6877.5
2025-10-27 01:50:00,11600,6878,6874,6877,6875,6880,6875,6878,6876,6879.0,6874.5,6877.5,6875.5
2025-10-27 01:55:00,10400,6879,6874,6875,6878,6880,6875,6876,6880,6879.5,6874.5,6875.5,6879.0
2025-10-27 02:00:00,15700,6879,6875,6878,6875,6880,6876,6880,6876,6879.5,6875.5,6879.0,6875.5
2025-10-27 02:05:00,16000,6875,6871,6875,6873,6876,6872,6876,6874,6875.5,6871.5,6875.5,6873.5
2025-10-27 02:10:00,12200,6874,6867,6873,6867,6875,6868,6874,6868,6874.5,6867.5,6873.5,6867.5
2025-10-27 02:15:00,15200,6871,6867,6867,6870,6873,6868,6868,6871,6872.0,6867.5,6867.5,6870.5
2025-10-27 02:20:00,23100,6870,6850,6870,6855,6871,6851,6871,6857,6870.5,6850.5,6870.5,6856.0
2025-10-27 02:25:00,8600,6855,6849,6855,6853,6856,6851,6856,6856,6855.5,6850.0,6855.5,6854.5
2025-10-27 02:30:00,6100,6851,6851,6851,6851,6856,6856,6856,6856,6853.5,6853.5,6853.5,6853.5
2025-10-27 03:30:00,43400,6863,6846,6857,6850,6864,6847,6863,6851,6863.5,6846.5,6860.0,6850.5
2025-10-27 03:35:00,9800,6851,6845,6850,6850,6852,6847,6851,6851,6851.5,6846.0,6850.5,6850.5
2025-10-27 03:40:00,10500,6852,6848,6850,6849,6853,6849,6851,6851,6852.5,6848.5,6850.5,6850.0
2025-10-27 03:45:00,11300,6854,6848,6849,6848,6855,6849,6851,6849,6854.5,6848.5,6850.0,6848.5
2025-10-27 03:50:00,13300,6849,6838,6848,6841,6850,6839,6849,6842,6849.5,6838.5,6848.5,6841.5
2025-10-27 03:55:00,6700,6841,6837,6841,6838,6842,6838,6842,6839,6841.5,6837.5,6841.5,6838.5
2025-10-27 04:00:00,8000,6841,6838,6838,6840,6843,6839,6839,6841,6842.0,6838.5,6838.5,6840.5
2025-10-27 04:05:00,14200,6840,6830,6840,6832,6841,6831,6841,6833,6840.5,6830.5,6840.5,6832.5
2025-10-27 04:10:00,8900,6833,6830,6832,6832,6834,6831,6833,6833,6833.5,6830.5,6832.5,6832.5
2025-10-27 04:15:00,13300,6832,6826,6832,6829,6833,6827,6833,6830,6832.5,6826.5,6832.5,6829.5
2025-10-27 04:20:00,9900,6836,6829,6829,6833,6837,6830,6830,6834,6836.5,6829.5,6829.5,6833.5
2025-10-27 04:25:00,8900,6838,6832,6833,6838,6840,6834,6834,6839,6839.0,6833.0,6833.5,6838.5
2025-10-27 04:30:00,10300,6839,6832,6838,6832,6840,6833,6839,6833,6839.5,6832.5,6838.5,6832.5
2025-10-27 04:35:00,5300,6833,6829,6832,6829,6834,6830,6833,6830,6833.5,6829.5,6832.5,6829.5
2025-10-27 04:40:00,5500,6830,6828,6829,6829,6831,6829,6830,6830,6830.5,6828.5,6829.5,6829.5
2025-10-27 04:45:00,8500,6830,6827,6829,6829,6831,6829,6830,6830,6830.5,6828.0,6829.5,6829.5
2025-10-27 04:50:00,5400,6830,6828,6829,6830,6831,6829,6830,6831,6830.5,6828.5,6829.5,6830.5
2025-10-27 04:55:00,7200,6834,6830,6830,6833,6835,6831,6831,6834,6834.5,6830.5,6830.5,6833.5
2025-10-27 05:00:00,6900,6834,6831,6833,6833,6835,6832,6834,6834,6834.5,6831.5,6833.5,6833.5
2025-10-27 05:05:00,10900,6840,6833,6833,6839,6841,6834,6834,6840,6840.5,6833.5,6833.5,6839.5
2025-10-27 05:10:00,7500,6843,6839,6839,6843,6844,6840,6840,6844,6843.5,6839.5,6839.5,6843.5
2025-10-27 05:15:00,8900,6845,6842,6843,6845,6846,6843,6844,6846,6845.5,6842.5,6843.5,6845.5
2025-10-27 05:20:00,8800,6847,6844,6845,6845,6848,6845,6846,6846,6847.5,6844.5,6845.5,6845.5
2025-10-27 05:25:00,8900,6849,6844,6845,6848,6850,6845,6846,6849,6849.5,6844.5,6845.5,6848.5
2025-10-27 05:30:00,11800,6848,6844,6848,6844,6850,6845,6849,6845,6849.0,6844.5,6848.5,6844.5
2025-10-27 05:35:00,7200,6845,6844,6844,6844,6846,6845,6845,6845,6845.5,6844.5,6844.5,6844.5
2025-10-27 05:40:00,9600,6848,6844,6844,6846,6849,6845,6845,6847,6848.5,6844.5,6844.5,6846.5
2025-10-27 05:45:00,10400,6849,6846,6846,6846,6850,6847,6847,6847,6849.5,6846.5,6846.5,6846.5
2025-10-27 05:50:00,12500,6850,6845,6846,6850,6851,6846,6847,6851,6850.5,6845.5,6846.5,6850.5
2025-10-27 05:55:00,16900,6850,6844,6850,6846,6851,6845,6851,6847,6850.5,6844.5,6850.5,6846.5
2025-10-27 06:00:00,30200,6851,6841,6846,6845,6852,6843,6847,6846,6851.5,6842.0,6846.5,6845.5
2025-10-27 06:05:00,22400,6848,6842,6845,6846,6849,6843,6846,6847,6848.5,6842.5,6845.5,6846.5
2025-10-27 06:10:00,17400,6847,6843,6846,6846,6848,6845,6847,6847,6847.5,6844.0,6846.5,6846.5
2025-10-27 06:15:00,26200,6851,6845,6846,6850,6852,6846,6847,6851,6851.5,6845.5,6846.5,6850.5
2025-10-27 06:20:00,58000,6852,6845,6850,6845,6853,6846,6851,6847,6852.5,6845.5,6850.5,6846.0
2025-10-27 06:25:00,,6913,6775,6890,6844,6914,6776,6891,6845,6913.5,6775.5,6890.5,6844.5
2025-10-27 06:30:00,520000,6844,6844,6844,6844,6847,6847,6847,6847,6845.5,6845.5,6845.5,6845.5
2025-10-28 00:00:00,128200,6851,6813,6836,6844,6854,6819,6836,6846,6852.5,6816.5,6836.0,6845.0
2025-10-28 00:05:00,49900,6847,6829,6844,6835,6848,6831,6846,6837,6847.5,6830.5,6845.0,6836.0
2025-10-28 00:10:00,31200,6837,6821,6835,6836,6839,6823,6837,6838,6838.0,6822.5,6836.0,6837.0
2025-10-28 00:15:00,25700,6840,6823,6836,6827,6842,6824,6838,6828,6841.0,6823.5,6837.0,6827.5
2025-10-28 00:20:00,17800,6831,6822,6827,6829,6833,6824,6828,6830,6832.0,6823.0,6827.5,6829.5
2025-10-28 00:25:00,18000,6835,6823,6829,6823,6836,6824,6830,6825,6835.5,6823.5,6829.5,6824.0
2025-10-28 00:30:00,22400,6826,6815,6823,6816,6827,6816,6825,6817,6826.5,6815.5,6824.0,6816.5
2025-10-28 00:35:00,14200,6819,6812,6816,6819,6820,6813,6817,6820,6819.5,6812.5,6816.5,6819.5
2025-10-28 00:40:00,16700,6827,6818,6819,6822,6828,6819,6820,6824,6827.5,6818.5,6819.5,6823.0
2025-10-28 00:45:00,11400,6832,6822,6822,6829,6833,6824,6824,6831,6832.5,6823.0,6823.0,6830.0
2025-10-28 00:50:00,16900,6843,6829,6829,6837,6845,6831,6831,6839,6844.0,6830.0,6830.0,6838.0
2025-10-28 00:55:00,12500,6837,6831,6837,6836,6839,6832,6839,6837,6838.0,6831.5,6838.0,6836.5
2025-10-28 01:00:00,12000,6836,6826,6836,6830,6837,6828,6837,6831,6836.5,6827.0,6836.5,6830.5
2025-10-28 01:05:00,6700,6838,6830,6830,6838,6839,6831,6831,6839,6838.5,6830.5,6830.5,6838.5
2025-10-28 01:10:00,11700,6840,6830,6838,6833,6842,6831,6839,6835,6841.0,6830.5,6838.5,6834.0
2025-10-28 01:15:00,7500,6837,6830,6833,6830,6838,6831,6835,6831,6837.5,6830.5,6834.0,6830.5
2025-10-28 01:20:00,10000,6834,6826,6830,6827,6835,6827,6831,6828,6834.5,6826.5,6830.5,6827.5
2025-10-28 01:25:00,8500,6829,6825,6827,6828,6830,6826,6828,6829,6829.5,6825.5,6827.5,6828.5
2025-10-28 01:30:00,8300,6830,6825,6828,6827,6831,6827,6829,6828,6830.5,6826.0,6828.5,6827.5
2025-10-28 01:35:00,8400,6831,6826,6827,6830,6833,6827,6828,6831,6832.0,6826.5,6827.5,6830.5
2025-10-28 01:40:00,8100,6836,6829,6829,6829,6837,6830,6831,6830,6836.5,6829.5,6830.0,6829.5
2025-10-28 01:45:00,9400,6833,6825,6829,6833,6835,6827,6830,6835,6834.0,6826.0,6829.5,6834.0
2025-10-28 01:50:00,14200,6840,6830,6833,6830,6841,6832,6835,6832,6840.5,6831.0,6834.0,6831.0
2025-10-28 01:55:00,11300,6830,6824,6830,6825,6832,6826,6832,6826,6831.0,6825.0,6831.0,6825.5
2025-10-28 02:00:00,14000,6826,6817,6825,6820,6827,6819,6826,6821,6826.5,6818.5,6825.5,6820.5
2025-10-28 02:05:00,8800,6822,6816,6820,6816,6823,6817,6821,6817,6822.5,6816.5,6820.5,6816.5
2025-10-28 02:10:00,13400,6819,6810,6816,6811,6821,6811,6817,6812,6819.5,6810.5,6816.5,6811.5
2025-10-28 02:15:00,10600,6814,6808,6811,6814,6816,6809,6812,6815,6815.0,6808.5,6811.5,6814.5
2025-10-28 02:20:00,13200,6823,6812,6814,6823,6824,6814,6815,6824,6823.5,6813.0,6814.5,6823.5
2025-10-28 02:25:00,12500,6825,6817,6823,6825,6826,6818,6824,6826,6825.5,6817.5,6823.5,6825.5
2025-10-28 02:30:00,3000,6825,6825,6825,6825,6827,6827,6827,6827,6826.0,6826.0,6826.0,6826.0
2025-10-28 03:30:00,51300,6827,6803,6827,6813,6828,6805,6828,6814,6827.5,6804.0,6827.5,6813.5
2025-10-28 03:35:00,18800,6816,6807,6813,6810,6817,6809,6814,6811,6816.5,6808.0,6813.5,6810.5
2025-10-28 03:40:00,23000,6820,6809,6810,6816,6822,6811,6811,6817,6820.5,6810.0,6810.5,6816.5
2025-10-28 03:45:00,11500,6821,6813,6816,6817,6822,6815,6817,6818,6821.5,6814.5,6816.5,6817.5
2025-10-28 03:50:00,14700,6819,6813,6817,6816,6820,6815,6818,6817,6819.5,6814.0,6817.5,6816.5
2025-10-28 03:55:00,12200,6818,6815,6816,6818,6820,6816,6817,6819,6819.0,6815.5,6816.5,6818.5
2025-10-28 04:00:00,12000,6825,6818,6818,6823,6827,6819,6819,6824,6826.0,6818.5,6818.5,6823.5
2025-10-28 04:05:00,18300,6823,6814,6823,6814,6824,6815,6824,6816,6823.5,6814.5,6823.5,6815.0
2025-10-28 04:10:00,18000,6817,6812,6814,6814,6818,6813,6816,6815,6817.5,6812.5,6815.0,6814.5
2025-10-28 04:15:00,15200,6814,6800,6814,6802,6815,6801,6815,6803,6814.5,6800.5,6814.5,6802.5
2025-10-28 04:20:00,12400,6809,6801,6802,6806,6810,6802,6803,6807,6809.5,6801.5,6802.5,6806.5
2025-10-28 04:25:00,8700,6808,6804,6805,6804,6809,6805,6807,6805,6808.5,6804.5,6806.0,6804.5
2025-10-28 04:30:00,11800,6804,6800,6804,6802,6805,6801,6805,6803,6804.5,6800.5,6804.5,6802.5
2025-10-28 04:35:00,18700,6802,6795,6802,6796,6803,6796,6803,6798,6802.5,6795.5,6802.5,6797.0
2025-10-28 04:40:00,15500,6802,6793,6796,6799,6803,6794,6798,6800,6802.5,6793.5,6797.0,6799.5
2025-10-28 04:45:00,15100,6800,6796,6799,6797,6801,6797,6800,6798,6800.5,6796.5,6799.5,6797.5
2025-10-28 04:50:00,10100,6799,6794,6797,6795,6800,6795,6798,6796,6799.5,6794.5,6797.5,6795.5
2025-10-28 04:55:00,12800,6797,6794,6795,6796,6799,6795,6796,6797,6798.0,6794.5,6795.5,6796.5
2025-10-28 05:00:00,15800,6802,6796,6796,6798,6804,6797,6797,6799,6803.0,6796.5,6796.5,6798.5
2025-10-28 05:05:00,13200,6798,6792,6798,6796,6799,6793,6799,6797,6798.5,6792.5,6798.5,6796.5
2025-10-28 05:10:00,7900,6796,6791,6796,6793,6797,6793,6797,6794,6796.5,6792.0,6796.5,6793.5
2025-10-28 05:15:00,11600,6798,6791,6793,6797,6799,6792,6794,6798,6798.5,6791.5,6793.5,6797.5
2025-10-28 05:20:00,8500,6797,6792,6797,6793,6798,6794,6798,6794,6797.5,6793.0,6797.5,6793.5
2025-10-28 05:25:00,15100,6793,6785,6793,6785,6794,6786,6794,6786,6793.5,6785.5,6793.5,6785.5
2025-10-28 05:30:00,17900,6785,6779,6785,6784,6786,6780,6786,6785,6785.5,6779.5,6785.5,6784.5
2025-10-28 05:35:00,9400,6790,6784,6784,6786,6791,6785,6785,6788,6790.5,6784.5,6784.5,6787.0
2025-10-28 05:40:00,10700,6788,6783,6786,6784,6789,6785,6788,6785,6788.5,6784.0,6787.0,6784.5
2025-10-28 05:45:00,16200,6788,6781,6784,6788,6790,6783,6785,6790,6789.0,6782.0,6784.5,6789.0
2025-10-28 05:50:00,10800,6789,6787,6788,6788,6791,6788,6790,6790,6790.0,6787.5,6789.0,6789.0
2025-10-28 05:55:00,19400,6789,6782,6788,6787,6790,6783,6790,6789,6789.5,6782.5,6789.0,6788.0
2025-10-28 06:00:00,15500,6793,6784,6787,6786,6794,6786,6789,6788,6793.5,6785.0,6788.0,6787.0
2025-10-28 06:05:00,16800,6787,6782,6786,6783,6788,6783,6788,6784,6787.5,6782.5,6787.0,6783.5
2025-10-28 06:10:00,24300,6784,6772,6783,6774,6785,6773,6784,6775,6784.5,6772.5,6783.5,6774.5
2025-10-28 06:15:00,22500,6776,6770,6774,6774,6777,6771,6775,6775,6776.5,6770.5,6774.5,6774.5
2025-10-28 06:20:00,30400,6779,6771,6774,6771,6781,6773,6775,6773,6780.0,6772.0,6774.5,6772.0
2025-10-28 06:25:00,,6797,6691,6737,6750,6798,6692,6738,6751,6797.5,6691.5,6737.5,6750.5
2025-10-28 06:30:00,570200,6750,6750,6750,6750,6772,6772,6772,6772,6761.0,6761.0,6761.0,6761.0
2025-10-29 00:00:00,199900,6788,6750,6750,6773,6791,6751,6751,6776,6789.5,6750.5,6750.5,6774.5
2025-10-29 00:05:00,38500,6785,6761,6773,6767,6788,6764,6776,6770,6786.5,6762.5,6774.5,6768.5
2025-10-29 00:10:00,33200,6772,6736,6767,6736,6774,6738,6770,6738,6773.0,6737.0,6768.5,6737.0
2025-10-29 00:15:00,41000,6736,6713,6736,6721,6738,6716,6738,6724,6737.0,6714.5,6737.0,6722.5
2025-10-29 00:20:00,27000,6735,6709,6721,6735,6737,6711,6724,6737,6736.0,6710.0,6722.5,6736.0
2025-10-29 00:25:00,20300,6742,6727,6735,6730,6744,6729,6737,6732,6743.0,6728.0,6736.0,6731.0
2025-10-29 00:30:00,30100,6743,6727,6730,6732,6745,6729,6732,6734,6744.0,6728.0,6731.0,6733.0
2025-10-29 00:35:00,20700,6739,6731,6732,6735,6740,6734,6734,6737,6739.5,6732.5,6733.0,6736.0
2025-10-29 00:40:00,12900,6739,6731,6735,6737,6740,6732,6737,6738,6739.5,6731.5,6736.0,6737.5
2025-10-29 00:45:00,13300,6738,6730,6737,6730,6739,6731,6738,6731,6738.5,6730.5,6737.5,6730.5
2025-10-29 00:50:00,24900,6732,6720,6730,6725,6733,6721,6731,6727,6732.5,6720.5,6730.5,6726.0
2025-10-29 00:55:00,12500,6730,6722,6725,6724,6731,6724,6727,6726,6730.5,6723.0,6726.0,6725.0
2025-10-29 01:00:00,15400,6727,6719,6724,6727,6729,6721,6726,6729,6728.0,6720.0,6725.0,6728.0
2025-10-29 01:05:00,8700,6730,6721,6727,6721,6731,6723,6729,6723,6730.5,6722.0,6728.0,6722.0
2025-10-29 01:10:00,16500,6731,6722,6722,6727,6733,6723,6723,6729,6732.0,6722.5,6722.5,6728.0
2025-10-29 01:15:00,13400,6738,6727,6727,6737,6740,6728,6729,6739,6739.0,6727.5,6728.0,6738.0
2025-10-29 01:20:00,16200,6743,6726,6737,6726,6744,6728,6739,6728,6743.5,6727.0,6738.0,6727.0
2025-10-29 01:25:00,18600,6726,6718,6726,6721,6728,6719,6728,6723,6727.0,6718.5,6727.0,6722.0
2025-10-29 01:30:00,12900,6728,6719,6721,6719,6729,6720,6723,6720,6728.5,6719.5,6722.0,6719.5
2025-10-29 01:35:00,11100,6724,6718,6719,6720,6725,6719,6720,6722,6724.5,6718.5,6719.5,6721.0
2025-10-29 01:40:00,14700,6728,6720,6720,6720,6730,6722,6722,6722,6729.0,6721.0,6721.0,6721.0
2025-10-29 01:45:00,21800,6725,6716,6720,6722,6727,6718,6722,6724,6726.0,6717.0,6721.0,6723.0
2025-10-29 01:50:00,10200,6725,6720,6722,6722,6726,6722,6724,6723,6725.5,6721.0,6723.0,6722.5
2025-10-29 01:55:00,15600,6728,6720,6722,6722,6729,6721,6723,6723,6728.5,6720.5,6722.5,6722.5
2025-10-29 02:00:00,11700,6728,6721,6722,6726,6730,6723,6723,6728,6729.0,6722.0,6722.5,6727.0
2025-10-29 02:05:00,8800,6727,6721,6726,6724,6728,6722,6728,6725,6727.5,6721.5,6727.0,6724.5
2025-10-29 02:10:00,8300,6725,6719,6724,6719,6726,6720,6725,6721,6725.5,6719.5,6724.5,6720.0
2025-10-29 02:15:00,5300,6724,6719,6719,6722,6725,6720,6721,6723,6724.5,6719.5,6720.0,6722.5
2025-10-29 02:20:00,9300,6730,6719,6722,6730,6731,6720,6723,6731,6730.5,6719.5,6722.5,6730.5
2025-10-29 02:25:00,26800,6733,6716,6730,6725,6734,6717,6731,6726,6733.5,6716.5,6730.5,6725.5
2025-10-29 02:30:00,22100,6720,6720,6720,6720,6726,6726,6726,6726,6723.0,6723.0,6723.0,6723.0
2025-10-29 03:30:00,47600,6727,6717,6721,6722,6728,6719,6722,6724,6727.5,6718.0,6721.5,6723.0
2025-10-29 03:35:00,16100,6735,6720,6722,6733,6736,6721,6724,6734,6735.5,6720.5,6723.0,6733.5
2025-10-29 03:40:00,14600,6737,6731,6733,6736,6738,6732,6734,6737,6737.5,6731.5,6733.5,6736.5
2025-10-29 03:45:00,15300,6754,6734,6736,6754,6755,6735,6737,6755,6754.5,6734.5,6736.5,6754.5
2025-10-29 03:50:00,16500,6758,6748,6754,6749,6759,6750,6755,6750,6758.5,6749.0,6754.5,6749.5
2025-10-29 03:55:00,13200,6751,6741,6749,6744,6753,6742,6750,6746,6752.0,6741.5,6749.5,6745.0
2025-10-29 04:00:00,12000,6752,6744,6744,6749,6753,6745,6746,6750,6752.5,6744.5,6745.0,6749.5
2025-10-29 04:05:00,16600,6751,6741,6749,6743,6752,6742,6750,6745,6751.5,6741.5,6749.5,6744.0
2025-10-29 04:10:00,13800,6747,6736,6743,6746,6748,6738,6745,6747,6747.5,6737.0,6744.0,6746.5
2025-10-29 04:15:00,16900,6747,6741,6746,6744,6748,6742,6747,6745,6747.5,6741.5,6746.5,6744.5
2025-10-29 04:20:00,7900,6753,6744,6744,6753,6754,6745,6745,6754,6753.5,6744.5,6744.5,6753.5
2025-10-29 04:25:00,18700,6758,6753,6753,6755,6759,6754,6754,6756,6758.5,6753.5,6753.5,6755.5
2025-10-29 04:30:00,12700,6758,6746,6755,6751,6759,6747,6756,6752,6758.5,6746.5,6755.5,6751.5
2025-10-29 04:35:00,8300,6752,6746,6751,6746,6753,6747,6752,6747,6752.5,6746.5,6751.5,6746.5
2025-10-29 04:40:00,10000,6748,6742,6746,6743,6750,6743,6747,6744,6749.0,6742.5,6746.5,6743.5
2025-10-29 04:45:00,13900,6750,6743,6743,6744,6751,6744,6744,6745,6750.5,6743.5,6743.5,6744.5
2025-10-29 04:50:00,9400,6746,6742,6744,6746,6747,6743,6745,6747,6746.5,6742.5,6744.5,6746.5
2025-10-29 04:55:00,6800,6747,6743,6746,6744,6749,6745,6747,6745,6748.0,6744.0,6746.5,6744.5
2025-10-29 05:00:00,16700,6749,6744,6744,6747,6750,6745,6745,6748,6749.5,6744.5,6744.5,6747.5
2025-10-29 05:05:00,15700,6747,6737,6747,6740,6748,6739,6748,6741,6747.5,6738.0,6747.5,6740.5
2025-10-29 05:10:00,13500,6746,6739,6740,6742,6748,6740,6741,6743,6747.0,6739.5,6740.5,6742.5
2025-10-29 05:15:00,16900,6744,6736,6742,6738,6745,6737,6743,6740,6744.5,6736.5,6742.5,6739.0
2025-10-29 05:20:00,14900,6740,6733,6738,6734,6742,6734,6740,6736,6741.0,6733.5,6739.0,6735.0
2025-10-29 05:25:00,26300,6734,6728,6734,6731,6736,6730,6736,6732,6735.0,6729.0,6735.0,6731.5
2025-10-29 05:30:00,28600,6742,6731,6731,6740,6744,6732,6732,6741,6743.0,6731.5,6731.5,6740.5
2025-10-29 05:35:00,14900,6744,6737,6740,6742,6745,6738,6741,6743,6744.5,6737.5,6740.5,6742.5
2025-10-29 05:40:00,19400,6742,6726,6742,6727,6744,6728,6743,6728,6743.0,6727.0,6742.5,6727.5
2025-10-29 05:45:00,28200,6727,6716,6727,6717,6728,6718,6728,6718,6727.5,6717.0,6727.5,6717.5
2025-10-29 05:50:00,34200,6726,6715,6717,6725,6727,6716,6718,6727,6726.5,6715.5,6717.5,6726.0
2025-10-29 05:55:00,26800,6728,6722,6725,6724,6729,6723,6727,6725,6728.5,6722.5,6726.0,6724.5
2025-10-29 06:00:00,24200,6727,6718,6724,6720,6729,6719,6725,6721,6728.0,6718.5,6724.5,6720.5
2025-10-29 06:05:00,22100,6720,6714,6720,6717,6721,6715,6721,6718,6720.5,6714.5,6720.5,6717.5
2025-10-29 06:10:00,21400,6722,6716,6717,6720,6723,6718,6718,6721,6722.5,6717.0,6717.5,6720.5
2025-10-29 06:15:00,25600,6722,6712,6720,6713,6723,6713,6721,6714,6722.5,6712.5,6720.5,6713.5
2025-10-29 06:20:00,51300,6713,6704,6713,6705,6714,6706,6714,6708,6713.5,6705.0,6713.5,6706.5
2025-10-29 06:25:00,,6758,6672,6736,6717,6759,6673,6737,6718,6758.5,6672.5,6736.5,6717.5
2025-10-29 06:30:00,343200,6708,6708,6708,6708,6719,6719,6719,6719,6713.5,6713.5,6713.5,6713.5
2025-10-30 00:00:00,138200,6733,6698,6718,6708,6734,6699,6718,6711,6733.5,6698.5,6718.0,6709.5
2025-10-30 00:05:00,37600,6719,6686,6708,6686,6721,6688,6711,6689,6720.0,6687.0,6709.5,6687.5
2025-10-30 00:10:00,33500,6691,6674,6686,6683,6693,6676,6689,6685,6692.0,6675.5,6687.5,6684.0
2025-10-30 00:15:00,32300,6689,6671,6683,6682,6690,6672,6685,6685,6689.5,6671.5,6684.0,6683.5
2025-10-30 00:20:00,21400,6692,6676,6682,6687,6693,6678,6685,6689,6692.5,6677.0,6683.5,6688.0
2025-10-30 00:25:00,16500,6692,6678,6687,6680,6694,6679,6689,6681,6693.0,6678.5,6688.0,6680.5
2025-10-30 00:30:00,41300,6703,6679,6680,6693,6705,6680,6681,6695,6703.5,6679.5,6680.5,6694.0
2025-10-30 00:35:00,17300,6701,6693,6693,6693,6703,6694,6695,6694,6702.0,6693.5,6694.0,6693.5
2025-10-30 00:40:00,18200,6694,6682,6693,6691,6696,6684,6694,6693,6695.0,6683.0,6693.5,6692.0
2025-10-30 00:45:00,21900,6692,6684,6691,6686,6694,6685,6693,6687,6693.0,6684.5,6692.0,6686.5
2025-10-30 00:50:00,13000,6694,6686,6686,6693,6695,6687,6687,6694,6694.5,6686.5,6686.5,6693.5
2025-10-30 00:55:00,14200,6707,6691,6693,6707,6708,6692,6694,6708,6707.5,6691.5,6693.5,6707.5
2025-10-30 01:00:00,29700,6725,6707,6707,6714,6726,6708,6708,6716,6725.5,6707.5,6707.5,6715.0
2025-10-30 01:05:00,18200,6729,6711,6714,6726,6730,6713,6716,6727,6729.5,6712.0,6715.0,6726.5
2025-10-30 01:10:00,13000,6730,6724,6725,6728,6731,6725,6727,6729,6730.5,6724.5,6726.0,6728.5
2025-10-30 01:15:00,11500,6734,6727,6728,6729,6735,6728,6729,6731,6734.5,6727.5,6728.5,6730.0
2025-10-30 01:20:00,11300,6742,6726,6729,6735,6744,6728,6731,6736,6743.0,6727.0,6730.0,6735.5
2025-10-30 01:25:00,13600,6749,6734,6735,6746,6750,6735,6736,6747,6749.5,6734.5,6735.5,6746.5
2025-10-30 01:30:00,22500,6749,6728,6745,6734,6750,6730,6747,6736,6749.5,6729.0,6746.0,6735.0
2025-10-30 01:35:00,14100,6738,6727,6734,6737,6739,6728,6736,6739,6738.5,6727.5,6735.0,6738.0
2025-10-30 01:40:00,16200,6738,6729,6737,6730,6739,6731,6739,6732,6738.5,6730.0,6738.0,6731.0
2025-10-30 01:45:00,12700,6736,6726,6730,6729,6738,6729,6732,6730,6737.0,6727.5,6731.0,6729.5
2025-10-30 01:50:00,4900,6729,6722,6729,6723,6730,6724,6730,6724,6729.5,6723.0,6729.5,6723.5
2025-10-30 01:55:00,7900,6726,6719,6723,6720,6728,6721,6724,6721,6727.0,6720.0,6723.5,6720.5
2025-10-30 02:00:00,7000,6724,6718,6720,6724,6726,6719,6721,6726,6725.0,6718.5,6720.5,6725.0
2025-10-30 02:05:00,9700,6730,6723,6724,6729,6732,6725,6726,6730,6730.5,6724.0,6725.0,6729.5
2025-10-30 02:10:00,4600,6730,6724,6729,6725,6731,6725,6730,6727,6730.5,6724.5,6729.5,6726.0
2025-10-30 02:15:00,8900,6731,6724,6725,6725,6733,6725,6727,6727,6732.0,6724.5,6726.0,6726.0
2025-10-30 02:20:00,10600,6726,6716,6725,6722,6727,6718,6727,6724,6726.5,6717.0,6726.0,6723.0
2025-10-30 02:25:00,12700,6725,6720,6722,6725,6728,6721,6724,6728,6726.5,6720.5,6723.0,6726.5
2025-10-30 02:30:00,3400,6721,6721,6721,6721,6728,6728,6728,6728,6724.5,6724.5,6724.5,6724.5
2025-10-30 03:30:00,45600,6754,6722,6729,6754,6755,6727,6730,6755,6754.5,6725.0,6729.5,6754.5
2025-10-30 03:35:00,21500,6760,6749,6754,6753,6762,6750,6755,6755,6761.0,6749.5,6754.5,6754.0
2025-10-30 03:40:00,11200,6754,6737,6753,6747,6755,6740,6755,6748,6754.5,6738.5,6754.0,6747.5
2025-10-30 03:45:00,6300,6751,6746,6747,6751,6753,6748,6748,6752,6752.0,6747.0,6747.5,6751.5
2025-10-30 03:50:00,10300,6751,6745,6751,6748,6752,6747,6752,6750,6751.5,6746.0,6751.5,6749.0
2025-10-30 03:55:00,7900,6750,6745,6748,6748,6752,6747,6750,6749,6751.0,6746.0,6749.0,6748.5
2025-10-30 04:00:00,8700,6753,6747,6748,6748,6754,6749,6749,6749,6753.5,6748.0,6748.5,6748.5
2025-10-30 04:05:00,13000,6748,6731,6748,6732,6749,6732,6749,6733,6748.5,6731.5,6748.5,6732.5
2025-10-30 04:10:00,36100,6732,6709,6732,6721,6733,6710,6733,6723,6732.5,6709.5,6732.5,6722.0
2025-10-30 04:15:00,13500,6729,6713,6721,6727,6730,6715,6723,6728,6729.5,6714.0,6722.0,6727.5
2025-10-30 04:20:00,12500,6730,6720,6727,6722,6731,6722,6728,6723,6730.5,6721.0,6727.5,6722.5
2025-10-30 04:25:00,18600,6729,6716,6722,6723,6730,6718,6723,6726,6729.5,6717.0,6722.5,6724.5
2025-10-30 04:30:00,9000,6732,6721,6724,6732,6733,6723,6726,6733,6732.5,6722.0,6725.0,6732.5
2025-10-30 04:35:00,23000,6751,6732,6732,6743,6753,6733,6733,6745,6752.0,6732.5,6732.5,6744.0
2025-10-30 04:40:00,10600,6744,6738,6743,6743,6746,6739,6745,6744,6745.0,6738.5,6744.0,6743.5
2025-10-30 04:45:00,10100,6750,6741,6743,6749,6752,6742,6744,6751,6751.0,6741.5,6743.5,6750.0
2025-10-30 04:50:00,9600,6752,6746,6749,6748,6753,6748,6751,6749,6752.5,6747.5,6750.0,6748.5
2025-10-30 04:55:00,12800,6750,6742,6748,6745,6751,6743,6749,6746,6750.5,6742.5,6748.5,6745.5
2025-10-30 05:00:00,14000,6750,6743,6745,6750,6752,6744,6746,6752,6751.0,6743.5,6745.5,6751.0
2025-10-30 05:05:00,10100,6754,6749,6750,6752,6755,6751,6752,6753,6754.5,6750.0,6751.0,6752.5
2025-10-30 05:10:00,13400,6752,6744,6752,6750,6753,6746,6753,6751,6752.5,6745.0,6752.5,6750.5
2025-10-30 05:15:00,9900,6752,6746,6750,6750,6754,6748,6751,6751,6753.0,6747.0,6750.5,6750.5
2025-10-30 05:20:00,7900,6755,6748,6750,6754,6757,6749,6751,6755,6756.0,6748.5,6750.5,6754.5
2025-10-30 05:25:00,12300,6759,6754,6754,6756,6760,6755,6755,6758,6759.5,6754.5,6754.5,6757.0
2025-10-30 05:30:00,10700,6757,6745,6756,6748,6758,6746,6758,6750,6757.5,6745.5,6757.0,6749.0
2025-10-30 05:35:00,25400,6763,6749,6749,6759,6764,6750,6750,6760,6763.5,6749.5,6749.5,6759.5
2025-10-30 05:40:00,13000,6763,6756,6759,6757,6764,6758,6760,6758,6763.5,6757.0,6759.5,6757.5
2025-10-30 05:45:00,15400,6765,6757,6757,6763,6766,6758,6758,6765,6765.5,6757.5,6757.5,6764.0
2025-10-30 05:50:00,13800,6766,6761,6763,6765,6767,6762,6765,6766,6766.5,6761.5,6764.0,6765.5
2025-10-30 05:55:00,22600,6771,6760,6765,6760,6773,6762,6766,6762,6772.0,6761.0,6765.5,6761.0
2025-10-30 06:00:00,15600,6766,6756,6760,6761,6768,6757,6762,6763,6767.0,6756.5,6761.0,6762.0
2025-10-30 06:05:00,10900,6765,6761,6761,6763,6766,6762,6763,6764,6765.5,6761.5,6762.0,6763.5
2025-10-30 06:10:00,21800,6766,6750,6763,6751,6767,6751,6764,6753,6766.5,6750.5,6763.5,6752.0
2025-10-30 06:15:00,43900,6752,6742,6751,6747,6754,6744,6753,6749,6753.0,6743.0,6752.0,6748.0
2025-10-30 06:20:00,40700,6761,6747,6747,6757,6763,6749,6749,6758,6761.5,6748.0,6748.0,6757.5
2025-10-30 06:25:00,,6744,6046,6077,6744,6745,6047,6078,6745,6744.5,6046.5,6077.5,6744.5
2025-10-30 06:30:00,848900,6743,6743,6743,6743,6760,6760,6760,6760,6751.5,6751.5,6751.5,6751.5
2025-10-31 00:00:00,137300,6783,6749,6751,6767,6785,6750,6752,6770,6783.5,6749.5,6751.5,6768.5
2025-10-31 00:05:00,32300,6784,6767,6767,6782,6786,6770,6770,6784,6784.5,6768.5,6768.5,6783.0
2025-10-31 00:10:00,23100,6783,6763,6782,6776,6784,6765,6784,6777,6783.5,6764.0,6783.0,6776.5
2025-10-31 00:15:00,18600,6776,6766,6776,6775,6777,6768,6777,6777,6776.5,6767.5,6776.5,6776.0
2025-10-31 00:20:00,16800,6781,6774,6776,6780,6783,6776,6777,6782,6781.5,6775.0,6776.5,6781.0
2025-10-31 00:25:00,14400,6782,6771,6780,6771,6783,6772,6782,6773,6782.5,6771.5,6781.0,6772.0
2025-10-31 00:30:00,24300,6779,6762,6771,6777,6780,6764,6773,6779,6779.5,6763.0,6772.0,6778.0
2025-10-31 00:35:00,27100,6788,6776,6777,6788,6790,6778,6779,6789,6789.0,6777.0,6778.0,6788.5
2025-10-31 00:40:00,26200,6796,6786,6788,6791,6797,6787,6789,6793,6796.5,6786.5,6788.5,6792.0
2025-10-31 00:45:00,23000,6796,6787,6792,6794,6797,6789,6793,6795,6796.5,6788.0,6792.5,6794.5
2025-10-31 00:50:00,15900,6795,6780,6794,6780,6797,6782,6795,6782,6796.0,6781.0,6794.5,6781.0
2025-10-31 00:55:00,12300,6780,6770,6780,6770,6782,6771,6782,6771,6781.0,6770.5,6781.0,6770.5
2025-10-31 01:00:00,20100,6771,6755,6770,6755,6772,6756,6771,6756,6771.5,6755.5,6770.5,6755.5
2025-10-31 01:05:00,14900,6762,6755,6755,6762,6764,6756,6756,6763,6763.0,6755.5,6755.5,6762.5
2025-10-31 01:10:00,19400,6773,6760,6762,6765,6774,6762,6763,6767,6773.5,6761.0,6762.5,6766.0
2025-10-31 01:15:00,12600,6766,6758,6765,6758,6768,6759,6768,6759,6767.0,6758.5,6766.5,6758.5
2025-10-31 01:20:00,8400,6767,6758,6758,6767,6769,6759,6759,6768,6768.0,6758.5,6758.5,6767.5
2025-10-31 01:25:00,14300,6768,6763,6767,6765,6769,6764,6768,6767,6768.5,6763.5,6767.5,6766.0
2025-10-31 01:30:00,13400,6769,6762,6765,6763,6770,6763,6767,6764,6769.5,6762.5,6766.0,6763.5
2025-10-31 01:35:00,14300,6767,6756,6763,6767,6768,6758,6764,6768,6767.5,6757.0,6763.5,6767.5
2025-10-31 01:40:00,9200,6767,6762,6767,6765,6768,6763,6768,6767,6767.5,6762.5,6767.5,6766.0
2025-10-31 01:45:00,20500,6765,6758,6765,6760,6767,6760,6767,6762,6766.0,6759.5,6766.0,6761.0
2025-10-31 01:50:00,6200,6764,6759,6760,6764,6765,6761,6762,6765,6764.5,6760.0,6761.0,6764.5
2025-10-31 01:55:00,16600,6766,6760,6764,6763,6767,6761,6765,6764,6766.5,6760.5,6764.5,6763.5
2025-10-31 02:00:00,9300,6765,6755,6763,6756,6766,6756,6764,6757,6765.5,6755.5,6763.5,6756.5
2025-10-31 02:05:00,36800,6758,6748,6756,6751,6759,6749,6757,6752,6758.5,6748.5,6756.5,6751.5
2025-10-31 02:10:00,26600,6755,6746,6751,6751,6757,6748,6752,6754,6756.0,6747.0,6751.5,6752.5
2025-10-31 02:15:00,34100,6755,6740,6751,6746,6756,6742,6754,6747,6755.5,6741.0,6752.5,6746.5
2025-10-31 02:20:00,25300,6746,6729,6746,6733,6747,6730,6747,6735,6746.5,6729.5,6746.5,6734.0
2025-10-31 02:25:00,27700,6734,6725,6733,6727,6736,6727,6735,6730,6735.0,6726.0,6734.0,6728.5
2025-10-31 02:30:00,2700,6727,6727,6727,6727,6730,6730,6730,6730,6728.5,6728.5,6728.5,6728.5
2025-10-31 03:30:00,50400,6726,6710,6726,6722,6728,6712,6726,6724,6727.0,6711.0,6726.0,6723.0
2025-10-31 03:35:00,15900,6728,6723,6723,6727,6729,6724,6724,6728,6728.5,6723.5,6723.5,6727.5
2025-10-31 03:40:00,24200,6734,6723,6727,6729,6736,6724,6728,6731,6735.0,6723.5,6727.5,6730.0
2025-10-31 03:45:00,11200,6741,6726,6729,6741,6742,6728,6731,6742,6741.5,6727.0,6730.0,6741.5
2025-10-31 03:50:00,17000,6750,6741,6741,6749,6751,6742,6742,6750,6750.5,6741.5,6741.5,6749.5
2025-10-31 03:55:00,12500,6750,6739,6749,6740,6752,6740,6750,6741,6751.0,6739.5,6749.5,6740.5
2025-10-31 04:00:00,20000,6753,6739,6739,6750,6754,6741,6741,6751,6753.5,6740.0,6740.0,6750.5
2025-10-31 04:05:00,10300,6751,6744,6750,6749,6752,6745,6751,6750,6751.5,6744.5,6750.5,6749.5
2025-10-31 04:10:00,11800,6750,6746,6749,6749,6751,6747,6750,6750,6750.5,6746.5,6749.5,6749.5
2025-10-31 04:15:00,11900,6754,6747,6749,6752,6755,6748,6750,6753,6754.5,6747.5,6749.5,6752.5
2025-10-31 04:20:00,8800,6754,6748,6752,6751,6755,6750,6753,6752,6754.5,6749.0,6752.5,6751.5
2025-10-31 04:25:00,10200,6751,6744,6751,6744,6752,6745,6752,6745,6751.5,6744.5,6751.5,6744.5
2025-10-31 04:30:00,12200,6744,6736,6744,6738,6745,6737,6745,6739,6744.5,6736.5,6744.5,6738.5
2025-10-31 04:35:00,11600,6744,6735,6738,6739,6745,6737,6739,6740,6744.5,6736.0,6738.5,6739.5
2025-10-31 04:40:00,5600,6742,6736,6739,6736,6743,6737,6740,6737,6742.5,6736.5,6739.5,6736.5
2025-10-31 04:45:00,16500,6740,6733,6736,6738,6741,6734,6737,6739,6740.5,6733.5,6736.5,6738.5
2025-10-31 04:50:00,14900,6748,6738,6738,6746,6749,6739,6739,6748,6748.5,6738.5,6738.5,6747.0
2025-10-31 04:55:00,10400,6747,6743,6746,6746,6748,6745,6748,6747,6747.5,6744.0,6747.0,6746.5
2025-10-31 05:00:00,18200,6746,6734,6746,6736,6747,6735,6747,6737,6746.5,6734.5,6746.5,6736.5
2025-10-31 05:05:00,16300,6747,6733,6736,6747,6748,6734,6737,6748,6747.5,6733.5,6736.5,6747.5
2025-10-31 05:10:00,11600,6748,6741,6747,6742,6749,6743,6748,6744,6748.5,6742.0,6747.5,6743.0
2025-10-31 05:15:00,9700,6744,6741,6742,6742,6745,6742,6744,6743,6744.5,6741.5,6743.0,6742.5
2025-10-31 05:20:00,9600,6743,6737,6742,6740,6745,6738,6743,6741,6744.0,6737.5,6742.5,6740.5
2025-10-31 05:25:00,13200,6740,6736,6740,6738,6741,6738,6741,6739,6740.5,6737.0,6740.5,6738.5
2025-10-31 05:30:00,17300,6738,6731,6738,6734,6739,6732,6739,6735,6738.5,6731.5,6738.5,6734.5
2025-10-31 05:35:00,13800,6735,6731,6734,6735,6736,6732,6735,6736,6735.5,6731.5,6734.5,6735.5
2025-10-31 05:40:00,18900,6740,6733,6735,6739,6741,6734,6736,6740,6740.5,6733.5,6735.5,6739.5
2025-10-31 05:45:00,19300,6741,6735,6739,6738,6742,6737,6740,6739,6741.5,6736.0,6739.5,6738.5
2025-10-31 05:50:00,26100,6738,6732,6738,6736,6739,6733,6739,6737,6738.5,6732.5,6738.5,6736.5
2025-10-31 05:55:00,23300,6740,6731,6736,6731,6741,6732,6737,6732,6740.5,6731.5,6736.5,6731.5
2025-10-31 06:00:00,34800,6743,6723,6731,6741,6744,6725,6732,6742,6743.5,6724.0,6731.5,6741.5
2025-10-31 06:05:00,16400,6743,6737,6741,6740,6744,6738,6742,6741,6743.5,6737.5,6741.5,6740.5
2025-10-31 06:10:00,20500,6747,6735,6740,6745,6748,6736,6741,6746,6747.5,6735.5,6740.5,6745.5
2025-10-31 06:15:00,32300,6757,6742,6745,6755,6758,6743,6746,6757,6757.5,6742.5,6745.5,6756.0
2025-10-31 06:20:00,34300,6766,6752,6755,6764,6768,6753,6757,6766,6767.0,6752.5,6756.0,6765.0
2025-10-31 06:25:00,,6966,6619,6750,6763,6967,6620,6751,6764,6966.5,6619.5,6750.5,6763.5
2025-10-31 06:30:00,746400,6760,6760,6760,6760,6765,6765,6765,6765,6762.5,6762.5,6762.5,6762.5
2025-11-04 00:00:00,300200,6873,6800,6819,6844,6877,6815,6820,6845,6874.5,6809.5,6819.5,6844.5
2025-11-04 00:05:00,47400,6849,6816,6844,6819,6852,6818,6845,6821,6850.5,6817.0,6844.5,6820.0
2025-11-04 00:10:00,36600,6829,6802,6819,6804,6832,6804,6821,6805,6830.5,6803.0,6820.0,6804.5
2025-11-04 00:15:00,28600,6830,6802,6804,6830,6832,6803,6805,6832,6831.0,6802.5,6804.5,6831.0
2025-11-04 00:20:00,23300,6845,6828,6830,6843,6847,6829,6832,6845,6846.0,6828.5,6831.0,6844.0
2025-11-04 00:25:00,25000,6843,6830,6843,6835,6845,6833,6845,6836,6844.0,6831.5,6844.0,6835.5
2025-11-04 00:30:00,16000,6844,6828,6835,6836,6845,6830,6836,6838,6844.5,6829.0,6835.5,6837.0
2025-11-04 00:35:00,21700,6848,6835,6836,6848,6849,6836,6838,6849,6848.5,6835.5,6837.0,6848.5
2025-11-04 00:40:00,14100,6850,6841,6848,6848,6852,6842,6849,6849,6851.0,6841.5,6848.5,6848.5
2025-11-04 00:45:00,26600,6864,6848,6848,6863,6865,6849,6849,6865,6864.5,6848.5,6848.5,6864.0
2025-11-04 00:50:00,18400,6874,6863,6863,6874,6875,6864,6865,6875,6874.5,6863.5,6864.0,6874.5
2025-11-04 00:55:00,17100,6877,6868,6873,6873,6878,6869,6875,6875,6877.5,6868.5,6874.0,6874.0
2025-11-04 01:00:00,23700,6884,6867,6873,6880,6885,6869,6875,6881,6884.5,6868.0,6874.0,6880.5
2025-11-04 01:05:00,29200,6897,6877,6880,6895,6898,6878,6881,6896,6897.5,6877.5,6880.5,6895.5
2025-11-04 01:10:00,30900,6903,6888,6895,6902,6904,6889,6896,6903,6903.5,6888.5,6895.5,6902.5
2025-11-04 01:15:00,19800,6913,6902,6902,6913,6915,6903,6903,6915,6914.0,6902.5,6902.5,6914.0
2025-11-04 01:20:00,26200,6929,6913,6913,6927,6930,6915,6915,6929,6929.5,6914.0,6914.0,6928.0
2025-11-04 01:25:00,21400,6934,6921,6927,6930,6936,6922,6929,6932,6935.0,6921.5,6928.0,6931.0
2025-11-04 01:30:00,16900,6930,6918,6930,6929,6932,6919,6932,6930,6931.0,6918.5,6931.0,6929.5
2025-11-04 01:35:00,13300,6933,6927,6929,6929,6935,6928,6930,6931,6934.0,6927.5,6929.5,6930.0
2025-11-04 01:40:00,16100,6936,6929,6929,6932,6938,6931,6931,6934,6937.0,6930.0,6930.0,6933.0
2025-11-04 01:45:00,22700,6942,6928,6932,6942,6944,6930,6934,6944,6943.0,6929.0,6933.0,6943.0
2025-11-04 01:50:00,16800,6943,6931,6942,6935,6944,6932,6944,6936,6943.5,6931.5,6943.0,6935.5
2025-11-04 01:55:00,13300,6936,6927,6935,6929,6937,6928,6936,6930,6936.5,6927.5,6935.5,6929.5
2025-11-04 02:00:00,13500,6931,6923,6928,6929,6932,6924,6930,6931,6931.5,6923.5,6929.0,6930.0
2025-11-04 02:05:00,17200,6936,6929,6929,6933,6937,6931,6931,6935,6936.5,6930.0,6930.0,6934.0
2025-11-04 02:10:00,9800,6937,6931,6933,6935,6939,6932,6935,6937,6938.0,6931.5,6934.0,6936.0
2025-11-04 02:15:00,9700,6938,6926,6935,6929,6939,6927,6937,6931,6938.5,6926.5,6936.0,6930.0
2025-11-04 02:20:00,11200,6931,6923,6929,6929,6934,6924,6931,6930,6932.5,6923.5,6930.0,6929.5
2025-11-04 02:25:00,12500,6930,6919,6929,6919,6931,6920,6930,6921,6930.5,6919.5,6929.5,6920.0
2025-11-04 02:30:00,900,6919,6919,6919,6919,6921,6921,6921,6921,6920.0,6920.0,6920.0,6920.0
2025-11-04 03:30:00,97400,6954,6911,6939,6913,6955,6913,6940,6914,6954.5,6912.0,6939.5,6913.5
2025-11-04 03:35:00,17000,6919,6911,6913,6911,6921,6912,6914,6913,6920.0,6911.5,6913.5,6912.0
2025-11-04 03:40:00,15200,6917,6904,6911,6915,6919,6905,6913,6917,6918.0,6904.5,6912.0,6916.0
2025-11-04 03:45:00,13500,6916,6908,6915,6914,6918,6910,6917,6916,6917.0,6909.0,6916.0,6915.0
2025-11-04 03:50:00,17700,6920,6907,6913,6914,6921,6909,6916,6916,6920.5,6908.0,6914.5,6915.0
2025-11-04 03:55:00,8300,6916,6910,6914,6911,6917,6911,6916,6912,6916.5,6910.5,6915.0,6911.5
2025-11-04 04:00:00,16400,6912,6902,6911,6903,6913,6903,6912,6905,6912.5,6902.5,6911.5,6904.0
2025-11-04 04:05:00,15700,6905,6899,6903,6902,6906,6900,6905,6904,6905.5,6899.5,6904.0,6903.0
2025-11-04 04:10:00,13100,6904,6897,6902,6901,6905,6899,6904,6902,6904.5,6898.0,6903.0,6901.5
2025-11-04 04:15:00,10600,6902,6896,6901,6900,6903,6898,6902,6901,6902.5,6897.0,6901.5,6900.5
2025-11-04 04:20:00,11600,6900,6893,6900,6898,6901,6894,6901,6899,6900.5,6893.5,6900.5,6898.5
2025-11-04 04:25:00,17600,6901,6889,6898,6897,6902,6890,6899,6898,6901.5,6889.5,6898.5,6897.5
2025-11-04 04:30:00,15000,6907,6896,6897,6899,6908,6898,6898,6900,6907.5,6897.0,6897.5,6899.5
2025-11-04 04:35:00,11500,6899,6885,6899,6888,6900,6887,6900,6889,6899.5,6886.0,6899.5,6888.5
2025-11-04 04:40:00,9400,6892,6887,6888,6892,6894,6888,6889,6894,6893.0,6887.5,6888.5,6893.0
2025-11-04 04:45:00,11200,6899,6890,6892,6890,6900,6892,6894,6892,6899.5,6891.0,6893.0,6891.0
2025-11-04 04:50:00,16000,6894,6889,6890,6891,6895,6890,6892,6892,6894.5,6889.5,6891.0,6891.5
2025-11-04 04:55:00,13000,6899,6890,6891,6893,6900,6891,6892,6895,6899.5,6890.5,6891.5,6894.0
2025-11-04 05:00:00,9700,6894,6887,6893,6888,6895,6888,6895,6890,6894.5,6887.5,6894.0,6889.0
2025-11-04 05:05:00,9200,6894,6887,6888,6893,6895,6888,6890,6895,6894.5,6887.5,6889.0,6894.0
2025-11-04 05:10:00,9000,6894,6889,6893,6890,6895,6891,6895,6892,6894.5,6890.0,6894.0,6891.0
2025-11-04 05:15:00,9700,6893,6888,6890,6893,6894,6889,6892,6894,6893.5,6888.5,6891.0,6893.5
2025-11-04 05:20:00,15600,6894,6885,6893,6885,6895,6886,6894,6887,6894.5,6885.5,6893.5,6886.0
2025-11-04 05:25:00,9700,6889,6885,6885,6889,6891,6886,6887,6891,6890.0,6885.5,6886.0,6890.0
2025-11-04 05:30:00,22400,6898,6889,6889,6896,6899,6891,6891,6897,6898.5,6890.0,6890.0,6896.5
2025-11-04 05:35:00,17200,6899,6893,6896,6893,6900,6895,6897,6895,6899.5,6894.0,6896.5,6894.0
2025-11-04 05:40:00,19900,6895,6885,6893,6893,6897,6887,6895,6894,6896.0,6886.0,6894.0,6893.5
2025-11-04 05:45:00,21100,6896,6890,6893,6893,6897,6892,6894,6895,6896.5,6891.0,6893.5,6894.0
2025-11-04 05:50:00,17800,6899,6891,6894,6896,6900,6893,6895,6898,6899.5,6892.0,6894.5,6897.0
2025-11-04 05:55:00,21700,6898,6887,6896,6892,6900,6889,6898,6894,6899.0,6888.0,6897.0,6893.0
2025-11-04 06:00:00,25400,6913,6892,6892,6912,6915,6893,6894,6914,6913.5,6892.5,6893.0,6913.0
2025-11-04 06:05:00,35900,6915,6898,6912,6898,6916,6900,6914,6900,6915.5,6899.0,6913.0,6899.0
2025-11-04 06:10:00,29200,6905,6896,6898,6899,6906,6897,6900,6901,6905.5,6896.5,6899.0,6900.0
2025-11-04 06:15:00,29500,6899,6889,6899,6894,6901,6891,6901,6895,6900.0,6890.0,6900.0,6894.5
2025-11-04 06:20:00,27900,6900,6891,6894,6896,6903,6893,6895,6902,6901.5,6892.0,6894.5,6899.0
2025-11-04 06:25:00,,7242,6900,7027,6900,7243,6901,7028,6901,7242.5,6900.5,7027.5,6900.5
2025-11-04 06:30:00,798500,6900,6900,6900,6900,6902,6902,6902,6902,6901.0,6901.0,6901.0,6901.0
2025-11-05 00:00:00,335800,6920,6881,6891,6913,6923,6885,6891,6915,6921.5,6883.5,6891.0,6914.0
2025-11-05 00:05:00,76000,6938,6908,6913,6938,6939,6911,6915,6939,6938.5,6909.5,6914.0,6938.5
2025-11-05 00:10:00,64400,6948,6914,6938,6947,6949,6916,6939,6949,6948.5,6915.0,6938.5,6948.0
2025-11-05 00:15:00,42800,6949,6935,6947,6938,6950,6937,6949,6940,6949.5,6936.5,6948.0,6939.0
2025-11-05 00:20:00,43900,6944,6920,6938,6922,6946,6921,6940,6925,6945.0,6920.5,6939.0,6923.5
2025-11-05 00:25:00,25100,6927,6912,6922,6920,6929,6913,6925,6921,6928.0,6912.5,6923.5,6920.5
2025-11-05 00:30:00,19600,6929,6911,6920,6925,6931,6912,6921,6927,6930.0,6911.5,6920.5,6926.0
2025-11-05 00:35:00,33000,6936,6923,6925,6923,6937,6924,6927,6924,6936.5,6923.5,6926.0,6923.5
2025-11-05 00:40:00,20600,6932,6912,6923,6912,6933,6913,6924,6914,6932.5,6912.5,6923.5,6913.0
2025-11-05 00:45:00,22400,6924,6911,6912,6912,6925,6912,6914,6913,6924.5,6911.5,6913.0,6912.5
2025-11-05 00:50:00,16200,6919,6907,6912,6919,6920,6908,6914,6920,6919.5,6907.5,6913.0,6919.5
2025-11-05 00:55:00,23200,6923,6904,6919,6909,6924,6906,6920,6910,6923.5,6905.0,6919.5,6909.5
2025-11-05 01:00:00,22000,6911,6897,6908,6900,6912,6898,6910,6901,6911.5,6897.5,6909.0,6900.5
2025-11-05 01:05:00,19500,6904,6885,6900,6898,6905,6888,6901,6899,6904.5,6886.5,6900.5,6898.5
2025-11-05 01:10:00,25800,6909,6896,6898,6903,6910,6897,6900,6905,6909.5,6896.5,6899.0,6904.0
2025-11-05 01:15:00,24900,6904,6867,6903,6869,6906,6869,6905,6871,6905.0,6868.0,6904.0,6870.0
2025-11-05 01:20:00,22100,6874,6865,6869,6870,6875,6868,6871,6872,6874.5,6867.5,6870.0,6871.0
2025-11-05 01:25:00,15000,6878,6860,6870,6865,6879,6861,6872,6867,6878.5,6860.5,6871.0,6866.0
2025-11-05 01:30:00,25400,6875,6851,6865,6865,6877,6853,6867,6866,6875.5,6852.0,6866.0,6865.5
2025-11-05 01:35:00,26000,6871,6847,6865,6853,6873,6849,6866,6855,6872.0,6848.0,6865.5,6854.0
2025-11-05 01:40:00,23500,6861,6836,6853,6836,6863,6839,6855,6839,6862.0,6837.5,6854.0,6837.5
2025-11-05 01:45:00,15400,6855,6831,6836,6843,6856,6834,6839,6845,6855.5,6832.5,6837.5,6844.0
2025-11-05 01:50:00,16400,6847,6828,6842,6846,6848,6829,6845,6848,6847.5,6828.5,6843.5,6847.0
2025-11-05 01:55:00,18000,6850,6839,6846,6850,6851,6841,6848,6851,6850.5,6840.0,6847.0,6850.5
2025-11-05 02:00:00,23000,6852,6838,6850,6844,6853,6840,6851,6845,6852.5,6839.0,6850.5,6844.5
2025-11-05 02:05:00,20300,6850,6835,6844,6847,6851,6837,6845,6849,6850.5,6836.0,6844.5,6848.0
2025-11-05 02:10:00,32500,6856,6835,6847,6854,6858,6836,6849,6856,6857.0,6835.5,6848.0,6855.0
2025-11-05 02:15:00,12200,6855,6842,6854,6846,6857,6844,6856,6848,6856.0,6843.0,6855.0,6847.0
2025-11-05 02:20:00,16200,6850,6834,6846,6848,6851,6835,6848,6850,6850.5,6834.5,6847.0,6849.0
2025-11-05 02:25:00,15100,6849,6830,6848,6836,6850,6832,6850,6840,6849.5,6831.0,6849.0,6838.0
2025-11-05 02:30:00,3700,6836,6836,6836,6836,6842,6842,6842,6842,6839.0,6839.0,6839.0,6839.0
2025-11-05 03:30:00,68200,6877,6845,6877,6856,6877,6849,6877,6858,6877.0,6847.5,6877.0,6857.0
2025-11-05 03:35:00,34100,6862,6847,6856,6848,6864,6849,6858,6849,6862.5,6848.0,6857.0,6848.5
2025-11-05 03:40:00,28600,6859,6846,6848,6857,6860,6847,6850,6858,6859.5,6846.5,6849.0,6857.5
2025-11-05 03:45:00,28300,6868,6856,6857,6864,6869,6857,6858,6865,6868.5,6856.5,6857.5,6864.5
2025-11-05 03:50:00,27400,6875,6852,6863,6855,6876,6853,6865,6856,6875.5,6852.5,6864.0,6855.5
2025-11-05 03:55:00,14500,6858,6846,6855,6857,6859,6848,6856,6858,6858.5,6847.0,6855.5,6857.5
2025-11-05 04:00:00,21500,6857,6846,6857,6853,6858,6848,6858,6855,6857.5,6847.0,6857.5,6854.0
2025-11-05 04:05:00,18200,6855,6849,6853,6850,6856,6850,6855,6852,6855.5,6849.5,6854.0,6851.0
2025-11-05 04:10:00,14700,6860,6846,6849,6857,6861,6849,6852,6859,6860.5,6847.5,6850.5,6858.0
2025-11-05 04:15:00,17500,6864,6856,6857,6861,6865,6857,6859,6862,6864.5,6856.5,6858.0,6861.5
2025-11-05 04:20:00,23200,6869,6860,6861,6868,6870,6861,6862,6870,6869.5,6860.5,6861.5,6869.0
2025-11-05 04:25:00,13600,6873,6867,6868,6870,6874,6868,6870,6871,6873.5,6867.5,6869.0,6870.5
2025-11-05 04:30:00,12300,6874,6867,6870,6873,6875,6868,6871,6875,6874.5,6867.5,6870.5,6874.0
2025-11-05 04:35:00,11800,6879,6872,6873,6875,6880,6873,6875,6876,6879.5,6872.5,6874.0,6875.5
2025-11-05 04:40:00,16500,6880,6875,6875,6877,6883,6876,6876,6878,6881.5,6875.5,6875.5,6877.5
2025-11-05 04:45:00,12400,6882,6877,6877,6879,6883,6878,6878,6880,6882.5,6877.5,6877.5,6879.5
2025-11-05 04:50:00,19400,6882,6868,6879,6871,6883,6869,6880,6873,6882.5,6868.5,6879.5,6872.0
2025-11-05 04:55:00,12000,6877,6866,6871,6869,6879,6868,6873,6870,6878.0,6867.0,6872.0,6869.5
2025-11-05 05:00:00,10300,6869,6860,6869,6865,6870,6862,6870,6867,6869.5,6861.0,6869.5,6866.0
2025-11-05 05:05:00,14300,6869,6860,6865,6868,6870,6861,6867,6870,6869.5,6860.5,6866.0,6869.0
2025-11-05 05:10:00,17500,6875,6865,6868,6875,6876,6867,6870,6876,6875.5,6866.5,6869.0,6875.5
2025-11-05 05:15:00,15300,6881,6872,6875,6880,6882,6874,6876,6882,6881.5,6873.0,6875.5,6881.0
2025-11-05 05:20:00,15100,6883,6875,6880,6880,6884,6876,6882,6882,6883.5,6875.5,6881.0,6881.0
2025-11-05 05:25:00,19300,6887,6870,6880,6886,6889,6871,6882,6888,6888.0,6870.5,6881.0,6887.0
2025-11-05 05:30:00,19000,6889,6876,6886,6882,6890,6878,6888,6884,6889.5,6877.0,6887.0,6883.0
2025-11-05 05:35:00,13900,6883,6870,6882,6871,6884,6872,6884,6872,6883.5,6871.0,6883.0,6871.5
2025-11-05 05:40:00,20800,6878,6868,6871,6874,6879,6870,6872,6875,6878.5,6869.0,6871.5,6874.5
2025-11-05 05:45:00,23800,6876,6862,6874,6863,6877,6863,6875,6864,6876.5,6862.5,6874.5,6863.5
2025-11-05 05:50:00,37800,6870,6858,6863,6869,6871,6859,6864,6870,6870.5,6858.5,6863.5,6869.5
2025-11-05 05:55:00,24200,6878,6864,6869,6874,6879,6866,6870,6876,6878.5,6865.0,6869.5,6875.0
2025-11-05 06:00:00,30100,6875,6864,6874,6867,6876,6866,6876,6868,6875.5,6865.0,6875.0,6867.5
2025-11-05 06:05:00,23700,6872,6859,6867,6872,6874,6860,6868,6873,6873.0,6859.5,6867.5,6872.5
2025-11-05 06:10:00,26600,6877,6867,6871,6868,6878,6869,6873,6870,6877.5,6868.0,6872.0,6869.0
2025-11-05 06:15:00,35100,6883,6868,6868,6882,6885,6870,6870,6883,6884.0,6869.0,6869.0,6882.5
2025-11-05 06:20:00,45300,6896,6880,6882,6880,6898,6883,6883,6884,6897.0,6882.0,6882.5,6882.0
2025-11-05 06:25:00,,6994,6850,6861,6909,6995,6851,6862,6910,6994.5,6850.5,6861.5,6909.5
2025-11-05 06:30:00,642100,6901,6901,6901,6901,6910,6910,6910,6910,6905.5,6905.5,6905.5,6905.5
2025-11-06 00:00:00,175100,6990,6931,6957,6990,6993,6941,6958,6993,6991.5,6938.5,6957.5,6991.5
2025-11-06 00:05:00,55800,6996,6955,6990,6957,6997,6958,6993,6959,6996.5,6956.5,6991.5,6958.0
2025-11-06 00:10:00,51500,6957,6922,6957,6936,6959,6925,6959,6937,6958.0,6923.5,6958.0,6936.5
2025-11-06 00:15:00,23700,6945,6928,6936,6930,6947,6930,6938,6931,6946.0,6929.0,6937.0,6930.5
2025-11-06 00:20:00,18500,6936,6927,6930,6932,6939,6929,6931,6934,6937.5,6928.0,6930.5,6933.0
2025-11-06 00:25:00,21300,6932,6916,6932,6929,6935,6919,6934,6932,6933.5,6917.5,6933.0,6930.5
2025-11-06 00:30:00,35700,6933,6899,6929,6905,6935,6901,6932,6907,6934.0,6900.0,6930.5,6906.0
2025-11-06 00:35:00,22800,6906,6898,6905,6901,6907,6899,6907,6903,6906.5,6898.5,6906.0,6902.0
2025-11-06 00:40:00,17800,6905,6886,6901,6886,6907,6888,6903,6888,6906.0,6887.0,6902.0,6887.0
2025-11-06 00:45:00,25600,6889,6858,6886,6859,6892,6859,6888,6860,6890.5,6858.5,6887.0,6859.5
2025-11-06 00:50:00,17100,6869,6857,6859,6867,6871,6858,6860,6869,6870.0,6857.5,6859.5,6868.0
2025-11-06 00:55:00,17200,6870,6862,6867,6868,6872,6863,6869,6869,6871.0,6862.5,6868.0,6868.5
2025-11-06 01:00:00,20900,6873,6862,6868,6862,6874,6863,6869,6864,6873.5,6862.5,6868.5,6863.0
2025-11-06 01:05:00,21900,6866,6855,6862,6858,6868,6856,6864,6859,6867.0,6855.5,6863.0,6858.5
2025-11-06 01:10:00,18800,6859,6849,6858,6849,6861,6850,6859,6850,6860.0,6849.5,6858.5,6849.5
2025-11-06 01:15:00,22500,6852,6831,6849,6833,6854,6834,6850,6834,6853.0,6832.5,6849.5,6833.5
2025-11-06 01:20:00,15500,6840,6831,6833,6837,6841,6833,6834,6839,6840.5,6832.0,6833.5,6838.0
2025-11-06 01:25:00,37000,6840,6825,6837,6834,6841,6826,6839,6836,6840.5,6825.5,6838.0,6835.0
2025-11-06 01:30:00,28800,6843,6832,6834,6833,6844,6834,6836,6834,6843.5,6833.0,6835.0,6833.5
2025-11-06 01:35:00,31900,6839,6827,6833,6831,6840,6829,6834,6833,6839.5,6828.0,6833.5,6832.0
2025-11-06 01:40:00,21200,6846,6830,6831,6846,6847,6831,6833,6847,6846.5,6830.5,6832.0,6846.5
2025-11-06 01:45:00,27200,6853,6842,6846,6850,6854,6843,6847,6852,6853.5,6842.5,6846.5,6851.0
2025-11-06 01:50:00,22400,6850,6837,6850,6839,6852,6838,6852,6840,6851.0,6837.5,6851.0,6839.5
2025-11-06 01:55:00,23300,6852,6838,6839,6852,6854,6839,6840,6853,6853.0,6838.5,6839.5,6852.5
2025-11-06 02:00:00,16500,6856,6843,6852,6843,6858,6844,6853,6844,6857.0,6843.5,6852.5,6843.5
2025-11-06 02:05:00,18500,6844,6838,6843,6843,6845,6839,6844,6844,6844.5,6838.5,6843.5,6843.5
2025-11-06 02:10:00,16500,6844,6838,6843,6842,6846,6839,6844,6844,6845.0,6838.5,6843.5,6843.0
2025-11-06 02:15:00,24000,6851,6842,6842,6851,6853,6843,6844,6852,6851.5,6842.5,6843.0,6851.5
2025-11-06 02:20:00,15500,6851,6846,6851,6850,6852,6847,6852,6851,6851.5,6846.5,6851.5,6850.5
2025-11-06 02:25:00,23100,6850,6828,6850,6828,6851,6830,6851,6830,6850.5,6829.0,6850.5,6829.0
2025-11-06 02:30:00,2100,6828,6828,6828,6828,6830,6830,6830,6830,6829.0,6829.0,6829.0,6829.0
2025-11-06 03:30:00,88700,6861,6829,6830,6855,6862,6831,6831,6856,6861.5,6830.5,6830.5,6855.5
2025-11-06 03:35:00,27900,6882,6853,6855,6881,6883,6855,6856,6882,6882.5,6854.0,6855.5,6881.5
2025-11-06 03:40:00,18800,6881,6874,6881,6876,6883,6875,6882,6878,6882.0,6874.5,6881.5,6877.0
2025-11-06 03:45:00,18700,6881,6872,6876,6878,6882,6874,6878,6880,6881.5,6873.0,6877.0,6879.0
2025-11-06 03:50:00,15800,6880,6875,6878,6879,6881,6877,6880,6880,6880.5,6876.0,6879.0,6879.5
2025-11-06 03:55:00,16900,6881,6873,6879,6873,6882,6874,6880,6874,6881.5,6873.5,6879.5,6873.5
2025-11-06 04:00:00,24500,6877,6868,6873,6876,6878,6869,6874,6877,6877.5,6868.5,6873.5,6876.5
2025-11-06 04:05:00,16600,6881,6874,6876,6875,6882,6875,6877,6876,6881.5,6874.5,6876.5,6875.5
2025-11-06 04:10:00,18400,6879,6873,6875,6878,6880,6874,6876,6880,6879.5,6873.5,6875.5,6879.0
2025-11-06 04:15:00,13800,6884,6879,6879,6884,6885,6880,6880,6885,6884.5,6879.5,6879.5,6884.5
2025-11-06 04:20:00,19700,6886,6872,6884,6878,6887,6873,6885,6879,6886.5,6872.5,6884.5,6878.5
2025-11-06 04:25:00,22800,6883,6876,6878,6878,6884,6878,6879,6880,6883.5,6877.0,6878.5,6879.0
2025-11-06 04:30:00,18700,6882,6872,6878,6881,6883,6873,6880,6883,6882.5,6872.5,6879.0,6882.0
2025-11-06 04:35:00,15400,6886,6877,6881,6881,6887,6878,6883,6882,6886.5,6877.5,6882.0,6881.5
2025-11-06 04:40:00,13200,6882,6879,6881,6881,6883,6880,6882,6882,6882.5,6879.5,6881.5,6881.5
2025-11-06 04:45:00,12100,6881,6877,6881,6877,6882,6878,6882,6878,6881.5,6877.5,6881.5,6877.5
2025-11-06 04:50:00,12700,6877,6870,6877,6870,6878,6872,6878,6872,6877.5,6871.0,6877.5,6871.0
2025-11-06 04:55:00,15800,6879,6870,6870,6878,6880,6872,6872,6879,6879.5,6871.0,6871.0,6878.5
2025-11-06 05:00:00,22000,6884,6873,6878,6883,6885,6874,6879,6884,6884.5,6873.5,6878.5,6883.5
2025-11-06 05:05:00,17600,6883,6875,6883,6880,6884,6876,6884,6881,6883.5,6875.5,6883.5,6880.5
2025-11-06 05:10:00,14600,6880,6871,6880,6876,6881,6872,6881,6877,6880.5,6871.5,6880.5,6876.5
2025-11-06 05:15:00,10100,6884,6876,6876,6884,6885,6877,6877,6885,6884.5,6876.5,6876.5,6884.5
2025-11-06 05:20:00,12300,6885,6881,6884,6881,6886,6882,6885,6882,6885.5,6881.5,6884.5,6881.5
2025-11-06 05:25:00,12200,6882,6879,6881,6880,6884,6880,6882,6881,6883.0,6879.5,6881.5,6880.5
2025-11-06 05:30:00,31400,6883,6875,6880,6881,6884,6877,6881,6882,6883.5,6876.0,6880.5,6881.5
2025-11-06 05:35:00,18900,6881,6873,6881,6876,6882,6874,6882,6877,6881.5,6873.5,6881.5,6876.5
2025-11-06 05:40:00,18300,6876,6871,6875,6876,6877,6872,6877,6877,6876.5,6871.5,6876.0,6876.5
2025-11-06 05:45:00,28300,6876,6857,6876,6857,6877,6858,6877,6858,6876.5,6857.5,6876.5,6857.5
2025-11-06 05:50:00,27200,6859,6852,6857,6857,6860,6854,6858,6858,6859.5,6853.0,6857.5,6857.5
2025-11-06 05:55:00,58700,6857,6839,6857,6843,6858,6840,6858,6844,6857.5,6839.5,6857.5,6843.5
2025-11-06 06:00:00,45400,6843,6831,6843,6834,6844,6832,6844,6835,6843.5,6831.5,6843.5,6834.5
2025-11-06 06:05:00,49100,6834,6826,6834,6828,6835,6827,6835,6829,6834.5,6826.5,6834.5,6828.5
2025-11-06 06:10:00,39200,6831,6825,6828,6826,6832,6826,6829,6827,6831.5,6825.5,6828.5,6826.5
2025-11-06 06:15:00,68700,6829,6814,6826,6823,6830,6816,6827,6825,6829.5,6815.0,6826.5,6824.0
2025-11-06 06:20:00,58000,6829,6819,6823,6825,6830,6820,6825,6827,6829.5,6819.5,6824.0,6826.0
2025-11-06 06:25:00,,6871,6590,6853,6807,6872,6591,6854,6808,6871.5,6590.5,6853.5,6807.5
2025-11-06 06:30:00,753800,6806,6806,6806,6806,6826,6826,6826,6826,6816.0,6816.0,6816.0,6816.0
2025-11-07 00:00:00,142300,6847,6794,6798,6842,6849,6795,6799,6844,6848.0,6794.5,6798.5,6843.0
2025-11-07 00:05:00,42000,6878,6840,6842,6867,6880,6843,6844,6868,6879.0,6841.5,6843.0,6867.5
2025-11-07 00:10:00,25700,6868,6854,6867,6856,6869,6856,6868,6858,6868.5,6855.0,6867.5,6857.0
2025-11-07 00:15:00,14300,6864,6855,6856,6862,6865,6856,6858,6864,6864.5,6855.5,6857.0,6863.0
2025-11-07 00:20:00,12500,6864,6855,6862,6860,6866,6857,6864,6861,6865.0,6856.0,6863.0,6860.5
2025-11-07 00:25:00,10900,6867,6858,6860,6863,6868,6860,6862,6864,6867.5,6859.0,6861.0,6863.5
2025-11-07 00:30:00,21600,6872,6860,6863,6861,6873,6861,6864,6862,6872.5,6860.5,6863.5,6861.5
2025-11-07 00:35:00,15100,6861,6840,6861,6840,6862,6841,6862,6842,6861.5,6840.5,6861.5,6841.0
2025-11-07 00:40:00,17700,6852,6834,6840,6850,6854,6835,6842,6852,6853.0,6834.5,6841.0,6851.0
2025-11-07 00:45:00,13100,6852,6837,6850,6840,6853,6840,6852,6842,6852.5,6838.5,6851.0,6841.0
2025-11-07 00:50:00,9700,6848,6840,6840,6844,6850,6841,6842,6845,6849.0,6840.5,6841.0,6844.5
2025-11-07 00:55:00,10600,6849,6841,6844,6843,6850,6842,6845,6845,6849.5,6841.5,6844.5,6844.0
2025-11-07 01:00:00,14800,6851,6842,6843,6850,6853,6843,6845,6852,6852.0,6842.5,6844.0,6851.0
2025-11-07 01:05:00,12000,6851,6846,6850,6846,6853,6847,6852,6847,6851.5,6846.5,6851.0,6846.5
2025-11-07 01:10:00,15300,6855,6836,6846,6837,6857,6838,6847,6839,6856.0,6837.0,6846.5,6838.0
2025-11-07 01:15:00,9400,6843,6832,6837,6837,6845,6835,6839,6838,6844.0,6833.5,6838.0,6837.5
2025-11-07 01:20:00,16300,6841,6833,6837,6839,6842,6836,6838,6841,6841.5,6834.5,6837.5,6840.0
2025-11-07 01:25:00,9100,6840,6830,6839,6832,6842,6832,6841,6834,6841.0,6831.5,6840.0,6833.0
2025-11-07 01:30:00,9700,6835,6826,6832,6826,6836,6827,6834,6828,6835.5,6826.5,6833.0,6827.0
2025-11-07 01:35:00,8400,6839,6823,6826,6838,6841,6825,6828,6840,6840.0,6824.0,6827.0,6839.0
2025-11-07 01:40:00,8400,6842,6833,6838,6841,6843,6835,6840,6843,6842.5,6834.0,6839.0,6842.0
2025-11-07 01:45:00,7100,6845,6840,6841,6841,6847,6841,6843,6842,6846.0,6840.5,6842.0,6841.5
2025-11-07 01:50:00,10800,6841,6833,6841,6833,6842,6834,6842,6834,6841.5,6833.5,6841.5,6833.5
2025-11-07 01:55:00,5300,6838,6833,6833,6837,6840,6834,6834,6839,6839.0,6833.5,6833.5,6838.0
2025-11-07 02:00:00,12900,6837,6821,6837,6821,6839,6822,6839,6823,6838.0,6821.5,6838.0,6822.0
2025-11-07 02:05:00,7500,6823,6815,6821,6816,6824,6817,6823,6817,6823.5,6816.0,6822.0,6816.5
2025-11-07 02:10:00,14900,6818,6807,6816,6813,6820,6809,6817,6815,6819.0,6808.0,6816.5,6814.0
2025-11-07 02:15:00,7100,6816,6806,6813,6808,6817,6808,6815,6809,6816.5,6807.0,6814.0,6808.5
2025-11-07 02:20:00,9300,6810,6801,6808,6803,6811,6802,6809,6804,6810.5,6801.5,6808.5,6803.5
2025-11-07 02:25:00,25800,6805,6794,6803,6794,6807,6795,6804,6796,6806.0,6794.5,6803.5,6795.0
2025-11-07 02:30:00,1400,6794,6794,6794,6794,6796,6796,6796,6796,6795.0,6795.0,6795.0,6795.0
2025-11-07 03:30:00,65200,6804,6780,6786,6799,6805,6781,6787,6800,6804.5,6780.5,6786.5,6799.5
2025-11-07 03:35:00,22800,6810,6798,6799,6803,6811,6800,6800,6805,6810.5,6799.5,6799.5,6804.0
2025-11-07 03:40:00,14400,6807,6798,6803,6798,6808,6800,6805,6800,6807.5,6799.0,6804.0,6799.0
2025-11-07 03:45:00,18300,6811,6796,6798,6804,6812,6797,6800,6805,6811.5,6796.5,6799.0,6804.5
2025-11-07 03:50:00,12800,6805,6800,6804,6801,6806,6801,6805,6802,6805.5,6800.5,6804.5,6801.5
2025-11-07 03:55:00,12700,6808,6801,6801,6804,6809,6802,6802,6805,6808.5,6801.5,6801.5,6804.5
2025-11-07 04:00:00,13000,6804,6796,6804,6803,6805,6797,6805,6804,6804.5,6796.5,6804.5,6803.5
2025-11-07 04:05:00,12100,6806,6798,6803,6806,6807,6799,6804,6807,6806.5,6798.5,6803.5,6806.5
2025-11-07 04:10:00,9400,6807,6800,6806,6801,6808,6801,6807,6802,6807.5,6800.5,6806.5,6801.5
2025-11-07 04:15:00,16300,6806,6800,6801,6802,6808,6801,6802,6803,6807.0,6800.5,6801.5,6802.5
2025-11-07 04:20:00,13500,6802,6794,6802,6795,6804,6795,6803,6796,6803.0,6794.5,6802.5,6795.5
2025-11-07 04:25:00,12700,6798,6792,6795,6795,6799,6793,6796,6796,6798.5,6792.5,6795.5,6795.5
2025-11-07 04:30:00,12200,6803,6792,6795,6799,6804,6794,6796,6800,6803.5,6793.0,6795.5,6799.5
2025-11-07 04:35:00,9500,6800,6792,6799,6796,6801,6793,6800,6797,6800.5,6792.5,6799.5,6796.5
2025-11-07 04:40:00,16900,6808,6796,6796,6808,6810,6797,6797,6810,6809.0,6796.5,6796.5,6809.0
2025-11-07 04:45:00,17400,6828,6808,6808,6828,6830,6809,6810,6829,6829.0,6808.5,6809.0,6828.5
2025-11-07 04:50:00,16500,6833,6822,6828,6824,6834,6824,6829,6825,6833.5,6823.0,6828.5,6824.5
2025-11-07 04:55:00,11300,6830,6821,6824,6827,6831,6822,6825,6828,6830.5,6821.5,6824.5,6827.5
2025-11-07 05:00:00,16600,6832,6824,6827,6830,6834,6826,6828,6832,6833.0,6825.0,6827.5,6831.0
2025-11-07 05:05:00,13300,6837,6829,6830,6837,6838,6831,6832,6838,6837.5,6830.0,6831.0,6837.5
2025-11-07 05:10:00,10900,6837,6828,6837,6837,6838,6830,6838,6838,6837.5,6829.0,6837.5,6837.5
2025-11-07 05:15:00,11700,6844,6836,6837,6842,6845,6837,6838,6843,6844.5,6836.5,6837.5,6842.5
2025-11-07 05:20:00,10700,6842,6837,6842,6840,6843,6838,6843,6841,6842.5,6837.5,6842.5,6840.5
2025-11-07 05:25:00,9700,6844,6840,6840,6843,6845,6841,6841,6844,6844.5,6840.5,6840.5,6843.5
2025-11-07 05:30:00,15200,6851,6843,6843,6849,6852,6844,6844,6850,6851.5,6843.5,6843.5,6849.5
2025-11-07 05:35:00,9700,6854,6849,6849,6852,6855,6850,6850,6853,6854.5,6849.5,6849.5,6852.5
2025-11-07 05:40:00,13700,6857,6852,6852,6855,6858,6853,6853,6856,6857.5,6852.5,6852.5,6855.5
2025-11-07 05:45:00,14000,6856,6852,6855,6854,6857,6853,6856,6855,6856.5,6852.5,6855.5,6854.5
2025-11-07 05:50:00,32400,6860,6850,6854,6857,6862,6851,6855,6858,6861.0,6850.5,6854.5,6857.5
2025-11-07 05:55:00,20100,6860,6855,6857,6859,6862,6856,6858,6860,6861.0,6855.5,6857.5,6859.5
2025-11-07 06:00:00,25200,6859,6851,6859,6856,6860,6852,6860,6858,6859.5,6851.5,6859.5,6857.0
2025-11-07 06:05:00,22500,6861,6853,6856,6858,6863,6854,6858,6859,6862.0,6853.5,6857.0,6858.5
2025-11-07 06:10:00,21000,6869,6856,6858,6867,6870,6858,6859,6869,6869.5,6857.0,6858.5,6868.0
2025-11-07 06:15:00,26000,6872,6865,6867,6867,6873,6866,6869,6868,6872.5,6865.5,6868.0,6867.5
2025-11-07 06:20:00,25500,6871,6866,6867,6870,6872,6867,6868,6872,6871.5,6866.5,6867.5,6871.0
2025-11-07 06:25:00,,6899,6750,6898,6863,6900,6751,6899,6864,6899.5,6750.5,6898.5,6863.5
2025-11-07 06:30:00,449100,6861,6861,6861,6861,6870,6870,6870,6870,6865.5,6865.5,6865.5,6865.5
2025-11-10 00:00:00,168200,6928,6877,6877,6921,6930,6878,6878,6925,6929.0,6877.5,6877.5,6923.0
2025-11-10 00:05:00,42000,6931,6902,6921,6913,6932,6906,6925,6916,6931.5,6904.5,6923.0,6914.5
2025-11-10 00:10:00,25900,6930,6904,6914,6927,6931,6906,6916,6929,6930.5,6905.0,6915.0,6928.0
2025-11-10 00:15:00,19800,6927,6917,6927,6920,6929,6918,6929,6923,6928.0,6917.5,6928.0,6921.5
2025-11-10 00:20:00,15200,6930,6918,6921,6920,6932,6919,6923,6921,6931.0,6918.5,6922.0,6920.5
2025-11-10 00:25:00,16900,6925,6917,6920,6925,6927,6919,6921,6926,6926.0,6918.0,6920.5,6925.5
2025-11-10 00:30:00,12900,6925,6915,6925,6919,6927,6917,6926,6920,6926.0,6916.0,6925.5,6919.5
2025-11-10 00:35:00,14500,6928,6917,6919,6926,6930,6919,6920,6928,6929.0,6918.0,6919.5,6927.0
2025-11-10 00:40:00,11900,6927,6918,6926,6926,6928,6919,6928,6927,6927.5,6918.5,6927.0,6926.5
2025-11-10 00:45:00,14000,6927,6912,6925,6917,6928,6914,6927,6918,6927.5,6913.0,6926.0,6917.5
2025-11-10 00:50:00,8900,6918,6903,6917,6906,6919,6906,6918,6908,6918.5,6904.5,6917.5,6907.0
2025-11-10 00:55:00,13100,6907,6897,6906,6901,6908,6898,6908,6902,6907.5,6897.5,6907.0,6901.5
2025-11-10 01:00:00,20600,6903,6893,6901,6894,6904,6895,6902,6896,6903.5,6894.0,6901.5,6895.0
2025-11-10 01:05:00,11800,6899,6890,6894,6895,6900,6892,6896,6896,6899.5,6891.0,6895.0,6895.5
2025-11-10 01:10:00,8200,6906,6895,6895,6906,6907,6896,6896,6907,6906.5,6895.5,6895.5,6906.5
2025-11-10 01:15:00,14200,6909,6902,6906,6903,6910,6904,6907,6904,6909.5,6903.5,6906.5,6903.5
2025-11-10 01:20:00,18300,6905,6897,6903,6899,6907,6898,6904,6901,6906.0,6897.5,6903.5,6900.0
2025-11-10 01:25:00,23000,6903,6892,6899,6895,6904,6894,6901,6897,6903.5,6893.0,6900.0,6896.0
2025-11-10 01:30:00,13300,6895,6882,6895,6882,6897,6883,6897,6884,6896.0,6882.5,6896.0,6883.0
2025-11-10 01:35:00,8900,6890,6881,6882,6886,6892,6883,6884,6888,6890.5,6882.0,6883.0,6887.0
2025-11-10 01:40:00,5000,6889,6884,6886,6884,6891,6885,6888,6886,6890.0,6884.5,6887.0,6885.0
2025-11-10 01:45:00,11900,6895,6882,6884,6894,6896,6884,6886,6896,6895.5,6883.0,6885.0,6895.0
2025-11-10 01:50:00,8000,6897,6891,6894,6895,6898,6892,6896,6896,6897.5,6891.5,6895.0,6895.5
2025-11-10 01:55:00,6100,6899,6895,6895,6897,6900,6896,6896,6898,6899.5,6895.5,6895.5,6897.5
2025-11-10 02:00:00,13800,6911,6894,6897,6911,6913,6896,6898,6913,6912.0,6895.0,6897.5,6912.0
2025-11-10 02:05:00,10000,6911,6906,6911,6909,6913,6907,6913,6910,6912.0,6906.5,6912.0,6909.5
2025-11-10 02:10:00,10400,6910,6905,6909,6909,6911,6907,6910,6911,6910.5,6906.0,6909.5,6910.0
2025-11-10 02:15:00,8400,6910,6902,6910,6903,6911,6903,6911,6905,6910.5,6902.5,6910.5,6904.0
2025-11-10 02:20:00,12300,6911,6903,6903,6907,6912,6904,6905,6909,6911.5,6903.5,6904.0,6908.0
2025-11-10 02:25:00,10200,6910,6904,6907,6907,6911,6906,6909,6909,6910.5,6905.0,6908.0,6908.0
2025-11-10 02:30:00,1700,6907,6907,6907,6907,6910,6910,6910,6910,6908.5,6908.5,6908.5,6908.5
2025-11-10 03:30:00,48500,6916,6903,6908,6913,6918,6905,6909,6915,6917.0,6904.0,6908.5,6914.0
2025-11-10 03:35:00,16400,6916,6911,6913,6911,6917,6912,6915,6912,6916.5,6911.5,6914.0,6911.5
2025-11-10 03:40:00,11600,6915,6911,6911,6915,6916,6912,6912,6916,6915.5,6911.5,6911.5,6915.5
2025-11-10 03:45:00,11700,6916,6912,6915,6915,6917,6913,6916,6916,6916.5,6912.5,6915.5,6915.5
2025-11-10 03:50:00,20200,6924,6915,6915,6924,6925,6916,6916,6925,6924.5,6915.5,6915.5,6924.5
2025-11-10 03:55:00,12000,6924,6915,6924,6918,6925,6916,6925,6919,6924.5,6915.5,6924.5,6918.5
2025-11-10 04:00:00,14800,6921,6912,6918,6920,6922,6914,6919,6921,6921.5,6913.0,6918.5,6920.5
2025-11-10 04:05:00,20400,6929,6919,6920,6929,6930,6920,6921,6930,6929.5,6919.5,6920.5,6929.5
2025-11-10 04:10:00,13700,6929,6923,6929,6924,6930,6924,6930,6925,6929.5,6923.5,6929.5,6924.5
2025-11-10 04:15:00,11100,6924,6914,6924,6917,6925,6915,6925,6918,6924.5,6914.5,6924.5,6917.5
2025-11-10 04:20:00,8900,6917,6912,6917,6917,6918,6914,6918,6918,6917.5,6913.0,6917.5,6917.5
2025-11-10 04:25:00,9000,6917,6912,6917,6912,6918,6913,6918,6913,6917.5,6912.5,6917.5,6912.5
2025-11-10 04:30:00,13800,6912,6906,6912,6909,6913,6908,6913,6910,6912.5,6907.0,6912.5,6909.5
2025-11-10 04:35:00,9800,6910,6904,6909,6910,6911,6906,6910,6911,6910.5,6905.0,6909.5,6910.5
2025-11-10 04:40:00,16100,6923,6910,6910,6922,6924,6911,6911,6923,6923.5,6910.5,6910.5,6922.5
2025-11-10 04:45:00,10000,6925,6918,6922,6924,6926,6919,6923,6925,6925.5,6918.5,6922.5,6924.5
2025-11-10 04:50:00,8100,6928,6924,6924,6926,6929,6925,6925,6927,6928.5,6924.5,6924.5,6926.5
2025-11-10 04:55:00,9700,6926,6924,6926,6925,6927,6925,6927,6926,6926.5,6924.5,6926.5,6925.5
2025-11-10 05:00:00,21800,6933,6924,6925,6932,6935,6925,6926,6933,6934.0,6924.5,6925.5,6932.5
2025-11-10 05:05:00,14300,6937,6932,6932,6937,6938,6933,6933,6938,6937.5,6932.5,6932.5,6937.5
2025-11-10 05:10:00,11600,6939,6935,6937,6938,6940,6936,6938,6940,6939.5,6935.5,6937.5,6939.0
2025-11-10 05:15:00,12700,6940,6938,6938,6938,6941,6939,6940,6939,6940.5,6938.5,6939.0,6938.5
2025-11-10 05:20:00,12400,6938,6933,6938,6935,6939,6934,6939,6936,6938.5,6933.5,6938.5,6935.5
2025-11-10 05:25:00,12300,6936,6928,6935,6930,6937,6930,6936,6932,6936.5,6929.0,6935.5,6931.0
2025-11-10 05:30:00,12900,6930,6925,6930,6929,6932,6927,6932,6930,6931.0,6926.0,6931.0,6929.5
2025-11-10 05:35:00,13300,6930,6924,6929,6930,6932,6926,6930,6931,6931.0,6925.0,6929.5,6930.5
2025-11-10 05:40:00,8400,6932,6928,6930,6931,6933,6929,6931,6932,6932.5,6928.5,6930.5,6931.5
2025-11-10 05:45:00,14400,6931,6927,6931,6929,6932,6928,6932,6930,6931.5,6927.5,6931.5,6929.5
2025-11-10 05:50:00,12200,6931,6927,6929,6930,6932,6928,6930,6931,6931.5,6927.5,6929.5,6930.5
2025-11-10 05:55:00,14900,6931,6925,6930,6931,6932,6926,6931,6932,6931.5,6925.5,6930.5,6931.5
2025-11-10 06:00:00,16300,6934,6929,6931,6934,6935,6930,6932,6935,6934.5,6929.5,6931.5,6934.5
2025-11-10 06:05:00,24200,6940,6933,6934,6936,6941,6934,6935,6937,6940.5,6933.5,6934.5,6936.5
2025-11-10 06:10:00,16400,6939,6934,6936,6939,6941,6935,6937,6941,6940.0,6934.5,6936.5,6940.0
2025-11-10 06:15:00,29400,6941,6937,6939,6941,6943,6938,6941,6942,6942.0,6937.5,6940.0,6941.5
2025-11-10 06:20:00,30200,6942,6936,6941,6936,6943,6937,6942,6937,6942.5,6936.5,6941.5,6936.5
2025-11-10 06:25:00,,6999,6905,6907,6916,7000,6906,6908,6917,6999.5,6905.5,6907.5,6916.5
2025-11-10 06:30:00,498000,6915,6915,6915,6915,6940,6940,6940,6940,6927.5,6927.5,6927.5,6927.5
2025-11-11 00:00:00,172700,6974,6919,6937,6969,6977,6920,6938,6973,6975.5,6919.5,6937.5,6971.0
2025-11-11 00:05:00,34400,6978,6962,6969,6963,6979,6964,6972,6965,6978.5,6963.0,6970.5,6964.0
2025-11-11 00:10:00,34000,6973,6957,6963,6969,6975,6959,6965,6970,6974.0,6958.0,6964.0,6969.5
2025-11-11 00:15:00,17500,6970,6956,6969,6958,6971,6958,6970,6959,6970.5,6957.0,6969.5,6958.5
2025-11-11 00:20:00,42500,6989,6958,6958,6987,6990,6959,6959,6989,6989.5,6958.5,6958.5,6988.0
2025-11-11 00:25:00,25400,6990,6980,6987,6990,6992,6982,6989,6992,6991.0,6981.0,6988.0,6991.0
2025-11-11 00:30:00,18200,6993,6980,6990,6980,6995,6981,6992,6982,6994.0,6980.5,6991.0,6981.0
2025-11-11 00:35:00,13800,6989,6976,6980,6985,6990,6979,6982,6987,6989.5,6977.5,6981.0,6986.0
2025-11-11 00:40:00,18900,6992,6979,6985,6982,6993,6982,6988,6984,6992.5,6980.5,6986.5,6983.0
2025-11-11 00:45:00,19400,6987,6970,6982,6970,6988,6972,6984,6972,6987.5,6971.0,6983.0,6971.0
2025-11-11 00:50:00,22100,6970,6951,6970,6952,6972,6952,6972,6954,6971.0,6951.5,6971.0,6953.0
2025-11-11 00:55:00,22400,6952,6926,6952,6934,6954,6928,6954,6935,6953.0,6927.0,6953.0,6934.5
2025-11-11 01:00:00,19600,6937,6925,6934,6932,6939,6926,6935,6933,6938.0,6925.5,6934.5,6932.5
2025-11-11 01:05:00,14600,6938,6928,6932,6938,6939,6929,6933,6939,6938.5,6928.5,6932.5,6938.5
2025-11-11 01:10:00,18200,6943,6932,6938,6932,6944,6934,6939,6934,6943.5,6933.0,6938.5,6933.0
2025-11-11 01:15:00,13200,6936,6926,6932,6930,6937,6927,6934,6931,6936.5,6926.5,6933.0,6930.5
2025-11-11 01:20:00,15100,6930,6925,6930,6928,6931,6926,6931,6929,6930.5,6925.5,6930.5,6928.5
2025-11-11 01:25:00,12800,6942,6928,6928,6941,6943,6929,6929,6942,6942.5,6928.5,6928.5,6941.5
2025-11-11 01:30:00,24900,6942,6930,6941,6931,6944,6932,6942,6932,6943.0,6931.5,6941.5,6931.5
2025-11-11 01:35:00,12000,6933,6925,6931,6927,6934,6926,6932,6929,6933.5,6925.5,6931.5,6928.0
2025-11-11 01:40:00,15100,6944,6926,6927,6944,6945,6927,6929,6945,6944.5,6926.5,6928.0,6944.5
2025-11-11 01:45:00,12800,6954,6942,6944,6953,6955,6943,6945,6954,6954.5,6942.5,6944.5,6953.5
2025-11-11 01:50:00,10700,6959,6953,6953,6955,6960,6954,6954,6956,6959.5,6953.5,6953.5,6955.5
2025-11-11 01:55:00,7800,6959,6954,6955,6955,6960,6955,6956,6956,6959.5,6954.5,6955.5,6955.5
2025-11-11 02:00:00,20700,6958,6932,6955,6932,6960,6933,6956,6933,6959.0,6932.5,6955.5,6932.5
2025-11-11 02:05:00,11600,6945,6932,6932,6942,6947,6933,6933,6944,6946.0,6932.5,6932.5,6943.0
2025-11-11 02:10:00,10300,6948,6942,6942,6945,6950,6943,6944,6947,6949.0,6942.5,6943.0,6946.0
2025-11-11 02:15:00,11700,6949,6945,6945,6947,6950,6946,6947,6948,6949.5,6945.5,6946.0,6947.5
2025-11-11 02:20:00,5300,6949,6945,6947,6947,6950,6946,6948,6948,6949.5,6945.5,6947.5,6947.5
2025-11-11 02:25:00,13500,6947,6938,6947,6946,6948,6940,6948,6948,6947.5,6939.0,6947.5,6947.0
2025-11-11 02:30:00,1500,6946,6946,6946,6946,6948,6948,6948,6948,6947.0,6947.0,6947.0,6947.0
2025-11-11 03:30:00,42200,6968,6937,6940,6964,6969,6938,6940,6965,6968.5,6937.5,6940.0,6964.5
2025-11-11 03:35:00,15200,6973,6964,6964,6969,6974,6965,6965,6970,6973.5,6964.5,6964.5,6969.5
2025-11-11 03:40:00,18900,6978,6968,6969,6974,6979,6969,6970,6976,6978.5,6968.5,6969.5,6975.0
2025-11-11 03:45:00,9700,6979,6973,6974,6976,6980,6975,6975,6978,6979.5,6974.0,6974.5,6977.0
2025-11-11 03:50:00,12300,6979,6972,6976,6976,6980,6973,6978,6977,6979.5,6972.5,6977.0,6976.5
2025-11-11 03:55:00,25700,6984,6971,6976,6982,6985,6972,6977,6983,6984.5,6971.5,6976.5,6982.5
2025-11-11 04:00:00,6600,6984,6979,6982,6984,6985,6980,6983,6985,6984.5,6979.5,6982.5,6984.5
2025-11-11 04:05:00,15800,6985,6979,6984,6985,6986,6980,6985,6986,6985.5,6979.5,6984.5,6985.5
2025-11-11 04:10:00,12600,6986,6983,6985,6983,6987,6984,6986,6985,6986.5,6983.5,6985.5,6984.0
2025-11-11 04:15:00,10400,6984,6979,6983,6983,6985,6980,6985,6984,6984.5,6979.5,6984.0,6983.5
2025-11-11 04:20:00,14700,6985,6977,6983,6981,6987,6979,6984,6982,6986.0,6978.0,6983.5,6981.5
2025-11-11 04:25:00,10500,6983,6975,6981,6978,6984,6976,6982,6979,6983.5,6975.5,6981.5,6978.5
2025-11-11 04:30:00,6700,6981,6977,6978,6980,6982,6978,6979,6981,6981.5,6977.5,6978.5,6980.5
2025-11-11 04:35:00,14400,6980,6969,6980,6975,6982,6970,6981,6976,6981.0,6969.5,6980.5,6975.5
2025-11-11 04:40:00,11900,6977,6970,6975,6974,6978,6972,6976,6975,6977.5,6971.0,6975.5,6974.5
2025-11-11 04:45:00,7200,6976,6971,6974,6972,6977,6972,6975,6973,6976.5,6971.5,6974.5,6972.5
2025-11-11 04:50:00,12100,6972,6964,6972,6964,6974,6965,6973,6965,6973.0,6964.5,6972.5,6964.5
2025-11-11 04:55:00,10600,6966,6963,6964,6965,6967,6964,6965,6967,6966.5,6963.5,6964.5,6966.0
2025-11-11 05:00:00,9000,6969,6965,6965,6966,6970,6966,6967,6968,6969.5,6965.5,6966.0,6967.0
2025-11-11 05:05:00,12800,6969,6962,6966,6964,6970,6963,6968,6965,6969.5,6962.5,6967.0,6964.5
2025-11-11 05:10:00,16000,6964,6955,6964,6958,6965,6956,6965,6960,6964.5,6955.5,6964.5,6959.0
2025-11-11 05:15:00,14700,6963,6958,6958,6958,6965,6959,6960,6960,6964.0,6958.5,6959.0,6959.0
2025-11-11 05:20:00,12000,6964,6954,6958,6964,6966,6956,6960,6966,6965.0,6955.0,6959.0,6965.0
2025-11-11 05:25:00,10600,6969,6961,6964,6969,6970,6962,6966,6970,6969.5,6961.5,6965.0,6969.5
2025-11-11 05:30:00,12700,6972,6967,6969,6970,6974,6968,6970,6972,6973.0,6967.5,6969.5,6971.0
2025-11-11 05:35:00,16000,6970,6962,6970,6966,6971,6964,6971,6967,6970.5,6963.5,6970.5,6966.5
2025-11-11 05:40:00,16000,6966,6960,6966,6960,6967,6961,6967,6962,6966.5,6960.5,6966.5,6961.0
2025-11-11 05:45:00,13200,6964,6959,6960,6963,6965,6960,6962,6964,6964.5,6959.5,6961.0,6963.5
2025-11-11 05:50:00,20600,6963,6958,6963,6958,6964,6959,6964,6959,6963.5,6958.5,6963.5,6958.5
2025-11-11 05:55:00,28200,6968,6957,6958,6966,6969,6958,6959,6967,6968.5,6957.5,6958.5,6966.5
2025-11-11 06:00:00,25900,6966,6959,6966,6966,6967,6960,6967,6967,6966.5,6959.5,6966.5,6966.5
2025-11-11 06:05:00,20500,6968,6962,6966,6965,6970,6964,6967,6966,6969.0,6963.0,6966.5,6965.5
2025-11-11 06:10:00,15500,6970,6965,6965,6970,6971,6966,6966,6971,6970.5,6965.5,6965.5,6970.5
2025-11-11 06:15:00,32700,6977,6970,6970,6974,6978,6971,6971,6976,6977.5,6970.5,6970.5,6975.0
2025-11-11 06:20:00,38900,6979,6970,6974,6971,6980,6972,6976,6973,6979.5,6971.0,6975.0,6972.0
2025-11-11 06:25:00,,7026,6960,6993,6981,7027,6960,6994,6982,7026.5,6960.0,6993.5,6981.5
2025-11-11 06:30:00,463000,6975,6975,6975,6975,6983,6983,6983,6983,6979.0,6979.0,6979.0,6979.0
2025-11-12 00:00:00,226400,7051,6995,6999,7007,7065,7000,7000,7014,7058.0,6998.0,6999.5,7010.5
2025-11-12 00:05:00,53400,7023,6992,7008,7018,7025,6996,7014,7023,7024.0,6994.5,7011.0,7020.5
2025-11-12 00:10:00,47800,7038,7012,7018,7034,7040,7015,7023,7036,7039.0,7013.5,7020.5,7035.0
2025-11-12 00:15:00,49100,7058,7029,7034,7057,7060,7033,7036,7060,7059.0,7031.0,7035.0,7058.5
2025-11-12 00:20:00,56800,7072,7054,7057,7064,7074,7057,7060,7066,7072.5,7056.0,7058.5,7065.0
2025-11-12 00:25:00,43400,7081,7062,7064,7080,7082,7065,7066,7081,7081.5,7063.5,7065.0,7080.5
2025-11-12 00:30:00,27900,7084,7066,7080,7072,7085,7069,7081,7074,7084.5,7067.5,7080.5,7073.0
2025-11-12 00:35:00,24200,7080,7064,7072,7080,7081,7067,7073,7081,7080.5,7065.5,7072.5,7080.5
2025-11-12 00:40:00,24100,7084,7069,7079,7072,7085,7071,7081,7074,7084.5,7070.0,7080.0,7073.0
2025-11-12 00:45:00,24400,7085,7065,7072,7065,7086,7067,7074,7067,7085.5,7066.0,7073.0,7066.0
2025-11-12 00:50:00,16500,7074,7060,7065,7070,7075,7063,7067,7073,7074.5,7061.5,7066.0,7071.5
2025-11-12 00:55:00,15800,7078,7070,7070,7076,7080,7072,7073,7078,7079.0,7071.0,7071.5,7077.0
2025-11-12 01:00:00,19300,7081,7070,7076,7078,7082,7073,7079,7080,7081.5,7071.5,7077.5,7079.0
2025-11-12 01:05:00,20200,7080,7068,7078,7074,7081,7070,7080,7077,7080.5,7069.5,7079.0,7075.5
2025-11-12 01:10:00,13000,7082,7074,7076,7079,7083,7076,7077,7081,7082.5,7075.0,7076.5,7080.0
2025-11-12 01:15:00,34300,7092,7076,7079,7078,7095,7079,7081,7080,7093.0,7077.5,7080.0,7079.0
2025-11-12 01:20:00,14900,7079,7063,7078,7066,7080,7065,7080,7068,7079.5,7064.5,7079.0,7067.0
2025-11-12 01:25:00,13300,7069,7058,7066,7065,7071,7061,7068,7067,7070.0,7059.5,7067.0,7066.0
2025-11-12 01:30:00,13100,7075,7059,7065,7075,7078,7062,7067,7078,7076.5,7060.5,7066.0,7076.5
2025-11-12 01:35:00,28400,7076,7050,7075,7072,7080,7070,7078,7074,7077.5,7063.5,7076.5,7073.0
2025-11-12 01:40:00,12600,7076,7070,7072,7076,7078,7072,7074,7078,7077.0,7071.0,7073.0,7077.0
2025-11-12 01:45:00,15100,7079,7069,7076,7073,7080,7073,7078,7075,7079.5,7071.0,7077.0,7074.0
2025-11-12 01:50:00,12200,7073,7063,7073,7072,7075,7067,7075,7074,7074.0,7066.0,7074.0,7073.0
2025-11-12 01:55:00,12500,7074,7058,7072,7059,7075,7061,7074,7061,7074.5,7059.5,7073.0,7060.0
2025-11-12 02:00:00,84100,7059,6970,7059,6971,7061,6972,7061,6976,7060.0,6971.0,7060.0,6973.5
2025-11-12 02:05:00,44100,6998,6962,6971,6991,6999,6970,6976,6992,6998.5,6966.5,6973.5,6991.5
2025-11-12 02:10:00,41400,7002,6981,6991,6982,7005,6984,6992,6984,7003.5,6983.0,6991.5,6983.0
2025-11-12 02:15:00,38600,7002,6949,6982,6958,7005,6951,6984,6961,7003.5,6950.0,6983.0,6959.5
2025-11-12 02:20:00,27500,6971,6952,6959,6957,6981,6955,6961,6961,6973.5,6953.5,6960.0,6959.0
2025-11-12 02:25:00,45100,6968,6925,6957,6941,6969,6930,6961,6945,6968.5,6928.0,6959.0,6943.0
2025-11-12 02:30:00,1900,6940,6940,6940,6940,6945,6945,6945,6945,6942.5,6942.5,6942.5,6942.5
2025-11-12 03:30:00,84600,6950,6918,6932,6948,6955,6928,6933,6951,6952.5,6924.0,6932.5,6949.5
2025-11-12 03:35:00,26900,6952,6925,6948,6932,6955,6928,6951,6935,6953.5,6926.5,6949.5,6933.5
2025-11-12 03:40:00,26200,6940,6919,6932,6936,6942,6920,6935,6937,6940.5,6919.5,6933.5,6936.5
2025-11-12 03:45:00,17100,6945,6932,6936,6944,6947,6933,6938,6946,6946.0,6932.5,6937.0,6945.0
2025-11-12 03:50:00,43600,6951,6932,6944,6933,6953,6934,6946,6935,6951.5,6933.0,6945.0,6934.0
2025-11-12 03:55:00,21600,6940,6930,6933,6940,6942,6932,6935,6942,6941.0,6931.0,6934.0,6941.0
2025-11-12 04:00:00,22000,6957,6937,6940,6947,6958,6941,6942,6949,6957.5,6939.0,6941.0,6948.0
2025-11-12 04:05:00,52700,6948,6921,6947,6923,6949,6922,6949,6925,6948.5,6921.5,6948.0,6924.0
2025-11-12 04:10:00,20000,6931,6921,6923,6923,6933,6923,6925,6925,6932.0,6922.0,6924.0,6924.0
2025-11-12 04:15:00,30700,6941,6922,6923,6934,6943,6924,6925,6935,6942.0,6923.0,6924.0,6934.5
2025-11-12 04:20:00,14500,6939,6926,6934,6928,6940,6927,6935,6930,6939.5,6926.5,6934.5,6929.0
2025-11-12 04:25:00,17800,6942,6928,6928,6942,6944,6930,6930,6944,6943.0,6929.0,6929.0,6943.0
2025-11-12 04:30:00,12100,6947,6939,6942,6947,6949,6941,6944,6948,6948.0,6940.0,6943.0,6947.5
2025-11-12 04:35:00,17700,6947,6930,6947,6942,6948,6932,6948,6943,6947.5,6931.0,6947.5,6942.5
2025-11-12 04:40:00,28800,6945,6926,6942,6928,6946,6929,6943,6930,6945.5,6927.5,6942.5,6929.0
2025-11-12 04:45:00,20000,6943,6928,6928,6930,6944,6930,6930,6933,6943.5,6929.0,6929.0,6931.5
2025-11-12 04:50:00,27900,6960,6929,6930,6959,6961,6930,6933,6961,6960.5,6929.5,6931.5,6960.0
2025-11-12 04:55:00,26300,6962,6953,6959,6959,6964,6954,6961,6961,6963.0,6953.5,6960.0,6960.0
2025-11-12 05:00:00,30400,6986,6959,6959,6984,6987,6961,6961,6986,6986.5,6960.0,6960.0,6985.0
2025-11-12 05:05:00,26400,6991,6979,6983,6982,6994,6981,6986,6983,6992.5,6980.0,6984.5,6982.5
2025-11-12 05:10:00,21000,6986,6971,6982,6980,6987,6972,6983,6981,6986.5,6971.5,6982.5,6980.5
2025-11-12 05:15:00,14600,6981,6971,6980,6972,6982,6972,6981,6974,6981.5,6971.5,6980.5,6973.0
2025-11-12 05:20:00,19000,6976,6969,6972,6969,6979,6970,6974,6971,6976.5,6969.5,6973.0,6970.0
2025-11-12 05:25:00,65100,6974,6931,6969,6959,6976,6935,6971,6963,6975.0,6933.0,6970.0,6961.0
2025-11-12 05:30:00,548600,7196,6891,6959,7177,7203,6901,6963,7182,7199.5,6896.5,6961.0,7179.5
2025-11-12 05:35:00,345900,7261,7166,7177,7166,7272,7169,7182,7172,7266.0,7167.5,7179.5,7169.0
2025-11-12 05:40:00,122000,7174,7128,7166,7155,7178,7131,7172,7158,7176.0,7129.5,7169.0,7156.5
2025-11-12 05:45:00,194800,7228,7152,7155,7220,7230,7155,7157,7224,7228.5,7153.5,7156.0,7222.0
2025-11-12 05:50:00,229500,7278,7217,7220,7262,7282,7218,7224,7267,7279.5,7217.5,7222.0,7264.5
2025-11-12 05:55:00,128400,7269,7170,7262,7181,7271,7178,7267,7184,7270.0,7176.5,7264.5,7182.5
2025-11-12 06:00:00,90500,7211,7181,7181,7198,7215,7183,7184,7200,7213.0,7182.5,7182.5,7199.0
2025-11-12 06:05:00,94000,7223,7190,7198,7212,7225,7192,7200,7215,7224.0,7191.5,7199.0,7213.5
2025-11-12 06:10:00,94200,7245,7211,7212,7239,7248,7212,7215,7242,7246.0,7211.5,7213.5,7240.5
2025-11-12 06:15:00,85800,7247,7214,7239,7245,7248,7216,7242,7248,7247.5,7215.0,7240.5,7246.5
2025-11-12 06:20:00,77900,7248,7223,7245,7234,7249,7224,7248,7238,7248.5,7223.5,7246.5,7236.0
2025-11-12 06:25:00,,7292,6782,7050,7209,7292,6783,7051,7210,7292.0,6782.5,7050.5,7209.5
2025-11-12 06:30:00,864300,7209,7209,7209,7209,7220,7220,7220,7220,7214.5,7214.5,7214.5,7214.5
2025-11-13 00:00:00,391500,7190,7005,7181,7058,7200,7009,7182,7062,7191.5,7007.5,7181.5,7060.0
2025-11-13 00:05:00,156500,7066,6995,7058,7042,7069,6999,7062,7045,7067.5,6997.0,7060.0,7043.5
2025-11-13 00:10:00,93400,7110,7040,7042,7108,7115,7042,7045,7115,7111.5,7041.5,7043.5,7111.5
2025-11-13 00:15:00,65300,7119,7086,7108,7102,7121,7090,7115,7104,7120.0,7088.5,7111.5,7103.0
2025-11-13 00:20:00,36700,7103,7085,7102,7088,7105,7089,7104,7090,7104.0,7087.0,7103.0,7089.0
2025-11-13 00:25:00,38200,7104,7082,7088,7091,7106,7084,7090,7093,7105.0,7083.0,7089.0,7092.0
2025-11-13 00:30:00,43900,7113,7090,7091,7103,7115,7092,7093,7105,7113.5,7091.0,7092.0,7104.0
2025-11-13 00:35:00,36200,7132,7097,7103,7127,7134,7098,7105,7129,7133.0,7097.5,7104.0,7128.0
2025-11-13 00:40:00,26600,7130,7115,7127,7119,7131,7116,7129,7121,7130.5,7115.5,7128.0,7120.0
2025-11-13 00:45:00,17900,7119,7105,7119,7118,7121,7108,7121,7120,7120.0,7106.5,7120.0,7119.0
2025-11-13 00:50:00,33800,7121,7097,7118,7106,7123,7099,7120,7109,7122.0,7098.5,7119.0,7107.5
2025-11-13 00:55:00,16800,7122,7106,7106,7116,7124,7108,7109,7118,7123.0,7107.0,7107.5,7117.0
2025-11-13 01:00:00,19500,7121,7111,7116,7115,7124,7113,7118,7116,7122.5,7112.0,7117.0,7115.5
2025-11-13 01:05:00,25100,7126,7115,7115,7121,7127,7116,7116,7124,7126.5,7115.5,7115.5,7122.5
2025-11-13 01:10:00,44900,7145,7112,7121,7140,7146,7113,7123,7142,7145.5,7112.5,7122.0,7141.0
2025-11-13 01:15:00,19600,7145,7132,7140,7136,7146,7134,7142,7139,7145.5,7133.0,7141.0,7137.5
2025-11-13 01:20:00,35100,7164,7132,7137,7152,7165,7135,7139,7154,7164.5,7133.5,7138.0,7153.0
2025-11-13 01:25:00,20300,7157,7147,7152,7153,7158,7149,7155,7155,7157.5,7148.0,7153.5,7154.0
2025-11-13 01:30:00,21000,7154,7142,7153,7150,7155,7143,7154,7152,7154.5,7142.5,7153.5,7151.0
2025-11-13 01:35:00,37100,7180,7147,7150,7179,7181,7149,7152,7181,7180.5,7148.0,7151.0,7180.0
2025-11-13 01:40:00,19900,7183,7170,7179,7171,7184,7172,7181,7172,7183.5,7171.0,7180.0,7171.5
2025-11-13 01:45:00,21700,7172,7153,7171,7155,7173,7155,7172,7157,7172.5,7154.0,7171.5,7156.0
2025-11-13 01:50:00,19100,7158,7149,7155,7152,7159,7150,7157,7154,7158.5,7149.5,7156.0,7153.0
2025-11-13 01:55:00,18700,7157,7141,7152,7155,7158,7143,7154,7157,7157.5,7142.0,7153.0,7156.0
2025-11-13 02:00:00,19900,7162,7152,7155,7157,7164,7153,7157,7159,7162.5,7152.5,7156.0,7158.0
2025-11-13 02:05:00,16300,7161,7152,7157,7156,7163,7155,7159,7158,7162.0,7153.5,7158.0,7157.0
2025-11-13 02:10:00,10900,7158,7152,7156,7157,7160,7153,7158,7158,7159.0,7152.5,7157.0,7157.5
2025-11-13 02:15:00,19400,7174,7154,7157,7170,7175,7156,7158,7171,7174.5,7155.0,7157.5,7170.5
2025-11-13 02:20:00,18100,7183,7170,7170,7180,7185,7171,7171,7182,7184.0,7170.5,7170.5,7181.0
2025-11-13 02:25:00,14700,7181,7163,7180,7167,7182,7165,7182,7169,7181.5,7164.0,7181.0,7168.0
2025-11-13 02:30:00,800,7165,7165,7165,7165,7169,7169,7169,7169,7167.0,7167.0,7167.0,7167.0
2025-11-13 03:30:00,85400,7197,7170,7179,7180,7199,7174,7180,7182,7198.0,7173.5,7179.5,7181.0
2025-11-13 03:35:00,63800,7207,7167,7180,7206,7208,7169,7182,7208,7207.5,7168.0,7181.0,7207.0
2025-11-13 03:40:00,18900,7209,7196,7206,7206,7210,7198,7208,7207,7209.5,7197.0,7207.0,7206.5
2025-11-13 03:45:00,18900,7208,7192,7206,7197,7210,7195,7207,7199,7209.0,7193.5,7206.5,7198.0
2025-11-13 03:50:00,8800,7203,7193,7197,7194,7204,7194,7199,7195,7203.5,7193.5,7198.0,7194.5
2025-11-13 03:55:00,32900,7213,7193,7194,7211,7215,7194,7195,7212,7214.0,7193.5,7194.5,7211.5
2025-11-13 04:00:00,26600,7221,7202,7211,7206,7222,7205,7212,7208,7221.5,7203.5,7211.5,7207.0
2025-11-13 04:05:00,23800,7210,7194,7206,7198,7211,7196,7208,7199,7210.5,7195.5,7207.0,7198.5
2025-11-13 04:10:00,14000,7200,7192,7198,7200,7202,7193,7199,7202,7201.0,7192.5,7198.5,7201.0
2025-11-13 04:15:00,14200,7205,7195,7200,7202,7206,7198,7202,7205,7205.5,7197.5,7201.0,7203.5
2025-11-13 04:20:00,11200,7212,7202,7202,7211,7213,7205,7205,7213,7212.5,7203.5,7203.5,7212.0
2025-11-13 04:25:00,15600,7218,7210,7211,7215,7220,7212,7213,7217,7219.0,7211.0,7212.0,7216.0
2025-11-13 04:30:00,13100,7217,7207,7215,7208,7218,7210,7217,7210,7217.5,7208.5,7216.0,7209.0
2025-11-13 04:35:00,25100,7217,7199,7208,7214,7218,7201,7210,7216,7217.5,7200.0,7209.0,7215.0
2025-11-13 04:40:00,21400,7220,7212,7214,7213,7221,7214,7216,7214,7220.5,7213.0,7215.0,7213.5
2025-11-13 04:45:00,10200,7215,7210,7213,7211,7216,7212,7214,7213,7215.5,7211.0,7213.5,7212.0
2025-11-13 04:50:00,10100,7218,7210,7211,7216,7219,7212,7213,7217,7218.5,7211.5,7212.0,7216.5
2025-11-13 04:55:00,17800,7225,7215,7216,7223,7227,7216,7217,7225,7226.0,7215.5,7216.5,7224.0
2025-11-13 05:00:00,11500,7227,7221,7223,7223,7228,7222,7225,7224,7227.5,7221.5,7224.0,7223.5
2025-11-13 05:05:00,16300,7228,7220,7223,7224,7229,7221,7224,7225,7228.5,7220.5,7223.5,7224.5
2025-11-13 05:10:00,19200,7226,7218,7223,7221,7228,7220,7225,7222,7227.0,7219.0,7224.0,7221.5
2025-11-13 05:15:00,17700,7230,7216,7221,7219,7231,7218,7222,7220,7230.5,7217.0,7221.5,7219.5
2025-11-13 05:20:00,19500,7229,7217,7219,7229,7231,7219,7220,7230,7230.0,7218.0,7219.5,7229.5
2025-11-13 05:25:00,17100,7232,7224,7229,7227,7233,7225,7230,7230,7232.5,7224.5,7229.5,7228.5
2025-11-13 05:30:00,14500,7230,7221,7228,7228,7231,7222,7230,7229,7230.5,7221.5,7229.0,7228.5
2025-11-13 05:35:00,21900,7230,7226,7228,7228,7232,7227,7229,7229,7231.0,7226.5,7228.5,7228.5
2025-11-13 05:40:00,17000,7233,7228,7228,7229,7234,7229,7229,7231,7233.5,7228.5,7228.5,7230.0
2025-11-13 05:45:00,23000,7235,7227,7229,7229,7236,7228,7230,7231,7235.5,7227.5,7229.5,7230.0
2025-11-13 05:50:00,23200,7229,7218,7229,7224,7231,7219,7231,7226,7230.0,7218.5,7230.0,7225.0
2025-11-13 05:55:00,27600,7242,7223,7224,7240,7244,7224,7226,7242,7243.0,7223.5,7225.0,7241.0
2025-11-13 06:00:00,22300,7246,7235,7240,7236,7247,7236,7242,7237,7246.5,7235.5,7241.0,7236.5
2025-11-13 06:05:00,35400,7238,7224,7236,7237,7240,7226,7237,7239,7239.0,7225.0,7236.5,7238.0
2025-11-13 06:10:00,28700,7243,7235,7237,7239,7245,7236,7239,7241,7244.0,7235.5,7238.0,7240.0
2025-11-13 06:15:00,30900,7245,7235,7240,7241,7246,7236,7241,7243,7245.5,7235.5,7240.5,7242.0
2025-11-13 06:20:00,32500,7245,7237,7241,7243,7247,7239,7243,7245,7246.0,7238.0,7242.0,7244.0
2025-11-13 06:25:00,,7302,7246,7249,7249,7303,7247,7250,7250,7302.5,7246.5,7249.5,7249.5
2025-11-13 06:30:00,479300,7242,7242,7242,7242,7250,7250,7250,7250,7246.0,7246.0,7246.0,7246.0
2025-11-14 00:00:00,444500,7250,7161,7250,7207,7251,7169,7251,7210,7250.5,7165.0,7250.5,7208.5
2025-11-14 00:05:00,34500,7218,7191,7207,7199,7220,7194,7210,7201,7219.0,7192.5,7208.5,7200.0
2025-11-14 00:10:00,26200,7208,7193,7199,7198,7210,7195,7201,7201,7209.0,7194.0,7200.0,7199.5
2025-11-14 00:15:00,32500,7226,7192,7198,7217,7230,7196,7201,7220,7228.0,7194.5,7199.5,7218.5
2025-11-14 00:20:00,46900,7250,7217,7217,7236,7252,7220,7220,7238,7251.0,7218.5,7218.5,7237.0
2025-11-14 00:25:00,17500,7251,7235,7236,7249,7253,7237,7238,7251,7252.0,7236.0,7237.0,7250.0
2025-11-14 00:30:00,22100,7251,7227,7249,7235,7253,7229,7251,7237,7252.0,7228.0,7250.0,7236.0
2025-11-14 00:35:00,16500,7241,7230,7234,7241,7243,7233,7237,7243,7242.0,7231.5,7235.5,7242.0
2025-11-14 00:40:00,13300,7243,7232,7241,7243,7245,7234,7243,7245,7244.0,7233.0,7242.0,7244.0
2025-11-14 00:45:00,22000,7252,7241,7243,7249,7253,7242,7245,7251,7252.5,7241.5,7244.0,7250.0
2025-11-14 00:50:00,27800,7261,7242,7249,7258,7264,7244,7251,7261,7262.5,7243.0,7250.0,7259.5
2025-11-14 00:55:00,22000,7275,7258,7258,7271,7278,7260,7261,7273,7276.5,7259.0,7259.5,7272.0
2025-11-14 01:00:00,32200,7283,7269,7271,7276,7285,7271,7273,7278,7284.0,7270.0,7272.0,7277.0
2025-11-14 01:05:00,14600,7284,7276,7276,7283,7285,7278,7278,7284,7284.5,7277.0,7277.0,7283.5
2025-11-14 01:10:00,30300,7295,7282,7283,7295,7297,7284,7284,7297,7296.0,7283.5,7283.5,7296.0
2025-11-14 01:15:00,66700,7326,7294,7295,7324,7327,7296,7297,7326,7326.5,7295.0,7296.0,7325.0
2025-11-14 01:20:00,15400,7324,7302,7324,7303,7326,7304,7326,7305,7325.0,7303.0,7325.0,7304.0
2025-11-14 01:25:00,19000,7303,7282,7303,7287,7305,7284,7305,7289,7304.0,7283.0,7304.0,7288.0
2025-11-14 01:30:00,8900,7295,7283,7287,7294,7297,7284,7289,7296,7296.0,7283.5,7288.0,7295.0
2025-11-14 01:35:00,15600,7295,7283,7294,7288,7297,7285,7295,7291,7296.0,7284.0,7294.5,7289.5
2025-11-14 01:40:00,9900,7295,7284,7288,7285,7297,7287,7291,7287,7296.0,7285.5,7289.5,7286.0
2025-11-14 01:45:00,13000,7290,7281,7285,7286,7292,7283,7287,7289,7290.5,7282.0,7286.0,7287.5
2025-11-14 01:50:00,12600,7287,7266,7286,7272,7289,7269,7289,7274,7288.0,7267.5,7287.5,7273.0
2025-11-14 01:55:00,4900,7274,7268,7272,7271,7276,7269,7274,7273,7275.0,7268.5,7273.0,7272.0
2025-11-14 02:00:00,8100,7278,7271,7271,7275,7280,7273,7273,7277,7279.0,7272.0,7272.0,7276.0
2025-11-14 02:05:00,21000,7277,7262,7275,7268,7279,7264,7277,7271,7278.0,7263.0,7276.0,7269.5
2025-11-14 02:10:00,5200,7275,7268,7268,7272,7277,7269,7271,7275,7276.0,7268.5,7269.5,7273.5
2025-11-14 02:15:00,16800,7277,7268,7272,7268,7280,7269,7275,7270,7278.5,7268.5,7273.5,7269.0
2025-11-14 02:20:00,4900,7275,7265,7268,7275,7277,7267,7270,7277,7276.0,7266.5,7269.0,7276.0
2025-11-14 02:25:00,9700,7281,7269,7275,7281,7283,7270,7277,7283,7282.0,7269.5,7276.0,7282.0
2025-11-14 02:30:00,400,7281,7281,7281,7281,7284,7284,7284,7284,7282.5,7282.5,7282.5,7282.5
2025-11-14 03:30:00,118600,7328,7285,7289,7325,7330,7289,7289,7327,7329.0,7289.0,7289.0,7326.0
2025-11-14 03:35:00,16600,7329,7320,7325,7322,7330,7322,7327,7324,7329.5,7321.0,7326.0,7323.0
2025-11-14 03:40:00,15200,7323,7311,7322,7312,7325,7313,7324,7314,7324.0,7312.0,7323.0,7313.0
2025-11-14 03:45:00,10600,7326,7312,7312,7322,7327,7314,7314,7324,7326.5,7313.0,7313.0,7323.0
2025-11-14 03:50:00,11000,7324,7316,7322,7320,7325,7317,7324,7322,7324.5,7316.5,7323.0,7321.0
2025-11-14 03:55:00,11200,7324,7317,7320,7317,7325,7318,7322,7319,7324.5,7317.5,7321.0,7318.0
2025-11-14 04:00:00,10800,7322,7312,7317,7315,7323,7313,7319,7317,7322.5,7312.5,7318.0,7316.0
2025-11-14 04:05:00,5800,7315,7309,7315,7311,7317,7311,7317,7313,7316.0,7310.0,7316.0,7312.0
2025-11-14 04:10:00,15500,7311,7293,7311,7297,7313,7295,7313,7299,7312.0,7294.0,7312.0,7298.0
2025-11-14 04:15:00,9400,7298,7293,7297,7294,7300,7294,7299,7296,7299.0,7293.5,7298.0,7295.0
2025-11-14 04:20:00,17800,7295,7279,7295,7280,7297,7280,7296,7281,7296.0,7279.5,7295.5,7280.5
2025-11-14 04:25:00,5700,7281,7274,7280,7279,7282,7275,7281,7280,7281.5,7274.5,7280.5,7279.5
2025-11-14 04:30:00,5600,7279,7275,7279,7276,7280,7277,7280,7277,7279.5,7276.0,7279.5,7276.5
2025-11-14 04:35:00,10400,7281,7275,7276,7277,7283,7277,7277,7280,7282.0,7276.0,7276.5,7278.5
2025-11-14 04:40:00,9000,7286,7273,7277,7284,7287,7274,7280,7285,7286.5,7273.5,7278.5,7284.5
2025-11-14 04:45:00,6600,7289,7284,7284,7287,7292,7285,7285,7288,7290.5,7284.5,7284.5,7287.5
2025-11-14 04:50:00,5900,7287,7277,7287,7277,7289,7278,7288,7279,7288.0,7277.5,7287.5,7278.0
2025-11-14 04:55:00,11200,7284,7270,7277,7284,7285,7272,7279,7285,7284.5,7271.0,7278.0,7284.5
2025-11-14 05:00:00,12800,7288,7280,7284,7286,7290,7282,7285,7287,7289.0,7281.0,7284.5,7286.5
2025-11-14 05:05:00,12200,7291,7282,7286,7285,7293,7284,7287,7287,7291.5,7283.0,7286.5,7286.0
2025-11-14 05:10:00,9900,7289,7283,7285,7287,7291,7284,7287,7289,7290.0,7283.5,7286.0,7288.0
2025-11-14 05:15:00,11000,7296,7284,7287,7296,7298,7286,7289,7298,7297.0,7285.0,7288.0,7297.0
2025-11-14 05:20:00,8300,7298,7294,7296,7298,7300,7296,7298,7299,7299.0,7295.0,7297.0,7298.5
2025-11-14 05:25:00,15800,7298,7282,7298,7282,7299,7283,7299,7283,7298.5,7282.5,7298.5,7282.5
2025-11-14 05:30:00,18800,7289,7275,7282,7287,7290,7276,7283,7288,7289.5,7275.5,7282.5,7287.5
2025-11-14 05:35:00,17900,7291,7278,7287,7290,7294,7280,7288,7291,7292.5,7279.0,7287.5,7290.5
2025-11-14 05:40:00,24200,7294,7285,7290,7286,7295,7286,7292,7288,7294.5,7285.5,7291.0,7287.0
2025-11-14 05:45:00,18200,7290,7285,7286,7285,7292,7286,7288,7286,7291.0,7285.5,7287.0,7285.5
2025-11-14 05:50:00,21600,7293,7283,7285,7287,7295,7286,7286,7289,7294.0,7284.5,7285.5,7288.0
2025-11-14 05:55:00,34000,7297,7281,7287,7294,7298,7282,7289,7296,7297.5,7281.5,7288.0,7295.0
2025-11-14 06:00:00,36900,7298,7278,7294,7282,7300,7280,7296,7283,7298.5,7279.0,7295.0,7282.5
2025-11-14 06:05:00,25200,7288,7279,7282,7280,7289,7280,7283,7282,7288.5,7279.5,7282.5,7281.0
2025-11-14 06:10:00,34300,7287,7272,7280,7277,7288,7274,7282,7278,7287.5,7273.0,7281.0,7277.5
2025-11-14 06:15:00,34000,7292,7274,7277,7287,7294,7276,7278,7289,7293.0,7275.5,7277.5,7288.0
2025-11-14 06:20:00,33200,7292,7283,7287,7291,7294,7285,7289,7293,7292.5,7284.0,7288.0,7292.0
2025-11-14 06:25:00,,7314,7247,7271,7314,7315,7248,7272,7315,7314.5,7247.5,7271.5,7314.5
2025-11-14 06:30:00,426500,7289,7289,7289,7289,7315,7315,7315,7315,7302.0,7302.0,7302.0,7302.0
2025-11-17 00:00:00,217500,7260,7166,7166,7236,7262,7166,7167,7238,7261.0,7166.0,7166.5,7237.0
2025-11-17 00:05:00,67500,7254,7216,7236,7225,7255,7218,7238,7227,7254.5,7217.0,7237.0,7226.0
2025-11-17 00:10:00,37600,7253,7211,7225,7245,7256,7213,7227,7246,7254.5,7212.5,7226.0,7245.5
2025-11-17 00:15:00,25800,7249,7229,7245,7244,7251,7230,7246,7246,7250.0,7229.5,7245.5,7245.0
2025-11-17 00:20:00,33700,7288,7241,7244,7283,7289,7244,7246,7285,7288.5,7242.5,7245.0,7284.0
2025-11-17 00:25:00,22800,7291,7270,7283,7272,7293,7271,7285,7274,7292.0,7270.5,7284.0,7273.0
2025-11-17 00:30:00,17800,7288,7272,7272,7276,7290,7274,7274,7277,7289.0,7273.0,7273.0,7276.5
2025-11-17 00:35:00,19100,7276,7260,7275,7262,7279,7261,7277,7264,7277.5,7260.5,7276.0,7263.0
2025-11-17 00:40:00,12700,7268,7248,7262,7254,7270,7250,7264,7256,7269.0,7249.0,7263.0,7255.0
2025-11-17 00:45:00,13300,7255,7245,7254,7249,7257,7246,7256,7252,7256.0,7245.5,7255.0,7250.5
2025-11-17 00:50:00,13200,7250,7234,7249,7238,7252,7235,7252,7239,7251.0,7234.5,7250.5,7238.5
2025-11-17 00:55:00,13800,7239,7221,7238,7229,7241,7223,7239,7230,7240.0,7222.0,7238.5,7229.5
2025-11-17 01:00:00,18600,7239,7221,7229,7238,7241,7222,7230,7240,7240.0,7221.5,7229.5,7239.0
2025-11-17 01:05:00,9700,7243,7234,7238,7242,7245,7236,7240,7244,7243.5,7235.0,7239.0,7243.0
2025-11-17 01:10:00,13100,7254,7242,7242,7250,7257,7244,7244,7251,7255.5,7243.0,7243.0,7250.5
2025-11-17 01:15:00,13700,7257,7249,7250,7255,7260,7250,7251,7257,7258.5,7249.5,7250.5,7256.0
2025-11-17 01:20:00,10400,7257,7243,7255,7254,7259,7246,7258,7256,7257.5,7244.5,7256.5,7255.0
2025-11-17 01:25:00,10200,7259,7250,7254,7253,7260,7251,7256,7254,7259.5,7250.5,7255.0,7253.5
2025-11-17 01:30:00,8600,7258,7250,7253,7255,7259,7252,7254,7257,7258.5,7251.0,7253.5,7256.0
2025-11-17 01:35:00,9300,7261,7250,7255,7257,7262,7251,7257,7258,7261.5,7250.5,7256.0,7257.5
2025-11-17 01:40:00,7800,7264,7249,7257,7264,7266,7250,7258,7266,7265.0,7249.5,7257.5,7265.0
2025-11-17 01:45:00,10300,7268,7257,7264,7266,7270,7259,7266,7268,7269.0,7258.0,7265.0,7267.0
2025-11-17 01:50:00,7200,7266,7258,7266,7263,7268,7259,7268,7265,7267.0,7258.5,7267.0,7264.0
2025-11-17 01:55:00,11700,7267,7257,7263,7257,7268,7259,7265,7259,7267.5,7258.0,7264.0,7258.0
2025-11-17 02:00:00,11800,7260,7248,7257,7250,7263,7249,7259,7251,7261.5,7248.5,7258.0,7250.5
2025-11-17 02:05:00,11600,7257,7237,7250,7238,7258,7238,7251,7240,7257.5,7237.5,7250.5,7239.0
2025-11-17 02:10:00,9300,7244,7237,7238,7242,7246,7238,7240,7243,7245.0,7237.5,7239.0,7242.5
2025-11-17 02:15:00,11000,7248,7239,7242,7241,7249,7240,7243,7243,7248.5,7239.5,7242.5,7242.0
2025-11-17 02:20:00,9200,7241,7234,7241,7235,7243,7235,7243,7236,7242.0,7234.5,7242.0,7235.5
2025-11-17 02:25:00,15700,7235,7222,7235,7222,7236,7224,7236,7226,7235.5,7223.5,7235.5,7224.0
2025-11-17 02:30:00,900,,,,,,,,,,,,
2025-11-17 03:30:00,46500,7233,7210,7229,7214,7238,7211,7230,7215,7235.0,7210.5,7229.5,7214.5
2025-11-17 03:35:00,15100,7224,7209,7214,7224,7225,7210,7215,7225,7224.5,7209.5,7214.5,7224.5
2025-11-17 03:40:00,13100,7234,7223,7224,7224,7235,7224,7225,7226,7234.5,7223.5,7224.5,7225.0
2025-11-17 03:45:00,9100,7225,7215,7224,7222,7226,7218,7226,7224,7225.5,7216.5,7225.0,7223.0
2025-11-17 03:50:00,13700,7236,7219,7222,7231,7238,7221,7224,7233,7237.0,7220.0,7223.0,7232.0
2025-11-17 03:55:00,7800,7235,7228,7231,7235,7237,7230,7233,7237,7236.0,7229.0,7232.0,7236.0
2025-11-17 04:00:00,10200,7247,7235,7235,7245,7248,7237,7237,7247,7247.5,7236.0,7236.0,7246.0
2025-11-17 04:05:00,9500,7251,7245,7245,7250,7252,7247,7247,7251,7251.5,7246.0,7246.0,7250.5
2025-11-17 04:10:00,10000,7257,7246,7250,7257,7258,7248,7251,7258,7257.5,7247.0,7250.5,7257.5
2025-11-17 04:15:00,10900,7261,7250,7257,7253,7263,7252,7258,7254,7262.0,7251.0,7257.5,7253.5
2025-11-17 04:20:00,7100,7260,7253,7253,7260,7262,7254,7254,7261,7261.0,7253.5,7253.5,7260.5
2025-11-17 04:25:00,12900,7263,7254,7260,7254,7264,7256,7261,7256,7263.5,7255.0,7260.5,7255.0
2025-11-17 04:30:00,7600,7258,7252,7254,7257,7259,7253,7256,7258,7258.5,7252.5,7255.0,7257.5
2025-11-17 04:35:00,16400,7262,7255,7257,7259,7264,7256,7258,7260,7263.0,7255.5,7257.5,7259.5
2025-11-17 04:40:00,5200,7262,7258,7259,7260,7263,7259,7260,7261,7262.5,7258.5,7259.5,7260.5
2025-11-17 04:45:00,7400,7264,7260,7260,7261,7265,7261,7261,7262,7264.5,7260.5,7260.5,7261.5
2025-11-17 04:50:00,10000,7263,7258,7261,7259,7265,7259,7262,7261,7264.0,7258.5,7261.5,7260.0
2025-11-17 04:55:00,5900,7262,7256,7259,7257,7263,7257,7261,7259,7262.5,7256.5,7260.0,7258.0
2025-11-17 05:00:00,12500,7260,7252,7257,7254,7262,7253,7259,7256,7261.0,7252.5,7258.0,7255.0
2025-11-17 05:05:00,8300,7258,7253,7254,7255,7259,7255,7256,7256,7258.5,7254.0,7255.0,7255.5
2025-11-17 05:10:00,9400,7266,7254,7255,7262,7268,7256,7256,7264,7267.0,7255.0,7255.5,7263.0
2025-11-17 05:15:00,8500,7263,7257,7262,7259,7264,7259,7264,7260,7263.5,7258.0,7263.0,7259.5
2025-11-17 05:20:00,12400,7259,7251,7259,7258,7260,7252,7260,7260,7259.5,7251.5,7259.5,7259.0
2025-11-17 05:25:00,9600,7261,7256,7258,7259,7263,7257,7260,7260,7262.0,7256.5,7259.0,7259.5
2025-11-17 05:30:00,14800,7267,7257,7259,7262,7269,7258,7260,7263,7268.0,7257.5,7259.5,7262.5
2025-11-17 05:35:00,11200,7263,7255,7261,7255,7264,7256,7263,7256,7263.5,7255.5,7262.0,7255.5
2025-11-17 05:40:00,17000,7258,7251,7255,7252,7259,7253,7256,7253,7258.5,7252.0,7255.5,7252.5
2025-11-17 05:45:00,11500,7252,7244,7252,7245,7253,7245,7253,7246,7252.5,7244.5,7252.5,7245.5
2025-11-17 05:50:00,12500,7250,7242,7245,7244,7251,7244,7246,7245,7250.5,7243.0,7245.5,7244.5
2025-11-17 05:55:00,14500,7250,7241,7244,7247,7251,7242,7245,7248,7250.5,7241.5,7244.5,7247.5
2025-11-17 06:00:00,12300,7254,7245,7247,7254,7257,7246,7248,7255,7255.5,7245.5,7247.5,7254.5
2025-11-17 06:05:00,15500,7258,7251,7254,7254,7259,7253,7255,7256,7258.5,7252.0,7254.5,7255.0
2025-11-17 06:10:00,14600,7255,7249,7254,7253,7256,7251,7256,7254,7255.5,7250.0,7255.0,7253.5
2025-11-17 06:15:00,19300,7257,7250,7253,7251,7258,7252,7254,7252,7257.5,7251.0,7253.5,7251.5
2025-11-17 06:20:00,46400,7254,7246,7251,7249,7255,7247,7252,7250,7254.5,7246.5,7251.5,7249.5
2025-11-17 06:25:00,,7355,7106,7349,7257,7356,7107,7350,7258,7355.5,7106.5,7349.5,7257.5
2025-11-17 06:30:00,743200,7249,7249,7249,7249,7260,7260,7260,7260,7254.5,7254.5,7254.5,7254.5
2025-11-18 00:00:00,256700,7323,7280,7304,7313,7324,7288,7305,7315,7323.5,7286.5,7304.5,7314.0
2025-11-18 00:05:00,47200,7331,7302,7313,7311,7333,7304,7315,7314,7332.0,7303.0,7314.0,7312.5
2025-11-18 00:10:00,29800,7314,7287,7311,7287,7315,7288,7314,7289,7314.5,7287.5,7312.5,7288.0
2025-11-18 00:15:00,27800,7288,7263,7287,7265,7290,7266,7289,7267,7289.0,7265.0,7288.0,7266.0
2025-11-18 00:20:00,23100,7268,7253,7265,7253,7270,7255,7267,7255,7269.0,7254.0,7266.0,7254.0
2025-11-18 00:25:00,19700,7254,7233,7253,7238,7255,7235,7255,7240,7254.5,7234.0,7254.0,7239.0
2025-11-18 00:30:00,15700,7245,7234,7238,7236,7247,7236,7240,7238,7246.0,7235.0,7239.0,7237.0
2025-11-18 00:35:00,15200,7241,7224,7236,7232,7242,7227,7238,7234,7241.5,7225.5,7237.0,7233.0
2025-11-18 00:40:00,18200,7234,7214,7232,7216,7236,7216,7234,7218,7235.0,7215.0,7233.0,7217.0
2025-11-18 00:45:00,19600,7224,7209,7216,7212,7225,7210,7218,7214,7224.5,7209.5,7217.0,7213.0
2025-11-18 00:50:00,33900,7224,7203,7212,7222,7225,7205,7214,7224,7224.5,7204.5,7213.0,7223.0
2025-11-18 00:55:00,19700,7231,7221,7222,7223,7232,7224,7224,7224,7231.5,7222.5,7223.0,7223.5
2025-11-18 01:00:00,19100,7228,7209,7223,7219,7229,7210,7224,7221,7228.5,7209.5,7223.5,7220.0
2025-11-18 01:05:00,10800,7235,7217,7219,7234,7237,7218,7221,7236,7236.0,7217.5,7220.0,7235.0
2025-11-18 01:10:00,14200,7245,7231,7234,7244,7247,7232,7236,7246,7246.0,7231.5,7235.0,7245.0
2025-11-18 01:15:00,21300,7263,7243,7244,7259,7265,7244,7246,7261,7264.0,7243.5,7245.0,7260.0
2025-11-18 01:20:00,9200,7262,7251,7259,7252,7265,7252,7261,7254,7263.5,7251.5,7260.0,7253.0
2025-11-18 01:25:00,11700,7254,7237,7252,7246,7256,7238,7254,7248,7255.0,7237.5,7253.0,7247.0
2025-11-18 01:30:00,7200,7248,7240,7246,7247,7250,7241,7248,7250,7249.0,7240.5,7247.0,7248.5
2025-11-18 01:35:00,9100,7253,7240,7247,7244,7254,7242,7250,7246,7253.5,7241.0,7248.5,7245.0
2025-11-18 01:40:00,6800,7257,7243,7244,7257,7259,7244,7246,7259,7258.0,7243.5,7245.0,7258.0
2025-11-18 01:45:00,8900,7267,7256,7257,7265,7269,7258,7259,7267,7268.0,7257.0,7258.0,7266.0
2025-11-18 01:50:00,5600,7265,7256,7265,7257,7267,7257,7267,7258,7266.0,7256.5,7266.0,7257.5
2025-11-18 01:55:00,13300,7260,7241,7257,7251,7261,7244,7258,7253,7260.5,7242.5,7257.5,7252.0
2025-11-18 02:00:00,7600,7252,7243,7251,7248,7253,7246,7253,7250,7252.5,7244.5,7252.0,7249.0
2025-11-18 02:05:00,7800,7248,7236,7248,7240,7250,7237,7250,7242,7249.0,7236.5,7249.0,7241.0
2025-11-18 02:10:00,7800,7245,7230,7240,7231,7247,7232,7242,7233,7246.0,7231.0,7241.0,7232.0
2025-11-18 02:15:00,16800,7232,7219,7231,7219,7234,7221,7234,7221,7233.0,7220.0,7232.5,7220.0
2025-11-18 02:20:00,7300,7223,7216,7219,7221,7224,7218,7221,7223,7223.5,7217.0,7220.0,7222.0
2025-11-18 02:25:00,5200,7232,7220,7221,7230,7234,7222,7223,7233,7233.0,7221.0,7222.0,7231.5
2025-11-18 02:30:00,3300,7230,7230,7230,7230,7236,7236,7236,7236,7233.0,7233.0,7233.0,7233.0
2025-11-18 03:30:00,76100,7215,7170,7210,7172,7224,7171,7211,7173,7219.0,7170.5,7210.5,7172.5
2025-11-18 03:35:00,26300,7182,7172,7172,7181,7183,7173,7173,7182,7182.5,7172.5,7172.5,7181.5
2025-11-18 03:40:00,12800,7181,7170,7181,7179,7183,7171,7182,7181,7181.5,7170.5,7181.5,7180.0
2025-11-18 03:45:00,10200,7180,7164,7179,7165,7181,7166,7181,7167,7180.5,7165.0,7180.0,7166.0
2025-11-18 03:50:00,9900,7168,7161,7165,7166,7170,7164,7167,7168,7169.0,7162.5,7166.0,7167.0
2025-11-18 03:55:00,7600,7171,7163,7167,7171,7172,7165,7168,7172,7171.5,7164.5,7167.5,7171.5
2025-11-18 04:00:00,11500,7171,7163,7171,7165,7173,7165,7172,7166,7171.5,7164.0,7171.5,7165.5
2025-11-18 04:05:00,14000,7169,7158,7165,7159,7171,7159,7166,7161,7170.0,7158.5,7165.5,7160.0
2025-11-18 04:10:00,15700,7161,7150,7159,7155,7162,7151,7161,7157,7161.5,7150.5,7160.0,7156.0
2025-11-18 04:15:00,7200,7157,7148,7155,7148,7159,7149,7157,7149,7158.0,7148.5,7156.0,7148.5
2025-11-18 04:20:00,12500,7148,7131,7148,7143,7149,7133,7149,7144,7148.5,7132.0,7148.5,7143.5
2025-11-18 04:25:00,8500,7145,7131,7143,7133,7147,7132,7144,7135,7146.0,7131.5,7143.5,7134.0
2025-11-18 04:30:00,26500,7163,7133,7133,7162,7165,7135,7135,7165,7164.0,7134.0,7134.0,7163.5
2025-11-18 04:35:00,8800,7167,7158,7162,7164,7168,7160,7165,7167,7167.5,7159.0,7163.5,7165.5
2025-11-18 04:40:00,12500,7170,7160,7164,7163,7172,7163,7167,7166,7171.0,7161.5,7165.5,7164.5
2025-11-18 04:45:00,8300,7164,7158,7163,7162,7166,7160,7166,7165,7165.0,7159.0,7164.5,7163.5
2025-11-18 04:50:00,9300,7173,7160,7162,7164,7174,7162,7165,7166,7173.5,7161.5,7163.5,7165.0
2025-11-18 04:55:00,6700,7164,7156,7164,7156,7166,7158,7166,7158,7165.0,7157.0,7165.0,7157.0
2025-11-18 05:00:00,13800,7157,7143,7156,7147,7158,7146,7158,7149,7157.5,7144.5,7157.0,7148.0
2025-11-18 05:05:00,9900,7156,7147,7147,7151,7158,7148,7149,7152,7157.0,7147.5,7148.0,7151.5
2025-11-18 05:10:00,12000,7162,7151,7151,7151,7164,7152,7152,7153,7163.0,7151.5,7151.5,7152.0
2025-11-18 05:15:00,27400,7151,7131,7151,7135,7153,7133,7153,7137,7152.0,7132.0,7152.0,7136.0
2025-11-18 05:20:00,17100,7140,7132,7135,7133,7141,7133,7137,7134,7140.5,7132.5,7136.0,7133.5
2025-11-18 05:25:00,22600,7133,7120,7133,7120,7134,7121,7134,7122,7133.5,7120.5,7133.5,7121.0
2025-11-18 05:30:00,22800,7127,7114,7120,7125,7129,7115,7122,7127,7128.0,7114.5,7121.0,7126.0
2025-11-18 05:35:00,18100,7126,7120,7125,7123,7127,7121,7127,7125,7126.5,7120.5,7126.0,7124.0
2025-11-18 05:40:00,15700,7123,7115,7123,7121,7125,7117,7125,7122,7124.0,7116.0,7124.0,7121.5
2025-11-18 05:45:00,16800,7124,7118,7121,7120,7125,7119,7122,7122,7124.5,7118.5,7121.5,7121.0
2025-11-18 05:50:00,31800,7123,7102,7120,7102,7124,7104,7122,7104,7123.5,7103.0,7121.0,7103.0
2025-11-18 05:55:00,48200,7103,7090,7102,7090,7104,7091,7104,7091,7103.5,7090.5,7103.0,7090.5
2025-11-18 06:00:00,23600,7103,7090,7090,7097,7105,7091,7091,7099,7104.0,7090.5,7090.5,7098.0
2025-11-18 06:05:00,21600,7107,7097,7097,7103,7109,7098,7098,7105,7107.5,7097.5,7097.5,7104.0
2025-11-18 06:10:00,25200,7105,7090,7103,7094,7106,7091,7105,7096,7105.5,7090.5,7104.0,7095.0
2025-11-18 06:15:00,32300,7095,7086,7094,7089,7097,7088,7097,7090,7096.0,7087.0,7095.5,7089.5
2025-11-18 06:20:00,40900,7091,7076,7089,7087,7092,7078,7090,7090,7091.5,7077.0,7089.5,7088.5
2025-11-18 06:25:00,,7304,7100,7193,7106,7305,7101,7193,7107,7304.5,7100.5,7193.0,7106.5
2025-11-18 06:30:00,622100,7090,7090,7090,7090,7107,7107,7107,7107,7098.5,7098.5,7098.5,7098.5
2025-11-19 00:00:00,150600,7173,7134,7150,7136,7178,7136,7150,7139,7175.5,7135.0,7150.0,7137.5
2025-11-19 00:05:00,35400,7141,7123,7136,7134,7143,7125,7139,7136,7142.0,7124.0,7137.5,7135.0
2025-11-19 00:10:00,22700,7143,7128,7134,7133,7146,7130,7136,7135,7144.5,7129.0,7135.0,7134.0
2025-11-19 00:15:00,32700,7137,7103,7133,7109,7139,7105,7135,7111,7138.0,7104.0,7134.0,7110.0
2025-11-19 00:20:00,20700,7130,7106,7109,7124,7132,7108,7111,7127,7131.0,7107.0,7110.0,7125.5
2025-11-19 00:25:00,14300,7135,7118,7124,7122,7136,7119,7127,7124,7135.5,7118.5,7125.5,7123.0
2025-11-19 00:30:00,32400,7142,7119,7122,7138,7145,7120,7124,7141,7143.5,7119.5,7123.0,7139.5
2025-11-19 00:35:00,21400,7159,7137,7138,7158,7160,7139,7141,7160,7159.5,7138.0,7139.5,7159.0
2025-11-19 00:40:00,17900,7170,7157,7158,7168,7172,7159,7161,7169,7171.0,7158.5,7159.5,7168.5
2025-11-19 00:45:00,16600,7168,7155,7168,7167,7170,7157,7169,7169,7169.0,7156.0,7168.5,7168.0
2025-11-19 00:50:00,14300,7170,7162,7167,7167,7172,7164,7169,7168,7171.0,7163.0,7168.0,7167.5
2025-11-19 00:55:00,16600,7168,7158,7167,7162,7169,7160,7168,7163,7168.5,7159.5,7167.5,7162.5
2025-11-19 01:00:00,16000,7171,7157,7162,7171,7172,7160,7163,7172,7171.5,7159.0,7162.5,7171.5
2025-11-19 01:05:00,13100,7176,7167,7171,7173,7177,7168,7172,7175,7176.5,7167.5,7171.5,7174.0
2025-11-19 01:10:00,32800,7192,7173,7173,7191,7194,7175,7175,7193,7193.0,7174.0,7174.0,7192.0
2025-11-19 01:15:00,22800,7212,7189,7191,7204,7214,7191,7193,7206,7213.0,7190.5,7192.0,7205.0
2025-11-19 01:20:00,12000,7215,7200,7204,7202,7217,7201,7206,7203,7216.0,7200.5,7205.0,7202.5
2025-11-19 01:25:00,14600,7211,7200,7202,7202,7212,7201,7203,7203,7211.5,7200.5,7202.5,7202.5
2025-11-19 01:30:00,10800,7206,7197,7202,7200,7208,7198,7204,7201,7207.0,7197.5,7203.0,7200.5
2025-11-19 01:35:00,9300,7207,7197,7200,7201,7210,7198,7201,7203,7208.5,7197.5,7200.5,7202.0
2025-11-19 01:40:00,10800,7201,7195,7201,7197,7203,7197,7203,7199,7202.0,7196.5,7202.0,7198.0
2025-11-19 01:45:00,10200,7205,7197,7197,7200,7207,7198,7199,7201,7206.0,7197.5,7198.0,7200.5
2025-11-19 01:50:00,9900,7202,7193,7200,7193,7203,7194,7201,7195,7202.5,7193.5,7200.5,7194.0
2025-11-19 01:55:00,15400,7201,7188,7193,7201,7202,7190,7195,7202,7201.5,7189.0,7194.0,7201.5
2025-11-19 02:00:00,13600,7201,7193,7201,7200,7202,7194,7202,7201,7201.5,7193.5,7201.5,7200.5
2025-11-19 02:05:00,12200,7206,7198,7200,7198,7207,7199,7201,7200,7206.5,7198.5,7200.5,7199.0
2025-11-19 02:10:00,11300,7200,7195,7198,7198,7201,7196,7200,7200,7200.5,7195.5,7199.0,7199.0
2025-11-19 02:15:00,10700,7207,7197,7198,7199,7208,7198,7200,7200,7207.5,7197.5,7199.0,7199.5
2025-11-19 02:20:00,12000,7203,7191,7199,7196,7204,7192,7200,7198,7203.5,7191.5,7199.5,7197.0
2025-11-19 02:25:00,13900,7208,7194,7196,7208,7210,7195,7198,7210,7209.0,7194.5,7197.0,7209.0
2025-11-19 02:30:00,2100,7208,7208,7208,7208,7210,7210,7210,7210,7209.0,7209.0,7209.0,7209.0
2025-11-19 03:30:00,90900,7210,7181,7209,7194,7214,7181,7210,7196,7212.0,7181.0,7209.5,7195.0
2025-11-19 03:35:00,12000,7195,7187,7194,7190,7196,7188,7196,7191,7195.5,7187.5,7195.0,7190.5
2025-11-19 03:40:00,12900,7190,7181,7190,7184,7191,7182,7191,7185,7190.5,7181.5,7190.5,7184.5
2025-11-19 03:45:00,15200,7184,7165,7184,7165,7185,7166,7185,7167,7184.5,7165.5,7184.5,7166.0
2025-11-19 03:50:00,16600,7175,7163,7165,7167,7177,7164,7167,7169,7176.0,7163.5,7166.0,7168.0
2025-11-19 03:55:00,11700,7174,7167,7167,7169,7176,7169,7169,7170,7175.0,7168.0,7168.0,7169.5
2025-11-19 04:00:00,13300,7177,7161,7169,7177,7179,7163,7170,7178,7178.0,7162.0,7169.5,7177.5
2025-11-19 04:05:00,15600,7189,7176,7177,7187,7190,7177,7178,7188,7189.5,7176.5,7177.5,7187.5
2025-11-19 04:10:00,16000,7191,7178,7187,7189,7192,7179,7188,7192,7191.5,7178.5,7187.5,7190.5
2025-11-19 04:15:00,13200,7195,7189,7189,7191,7197,7190,7192,7193,7195.5,7189.5,7190.5,7192.0
2025-11-19 04:20:00,9800,7193,7188,7191,7191,7195,7189,7193,7193,7194.0,7188.5,7192.0,7192.0
2025-11-19 04:25:00,10000,7194,7186,7191,7189,7196,7187,7194,7191,7195.0,7186.5,7192.5,7190.0
2025-11-19 04:30:00,9600,7191,7183,7189,7187,7192,7185,7191,7189,7191.5,7184.0,7190.0,7188.0
2025-11-19 04:35:00,11900,7188,7178,7187,7182,7189,7180,7189,7184,7188.5,7179.0,7188.0,7183.0
2025-11-19 04:40:00,8300,7184,7180,7182,7183,7185,7182,7184,7184,7184.5,7181.0,7183.0,7183.5
2025-11-19 04:45:00,12000,7188,7181,7183,7184,7189,7182,7184,7185,7188.5,7181.5,7183.5,7184.5
2025-11-19 04:50:00,12400,7193,7184,7184,7191,7195,7185,7185,7192,7194.0,7184.5,7184.5,7191.5
2025-11-19 04:55:00,9800,7192,7181,7191,7181,7194,7183,7192,7183,7193.0,7182.0,7191.5,7182.0
2025-11-19 05:00:00,11700,7182,7177,7181,7180,7183,7179,7183,7182,7182.5,7178.0,7182.0,7181.0
2025-11-19 05:05:00,13600,7181,7172,7180,7173,7182,7173,7182,7175,7181.5,7172.5,7181.0,7174.0
2025-11-19 05:10:00,11400,7173,7167,7173,7173,7175,7168,7175,7174,7174.0,7167.5,7174.0,7173.5
2025-11-19 05:15:00,11700,7174,7170,7173,7173,7175,7171,7174,7174,7174.5,7170.5,7173.5,7173.5
2025-11-19 05:20:00,12900,7183,7173,7173,7180,7184,7174,7174,7182,7183.5,7173.5,7173.5,7181.0
2025-11-19 05:25:00,14300,7180,7166,7180,7167,7182,7168,7182,7168,7181.0,7167.0,7181.0,7167.5
2025-11-19 05:30:00,27000,7168,7154,7167,7156,7169,7156,7168,7159,7168.5,7155.0,7167.5,7157.5
2025-11-19 05:35:00,19100,7157,7150,7156,7154,7159,7151,7159,7156,7158.0,7150.5,7157.5,7155.0
2025-11-19 05:40:00,20300,7158,7149,7154,7155,7159,7150,7156,7157,7158.5,7149.5,7155.0,7156.0
2025-11-19 05:45:00,17600,7160,7150,7155,7158,7161,7152,7157,7159,7160.5,7151.5,7156.0,7158.5
2025-11-19 05:50:00,17700,7170,7158,7158,7165,7172,7159,7159,7167,7171.0,7158.5,7158.5,7166.0
2025-11-19 05:55:00,25700,7180,7165,7165,7167,7182,7166,7167,7168,7181.0,7165.5,7166.0,7167.5
2025-11-19 06:00:00,24500,7168,7156,7167,7163,7169,7157,7168,7166,7168.5,7156.5,7167.5,7164.5
2025-11-19 06:05:00,15100,7165,7161,7163,7162,7167,7163,7166,7163,7166.0,7162.0,7164.5,7162.5
2025-11-19 06:10:00,17300,7164,7155,7162,7160,7166,7157,7163,7161,7165.0,7156.0,7162.5,7160.5
2025-11-19 06:15:00,29800,7173,7156,7160,7170,7174,7158,7161,7171,7173.5,7157.0,7160.5,7170.5
2025-11-19 06:20:00,34000,7170,7153,7170,7160,7171,7154,7171,7164,7170.5,7153.5,7170.5,7162.0
2025-11-19 06:25:00,,7146,6946,7093,7137,7147,6947,7094,7138,7146.5,6946.5,7093.5,7137.5
2025-11-19 06:30:00,620500,7137,7137,7137,7137,7160,7160,7160,7160,7148.5,7148.5,7148.5,7148.5
2025-11-20 00:00:00,133300,7229,7201,7220,7218,7235,7205,7221,7219,7231.5,7204.0,7220.5,7218.5
2025-11-20 00:05:00,33300,7230,7212,7218,7223,7231,7214,7219,7225,7230.5,7213.5,7218.5,7224.0
2025-11-20 00:10:00,45600,7258,7221,7223,7242,7262,7224,7225,7245,7260.0,7222.5,7224.0,7243.5
2025-11-20 00:15:00,18400,7258,7235,7242,7258,7260,7238,7245,7260,7259.0,7236.5,7243.5,7259.0
2025-11-20 00:20:00,16900,7264,7253,7258,7263,7265,7256,7260,7265,7264.5,7255.0,7259.0,7264.0
2025-11-20 00:25:00,13300,7266,7250,7263,7259,7267,7253,7265,7261,7266.5,7251.5,7264.0,7260.0
2025-11-20 00:30:00,15400,7261,7236,7259,7242,7263,7239,7261,7244,7262.0,7237.5,7260.0,7243.0
2025-11-20 00:35:00,14300,7245,7232,7242,7243,7246,7235,7244,7245,7245.5,7233.5,7243.0,7244.0
2025-11-20 00:40:00,11000,7251,7241,7243,7250,7254,7243,7245,7253,7252.0,7242.0,7244.0,7251.5
2025-11-20 00:45:00,6000,7253,7246,7250,7251,7254,7248,7253,7252,7253.5,7247.0,7251.5,7251.5
2025-11-20 00:50:00,7800,7255,7248,7251,7253,7258,7250,7252,7256,7256.5,7249.0,7251.5,7254.5
2025-11-20 00:55:00,5700,7254,7241,7253,7242,7257,7244,7256,7244,7255.5,7242.5,7254.5,7243.0
2025-11-20 01:00:00,8500,7247,7240,7242,7242,7249,7242,7244,7244,7248.0,7241.0,7243.0,7243.0
2025-11-20 01:05:00,10600,7243,7235,7242,7237,7245,7238,7244,7240,7244.0,7236.5,7243.0,7238.5
2025-11-20 01:10:00,12500,7241,7232,7237,7239,7242,7234,7240,7241,7241.5,7233.0,7238.5,7240.0
2025-11-20 01:15:00,10200,7246,7239,7239,7240,7248,7241,7241,7242,7247.0,7240.0,7240.0,7241.0
2025-11-20 01:20:00,8700,7240,7232,7240,7233,7242,7233,7241,7234,7241.0,7232.5,7240.5,7233.5
2025-11-20 01:25:00,14200,7237,7225,7233,7237,7239,7226,7234,7238,7238.0,7225.5,7233.5,7237.5
2025-11-20 01:30:00,8100,7241,7232,7237,7233,7244,7233,7239,7234,7242.5,7232.5,7238.0,7233.5
2025-11-20 01:35:00,9100,7234,7225,7233,7229,7235,7227,7234,7231,7234.5,7226.0,7233.5,7230.0
2025-11-20 01:40:00,5000,7231,7227,7229,7228,7232,7228,7231,7229,7231.5,7227.5,7230.0,7228.5
2025-11-20 01:45:00,7700,7230,7224,7228,7226,7231,7226,7229,7228,7230.5,7225.0,7228.5,7227.0
2025-11-20 01:50:00,12700,7229,7220,7226,7224,7232,7222,7228,7227,7230.5,7221.0,7227.0,7225.5
2025-11-20 01:55:00,10100,7237,7224,7224,7233,7240,7226,7226,7235,7238.5,7225.0,7225.0,7234.0
2025-11-20 02:00:00,8700,7237,7225,7233,7228,7239,7228,7235,7229,7238.0,7226.5,7234.0,7228.5
2025-11-20 02:05:00,5800,7232,7222,7228,7228,7234,7224,7229,7230,7233.0,7223.0,7228.5,7229.0
2025-11-20 02:10:00,7600,7230,7225,7228,7230,7231,7226,7230,7231,7230.5,7225.5,7229.0,7230.5
2025-11-20 02:15:00,8200,7232,7226,7230,7230,7234,7228,7231,7231,7233.0,7227.0,7230.5,7230.5
2025-11-20 02:20:00,4600,7231,7224,7230,7226,7232,7226,7231,7227,7231.5,7225.0,7230.5,7226.5
2025-11-20 02:25:00,10600,7230,7224,7226,7224,7232,7226,7228,7228,7231.0,7225.5,7227.0,7226.0
2025-11-20 02:30:00,2100,7221,7221,7221,7221,7228,7228,7228,7228,7224.5,7224.5,7224.5,7224.5
2025-11-20 03:30:00,45400,7234,7210,7221,7212,7238,7211,7222,7213,7235.5,7210.5,7221.5,7212.5
2025-11-20 03:35:00,22400,7212,7185,7212,7187,7213,7188,7213,7189,7212.5,7186.5,7212.5,7188.0
2025-11-20 03:40:00,11500,7189,7178,7187,7185,7191,7179,7189,7186,7189.5,7178.5,7188.0,7185.5
2025-11-20 03:45:00,14700,7185,7153,7185,7169,7186,7155,7186,7171,7185.5,7154.0,7185.5,7170.0
2025-11-20 03:50:00,12400,7179,7168,7169,7168,7180,7169,7171,7170,7179.5,7168.5,7170.0,7169.0
2025-11-20 03:55:00,11100,7168,7155,7168,7164,7170,7156,7170,7166,7169.0,7155.5,7169.0,7165.0
2025-11-20 04:00:00,7100,7169,7157,7164,7165,7171,7160,7166,7167,7169.5,7158.5,7165.0,7166.0
2025-11-20 04:05:00,7600,7171,7161,7165,7171,7172,7164,7167,7172,7171.5,7162.5,7166.0,7171.5
2025-11-20 04:10:00,8700,7173,7164,7171,7167,7174,7167,7172,7168,7173.5,7165.5,7171.5,7167.5
2025-11-20 04:15:00,6100,7167,7155,7167,7159,7168,7156,7168,7161,7167.5,7155.5,7167.5,7160.0
2025-11-20 04:20:00,6900,7169,7159,7159,7165,7170,7160,7161,7167,7169.5,7159.5,7160.0,7166.0
2025-11-20 04:25:00,8100,7169,7161,7165,7166,7170,7162,7167,7167,7169.5,7161.5,7166.0,7166.5
2025-11-20 04:30:00,10000,7180,7165,7166,7178,7181,7166,7167,7179,7180.5,7165.5,7166.5,7178.5
2025-11-20 04:35:00,6400,7184,7178,7178,7180,7185,7179,7179,7181,7184.5,7178.5,7178.5,7180.5
2025-11-20 04:40:00,6900,7180,7173,7180,7175,7181,7175,7181,7176,7180.5,7174.0,7180.5,7175.5
2025-11-20 04:45:00,6600,7180,7172,7175,7177,7181,7174,7176,7178,7180.5,7173.0,7175.5,7177.5
2025-11-20 04:50:00,6100,7177,7172,7177,7172,7178,7173,7178,7174,7177.5,7172.5,7177.5,7173.0
2025-11-20 04:55:00,7000,7175,7166,7172,7173,7176,7167,7174,7174,7175.5,7166.5,7173.0,7173.5
2025-11-20 05:00:00,9200,7173,7165,7173,7169,7174,7166,7174,7170,7173.5,7165.5,7173.5,7169.5
2025-11-20 05:05:00,8700,7177,7167,7169,7167,7178,7168,7170,7168,7177.5,7167.5,7169.5,7167.5
2025-11-20 05:10:00,7100,7168,7162,7167,7163,7169,7164,7168,7166,7168.5,7163.0,7167.5,7164.5
2025-11-20 05:15:00,9200,7173,7163,7163,7171,7175,7164,7166,7173,7173.5,7163.5,7164.5,7172.0
2025-11-20 05:20:00,14800,7176,7168,7171,7175,7179,7170,7174,7177,7177.0,7169.0,7172.5,7176.0
2025-11-20 05:25:00,6400,7175,7168,7174,7168,7177,7170,7177,7170,7175.5,7169.0,7175.5,7169.0
2025-11-20 05:30:00,11900,7173,7164,7168,7167,7174,7166,7170,7169,7173.5,7165.0,7169.0,7168.0
2025-11-20 05:35:00,11500,7168,7160,7168,7161,7169,7161,7169,7162,7168.5,7160.5,7168.5,7161.5
2025-11-20 05:40:00,12500,7163,7157,7161,7157,7164,7158,7162,7158,7163.5,7157.5,7161.5,7157.5
2025-11-20 05:45:00,21800,7157,7142,7157,7142,7158,7144,7158,7145,7157.5,7143.0,7157.5,7143.5
2025-11-20 05:50:00,19200,7145,7137,7142,7143,7146,7139,7145,7145,7145.5,7138.5,7143.5,7144.0
2025-11-20 05:55:00,18500,7146,7138,7143,7139,7147,7139,7145,7141,7146.5,7138.5,7144.0,7140.0
2025-11-20 06:00:00,24600,7141,7132,7139,7132,7142,7135,7141,7135,7141.5,7133.5,7140.0,7133.5
2025-11-20 06:05:00,28400,7133,7116,7132,7120,7135,7118,7135,7122,7134.0,7117.0,7133.5,7121.0
2025-11-20 06:10:00,22200,7122,7115,7120,7117,7123,7117,7122,7118,7122.5,7116.0,7121.0,7117.5
2025-11-20 06:15:00,37500,7119,7109,7117,7112,7121,7110,7118,7113,7120.0,7109.5,7117.5,7112.5
2025-11-20 06:20:00,53900,7121,7102,7112,7121,7123,7105,7113,7123,7122.0,7104.0,7112.5,7122.0
2025-11-20 06:25:00,,7119,6868,7097,7104,7120,6869,7098,7105,7119.5,6868.5,7097.5,7104.5
2025-11-20 06:30:00,644000,7104,7104,7104,7104,7113,7113,7113,7113,7108.5,7108.5,7108.5,7108.5
2025-11-21 00:00:00,159400,7139,7073,7080,7116,7142,7077,7081,7118,7140.5,7076.0,7080.5,7117.0
2025-11-21 00:05:00,30500,7136,7114,7116,7136,7138,7115,7118,7138,7137.0,7114.5,7117.0,7137.0
2025-11-21 00:10:00,28500,7167,7131,7136,7164,7169,7134,7138,7166,7168.0,7132.5,7137.0,7165.0
2025-11-21 00:15:00,35100,7171,7153,7164,7156,7174,7154,7166,7159,7172.5,7153.5,7165.0,7157.5
2025-11-21 00:20:00,49200,7166,7156,7156,7162,7168,7159,7159,7165,7167.0,7157.5,7157.5,7163.5
2025-11-21 00:25:00,14400,7170,7158,7162,7168,7172,7160,7165,7171,7171.0,7159.0,7163.5,7169.5
2025-11-21 00:30:00,15400,7174,7162,7168,7162,7176,7163,7171,7164,7175.0,7162.5,7169.5,7163.0
2025-11-21 00:35:00,16700,7169,7162,7162,7168,7172,7164,7164,7170,7170.0,7163.0,7163.0,7169.0
2025-11-21 00:40:00,25400,7177,7164,7168,7172,7180,7168,7170,7173,7178.5,7167.5,7169.0,7172.5
2025-11-21 00:45:00,12100,7177,7161,7172,7176,7179,7162,7173,7178,7178.0,7161.5,7172.5,7177.0
2025-11-21 00:50:00,18700,7187,7172,7176,7176,7189,7173,7178,7178,7188.0,7172.5,7177.0,7177.0
2025-11-21 00:55:00,20300,7179,7160,7176,7165,7182,7162,7178,7167,7180.5,7161.5,7177.0,7166.0
2025-11-21 01:00:00,14000,7165,7147,7165,7151,7168,7149,7167,7152,7166.5,7148.0,7166.0,7151.5
2025-11-21 01:05:00,15000,7158,7149,7151,7155,7161,7150,7153,7158,7159.5,7149.5,7152.0,7156.5
2025-11-21 01:10:00,10900,7168,7153,7155,7167,7170,7155,7157,7169,7169.0,7154.0,7156.0,7168.0
2025-11-21 01:15:00,9400,7176,7165,7167,7171,7178,7168,7169,7173,7177.0,7166.5,7168.0,7172.0
2025-11-21 01:20:00,9400,7181,7170,7171,7179,7183,7172,7173,7181,7182.0,7171.0,7172.0,7180.0
2025-11-21 01:25:00,16700,7193,7179,7179,7193,7195,7181,7181,7195,7194.0,7180.0,7180.0,7194.0
2025-11-21 01:30:00,10900,7196,7183,7193,7189,7197,7185,7195,7191,7196.5,7184.5,7194.0,7190.0
2025-11-21 01:35:00,9600,7197,7183,7189,7196,7199,7184,7191,7198,7198.0,7183.5,7190.0,7197.0
2025-11-21 01:40:00,19900,7203,7194,7196,7195,7205,7195,7198,7196,7204.0,7194.5,7197.0,7195.5
2025-11-21 01:45:00,6700,7200,7192,7195,7192,7202,7193,7196,7194,7201.0,7192.5,7195.5,7193.0
2025-11-21 01:50:00,9700,7193,7185,7192,7186,7194,7187,7194,7188,7193.5,7186.0,7193.0,7187.0
2025-11-21 01:55:00,7500,7187,7178,7186,7185,7189,7180,7188,7188,7188.0,7179.0,7187.0,7186.5
2025-11-21 02:00:00,7300,7185,7176,7185,7180,7188,7178,7188,7181,7186.5,7177.0,7186.5,7180.5
2025-11-21 02:05:00,8800,7181,7169,7180,7169,7183,7170,7181,7170,7182.0,7169.5,7180.5,7169.5
2025-11-21 02:10:00,18400,7175,7168,7168,7171,7177,7169,7170,7172,7175.5,7168.5,7169.0,7171.5
2025-11-21 02:15:00,13000,7176,7164,7171,7167,7177,7165,7172,7169,7176.5,7164.5,7171.5,7168.0
2025-11-21 02:20:00,7300,7168,7153,7167,7159,7169,7155,7169,7160,7168.5,7154.0,7168.0,7159.5
2025-11-21 02:25:00,10800,7166,7154,7159,7158,7168,7157,7160,7161,7167.0,7155.5,7159.5,7159.5
2025-11-21 02:30:00,800,,,,,,,,,,,,
2025-11-21 03:30:00,35700,7184,7161,7161,7180,7185,7161,7161,7182,7184.5,7161.0,7161.0,7181.0
2025-11-21 03:35:00,17600,7190,7176,7180,7182,7191,7178,7182,7184,7190.5,7177.0,7181.0,7183.0
2025-11-21 03:40:00,8100,7184,7177,7182,7180,7186,7179,7184,7182,7185.0,7178.0,7183.0,7181.0
2025-11-21 03:45:00,8300,7186,7180,7180,7182,7187,7182,7182,7184,7186.5,7181.0,7181.0,7183.0
2025-11-21 03:50:00,11700,7184,7177,7182,7181,7186,7178,7184,7183,7185.0,7177.5,7183.0,7182.0
2025-11-21 03:55:00,9300,7190,7177,7181,7184,7191,7179,7183,7185,7190.5,7178.0,7182.0,7184.5
2025-11-21 04:00:00,18700,7187,7178,7184,7181,7189,7179,7185,7182,7188.0,7178.5,7184.5,7181.5
2025-11-21 04:05:00,10200,7182,7174,7181,7179,7183,7176,7182,7181,7182.5,7175.0,7181.5,7180.0
2025-11-21 04:10:00,9000,7190,7179,7179,7190,7193,7181,7181,7192,7191.5,7180.0,7180.0,7191.0
2025-11-21 04:15:00,20000,7191,7180,7190,7187,7193,7182,7191,7189,7192.0,7181.0,7190.5,7188.0
2025-11-21 04:20:00,6100,7190,7184,7187,7189,7193,7186,7189,7191,7191.5,7185.0,7188.0,7190.0
2025-11-21 04:25:00,18400,7202,7187,7189,7200,7204,7189,7191,7202,7203.0,7188.0,7190.0,7201.0
2025-11-21 04:30:00,8300,7203,7194,7200,7196,7204,7195,7202,7199,7203.5,7194.5,7201.0,7197.5
2025-11-21 04:35:00,6500,7198,7191,7196,7191,7200,7192,7199,7193,7199.0,7191.5,7197.5,7192.0
2025-11-21 04:40:00,9700,7201,7190,7191,7192,7202,7192,7193,7195,7201.5,7191.0,7192.0,7193.5
2025-11-21 04:45:00,9900,7196,7187,7193,7191,7198,7189,7195,7193,7197.0,7188.0,7194.0,7192.0
2025-11-21 04:50:00,8900,7197,7184,7191,7197,7199,7185,7193,7199,7198.0,7184.5,7192.0,7198.0
2025-11-21 04:55:00,11500,7202,7197,7197,7199,7203,7198,7199,7201,7202.5,7197.5,7198.0,7200.0
2025-11-21 05:00:00,21700,7204,7197,7199,7201,7205,7199,7200,7203,7204.5,7198.0,7199.5,7202.0
2025-11-21 05:05:00,8100,7203,7198,7201,7200,7204,7200,7203,7202,7203.5,7199.0,7202.0,7201.0
2025-11-21 05:10:00,33000,7216,7198,7200,7210,7217,7201,7202,7212,7216.5,7200.0,7201.0,7211.0
2025-11-21 05:15:00,17700,7231,7210,7210,7224,7232,7212,7212,7226,7231.5,7211.0,7211.0,7225.0
2025-11-21 05:20:00,11000,7227,7221,7224,7224,7229,7222,7226,7226,7227.5,7221.5,7225.0,7225.0
2025-11-21 05:25:00,15600,7231,7219,7224,7226,7232,7221,7225,7227,7231.5,7220.0,7224.5,7226.5
2025-11-21 05:30:00,23000,7231,7223,7226,7223,7232,7225,7227,7225,7231.5,7224.0,7226.5,7224.0
2025-11-21 05:35:00,19100,7228,7220,7223,7228,7229,7221,7225,7229,7228.5,7220.5,7224.0,7228.5
2025-11-21 05:40:00,34000,7237,7225,7228,7236,7238,7227,7229,7238,7237.5,7226.0,7228.5,7237.0
2025-11-21 05:45:00,16800,7239,7233,7236,7233,7240,7234,7238,7235,7239.5,7233.5,7237.0,7234.0
2025-11-21 05:50:00,22200,7235,7227,7233,7227,7237,7228,7235,7230,7236.0,7227.5,7234.0,7228.5
2025-11-21 05:55:00,17000,7234,7226,7227,7233,7235,7229,7230,7235,7234.5,7227.5,7228.5,7234.0
2025-11-21 06:00:00,20800,7238,7229,7233,7238,7240,7231,7235,7240,7239.0,7230.0,7234.0,7239.0
2025-11-21 06:05:00,23300,7241,7223,7238,7224,7242,7225,7240,7226,7241.5,7224.0,7239.0,7225.0
2025-11-21 06:10:00,29700,7226,7213,7224,7224,7227,7216,7226,7226,7226.5,7214.5,7225.0,7225.0
2025-11-21 06:15:00,23500,7232,7221,7224,7222,7233,7223,7226,7224,7232.5,7222.0,7225.0,7223.0
2025-11-21 06:20:00,21300,7237,7222,7222,7231,7238,7224,7224,7235,7237.5,7223.0,7223.0,7233.0
2025-11-21 06:25:00,,7373,6850,6908,7221,7374,6851,6909,7222,7373.5,6850.5,6908.5,7221.5
2025-11-21 06:30:00,2220100,7221,7221,7221,7221,7230,7230,7230,7230,7225.5,7225.5,7225.5,7225.5
2025-11-25 00:00:00,230200,7283,7230,7269,7268,7284,7244,7270,7270,7283.5,7241.5,7269.5,7269.0
2025-11-25 00:05:00,30800,7275,7256,7268,7256,7276,7257,7270,7259,7275.5,7256.5,7269.0,7257.5
2025-11-25 00:10:00,46500,7257,7210,7256,7212,7259,7212,7259,7215,7258.0,7211.0,7257.5,7213.5
2025-11-25 00:15:00,29700,7231,7203,7212,7230,7232,7207,7215,7231,7231.5,7205.0,7213.5,7230.5
2025-11-25 00:20:00,28400,7232,7210,7230,7230,7234,7211,7231,7233,7233.0,7210.5,7230.5,7231.5
2025-11-25 00:25:00,13000,7230,7215,7230,7222,7233,7217,7233,7224,7231.5,7216.0,7231.5,7223.0
2025-11-25 00:30:00,12400,7239,7221,7222,7237,7240,7223,7224,7239,7239.5,7222.0,7223.0,7238.0
2025-11-25 00:35:00,15000,7243,7230,7237,7231,7246,7232,7239,7234,7244.5,7231.0,7238.0,7232.5
2025-11-25 00:40:00,9000,7235,7227,7231,7230,7237,7229,7234,7232,7236.0,7228.0,7232.5,7231.0
2025-11-25 00:45:00,12700,7240,7229,7230,7238,7242,7230,7232,7240,7241.0,7229.5,7231.0,7239.0
2025-11-25 00:50:00,20700,7238,7212,7238,7212,7240,7214,7240,7214,7239.0,7213.0,7239.0,7213.0
2025-11-25 00:55:00,18600,7219,7203,7212,7206,7220,7205,7214,7208,7219.5,7204.0,7213.0,7207.0
2025-11-25 01:00:00,19000,7224,7202,7206,7223,7225,7203,7208,7225,7224.5,7202.5,7207.0,7224.0
2025-11-25 01:05:00,11900,7227,7215,7223,7220,7228,7217,7225,7223,7227.5,7216.0,7224.0,7221.5
2025-11-25 01:10:00,20000,7225,7204,7220,7214,7228,7206,7223,7216,7226.0,7205.0,7221.5,7215.0
2025-11-25 01:15:00,8400,7217,7212,7214,7213,7219,7213,7216,7216,7218.0,7212.5,7215.0,7214.5
2025-11-25 01:20:00,13200,7237,7213,7213,7237,7240,7216,7216,7239,7238.5,7214.5,7214.5,7238.0
2025-11-25 01:25:00,9600,7243,7235,7237,7235,7244,7237,7239,7237,7243.5,7236.0,7238.0,7236.0
2025-11-25 01:30:00,14800,7236,7226,7235,7230,7237,7229,7237,7232,7236.5,7227.5,7236.0,7231.0
2025-11-25 01:35:00,9500,7232,7219,7230,7219,7233,7220,7232,7221,7232.5,7219.5,7231.0,7220.0
2025-11-25 01:40:00,15200,7219,7207,7219,7207,7221,7209,7221,7209,7220.0,7208.0,7220.0,7208.0
2025-11-25 01:45:00,16700,7213,7204,7207,7210,7215,7206,7209,7211,7214.0,7205.0,7208.0,7210.5
2025-11-25 01:50:00,16300,7213,7205,7210,7209,7214,7209,7211,7211,7213.5,7207.0,7210.5,7210.0
2025-11-25 01:55:00,12400,7212,7206,7209,7208,7214,7209,7211,7210,7213.0,7208.5,7210.0,7209.0
2025-11-25 02:00:00,13300,7212,7200,7208,7211,7213,7203,7210,7213,7212.5,7202.0,7209.0,7212.0
2025-11-25 02:05:00,14800,7211,7201,7211,7201,7213,7203,7213,7203,7212.0,7202.0,7212.0,7202.0
2025-11-25 02:10:00,13400,7221,7200,7201,7220,7222,7202,7203,7221,7221.5,7201.0,7202.0,7220.5
2025-11-25 02:15:00,13200,7231,7218,7220,7221,7233,7219,7221,7223,7231.5,7218.5,7220.5,7222.0
2025-11-25 02:20:00,6500,7224,7214,7221,7215,7225,7216,7223,7216,7224.5,7215.5,7222.0,7215.5
2025-11-25 02:25:00,13900,7217,7210,7215,7215,7219,7211,7216,7217,7217.5,7210.5,7215.5,7216.0
2025-11-25 02:30:00,500,,,,,,,,,,,,
2025-11-25 03:30:00,41900,7232,7208,7227,7215,7244,7209,7228,7216,7233.5,7208.5,7227.5,7215.5
2025-11-25 03:35:00,21600,7216,7201,7215,7208,7217,7204,7216,7210,7216.5,7202.5,7215.5,7209.0
2025-11-25 03:40:00,17000,7217,7203,7208,7211,7218,7205,7210,7213,7217.5,7204.0,7209.0,7212.0
2025-11-25 03:45:00,22900,7212,7195,7211,7197,7213,7196,7213,7199,7212.5,7195.5,7212.0,7198.0
2025-11-25 03:50:00,15500,7206,7197,7197,7205,7207,7198,7199,7206,7206.5,7197.5,7198.0,7205.5
2025-11-25 03:55:00,7000,7205,7198,7205,7205,7206,7199,7206,7206,7205.5,7198.5,7205.5,7205.5
2025-11-25 04:00:00,12000,7219,7205,7205,7219,7220,7206,7206,7220,7219.5,7205.5,7205.5,7219.5
2025-11-25 04:05:00,14900,7228,7219,7219,7221,7230,7220,7220,7223,7229.0,7219.5,7219.5,7222.0
2025-11-25 04:10:00,12000,7230,7221,7221,7225,7231,7223,7223,7227,7230.5,7222.0,7222.0,7226.0
2025-11-25 04:15:00,7200,7231,7225,7225,7228,7232,7227,7227,7230,7231.5,7226.0,7226.0,7229.0
2025-11-25 04:20:00,9300,7233,7227,7228,7231,7234,7229,7230,7232,7233.5,7228.0,7229.0,7231.5
2025-11-25 04:25:00,7000,7236,7231,7231,7236,7237,7232,7232,7237,7236.5,7231.5,7231.5,7236.5
2025-11-25 04:30:00,9000,7238,7230,7236,7232,7239,7232,7237,7234,7238.5,7231.0,7236.5,7233.0
2025-11-25 04:35:00,10000,7233,7224,7232,7229,7234,7226,7234,7231,7233.5,7225.0,7233.0,7230.0
2025-11-25 04:40:00,8300,7234,7229,7229,7232,7235,7231,7231,7233,7234.5,7230.0,7230.0,7232.5
2025-11-25 04:45:00,12900,7237,7231,7232,7236,7238,7232,7233,7237,7237.5,7231.5,7232.5,7236.5
2025-11-25 04:50:00,7900,7237,7231,7236,7233,7238,7233,7237,7234,7237.5,7232.0,7236.5,7233.5
2025-11-25 04:55:00,5900,7234,7230,7233,7233,7235,7232,7234,7234,7234.5,7231.0,7233.5,7233.5
2025-11-25 05:00:00,8000,7235,7231,7233,7232,7236,7233,7234,7233,7235.5,7232.0,7233.5,7232.5
2025-11-25 05:05:00,7400,7233,7230,7232,7231,7234,7231,7233,7233,7233.5,7230.5,7232.5,7232.0
2025-11-25 05:10:00,5400,7231,7226,7231,7226,7233,7227,7233,7228,7232.0,7226.5,7232.0,7227.0
2025-11-25 05:15:00,12200,7228,7220,7226,7227,7229,7223,7228,7229,7228.5,7221.5,7227.0,7228.0
2025-11-25 05:20:00,6700,7227,7218,7227,7218,7229,7220,7229,7220,7228.0,7219.0,7228.0,7219.0
2025-11-25 05:25:00,18900,7218,7206,7218,7214,7220,7208,7220,7215,7219.0,7207.0,7219.0,7214.5
2025-11-25 05:30:00,12900,7220,7213,7214,7220,7221,7214,7215,7221,7220.5,7213.5,7214.5,7220.5
2025-11-25 05:35:00,11400,7220,7213,7220,7217,7221,7215,7221,7218,7220.5,7214.0,7220.5,7217.5
2025-11-25 05:40:00,12900,7217,7208,7217,7213,7218,7210,7218,7214,7217.5,7209.0,7217.5,7213.5
2025-11-25 05:45:00,18900,7214,7197,7213,7198,7215,7199,7214,7199,7214.5,7198.0,7213.5,7198.5
2025-11-25 05:50:00,20400,7199,7188,7198,7188,7200,7189,7199,7190,7199.5,7188.5,7198.5,7189.0
2025-11-25 05:55:00,28300,7198,7182,7189,7190,7199,7184,7190,7191,7198.5,7183.0,7189.5,7190.5
2025-11-25 06:00:00,24200,7193,7181,7190,7192,7194,7182,7191,7193,7193.5,7181.5,7190.5,7192.5
2025-11-25 06:05:00,18300,7193,7181,7192,7189,7194,7182,7193,7191,7193.5,7181.5,7192.5,7190.0
2025-11-25 06:10:00,10900,7191,7188,7189,7190,7192,7189,7191,7191,7191.5,7188.5,7190.0,7190.5
2025-11-25 06:15:00,23800,7199,7183,7190,7195,7200,7186,7191,7197,7199.5,7184.5,7190.5,7196.0
2025-11-25 06:20:00,39700,7199,7191,7195,7198,7201,7192,7197,7200,7200.0,7191.5,7196.0,7199.0
2025-11-25 06:25:00,,7219,7143,7197,7188,7220,7144,7198,7189,7219.5,7143.5,7197.5,7188.5
2025-11-25 06:30:00,517400,7187,7187,7187,7187,7197,7197,7197,7197,7192.0,7192.0,7192.0,7192.0
2025-11-26 00:00:00,330500,7299,7204,7253,7265,7305,7207,7254,7267,7302.0,7206.0,7253.5,7266.0
2025-11-26 00:05:00,56900,7265,7238,7265,7255,7267,7240,7267,7257,7266.0,7239.0,7266.0,7256.0
2025-11-26 00:10:00,36800,7263,7245,7255,7257,7264,7246,7257,7259,7263.5,7245.5,7256.0,7258.0
2025-11-26 00:15:00,34300,7270,7256,7256,7260,7272,7258,7259,7263,7271.0,7257.0,7257.5,7261.5
2025-11-26 00:20:00,17800,7262,7243,7260,7245,7264,7246,7263,7248,7263.0,7245.0,7261.5,7246.5
2025-11-26 00:25:00,21200,7253,7241,7245,7247,7254,7243,7248,7250,7253.5,7242.5,7246.5,7248.5
2025-11-26 00:30:00,20000,7252,7240,7247,7251,7253,7241,7250,7253,7252.5,7240.5,7248.5,7252.0
2025-11-26 00:35:00,27500,7272,7251,7251,7267,7275,7253,7253,7268,7273.5,7252.0,7252.0,7267.5
2025-11-26 00:40:00,16400,7269,7259,7267,7264,7271,7260,7268,7265,7270.0,7259.5,7267.5,7264.5
2025-11-26 00:45:00,19200,7283,7263,7264,7283,7284,7264,7265,7284,7283.5,7263.5,7264.5,7283.5
2025-11-26 00:50:00,13500,7289,7281,7283,7287,7290,7282,7284,7288,7289.5,7281.5,7283.5,7287.5
2025-11-26 00:55:00,18100,7289,7282,7287,7287,7290,7283,7288,7289,7289.5,7282.5,7287.5,7288.0
2025-11-26 01:00:00,24400,7299,7286,7287,7295,7300,7287,7289,7297,7299.5,7286.5,7288.0,7296.0
2025-11-26 01:05:00,22200,7304,7295,7295,7300,7305,7297,7297,7303,7304.5,7296.0,7296.0,7301.5
2025-11-26 01:10:00,17700,7303,7293,7300,7294,7305,7294,7303,7296,7304.0,7293.5,7301.5,7295.0
2025-11-26 01:15:00,18500,7307,7294,7294,7299,7309,7296,7296,7301,7308.0,7295.0,7295.0,7300.0
2025-11-26 01:20:00,15600,7305,7297,7299,7297,7307,7298,7301,7298,7306.0,7297.5,7300.0,7297.5
2025-11-26 01:25:00,14900,7304,7295,7297,7299,7305,7297,7298,7302,7304.5,7296.0,7297.5,7300.5
2025-11-26 01:30:00,36200,7307,7292,7299,7297,7309,7294,7302,7299,7308.0,7293.0,7300.5,7298.0
2025-11-26 01:35:00,8400,7298,7292,7297,7293,7300,7294,7299,7295,7299.0,7293.0,7298.0,7294.0
2025-11-26 01:40:00,17700,7306,7290,7293,7305,7307,7291,7295,7307,7306.5,7290.5,7294.0,7306.0
2025-11-26 01:45:00,13300,7306,7297,7305,7301,7307,7299,7307,7303,7306.5,7298.0,7306.0,7302.0
2025-11-26 01:50:00,8200,7303,7294,7301,7303,7305,7297,7303,7305,7304.0,7295.5,7302.0,7304.0
2025-11-26 01:55:00,8700,7303,7298,7303,7299,7305,7301,7305,7301,7304.0,7299.5,7304.0,7300.0
2025-11-26 02:00:00,17300,7308,7296,7299,7308,7309,7299,7301,7309,7308.5,7297.5,7300.0,7308.5
2025-11-26 02:05:00,16000,7309,7305,7308,7305,7310,7307,7309,7307,7309.5,7306.0,7308.5,7306.0
2025-11-26 02:10:00,16900,7311,7301,7305,7311,7312,7303,7307,7312,7311.5,7302.0,7306.0,7311.5
2025-11-26 02:15:00,15800,7311,7305,7311,7308,7312,7307,7312,7311,7311.5,7306.5,7311.5,7309.5
2025-11-26 02:20:00,11100,7310,7302,7308,7308,7312,7304,7311,7310,7311.0,7303.0,7309.5,7309.0
2025-11-26 02:25:00,12600,7309,7302,7308,7302,7310,7304,7310,7304,7309.5,7303.0,7309.0,7303.0
2025-11-26 02:30:00,1000,7302,7302,7302,7302,7305,7305,7305,7305,7303.5,7303.5,7303.5,7303.5
2025-11-26 03:30:00,41700,7306,7291,7306,7304,7310,7293,7310,7305,7308.0,7292.0,7308.0,7304.5
2025-11-26 03:35:00,14400,7307,7299,7304,7306,7308,7301,7305,7308,7307.5,7300.0,7304.5,7307.0
2025-11-26 03:40:00,32200,7316,7302,7306,7311,7317,7304,7308,7313,7316.5,7303.0,7307.0,7312.0
2025-11-26 03:45:00,12800,7312,7307,7311,7312,7314,7308,7313,7314,7313.0,7307.5,7312.0,7313.0
2025-11-26 03:50:00,9100,7312,7307,7312,7312,7314,7308,7314,7314,7313.0,7307.5,7313.0,7313.0
2025-11-26 03:55:00,15900,7316,7311,7312,7312,7317,7312,7314,7313,7316.5,7311.5,7313.0,7312.5
2025-11-26 04:00:00,14500,7317,7311,7312,7316,7318,7312,7313,7317,7317.5,7311.5,7312.5,7316.5
2025-11-26 04:05:00,11700,7319,7314,7316,7315,7320,7316,7317,7316,7319.5,7315.0,7316.5,7315.5
2025-11-26 04:10:00,47200,7320,7311,7315,7318,7324,7312,7316,7320,7321.0,7311.5,7315.5,7319.0
2025-11-26 04:15:00,9600,7319,7311,7318,7318,7320,7314,7320,7320,7319.5,7312.5,7319.0,7319.0
2025-11-26 04:20:00,8800,7320,7315,7318,7316,7321,7317,7320,7317,7320.5,7316.0,7319.0,7316.5
2025-11-26 04:25:00,15500,7317,7312,7316,7317,7318,7313,7317,7318,7317.5,7312.5,7316.5,7317.5
2025-11-26 04:30:00,8900,7318,7313,7317,7315,7319,7314,7319,7317,7318.5,7313.5,7318.0,7316.0
2025-11-26 04:35:00,15500,7325,7315,7315,7321,7328,7317,7317,7323,7326.5,7316.0,7316.0,7322.0
2025-11-26 04:40:00,10600,7321,7314,7321,7314,7323,7316,7323,7316,7322.0,7315.0,7322.0,7315.0
2025-11-26 04:45:00,12900,7316,7312,7314,7314,7317,7314,7316,7316,7316.5,7313.0,7315.0,7315.0
2025-11-26 04:50:00,5900,7315,7313,7314,7314,7316,7314,7316,7316,7315.5,7313.5,7315.0,7315.0
2025-11-26 04:55:00,13900,7319,7314,7314,7319,7320,7316,7316,7320,7319.5,7315.0,7315.0,7319.5
2025-11-26 05:00:00,12200,7322,7317,7319,7317,7323,7318,7320,7318,7322.5,7317.5,7319.5,7317.5
2025-11-26 05:05:00,7500,7322,7317,7317,7322,7324,7318,7318,7324,7323.0,7317.5,7317.5,7323.0
2025-11-26 05:10:00,23500,7326,7315,7322,7317,7327,7317,7324,7318,7326.5,7316.0,7323.0,7317.5
2025-11-26 05:15:00,5400,7319,7316,7317,7316,7320,7317,7318,7317,7319.5,7316.5,7317.5,7316.5
2025-11-26 05:20:00,18400,7318,7312,7316,7315,7319,7314,7317,7316,7318.5,7313.0,7316.5,7315.5
2025-11-26 05:25:00,12200,7316,7310,7315,7312,7317,7312,7316,7313,7316.5,7311.0,7315.5,7312.5
2025-11-26 05:30:00,14500,7316,7311,7312,7316,7318,7312,7313,7318,7317.0,7311.5,7312.5,7317.0
2025-11-26 05:35:00,23600,7320,7316,7316,7317,7321,7318,7318,7319,7320.5,7317.0,7317.0,7318.0
2025-11-26 05:40:00,16400,7322,7317,7317,7322,7324,7319,7319,7323,7323.0,7318.0,7318.0,7322.5
2025-11-26 05:45:00,19000,7328,7320,7322,7327,7329,7321,7323,7329,7328.5,7320.5,7322.5,7328.0
2025-11-26 05:50:00,17000,7328,7316,7327,7316,7329,7317,7329,7318,7328.5,7316.5,7328.0,7317.0
2025-11-26 05:55:00,14100,7317,7313,7316,7316,7318,7315,7318,7317,7317.5,7314.0,7317.0,7316.5
2025-11-26 06:00:00,18800,7316,7311,7316,7315,7317,7312,7317,7316,7316.5,7311.5,7316.5,7315.5
2025-11-26 06:05:00,35200,7315,7307,7315,7312,7316,7308,7316,7313,7315.5,7307.5,7315.5,7312.5
2025-11-26 06:10:00,17300,7312,7302,7312,7303,7313,7304,7313,7304,7312.5,7303.5,7312.5,7303.5
2025-11-26 06:15:00,22800,7305,7300,7303,7305,7307,7302,7304,7306,7306.0,7301.0,7303.5,7305.5
2025-11-26 06:20:00,35900,7305,7291,7305,7299,7306,7294,7306,7302,7305.5,7292.5,7305.5,7300.5
2025-11-26 06:25:00,,7325,7200,7319,7290,7326,7201,7320,7291,7325.5,7200.5,7319.5,7290.5
2025-11-26 06:30:00,567000,7289,7289,7289,7289,7298,7298,7298,7298,7293.5,7293.5,7293.5,7293.5
2025-11-27 00:00:00,214500,7273,7212,7218,7270,7290,7217,7219,7272,7275.5,7216.5,7218.5,7271.0
2025-11-27 00:05:00,36500,7284,7251,7270,7256,7287,7254,7272,7258,7285.5,7252.5,7271.0,7257.0
2025-11-27 00:10:00,25300,7272,7256,7256,7262,7274,7258,7258,7263,7273.0,7257.0,7257.0,7262.5
2025-11-27 00:15:00,17400,7265,7256,7262,7263,7267,7258,7263,7265,7265.5,7257.0,7262.5,7264.0
2025-11-27 00:20:00,15300,7268,7261,7263,7263,7269,7263,7265,7265,7268.5,7262.5,7264.0,7264.0
2025-11-27 00:25:00,17500,7266,7254,7263,7263,7267,7256,7265,7265,7266.5,7255.0,7264.0,7264.0
2025-11-27 00:30:00,24200,7276,7261,7264,7275,7278,7263,7265,7277,7277.0,7262.0,7264.5,7276.0
2025-11-27 00:35:00,9700,7277,7271,7275,7274,7279,7272,7277,7276,7278.0,7271.5,7276.0,7275.0
2025-11-27 00:40:00,18300,7287,7270,7274,7287,7288,7271,7276,7288,7287.5,7270.5,7275.0,7287.5
2025-11-27 00:45:00,17700,7296,7285,7287,7295,7297,7286,7288,7296,7296.5,7285.5,7287.5,7295.5
2025-11-27 00:50:00,15800,7302,7294,7295,7297,7303,7296,7296,7299,7302.5,7295.0,7295.5,7298.0
2025-11-27 00:55:00,16700,7307,7297,7297,7305,7309,7298,7299,7307,7308.0,7297.5,7298.0,7306.0
2025-11-27 01:00:00,15500,7309,7302,7305,7305,7310,7303,7307,7307,7309.5,7302.5,7306.0,7306.0
2025-11-27 01:05:00,17500,7310,7301,7305,7302,7311,7303,7307,7303,7310.5,7302.0,7306.0,7302.5
2025-11-27 01:10:00,15500,7307,7298,7302,7300,7309,7299,7303,7301,7308.0,7298.5,7302.5,7300.5
2025-11-27 01:15:00,14100,7302,7294,7300,7297,7303,7295,7301,7299,7302.5,7294.5,7300.5,7298.0
2025-11-27 01:20:00,12100,7301,7290,7297,7295,7302,7291,7299,7297,7301.5,7290.5,7298.0,7296.0
2025-11-27 01:25:00,9400,7298,7290,7295,7291,7300,7291,7297,7292,7299.0,7290.5,7296.0,7291.5
2025-11-27 01:30:00,12100,7291,7282,7291,7291,7293,7284,7292,7293,7292.0,7283.0,7291.5,7292.0
2025-11-27 01:35:00,13000,7295,7288,7291,7294,7297,7290,7293,7297,7296.0,7289.0,7292.0,7295.5
2025-11-27 01:40:00,9500,7296,7285,7294,7286,7297,7287,7297,7287,7296.5,7286.0,7295.5,7286.5
2025-11-27 01:45:00,8700,7286,7281,7286,7283,7288,7282,7287,7284,7287.0,7281.5,7286.5,7283.5
2025-11-27 01:50:00,7400,7289,7282,7283,7288,7290,7283,7284,7290,7289.5,7282.5,7283.5,7289.0
2025-11-27 01:55:00,10600,7293,7285,7288,7286,7295,7287,7290,7288,7294.0,7286.0,7289.0,7287.0
2025-11-27 02:00:00,9300,7287,7273,7286,7273,7288,7274,7288,7274,7287.5,7273.5,7287.0,7273.5
2025-11-27 02:05:00,6700,7274,7270,7273,7271,7275,7271,7274,7273,7274.5,7270.5,7273.5,7272.0
2025-11-27 02:10:00,8300,7271,7268,7271,7270,7273,7269,7273,7272,7272.0,7268.5,7272.0,7271.0
2025-11-27 02:15:00,6500,7278,7270,7270,7278,7279,7272,7272,7279,7278.5,7271.0,7271.0,7278.5
2025-11-27 02:20:00,5000,7280,7277,7278,7279,7281,7278,7279,7281,7280.5,7277.5,7278.5,7280.0
2025-11-27 02:25:00,7700,7280,7270,7279,7271,7281,7272,7281,7272,7280.5,7271.0,7280.0,7271.5
2025-11-27 02:30:00,1200,7271,7271,7271,7271,7273,7273,7273,7273,7272.0,7272.0,7272.0,7272.0
2025-11-27 03:30:00,44800,7294,7265,7265,7284,7296,7265,7265,7286,7295.0,7265.0,7265.0,7285.0
2025-11-27 03:35:00,11500,7284,7272,7284,7272,7286,7273,7286,7274,7285.0,7272.5,7285.0,7273.0
2025-11-27 03:40:00,7500,7274,7271,7272,7273,7275,7272,7274,7275,7274.5,7271.5,7273.0,7274.0
2025-11-27 03:45:00,18900,7274,7263,7273,7264,7275,7264,7275,7266,7274.5,7263.5,7274.0,7265.0
2025-11-27 03:50:00,14100,7270,7264,7264,7265,7272,7266,7266,7267,7271.0,7265.0,7265.0,7266.0
2025-11-27 03:55:00,5600,7266,7263,7265,7263,7268,7264,7267,7264,7267.0,7263.5,7266.0,7263.5
2025-11-27 04:00:00,21100,7276,7260,7263,7271,7277,7261,7264,7273,7276.5,7260.5,7263.5,7272.0
2025-11-27 04:05:00,5600,7275,7272,7272,7273,7276,7273,7273,7275,7275.5,7272.5,7272.5,7274.0
2025-11-27 04:10:00,8800,7274,7272,7273,7274,7276,7273,7275,7275,7275.0,7272.5,7274.0,7274.5
2025-11-27 04:15:00,15800,7277,7273,7274,7274,7279,7274,7275,7276,7278.0,7273.5,7274.5,7275.0
2025-11-27 04:20:00,13300,7280,7274,7274,7275,7281,7275,7276,7276,7280.5,7274.5,7275.0,7275.5
2025-11-27 04:25:00,15100,7281,7275,7275,7280,7283,7276,7276,7281,7282.0,7275.5,7275.5,7280.5
2025-11-27 04:30:00,8600,7281,7274,7280,7277,7282,7276,7281,7279,7281.5,7275.0,7280.5,7278.0
2025-11-27 04:35:00,7200,7279,7274,7277,7278,7280,7276,7279,7280,7279.5,7275.0,7278.0,7279.0
2025-11-27 04:40:00,3300,7278,7277,7278,7277,7280,7278,7280,7278,7279.0,7277.5,7279.0,7277.5
2025-11-27 04:45:00,13700,7278,7270,7277,7277,7279,7271,7278,7279,7278.5,7270.5,7277.5,7278.0
2025-11-27 04:50:00,6900,7279,7276,7277,7276,7281,7277,7280,7278,7280.0,7276.5,7278.5,7277.0
2025-11-27 04:55:00,6700,7279,7276,7276,7279,7281,7277,7278,7281,7280.0,7276.5,7277.0,7280.0
2025-11-27 05:00:00,8300,7281,7278,7279,7278,7282,7279,7281,7279,7281.5,7278.5,7280.0,7278.5
2025-11-27 05:05:00,10300,7280,7273,7278,7274,7281,7275,7279,7276,7280.5,7274.0,7278.5,7275.0
2025-11-27 05:10:00,7900,7277,7273,7274,7276,7279,7274,7276,7277,7278.0,7273.5,7275.0,7276.5
2025-11-27 05:15:00,7300,7280,7276,7276,7276,7281,7277,7277,7277,7280.5,7276.5,7276.5,7276.5
2025-11-27 05:20:00,10400,7277,7273,7276,7275,7279,7274,7277,7276,7278.0,7273.5,7276.5,7275.5
2025-11-27 05:25:00,30200,7283,7274,7275,7282,7284,7275,7276,7284,7283.5,7274.5,7275.5,7283.0
2025-11-27 05:30:00,19700,7284,7280,7282,7283,7285,7281,7284,7285,7284.5,7280.5,7283.0,7284.0
2025-11-27 05:35:00,20100,7287,7279,7284,7280,7288,7280,7285,7281,7287.5,7279.5,7284.5,7280.5
2025-11-27 05:40:00,8800,7283,7279,7280,7283,7284,7280,7281,7284,7283.5,7279.5,7280.5,7283.5
2025-11-27 05:45:00,15000,7289,7283,7283,7287,7290,7284,7284,7288,7289.5,7283.5,7283.5,7287.5
2025-11-27 05:50:00,22600,7287,7281,7287,7287,7289,7282,7288,7289,7288.0,7281.5,7287.5,7288.0
2025-11-27 05:55:00,15600,7296,7287,7287,7295,7297,7288,7289,7296,7296.5,7287.5,7288.0,7295.5
2025-11-27 06:00:00,20300,7297,7290,7295,7292,7298,7292,7296,7294,7297.5,7291.0,7295.5,7293.0
2025-11-27 06:05:00,19200,7297,7289,7292,7291,7298,7290,7294,7292,7297.5,7289.5,7293.0,7291.5
2025-11-27 06:10:00,12300,7294,7290,7291,7290,7295,7291,7292,7291,7294.5,7290.5,7291.5,7290.5
2025-11-27 06:15:00,18100,7290,7285,7290,7289,7291,7286,7291,7290,7290.5,7285.5,7290.5,7289.5
2025-11-27 06:20:00,29100,7298,7283,7289,7297,7300,7284,7290,7299,7298.5,7283.5,7289.5,7298.0
2025-11-27 06:25:00,,7374,7225,7331,7287,7375,7226,7331,7288,7374.5,7225.5,7331.0,7287.5
2025-11-27 06:30:00,355000,7286,7286,7286,7286,7297,7297,7297,7297,7291.5,7291.5,7291.5,7291.5
2025-11-28 00:00:00,94700,7298,7250,7286,7298,7300,7258,7287,7300,7299.0,7254.5,7286.5,7299.0
2025-11-28 00:05:00,20000,7304,7287,7298,7289,7305,7289,7300,7291,7304.5,7288.0,7299.0,7290.0
2025-11-28 00:10:00,23500,7293,7269,7289,7273,7295,7270,7291,7275,7294.0,7269.5,7290.0,7274.0
2025-11-28 00:15:00,12500,7284,7273,7273,7280,7285,7275,7275,7283,7284.5,7274.0,7274.0,7281.5
2025-11-28 00:20:00,9300,7285,7276,7280,7283,7286,7277,7283,7286,7285.5,7276.5,7281.5,7284.5
2025-11-28 00:25:00,17500,7300,7283,7283,7292,7303,7284,7286,7295,7301.5,7283.5,7284.5,7293.5
2025-11-28 00:30:00,6700,7294,7287,7292,7287,7295,7289,7295,7289,7294.5,7288.0,7293.5,7288.0
2025-11-28 00:35:00,8300,7292,7286,7287,7287,7293,7287,7289,7290,7292.5,7286.5,7288.0,7288.5
2025-11-28 00:40:00,9300,7294,7286,7287,7293,7296,7289,7290,7296,7295.0,7287.5,7288.5,7294.5
2025-11-28 00:45:00,4200,7298,7291,7293,7298,7299,7293,7296,7299,7298.5,7292.0,7294.5,7298.5
2025-11-28 00:50:00,16100,7311,7298,7298,7311,7312,7299,7299,7312,7311.5,7298.5,7298.5,7311.5
2025-11-28 00:55:00,7300,7313,7308,7311,7313,7315,7310,7312,7315,7314.0,7309.0,7311.5,7314.0
2025-11-28 01:00:00,7600,7314,7308,7313,7310,7315,7310,7315,7312,7314.5,7309.0,7314.0,7311.0
2025-11-28 01:05:00,8100,7313,7303,7311,7308,7314,7305,7312,7310,7313.5,7304.0,7311.5,7309.0
2025-11-28 01:10:00,11900,7319,7308,7308,7318,7320,7310,7310,7320,7319.5,7309.0,7309.0,7319.0
2025-11-28 01:15:00,8700,7323,7318,7318,7323,7325,7319,7320,7325,7324.0,7318.5,7319.0,7324.0
2025-11-28 01:20:00,10200,7327,7323,7323,7326,7329,7325,7325,7328,7328.0,7324.0,7324.0,7327.0
2025-11-28 01:25:00,5000,7327,7322,7326,7326,7328,7325,7328,7328,7327.5,7323.5,7327.0,7327.0
2025-11-28 01:30:00,13700,7334,7322,7326,7334,7336,7324,7327,7336,7335.0,7323.0,7326.5,7335.0
2025-11-28 01:35:00,10000,7336,7324,7334,7324,7337,7326,7336,7326,7336.5,7325.0,7335.0,7325.0
2025-11-28 01:40:00,5300,7325,7320,7324,7321,7327,7321,7326,7323,7325.5,7320.5,7325.0,7322.0
2025-11-28 01:45:00,8400,7326,7321,7321,7321,7327,7322,7323,7323,7326.5,7321.5,7322.0,7322.0
2025-11-28 01:50:00,4800,7321,7317,7321,7318,7324,7318,7323,7320,7322.5,7317.5,7322.0,7319.0
2025-11-28 01:55:00,4400,7323,7316,7318,7317,7324,7319,7320,7319,7323.5,7317.5,7319.0,7318.0
2025-11-28 02:00:00,4900,7317,7312,7317,7314,7319,7314,7319,7316,7318.0,7313.0,7318.0,7315.0
2025-11-28 02:05:00,2900,7317,7312,7314,7312,7319,7313,7316,7314,7318.0,7312.5,7315.0,7313.0
2025-11-28 02:10:00,4000,7314,7309,7312,7311,7316,7310,7314,7312,7315.0,7309.5,7313.0,7311.5
2025-11-28 02:15:00,6300,7318,7311,7311,7314,7320,7312,7312,7315,7319.0,7311.5,7311.5,7314.5
2025-11-28 02:20:00,2900,7316,7311,7314,7316,7317,7313,7315,7317,7316.5,7312.0,7314.5,7316.5
2025-11-28 02:25:00,5600,7318,7315,7316,7316,7320,7316,7318,7320,7319.0,7315.5,7317.0,7318.0
2025-11-28 02:30:00,1900,7316,7316,7316,7316,7322,7322,7322,7322,7319.0,7319.0,7319.0,7319.0
2025-11-28 03:30:00,19900,7320,7307,7320,7311,7321,7308,7321,7313,7320.5,7307.5,7320.5,7312.0
2025-11-28 03:35:00,5300,7311,7308,7311,7308,7313,7309,7313,7309,7312.0,7308.5,7312.0,7308.5
2025-11-28 03:40:00,12000,7311,7306,7308,7311,7312,7307,7309,7312,7311.5,7306.5,7308.5,7311.5
2025-11-28 03:45:00,6500,7314,7307,7311,7312,7315,7309,7312,7313,7314.5,7308.0,7311.5,7312.5
2025-11-28 03:50:00,6000,7319,7312,7312,7319,7320,7313,7313,7320,7319.5,7312.5,7312.5,7319.5
2025-11-28 03:55:00,6500,7321,7317,7319,7321,7322,7319,7320,7322,7321.5,7318.0,7319.5,7321.5
2025-11-28 04:00:00,9800,7321,7313,7321,7314,7322,7316,7322,7316,7321.5,7314.5,7321.5,7315.0
2025-11-28 04:05:00,2500,7315,7312,7314,7314,7316,7313,7316,7316,7315.5,7312.5,7315.0,7315.0
2025-11-28 04:10:00,5900,7315,7308,7314,7309,7316,7310,7316,7311,7315.5,7309.0,7315.0,7310.0
2025-11-28 04:15:00,3400,7312,7307,7309,7309,7313,7309,7311,7310,7312.5,7308.0,7310.0,7309.5
2025-11-28 04:20:00,7400,7312,7308,7309,7309,7314,7309,7310,7310,7313.0,7308.5,7309.5,7309.5
2025-11-28 04:25:00,7000,7309,7301,7309,7302,7310,7302,7310,7303,7309.5,7301.5,7309.5,7302.5
2025-11-28 04:30:00,5300,7309,7302,7302,7309,7310,7303,7303,7310,7309.5,7302.5,7302.5,7309.5
2025-11-28 04:35:00,8400,7316,7308,7309,7315,7318,7310,7310,7317,7317.0,7309.0,7309.5,7316.0
2025-11-28 04:40:00,3900,7317,7313,7315,7316,7318,7315,7317,7317,7317.5,7314.0,7316.0,7316.5
2025-11-28 04:45:00,3200,7316,7313,7316,7313,7317,7314,7317,7314,7316.5,7313.5,7316.5,7313.5
2025-11-28 04:50:00,12000,7324,7313,7313,7323,7325,7314,7314,7324,7324.5,7313.5,7313.5,7323.5
2025-11-28 04:55:00,7900,7325,7319,7323,7319,7326,7321,7324,7321,7325.5,7320.0,7323.5,7320.0
2025-11-28 05:00:00,5900,7324,7319,7319,7323,7325,7321,7321,7324,7324.5,7320.0,7320.0,7323.5
2025-11-28 05:05:00,11900,7327,7323,7323,7324,7328,7324,7324,7326,7327.5,7323.5,7323.5,7325.0
2025-11-28 05:10:00,6600,7327,7324,7324,7327,7328,7325,7326,7328,7327.5,7324.5,7325.0,7327.5
2025-11-28 05:15:00,7600,7327,7325,7327,7325,7328,7326,7328,7327,7327.5,7325.5,7327.5,7326.0
2025-11-28 05:20:00,7300,7327,7325,7325,7326,7328,7326,7327,7328,7327.5,7325.5,7326.0,7327.0
2025-11-28 05:25:00,12900,7328,7323,7326,7326,7329,7324,7328,7328,7328.5,7323.5,7327.0,7327.0
2025-11-28 05:30:00,15400,7328,7325,7326,7327,7329,7326,7328,7328,7328.5,7325.5,7327.0,7327.5
2025-11-28 05:35:00,21800,7334,7327,7327,7331,7335,7328,7328,7333,7334.5,7327.5,7327.5,7332.0
2025-11-28 05:40:00,6400,7333,7331,7331,7333,7334,7333,7333,7334,7333.5,7332.0,7332.0,7333.5
2025-11-28 05:45:00,21400,7333,7322,7333,7328,7334,7323,7334,7329,7333.5,7322.5,7333.5,7328.5
2025-11-28 05:50:00,12200,7328,7321,7328,7326,7329,7322,7329,7328,7328.5,7321.5,7328.5,7327.0
2025-11-28 05:55:00,15400,7328,7324,7326,7324,7329,7325,7328,7326,7328.5,7324.5,7327.0,7325.0
2025-11-28 06:00:00,21300,7325,7315,7324,7322,7326,7316,7326,7324,7325.5,7315.5,7325.0,7323.0
2025-11-28 06:05:00,16600,7325,7319,7322,7325,7327,7321,7324,7327,7326.0,7320.0,7323.0,7326.0
2025-11-28 06:10:00,16000,7331,7321,7325,7331,7333,7322,7327,7333,7332.0,7321.5,7326.0,7332.0
2025-11-28 06:15:00,20800,7334,7323,7331,7327,7335,7325,7333,7328,7334.5,7324.0,7332.0,7327.5
2025-11-28 06:20:00,30200,7328,7315,7327,7318,7331,7318,7328,7323,7329.5,7316.5,7327.5,7320.5
2025-11-28 06:25:00,,7349,7200,7339,7323,7350,7201,7340,7324,7349.5,7200.5,7339.5,7323.5
2025-11-28 06:30:00,527800,7322,7322,7322,7322,7325,7325,7325,7325,7323.5,7323.5,7323.5,7323.5
2025-12-01 00:00:00,127700,7335,7284,7315,7284,7336,7286,7316,7286,7335.5,7285.0,7315.5,7285.0
2025-12-01 00:05:00,26700,7297,7279,7285,7292,7298,7281,7286,7294,7297.5,7280.0,7285.5,7293.0
2025-12-01 00:10:00,17500,7297,7285,7294,7296,7299,7287,7295,7298,7298.0,7286.0,7294.5,7297.0
2025-12-01 00:15:00,27600,7308,7292,7296,7301,7309,7293,7298,7303,7308.5,7292.5,7297.0,7302.0
2025-12-01 00:20:00,8700,7303,7292,7301,7292,7305,7293,7302,7295,7304.0,7292.5,7301.5,7293.5
2025-12-01 00:25:00,11300,7293,7287,7292,7290,7295,7288,7295,7292,7294.0,7287.5,7293.5,7291.0
2025-12-01 00:30:00,23800,7305,7286,7290,7302,7306,7288,7292,7304,7305.5,7287.0,7291.0,7303.0
2025-12-01 00:35:00,17700,7316,7302,7302,7312,7318,7304,7304,7314,7317.0,7303.0,7303.0,7313.0
2025-12-01 00:40:00,10800,7313,7305,7312,7305,7315,7306,7314,7307,7314.0,7305.5,7313.0,7306.0
2025-12-01 00:45:00,20200,7305,7294,7305,7299,7307,7295,7307,7301,7306.0,7294.5,7306.0,7300.0
2025-12-01 00:50:00,12700,7312,7295,7299,7312,7314,7297,7301,7314,7313.0,7296.5,7300.0,7313.0
2025-12-01 00:55:00,11300,7319,7309,7312,7316,7320,7311,7314,7317,7319.5,7310.0,7313.0,7316.5
2025-12-01 01:00:00,14700,7331,7311,7316,7330,7334,7313,7317,7333,7332.5,7312.0,7316.5,7331.5
2025-12-01 01:05:00,20400,7330,7312,7330,7313,7332,7314,7332,7315,7331.0,7313.0,7331.0,7314.0
2025-12-01 01:10:00,26700,7313,7295,7313,7299,7315,7297,7315,7301,7314.0,7296.0,7314.0,7300.0
2025-12-01 01:15:00,8900,7327,7299,7299,7326,7328,7301,7301,7328,7327.5,7300.0,7300.0,7327.0
2025-12-01 01:20:00,12400,7333,7325,7326,7328,7334,7327,7328,7329,7333.5,7326.0,7327.0,7328.5
2025-12-01 01:25:00,9000,7330,7325,7328,7326,7331,7326,7329,7327,7330.5,7325.5,7328.5,7326.5
2025-12-01 01:30:00,10500,7328,7320,7326,7326,7329,7322,7327,7327,7328.5,7321.0,7326.5,7326.5
2025-12-01 01:35:00,10800,7326,7316,7326,7317,7327,7318,7327,7318,7326.5,7317.0,7326.5,7317.5
2025-12-01 01:40:00,8000,7320,7312,7317,7313,7322,7315,7318,7315,7321.0,7313.5,7317.5,7314.0
2025-12-01 01:45:00,8000,7313,7305,7313,7308,7315,7308,7315,7310,7314.0,7306.5,7314.0,7309.0
2025-12-01 01:50:00,6800,7311,7307,7308,7309,7313,7308,7310,7310,7312.0,7307.5,7309.0,7309.5
2025-12-01 01:55:00,5800,7311,7303,7309,7303,7312,7304,7310,7305,7311.5,7303.5,7309.5,7304.0
2025-12-01 02:00:00,11500,7306,7297,7303,7297,7307,7299,7305,7299,7306.5,7298.0,7304.0,7298.0
2025-12-01 02:05:00,9400,7298,7291,7297,7291,7300,7292,7299,7293,7299.0,7291.5,7298.0,7292.0
2025-12-01 02:10:00,16800,7293,7286,7291,7289,7295,7288,7293,7290,7294.0,7287.0,7292.0,7289.5
2025-12-01 02:15:00,11800,7292,7285,7289,7289,7293,7287,7290,7291,7292.5,7286.0,7289.5,7290.0
2025-12-01 02:20:00,10800,7296,7282,7289,7296,7298,7283,7291,7298,7297.0,7282.5,7290.0,7297.0
2025-12-01 02:25:00,17400,7297,7289,7296,7290,7299,7291,7298,7293,7298.0,7290.5,7297.0,7291.5
2025-12-01 02:30:00,1200,7290,7290,7290,7290,7294,7294,7294,7294,7292.0,7292.0,7292.0,7292.0
2025-12-01 03:30:00,33800,7291,7280,7288,7288,7293,7282,7289,7289,7291.5,7281.0,7288.5,7288.5
2025-12-01 03:35:00,12400,7300,7285,7288,7298,7302,7286,7289,7300,7301.0,7285.5,7288.5,7299.0
2025-12-01 03:40:00,8500,7302,7291,7298,7292,7304,7292,7300,7293,7303.0,7291.5,7299.0,7292.5
2025-12-01 03:45:00,32800,7293,7271,7292,7274,7294,7273,7293,7276,7293.5,7272.0,7292.5,7275.0
2025-12-01 03:50:00,12000,7275,7270,7274,7271,7277,7271,7276,7273,7276.0,7270.5,7275.0,7272.0
2025-12-01 03:55:00,8700,7276,7271,7271,7276,7277,7272,7273,7277,7276.5,7271.5,7272.0,7276.5
2025-12-01 04:00:00,29500,7278,7270,7276,7271,7279,7271,7277,7273,7278.5,7270.5,7276.5,7272.0
2025-12-01 04:05:00,7200,7277,7270,7271,7276,7278,7272,7273,7278,7277.5,7271.0,7272.0,7277.0
2025-12-01 04:10:00,20700,7276,7270,7276,7271,7278,7272,7278,7273,7277.0,7271.5,7277.0,7272.0
2025-12-01 04:15:00,15600,7280,7271,7271,7274,7282,7272,7273,7275,7281.0,7271.5,7272.0,7274.5
2025-12-01 04:20:00,7200,7278,7273,7274,7278,7279,7274,7275,7279,7278.5,7273.5,7274.5,7278.5
2025-12-01 04:25:00,6500,7278,7274,7278,7277,7279,7275,7279,7278,7278.5,7274.5,7278.5,7277.5
2025-12-01 04:30:00,13900,7277,7271,7277,7274,7278,7272,7278,7275,7277.5,7271.5,7277.5,7274.5
2025-12-01 04:35:00,4700,7274,7270,7274,7270,7275,7271,7275,7271,7274.5,7270.5,7274.5,7270.5
2025-12-01 04:40:00,24000,7270,7265,7270,7265,7272,7266,7271,7266,7271.0,7265.5,7270.5,7265.5
2025-12-01 04:45:00,9900,7266,7262,7265,7263,7268,7263,7266,7264,7267.0,7262.5,7265.5,7263.5
2025-12-01 04:50:00,7100,7267,7263,7263,7264,7268,7264,7264,7265,7267.5,7263.5,7263.5,7264.5
2025-12-01 04:55:00,6700,7268,7263,7264,7264,7269,7265,7265,7265,7268.5,7264.0,7264.5,7264.5
2025-12-01 05:00:00,19900,7265,7258,7264,7260,7267,7259,7265,7261,7266.0,7258.5,7264.5,7260.5
2025-12-01 05:05:00,10400,7261,7254,7260,7256,7263,7256,7261,7257,7262.0,7255.0,7260.5,7256.5
2025-12-01 05:10:00,6900,7261,7255,7256,7255,7262,7256,7257,7256,7261.5,7255.5,7256.5,7255.5
2025-12-01 05:15:00,6800,7259,7252,7255,7257,7260,7254,7256,7258,7259.5,7253.0,7255.5,7257.5
2025-12-01 05:20:00,14000,7258,7250,7257,7254,7259,7251,7258,7256,7258.5,7250.5,7257.5,7255.0
2025-12-01 05:25:00,11800,7255,7250,7254,7252,7257,7252,7256,7253,7256.0,7251.0,7255.0,7252.5
2025-12-01 05:30:00,27300,7252,7244,7252,7250,7253,7245,7253,7251,7252.5,7244.5,7252.5,7250.5
2025-12-01 05:35:00,12600,7250,7242,7250,7243,7251,7243,7251,7244,7250.5,7242.5,7250.5,7243.5
2025-12-01 05:40:00,14100,7244,7235,7243,7236,7245,7237,7244,7237,7244.5,7236.0,7243.5,7236.5
2025-12-01 05:45:00,19600,7241,7233,7236,7234,7242,7235,7237,7236,7241.5,7234.5,7236.5,7235.0
2025-12-01 05:50:00,16900,7234,7226,7234,7226,7236,7227,7236,7228,7235.0,7226.5,7235.0,7227.0
2025-12-01 05:55:00,14700,7232,7226,7226,7232,7233,7227,7228,7233,7232.5,7226.5,7227.0,7232.5
2025-12-01 06:00:00,16100,7233,7223,7232,7227,7235,7225,7233,7229,7234.0,7224.0,7232.5,7228.0
2025-12-01 06:05:00,19300,7230,7224,7227,7227,7231,7226,7229,7229,7230.5,7225.0,7228.0,7228.0
2025-12-01 06:10:00,33500,7227,7217,7227,7218,7229,7218,7229,7220,7228.0,7217.5,7228.0,7219.0
2025-12-01 06:15:00,25100,7218,7210,7218,7213,7220,7211,7220,7215,7219.0,7210.5,7219.0,7214.0
2025-12-01 06:20:00,29800,7223,7212,7213,7220,7226,7214,7215,7223,7224.5,7213.0,7214.0,7221.5
2025-12-01 06:25:00,,7329,7102,7284,7197,7330,7102,7285,7198,7329.5,7102.0,7284.5,7197.5
2025-12-01 06:30:00,515400,7196,7196,7196,7196,7218,7218,7218,7218,7207.0,7207.0,7207.0,7207.0
2025-12-02 00:00:00,109400,7229,7200,7222,7218,7234,7204,7223,7221,7231.0,7202.5,7222.5,7219.5
2025-12-02 00:05:00,40300,7244,7195,7218,7239,7245,7197,7221,7243,7244.5,7196.0,7219.5,7241.0
2025-12-02 00:10:00,28500,7260,7239,7239,7254,7262,7242,7243,7256,7260.5,7241.0,7241.0,7255.0
2025-12-02 00:15:00,25300,7274,7251,7254,7273,7276,7252,7256,7274,7275.0,7251.5,7255.0,7273.5
2025-12-02 00:20:00,17700,7278,7267,7273,7273,7279,7268,7274,7275,7278.5,7267.5,7273.5,7274.0
2025-12-02 00:25:00,14100,7277,7264,7273,7268,7278,7267,7275,7271,7277.5,7265.5,7274.0,7269.5
2025-12-02 00:30:00,16500,7271,7255,7268,7265,7274,7256,7271,7267,7272.5,7255.5,7269.5,7266.0
2025-12-02 00:35:00,7700,7271,7258,7265,7260,7275,7260,7267,7263,7273.0,7259.0,7266.0,7261.5
2025-12-02 00:40:00,10300,7270,7256,7260,7262,7273,7259,7263,7264,7271.5,7257.5,7261.5,7263.0
2025-12-02 00:45:00,10700,7277,7262,7262,7270,7278,7264,7264,7273,7277.5,7263.0,7263.0,7271.5
2025-12-02 00:50:00,9700,7274,7265,7270,7273,7275,7267,7273,7275,7274.5,7266.0,7271.5,7274.0
2025-12-02 00:55:00,6400,7274,7266,7273,7266,7277,7268,7275,7268,7275.5,7267.0,7274.0,7267.0
2025-12-02 01:00:00,13400,7267,7250,7266,7258,7269,7252,7268,7260,7268.0,7251.0,7267.0,7259.0
2025-12-02 01:05:00,5900,7266,7255,7258,7263,7267,7257,7260,7265,7266.5,7256.0,7259.0,7264.0
2025-12-02 01:10:00,9300,7267,7259,7263,7263,7269,7261,7265,7265,7268.0,7260.0,7264.0,7264.0
2025-12-02 01:15:00,5200,7272,7262,7263,7271,7274,7263,7265,7274,7273.0,7262.5,7264.0,7272.5
2025-12-02 01:20:00,15100,7284,7270,7271,7284,7285,7272,7274,7285,7284.5,7271.0,7272.5,7284.5
2025-12-02 01:25:00,10500,7294,7282,7284,7293,7297,7283,7285,7295,7295.5,7282.5,7284.5,7294.0
2025-12-02 01:30:00,10300,7295,7284,7293,7292,7296,7287,7295,7294,7295.5,7285.5,7294.0,7293.0
2025-12-02 01:35:00,15800,7301,7290,7292,7295,7302,7291,7294,7297,7301.5,7290.5,7293.0,7296.0
2025-12-02 01:40:00,5800,7300,7295,7295,7300,7301,7296,7297,7301,7300.5,7295.5,7296.0,7300.5
2025-12-02 01:45:00,5800,7302,7299,7300,7300,7304,7300,7301,7302,7303.0,7299.5,7300.5,7301.0
2025-12-02 01:50:00,7400,7301,7296,7300,7299,7302,7299,7302,7300,7301.5,7297.5,7301.0,7299.5
2025-12-02 01:55:00,7100,7303,7295,7299,7296,7304,7298,7300,7298,7303.5,7296.5,7299.5,7297.0
2025-12-02 02:00:00,12100,7308,7294,7296,7302,7310,7297,7298,7304,7308.5,7295.5,7297.0,7303.0
2025-12-02 02:05:00,4800,7302,7297,7302,7297,7304,7299,7304,7299,7303.0,7298.0,7303.0,7298.0
2025-12-02 02:10:00,6300,7298,7290,7297,7290,7300,7292,7299,7292,7299.0,7291.0,7298.0,7291.0
2025-12-02 02:15:00,9300,7296,7286,7290,7292,7298,7288,7292,7295,7297.0,7287.5,7291.0,7293.5
2025-12-02 02:20:00,3100,7295,7288,7292,7291,7297,7290,7295,7293,7296.0,7289.5,7293.5,7292.0
2025-12-02 02:25:00,5700,7292,7286,7291,7286,7294,7287,7293,7288,7293.0,7286.5,7292.0,7287.0
2025-12-02 02:30:00,500,7286,7286,7286,7286,7289,7289,7289,7289,7287.5,7287.5,7287.5,7287.5
2025-12-02 03:30:00,36300,7270,7250,7266,7259,7273,7253,7267,7261,7271.0,7251.5,7266.5,7260.0
2025-12-02 03:35:00,9800,7263,7252,7259,7262,7265,7253,7261,7264,7264.0,7252.5,7260.0,7263.0
2025-12-02 03:40:00,9300,7276,7262,7262,7276,7278,7263,7264,7278,7277.0,7262.5,7263.0,7277.0
2025-12-02 03:45:00,11200,7278,7271,7276,7271,7279,7273,7279,7273,7278.5,7272.0,7277.5,7272.0
2025-12-02 03:50:00,11700,7284,7269,7271,7284,7285,7270,7273,7285,7284.5,7269.5,7272.0,7284.5
2025-12-02 03:55:00,7800,7287,7277,7284,7278,7288,7280,7285,7280,7287.5,7278.5,7284.5,7279.0
2025-12-02 04:00:00,11700,7282,7272,7278,7272,7283,7274,7280,7274,7282.5,7273.0,7279.0,7273.0
2025-12-02 04:05:00,8200,7272,7265,7272,7265,7274,7266,7274,7267,7273.0,7265.5,7273.0,7266.0
2025-12-02 04:10:00,7200,7267,7262,7265,7262,7268,7264,7267,7264,7267.5,7263.0,7266.0,7263.0
2025-12-02 04:15:00,8300,7263,7258,7262,7261,7265,7260,7264,7263,7264.0,7259.0,7263.0,7262.0
2025-12-02 04:20:00,6500,7270,7260,7261,7267,7272,7262,7263,7269,7270.5,7261.0,7262.0,7268.0
2025-12-02 04:25:00,5300,7268,7262,7267,7264,7270,7263,7269,7265,7269.0,7262.5,7268.0,7264.5
2025-12-02 04:30:00,5300,7268,7264,7264,7267,7270,7265,7265,7269,7269.0,7264.5,7264.5,7268.0
2025-12-02 04:35:00,5500,7271,7267,7267,7267,7272,7268,7269,7268,7271.5,7267.5,7268.0,7267.5
2025-12-02 04:40:00,6800,7272,7265,7267,7265,7274,7266,7268,7266,7273.0,7265.5,7267.5,7265.5
2025-12-02 04:45:00,6400,7269,7265,7265,7266,7272,7266,7266,7268,7270.5,7265.5,7265.5,7267.0
2025-12-02 04:50:00,4000,7273,7266,7266,7273,7276,7268,7268,7276,7274.5,7267.0,7267.0,7274.5
2025-12-02 04:55:00,5300,7274,7270,7273,7273,7276,7273,7276,7276,7275.0,7271.5,7274.5,7274.5
2025-12-02 05:00:00,5800,7278,7273,7274,7276,7279,7274,7276,7278,7278.5,7273.5,7275.0,7277.0
2025-12-02 05:05:00,4800,7277,7273,7276,7275,7279,7275,7278,7276,7278.0,7274.0,7277.0,7275.5
2025-12-02 05:10:00,7400,7279,7273,7275,7273,7281,7274,7276,7275,7280.0,7273.5,7275.5,7274.0
2025-12-02 05:15:00,5500,7279,7273,7273,7279,7280,7275,7275,7280,7279.5,7274.0,7274.0,7279.5
2025-12-02 05:20:00,8800,7282,7278,7279,7279,7285,7280,7280,7281,7283.5,7279.0,7279.5,7280.0
2025-12-02 05:25:00,10800,7285,7278,7279,7279,7286,7279,7281,7281,7285.5,7278.5,7280.0,7280.0
2025-12-02 05:30:00,13200,7288,7279,7279,7287,7289,7280,7281,7289,7288.5,7279.5,7280.0,7288.0
2025-12-02 05:35:00,18000,7289,7283,7287,7284,7290,7285,7289,7285,7289.5,7284.0,7288.0,7284.5
2025-12-02 05:40:00,8600,7288,7283,7284,7286,7290,7284,7285,7287,7289.0,7283.5,7284.5,7286.5
2025-12-02 05:45:00,11500,7294,7284,7286,7294,7295,7285,7287,7295,7294.5,7284.5,7286.5,7294.5
2025-12-02 05:50:00,16400,7296,7291,7294,7292,7297,7293,7295,7294,7296.5,7292.0,7294.5,7293.0
2025-12-02 05:55:00,12100,7298,7292,7292,7297,7299,7293,7294,7299,7298.5,7292.5,7293.0,7298.0
2025-12-02 06:00:00,17300,7306,7297,7297,7305,7307,7298,7299,7307,7306.5,7297.5,7298.0,7306.0
2025-12-02 06:05:00,16400,7305,7292,7305,7292,7307,7293,7307,7294,7306.0,7292.5,7306.0,7293.0
2025-12-02 06:10:00,19800,7294,7287,7292,7289,7295,7290,7294,7291,7294.5,7288.5,7293.0,7290.0
2025-12-02 06:15:00,20200,7289,7280,7289,7280,7291,7282,7291,7282,7290.0,7281.0,7290.0,7281.0
2025-12-02 06:20:00,32700,7284,7271,7280,7283,7288,7273,7282,7287,7285.5,7272.0,7281.0,7285.0
2025-12-02 06:25:00,,7320,7254,7300,7298,7321,7255,7301,7299,7320.5,7254.5,7300.5,7298.5
2025-12-02 06:30:00,552900,7298,7298,7298,7298,7299,7299,7299,7299,7298.5,7298.5,7298.5,7298.5
2025-12-03 00:00:00,307200,7448,7350,7374,7391,7450,7356,7375,7395,7449.0,7353.0,7374.5,7393.0
2025-12-03 00:05:00,56300,7391,7364,7391,7372,7394,7367,7394,7373,7392.5,7366.5,7392.5,7372.5
2025-12-03 00:10:00,29800,7378,7354,7372,7368,7380,7355,7373,7371,7379.0,7354.5,7372.5,7369.5
2025-12-03 00:15:00,25900,7378,7363,7368,7369,7379,7365,7371,7371,7378.5,7364.0,7369.5,7370.0
2025-12-03 00:20:00,18400,7373,7362,7369,7365,7375,7364,7371,7367,7374.0,7363.0,7370.0,7366.0
2025-12-03 00:25:00,22800,7365,7350,7365,7358,7368,7351,7367,7360,7366.5,7350.5,7366.0,7359.0
2025-12-03 00:30:00,40200,7392,7356,7358,7386,7393,7359,7360,7389,7392.5,7357.5,7359.0,7387.5
2025-12-03 00:35:00,22800,7389,7376,7386,7384,7391,7378,7389,7387,7390.0,7377.0,7387.5,7385.5
2025-12-03 00:40:00,20000,7391,7376,7384,7387,7393,7378,7387,7389,7391.5,7377.0,7385.5,7388.0
2025-12-03 00:45:00,11900,7387,7375,7387,7380,7389,7377,7389,7382,7388.0,7376.5,7388.0,7381.0
2025-12-03 00:50:00,17300,7387,7371,7380,7373,7388,7373,7382,7375,7387.5,7372.0,7381.0,7374.0
2025-12-03 00:55:00,12300,7375,7362,7373,7365,7377,7363,7375,7366,7376.0,7362.5,7374.0,7365.5
2025-12-03 01:00:00,12000,7372,7361,7365,7364,7373,7364,7366,7367,7372.5,7362.5,7365.5,7365.5
2025-12-03 01:05:00,13800,7370,7361,7364,7363,7372,7362,7367,7364,7371.0,7361.5,7365.5,7363.5
2025-12-03 01:10:00,16700,7368,7357,7363,7360,7370,7359,7364,7362,7369.0,7358.0,7363.5,7361.0
2025-12-03 01:15:00,10100,7363,7356,7360,7363,7366,7357,7362,7364,7364.5,7356.5,7361.0,7363.5
2025-12-03 01:20:00,11400,7367,7359,7363,7364,7370,7362,7364,7366,7368.5,7360.5,7363.5,7365.0
2025-12-03 01:25:00,10500,7370,7364,7364,7370,7373,7365,7366,7372,7371.5,7364.5,7365.0,7371.0
2025-12-03 01:30:00,11400,7378,7364,7370,7374,7380,7365,7372,7376,7379.0,7364.5,7371.0,7375.0
2025-12-03 01:35:00,8800,7375,7365,7374,7365,7376,7367,7376,7367,7375.5,7366.0,7375.0,7366.0
2025-12-03 01:40:00,13200,7366,7357,7365,7362,7368,7359,7367,7364,7367.0,7358.5,7366.0,7363.0
2025-12-03 01:45:00,12300,7368,7359,7362,7367,7371,7362,7364,7369,7369.5,7360.5,7363.0,7368.0
2025-12-03 01:50:00,7400,7367,7362,7367,7363,7369,7364,7369,7365,7368.0,7363.5,7368.0,7364.0
2025-12-03 01:55:00,8900,7363,7354,7363,7356,7365,7355,7365,7358,7364.0,7354.5,7364.0,7357.0
2025-12-03 02:00:00,10000,7361,7354,7357,7358,7363,7356,7358,7360,7362.0,7355.0,7357.5,7359.0
2025-12-03 02:05:00,14400,7358,7353,7358,7353,7360,7354,7360,7355,7359.0,7353.5,7359.0,7354.0
2025-12-03 02:10:00,11000,7364,7353,7353,7358,7365,7355,7355,7360,7364.5,7354.0,7354.0,7359.0
2025-12-03 02:15:00,7700,7368,7355,7358,7366,7369,7357,7360,7368,7368.5,7356.0,7359.0,7367.0
2025-12-03 02:20:00,8200,7370,7362,7366,7368,7371,7364,7368,7369,7370.5,7363.0,7367.0,7368.5
2025-12-03 02:25:00,7900,7374,7365,7368,7365,7375,7367,7369,7367,7374.5,7366.0,7368.5,7366.0
2025-12-03 02:30:00,700,7365,7365,7365,7365,7368,7368,7368,7368,7366.5,7366.5,7366.5,7366.5
2025-12-03 03:30:00,34100,7374,7361,7370,7373,7375,7364,7371,7375,7374.5,7362.5,7370.5,7374.0
2025-12-03 03:35:00,20700,7384,7373,7373,7379,7385,7375,7375,7382,7384.5,7374.0,7374.0,7380.5
2025-12-03 03:40:00,8700,7380,7370,7379,7377,7382,7373,7382,7379,7381.0,7371.5,7380.5,7378.0
2025-12-03 03:45:00,12100,7383,7377,7377,7377,7385,7378,7379,7378,7383.5,7377.5,7378.0,7377.5
2025-12-03 03:50:00,9500,7377,7368,7377,7372,7378,7370,7378,7374,7377.5,7369.5,7377.5,7373.0
2025-12-03 03:55:00,10000,7378,7371,7372,7373,7379,7373,7374,7375,7378.5,7372.0,7373.0,7374.0
2025-12-03 04:00:00,12000,7380,7371,7373,7376,7382,7373,7375,7378,7381.0,7372.0,7374.0,7377.0
2025-12-03 04:05:00,9300,7376,7370,7376,7374,7378,7372,7378,7375,7377.0,7371.0,7377.0,7374.5
2025-12-03 04:10:00,8400,7378,7369,7374,7369,7380,7371,7375,7371,7379.0,7370.0,7374.5,7370.0
2025-12-03 04:15:00,9300,7369,7365,7369,7367,7371,7367,7371,7369,7370.0,7366.0,7370.0,7368.0
2025-12-03 04:20:00,7200,7371,7364,7367,7370,7372,7366,7369,7371,7371.5,7365.0,7368.0,7370.5
2025-12-03 04:25:00,9400,7370,7366,7370,7366,7371,7367,7371,7368,7370.5,7366.5,7370.5,7367.0
2025-12-03 04:30:00,6700,7366,7362,7366,7363,7368,7364,7368,7365,7367.0,7363.0,7367.0,7364.0
2025-12-03 04:35:00,12300,7363,7352,7363,7359,7365,7354,7365,7361,7364.0,7353.0,7364.0,7360.0
2025-12-03 04:40:00,6400,7361,7353,7359,7357,7362,7356,7361,7359,7361.5,7354.5,7360.0,7358.0
2025-12-03 04:45:00,5900,7361,7355,7357,7358,7363,7357,7359,7360,7362.0,7356.0,7358.0,7359.0
2025-12-03 04:50:00,5900,7365,7358,7358,7362,7367,7360,7360,7364,7366.0,7359.0,7359.0,7363.0
2025-12-03 04:55:00,6400,7363,7360,7362,7363,7365,7362,7364,7365,7364.0,7361.0,7363.0,7364.0
2025-12-03 05:00:00,6900,7368,7362,7363,7368,7370,7363,7365,7369,7369.0,7362.5,7364.0,7368.5
2025-12-03 05:05:00,12500,7371,7365,7368,7367,7372,7367,7369,7368,7371.5,7366.0,7368.5,7367.5
2025-12-03 05:10:00,6100,7372,7367,7367,7370,7374,7368,7368,7371,7373.0,7367.5,7367.5,7370.5
2025-12-03 05:15:00,8300,7373,7369,7370,7369,7374,7370,7371,7371,7373.5,7369.5,7370.5,7370.0
2025-12-03 05:20:00,5900,7373,7369,7369,7373,7374,7371,7371,7374,7373.5,7370.0,7370.0,7373.5
2025-12-03 05:25:00,9000,7374,7363,7373,7363,7375,7364,7374,7364,7374.5,7363.5,7373.5,7363.5
2025-12-03 05:30:00,18400,7367,7359,7363,7362,7369,7360,7364,7364,7368.0,7359.5,7363.5,7363.0
2025-12-03 05:35:00,9900,7365,7361,7362,7362,7366,7362,7364,7363,7365.5,7361.5,7363.0,7362.5
2025-12-03 05:40:00,12500,7363,7356,7362,7361,7364,7357,7363,7362,7363.5,7356.5,7362.5,7361.5
2025-12-03 05:45:00,10100,7364,7357,7361,7358,7365,7359,7362,7359,7364.5,7358.0,7361.5,7358.5
2025-12-03 05:50:00,25800,7358,7346,7358,7346,7359,7348,7359,7348,7358.5,7347.0,7358.5,7347.0
2025-12-03 05:55:00,20100,7361,7344,7346,7361,7363,7345,7348,7363,7362.0,7344.5,7347.0,7362.0
2025-12-03 06:00:00,17500,7361,7354,7361,7355,7363,7356,7363,7356,7362.0,7355.0,7362.0,7355.5
2025-12-03 06:05:00,22300,7358,7349,7355,7357,7359,7350,7356,7359,7358.5,7349.5,7355.5,7358.0
2025-12-03 06:10:00,18400,7363,7346,7357,7348,7365,7349,7359,7350,7364.0,7347.5,7358.0,7349.0
2025-12-03 06:15:00,20000,7355,7344,7348,7350,7356,7346,7350,7353,7355.5,7345.0,7349.0,7351.5
2025-12-03 06:20:00,31600,7360,7349,7350,7357,7363,7351,7353,7363,7361.0,7350.0,7351.5,7360.0
2025-12-03 06:25:00,,7320,7030,7315,7316,7321,7031,7316,7317,7320.5,7030.5,7315.5,7316.5
2025-12-03 06:30:00,590900,7315,7315,7315,7315,7358,7358,7358,7358,7336.5,7336.5,7336.5,7336.5
2025-12-04 00:00:00,175800,7312,7250,7259,7264,7314,7257,7260,7267,7312.5,7253.5,7259.5,7265.5
2025-12-04 00:05:00,27700,7291,7263,7264,7288,7292,7267,7267,7290,7291.5,7265.0,7265.5,7289.0
2025-12-04 00:10:00,19700,7295,7270,7288,7271,7297,7271,7290,7272,7296.0,7270.5,7289.0,7271.5
2025-12-04 00:15:00,15400,7286,7270,7271,7285,7287,7272,7272,7287,7286.5,7271.0,7271.5,7286.0
2025-12-04 00:20:00,12700,7288,7279,7285,7285,7290,7281,7287,7287,7289.0,7280.0,7286.0,7286.0
2025-12-04 00:25:00,14700,7308,7280,7285,7306,7309,7281,7287,7309,7308.5,7280.5,7286.0,7307.5
2025-12-04 00:30:00,15800,7312,7302,7306,7303,7313,7304,7309,7305,7312.5,7303.0,7307.5,7304.0
2025-12-04 00:35:00,15000,7311,7300,7303,7311,7312,7302,7305,7312,7311.5,7301.0,7304.0,7311.5
2025-12-04 00:40:00,18400,7322,7311,7311,7321,7323,7312,7312,7323,7322.5,7311.5,7311.5,7322.0
2025-12-04 00:45:00,9900,7323,7314,7321,7314,7324,7316,7323,7316,7323.5,7315.0,7322.0,7315.0
2025-12-04 00:50:00,8900,7317,7306,7314,7307,7318,7308,7316,7309,7317.5,7307.0,7315.0,7308.0
2025-12-04 00:55:00,12600,7316,7307,7307,7311,7317,7308,7309,7313,7316.5,7307.5,7308.0,7312.0
2025-12-04 01:00:00,17600,7324,7308,7311,7324,7326,7311,7313,7326,7325.0,7309.5,7312.0,7325.0
2025-12-04 01:05:00,8200,7327,7322,7324,7324,7328,7323,7325,7325,7327.5,7322.5,7324.5,7324.5
2025-12-04 01:10:00,12100,7326,7306,7324,7307,7328,7309,7325,7309,7327.0,7307.5,7324.5,7308.0
2025-12-04 01:15:00,12500,7314,7306,7307,7307,7316,7307,7309,7309,7315.0,7306.5,7308.0,7308.0
2025-12-04 01:20:00,14700,7309,7297,7307,7307,7310,7299,7309,7308,7309.5,7298.0,7308.0,7307.5
2025-12-04 01:25:00,6500,7307,7302,7307,7305,7309,7304,7308,7307,7308.0,7303.0,7307.5,7306.0
2025-12-04 01:30:00,11800,7312,7305,7305,7311,7313,7307,7307,7313,7312.5,7306.0,7306.0,7312.0
2025-12-04 01:35:00,9500,7316,7309,7311,7316,7317,7310,7313,7317,7316.5,7309.5,7312.0,7316.5
2025-12-04 01:40:00,6500,7316,7310,7316,7310,7317,7311,7317,7312,7316.5,7310.5,7316.5,7311.0
2025-12-04 01:45:00,9200,7315,7309,7310,7309,7317,7310,7312,7311,7316.0,7309.5,7311.0,7310.0
2025-12-04 01:50:00,15600,7324,7308,7309,7321,7325,7309,7311,7323,7324.5,7308.5,7310.0,7322.0
2025-12-04 01:55:00,8100,7325,7319,7322,7321,7326,7320,7323,7322,7325.5,7319.5,7322.5,7321.5
2025-12-04 02:00:00,9100,7331,7320,7321,7328,7332,7321,7322,7330,7331.5,7320.5,7321.5,7329.0
2025-12-04 02:05:00,13700,7347,7329,7329,7346,7348,7330,7330,7347,7347.5,7329.5,7329.5,7346.5
2025-12-04 02:10:00,8400,7349,7345,7346,7348,7350,7346,7347,7349,7349.5,7345.5,7346.5,7348.5
2025-12-04 02:15:00,14100,7359,7346,7348,7356,7360,7347,7349,7358,7359.5,7346.5,7348.5,7357.0
2025-12-04 02:20:00,7000,7356,7350,7356,7352,7358,7351,7358,7353,7357.0,7350.5,7357.0,7352.5
2025-12-04 02:25:00,10500,7358,7350,7352,7358,7360,7351,7353,7360,7359.0,7350.5,7352.5,7359.0
2025-12-04 02:30:00,700,7358,7358,7358,7358,7360,7360,7360,7360,7359.0,7359.0,7359.0,7359.0
2025-12-04 03:30:00,31800,7358,7348,7348,7358,7359,7349,7349,7359,7358.5,7348.5,7348.5,7358.5
2025-12-04 03:35:00,20000,7358,7344,7358,7348,7359,7346,7359,7349,7358.5,7345.0,7358.5,7348.5
2025-12-04 03:40:00,15400,7351,7345,7348,7351,7352,7348,7349,7352,7351.5,7346.5,7348.5,7351.5
2025-12-04 03:45:00,12800,7357,7349,7351,7357,7358,7350,7352,7358,7357.5,7349.5,7351.5,7357.5
2025-12-04 03:50:00,20400,7362,7357,7357,7361,7364,7358,7358,7363,7363.0,7357.5,7357.5,7362.0
2025-12-04 03:55:00,12200,7368,7359,7361,7365,7369,7361,7363,7366,7368.5,7360.0,7362.0,7365.5
2025-12-04 04:00:00,10800,7368,7360,7365,7368,7369,7361,7366,7369,7368.5,7360.5,7365.5,7368.5
2025-12-04 04:05:00,15300,7372,7366,7368,7368,7373,7367,7369,7370,7372.5,7366.5,7368.5,7369.0
2025-12-04 04:10:00,9200,7369,7364,7368,7367,7370,7365,7370,7368,7369.5,7364.5,7369.0,7367.5
2025-12-04 04:15:00,8600,7369,7360,7367,7363,7370,7362,7368,7364,7369.5,7361.5,7367.5,7363.5
2025-12-04 04:20:00,14500,7363,7355,7363,7358,7365,7357,7364,7359,7364.0,7356.5,7363.5,7358.5
2025-12-04 04:25:00,7300,7359,7354,7358,7359,7360,7355,7359,7360,7359.5,7354.5,7358.5,7359.5
2025-12-04 04:30:00,14200,7367,7359,7359,7367,7368,7360,7360,7368,7367.5,7359.5,7359.5,7367.5
2025-12-04 04:35:00,9800,7369,7362,7367,7363,7370,7365,7368,7365,7369.5,7363.5,7367.5,7364.0
2025-12-04 04:40:00,10600,7372,7362,7363,7370,7373,7363,7365,7372,7372.5,7362.5,7364.0,7371.0
2025-12-04 04:45:00,7000,7373,7370,7370,7371,7374,7371,7372,7372,7373.5,7370.5,7371.0,7371.5
2025-12-04 04:50:00,8900,7371,7366,7371,7368,7372,7368,7372,7369,7371.5,7367.0,7371.5,7368.5
2025-12-04 04:55:00,8300,7369,7362,7368,7363,7370,7363,7369,7364,7369.5,7362.5,7368.5,7363.5
2025-12-04 05:00:00,12000,7365,7361,7363,7364,7366,7363,7364,7366,7365.5,7362.0,7363.5,7365.0
2025-12-04 05:05:00,9200,7371,7364,7364,7369,7372,7366,7366,7371,7371.5,7365.0,7365.0,7370.0
2025-12-04 05:10:00,10900,7372,7367,7369,7369,7373,7368,7371,7371,7372.5,7367.5,7370.0,7370.0
2025-12-04 05:15:00,9500,7369,7361,7369,7361,7371,7362,7371,7363,7370.0,7361.5,7370.0,7362.0
2025-12-04 05:20:00,14000,7364,7359,7361,7364,7365,7361,7363,7365,7364.5,7360.0,7362.0,7364.5
2025-12-04 05:25:00,12300,7364,7355,7364,7357,7365,7357,7365,7359,7364.5,7356.0,7364.5,7358.0
2025-12-04 05:30:00,19600,7359,7348,7357,7350,7360,7350,7359,7351,7359.5,7349.0,7358.0,7350.5
2025-12-04 05:35:00,18000,7351,7343,7350,7345,7352,7345,7351,7346,7351.5,7344.0,7350.5,7345.5
2025-12-04 05:40:00,19600,7348,7341,7345,7345,7350,7344,7346,7347,7349.0,7342.5,7345.5,7346.0
2025-12-04 05:45:00,35200,7355,7345,7345,7355,7356,7347,7347,7356,7355.5,7346.0,7346.0,7355.5
2025-12-04 05:50:00,18700,7359,7353,7355,7357,7360,7354,7356,7358,7359.5,7353.5,7355.5,7357.5
2025-12-04 05:55:00,21600,7366,7357,7357,7359,7367,7358,7358,7360,7366.5,7357.5,7357.5,7359.5
2025-12-04 06:00:00,31600,7371,7357,7359,7371,7373,7359,7360,7372,7372.0,7358.5,7359.5,7371.5
2025-12-04 06:05:00,21100,7377,7369,7371,7374,7378,7370,7372,7375,7377.5,7369.5,7371.5,7374.5
2025-12-04 06:10:00,23900,7378,7367,7374,7371,7379,7368,7375,7372,7378.5,7367.5,7374.5,7371.5
2025-12-04 06:15:00,24600,7372,7360,7371,7362,7373,7362,7372,7363,7372.5,7361.0,7371.5,7362.5
2025-12-04 06:20:00,30600,7373,7361,7362,7373,7375,7363,7363,7374,7374.0,7362.0,7362.5,7373.5
2025-12-04 06:25:00,,7383,7269,7356,7343,7384,7270,7357,7344,7383.5,7269.5,7356.5,7343.5
2025-12-04 06:30:00,501600,7343,7343,7343,7343,7373,7373,7373,7373,7358.0,7358.0,7358.0,7358.0
2025-12-05 00:00:00,339800,7194,7060,7140,7065,7194,7066,7141,7070,7194.0,7063.5,7140.5,7067.5
2025-12-05 00:05:00,149600,7111,7014,7065,7109,7118,7019,7070,7112,7114.5,7016.5,7067.5,7110.5
2025-12-05 00:10:00,73900,7112,7085,7109,7092,7115,7088,7113,7096,7113.5,7086.5,7111.0,7094.0
2025-12-05 00:15:00,63800,7094,7069,7092,7077,7097,7071,7095,7078,7095.5,7070.0,7093.5,7077.5
2025-12-05 00:20:00,38600,7086,7070,7077,7084,7088,7071,7078,7087,7086.5,7070.5,7077.5,7085.5
2025-12-05 00:25:00,40200,7088,7071,7084,7072,7090,7073,7087,7075,7089.0,7072.0,7085.5,7073.5
2025-12-05 00:30:00,82600,7086,7066,7072,7080,7095,7068,7075,7082,7089.5,7067.0,7073.5,7081.0
2025-12-05 00:35:00,37600,7081,7071,7080,7077,7083,7072,7082,7079,7082.0,7071.5,7081.0,7078.0
2025-12-05 00:40:00,37200,7081,7070,7077,7078,7083,7072,7079,7080,7082.0,7071.0,7078.0,7079.0
2025-12-05 00:45:00,68600,7079,7065,7078,7069,7083,7067,7080,7072,7080.5,7066.0,7079.0,7070.5
2025-12-05 00:50:00,44500,7073,7063,7069,7064,7074,7065,7072,7066,7073.5,7064.0,7070.5,7065.0
2025-12-05 00:55:00,29700,7065,7056,7064,7058,7067,7057,7066,7060,7066.0,7056.5,7065.0,7059.0
2025-12-05 01:00:00,44000,7069,7054,7058,7064,7070,7056,7060,7066,7069.5,7055.0,7059.0,7065.0
2025-12-05 01:05:00,99500,7064,7033,7064,7033,7067,7034,7066,7034,7065.5,7033.5,7065.0,7033.5
2025-12-05 01:10:00,50400,7035,7022,7033,7029,7040,7023,7034,7032,7037.0,7022.5,7033.5,7030.5
2025-12-05 01:15:00,28100,7032,7021,7029,7021,7034,7022,7032,7023,7033.0,7021.5,7030.5,7022.0
2025-12-05 01:20:00,61000,7031,7018,7021,7030,7033,7020,7023,7032,7032.0,7019.0,7022.0,7031.0
2025-12-05 01:25:00,23000,7043,7027,7030,7035,7045,7029,7032,7037,7044.0,7028.0,7031.0,7036.0
2025-12-05 01:30:00,43500,7036,7024,7035,7025,7037,7026,7037,7027,7036.5,7025.5,7036.0,7026.0
2025-12-05 01:35:00,19900,7029,7021,7025,7025,7030,7023,7027,7026,7029.5,7022.0,7026.0,7025.5
2025-12-05 01:40:00,15800,7035,7025,7025,7035,7038,7026,7026,7037,7036.5,7025.5,7025.5,7036.0
2025-12-05 01:45:00,18000,7035,7028,7035,7029,7037,7030,7037,7030,7036.0,7029.0,7036.0,7029.5
2025-12-05 01:50:00,17000,7040,7028,7029,7033,7043,7029,7030,7035,7041.5,7028.5,7029.5,7034.0
2025-12-05 01:55:00,19400,7036,7027,7033,7035,7039,7029,7035,7037,7037.5,7028.0,7034.0,7036.0
2025-12-05 02:00:00,28100,7039,7029,7035,7033,7041,7030,7037,7035,7040.0,7029.5,7036.0,7034.0
2025-12-05 02:05:00,16100,7036,7032,7033,7032,7038,7033,7035,7033,7037.0,7032.5,7034.0,7032.5
2025-12-05 02:10:00,51100,7032,7022,7032,7024,7033,7024,7033,7026,7032.5,7023.0,7032.5,7025.0
2025-12-05 02:15:00,23200,7029,7022,7024,7023,7030,7023,7026,7025,7029.5,7022.5,7025.0,7024.0
2025-12-05 02:20:00,17100,7032,7022,7023,7032,7034,7023,7024,7034,7033.0,7022.5,7023.5,7033.0
2025-12-05 02:25:00,18900,7036,7030,7032,7031,7037,7032,7034,7034,7036.5,7031.0,7033.0,7032.5
2025-12-05 02:30:00,7300,7031,7031,7031,7031,7034,7034,7034,7034,7032.5,7032.5,7032.5,7032.5
2025-12-05 03:30:00,168700,7031,7007,7031,7016,7033,7008,7032,7017,7032.0,7007.5,7031.5,7016.5
2025-12-05 03:35:00,50700,7019,7005,7016,7008,7020,7006,7017,7009,7019.5,7005.5,7016.5,7008.5
2025-12-05 03:40:00,27400,7018,7008,7008,7015,7019,7009,7009,7016,7018.5,7008.5,7008.5,7015.5
2025-12-05 03:45:00,29300,7016,7008,7015,7009,7017,7009,7016,7011,7016.5,7008.5,7015.5,7010.0
2025-12-05 03:50:00,24500,7018,7009,7009,7015,7021,7011,7011,7016,7019.0,7010.0,7010.0,7015.5
2025-12-05 03:55:00,29200,7020,7015,7015,7016,7022,7016,7016,7017,7021.0,7015.5,7015.5,7016.5
2025-12-05 04:00:00,24500,7021,7013,7016,7020,7022,7014,7017,7021,7021.5,7013.5,7016.5,7020.5
2025-12-05 04:05:00,18100,7026,7020,7020,7022,7028,7021,7021,7023,7027.0,7020.5,7020.5,7022.5
2025-12-05 04:10:00,34400,7023,7013,7022,7016,7027,7015,7023,7018,7025.0,7014.0,7022.5,7017.0
2025-12-05 04:15:00,15300,7018,7015,7016,7016,7019,7016,7018,7018,7018.5,7015.5,7017.0,7017.0
2025-12-05 04:20:00,31100,7016,7010,7016,7010,7018,7011,7018,7011,7017.0,7010.5,7017.0,7010.5
2025-12-05 04:25:00,42600,7012,7007,7010,7012,7014,7008,7011,7013,7013.0,7007.5,7010.5,7012.5
2025-12-05 04:30:00,24300,7012,7005,7012,7007,7013,7007,7013,7009,7012.5,7006.0,7012.5,7008.0
2025-12-05 04:35:00,9800,7010,7007,7007,7009,7012,7009,7009,7010,7011.0,7008.0,7008.0,7009.5
2025-12-05 04:40:00,22100,7014,7007,7009,7013,7015,7008,7010,7015,7014.5,7007.5,7009.5,7014.0
2025-12-05 04:45:00,21100,7014,7006,7013,7007,7016,7007,7015,7009,7015.0,7006.5,7014.0,7008.0
2025-12-05 04:50:00,13100,7012,7007,7007,7012,7014,7009,7009,7014,7013.0,7008.0,7008.0,7013.0
2025-12-05 04:55:00,18500,7017,7011,7012,7012,7018,7012,7014,7013,7017.5,7011.5,7013.0,7012.5
2025-12-05 05:00:00,17000,7014,7010,7012,7010,7015,7011,7013,7011,7014.5,7010.5,7012.5,7010.5
2025-12-05 05:05:00,37300,7018,7007,7010,7016,7023,7008,7011,7017,7018.5,7007.5,7010.5,7016.5
2025-12-05 05:10:00,18800,7020,7011,7016,7020,7021,7013,7017,7021,7020.5,7012.0,7016.5,7020.5
2025-12-05 05:15:00,19300,7020,7013,7020,7015,7021,7015,7021,7017,7020.5,7014.0,7020.5,7016.0
2025-12-05 05:20:00,12100,7018,7014,7015,7018,7019,7016,7017,7019,7018.5,7015.0,7016.0,7018.5
2025-12-05 05:25:00,15400,7020,7016,7018,7019,7021,7017,7019,7021,7020.5,7016.5,7018.5,7020.0
2025-12-05 05:30:00,26700,7024,7017,7019,7019,7026,7019,7021,7021,7025.0,7018.0,7020.0,7020.0
2025-12-05 05:35:00,13900,7022,7016,7019,7016,7023,7017,7021,7017,7022.5,7016.5,7020.0,7016.5
2025-12-05 05:40:00,24000,7017,7013,7016,7013,7018,7014,7017,7015,7017.5,7013.5,7016.5,7014.0
2025-12-05 05:45:00,43000,7015,7008,7013,7008,7016,7009,7015,7009,7015.5,7008.5,7014.0,7008.5
2025-12-05 05:50:00,33000,7009,7005,7008,7006,7010,7006,7009,7007,7009.5,7005.5,7008.5,7006.5
2025-12-05 05:55:00,39600,7010,7005,7006,7008,7011,7006,7007,7010,7010.5,7005.5,7006.5,7009.0
2025-12-05 06:00:00,19100,7009,7006,7008,7009,7010,7007,7010,7010,7009.5,7006.5,7009.0,7009.5
2025-12-05 06:05:00,43300,7020,7009,7009,7012,7021,7010,7010,7014,7020.5,7009.5,7009.5,7013.0
2025-12-05 06:10:00,21600,7013,7010,7012,7012,7014,7012,7014,7013,7013.5,7011.0,7013.0,7012.5
2025-12-05 06:15:00,31900,7016,7010,7012,7012,7017,7011,7013,7014,7016.5,7010.5,7012.5,7013.0
2025-12-05 06:20:00,58500,7015,7010,7012,7012,7016,7011,7014,7014,7015.5,7010.5,7013.0,7013.0
2025-12-05 06:25:00,,7063,6997,7039,7000,7064,6998,7040,7001,7063.5,6997.5,7039.5,7000.5
2025-12-05 06:30:00,747200,7000,7000,7000,7000,7010,7010,7010,7010,7005.0,7005.0,7005.0,7005.0
2025-12-08 00:00:00,266800,7050,7002,7035,7014,7053,7005,7035,7016,7051.5,7004.5,7035.0,7015.0
2025-12-08 00:05:00,55800,7017,7003,7014,7012,7020,7005,7016,7015,7018.5,7004.0,7015.0,7013.5
2025-12-08 00:10:00,27100,7017,7008,7012,7014,7018,7010,7015,7017,7017.5,7009.0,7013.5,7015.5
2025-12-08 00:15:00,27000,7018,7003,7014,7005,7020,7004,7017,7006,7019.0,7003.5,7015.5,7005.5
2025-12-08 00:20:00,27400,7013,7001,7005,7007,7015,7002,7006,7008,7014.0,7001.5,7005.5,7007.5
2025-12-08 00:25:00,16200,7011,7005,7007,7011,7013,7006,7008,7013,7012.0,7005.5,7007.5,7012.0
2025-12-08 00:30:00,21600,7011,7003,7011,7004,7013,7005,7013,7006,7012.0,7004.0,7012.0,7005.0
2025-12-08 00:35:00,84700,7008,6998,7004,7005,7009,6999,7006,7007,7008.5,6998.5,7005.0,7006.0
2025-12-08 00:40:00,11100,7007,7001,7005,7001,7009,7002,7007,7002,7008.0,7001.5,7006.0,7001.5
2025-12-08 00:45:00,29500,7021,6998,7001,7014,7022,7000,7002,7016,7021.5,6999.0,7001.5,7015.0
2025-12-08 00:50:00,11900,7022,7014,7014,7022,7023,7015,7016,7023,7022.5,7014.5,7015.0,7022.5
2025-12-08 00:55:00,20300,7025,7019,7022,7023,7027,7020,7023,7025,7026.0,7019.5,7022.5,7024.0
2025-12-08 01:00:00,28000,7034,7022,7023,7029,7035,7023,7025,7030,7034.5,7022.5,7024.0,7029.5
2025-12-08 01:05:00,15900,7034,7026,7029,7027,7036,7027,7030,7029,7035.0,7026.5,7029.5,7028.0
2025-12-08 01:10:00,14600,7028,7018,7027,7018,7030,7020,7029,7020,7029.0,7019.0,7028.0,7019.0
2025-12-08 01:15:00,8900,7020,7015,7018,7016,7021,7016,7020,7018,7020.5,7015.5,7019.0,7017.0
2025-12-08 01:20:00,9300,7028,7016,7016,7027,7029,7017,7018,7029,7028.5,7016.5,7017.0,7028.0
2025-12-08 01:25:00,9700,7031,7024,7027,7027,7033,7026,7029,7028,7032.0,7025.5,7028.0,7027.5
2025-12-08 01:30:00,9400,7030,7025,7027,7025,7033,7026,7028,7026,7031.5,7025.5,7027.5,7025.5
2025-12-08 01:35:00,8600,7026,7021,7025,7022,7027,7022,7026,7024,7026.5,7021.5,7025.5,7023.0
2025-12-08 01:40:00,7000,7025,7022,7022,7022,7026,7023,7024,7024,7025.5,7022.5,7023.0,7023.0
2025-12-08 01:45:00,9900,7026,7020,7022,7026,7027,7021,7024,7027,7026.5,7020.5,7023.0,7026.5
2025-12-08 01:50:00,16000,7032,7025,7026,7027,7033,7026,7027,7029,7032.5,7025.5,7026.5,7028.0
2025-12-08 01:55:00,7800,7029,7025,7028,7027,7030,7026,7029,7028,7029.5,7025.5,7028.5,7027.5
2025-12-08 02:00:00,11400,7031,7026,7027,7030,7033,7027,7028,7032,7032.0,7026.5,7027.5,7031.0
2025-12-08 02:05:00,17100,7036,7030,7030,7033,7037,7031,7032,7034,7036.5,7030.5,7031.0,7033.5
2025-12-08 02:10:00,15100,7036,7031,7033,7032,7038,7032,7034,7033,7036.5,7031.5,7033.5,7032.5
2025-12-08 02:15:00,21300,7039,7031,7032,7034,7040,7032,7033,7035,7039.5,7031.5,7032.5,7034.5
2025-12-08 02:20:00,16400,7037,7029,7034,7034,7038,7034,7035,7035,7037.5,7031.5,7034.5,7034.5
2025-12-08 02:25:00,12800,7039,7034,7034,7038,7040,7035,7035,7040,7039.5,7034.5,7034.5,7039.0
2025-12-08 02:30:00,1900,7038,7038,7038,7038,7040,7040,7040,7040,7039.0,7039.0,7039.0,7039.0
2025-12-08 03:30:00,49900,7041,7032,7032,7040,7043,7035,7035,7041,7041.5,7033.5,7033.5,7040.5
2025-12-08 03:35:00,15100,7042,7037,7040,7037,7044,7038,7041,7038,7043.0,7037.5,7040.5,7037.5
2025-12-08 03:40:00,9800,7037,7032,7037,7033,7038,7034,7038,7034,7037.5,7033.5,7037.5,7033.5
2025-12-08 03:45:00,12700,7038,7033,7033,7038,7040,7034,7034,7040,7039.0,7033.5,7033.5,7039.0
2025-12-08 03:50:00,26500,7042,7034,7038,7034,7043,7036,7040,7036,7042.5,7035.0,7039.0,7035.0
2025-12-08 03:55:00,11100,7034,7031,7034,7031,7037,7033,7036,7033,7035.5,7032.0,7035.0,7032.0
2025-12-08 04:00:00,9600,7031,7023,7031,7023,7033,7024,7033,7024,7032.0,7023.5,7032.0,7023.5
2025-12-08 04:05:00,6200,7023,7020,7023,7022,7024,7022,7024,7023,7023.5,7021.0,7023.5,7022.5
2025-12-08 04:10:00,9000,7029,7022,7022,7028,7030,7023,7023,7030,7029.5,7022.5,7022.5,7029.0
2025-12-08 04:15:00,8800,7031,7028,7028,7031,7032,7029,7030,7032,7031.5,7028.5,7029.0,7031.5
2025-12-08 04:20:00,6200,7032,7030,7031,7031,7033,7031,7032,7032,7032.5,7030.5,7031.5,7031.5
2025-12-08 04:25:00,8900,7032,7030,7031,7031,7033,7031,7032,7033,7032.5,7030.5,7031.5,7032.0
2025-12-08 04:30:00,10600,7037,7031,7031,7035,7038,7033,7033,7036,7037.5,7032.0,7032.0,7035.5
2025-12-08 04:35:00,7400,7037,7033,7034,7037,7038,7034,7036,7038,7037.5,7033.5,7035.0,7037.5
2025-12-08 04:40:00,5100,7037,7036,7037,7036,7038,7037,7038,7037,7037.5,7036.5,7037.5,7036.5
2025-12-08 04:45:00,14100,7039,7036,7036,7037,7040,7037,7037,7038,7039.5,7036.5,7036.5,7037.5
2025-12-08 04:50:00,6900,7039,7036,7037,7039,7040,7037,7038,7040,7039.5,7036.5,7037.5,7039.5
2025-12-08 04:55:00,11500,7039,7034,7039,7034,7040,7036,7040,7036,7039.5,7035.0,7039.5,7035.0
2025-12-08 05:00:00,5100,7034,7033,7034,7034,7036,7034,7036,7035,7035.0,7033.5,7035.0,7034.5
2025-12-08 05:05:00,8100,7037,7034,7034,7037,7039,7035,7035,7038,7038.0,7034.5,7034.5,7037.5
2025-12-08 05:10:00,4200,7038,7036,7037,7038,7039,7037,7038,7039,7038.5,7036.5,7037.5,7038.5
2025-12-08 05:15:00,6200,7039,7038,7038,7038,7040,7039,7039,7039,7039.5,7038.5,7038.5,7038.5
2025-12-08 05:20:00,5400,7038,7037,7038,7038,7039,7038,7039,7039,7038.5,7037.5,7038.5,7038.5
2025-12-08 05:25:00,13900,7039,7037,7038,7038,7040,7038,7039,7039,7039.5,7037.5,7038.5,7038.5
2025-12-08 05:30:00,13900,7039,7037,7038,7038,7040,7038,7039,7040,7039.5,7037.5,7038.5,7039.0
2025-12-08 05:35:00,9000,7040,7038,7038,7039,7041,7040,7040,7040,7040.5,7039.0,7039.0,7039.5
2025-12-08 05:40:00,16900,7042,7039,7039,7040,7043,7040,7040,7041,7042.5,7039.5,7039.5,7040.5
2025-12-08 05:45:00,12000,7041,7037,7040,7038,7042,7038,7041,7039,7041.5,7037.5,7040.5,7038.5
2025-12-08 05:50:00,22700,7043,7037,7038,7040,7044,7038,7039,7041,7043.5,7037.5,7038.5,7040.5
2025-12-08 05:55:00,11000,7040,7038,7040,7039,7041,7039,7041,7040,7040.5,7038.5,7040.5,7039.5
2025-12-08 06:00:00,16800,7039,7035,7039,7038,7040,7036,7040,7040,7039.5,7035.5,7039.5,7039.0
2025-12-08 06:05:00,18700,7044,7037,7038,7044,7045,7038,7040,7045,7044.5,7037.5,7039.0,7044.5
2025-12-08 06:10:00,40600,7057,7044,7044,7057,7059,7045,7045,7058,7058.0,7044.5,7044.5,7057.5
2025-12-08 06:15:00,26300,7072,7057,7057,7072,7073,7058,7058,7073,7072.5,7057.5,7057.5,7072.5
2025-12-08 06:20:00,42100,7079,7071,7072,7077,7080,7073,7073,7079,7079.5,7072.0,7072.5,7078.0
2025-12-08 06:25:00,,7080,7001,7064,7080,7081,7002,7065,7081,7080.5,7001.5,7064.5,7080.5
2025-12-08 06:30:00,427000,7080,7080,7080,7080,7082,7082,7082,7082,7081.0,7081.0,7081.0,7081.0
2025-12-09 00:00:00,171800,7149,7090,7101,7148,7155,7099,7102,7150,7152.0,7094.5,7101.5,7149.0
2025-12-09 00:05:00,76900,7168,7136,7147,7161,7169,7140,7150,7162,7168.5,7138.0,7148.5,7161.5
2025-12-09 00:10:00,38900,7161,7140,7161,7140,7163,7142,7162,7143,7162.0,7141.5,7161.5,7141.5
2025-12-09 00:15:00,43200,7144,7120,7140,7120,7145,7121,7143,7123,7144.5,7120.5,7141.5,7121.5
2025-12-09 00:20:00,14500,7125,7119,7120,7124,7128,7120,7123,7126,7126.5,7119.5,7121.5,7125.0
2025-12-09 00:25:00,22800,7135,7116,7124,7116,7138,7118,7126,7119,7136.5,7117.0,7125.0,7117.5
2025-12-09 00:30:00,21200,7117,7104,7116,7112,7119,7106,7119,7114,7118.0,7105.0,7117.5,7113.0
2025-12-09 00:35:00,12200,7118,7112,7112,7117,7119,7113,7114,7119,7118.5,7112.5,7113.0,7118.0
2025-12-09 00:40:00,14200,7125,7116,7117,7125,7127,7117,7119,7127,7126.0,7116.5,7118.0,7126.0
2025-12-09 00:45:00,20100,7129,7123,7125,7128,7130,7125,7127,7130,7129.5,7124.0,7126.0,7129.0
2025-12-09 00:50:00,21000,7143,7126,7128,7142,7145,7127,7130,7143,7144.0,7126.5,7129.0,7142.5
2025-12-09 00:55:00,22300,7148,7134,7142,7143,7150,7136,7143,7144,7149.0,7135.0,7142.5,7143.5
2025-12-09 01:00:00,10700,7147,7140,7143,7141,7148,7142,7144,7142,7147.5,7141.5,7143.5,7141.5
2025-12-09 01:05:00,9500,7141,7131,7141,7132,7142,7132,7142,7133,7141.5,7131.5,7141.5,7132.5
2025-12-09 01:10:00,12200,7135,7129,7132,7131,7136,7130,7133,7133,7135.5,7129.5,7132.5,7132.0
2025-12-09 01:15:00,15400,7133,7126,7131,7130,7134,7128,7133,7133,7133.5,7127.0,7132.0,7131.5
2025-12-09 01:20:00,8800,7132,7125,7130,7126,7133,7127,7133,7127,7132.5,7126.0,7131.5,7126.5
2025-12-09 01:25:00,14300,7129,7120,7126,7126,7130,7121,7127,7127,7129.5,7120.5,7126.5,7126.5
2025-12-09 01:30:00,9100,7128,7121,7126,7123,7129,7123,7127,7124,7128.5,7122.0,7126.5,7123.5
2025-12-09 01:35:00,11600,7126,7120,7123,7122,7127,7121,7124,7124,7126.5,7120.5,7123.5,7123.0
2025-12-09 01:40:00,10900,7123,7117,7122,7122,7124,7119,7124,7124,7123.5,7118.0,7123.0,7123.0
2025-12-09 01:45:00,15300,7131,7121,7122,7131,7132,7123,7124,7132,7131.5,7122.0,7123.0,7131.5
2025-12-09 01:50:00,7500,7134,7128,7131,7132,7135,7130,7132,7135,7134.5,7129.0,7131.5,7133.5
2025-12-09 01:55:00,7800,7145,7133,7133,7145,7146,7135,7135,7146,7145.5,7134.0,7134.0,7145.5
2025-12-09 02:00:00,9400,7146,7141,7145,7141,7147,7142,7146,7142,7146.5,7141.5,7145.5,7141.5
2025-12-09 02:05:00,9300,7143,7138,7141,7142,7144,7139,7142,7143,7143.5,7138.5,7141.5,7142.5
2025-12-09 02:10:00,10800,7145,7133,7142,7138,7146,7135,7143,7140,7145.5,7134.0,7142.5,7139.0
2025-12-09 02:15:00,9700,7139,7132,7138,7134,7140,7134,7140,7136,7139.5,7133.5,7139.0,7135.0
2025-12-09 02:20:00,8100,7139,7131,7135,7135,7140,7133,7136,7137,7139.5,7132.0,7135.5,7136.0
2025-12-09 02:25:00,8300,7136,7130,7135,7130,7138,7132,7137,7132,7137.0,7131.0,7136.0,7131.0
2025-12-09 02:30:00,900,7130,7130,7130,7130,7132,7132,7132,7132,7131.0,7131.0,7131.0,7131.0
2025-12-09 03:30:00,36100,7138,7125,7131,7133,7139,7126,7132,7135,7138.5,7125.5,7131.5,7134.0
2025-12-09 03:35:00,15100,7145,7133,7133,7144,7147,7135,7135,7146,7146.0,7134.0,7134.0,7145.0
2025-12-09 03:40:00,12900,7144,7134,7144,7136,7146,7135,7146,7137,7145.0,7134.5,7145.0,7136.5
2025-12-09 03:45:00,11000,7141,7135,7136,7136,7142,7137,7137,7137,7141.5,7136.0,7136.5,7136.5
2025-12-09 03:50:00,10300,7136,7131,7136,7131,7137,7132,7137,7133,7136.5,7131.5,7136.5,7132.0
2025-12-09 03:55:00,23000,7132,7121,7131,7121,7133,7122,7133,7122,7132.5,7121.5,7132.0,7121.5
2025-12-09 04:00:00,15500,7125,7119,7121,7125,7126,7120,7122,7126,7125.5,7119.5,7121.5,7125.5
2025-12-09 04:05:00,10800,7135,7125,7125,7135,7136,7126,7126,7136,7135.5,7125.5,7125.5,7135.5
2025-12-09 04:10:00,6200,7135,7132,7135,7135,7136,7134,7136,7136,7135.5,7133.0,7135.5,7135.5
2025-12-09 04:15:00,8900,7137,7133,7135,7136,7138,7134,7136,7137,7137.5,7133.5,7135.5,7136.5
2025-12-09 04:20:00,9500,7139,7131,7136,7132,7140,7133,7137,7134,7139.5,7132.0,7136.5,7133.0
2025-12-09 04:25:00,7100,7134,7132,7132,7134,7135,7133,7134,7135,7134.5,7132.5,7133.0,7134.5
2025-12-09 04:30:00,5400,7136,7134,7134,7134,7137,7135,7135,7135,7136.5,7134.5,7134.5,7134.5
2025-12-09 04:35:00,9100,7136,7132,7134,7132,7137,7133,7135,7135,7136.5,7132.5,7134.5,7133.5
2025-12-09 04:40:00,6000,7136,7132,7132,7136,7137,7134,7135,7137,7136.5,7133.5,7133.5,7136.5
2025-12-09 04:45:00,10000,7138,7134,7136,7138,7139,7135,7137,7139,7138.5,7134.5,7136.5,7138.5
2025-12-09 04:50:00,7400,7139,7135,7138,7136,7140,7136,7139,7137,7139.5,7135.5,7138.5,7136.5
2025-12-09 04:55:00,5800,7136,7133,7136,7136,7137,7134,7137,7137,7136.5,7133.5,7136.5,7136.5
2025-12-09 05:00:00,13300,7137,7131,7136,7132,7138,7132,7137,7133,7137.5,7131.5,7136.5,7132.5
2025-12-09 05:05:00,6800,7133,7130,7132,7133,7134,7131,7133,7134,7133.5,7130.5,7132.5,7133.5
2025-12-09 05:10:00,8300,7133,7130,7133,7131,7134,7131,7134,7132,7133.5,7130.5,7133.5,7131.5
2025-12-09 05:15:00,14600,7131,7127,7130,7129,7132,7128,7132,7131,7131.5,7127.5,7131.0,7130.0
2025-12-09 05:20:00,30400,7130,7126,7129,7130,7132,7128,7131,7132,7131.0,7127.0,7130.0,7131.0
2025-12-09 05:25:00,8400,7133,7129,7130,7131,7134,7132,7132,7134,7133.5,7130.5,7131.0,7132.5
2025-12-09 05:30:00,15800,7133,7127,7131,7128,7135,7129,7134,7129,7134.0,7128.0,7132.5,7128.5
2025-12-09 05:35:00,8400,7129,7126,7128,7127,7130,7127,7129,7128,7129.5,7126.5,7128.5,7127.5
2025-12-09 05:40:00,9200,7130,7125,7127,7126,7131,7127,7128,7127,7130.5,7126.0,7127.5,7126.5
2025-12-09 05:45:00,14100,7128,7124,7126,7124,7129,7125,7127,7125,7128.5,7124.5,7126.5,7124.5
2025-12-09 05:50:00,19100,7130,7123,7124,7129,7131,7125,7125,7130,7130.5,7124.0,7124.5,7129.5
2025-12-09 05:55:00,8100,7129,7127,7129,7128,7130,7128,7130,7129,7129.5,7127.5,7129.5,7128.5
2025-12-09 06:00:00,16100,7128,7121,7128,7121,7129,7122,7129,7123,7128.5,7121.5,7128.5,7122.0
2025-12-09 06:05:00,14000,7123,7116,7121,7117,7124,7118,7123,7118,7123.5,7117.0,7122.0,7117.5
2025-12-09 06:10:00,18500,7117,7107,7117,7108,7118,7108,7118,7110,7117.5,7107.5,7117.5,7109.0
2025-12-09 06:15:00,17900,7110,7106,7108,7107,7111,7108,7110,7109,7110.5,7107.0,7109.0,7108.0
2025-12-09 06:20:00,29700,7122,7107,7107,7119,7125,7109,7109,7124,7123.5,7108.0,7108.0,7121.5
2025-12-09 06:25:00,,7149,7093,7147,7101,7150,7094,7148,7102,7149.5,7093.5,7147.5,7101.5
2025-12-09 06:30:00,395800,7101,7101,7101,7101,7102,7102,7102,7102,7101.5,7101.5,7101.5,7101.5
2025-12-10 00:00:00,237300,7234,7171,7184,7222,7239,7185,7185,7225,7236.5,7178.0,7184.5,7223.5
2025-12-10 00:05:00,43600,7237,7214,7222,7230,7238,7217,7225,7233,7237.5,7215.5,7223.5,7231.5
2025-12-10 00:10:00,38200,7248,7228,7230,7247,7249,7230,7233,7249,7248.5,7229.0,7231.5,7248.0
2025-12-10 00:15:00,49500,7258,7241,7247,7250,7260,7243,7249,7253,7258.5,7242.0,7248.0,7251.5
2025-12-10 00:20:00,19800,7253,7243,7250,7248,7254,7246,7253,7250,7253.5,7244.5,7251.5,7249.0
2025-12-10 00:25:00,24400,7251,7238,7248,7242,7254,7240,7249,7243,7252.5,7239.0,7248.5,7242.5
2025-12-10 00:30:00,16900,7252,7241,7242,7251,7254,7242,7243,7254,7252.5,7241.5,7242.5,7252.5
2025-12-10 00:35:00,34400,7262,7250,7251,7260,7264,7253,7254,7262,7263.0,7251.5,7252.5,7261.0
2025-12-10 00:40:00,13400,7263,7254,7260,7254,7264,7256,7262,7256,7263.5,7255.0,7261.0,7255.0
2025-12-10 00:45:00,15700,7254,7240,7254,7243,7256,7243,7256,7244,7255.0,7241.5,7255.0,7243.5
2025-12-10 00:50:00,15400,7246,7237,7243,7237,7249,7239,7244,7240,7247.5,7238.0,7243.5,7238.5
2025-12-10 00:55:00,12500,7239,7230,7237,7230,7241,7231,7240,7231,7239.5,7230.5,7238.5,7230.5
2025-12-10 01:00:00,7300,7242,7230,7230,7236,7244,7231,7231,7238,7243.0,7230.5,7230.5,7237.0
2025-12-10 01:05:00,19700,7238,7218,7236,7220,7241,7220,7238,7222,7239.5,7219.5,7237.0,7221.0
2025-12-10 01:10:00,14800,7220,7212,7220,7213,7222,7214,7222,7214,7221.0,7213.0,7221.0,7213.5
2025-12-10 01:15:00,12400,7215,7210,7213,7215,7217,7212,7214,7216,7216.0,7211.0,7213.5,7215.5
2025-12-10 01:20:00,16300,7217,7205,7215,7212,7219,7206,7216,7213,7218.0,7205.5,7215.5,7212.5
2025-12-10 01:25:00,8700,7212,7206,7212,7208,7214,7208,7213,7210,7213.0,7207.0,7212.5,7209.0
2025-12-10 01:30:00,15400,7209,7201,7208,7204,7211,7203,7210,7205,7210.0,7202.0,7209.0,7204.5
2025-12-10 01:35:00,17700,7217,7204,7204,7214,7218,7205,7205,7216,7217.5,7204.5,7204.5,7215.0
2025-12-10 01:40:00,15000,7220,7212,7214,7220,7223,7214,7216,7222,7221.5,7213.0,7215.0,7221.0
2025-12-10 01:45:00,10300,7225,7218,7220,7221,7226,7219,7222,7223,7225.5,7218.5,7221.0,7222.0
2025-12-10 01:50:00,10200,7223,7220,7221,7222,7225,7221,7223,7223,7224.0,7220.5,7222.0,7222.5
2025-12-10 01:55:00,29300,7222,7216,7222,7216,7223,7217,7223,7217,7222.5,7216.5,7222.5,7216.5
2025-12-10 02:00:00,10000,7223,7215,7216,7218,7224,7217,7217,7220,7223.5,7216.0,7216.5,7219.0
2025-12-10 02:05:00,11600,7228,7218,7218,7225,7229,7219,7220,7227,7228.5,7218.5,7219.0,7226.0
2025-12-10 02:10:00,11600,7229,7224,7225,7226,7230,7225,7227,7228,7229.5,7224.5,7226.0,7227.0
2025-12-10 02:15:00,10100,7228,7217,7226,7221,7229,7220,7228,7223,7228.5,7218.5,7227.0,7222.0
2025-12-10 02:20:00,7400,7229,7221,7221,7229,7230,7223,7223,7230,7229.5,7222.0,7222.0,7229.5
2025-12-10 02:25:00,12000,7236,7229,7229,7236,7239,7230,7230,7239,7237.5,7229.5,7229.5,7237.5
2025-12-10 02:30:00,2900,7236,7236,7236,7236,7239,7239,7239,7239,7237.5,7237.5,7237.5,7237.5
2025-12-10 03:30:00,80400,7264,7216,7216,7259,7267,7217,7217,7260,7265.5,7216.5,7216.5,7259.5
2025-12-10 03:35:00,18000,7262,7257,7259,7261,7263,7259,7260,7262,7262.5,7258.0,7259.5,7261.5
2025-12-10 03:40:00,13400,7266,7260,7261,7260,7267,7262,7263,7262,7266.5,7261.0,7262.0,7261.0
2025-12-10 03:45:00,11900,7265,7260,7260,7265,7266,7261,7262,7266,7265.5,7260.5,7261.0,7265.5
2025-12-10 03:50:00,14600,7268,7263,7265,7267,7269,7264,7266,7268,7268.5,7263.5,7265.5,7267.5
2025-12-10 03:55:00,23300,7272,7266,7267,7272,7273,7267,7268,7273,7272.5,7266.5,7267.5,7272.5
2025-12-10 04:00:00,15500,7274,7270,7272,7273,7275,7271,7273,7274,7274.5,7270.5,7272.5,7273.5
2025-12-10 04:05:00,12100,7274,7268,7273,7272,7275,7269,7274,7274,7274.5,7268.5,7273.5,7273.0
2025-12-10 04:10:00,8900,7276,7272,7272,7273,7277,7274,7274,7274,7276.5,7273.0,7273.0,7273.5
2025-12-10 04:15:00,9900,7273,7266,7273,7268,7275,7268,7274,7269,7274.0,7267.0,7273.5,7268.5
2025-12-10 04:20:00,25900,7268,7262,7268,7266,7269,7263,7269,7267,7268.5,7262.5,7268.5,7266.5
2025-12-10 04:25:00,7100,7269,7266,7266,7268,7270,7267,7267,7269,7269.5,7266.5,7266.5,7268.5
2025-12-10 04:30:00,8000,7270,7265,7268,7269,7271,7267,7269,7270,7270.5,7266.0,7268.5,7269.5
2025-12-10 04:35:00,9200,7270,7267,7269,7267,7271,7268,7270,7269,7270.5,7267.5,7269.5,7268.0
2025-12-10 04:40:00,10100,7268,7265,7267,7266,7269,7266,7269,7267,7268.5,7265.5,7268.0,7266.5
2025-12-10 04:45:00,20900,7266,7262,7266,7265,7267,7263,7267,7267,7266.5,7262.5,7266.5,7266.0
2025-12-10 04:50:00,12800,7267,7260,7266,7262,7268,7261,7267,7263,7267.5,7260.5,7266.5,7262.5
2025-12-10 04:55:00,9000,7263,7256,7262,7257,7264,7259,7263,7259,7263.5,7257.5,7262.5,7258.0
2025-12-10 05:00:00,17700,7257,7250,7257,7256,7259,7251,7259,7257,7258.0,7250.5,7258.0,7256.5
2025-12-10 05:05:00,12800,7256,7241,7256,7241,7257,7242,7257,7243,7256.5,7241.5,7256.5,7242.0
2025-12-10 05:10:00,11600,7243,7235,7241,7235,7244,7236,7243,7236,7243.5,7235.5,7242.0,7235.5
2025-12-10 05:15:00,22100,7237,7225,7235,7229,7239,7228,7236,7231,7238.0,7226.5,7235.5,7230.0
2025-12-10 05:20:00,5700,7234,7229,7229,7232,7235,7231,7231,7234,7234.5,7230.0,7230.0,7233.0
2025-12-10 05:25:00,10900,7235,7229,7232,7230,7236,7230,7234,7232,7235.5,7229.5,7233.0,7231.0
2025-12-10 05:30:00,15200,7236,7229,7230,7229,7237,7230,7232,7231,7236.5,7229.5,7231.0,7230.0
2025-12-10 05:35:00,14800,7229,7224,7229,7224,7231,7226,7231,7226,7230.0,7225.0,7230.0,7225.0
2025-12-10 05:40:00,14200,7228,7220,7224,7221,7230,7221,7226,7222,7229.0,7220.5,7225.0,7221.5
2025-12-10 05:45:00,25000,7221,7216,7221,7217,7223,7217,7222,7219,7222.0,7216.5,7221.5,7218.0
2025-12-10 05:50:00,24600,7221,7214,7217,7217,7222,7215,7219,7220,7221.5,7214.5,7218.0,7218.5
2025-12-10 05:55:00,15800,7222,7217,7217,7222,7224,7218,7218,7223,7223.0,7217.5,7217.5,7222.5
2025-12-10 06:00:00,21200,7222,7211,7222,7212,7223,7213,7223,7213,7222.5,7212.0,7222.5,7212.5
2025-12-10 06:05:00,12900,7223,7212,7212,7222,7224,7213,7213,7223,7223.5,7212.5,7212.5,7222.5
2025-12-10 06:10:00,17300,7226,7219,7222,7219,7227,7220,7223,7220,7226.5,7219.5,7222.5,7219.5
2025-12-10 06:15:00,29400,7219,7213,7219,7215,7220,7215,7220,7217,7219.5,7214.0,7219.5,7216.0
2025-12-10 06:20:00,24500,7218,7211,7215,7217,7221,7213,7217,7220,7219.5,7212.0,7216.0,7218.5
2025-12-10 06:25:00,,7260,7126,7204,7228,7261,7126,7205,7229,7260.5,7126.0,7204.5,7228.5
2025-12-10 06:30:00,575100,7220,7220,7220,7220,7230,7230,7230,7230,7225.0,7225.0,7225.0,7225.0
2025-12-11 00:00:00,119200,7258,7215,7239,7220,7259,7219,7240,7222,7258.5,7217.0,7239.5,7221.0
2025-12-11 00:05:00,23300,7236,7217,7220,7230,7237,7219,7222,7233,7236.5,7218.5,7221.0,7231.5
2025-12-11 00:10:00,14600,7234,7227,7230,7228,7236,7228,7233,7230,7235.0,7227.5,7231.5,7229.0
2025-12-11 00:15:00,23200,7230,7223,7228,7227,7232,7225,7230,7230,7231.0,7224.0,7229.0,7228.5
2025-12-11 00:20:00,52500,7234,7223,7227,7231,7237,7224,7230,7234,7235.5,7223.5,7228.5,7232.5
2025-12-11 00:25:00,18200,7243,7231,7231,7237,7246,7233,7234,7238,7244.5,7232.5,7232.5,7237.5
2025-12-11 00:30:00,19100,7238,7227,7237,7229,7241,7229,7238,7231,7239.5,7228.5,7237.5,7230.0
2025-12-11 00:35:00,18600,7231,7216,7229,7218,7232,7217,7231,7220,7231.5,7216.5,7230.0,7219.0
2025-12-11 00:40:00,7700,7219,7212,7218,7216,7220,7214,7220,7219,7219.5,7213.5,7219.0,7217.5
2025-12-11 00:45:00,7900,7222,7215,7216,7222,7223,7218,7219,7223,7222.5,7216.5,7217.5,7222.5
2025-12-11 00:50:00,5100,7226,7221,7222,7223,7229,7222,7223,7224,7227.5,7221.5,7222.5,7223.5
2025-12-11 00:55:00,8100,7230,7223,7223,7230,7232,7224,7224,7232,7231.0,7223.5,7223.5,7231.0
2025-12-11 01:00:00,11900,7236,7228,7230,7230,7237,7229,7232,7232,7236.5,7228.5,7231.0,7231.0
2025-12-11 01:05:00,7100,7235,7228,7230,7231,7237,7230,7232,7233,7235.5,7229.5,7231.0,7232.0
2025-12-11 01:10:00,10100,7234,7226,7231,7233,7235,7228,7233,7235,7234.5,7227.5,7232.0,7234.0
2025-12-11 01:15:00,4200,7234,7228,7233,7228,7236,7230,7235,7230,7235.0,7229.0,7234.0,7229.0
2025-12-11 01:20:00,8900,7230,7220,7228,7221,7231,7222,7230,7222,7230.5,7221.0,7229.0,7221.5
2025-12-11 01:25:00,11800,7222,7215,7221,7216,7223,7217,7222,7217,7222.5,7216.5,7221.5,7216.5
2025-12-11 01:30:00,5100,7217,7210,7216,7213,7219,7211,7217,7215,7218.0,7210.5,7216.5,7214.0
2025-12-11 01:35:00,8600,7214,7207,7213,7207,7215,7208,7215,7208,7214.5,7207.5,7214.0,7207.5
2025-12-11 01:40:00,2800,7212,7205,7207,7212,7213,7206,7208,7213,7212.5,7205.5,7207.5,7212.5
2025-12-11 01:45:00,5100,7217,7211,7212,7215,7218,7212,7213,7217,7217.5,7211.5,7212.5,7216.0
2025-12-11 01:50:00,5300,7215,7209,7215,7209,7217,7211,7217,7211,7216.0,7210.0,7216.0,7210.0
2025-12-11 01:55:00,21300,7211,7204,7209,7209,7213,7206,7211,7211,7212.0,7205.0,7210.0,7210.0
2025-12-11 02:00:00,6900,7212,7207,7209,7209,7215,7209,7211,7211,7213.5,7208.0,7210.0,7210.0
2025-12-11 02:05:00,25000,7209,7199,7209,7200,7211,7200,7211,7202,7210.0,7199.5,7210.0,7201.0
2025-12-11 02:10:00,12300,7200,7195,7200,7197,7202,7196,7202,7198,7201.0,7195.5,7201.0,7197.5
2025-12-11 02:15:00,5900,7199,7193,7197,7193,7202,7195,7198,7195,7200.5,7194.0,7197.5,7194.0
2025-12-11 02:20:00,3900,7195,7190,7193,7190,7196,7191,7195,7191,7195.5,7190.5,7194.0,7190.5
2025-12-11 02:25:00,9600,7193,7187,7190,7188,7194,7189,7191,7192,7193.5,7188.0,7190.5,7190.0
2025-12-11 02:30:00,900,7187,7187,7187,7187,7192,7192,7192,7192,7189.5,7189.5,7189.5,7189.5
2025-12-11 03:30:00,53700,7187,7170,7180,7174,7191,7172,7181,7176,7188.5,7171.5,7180.5,7175.0
2025-12-11 03:35:00,11400,7182,7170,7174,7179,7185,7172,7176,7181,7183.5,7171.0,7175.0,7180.0
2025-12-11 03:40:00,8000,7181,7177,7179,7179,7182,7179,7181,7180,7181.5,7178.0,7180.0,7179.5
2025-12-11 03:45:00,10400,7187,7174,7179,7185,7188,7175,7180,7186,7187.5,7174.5,7179.5,7185.5
2025-12-11 03:50:00,10900,7188,7181,7185,7181,7190,7183,7186,7183,7189.0,7182.0,7185.5,7182.0
2025-12-11 03:55:00,5600,7183,7180,7181,7181,7184,7181,7183,7183,7183.5,7180.5,7182.0,7182.0
2025-12-11 04:00:00,6300,7183,7180,7181,7182,7184,7181,7183,7183,7183.5,7180.5,7182.0,7182.5
2025-12-11 04:05:00,5100,7186,7180,7182,7180,7187,7181,7183,7181,7186.5,7180.5,7182.5,7180.5
2025-12-11 04:10:00,9600,7185,7180,7180,7182,7186,7181,7181,7183,7185.5,7180.5,7180.5,7182.5
2025-12-11 04:15:00,12500,7188,7181,7181,7187,7189,7182,7183,7188,7188.5,7181.5,7182.0,7187.5
2025-12-11 04:20:00,4300,7188,7184,7187,7186,7189,7185,7188,7187,7188.5,7184.5,7187.5,7186.5
2025-12-11 04:25:00,5600,7186,7181,7186,7185,7187,7184,7187,7186,7186.5,7182.5,7186.5,7185.5
2025-12-11 04:30:00,5600,7188,7182,7185,7182,7189,7184,7186,7184,7188.5,7183.0,7185.5,7183.0
2025-12-11 04:35:00,4800,7187,7182,7182,7187,7188,7183,7184,7188,7187.5,7182.5,7183.0,7187.5
2025-12-11 04:40:00,5800,7190,7184,7187,7186,7192,7186,7188,7187,7191.0,7185.0,7187.5,7186.5
2025-12-11 04:45:00,5300,7186,7180,7186,7181,7187,7182,7187,7183,7186.5,7181.0,7186.5,7182.0
2025-12-11 04:50:00,4300,7182,7180,7181,7180,7183,7181,7183,7181,7182.5,7180.5,7182.0,7180.5
2025-12-11 04:55:00,8300,7186,7180,7180,7182,7187,7181,7181,7183,7186.5,7180.5,7180.5,7182.5
2025-12-11 05:00:00,5200,7188,7181,7182,7186,7189,7183,7183,7187,7188.5,7182.0,7182.5,7186.5
2025-12-11 05:05:00,4600,7187,7183,7186,7183,7188,7184,7187,7184,7187.5,7183.5,7186.5,7183.5
2025-12-11 05:10:00,4700,7185,7182,7183,7182,7187,7183,7184,7184,7186.0,7182.5,7183.5,7183.0
2025-12-11 05:15:00,8000,7182,7176,7182,7178,7184,7178,7184,7179,7183.0,7177.0,7183.0,7178.5
2025-12-11 05:20:00,5000,7179,7176,7178,7176,7180,7177,7179,7177,7179.5,7176.5,7178.5,7176.5
2025-12-11 05:25:00,11000,7176,7166,7176,7166,7177,7168,7177,7168,7176.5,7167.0,7176.5,7167.0
2025-12-11 05:30:00,13100,7168,7164,7166,7167,7170,7165,7168,7169,7169.0,7164.5,7167.0,7168.0
2025-12-11 05:35:00,9000,7172,7167,7167,7172,7173,7169,7169,7173,7172.5,7168.0,7168.0,7172.5
2025-12-11 05:40:00,8600,7172,7166,7172,7166,7173,7167,7173,7167,7172.5,7166.5,7172.5,7166.5
2025-12-11 05:45:00,10900,7170,7165,7166,7170,7171,7167,7167,7171,7170.5,7166.0,7166.5,7170.5
2025-12-11 05:50:00,12200,7174,7170,7170,7173,7176,7171,7171,7174,7174.5,7170.5,7170.5,7173.5
2025-12-11 05:55:00,11400,7174,7170,7173,7170,7175,7171,7174,7171,7174.5,7170.5,7173.5,7170.5
2025-12-11 06:00:00,15700,7176,7168,7170,7171,7178,7169,7171,7172,7176.5,7168.5,7170.5,7171.5
2025-12-11 06:05:00,13200,7173,7168,7171,7170,7174,7170,7172,7171,7173.5,7169.0,7171.5,7170.5
2025-12-11 06:10:00,12900,7176,7169,7170,7174,7177,7171,7172,7176,7176.5,7170.0,7171.0,7175.0
2025-12-11 06:15:00,18000,7175,7169,7174,7171,7176,7170,7176,7172,7175.5,7169.5,7175.0,7171.5
2025-12-11 06:20:00,22000,7174,7166,7171,7174,7176,7167,7172,7176,7175.0,7166.5,7171.5,7175.0
2025-12-11 06:25:00,,7243,7153,7234,7171,7244,7154,7234,7172,7243.5,7153.5,7234.0,7171.5
2025-12-11 06:30:00,400400,7170,7170,7170,7170,7174,7174,7174,7174,7172.0,7172.0,7172.0,7172.0
2025-12-12 00:00:00,579100,7228,7180,7181,7224,7230,7180,7182,7228,7228.5,7180.0,7181.5,7226.0
2025-12-12 00:05:00,42400,7241,7217,7224,7239,7243,7222,7228,7240,7242.0,7219.5,7226.0,7239.5
2025-12-12 00:10:00,36100,7251,7236,7239,7250,7252,7238,7240,7251,7251.5,7237.5,7239.5,7250.5
2025-12-12 00:15:00,35400,7250,7235,7250,7245,7252,7239,7251,7247,7251.0,7237.5,7250.5,7246.0
2025-12-12 00:20:00,28000,7252,7233,7245,7233,7253,7235,7247,7235,7252.5,7234.0,7246.0,7234.0
2025-12-12 00:25:00,27500,7248,7230,7233,7247,7249,7231,7235,7249,7248.5,7230.5,7234.0,7248.0
2025-12-12 00:30:00,33500,7253,7243,7247,7250,7254,7244,7248,7252,7253.5,7243.5,7247.5,7251.0
2025-12-12 00:35:00,31000,7273,7250,7250,7271,7274,7252,7253,7273,7273.5,7251.0,7251.5,7272.0
2025-12-12 00:40:00,23000,7277,7270,7271,7270,7279,7271,7273,7272,7278.0,7270.5,7272.0,7271.0
2025-12-12 00:45:00,14000,7277,7269,7270,7273,7279,7271,7272,7275,7278.0,7270.0,7271.0,7274.0
2025-12-12 00:50:00,15200,7273,7267,7273,7270,7275,7269,7275,7272,7274.0,7268.0,7274.0,7271.0
2025-12-12 00:55:00,10500,7274,7268,7270,7271,7275,7270,7272,7273,7274.5,7269.0,7271.0,7272.0
2025-12-12 01:00:00,11200,7274,7265,7271,7266,7276,7266,7273,7268,7275.0,7265.5,7272.0,7267.0
2025-12-12 01:05:00,13600,7267,7255,7266,7264,7268,7257,7268,7266,7267.5,7256.0,7267.0,7265.0
2025-12-12 01:10:00,13000,7264,7259,7264,7261,7267,7260,7266,7263,7265.5,7259.5,7265.0,7262.0
2025-12-12 01:15:00,11000,7262,7255,7261,7260,7263,7257,7263,7262,7262.5,7256.0,7262.0,7261.0
2025-12-12 01:20:00,12100,7264,7256,7260,7260,7266,7258,7262,7262,7265.0,7257.0,7261.0,7261.0
2025-12-12 01:25:00,7100,7265,7257,7260,7260,7267,7259,7262,7261,7266.0,7258.0,7261.0,7260.5
2025-12-12 01:30:00,10100,7260,7253,7260,7255,7263,7255,7261,7257,7261.5,7254.0,7260.5,7256.0
2025-12-12 01:35:00,7800,7263,7252,7255,7262,7265,7253,7257,7264,7264.0,7252.5,7256.0,7263.0
2025-12-12 01:40:00,8900,7265,7260,7262,7264,7266,7262,7264,7265,7265.5,7261.0,7263.0,7264.5
2025-12-12 01:45:00,9100,7266,7263,7264,7264,7267,7264,7265,7265,7266.5,7263.5,7264.5,7264.5
2025-12-12 01:50:00,17500,7268,7263,7264,7263,7270,7265,7265,7265,7269.0,7264.0,7264.5,7264.0
2025-12-12 01:55:00,7800,7265,7257,7263,7258,7267,7259,7264,7261,7265.5,7258.0,7263.5,7259.5
2025-12-12 02:00:00,10200,7263,7256,7258,7263,7265,7258,7261,7265,7264.0,7257.0,7259.5,7264.0
2025-12-12 02:05:00,6200,7267,7263,7263,7267,7268,7264,7265,7268,7267.5,7263.5,7264.0,7267.5
2025-12-12 02:10:00,17900,7269,7263,7267,7265,7270,7265,7268,7267,7269.5,7264.0,7267.5,7266.0
2025-12-12 02:15:00,6400,7265,7258,7265,7261,7267,7260,7267,7262,7266.0,7259.0,7266.0,7261.5
2025-12-12 02:20:00,12700,7265,7261,7261,7262,7267,7262,7262,7264,7266.0,7261.5,7261.5,7263.0
2025-12-12 02:25:00,10200,7263,7259,7262,7260,7264,7260,7264,7263,7263.5,7259.5,7263.0,7261.5
2025-12-12 02:30:00,800,7260,7260,7260,7260,7263,7263,7263,7263,7261.5,7261.5,7261.5,7261.5
2025-12-12 03:30:00,32100,7263,7249,7260,7253,7266,7250,7261,7255,7264.0,7249.5,7260.5,7254.0
2025-12-12 03:35:00,9500,7263,7253,7253,7261,7265,7255,7255,7262,7263.5,7254.0,7254.0,7261.5
2025-12-12 03:40:00,23100,7271,7261,7261,7271,7273,7262,7262,7273,7272.0,7261.5,7261.5,7272.0
2025-12-12 03:45:00,11200,7276,7270,7272,7271,7278,7271,7273,7272,7277.0,7270.5,7272.5,7271.5
2025-12-12 03:50:00,9400,7273,7267,7271,7268,7275,7268,7272,7270,7274.0,7267.5,7271.5,7269.0
2025-12-12 03:55:00,13600,7269,7262,7268,7262,7270,7263,7270,7264,7269.5,7262.5,7269.0,7263.0
2025-12-12 04:00:00,4900,7265,7262,7262,7265,7266,7263,7264,7266,7265.5,7262.5,7263.0,7265.5
2025-12-12 04:05:00,15900,7268,7262,7265,7268,7270,7264,7266,7270,7269.0,7263.0,7265.5,7269.0
2025-12-12 04:10:00,13400,7272,7268,7268,7272,7273,7269,7270,7273,7272.5,7268.5,7269.0,7272.5
2025-12-12 04:15:00,9000,7272,7268,7272,7268,7273,7269,7273,7269,7272.5,7268.5,7272.5,7268.5
2025-12-12 04:20:00,9300,7268,7262,7268,7265,7269,7264,7269,7266,7268.5,7263.0,7268.5,7265.5
2025-12-12 04:25:00,7500,7266,7261,7265,7265,7267,7262,7266,7267,7266.5,7261.5,7265.5,7266.0
2025-12-12 04:30:00,8900,7269,7262,7265,7268,7270,7264,7267,7270,7269.5,7263.0,7266.0,7269.0
2025-12-12 04:35:00,13900,7274,7268,7268,7272,7275,7270,7270,7274,7274.5,7269.0,7269.0,7273.0
2025-12-12 04:40:00,7600,7273,7265,7272,7265,7274,7266,7274,7267,7273.5,7265.5,7273.0,7266.0
2025-12-12 04:45:00,5100,7265,7262,7265,7263,7267,7263,7267,7264,7266.0,7262.5,7266.0,7263.5
2025-12-12 04:50:00,10100,7266,7261,7263,7264,7267,7262,7264,7265,7266.5,7261.5,7263.5,7264.5
2025-12-12 04:55:00,4600,7272,7264,7264,7272,7274,7265,7265,7274,7273.0,7264.5,7264.5,7273.0
2025-12-12 05:00:00,18100,7275,7270,7272,7273,7276,7271,7274,7275,7275.5,7270.5,7273.0,7274.0
2025-12-12 05:05:00,13000,7274,7266,7273,7269,7276,7269,7275,7270,7275.0,7267.5,7274.0,7269.5
2025-12-12 05:10:00,16300,7278,7269,7269,7277,7279,7270,7270,7279,7278.5,7269.5,7269.5,7278.0
2025-12-12 05:15:00,18500,7280,7276,7277,7278,7282,7277,7279,7279,7281.0,7276.5,7278.0,7278.5
2025-12-12 05:20:00,8700,7278,7275,7278,7277,7279,7276,7279,7279,7278.5,7275.5,7278.5,7278.0
2025-12-12 05:25:00,24400,7283,7277,7277,7283,7284,7278,7279,7284,7283.5,7277.5,7278.0,7283.5
2025-12-12 05:30:00,17700,7288,7283,7283,7288,7289,7284,7284,7289,7288.5,7283.5,7283.5,7288.5
2025-12-12 05:35:00,24200,7292,7288,7288,7290,7293,7289,7289,7292,7292.5,7288.5,7288.5,7291.0
2025-12-12 05:40:00,21500,7297,7287,7290,7294,7298,7288,7292,7296,7297.5,7287.5,7291.0,7295.0
2025-12-12 05:45:00,16200,7296,7291,7294,7295,7298,7293,7296,7297,7297.0,7292.0,7295.0,7296.0
2025-12-12 05:50:00,21000,7298,7294,7295,7297,7299,7295,7297,7299,7298.5,7294.5,7296.0,7298.0
2025-12-12 05:55:00,42600,7304,7293,7297,7298,7305,7296,7299,7300,7304.5,7294.5,7298.0,7299.0
2025-12-12 06:00:00,20000,7303,7296,7298,7301,7304,7297,7300,7302,7303.5,7296.5,7299.0,7301.5
2025-12-12 06:05:00,18400,7302,7294,7301,7298,7304,7295,7302,7299,7302.5,7294.5,7301.5,7298.5
2025-12-12 06:10:00,24900,7302,7297,7298,7297,7303,7299,7299,7299,7302.5,7298.0,7298.5,7298.0
2025-12-12 06:15:00,23200,7304,7295,7297,7303,7305,7297,7299,7304,7304.5,7296.0,7298.0,7303.5
2025-12-12 06:20:00,34100,7303,7289,7303,7289,7304,7291,7304,7292,7303.5,7290.0,7303.5,7290.5
2025-12-12 06:25:00,,7440,7307,7361,7307,7441,7308,7362,7308,7440.5,7307.5,7361.5,7307.5
2025-12-12 06:30:00,456200,7295,7295,7295,7295,7309,7309,7309,7309,7302.0,7302.0,7302.0,7302.0
2025-12-15 00:00:00,148100,7339,7308,7308,7326,7342,7309,7309,7328,7340.0,7308.5,7308.5,7327.0
2025-12-15 00:05:00,35400,7326,7308,7326,7321,7328,7310,7328,7323,7327.0,7309.0,7327.0,7322.0
2025-12-15 00:10:00,30100,7344,7317,7321,7341,7345,7319,7323,7343,7344.5,7318.0,7322.0,7342.0
2025-12-15 00:15:00,25600,7346,7337,7341,7341,7347,7338,7343,7343,7346.5,7337.5,7342.0,7342.0
2025-12-15 00:20:00,47300,7367,7341,7341,7359,7369,7343,7343,7361,7368.0,7342.0,7342.0,7360.0
2025-12-15 00:25:00,30300,7374,7355,7359,7372,7375,7357,7361,7373,7374.5,7356.0,7360.0,7372.5
2025-12-15 00:30:00,20600,7378,7369,7372,7374,7379,7371,7373,7376,7378.5,7370.0,7372.5,7375.0
2025-12-15 00:35:00,23900,7374,7366,7374,7368,7377,7367,7376,7370,7375.5,7366.5,7375.0,7369.0
2025-12-15 00:40:00,11300,7370,7355,7368,7359,7371,7357,7370,7361,7370.5,7356.0,7369.0,7360.0
2025-12-15 00:45:00,15400,7365,7353,7359,7359,7368,7355,7361,7362,7366.5,7354.0,7360.0,7360.5
2025-12-15 00:50:00,12500,7359,7349,7359,7349,7362,7351,7362,7351,7360.5,7350.0,7360.5,7350.0
2025-12-15 00:55:00,9700,7350,7342,7349,7343,7351,7344,7351,7345,7350.5,7343.0,7350.0,7344.0
2025-12-15 01:00:00,16300,7343,7333,7343,7334,7345,7334,7345,7336,7344.0,7333.5,7344.0,7335.0
2025-12-15 01:05:00,10600,7345,7333,7334,7343,7346,7335,7336,7345,7345.5,7334.0,7335.0,7344.0
2025-12-15 01:10:00,16300,7356,7343,7343,7356,7359,7345,7345,7358,7357.5,7344.0,7344.0,7357.0
2025-12-15 01:15:00,15500,7361,7353,7356,7360,7363,7354,7358,7361,7362.0,7353.5,7357.0,7360.5
2025-12-15 01:20:00,9400,7363,7356,7360,7361,7364,7358,7361,7362,7363.5,7357.0,7360.5,7361.5
2025-12-15 01:25:00,12900,7362,7357,7361,7359,7364,7359,7362,7360,7363.0,7358.0,7361.5,7359.5
2025-12-15 01:30:00,5900,7359,7356,7359,7357,7360,7357,7360,7359,7359.5,7356.5,7359.5,7358.0
2025-12-15 01:35:00,11800,7362,7357,7357,7362,7363,7358,7359,7363,7362.5,7357.5,7358.0,7362.5
2025-12-15 01:40:00,9600,7362,7352,7362,7353,7365,7354,7363,7355,7363.5,7353.0,7362.5,7354.0
2025-12-15 01:45:00,5600,7358,7353,7353,7356,7359,7354,7355,7357,7358.5,7353.5,7354.0,7356.5
2025-12-15 01:50:00,4200,7358,7354,7356,7354,7359,7356,7357,7356,7358.5,7355.0,7356.5,7355.0
2025-12-15 01:55:00,5900,7354,7350,7354,7353,7355,7351,7355,7355,7354.5,7350.5,7354.5,7354.0
2025-12-15 02:00:00,10400,7359,7352,7352,7358,7360,7353,7355,7360,7359.5,7352.5,7353.5,7359.0
2025-12-15 02:05:00,13000,7360,7350,7358,7350,7361,7352,7360,7352,7360.5,7351.0,7359.0,7351.0
2025-12-15 02:10:00,8300,7351,7340,7350,7340,7353,7342,7352,7342,7351.5,7341.0,7351.0,7341.0
2025-12-15 02:15:00,19300,7340,7332,7340,7336,7342,7335,7342,7337,7341.0,7334.0,7341.0,7336.5
2025-12-15 02:20:00,5400,7338,7330,7336,7331,7340,7331,7337,7332,7339.0,7330.5,7336.5,7331.5
2025-12-15 02:25:00,9000,7332,7328,7331,7332,7334,7330,7332,7334,7333.0,7329.0,7331.5,7333.0
2025-12-15 02:30:00,1300,7331,7331,7331,7331,7334,7334,7334,7334,7332.5,7332.5,7332.5,7332.5
2025-12-15 03:30:00,42600,7348,7332,7332,7347,7349,7334,7335,7349,7348.5,7333.0,7333.5,7348.0
2025-12-15 03:35:00,13900,7349,7343,7347,7345,7350,7344,7349,7347,7349.5,7343.5,7348.0,7346.0
2025-12-15 03:40:00,16000,7347,7343,7345,7343,7348,7344,7347,7346,7347.5,7343.5,7346.0,7344.5
2025-12-15 03:45:00,25400,7355,7343,7343,7350,7356,7344,7346,7352,7355.5,7343.5,7344.5,7351.0
2025-12-15 03:50:00,11600,7353,7349,7350,7351,7354,7350,7352,7352,7353.5,7349.5,7351.0,7351.5
2025-12-15 03:55:00,11700,7353,7351,7351,7352,7354,7352,7352,7353,7353.5,7351.5,7351.5,7352.5
2025-12-15 04:00:00,13400,7353,7348,7352,7349,7354,7350,7353,7351,7353.5,7349.0,7352.5,7350.0
2025-12-15 04:05:00,7800,7350,7345,7349,7348,7352,7346,7351,7350,7351.0,7345.5,7350.0,7349.0
2025-12-15 04:10:00,5400,7349,7347,7348,7347,7350,7348,7350,7348,7349.5,7347.5,7349.0,7347.5
2025-12-15 04:15:00,23500,7347,7338,7347,7341,7348,7339,7348,7344,7347.5,7338.5,7347.5,7342.5
2025-12-15 04:20:00,4200,7344,7341,7341,7344,7345,7343,7344,7345,7344.5,7342.0,7342.5,7344.5
2025-12-15 04:25:00,6700,7348,7344,7344,7345,7350,7345,7345,7348,7349.0,7344.5,7344.5,7346.5
2025-12-15 04:30:00,4300,7348,7344,7345,7346,7351,7346,7348,7348,7349.5,7345.0,7346.5,7347.0
2025-12-15 04:35:00,14300,7353,7345,7346,7353,7355,7347,7348,7354,7354.0,7346.0,7347.0,7353.5
2025-12-15 04:40:00,26200,7364,7352,7353,7364,7365,7353,7354,7365,7364.5,7352.5,7353.5,7364.5
2025-12-15 04:45:00,7300,7367,7362,7364,7366,7368,7363,7365,7367,7367.5,7362.5,7364.5,7366.5
2025-12-15 04:50:00,13800,7372,7366,7366,7372,7373,7367,7367,7373,7372.5,7366.5,7366.5,7372.5
2025-12-15 04:55:00,9900,7372,7365,7372,7369,7373,7368,7373,7370,7372.5,7366.5,7372.5,7369.5
2025-12-15 05:00:00,14100,7375,7368,7369,7373,7376,7369,7370,7374,7375.5,7368.5,7369.5,7373.5
2025-12-15 05:05:00,12900,7377,7370,7373,7375,7378,7371,7374,7377,7377.5,7370.5,7373.5,7376.0
2025-12-15 05:10:00,8800,7377,7373,7375,7374,7378,7375,7377,7376,7377.5,7374.0,7376.0,7375.0
2025-12-15 05:15:00,6300,7376,7374,7375,7376,7377,7375,7376,7377,7376.5,7374.5,7375.5,7376.5
2025-12-15 05:20:00,11800,7378,7370,7376,7377,7379,7372,7377,7378,7378.5,7371.0,7376.5,7377.5
2025-12-15 05:25:00,14700,7379,7376,7377,7377,7380,7377,7378,7378,7379.5,7376.5,7377.5,7377.5
2025-12-15 05:30:00,13100,7379,7376,7377,7379,7380,7377,7378,7380,7379.5,7376.5,7377.5,7379.5
2025-12-15 05:35:00,10700,7382,7379,7379,7381,7383,7380,7380,7382,7382.5,7379.5,7379.5,7381.5
2025-12-15 05:40:00,9800,7383,7379,7381,7382,7384,7380,7382,7383,7383.5,7379.5,7381.5,7382.5
2025-12-15 05:45:00,20400,7391,7382,7382,7388,7392,7383,7384,7389,7391.5,7382.5,7383.0,7388.5
2025-12-15 05:50:00,11000,7390,7386,7388,7389,7391,7388,7389,7390,7390.5,7387.5,7388.5,7389.5
2025-12-15 05:55:00,10200,7390,7386,7389,7388,7391,7388,7390,7390,7390.5,7387.5,7389.5,7389.0
2025-12-15 06:00:00,13500,7388,7383,7388,7384,7390,7384,7390,7385,7389.0,7383.5,7389.0,7384.5
2025-12-15 06:05:00,13100,7384,7379,7383,7379,7386,7380,7385,7381,7385.0,7379.5,7384.0,7380.0
2025-12-15 06:10:00,13500,7380,7368,7379,7368,7381,7369,7381,7369,7380.5,7368.5,7380.0,7368.5
2025-12-15 06:15:00,23000,7380,7368,7368,7378,7382,7369,7369,7380,7381.0,7368.5,7368.5,7379.0
2025-12-15 06:20:00,22200,7381,7376,7378,7380,7383,7377,7380,7382,7382.0,7376.5,7379.0,7381.0
2025-12-15 06:25:00,,7399,7325,7398,7362,7400,7326,7399,7363,7399.5,7325.5,7398.5,7362.5
2025-12-15 06:30:00,339200,7362,7362,7362,7362,7366,7366,7366,7366,7364.0,7364.0,7364.0,7364.0
