,6861.T,6861.T,6861.T,6861.T,6861.T,6861.T,6861.T,6861.T,6861.T,6861.T,6861.T,6861.T,6861.T
,ACVOL_UNS,BID_HIGH_1,BID_LOW_1,OPEN_BID,BID,ASK_HIGH_1,ASK_LOW_1,OPEN_ASK,ASK,MID_HIGH,MID_LOW,MID_OPEN,MID_PRICE
Timestamp,,,,,,,,,,,,,
2025-05-13 06:15:00,6200,64270,64210,64270,64220,64290,64220,64290,64240,64280,64215,64280,64230
2025-05-13 06:20:00,18900,64260,64200,64220,64230,64270,64210,64240,64250,64265,64205,64230,64240
2025-05-13 06:25:00,,64450,64000,64350,64260,64460,64010,64360,64270,64455,64005,64355,64265
2025-05-13 06:30:00,146700,64230,64230,64230,64230,64290,64290,64290,64290,64260,64260,64260,64260
2025-05-14 00:00:00,82100,64400,63750,64360,63760,64480,63790,64360,63790,64425,63770,64360,63775
2025-05-14 00:05:00,16600,63790,63550,63750,63600,63840,63590,63790,63640,63815,63570,63770,63620
2025-05-14 00:10:00,14800,63640,63450,63600,63480,63670,63490,63640,63530,63655,63470,63620,63505
2025-05-14 00:15:00,6400,63540,63420,63480,63420,63570,63450,63530,63460,63555,63435,63505,63440
2025-05-14 00:20:00,9500,63420,63250,63420,63270,63460,63260,63460,63300,63440,63255,63440,63285
2025-05-14 00:25:00,6600,63330,63150,63270,63170,63350,63160,63300,63200,63340,63155,63285,63185
2025-05-14 00:30:00,7400,63400,63170,63170,63290,63430,63200,63200,63330,63415,63185,63185,63310
2025-05-14 00:35:00,5500,63370,63250,63300,63310,63390,63270,63330,63340,63380,63260,63315,63325
2025-05-14 00:40:00,3000,63380,63300,63310,63330,63400,63320,63340,63360,63390,63310,63325,63345
2025-05-14 00:45:00,5100,63340,63250,63330,63270,63360,63280,63360,63300,63350,63270,63345,63285
2025-05-14 00:50:00,6300,63370,63260,63270,63320,63390,63290,63300,63330,63380,63275,63285,63325
2025-05-14 00:55:00,4600,63340,63260,63320,63280,63370,63280,63330,63290,63355,63270,63325,63285
2025-05-14 01:00:00,14900,63290,63110,63280,63120,63320,63120,63290,63140,63305,63115,63285,63130
2025-05-14 01:05:00,12900,63260,63020,63120,63250,63270,63040,63140,63270,63265,63030,63130,63260
2025-05-14 01:10:00,6300,63250,63100,63250,63160,63270,63120,63270,63190,63260,63115,63260,63175
2025-05-14 01:15:00,3600,63270,63150,63160,63200,63280,63170,63190,63230,63275,63160,63175,63215
2025-05-14 01:20:00,3400,63280,63190,63200,63260,63300,63220,63230,63290,63290,63205,63215,63275
2025-05-14 01:25:00,3500,63310,63220,63260,63220,63330,63240,63290,63250,63320,63230,63275,63235
2025-05-14 01:30:00,3400,63270,63200,63220,63230,63300,63220,63250,63250,63285,63210,63235,63240
2025-05-14 01:35:00,2700,63280,63200,63230,63270,63300,63230,63250,63300,63290,63215,63240,63285
2025-05-14 01:40:00,6700,63440,63260,63260,63400,63450,63290,63300,63430,63445,63275,63280,63415
2025-05-14 01:45:00,2300,63420,63300,63400,63320,63450,63340,63430,63340,63435,63320,63415,63330
2025-05-14 01:50:00,1600,63370,63310,63320,63310,63400,63330,63340,63330,63385,63320,63330,63320
2025-05-14 01:55:00,3800,63410,63310,63310,63390,63440,63330,63330,63420,63425,63320,63320,63405
2025-05-14 02:00:00,1500,63440,63380,63390,63410,63460,63420,63420,63440,63450,63400,63405,63425
2025-05-14 02:05:00,1700,63460,63390,63410,63410,63480,63410,63440,63430,63470,63400,63425,63420
2025-05-14 02:10:00,900,63430,63360,63410,63360,63470,63380,63430,63380,63450,63370,63420,63370
2025-05-14 02:15:00,2400,63430,63330,63360,63350,63460,63360,63380,63370,63445,63345,63370,63360
2025-05-14 02:20:00,4200,63350,63230,63350,63260,63370,63260,63370,63290,63360,63245,63360,63275
2025-05-14 02:25:00,4000,63280,63140,63260,63160,63290,63160,63290,63210,63285,63150,63275,63185
2025-05-14 02:30:00,1100,,,,,,,,,,,,
2025-05-14 03:30:00,24900,63170,63010,63120,63070,63200,63030,63130,63100,63185,63020,63125,63085
2025-05-14 03:35:00,3200,63120,63050,63070,63100,63140,63080,63090,63130,63130,63065,63080,63115
2025-05-14 03:40:00,3900,63240,63100,63100,63230,63280,63110,63130,63270,63260,63105,63115,63250
2025-05-14 03:45:00,2400,63300,63220,63230,63300,63320,63250,63270,63320,63310,63235,63250,63310
2025-05-14 03:50:00,1600,63310,63210,63310,63260,63340,63240,63320,63280,63325,63225,63315,63270
2025-05-14 03:55:00,1600,63260,63170,63260,63170,63280,63180,63280,63180,63270,63175,63270,63175
2025-05-14 04:00:00,3600,63180,63130,63150,63130,63200,63150,63180,63160,63190,63140,63165,63145
2025-05-14 04:05:00,900,63190,63120,63130,63150,63220,63150,63160,63180,63205,63135,63145,63165
2025-05-14 04:10:00,800,63210,63140,63150,63210,63240,63170,63180,63230,63225,63155,63165,63220
2025-05-14 04:15:00,900,63270,63200,63210,63260,63300,63230,63230,63280,63280,63215,63220,63270
2025-05-14 04:20:00,1800,63300,63200,63260,63300,63320,63230,63280,63320,63310,63215,63270,63310
2025-05-14 04:25:00,800,63340,63260,63300,63340,63380,63300,63320,63360,63360,63280,63310,63350
2025-05-14 04:30:00,2300,63350,63290,63340,63320,63370,63320,63350,63340,63360,63305,63345,63330
2025-05-14 04:35:00,1200,63370,63280,63320,63360,63390,63290,63340,63380,63380,63285,63330,63370
2025-05-14 04:40:00,1100,63380,63330,63360,63350,63400,63360,63380,63370,63390,63345,63370,63360
2025-05-14 04:45:00,900,63370,63330,63350,63370,63390,63360,63370,63380,63380,63345,63360,63375
2025-05-14 04:50:00,2100,63370,63320,63370,63370,63390,63350,63380,63390,63380,63335,63375,63380
2025-05-14 04:55:00,4800,63420,63360,63370,63400,63440,63370,63390,63420,63430,63365,63380,63410
2025-05-14 05:00:00,10200,63670,63400,63400,63630,63690,63420,63420,63660,63680,63410,63410,63645
2025-05-14 05:05:00,3100,63630,63480,63620,63550,63660,63520,63660,63570,63645,63505,63640,63560
2025-05-14 05:10:00,5200,63700,63540,63550,63630,63720,63570,63570,63660,63710,63560,63560,63645
2025-05-14 05:15:00,2600,63670,63590,63630,63670,63700,63600,63660,63690,63685,63595,63645,63680
2025-05-14 05:20:00,4900,63670,63540,63670,63560,63690,63570,63690,63580,63680,63555,63680,63570
2025-05-14 05:25:00,4100,63570,63500,63560,63550,63580,63520,63580,63580,63575,63510,63570,63565
2025-05-14 05:30:00,2900,63600,63530,63550,63580,63620,63550,63580,63600,63610,63540,63565,63590
2025-05-14 05:35:00,1700,63630,63560,63580,63630,63650,63580,63600,63650,63640,63570,63590,63640
2025-05-14 05:40:00,4100,63670,63580,63630,63640,63700,63610,63650,63660,63685,63595,63640,63650
2025-05-14 05:45:00,1700,63650,63600,63640,63630,63680,63620,63670,63650,63665,63610,63655,63640
2025-05-14 05:50:00,2000,63680,63610,63630,63610,63690,63630,63650,63640,63685,63620,63640,63625
2025-05-14 05:55:00,4800,63720,63610,63610,63690,63730,63640,63640,63710,63725,63625,63625,63700
2025-05-14 06:00:00,3400,63770,63670,63690,63750,63790,63680,63710,63770,63780,63675,63700,63760
2025-05-14 06:05:00,3400,63760,63670,63750,63690,63780,63680,63770,63720,63770,63675,63760,63705
2025-05-14 06:10:00,3900,63750,63690,63690,63750,63780,63710,63720,63770,63765,63705,63705,63760
2025-05-14 06:15:00,5700,63780,63690,63750,63720,63790,63700,63770,63740,63785,63695,63760,63730
2025-05-14 06:20:00,5200,63740,63640,63720,63640,63760,63650,63740,63670,63750,63645,63730,63655
2025-05-14 06:25:00,,63580,62780,63040,63580,63590,62780,63040,63590,63585,62780,63040,63585
2025-05-14 06:30:00,107000,63580,63580,63580,63580,63650,63650,63650,63650,63615,63615,63615,63615
2025-05-15 00:00:00,44500,63800,63320,63530,63700,63820,63410,63530,63750,63810,63370,63530,63725
2025-05-15 00:05:00,7700,63850,63690,63700,63850,63880,63730,63750,63880,63865,63710,63725,63865
2025-05-15 00:10:00,9300,63860,63720,63850,63740,63890,63760,63880,63770,63875,63740,63865,63755
2025-05-15 00:15:00,4900,63780,63620,63740,63620,63820,63660,63770,63660,63800,63640,63755,63640
2025-05-15 00:20:00,3900,63690,63610,63620,63660,63730,63630,63660,63680,63710,63625,63640,63670
2025-05-15 00:25:00,7800,63670,63480,63660,63490,63690,63500,63680,63520,63680,63490,63670,63505
2025-05-15 00:30:00,6500,63490,63220,63490,63230,63530,63230,63520,63270,63510,63225,63505,63250
2025-05-15 00:35:00,5200,63340,63200,63230,63310,63350,63220,63270,63330,63345,63215,63250,63320
2025-05-15 00:40:00,4700,63410,63300,63310,63350,63420,63330,63330,63380,63415,63315,63320,63365
2025-05-15 00:45:00,3400,63360,63250,63350,63320,63380,63280,63380,63340,63370,63265,63365,63330
2025-05-15 00:50:00,1400,63330,63260,63320,63280,63350,63310,63340,63310,63340,63285,63330,63295
2025-05-15 00:55:00,7700,63290,63170,63280,63200,63340,63190,63300,63230,63315,63180,63290,63215
2025-05-15 01:00:00,3800,63350,63200,63200,63330,63380,63230,63230,63370,63365,63215,63215,63350
2025-05-15 01:05:00,3300,63340,63210,63340,63220,63380,63240,63370,63260,63360,63225,63355,63240
2025-05-15 01:10:00,1900,63360,63210,63220,63360,63380,63250,63260,63380,63370,63230,63240,63370
2025-05-15 01:15:00,2900,63430,63270,63360,63350,63440,63300,63380,63380,63435,63285,63370,63365
2025-05-15 01:20:00,2600,63360,63250,63350,63250,63390,63270,63380,63270,63375,63260,63365,63260
2025-05-15 01:25:00,2500,63280,63230,63250,63270,63300,63250,63270,63280,63290,63240,63260,63275
2025-05-15 01:30:00,2200,63280,63240,63270,63250,63300,63270,63280,63280,63290,63260,63275,63265
2025-05-15 01:35:00,5300,63260,63150,63250,63190,63280,63160,63280,63220,63270,63155,63265,63205
2025-05-15 01:40:00,3400,63200,63080,63190,63080,63220,63090,63220,63090,63205,63085,63205,63085
2025-05-15 01:45:00,2800,63110,63060,63080,63100,63130,63080,63090,63130,63120,63070,63085,63115
2025-05-15 01:50:00,3000,63180,63090,63090,63160,63200,63100,63130,63180,63190,63095,63110,63170
2025-05-15 01:55:00,2700,63170,63090,63170,63150,63190,63100,63180,63180,63175,63095,63175,63165
2025-05-15 02:00:00,2600,63180,63140,63150,63140,63190,63150,63180,63170,63185,63145,63165,63155
2025-05-15 02:05:00,2300,63180,63130,63140,63160,63200,63150,63170,63190,63185,63140,63155,63175
2025-05-15 02:10:00,3700,63210,63150,63160,63200,63230,63180,63190,63220,63220,63165,63175,63210
2025-05-15 02:15:00,4600,63270,63190,63200,63190,63280,63210,63220,63220,63275,63200,63210,63205
2025-05-15 02:20:00,1800,63260,63190,63190,63240,63280,63200,63220,63260,63270,63195,63205,63250
2025-05-15 02:25:00,3800,63300,63230,63240,63290,63330,63240,63260,63310,63315,63235,63250,63300
2025-05-15 02:30:00,300,63290,63290,63290,63290,63320,63320,63320,63320,63305,63305,63305,63305
2025-05-15 03:30:00,17100,63220,63060,63180,63100,63300,63080,63190,63110,63255,63070,63185,63105
2025-05-15 03:35:00,4300,63160,63060,63100,63100,63190,63090,63110,63130,63175,63075,63105,63115
2025-05-15 03:40:00,2400,63140,63090,63100,63130,63170,63110,63130,63150,63155,63100,63115,63140
2025-05-15 03:45:00,1700,63160,63100,63130,63160,63190,63120,63150,63180,63175,63110,63140,63170
2025-05-15 03:50:00,3100,63260,63160,63160,63230,63280,63180,63180,63250,63270,63170,63170,63240
2025-05-15 03:55:00,6000,63300,63180,63240,63250,63320,63200,63250,63280,63310,63195,63245,63265
2025-05-15 04:00:00,2400,63350,63230,63250,63350,63370,63260,63280,63370,63360,63245,63265,63360
2025-05-15 04:05:00,3400,63400,63320,63350,63320,63440,63350,63370,63350,63420,63335,63360,63335
2025-05-15 04:10:00,4700,63420,63310,63320,63350,63430,63340,63350,63370,63425,63325,63335,63360
2025-05-15 04:15:00,1900,63370,63330,63350,63330,63400,63350,63370,63350,63385,63340,63360,63340
2025-05-15 04:20:00,2500,63440,63330,63330,63430,63450,63350,63350,63450,63445,63340,63340,63440
2025-05-15 04:25:00,900,63450,63430,63430,63440,63460,63440,63450,63460,63455,63435,63440,63450
2025-05-15 04:30:00,4000,63440,63390,63440,63400,63460,63400,63460,63410,63450,63395,63450,63405
2025-05-15 04:35:00,2400,63400,63360,63400,63370,63430,63380,63410,63390,63415,63370,63405,63380
2025-05-15 04:40:00,1600,63410,63370,63370,63400,63420,63380,63390,63410,63415,63375,63380,63405
2025-05-15 04:45:00,2300,63460,63400,63400,63450,63490,63410,63410,63470,63475,63405,63405,63460
2025-05-15 04:50:00,4700,63470,63400,63450,63400,63490,63420,63470,63420,63480,63410,63460,63410
2025-05-15 04:55:00,1300,63450,63380,63400,63440,63470,63390,63420,63470,63460,63385,63410,63455
2025-05-15 05:00:00,3300,63510,63440,63440,63510,63530,63460,63470,63530,63520,63450,63455,63520
2025-05-15 05:05:00,3500,63540,63490,63500,63500,63550,63510,63530,63510,63545,63500,63515,63505
2025-05-15 05:10:00,4600,63500,63350,63500,63370,63510,63380,63510,63380,63505,63365,63505,63375
2025-05-15 05:15:00,3100,63440,63350,63370,63410,63450,63370,63380,63430,63445,63360,63375,63420
2025-05-15 05:20:00,2100,63410,63370,63410,63400,63440,63390,63430,63420,63420,63380,63420,63410
2025-05-15 05:25:00,3000,63440,63380,63400,63420,63470,63390,63420,63440,63455,63385,63410,63430
2025-05-15 05:30:00,5500,63490,63400,63420,63450,63500,63420,63440,63470,63495,63410,63430,63460
2025-05-15 05:35:00,4700,63450,63300,63450,63320,63470,63320,63470,63350,63460,63310,63460,63335
2025-05-15 05:40:00,1500,63360,63320,63320,63350,63390,63350,63350,63370,63370,63335,63335,63360
2025-05-15 05:45:00,4700,63350,63280,63350,63330,63370,63300,63370,63350,63360,63290,63360,63340
2025-05-15 05:50:00,1200,63340,63310,63330,63320,63360,63320,63350,63340,63350,63315,63340,63330
2025-05-15 05:55:00,5900,63320,63230,63320,63230,63340,63250,63340,63260,63330,63240,63330,63245
2025-05-15 06:00:00,3400,63240,63180,63230,63220,63260,63190,63260,63230,63250,63185,63245,63225
2025-05-15 06:05:00,3800,63330,63220,63220,63320,63340,63230,63230,63340,63335,63225,63225,63330
2025-05-15 06:10:00,4900,63400,63320,63320,63330,63420,63330,63340,63350,63410,63325,63330,63340
2025-05-15 06:15:00,5900,63350,63290,63330,63290,63360,63300,63350,63310,63355,63295,63340,63300
2025-05-15 06:20:00,9600,63320,63180,63290,63180,63340,63200,63310,63200,63330,63190,63300,63190
2025-05-15 06:25:00,,63920,61990,63040,63250,63930,62000,63050,63250,63925,61995,63045,63250
2025-05-15 06:30:00,99000,63200,63200,63200,63200,63260,63260,63260,63260,63230,63230,63230,63230
2025-05-16 00:00:00,67600,64300,63750,64290,63920,64310,63780,64300,63960,64305,63765,64295,63940
2025-05-16 00:05:00,30400,64240,63900,63920,64160,64260,63920,63960,64180,64250,63910,63940,64170
2025-05-16 00:10:00,21400,64330,64120,64160,64210,64350,64150,64180,64250,64340,64135,64170,64230
2025-05-16 00:15:00,15200,64300,63970,64210,64000,64320,63990,64250,64030,64310,63980,64230,64015
2025-05-16 00:20:00,5900,64090,63920,64000,63930,64100,63940,64030,63960,64095,63930,64015,63945
2025-05-16 00:25:00,5100,63990,63910,63930,63940,64020,63930,63960,63970,64005,63925,63945,63955
2025-05-16 00:30:00,7700,64070,63900,63940,64060,64090,63920,63970,64080,64080,63910,63955,64070
2025-05-16 00:35:00,7900,64180,64060,64060,64160,64200,64080,64080,64190,64190,64070,64070,64175
2025-05-16 00:40:00,5600,64160,64030,64160,64110,64190,64050,64190,64130,64175,64040,64175,64120
2025-05-16 00:45:00,3100,64130,64020,64110,64050,64140,64040,64130,64080,64135,64030,64120,64065
2025-05-16 00:50:00,3200,64070,64010,64050,64010,64100,64030,64080,64030,64085,64020,64065,64020
2025-05-16 00:55:00,3000,64030,63960,64010,63970,64060,63990,64030,63990,64045,63975,64020,63980
2025-05-16 01:00:00,4200,64010,63900,63970,63950,64030,63920,63990,63980,64020,63910,63980,63965
2025-05-16 01:05:00,4400,63980,63870,63950,63970,64000,63890,63980,64000,63990,63880,63965,63985
2025-05-16 01:10:00,2600,64000,63950,63970,63970,64020,63970,63990,64000,64010,63960,63980,63985
2025-05-16 01:15:00,1200,64000,63930,63970,63960,64010,63960,64010,63980,64005,63945,63990,63970
2025-05-16 01:20:00,500,63990,63950,63960,63950,64000,63960,63980,63980,63995,63955,63970,63965
2025-05-16 01:25:00,2900,64000,63930,63950,63930,64020,63950,63980,63960,64010,63940,63965,63945
2025-05-16 01:30:00,4300,63930,63800,63930,63870,63970,63820,63960,63890,63950,63810,63945,63880
2025-05-16 01:35:00,2800,63880,63780,63870,63830,63900,63800,63900,63860,63890,63790,63885,63845
2025-05-16 01:40:00,4800,63850,63750,63830,63820,63870,63760,63860,63850,63860,63755,63845,63835
2025-05-16 01:45:00,3900,63840,63710,63820,63760,63870,63730,63850,63770,63850,63720,63835,63765
2025-05-16 01:50:00,4400,63780,63690,63760,63760,63790,63700,63770,63790,63785,63695,63765,63775
2025-05-16 01:55:00,4100,63910,63760,63760,63860,63920,63780,63790,63890,63915,63770,63775,63875
2025-05-16 02:00:00,2000,63910,63840,63860,63910,63930,63870,63890,63930,63920,63855,63875,63920
2025-05-16 02:05:00,4500,63950,63850,63910,63910,63960,63870,63930,63940,63955,63860,63920,63925
2025-05-16 02:10:00,1600,63970,63880,63910,63910,64000,63900,63940,63930,63985,63890,63925,63920
2025-05-16 02:15:00,5200,64010,63880,63910,64000,64030,63900,63930,64020,64020,63890,63920,64010
2025-05-16 02:20:00,6700,64110,64000,64000,64100,64120,64020,64020,64120,64115,64010,64010,64110
2025-05-16 02:25:00,6500,64140,64040,64100,64100,64160,64060,64120,64130,64150,64050,64110,64115
2025-05-16 02:30:00,5600,64100,64100,64100,64100,64160,64160,64160,64160,64130,64130,64130,64130
2025-05-16 03:30:00,27300,64350,64170,64190,64260,64370,64190,64200,64290,64360,64180,64195,64275
2025-05-16 03:35:00,2900,64270,64230,64260,64270,64300,64240,64290,64290,64280,64235,64275,64280
2025-05-16 03:40:00,7600,64330,64220,64270,64250,64350,64230,64290,64260,64340,64225,64280,64255
2025-05-16 03:45:00,1900,64250,64200,64250,64230,64270,64220,64260,64250,64260,64210,64255,64240
2025-05-16 03:50:00,4800,64230,64110,64230,64120,64250,64120,64250,64140,64240,64115,64240,64130
2025-05-16 03:55:00,1600,64140,64100,64120,64110,64160,64110,64140,64130,64150,64105,64130,64120
2025-05-16 04:00:00,2100,64170,64110,64110,64150,64180,64130,64130,64170,64175,64120,64120,64160
2025-05-16 04:05:00,1500,64160,64120,64160,64150,64170,64130,64170,64160,64165,64125,64165,64155
2025-05-16 04:10:00,2500,64200,64150,64150,64190,64210,64160,64160,64210,64205,64155,64155,64200
2025-05-16 04:15:00,1600,64210,64180,64190,64190,64220,64200,64210,64200,64215,64190,64200,64195
2025-05-16 04:20:00,2200,64210,64170,64190,64200,64230,64180,64200,64220,64215,64175,64195,64210
2025-05-16 04:25:00,800,64200,64170,64200,64180,64220,64200,64220,64200,64210,64185,64210,64190
2025-05-16 04:30:00,3400,64200,64150,64180,64200,64230,64160,64200,64230,64215,64155,64190,64215
2025-05-16 04:35:00,1500,64210,64180,64200,64210,64230,64200,64230,64230,64220,64190,64215,64220
2025-05-16 04:40:00,3600,64250,64170,64210,64180,64270,64190,64230,64190,64260,64180,64220,64185
2025-05-16 04:45:00,2300,64200,64160,64180,64190,64220,64180,64190,64210,64210,64170,64185,64200
2025-05-16 04:50:00,16500,64300,64190,64190,64220,64330,64200,64210,64240,64315,64195,64200,64230
2025-05-16 04:55:00,2300,64230,64190,64220,64220,64240,64200,64240,64240,64235,64195,64230,64230
2025-05-16 05:00:00,3100,64240,64190,64220,64200,64260,64210,64240,64220,64250,64200,64230,64210
2025-05-16 05:05:00,3600,64220,64200,64200,64210,64230,64210,64220,64220,64225,64205,64210,64215
2025-05-16 05:10:00,2500,64270,64210,64210,64250,64280,64220,64220,64260,64275,64215,64215,64255
2025-05-16 05:15:00,1600,64250,64210,64250,64220,64270,64230,64260,64240,64260,64225,64255,64230
2025-05-16 05:20:00,2400,64240,64210,64220,64220,64250,64220,64240,64230,64245,64215,64230,64225
2025-05-16 05:25:00,8800,64220,64130,64220,64200,64230,64150,64230,64220,64225,64140,64225,64210
2025-05-16 05:30:00,3000,64200,64130,64200,64170,64220,64150,64220,64190,64210,64140,64210,64180
2025-05-16 05:35:00,4000,64180,64060,64170,64060,64190,64080,64190,64080,64185,64070,64180,64070
2025-05-16 05:40:00,4200,64110,64050,64060,64100,64130,64070,64080,64130,64115,64060,64070,64115
2025-05-16 05:45:00,1900,64110,64070,64100,64080,64130,64100,64130,64100,64120,64085,64115,64090
2025-05-16 05:50:00,2600,64090,64050,64080,64080,64110,64070,64100,64090,64100,64060,64090,64085
2025-05-16 05:55:00,3700,64080,64030,64080,64030,64090,64040,64090,64040,64085,64035,64085,64035
2025-05-16 06:00:00,3800,64090,64020,64030,64080,64120,64040,64040,64110,64105,64030,64035,64095
2025-05-16 06:05:00,3300,64140,64090,64090,64100,64150,64110,64110,64110,64145,64100,64100,64105
2025-05-16 06:10:00,3600,64100,64050,64100,64050,64110,64060,64110,64070,64105,64055,64105,64060
2025-05-16 06:15:00,4200,64090,64050,64050,64090,64100,64060,64070,64100,64095,64055,64060,64095
2025-05-16 06:20:00,11800,64120,64050,64090,64060,64130,64060,64100,64080,64125,64055,64095,64070
2025-05-16 06:25:00,,63980,62720,63010,63940,63990,62720,63010,63950,63985,62720,63010,63945
2025-05-16 06:30:00,117400,63940,63940,63940,63940,64120,64120,64120,64120,64030,64030,64030,64030
2025-05-19 00:00:00,49400,64110,63730,63900,64010,64200,63780,63900,64050,64135,63755,63900,64030
2025-05-19 00:05:00,11700,64060,63880,64010,64000,64080,63930,64050,64040,64070,63910,64030,64020
2025-05-19 00:10:00,5300,64110,63970,64000,64110,64140,64000,64040,64130,64125,63985,64020,64120
2025-05-19 00:15:00,15400,64270,64080,64110,64200,64280,64110,64130,64230,64275,64095,64120,64215
2025-05-19 00:20:00,5000,64270,64150,64200,64160,64290,64180,64230,64180,64280,64165,64215,64170
2025-05-19 00:25:00,10200,64290,64150,64160,64180,64310,64170,64180,64220,64300,64160,64170,64200
2025-05-19 00:30:00,6700,64310,64180,64190,64310,64330,64200,64220,64330,64320,64190,64205,64320
2025-05-19 00:35:00,7000,64420,64300,64320,64390,64440,64330,64330,64410,64430,64320,64325,64400
2025-05-19 00:40:00,5800,64410,64270,64400,64290,64420,64300,64410,64330,64415,64285,64405,64310
2025-05-19 00:45:00,10200,64510,64280,64290,64490,64540,64310,64330,64520,64520,64295,64310,64505
2025-05-19 00:50:00,5300,64530,64450,64490,64510,64550,64480,64520,64530,64540,64465,64505,64520
2025-05-19 00:55:00,6200,64520,64460,64510,64510,64540,64490,64530,64520,64530,64475,64520,64515
2025-05-19 01:00:00,5300,64540,64460,64510,64510,64550,64470,64520,64530,64545,64465,64515,64520
2025-05-19 01:05:00,6000,64560,64460,64510,64480,64580,64490,64530,64510,64570,64475,64520,64495
2025-05-19 01:10:00,2800,64520,64470,64470,64520,64540,64500,64510,64540,64530,64485,64490,64530
2025-05-19 01:15:00,3200,64560,64500,64520,64550,64570,64530,64540,64560,64565,64520,64530,64555
2025-05-19 01:20:00,5100,64560,64500,64550,64520,64570,64530,64560,64550,64565,64515,64555,64535
2025-05-19 01:25:00,4500,64540,64430,64520,64440,64550,64460,64550,64470,64545,64450,64535,64455
2025-05-19 01:30:00,3700,64520,64430,64440,64520,64540,64450,64470,64540,64530,64440,64455,64530
2025-05-19 01:35:00,4600,64540,64400,64520,64480,64550,64430,64540,64500,64545,64425,64530,64490
2025-05-19 01:40:00,3200,64540,64450,64480,64540,64550,64480,64500,64550,64545,64465,64490,64545
2025-05-19 01:45:00,4100,64550,64500,64540,64540,64560,64520,64550,64560,64555,64510,64545,64550
2025-05-19 01:50:00,4800,64540,64420,64540,64460,64560,64450,64560,64480,64550,64440,64550,64470
2025-05-19 01:55:00,6100,64460,64380,64460,64440,64480,64410,64480,64480,64470,64395,64470,64460
2025-05-19 02:00:00,4100,64520,64400,64440,64510,64540,64420,64480,64530,64525,64410,64460,64520
2025-05-19 02:05:00,2800,64530,64450,64510,64480,64540,64470,64530,64500,64535,64460,64520,64490
2025-05-19 02:10:00,2900,64480,64450,64480,64470,64500,64460,64500,64490,64490,64455,64490,64480
2025-05-19 02:15:00,3200,64510,64450,64470,64490,64520,64480,64490,64500,64515,64465,64480,64495
2025-05-19 02:20:00,2400,64530,64450,64480,64530,64550,64480,64500,64550,64540,64465,64490,64540
2025-05-19 02:25:00,2900,64540,64490,64530,64510,64550,64520,64550,64550,64545,64510,64540,64530
2025-05-19 02:30:00,500,64500,64500,64500,64500,64550,64550,64550,64550,64525,64525,64525,64525
2025-05-19 03:30:00,15500,64550,64500,64530,64540,64570,64520,64540,64550,64560,64510,64535,64545
2025-05-19 03:35:00,10400,64590,64460,64540,64470,64600,64480,64550,64490,64595,64470,64545,64480
2025-05-19 03:40:00,4800,64520,64410,64470,64410,64530,64420,64490,64420,64525,64415,64480,64415
2025-05-19 03:45:00,7000,64470,64370,64410,64470,64490,64390,64420,64490,64480,64380,64415,64480
2025-05-19 03:50:00,2600,64470,64400,64470,64400,64500,64420,64500,64430,64485,64410,64485,64415
2025-05-19 03:55:00,2500,64450,64400,64410,64430,64460,64420,64430,64460,64455,64410,64420,64445
2025-05-19 04:00:00,3900,64470,64410,64430,64470,64480,64430,64460,64480,64475,64420,64445,64475
2025-05-19 04:05:00,2600,64470,64430,64470,64450,64480,64440,64480,64470,64475,64435,64475,64460
2025-05-19 04:10:00,2800,64460,64430,64450,64430,64480,64440,64470,64450,64470,64435,64460,64440
2025-05-19 04:15:00,6300,64430,64320,64430,64340,64450,64350,64450,64370,64440,64335,64440,64355
2025-05-19 04:20:00,2000,64340,64330,64340,64340,64370,64340,64370,64350,64355,64335,64355,64345
2025-05-19 04:25:00,6700,64340,64230,64340,64270,64360,64240,64350,64300,64350,64235,64345,64285
2025-05-19 04:30:00,2900,64380,64270,64270,64360,64390,64300,64300,64380,64385,64285,64285,64370
2025-05-19 04:35:00,3000,64400,64360,64360,64390,64410,64380,64380,64410,64405,64370,64370,64400
2025-05-19 04:40:00,2200,64400,64360,64390,64360,64410,64380,64410,64390,64405,64370,64400,64375
2025-05-19 04:45:00,2900,64390,64260,64360,64260,64410,64290,64390,64290,64395,64275,64375,64275
2025-05-19 04:50:00,3200,64320,64250,64260,64310,64340,64260,64290,64330,64330,64255,64275,64320
2025-05-19 04:55:00,2900,64370,64310,64310,64370,64380,64330,64330,64380,64375,64320,64320,64375
2025-05-19 05:00:00,3600,64370,64310,64370,64340,64380,64330,64380,64360,64375,64320,64375,64350
2025-05-19 05:05:00,2500,64350,64290,64340,64350,64370,64310,64360,64370,64360,64300,64350,64360
2025-05-19 05:10:00,2500,64380,64330,64350,64360,64410,64350,64370,64390,64395,64345,64360,64375
2025-05-19 05:15:00,1800,64370,64320,64360,64350,64400,64350,64390,64380,64380,64335,64375,64365
2025-05-19 05:20:00,4100,64360,64270,64350,64320,64380,64300,64380,64340,64370,64285,64365,64330
2025-05-19 05:25:00,2900,64320,64260,64320,64270,64340,64270,64340,64280,64330,64265,64330,64275
2025-05-19 05:30:00,5300,64270,64170,64270,64240,64280,64200,64280,64250,64275,64185,64275,64245
2025-05-19 05:35:00,2900,64310,64240,64240,64300,64320,64250,64250,64320,64315,64245,64245,64310
2025-05-19 05:40:00,2500,64310,64260,64300,64300,64320,64280,64320,64310,64315,64270,64310,64305
2025-05-19 05:45:00,2300,64300,64280,64300,64300,64320,64290,64310,64310,64310,64285,64305,64305
2025-05-19 05:50:00,2200,64320,64300,64300,64320,64330,64310,64310,64330,64325,64305,64305,64325
2025-05-19 05:55:00,7100,64350,64200,64320,64200,64370,64230,64330,64230,64360,64215,64325,64215
2025-05-19 06:00:00,9900,64220,64130,64200,64200,64230,64140,64220,64220,64225,64135,64210,64210
2025-05-19 06:05:00,3800,64260,64180,64200,64260,64280,64210,64220,64270,64270,64200,64210,64265
2025-05-19 06:10:00,2900,64260,64200,64260,64240,64270,64230,64270,64250,64265,64215,64265,64245
2025-05-19 06:15:00,5300,64260,64180,64230,64210,64270,64200,64250,64220,64265,64190,64240,64215
2025-05-19 06:20:00,7900,64220,64140,64210,64150,64240,64170,64220,64190,64230,64155,64215,64170
2025-05-19 06:25:00,,64690,63760,63950,64060,64700,63770,63960,64070,64695,63765,63955,64065
2025-05-19 06:30:00,129300,64060,64060,64060,64060,64180,64180,64180,64180,64120,64120,64120,64120
2025-05-20 00:00:00,47600,64640,64320,64540,64630,64660,64380,64550,64660,64650,64350,64545,64645
2025-05-20 00:05:00,25200,64890,64590,64630,64810,64910,64620,64660,64850,64900,64605,64645,64830
2025-05-20 00:10:00,9200,64830,64630,64810,64710,64850,64670,64850,64730,64835,64650,64830,64720
2025-05-20 00:15:00,7700,64730,64610,64710,64630,64760,64630,64730,64660,64745,64620,64720,64645
2025-05-20 00:20:00,6800,64750,64610,64630,64740,64780,64620,64660,64770,64760,64615,64645,64755
2025-05-20 00:25:00,3100,64760,64620,64740,64620,64780,64640,64770,64640,64770,64630,64755,64630
2025-05-20 00:30:00,4300,64740,64620,64620,64710,64750,64630,64640,64730,64745,64625,64630,64720
2025-05-20 00:35:00,3600,64780,64690,64710,64760,64790,64720,64730,64780,64785,64705,64720,64770
2025-05-20 00:40:00,6000,64760,64570,64760,64600,64780,64580,64780,64620,64770,64575,64770,64610
2025-05-20 00:45:00,4100,64640,64570,64600,64640,64660,64590,64620,64660,64650,64580,64610,64650
2025-05-20 00:50:00,2700,64660,64590,64650,64600,64680,64610,64660,64620,64670,64605,64655,64610
2025-05-20 00:55:00,7400,64610,64410,64600,64420,64630,64420,64620,64440,64620,64415,64610,64430
2025-05-20 01:00:00,5500,64420,64300,64420,64310,64440,64320,64430,64330,64425,64310,64425,64320
2025-05-20 01:05:00,3000,64330,64250,64310,64270,64350,64260,64330,64280,64340,64255,64320,64275
2025-05-20 01:10:00,3200,64340,64240,64270,64270,64350,64260,64280,64300,64345,64250,64275,64285
2025-05-20 01:15:00,4800,64270,64150,64270,64180,64300,64170,64300,64200,64285,64160,64285,64190
2025-05-20 01:20:00,1600,64250,64180,64180,64250,64260,64190,64190,64260,64255,64185,64185,64255
2025-05-20 01:25:00,2000,64310,64200,64250,64270,64320,64210,64280,64290,64315,64205,64265,64280
2025-05-20 01:30:00,2500,64290,64150,64270,64160,64310,64160,64290,64180,64295,64155,64280,64170
2025-05-20 01:35:00,4600,64200,64110,64160,64140,64230,64130,64180,64170,64215,64120,64170,64155
2025-05-20 01:40:00,1600,64230,64120,64140,64210,64250,64150,64170,64230,64240,64135,64155,64220
2025-05-20 01:45:00,1800,64320,64200,64210,64300,64330,64210,64230,64320,64325,64205,64220,64310
2025-05-20 01:50:00,2400,64300,64170,64300,64210,64320,64200,64320,64230,64310,64185,64310,64220
2025-05-20 01:55:00,1000,64210,64180,64210,64180,64230,64190,64230,64190,64220,64185,64220,64185
2025-05-20 02:00:00,1000,64230,64170,64180,64230,64240,64180,64190,64240,64235,64175,64185,64235
2025-05-20 02:05:00,1200,64270,64210,64230,64250,64300,64230,64240,64280,64285,64225,64235,64265
2025-05-20 02:10:00,1200,64280,64230,64250,64230,64300,64250,64280,64260,64290,64240,64265,64245
2025-05-20 02:15:00,2800,64240,64120,64240,64120,64260,64140,64260,64140,64250,64130,64250,64130
2025-05-20 02:20:00,1700,64150,64110,64120,64150,64180,64120,64140,64170,64165,64115,64130,64160
2025-05-20 02:25:00,2500,64150,64100,64150,64130,64170,64120,64170,64150,64160,64110,64160,64140
2025-05-20 02:30:00,5300,64110,64110,64110,64110,64150,64150,64150,64150,64130,64130,64130,64130
2025-05-20 03:30:00,23900,64060,63890,64050,63900,64100,63910,64060,63920,64080,63900,64055,63910
2025-05-20 03:35:00,7300,63900,63820,63900,63870,63930,63830,63920,63890,63915,63825,63910,63880
2025-05-20 03:40:00,5000,63870,63770,63870,63770,63890,63790,63890,63790,63880,63780,63880,63780
2025-05-20 03:45:00,9300,63780,63690,63770,63700,63790,63700,63790,63720,63785,63695,63780,63710
2025-05-20 03:50:00,4400,63710,63600,63700,63700,63730,63610,63720,63720,63715,63605,63710,63710
2025-05-20 03:55:00,3100,63730,63650,63700,63650,63740,63660,63720,63670,63735,63655,63710,63660
2025-05-20 04:00:00,3100,63670,63610,63650,63640,63690,63630,63670,63650,63680,63620,63660,63645
2025-05-20 04:05:00,2800,63700,63620,63640,63620,63710,63630,63650,63630,63705,63625,63645,63625
2025-05-20 04:10:00,7100,63620,63510,63620,63570,63640,63530,63630,63600,63630,63520,63625,63585
2025-05-20 04:15:00,2300,63620,63570,63570,63580,63640,63580,63600,63600,63630,63575,63585,63590
2025-05-20 04:20:00,1900,63610,63550,63580,63580,63620,63570,63600,63600,63615,63560,63590,63590
2025-05-20 04:25:00,2600,63590,63530,63580,63530,63600,63550,63600,63550,63595,63540,63590,63540
2025-05-20 04:30:00,4600,63530,63470,63530,63500,63550,63490,63550,63510,63540,63480,63540,63505
2025-05-20 04:35:00,1900,63520,63470,63500,63510,63530,63490,63510,63530,63525,63480,63505,63520
2025-05-20 04:40:00,3700,63530,63470,63510,63490,63550,63480,63530,63510,63540,63475,63520,63500
2025-05-20 04:45:00,3300,63500,63400,63490,63420,63520,63410,63510,63430,63510,63405,63500,63425
2025-05-20 04:50:00,1700,63480,63420,63420,63480,63490,63430,63430,63490,63485,63425,63425,63485
2025-05-20 04:55:00,3600,63500,63430,63480,63460,63520,63450,63490,63480,63510,63440,63485,63470
2025-05-20 05:00:00,3600,63460,63420,63460,63440,63490,63430,63480,63460,63475,63425,63470,63450
2025-05-20 05:05:00,2300,63510,63440,63440,63470,63530,63460,63460,63480,63515,63450,63450,63475
2025-05-20 05:10:00,1700,63470,63420,63470,63430,63490,63440,63480,63440,63475,63430,63475,63435
2025-05-20 05:15:00,5000,63460,63390,63430,63390,63480,63400,63440,63400,63470,63395,63435,63395
2025-05-20 05:20:00,3900,63410,63360,63390,63380,63430,63370,63400,63400,63420,63365,63395,63390
2025-05-20 05:25:00,2200,63380,63330,63370,63330,63400,63340,63400,63340,63390,63335,63385,63335
2025-05-20 05:30:00,7700,63350,63220,63330,63220,63370,63230,63340,63230,63360,63225,63335,63225
2025-05-20 05:35:00,3300,63280,63220,63220,63250,63310,63230,63230,63270,63290,63225,63225,63260
2025-05-20 05:40:00,3800,63250,63200,63250,63220,63280,63210,63270,63230,63265,63205,63260,63225
2025-05-20 05:45:00,6500,63220,63120,63220,63160,63230,63150,63230,63190,63225,63135,63225,63175
2025-05-20 05:50:00,6500,63170,63040,63160,63050,63190,63060,63190,63070,63175,63050,63175,63060
2025-05-20 05:55:00,4500,63090,63040,63050,63080,63120,63050,63070,63100,63105,63045,63060,63090
2025-05-20 06:00:00,2600,63130,63050,63080,63120,63140,63070,63100,63130,63135,63060,63090,63125
2025-05-20 06:05:00,11400,63120,62970,63120,62980,63130,62980,63130,63000,63125,62975,63125,62990
2025-05-20 06:10:00,6500,62980,62920,62980,62980,63000,62940,63000,63000,62990,62935,62990,62990
2025-05-20 06:15:00,6300,63040,62970,62980,62970,63060,62980,63000,62990,63050,62975,62990,62980
2025-05-20 06:20:00,8400,63030,62940,62970,63010,63050,62960,62990,63050,63035,62950,62980,63030
2025-05-20 06:25:00,,63130,62380,62500,63100,63140,62390,62510,63110,63135,62385,62505,63105
2025-05-20 06:30:00,113000,63100,63100,63100,63100,63110,63110,63110,63110,63105,63105,63105,63105
2025-05-21 00:00:00,60400,63310,62710,63130,63140,63320,62760,63140,63200,63315,62735,63135,63170
2025-05-21 00:05:00,13600,63140,62900,63140,62990,63190,62950,63190,63020,63165,62925,63165,63005
2025-05-21 00:10:00,6100,63110,62940,62990,63080,63130,62980,63020,63110,63120,62960,63005,63095
2025-05-21 00:15:00,9000,63130,63000,63080,63060,63160,63020,63110,63090,63145,63010,63095,63075
2025-05-21 00:20:00,10400,63160,62980,63060,63130,63190,62990,63080,63170,63165,62985,63070,63150
2025-05-21 00:25:00,3600,63150,63020,63130,63070,63190,63060,63170,63090,63170,63040,63150,63080
2025-05-21 00:30:00,10300,63070,62860,63070,62860,63090,62880,63090,62880,63080,62870,63080,62870
2025-05-21 00:35:00,11700,62860,62720,62860,62720,62870,62730,62870,62740,62865,62725,62865,62730
2025-05-21 00:40:00,7600,62760,62700,62720,62730,62800,62720,62740,62750,62775,62710,62730,62740
2025-05-21 00:45:00,8800,62970,62720,62720,62930,63000,62750,62750,62950,62985,62735,62735,62940
2025-05-21 00:50:00,6600,62930,62720,62930,62750,62950,62740,62950,62780,62940,62730,62940,62765
2025-05-21 00:55:00,6900,62780,62710,62750,62720,62790,62720,62780,62740,62785,62715,62765,62730
2025-05-21 01:00:00,9900,62750,62630,62720,62750,62770,62650,62740,62770,62760,62640,62730,62760
2025-05-21 01:05:00,5700,62800,62710,62750,62710,62820,62730,62770,62730,62810,62720,62760,62720
2025-05-21 01:10:00,4600,62780,62710,62710,62720,62800,62730,62730,62740,62790,62720,62720,62730
2025-05-21 01:15:00,11900,62750,62510,62720,62510,62800,62530,62730,62550,62775,62520,62725,62530
2025-05-21 01:20:00,10700,62510,62410,62510,62460,62550,62440,62550,62470,62530,62430,62530,62465
2025-05-21 01:25:00,5900,62530,62460,62460,62520,62550,62470,62470,62540,62540,62465,62465,62530
2025-05-21 01:30:00,5000,62580,62470,62520,62540,62600,62490,62540,62560,62590,62485,62530,62550
2025-05-21 01:35:00,4000,62620,62510,62540,62620,62640,62540,62560,62640,62630,62525,62550,62630
2025-05-21 01:40:00,3900,62630,62560,62620,62560,62660,62580,62640,62580,62645,62570,62630,62570
2025-05-21 01:45:00,4100,62560,62490,62560,62520,62580,62510,62580,62540,62570,62505,62570,62530
2025-05-21 01:50:00,4300,62520,62450,62520,62470,62540,62480,62540,62490,62530,62465,62530,62480
2025-05-21 01:55:00,7000,62560,62440,62470,62530,62570,62450,62490,62560,62565,62445,62480,62545
2025-05-21 02:00:00,2600,62540,62500,62530,62520,62570,62520,62560,62540,62555,62510,62545,62530
2025-05-21 02:05:00,2100,62570,62520,62520,62570,62580,62530,62540,62580,62575,62525,62530,62575
2025-05-21 02:10:00,3600,62630,62570,62570,62630,62640,62580,62580,62640,62635,62575,62575,62635
2025-05-21 02:15:00,2600,62650,62560,62630,62570,62670,62590,62650,62590,62660,62575,62640,62580
2025-05-21 02:20:00,4300,62620,62550,62570,62580,62650,62570,62590,62610,62635,62560,62580,62595
2025-05-21 02:25:00,2500,62640,62570,62580,62620,62660,62600,62610,62650,62650,62590,62595,62635
2025-05-21 02:30:00,3900,62620,62620,62620,62620,62670,62670,62670,62670,62645,62645,62645,62645
2025-05-21 03:30:00,25100,62560,62460,62560,62540,62590,62490,62560,62550,62565,62475,62560,62545
2025-05-21 03:35:00,6100,62550,62460,62540,62470,62590,62500,62560,62510,62570,62480,62550,62490
2025-05-21 03:40:00,11000,62530,62440,62470,62510,62550,62470,62500,62540,62540,62460,62485,62525
2025-05-21 03:45:00,2900,62520,62470,62510,62480,62540,62500,62540,62510,62530,62485,62525,62495
2025-05-21 03:50:00,6800,62500,62430,62480,62500,62520,62450,62510,62520,62510,62440,62495,62510
2025-05-21 03:55:00,4900,62510,62450,62500,62470,62520,62460,62520,62500,62515,62455,62510,62485
2025-05-21 04:00:00,4200,62510,62470,62470,62500,62530,62490,62500,62510,62520,62480,62485,62505
2025-05-21 04:05:00,1100,62510,62480,62500,62490,62520,62500,62510,62520,62515,62490,62505,62505
2025-05-21 04:10:00,2000,62540,62490,62490,62520,62550,62520,62520,62530,62545,62505,62505,62525
2025-05-21 04:15:00,700,62530,62510,62520,62520,62540,62530,62530,62540,62535,62520,62525,62530
2025-05-21 04:20:00,1800,62550,62510,62520,62510,62560,62530,62540,62530,62555,62520,62530,62520
2025-05-21 04:25:00,17400,62510,62400,62510,62450,62530,62420,62530,62470,62520,62410,62520,62460
2025-05-21 04:30:00,4600,62500,62430,62440,62500,62510,62450,62470,62510,62505,62440,62455,62505
2025-05-21 04:35:00,2900,62500,62480,62500,62490,62510,62490,62510,62510,62505,62485,62505,62500
2025-05-21 04:40:00,5500,62540,62480,62490,62490,62560,62490,62510,62500,62550,62485,62500,62495
2025-05-21 04:45:00,6100,62490,62460,62490,62480,62500,62470,62500,62500,62495,62465,62495,62490
2025-05-21 04:50:00,23400,62490,62330,62490,62430,62500,62360,62500,62450,62495,62345,62495,62440
2025-05-21 04:55:00,5600,62440,62350,62430,62360,62450,62360,62450,62370,62445,62355,62440,62365
2025-05-21 05:00:00,2200,62370,62340,62360,62340,62380,62350,62370,62360,62375,62345,62365,62350
2025-05-21 05:05:00,4000,62370,62340,62340,62360,62380,62350,62360,62370,62375,62345,62350,62365
2025-05-21 05:10:00,3200,62370,62340,62360,62360,62380,62350,62370,62380,62375,62345,62365,62370
2025-05-21 05:15:00,3800,62360,62300,62360,62310,62380,62320,62380,62320,62370,62310,62370,62315
2025-05-21 05:20:00,5400,62360,62310,62310,62360,62380,62320,62320,62380,62370,62315,62315,62370
2025-05-21 05:25:00,2500,62390,62340,62370,62350,62410,62360,62380,62370,62400,62350,62375,62360
2025-05-21 05:30:00,2000,62360,62340,62350,62340,62370,62350,62370,62350,62365,62345,62360,62345
2025-05-21 05:35:00,5400,62340,62300,62340,62300,62350,62310,62350,62310,62345,62305,62345,62305
2025-05-21 05:40:00,7600,62300,62200,62300,62220,62310,62220,62310,62230,62305,62215,62305,62225
2025-05-21 05:45:00,6900,62230,62160,62220,62170,62240,62180,62230,62180,62235,62175,62225,62175
2025-05-21 05:50:00,5800,62180,62130,62170,62170,62190,62150,62180,62180,62185,62140,62175,62175
2025-05-21 05:55:00,5700,62200,62140,62170,62140,62220,62150,62180,62160,62210,62145,62175,62150
2025-05-21 06:00:00,5200,62150,62110,62140,62120,62170,62120,62160,62140,62160,62115,62150,62130
2025-05-21 06:05:00,3000,62150,62120,62120,62130,62160,62140,62140,62140,62155,62130,62130,62135
2025-05-21 06:10:00,5000,62200,62130,62130,62180,62210,62140,62140,62190,62205,62135,62135,62185
2025-05-21 06:15:00,6600,62190,62150,62180,62150,62200,62160,62190,62160,62195,62155,62185,62155
2025-05-21 06:20:00,7800,62170,62120,62150,62130,62180,62140,62160,62150,62175,62130,62155,62140
2025-05-21 06:25:00,,62450,61500,62300,62100,62460,61510,62310,62110,62455,61505,62305,62105
2025-05-21 06:30:00,149700,62100,62100,62100,62100,62160,62160,62160,62160,62130,62130,62130,62130
2025-05-22 00:00:00,60400,61580,61310,61490,61450,61600,61370,61500,61480,61585,61345,61495,61465
2025-05-22 00:05:00,12700,61710,61450,61450,61480,61740,61480,61480,61520,61720,61465,61465,61500
2025-05-22 00:10:00,6500,61600,61400,61480,61440,61640,61420,61510,61470,61610,61410,61495,61455
2025-05-22 00:15:00,5400,61530,61440,61440,61460,61570,61460,61470,61500,61550,61450,61455,61480
2025-05-22 00:20:00,2900,61640,61460,61460,61610,61670,61500,61500,61640,61650,61480,61480,61625
2025-05-22 00:25:00,6500,61680,61580,61610,61590,61700,61600,61640,61620,61690,61590,61625,61605
2025-05-22 00:30:00,6500,61650,61440,61590,61440,61680,61450,61620,61450,61665,61445,61605,61445
2025-05-22 00:35:00,4400,61590,61430,61440,61520,61600,61450,61450,61540,61595,61440,61445,61530
2025-05-22 00:40:00,3300,61590,61450,61520,61590,61610,61470,61540,61610,61600,61460,61530,61600
2025-05-22 00:45:00,5200,61670,61570,61590,61610,61680,61600,61610,61640,61675,61585,61600,61625
2025-05-22 00:50:00,3800,61620,61520,61610,61550,61640,61540,61640,61580,61630,61530,61625,61565
2025-05-22 00:55:00,2800,61590,61520,61550,61550,61620,61540,61580,61590,61605,61530,61565,61570
2025-05-22 01:00:00,3200,61670,61520,61560,61670,61690,61540,61590,61690,61680,61530,61575,61680
2025-05-22 01:05:00,3500,61670,61590,61670,61640,61690,61600,61690,61670,61680,61595,61680,61655
2025-05-22 01:10:00,3500,61660,61530,61640,61530,61670,61550,61670,61550,61665,61540,61655,61540
2025-05-22 01:15:00,4000,61530,61450,61530,61450,61560,61460,61550,61460,61545,61455,61540,61455
2025-05-22 01:20:00,6900,61480,61400,61450,61410,61500,61410,61460,61440,61490,61405,61455,61425
2025-05-22 01:25:00,5400,61440,61360,61410,61380,61460,61370,61440,61400,61450,61365,61425,61390
2025-05-22 01:30:00,2300,61450,61360,61380,61450,61470,61370,61400,61470,61460,61365,61390,61460
2025-05-22 01:35:00,3800,61480,61400,61450,61410,61500,61410,61470,61440,61485,61405,61460,61425
2025-05-22 01:40:00,3200,61420,61340,61410,61350,61440,61360,61440,61370,61430,61350,61425,61360
2025-05-22 01:45:00,3400,61460,61350,61350,61460,61500,61370,61370,61490,61475,61360,61360,61475
2025-05-22 01:50:00,1700,61500,61450,61460,61460,61530,61460,61490,61480,61515,61455,61475,61470
2025-05-22 01:55:00,2600,61480,61410,61460,61420,61500,61420,61480,61440,61485,61415,61470,61430
2025-05-22 02:00:00,2000,61480,61410,61420,61480,61500,61430,61440,61500,61490,61420,61430,61490
2025-05-22 02:05:00,6800,61540,61440,61480,61540,61560,61470,61500,61560,61550,61455,61490,61550
2025-05-22 02:10:00,2600,61540,61470,61540,61500,61560,61500,61560,61530,61550,61485,61550,61515
2025-05-22 02:15:00,1900,61560,61490,61500,61500,61590,61520,61530,61520,61575,61505,61515,61510
2025-05-22 02:20:00,2400,61510,61450,61500,61460,61520,61480,61520,61480,61515,61465,61510,61470
2025-05-22 02:25:00,3500,61470,61430,61460,61430,61490,61450,61480,61460,61480,61440,61470,61445
2025-05-22 02:30:00,5000,61410,61410,61410,61410,61460,61460,61460,61460,61435,61435,61435,61435
2025-05-22 03:30:00,22400,61330,61260,61320,61260,61390,61270,61320,61280,61355,61265,61320,61270
2025-05-22 03:35:00,8200,61290,61210,61260,61280,61330,61240,61280,61310,61305,61225,61270,61295
2025-05-22 03:40:00,3800,61440,61280,61280,61430,61460,61310,61310,61440,61445,61295,61295,61435
2025-05-22 03:45:00,2500,61450,61380,61420,61410,61480,61410,61440,61440,61465,61395,61430,61425
2025-05-22 03:50:00,1600,61440,61400,61410,61400,61480,61410,61440,61430,61460,61405,61425,61415
2025-05-22 03:55:00,3000,61450,61400,61400,61420,61460,61410,61430,61440,61455,61405,61415,61430
2025-05-22 04:00:00,2700,61420,61350,61410,61400,61450,61380,61440,61420,61435,61365,61425,61410
2025-05-22 04:05:00,1700,61410,61350,61400,61360,61420,61370,61420,61370,61415,61360,61410,61365
2025-05-22 04:10:00,2200,61410,61360,61360,61390,61440,61370,61370,61420,61425,61365,61365,61405
2025-05-22 04:15:00,2300,61390,61310,61390,61320,61420,61320,61420,61340,61405,61315,61405,61330
2025-05-22 04:20:00,4500,61380,61300,61310,61370,61400,61310,61340,61400,61390,61305,61325,61385
2025-05-22 04:25:00,2600,61410,61350,61370,61380,61420,61360,61400,61400,61415,61355,61385,61390
2025-05-22 04:30:00,3100,61480,61380,61380,61450,61490,61400,61400,61480,61485,61390,61390,61465
2025-05-22 04:35:00,300,61460,61420,61450,61450,61480,61450,61480,61470,61465,61435,61465,61460
2025-05-22 04:40:00,3500,61460,61390,61450,61400,61470,61410,61470,61410,61465,61405,61460,61405
2025-05-22 04:45:00,2300,61410,61350,61400,61350,61420,61360,61410,61370,61415,61355,61405,61360
2025-05-22 04:50:00,2600,61370,61350,61350,61370,61380,61360,61370,61380,61375,61355,61360,61375
2025-05-22 04:55:00,900,61370,61360,61370,61370,61380,61370,61380,61380,61375,61365,61375,61375
2025-05-22 05:00:00,4300,61370,61280,61370,61280,61380,61290,61380,61290,61375,61285,61375,61285
2025-05-22 05:05:00,3400,61340,61280,61280,61310,61350,61290,61290,61340,61345,61285,61285,61325
2025-05-22 05:10:00,3500,61400,61310,61310,61390,61430,61320,61340,61420,61410,61315,61325,61405
2025-05-22 05:15:00,2200,61430,61370,61390,61370,61440,61390,61420,61390,61435,61380,61405,61380
2025-05-22 05:20:00,1600,61390,61340,61370,61350,61410,61350,61390,61370,61400,61345,61380,61360
2025-05-22 05:25:00,3100,61400,61340,61350,61380,61410,61350,61370,61390,61405,61345,61360,61385
2025-05-22 05:30:00,3800,61420,61380,61380,61410,61430,61390,61390,61430,61425,61385,61385,61420
2025-05-22 05:35:00,3300,61450,61400,61410,61420,61470,61410,61430,61440,61455,61405,61420,61430
2025-05-22 05:40:00,800,61440,61420,61420,61430,61450,61430,61430,61450,61445,61425,61425,61440
2025-05-22 05:45:00,4400,61490,61420,61430,61450,61500,61430,61450,61480,61495,61425,61440,61465
2025-05-22 05:50:00,3500,61500,61450,61450,61470,61510,61470,61480,61490,61505,61460,61465,61480
2025-05-22 05:55:00,6000,61530,61460,61470,61500,61550,61480,61490,61510,61540,61470,61480,61505
2025-05-22 06:00:00,3600,61520,61480,61500,61520,61540,61490,61510,61540,61530,61485,61505,61530
2025-05-22 06:05:00,2600,61530,61460,61520,61510,61540,61470,61530,61530,61535,61465,61525,61520
2025-05-22 06:10:00,2300,61540,61490,61510,61520,61550,61510,61530,61540,61545,61500,61520,61530
2025-05-22 06:15:00,4300,61530,61470,61520,61510,61540,61490,61540,61520,61535,61480,61530,61515
2025-05-22 06:20:00,7800,61520,61460,61510,61480,61540,61480,61520,61500,61525,61470,61515,61490
2025-05-22 06:25:00,,61410,60030,61410,61400,61420,60030,61420,61410,61415,60030,61415,61405
2025-05-22 06:30:00,116800,61400,61400,61400,61400,61500,61500,61500,61500,61450,61450,61450,61450
2025-05-23 00:00:00,55600,62050,61570,61700,62000,62090,61690,61700,62030,62070,61640,61700,62015
2025-05-23 00:05:00,12600,62000,61750,62000,61750,62040,61770,62040,61780,62020,61760,62020,61765
2025-05-23 00:10:00,14700,61790,61410,61750,61410,61810,61440,61780,61440,61795,61425,61765,61425
2025-05-23 00:15:00,5400,61540,61400,61410,61520,61560,61410,61440,61550,61545,61405,61425,61535
2025-05-23 00:20:00,3100,61590,61500,61520,61520,61630,61530,61550,61540,61605,61515,61535,61530
2025-05-23 00:25:00,4900,61590,61490,61520,61560,61630,61510,61540,61580,61600,61500,61530,61570
2025-05-23 00:30:00,3400,61650,61520,61560,61650,61680,61550,61580,61670,61665,61535,61570,61660
2025-05-23 00:35:00,5600,61800,61650,61660,61760,61820,61670,61670,61780,61810,61660,61665,61770
2025-05-23 00:40:00,6000,61760,61600,61760,61610,61780,61620,61780,61640,61770,61610,61770,61625
2025-05-23 00:45:00,3200,61720,61600,61610,61700,61750,61630,61640,61730,61735,61615,61625,61715
2025-05-23 00:50:00,2200,61770,61690,61700,61710,61790,61720,61730,61750,61780,61705,61715,61730
2025-05-23 00:55:00,600,61770,61680,61710,61760,61790,61720,61750,61780,61780,61700,61730,61770
2025-05-23 01:00:00,3600,61760,61650,61760,61730,61790,61670,61780,61760,61775,61660,61770,61745
2025-05-23 01:05:00,2600,61750,61660,61730,61720,61780,61690,61760,61760,61765,61675,61745,61740
2025-05-23 01:10:00,8400,61820,61720,61730,61780,61850,61750,61760,61810,61835,61735,61745,61795
2025-05-23 01:15:00,5300,61890,61760,61780,61770,61910,61790,61820,61790,61900,61780,61800,61780
2025-05-23 01:20:00,2100,61840,61750,61770,61830,61860,61790,61790,61860,61850,61775,61780,61845
2025-05-23 01:25:00,6800,61960,61800,61840,61870,61980,61820,61860,61910,61970,61810,61850,61890
2025-05-23 01:30:00,4200,61920,61820,61870,61870,61940,61860,61910,61900,61925,61840,61890,61885
2025-05-23 01:35:00,1700,61920,61870,61870,61900,61940,61890,61900,61930,61930,61885,61885,61915
2025-05-23 01:40:00,4400,61910,61880,61900,61890,61930,61890,61930,61910,61920,61885,61915,61900
2025-05-23 01:45:00,3900,61890,61800,61890,61800,61920,61820,61910,61830,61905,61810,61900,61815
2025-05-23 01:50:00,2300,61810,61770,61800,61790,61850,61780,61830,61820,61830,61775,61815,61805
2025-05-23 01:55:00,2300,61810,61760,61790,61760,61830,61780,61820,61780,61820,61770,61805,61770
2025-05-23 02:00:00,9000,61780,61660,61760,61670,61810,61680,61780,61700,61795,61670,61770,61685
2025-05-23 02:05:00,1900,61680,61650,61660,61670,61700,61660,61700,61690,61685,61655,61680,61680
2025-05-23 02:10:00,700,61730,61670,61670,61710,61750,61690,61690,61740,61735,61680,61680,61725
2025-05-23 02:15:00,1500,61710,61680,61710,61700,61740,61690,61740,61710,61725,61685,61725,61705
2025-05-23 02:20:00,1200,61690,61650,61690,61650,61710,61670,61710,61680,61700,61660,61700,61665
2025-05-23 02:25:00,7600,61680,61520,61650,61550,61710,61550,61680,61580,61695,61540,61665,61565
2025-05-23 02:30:00,4400,61550,61550,61550,61550,61590,61590,61590,61590,61570,61570,61570,61570
2025-05-23 03:30:00,14500,61590,61480,61570,61520,61620,61500,61580,61540,61600,61490,61575,61530
2025-05-23 03:35:00,4800,61520,61400,61520,61430,61540,61420,61540,61450,61530,61410,61530,61440
2025-05-23 03:40:00,4800,61500,61400,61430,61500,61520,61410,61450,61520,61510,61405,61440,61510
2025-05-23 03:45:00,4200,61580,61480,61500,61520,61590,61500,61520,61550,61585,61495,61510,61535
2025-05-23 03:50:00,1400,61580,61510,61520,61570,61600,61540,61550,61600,61590,61525,61535,61585
2025-05-23 03:55:00,2700,61580,61480,61570,61510,61600,61510,61600,61530,61585,61495,61585,61520
2025-05-23 04:00:00,4200,61510,61400,61510,61410,61530,61410,61530,61420,61520,61405,61520,61415
2025-05-23 04:05:00,4400,61440,61370,61410,61420,61470,61380,61420,61430,61450,61375,61415,61425
2025-05-23 04:10:00,2300,61460,61390,61420,61390,61470,61410,61430,61410,61465,61400,61425,61400
2025-05-23 04:15:00,800,61440,61390,61390,61440,61460,61410,61410,61450,61450,61400,61400,61445
2025-05-23 04:20:00,3500,61440,61370,61440,61400,61450,61380,61450,61420,61445,61375,61445,61410
2025-05-23 04:25:00,6200,61400,61220,61400,61240,61420,61240,61420,61250,61410,61230,61410,61245
2025-05-23 04:30:00,3000,61250,61200,61230,61230,61260,61210,61250,61260,61255,61205,61240,61245
2025-05-23 04:35:00,3300,61230,61190,61220,61210,61260,61200,61260,61220,61245,61195,61240,61215
2025-05-23 04:40:00,2600,61210,61160,61210,61190,61220,61180,61220,61220,61215,61170,61215,61205
2025-05-23 04:45:00,2200,61230,61180,61190,61200,61240,61200,61220,61220,61235,61190,61205,61210
2025-05-23 04:50:00,2100,61290,61200,61200,61270,61310,61220,61220,61280,61300,61210,61210,61275
2025-05-23 04:55:00,1300,61270,61250,61270,61270,61280,61260,61280,61280,61275,61255,61275,61275
2025-05-23 05:00:00,3500,61280,61230,61270,61240,61290,61250,61280,61260,61285,61240,61275,61250
2025-05-23 05:05:00,2100,61260,61230,61240,61260,61280,61240,61260,61280,61270,61235,61250,61270
2025-05-23 05:10:00,1800,61300,61250,61260,61290,61310,61280,61280,61310,61305,61265,61270,61300
2025-05-23 05:15:00,1100,61310,61290,61290,61300,61330,61300,61310,61310,61320,61295,61300,61305
2025-05-23 05:20:00,2100,61370,61300,61300,61360,61400,61310,61310,61380,61385,61305,61305,61370
2025-05-23 05:25:00,3400,61420,61360,61360,61400,61440,61370,61380,61420,61430,61365,61370,61410
2025-05-23 05:30:00,1900,61410,61370,61400,61370,61420,61380,61420,61380,61415,61375,61410,61375
2025-05-23 05:35:00,1900,61400,61360,61370,61390,61420,61370,61380,61400,61410,61365,61375,61395
2025-05-23 05:40:00,1600,61450,61380,61390,61440,61470,61400,61400,61470,61460,61390,61395,61455
2025-05-23 05:45:00,5100,61520,61430,61440,61430,61530,61450,61470,61450,61525,61440,61455,61440
2025-05-23 05:50:00,3000,61480,61420,61430,61460,61500,61430,61450,61480,61485,61425,61440,61470
2025-05-23 05:55:00,3800,61530,61450,61460,61520,61550,61470,61480,61540,61540,61460,61470,61530
2025-05-23 06:00:00,7000,61530,61440,61520,61510,61550,61450,61550,61540,61540,61445,61535,61525
2025-05-23 06:05:00,5600,61510,61380,61510,61380,61540,61400,61540,61400,61525,61390,61525,61390
2025-05-23 06:10:00,3100,61400,61360,61380,61380,61420,61380,61400,61400,61410,61370,61390,61390
2025-05-23 06:15:00,5600,61390,61290,61390,61300,61400,61300,61400,61330,61395,61295,61395,61315
2025-05-23 06:20:00,5400,61350,61280,61300,61350,61360,61290,61330,61360,61355,61285,61315,61355
2025-05-23 06:25:00,,61760,61100,61700,61330,61770,61110,61700,61340,61765,61105,61700,61335
2025-05-23 06:30:00,90700,61330,61330,61330,61330,61340,61340,61340,61340,61335,61335,61335,61335
2025-05-26 00:00:00,39200,61230,60990,61050,61210,61310,61010,61050,61230,61265,61005,61050,61220
2025-05-26 00:05:00,6600,61410,61210,61210,61320,61430,61230,61230,61370,61420,61220,61220,61345
2025-05-26 00:10:00,5000,61360,61110,61320,61150,61390,61130,61370,61180,61375,61120,61345,61165
2025-05-26 00:15:00,5000,61350,61150,61150,61250,61390,61180,61180,61290,61370,61165,61165,61270
2025-05-26 00:20:00,3500,61390,61240,61250,61380,61420,61280,61290,61410,61405,61265,61270,61395
2025-05-26 00:25:00,5000,61500,61370,61380,61490,61530,61410,61410,61520,61515,61390,61395,61505
2025-05-26 00:30:00,6700,61500,61400,61490,61470,61520,61430,61520,61510,61510,61420,61505,61490
2025-05-26 00:35:00,2800,61530,61410,61470,61470,61550,61440,61510,61500,61540,61425,61490,61485
2025-05-26 00:40:00,1600,61560,61460,61470,61530,61580,61500,61500,61560,61570,61480,61485,61545
2025-05-26 00:45:00,3400,61590,61520,61530,61570,61600,61550,61560,61590,61595,61535,61545,61580
2025-05-26 00:50:00,2400,61610,61550,61570,61610,61630,61570,61590,61630,61620,61560,61580,61620
2025-05-26 00:55:00,5200,61730,61590,61610,61720,61750,61610,61630,61750,61740,61600,61620,61735
2025-05-26 01:00:00,3900,61730,61610,61720,61630,61750,61640,61750,61660,61735,61625,61735,61645
2025-05-26 01:05:00,2900,61670,61610,61630,61630,61680,61650,61670,61660,61675,61630,61650,61645
2025-05-26 01:10:00,4400,61750,61630,61630,61710,61780,61640,61660,61730,61765,61635,61645,61720
2025-05-26 01:15:00,2900,61710,61610,61710,61630,61750,61640,61730,61660,61730,61630,61720,61645
2025-05-26 01:20:00,2200,61640,61560,61630,61560,61660,61580,61650,61580,61650,61570,61640,61570
2025-05-26 01:25:00,4100,61700,61550,61560,61630,61720,61570,61580,61660,61710,61560,61570,61645
2025-05-26 01:30:00,1200,61720,61630,61630,61690,61730,61660,61660,61720,61725,61645,61645,61705
2025-05-26 01:35:00,1600,61710,61670,61680,61710,61730,61700,61720,61720,61715,61685,61700,61715
2025-05-26 01:40:00,3200,61730,61680,61710,61680,61750,61700,61720,61710,61740,61690,61715,61695
2025-05-26 01:45:00,1500,61720,61680,61680,61700,61740,61710,61710,61730,61730,61695,61695,61715
2025-05-26 01:50:00,1000,61720,61680,61710,61680,61740,61690,61730,61710,61725,61685,61720,61695
2025-05-26 01:55:00,1600,61700,61660,61680,61680,61710,61680,61710,61710,61705,61670,61695,61695
2025-05-26 02:00:00,1700,61680,61630,61680,61630,61710,61640,61710,61650,61695,61635,61695,61640
2025-05-26 02:05:00,1400,61660,61600,61630,61660,61680,61620,61650,61680,61670,61610,61640,61670
2025-05-26 02:10:00,1600,61670,61610,61670,61610,61680,61630,61680,61640,61675,61620,61675,61625
2025-05-26 02:15:00,1200,61620,61570,61610,61590,61640,61580,61640,61620,61630,61575,61625,61605
2025-05-26 02:20:00,3100,61720,61580,61590,61670,61740,61610,61620,61700,61730,61595,61605,61685
2025-05-26 02:25:00,3600,61690,61620,61670,61640,61720,61650,61700,61700,61705,61635,61685,61670
2025-05-26 02:30:00,5300,61640,61640,61640,61640,61700,61700,61700,61700,61670,61670,61670,61670
2025-05-26 03:30:00,16700,61650,61520,61580,61550,61680,61540,61670,61570,61665,61530,61625,61560
2025-05-26 03:35:00,3400,61590,61520,61550,61560,61620,61540,61570,61590,61605,61530,61560,61575
2025-05-26 03:40:00,1700,61630,61560,61560,61630,61650,61590,61590,61650,61640,61575,61575,61640
2025-05-26 03:45:00,1100,61650,61570,61630,61600,61680,61590,61650,61630,61665,61580,61640,61615
2025-05-26 03:50:00,1900,61660,61580,61600,61640,61680,61600,61630,61670,61670,61590,61615,61655
2025-05-26 03:55:00,1200,61660,61620,61640,61640,61680,61650,61670,61660,61670,61635,61655,61650
2025-05-26 04:00:00,2100,61690,61640,61640,61670,61710,61650,61660,61690,61700,61645,61650,61680
2025-05-26 04:05:00,900,61690,61640,61670,61640,61710,61660,61690,61670,61700,61650,61680,61655
2025-05-26 04:10:00,1000,61660,61630,61640,61640,61680,61650,61670,61670,61665,61640,61655,61655
2025-05-26 04:15:00,900,61670,61630,61640,61640,61690,61650,61670,61670,61675,61640,61655,61655
2025-05-26 04:20:00,600,61660,61630,61640,61650,61680,61660,61670,61670,61670,61645,61655,61660
2025-05-26 04:25:00,300,61660,61630,61650,61640,61670,61650,61670,61650,61665,61640,61660,61645
2025-05-26 04:30:00,3100,61700,61630,61640,61680,61710,61640,61650,61710,61705,61635,61645,61695
2025-05-26 04:35:00,1700,61700,61680,61680,61680,61720,61700,61710,61700,61710,61690,61695,61690
2025-05-26 04:40:00,1300,61720,61680,61680,61710,61740,61700,61700,61740,61730,61690,61690,61725
2025-05-26 04:45:00,900,61730,61690,61710,61690,61740,61710,61740,61710,61735,61700,61725,61700
2025-05-26 04:50:00,1300,61710,61670,61690,61670,61720,61690,61710,61690,61715,61680,61700,61680
2025-05-26 04:55:00,1500,61670,61640,61670,61650,61700,61660,61690,61670,61685,61650,61680,61660
2025-05-26 05:00:00,2000,61660,61630,61650,61630,61690,61640,61670,61650,61675,61635,61660,61640
2025-05-26 05:05:00,1200,61650,61620,61630,61640,61670,61630,61650,61660,61655,61625,61640,61650
2025-05-26 05:10:00,1600,61690,61640,61640,61670,61710,61660,61660,61690,61700,61650,61650,61680
2025-05-26 05:15:00,2400,61730,61650,61670,61710,61740,61680,61690,61720,61735,61665,61680,61715
2025-05-26 05:20:00,1200,61710,61680,61710,61680,61720,61700,61720,61710,61715,61690,61715,61695
2025-05-26 05:25:00,1200,61700,61680,61680,61700,61720,61700,61710,61720,61710,61695,61695,61710
2025-05-26 05:30:00,2300,61740,61680,61700,61740,61760,61690,61720,61760,61750,61685,61710,61750
2025-05-26 05:35:00,7200,61920,61740,61740,61870,61930,61750,61760,61890,61925,61745,61750,61880
2025-05-26 05:40:00,2300,61870,61780,61870,61800,61890,61810,61890,61820,61880,61795,61880,61810
2025-05-26 05:45:00,2100,61880,61800,61800,61820,61890,61810,61820,61850,61885,61805,61810,61835
2025-05-26 05:50:00,900,61860,61810,61820,61830,61880,61830,61850,61850,61870,61820,61835,61840
2025-05-26 05:55:00,1800,61860,61810,61830,61820,61870,61820,61850,61840,61865,61815,61840,61830
2025-05-26 06:00:00,3000,61860,61800,61820,61840,61880,61810,61840,61860,61870,61805,61830,61850
2025-05-26 06:05:00,1300,61880,61840,61840,61860,61890,61860,61860,61870,61885,61850,61850,61865
2025-05-26 06:10:00,3400,61880,61840,61860,61860,61890,61850,61870,61880,61885,61845,61865,61870
2025-05-26 06:15:00,2300,61880,61850,61860,61880,61900,61870,61880,61900,61890,61860,61870,61890
2025-05-26 06:20:00,4500,61920,61850,61880,61920,61950,61870,61900,61950,61935,61865,61890,61935
2025-05-26 06:25:00,,61930,61000,61920,61910,61950,61010,61950,61920,61940,61005,61935,61915
2025-05-26 06:30:00,83600,61850,61850,61850,61850,61930,61930,61930,61930,61890,61890,61890,61890
2025-05-27 00:00:00,32200,61370,61160,61350,61310,61500,61230,61350,61340,61410,61195,61350,61325
2025-05-27 00:05:00,6700,61380,61270,61310,61280,61400,61280,61340,61330,61390,61275,61325,61305
2025-05-27 00:10:00,7500,61460,61280,61280,61380,61500,61330,61340,61420,61480,61310,61310,61400
2025-05-27 00:15:00,9200,61620,61360,61380,61620,61660,61390,61420,61650,61640,61375,61400,61635
2025-05-27 00:20:00,2800,61640,61500,61620,61550,61660,61510,61650,61590,61650,61505,61635,61570
2025-05-27 00:25:00,2700,61620,61510,61550,61550,61650,61550,61590,61590,61635,61530,61570,61570
2025-05-27 00:30:00,2500,61600,61510,61550,61510,61630,61530,61590,61540,61615,61525,61570,61525
2025-05-27 00:35:00,3100,61650,61510,61510,61620,61670,61520,61520,61650,61660,61515,61515,61635
2025-05-27 00:40:00,1500,61690,61620,61630,61670,61700,61640,61650,61690,61695,61630,61640,61680
2025-05-27 00:45:00,2200,61740,61670,61670,61720,61750,61690,61690,61740,61745,61680,61680,61730
2025-05-27 00:50:00,2800,61720,61670,61720,61700,61750,61680,61740,61720,61735,61675,61730,61710
2025-05-27 00:55:00,1100,61710,61670,61700,61670,61730,61690,61720,61700,61720,61680,61710,61685
2025-05-27 01:00:00,1300,61690,61640,61670,61640,61710,61650,61700,61650,61700,61645,61685,61645
2025-05-27 01:05:00,1200,61660,61610,61640,61640,61680,61630,61660,61660,61670,61620,61650,61650
2025-05-27 01:10:00,1500,61680,61640,61640,61660,61700,61650,61650,61690,61690,61645,61645,61675
2025-05-27 01:15:00,900,61690,61630,61660,61630,61700,61660,61690,61660,61695,61645,61675,61645
2025-05-27 01:20:00,900,61660,61620,61630,61660,61680,61630,61660,61680,61670,61625,61645,61670
2025-05-27 01:25:00,1100,61670,61650,61660,61660,61690,61660,61680,61680,61680,61655,61670,61670
2025-05-27 01:30:00,1800,61690,61610,61660,61610,61700,61630,61680,61630,61695,61620,61670,61620
2025-05-27 01:35:00,3500,61610,61520,61610,61600,61630,61540,61630,61630,61620,61530,61620,61615
2025-05-27 01:40:00,1200,61620,61590,61600,61590,61640,61600,61630,61610,61630,61595,61615,61600
2025-05-27 01:45:00,2000,61600,61540,61590,61560,61620,61570,61610,61580,61605,61555,61600,61570
2025-05-27 01:50:00,2300,61560,61480,61550,61510,61580,61500,61580,61530,61565,61490,61565,61520
2025-05-27 01:55:00,2200,61530,61490,61510,61500,61540,61510,61520,61530,61535,61505,61515,61515
2025-05-27 02:00:00,3200,61530,61480,61500,61500,61540,61500,61530,61530,61535,61490,61515,61515
2025-05-27 02:05:00,2200,61500,61440,61500,61450,61530,61450,61530,61480,61515,61445,61515,61465
2025-05-27 02:10:00,1000,61480,61420,61450,61440,61500,61450,61470,61470,61490,61435,61460,61455
2025-05-27 02:15:00,1200,61490,61440,61440,61480,61500,61460,61470,61500,61495,61455,61455,61490
2025-05-27 02:20:00,1700,61510,61470,61480,61490,61520,61490,61500,61510,61515,61485,61490,61500
2025-05-27 02:25:00,2200,61490,61450,61490,61470,61510,61470,61510,61500,61500,61460,61500,61485
2025-05-27 02:30:00,1900,61470,61470,61470,61470,61500,61500,61500,61500,61485,61485,61485,61485
2025-05-27 03:30:00,9100,61510,61450,61490,61490,61530,61480,61490,61500,61515,61470,61490,61495
2025-05-27 03:35:00,3100,61520,61440,61490,61450,61530,61470,61500,61480,61525,61460,61495,61465
2025-05-27 03:40:00,2900,61480,61430,61450,61460,61500,61440,61480,61480,61490,61435,61465,61470
2025-05-27 03:45:00,1700,61500,61460,61460,61490,61510,61480,61480,61510,61505,61470,61470,61500
2025-05-27 03:50:00,3200,61510,61480,61490,61510,61530,61490,61510,61530,61520,61485,61500,61520
2025-05-27 03:55:00,1800,61530,61490,61510,61490,61540,61500,61530,61520,61535,61495,61520,61505
2025-05-27 04:00:00,1100,61500,61480,61490,61490,61520,61490,61520,61500,61505,61485,61505,61495
2025-05-27 04:05:00,1700,61500,61480,61490,61500,61510,61490,61500,61510,61505,61485,61495,61505
2025-05-27 04:10:00,2500,61550,61500,61500,61520,61560,61510,61510,61540,61555,61505,61505,61530
2025-05-27 04:15:00,900,61530,61520,61520,61520,61550,61530,61540,61530,61540,61525,61530,61525
2025-05-27 04:20:00,2500,61540,61500,61520,61500,61550,61510,61530,61510,61545,61505,61525,61505
2025-05-27 04:25:00,2300,61540,61500,61500,61520,61550,61510,61510,61530,61545,61505,61505,61525
2025-05-27 04:30:00,3000,61520,61450,61520,61460,61540,61470,61530,61480,61525,61460,61525,61470
2025-05-27 04:35:00,1000,61490,61460,61460,61470,61500,61470,61480,61490,61495,61465,61470,61480
2025-05-27 04:40:00,1200,61510,61470,61470,61500,61520,61480,61490,61510,61515,61475,61480,61505
2025-05-27 04:45:00,1200,61530,61500,61500,61520,61540,61510,61510,61530,61535,61505,61505,61525
2025-05-27 04:50:00,1300,61530,61510,61520,61530,61540,61520,61530,61540,61535,61515,61525,61535
2025-05-27 04:55:00,800,61540,61530,61530,61530,61550,61540,61540,61540,61545,61535,61535,61535
2025-05-27 05:00:00,1000,61540,61530,61530,61530,61550,61540,61540,61550,61545,61535,61535,61540
2025-05-27 05:05:00,1400,61550,61530,61530,61530,61560,61540,61550,61540,61555,61535,61540,61535
2025-05-27 05:10:00,2800,61590,61530,61530,61550,61600,61540,61540,61580,61595,61535,61535,61565
2025-05-27 05:15:00,2400,61610,61550,61560,61610,61620,61570,61580,61620,61615,61560,61570,61615
2025-05-27 05:20:00,2200,61670,61610,61610,61660,61690,61620,61630,61680,61675,61615,61620,61670
2025-05-27 05:25:00,6400,61780,61650,61660,61760,61800,61670,61670,61780,61790,61660,61665,61770
2025-05-27 05:30:00,3200,61810,61750,61760,61800,61830,61760,61770,61810,61820,61755,61765,61805
2025-05-27 05:35:00,9300,61860,61750,61800,61850,61870,61770,61810,61870,61865,61760,61805,61860
2025-05-27 05:40:00,5000,61960,61850,61850,61940,61980,61870,61870,61950,61970,61860,61860,61945
2025-05-27 05:45:00,4600,61940,61800,61940,61820,61950,61830,61950,61830,61945,61820,61945,61825
2025-05-27 05:50:00,4300,61850,61770,61820,61840,61870,61780,61830,61860,61860,61775,61825,61850
2025-05-27 05:55:00,2800,61880,61840,61840,61880,61900,61850,61860,61890,61890,61845,61850,61885
2025-05-27 06:00:00,4400,61900,61830,61880,61870,61910,61850,61890,61880,61905,61840,61885,61875
2025-05-27 06:05:00,2000,61900,61830,61870,61900,61910,61840,61880,61910,61905,61835,61875,61905
2025-05-27 06:10:00,3600,61940,61880,61900,61940,61960,61890,61910,61960,61950,61885,61905,61950
2025-05-27 06:15:00,5300,62050,61920,61940,62050,62060,61940,61960,62060,62055,61930,61950,62055
2025-05-27 06:20:00,5700,62070,62010,62050,62030,62080,62030,62060,62050,62075,62020,62055,62040
2025-05-27 06:25:00,,62370,61640,62080,62020,62380,61650,62090,62030,62375,61645,62085,62025
2025-05-27 06:30:00,80600,62000,62000,62000,62000,62030,62030,62030,62030,62015,62015,62015,62015
2025-05-28 00:00:00,75100,62460,62150,62300,62260,62500,62190,62310,62290,62480,62170,62305,62275
2025-05-28 00:05:00,17400,62320,62020,62260,62040,62350,62040,62290,62080,62335,62035,62275,62060
2025-05-28 00:10:00,5900,62080,62030,62040,62040,62120,62050,62080,62070,62100,62040,62060,62055
2025-05-28 00:15:00,12600,62130,61980,62040,62070,62150,62000,62070,62110,62135,61990,62055,62090
2025-05-28 00:20:00,8000,62070,61970,62070,62010,62110,61990,62100,62040,62090,61980,62085,62025
2025-05-28 00:25:00,3300,62070,62000,62010,62020,62080,62020,62040,62040,62075,62015,62025,62030
2025-05-28 00:30:00,6300,62030,61950,62020,62010,62050,61970,62040,62030,62035,61960,62030,62020
2025-05-28 00:35:00,5000,62060,62000,62010,62040,62080,62010,62030,62060,62070,62005,62020,62050
2025-05-28 00:40:00,4300,62060,62020,62040,62020,62080,62030,62060,62030,62070,62025,62050,62025
2025-05-28 00:45:00,3000,62020,61940,62020,61940,62030,61950,62030,61950,62025,61945,62025,61945
2025-05-28 00:50:00,6700,62020,61930,61940,61960,62040,61950,61950,61990,62030,61940,61945,61975
2025-05-28 00:55:00,7100,62050,61950,61960,62000,62070,61980,61990,62020,62060,61965,61975,62010
2025-05-28 01:00:00,4300,62020,61980,62000,62000,62030,62000,62020,62020,62025,61990,62010,62010
2025-05-28 01:05:00,4700,62100,62000,62000,62090,62120,62020,62020,62110,62105,62010,62010,62100
2025-05-28 01:10:00,5600,62140,62030,62080,62090,62160,62050,62110,62120,62150,62040,62095,62105
2025-05-28 01:15:00,3600,62090,62000,62090,62010,62120,62020,62120,62040,62105,62010,62105,62025
2025-05-28 01:20:00,4300,62020,61970,62010,61970,62040,61980,62040,61990,62025,61975,62025,61980
2025-05-28 01:25:00,4200,62010,61970,61970,61990,62030,61980,61990,62010,62020,61975,61980,62000
2025-05-28 01:30:00,8700,62000,61810,61990,61900,62010,61820,62010,61920,62005,61815,62000,61910
2025-05-28 01:35:00,3300,61950,61880,61900,61940,61970,61890,61920,61950,61960,61885,61910,61945
2025-05-28 01:40:00,4300,62040,61930,61940,62020,62050,61940,61950,62050,62045,61935,61945,62035
2025-05-28 01:45:00,2300,62060,62010,62030,62060,62080,62030,62050,62070,62070,62025,62040,62065
2025-05-28 01:50:00,7400,62120,62050,62060,62070,62140,62070,62070,62090,62130,62060,62065,62080
2025-05-28 01:55:00,2500,62070,62010,62070,62040,62090,62030,62090,62060,62080,62020,62080,62050
2025-05-28 02:00:00,5500,62060,62010,62040,62040,62070,62020,62060,62060,62065,62015,62050,62050
2025-05-28 02:05:00,1100,62060,62020,62040,62050,62070,62050,62060,62070,62065,62035,62050,62060
2025-05-28 02:10:00,1000,62060,62020,62050,62020,62070,62030,62070,62030,62065,62025,62060,62025
2025-05-28 02:15:00,1800,62050,62020,62020,62030,62060,62030,62030,62040,62055,62025,62025,62035
2025-05-28 02:20:00,4200,62030,61980,62030,62010,62040,61990,62040,62020,62035,61985,62035,62015
2025-05-28 02:25:00,3300,62040,62000,62010,62000,62060,62020,62020,62050,62050,62010,62015,62025
2025-05-28 02:30:00,5400,61990,61990,61990,61990,62050,62050,62050,62050,62020,62020,62020,62020
2025-05-28 03:30:00,22400,62070,62000,62010,62020,62100,62000,62010,62040,62085,62000,62010,62030
2025-05-28 03:35:00,11700,62020,61940,62020,62000,62040,61970,62040,62020,62030,61955,62030,62010
2025-05-28 03:40:00,5100,62000,61880,62000,61900,62020,61910,62020,61930,62010,61895,62010,61915
2025-05-28 03:45:00,2100,61960,61900,61900,61930,61970,61930,61930,61950,61965,61915,61915,61940
2025-05-28 03:50:00,3000,61970,61920,61930,61940,61990,61940,61950,61950,61980,61935,61940,61945
2025-05-28 03:55:00,1900,61960,61910,61940,61950,61970,61920,61950,61970,61965,61915,61945,61960
2025-05-28 04:00:00,4700,62000,61950,61950,61970,62020,61960,61970,61990,62005,61955,61960,61980
2025-05-28 04:05:00,2000,62000,61970,61970,62000,62010,61980,61990,62010,62005,61975,61980,62005
2025-05-28 04:10:00,3200,62030,61980,62000,62010,62040,62000,62010,62030,62035,61990,62005,62020
2025-05-28 04:15:00,1900,62020,61980,62010,62000,62040,61990,62030,62010,62030,61985,62020,62005
2025-05-28 04:20:00,2800,62000,61950,62000,61960,62010,61970,62010,61990,62005,61960,62005,61975
2025-05-28 04:25:00,6600,61980,61910,61960,61910,61990,61930,61980,61930,61985,61920,61970,61920
2025-05-28 04:30:00,3700,61920,61820,61910,61820,61930,61850,61930,61850,61925,61835,61920,61835
2025-05-28 04:35:00,1700,61860,61820,61820,61820,61880,61830,61850,61830,61870,61825,61835,61825
2025-05-28 04:40:00,3400,61870,61820,61820,61850,61880,61830,61830,61860,61875,61825,61825,61855
2025-05-28 04:45:00,4300,61870,61800,61850,61830,61880,61810,61860,61850,61875,61805,61855,61840
2025-05-28 04:50:00,2800,61870,61820,61830,61870,61890,61840,61850,61890,61880,61830,61840,61880
2025-05-28 04:55:00,4500,61880,61830,61870,61840,61890,61850,61890,61860,61885,61840,61880,61850
2025-05-28 05:00:00,3000,61860,61800,61840,61850,61870,61820,61860,61870,61865,61810,61850,61860
2025-05-28 05:05:00,2100,61880,61850,61850,61880,61890,61870,61870,61890,61885,61860,61860,61885
2025-05-28 05:10:00,4000,61910,61870,61880,61900,61930,61880,61890,61920,61920,61875,61885,61910
2025-05-28 05:15:00,3700,61940,61880,61900,61940,61960,61890,61920,61960,61950,61885,61910,61950
2025-05-28 05:20:00,5000,61960,61920,61940,61950,61970,61930,61960,61960,61965,61925,61950,61955
2025-05-28 05:25:00,3800,61970,61910,61950,61930,61980,61920,61960,61950,61975,61915,61955,61940
2025-05-28 05:30:00,2500,61970,61930,61930,61970,61990,61950,61950,61990,61980,61940,61940,61980
2025-05-28 05:35:00,9700,61980,61750,61970,61810,62000,61780,61980,61830,61990,61765,61975,61820
2025-05-28 05:40:00,4500,61810,61700,61810,61780,61830,61710,61830,61800,61820,61705,61820,61790
2025-05-28 05:45:00,2500,61780,61720,61780,61730,61800,61740,61800,61750,61790,61730,61790,61740
2025-05-28 05:50:00,2000,61730,61700,61730,61720,61750,61710,61750,61730,61740,61705,61740,61725
2025-05-28 05:55:00,3600,61790,61700,61720,61740,61810,61710,61730,61760,61800,61705,61725,61750
2025-05-28 06:00:00,7700,61750,61580,61740,61590,61760,61590,61760,61610,61755,61585,61750,61600
2025-05-28 06:05:00,4000,61670,61590,61590,61650,61690,61600,61610,61670,61680,61595,61600,61660
2025-05-28 06:10:00,2300,61700,61630,61650,61660,61710,61650,61670,61670,61705,61640,61660,61665
2025-05-28 06:15:00,3600,61660,61610,61660,61610,61670,61620,61670,61620,61665,61615,61665,61615
2025-05-28 06:20:00,9300,61620,61520,61610,61580,61640,61540,61620,61620,61630,61535,61615,61600
2025-05-28 06:25:00,,62030,59960,61800,61390,62040,59970,61800,61400,62035,59965,61800,61395
2025-05-28 06:30:00,121500,61390,61390,61390,61390,61590,61590,61590,61590,61490,61490,61490,61490
2025-05-29 00:00:00,52600,62150,61580,61700,61890,62190,61630,61710,61940,62155,61615,61705,61915
2025-05-29 00:05:00,11700,61900,61660,61890,61700,61940,61690,61940,61740,61915,61675,61915,61720
2025-05-29 00:10:00,6500,61800,61580,61700,61780,61830,61620,61740,61810,61810,61600,61720,61795
2025-05-29 00:15:00,16100,62110,61760,61780,62090,62140,61800,61810,62120,62125,61780,61795,62105
2025-05-29 00:20:00,10600,62140,61970,62090,62050,62150,62030,62120,62090,62145,62000,62105,62070
2025-05-29 00:25:00,10900,62270,62030,62040,62200,62280,62070,62090,62230,62275,62050,62065,62215
2025-05-29 00:30:00,10100,62340,62170,62200,62330,62380,62190,62230,62370,62360,62180,62215,62350
2025-05-29 00:35:00,15800,62440,62290,62330,62380,62450,62310,62370,62410,62445,62300,62350,62395
2025-05-29 00:40:00,17900,62540,62370,62380,62420,62570,62400,62410,62450,62555,62385,62395,62435
2025-05-29 00:45:00,5600,62470,62310,62420,62390,62500,62340,62450,62420,62480,62330,62435,62405
2025-05-29 00:50:00,3700,62390,62290,62380,62300,62420,62300,62420,62320,62400,62295,62400,62310
2025-05-29 00:55:00,3700,62420,62240,62310,62410,62440,62270,62320,62440,62430,62255,62315,62425
2025-05-29 01:00:00,7200,62500,62340,62410,62490,62520,62370,62440,62520,62510,62355,62425,62505
2025-05-29 01:05:00,8200,62580,62420,62510,62450,62600,62450,62520,62480,62585,62440,62515,62465
2025-05-29 01:10:00,3500,62490,62410,62450,62470,62520,62430,62480,62510,62505,62420,62465,62490
2025-05-29 01:15:00,1800,62520,62470,62470,62490,62550,62490,62510,62510,62535,62480,62490,62500
2025-05-29 01:20:00,2500,62490,62450,62490,62450,62510,62470,62510,62490,62500,62460,62500,62470
2025-05-29 01:25:00,6900,62560,62450,62460,62550,62580,62460,62490,62580,62570,62455,62475,62565
2025-05-29 01:30:00,4000,62580,62500,62550,62570,62600,62520,62580,62600,62590,62515,62565,62585
2025-05-29 01:35:00,3400,62580,62460,62570,62470,62600,62480,62600,62500,62590,62470,62585,62485
2025-05-29 01:40:00,6400,62550,62410,62470,62530,62570,62440,62500,62560,62560,62425,62485,62545
2025-05-29 01:45:00,1100,62540,62470,62530,62510,62570,62500,62560,62530,62555,62485,62545,62520
2025-05-29 01:50:00,3900,62580,62480,62510,62550,62590,62510,62530,62580,62585,62500,62520,62565
2025-05-29 01:55:00,1800,62570,62510,62550,62530,62590,62540,62570,62550,62580,62525,62560,62540
2025-05-29 02:00:00,1800,62530,62460,62530,62460,62560,62470,62550,62470,62540,62465,62540,62465
2025-05-29 02:05:00,10600,62480,62280,62460,62280,62500,62310,62470,62310,62490,62295,62465,62295
2025-05-29 02:10:00,4200,62320,62230,62280,62280,62350,62260,62310,62300,62335,62245,62295,62290
2025-05-29 02:15:00,2900,62360,62240,62280,62360,62380,62270,62300,62380,62370,62255,62290,62370
2025-05-29 02:20:00,6800,62360,62230,62360,62270,62380,62250,62380,62290,62370,62240,62370,62280
2025-05-29 02:25:00,5300,62290,62220,62270,62230,62310,62250,62290,62270,62300,62235,62280,62250
2025-05-29 02:30:00,2900,62220,62220,62220,62220,62270,62270,62270,62270,62245,62245,62245,62245
2025-05-29 03:30:00,18300,62230,62050,62230,62160,62240,62080,62240,62180,62235,62065,62235,62170
2025-05-29 03:35:00,5300,62230,62150,62160,62170,62240,62170,62180,62190,62235,62160,62170,62180
2025-05-29 03:40:00,4500,62170,62110,62170,62120,62190,62130,62190,62140,62180,62120,62180,62130
2025-05-29 03:45:00,3200,62140,62100,62120,62130,62160,62110,62140,62140,62150,62105,62130,62135
2025-05-29 03:50:00,3400,62160,62130,62130,62150,62180,62140,62140,62160,62165,62135,62135,62155
2025-05-29 03:55:00,2100,62150,62130,62150,62150,62160,62140,62160,62160,62155,62135,62155,62155
2025-05-29 04:00:00,3400,62180,62140,62150,62140,62210,62160,62160,62170,62195,62150,62155,62155
2025-05-29 04:05:00,4400,62200,62130,62140,62200,62220,62140,62170,62220,62210,62135,62155,62210
2025-05-29 04:10:00,4800,62270,62190,62200,62210,62280,62210,62220,62220,62275,62200,62210,62215
2025-05-29 04:15:00,3000,62230,62150,62210,62220,62260,62170,62220,62250,62245,62160,62215,62235
2025-05-29 04:20:00,2700,62250,62190,62220,62220,62270,62230,62250,62240,62260,62210,62235,62230
2025-05-29 04:25:00,3300,62230,62190,62220,62210,62240,62210,62240,62240,62235,62200,62230,62225
2025-05-29 04:30:00,4200,62220,62170,62210,62200,62240,62190,62240,62220,62225,62180,62225,62210
2025-05-29 04:35:00,1800,62220,62180,62200,62220,62240,62190,62220,62240,62230,62185,62210,62230
2025-05-29 04:40:00,4000,62250,62220,62220,62250,62260,62230,62240,62260,62255,62225,62230,62255
2025-05-29 04:45:00,5200,62330,62250,62250,62330,62350,62260,62260,62340,62340,62255,62255,62335
2025-05-29 04:50:00,3300,62330,62270,62330,62310,62340,62290,62340,62330,62335,62280,62335,62320
2025-05-29 04:55:00,4600,62360,62310,62320,62360,62390,62330,62330,62380,62375,62320,62325,62370
2025-05-29 05:00:00,2900,62390,62320,62360,62380,62400,62330,62370,62400,62395,62325,62365,62390
2025-05-29 05:05:00,5300,62450,62370,62380,62420,62470,62390,62400,62440,62460,62380,62390,62430
2025-05-29 05:10:00,4300,62440,62370,62420,62370,62450,62380,62440,62390,62445,62375,62430,62380
2025-05-29 05:15:00,4000,62450,62370,62370,62410,62460,62390,62390,62440,62455,62380,62380,62425
2025-05-29 05:20:00,1900,62420,62390,62410,62390,62440,62400,62440,62400,62430,62395,62425,62395
2025-05-29 05:25:00,3400,62400,62380,62390,62400,62440,62400,62400,62410,62415,62390,62395,62405
2025-05-29 05:30:00,3100,62420,62380,62400,62390,62430,62390,62410,62400,62425,62385,62405,62395
2025-05-29 05:35:00,3300,62410,62390,62390,62400,62420,62400,62400,62420,62415,62395,62395,62410
2025-05-29 05:40:00,2700,62440,62400,62400,62440,62450,62420,62420,62450,62445,62410,62410,62445
2025-05-29 05:45:00,5300,62450,62400,62440,62410,62460,62420,62450,62440,62455,62410,62445,62425
2025-05-29 05:50:00,3400,62440,62410,62410,62430,62450,62420,62440,62450,62445,62415,62425,62440
2025-05-29 05:55:00,4100,62440,62390,62430,62400,62450,62400,62450,62420,62445,62395,62440,62410
2025-05-29 06:00:00,7300,62410,62260,62400,62270,62420,62280,62420,62300,62415,62275,62410,62285
2025-05-29 06:05:00,4100,62300,62260,62270,62300,62320,62270,62300,62320,62310,62265,62285,62310
2025-05-29 06:10:00,3400,62330,62290,62300,62320,62350,62300,62320,62340,62340,62295,62310,62330
2025-05-29 06:15:00,2200,62320,62300,62320,62310,62350,62310,62340,62320,62335,62305,62330,62315
2025-05-29 06:20:00,7300,62350,62310,62310,62330,62360,62320,62320,62360,62355,62315,62315,62345
2025-05-29 06:25:00,,63160,62370,62990,62410,63160,62380,63000,62420,63160,62375,62995,62415
2025-05-29 06:30:00,131600,62350,62350,62350,62350,62420,62420,62420,62420,62385,62385,62385,62385
2025-05-30 00:00:00,69200,61410,60720,60730,60950,61410,60730,60730,60980,61410,60725,60730,60965
2025-05-30 00:05:00,21300,61020,60840,60950,60880,61060,60860,60980,60910,61030,60850,60965,60895
2025-05-30 00:10:00,23400,60880,60670,60880,60690,60910,60700,60910,60700,60895,60685,60895,60695
2025-05-30 00:15:00,11700,60770,60610,60680,60760,60790,60630,60700,60770,60780,60625,60690,60765
2025-05-30 00:20:00,7700,60870,60750,60760,60830,60880,60770,60770,60850,60875,60765,60765,60840
2025-05-30 00:25:00,3700,60880,60820,60840,60850,60910,60840,60850,60870,60895,60830,60845,60860
2025-05-30 00:30:00,8600,60940,60810,60850,60810,60960,60820,60870,60830,60950,60815,60860,60820
2025-05-30 00:35:00,3100,60860,60790,60810,60820,60880,60810,60830,60850,60870,60800,60820,60835
2025-05-30 00:40:00,5300,61010,60810,60820,60990,61030,60830,60850,61030,61020,60820,60835,61010
2025-05-30 00:45:00,2400,61000,60910,60990,60930,61030,60930,61030,60960,61015,60920,61010,60945
2025-05-30 00:50:00,9500,60940,60770,60930,60790,60960,60790,60960,60830,60950,60780,60945,60810
2025-05-30 00:55:00,2300,60870,60790,60790,60860,60890,60820,60830,60890,60880,60805,60810,60875
2025-05-30 01:00:00,4300,60870,60780,60860,60790,60890,60800,60890,60820,60880,60795,60875,60805
2025-05-30 01:05:00,3800,60800,60720,60790,60780,60830,60740,60820,60800,60810,60730,60805,60790
2025-05-30 01:10:00,7000,60790,60670,60780,60710,60800,60690,60800,60730,60795,60680,60790,60720
2025-05-30 01:15:00,10600,60710,60600,60710,60610,60730,60610,60730,60650,60720,60605,60720,60630
2025-05-30 01:20:00,2300,60660,60600,60610,60650,60690,60620,60650,60670,60675,60610,60630,60660
2025-05-30 01:25:00,2100,60770,60650,60650,60740,60780,60670,60670,60770,60775,60660,60660,60755
2025-05-30 01:30:00,2900,60770,60700,60740,60710,60800,60730,60770,60740,60785,60715,60755,60725
2025-05-30 01:35:00,900,60770,60710,60710,60750,60780,60740,60740,60760,60775,60725,60725,60755
2025-05-30 01:40:00,3200,60780,60750,60750,60770,60800,60760,60760,60800,60790,60755,60755,60785
2025-05-30 01:45:00,1200,60780,60750,60770,60760,60800,60770,60800,60780,60790,60760,60785,60770
2025-05-30 01:50:00,2500,60830,60750,60760,60790,60850,60770,60780,60800,60840,60760,60770,60795
2025-05-30 01:55:00,1500,60820,60770,60790,60780,60830,60790,60800,60820,60825,60780,60795,60800
2025-05-30 02:00:00,800,60820,60780,60780,60820,60850,60800,60820,60840,60835,60790,60800,60830
2025-05-30 02:05:00,3100,60830,60780,60820,60830,60840,60800,60840,60840,60835,60790,60830,60835
2025-05-30 02:10:00,5800,60870,60780,60830,60780,60890,60800,60840,60800,60880,60790,60835,60790
2025-05-30 02:15:00,4000,60800,60730,60780,60780,60820,60750,60800,60800,60810,60740,60790,60790
2025-05-30 02:20:00,2000,60800,60720,60780,60720,60830,60740,60800,60750,60815,60730,60790,60735
2025-05-30 02:25:00,8900,60750,60630,60720,60630,60780,60670,60750,60670,60765,60650,60735,60650
2025-05-30 02:30:00,4800,60630,60630,60630,60630,60670,60670,60670,60670,60650,60650,60650,60650
2025-05-30 03:30:00,32800,60660,60520,60640,60540,60670,60540,60670,60570,60665,60530,60655,60555
2025-05-30 03:35:00,3900,60650,60540,60540,60650,60690,60560,60570,60670,60670,60555,60555,60660
2025-05-30 03:40:00,3100,60700,60650,60650,60690,60740,60670,60670,60720,60720,60660,60660,60705
2025-05-30 03:45:00,5100,60700,60590,60690,60640,60720,60610,60720,60680,60710,60600,60705,60660
2025-05-30 03:50:00,1300,60670,60630,60640,60670,60690,60650,60680,60690,60680,60640,60660,60680
2025-05-30 03:55:00,2600,60700,60650,60670,60670,60710,60670,60690,60690,60705,60660,60680,60680
2025-05-30 04:00:00,1200,60690,60630,60660,60630,60700,60640,60690,60640,60695,60635,60675,60635
2025-05-30 04:05:00,8000,60630,60570,60630,60610,60650,60580,60640,60620,60640,60575,60635,60615
2025-05-30 04:10:00,3100,60610,60570,60600,60590,60640,60590,60610,60600,60625,60580,60605,60595
2025-05-30 04:15:00,3700,60590,60550,60590,60560,60600,60570,60600,60580,60595,60560,60595,60570
2025-05-30 04:20:00,2200,60610,60560,60560,60600,60630,60580,60580,60620,60620,60570,60570,60610
2025-05-30 04:25:00,1800,60620,60600,60600,60600,60640,60610,60620,60620,60630,60605,60610,60610
2025-05-30 04:30:00,2800,60610,60580,60600,60610,60640,60590,60620,60640,60625,60585,60610,60625
2025-05-30 04:35:00,3300,60690,60620,60620,60660,60700,60640,60640,60670,60695,60630,60630,60665
2025-05-30 04:40:00,4300,60660,60570,60660,60570,60670,60590,60670,60590,60665,60580,60665,60580
2025-05-30 04:45:00,1500,60620,60570,60570,60620,60650,60580,60590,60650,60635,60575,60580,60635
2025-05-30 04:50:00,2100,60630,60570,60630,60610,60650,60590,60650,60630,60640,60580,60640,60620
2025-05-30 04:55:00,1100,60660,60600,60610,60650,60680,60630,60630,60660,60670,60615,60620,60655
2025-05-30 05:00:00,7000,60730,60650,60650,60730,60750,60660,60660,60750,60740,60655,60655,60740
2025-05-30 05:05:00,3700,60790,60720,60730,60780,60800,60740,60750,60800,60795,60730,60740,60790
2025-05-30 05:10:00,3000,60780,60750,60780,60760,60800,60760,60800,60780,60790,60755,60790,60770
2025-05-30 05:15:00,4800,60810,60760,60760,60800,60820,60780,60780,60820,60815,60770,60770,60810
2025-05-30 05:20:00,3600,60830,60800,60810,60830,60850,60820,60820,60850,60840,60810,60815,60840
2025-05-30 05:25:00,2500,60840,60810,60830,60820,60850,60820,60850,60830,60845,60815,60840,60825
2025-05-30 05:30:00,6900,60880,60820,60820,60880,60890,60830,60830,60890,60885,60825,60825,60885
2025-05-30 05:35:00,6300,60930,60870,60880,60930,60950,60890,60890,60950,60940,60885,60885,60940
2025-05-30 05:40:00,6000,61010,60930,60930,60980,61020,60940,60950,61000,61015,60935,60940,60990
2025-05-30 05:45:00,6700,61020,60970,60980,60990,61030,60990,61000,61000,61025,60980,60990,60995
2025-05-30 05:50:00,5100,61010,60920,60990,60950,61040,60940,61000,60990,61025,60930,60995,60970
2025-05-30 05:55:00,4000,60990,60950,60950,60960,61000,60960,60990,60970,60995,60955,60970,60965
2025-05-30 06:00:00,7900,60960,60900,60960,60930,60970,60910,60970,60950,60965,60905,60965,60940
2025-05-30 06:05:00,3900,60940,60910,60930,60930,60960,60930,60950,60950,60950,60920,60940,60940
2025-05-30 06:10:00,3300,60940,60890,60940,60930,60950,60900,60950,60950,60945,60895,60945,60940
2025-05-30 06:15:00,6900,60940,60820,60930,60820,60950,60840,60950,60850,60945,60830,60940,60835
2025-05-30 06:20:00,7400,60900,60820,60820,60840,60920,60840,60850,60870,60905,60830,60835,60855
2025-05-30 06:25:00,,61310,57780,61290,60740,61320,57790,61300,60750,61315,57785,61295,60745
2025-05-30 06:30:00,386800,60740,60740,60740,60740,60850,60850,60850,60850,60795,60795,60795,60795
2025-06-02 00:00:00,76000,60380,60080,60250,60120,60400,60110,60260,60150,60390,60095,60255,60135
2025-06-02 00:05:00,14000,60350,60060,60120,60220,60370,60070,60150,60240,60360,60065,60135,60230
2025-06-02 00:10:00,9600,60250,60110,60220,60150,60290,60130,60240,60190,60270,60120,60230,60170
2025-06-02 00:15:00,24700,60170,59980,60150,59980,60210,60000,60190,60010,60190,59990,60170,59995
2025-06-02 00:20:00,17800,60000,59680,59980,59730,60020,59690,60010,59760,60010,59685,59995,59745
2025-06-02 00:25:00,5600,59860,59710,59730,59790,59880,59750,59760,59820,59870,59730,59745,59805
2025-06-02 00:30:00,5500,59800,59740,59790,59790,59820,59750,59820,59820,59810,59745,59805,59805
2025-06-02 00:35:00,6700,59800,59700,59790,59740,59820,59710,59820,59770,59810,59705,59805,59755
2025-06-02 00:40:00,2900,59750,59710,59740,59730,59780,59730,59770,59750,59765,59720,59755,59740
2025-06-02 00:45:00,4200,59780,59720,59730,59720,59790,59740,59750,59760,59785,59730,59740,59740
2025-06-02 00:50:00,3800,59730,59700,59720,59720,59760,59710,59760,59740,59745,59705,59740,59730
2025-06-02 00:55:00,8900,59720,59630,59720,59650,59740,59640,59740,59660,59730,59635,59730,59655
2025-06-02 01:00:00,4900,59720,59600,59650,59710,59740,59610,59660,59740,59730,59605,59655,59725
2025-06-02 01:05:00,2800,59730,59680,59710,59690,59750,59710,59740,59720,59740,59695,59725,59705
2025-06-02 01:10:00,1200,59720,59680,59690,59700,59750,59700,59720,59730,59735,59690,59705,59715
2025-06-02 01:15:00,2500,59720,59650,59700,59690,59740,59660,59730,59730,59730,59655,59715,59710
2025-06-02 01:20:00,1300,59700,59660,59690,59660,59730,59680,59730,59690,59715,59670,59710,59675
2025-06-02 01:25:00,3400,59670,59630,59660,59630,59690,59650,59690,59650,59680,59640,59675,59640
2025-06-02 01:30:00,4100,59660,59610,59630,59620,59680,59620,59650,59640,59670,59615,59640,59630
2025-06-02 01:35:00,1700,59680,59610,59610,59630,59710,59630,59640,59650,59695,59620,59625,59640
2025-06-02 01:40:00,13300,59630,59520,59630,59530,59650,59540,59650,59550,59640,59530,59640,59540
2025-06-02 01:45:00,1800,59600,59530,59530,59590,59630,59550,59550,59620,59615,59540,59540,59605
2025-06-02 01:50:00,2800,59610,59540,59590,59570,59640,59580,59620,59600,59625,59560,59605,59585
2025-06-02 01:55:00,4900,59640,59550,59570,59620,59660,59570,59600,59650,59650,59560,59585,59635
2025-06-02 02:00:00,1400,59630,59580,59630,59620,59650,59600,59650,59640,59640,59590,59640,59630
2025-06-02 02:05:00,3800,59640,59580,59620,59590,59650,59600,59640,59610,59645,59590,59630,59600
2025-06-02 02:10:00,2400,59660,59590,59600,59610,59670,59610,59610,59620,59665,59600,59605,59615
2025-06-02 02:15:00,4600,59610,59530,59610,59570,59620,59550,59620,59600,59615,59540,59615,59585
2025-06-02 02:20:00,7600,59580,59500,59580,59500,59600,59510,59600,59520,59590,59505,59590,59510
2025-06-02 02:25:00,15800,59500,59390,59500,59390,59520,59400,59520,59430,59510,59395,59510,59410
2025-06-02 02:30:00,7300,59390,59390,59390,59390,59430,59430,59430,59430,59410,59410,59410,59410
2025-06-02 03:30:00,37200,59360,59190,59360,59210,59380,59210,59370,59230,59370,59200,59365,59220
2025-06-02 03:35:00,11900,59260,59150,59210,59250,59280,59160,59230,59270,59270,59155,59220,59260
2025-06-02 03:40:00,4100,59260,59210,59240,59260,59280,59230,59270,59280,59270,59220,59255,59270
2025-06-02 03:45:00,4700,59400,59260,59260,59390,59410,59280,59280,59410,59405,59270,59270,59400
2025-06-02 03:50:00,3200,59380,59350,59380,59370,59410,59370,59410,59390,59395,59360,59395,59380
2025-06-02 03:55:00,2700,59420,59370,59370,59410,59440,59380,59390,59420,59430,59375,59380,59415
2025-06-02 04:00:00,3100,59410,59350,59410,59360,59420,59360,59420,59370,59415,59355,59415,59365
2025-06-02 04:05:00,2300,59430,59350,59360,59370,59440,59360,59370,59390,59435,59355,59365,59380
2025-06-02 04:10:00,3700,59450,59370,59370,59450,59460,59390,59390,59460,59455,59380,59380,59455
2025-06-02 04:15:00,2700,59490,59430,59450,59480,59510,59450,59460,59500,59500,59440,59455,59490
2025-06-02 04:20:00,2800,59530,59480,59480,59510,59550,59490,59500,59530,59540,59485,59490,59520
2025-06-02 04:25:00,2200,59520,59430,59520,59450,59530,59450,59530,59460,59525,59440,59525,59455
2025-06-02 04:30:00,2700,59470,59430,59450,59440,59490,59440,59460,59460,59480,59435,59455,59450
2025-06-02 04:35:00,900,59480,59440,59450,59470,59490,59460,59460,59490,59485,59450,59455,59480
2025-06-02 04:40:00,2500,59470,59440,59470,59470,59490,59450,59490,59490,59480,59445,59480,59480
2025-06-02 04:45:00,1800,59490,59470,59470,59480,59500,59480,59490,59500,59495,59475,59480,59490
2025-06-02 04:50:00,2000,59500,59480,59480,59490,59530,59490,59500,59510,59515,59485,59490,59500
2025-06-02 04:55:00,2700,59520,59480,59490,59520,59530,59490,59510,59530,59525,59485,59500,59525
2025-06-02 05:00:00,2100,59570,59520,59520,59560,59580,59530,59530,59580,59575,59525,59525,59570
2025-06-02 05:05:00,3500,59590,59560,59560,59580,59600,59570,59580,59590,59595,59565,59570,59585
2025-06-02 05:10:00,1400,59580,59530,59580,59550,59590,59550,59590,59560,59585,59540,59585,59555
2025-06-02 05:15:00,3500,59550,59510,59550,59540,59560,59520,59560,59560,59555,59515,59555,59550
2025-06-02 05:20:00,1700,59560,59520,59540,59550,59570,59540,59560,59570,59565,59530,59550,59560
2025-06-02 05:25:00,1400,59560,59530,59550,59540,59570,59550,59570,59550,59565,59540,59560,59545
2025-06-02 05:30:00,4000,59540,59480,59540,59500,59550,59490,59550,59510,59545,59485,59545,59505
2025-06-02 05:35:00,1800,59540,59480,59500,59540,59550,59490,59510,59550,59545,59485,59505,59545
2025-06-02 05:40:00,3100,59560,59530,59540,59560,59580,59540,59550,59580,59570,59535,59545,59570
2025-06-02 05:45:00,2000,59570,59540,59560,59560,59580,59550,59580,59570,59575,59545,59570,59565
2025-06-02 05:50:00,5900,59580,59530,59560,59570,59590,59540,59570,59580,59585,59535,59565,59575
2025-06-02 05:55:00,2500,59570,59540,59570,59550,59580,59550,59580,59570,59575,59545,59575,59560
2025-06-02 06:00:00,5900,59550,59490,59550,59500,59570,59510,59570,59510,59560,59500,59560,59505
2025-06-02 06:05:00,3500,59540,59480,59500,59520,59550,59490,59510,59540,59545,59485,59505,59530
2025-06-02 06:10:00,6100,59550,59490,59520,59550,59570,59510,59540,59560,59560,59505,59530,59555
2025-06-02 06:15:00,5900,59550,59500,59550,59530,59560,59510,59560,59550,59555,59505,59555,59540
2025-06-02 06:20:00,7700,59530,59500,59530,59510,59550,59510,59550,59540,59540,59505,59540,59525
2025-06-02 06:25:00,,60190,59200,59420,59470,60200,59210,59420,59480,60195,59205,59420,59475
2025-06-02 06:30:00,102300,59460,59460,59460,59460,59510,59510,59510,59510,59485,59485,59485,59485
2025-06-03 00:00:00,55800,59900,59580,59900,59670,59980,59620,59910,59690,59940,59600,59905,59680
2025-06-03 00:05:00,9500,59770,59600,59670,59620,59800,59640,59690,59650,59785,59620,59680,59635
2025-06-03 00:10:00,8400,59700,59610,59620,59660,59730,59640,59650,59700,59715,59625,59635,59680
2025-06-03 00:15:00,6600,59720,59620,59660,59660,59740,59660,59700,59680,59730,59640,59680,59670
2025-06-03 00:20:00,8700,59720,59560,59660,59710,59730,59580,59680,59730,59725,59570,59670,59720
2025-06-03 00:25:00,5200,59710,59650,59710,59670,59730,59660,59730,59690,59720,59655,59720,59680
2025-06-03 00:30:00,10400,59780,59670,59670,59780,59800,59690,59690,59800,59790,59680,59680,59790
2025-06-03 00:35:00,16300,59960,59740,59780,59950,59980,59750,59800,59980,59970,59745,59790,59965
2025-06-03 00:40:00,7300,60000,59900,59950,59910,60010,59930,59980,59940,60005,59920,59965,59925
2025-06-03 00:45:00,6000,59990,59890,59910,59960,60010,59900,59930,59990,60000,59895,59920,59975
2025-06-03 00:50:00,18500,60010,59700,59960,59720,60030,59720,59990,59750,60015,59715,59975,59735
2025-06-03 00:55:00,2700,59750,59700,59720,59710,59790,59720,59750,59730,59770,59710,59735,59720
2025-06-03 01:00:00,5900,59730,59640,59710,59680,59760,59660,59730,59700,59740,59655,59720,59690
2025-06-03 01:05:00,4100,59710,59630,59670,59660,59730,59650,59700,59680,59720,59640,59685,59670
2025-06-03 01:10:00,4900,59670,59620,59660,59620,59690,59630,59680,59640,59680,59625,59670,59630
2025-06-03 01:15:00,2800,59670,59620,59620,59650,59680,59630,59640,59660,59675,59625,59630,59655
2025-06-03 01:20:00,2800,59660,59620,59650,59630,59670,59640,59660,59650,59665,59630,59655,59640
2025-06-03 01:25:00,5700,59660,59590,59640,59620,59680,59600,59650,59640,59670,59595,59645,59630
2025-06-03 01:30:00,2500,59640,59600,59620,59630,59660,59620,59640,59650,59650,59610,59630,59640
2025-06-03 01:35:00,3700,59650,59590,59630,59650,59670,59610,59650,59670,59660,59600,59640,59660
2025-06-03 01:40:00,3000,59720,59640,59650,59700,59740,59660,59670,59730,59730,59650,59660,59715
2025-06-03 01:45:00,2800,59730,59660,59700,59670,59740,59690,59730,59690,59735,59680,59715,59680
2025-06-03 01:50:00,3100,59700,59650,59670,59690,59740,59680,59690,59710,59720,59665,59680,59700
2025-06-03 01:55:00,1600,59720,59670,59680,59710,59750,59710,59710,59730,59730,59690,59695,59720
2025-06-03 02:00:00,2400,59730,59690,59710,59690,59750,59700,59730,59720,59740,59695,59720,59705
2025-06-03 02:05:00,3800,59690,59630,59690,59640,59720,59650,59720,59660,59705,59645,59705,59650
2025-06-03 02:10:00,7300,59650,59550,59640,59550,59670,59560,59670,59560,59655,59555,59655,59555
2025-06-03 02:15:00,8600,59550,59470,59550,59490,59560,59480,59560,59500,59555,59475,59555,59495
2025-06-03 02:20:00,3600,59490,59430,59490,59430,59500,59440,59500,59450,59495,59435,59495,59440
2025-06-03 02:25:00,4100,59480,59430,59430,59430,59500,59440,59450,59490,59490,59435,59440,59460
2025-06-03 02:30:00,7500,59430,59430,59430,59430,59490,59490,59490,59490,59460,59460,59460,59460
2025-06-03 03:30:00,21800,59460,59310,59400,59360,59510,59350,59410,59390,59485,59330,59405,59375
2025-06-03 03:35:00,4000,59440,59320,59360,59420,59480,59360,59390,59440,59460,59340,59375,59430
2025-06-03 03:40:00,2900,59480,59420,59420,59470,59500,59440,59440,59490,59485,59430,59430,59480
2025-06-03 03:45:00,2100,59520,59470,59470,59490,59530,59490,59490,59500,59525,59480,59480,59495
2025-06-03 03:50:00,3400,59490,59420,59480,59420,59520,59430,59500,59440,59505,59425,59490,59430
2025-06-03 03:55:00,1600,59490,59420,59420,59480,59510,59440,59440,59510,59500,59430,59430,59495
2025-06-03 04:00:00,1100,59490,59450,59480,59480,59510,59470,59510,59490,59500,59465,59495,59485
2025-06-03 04:05:00,1600,59480,59460,59480,59460,59500,59470,59490,59480,59490,59465,59485,59470
2025-06-03 04:10:00,2100,59460,59410,59460,59420,59480,59420,59480,59430,59470,59415,59470,59425
2025-06-03 04:15:00,1700,59440,59400,59420,59400,59450,59410,59430,59410,59445,59405,59425,59405
2025-06-03 04:20:00,6100,59400,59330,59400,59350,59420,59350,59410,59360,59410,59345,59405,59355
2025-06-03 04:25:00,600,59360,59340,59350,59360,59380,59360,59360,59380,59370,59350,59355,59370
2025-06-03 04:30:00,4100,59410,59340,59360,59350,59440,59360,59380,59370,59425,59355,59370,59360
2025-06-03 04:35:00,2000,59400,59350,59350,59380,59420,59370,59370,59390,59410,59360,59360,59385
2025-06-03 04:40:00,4400,59380,59290,59380,59290,59390,59310,59390,59310,59385,59300,59385,59300
2025-06-03 04:45:00,1800,59310,59280,59290,59280,59340,59290,59310,59300,59325,59285,59300,59290
2025-06-03 04:50:00,1600,59320,59280,59280,59290,59330,59300,59300,59310,59325,59290,59290,59300
2025-06-03 04:55:00,2500,59310,59280,59290,59310,59320,59290,59310,59320,59315,59285,59300,59315
2025-06-03 05:00:00,800,59310,59290,59310,59300,59320,59300,59320,59310,59315,59295,59315,59305
2025-06-03 05:05:00,2200,59310,59290,59300,59290,59320,59300,59310,59310,59315,59295,59305,59300
2025-06-03 05:10:00,4600,59320,59250,59290,59320,59350,59270,59310,59340,59335,59260,59300,59330
2025-06-03 05:15:00,2300,59340,59300,59320,59320,59350,59320,59340,59340,59345,59315,59330,59330
2025-06-03 05:20:00,900,59340,59300,59320,59340,59350,59320,59350,59350,59345,59310,59335,59345
2025-06-03 05:25:00,2600,59350,59320,59340,59350,59360,59330,59350,59360,59355,59325,59345,59355
2025-06-03 05:30:00,2200,59390,59350,59350,59390,59410,59360,59360,59400,59400,59355,59355,59395
2025-06-03 05:35:00,2600,59400,59360,59390,59360,59410,59370,59400,59370,59405,59365,59395,59365
2025-06-03 05:40:00,6100,59460,59360,59360,59450,59470,59370,59370,59470,59465,59365,59365,59460
2025-06-03 05:45:00,3100,59490,59450,59450,59450,59500,59460,59470,59480,59495,59455,59460,59465
2025-06-03 05:50:00,1600,59460,59420,59450,59430,59480,59440,59480,59450,59470,59430,59465,59440
2025-06-03 05:55:00,2000,59450,59410,59430,59420,59470,59420,59450,59430,59455,59415,59440,59425
2025-06-03 06:00:00,5100,59490,59420,59420,59450,59520,59430,59430,59460,59505,59425,59425,59455
2025-06-03 06:05:00,5300,59500,59410,59450,59490,59510,59420,59470,59500,59505,59415,59460,59495
2025-06-03 06:10:00,3600,59490,59450,59490,59470,59500,59460,59500,59490,59495,59455,59495,59480
2025-06-03 06:15:00,3700,59480,59450,59470,59480,59490,59470,59490,59490,59485,59460,59480,59485
2025-06-03 06:20:00,12500,59480,59410,59480,59430,59490,59420,59490,59450,59485,59415,59485,59440
2025-06-03 06:25:00,,59940,59360,59870,59460,59950,59370,59880,59470,59945,59365,59875,59465
2025-06-03 06:30:00,118500,59450,59450,59450,59450,59480,59480,59480,59480,59465,59465,59465,59465
2025-06-04 00:00:00,81700,60190,59850,60040,60140,60220,59930,60040,60180,60205,59890,60040,60160
2025-06-04 00:05:00,23200,60450,60080,60140,60430,60480,60120,60180,60470,60465,60100,60160,60450
2025-06-04 00:10:00,26200,60600,60180,60430,60180,60640,60190,60470,60190,60620,60185,60450,60185
2025-06-04 00:15:00,12800,60230,60020,60180,60030,60250,60050,60190,60060,60235,60035,60185,60045
2025-06-04 00:20:00,11300,60050,59880,60040,59880,60080,59900,60060,59910,60060,59890,60050,59895
2025-06-04 00:25:00,4800,59950,59880,59880,59940,59980,59890,59910,59960,59965,59885,59895,59950
2025-06-04 00:30:00,4700,60010,59930,59940,59980,60040,59960,59960,60000,60025,59945,59950,59990
2025-06-04 00:35:00,4100,60020,59930,59980,59950,60040,59950,60000,59970,60025,59940,59990,59960
2025-06-04 00:40:00,4900,59960,59840,59950,59850,59980,59860,59970,59880,59965,59850,59960,59865
2025-06-04 00:45:00,3100,59860,59820,59860,59840,59880,59840,59880,59860,59870,59830,59870,59850
2025-06-04 00:50:00,6700,59840,59720,59840,59730,59860,59730,59860,59750,59850,59725,59850,59740
2025-06-04 00:55:00,5300,59760,59700,59730,59700,59770,59710,59740,59720,59765,59705,59735,59710
2025-06-04 01:00:00,4400,59810,59680,59700,59750,59850,59700,59720,59780,59830,59690,59710,59765
2025-06-04 01:05:00,1100,59780,59720,59750,59720,59790,59740,59780,59750,59785,59730,59765,59735
2025-06-04 01:10:00,2700,59720,59620,59720,59630,59750,59650,59750,59650,59735,59635,59735,59640
2025-06-04 01:15:00,1900,59680,59620,59630,59630,59710,59640,59660,59650,59695,59630,59645,59640
2025-06-04 01:20:00,2300,59680,59620,59630,59670,59710,59630,59650,59700,59695,59625,59640,59685
2025-06-04 01:25:00,3200,59680,59610,59670,59630,59710,59620,59700,59660,59695,59615,59685,59645
2025-06-04 01:30:00,4100,59640,59590,59630,59620,59670,59600,59660,59640,59655,59595,59645,59630
2025-06-04 01:35:00,1400,59630,59590,59620,59610,59650,59610,59650,59630,59640,59600,59635,59620
2025-06-04 01:40:00,1900,59650,59600,59610,59620,59670,59610,59630,59640,59660,59605,59620,59630
2025-06-04 01:45:00,1400,59670,59620,59620,59630,59690,59640,59640,59650,59680,59630,59630,59640
2025-06-04 01:50:00,2000,59690,59630,59630,59670,59700,59650,59650,59680,59695,59640,59640,59675
2025-06-04 01:55:00,2900,59700,59640,59670,59700,59730,59660,59680,59720,59715,59650,59675,59710
2025-06-04 02:00:00,1300,59730,59670,59700,59680,59760,59690,59730,59700,59745,59680,59715,59690
2025-06-04 02:05:00,1300,59720,59660,59680,59680,59740,59670,59700,59710,59730,59665,59690,59695
2025-06-04 02:10:00,500,59720,59680,59680,59710,59730,59710,59710,59730,59725,59695,59695,59720
2025-06-04 02:15:00,2100,59730,59690,59720,59720,59740,59710,59730,59730,59735,59700,59725,59725
2025-06-04 02:20:00,1600,59750,59710,59720,59740,59770,59730,59730,59760,59760,59720,59725,59750
2025-06-04 02:25:00,4100,59780,59730,59740,59770,59800,59750,59760,59790,59790,59740,59750,59780
2025-06-04 02:30:00,2500,59770,59770,59770,59770,59800,59800,59800,59800,59785,59785,59785,59785
2025-06-04 03:30:00,14600,59740,59640,59720,59640,59800,59660,59730,59670,59765,59650,59725,59655
2025-06-04 03:35:00,5000,59650,59590,59640,59640,59670,59600,59670,59650,59655,59595,59655,59645
2025-06-04 03:40:00,900,59640,59590,59640,59590,59650,59600,59650,59600,59645,59595,59645,59595
2025-06-04 03:45:00,2600,59650,59590,59590,59630,59680,59600,59600,59660,59660,59595,59595,59645
2025-06-04 03:50:00,900,59660,59630,59630,59660,59680,59640,59660,59680,59670,59635,59645,59670
2025-06-04 03:55:00,2000,59690,59650,59660,59680,59710,59670,59680,59710,59700,59660,59670,59695
2025-06-04 04:00:00,2900,59700,59600,59680,59690,59730,59630,59710,59720,59715,59615,59695,59705
2025-06-04 04:05:00,900,59690,59650,59690,59680,59720,59660,59720,59700,59705,59655,59705,59690
2025-06-04 04:10:00,1900,59680,59610,59680,59620,59700,59620,59700,59630,59690,59615,59690,59625
2025-06-04 04:15:00,3200,59680,59620,59620,59670,59690,59630,59630,59690,59685,59625,59625,59680
2025-06-04 04:20:00,2600,59700,59660,59670,59680,59720,59680,59690,59710,59710,59670,59680,59695
2025-06-04 04:25:00,400,59700,59680,59680,59700,59720,59690,59710,59720,59710,59685,59695,59710
2025-06-04 04:30:00,800,59700,59680,59700,59680,59730,59690,59720,59700,59715,59685,59710,59690
2025-06-04 04:35:00,900,59680,59650,59680,59680,59700,59660,59700,59690,59690,59655,59690,59685
2025-06-04 04:40:00,1600,59690,59660,59680,59660,59710,59670,59690,59690,59695,59665,59685,59675
2025-06-04 04:45:00,400,59670,59650,59660,59660,59690,59670,59690,59680,59675,59660,59675,59670
2025-06-04 04:50:00,800,59680,59660,59660,59660,59690,59670,59680,59680,59685,59665,59670,59670
2025-06-04 04:55:00,1600,59680,59660,59660,59670,59690,59670,59680,59690,59685,59665,59670,59680
2025-06-04 05:00:00,1600,59680,59660,59670,59670,59690,59670,59690,59690,59685,59665,59680,59680
2025-06-04 05:05:00,600,59690,59660,59670,59670,59700,59680,59690,59690,59695,59670,59680,59680
2025-06-04 05:10:00,1700,59680,59630,59670,59630,59700,59640,59690,59640,59690,59635,59680,59635
2025-06-04 05:15:00,6100,59640,59560,59630,59580,59650,59570,59640,59600,59645,59565,59635,59590
2025-06-04 05:20:00,3600,59590,59500,59580,59520,59600,59510,59600,59540,59595,59505,59590,59530
2025-06-04 05:25:00,2200,59550,59510,59520,59520,59560,59520,59530,59540,59555,59515,59525,59530
2025-06-04 05:30:00,2400,59570,59520,59520,59550,59590,59530,59540,59570,59580,59525,59530,59560
2025-06-04 05:35:00,3000,59580,59550,59550,59560,59590,59570,59570,59580,59585,59560,59560,59570
2025-06-04 05:40:00,2500,59590,59530,59560,59540,59600,59550,59580,59560,59595,59540,59570,59550
2025-06-04 05:45:00,1200,59580,59540,59540,59570,59600,59560,59560,59590,59590,59550,59550,59580
2025-06-04 05:50:00,1600,59580,59560,59570,59570,59600,59570,59590,59580,59590,59565,59580,59575
2025-06-04 05:55:00,3100,59590,59530,59570,59560,59600,59540,59580,59580,59595,59535,59575,59570
2025-06-04 06:00:00,2600,59580,59530,59560,59530,59600,59540,59580,59540,59590,59535,59570,59535
2025-06-04 06:05:00,4700,59560,59520,59530,59520,59580,59530,59540,59530,59570,59525,59535,59525
2025-06-04 06:10:00,7700,59530,59440,59520,59450,59540,59450,59540,59460,59535,59445,59530,59455
2025-06-04 06:15:00,6200,59470,59400,59450,59410,59490,59410,59470,59420,59480,59405,59460,59415
2025-06-04 06:20:00,13400,59420,59330,59400,59410,59450,59350,59420,59440,59435,59340,59410,59425
2025-06-04 06:25:00,,60510,59220,59290,59490,60510,59230,59300,59500,60510,59225,59295,59495
2025-06-04 06:30:00,135700,59430,59430,59430,59430,59500,59500,59500,59500,59465,59465,59465,59465
2025-06-05 00:00:00,86400,59080,58530,58980,58620,59150,58580,58990,58650,59095,58555,58985,58635
2025-06-05 00:05:00,11600,58650,58580,58610,58580,58690,58610,58650,58620,58665,58595,58630,58600
2025-06-05 00:10:00,9500,58610,58560,58580,58580,58640,58580,58620,58610,58625,58570,58600,58595
2025-06-05 00:15:00,29700,58620,58460,58580,58490,58670,58480,58610,58510,58645,58470,58595,58500
2025-06-05 00:20:00,11500,58490,58380,58490,58400,58520,58390,58510,58420,58500,58385,58500,58410
2025-06-05 00:25:00,6200,58570,58400,58400,58540,58590,58420,58420,58570,58580,58410,58410,58555
2025-06-05 00:30:00,9000,58550,58450,58540,58490,58570,58460,58570,58520,58560,58455,58555,58505
2025-06-05 00:35:00,9800,58610,58460,58490,58590,58630,58480,58520,58620,58620,58475,58505,58605
2025-06-05 00:40:00,3900,58620,58580,58590,58620,58650,58590,58620,58640,58630,58585,58605,58630
2025-06-05 00:45:00,2900,58620,58600,58620,58600,58650,58610,58640,58610,58635,58605,58630,58605
2025-06-05 00:50:00,17600,58600,58480,58600,58490,58610,58490,58610,58520,58605,58485,58605,58505
2025-06-05 00:55:00,5800,58510,58450,58490,58480,58550,58470,58520,58510,58530,58460,58505,58495
2025-06-05 01:00:00,5600,58650,58500,58500,58570,58680,58510,58510,58610,58665,58505,58505,58590
2025-06-05 01:05:00,2800,58600,58530,58570,58590,58620,58550,58610,58620,58610,58540,58590,58605
2025-06-05 01:10:00,16600,58640,58550,58590,58550,58650,58570,58620,58580,58645,58560,58605,58565
2025-06-05 01:15:00,3500,58570,58520,58550,58530,58590,58540,58580,58550,58580,58530,58565,58540
2025-06-05 01:20:00,2500,58590,58510,58530,58590,58620,58520,58540,58620,58605,58515,58535,58605
2025-06-05 01:25:00,1200,58620,58590,58590,58620,58640,58600,58620,58640,58630,58595,58605,58630
2025-06-05 01:30:00,2800,58650,58610,58620,58610,58670,58620,58640,58630,58660,58615,58630,58620
2025-06-05 01:35:00,2100,58630,58590,58610,58630,58650,58600,58630,58650,58640,58595,58620,58640
2025-06-05 01:40:00,16100,58670,58600,58630,58600,58680,58610,58650,58610,58675,58605,58640,58605
2025-06-05 01:45:00,2900,58650,58600,58600,58630,58670,58610,58610,58650,58660,58605,58605,58640
2025-06-05 01:50:00,1700,58630,58560,58630,58560,58650,58570,58650,58580,58640,58565,58640,58570
2025-06-05 01:55:00,4800,58570,58510,58560,58520,58590,58520,58580,58550,58580,58515,58570,58535
2025-06-05 02:00:00,5700,58540,58490,58520,58490,58560,58510,58550,58510,58550,58500,58535,58500
2025-06-05 02:05:00,11300,58500,58400,58490,58400,58520,58410,58510,58420,58510,58405,58500,58410
2025-06-05 02:10:00,22900,58440,58380,58400,58430,58470,58390,58420,58450,58455,58385,58410,58440
2025-06-05 02:15:00,3900,58470,58420,58430,58450,58490,58440,58450,58470,58480,58430,58440,58460
2025-06-05 02:20:00,2200,58550,58450,58450,58510,58580,58470,58470,58520,58565,58460,58460,58515
2025-06-05 02:25:00,2700,58500,58450,58500,58450,58530,58470,58520,58480,58510,58460,58510,58465
2025-06-05 02:30:00,4200,58450,58450,58450,58450,58490,58490,58490,58490,58470,58470,58470,58470
2025-06-05 03:30:00,35900,58410,58280,58400,58320,58460,58290,58410,58330,58435,58285,58405,58325
2025-06-05 03:35:00,7500,58360,58280,58310,58320,58390,58300,58330,58350,58375,58290,58320,58335
2025-06-05 03:40:00,26400,58360,58250,58320,58250,58380,58260,58350,58260,58370,58255,58335,58255
2025-06-05 03:45:00,15400,58250,58120,58250,58200,58260,58140,58260,58220,58255,58130,58255,58210
2025-06-05 03:50:00,8200,58250,58170,58200,58220,58270,58200,58220,58240,58255,58185,58210,58230
2025-06-05 03:55:00,3100,58290,58200,58220,58280,58300,58230,58230,58300,58295,58215,58225,58290
2025-06-05 04:00:00,6400,58330,58270,58280,58270,58340,58280,58300,58290,58335,58275,58290,58280
2025-06-05 04:05:00,1900,58270,58220,58270,58230,58290,58230,58290,58250,58280,58225,58280,58240
2025-06-05 04:10:00,6700,58240,58160,58230,58180,58250,58180,58250,58200,58245,58170,58240,58190
2025-06-05 04:15:00,2100,58240,58170,58180,58240,58270,58200,58200,58250,58255,58185,58190,58245
2025-06-05 04:20:00,2500,58240,58200,58240,58200,58260,58210,58250,58220,58250,58205,58245,58210
2025-06-05 04:25:00,2300,58220,58190,58200,58190,58240,58200,58220,58200,58230,58195,58210,58195
2025-06-05 04:30:00,1900,58260,58190,58190,58260,58280,58200,58200,58280,58270,58195,58195,58270
2025-06-05 04:35:00,1800,58280,58260,58260,58260,58290,58270,58280,58280,58285,58265,58270,58270
2025-06-05 04:40:00,1500,58280,58260,58260,58280,58290,58280,58280,58290,58285,58270,58270,58285
2025-06-05 04:45:00,13300,58330,58260,58270,58320,58350,58280,58290,58340,58340,58270,58280,58330
2025-06-05 04:50:00,13000,58350,58280,58320,58280,58370,58290,58340,58300,58360,58285,58330,58290
2025-06-05 04:55:00,2300,58320,58280,58280,58290,58350,58290,58300,58300,58330,58285,58290,58295
2025-06-05 05:00:00,3700,58310,58260,58290,58310,58330,58270,58300,58330,58320,58265,58295,58320
2025-06-05 05:05:00,2000,58330,58280,58310,58320,58350,58300,58330,58330,58340,58290,58320,58325
2025-06-05 05:10:00,2400,58320,58280,58320,58300,58340,58300,58330,58330,58325,58290,58325,58315
2025-06-05 05:15:00,800,58330,58300,58300,58330,58350,58320,58330,58340,58340,58310,58315,58335
2025-06-05 05:20:00,3300,58350,58310,58330,58340,58370,58330,58340,58350,58360,58320,58335,58345
2025-06-05 05:25:00,2400,58370,58320,58340,58360,58380,58340,58350,58380,58375,58330,58345,58370
2025-06-05 05:30:00,2400,58370,58330,58360,58340,58390,58340,58380,58360,58380,58335,58370,58350
2025-06-05 05:35:00,4700,58370,58330,58340,58340,58380,58350,58360,58360,58375,58340,58350,58350
2025-06-05 05:40:00,46900,58350,58260,58340,58310,58370,58280,58360,58320,58360,58270,58350,58315
2025-06-05 05:45:00,4000,58370,58290,58310,58370,58390,58300,58320,58380,58380,58295,58315,58375
2025-06-05 05:50:00,5500,58390,58340,58370,58370,58400,58350,58380,58390,58395,58345,58375,58380
2025-06-05 05:55:00,7900,58390,58330,58370,58340,58400,58350,58390,58360,58395,58340,58380,58350
2025-06-05 06:00:00,6500,58400,58300,58340,58400,58410,58310,58360,58410,58405,58305,58350,58405
2025-06-05 06:05:00,6400,58530,58400,58400,58530,58550,58410,58410,58550,58540,58405,58405,58540
2025-06-05 06:10:00,15500,58540,58350,58530,58370,58550,58370,58550,58400,58545,58360,58540,58385
2025-06-05 06:15:00,6400,58420,58300,58370,58340,58450,58310,58400,58360,58430,58305,58385,58350
2025-06-05 06:20:00,7200,58360,58270,58340,58280,58380,58290,58360,58290,58370,58280,58350,58285
2025-06-05 06:25:00,,58250,57310,58150,58250,58260,57310,58160,58260,58255,57310,58155,58255
2025-06-05 06:30:00,115800,58240,58240,58240,58240,58310,58310,58310,58310,58275,58275,58275,58275
2025-06-06 00:00:00,95000,57960,57650,57790,57900,58030,57750,57800,57930,57980,57700,57795,57915
2025-06-06 00:05:00,22100,58290,57850,57900,58280,58320,57890,57930,58300,58305,57870,57915,58290
2025-06-06 00:10:00,11400,58280,57980,58280,58040,58300,58020,58300,58060,58290,58000,58290,58050
2025-06-06 00:15:00,4200,58160,58010,58040,58160,58180,58040,58060,58180,58170,58030,58050,58170
2025-06-06 00:20:00,5300,58160,58030,58160,58050,58180,58050,58180,58070,58170,58040,58170,58060
2025-06-06 00:25:00,17000,58050,57970,58050,58040,58070,57990,58070,58060,58060,57980,58060,58050
2025-06-06 00:30:00,20000,58240,58040,58040,58210,58260,58060,58060,58240,58250,58050,58050,58225
2025-06-06 00:35:00,7000,58240,58180,58210,58190,58260,58190,58240,58200,58250,58185,58225,58195
2025-06-06 00:40:00,6400,58280,58170,58190,58250,58300,58190,58200,58280,58290,58180,58195,58265
2025-06-06 00:45:00,7000,58280,58160,58250,58180,58300,58180,58280,58200,58290,58170,58265,58190
2025-06-06 00:50:00,7700,58190,58010,58180,58050,58200,58030,58200,58080,58195,58020,58190,58065
2025-06-06 00:55:00,16800,58150,58050,58050,58120,58180,58070,58080,58130,58165,58060,58065,58125
2025-06-06 01:00:00,13200,58260,58120,58120,58230,58290,58150,58150,58250,58275,58135,58135,58240
2025-06-06 01:05:00,11300,58250,58090,58230,58120,58260,58100,58250,58150,58255,58095,58240,58135
2025-06-06 01:10:00,10000,58150,58030,58120,58140,58190,58070,58150,58160,58170,58050,58135,58150
2025-06-06 01:15:00,9700,58220,58090,58140,58200,58250,58100,58160,58220,58230,58095,58150,58210
2025-06-06 01:20:00,3700,58230,58160,58200,58190,58240,58180,58220,58200,58235,58170,58210,58195
2025-06-06 01:25:00,7700,58190,58060,58190,58070,58220,58080,58200,58090,58205,58070,58195,58080
2025-06-06 01:30:00,4000,58070,58020,58070,58070,58090,58030,58090,58090,58080,58025,58080,58080
2025-06-06 01:35:00,27800,58080,58000,58070,58040,58100,58010,58090,58070,58085,58005,58080,58055
2025-06-06 01:40:00,3900,58130,58040,58040,58120,58140,58060,58070,58140,58135,58050,58055,58130
2025-06-06 01:45:00,5800,58150,58090,58120,58140,58160,58100,58140,58160,58155,58095,58130,58150
2025-06-06 01:50:00,13300,58250,58140,58140,58240,58270,58150,58160,58270,58260,58145,58150,58255
2025-06-06 01:55:00,7100,58350,58200,58240,58310,58380,58230,58270,58330,58365,58215,58255,58320
2025-06-06 02:00:00,3100,58320,58260,58310,58310,58340,58270,58330,58330,58330,58265,58320,58320
2025-06-06 02:05:00,21400,58330,58230,58310,58250,58340,58250,58330,58280,58335,58240,58320,58265
2025-06-06 02:10:00,1800,58310,58250,58250,58300,58340,58260,58280,58330,58325,58255,58265,58315
2025-06-06 02:15:00,9800,58340,58240,58300,58260,58360,58260,58330,58280,58350,58255,58315,58270
2025-06-06 02:20:00,2900,58300,58250,58260,58270,58320,58260,58290,58280,58310,58255,58275,58275
2025-06-06 02:25:00,20800,58280,58120,58270,58120,58300,58190,58280,58190,58290,58155,58275,58155
2025-06-06 02:30:00,7200,58120,58120,58120,58120,58190,58190,58190,58190,58155,58155,58155,58155
2025-06-06 03:30:00,25600,58150,58040,58140,58070,58170,58060,58140,58100,58155,58050,58140,58085
2025-06-06 03:35:00,8700,58100,57920,58070,57930,58130,57940,58100,57950,58115,57930,58085,57940
2025-06-06 03:40:00,6000,57980,57860,57920,57980,58000,57870,57950,58000,57990,57865,57935,57990
2025-06-06 03:45:00,3400,57990,57940,57980,57950,58020,57960,58000,57960,58005,57955,57990,57955
2025-06-06 03:50:00,2300,57980,57930,57950,57960,58000,57940,57960,57990,57990,57935,57955,57975
2025-06-06 03:55:00,2800,57960,57870,57960,57880,57980,57900,57980,57900,57970,57885,57970,57890
2025-06-06 04:00:00,8000,57880,57790,57870,57810,57900,57800,57900,57830,57890,57795,57885,57820
2025-06-06 04:05:00,3400,57920,57810,57810,57870,57930,57820,57830,57890,57925,57815,57820,57880
2025-06-06 04:10:00,2600,57900,57860,57870,57890,57920,57880,57890,57900,57910,57870,57880,57895
2025-06-06 04:15:00,1300,57890,57860,57890,57860,57910,57880,57900,57880,57900,57870,57895,57870
2025-06-06 04:20:00,1800,57890,57860,57860,57870,57920,57870,57880,57890,57905,57865,57870,57880
2025-06-06 04:25:00,1500,57910,57870,57870,57900,57920,57880,57890,57920,57915,57875,57880,57910
2025-06-06 04:30:00,1400,57930,57900,57900,57910,57950,57910,57920,57920,57940,57905,57910,57915
2025-06-06 04:35:00,3300,57910,57870,57910,57900,57920,57880,57920,57920,57915,57875,57915,57910
2025-06-06 04:40:00,2200,57930,57900,57900,57930,57950,57920,57920,57950,57940,57910,57910,57940
2025-06-06 04:45:00,500,57940,57930,57930,57930,57950,57940,57950,57940,57945,57935,57940,57935
2025-06-06 04:50:00,1200,57940,57910,57930,57920,57950,57930,57950,57930,57945,57920,57940,57925
2025-06-06 04:55:00,2000,57930,57900,57920,57920,57940,57920,57930,57930,57935,57910,57925,57925
2025-06-06 05:00:00,5300,58000,57900,57920,58000,58020,57920,57930,58020,58010,57910,57925,58010
2025-06-06 05:05:00,1800,58010,57970,58000,57980,58020,57980,58020,57990,58015,57975,58010,57985
2025-06-06 05:10:00,5500,57980,57890,57980,57900,58000,57910,58000,57910,57990,57900,57990,57905
2025-06-06 05:15:00,2900,57920,57900,57900,57910,57930,57910,57910,57920,57925,57905,57905,57915
2025-06-06 05:20:00,5000,57970,57910,57910,57930,57980,57920,57920,57940,57975,57915,57915,57935
2025-06-06 05:25:00,2300,57930,57910,57930,57910,57940,57920,57940,57930,57935,57915,57935,57920
2025-06-06 05:30:00,1800,57920,57900,57920,57900,57930,57910,57930,57910,57925,57905,57925,57905
2025-06-06 05:35:00,11000,57990,57890,57900,57960,58000,57900,57910,57980,57995,57895,57905,57970
2025-06-06 05:40:00,6700,58010,57950,57960,57980,58030,57970,57980,58000,58020,57960,57970,57990
2025-06-06 05:45:00,7200,58000,57960,57980,58000,58020,57970,58000,58010,58010,57965,57990,58005
2025-06-06 05:50:00,3600,58010,57970,58000,58000,58020,57980,58010,58020,58015,57975,58005,58010
2025-06-06 05:55:00,9000,58080,57990,58000,58070,58090,58000,58020,58080,58085,57995,58010,58075
2025-06-06 06:00:00,13000,58090,57980,58070,58050,58100,57990,58080,58070,58095,57985,58075,58060
2025-06-06 06:05:00,7300,58070,58030,58050,58050,58090,58040,58070,58070,58080,58035,58060,58060
2025-06-06 06:10:00,8200,58100,58040,58050,58090,58120,58050,58070,58110,58110,58045,58060,58100
2025-06-06 06:15:00,19300,58290,58080,58090,58220,58300,58090,58110,58240,58295,58085,58100,58230
2025-06-06 06:20:00,15200,58240,58080,58220,58090,58280,58100,58240,58140,58260,58090,58230,58115
2025-06-06 06:25:00,,58650,57810,58490,58080,58660,57820,58500,58090,58655,57815,58495,58085
2025-06-06 06:30:00,140900,58070,58070,58070,58070,58100,58100,58100,58100,58085,58085,58085,58085
2025-06-09 00:00:00,49700,58130,57760,57800,58010,58180,57770,57800,58040,58150,57765,57800,58025
2025-06-09 00:05:00,10400,58120,57960,58010,58040,58160,57990,58050,58080,58140,57975,58030,58060
2025-06-09 00:10:00,9900,58090,57950,58040,58000,58120,57970,58080,58030,58105,57960,58060,58015
2025-06-09 00:15:00,8900,58000,57860,58000,57910,58040,57900,58030,57960,58020,57880,58015,57935
2025-06-09 00:20:00,6500,57960,57850,57910,57920,57990,57880,57960,57950,57975,57865,57935,57935
2025-06-09 00:25:00,8900,57920,57780,57920,57870,57960,57810,57950,57900,57940,57795,57935,57885
2025-06-09 00:30:00,5900,58000,57870,57870,57940,58030,57900,57900,57960,58015,57885,57885,57950
2025-06-09 00:35:00,13500,58210,57940,57940,58050,58250,57960,57960,58080,58225,57950,57950,58065
2025-06-09 00:40:00,4800,58220,58040,58050,58140,58250,58050,58080,58160,58235,58045,58065,58150
2025-06-09 00:45:00,5100,58230,58130,58140,58220,58250,58140,58160,58250,58240,58135,58150,58235
2025-06-09 00:50:00,6500,58320,58220,58220,58300,58340,58240,58250,58320,58330,58230,58235,58310
2025-06-09 00:55:00,5100,58350,58270,58300,58300,58380,58300,58320,58330,58365,58285,58310,58315
2025-06-09 01:00:00,6100,58330,58230,58300,58280,58350,58260,58320,58310,58340,58245,58310,58295
2025-06-09 01:05:00,1600,58330,58260,58280,58310,58350,58280,58310,58330,58340,58270,58295,58320
2025-06-09 01:10:00,4500,58340,58270,58310,58300,58370,58280,58330,58330,58355,58275,58320,58315
2025-06-09 01:15:00,2100,58310,58260,58300,58280,58330,58270,58330,58300,58315,58265,58315,58290
2025-06-09 01:20:00,3600,58300,58220,58280,58250,58340,58240,58300,58280,58320,58230,58290,58265
2025-06-09 01:25:00,3300,58290,58200,58250,58200,58340,58210,58280,58230,58315,58205,58265,58215
2025-06-09 01:30:00,5100,58320,58200,58200,58290,58340,58230,58230,58320,58330,58215,58215,58305
2025-06-09 01:35:00,4900,58330,58280,58290,58300,58350,58310,58310,58330,58340,58295,58300,58315
2025-06-09 01:40:00,1400,58340,58290,58300,58340,58360,58320,58330,58350,58350,58305,58315,58345
2025-06-09 01:45:00,31200,58600,58280,58340,58500,58610,58300,58350,58540,58605,58290,58345,58520
2025-06-09 01:50:00,5400,58520,58300,58500,58360,58540,58330,58540,58390,58525,58315,58520,58375
2025-06-09 01:55:00,1500,58430,58350,58360,58360,58470,58380,58390,58390,58450,58365,58375,58375
2025-06-09 02:00:00,4600,58380,58300,58360,58380,58410,58320,58390,58410,58395,58310,58375,58395
2025-06-09 02:05:00,2600,58440,58380,58380,58430,58460,58410,58410,58450,58450,58395,58395,58440
2025-06-09 02:10:00,1200,58440,58410,58430,58410,58460,58420,58450,58450,58450,58415,58440,58430
2025-06-09 02:15:00,1300,58480,58410,58410,58480,58500,58430,58440,58500,58490,58420,58425,58490
2025-06-09 02:20:00,3800,58510,58440,58480,58510,58530,58470,58490,58530,58520,58455,58485,58520
2025-06-09 02:25:00,3800,58610,58500,58510,58600,58630,58520,58530,58630,58620,58510,58520,58615
2025-06-09 02:30:00,1600,58590,58590,58590,58590,58630,58630,58630,58630,58610,58610,58610,58610
2025-06-09 03:30:00,20600,58820,58530,58590,58760,58850,58570,58600,58780,58835,58550,58595,58770
2025-06-09 03:35:00,4300,58810,58760,58760,58800,58840,58780,58780,58820,58825,58770,58770,58810
2025-06-09 03:40:00,9000,58830,58660,58800,58660,58840,58680,58820,58680,58835,58670,58810,58670
2025-06-09 03:45:00,3700,58670,58600,58660,58640,58680,58620,58680,58670,58675,58610,58670,58655
2025-06-09 03:50:00,2100,58670,58640,58640,58650,58690,58650,58670,58670,58680,58645,58655,58660
2025-06-09 03:55:00,2200,58700,58650,58650,58680,58720,58660,58670,58700,58705,58655,58660,58690
2025-06-09 04:00:00,3100,58690,58630,58680,58650,58710,58660,58700,58670,58700,58645,58690,58660
2025-06-09 04:05:00,4700,58650,58540,58650,58580,58670,58570,58670,58600,58660,58555,58660,58590
2025-06-09 04:10:00,3500,58610,58550,58580,58550,58620,58570,58590,58580,58615,58560,58585,58565
2025-06-09 04:15:00,700,58600,58550,58550,58590,58620,58580,58580,58610,58610,58565,58565,58600
2025-06-09 04:20:00,4000,58590,58520,58590,58580,58610,58550,58610,58600,58600,58535,58600,58590
2025-06-09 04:25:00,2700,58590,58540,58580,58540,58610,58560,58600,58570,58600,58555,58590,58555
2025-06-09 04:30:00,2500,58570,58530,58540,58530,58580,58540,58570,58550,58575,58535,58555,58540
2025-06-09 04:35:00,3000,58520,58470,58520,58500,58550,58480,58550,58510,58535,58475,58535,58505
2025-06-09 04:40:00,1800,58520,58490,58500,58500,58530,58510,58510,58510,58525,58500,58505,58505
2025-06-09 04:45:00,2500,58600,58500,58500,58540,58630,58510,58510,58560,58615,58505,58505,58550
2025-06-09 04:50:00,1900,58590,58520,58530,58580,58620,58540,58560,58610,58605,58535,58545,58595
2025-06-09 04:55:00,2100,58590,58540,58580,58550,58610,58560,58600,58570,58600,58550,58590,58560
2025-06-09 05:00:00,3700,58570,58510,58550,58520,58590,58530,58570,58540,58580,58520,58560,58530
2025-06-09 05:05:00,3400,58530,58500,58520,58510,58550,58520,58540,58520,58540,58510,58530,58515
2025-06-09 05:10:00,2100,58510,58450,58510,58450,58520,58480,58520,58480,58515,58465,58515,58465
2025-06-09 05:15:00,1500,58470,58450,58450,58460,58490,58460,58480,58480,58480,58455,58465,58470
2025-06-09 05:20:00,1700,58480,58460,58460,58480,58500,58470,58480,58490,58490,58465,58470,58485
2025-06-09 05:25:00,5100,58580,58470,58480,58570,58600,58490,58490,58590,58590,58480,58485,58580
2025-06-09 05:30:00,5400,58570,58450,58570,58450,58590,58460,58590,58480,58580,58455,58580,58465
2025-06-09 05:35:00,1900,58460,58410,58450,58450,58500,58440,58480,58460,58480,58425,58465,58455
2025-06-09 05:40:00,1100,58450,58430,58450,58440,58480,58440,58460,58460,58465,58435,58455,58450
2025-06-09 05:45:00,2800,58460,58400,58440,58410,58480,58420,58460,58430,58470,58410,58450,58420
2025-06-09 05:50:00,3000,58440,58400,58410,58430,58460,58410,58430,58440,58450,58405,58420,58435
2025-06-09 05:55:00,2600,58450,58430,58430,58430,58460,58440,58440,58450,58455,58435,58435,58440
2025-06-09 06:00:00,4600,58440,58390,58430,58420,58450,58410,58450,58440,58445,58400,58440,58430
2025-06-09 06:05:00,3200,58420,58370,58420,58400,58440,58390,58440,58420,58430,58380,58430,58410
2025-06-09 06:10:00,3100,58400,58350,58400,58380,58430,58370,58420,58400,58415,58360,58410,58390
2025-06-09 06:15:00,5600,58410,58360,58380,58390,58420,58370,58400,58410,58415,58365,58390,58400
2025-06-09 06:20:00,14600,58390,58300,58390,58380,58410,58320,58410,58400,58400,58310,58400,58390
2025-06-09 06:25:00,,58910,58190,58580,58470,58910,58200,58590,58480,58910,58195,58585,58475
2025-06-09 06:30:00,83000,58400,58400,58400,58400,58490,58490,58490,58490,58445,58445,58445,58445
2025-06-10 00:00:00,69200,59130,58740,59030,59040,59170,58970,59040,59080,59145,58920,59035,59060
2025-06-10 00:05:00,22300,59250,59030,59040,59150,59290,59070,59080,59180,59265,59050,59060,59165
2025-06-10 00:10:00,16200,59320,59140,59140,59200,59340,59170,59180,59220,59330,59160,59160,59210
2025-06-10 00:15:00,13600,59300,59160,59200,59210,59310,59180,59220,59230,59305,59170,59210,59220
2025-06-10 00:20:00,7100,59210,59100,59210,59110,59230,59120,59230,59140,59220,59110,59220,59125
2025-06-10 00:25:00,4800,59190,59060,59110,59140,59220,59100,59140,59170,59205,59085,59125,59155
2025-06-10 00:30:00,5300,59150,59030,59140,59050,59170,59050,59170,59070,59160,59040,59155,59060
2025-06-10 00:35:00,6400,59140,59050,59050,59050,59160,59070,59070,59070,59145,59060,59060,59060
2025-06-10 00:40:00,2500,59080,59030,59050,59060,59090,59050,59070,59090,59085,59040,59060,59075
2025-06-10 00:45:00,3300,59070,59000,59060,59060,59090,59030,59090,59090,59080,59015,59075,59075
2025-06-10 00:50:00,5600,59160,59060,59060,59150,59180,59080,59090,59170,59170,59070,59075,59160
2025-06-10 00:55:00,12000,59260,59130,59150,59160,59270,59140,59170,59180,59265,59135,59160,59170
2025-06-10 01:00:00,3600,59250,59160,59160,59210,59270,59180,59180,59220,59260,59170,59170,59215
2025-06-10 01:05:00,10400,59380,59210,59210,59360,59400,59220,59220,59380,59390,59215,59215,59370
2025-06-10 01:10:00,4300,59370,59320,59360,59370,59390,59330,59380,59390,59380,59325,59370,59380
2025-06-10 01:15:00,6300,59400,59320,59370,59400,59420,59330,59390,59420,59410,59325,59380,59410
2025-06-10 01:20:00,4700,59430,59390,59400,59430,59450,59400,59420,59450,59440,59395,59410,59440
2025-06-10 01:25:00,3000,59480,59430,59430,59460,59490,59450,59450,59480,59485,59440,59440,59470
2025-06-10 01:30:00,3300,59490,59460,59460,59480,59500,59470,59480,59500,59495,59465,59470,59490
2025-06-10 01:35:00,13300,59660,59460,59480,59650,59670,59470,59500,59660,59665,59465,59490,59655
2025-06-10 01:40:00,8300,59720,59610,59650,59710,59740,59630,59660,59720,59725,59620,59655,59715
2025-06-10 01:45:00,6700,59730,59680,59710,59690,59740,59700,59720,59710,59735,59690,59715,59700
2025-06-10 01:50:00,3100,59740,59690,59690,59720,59750,59700,59710,59740,59745,59695,59700,59730
2025-06-10 01:55:00,9800,59850,59690,59720,59830,59870,59710,59740,59850,59860,59700,59730,59840
2025-06-10 02:00:00,14000,59960,59830,59840,59890,59990,59850,59850,59910,59975,59840,59845,59900
2025-06-10 02:05:00,4300,59960,59890,59890,59950,59980,59900,59910,59970,59970,59895,59900,59960
2025-06-10 02:10:00,20600,60110,59950,59950,60070,60130,59960,59970,60090,60120,59955,59960,60080
2025-06-10 02:15:00,7500,60190,60070,60070,60180,60200,60090,60090,60200,60195,60080,60080,60190
2025-06-10 02:20:00,9300,60200,60130,60180,60160,60210,60150,60200,60170,60205,60140,60190,60165
2025-06-10 02:25:00,18500,60320,60160,60160,60320,60340,60170,60170,60340,60330,60165,60165,60330
2025-06-10 02:30:00,1400,,,,,,,,,,,,
2025-06-10 03:30:00,63700,60710,60320,60340,60710,60740,60360,60380,60740,60725,60345,60360,60725
2025-06-10 03:35:00,22700,60790,60650,60710,60680,60820,60660,60740,60700,60805,60655,60725,60690
2025-06-10 03:40:00,12000,60680,60540,60680,60550,60700,60560,60700,60560,60690,60550,60690,60555
2025-06-10 03:45:00,8100,60630,60530,60550,60570,60650,60560,60560,60590,60640,60545,60555,60580
2025-06-10 03:50:00,5800,60600,60520,60570,60540,60630,60530,60590,60580,60610,60525,60580,60560
2025-06-10 03:55:00,12200,60570,60470,60540,60540,60590,60480,60580,60570,60580,60475,60560,60555
2025-06-10 04:00:00,13000,60680,60490,60540,60650,60700,60530,60570,60680,60690,60510,60555,60665
2025-06-10 04:05:00,12200,60790,60630,60650,60790,60810,60650,60680,60810,60800,60640,60665,60800
2025-06-10 04:10:00,8000,60810,60650,60790,60690,60840,60670,60810,60720,60820,60660,60800,60705
2025-06-10 04:15:00,6900,60740,60670,60690,60710,60760,60680,60720,60730,60750,60675,60705,60720
2025-06-10 04:20:00,6400,60750,60700,60710,60740,60770,60710,60730,60770,60760,60705,60720,60755
2025-06-10 04:25:00,4400,60750,60680,60740,60730,60770,60700,60770,60750,60755,60690,60755,60740
2025-06-10 04:30:00,13800,60820,60720,60730,60720,60840,60740,60750,60740,60830,60730,60740,60730
2025-06-10 04:35:00,8500,60730,60680,60720,60720,60750,60690,60740,60740,60740,60685,60730,60730
2025-06-10 04:40:00,3200,60720,60680,60720,60680,60740,60690,60740,60700,60730,60685,60730,60690
2025-06-10 04:45:00,7100,60750,60680,60680,60750,60770,60690,60700,60770,60760,60685,60690,60760
2025-06-10 04:50:00,6500,60770,60680,60750,60690,60780,60710,60770,60720,60775,60700,60760,60705
2025-06-10 04:55:00,12100,60690,60470,60690,60500,60720,60490,60720,60520,60705,60480,60705,60510
2025-06-10 05:00:00,6700,60510,60430,60500,60470,60540,60450,60520,60490,60520,60440,60510,60480
2025-06-10 05:05:00,5200,60490,60420,60470,60420,60500,60430,60490,60440,60495,60425,60480,60430
2025-06-10 05:10:00,6900,60450,60400,60420,60420,60460,60410,60440,60430,60455,60405,60430,60425
2025-06-10 05:15:00,10800,60420,60260,60420,60310,60450,60290,60430,60330,60435,60275,60425,60320
2025-06-10 05:20:00,8500,60310,60100,60310,60170,60330,60120,60330,60190,60320,60115,60320,60180
2025-06-10 05:25:00,11200,60240,60090,60170,60160,60260,60100,60190,60190,60250,60095,60180,60175
2025-06-10 05:30:00,21400,60170,59870,60160,59870,60190,59890,60190,59890,60180,59880,60175,59880
2025-06-10 05:35:00,11300,60130,59860,59870,60130,60150,59880,59890,60150,60140,59870,59880,60140
2025-06-10 05:40:00,7500,60160,60030,60130,60030,60180,60050,60150,60050,60170,60040,60140,60040
2025-06-10 05:45:00,8000,60070,59950,60030,59970,60090,59960,60050,59990,60080,59955,60040,59980
2025-06-10 05:50:00,6300,59980,59900,59970,59900,59990,59920,59990,59920,59985,59910,59980,59910
2025-06-10 05:55:00,6800,59960,59870,59900,59890,59980,59890,59920,59910,59970,59880,59910,59900
2025-06-10 06:00:00,7400,59980,59890,59890,59940,59990,59910,59910,59970,59985,59900,59900,59955
2025-06-10 06:05:00,6400,59980,59900,59940,59920,59990,59920,59970,59950,59985,59910,59955,59935
2025-06-10 06:10:00,6500,59970,59890,59920,59970,59980,59900,59950,59980,59975,59895,59935,59975
2025-06-10 06:15:00,7100,60000,59940,59970,59990,60010,59950,59980,60010,60005,59945,59975,60000
2025-06-10 06:20:00,10500,60030,59950,59990,60010,60050,59970,60010,60030,60035,59960,60000,60020
2025-06-10 06:25:00,,61610,59430,59500,60040,61610,59440,59510,60050,61610,59435,59505,60045
2025-06-10 06:30:00,162200,60000,60000,60000,60000,60050,60050,60050,60050,60025,60025,60025,60025
2025-06-11 00:00:00,74100,61170,60500,61170,60950,61180,60650,61180,61010,61175,60605,61175,60980
2025-06-11 00:05:00,19600,61090,60900,60950,61060,61110,60940,61010,61100,61100,60920,60980,61080
2025-06-11 00:10:00,21100,61130,60940,61060,60940,61150,60970,61100,60980,61140,60955,61080,60960
2025-06-11 00:15:00,18500,61110,60860,60940,61110,61150,60890,60980,61150,61130,60875,60960,61130
2025-06-11 00:20:00,8700,61130,60910,61110,60920,61150,60940,61150,60960,61140,60925,61130,60940
2025-06-11 00:25:00,4900,61040,60910,60920,61010,61080,60950,60960,61030,61060,60930,60940,61020
2025-06-11 00:30:00,10100,61120,60960,61010,61020,61140,60990,61030,61040,61130,60975,61020,61030
2025-06-11 00:35:00,8100,61080,60800,61020,60800,61090,60830,61040,60830,61085,60815,61030,60815
2025-06-11 00:40:00,4900,60910,60800,60800,60860,60950,60820,60830,60900,60925,60810,60815,60880
2025-06-11 00:45:00,7200,60890,60700,60860,60740,60910,60730,60900,60770,60900,60715,60880,60755
2025-06-11 00:50:00,9400,60880,60680,60740,60800,60900,60690,60770,60820,60890,60685,60755,60810
2025-06-11 00:55:00,8000,60820,60640,60800,60670,60850,60660,60830,60690,60835,60650,60815,60680
2025-06-11 01:00:00,4900,60740,60650,60670,60660,60770,60680,60690,60680,60755,60670,60680,60670
2025-06-11 01:05:00,6200,60720,60640,60660,60680,60750,60660,60680,60700,60735,60650,60670,60690
2025-06-11 01:10:00,14200,60860,60600,60680,60860,60880,60640,60690,60880,60870,60620,60685,60870
2025-06-11 01:15:00,9600,60950,60810,60860,60920,60980,60850,60880,60940,60965,60835,60870,60930
2025-06-11 01:20:00,3400,60960,60900,60920,60950,60980,60920,60940,60980,60970,60910,60930,60965
2025-06-11 01:25:00,6600,61060,60950,60950,61050,61080,60980,60980,61070,61070,60965,60965,61060
2025-06-11 01:30:00,5100,61080,60990,61050,61060,61090,61020,61070,61070,61085,61005,61060,61065
2025-06-11 01:35:00,3100,61070,60980,61060,60990,61080,61000,61070,61010,61075,60990,61065,61000
2025-06-11 01:40:00,6800,61040,60930,60980,61020,61060,60960,61010,61060,61050,60945,60995,61040
2025-06-11 01:45:00,14200,61160,61020,61020,61100,61180,61060,61060,61140,61170,61040,61040,61120
2025-06-11 01:50:00,2800,61120,60990,61100,61010,61160,61010,61140,61030,61135,61000,61120,61020
2025-06-11 01:55:00,3800,61060,60960,61010,61040,61080,60980,61030,61070,61070,60970,61020,61055
2025-06-11 02:00:00,4800,61140,61020,61040,61110,61150,61050,61070,61130,61145,61035,61055,61120
2025-06-11 02:05:00,2900,61110,61040,61110,61070,61140,61070,61130,61090,61125,61055,61120,61080
2025-06-11 02:10:00,2800,61070,61020,61070,61020,61090,61030,61090,61040,61080,61025,61080,61030
2025-06-11 02:15:00,2700,61030,60970,61020,61000,61040,61010,61040,61010,61035,60990,61030,61005
2025-06-11 02:20:00,4900,61050,60960,61000,61050,61070,60980,61010,61070,61060,60970,61005,61060
2025-06-11 02:25:00,3800,61070,61020,61050,61020,61080,61030,61070,61080,61075,61025,61060,61050
2025-06-11 02:30:00,1100,61020,61020,61020,61020,61080,61080,61080,61080,61050,61050,61050,61050
2025-06-11 03:30:00,22000,61000,60750,61000,60890,61020,60770,61020,60910,61010,60760,61010,60900
2025-06-11 03:35:00,8800,60930,60800,60890,60890,60950,60820,60910,60910,60940,60810,60900,60900
2025-06-11 03:40:00,3200,60890,60850,60890,60860,60910,60870,60910,60880,60900,60860,60900,60870
2025-06-11 03:45:00,4800,60900,60820,60860,60820,60910,60830,60880,60830,60905,60825,60870,60825
2025-06-11 03:50:00,6300,60830,60720,60820,60740,60840,60740,60840,60760,60835,60730,60830,60750
2025-06-11 03:55:00,5000,60750,60700,60740,60700,60760,60710,60760,60730,60755,60705,60750,60715
2025-06-11 04:00:00,3400,60770,60700,60700,60770,60790,60720,60730,60790,60780,60710,60715,60780
2025-06-11 04:05:00,4100,60820,60760,60780,60810,60840,60780,60790,60820,60830,60770,60785,60815
2025-06-11 04:10:00,1900,60810,60770,60810,60780,60820,60780,60820,60800,60815,60775,60815,60790
2025-06-11 04:15:00,3300,60810,60760,60780,60800,60820,60780,60800,60820,60815,60770,60790,60810
2025-06-11 04:20:00,2200,60800,60740,60800,60750,60820,60760,60820,60780,60810,60750,60810,60765
2025-06-11 04:25:00,4100,60770,60720,60750,60730,60780,60740,60780,60750,60775,60730,60765,60740
2025-06-11 04:30:00,5400,60730,60620,60730,60620,60750,60640,60750,60640,60740,60630,60740,60630
2025-06-11 04:35:00,3200,60680,60620,60620,60670,60700,60640,60640,60680,60685,60630,60630,60675
2025-06-11 04:40:00,5600,60670,60550,60670,60550,60680,60580,60680,60580,60675,60565,60675,60565
2025-06-11 04:45:00,6900,60560,60450,60550,60450,60580,60480,60580,60480,60570,60465,60565,60465
2025-06-11 04:50:00,3700,60510,60450,60450,60480,60520,60460,60470,60500,60515,60455,60460,60490
2025-06-11 04:55:00,4700,60520,60450,60480,60460,60530,60470,60490,60480,60525,60460,60485,60470
2025-06-11 05:00:00,2500,60520,60460,60460,60510,60540,60470,60480,60530,60530,60465,60470,60520
2025-06-11 05:05:00,4600,60540,60490,60510,60490,60550,60500,60530,60500,60545,60495,60520,60495
2025-06-11 05:10:00,2200,60550,60490,60490,60520,60560,60500,60500,60540,60555,60495,60495,60530
2025-06-11 05:15:00,9800,60570,60510,60530,60550,60590,60540,60540,60570,60580,60525,60535,60560
2025-06-11 05:20:00,2900,60560,60450,60550,60460,60570,60470,60570,60490,60565,60460,60560,60475
2025-06-11 05:25:00,4400,60500,60450,60460,60480,60510,60460,60490,60490,60505,60455,60475,60485
2025-06-11 05:30:00,2600,60490,60450,60480,60470,60510,60470,60490,60480,60500,60460,60485,60475
2025-06-11 05:35:00,5000,60480,60440,60460,60470,60500,60450,60480,60480,60490,60445,60470,60475
2025-06-11 05:40:00,4100,60470,60400,60470,60410,60480,60420,60480,60430,60475,60410,60475,60420
2025-06-11 05:45:00,3300,60420,60380,60410,60380,60430,60400,60430,60400,60425,60390,60420,60390
2025-06-11 05:50:00,6500,60380,60300,60380,60360,60400,60320,60400,60370,60390,60310,60390,60365
2025-06-11 05:55:00,6000,60360,60250,60360,60290,60370,60260,60370,60300,60365,60255,60365,60295
2025-06-11 06:00:00,6400,60380,60280,60290,60340,60410,60300,60300,60370,60395,60290,60295,60355
2025-06-11 06:05:00,3900,60360,60310,60340,60330,60380,60320,60370,60340,60370,60315,60355,60335
2025-06-11 06:10:00,6400,60340,60280,60330,60280,60350,60290,60340,60290,60345,60285,60335,60285
2025-06-11 06:15:00,7500,60340,60250,60280,60320,60350,60260,60290,60340,60345,60255,60285,60330
2025-06-11 06:20:00,6000,60350,60290,60320,60350,60370,60310,60340,60360,60360,60300,60330,60355
2025-06-11 06:25:00,,61590,60300,60800,60350,61600,60310,60810,60360,61595,60305,60805,60355
2025-06-11 06:30:00,157900,60350,60350,60350,60350,60390,60390,60390,60390,60370,60370,60370,60370
2025-06-12 00:00:00,59700,59930,59680,59930,59800,60000,59710,59940,59840,59955,59695,59935,59820
2025-06-12 00:05:00,18600,60090,59790,59800,59970,60120,59810,59840,60000,60105,59800,59820,59985
2025-06-12 00:10:00,9800,60030,59790,59970,59810,60060,59800,59990,59850,60045,59795,59980,59830
2025-06-12 00:15:00,10700,59820,59670,59810,59680,59850,59700,59850,59710,59835,59690,59830,59695
2025-06-12 00:20:00,3800,59820,59680,59680,59700,59850,59710,59710,59730,59835,59695,59695,59715
2025-06-12 00:25:00,10200,59710,59530,59700,59550,59730,59560,59730,59580,59720,59545,59715,59565
2025-06-12 00:30:00,8800,59590,59490,59550,59580,59620,59500,59580,59620,59605,59495,59565,59600
2025-06-12 00:35:00,6700,59600,59410,59580,59460,59640,59420,59620,59490,59620,59415,59600,59475
2025-06-12 00:40:00,9500,59510,59340,59460,59470,59530,59370,59490,59490,59520,59355,59475,59480
2025-06-12 00:45:00,2600,59480,59400,59470,59460,59500,59420,59490,59480,59490,59410,59480,59470
2025-06-12 00:50:00,3000,59480,59430,59450,59460,59510,59440,59480,59490,59495,59435,59465,59475
2025-06-12 00:55:00,4200,59550,59460,59460,59520,59560,59490,59490,59550,59555,59475,59475,59535
2025-06-12 01:00:00,3100,59580,59500,59520,59540,59600,59530,59550,59570,59590,59520,59535,59555
2025-06-12 01:05:00,2700,59560,59480,59540,59480,59600,59500,59570,59510,59575,59490,59555,59495
2025-06-12 01:10:00,3800,59530,59450,59480,59520,59570,59470,59510,59550,59550,59460,59495,59535
2025-06-12 01:15:00,1600,59560,59520,59520,59550,59580,59550,59550,59580,59570,59535,59535,59565
2025-06-12 01:20:00,2400,59560,59500,59550,59550,59580,59520,59580,59570,59570,59510,59565,59560
2025-06-12 01:25:00,4600,59550,59490,59550,59510,59560,59500,59560,59530,59555,59495,59555,59520
2025-06-12 01:30:00,5400,59530,59430,59510,59470,59550,59440,59530,59500,59540,59435,59520,59485
2025-06-12 01:35:00,2000,59500,59410,59470,59420,59520,59440,59500,59440,59510,59425,59485,59430
2025-06-12 01:40:00,3300,59460,59410,59420,59430,59480,59420,59440,59460,59470,59415,59430,59445
2025-06-12 01:45:00,2600,59450,59400,59430,59410,59470,59410,59460,59430,59455,59405,59445,59420
2025-06-12 01:50:00,5200,59540,59410,59410,59520,59570,59430,59430,59550,59555,59420,59420,59535
2025-06-12 01:55:00,1100,59540,59510,59520,59510,59570,59540,59550,59550,59555,59525,59535,59530
2025-06-12 02:00:00,2000,59550,59470,59510,59470,59570,59490,59550,59490,59560,59480,59530,59480
2025-06-12 02:05:00,1400,59480,59420,59470,59440,59500,59430,59490,59450,59490,59425,59480,59445
2025-06-12 02:10:00,1700,59490,59430,59440,59470,59510,59450,59450,59480,59500,59445,59445,59475
2025-06-12 02:15:00,2400,59490,59430,59470,59490,59510,59450,59480,59510,59500,59440,59475,59500
2025-06-12 02:20:00,2500,59530,59450,59490,59470,59550,59460,59510,59490,59540,59455,59500,59480
2025-06-12 02:25:00,3100,59540,59470,59470,59520,59560,59490,59490,59550,59550,59480,59480,59535
2025-06-12 02:30:00,1000,59520,59520,59520,59520,59550,59550,59550,59550,59535,59535,59535,59535
2025-06-12 03:30:00,14600,59640,59560,59610,59600,59670,59580,59640,59620,59655,59575,59625,59610
2025-06-12 03:35:00,4800,59640,59590,59600,59620,59660,59610,59620,59650,59650,59600,59610,59635
2025-06-12 03:40:00,5200,59650,59610,59620,59630,59670,59620,59650,59650,59660,59615,59635,59640
2025-06-12 03:45:00,3200,59650,59600,59630,59600,59670,59620,59650,59620,59660,59610,59640,59610
2025-06-12 03:50:00,2600,59650,59600,59600,59620,59660,59620,59620,59640,59655,59610,59610,59630
2025-06-12 03:55:00,2300,59630,59600,59620,59600,59650,59610,59640,59620,59640,59605,59630,59610
2025-06-12 04:00:00,3500,59620,59550,59600,59600,59630,59570,59620,59610,59625,59565,59610,59605
2025-06-12 04:05:00,2300,59600,59550,59600,59550,59610,59560,59610,59560,59605,59555,59605,59555
2025-06-12 04:10:00,2200,59580,59530,59550,59540,59600,59540,59560,59550,59590,59535,59555,59545
2025-06-12 04:15:00,700,59560,59540,59540,59560,59590,59550,59550,59580,59575,59545,59545,59570
2025-06-12 04:20:00,1100,59570,59550,59560,59570,59590,59570,59580,59580,59575,59560,59570,59575
2025-06-12 04:25:00,8200,59580,59450,59570,59450,59590,59460,59580,59460,59585,59455,59575,59455
2025-06-12 04:30:00,3300,59500,59420,59450,59500,59520,59440,59460,59520,59510,59435,59455,59510
2025-06-12 04:35:00,2700,59500,59460,59500,59460,59520,59470,59520,59480,59510,59465,59510,59470
2025-06-12 04:40:00,5000,59460,59400,59460,59410,59480,59410,59480,59420,59470,59405,59470,59415
2025-06-12 04:45:00,1500,59430,59410,59410,59430,59450,59420,59420,59450,59440,59415,59415,59440
2025-06-12 04:50:00,2500,59450,59410,59430,59430,59460,59430,59450,59440,59455,59420,59440,59435
2025-06-12 04:55:00,2600,59450,59430,59430,59440,59480,59440,59440,59470,59465,59435,59435,59455
2025-06-12 05:00:00,1900,59470,59430,59440,59430,59490,59440,59470,59440,59480,59435,59455,59435
2025-06-12 05:05:00,9300,59450,59390,59430,59420,59480,59400,59440,59440,59465,59395,59435,59430
2025-06-12 05:10:00,2400,59430,59400,59420,59400,59440,59410,59440,59410,59435,59405,59430,59405
2025-06-12 05:15:00,7000,59400,59350,59400,59360,59410,59360,59410,59370,59405,59355,59405,59365
2025-06-12 05:20:00,5900,59360,59310,59360,59320,59380,59320,59370,59330,59370,59315,59365,59325
2025-06-12 05:25:00,3400,59350,59310,59320,59320,59360,59320,59330,59330,59355,59315,59325,59325
2025-06-12 05:30:00,3900,59330,59310,59320,59320,59350,59320,59330,59340,59340,59315,59325,59330
2025-06-12 05:35:00,3000,59340,59310,59320,59320,59360,59320,59340,59340,59345,59315,59330,59330
2025-06-12 05:40:00,9800,59320,59270,59320,59290,59340,59280,59340,59300,59330,59275,59330,59295
2025-06-12 05:45:00,3800,59330,59270,59290,59330,59350,59280,59300,59340,59340,59275,59295,59335
2025-06-12 05:50:00,4800,59360,59300,59330,59350,59370,59320,59340,59360,59365,59310,59335,59355
2025-06-12 05:55:00,3500,59350,59310,59350,59320,59370,59320,59360,59330,59360,59315,59355,59325
2025-06-12 06:00:00,5000,59330,59300,59320,59300,59340,59310,59330,59320,59335,59305,59325,59310
2025-06-12 06:05:00,5100,59330,59280,59300,59320,59340,59290,59320,59330,59335,59285,59310,59325
2025-06-12 06:10:00,7000,59390,59310,59320,59370,59420,59330,59330,59400,59400,59320,59325,59385
2025-06-12 06:15:00,7200,59440,59310,59370,59320,59450,59330,59400,59340,59445,59325,59385,59330
2025-06-12 06:20:00,14000,59330,59230,59320,59280,59340,59240,59340,59290,59335,59235,59330,59285
2025-06-12 06:25:00,,59990,59170,59640,59390,60000,59180,59650,59400,59995,59175,59645,59395
2025-06-12 06:30:00,126700,59270,59270,59270,59270,59400,59400,59400,59400,59335,59335,59335,59335
2025-06-13 00:00:00,174000,59140,58390,59130,58390,59360,58430,59140,58430,59220,58410,59135,58410
2025-06-13 00:05:00,14100,58650,58350,58390,58470,58710,58380,58430,58490,58675,58375,58410,58480
2025-06-13 00:10:00,6600,58590,58400,58470,58560,58620,58420,58490,58590,58600,58415,58480,58575
2025-06-13 00:15:00,16800,58580,58320,58560,58320,58610,58340,58590,58370,58595,58330,58575,58345
2025-06-13 00:20:00,9900,58360,58210,58320,58240,58390,58230,58370,58270,58375,58220,58345,58255
2025-06-13 00:25:00,6900,58350,58220,58240,58230,58380,58240,58270,58260,58365,58230,58255,58245
2025-06-13 00:30:00,5400,58330,58220,58230,58250,58350,58240,58260,58290,58340,58230,58245,58270
2025-06-13 00:35:00,4800,58290,58210,58250,58240,58300,58240,58290,58260,58295,58225,58270,58250
2025-06-13 00:40:00,4800,58350,58220,58240,58330,58370,58240,58260,58360,58360,58230,58250,58345
2025-06-13 00:45:00,2100,58350,58290,58330,58300,58370,58310,58360,58330,58360,58300,58345,58315
2025-06-13 00:50:00,13400,58310,58140,58300,58150,58350,58160,58330,58170,58330,58150,58315,58160
2025-06-13 00:55:00,2200,58220,58150,58150,58190,58250,58170,58170,58230,58235,58160,58160,58210
2025-06-13 01:00:00,3000,58230,58130,58190,58170,58250,58150,58230,58190,58240,58140,58210,58180
2025-06-13 01:05:00,6100,58220,58110,58170,58200,58250,58130,58190,58220,58235,58120,58180,58210
2025-06-13 01:10:00,7000,58200,58030,58200,58070,58230,58050,58210,58100,58210,58040,58205,58085
2025-06-13 01:15:00,4000,58090,58010,58070,58010,58110,58030,58100,58030,58100,58020,58085,58020
2025-06-13 01:20:00,17500,58030,57820,58010,57850,58050,57860,58030,57870,58040,57840,58020,57860
2025-06-13 01:25:00,11700,57890,57710,57850,57730,57900,57720,57870,57750,57895,57715,57860,57740
2025-06-13 01:30:00,9000,57780,57650,57730,57780,57810,57670,57750,57790,57795,57660,57740,57785
2025-06-13 01:35:00,5600,57870,57750,57780,57870,57900,57770,57800,57900,57885,57760,57790,57885
2025-06-13 01:40:00,5000,57940,57840,57870,57940,57960,57860,57900,57950,57950,57850,57885,57945
2025-06-13 01:45:00,6300,58030,57930,57940,58010,58060,57940,57950,58040,58045,57935,57945,58025
2025-06-13 01:50:00,3300,58100,58010,58010,58100,58130,58030,58040,58120,58115,58020,58025,58110
2025-06-13 01:55:00,6000,58200,58060,58100,58160,58220,58090,58130,58180,58210,58075,58115,58170
2025-06-13 02:00:00,7000,58180,57990,58160,58030,58190,58010,58180,58050,58185,58005,58170,58040
2025-06-13 02:05:00,3700,58070,57950,58030,58060,58100,57980,58050,58090,58080,57965,58040,58075
2025-06-13 02:10:00,4300,58130,58040,58060,58090,58150,58070,58090,58110,58140,58060,58075,58100
2025-06-13 02:15:00,2300,58090,58020,58090,58030,58120,58040,58110,58060,58105,58030,58100,58045
2025-06-13 02:20:00,4600,58070,57920,58030,57920,58080,57950,58060,57950,58075,57935,58045,57935
2025-06-13 02:25:00,5000,57930,57850,57930,57850,57950,57870,57950,57880,57940,57860,57940,57865
2025-06-13 02:30:00,1400,57850,57850,57850,57850,57880,57880,57880,57880,57865,57865,57865,57865
2025-06-13 03:30:00,15700,57970,57820,57830,57950,58000,57830,57840,57970,57985,57830,57835,57960
2025-06-13 03:35:00,7000,58020,57900,57950,58020,58040,57930,57970,58040,58030,57915,57960,58030
2025-06-13 03:40:00,4600,58070,57910,58020,57920,58080,57930,58040,57940,58075,57920,58030,57930
2025-06-13 03:45:00,4200,57980,57890,57920,57920,58000,57910,57940,57950,57990,57900,57930,57935
2025-06-13 03:50:00,2300,57990,57920,57920,57970,58010,57950,57950,57990,58000,57935,57935,57980
2025-06-13 03:55:00,4400,58040,57950,57960,58010,58070,57980,57990,58030,58055,57965,57975,58020
2025-06-13 04:00:00,3400,58010,57940,58010,57970,58030,57950,58030,57990,58020,57945,58020,57980
2025-06-13 04:05:00,2600,58000,57920,57970,57920,58020,57940,57990,57940,58010,57930,57980,57930
2025-06-13 04:10:00,3700,57990,57920,57920,57950,58000,57940,57940,57960,57995,57930,57930,57955
2025-06-13 04:15:00,2000,57950,57910,57950,57920,57970,57930,57960,57940,57960,57920,57955,57930
2025-06-13 04:20:00,2200,57950,57910,57920,57950,57970,57920,57940,57970,57960,57915,57930,57960
2025-06-13 04:25:00,2700,57970,57910,57950,57920,58000,57930,57970,57940,57985,57920,57960,57930
2025-06-13 04:30:00,4300,58010,57910,57920,57970,58030,57930,57950,57980,58020,57920,57935,57975
2025-06-13 04:35:00,1600,57980,57930,57970,57950,58000,57950,57980,57970,57990,57940,57975,57960
2025-06-13 04:40:00,2100,58010,57950,57950,57970,58020,57960,57970,57990,58015,57955,57960,57980
2025-06-13 04:45:00,2100,57990,57960,57970,57980,58010,57970,57990,58000,58000,57965,57980,57990
2025-06-13 04:50:00,2300,58000,57950,57980,57960,58010,57970,58000,57970,58005,57965,57990,57965
2025-06-13 04:55:00,3800,58010,57960,57960,58000,58020,57970,57970,58010,58015,57965,57965,58005
2025-06-13 05:00:00,3600,58000,57930,58000,57950,58020,57950,58010,57970,58010,57940,58005,57960
2025-06-13 05:05:00,1900,57970,57930,57960,57930,57980,57940,57970,57940,57975,57935,57965,57935
2025-06-13 05:10:00,2100,57950,57920,57930,57940,57960,57930,57940,57960,57955,57925,57935,57950
2025-06-13 05:15:00,6100,57950,57880,57940,57900,57960,57900,57960,57920,57955,57890,57950,57910
2025-06-13 05:20:00,1400,57930,57900,57900,57920,57940,57920,57920,57940,57935,57910,57910,57930
2025-06-13 05:25:00,3900,57960,57890,57920,57890,57970,57900,57940,57900,57965,57895,57930,57895
2025-06-13 05:30:00,2500,57920,57890,57890,57910,57940,57900,57900,57930,57925,57895,57895,57920
2025-06-13 05:35:00,3400,57930,57910,57910,57910,57940,57920,57930,57930,57935,57915,57920,57920
2025-06-13 05:40:00,2200,57950,57900,57910,57950,57970,57920,57930,57970,57960,57910,57920,57960
2025-06-13 05:45:00,4900,57960,57910,57950,57950,57970,57920,57960,57960,57965,57915,57955,57955
2025-06-13 05:50:00,4100,57950,57900,57950,57910,57960,57910,57960,57920,57955,57905,57955,57915
2025-06-13 05:55:00,1600,57930,57900,57910,57930,57950,57910,57920,57950,57940,57905,57915,57940
2025-06-13 06:00:00,6600,57970,57900,57930,57940,57990,57920,57950,57960,57980,57910,57940,57950
2025-06-13 06:05:00,4500,57990,57940,57940,57960,58010,57950,57960,57980,58000,57945,57950,57970
2025-06-13 06:10:00,7200,57990,57940,57960,57960,58000,57950,57990,57970,57995,57945,57975,57965
2025-06-13 06:15:00,6200,57970,57930,57960,57950,57980,57940,57970,57960,57975,57935,57965,57955
2025-06-13 06:20:00,15700,57950,57840,57950,57840,57970,57860,57960,57880,57960,57850,57955,57860
2025-06-13 06:25:00,,58030,57600,57840,57980,58040,57610,57840,57990,58035,57605,57840,57985
2025-06-13 06:30:00,107000,57860,57860,57860,57860,57990,57990,57990,57990,57925,57925,57925,57925
2025-06-16 00:00:00,54200,57960,57600,57600,57910,57980,57610,57610,57940,57965,57605,57605,57925
2025-06-16 00:05:00,13600,57980,57660,57910,57700,58010,57700,57940,57750,57995,57685,57925,57725
2025-06-16 00:10:00,9100,57750,57640,57700,57740,57780,57670,57750,57770,57765,57660,57725,57755
2025-06-16 00:15:00,5800,57830,57710,57740,57820,57850,57750,57770,57850,57835,57730,57755,57835
2025-06-16 00:20:00,5300,57920,57780,57820,57800,57950,57810,57850,57820,57935,57795,57835,57810
2025-06-16 00:25:00,16300,57800,57610,57800,57660,57820,57630,57820,57690,57810,57620,57810,57675
2025-06-16 00:30:00,3900,57760,57610,57660,57740,57780,57630,57690,57750,57770,57620,57675,57745
2025-06-16 00:35:00,4400,57830,57710,57740,57750,57840,57720,57750,57780,57835,57715,57745,57765
2025-06-16 00:40:00,2600,57770,57710,57750,57730,57780,57720,57780,57750,57775,57715,57765,57740
2025-06-16 00:45:00,2200,57760,57710,57730,57720,57790,57730,57750,57750,57775,57720,57740,57735
2025-06-16 00:50:00,2900,57720,57650,57720,57670,57750,57660,57750,57700,57735,57655,57735,57685
2025-06-16 00:55:00,2500,57710,57660,57670,57680,57730,57670,57710,57710,57720,57665,57690,57695
2025-06-16 01:00:00,16800,57700,57500,57680,57570,57720,57520,57710,57600,57705,57510,57695,57585
2025-06-16 01:05:00,2700,57590,57520,57580,57560,57600,57550,57600,57580,57595,57535,57590,57570
2025-06-16 01:10:00,6300,57610,57500,57560,57530,57630,57520,57580,57560,57615,57510,57570,57545
2025-06-16 01:15:00,2600,57580,57520,57540,57520,57600,57540,57560,57540,57590,57530,57550,57530
2025-06-16 01:20:00,9800,57580,57470,57520,57510,57600,57490,57540,57520,57590,57480,57530,57515
2025-06-16 01:25:00,3300,57550,57480,57510,57540,57560,57510,57520,57550,57555,57500,57515,57545
2025-06-16 01:30:00,1600,57570,57520,57540,57520,57580,57530,57550,57540,57575,57525,57545,57530
2025-06-16 01:35:00,4400,57550,57470,57520,57530,57570,57480,57540,57550,57560,57475,57530,57540
2025-06-16 01:40:00,4000,57620,57530,57540,57620,57640,57540,57550,57640,57630,57535,57545,57630
2025-06-16 01:45:00,900,57620,57580,57620,57600,57640,57590,57640,57620,57630,57585,57630,57610
2025-06-16 01:50:00,6000,57630,57520,57600,57560,57650,57530,57620,57580,57640,57525,57610,57570
2025-06-16 01:55:00,3200,57600,57530,57560,57560,57620,57550,57580,57590,57610,57540,57570,57575
2025-06-16 02:00:00,5200,57590,57530,57560,57560,57600,57550,57590,57580,57595,57540,57575,57570
2025-06-16 02:05:00,2700,57600,57560,57560,57590,57620,57580,57580,57620,57610,57570,57570,57605
2025-06-16 02:10:00,1800,57620,57560,57590,57610,57630,57570,57610,57630,57625,57565,57600,57620
2025-06-16 02:15:00,4500,57690,57600,57610,57680,57700,57620,57630,57690,57695,57610,57620,57685
2025-06-16 02:20:00,6500,57700,57610,57680,57620,57720,57630,57690,57640,57710,57620,57685,57630
2025-06-16 02:25:00,4100,57630,57530,57620,57530,57640,57560,57640,57570,57635,57545,57630,57550
2025-06-16 02:30:00,700,57530,57530,57530,57530,57570,57570,57570,57570,57550,57550,57550,57550
2025-06-16 03:30:00,13300,57630,57570,57600,57590,57680,57590,57610,57610,57650,57580,57605,57600
2025-06-16 03:35:00,4500,57620,57540,57590,57570,57630,57550,57610,57580,57625,57545,57600,57575
2025-06-16 03:40:00,2000,57580,57550,57570,57570,57600,57570,57580,57590,57590,57560,57575,57580
2025-06-16 03:45:00,1700,57610,57570,57570,57600,57630,57590,57590,57620,57620,57580,57580,57610
2025-06-16 03:50:00,1000,57620,57600,57600,57610,57630,57620,57620,57630,57625,57610,57610,57620
2025-06-16 03:55:00,2800,57650,57600,57610,57640,57670,57610,57630,57660,57660,57605,57620,57650
2025-06-16 04:00:00,5300,57690,57640,57640,57670,57720,57660,57660,57690,57705,57650,57650,57680
2025-06-16 04:05:00,1700,57700,57660,57670,57660,57720,57670,57690,57670,57710,57665,57680,57665
2025-06-16 04:10:00,2200,57710,57660,57660,57710,57720,57670,57670,57720,57715,57665,57665,57715
2025-06-16 04:15:00,3300,57750,57690,57710,57740,57760,57700,57720,57760,57755,57695,57715,57750
2025-06-16 04:20:00,5100,57800,57740,57740,57750,57810,57750,57760,57760,57805,57745,57750,57755
2025-06-16 04:25:00,2800,57770,57730,57750,57770,57780,57750,57760,57780,57775,57740,57755,57775
2025-06-16 04:30:00,2600,57800,57750,57770,57750,57820,57770,57790,57770,57810,57760,57780,57760
2025-06-16 04:35:00,1800,57770,57750,57750,57750,57780,57760,57770,57770,57775,57755,57760,57760
2025-06-16 04:40:00,2700,57780,57740,57750,57750,57790,57760,57770,57770,57785,57750,57760,57760
2025-06-16 04:45:00,1000,57780,57760,57760,57760,57810,57770,57770,57770,57795,57765,57765,57765
2025-06-16 04:50:00,3400,57780,57730,57760,57780,57790,57740,57770,57790,57785,57735,57765,57785
2025-06-16 04:55:00,1500,57800,57760,57780,57770,57810,57790,57790,57790,57805,57775,57785,57780
2025-06-16 05:00:00,5500,57840,57760,57760,57810,57860,57770,57790,57830,57850,57765,57775,57820
2025-06-16 05:05:00,2400,57810,57770,57810,57790,57830,57780,57830,57810,57820,57775,57820,57800
2025-06-16 05:10:00,3400,57800,57740,57790,57740,57810,57750,57810,57760,57805,57745,57800,57750
2025-06-16 05:15:00,2800,57810,57740,57740,57810,57830,57760,57760,57820,57820,57750,57750,57815
2025-06-16 05:20:00,3700,57830,57780,57810,57790,57840,57790,57830,57800,57835,57785,57820,57795
2025-06-16 05:25:00,2100,57800,57780,57790,57800,57820,57790,57800,57810,57810,57785,57795,57805
2025-06-16 05:30:00,5200,57830,57780,57800,57800,57850,57790,57810,57810,57840,57785,57805,57805
2025-06-16 05:35:00,4800,57850,57760,57800,57810,57870,57790,57810,57820,57860,57775,57805,57815
2025-06-16 05:40:00,4200,57830,57790,57810,57790,57850,57800,57820,57800,57835,57795,57815,57795
2025-06-16 05:45:00,9800,57800,57740,57790,57780,57820,57750,57800,57790,57805,57745,57795,57785
2025-06-16 05:50:00,8400,57810,57720,57780,57760,57820,57740,57790,57780,57815,57730,57785,57770
2025-06-16 05:55:00,4900,57790,57720,57760,57730,57810,57730,57780,57740,57800,57725,57770,57735
2025-06-16 06:00:00,5400,57830,57730,57730,57810,57840,57740,57740,57820,57835,57735,57735,57815
2025-06-16 06:05:00,4100,57860,57800,57810,57850,57870,57820,57820,57860,57865,57810,57815,57855
2025-06-16 06:10:00,7100,57960,57830,57850,57930,57970,57850,57860,57950,57965,57840,57855,57940
2025-06-16 06:15:00,10700,57940,57840,57930,57890,57960,57850,57950,57910,57950,57845,57940,57900
2025-06-16 06:20:00,19600,57930,57770,57890,57780,57940,57780,57910,57800,57935,57775,57900,57790
2025-06-16 06:25:00,,57990,57000,57450,57880,58000,57010,57460,57880,57995,57005,57455,57880
2025-06-16 06:30:00,133700,57840,57840,57840,57840,57890,57890,57890,57890,57865,57865,57865,57865
2025-06-17 00:00:00,91300,57510,57150,57170,57350,57550,57180,57180,57380,57530,57175,57175,57365
2025-06-17 00:05:00,15600,57410,57210,57350,57220,57460,57230,57380,57250,57435,57220,57365,57235
2025-06-17 00:10:00,9600,57430,57210,57220,57380,57460,57230,57250,57410,57445,57220,57235,57395
2025-06-17 00:15:00,8400,57490,57360,57380,57480,57520,57390,57400,57500,57505,57375,57390,57490
2025-06-17 00:20:00,7900,57570,57480,57480,57560,57580,57500,57500,57580,57575,57490,57490,57570
2025-06-17 00:25:00,7800,57560,57450,57560,57500,57580,57480,57580,57530,57570,57465,57570,57515
2025-06-17 00:30:00,6600,57500,57440,57500,57460,57530,57460,57530,57490,57515,57450,57515,57475
2025-06-17 00:35:00,11500,57500,57380,57460,57420,57510,57410,57490,57450,57505,57395,57475,57435
2025-06-17 00:40:00,11100,57420,57210,57420,57250,57450,57240,57450,57280,57435,57225,57435,57265
2025-06-17 00:45:00,9500,57270,57210,57250,57230,57280,57220,57280,57250,57275,57215,57265,57240
2025-06-17 00:50:00,11200,57260,57180,57230,57190,57280,57190,57250,57210,57270,57185,57240,57200
2025-06-17 00:55:00,5900,57400,57190,57190,57390,57430,57210,57210,57420,57410,57200,57200,57405
2025-06-17 01:00:00,5200,57460,57380,57390,57460,57480,57390,57420,57470,57465,57385,57405,57465
2025-06-17 01:05:00,9200,57560,57450,57460,57480,57580,57470,57470,57500,57570,57460,57465,57490
2025-06-17 01:10:00,3600,57510,57430,57480,57460,57530,57450,57500,57480,57520,57445,57490,57470
2025-06-17 01:15:00,3800,57460,57390,57460,57430,57480,57420,57480,57450,57470,57410,57470,57440
2025-06-17 01:20:00,1400,57430,57350,57430,57370,57450,57370,57450,57380,57440,57360,57440,57375
2025-06-17 01:25:00,2800,57390,57350,57370,57360,57410,57370,57380,57380,57400,57360,57375,57370
2025-06-17 01:30:00,4700,57360,57260,57360,57280,57380,57270,57380,57310,57370,57265,57370,57295
2025-06-17 01:35:00,5900,57280,57200,57270,57200,57310,57220,57310,57220,57295,57210,57290,57210
2025-06-17 01:40:00,12400,57210,57120,57200,57150,57230,57130,57220,57160,57220,57125,57210,57155
2025-06-17 01:45:00,4500,57240,57140,57150,57240,57250,57160,57160,57250,57245,57150,57155,57245
2025-06-17 01:50:00,3500,57260,57230,57240,57240,57280,57240,57250,57250,57270,57235,57245,57245
2025-06-17 01:55:00,6300,57280,57180,57240,57250,57310,57210,57250,57280,57290,57195,57245,57265
2025-06-17 02:00:00,4200,57310,57220,57250,57230,57320,57230,57280,57250,57315,57225,57265,57240
2025-06-17 02:05:00,3300,57250,57200,57230,57210,57280,57220,57250,57230,57265,57210,57240,57220
2025-06-17 02:10:00,3200,57230,57190,57200,57200,57250,57210,57230,57220,57235,57200,57215,57210
2025-06-17 02:15:00,3400,57220,57180,57200,57180,57240,57190,57220,57200,57225,57185,57210,57190
2025-06-17 02:20:00,3300,57180,57140,57180,57150,57200,57150,57200,57160,57190,57145,57190,57155
2025-06-17 02:25:00,3400,57170,57130,57150,57130,57180,57140,57160,57150,57175,57135,57155,57140
2025-06-17 02:30:00,1000,57130,57130,57130,57130,57150,57150,57150,57150,57140,57140,57140,57140
2025-06-17 03:30:00,26200,57210,57100,57120,57200,57220,57110,57130,57220,57215,57105,57125,57210
2025-06-17 03:35:00,4100,57200,57140,57200,57160,57220,57170,57220,57190,57210,57155,57210,57175
2025-06-17 03:40:00,4700,57190,57160,57160,57180,57210,57170,57190,57190,57200,57165,57175,57185
2025-06-17 03:45:00,6000,57180,57120,57180,57140,57190,57130,57190,57160,57185,57125,57185,57150
2025-06-17 03:50:00,2200,57160,57130,57140,57160,57180,57140,57160,57180,57170,57135,57150,57170
2025-06-17 03:55:00,10700,57160,57040,57160,57040,57180,57050,57180,57050,57170,57045,57170,57045
2025-06-17 04:00:00,5600,57110,57030,57040,57080,57120,57050,57050,57100,57115,57040,57045,57090
2025-06-17 04:05:00,3500,57110,57040,57080,57110,57130,57060,57100,57130,57120,57050,57090,57120
2025-06-17 04:10:00,2800,57120,57070,57110,57110,57130,57090,57130,57120,57125,57080,57120,57115
2025-06-17 04:15:00,3800,57140,57090,57100,57130,57150,57110,57120,57150,57145,57100,57110,57140
2025-06-17 04:20:00,4100,57140,57070,57130,57090,57150,57090,57150,57110,57145,57080,57140,57100
2025-06-17 04:25:00,1800,57100,57070,57090,57070,57110,57080,57110,57080,57105,57075,57100,57075
2025-06-17 04:30:00,3000,57080,57040,57070,57060,57090,57060,57090,57080,57085,57050,57080,57070
2025-06-17 04:35:00,5500,57090,57020,57060,57020,57110,57030,57080,57040,57100,57025,57070,57030
2025-06-17 04:40:00,2100,57070,57020,57020,57070,57080,57030,57040,57080,57075,57025,57030,57075
2025-06-17 04:45:00,2700,57110,57070,57070,57100,57130,57080,57080,57110,57120,57075,57075,57105
2025-06-17 04:50:00,2400,57100,57070,57100,57090,57130,57090,57110,57110,57115,57080,57105,57100
2025-06-17 04:55:00,5700,57190,57090,57090,57160,57200,57110,57110,57180,57195,57100,57100,57170
2025-06-17 05:00:00,3800,57160,57110,57160,57120,57180,57130,57180,57130,57170,57120,57170,57125
2025-06-17 05:05:00,3400,57130,57100,57120,57100,57140,57110,57130,57110,57135,57105,57125,57105
2025-06-17 05:10:00,2600,57120,57100,57100,57110,57140,57110,57110,57120,57130,57105,57105,57115
2025-06-17 05:15:00,6400,57110,57040,57110,57050,57130,57050,57120,57070,57115,57045,57115,57060
2025-06-17 05:20:00,27400,57060,56960,57050,56960,57070,56970,57070,56980,57065,56965,57060,56970
2025-06-17 05:25:00,8400,56990,56940,56960,56970,57000,56950,56980,56980,56995,56945,56970,56975
2025-06-17 05:30:00,5600,57050,56970,56970,57010,57060,56980,56980,57030,57055,56975,56975,57020
2025-06-17 05:35:00,2900,57040,57000,57010,57040,57050,57020,57030,57050,57045,57010,57020,57045
2025-06-17 05:40:00,4600,57040,57010,57040,57040,57050,57020,57050,57050,57045,57015,57045,57045
2025-06-17 05:45:00,3600,57070,57030,57040,57060,57080,57040,57050,57070,57075,57035,57045,57065
2025-06-17 05:50:00,8400,57080,56990,57060,56990,57100,57000,57070,57010,57090,56995,57065,57000
2025-06-17 05:55:00,14500,57000,56920,56990,56950,57010,56930,57010,56970,57005,56925,57000,56960
2025-06-17 06:00:00,7600,57010,56940,56960,57000,57020,56960,56970,57020,57015,56950,56965,57010
2025-06-17 06:05:00,4700,57030,56990,57000,57020,57040,57000,57020,57040,57035,56995,57010,57030
2025-06-17 06:10:00,8700,57030,56970,57020,56970,57050,56990,57040,56990,57040,56980,57030,56980
2025-06-17 06:15:00,10400,57030,56970,56970,57030,57050,56990,56990,57040,57040,56980,56980,57035
2025-06-17 06:20:00,9800,57060,56990,57030,57040,57070,57010,57040,57060,57065,57000,57035,57050
2025-06-17 06:25:00,,57670,56990,57530,56990,57680,57000,57540,57000,57675,56995,57535,56995
2025-06-17 06:30:00,128200,56990,56990,56990,56990,57050,57050,57050,57050,57020,57020,57020,57020
2025-06-18 00:00:00,59400,57350,57010,57130,57290,57360,57100,57130,57320,57355,57055,57130,57305
2025-06-18 00:05:00,8800,57300,57060,57290,57210,57330,57090,57320,57240,57315,57075,57305,57225
2025-06-18 00:10:00,6800,57230,57080,57210,57140,57270,57100,57240,57180,57250,57090,57225,57160
2025-06-18 00:15:00,6000,57220,57130,57140,57140,57240,57140,57180,57160,57225,57135,57160,57150
2025-06-18 00:20:00,3100,57210,57130,57140,57190,57230,57160,57160,57220,57220,57145,57150,57205
2025-06-18 00:25:00,7100,57190,57060,57190,57090,57230,57070,57220,57130,57210,57065,57205,57110
2025-06-18 00:30:00,6200,57140,57030,57100,57140,57170,57060,57130,57170,57155,57045,57115,57155
2025-06-18 00:35:00,5200,57270,57140,57140,57250,57300,57170,57170,57260,57285,57155,57155,57255
2025-06-18 00:40:00,3000,57260,57200,57250,57210,57270,57220,57260,57230,57265,57210,57255,57220
2025-06-18 00:45:00,3700,57230,57130,57210,57160,57250,57150,57230,57180,57240,57140,57220,57170
2025-06-18 00:50:00,4900,57180,57080,57160,57090,57200,57090,57180,57110,57190,57085,57170,57100
2025-06-18 00:55:00,2800,57150,57090,57090,57140,57180,57100,57110,57160,57165,57095,57100,57150
2025-06-18 01:00:00,4300,57240,57140,57140,57200,57250,57160,57160,57230,57245,57150,57150,57215
2025-06-18 01:05:00,3300,57240,57200,57200,57230,57260,57230,57230,57260,57250,57215,57215,57245
2025-06-18 01:10:00,5200,57340,57230,57230,57310,57350,57250,57260,57330,57345,57240,57245,57320
2025-06-18 01:15:00,3300,57340,57300,57310,57330,57360,57310,57330,57360,57350,57305,57320,57345
2025-06-18 01:20:00,9200,57480,57330,57330,57480,57490,57350,57350,57490,57485,57340,57340,57485
2025-06-18 01:25:00,2900,57480,57420,57480,57470,57490,57430,57490,57490,57485,57425,57485,57480
2025-06-18 01:30:00,5700,57540,57470,57470,57540,57570,57490,57490,57570,57555,57480,57480,57555
2025-06-18 01:35:00,5400,57580,57520,57540,57580,57590,57530,57570,57590,57585,57525,57555,57585
2025-06-18 01:40:00,5500,57650,57580,57580,57650,57670,57600,57600,57670,57660,57590,57590,57660
2025-06-18 01:45:00,4400,57650,57540,57650,57550,57670,57560,57670,57570,57660,57550,57660,57560
2025-06-18 01:50:00,3300,57590,57550,57550,57590,57610,57560,57570,57610,57600,57555,57560,57600
2025-06-18 01:55:00,2400,57610,57570,57590,57570,57620,57590,57610,57590,57615,57580,57600,57580
2025-06-18 02:00:00,4500,57670,57570,57570,57670,57680,57590,57590,57680,57675,57580,57580,57675
2025-06-18 02:05:00,3800,57680,57650,57670,57660,57700,57660,57680,57670,57690,57655,57675,57665
2025-06-18 02:10:00,2500,57680,57630,57660,57630,57700,57640,57670,57650,57690,57635,57665,57640
2025-06-18 02:15:00,7400,57750,57630,57630,57730,57770,57650,57650,57750,57760,57640,57640,57740
2025-06-18 02:20:00,1200,57740,57710,57730,57730,57760,57720,57750,57740,57750,57715,57740,57735
2025-06-18 02:25:00,4300,57780,57720,57730,57760,57790,57730,57740,57790,57785,57725,57735,57775
2025-06-18 02:30:00,1500,,,,,,,,,,,,
2025-06-18 03:30:00,20900,57870,57710,57780,57870,57890,57740,57800,57890,57880,57725,57790,57880
2025-06-18 03:35:00,4400,57880,57760,57870,57790,57890,57790,57890,57810,57885,57775,57880,57800
2025-06-18 03:40:00,3900,57820,57750,57790,57810,57840,57770,57810,57830,57830,57760,57800,57820
2025-06-18 03:45:00,5300,57830,57760,57810,57810,57850,57790,57830,57820,57840,57775,57820,57815
2025-06-18 03:50:00,8700,57910,57800,57810,57860,57930,57820,57820,57880,57920,57810,57815,57870
2025-06-18 03:55:00,4000,57900,57810,57860,57810,57910,57830,57880,57830,57905,57820,57870,57820
2025-06-18 04:00:00,3300,57820,57770,57810,57800,57830,57780,57830,57820,57825,57775,57820,57810
2025-06-18 04:05:00,2800,57830,57800,57800,57830,57840,57820,57820,57840,57835,57810,57810,57835
2025-06-18 04:10:00,3600,57900,57810,57830,57900,57910,57830,57840,57910,57905,57820,57835,57905
2025-06-18 04:15:00,4700,57940,57880,57900,57890,57960,57900,57910,57910,57950,57890,57905,57900
2025-06-18 04:20:00,2800,57900,57830,57890,57850,57910,57850,57910,57870,57905,57840,57900,57860
2025-06-18 04:25:00,2600,57880,57850,57850,57860,57900,57860,57870,57870,57885,57855,57860,57865
2025-06-18 04:30:00,1200,57860,57840,57860,57860,57880,57850,57870,57870,57870,57845,57865,57865
2025-06-18 04:35:00,4900,57910,57850,57860,57880,57930,57860,57870,57900,57920,57855,57865,57890
2025-06-18 04:40:00,5100,57940,57880,57880,57920,57950,57890,57900,57940,57945,57885,57890,57930
2025-06-18 04:45:00,6500,57960,57910,57920,57960,57980,57920,57950,57970,57970,57915,57935,57965
2025-06-18 04:50:00,9700,58050,57960,57960,58010,58070,57970,57970,58020,58060,57965,57965,58015
2025-06-18 04:55:00,2600,58030,58010,58010,58020,58050,58020,58020,58040,58040,58015,58015,58030
2025-06-18 05:00:00,4300,58060,58010,58020,58030,58080,58020,58040,58040,58070,58015,58030,58035
2025-06-18 05:05:00,2900,58050,58030,58030,58040,58070,58040,58040,58050,58060,58035,58035,58045
2025-06-18 05:10:00,4100,58040,58010,58040,58020,58060,58030,58050,58030,58050,58020,58045,58025
2025-06-18 05:15:00,3500,58050,58020,58020,58040,58060,58030,58030,58060,58055,58025,58025,58050
2025-06-18 05:20:00,4300,58050,58010,58040,58040,58060,58020,58060,58050,58055,58015,58050,58045
2025-06-18 05:25:00,6900,58060,58010,58040,58020,58070,58020,58050,58030,58065,58015,58045,58025
2025-06-18 05:30:00,1700,58040,58010,58020,58020,58060,58030,58030,58040,58050,58020,58025,58030
2025-06-18 05:35:00,6000,58030,57980,58020,57980,58040,57990,58030,57990,58035,57985,58025,57985
2025-06-18 05:40:00,8000,58000,57920,57980,57960,58020,57950,57990,57980,58010,57935,57985,57970
2025-06-18 05:45:00,4000,58000,57960,57960,57980,58020,57970,57980,58000,58010,57965,57970,57990
2025-06-18 05:50:00,4800,58010,57950,57980,57950,58030,57970,58000,57970,58020,57960,57990,57960
2025-06-18 05:55:00,3100,57950,57900,57950,57950,57970,57910,57970,57960,57960,57905,57960,57955
2025-06-18 06:00:00,6900,57960,57900,57950,57930,57980,57920,57960,57950,57970,57910,57955,57940
2025-06-18 06:05:00,5300,57950,57920,57930,57930,57970,57930,57950,57940,57960,57925,57940,57935
2025-06-18 06:10:00,5600,57960,57910,57930,57920,57970,57930,57940,57940,57965,57920,57935,57930
2025-06-18 06:15:00,6300,57950,57920,57920,57930,57970,57940,57940,57950,57960,57930,57930,57940
2025-06-18 06:20:00,11800,58010,57920,57930,58010,58030,57930,57950,58030,58020,57925,57940,58020
2025-06-18 06:25:00,,58300,57630,58090,57940,58310,57640,58100,57950,58305,57635,58095,57945
2025-06-18 06:30:00,120100,57930,57930,57930,57930,57970,57970,57970,57970,57950,57950,57950,57950
2025-06-19 00:00:00,50400,57500,57280,57380,57280,57540,57300,57380,57300,57510,57290,57380,57290
2025-06-19 00:05:00,7500,57340,57240,57280,57240,57360,57250,57300,57270,57345,57245,57290,57255
2025-06-19 00:10:00,8100,57260,57160,57260,57170,57270,57170,57270,57190,57265,57165,57265,57180
2025-06-19 00:15:00,10400,57190,57020,57170,57070,57210,57030,57190,57090,57200,57025,57180,57080
2025-06-19 00:20:00,6500,57250,57040,57070,57160,57260,57070,57090,57190,57255,57055,57080,57175
2025-06-19 00:25:00,3500,57210,57100,57160,57160,57240,57140,57190,57180,57220,57120,57175,57170
2025-06-19 00:30:00,2500,57210,57130,57150,57140,57230,57160,57180,57170,57215,57145,57165,57155
2025-06-19 00:35:00,1400,57150,57100,57140,57140,57170,57130,57170,57160,57160,57120,57155,57150
2025-06-19 00:40:00,2200,57140,57080,57140,57090,57160,57090,57160,57110,57150,57085,57150,57100
2025-06-19 00:45:00,6500,57090,57000,57090,57000,57110,57020,57110,57020,57100,57010,57100,57010
2025-06-19 00:50:00,14700,57010,56890,57000,56900,57020,56900,57020,56930,57015,56895,57010,56915
2025-06-19 00:55:00,6500,56920,56870,56900,56900,56950,56880,56930,56930,56935,56875,56915,56915
2025-06-19 01:00:00,14100,56910,56730,56900,56750,56930,56750,56930,56770,56920,56740,56915,56760
2025-06-19 01:05:00,4100,56840,56710,56750,56810,56860,56730,56770,56840,56850,56720,56760,56825
2025-06-19 01:10:00,2900,56880,56810,56810,56830,56890,56820,56840,56850,56885,56815,56825,56840
2025-06-19 01:15:00,3300,56830,56790,56830,56810,56850,56800,56850,56830,56840,56795,56840,56820
2025-06-19 01:20:00,1200,56840,56790,56810,56800,56860,56820,56830,56820,56850,56805,56820,56810
2025-06-19 01:25:00,2300,56870,56800,56800,56850,56900,56820,56820,56870,56885,56810,56810,56860
2025-06-19 01:30:00,2900,56920,56850,56850,56890,56930,56870,56870,56920,56925,56860,56860,56905
2025-06-19 01:35:00,3100,56910,56870,56890,56890,56930,56890,56920,56910,56920,56880,56905,56900
2025-06-19 01:40:00,2800,56900,56850,56890,56850,56930,56860,56910,56880,56915,56855,56900,56865
2025-06-19 01:45:00,2100,56890,56850,56850,56860,56910,56870,56880,56870,56895,56860,56865,56865
2025-06-19 01:50:00,5100,56870,56830,56860,56840,56880,56840,56880,56860,56875,56835,56870,56850
2025-06-19 01:55:00,1100,56860,56840,56840,56850,56880,56860,56860,56870,56870,56850,56850,56860
2025-06-19 02:00:00,1900,56890,56850,56850,56890,56910,56860,56870,56900,56900,56855,56860,56895
2025-06-19 02:05:00,1600,56900,56860,56890,56870,56910,56880,56900,56880,56905,56870,56895,56875
2025-06-19 02:10:00,2300,56870,56850,56870,56860,56890,56860,56880,56870,56880,56855,56875,56865
2025-06-19 02:15:00,900,56870,56850,56860,56850,56890,56870,56870,56870,56880,56860,56865,56860
2025-06-19 02:20:00,800,56860,56850,56850,56850,56870,56860,56870,56870,56865,56855,56860,56860
2025-06-19 02:25:00,3400,56880,56830,56850,56830,56890,56840,56870,56850,56885,56835,56860,56840
2025-06-19 02:30:00,2400,56820,56820,56820,56820,56850,56850,56850,56850,56835,56835,56835,56835
2025-06-19 03:30:00,15200,57040,56840,56840,56980,57060,56860,56870,57020,57050,56850,56855,57000
2025-06-19 03:35:00,3100,57000,56890,56980,56900,57020,56920,57020,56920,57005,56905,57000,56910
2025-06-19 03:40:00,2100,56920,56880,56900,56920,56930,56900,56920,56930,56925,56890,56910,56925
2025-06-19 03:45:00,2500,56930,56900,56910,56930,56940,56920,56930,56940,56935,56910,56920,56935
2025-06-19 03:50:00,1800,56930,56910,56930,56910,56950,56920,56940,56930,56940,56915,56935,56920
2025-06-19 03:55:00,2100,56930,56910,56910,56920,56940,56920,56930,56930,56935,56915,56920,56925
2025-06-19 04:00:00,2200,56930,56880,56920,56880,56940,56890,56930,56890,56935,56885,56925,56885
2025-06-19 04:05:00,3900,56880,56830,56880,56850,56890,56850,56890,56860,56885,56840,56885,56855
2025-06-19 04:10:00,2100,56860,56830,56850,56850,56870,56840,56860,56860,56865,56835,56855,56855
2025-06-19 04:15:00,2000,56860,56830,56850,56860,56880,56850,56860,56880,56870,56840,56855,56870
2025-06-19 04:20:00,1500,56870,56850,56860,56850,56880,56860,56880,56870,56875,56855,56870,56860
2025-06-19 04:25:00,3500,56860,56810,56850,56810,56870,56830,56870,56830,56865,56820,56860,56820
2025-06-19 04:30:00,3900,56830,56800,56810,56800,56840,56810,56830,56810,56835,56805,56820,56805
2025-06-19 04:35:00,9600,56820,56770,56800,56810,56830,56790,56810,56830,56825,56780,56805,56820
2025-06-19 04:40:00,1600,56850,56810,56820,56850,56880,56830,56830,56870,56865,56820,56825,56860
2025-06-19 04:45:00,1600,56880,56850,56850,56870,56890,56870,56870,56880,56885,56860,56860,56875
2025-06-19 04:50:00,900,56870,56850,56870,56850,56890,56860,56880,56860,56880,56855,56875,56855
2025-06-19 04:55:00,2700,56870,56840,56850,56860,56880,56860,56860,56870,56875,56850,56855,56865
2025-06-19 05:00:00,3200,56860,56820,56860,56840,56870,56830,56870,56860,56865,56825,56865,56850
2025-06-19 05:05:00,1400,56860,56820,56840,56830,56870,56850,56860,56850,56865,56835,56850,56840
2025-06-19 05:10:00,16300,56830,56720,56830,56730,56850,56730,56850,56740,56840,56725,56840,56735
2025-06-19 05:15:00,9500,56740,56660,56730,56680,56750,56670,56740,56690,56745,56665,56735,56685
2025-06-19 05:20:00,3600,56700,56670,56680,56700,56720,56680,56690,56710,56710,56675,56685,56705
2025-06-19 05:25:00,3500,56700,56640,56700,56640,56710,56660,56710,56660,56705,56650,56705,56650
2025-06-19 05:30:00,6600,56650,56600,56640,56620,56660,56620,56660,56640,56655,56610,56650,56630
2025-06-19 05:35:00,7300,56620,56560,56620,56560,56640,56570,56630,56580,56630,56565,56625,56570
2025-06-19 05:40:00,8900,56630,56530,56570,56620,56640,56550,56580,56640,56635,56540,56575,56630
2025-06-19 05:45:00,3300,56620,56550,56620,56560,56630,56570,56630,56580,56625,56560,56625,56570
2025-06-19 05:50:00,4100,56590,56550,56560,56560,56600,56570,56580,56580,56595,56560,56570,56570
2025-06-19 05:55:00,7600,56580,56500,56570,56510,56590,56510,56580,56530,56585,56505,56575,56520
2025-06-19 06:00:00,8800,56570,56480,56510,56570,56590,56490,56530,56590,56580,56485,56520,56580
2025-06-19 06:05:00,6600,56580,56520,56570,56530,56610,56540,56590,56550,56595,56530,56580,56540
2025-06-19 06:10:00,4500,56550,56530,56530,56550,56560,56540,56550,56560,56555,56535,56540,56555
2025-06-19 06:15:00,6500,56550,56510,56550,56540,56560,56520,56560,56560,56555,56515,56555,56550
2025-06-19 06:20:00,9200,56560,56500,56540,56500,56580,56510,56560,56520,56565,56505,56550,56510
2025-06-19 06:25:00,,56530,55990,56490,56400,56530,56000,56490,56410,56530,55995,56490,56405
2025-06-19 06:30:00,110500,56400,56400,56400,56400,56460,56460,56460,56460,56430,56430,56430,56430
2025-06-20 00:00:00,34000,56590,56420,56510,56430,56640,56440,56510,56470,56615,56435,56510,56450
2025-06-20 00:05:00,7800,56590,56410,56430,56560,56620,56440,56470,56600,56605,56425,56450,56580
2025-06-20 00:10:00,6000,56580,56520,56560,56530,56610,56540,56610,56560,56590,56530,56585,56545
2025-06-20 00:15:00,4100,56560,56480,56530,56540,56590,56510,56560,56570,56575,56495,56545,56555
2025-06-20 00:20:00,4400,56540,56410,56540,56470,56580,56430,56570,56510,56560,56420,56555,56490
2025-06-20 00:25:00,3400,56570,56450,56470,56460,56590,56470,56510,56490,56580,56460,56490,56475
2025-06-20 00:30:00,7100,56480,56360,56460,56380,56500,56380,56490,56400,56485,56370,56475,56390
2025-06-20 00:35:00,5600,56440,56300,56380,56400,56470,56340,56400,56420,56455,56320,56390,56410
2025-06-20 00:40:00,2500,56490,56400,56400,56490,56500,56410,56420,56500,56495,56405,56410,56495
2025-06-20 00:45:00,6200,56600,56490,56490,56520,56620,56510,56510,56550,56610,56500,56500,56535
2025-06-20 00:50:00,6700,56690,56490,56520,56670,56700,56520,56550,56700,56695,56505,56535,56685
2025-06-20 00:55:00,14900,56750,56600,56670,56640,56770,56630,56700,56670,56755,56615,56685,56655
2025-06-20 01:00:00,4700,56680,56620,56640,56630,56700,56640,56670,56650,56685,56630,56655,56640
2025-06-20 01:05:00,8200,56640,56420,56630,56460,56660,56450,56650,56480,56650,56435,56640,56470
2025-06-20 01:10:00,4200,56460,56390,56460,56440,56480,56410,56480,56460,56470,56400,56470,56450
2025-06-20 01:15:00,3400,56500,56420,56440,56470,56530,56440,56460,56500,56515,56430,56450,56485
2025-06-20 01:20:00,3800,56470,56390,56470,56400,56510,56410,56500,56430,56490,56400,56485,56415
2025-06-20 01:25:00,2100,56460,56400,56400,56430,56480,56420,56430,56450,56465,56410,56415,56440
2025-06-20 01:30:00,6300,56430,56350,56430,56380,56450,56370,56450,56420,56440,56360,56440,56400
2025-06-20 01:35:00,1800,56440,56350,56380,56430,56470,56360,56420,56460,56455,56355,56400,56445
2025-06-20 01:40:00,2400,56510,56430,56430,56500,56530,56450,56450,56520,56520,56440,56440,56510
2025-06-20 01:45:00,3500,56540,56480,56500,56490,56570,56510,56520,56520,56555,56495,56510,56505
2025-06-20 01:50:00,3300,56520,56450,56490,56460,56550,56490,56520,56490,56535,56470,56505,56475
2025-06-20 01:55:00,2600,56480,56400,56460,56400,56500,56420,56490,56430,56490,56410,56475,56415
2025-06-20 02:00:00,2900,56420,56360,56400,56400,56450,56390,56430,56420,56435,56375,56415,56410
2025-06-20 02:05:00,1300,56450,56400,56400,56400,56470,56420,56420,56430,56460,56410,56410,56415
2025-06-20 02:10:00,1200,56420,56380,56400,56390,56450,56390,56430,56400,56435,56385,56415,56395
2025-06-20 02:15:00,1300,56400,56360,56390,56390,56430,56380,56400,56420,56415,56370,56395,56405
2025-06-20 02:20:00,900,56460,56390,56390,56450,56480,56410,56420,56470,56465,56405,56405,56460
2025-06-20 02:25:00,3500,56490,56420,56450,56440,56510,56450,56470,56460,56500,56435,56460,56450
2025-06-20 02:30:00,200,56430,56430,56430,56430,56460,56460,56460,56460,56445,56445,56445,56445
2025-06-20 03:30:00,10500,56500,56380,56460,56470,56520,56400,56460,56490,56510,56390,56460,56480
2025-06-20 03:35:00,1300,56470,56410,56470,56420,56500,56440,56490,56440,56485,56425,56480,56430
2025-06-20 03:40:00,1300,56440,56400,56420,56400,56470,56420,56440,56430,56455,56410,56430,56415
2025-06-20 03:45:00,4700,56510,56400,56400,56480,56550,56420,56430,56520,56530,56410,56415,56500
2025-06-20 03:50:00,1400,56510,56460,56490,56470,56540,56480,56520,56490,56525,56470,56505,56480
2025-06-20 03:55:00,1800,56480,56410,56470,56430,56500,56440,56490,56450,56490,56430,56480,56440
2025-06-20 04:00:00,2600,56490,56410,56430,56450,56510,56440,56450,56480,56500,56425,56440,56465
2025-06-20 04:05:00,1500,56460,56390,56450,56400,56490,56410,56480,56420,56475,56400,56465,56410
2025-06-20 04:10:00,4700,56400,56320,56400,56340,56420,56340,56420,56370,56410,56330,56410,56355
2025-06-20 04:15:00,1100,56370,56340,56350,56350,56390,56350,56370,56370,56380,56345,56360,56360
2025-06-20 04:20:00,800,56370,56340,56360,56340,56380,56350,56370,56360,56375,56345,56365,56350
2025-06-20 04:25:00,5900,56340,56290,56340,56310,56360,56310,56360,56330,56350,56300,56350,56320
2025-06-20 04:30:00,700,56330,56290,56310,56300,56340,56320,56330,56330,56335,56310,56320,56315
2025-06-20 04:35:00,4200,56310,56250,56300,56300,56330,56260,56330,56320,56320,56255,56315,56310
2025-06-20 04:40:00,3700,56310,56220,56300,56230,56340,56250,56320,56250,56325,56235,56310,56240
2025-06-20 04:45:00,1600,56240,56220,56230,56220,56270,56240,56250,56240,56255,56230,56240,56230
2025-06-20 04:50:00,3300,56280,56220,56220,56260,56290,56240,56240,56280,56285,56230,56230,56270
2025-06-20 04:55:00,1300,56270,56260,56260,56270,56290,56270,56280,56280,56280,56265,56270,56275
2025-06-20 05:00:00,4800,56330,56250,56270,56280,56350,56260,56280,56300,56340,56255,56275,56290
2025-06-20 05:05:00,800,56280,56260,56280,56270,56300,56280,56300,56300,56290,56270,56290,56285
2025-06-20 05:10:00,2100,56280,56230,56270,56250,56300,56250,56300,56270,56290,56240,56285,56260
2025-06-20 05:15:00,1700,56290,56250,56250,56280,56310,56260,56270,56290,56300,56255,56260,56285
2025-06-20 05:20:00,3400,56340,56280,56280,56310,56360,56290,56290,56320,56350,56285,56285,56315
2025-06-20 05:25:00,600,56310,56300,56310,56310,56330,56320,56320,56330,56320,56310,56315,56320
2025-06-20 05:30:00,5200,56350,56250,56310,56270,56370,56270,56330,56280,56355,56260,56320,56275
2025-06-20 05:35:00,900,56290,56260,56270,56270,56310,56270,56280,56290,56295,56265,56275,56280
2025-06-20 05:40:00,2300,56290,56260,56270,56280,56310,56270,56290,56300,56295,56265,56280,56290
2025-06-20 05:45:00,10400,56280,56160,56280,56210,56300,56190,56300,56240,56290,56175,56290,56225
2025-06-20 05:50:00,3300,56220,56130,56210,56150,56240,56160,56240,56180,56230,56145,56225,56165
2025-06-20 05:55:00,4000,56190,56130,56150,56140,56220,56140,56180,56160,56205,56135,56165,56150
2025-06-20 06:00:00,5900,56230,56110,56140,56210,56250,56130,56160,56220,56240,56120,56150,56215
2025-06-20 06:05:00,6100,56250,56160,56210,56250,56270,56180,56220,56270,56260,56170,56215,56260
2025-06-20 06:10:00,4600,56270,56190,56250,56200,56290,56210,56270,56220,56280,56200,56260,56210
2025-06-20 06:15:00,4600,56260,56180,56200,56180,56290,56200,56220,56200,56275,56190,56210,56190
2025-06-20 06:20:00,8400,56190,56130,56180,56140,56210,56140,56200,56200,56200,56135,56190,56170
2025-06-20 06:25:00,,57070,50760,50760,56170,57070,50770,50770,56180,57070,50765,50765,56175
2025-06-20 06:30:00,479900,56150,56150,56150,56150,56200,56200,56200,56200,56175,56175,56175,56175
2025-06-23 00:00:00,62900,55480,54930,55480,55090,55690,54980,55480,55130,55565,54955,55480,55110
2025-06-23 00:05:00,6800,55330,55090,55090,55240,55390,55130,55130,55280,55360,55110,55110,55260
2025-06-23 00:10:00,11600,55280,55050,55240,55110,55310,55100,55280,55150,55285,55075,55260,55130
2025-06-23 00:15:00,11900,55110,54930,55110,55060,55130,54940,55130,55090,55120,54935,55120,55075
2025-06-23 00:20:00,3600,55070,54980,55060,54990,55100,55010,55090,55010,55085,54995,55075,55000
2025-06-23 00:25:00,7000,55030,54920,54990,54920,55060,54940,55010,54950,55045,54930,55000,54935
2025-06-23 00:30:00,17100,54960,54730,54920,54760,54980,54750,54950,54790,54970,54740,54935,54775
2025-06-23 00:35:00,7000,54800,54720,54760,54790,54830,54740,54790,54820,54815,54730,54775,54805
2025-06-23 00:40:00,5600,54850,54770,54790,54810,54890,54790,54820,54850,54870,54780,54805,54830
2025-06-23 00:45:00,2500,54870,54810,54810,54810,54890,54830,54830,54830,54880,54820,54820,54820
2025-06-23 00:50:00,5300,54930,54780,54810,54930,54950,54800,54830,54950,54940,54790,54820,54940
2025-06-23 00:55:00,6500,54980,54900,54930,54950,54990,54930,54950,54980,54985,54915,54940,54965
2025-06-23 01:00:00,4400,55010,54940,54950,54960,55030,54960,54980,54980,55020,54950,54965,54970
2025-06-23 01:05:00,4300,55050,54960,54960,55050,55080,54980,54980,55080,55065,54970,54970,55065
2025-06-23 01:10:00,4800,55150,55010,55050,55040,55180,55020,55080,55060,55165,55015,55065,55050
2025-06-23 01:15:00,3700,55070,54970,55040,54970,55100,55000,55060,55000,55085,54985,55050,54985
2025-06-23 01:20:00,2700,55030,54970,54980,55030,55060,55000,55000,55060,55045,54985,54990,55045
2025-06-23 01:25:00,2800,55090,55030,55030,55030,55110,55040,55060,55060,55100,55035,55045,55045
2025-06-23 01:30:00,1800,55060,55010,55030,55020,55090,55040,55060,55050,55070,55030,55045,55035
2025-06-23 01:35:00,2900,55040,54970,55020,54970,55070,54980,55050,55000,55055,54975,55035,54985
2025-06-23 01:40:00,3100,54970,54920,54970,54940,55000,54950,55000,54960,54985,54935,54985,54950
2025-06-23 01:45:00,3300,54960,54930,54940,54960,54980,54950,54960,54980,54970,54940,54950,54970
2025-06-23 01:50:00,2700,55030,54960,54960,55030,55070,54980,54980,55050,55050,54970,54970,55040
2025-06-23 01:55:00,3200,55090,55030,55030,55060,55110,55050,55050,55090,55100,55040,55040,55075
2025-06-23 02:00:00,5900,55130,55000,55060,55050,55150,55040,55090,55070,55135,55020,55075,55060
2025-06-23 02:05:00,1900,55050,55000,55050,55010,55070,55020,55070,55020,55060,55010,55060,55015
2025-06-23 02:10:00,4400,55100,55000,55010,55090,55140,55010,55020,55120,55120,55005,55015,55105
2025-06-23 02:15:00,2500,55120,55090,55090,55090,55150,55100,55120,55120,55135,55095,55105,55105
2025-06-23 02:20:00,2600,55100,55060,55100,55070,55120,55070,55120,55100,55110,55065,55110,55085
2025-06-23 02:25:00,2900,55090,55030,55070,55070,55110,55060,55100,55100,55100,55045,55085,55085
2025-06-23 02:30:00,6800,55070,55070,55070,55070,55100,55100,55100,55100,55085,55085,55085,55085
2025-06-23 03:30:00,17400,55180,55100,55150,55160,55200,55120,55160,55180,55185,55110,55155,55170
2025-06-23 03:35:00,5900,55210,55150,55160,55160,55230,55170,55180,55180,55220,55160,55170,55170
2025-06-23 03:40:00,3400,55200,55160,55160,55170,55220,55170,55170,55190,55210,55165,55165,55180
2025-06-23 03:45:00,3200,55200,55170,55170,55180,55220,55190,55190,55200,55210,55180,55180,55190
2025-06-23 03:50:00,2900,55200,55170,55180,55170,55210,55180,55200,55180,55205,55175,55190,55175
2025-06-23 03:55:00,4400,55230,55160,55170,55220,55250,55170,55180,55250,55240,55165,55175,55235
2025-06-23 04:00:00,6100,55330,55210,55220,55300,55340,55240,55250,55320,55335,55225,55235,55310
2025-06-23 04:05:00,3400,55400,55270,55290,55370,55410,55290,55320,55400,55405,55280,55305,55385
2025-06-23 04:10:00,3700,55380,55320,55370,55330,55400,55330,55400,55350,55390,55325,55385,55340
2025-06-23 04:15:00,2500,55400,55330,55330,55390,55420,55340,55350,55420,55410,55335,55340,55405
2025-06-23 04:20:00,4400,55490,55390,55390,55460,55500,55410,55420,55490,55495,55400,55405,55475
2025-06-23 04:25:00,2900,55510,55470,55470,55490,55520,55490,55490,55520,55515,55480,55480,55505
2025-06-23 04:30:00,4400,55520,55470,55490,55500,55540,55500,55520,55510,55530,55485,55505,55505
2025-06-23 04:35:00,3500,55500,55450,55500,55490,55520,55470,55520,55510,55510,55465,55510,55500
2025-06-23 04:40:00,2600,55530,55490,55490,55530,55550,55510,55510,55550,55540,55500,55500,55540
2025-06-23 04:45:00,4000,55560,55520,55530,55530,55580,55540,55560,55540,55570,55535,55545,55535
2025-06-23 04:50:00,2900,55530,55490,55530,55530,55560,55500,55540,55550,55545,55495,55535,55540
2025-06-23 04:55:00,2900,55610,55520,55530,55590,55630,55550,55550,55620,55620,55535,55540,55605
2025-06-23 05:00:00,2200,55600,55520,55590,55530,55620,55540,55620,55550,55610,55530,55605,55540
2025-06-23 05:05:00,2400,55580,55530,55530,55580,55610,55540,55550,55600,55595,55535,55540,55590
2025-06-23 05:10:00,1900,55630,55580,55580,55630,55660,55600,55600,55650,55645,55590,55590,55640
2025-06-23 05:15:00,2100,55670,55620,55630,55640,55690,55630,55650,55660,55675,55625,55640,55650
2025-06-23 05:20:00,2200,55690,55640,55640,55680,55720,55650,55660,55710,55705,55645,55650,55695
2025-06-23 05:25:00,2800,55690,55650,55680,55680,55710,55670,55710,55690,55700,55660,55695,55685
2025-06-23 05:30:00,4200,55750,55640,55680,55710,55760,55650,55690,55730,55755,55645,55685,55720
2025-06-23 05:35:00,2400,55730,55670,55710,55670,55750,55680,55730,55690,55740,55675,55720,55680
2025-06-23 05:40:00,3200,55700,55640,55670,55680,55720,55650,55690,55690,55705,55645,55680,55685
2025-06-23 05:45:00,2000,55680,55660,55680,55670,55700,55670,55690,55680,55690,55665,55685,55675
2025-06-23 05:50:00,3500,55670,55640,55670,55670,55690,55650,55680,55690,55680,55645,55675,55680
2025-06-23 05:55:00,2900,55710,55650,55670,55700,55730,55670,55690,55720,55720,55660,55680,55710
2025-06-23 06:00:00,3100,55720,55680,55700,55690,55730,55700,55720,55710,55725,55690,55710,55700
2025-06-23 06:05:00,3000,55720,55670,55690,55670,55730,55690,55710,55690,55725,55680,55700,55680
2025-06-23 06:10:00,3900,55750,55670,55670,55750,55770,55690,55690,55770,55760,55680,55680,55760
2025-06-23 06:15:00,5600,55760,55730,55750,55730,55780,55740,55770,55740,55770,55735,55760,55735
2025-06-23 06:20:00,10100,55750,55700,55730,55720,55780,55730,55740,55770,55760,55715,55735,55745
2025-06-23 06:25:00,,56000,54700,55010,55860,56010,54710,55010,55870,56005,54705,55010,55865
2025-06-23 06:30:00,113000,55750,55750,55750,55750,55870,55870,55870,55870,55810,55810,55810,55810
2025-06-24 00:00:00,63600,56960,56510,56590,56640,56990,56570,56590,56680,56975,56540,56590,56660
2025-06-24 00:05:00,10600,56830,56640,56640,56820,56880,56680,56680,56860,56855,56660,56660,56840
2025-06-24 00:10:00,9200,56890,56700,56810,56710,56910,56710,56860,56750,56900,56705,56835,56730
2025-06-24 00:15:00,9000,56740,56540,56710,56550,56770,56550,56750,56590,56755,56545,56730,56570
2025-06-24 00:20:00,6300,56600,56500,56560,56540,56620,56520,56590,56570,56610,56510,56575,56555
2025-06-24 00:25:00,8000,56570,56450,56540,56520,56590,56470,56570,56540,56580,56460,56555,56530
2025-06-24 00:30:00,6300,56580,56410,56520,56410,56600,56440,56540,56440,56590,56425,56530,56425
2025-06-24 00:35:00,3200,56460,56400,56410,56440,56490,56420,56440,56470,56475,56410,56425,56455
2025-06-24 00:40:00,4800,56470,56360,56440,56360,56480,56380,56470,56390,56475,56370,56455,56375
2025-06-24 00:45:00,5900,56370,56180,56360,56180,56390,56210,56390,56220,56375,56195,56375,56200
2025-06-24 00:50:00,4400,56270,56170,56190,56250,56310,56200,56220,56280,56290,56185,56205,56265
2025-06-24 00:55:00,3400,56270,56180,56250,56230,56300,56190,56280,56260,56285,56185,56265,56245
2025-06-24 01:00:00,5700,56260,56100,56230,56190,56300,56140,56260,56230,56280,56120,56245,56210
2025-06-24 01:05:00,2800,56360,56190,56190,56360,56390,56230,56230,56390,56375,56210,56210,56375
2025-06-24 01:10:00,1800,56380,56350,56360,56370,56400,56380,56390,56400,56390,56365,56375,56385
2025-06-24 01:15:00,2000,56380,56350,56370,56360,56400,56370,56400,56380,56390,56360,56385,56370
2025-06-24 01:20:00,3300,56460,56340,56360,56420,56470,56350,56380,56450,56465,56345,56370,56435
2025-06-24 01:25:00,3500,56450,56380,56420,56400,56470,56400,56450,56420,56460,56390,56435,56410
2025-06-24 01:30:00,1500,56400,56350,56400,56350,56430,56360,56420,56370,56415,56355,56410,56360
2025-06-24 01:35:00,3000,56370,56320,56350,56330,56390,56350,56370,56350,56380,56335,56360,56340
2025-06-24 01:40:00,1500,56370,56330,56330,56330,56390,56340,56350,56350,56380,56335,56340,56340
2025-06-24 01:45:00,6000,56370,56220,56330,56260,56400,56240,56350,56280,56385,56230,56340,56270
2025-06-24 01:50:00,2100,56280,56240,56260,56260,56310,56260,56280,56270,56290,56250,56270,56265
2025-06-24 01:55:00,1100,56330,56250,56250,56330,56350,56270,56270,56350,56340,56260,56260,56340
2025-06-24 02:00:00,3400,56340,56170,56330,56170,56350,56190,56350,56200,56345,56180,56340,56185
2025-06-24 02:05:00,9500,56180,55960,56170,55970,56200,55980,56200,56000,56190,55970,56185,55985
2025-06-24 02:10:00,4800,55970,55900,55970,55920,56000,55910,56000,55950,55985,55905,55985,55935
2025-06-24 02:15:00,5400,55920,55820,55920,55870,55950,55850,55940,55900,55935,55835,55930,55885
2025-06-24 02:20:00,2400,55930,55850,55870,55920,55950,55880,55900,55950,55935,55865,55885,55935
2025-06-24 02:25:00,2900,55970,55920,55920,55960,56000,55930,55950,55990,55985,55925,55935,55975
2025-06-24 02:30:00,4200,55960,55960,55960,55960,56020,56020,56020,56020,55990,55990,55990,55990
2025-06-24 03:30:00,17200,56000,55800,56000,55830,56020,55820,56010,55870,56005,55810,56005,55850
2025-06-24 03:35:00,2000,55880,55830,55840,55860,55890,55850,55870,55890,55885,55840,55855,55875
2025-06-24 03:40:00,4000,55930,55860,55860,55890,55950,55880,55890,55910,55940,55875,55875,55900
2025-06-24 03:45:00,2800,55950,55890,55890,55910,55970,55910,55910,55930,55960,55900,55900,55920
2025-06-24 03:50:00,1800,55920,55880,55910,55910,55930,55900,55930,55930,55925,55890,55920,55920
2025-06-24 03:55:00,5100,55920,55830,55910,55850,55930,55860,55930,55870,55925,55845,55920,55860
2025-06-24 04:00:00,1600,55890,55850,55850,55880,55910,55870,55870,55890,55895,55860,55860,55885
2025-06-24 04:05:00,1200,55910,55880,55880,55910,55930,55890,55890,55930,55920,55885,55885,55920
2025-06-24 04:10:00,4900,55910,55790,55910,55790,55930,55810,55930,55810,55920,55800,55920,55800
2025-06-24 04:15:00,6900,55790,55660,55790,55720,55810,55680,55810,55740,55800,55670,55800,55730
2025-06-24 04:20:00,3600,55740,55700,55720,55700,55770,55710,55740,55730,55755,55705,55730,55715
2025-06-24 04:25:00,1800,55740,55700,55700,55720,55750,55710,55730,55740,55745,55705,55715,55730
2025-06-24 04:30:00,3000,55740,55710,55720,55720,55750,55720,55740,55740,55745,55715,55730,55730
2025-06-24 04:35:00,3300,55770,55720,55720,55760,55780,55740,55740,55780,55775,55730,55730,55770
2025-06-24 04:40:00,2000,55790,55760,55760,55790,55810,55770,55780,55810,55800,55765,55770,55800
2025-06-24 04:45:00,2000,55810,55770,55790,55780,55820,55780,55810,55800,55815,55775,55800,55790
2025-06-24 04:50:00,2700,55850,55780,55780,55850,55860,55790,55800,55860,55855,55785,55790,55855
2025-06-24 04:55:00,3200,55870,55820,55850,55840,55880,55840,55860,55870,55875,55830,55855,55855
2025-06-24 05:00:00,4500,55920,55840,55840,55890,55930,55870,55870,55910,55925,55855,55855,55900
2025-06-24 05:05:00,2400,55910,55880,55890,55880,55930,55890,55910,55900,55920,55885,55900,55890
2025-06-24 05:10:00,2700,55890,55870,55880,55880,55900,55880,55900,55890,55895,55875,55890,55885
2025-06-24 05:15:00,2700,55910,55880,55880,55900,55920,55890,55890,55910,55915,55885,55885,55905
2025-06-24 05:20:00,6200,55910,55880,55900,55880,55930,55890,55910,55900,55915,55885,55905,55890
2025-06-24 05:25:00,2400,55910,55880,55880,55910,55930,55900,55900,55930,55920,55890,55890,55920
2025-06-24 05:30:00,3900,55940,55900,55910,55940,55950,55910,55930,55950,55945,55905,55920,55945
2025-06-24 05:35:00,3900,55970,55940,55940,55960,55980,55950,55950,55970,55975,55945,55945,55965
2025-06-24 05:40:00,5200,56020,55950,55960,55960,56030,55960,55970,55980,56025,55955,55965,55970
2025-06-24 05:45:00,2500,55980,55930,55960,55930,55990,55940,55980,55950,55985,55935,55970,55940
2025-06-24 05:50:00,4000,55950,55920,55930,55950,55960,55930,55950,55960,55955,55925,55940,55955
2025-06-24 05:55:00,4000,55980,55940,55950,55950,56020,55960,55960,55960,56000,55950,55955,55955
2025-06-24 06:00:00,3800,55950,55900,55950,55900,55960,55920,55960,55930,55955,55915,55955,55915
2025-06-24 06:05:00,4700,55950,55890,55900,55940,55960,55910,55930,55960,55955,55900,55915,55950
2025-06-24 06:10:00,4100,55980,55900,55940,55970,55990,55920,55960,55980,55985,55910,55950,55975
2025-06-24 06:15:00,4100,55970,55920,55970,55930,55990,55940,55980,55950,55980,55930,55975,55940
2025-06-24 06:20:00,7900,55930,55880,55930,55900,55960,55900,55950,55920,55945,55890,55940,55910
2025-06-24 06:25:00,,56410,55680,56020,56060,56420,55690,56030,56070,56415,55685,56025,56065
2025-06-24 06:30:00,111800,56000,56000,56000,56000,56080,56080,56080,56080,56040,56040,56040,56040
2025-06-25 00:00:00,74400,56370,55510,56370,55530,56380,55550,56380,55550,56375,55530,56375,55540
2025-06-25 00:05:00,12000,55630,55510,55530,55560,55660,55530,55550,55590,55645,55520,55540,55575
2025-06-25 00:10:00,15000,55600,55380,55560,55420,55630,55400,55590,55450,55610,55390,55575,55435
2025-06-25 00:15:00,12200,55580,55390,55420,55530,55600,55410,55450,55560,55590,55400,55435,55545
2025-06-25 00:20:00,4800,55540,55420,55530,55420,55560,55430,55560,55440,55550,55425,55545,55430
2025-06-25 00:25:00,7200,55540,55390,55420,55470,55570,55410,55440,55490,55555,55400,55430,55480
2025-06-25 00:30:00,6100,55480,55390,55470,55410,55510,55410,55490,55440,55495,55400,55480,55425
2025-06-25 00:35:00,6800,55430,55360,55410,55370,55460,55380,55440,55390,55445,55370,55425,55380
2025-06-25 00:40:00,4900,55480,55370,55370,55440,55490,55390,55390,55470,55485,55380,55380,55455
2025-06-25 00:45:00,15100,55460,55210,55440,55340,55480,55240,55470,55370,55465,55225,55455,55355
2025-06-25 00:50:00,4400,55390,55330,55340,55380,55410,55350,55370,55400,55400,55345,55355,55390
2025-06-25 00:55:00,4700,55420,55340,55380,55340,55450,55360,55400,55370,55435,55350,55390,55355
2025-06-25 01:00:00,4600,55360,55290,55340,55350,55390,55300,55370,55380,55375,55295,55355,55365
2025-06-25 01:05:00,7500,55390,55340,55350,55360,55410,55370,55380,55370,55400,55355,55365,55365
2025-06-25 01:10:00,2900,55390,55350,55350,55350,55400,55360,55370,55370,55395,55355,55360,55360
2025-06-25 01:15:00,2500,55380,55320,55350,55330,55390,55340,55370,55340,55385,55330,55360,55335
2025-06-25 01:20:00,12500,55450,55320,55330,55440,55470,55340,55340,55450,55460,55330,55335,55445
2025-06-25 01:25:00,8300,55460,55340,55440,55370,55480,55360,55450,55390,55470,55350,55445,55380
2025-06-25 01:30:00,1800,55380,55350,55370,55360,55400,55370,55390,55380,55390,55365,55380,55370
2025-06-25 01:35:00,4900,55450,55360,55360,55370,55460,55380,55380,55390,55455,55370,55370,55380
2025-06-25 01:40:00,2400,55380,55340,55370,55350,55400,55360,55390,55370,55390,55350,55380,55360
2025-06-25 01:45:00,2600,55400,55350,55350,55360,55430,55360,55370,55380,55415,55355,55360,55370
2025-06-25 01:50:00,3900,55410,55340,55360,55350,55430,55360,55380,55360,55415,55350,55370,55355
2025-06-25 01:55:00,5200,55380,55340,55350,55370,55400,55350,55360,55390,55390,55345,55355,55380
2025-06-25 02:00:00,1400,55390,55340,55370,55340,55400,55360,55400,55360,55395,55350,55385,55350
2025-06-25 02:05:00,5300,55350,55300,55340,55320,55380,55310,55360,55340,55365,55305,55350,55330
2025-06-25 02:10:00,2600,55360,55320,55320,55330,55380,55340,55340,55350,55370,55330,55330,55340
2025-06-25 02:15:00,4800,55350,55310,55330,55310,55370,55330,55350,55340,55360,55320,55340,55325
2025-06-25 02:20:00,14200,55320,55070,55310,55120,55350,55100,55340,55140,55335,55085,55325,55130
2025-06-25 02:25:00,3600,55180,55110,55120,55160,55200,55140,55140,55200,55190,55125,55130,55180
2025-06-25 02:30:00,700,55160,55160,55160,55160,55210,55210,55210,55210,55185,55185,55185,55185
2025-06-25 03:30:00,22500,55310,55200,55220,55270,55330,55220,55220,55300,55320,55220,55220,55285
2025-06-25 03:35:00,4400,55300,55260,55270,55280,55320,55270,55300,55290,55310,55265,55285,55285
2025-06-25 03:40:00,8400,55290,55190,55280,55260,55320,55200,55290,55290,55305,55195,55285,55275
2025-06-25 03:45:00,3900,55300,55260,55260,55300,55320,55280,55290,55320,55310,55275,55275,55310
2025-06-25 03:50:00,2600,55330,55290,55300,55320,55340,55300,55320,55340,55335,55295,55310,55330
2025-06-25 03:55:00,3900,55350,55310,55320,55330,55360,55330,55340,55350,55355,55320,55330,55340
2025-06-25 04:00:00,5800,55400,55320,55330,55370,55410,55330,55350,55390,55405,55325,55340,55380
2025-06-25 04:05:00,2100,55380,55350,55370,55380,55390,55370,55390,55390,55385,55360,55380,55385
2025-06-25 04:10:00,26600,55560,55380,55380,55530,55580,55390,55390,55550,55570,55385,55385,55540
2025-06-25 04:15:00,4300,55540,55470,55530,55520,55560,55490,55550,55540,55550,55480,55540,55530
2025-06-25 04:20:00,5200,55520,55460,55520,55520,55540,55470,55540,55540,55530,55465,55530,55530
2025-06-25 04:25:00,4600,55530,55500,55520,55510,55550,55510,55540,55540,55540,55505,55530,55525
2025-06-25 04:30:00,2900,55510,55500,55510,55510,55540,55510,55540,55530,55525,55505,55525,55520
2025-06-25 04:35:00,6000,55510,55440,55510,55460,55530,55450,55530,55480,55520,55445,55520,55470
2025-06-25 04:40:00,5000,55480,55390,55460,55420,55490,55400,55480,55440,55485,55395,55470,55430
2025-06-25 04:45:00,2100,55450,55420,55420,55420,55460,55430,55440,55430,55455,55425,55430,55425
2025-06-25 04:50:00,4800,55440,55410,55420,55420,55450,55420,55430,55440,55445,55415,55425,55430
2025-06-25 04:55:00,2900,55440,55410,55420,55410,55450,55420,55440,55420,55445,55415,55430,55415
2025-06-25 05:00:00,5100,55430,55380,55410,55430,55450,55390,55420,55440,55440,55385,55415,55435
2025-06-25 05:05:00,3100,55440,55410,55430,55410,55450,55430,55440,55430,55445,55420,55435,55420
2025-06-25 05:10:00,7400,55460,55410,55410,55420,55480,55420,55430,55430,55470,55415,55420,55425
2025-06-25 05:15:00,4300,55450,55410,55420,55430,55470,55420,55430,55440,55460,55415,55425,55435
2025-06-25 05:20:00,4400,55450,55420,55430,55430,55460,55430,55440,55440,55455,55425,55435,55435
2025-06-25 05:25:00,8900,55430,55370,55430,55370,55440,55380,55440,55390,55435,55375,55435,55380
2025-06-25 05:30:00,5000,55400,55360,55370,55400,55420,55370,55390,55420,55410,55365,55380,55410
2025-06-25 05:35:00,7100,55400,55320,55400,55320,55420,55330,55420,55330,55410,55325,55410,55325
2025-06-25 05:40:00,6600,55360,55320,55320,55340,55390,55330,55330,55350,55375,55325,55325,55345
2025-06-25 05:45:00,4400,55350,55320,55340,55340,55360,55340,55350,55350,55355,55330,55345,55345
2025-06-25 05:50:00,11600,55340,55260,55340,55270,55350,55270,55350,55290,55345,55265,55345,55280
2025-06-25 05:55:00,4000,55300,55270,55270,55290,55320,55280,55290,55310,55310,55275,55280,55300
2025-06-25 06:00:00,6900,55340,55280,55290,55320,55350,55290,55310,55330,55345,55285,55300,55325
2025-06-25 06:05:00,5500,55380,55320,55320,55370,55390,55330,55330,55380,55385,55325,55325,55375
2025-06-25 06:10:00,4600,55380,55350,55370,55350,55390,55360,55380,55360,55385,55355,55375,55355
2025-06-25 06:15:00,6400,55350,55300,55350,55310,55360,55310,55360,55330,55355,55305,55355,55320
2025-06-25 06:20:00,10300,55340,55280,55310,55280,55350,55290,55330,55300,55345,55285,55320,55290
2025-06-25 06:25:00,,55380,54700,55100,55380,55390,54710,55110,55390,55385,54705,55105,55385
2025-06-25 06:30:00,146200,55300,55300,55300,55300,55390,55390,55390,55390,55345,55345,55345,55345
2025-06-26 00:00:00,64300,55520,55100,55230,55510,55550,55130,55230,55530,55535,55120,55230,55520
2025-06-26 00:05:00,21100,55730,55490,55510,55670,55750,55530,55530,55690,55740,55510,55520,55680
2025-06-26 00:10:00,15300,55750,55460,55670,55550,55770,55500,55690,55580,55760,55480,55680,55565
2025-06-26 00:15:00,13600,55700,55530,55550,55650,55730,55550,55580,55680,55715,55545,55565,55665
2025-06-26 00:20:00,8300,55720,55630,55650,55650,55750,55650,55680,55680,55735,55645,55665,55665
2025-06-26 00:25:00,9000,55690,55550,55650,55560,55720,55560,55680,55600,55705,55555,55665,55580
2025-06-26 00:30:00,8000,55720,55560,55560,55680,55740,55580,55600,55730,55725,55570,55580,55705
2025-06-26 00:35:00,17100,55970,55680,55680,55870,55990,55730,55730,55900,55980,55705,55705,55885
2025-06-26 00:40:00,7500,55980,55860,55870,55930,56000,55890,55900,55960,55990,55875,55885,55945
2025-06-26 00:45:00,10200,55990,55840,55930,55990,56020,55850,55960,56010,56005,55845,55945,56000
2025-06-26 00:50:00,7200,56040,55870,55990,55910,56070,55880,56010,55930,56050,55875,56000,55920
2025-06-26 00:55:00,4700,55990,55910,55910,55980,56010,55920,55930,56000,56000,55915,55920,55990
2025-06-26 01:00:00,7600,55990,55880,55980,55970,56020,55900,56000,55990,56005,55890,55990,55980
2025-06-26 01:05:00,4400,55990,55940,55970,55990,56020,55960,55990,56010,56005,55950,55980,56000
2025-06-26 01:10:00,18700,56310,55990,55990,56310,56340,56010,56010,56340,56325,56000,56000,56325
2025-06-26 01:15:00,6700,56390,56300,56310,56350,56400,56330,56350,56380,56395,56315,56330,56365
2025-06-26 01:20:00,8700,56460,56340,56350,56450,56480,56360,56380,56470,56470,56350,56365,56460
2025-06-26 01:25:00,11300,56540,56380,56450,56490,56550,56420,56470,56520,56545,56400,56460,56505
2025-06-26 01:30:00,11800,56550,56390,56490,56540,56590,56400,56520,56580,56570,56395,56505,56560
2025-06-26 01:35:00,11700,56700,56520,56540,56660,56740,56550,56580,56690,56720,56535,56560,56675
2025-06-26 01:40:00,21800,56880,56660,56660,56820,56890,56680,56680,56860,56885,56670,56670,56840
2025-06-26 01:45:00,20800,56980,56780,56820,56840,57010,56800,56870,56870,56995,56790,56845,56855
2025-06-26 01:50:00,5500,56850,56770,56840,56770,56870,56800,56870,56810,56860,56785,56855,56790
2025-06-26 01:55:00,7700,56790,56640,56770,56660,56820,56650,56800,56680,56805,56645,56785,56670
2025-06-26 02:00:00,9400,56690,56560,56660,56580,56710,56580,56680,56600,56700,56570,56670,56590
2025-06-26 02:05:00,3600,56590,56570,56580,56570,56610,56580,56600,56590,56600,56575,56590,56580
2025-06-26 02:10:00,5800,56660,56570,56570,56600,56680,56580,56590,56620,56670,56575,56580,56610
2025-06-26 02:15:00,4300,56670,56600,56600,56610,56680,56620,56620,56630,56675,56610,56610,56620
2025-06-26 02:20:00,8200,56660,56580,56610,56610,56690,56600,56630,56640,56675,56590,56620,56625
2025-06-26 02:25:00,5600,56660,56590,56610,56640,56690,56620,56640,56680,56675,56605,56625,56660
2025-06-26 02:30:00,5500,56640,56640,56640,56640,56690,56690,56690,56690,56665,56665,56665,56665
2025-06-26 03:30:00,30500,56770,56570,56710,56680,56800,56590,56710,56690,56785,56580,56710,56685
2025-06-26 03:35:00,8600,56800,56680,56680,56800,56830,56690,56690,56830,56815,56685,56685,56815
2025-06-26 03:40:00,12300,56950,56800,56800,56850,56970,56820,56830,56880,56960,56810,56815,56865
2025-06-26 03:45:00,4700,56880,56830,56850,56850,56900,56840,56880,56880,56890,56835,56865,56865
2025-06-26 03:50:00,4600,56880,56810,56860,56810,56900,56840,56880,56840,56890,56825,56870,56825
2025-06-26 03:55:00,5000,56850,56770,56810,56810,56860,56800,56840,56830,56855,56790,56825,56820
2025-06-26 04:00:00,5300,56890,56800,56810,56890,56900,56820,56830,56900,56895,56810,56820,56895
2025-06-26 04:05:00,6300,56940,56870,56890,56890,56950,56890,56900,56910,56945,56880,56895,56900
2025-06-26 04:10:00,4000,56940,56850,56890,56940,56950,56870,56910,56950,56945,56860,56900,56945
2025-06-26 04:15:00,4200,56940,56920,56940,56930,56960,56930,56950,56940,56950,56925,56945,56935
2025-06-26 04:20:00,6000,56950,56890,56930,56910,56960,56920,56940,56930,56955,56905,56935,56920
2025-06-26 04:25:00,4200,56950,56900,56910,56930,56970,56920,56930,56950,56960,56910,56920,56940
2025-06-26 04:30:00,2500,56940,56910,56930,56940,56950,56920,56950,56950,56945,56915,56940,56945
2025-06-26 04:35:00,5600,56970,56930,56940,56950,56980,56940,56950,56970,56975,56935,56945,56960
2025-06-26 04:40:00,2600,56950,56910,56950,56930,56980,56930,56970,56950,56965,56920,56960,56940
2025-06-26 04:45:00,4900,56950,56910,56930,56920,56960,56920,56950,56940,56955,56915,56940,56930
2025-06-26 04:50:00,5500,56940,56870,56920,56890,56950,56880,56940,56910,56945,56875,56930,56900
2025-06-26 04:55:00,3900,56900,56830,56890,56830,56910,56840,56910,56850,56905,56835,56900,56840
2025-06-26 05:00:00,5700,56840,56800,56830,56810,56850,56820,56850,56820,56845,56810,56840,56815
2025-06-26 05:05:00,5500,56830,56790,56810,56800,56840,56800,56820,56830,56835,56795,56815,56815
2025-06-26 05:10:00,5000,56890,56790,56810,56870,56910,56800,56830,56880,56895,56795,56820,56875
2025-06-26 05:15:00,4600,56890,56830,56870,56870,56900,56850,56880,56900,56895,56840,56875,56885
2025-06-26 05:20:00,6100,56910,56860,56870,56870,56920,56870,56900,56890,56915,56865,56885,56880
2025-06-26 05:25:00,5600,56880,56800,56880,56800,56890,56820,56890,56820,56885,56810,56885,56810
2025-06-26 05:30:00,9200,56880,56790,56800,56880,56900,56810,56820,56900,56890,56800,56810,56890
2025-06-26 05:35:00,31300,57100,56880,56880,57080,57120,56900,56900,57100,57110,56890,56890,57090
2025-06-26 05:40:00,10000,57080,56950,57080,57000,57100,56960,57100,57020,57090,56955,57090,57010
2025-06-26 05:45:00,12400,57100,57000,57000,57050,57110,57020,57020,57070,57105,57010,57010,57060
2025-06-26 05:50:00,7000,57080,57020,57050,57050,57100,57040,57070,57070,57090,57030,57060,57060
2025-06-26 05:55:00,10700,57060,56910,57050,56910,57080,56930,57070,56930,57065,56920,57060,56920
2025-06-26 06:00:00,7800,57000,56890,56910,56990,57020,56900,56930,57010,57010,56895,56920,57000
2025-06-26 06:05:00,8300,57070,56990,56990,57060,57080,57010,57010,57070,57075,57000,57000,57065
2025-06-26 06:10:00,13200,57060,56880,57060,56880,57070,56890,57070,56900,57065,56885,57065,56890
2025-06-26 06:15:00,13200,56940,56810,56890,56920,56970,56840,56900,56940,56950,56825,56895,56930
2025-06-26 06:20:00,14000,57020,56910,56920,56990,57050,56930,56940,57040,57035,56925,56930,57015
2025-06-26 06:25:00,,58740,56510,56640,57020,58750,56520,56650,57030,58745,56515,56645,57025
2025-06-26 06:30:00,238600,57000,57000,57000,57000,57040,57040,57040,57040,57020,57020,57020,57020
2025-06-27 00:00:00,162700,58600,58030,58600,58280,58610,58030,58610,58340,58605,58030,58605,58310
2025-06-27 00:05:00,41600,58520,58000,58290,58100,58550,58040,58340,58150,58535,58020,58315,58125
2025-06-27 00:10:00,19500,58400,58100,58100,58320,58430,58150,58150,58350,58415,58125,58125,58335
2025-06-27 00:15:00,32600,58560,58240,58320,58550,58580,58250,58350,58580,58570,58245,58335,58565
2025-06-27 00:20:00,24900,58650,58510,58550,58590,58660,58540,58580,58620,58655,58530,58565,58605
2025-06-27 00:25:00,13800,58620,58450,58590,58590,58630,58470,58620,58630,58625,58460,58605,58610
2025-06-27 00:30:00,9600,58600,58420,58590,58480,58630,58440,58620,58520,58615,58430,58605,58500
2025-06-27 00:35:00,15800,58680,58460,58490,58680,58700,58490,58520,58700,58690,58475,58505,58690
2025-06-27 00:40:00,12300,58680,58400,58680,58400,58700,58430,58700,58430,58690,58415,58690,58415
2025-06-27 00:45:00,9400,58400,58290,58400,58360,58430,58300,58430,58390,58415,58295,58415,58375
2025-06-27 00:50:00,7500,58440,58330,58360,58400,58470,58340,58390,58410,58455,58335,58375,58405
2025-06-27 00:55:00,5900,58480,58400,58400,58400,58500,58410,58410,58430,58490,58405,58405,58415
2025-06-27 01:00:00,9500,58530,58400,58400,58520,58560,58420,58430,58550,58545,58410,58415,58535
2025-06-27 01:05:00,4900,58570,58520,58520,58540,58590,58540,58550,58570,58580,58530,58535,58555
2025-06-27 01:10:00,5100,58570,58460,58550,58470,58590,58480,58570,58500,58580,58475,58560,58485
2025-06-27 01:15:00,8400,58550,58440,58470,58460,58570,58460,58500,58490,58560,58450,58485,58475
2025-06-27 01:20:00,6300,58510,58430,58460,58470,58530,58450,58490,58500,58520,58440,58475,58485
2025-06-27 01:25:00,3200,58500,58450,58470,58470,58530,58480,58500,58500,58515,58465,58485,58485
2025-06-27 01:30:00,5100,58530,58470,58470,58490,58550,58490,58500,58520,58540,58480,58485,58505
2025-06-27 01:35:00,5100,58520,58470,58490,58520,58550,58490,58520,58540,58535,58480,58505,58530
2025-06-27 01:40:00,6200,58580,58520,58520,58560,58600,58540,58540,58580,58590,58530,58530,58570
2025-06-27 01:45:00,5800,58560,58450,58560,58450,58590,58470,58580,58470,58575,58460,58570,58460
2025-06-27 01:50:00,4800,58490,58370,58450,58490,58530,58390,58470,58520,58510,58380,58460,58505
2025-06-27 01:55:00,4700,58520,58390,58490,58420,58530,58410,58520,58450,58525,58400,58505,58435
2025-06-27 02:00:00,6600,58580,58420,58420,58560,58590,58450,58450,58590,58585,58435,58435,58575
2025-06-27 02:05:00,2500,58560,58480,58550,58550,58590,58510,58590,58580,58570,58495,58570,58565
2025-06-27 02:10:00,6700,58590,58540,58550,58570,58610,58560,58580,58600,58600,58550,58565,58585
2025-06-27 02:15:00,7900,58680,58570,58570,58590,58690,58600,58600,58610,58685,58585,58585,58600
2025-06-27 02:20:00,1800,58610,58570,58590,58600,58620,58600,58610,58620,58615,58590,58600,58610
2025-06-27 02:25:00,6200,58660,58600,58600,58640,58670,58620,58620,58660,58665,58610,58610,58650
2025-06-27 02:30:00,6600,58640,58640,58640,58640,58690,58690,58690,58690,58665,58665,58665,58665
2025-06-27 03:30:00,42600,58830,58630,58700,58770,58840,58660,58730,58800,58835,58645,58715,58785
2025-06-27 03:35:00,15300,58930,58730,58770,58900,58950,58750,58800,58920,58935,58740,58785,58910
2025-06-27 03:40:00,16400,58900,58790,58900,58840,58920,58820,58920,58860,58910,58805,58910,58850
2025-06-27 03:45:00,7700,58840,58670,58840,58700,58860,58690,58860,58730,58850,58680,58850,58715
2025-06-27 03:50:00,6100,58710,58620,58700,58640,58750,58650,58740,58670,58730,58635,58720,58655
2025-06-27 03:55:00,5900,58700,58630,58640,58700,58720,58660,58670,58720,58710,58645,58655,58710
2025-06-27 04:00:00,3800,58750,58670,58700,58680,58770,58700,58720,58700,58760,58685,58710,58690
2025-06-27 04:05:00,3300,58730,58670,58680,58700,58750,58700,58700,58730,58740,58685,58690,58715
2025-06-27 04:10:00,3000,58730,58690,58700,58720,58750,58700,58730,58740,58735,58695,58715,58730
2025-06-27 04:15:00,3500,58730,58710,58720,58710,58750,58720,58740,58740,58740,58715,58730,58725
2025-06-27 04:20:00,3600,58710,58680,58710,58690,58740,58700,58740,58710,58725,58690,58725,58700
2025-06-27 04:25:00,3400,58700,58660,58690,58680,58710,58680,58710,58700,58705,58670,58700,58690
2025-06-27 04:30:00,5400,58770,58680,58680,58770,58780,58700,58700,58780,58775,58690,58690,58775
2025-06-27 04:35:00,7100,58810,58750,58770,58750,58820,58770,58780,58770,58815,58760,58775,58760
2025-06-27 04:40:00,6300,58760,58620,58750,58630,58790,58640,58770,58660,58775,58630,58760,58645
2025-06-27 04:45:00,4800,58710,58630,58630,58670,58740,58660,58660,58690,58725,58645,58645,58680
2025-06-27 04:50:00,4800,58670,58630,58670,58640,58690,58650,58690,58660,58680,58640,58680,58650
2025-06-27 04:55:00,3500,58670,58620,58640,58630,58690,58640,58660,58650,58680,58630,58650,58640
2025-06-27 05:00:00,4600,58690,58620,58630,58680,58710,58640,58650,58690,58700,58630,58640,58685
2025-06-27 05:05:00,5200,58690,58610,58680,58610,58710,58630,58690,58630,58700,58620,58685,58620
2025-06-27 05:10:00,3900,58650,58610,58610,58640,58670,58620,58630,58660,58660,58615,58620,58650
2025-06-27 05:15:00,2300,58650,58630,58640,58640,58670,58650,58660,58660,58660,58640,58650,58650
2025-06-27 05:20:00,5700,58640,58560,58640,58610,58660,58580,58660,58630,58650,58575,58650,58620
2025-06-27 05:25:00,7600,58670,58520,58610,58540,58690,58540,58630,58560,58680,58535,58620,58550
2025-06-27 05:30:00,6900,58540,58490,58540,58490,58560,58500,58560,58510,58550,58495,58550,58500
2025-06-27 05:35:00,8900,58510,58400,58490,58470,58530,58430,58510,58490,58515,58415,58500,58480
2025-06-27 05:40:00,4600,58480,58430,58470,58430,58500,58440,58490,58450,58490,58435,58480,58440
2025-06-27 05:45:00,6600,58430,58350,58430,58350,58450,58360,58450,58360,58440,58355,58440,58355
2025-06-27 05:50:00,6700,58370,58310,58350,58340,58380,58320,58360,58360,58375,58315,58355,58350
2025-06-27 05:55:00,8900,58350,58290,58340,58300,58360,58300,58360,58320,58355,58295,58350,58310
2025-06-27 06:00:00,7300,58400,58300,58300,58310,58410,58320,58320,58330,58405,58310,58310,58320
2025-06-27 06:05:00,7900,58340,58250,58310,58270,58350,58270,58330,58290,58345,58260,58320,58280
2025-06-27 06:10:00,7800,58320,58270,58270,58300,58340,58280,58290,58320,58330,58275,58280,58310
2025-06-27 06:15:00,11000,58360,58280,58300,58310,58380,58290,58320,58330,58370,58285,58310,58320
2025-06-27 06:20:00,16000,58350,58300,58310,58340,58380,58310,58330,58370,58365,58305,58320,58355
2025-06-27 06:25:00,,59980,58420,58490,58420,59990,58430,58500,58430,59985,58425,58495,58425
2025-06-27 06:30:00,264300,58380,58380,58380,58380,58440,58440,58440,58440,58410,58410,58410,58410
2025-06-30 00:00:00,67800,58980,58550,58980,58600,58990,58580,58990,58630,58985,58570,58985,58615
2025-06-30 00:05:00,17400,58610,58400,58600,58610,58640,58440,58630,58640,58625,58425,58615,58625
2025-06-30 00:10:00,5500,58640,58510,58610,58560,58660,58530,58640,58600,58650,58520,58625,58580
2025-06-30 00:15:00,10000,58710,58550,58560,58710,58740,58570,58600,58740,58725,58560,58580,58725
2025-06-30 00:20:00,9200,58730,58540,58710,58630,58750,58560,58740,58660,58740,58550,58725,58645
2025-06-30 00:25:00,6200,58730,58630,58630,58680,58750,58650,58650,58700,58740,58640,58640,58690
2025-06-30 00:30:00,6600,58750,58630,58680,58730,58770,58650,58700,58760,58760,58640,58690,58745
2025-06-30 00:35:00,6500,58800,58680,58730,58730,58820,58700,58760,58750,58805,58690,58745,58740
2025-06-30 00:40:00,5600,58790,58670,58730,58730,58810,58690,58750,58750,58800,58685,58740,58740
2025-06-30 00:45:00,4900,58740,58650,58730,58740,58760,58680,58750,58760,58750,58665,58740,58750
2025-06-30 00:50:00,4600,58760,58650,58730,58660,58800,58680,58760,58680,58780,58670,58745,58670
2025-06-30 00:55:00,6200,58690,58590,58660,58650,58700,58610,58680,58670,58695,58600,58670,58660
2025-06-30 01:00:00,11000,58790,58550,58650,58770,58810,58580,58670,58810,58800,58565,58660,58790
2025-06-30 01:05:00,8900,58850,58710,58770,58840,58880,58750,58810,58860,58865,58735,58790,58850
2025-06-30 01:10:00,2100,58850,58780,58840,58850,58870,58820,58860,58870,58860,58800,58850,58860
2025-06-30 01:15:00,10400,58950,58830,58850,58850,58970,58860,58870,58870,58960,58845,58860,58860
2025-06-30 01:20:00,4000,58900,58750,58850,58770,58920,58770,58870,58800,58910,58760,58860,58785
2025-06-30 01:25:00,3500,58780,58700,58770,58720,58800,58720,58800,58740,58790,58710,58785,58730
2025-06-30 01:30:00,5400,58760,58660,58720,58670,58770,58680,58740,58700,58765,58670,58730,58685
2025-06-30 01:35:00,3200,58740,58670,58670,58690,58760,58700,58700,58720,58750,58685,58685,58705
2025-06-30 01:40:00,8600,58690,58550,58690,58620,58720,58570,58720,58650,58705,58560,58705,58635
2025-06-30 01:45:00,1500,58650,58610,58620,58640,58680,58630,58650,58660,58665,58620,58635,58650
2025-06-30 01:50:00,2300,58680,58630,58640,58640,58710,58650,58660,58660,58695,58640,58650,58650
2025-06-30 01:55:00,1800,58640,58570,58640,58570,58670,58590,58660,58590,58655,58580,58650,58580
2025-06-30 02:00:00,2900,58620,58560,58570,58610,58650,58570,58590,58630,58635,58565,58580,58620
2025-06-30 02:05:00,2800,58640,58580,58610,58580,58660,58600,58630,58600,58650,58590,58620,58590
2025-06-30 02:10:00,1600,58660,58580,58580,58620,58680,58600,58600,58650,58665,58590,58590,58635
2025-06-30 02:15:00,2000,58620,58560,58620,58600,58650,58590,58640,58620,58635,58575,58630,58610
2025-06-30 02:20:00,2600,58600,58520,58600,58550,58620,58540,58620,58570,58610,58530,58610,58560
2025-06-30 02:25:00,4700,58550,58460,58540,58460,58570,58470,58570,58470,58560,58465,58555,58465
2025-06-30 02:30:00,6400,58460,58460,58460,58460,58480,58480,58480,58480,58470,58470,58470,58470
2025-06-30 03:30:00,15600,58470,58420,58450,58430,58500,58440,58460,58450,58485,58430,58455,58440
2025-06-30 03:35:00,5300,58500,58410,58430,58430,58530,58430,58450,58460,58515,58420,58440,58445
2025-06-30 03:40:00,2900,58520,58430,58430,58510,58530,58460,58460,58530,58525,58445,58445,58520
2025-06-30 03:45:00,4300,58530,58490,58510,58510,58550,58500,58530,58540,58540,58495,58520,58525
2025-06-30 03:50:00,4900,58580,58510,58510,58550,58600,58530,58540,58570,58590,58520,58525,58560
2025-06-30 03:55:00,3000,58550,58500,58550,58500,58560,58510,58560,58520,58555,58505,58555,58510
2025-06-30 04:00:00,2400,58510,58460,58500,58460,58540,58480,58520,58480,58525,58470,58510,58470
2025-06-30 04:05:00,1500,58540,58460,58460,58520,58560,58480,58480,58540,58550,58470,58470,58530
2025-06-30 04:10:00,2900,58560,58510,58520,58550,58580,58520,58540,58570,58570,58515,58530,58560
2025-06-30 04:15:00,1000,58550,58510,58550,58530,58570,58530,58570,58550,58560,58520,58560,58540
2025-06-30 04:20:00,3000,58560,58510,58530,58520,58570,58530,58550,58530,58565,58520,58540,58525
2025-06-30 04:25:00,1000,58530,58510,58520,58520,58550,58520,58530,58540,58535,58515,58525,58530
2025-06-30 04:30:00,5300,58570,58510,58520,58550,58590,58520,58540,58580,58580,58515,58530,58565
2025-06-30 04:35:00,3600,58600,58550,58550,58570,58620,58570,58580,58600,58610,58560,58565,58585
2025-06-30 04:40:00,2500,58570,58500,58570,58500,58600,58510,58600,58520,58585,58505,58585,58510
2025-06-30 04:45:00,9600,58510,58330,58500,58340,58520,58350,58520,58360,58515,58340,58510,58350
2025-06-30 04:50:00,4400,58370,58310,58340,58330,58380,58330,58360,58350,58375,58320,58350,58340
2025-06-30 04:55:00,5100,58330,58210,58330,58240,58350,58230,58350,58270,58340,58220,58340,58255
2025-06-30 05:00:00,11500,58240,58020,58240,58060,58270,58050,58270,58080,58255,58035,58255,58070
2025-06-30 05:05:00,6600,58160,58060,58060,58130,58180,58070,58080,58150,58170,58065,58070,58140
2025-06-30 05:10:00,3600,58220,58120,58130,58220,58250,58140,58150,58230,58235,58130,58140,58225
2025-06-30 05:15:00,4100,58230,58160,58220,58180,58250,58180,58230,58210,58240,58170,58225,58195
2025-06-30 05:20:00,3300,58200,58130,58180,58140,58220,58160,58210,58170,58210,58145,58195,58155
2025-06-30 05:25:00,2900,58200,58150,58150,58170,58220,58160,58170,58190,58210,58155,58160,58180
2025-06-30 05:30:00,2500,58170,58090,58170,58120,58190,58100,58190,58150,58180,58095,58180,58135
2025-06-30 05:35:00,3200,58150,58110,58120,58110,58160,58120,58150,58130,58155,58115,58135,58120
2025-06-30 05:40:00,3400,58130,58100,58110,58120,58160,58110,58130,58140,58145,58105,58120,58130
2025-06-30 05:45:00,8700,58210,58090,58120,58090,58230,58100,58140,58110,58220,58095,58130,58100
2025-06-30 05:50:00,4100,58120,58030,58090,58030,58150,58050,58110,58050,58135,58040,58100,58040
2025-06-30 05:55:00,3700,58140,58030,58030,58130,58150,58050,58050,58150,58145,58040,58040,58140
2025-06-30 06:00:00,8900,58130,57950,58130,57960,58150,57960,58150,57980,58140,57955,58140,57970
2025-06-30 06:05:00,4900,58000,57920,57960,57950,58020,57950,57980,57970,58005,57935,57970,57960
2025-06-30 06:10:00,6100,58020,57950,57950,58000,58040,57960,57960,58020,58030,57955,57955,58010
2025-06-30 06:15:00,3500,58030,57980,58000,58000,58050,58000,58020,58010,58040,57990,58010,58005
2025-06-30 06:20:00,12200,58030,57970,58000,57990,58050,57980,58010,58020,58040,57975,58005,58005
2025-06-30 06:25:00,,57830,48430,54800,57830,57840,48430,54810,57840,57835,48430,54805,57835
2025-06-30 06:30:00,262300,57830,57830,57830,57830,58010,58010,58010,58010,57920,57920,57920,57920
2025-07-01 00:00:00,60100,58210,57780,58150,57830,58250,57810,58160,57870,58230,57795,58155,57850
2025-07-01 00:05:00,7600,57870,57720,57830,57720,57890,57750,57870,57750,57880,57735,57850,57735
2025-07-01 00:10:00,10200,57720,57430,57720,57440,57750,57470,57750,57470,57735,57450,57735,57455
2025-07-01 00:15:00,5600,57550,57400,57440,57440,57570,57440,57480,57470,57560,57420,57460,57455
2025-07-01 00:20:00,5100,57480,57380,57440,57450,57500,57400,57480,57490,57490,57390,57460,57470
2025-07-01 00:25:00,3800,57480,57350,57450,57350,57490,57370,57490,57370,57485,57360,57470,57360
2025-07-01 00:30:00,2700,57400,57330,57350,57360,57420,57350,57370,57400,57410,57340,57360,57380
2025-07-01 00:35:00,5600,57360,57200,57360,57280,57400,57210,57400,57310,57380,57205,57380,57295
2025-07-01 00:40:00,6500,57300,57160,57280,57210,57330,57190,57310,57240,57315,57175,57295,57225
2025-07-01 00:45:00,5800,57340,57210,57210,57210,57360,57240,57240,57240,57350,57225,57225,57225
2025-07-01 00:50:00,2200,57220,57160,57210,57200,57250,57170,57240,57220,57235,57165,57225,57210
2025-07-01 00:55:00,4500,57300,57200,57200,57270,57320,57210,57220,57300,57310,57205,57210,57285
2025-07-01 01:00:00,3600,57330,57240,57270,57260,57350,57260,57300,57290,57340,57250,57285,57275
2025-07-01 01:05:00,3800,57300,57160,57260,57230,57330,57180,57290,57250,57315,57170,57275,57240
2025-07-01 01:10:00,2500,57240,57170,57230,57170,57250,57190,57250,57200,57245,57180,57240,57185
2025-07-01 01:15:00,11900,57180,57040,57170,57050,57210,57060,57200,57080,57195,57050,57185,57065
2025-07-01 01:20:00,6500,57050,56930,57050,56990,57080,56960,57080,57000,57065,56945,57065,56995
2025-07-01 01:25:00,3300,57040,56950,56990,56980,57050,56970,57000,57010,57045,56960,56995,56995
2025-07-01 01:30:00,4700,57130,56970,56980,57130,57150,56990,57010,57150,57140,56980,56995,57140
2025-07-01 01:35:00,2000,57140,56980,57130,56980,57150,57010,57150,57010,57145,56995,57140,56995
2025-07-01 01:40:00,6900,57020,56880,56980,56880,57060,56890,57010,56900,57040,56885,56995,56890
2025-07-01 01:45:00,2500,56970,56880,56880,56960,57000,56890,56900,56990,56985,56885,56890,56975
2025-07-01 01:50:00,7600,56980,56730,56960,56780,57010,56760,56990,56800,56995,56745,56975,56790
2025-07-01 01:55:00,2000,56830,56780,56780,56800,56860,56800,56800,56820,56845,56790,56790,56810
2025-07-01 02:00:00,5500,56870,56770,56800,56830,56890,56790,56820,56850,56875,56780,56810,56840
2025-07-01 02:05:00,1600,56840,56790,56830,56810,56860,56800,56850,56830,56850,56795,56840,56820
2025-07-01 02:10:00,2300,56860,56790,56810,56820,56890,56800,56830,56860,56875,56795,56820,56840
2025-07-01 02:15:00,1800,56830,56780,56820,56800,56860,56790,56850,56810,56845,56785,56835,56805
2025-07-01 02:20:00,1200,56850,56790,56800,56850,56870,56810,56810,56870,56860,56805,56805,56860
2025-07-01 02:25:00,3300,56850,56780,56850,56780,56870,56800,56870,56810,56860,56790,56860,56795
2025-07-01 02:30:00,6400,56780,56780,56780,56780,56810,56810,56810,56810,56795,56795,56795,56795
2025-07-01 03:30:00,18400,56780,56700,56770,56750,56820,56710,56780,56780,56800,56705,56775,56765
2025-07-01 03:35:00,4400,56780,56660,56750,56670,56810,56680,56780,56700,56795,56670,56765,56685
2025-07-01 03:40:00,4300,56680,56620,56670,56620,56700,56640,56700,56650,56690,56630,56685,56635
2025-07-01 03:45:00,6700,56620,56520,56620,56570,56650,56540,56640,56600,56635,56530,56630,56585
2025-07-01 03:50:00,2900,56620,56570,56570,56610,56630,56580,56600,56630,56625,56575,56585,56620
2025-07-01 03:55:00,3200,56650,56600,56610,56630,56660,56620,56630,56660,56655,56610,56620,56645
2025-07-01 04:00:00,5200,56650,56590,56630,56650,56670,56600,56660,56670,56660,56595,56645,56660
2025-07-01 04:05:00,2000,56670,56600,56650,56650,56700,56620,56670,56680,56685,56610,56660,56665
2025-07-01 04:10:00,3600,56770,56650,56650,56750,56780,56680,56680,56760,56775,56665,56665,56755
2025-07-01 04:15:00,3100,56750,56690,56750,56740,56780,56700,56760,56780,56765,56695,56755,56760
2025-07-01 04:20:00,700,56770,56730,56740,56770,56780,56760,56780,56780,56775,56745,56760,56775
2025-07-01 04:25:00,2600,56790,56740,56760,56780,56800,56750,56780,56800,56795,56745,56770,56790
2025-07-01 04:30:00,2700,56850,56780,56780,56840,56880,56800,56800,56850,56865,56790,56790,56845
2025-07-01 04:35:00,3200,56880,56800,56840,56860,56910,56830,56850,56890,56890,56815,56845,56875
2025-07-01 04:40:00,600,56890,56850,56860,56860,56910,56870,56890,56870,56900,56860,56875,56865
2025-07-01 04:45:00,2100,56900,56860,56860,56890,56910,56870,56870,56910,56905,56865,56865,56900
2025-07-01 04:50:00,2500,56920,56850,56890,56850,56940,56860,56910,56860,56925,56855,56900,56855
2025-07-01 04:55:00,1400,56900,56840,56840,56870,56910,56850,56860,56900,56905,56845,56850,56885
2025-07-01 05:00:00,800,56870,56830,56870,56830,56900,56850,56900,56850,56885,56840,56885,56840
2025-07-01 05:05:00,3000,56870,56810,56830,56820,56890,56820,56850,56840,56880,56815,56840,56830
2025-07-01 05:10:00,2800,56820,56750,56820,56750,56840,56760,56840,56770,56830,56755,56830,56760
2025-07-01 05:15:00,4300,56840,56740,56750,56830,56860,56760,56770,56850,56850,56750,56760,56840
2025-07-01 05:20:00,1700,56840,56780,56830,56810,56850,56800,56850,56830,56845,56790,56840,56820
2025-07-01 05:25:00,3800,56860,56800,56810,56830,56880,56820,56830,56860,56870,56810,56820,56845
2025-07-01 05:30:00,1100,56870,56830,56830,56860,56890,56850,56860,56880,56880,56840,56845,56870
2025-07-01 05:35:00,2300,56890,56830,56860,56880,56900,56840,56880,56900,56895,56835,56870,56890
2025-07-01 05:40:00,7100,56890,56790,56880,56880,56900,56800,56900,56890,56895,56795,56890,56885
2025-07-01 05:45:00,3600,56920,56860,56880,56910,56940,56870,56890,56930,56930,56865,56885,56920
2025-07-01 05:50:00,3400,56950,56880,56910,56880,56970,56900,56930,56900,56960,56890,56920,56890
2025-07-01 05:55:00,3600,56880,56770,56880,56770,56900,56780,56900,56790,56890,56775,56890,56780
2025-07-01 06:00:00,7400,56800,56690,56770,56750,56830,56710,56790,56780,56815,56700,56780,56765
2025-07-01 06:05:00,4000,56840,56740,56750,56820,56860,56750,56780,56850,56850,56745,56765,56835
2025-07-01 06:10:00,3400,56850,56780,56820,56780,56860,56790,56850,56790,56855,56785,56835,56785
2025-07-01 06:15:00,4800,56820,56770,56780,56810,56840,56790,56790,56830,56830,56780,56785,56820
2025-07-01 06:20:00,6700,56840,56800,56810,56810,56860,56810,56830,56830,56850,56805,56820,56820
2025-07-01 06:25:00,,56990,56290,56500,56640,57000,56300,56510,56650,56995,56295,56505,56645
2025-07-01 06:30:00,85200,56640,56640,56640,56640,56820,56820,56820,56820,56730,56730,56730,56730
2025-07-02 00:00:00,69200,56680,56300,56500,56310,56720,56310,56510,56350,56700,56305,56505,56330
2025-07-02 00:05:00,12800,56500,56230,56310,56380,56540,56290,56350,56420,56520,56260,56330,56400
2025-07-02 00:10:00,7400,56480,56380,56380,56430,56520,56400,56420,56470,56500,56390,56400,56450
2025-07-02 00:15:00,10300,56660,56400,56430,56640,56700,56430,56470,56680,56680,56415,56450,56660
2025-07-02 00:20:00,5600,56660,56480,56640,56540,56690,56520,56690,56580,56675,56500,56665,56560
2025-07-02 00:25:00,7000,56560,56420,56540,56510,56590,56440,56580,56550,56575,56430,56560,56530
2025-07-02 00:30:00,12800,56540,56420,56510,56440,56590,56450,56550,56470,56565,56435,56530,56455
2025-07-02 00:35:00,5500,56510,56430,56440,56480,56550,56450,56470,56500,56530,56440,56455,56490
2025-07-02 00:40:00,6300,56480,56350,56480,56390,56500,56380,56500,56410,56490,56365,56490,56400
2025-07-02 00:45:00,4600,56510,56370,56390,56500,56540,56390,56410,56530,56525,56380,56400,56515
2025-07-02 00:50:00,5400,56510,56460,56500,56480,56540,56480,56530,56520,56525,56470,56515,56500
2025-07-02 00:55:00,2300,56520,56480,56480,56500,56550,56500,56520,56530,56535,56490,56500,56515
2025-07-02 01:00:00,6000,56510,56420,56500,56470,56540,56440,56530,56500,56525,56430,56515,56485
2025-07-02 01:05:00,3500,56500,56430,56470,56430,56520,56450,56480,56460,56510,56440,56475,56445
2025-07-02 01:10:00,6200,56430,56290,56430,56320,56450,56320,56450,56340,56440,56310,56440,56330
2025-07-02 01:15:00,5600,56340,56270,56320,56270,56360,56290,56340,56290,56350,56280,56330,56280
2025-07-02 01:20:00,4500,56290,56250,56270,56270,56310,56270,56290,56300,56300,56260,56280,56285
2025-07-02 01:25:00,4600,56290,56210,56270,56250,56310,56230,56300,56280,56295,56225,56285,56265
2025-07-02 01:30:00,6000,56280,56150,56250,56160,56300,56180,56280,56190,56285,56165,56265,56175
2025-07-02 01:35:00,3900,56220,56120,56160,56120,56250,56140,56190,56140,56230,56130,56175,56130
2025-07-02 01:40:00,5400,56130,56070,56120,56070,56160,56100,56140,56100,56145,56085,56130,56085
2025-07-02 01:45:00,3800,56090,56040,56070,56060,56110,56060,56100,56090,56100,56050,56085,56075
2025-07-02 01:50:00,5500,56130,56030,56060,56090,56150,56060,56080,56120,56140,56045,56070,56105
2025-07-02 01:55:00,3500,56100,56020,56090,56020,56130,56040,56120,56040,56110,56030,56105,56030
2025-07-02 02:00:00,3200,56100,56010,56020,56060,56120,56030,56040,56090,56110,56020,56030,56075
2025-07-02 02:05:00,2100,56070,56030,56060,56060,56090,56050,56090,56080,56080,56040,56075,56070
2025-07-02 02:10:00,3200,56100,56030,56060,56070,56120,56050,56080,56080,56110,56040,56070,56075
2025-07-02 02:15:00,2200,56110,56040,56070,56040,56120,56070,56080,56070,56115,56055,56075,56055
2025-07-02 02:20:00,10000,56050,55990,56050,56000,56080,56000,56070,56020,56065,55995,56060,56010
2025-07-02 02:25:00,3800,56000,55950,56000,55960,56020,55960,56020,55990,56010,55955,56010,55975
2025-07-02 02:30:00,6700,55960,55960,55960,55960,55990,55990,55990,55990,55975,55975,55975,55975
2025-07-02 03:30:00,22400,56050,55940,56030,55940,56080,55960,56030,55960,56065,55950,56030,55950
2025-07-02 03:35:00,3000,56020,55940,55940,56000,56030,55960,55960,56020,56025,55950,55950,56010
2025-07-02 03:40:00,2800,56030,55990,56000,56010,56050,56010,56010,56030,56040,56000,56005,56020
2025-07-02 03:45:00,2600,56030,55980,56010,56000,56040,56000,56030,56020,56035,55990,56020,56010
2025-07-02 03:50:00,2900,56060,56000,56000,56020,56080,56020,56020,56050,56065,56010,56010,56035
2025-07-02 03:55:00,2900,56040,55990,56020,56000,56050,56010,56050,56030,56045,56000,56035,56015
2025-07-02 04:00:00,2300,56060,56000,56000,56050,56080,56020,56030,56080,56070,56010,56015,56065
2025-07-02 04:05:00,2500,56070,56020,56050,56030,56090,56050,56080,56050,56080,56035,56065,56040
2025-07-02 04:10:00,2500,56040,55990,56030,56010,56070,56020,56050,56030,56055,56005,56040,56020
2025-07-02 04:15:00,3100,56010,55970,56010,56000,56040,56000,56030,56010,56025,55985,56020,56005
2025-07-02 04:20:00,2600,56080,56000,56000,56070,56090,56020,56020,56090,56085,56010,56010,56080
2025-07-02 04:25:00,3900,56090,56060,56070,56080,56110,56090,56090,56100,56095,56075,56080,56090
2025-07-02 04:30:00,3700,56100,56060,56080,56060,56110,56080,56100,56090,56105,56070,56090,56075
2025-07-02 04:35:00,4900,56090,56010,56060,56090,56100,56030,56090,56100,56095,56020,56075,56095
2025-07-02 04:40:00,1900,56090,56060,56090,56070,56100,56070,56100,56080,56095,56065,56095,56075
2025-07-02 04:45:00,2300,56070,56040,56070,56050,56090,56050,56080,56080,56080,56045,56075,56065
2025-07-02 04:50:00,1500,56070,56040,56060,56070,56080,56060,56080,56080,56075,56050,56070,56075
2025-07-02 04:55:00,3500,56130,56060,56070,56130,56140,56070,56080,56140,56135,56065,56075,56135
2025-07-02 05:00:00,3300,56130,56060,56130,56070,56140,56080,56140,56090,56135,56070,56135,56080
2025-07-02 05:05:00,1800,56080,56050,56070,56060,56100,56070,56090,56080,56090,56060,56080,56070
2025-07-02 05:10:00,1900,56070,56040,56060,56050,56080,56050,56080,56060,56075,56045,56070,56055
2025-07-02 05:15:00,5900,56060,56000,56050,56000,56070,56010,56060,56020,56065,56005,56055,56010
2025-07-02 05:20:00,2000,56040,56000,56000,56020,56050,56010,56020,56040,56045,56005,56010,56030
2025-07-02 05:25:00,2800,56020,55970,56020,55980,56040,55980,56040,55990,56030,55975,56030,55985
2025-07-02 05:30:00,4200,56020,55950,55980,56020,56030,55960,55990,56030,56025,55955,55985,56025
2025-07-02 05:35:00,1900,56020,55980,56020,55980,56030,56000,56030,56000,56025,55990,56025,55990
2025-07-02 05:40:00,1900,55980,55960,55980,55970,56000,55970,56000,55990,55990,55965,55990,55980
2025-07-02 05:45:00,5900,55990,55930,55970,55990,56000,55940,55990,56000,55995,55935,55980,55995
2025-07-02 05:50:00,4900,56080,55980,55980,56070,56100,55990,56000,56090,56090,55985,55990,56080
2025-07-02 05:55:00,3400,56070,56000,56070,56000,56090,56020,56090,56020,56080,56010,56080,56010
2025-07-02 06:00:00,4600,56050,55980,56000,56000,56070,56010,56020,56020,56060,56000,56010,56010
2025-07-02 06:05:00,4700,56020,55960,56000,55970,56040,55980,56020,56000,56030,55975,56010,55985
2025-07-02 06:10:00,3900,56000,55950,55970,55990,56010,55970,56000,56000,56005,55960,55985,55995
2025-07-02 06:15:00,4700,56060,55990,55990,56060,56080,56000,56000,56080,56070,55995,55995,56070
2025-07-02 06:20:00,8900,56090,56030,56060,56040,56100,56040,56080,56070,56095,56035,56070,56055
2025-07-02 06:25:00,,56270,55890,55890,55990,56280,55900,55900,56000,56275,55895,55895,55995
2025-07-02 06:30:00,155400,55980,55980,55980,55980,56060,56060,56060,56060,56020,56020,56020,56020
2025-07-03 00:00:00,68400,56040,55660,55800,55790,56090,55720,55810,55830,56060,55690,55805,55810
2025-07-03 00:05:00,8600,55990,55770,55790,55900,56040,55810,55830,55930,56015,55790,55810,55915
2025-07-03 00:10:00,11100,56010,55850,55900,55920,56040,55880,55930,55940,56025,55865,55915,55930
2025-07-03 00:15:00,9100,55990,55850,55920,55910,56020,55870,55940,55930,56005,55860,55930,55920
2025-07-03 00:20:00,6000,55910,55810,55910,55900,55940,55830,55930,55930,55920,55820,55920,55915
2025-07-03 00:25:00,4700,55960,55880,55900,55920,55980,55890,55930,55940,55970,55885,55915,55930
2025-07-03 00:30:00,4600,55990,55910,55920,55970,56000,55930,55940,56000,55995,55920,55930,55985
2025-07-03 00:35:00,4000,55980,55910,55970,55920,56000,55930,56000,55940,55990,55920,55985,55930
2025-07-03 00:40:00,13700,56080,55910,55920,55970,56100,55930,55940,55990,56090,55920,55930,55980
2025-07-03 00:45:00,6000,55990,55900,55970,55960,56000,55920,55990,55980,55995,55910,55980,55970
2025-07-03 00:50:00,5100,55960,55830,55960,55950,55980,55860,55980,55980,55970,55845,55970,55965
2025-07-03 00:55:00,5100,56000,55940,55950,55980,56020,55960,55980,56000,56005,55950,55965,55990
2025-07-03 01:00:00,7300,56040,55950,55980,56010,56060,55970,56000,56040,56050,55960,55990,56025
2025-07-03 01:05:00,6400,56080,55970,56010,56070,56100,56000,56040,56090,56090,55990,56025,56080
2025-07-03 01:10:00,10100,56140,56000,56070,56030,56160,56020,56100,56060,56150,56015,56085,56045
2025-07-03 01:15:00,2900,56030,56000,56030,56030,56060,56010,56060,56050,56045,56005,56045,56040
2025-07-03 01:20:00,2400,56030,55990,56030,56030,56050,56010,56050,56040,56040,56000,56040,56035
2025-07-03 01:25:00,2200,56030,56000,56030,56020,56060,56010,56040,56040,56045,56005,56035,56030
2025-07-03 01:30:00,2400,56030,55980,56030,56000,56040,56000,56040,56020,56035,55990,56035,56010
2025-07-03 01:35:00,9000,56050,55990,56000,56030,56080,56010,56020,56050,56065,56000,56010,56040
2025-07-03 01:40:00,7400,56100,55990,56030,56000,56120,56010,56050,56020,56110,56000,56040,56010
2025-07-03 01:45:00,5800,56050,55990,56000,56000,56070,56010,56010,56030,56060,56000,56005,56015
2025-07-03 01:50:00,3200,56050,56000,56000,56040,56070,56020,56020,56050,56060,56010,56010,56045
2025-07-03 01:55:00,2900,56040,55990,56040,56000,56050,56010,56050,56020,56045,56000,56045,56010
2025-07-03 02:00:00,4400,56040,55990,56000,56010,56060,56010,56020,56020,56050,56000,56010,56015
2025-07-03 02:05:00,2400,56020,55980,56010,56000,56040,55990,56020,56010,56030,55985,56015,56005
2025-07-03 02:10:00,1800,56000,55980,56000,56000,56020,55990,56010,56020,56010,55985,56005,56010
2025-07-03 02:15:00,3500,56090,55990,56000,56080,56110,56010,56020,56100,56100,56000,56010,56090
2025-07-03 02:20:00,3100,56100,56060,56080,56070,56120,56080,56100,56090,56110,56070,56090,56080
2025-07-03 02:25:00,4900,56120,56010,56060,56010,56150,56060,56090,56060,56135,56035,56075,56035
2025-07-03 02:30:00,5800,56000,56000,56000,56000,56060,56060,56060,56060,56030,56030,56030,56030
2025-07-03 03:30:00,20200,56060,56000,56000,56050,56090,56010,56010,56070,56070,56005,56005,56060
2025-07-03 03:35:00,5000,56110,56040,56050,56100,56130,56050,56070,56120,56120,56045,56060,56110
2025-07-03 03:40:00,3700,56120,56080,56110,56120,56150,56100,56120,56140,56135,56090,56115,56130
2025-07-03 03:45:00,5600,56140,56090,56120,56120,56160,56110,56140,56130,56150,56100,56130,56125
2025-07-03 03:50:00,3200,56130,56090,56120,56090,56150,56100,56130,56100,56140,56095,56125,56095
2025-07-03 03:55:00,2100,56110,56070,56090,56070,56140,56080,56100,56080,56125,56075,56095,56075
2025-07-03 04:00:00,4300,56120,56070,56070,56090,56140,56080,56080,56110,56130,56075,56075,56100
2025-07-03 04:05:00,9800,56140,56070,56090,56120,56160,56080,56110,56140,56150,56075,56100,56130
2025-07-03 04:10:00,3200,56130,56090,56120,56110,56150,56110,56140,56130,56140,56100,56130,56120
2025-07-03 04:15:00,4500,56110,56060,56110,56060,56130,56070,56130,56070,56120,56065,56120,56065
2025-07-03 04:20:00,3900,56100,56060,56060,56080,56120,56070,56070,56100,56110,56065,56065,56090
2025-07-03 04:25:00,2800,56080,56040,56080,56060,56100,56060,56100,56070,56090,56050,56090,56065
2025-07-03 04:30:00,4400,56060,56000,56060,56030,56080,56020,56070,56050,56070,56010,56065,56040
2025-07-03 04:35:00,2400,56040,56010,56030,56030,56060,56020,56050,56050,56045,56015,56040,56040
2025-07-03 04:40:00,3000,56050,56030,56030,56030,56070,56040,56050,56040,56060,56035,56040,56035
2025-07-03 04:45:00,2300,56030,56010,56030,56010,56050,56030,56040,56030,56040,56020,56035,56020
2025-07-03 04:50:00,500,56030,56010,56010,56030,56060,56020,56030,56050,56045,56015,56020,56040
2025-07-03 04:55:00,3200,56090,56020,56030,56080,56110,56040,56050,56090,56100,56030,56040,56085
2025-07-03 05:00:00,1700,56090,56080,56080,56080,56110,56090,56090,56100,56100,56085,56085,56090
2025-07-03 05:05:00,5700,56130,56080,56080,56080,56140,56090,56100,56100,56135,56085,56090,56090
2025-07-03 05:10:00,2600,56100,56080,56080,56080,56120,56090,56100,56100,56105,56085,56090,56090
2025-07-03 05:15:00,3100,56080,56020,56080,56050,56100,56040,56100,56070,56090,56030,56090,56060
2025-07-03 05:20:00,1100,56050,56010,56050,56020,56070,56020,56070,56030,56060,56015,56060,56025
2025-07-03 05:25:00,4900,56020,55980,56020,56000,56030,56000,56030,56010,56025,55995,56025,56005
2025-07-03 05:30:00,4300,56000,55960,56000,55970,56020,55980,56010,55990,56010,55970,56005,55980
2025-07-03 05:35:00,1600,56010,55970,55970,56010,56030,55990,55990,56020,56015,55980,55980,56015
2025-07-03 05:40:00,2300,56040,56000,56010,56030,56050,56010,56020,56050,56045,56005,56015,56040
2025-07-03 05:45:00,3400,56040,56010,56030,56020,56050,56020,56050,56040,56045,56015,56040,56030
2025-07-03 05:50:00,3400,56050,56020,56020,56020,56060,56030,56040,56040,56055,56025,56030,56030
2025-07-03 05:55:00,4100,56060,56000,56020,56060,56080,56010,56030,56080,56070,56005,56025,56070
2025-07-03 06:00:00,6800,56100,56040,56060,56060,56120,56060,56080,56070,56110,56055,56070,56065
2025-07-03 06:05:00,6100,56070,55990,56060,56020,56100,56010,56070,56040,56085,56000,56065,56030
2025-07-03 06:10:00,5000,56040,56000,56020,56020,56060,56020,56040,56040,56050,56010,56030,56030
2025-07-03 06:15:00,4000,56040,56020,56020,56040,56070,56040,56040,56060,56055,56030,56030,56050
2025-07-03 06:20:00,9400,56040,55990,56040,55990,56060,56000,56060,56040,56050,55995,56050,56015
2025-07-03 06:25:00,,56170,55860,55960,56030,56180,55870,55970,56040,56175,55865,55965,56035
2025-07-03 06:30:00,173200,56030,56030,56030,56030,56050,56050,56050,56050,56040,56040,56040,56040
2025-07-04 00:00:00,94300,57090,56440,56860,56880,57130,56690,56860,56920,57110,56585,56860,56900
2025-07-04 00:05:00,25800,57000,56800,56880,56980,57020,56860,56920,57000,57010,56830,56900,56990
2025-07-04 00:10:00,22500,57080,56870,56980,56960,57100,56890,57000,56980,57090,56880,56990,56970
2025-07-04 00:15:00,21100,57040,56850,56960,57010,57060,56870,56970,57040,57050,56860,56965,57025
2025-07-04 00:20:00,14900,57070,56940,57010,56990,57100,56960,57040,57010,57085,56950,57025,57000
2025-07-04 00:25:00,19000,57170,56990,56990,57120,57180,57010,57010,57160,57175,57000,57000,57140
2025-07-04 00:30:00,12000,57140,56980,57120,57000,57160,57000,57160,57020,57145,56990,57140,57010
2025-07-04 00:35:00,12000,57150,56990,57000,57150,57170,57010,57020,57170,57160,57000,57010,57160
2025-07-04 00:40:00,9800,57180,57000,57150,57000,57200,57020,57170,57020,57190,57010,57160,57010
2025-07-04 00:45:00,6000,57030,56950,57000,56990,57060,56970,57020,57010,57045,56960,57010,57000
2025-07-04 00:50:00,5600,57010,56940,56990,56980,57020,56960,57010,57010,57015,56950,57000,56995
2025-07-04 00:55:00,4500,57070,56980,56980,57030,57080,57010,57010,57050,57075,56995,56995,57040
2025-07-04 01:00:00,6000,57080,57020,57030,57050,57090,57040,57050,57080,57085,57030,57040,57065
2025-07-04 01:05:00,5000,57070,57010,57050,57010,57090,57030,57070,57040,57080,57020,57060,57025
2025-07-04 01:10:00,4200,57050,57010,57010,57050,57070,57020,57040,57060,57055,57015,57025,57055
2025-07-04 01:15:00,14900,57160,57030,57050,57100,57170,57060,57060,57130,57165,57045,57055,57115
2025-07-04 01:20:00,5700,57100,57040,57100,57090,57130,57050,57130,57110,57115,57045,57115,57100
2025-07-04 01:25:00,5100,57090,57000,57090,57010,57110,57010,57110,57040,57100,57005,57100,57025
2025-07-04 01:30:00,5600,57030,56940,57010,56960,57040,56950,57040,56990,57035,56945,57025,56975
2025-07-04 01:35:00,2200,56980,56930,56960,56930,56990,56960,56990,56960,56985,56945,56975,56945
2025-07-04 01:40:00,13300,56950,56850,56930,56860,56980,56870,56960,56880,56965,56860,56945,56870
2025-07-04 01:45:00,9500,56880,56760,56860,56880,56900,56780,56880,56900,56890,56770,56870,56890
2025-07-04 01:50:00,6500,56980,56880,56880,56960,57000,56900,56900,56980,56985,56890,56890,56970
2025-07-04 01:55:00,5100,56960,56820,56960,56820,56990,56830,56980,56830,56975,56825,56970,56825
2025-07-04 02:00:00,4600,56870,56810,56820,56810,56880,56830,56830,56830,56875,56820,56825,56820
2025-07-04 02:05:00,7100,56850,56790,56810,56840,56860,56800,56830,56860,56855,56795,56820,56850
2025-07-04 02:10:00,4700,56900,56840,56840,56860,56910,56850,56860,56880,56905,56845,56850,56870
2025-07-04 02:15:00,4400,56860,56820,56860,56820,56880,56830,56880,56840,56870,56825,56870,56830
2025-07-04 02:20:00,5300,56900,56820,56820,56900,56920,56830,56840,56920,56910,56825,56830,56910
2025-07-04 02:25:00,10800,56930,56810,56900,56820,56940,56830,56920,56860,56935,56820,56910,56840
2025-07-04 02:30:00,8200,56810,56810,56810,56810,56860,56860,56860,56860,56835,56835,56835,56835
2025-07-04 03:30:00,26700,56910,56790,56810,56900,56940,56810,56810,56930,56925,56800,56810,56915
2025-07-04 03:35:00,7800,56910,56770,56900,56790,56930,56800,56930,56820,56920,56785,56915,56805
2025-07-04 03:40:00,4300,56800,56750,56790,56780,56820,56760,56820,56790,56805,56755,56805,56785
2025-07-04 03:45:00,3900,56800,56770,56780,56790,56820,56780,56790,56810,56810,56775,56785,56800
2025-07-04 03:50:00,2500,56790,56770,56790,56780,56810,56780,56810,56790,56800,56775,56800,56785
2025-07-04 03:55:00,4500,56840,56770,56780,56840,56850,56780,56790,56850,56845,56775,56785,56845
2025-07-04 04:00:00,2900,56850,56800,56840,56800,56860,56810,56850,56820,56855,56805,56845,56810
2025-07-04 04:05:00,2300,56830,56800,56800,56820,56840,56820,56820,56830,56835,56810,56810,56825
2025-07-04 04:10:00,6400,56880,56800,56820,56880,56900,56830,56830,56900,56890,56815,56825,56890
2025-07-04 04:15:00,2800,56940,56880,56880,56920,56950,56890,56900,56940,56945,56885,56890,56930
2025-07-04 04:20:00,4000,56930,56880,56920,56900,56940,56900,56940,56920,56935,56895,56930,56910
2025-07-04 04:25:00,3200,56910,56840,56900,56910,56940,56850,56920,56940,56925,56845,56910,56925
2025-07-04 04:30:00,3400,56950,56910,56910,56920,56960,56930,56940,56940,56955,56925,56925,56930
2025-07-04 04:35:00,6500,56980,56920,56920,56940,56990,56940,56940,56960,56985,56930,56930,56950
2025-07-04 04:40:00,4400,57000,56940,56940,56980,57010,56960,56960,57000,57005,56950,56950,56990
2025-07-04 04:45:00,3000,57000,56970,56980,56980,57010,56980,57000,57000,57005,56975,56990,56990
2025-07-04 04:50:00,4300,57030,56990,56990,57000,57040,57000,57000,57020,57035,56995,56995,57010
2025-07-04 04:55:00,3400,57030,56990,57000,57030,57050,57000,57020,57040,57040,56995,57010,57035
2025-07-04 05:00:00,3700,57040,57010,57030,57030,57050,57020,57040,57050,57045,57015,57035,57040
2025-07-04 05:05:00,5000,57090,57010,57030,57080,57100,57020,57050,57090,57095,57015,57040,57085
2025-07-04 05:10:00,9100,57120,57030,57080,57120,57140,57050,57090,57140,57130,57040,57085,57130
2025-07-04 05:15:00,7900,57150,57060,57120,57070,57160,57080,57140,57090,57155,57070,57130,57080
2025-07-04 05:20:00,6800,57130,57070,57070,57080,57150,57080,57090,57100,57140,57075,57080,57090
2025-07-04 05:25:00,7600,57190,57080,57080,57180,57200,57100,57100,57200,57195,57090,57090,57190
2025-07-04 05:30:00,7600,57190,57120,57180,57140,57200,57130,57200,57170,57195,57125,57190,57155
2025-07-04 05:35:00,6900,57150,57080,57140,57090,57170,57090,57170,57100,57160,57085,57155,57095
2025-07-04 05:40:00,3900,57110,57060,57090,57090,57130,57080,57100,57100,57120,57075,57095,57095
2025-07-04 05:45:00,5100,57110,57080,57090,57090,57120,57090,57100,57100,57115,57085,57095,57095
2025-07-04 05:50:00,3700,57090,57050,57090,57070,57100,57070,57100,57080,57095,57060,57095,57075
2025-07-04 05:55:00,6100,57120,57070,57070,57110,57140,57080,57080,57120,57130,57075,57075,57115
2025-07-04 06:00:00,6900,57120,57040,57110,57040,57130,57060,57120,57060,57125,57050,57115,57050
2025-07-04 06:05:00,6200,57040,56940,57040,56950,57060,56960,57060,56960,57050,56950,57050,56955
2025-07-04 06:10:00,4500,56970,56920,56950,56940,56980,56940,56960,56960,56975,56930,56955,56950
2025-07-04 06:15:00,7600,56970,56930,56940,56950,56980,56940,56960,56970,56975,56935,56950,56960
2025-07-04 06:20:00,9600,56980,56930,56950,56950,57000,56940,56970,56960,56985,56935,56960,56955
2025-07-04 06:25:00,,57210,56450,56700,56990,57220,56460,56710,57000,57215,56455,56705,56995
2025-07-04 06:30:00,117300,56930,56930,56930,56930,57020,57020,57020,57020,56975,56975,56975,56975
2025-07-07 00:00:00,39400,56770,56500,56500,56580,56800,56510,56510,56610,56785,56505,56505,56595
2025-07-07 00:05:00,8600,56800,56550,56580,56730,56820,56580,56610,56770,56805,56565,56595,56750
2025-07-07 00:10:00,6900,56820,56670,56730,56680,56840,56700,56770,56710,56830,56690,56750,56695
2025-07-07 00:15:00,9600,56680,56550,56680,56580,56710,56570,56710,56610,56695,56560,56695,56595
2025-07-07 00:20:00,4000,56760,56580,56580,56720,56790,56610,56620,56760,56775,56595,56600,56740
2025-07-07 00:25:00,7100,56740,56570,56720,56680,56770,56600,56760,56710,56755,56585,56740,56695
2025-07-07 00:30:00,4300,56730,56620,56680,56710,56760,56670,56710,56730,56745,56645,56695,56720
2025-07-07 00:35:00,20700,56870,56710,56710,56860,56900,56730,56730,56900,56880,56720,56720,56880
2025-07-07 00:40:00,6600,56960,56850,56860,56890,56980,56890,56900,56910,56965,56870,56880,56900
2025-07-07 00:45:00,3400,56960,56880,56890,56920,56970,56900,56910,56950,56965,56890,56900,56935
2025-07-07 00:50:00,2400,56930,56860,56920,56870,56950,56890,56950,56900,56940,56875,56935,56885
2025-07-07 00:55:00,4000,56870,56790,56870,56850,56900,56800,56900,56870,56885,56795,56885,56860
2025-07-07 01:00:00,2800,56850,56740,56850,56740,56870,56770,56860,56780,56860,56755,56855,56760
2025-07-07 01:05:00,5900,56740,56550,56740,56620,56780,56580,56780,56640,56760,56565,56760,56630
2025-07-07 01:10:00,2700,56650,56590,56620,56590,56660,56610,56640,56620,56655,56600,56630,56605
2025-07-07 01:15:00,3400,56740,56590,56590,56730,56750,56620,56620,56750,56745,56605,56605,56740
2025-07-07 01:20:00,1600,56750,56670,56730,56670,56770,56690,56750,56690,56760,56680,56740,56680
2025-07-07 01:25:00,2600,56700,56660,56660,56660,56730,56680,56690,56680,56715,56670,56675,56670
2025-07-07 01:30:00,2300,56710,56650,56660,56650,56740,56660,56680,56660,56725,56655,56670,56655
2025-07-07 01:35:00,3900,56750,56640,56650,56700,56770,56660,56660,56720,56755,56650,56655,56710
2025-07-07 01:40:00,3600,56800,56700,56700,56780,56820,56720,56720,56810,56810,56710,56710,56795
2025-07-07 01:45:00,5000,56820,56750,56780,56760,56840,56760,56800,56780,56830,56755,56790,56770
2025-07-07 01:50:00,2400,56800,56760,56760,56770,56810,56780,56780,56800,56805,56770,56770,56785
2025-07-07 01:55:00,3100,56790,56710,56770,56720,56810,56720,56790,56750,56800,56715,56780,56735
2025-07-07 02:00:00,2000,56760,56700,56720,56710,56780,56730,56750,56740,56770,56715,56735,56725
2025-07-07 02:05:00,2000,56720,56620,56710,56620,56740,56640,56740,56650,56730,56630,56725,56635
2025-07-07 02:10:00,2600,56710,56620,56620,56710,56740,56650,56650,56740,56725,56635,56635,56725
2025-07-07 02:15:00,1400,56710,56670,56710,56680,56740,56690,56740,56700,56725,56680,56725,56690
2025-07-07 02:20:00,2200,56710,56660,56680,56710,56730,56670,56700,56730,56720,56665,56690,56720
2025-07-07 02:25:00,4400,56720,56660,56710,56700,56730,56680,56730,56720,56725,56670,56720,56710
2025-07-07 02:30:00,8600,56680,56680,56680,56680,56720,56720,56720,56720,56700,56700,56700,56700
2025-07-07 03:30:00,14500,56890,56760,56800,56870,56910,56800,56810,56880,56900,56785,56805,56875
2025-07-07 03:35:00,2800,56870,56820,56870,56820,56890,56830,56880,56830,56880,56825,56875,56825
2025-07-07 03:40:00,5000,56960,56790,56820,56960,56980,56820,56830,56970,56970,56805,56825,56965
2025-07-07 03:45:00,2700,56960,56850,56960,56870,56970,56870,56970,56890,56965,56860,56965,56880
2025-07-07 03:50:00,1500,56880,56800,56870,56800,56900,56820,56890,56820,56890,56810,56880,56810
2025-07-07 03:55:00,2000,56850,56790,56800,56840,56860,56800,56820,56860,56855,56795,56810,56850
2025-07-07 04:00:00,1500,56880,56830,56840,56860,56900,56850,56860,56880,56890,56840,56850,56870
2025-07-07 04:05:00,1300,56860,56830,56860,56830,56890,56840,56890,56850,56875,56835,56875,56840
2025-07-07 04:10:00,1100,56830,56800,56830,56800,56850,56810,56850,56820,56840,56805,56840,56810
2025-07-07 04:15:00,2500,56810,56740,56800,56740,56820,56770,56810,56770,56815,56755,56805,56755
2025-07-07 04:20:00,2300,56780,56700,56740,56770,56800,56720,56770,56780,56785,56710,56755,56775
2025-07-07 04:25:00,1500,56770,56750,56770,56760,56780,56760,56780,56780,56775,56755,56775,56770
2025-07-07 04:30:00,700,56770,56750,56760,56750,56780,56760,56780,56770,56775,56755,56770,56760
2025-07-07 04:35:00,4000,56750,56700,56750,56710,56770,56710,56770,56740,56760,56705,56760,56725
2025-07-07 04:40:00,1400,56720,56700,56710,56700,56740,56710,56740,56720,56725,56705,56725,56710
2025-07-07 04:45:00,1200,56720,56700,56710,56710,56730,56710,56720,56720,56725,56705,56715,56715
2025-07-07 04:50:00,3400,56710,56680,56710,56700,56730,56690,56720,56710,56720,56685,56715,56705
2025-07-07 04:55:00,2100,56710,56690,56700,56690,56730,56700,56710,56710,56720,56695,56705,56700
2025-07-07 05:00:00,1900,56700,56680,56690,56680,56720,56690,56710,56700,56710,56685,56700,56690
2025-07-07 05:05:00,1400,56710,56670,56680,56700,56720,56690,56690,56720,56715,56680,56685,56710
2025-07-07 05:10:00,1600,56700,56670,56700,56680,56720,56690,56720,56690,56710,56680,56710,56685
2025-07-07 05:15:00,3400,56760,56680,56680,56730,56790,56690,56690,56740,56775,56685,56685,56735
2025-07-07 05:20:00,2800,56740,56710,56730,56740,56750,56730,56740,56750,56745,56725,56735,56745
2025-07-07 05:25:00,2500,56750,56720,56740,56730,56770,56740,56750,56750,56760,56730,56745,56740
2025-07-07 05:30:00,2900,56740,56710,56730,56720,56750,56720,56750,56740,56745,56715,56740,56730
2025-07-07 05:35:00,3100,56770,56730,56730,56760,56780,56740,56740,56770,56775,56735,56735,56765
2025-07-07 05:40:00,2700,56810,56760,56760,56800,56830,56770,56770,56830,56820,56765,56765,56815
2025-07-07 05:45:00,2800,56810,56760,56800,56760,56820,56770,56820,56780,56815,56765,56810,56770
2025-07-07 05:50:00,3100,56770,56740,56760,56750,56790,56760,56780,56770,56780,56750,56770,56760
2025-07-07 05:55:00,3900,56750,56680,56750,56710,56770,56700,56770,56720,56760,56690,56760,56715
2025-07-07 06:00:00,2700,56740,56700,56710,56700,56750,56720,56720,56720,56745,56710,56715,56710
2025-07-07 06:05:00,2200,56730,56700,56700,56730,56740,56710,56720,56740,56735,56705,56710,56735
2025-07-07 06:10:00,3500,56760,56700,56730,56760,56790,56710,56740,56780,56775,56705,56735,56770
2025-07-07 06:15:00,4900,56770,56720,56760,56740,56780,56740,56780,56760,56775,56730,56770,56750
2025-07-07 06:20:00,11100,56760,56680,56740,56710,56780,56700,56760,56740,56770,56690,56750,56725
2025-07-07 06:25:00,,57850,56740,56740,56800,57860,56750,56750,56800,57855,56745,56745,56800
2025-07-07 06:30:00,129300,56770,56770,56770,56770,56810,56810,56810,56810,56790,56790,56790,56790
2025-07-08 00:00:00,131100,57510,56730,56800,57470,57580,56810,56810,57490,57540,56780,56805,57480
2025-07-08 00:05:00,23200,57610,57370,57470,57400,57650,57410,57490,57440,57625,57390,57480,57420
2025-07-08 00:10:00,10500,57470,57280,57400,57280,57500,57300,57440,57310,57485,57295,57420,57295
2025-07-08 00:15:00,10700,57330,57120,57280,57140,57350,57160,57310,57160,57340,57140,57295,57150
2025-07-08 00:20:00,9400,57260,57000,57140,57010,57300,57040,57160,57050,57280,57020,57150,57030
2025-07-08 00:25:00,6000,57060,56960,57010,57060,57080,57000,57050,57080,57070,56985,57030,57070
2025-07-08 00:30:00,6500,57070,56960,57060,56990,57090,56980,57080,57010,57080,56970,57070,57000
2025-07-08 00:35:00,4600,57060,56980,56990,57050,57080,57010,57010,57070,57070,56995,57000,57060
2025-07-08 00:40:00,5700,57080,57020,57050,57020,57090,57040,57070,57050,57085,57030,57060,57035
2025-07-08 00:45:00,4700,57060,56950,57030,56980,57080,56970,57050,57000,57070,56960,57040,56990
2025-07-08 00:50:00,3400,57050,56940,56970,57030,57070,56950,57000,57050,57060,56945,56985,57040
2025-07-08 00:55:00,1500,57040,57000,57030,57010,57060,57020,57050,57020,57050,57010,57040,57015
2025-07-08 01:00:00,9800,57020,56870,57010,57010,57050,56900,57020,57040,57030,56885,57015,57025
2025-07-08 01:05:00,3400,57040,56940,57010,56950,57060,56980,57040,56980,57045,56960,57025,56965
2025-07-08 01:10:00,4500,57050,56930,56950,57050,57070,56940,56980,57070,57060,56935,56965,57060
2025-07-08 01:15:00,3400,57070,57010,57050,57010,57080,57030,57070,57030,57075,57020,57060,57020
2025-07-08 01:20:00,5300,57010,56880,57010,56880,57030,56900,57030,56900,57020,56890,57020,56890
2025-07-08 01:25:00,7000,56880,56780,56880,56830,56900,56800,56900,56850,56890,56790,56890,56840
2025-07-08 01:30:00,4000,56880,56810,56830,56850,56900,56830,56850,56870,56890,56820,56840,56860
2025-07-08 01:35:00,4000,56860,56770,56850,56770,56870,56790,56870,56790,56865,56780,56860,56780
2025-07-08 01:40:00,6500,56820,56750,56770,56800,56840,56770,56790,56830,56830,56760,56780,56815
2025-07-08 01:45:00,3400,56810,56780,56800,56780,56830,56800,56830,56810,56820,56790,56815,56795
2025-07-08 01:50:00,3900,56830,56770,56780,56810,56840,56790,56810,56830,56835,56780,56795,56820
2025-07-08 01:55:00,3000,56830,56790,56800,56830,56840,56800,56830,56840,56835,56795,56815,56835
2025-07-08 02:00:00,4800,56860,56790,56830,56850,56870,56800,56840,56870,56865,56795,56835,56860
2025-07-08 02:05:00,5000,56860,56790,56850,56800,56870,56810,56870,56820,56865,56800,56860,56810
2025-07-08 02:10:00,4300,56820,56780,56800,56820,56840,56800,56820,56830,56830,56790,56810,56825
2025-07-08 02:15:00,2300,56880,56820,56820,56880,56900,56830,56830,56890,56890,56825,56825,56885
2025-07-08 02:20:00,4600,56920,56860,56880,56880,56940,56880,56890,56900,56930,56870,56885,56890
2025-07-08 02:25:00,5800,56940,56870,56880,56930,56950,56890,56900,56950,56945,56880,56890,56940
2025-07-08 02:30:00,3100,56930,56930,56930,56930,56950,56950,56950,56950,56940,56940,56940,56940
2025-07-08 03:30:00,22600,56980,56800,56880,56960,56990,56820,56890,56980,56985,56810,56885,56970
2025-07-08 03:35:00,3800,56970,56910,56960,56920,56990,56920,56980,56940,56980,56915,56970,56930
2025-07-08 03:40:00,4500,56970,56900,56920,56920,56990,56910,56940,56940,56975,56905,56930,56930
2025-07-08 03:45:00,1200,56930,56900,56920,56900,56940,56910,56940,56910,56935,56905,56930,56905
2025-07-08 03:50:00,3000,56900,56830,56900,56850,56910,56850,56910,56870,56905,56840,56905,56860
2025-07-08 03:55:00,3600,56900,56840,56850,56880,56920,56850,56870,56910,56910,56845,56860,56895
2025-07-08 04:00:00,4300,56880,56820,56880,56830,56910,56830,56910,56840,56895,56825,56895,56835
2025-07-08 04:05:00,2400,56850,56830,56830,56830,56860,56840,56840,56850,56855,56835,56835,56840
2025-07-08 04:10:00,2800,56910,56830,56830,56900,56930,56850,56850,56920,56920,56840,56840,56910
2025-07-08 04:15:00,4200,56910,56880,56900,56910,56930,56900,56920,56930,56920,56890,56910,56920
2025-07-08 04:20:00,3300,56910,56860,56910,56860,56930,56880,56930,56880,56920,56870,56920,56870
2025-07-08 04:25:00,3900,56900,56850,56860,56900,56920,56870,56880,56920,56910,56860,56870,56910
2025-07-08 04:30:00,12000,56900,56770,56900,56820,56920,56790,56920,56830,56910,56780,56910,56825
2025-07-08 04:35:00,3800,56870,56820,56820,56870,56890,56830,56830,56890,56880,56825,56825,56880
2025-07-08 04:40:00,3200,56930,56850,56870,56930,56940,56860,56890,56940,56935,56855,56880,56935
2025-07-08 04:45:00,7600,56990,56930,56930,56970,57000,56940,56940,56990,56995,56935,56935,56980
2025-07-08 04:50:00,2700,56990,56940,56970,56990,57000,56950,56990,57000,56995,56945,56980,56995
2025-07-08 04:55:00,1900,56990,56960,56990,56960,57000,56970,57000,56970,56995,56965,56995,56965
2025-07-08 05:00:00,6300,56990,56920,56960,56920,57000,56930,56970,56930,56995,56925,56965,56925
2025-07-08 05:05:00,2100,56920,56900,56920,56900,56940,56910,56930,56920,56930,56905,56925,56910
2025-07-08 05:10:00,3500,56900,56880,56900,56890,56920,56890,56920,56910,56910,56885,56910,56900
2025-07-08 05:15:00,3500,56920,56880,56890,56910,56940,56890,56910,56920,56930,56885,56900,56915
2025-07-08 05:20:00,2500,56930,56900,56910,56910,56960,56910,56920,56920,56945,56905,56915,56915
2025-07-08 05:25:00,4500,56920,56890,56910,56890,56940,56900,56920,56900,56930,56895,56915,56895
2025-07-08 05:30:00,4400,56900,56830,56890,56850,56920,56850,56900,56860,56910,56845,56895,56855
2025-07-08 05:35:00,3900,56900,56850,56850,56890,56920,56860,56860,56900,56910,56855,56855,56895
2025-07-08 05:40:00,4000,56930,56890,56890,56920,56940,56900,56900,56930,56935,56895,56895,56925
2025-07-08 05:45:00,5800,56920,56880,56920,56890,56930,56890,56930,56900,56925,56885,56925,56895
2025-07-08 05:50:00,3600,56890,56860,56890,56880,56900,56880,56900,56890,56895,56870,56895,56885
2025-07-08 05:55:00,3000,56880,56850,56880,56850,56890,56870,56890,56870,56885,56860,56885,56860
2025-07-08 06:00:00,5700,56860,56810,56860,56810,56880,56820,56870,56830,56865,56815,56865,56820
2025-07-08 06:05:00,10600,56810,56680,56810,56690,56830,56690,56830,56700,56820,56685,56820,56695
2025-07-08 06:10:00,6600,56700,56660,56690,56670,56720,56670,56700,56680,56710,56665,56695,56675
2025-07-08 06:15:00,8900,56850,56670,56670,56810,56870,56690,56690,56830,56860,56680,56680,56820
2025-07-08 06:20:00,11000,56820,56710,56810,56710,56840,56750,56830,56750,56830,56730,56820,56730
2025-07-08 06:25:00,,58640,56370,57310,56730,58650,56380,57310,56740,58645,56375,57310,56735
2025-07-08 06:30:00,239400,56720,56720,56720,56720,56740,56740,56740,56740,56730,56730,56730,56730
2025-07-09 00:00:00,77100,56450,56010,56140,56370,56510,56020,56140,56430,56475,56015,56140,56400
2025-07-09 00:05:00,9800,56620,56370,56370,56500,56660,56410,56430,56530,56640,56395,56400,56515
2025-07-09 00:10:00,8800,56550,56360,56500,56380,56590,56390,56530,56410,56570,56375,56515,56395
2025-07-09 00:15:00,4100,56460,56360,56380,56390,56480,56400,56410,56420,56470,56380,56395,56405
2025-07-09 00:20:00,7000,56410,56200,56390,56240,56450,56230,56420,56250,56430,56215,56405,56245
2025-07-09 00:25:00,8300,56250,56060,56240,56140,56270,56090,56250,56180,56260,56075,56245,56160
2025-07-09 00:30:00,9500,56140,56020,56140,56080,56180,56040,56180,56110,56160,56030,56160,56095
2025-07-09 00:35:00,8200,56120,56010,56080,56030,56150,56020,56100,56060,56135,56015,56090,56045
2025-07-09 00:40:00,5400,56060,56000,56030,56020,56070,56020,56070,56040,56065,56010,56050,56030
2025-07-09 00:45:00,13600,56070,55960,56020,56050,56090,55980,56040,56070,56080,55970,56030,56060
2025-07-09 00:50:00,4800,56130,56040,56050,56090,56140,56060,56070,56120,56135,56050,56060,56105
2025-07-09 00:55:00,3300,56110,56060,56090,56110,56130,56080,56120,56130,56120,56070,56105,56120
2025-07-09 01:00:00,3400,56150,56090,56110,56140,56170,56120,56130,56170,56160,56105,56120,56155
2025-07-09 01:05:00,3200,56260,56140,56140,56250,56280,56160,56170,56270,56265,56150,56155,56260
2025-07-09 01:10:00,6000,56280,56190,56250,56210,56300,56220,56270,56230,56290,56205,56260,56220
2025-07-09 01:15:00,2500,56220,56180,56210,56180,56250,56200,56230,56210,56235,56190,56220,56195
2025-07-09 01:20:00,2300,56200,56130,56180,56190,56230,56170,56210,56210,56215,56150,56195,56200
2025-07-09 01:25:00,1700,56260,56180,56190,56240,56280,56200,56210,56260,56270,56190,56200,56250
2025-07-09 01:30:00,2100,56240,56150,56240,56210,56270,56160,56260,56240,56255,56155,56250,56225
2025-07-09 01:35:00,2000,56290,56210,56210,56290,56300,56240,56240,56300,56295,56225,56225,56295
2025-07-09 01:40:00,2900,56300,56250,56290,56260,56310,56260,56300,56280,56305,56255,56295,56270
2025-07-09 01:45:00,1200,56270,56200,56260,56230,56300,56240,56280,56250,56285,56220,56270,56240
2025-07-09 01:50:00,2100,56240,56170,56230,56200,56260,56200,56250,56230,56250,56185,56240,56215
2025-07-09 01:55:00,800,56240,56200,56210,56220,56270,56220,56230,56250,56255,56210,56220,56235
2025-07-09 02:00:00,2800,56320,56220,56220,56310,56350,56240,56250,56330,56335,56230,56235,56320
2025-07-09 02:05:00,1800,56310,56280,56310,56280,56330,56300,56330,56310,56320,56290,56320,56295
2025-07-09 02:10:00,1000,56300,56250,56280,56250,56330,56270,56310,56270,56315,56260,56295,56260
2025-07-09 02:15:00,2300,56270,56220,56250,56250,56300,56250,56270,56270,56285,56235,56260,56260
2025-07-09 02:20:00,1600,56290,56240,56250,56260,56310,56270,56270,56280,56300,56255,56260,56270
2025-07-09 02:25:00,2900,56280,56250,56260,56250,56300,56270,56280,56280,56290,56265,56270,56265
2025-07-09 02:30:00,10400,56220,56220,56220,56220,56280,56280,56280,56280,56250,56250,56250,56250
2025-07-09 03:30:00,32200,56210,56030,56210,56170,56270,56080,56220,56180,56230,56055,56215,56175
2025-07-09 03:35:00,3200,56170,56080,56170,56110,56180,56100,56180,56140,56175,56090,56175,56125
2025-07-09 03:40:00,1300,56150,56110,56110,56130,56170,56140,56140,56150,56160,56125,56125,56140
2025-07-09 03:45:00,2300,56130,56070,56130,56100,56150,56090,56150,56120,56140,56080,56140,56110
2025-07-09 03:50:00,700,56110,56100,56100,56100,56120,56120,56120,56120,56115,56110,56110,56110
2025-07-09 03:55:00,4500,56110,56050,56100,56080,56120,56070,56120,56100,56115,56060,56110,56090
2025-07-09 04:00:00,2500,56090,56060,56080,56080,56110,56070,56100,56100,56100,56065,56090,56090
2025-07-09 04:05:00,4100,56120,56070,56080,56110,56140,56090,56100,56130,56130,56080,56090,56120
2025-07-09 04:10:00,2200,56130,56090,56110,56100,56140,56100,56130,56110,56135,56095,56120,56105
2025-07-09 04:15:00,3300,56110,56080,56100,56080,56120,56090,56110,56090,56115,56085,56105,56085
2025-07-09 04:20:00,3300,56080,56030,56080,56030,56090,56050,56090,56050,56085,56040,56085,56040
2025-07-09 04:25:00,4400,56040,56000,56030,56040,56060,56020,56050,56050,56050,56010,56040,56045
2025-07-09 04:30:00,2400,56060,56030,56040,56040,56080,56050,56050,56060,56070,56045,56045,56050
2025-07-09 04:35:00,2000,56080,56020,56040,56080,56100,56040,56060,56090,56090,56030,56050,56085
2025-07-09 04:40:00,7300,56170,56070,56080,56150,56180,56090,56090,56160,56175,56080,56085,56155
2025-07-09 04:45:00,2100,56150,56100,56150,56110,56160,56110,56160,56130,56155,56105,56155,56120
2025-07-09 04:50:00,1100,56140,56110,56110,56130,56150,56120,56130,56150,56145,56115,56120,56140
2025-07-09 04:55:00,1700,56130,56100,56130,56110,56150,56110,56150,56140,56140,56105,56140,56125
2025-07-09 05:00:00,1700,56160,56110,56110,56160,56180,56120,56130,56180,56170,56115,56120,56170
2025-07-09 05:05:00,2300,56160,56130,56160,56150,56180,56150,56180,56170,56170,56140,56170,56160
2025-07-09 05:10:00,1200,56150,56130,56150,56130,56170,56140,56170,56140,56160,56135,56160,56135
2025-07-09 05:15:00,3800,56200,56130,56130,56160,56210,56140,56140,56180,56205,56135,56135,56170
2025-07-09 05:20:00,2300,56180,56140,56160,56140,56200,56150,56170,56150,56190,56145,56165,56145
2025-07-09 05:25:00,3100,56170,56120,56140,56170,56200,56140,56150,56190,56185,56130,56145,56180
2025-07-09 05:30:00,2900,56190,56150,56170,56180,56210,56160,56190,56200,56200,56155,56180,56190
2025-07-09 05:35:00,5000,56210,56150,56180,56160,56220,56170,56200,56180,56215,56160,56190,56170
2025-07-09 05:40:00,3100,56220,56150,56150,56210,56230,56160,56180,56230,56225,56155,56165,56220
2025-07-09 05:45:00,4000,56240,56210,56210,56240,56260,56220,56230,56260,56250,56215,56220,56250
2025-07-09 05:50:00,1300,56250,56230,56240,56230,56260,56240,56260,56250,56255,56235,56250,56240
2025-07-09 05:55:00,2400,56240,56220,56230,56220,56250,56230,56250,56230,56245,56225,56240,56225
2025-07-09 06:00:00,1200,56230,56220,56220,56220,56250,56230,56230,56230,56240,56225,56225,56225
2025-07-09 06:05:00,4700,56220,56130,56220,56170,56230,56150,56230,56180,56225,56140,56225,56175
2025-07-09 06:10:00,6200,56190,56110,56170,56130,56220,56130,56180,56160,56205,56120,56175,56145
2025-07-09 06:15:00,4100,56180,56130,56130,56160,56210,56160,56160,56180,56190,56145,56145,56170
2025-07-09 06:20:00,7000,56200,56160,56160,56190,56220,56170,56180,56210,56210,56165,56170,56200
2025-07-09 06:25:00,,56460,55950,56290,56270,56470,55950,56300,56280,56465,55950,56295,56275
2025-07-09 06:30:00,106300,56200,56200,56200,56200,56300,56300,56300,56300,56250,56250,56250,56250
2025-07-10 00:00:00,81000,56180,55500,56160,55580,56280,55530,56170,55620,56225,55515,56165,55600
2025-07-10 00:05:00,23600,55650,55430,55580,55500,55690,55440,55620,55530,55670,55435,55600,55515
2025-07-10 00:10:00,11800,55540,55400,55500,55480,55570,55420,55530,55510,55555,55410,55515,55495
2025-07-10 00:15:00,4000,55540,55470,55480,55530,55570,55500,55510,55550,55555,55485,55495,55540
2025-07-10 00:20:00,6200,55580,55450,55530,55460,55600,55460,55550,55490,55590,55455,55540,55475
2025-07-10 00:25:00,6200,55530,55450,55460,55460,55550,55470,55490,55490,55540,55460,55475,55475
2025-07-10 00:30:00,4200,55580,55450,55460,55560,55600,55470,55490,55590,55590,55460,55475,55575
2025-07-10 00:35:00,7500,55580,55470,55560,55550,55600,55510,55590,55570,55590,55490,55575,55560
2025-07-10 00:40:00,5500,55550,55470,55550,55520,55570,55490,55570,55540,55560,55480,55560,55530
2025-07-10 00:45:00,3500,55540,55490,55520,55520,55550,55500,55540,55540,55545,55495,55530,55530
2025-07-10 00:50:00,4400,55520,55470,55520,55490,55540,55490,55540,55510,55530,55480,55530,55500
2025-07-10 00:55:00,2400,55530,55470,55490,55500,55540,55490,55510,55520,55535,55480,55500,55510
2025-07-10 01:00:00,3200,55520,55470,55500,55490,55540,55490,55520,55510,55530,55480,55510,55500
2025-07-10 01:05:00,12500,55530,55430,55490,55450,55550,55450,55510,55490,55540,55440,55500,55470
2025-07-10 01:10:00,4700,55540,55440,55460,55510,55550,55450,55490,55530,55545,55445,55475,55520
2025-07-10 01:15:00,2000,55530,55500,55510,55520,55540,55510,55530,55540,55535,55505,55520,55530
2025-07-10 01:20:00,5800,55590,55500,55520,55580,55610,55520,55540,55600,55600,55510,55530,55590
2025-07-10 01:25:00,4200,55590,55490,55580,55500,55610,55500,55600,55520,55600,55495,55590,55510
2025-07-10 01:30:00,3600,55530,55490,55500,55500,55560,55500,55520,55520,55545,55495,55510,55510
2025-07-10 01:35:00,5000,55570,55500,55500,55560,55590,55520,55530,55580,55580,55510,55515,55570
2025-07-10 01:40:00,2900,55600,55560,55560,55580,55620,55570,55580,55600,55610,55565,55570,55590
2025-07-10 01:45:00,3400,55590,55550,55580,55550,55610,55560,55600,55560,55600,55555,55590,55555
2025-07-10 01:50:00,4200,55600,55540,55550,55560,55620,55550,55560,55580,55610,55545,55555,55570
2025-07-10 01:55:00,2600,55560,55510,55560,55530,55590,55540,55580,55550,55575,55525,55570,55540
2025-07-10 02:00:00,6300,55530,55500,55530,55500,55550,55510,55550,55520,55540,55505,55540,55510
2025-07-10 02:05:00,3400,55540,55500,55500,55520,55550,55520,55520,55540,55545,55510,55510,55530
2025-07-10 02:10:00,4500,55550,55510,55520,55530,55570,55520,55540,55550,55560,55515,55530,55540
2025-07-10 02:15:00,2200,55540,55500,55530,55500,55560,55510,55550,55510,55550,55505,55540,55505
2025-07-10 02:20:00,17900,55550,55460,55500,55510,55570,55470,55510,55530,55560,55465,55505,55520
2025-07-10 02:25:00,1900,55530,55500,55510,55500,55550,55510,55530,55540,55535,55505,55520,55520
2025-07-10 02:30:00,1700,,,,,,,,,,,,
2025-07-10 03:30:00,14500,55540,55470,55470,55480,55560,55480,55480,55510,55545,55475,55475,55495
2025-07-10 03:35:00,2900,55500,55460,55480,55460,55510,55470,55510,55480,55505,55465,55495,55470
2025-07-10 03:40:00,17200,55460,55350,55460,55360,55480,55370,55480,55380,55470,55360,55470,55370
2025-07-10 03:45:00,5300,55390,55330,55360,55380,55400,55350,55380,55400,55395,55340,55370,55390
2025-07-10 03:50:00,1900,55400,55370,55380,55380,55420,55380,55400,55390,55405,55375,55390,55385
2025-07-10 03:55:00,3000,55400,55350,55380,55360,55420,55360,55390,55370,55405,55355,55385,55365
2025-07-10 04:00:00,1100,55380,55360,55360,55360,55390,55370,55370,55380,55385,55365,55365,55370
2025-07-10 04:05:00,7900,55370,55300,55360,55310,55380,55310,55380,55330,55375,55305,55370,55320
2025-07-10 04:10:00,4100,55340,55280,55310,55340,55360,55290,55330,55360,55350,55285,55320,55350
2025-07-10 04:15:00,3500,55400,55330,55340,55400,55430,55350,55360,55430,55415,55340,55350,55415
2025-07-10 04:20:00,4100,55400,55300,55400,55340,55430,55320,55430,55360,55415,55310,55415,55350
2025-07-10 04:25:00,4000,55380,55330,55340,55380,55400,55350,55360,55400,55390,55340,55350,55390
2025-07-10 04:30:00,3600,55390,55340,55380,55350,55400,55370,55400,55370,55395,55355,55390,55360
2025-07-10 04:35:00,2100,55350,55300,55350,55310,55370,55310,55370,55320,55360,55305,55360,55315
2025-07-10 04:40:00,2400,55330,55300,55310,55330,55350,55310,55320,55350,55340,55305,55315,55340
2025-07-10 04:45:00,4000,55410,55330,55330,55370,55430,55340,55350,55400,55420,55335,55340,55385
2025-07-10 04:50:00,2700,55420,55350,55370,55410,55430,55390,55400,55430,55425,55370,55385,55420
2025-07-10 04:55:00,3100,55440,55360,55410,55410,55460,55380,55430,55420,55450,55370,55420,55415
2025-07-10 05:00:00,5000,55480,55410,55410,55450,55490,55420,55420,55470,55485,55415,55415,55460
2025-07-10 05:05:00,2200,55450,55400,55450,55410,55470,55420,55470,55420,55460,55410,55460,55415
2025-07-10 05:10:00,2300,55410,55360,55410,55370,55420,55370,55420,55390,55415,55365,55415,55380
2025-07-10 05:15:00,3900,55380,55340,55370,55370,55390,55350,55380,55390,55385,55345,55375,55380
2025-07-10 05:20:00,2100,55370,55330,55370,55330,55390,55340,55390,55340,55380,55335,55380,55335
2025-07-10 05:25:00,3400,55360,55330,55330,55360,55390,55340,55340,55380,55375,55335,55335,55370
2025-07-10 05:30:00,3500,55370,55340,55360,55370,55390,55350,55380,55390,55380,55345,55370,55380
2025-07-10 05:35:00,2700,55370,55350,55370,55370,55390,55360,55390,55380,55380,55355,55380,55375
2025-07-10 05:40:00,7300,55390,55330,55370,55350,55410,55340,55380,55370,55400,55335,55375,55360
2025-07-10 05:45:00,4200,55380,55330,55350,55370,55390,55340,55370,55390,55385,55335,55360,55380
2025-07-10 05:50:00,2300,55400,55370,55370,55380,55410,55390,55390,55400,55405,55380,55380,55390
2025-07-10 05:55:00,7900,55470,55380,55380,55450,55480,55400,55400,55470,55475,55390,55390,55460
2025-07-10 06:00:00,5600,55480,55430,55450,55450,55490,55450,55470,55470,55485,55440,55460,55460
2025-07-10 06:05:00,6300,55480,55440,55450,55480,55500,55460,55470,55500,55490,55450,55460,55490
2025-07-10 06:10:00,8300,55520,55480,55480,55500,55530,55490,55500,55520,55525,55485,55490,55510
2025-07-10 06:15:00,5100,55540,55500,55500,55500,55550,55510,55530,55520,55545,55505,55515,55510
2025-07-10 06:20:00,8200,55510,55460,55500,55460,55540,55480,55520,55510,55525,55470,55510,55485
2025-07-10 06:25:00,,57790,55100,57760,55480,57800,55110,57760,55490,57795,55105,57760,55485
2025-07-10 06:30:00,261600,55470,55470,55470,55470,55520,55520,55520,55520,55495,55495,55495,55495
2025-07-11 00:00:00,93800,56310,55790,56120,56220,56370,56100,56130,56260,56335,56015,56125,56240
2025-07-11 00:05:00,13800,56230,56050,56220,56100,56260,56080,56260,56120,56245,56065,56240,56110
2025-07-11 00:10:00,31400,56630,56080,56100,56480,56660,56110,56120,56520,56645,56095,56110,56500
2025-07-11 00:15:00,10900,56590,56030,56480,56060,56620,56060,56520,56090,56605,56045,56500,56075
2025-07-11 00:20:00,10000,56060,55740,56060,55770,56100,55760,56090,55790,56080,55750,56075,55780
2025-07-11 00:25:00,8900,55770,55630,55770,55670,55800,55650,55790,55700,55780,55645,55780,55685
2025-07-11 00:30:00,4800,55720,55610,55670,55660,55750,55620,55700,55700,55735,55615,55685,55680
2025-07-11 00:35:00,3500,55730,55610,55660,55610,55760,55630,55700,55640,55740,55620,55680,55625
2025-07-11 00:40:00,3400,55690,55600,55610,55610,55700,55610,55640,55640,55695,55605,55625,55625
2025-07-11 00:45:00,2300,55710,55600,55610,55680,55730,55630,55640,55710,55720,55615,55625,55695
2025-07-11 00:50:00,4500,55750,55630,55680,55650,55760,55670,55710,55690,55755,55650,55695,55670
2025-07-11 00:55:00,5500,55750,55610,55650,55660,55770,55630,55690,55690,55760,55625,55670,55675
2025-07-11 01:00:00,4700,55670,55590,55660,55590,55700,55600,55690,55610,55685,55595,55675,55600
2025-07-11 01:05:00,4900,55600,55520,55590,55560,55620,55530,55610,55600,55610,55525,55600,55580
2025-07-11 01:10:00,1500,55580,55520,55560,55530,55600,55540,55600,55560,55585,55530,55580,55545
2025-07-11 01:15:00,1700,55630,55530,55530,55580,55670,55560,55560,55600,55650,55545,55545,55590
2025-07-11 01:20:00,3500,55720,55580,55580,55700,55730,55600,55600,55720,55725,55590,55590,55710
2025-07-11 01:25:00,3000,55720,55620,55700,55620,55740,55650,55720,55650,55725,55635,55710,55635
2025-07-11 01:30:00,2100,55700,55620,55620,55690,55740,55640,55650,55730,55715,55630,55635,55710
2025-07-11 01:35:00,3000,55770,55670,55690,55770,55800,55700,55730,55800,55785,55685,55710,55785
2025-07-11 01:40:00,3700,55810,55730,55770,55790,55830,55760,55800,55810,55820,55745,55785,55800
2025-07-11 01:45:00,2200,55790,55740,55790,55740,55810,55760,55810,55760,55800,55750,55800,55750
2025-07-11 01:50:00,3200,55740,55630,55740,55630,55760,55660,55760,55660,55750,55645,55750,55645
2025-07-11 01:55:00,3200,55640,55550,55630,55600,55660,55580,55660,55630,55650,55565,55645,55615
2025-07-11 02:00:00,1500,55680,55600,55600,55670,55710,55630,55630,55690,55695,55615,55615,55680
2025-07-11 02:05:00,1600,55690,55600,55670,55620,55700,55630,55690,55650,55695,55615,55680,55635
2025-07-11 02:10:00,2300,55720,55610,55630,55720,55740,55640,55650,55740,55730,55625,55640,55730
2025-07-11 02:15:00,3700,55780,55650,55720,55770,55800,55680,55740,55800,55790,55670,55730,55785
2025-07-11 02:20:00,2800,55770,55720,55770,55730,55800,55740,55800,55750,55785,55730,55785,55740
2025-07-11 02:25:00,2200,55740,55700,55730,55710,55760,55730,55750,55750,55750,55715,55740,55730
2025-07-11 02:30:00,3100,55710,55710,55710,55710,55750,55750,55750,55750,55730,55730,55730,55730
2025-07-11 03:30:00,12200,55740,55700,55700,55730,55790,55730,55750,55750,55765,55715,55725,55740
2025-07-11 03:35:00,3400,55790,55720,55730,55790,55810,55740,55750,55810,55800,55730,55740,55800
2025-07-11 03:40:00,2500,55800,55750,55790,55770,55810,55760,55810,55800,55805,55755,55800,55785
2025-07-11 03:45:00,3500,55850,55780,55780,55840,55880,55800,55800,55860,55865,55790,55790,55850
2025-07-11 03:50:00,1300,55850,55790,55840,55840,55870,55810,55860,55850,55855,55800,55850,55845
2025-07-11 03:55:00,1300,55860,55800,55840,55830,55880,55820,55850,55850,55870,55810,55845,55840
2025-07-11 04:00:00,1200,55830,55760,55830,55760,55850,55780,55850,55790,55840,55770,55840,55775
2025-07-11 04:05:00,1400,55780,55730,55760,55780,55810,55750,55790,55810,55795,55740,55775,55795
2025-07-11 04:10:00,1300,55800,55780,55780,55790,55820,55790,55810,55820,55810,55785,55795,55805
2025-07-11 04:15:00,900,55790,55730,55790,55730,55820,55760,55820,55760,55805,55745,55805,55745
2025-07-11 04:20:00,1300,55810,55730,55730,55810,55820,55750,55760,55820,55815,55740,55745,55815
2025-07-11 04:25:00,1900,55850,55800,55810,55840,55870,55810,55820,55870,55860,55805,55815,55855
2025-07-11 04:30:00,1100,55840,55790,55840,55800,55870,55800,55870,55820,55855,55795,55855,55810
2025-07-11 04:35:00,900,55830,55790,55800,55830,55850,55810,55820,55850,55840,55800,55810,55840
2025-07-11 04:40:00,5700,55970,55830,55830,55960,56000,55850,55850,55990,55985,55840,55840,55975
2025-07-11 04:45:00,3300,56010,55960,55960,56010,56040,55970,55990,56030,56025,55965,55975,56020
2025-07-11 04:50:00,3900,56060,56010,56010,56030,56090,56030,56030,56050,56075,56020,56020,56040
2025-07-11 04:55:00,4300,56040,55990,56030,55990,56070,56010,56050,56010,56055,56000,56040,56000
2025-07-11 05:00:00,3600,56070,55950,55990,56070,56090,55960,56010,56090,56080,55955,56000,56080
2025-07-11 05:05:00,3400,56100,56070,56070,56080,56110,56080,56090,56100,56105,56075,56080,56090
2025-07-11 05:10:00,3300,56100,56050,56080,56050,56120,56080,56100,56080,56110,56065,56090,56065
2025-07-11 05:15:00,2900,56050,56030,56050,56030,56080,56040,56070,56050,56065,56035,56060,56040
2025-07-11 05:20:00,2900,56070,56020,56030,56040,56080,56040,56050,56060,56075,56030,56040,56050
2025-07-11 05:25:00,3100,56050,56030,56040,56030,56060,56040,56060,56050,56055,56035,56050,56040
2025-07-11 05:30:00,5600,56050,55930,56030,55940,56060,55950,56050,55970,56055,55940,56040,55955
2025-07-11 05:35:00,2300,55950,55880,55940,55880,55970,55890,55970,55890,55960,55885,55955,55885
2025-07-11 05:40:00,4000,55880,55810,55880,55840,55890,55830,55890,55850,55885,55820,55885,55845
2025-07-11 05:45:00,20300,55840,55660,55840,55660,55850,55680,55850,55680,55845,55670,55845,55670
2025-07-11 05:50:00,8800,55690,55620,55660,55660,55700,55640,55680,55690,55695,55630,55670,55675
2025-07-11 05:55:00,8100,55680,55590,55660,55590,55700,55600,55690,55610,55690,55595,55675,55600
2025-07-11 06:00:00,6800,55610,55550,55590,55580,55630,55560,55610,55600,55620,55555,55600,55590
2025-07-11 06:05:00,4600,55660,55580,55580,55650,55670,55600,55600,55660,55665,55590,55590,55655
2025-07-11 06:10:00,5900,55660,55630,55650,55640,55680,55640,55660,55650,55670,55635,55655,55645
2025-07-11 06:15:00,7300,55690,55630,55640,55680,55710,55640,55650,55700,55700,55635,55645,55690
2025-07-11 06:20:00,11400,55700,55650,55680,55650,55720,55660,55700,55680,55710,55655,55690,55665
2025-07-11 06:25:00,,55580,54320,55500,55580,55590,54330,55510,55590,55585,54325,55505,55585
2025-07-11 06:30:00,103500,55570,55570,55570,55570,55620,55620,55620,55620,55595,55595,55595,55595
2025-07-14 00:00:00,60500,55130,54930,55000,55090,55300,54960,55010,55130,55165,54945,55005,55110
2025-07-14 00:05:00,8100,55170,55000,55090,55160,55210,55030,55130,55190,55190,55015,55110,55175
2025-07-14 00:10:00,6800,55160,55040,55160,55050,55190,55060,55190,55080,55175,55050,55175,55065
2025-07-14 00:15:00,7100,55080,55000,55050,55020,55100,55020,55080,55040,55090,55010,55065,55030
2025-07-14 00:20:00,6700,55090,54980,55020,55050,55120,55000,55040,55080,55100,54990,55030,55065
2025-07-14 00:25:00,3500,55160,55030,55050,55060,55180,55060,55080,55090,55170,55045,55065,55075
2025-07-14 00:30:00,2500,55150,55060,55070,55130,55170,55070,55090,55160,55160,55065,55080,55145
2025-07-14 00:35:00,1500,55150,55100,55130,55120,55170,55120,55160,55140,55160,55110,55145,55130
2025-07-14 00:40:00,3400,55140,55070,55120,55120,55170,55080,55140,55140,55150,55075,55130,55130
2025-07-14 00:45:00,3100,55150,55110,55120,55150,55160,55130,55140,55160,55155,55120,55130,55155
2025-07-14 00:50:00,1800,55150,55080,55150,55100,55160,55100,55160,55120,55155,55090,55155,55110
2025-07-14 00:55:00,2400,55150,55090,55100,55140,55170,55110,55120,55170,55160,55100,55110,55155
2025-07-14 01:00:00,2800,55190,55100,55140,55130,55200,55130,55170,55150,55195,55115,55155,55140
2025-07-14 01:05:00,2900,55160,55100,55130,55100,55190,55120,55150,55120,55175,55110,55140,55110
2025-07-14 01:10:00,2600,55110,55060,55100,55070,55130,55080,55120,55100,55120,55075,55110,55085
2025-07-14 01:15:00,2200,55120,55070,55070,55110,55140,55090,55090,55130,55130,55080,55080,55120
2025-07-14 01:20:00,1000,55150,55110,55110,55120,55170,55130,55130,55140,55160,55120,55120,55130
2025-07-14 01:25:00,1600,55160,55120,55120,55140,55190,55140,55140,55160,55175,55130,55130,55150
2025-07-14 01:30:00,1800,55160,55120,55140,55160,55180,55140,55160,55180,55170,55130,55150,55170
2025-07-14 01:35:00,2300,55180,55140,55160,55180,55190,55160,55180,55190,55185,55150,55170,55185
2025-07-14 01:40:00,1800,55210,55170,55180,55200,55220,55190,55190,55210,55215,55180,55185,55205
2025-07-14 01:45:00,2900,55210,55160,55200,55200,55230,55190,55210,55220,55220,55175,55205,55210
2025-07-14 01:50:00,1500,55200,55180,55200,55200,55220,55190,55220,55220,55210,55185,55210,55210
2025-07-14 01:55:00,1600,55210,55180,55200,55190,55220,55190,55220,55210,55215,55185,55210,55200
2025-07-14 02:00:00,4900,55230,55180,55190,55200,55250,55190,55210,55230,55240,55185,55200,55215
2025-07-14 02:05:00,900,55240,55210,55210,55240,55260,55230,55230,55260,55250,55220,55220,55250
2025-07-14 02:10:00,500,55260,55230,55240,55250,55290,55260,55260,55270,55275,55245,55250,55260
2025-07-14 02:15:00,2400,55260,55220,55260,55230,55270,55230,55270,55240,55265,55225,55265,55235
2025-07-14 02:20:00,2400,55280,55220,55230,55270,55300,55240,55240,55290,55290,55230,55235,55280
2025-07-14 02:25:00,3300,55310,55270,55270,55290,55330,55290,55290,55320,55320,55280,55280,55305
2025-07-14 02:30:00,1800,55280,55280,55280,55280,55320,55320,55320,55320,55300,55300,55300,55300
2025-07-14 03:30:00,11000,55300,55220,55290,55250,55330,55250,55330,55270,55315,55235,55310,55260
2025-07-14 03:35:00,1800,55260,55240,55250,55250,55280,55260,55270,55270,55265,55250,55260,55260
2025-07-14 03:40:00,1400,55280,55250,55250,55270,55290,55270,55270,55290,55285,55260,55260,55280
2025-07-14 03:45:00,2900,55340,55270,55270,55340,55360,55290,55290,55360,55350,55280,55280,55350
2025-07-14 03:50:00,2100,55380,55300,55340,55380,55390,55320,55360,55390,55385,55310,55350,55385
2025-07-14 03:55:00,1200,55380,55350,55380,55360,55390,55370,55390,55380,55385,55365,55385,55370
2025-07-14 04:00:00,1300,55380,55350,55360,55370,55390,55380,55380,55390,55385,55365,55370,55380
2025-07-14 04:05:00,2400,55390,55360,55370,55360,55400,55370,55390,55380,55395,55365,55380,55370
2025-07-14 04:10:00,2200,55390,55360,55360,55380,55400,55370,55380,55400,55395,55365,55370,55390
2025-07-14 04:15:00,700,55380,55360,55380,55360,55400,55380,55400,55380,55390,55370,55390,55370
2025-07-14 04:20:00,2100,55370,55280,55360,55280,55380,55300,55380,55300,55375,55290,55370,55290
2025-07-14 04:25:00,2200,55310,55280,55280,55280,55320,55290,55300,55300,55315,55285,55290,55290
2025-07-14 04:30:00,5400,55280,55230,55280,55230,55300,55240,55300,55240,55290,55235,55290,55235
2025-07-14 04:35:00,2100,55260,55210,55230,55250,55270,55220,55240,55270,55265,55215,55235,55260
2025-07-14 04:40:00,2300,55260,55210,55250,55210,55270,55220,55270,55230,55265,55215,55260,55220
2025-07-14 04:45:00,2700,55230,55190,55210,55190,55250,55200,55230,55200,55240,55195,55220,55195
2025-07-14 04:50:00,1300,55200,55180,55190,55180,55220,55190,55200,55190,55210,55185,55195,55185
2025-07-14 04:55:00,2600,55190,55170,55180,55170,55200,55180,55190,55180,55195,55175,55185,55175
2025-07-14 05:00:00,2600,55180,55140,55170,55140,55190,55150,55180,55150,55185,55145,55175,55145
2025-07-14 05:05:00,5100,55150,55110,55140,55140,55160,55120,55150,55150,55155,55115,55145,55145
2025-07-14 05:10:00,2100,55160,55130,55140,55150,55170,55140,55150,55160,55165,55135,55145,55155
2025-07-14 05:15:00,5200,55150,55100,55150,55110,55160,55120,55160,55130,55155,55110,55155,55120
2025-07-14 05:20:00,4200,55120,55100,55110,55110,55130,55110,55130,55120,55125,55105,55120,55115
2025-07-14 05:25:00,4500,55120,55090,55110,55110,55130,55100,55120,55120,55125,55095,55115,55115
2025-07-14 05:30:00,3000,55140,55110,55110,55120,55150,55120,55120,55140,55145,55115,55115,55130
2025-07-14 05:35:00,3100,55140,55110,55120,55120,55160,55120,55140,55130,55150,55115,55130,55125
2025-07-14 05:40:00,4000,55130,55080,55120,55080,55140,55100,55130,55100,55135,55090,55125,55090
2025-07-14 05:45:00,5200,55090,55070,55080,55080,55100,55080,55100,55090,55095,55075,55090,55085
2025-07-14 05:50:00,4600,55080,55050,55080,55050,55090,55060,55090,55070,55085,55055,55085,55060
2025-07-14 05:55:00,4000,55080,55050,55050,55080,55100,55060,55070,55100,55090,55055,55060,55090
2025-07-14 06:00:00,3000,55100,55050,55080,55050,55130,55060,55100,55060,55115,55055,55090,55055
2025-07-14 06:05:00,5900,55070,55030,55050,55060,55090,55050,55060,55080,55080,55040,55055,55070
2025-07-14 06:10:00,6200,55070,55020,55060,55040,55090,55040,55080,55060,55080,55030,55070,55050
2025-07-14 06:15:00,7700,55050,55000,55040,55040,55060,55020,55060,55060,55055,55010,55050,55050
2025-07-14 06:20:00,10400,55050,55010,55040,55030,55080,55030,55060,55050,55060,55020,55050,55040
2025-07-14 06:25:00,,54950,53570,54950,54930,54960,53570,54960,54940,54955,53570,54955,54935
2025-07-14 06:30:00,112200,54930,54930,54930,54930,55020,55020,55020,55020,54975,54975,54975,54975
2025-07-15 00:00:00,66500,55540,55150,55540,55260,55550,55160,55540,55280,55545,55155,55540,55270
2025-07-15 00:05:00,16600,55320,55070,55260,55080,55350,55120,55280,55120,55335,55095,55270,55100
2025-07-15 00:10:00,8900,55150,55010,55080,55080,55170,55040,55120,55100,55160,55025,55100,55090
2025-07-15 00:15:00,6800,55100,55010,55080,55020,55130,55020,55100,55050,55115,55015,55090,55035
2025-07-15 00:20:00,11800,55100,54960,55020,55070,55130,54990,55050,55100,55115,54975,55035,55085
2025-07-15 00:25:00,4400,55080,55010,55070,55040,55120,55030,55100,55070,55100,55025,55085,55055
2025-07-15 00:30:00,7500,55140,55030,55040,55100,55160,55050,55070,55130,55150,55040,55055,55115
2025-07-15 00:35:00,7900,55200,55090,55100,55190,55210,55110,55130,55210,55205,55100,55115,55200
2025-07-15 00:40:00,3300,55200,55060,55190,55060,55220,55070,55210,55070,55210,55065,55200,55065
2025-07-15 00:45:00,5500,55140,55020,55060,55130,55170,55030,55070,55170,55155,55025,55065,55150
2025-07-15 00:50:00,11600,55260,55120,55130,55180,55280,55150,55170,55200,55270,55135,55150,55190
2025-07-15 00:55:00,18500,55380,55170,55180,55320,55400,55190,55200,55340,55390,55180,55190,55330
2025-07-15 01:00:00,7200,55330,55220,55320,55280,55340,55240,55340,55300,55335,55230,55330,55290
2025-07-15 01:05:00,4000,55310,55250,55280,55290,55330,55270,55300,55310,55320,55260,55290,55300
2025-07-15 01:10:00,5000,55320,55260,55290,55300,55340,55270,55310,55330,55330,55265,55300,55315
2025-07-15 01:15:00,6900,55370,55280,55300,55280,55380,55310,55330,55320,55375,55300,55315,55300
2025-07-15 01:20:00,6700,55400,55280,55280,55390,55430,55310,55320,55420,55415,55295,55300,55405
2025-07-15 01:25:00,4800,55410,55360,55390,55360,55430,55380,55420,55380,55420,55370,55405,55370
2025-07-15 01:30:00,3800,55380,55340,55360,55350,55400,55350,55390,55370,55390,55345,55375,55360
2025-07-15 01:35:00,5000,55480,55340,55350,55480,55500,55370,55370,55500,55490,55355,55360,55490
2025-07-15 01:40:00,9400,55590,55430,55480,55590,55610,55460,55500,55610,55600,55445,55490,55600
2025-07-15 01:45:00,7300,55650,55540,55590,55570,55670,55570,55610,55580,55660,55555,55600,55575
2025-07-15 01:50:00,5400,55640,55540,55570,55550,55650,55560,55580,55580,55645,55550,55575,55565
2025-07-15 01:55:00,4600,55560,55460,55550,55490,55580,55480,55580,55520,55570,55470,55565,55505
2025-07-15 02:00:00,5400,55510,55410,55490,55440,55540,55430,55520,55460,55525,55420,55505,55450
2025-07-15 02:05:00,2900,55500,55420,55440,55470,55530,55440,55460,55500,55515,55430,55450,55485
2025-07-15 02:10:00,4100,55560,55470,55470,55520,55580,55480,55500,55550,55570,55475,55485,55535
2025-07-15 02:15:00,10500,55560,55430,55520,55560,55570,55450,55550,55570,55565,55440,55535,55565
2025-07-15 02:20:00,2500,55590,55540,55560,55570,55600,55560,55570,55590,55595,55550,55565,55580
2025-07-15 02:25:00,4500,55620,55570,55570,55580,55630,55590,55590,55600,55625,55580,55580,55590
2025-07-15 02:30:00,200,,,,,,,,,,,,
2025-07-15 03:30:00,12300,55630,55570,55620,55590,55650,55590,55630,55610,55640,55580,55625,55600
2025-07-15 03:35:00,5400,55700,55590,55590,55660,55730,55600,55610,55680,55715,55595,55600,55670
2025-07-15 03:40:00,2300,55670,55610,55660,55670,55700,55630,55680,55700,55685,55620,55670,55685
2025-07-15 03:45:00,3700,55700,55650,55670,55690,55720,55660,55700,55710,55710,55655,55685,55700
2025-07-15 03:50:00,1700,55690,55610,55690,55610,55710,55620,55710,55620,55700,55615,55700,55615
2025-07-15 03:55:00,2600,55610,55560,55610,55560,55620,55570,55620,55570,55615,55565,55615,55565
2025-07-15 04:00:00,7000,55570,55460,55560,55530,55590,55490,55570,55550,55580,55475,55565,55540
2025-07-15 04:05:00,1800,55560,55530,55530,55550,55570,55540,55550,55570,55565,55535,55540,55560
2025-07-15 04:10:00,2100,55560,55530,55560,55560,55580,55540,55570,55580,55570,55535,55565,55570
2025-07-15 04:15:00,200,55560,55550,55560,55550,55580,55560,55580,55570,55570,55555,55570,55560
2025-07-15 04:20:00,1500,55560,55540,55550,55540,55580,55550,55570,55560,55570,55545,55560,55550
2025-07-15 04:25:00,1100,55550,55520,55540,55540,55560,55550,55560,55550,55555,55535,55550,55545
2025-07-15 04:30:00,1100,55560,55510,55540,55510,55580,55530,55550,55540,55570,55520,55545,55525
2025-07-15 04:35:00,1900,55570,55510,55510,55560,55590,55540,55540,55580,55580,55525,55525,55570
2025-07-15 04:40:00,800,55560,55530,55560,55530,55580,55540,55580,55560,55570,55535,55570,55545
2025-07-15 04:45:00,400,55540,55520,55530,55530,55560,55540,55560,55550,55550,55530,55545,55540
2025-07-15 04:50:00,1200,55530,55510,55530,55520,55560,55520,55550,55540,55545,55515,55540,55530
2025-07-15 04:55:00,1500,55530,55510,55520,55510,55550,55520,55540,55530,55540,55515,55530,55520
2025-07-15 05:00:00,1200,55520,55500,55510,55510,55530,55510,55530,55520,55525,55505,55520,55515
2025-07-15 05:05:00,2500,55530,55500,55510,55520,55550,55510,55520,55550,55540,55505,55515,55535
2025-07-15 05:10:00,1900,55530,55490,55520,55490,55550,55500,55550,55500,55540,55495,55535,55495
2025-07-15 05:15:00,7600,55510,55410,55490,55510,55520,55420,55500,55520,55515,55415,55495,55515
2025-07-15 05:20:00,2100,55520,55500,55510,55520,55540,55510,55520,55540,55530,55505,55515,55530
2025-07-15 05:25:00,1700,55540,55510,55520,55530,55550,55520,55530,55550,55545,55515,55525,55540
2025-07-15 05:30:00,1800,55530,55500,55530,55500,55550,55510,55550,55530,55540,55505,55540,55515
2025-07-15 05:35:00,1600,55530,55490,55500,55490,55540,55510,55530,55520,55535,55500,55515,55505
2025-07-15 05:40:00,900,55510,55470,55490,55500,55520,55500,55520,55510,55515,55485,55505,55505
2025-07-15 05:45:00,2000,55510,55480,55500,55500,55520,55500,55510,55520,55515,55490,55505,55510
2025-07-15 05:50:00,1500,55520,55490,55500,55520,55530,55500,55520,55530,55525,55495,55510,55525
2025-07-15 05:55:00,2400,55520,55480,55520,55490,55530,55500,55530,55510,55525,55490,55525,55500
2025-07-15 06:00:00,4100,55580,55490,55490,55580,55590,55500,55510,55590,55585,55495,55500,55585
2025-07-15 06:05:00,3500,55600,55570,55580,55570,55610,55580,55590,55580,55605,55575,55585,55575
2025-07-15 06:10:00,6800,55670,55550,55570,55610,55680,55560,55580,55630,55675,55555,55575,55620
2025-07-15 06:15:00,6200,55690,55610,55610,55690,55710,55630,55630,55710,55700,55620,55620,55700
2025-07-15 06:20:00,14900,55720,55640,55690,55690,55730,55650,55710,55720,55725,55645,55700,55705
2025-07-15 06:25:00,,55740,55060,55600,55730,55750,55070,55610,55740,55745,55065,55605,55735
2025-07-15 06:30:00,96700,55710,55710,55710,55710,55750,55750,55750,55750,55730,55730,55730,55730
2025-07-16 00:00:00,53700,56400,55710,55970,55760,56460,55760,55980,55820,56430,55735,55975,55790
2025-07-16 00:05:00,7100,55770,55520,55760,55630,55820,55540,55820,55670,55795,55530,55790,55650
2025-07-16 00:10:00,5900,55680,55550,55630,55590,55720,55590,55670,55630,55700,55570,55650,55610
2025-07-16 00:15:00,3100,55650,55570,55590,55620,55690,55600,55630,55660,55670,55585,55610,55640
2025-07-16 00:20:00,2600,55640,55580,55620,55600,55680,55600,55660,55630,55660,55590,55640,55615
2025-07-16 00:25:00,5000,55620,55540,55600,55590,55660,55560,55630,55620,55640,55550,55615,55605
2025-07-16 00:30:00,4400,55720,55590,55590,55710,55740,55620,55620,55740,55730,55605,55605,55725
2025-07-16 00:35:00,5300,55870,55680,55720,55860,55890,55710,55740,55890,55880,55695,55730,55875
2025-07-16 00:40:00,3400,55900,55830,55860,55870,55920,55850,55890,55890,55910,55840,55875,55880
2025-07-16 00:45:00,7200,55990,55850,55870,55930,56000,55880,55890,55960,55995,55865,55880,55945
2025-07-16 00:50:00,6600,56030,55930,55930,56020,56060,55950,55960,56050,56045,55940,55945,56035
2025-07-16 00:55:00,7000,56190,56020,56020,56100,56200,56050,56050,56120,56195,56035,56035,56110
2025-07-16 01:00:00,5000,56140,56020,56100,56070,56150,56060,56120,56110,56145,56040,56110,56090
2025-07-16 01:05:00,2900,56100,55990,56070,56020,56110,56010,56110,56040,56105,56000,56090,56030
2025-07-16 01:10:00,6400,56100,55990,56020,56050,56120,56020,56040,56080,56110,56005,56030,56065
2025-07-16 01:15:00,2900,56050,55940,56050,55980,56080,55980,56080,56010,56065,55960,56065,55995
2025-07-16 01:20:00,1800,56010,55970,55980,55980,56030,56000,56000,56000,56020,55985,55990,55990
2025-07-16 01:25:00,3400,56050,55950,55970,55980,56070,55970,56000,56000,56055,55960,55985,55990
2025-07-16 01:30:00,2700,55980,55900,55980,55900,56000,55920,56000,55930,55990,55910,55990,55915
2025-07-16 01:35:00,4500,55920,55850,55900,55890,55940,55860,55930,55920,55930,55855,55915,55905
2025-07-16 01:40:00,3000,55980,55890,55890,55910,56000,55900,55920,55930,55990,55895,55905,55920
2025-07-16 01:45:00,2600,55910,55840,55910,55850,55930,55870,55930,55880,55920,55855,55920,55865
2025-07-16 01:50:00,4200,55900,55830,55860,55860,55930,55850,55880,55880,55915,55840,55870,55870
2025-07-16 01:55:00,4900,55920,55860,55860,55920,55950,55870,55890,55950,55935,55865,55875,55935
2025-07-16 02:00:00,1700,55930,55850,55920,55860,55950,55870,55950,55880,55935,55860,55935,55870
2025-07-16 02:05:00,3700,55870,55770,55860,55780,55880,55790,55880,55800,55875,55780,55870,55790
2025-07-16 02:10:00,4100,55820,55740,55780,55810,55850,55750,55800,55830,55835,55745,55790,55820
2025-07-16 02:15:00,1000,55830,55800,55810,55800,55850,55820,55830,55820,55840,55810,55820,55810
2025-07-16 02:20:00,3600,55920,55790,55800,55890,55940,55820,55820,55910,55925,55805,55810,55900
2025-07-16 02:25:00,5800,55890,55750,55890,55750,55910,55790,55910,55790,55900,55770,55900,55770
2025-07-16 02:30:00,600,,,,,,,,,,,,
2025-07-16 03:30:00,7900,55780,55700,55750,55710,55790,55710,55750,55750,55785,55705,55750,55730
2025-07-16 03:35:00,3200,55800,55720,55720,55790,55820,55750,55750,55820,55810,55735,55735,55805
2025-07-16 03:40:00,1900,55850,55790,55790,55840,55860,55820,55820,55860,55855,55805,55805,55850
2025-07-16 03:45:00,1400,55850,55800,55840,55820,55860,55820,55860,55850,55855,55815,55850,55835
2025-07-16 03:50:00,2100,55890,55820,55820,55850,55900,55850,55850,55870,55895,55835,55835,55860
2025-07-16 03:55:00,1200,55880,55820,55850,55880,55900,55850,55870,55900,55890,55835,55860,55890
2025-07-16 04:00:00,2000,55880,55850,55880,55860,55900,55860,55900,55880,55890,55855,55890,55870
2025-07-16 04:05:00,1900,55910,55860,55860,55870,55930,55880,55880,55900,55920,55870,55870,55885
2025-07-16 04:10:00,2300,55920,55870,55870,55900,55950,55890,55900,55930,55935,55885,55885,55915
2025-07-16 04:15:00,500,55920,55870,55900,55910,55930,55890,55930,55930,55925,55885,55915,55920
2025-07-16 04:20:00,2600,55960,55900,55910,55940,55980,55920,55930,55960,55970,55910,55920,55950
2025-07-16 04:25:00,1200,55970,55940,55940,55970,55980,55950,55960,55980,55975,55945,55950,55975
2025-07-16 04:30:00,3900,56050,55950,55970,56050,56070,55980,55980,56070,56060,55965,55975,56060
2025-07-16 04:35:00,2100,56070,56030,56050,56050,56080,56050,56070,56070,56075,56040,56060,56060
2025-07-16 04:40:00,3200,56070,56000,56050,56000,56080,56010,56070,56020,56075,56005,56060,56010
2025-07-16 04:45:00,600,56000,55990,56000,56000,56020,56010,56020,56010,56010,56000,56010,56005
2025-07-16 04:50:00,4200,56010,55870,56000,55880,56030,55900,56010,55900,56020,55885,56005,55890
2025-07-16 04:55:00,2200,55900,55850,55880,55860,55920,55880,55900,55880,55910,55865,55890,55870
2025-07-16 05:00:00,7500,55960,55780,55860,55800,55980,55790,55880,55830,55970,55785,55870,55815
2025-07-16 05:05:00,2600,55860,55790,55800,55840,55880,55820,55830,55870,55870,55805,55815,55855
2025-07-16 05:10:00,1500,55850,55800,55850,55800,55870,55820,55870,55820,55860,55810,55860,55810
2025-07-16 05:15:00,4000,55810,55660,55800,55670,55820,55690,55820,55690,55815,55675,55810,55680
2025-07-16 05:20:00,7200,55710,55610,55670,55610,55730,55630,55690,55640,55715,55620,55680,55625
2025-07-16 05:25:00,1900,55690,55600,55610,55680,55720,55620,55640,55700,55700,55610,55625,55690
2025-07-16 05:30:00,6100,55720,55580,55680,55590,55750,55610,55700,55620,55735,55595,55690,55605
2025-07-16 05:35:00,4000,55630,55560,55590,55570,55660,55570,55620,55590,55645,55565,55605,55580
2025-07-16 05:40:00,7500,55690,55560,55570,55670,55720,55580,55590,55690,55705,55570,55580,55680
2025-07-16 05:45:00,4900,55710,55660,55670,55670,55740,55670,55690,55690,55725,55665,55680,55680
2025-07-16 05:50:00,2000,55700,55660,55670,55680,55720,55680,55690,55700,55710,55670,55680,55690
2025-07-16 05:55:00,4100,55710,55680,55680,55700,55730,55690,55700,55720,55720,55685,55690,55710
2025-07-16 06:00:00,3300,55750,55700,55700,55740,55770,55720,55720,55760,55760,55710,55710,55750
2025-07-16 06:05:00,3800,55750,55710,55740,55720,55760,55730,55760,55730,55755,55720,55750,55725
2025-07-16 06:10:00,1400,55730,55710,55720,55710,55750,55720,55730,55730,55740,55715,55725,55720
2025-07-16 06:15:00,3900,55720,55660,55710,55660,55730,55680,55730,55680,55725,55670,55720,55670
2025-07-16 06:20:00,9000,55720,55620,55660,55700,55730,55640,55680,55730,55725,55630,55670,55715
2025-07-16 06:25:00,,56030,55100,56020,55600,56040,55110,56020,55610,56035,55105,56020,55605
2025-07-16 06:30:00,120100,55600,55600,55600,55600,55700,55700,55700,55700,55650,55650,55650,55650
2025-07-17 00:00:00,54300,55310,55000,55050,55160,55500,55050,55060,55210,55320,55040,55055,55185
2025-07-17 00:05:00,28600,55160,54830,55160,54830,55210,54860,55210,54860,55185,54845,55185,54845
2025-07-17 00:10:00,12100,54950,54750,54830,54920,54970,54770,54860,54950,54955,54765,54845,54935
2025-07-17 00:15:00,5000,54980,54890,54920,54930,55000,54930,54950,54940,54990,54910,54935,54935
2025-07-17 00:20:00,3600,54990,54930,54930,54990,55020,54940,54940,55020,55005,54935,54935,55005
2025-07-17 00:25:00,4000,55070,54990,54990,55060,55100,55020,55020,55090,55085,55005,55005,55075
2025-07-17 00:30:00,4000,55100,54970,55060,55030,55120,54990,55090,55050,55110,54985,55075,55040
2025-07-17 00:35:00,1700,55030,54980,55020,55030,55050,55000,55050,55050,55040,54995,55035,55040
2025-07-17 00:40:00,2600,55080,55020,55030,55070,55090,55040,55050,55090,55085,55030,55040,55080
2025-07-17 00:45:00,4400,55100,55000,55070,55080,55120,55030,55090,55120,55110,55015,55080,55100
2025-07-17 00:50:00,5100,55180,55080,55080,55130,55190,55100,55110,55160,55185,55090,55095,55145
2025-07-17 00:55:00,4600,55140,55070,55140,55070,55160,55090,55160,55090,55150,55080,55150,55080
2025-07-17 01:00:00,6200,55250,55070,55070,55190,55280,55090,55090,55220,55265,55080,55080,55205
2025-07-17 01:05:00,2000,55230,55180,55190,55230,55250,55210,55220,55250,55240,55195,55205,55240
2025-07-17 01:10:00,3600,55260,55200,55230,55210,55280,55230,55250,55240,55270,55215,55240,55225
2025-07-17 01:15:00,5000,55230,55120,55210,55140,55260,55140,55240,55160,55245,55130,55225,55150
2025-07-17 01:20:00,3200,55170,55130,55140,55170,55200,55150,55160,55200,55185,55140,55150,55185
2025-07-17 01:25:00,1500,55190,55130,55170,55190,55220,55150,55200,55220,55205,55140,55185,55205
2025-07-17 01:30:00,1800,55190,55100,55190,55100,55220,55110,55220,55130,55205,55105,55205,55115
2025-07-17 01:35:00,4200,55150,55090,55100,55120,55180,55120,55130,55140,55165,55105,55115,55130
2025-07-17 01:40:00,1800,55130,55100,55120,55130,55160,55120,55140,55150,55145,55110,55130,55140
2025-07-17 01:45:00,1400,55160,55100,55130,55150,55180,55120,55150,55160,55170,55110,55140,55155
2025-07-17 01:50:00,3300,55230,55150,55150,55230,55260,55160,55160,55250,55245,55155,55155,55240
2025-07-17 01:55:00,3200,55250,55210,55230,55210,55270,55220,55250,55230,55260,55215,55240,55220
2025-07-17 02:00:00,1900,55220,55160,55210,55170,55240,55180,55230,55200,55230,55170,55220,55185
2025-07-17 02:05:00,4700,55230,55160,55180,55190,55260,55180,55200,55220,55245,55170,55190,55205
2025-07-17 02:10:00,1400,55210,55170,55200,55200,55230,55180,55220,55220,55220,55175,55210,55210
2025-07-17 02:15:00,2400,55240,55190,55200,55240,55260,55210,55220,55260,55250,55200,55210,55250
2025-07-17 02:20:00,2600,55260,55200,55240,55220,55270,55210,55260,55230,55265,55205,55250,55225
2025-07-17 02:25:00,8700,55230,55130,55220,55160,55250,55150,55230,55190,55240,55140,55225,55175
2025-07-17 02:30:00,600,55150,55150,55150,55150,55190,55190,55190,55190,55170,55170,55170,55170
2025-07-17 03:30:00,14800,55380,55230,55280,55360,55400,55260,55290,55390,55390,55250,55285,55375
2025-07-17 03:35:00,5100,55430,55350,55360,55400,55440,55380,55390,55420,55435,55365,55375,55410
2025-07-17 03:40:00,5400,55550,55390,55400,55550,55560,55410,55420,55560,55555,55400,55410,55555
2025-07-17 03:45:00,3800,55610,55510,55550,55600,55630,55530,55560,55620,55620,55520,55555,55610
2025-07-17 03:50:00,5100,55680,55600,55600,55630,55700,55610,55620,55650,55690,55605,55610,55640
2025-07-17 03:55:00,2700,55680,55630,55630,55670,55700,55650,55650,55690,55685,55640,55640,55680
2025-07-17 04:00:00,3100,55700,55630,55670,55650,55720,55650,55700,55670,55710,55640,55685,55660
2025-07-17 04:05:00,2500,55690,55640,55650,55680,55720,55650,55670,55710,55705,55645,55660,55695
2025-07-17 04:10:00,2200,55700,55670,55680,55680,55720,55690,55710,55700,55710,55680,55695,55690
2025-07-17 04:15:00,2300,55720,55680,55680,55680,55730,55690,55700,55690,55725,55685,55690,55685
2025-07-17 04:20:00,3500,55700,55630,55680,55650,55720,55640,55690,55670,55710,55635,55685,55660
2025-07-17 04:25:00,2300,55690,55640,55650,55670,55710,55670,55670,55690,55700,55655,55660,55680
2025-07-17 04:30:00,1400,55670,55630,55670,55630,55690,55640,55690,55650,55680,55635,55680,55640
2025-07-17 04:35:00,2200,55660,55620,55630,55660,55670,55640,55650,55670,55665,55630,55640,55665
2025-07-17 04:40:00,2000,55690,55630,55660,55690,55700,55640,55670,55700,55695,55635,55665,55695
2025-07-17 04:45:00,1800,55690,55660,55690,55660,55700,55670,55700,55670,55695,55665,55695,55665
2025-07-17 04:50:00,2400,55670,55630,55660,55650,55680,55650,55670,55670,55675,55640,55665,55660
2025-07-17 04:55:00,3800,55680,55610,55650,55610,55700,55620,55670,55630,55690,55615,55660,55620
2025-07-17 05:00:00,2400,55660,55610,55610,55660,55680,55630,55630,55670,55670,55620,55620,55665
2025-07-17 05:05:00,8800,55680,55570,55660,55570,55700,55600,55670,55600,55690,55585,55665,55585
2025-07-17 05:10:00,8700,55610,55520,55570,55540,55640,55530,55600,55570,55625,55525,55585,55555
2025-07-17 05:15:00,2000,55570,55530,55540,55570,55590,55550,55570,55590,55580,55545,55555,55580
2025-07-17 05:20:00,2500,55610,55570,55570,55590,55620,55590,55590,55610,55615,55580,55580,55600
2025-07-17 05:25:00,1800,55660,55590,55590,55620,55670,55610,55610,55650,55665,55600,55600,55635
2025-07-17 05:30:00,4000,55670,55610,55620,55620,55690,55630,55650,55630,55680,55620,55635,55625
2025-07-17 05:35:00,2300,55660,55600,55620,55640,55690,55620,55630,55670,55675,55610,55625,55655
2025-07-17 05:40:00,1700,55650,55610,55640,55630,55670,55630,55670,55650,55655,55620,55655,55640
2025-07-17 05:45:00,6500,55650,55580,55630,55620,55670,55610,55650,55630,55660,55595,55640,55625
2025-07-17 05:50:00,7700,55770,55620,55620,55770,55790,55640,55640,55790,55780,55630,55630,55780
2025-07-17 05:55:00,12800,55860,55700,55770,55710,55880,55730,55790,55740,55870,55715,55780,55725
2025-07-17 06:00:00,5000,55790,55700,55710,55750,55810,55710,55740,55770,55800,55705,55725,55760
2025-07-17 06:05:00,3400,55800,55730,55750,55750,55810,55750,55770,55770,55805,55740,55760,55760
2025-07-17 06:10:00,12500,55810,55690,55750,55790,55830,55700,55770,55810,55820,55695,55760,55800
2025-07-17 06:15:00,3700,55830,55780,55790,55810,55840,55800,55810,55830,55835,55790,55800,55820
2025-07-17 06:20:00,5100,55840,55790,55810,55840,55850,55810,55830,55850,55845,55800,55820,55845
2025-07-17 06:25:00,,55990,55250,55550,55930,56000,55260,55550,55940,55995,55255,55550,55935
2025-07-17 06:30:00,88500,55850,55850,55850,55850,55960,55960,55960,55960,55905,55905,55905,55905
2025-07-18 00:00:00,64400,55790,55320,55450,55710,55840,55360,55460,55750,55815,55340,55455,55730
2025-07-18 00:05:00,8900,55770,55650,55710,55770,55810,55690,55750,55800,55790,55670,55730,55785
2025-07-18 00:10:00,11700,55770,55600,55770,55620,55800,55630,55800,55650,55785,55615,55785,55635
2025-07-18 00:15:00,8300,55720,55610,55620,55630,55760,55640,55650,55670,55740,55625,55635,55650
2025-07-18 00:20:00,6000,55690,55590,55630,55670,55710,55620,55670,55690,55700,55605,55650,55680
2025-07-18 00:25:00,4100,55670,55610,55670,55620,55700,55640,55690,55650,55685,55625,55680,55635
2025-07-18 00:30:00,8200,55720,55620,55620,55700,55740,55640,55650,55730,55730,55630,55635,55715
2025-07-18 00:35:00,4500,55780,55700,55700,55730,55800,55710,55730,55760,55790,55705,55715,55745
2025-07-18 00:40:00,3900,55760,55720,55730,55730,55790,55740,55760,55750,55775,55730,55745,55740
2025-07-18 00:45:00,5500,55740,55620,55730,55640,55770,55630,55750,55670,55755,55625,55740,55655
2025-07-18 00:50:00,6700,55670,55580,55640,55660,55700,55600,55670,55690,55685,55590,55655,55675
2025-07-18 00:55:00,2400,55670,55590,55660,55590,55700,55600,55690,55620,55685,55595,55675,55605
2025-07-18 01:00:00,21400,55600,55540,55590,55590,55620,55550,55620,55620,55610,55545,55605,55605
2025-07-18 01:05:00,1800,55630,55580,55590,55620,55660,55610,55620,55640,55645,55600,55605,55630
2025-07-18 01:10:00,3700,55760,55620,55620,55760,55790,55630,55640,55790,55775,55625,55630,55775
2025-07-18 01:15:00,3900,55770,55690,55770,55750,55790,55710,55790,55770,55780,55700,55780,55760
2025-07-18 01:20:00,2700,55750,55710,55750,55730,55770,55730,55770,55750,55760,55725,55760,55740
2025-07-18 01:25:00,2500,55730,55700,55730,55710,55750,55720,55750,55730,55740,55710,55740,55720
2025-07-18 01:30:00,2200,55720,55670,55710,55690,55730,55680,55730,55700,55725,55675,55720,55695
2025-07-18 01:35:00,5800,55690,55610,55690,55610,55720,55620,55700,55630,55705,55615,55695,55620
2025-07-18 01:40:00,6300,55670,55590,55610,55610,55690,55620,55630,55630,55675,55605,55620,55620
2025-07-18 01:45:00,1700,55630,55580,55610,55590,55650,55590,55620,55600,55640,55585,55615,55595
2025-07-18 01:50:00,3600,55610,55560,55590,55590,55630,55570,55600,55600,55620,55565,55595,55595
2025-07-18 01:55:00,900,55620,55570,55580,55620,55640,55600,55600,55640,55630,55585,55590,55630
2025-07-18 02:00:00,1800,55620,55600,55620,55600,55650,55620,55640,55620,55635,55610,55630,55610
2025-07-18 02:05:00,1300,55620,55580,55600,55590,55630,55600,55620,55600,55625,55590,55610,55595
2025-07-18 02:10:00,1600,55610,55580,55590,55590,55640,55600,55600,55620,55625,55590,55595,55605
2025-07-18 02:15:00,3500,55610,55560,55590,55600,55640,55590,55620,55630,55625,55575,55605,55615
2025-07-18 02:20:00,1700,55630,55570,55600,55590,55660,55590,55630,55610,55645,55580,55615,55600
2025-07-18 02:25:00,5500,55620,55570,55590,55570,55640,55590,55610,55600,55630,55580,55600,55585
2025-07-18 02:30:00,1000,55570,55570,55570,55570,55620,55620,55620,55620,55595,55595,55595,55595
2025-07-18 03:30:00,13100,55650,55560,55600,55580,55700,55580,55660,55600,55675,55570,55630,55590
2025-07-18 03:35:00,8400,55610,55550,55580,55610,55630,55560,55600,55630,55620,55555,55590,55620
2025-07-18 03:40:00,4200,55690,55590,55610,55680,55700,55610,55630,55690,55695,55600,55620,55685
2025-07-18 03:45:00,3700,55690,55640,55680,55660,55700,55660,55690,55680,55695,55650,55685,55670
2025-07-18 03:50:00,2900,55670,55610,55660,55610,55690,55630,55680,55630,55675,55620,55670,55620
2025-07-18 03:55:00,4800,55640,55590,55610,55640,55660,55610,55630,55660,55650,55605,55620,55650
2025-07-18 04:00:00,4900,55640,55580,55640,55600,55650,55590,55650,55620,55645,55585,55645,55610
2025-07-18 04:05:00,2900,55640,55580,55600,55640,55670,55600,55620,55670,55655,55590,55610,55655
2025-07-18 04:10:00,5200,55720,55640,55640,55680,55740,55660,55670,55700,55730,55650,55655,55690
2025-07-18 04:15:00,2500,55700,55650,55680,55690,55710,55680,55700,55710,55705,55665,55690,55700
2025-07-18 04:20:00,3800,55710,55670,55690,55670,55720,55680,55710,55690,55715,55675,55700,55680
2025-07-18 04:25:00,2600,55710,55670,55670,55710,55730,55680,55690,55730,55720,55675,55680,55720
2025-07-18 04:30:00,3000,55760,55710,55710,55740,55770,55720,55730,55760,55765,55715,55720,55750
2025-07-18 04:35:00,3000,55750,55720,55740,55720,55770,55730,55760,55740,55760,55725,55750,55730
2025-07-18 04:40:00,1700,55730,55710,55720,55720,55740,55720,55740,55730,55735,55715,55730,55725
2025-07-18 04:45:00,3800,55730,55630,55720,55640,55740,55640,55730,55660,55735,55635,55725,55650
2025-07-18 04:50:00,1700,55660,55640,55640,55650,55670,55650,55660,55660,55665,55645,55650,55655
2025-07-18 04:55:00,3700,55670,55640,55650,55640,55680,55660,55660,55660,55675,55650,55655,55650
2025-07-18 05:00:00,3500,55670,55640,55640,55670,55680,55650,55660,55680,55675,55645,55650,55675
2025-07-18 05:05:00,4600,55710,55670,55670,55690,55730,55680,55680,55700,55720,55675,55675,55695
2025-07-18 05:10:00,4200,55700,55670,55690,55680,55710,55680,55700,55690,55705,55675,55695,55685
2025-07-18 05:15:00,3200,55680,55650,55680,55680,55700,55670,55690,55700,55690,55660,55685,55690
2025-07-18 05:20:00,2500,55690,55660,55680,55660,55700,55670,55700,55670,55695,55665,55690,55665
2025-07-18 05:25:00,4400,55690,55660,55660,55680,55700,55670,55670,55690,55695,55665,55665,55685
2025-07-18 05:30:00,2500,55700,55670,55680,55690,55710,55680,55690,55700,55705,55675,55685,55695
2025-07-18 05:35:00,3700,55690,55660,55690,55660,55700,55670,55700,55680,55695,55665,55695,55670
2025-07-18 05:40:00,1800,55670,55660,55660,55660,55680,55670,55680,55670,55675,55665,55670,55665
2025-07-18 05:45:00,4800,55660,55610,55660,55610,55670,55630,55670,55630,55665,55620,55665,55620
2025-07-18 05:50:00,4900,55670,55610,55610,55650,55690,55620,55630,55660,55680,55615,55620,55655
2025-07-18 05:55:00,4000,55650,55600,55650,55600,55660,55610,55660,55610,55655,55605,55655,55605
2025-07-18 06:00:00,6800,55610,55570,55600,55590,55620,55580,55610,55600,55615,55575,55605,55595
2025-07-18 06:05:00,2600,55600,55590,55590,55590,55610,55600,55600,55600,55605,55595,55595,55595
2025-07-18 06:10:00,7600,55640,55590,55590,55630,55650,55600,55600,55640,55645,55595,55595,55635
2025-07-18 06:15:00,7600,55630,55600,55630,55620,55640,55610,55640,55640,55635,55605,55635,55630
2025-07-18 06:20:00,6900,55620,55560,55620,55560,55640,55580,55640,55580,55630,55570,55630,55570
2025-07-18 06:25:00,,56550,55610,55800,55610,56550,55620,55810,55620,56550,55615,55805,55615
2025-07-18 06:30:00,123800,55600,55600,55600,55600,55620,55620,55620,55620,55610,55610,55610,55610
2025-07-22 00:00:00,80600,55210,55010,55200,55040,55280,55030,55200,55070,55220,55020,55200,55055
2025-07-22 00:05:00,13300,55380,55030,55040,55380,55430,55060,55070,55410,55405,55045,55055,55395
2025-07-22 00:10:00,8400,55490,55340,55380,55380,55530,55360,55410,55410,55510,55355,55395,55395
2025-07-22 00:15:00,9500,55540,55370,55380,55460,55570,55400,55410,55500,55555,55385,55395,55480
2025-07-22 00:20:00,5400,55500,55400,55460,55450,55520,55420,55500,55480,55510,55410,55480,55465
2025-07-22 00:25:00,4300,55460,55350,55450,55380,55480,55380,55480,55410,55470,55365,55465,55395
2025-07-22 00:30:00,2900,55460,55370,55380,55450,55480,55400,55410,55470,55470,55385,55395,55460
2025-07-22 00:35:00,5900,55500,55370,55450,55410,55520,55400,55460,55440,55505,55385,55455,55425
2025-07-22 00:40:00,3500,55550,55400,55410,55440,55570,55440,55440,55470,55560,55420,55425,55455
2025-07-22 00:45:00,3900,55490,55330,55440,55330,55520,55350,55470,55350,55505,55340,55455,55340
2025-07-22 00:50:00,5300,55330,55190,55330,55190,55350,55210,55350,55210,55340,55200,55340,55200
2025-07-22 00:55:00,2600,55210,55140,55190,55150,55240,55160,55210,55170,55225,55150,55200,55160
2025-07-22 01:00:00,3900,55190,55140,55150,55150,55200,55160,55170,55170,55195,55150,55160,55160
2025-07-22 01:05:00,3500,55170,55100,55150,55130,55200,55130,55170,55160,55185,55115,55160,55145
2025-07-22 01:10:00,3100,55220,55120,55130,55220,55250,55130,55160,55250,55235,55125,55145,55235
2025-07-22 01:15:00,3200,55220,55150,55220,55170,55250,55170,55250,55190,55235,55160,55235,55180
2025-07-22 01:20:00,3700,55230,55160,55160,55180,55250,55180,55190,55200,55235,55170,55175,55190
2025-07-22 01:25:00,5900,55210,55160,55180,55200,55230,55180,55200,55230,55220,55170,55190,55215
2025-07-22 01:30:00,1700,55200,55150,55200,55160,55230,55180,55220,55180,55215,55165,55210,55170
2025-07-22 01:35:00,3000,55200,55160,55160,55190,55220,55180,55180,55220,55210,55170,55170,55205
2025-07-22 01:40:00,2600,55230,55170,55190,55190,55250,55200,55220,55220,55240,55185,55205,55205
2025-07-22 01:45:00,2400,55240,55170,55190,55200,55250,55200,55220,55230,55245,55185,55205,55215
2025-07-22 01:50:00,4000,55240,55150,55200,55200,55250,55170,55230,55220,55245,55160,55215,55210
2025-07-22 01:55:00,3200,55210,55170,55200,55210,55240,55180,55220,55230,55225,55175,55210,55220
2025-07-22 02:00:00,2300,55220,55190,55210,55190,55240,55200,55230,55210,55230,55195,55220,55200
2025-07-22 02:05:00,14800,55190,55030,55190,55060,55210,55040,55210,55080,55200,55035,55200,55070
2025-07-22 02:10:00,18900,55060,54910,55060,54910,55080,54930,55080,54930,55070,54920,55070,54920
2025-07-22 02:15:00,10600,54970,54890,54910,54940,54980,54900,54930,54960,54975,54895,54920,54950
2025-07-22 02:20:00,5100,54950,54910,54940,54930,54960,54920,54960,54940,54955,54915,54950,54935
2025-07-22 02:25:00,11400,54930,54860,54930,54880,54940,54880,54940,54900,54935,54875,54935,54890
2025-07-22 02:30:00,8600,54870,54870,54870,54870,54900,54900,54900,54900,54885,54885,54885,54885
2025-07-22 03:30:00,46700,54900,54700,54870,54710,54910,54710,54880,54730,54905,54705,54875,54720
2025-07-22 03:35:00,16600,54710,54580,54710,54580,54720,54600,54720,54600,54715,54590,54715,54590
2025-07-22 03:40:00,11300,54600,54520,54580,54560,54610,54530,54600,54580,54605,54525,54590,54570
2025-07-22 03:45:00,27000,54580,54410,54560,54550,54600,54430,54580,54580,54590,54420,54570,54565
2025-07-22 03:50:00,4800,54610,54560,54560,54570,54620,54570,54580,54580,54615,54565,54570,54575
2025-07-22 03:55:00,5300,54580,54530,54570,54530,54590,54540,54580,54550,54585,54535,54575,54540
2025-07-22 04:00:00,5500,54540,54490,54530,54490,54560,54510,54550,54510,54550,54500,54540,54500
2025-07-22 04:05:00,4700,54510,54460,54490,54470,54520,54470,54510,54480,54515,54465,54500,54475
2025-07-22 04:10:00,16300,54470,54350,54470,54380,54480,54360,54480,54400,54475,54355,54475,54390
2025-07-22 04:15:00,6100,54420,54360,54380,54420,54450,54380,54400,54450,54435,54370,54390,54435
2025-07-22 04:20:00,4700,54450,54400,54420,54420,54460,54420,54450,54430,54455,54415,54435,54425
2025-07-22 04:25:00,5200,54460,54400,54420,54440,54480,54420,54430,54460,54470,54410,54425,54450
2025-07-22 04:30:00,4800,54480,54430,54440,54450,54490,54450,54460,54470,54485,54440,54450,54460
2025-07-22 04:35:00,5400,54480,54430,54450,54440,54490,54440,54470,54460,54485,54435,54460,54450
2025-07-22 04:40:00,3200,54500,54430,54440,54480,54510,54450,54460,54500,54505,54440,54450,54490
2025-07-22 04:45:00,3200,54500,54450,54480,54480,54510,54480,54500,54490,54505,54465,54490,54485
2025-07-22 04:50:00,3300,54510,54470,54470,54490,54520,54480,54490,54510,54515,54475,54480,54500
2025-07-22 04:55:00,6800,54530,54480,54490,54520,54550,54500,54510,54540,54540,54490,54500,54530
2025-07-22 05:00:00,1600,54520,54500,54510,54500,54540,54520,54540,54520,54525,54510,54525,54510
2025-07-22 05:05:00,3000,54520,54500,54500,54520,54530,54520,54520,54530,54525,54510,54510,54525
2025-07-22 05:10:00,5400,54530,54500,54520,54500,54550,54520,54530,54520,54540,54510,54525,54510
2025-07-22 05:15:00,8500,54500,54450,54500,54480,54520,54460,54520,54500,54510,54455,54510,54490
2025-07-22 05:20:00,2700,54500,54480,54480,54500,54520,54490,54500,54510,54510,54485,54490,54505
2025-07-22 05:25:00,6300,54530,54480,54500,54520,54540,54490,54510,54530,54535,54485,54505,54525
2025-07-22 05:30:00,4200,54540,54490,54520,54500,54560,54510,54530,54520,54550,54500,54525,54510
2025-07-22 05:35:00,6900,54520,54490,54500,54520,54530,54500,54520,54530,54525,54495,54510,54525
2025-07-22 05:40:00,6000,54570,54500,54520,54560,54590,54520,54530,54580,54580,54510,54525,54570
2025-07-22 05:45:00,1900,54570,54530,54560,54530,54580,54540,54580,54540,54575,54535,54570,54535
2025-07-22 05:50:00,4200,54550,54500,54530,54500,54570,54510,54540,54510,54560,54505,54535,54505
2025-07-22 05:55:00,8300,54520,54480,54500,54510,54530,54490,54510,54520,54525,54485,54505,54515
2025-07-22 06:00:00,5000,54520,54450,54510,54450,54530,54460,54520,54470,54525,54455,54515,54460
2025-07-22 06:05:00,10900,54550,54430,54450,54540,54570,54440,54470,54560,54560,54435,54460,54550
2025-07-22 06:10:00,5100,54570,54510,54540,54520,54590,54530,54550,54530,54575,54520,54545,54525
2025-07-22 06:15:00,7700,54530,54470,54520,54530,54550,54490,54530,54550,54540,54480,54525,54540
2025-07-22 06:20:00,10500,54550,54490,54530,54510,54570,54510,54550,54540,54560,54500,54540,54525
2025-07-22 06:25:00,,54540,54160,54400,54540,54550,54170,54410,54550,54545,54165,54405,54545
2025-07-22 06:30:00,117200,54510,54510,54510,54510,54550,54550,54550,54550,54530,54530,54530,54530
2025-07-23 00:00:00,139300,55390,54990,55230,55350,55420,55050,55240,55390,55405,55040,55235,55370
2025-07-23 00:05:00,40800,55640,55290,55350,55570,55670,55300,55390,55590,55655,55295,55370,55580
2025-07-23 00:10:00,52000,55670,55390,55570,55630,55680,55410,55590,55650,55675,55400,55580,55640
2025-07-23 00:15:00,75400,55960,55580,55630,55710,55970,55590,55650,55740,55965,55585,55640,55725
2025-07-23 00:20:00,48100,55840,55460,55710,55780,55860,55500,55740,55810,55850,55480,55725,55795
2025-07-23 00:25:00,25700,55860,55750,55780,55800,55880,55780,55810,55820,55865,55765,55795,55810
2025-07-23 00:30:00,44800,55900,55700,55800,55800,55910,55740,55820,55820,55905,55720,55810,55810
2025-07-23 00:35:00,32500,55970,55790,55800,55850,55990,55810,55820,55870,55980,55800,55810,55860
2025-07-23 00:40:00,11400,55910,55740,55850,55740,55930,55750,55870,55760,55920,55745,55860,55750
2025-07-23 00:45:00,21700,56160,55740,55740,56060,56180,55760,55760,56090,56170,55750,55750,56075
2025-07-23 00:50:00,23600,56400,56060,56060,56400,56420,56090,56090,56420,56410,56075,56075,56410
2025-07-23 00:55:00,27600,56650,56400,56400,56570,56670,56420,56420,56600,56660,56410,56410,56585
2025-07-23 01:00:00,16500,56690,56540,56570,56690,56700,56560,56600,56700,56695,56550,56585,56695
2025-07-23 01:05:00,16900,56710,56460,56690,56480,56730,56490,56700,56510,56720,56475,56695,56495
2025-07-23 01:10:00,9600,56550,56470,56480,56490,56560,56490,56510,56510,56555,56480,56495,56500
2025-07-23 01:15:00,10900,56640,56460,56500,56560,56670,56490,56510,56580,56655,56475,56505,56570
2025-07-23 01:20:00,10300,56680,56510,56560,56660,56700,56530,56580,56680,56690,56520,56570,56670
2025-07-23 01:25:00,13900,56760,56660,56660,56740,56780,56680,56680,56760,56770,56670,56670,56750
2025-07-23 01:30:00,21400,56910,56710,56740,56880,56920,56740,56770,56900,56915,56725,56755,56890
2025-07-23 01:35:00,6800,56880,56710,56880,56720,56900,56740,56900,56740,56890,56725,56890,56730
2025-07-23 01:40:00,6900,56800,56690,56720,56800,56820,56700,56740,56820,56810,56695,56730,56810
2025-07-23 01:45:00,6600,56820,56610,56800,56650,56850,56640,56820,56680,56835,56625,56810,56665
2025-07-23 01:50:00,5100,56660,56570,56650,56580,56680,56580,56680,56610,56670,56575,56665,56595
2025-07-23 01:55:00,3800,56640,56580,56580,56610,56660,56600,56610,56630,56650,56590,56595,56620
2025-07-23 02:00:00,5100,56650,56560,56610,56590,56690,56590,56630,56610,56670,56575,56620,56600
2025-07-23 02:05:00,3400,56630,56580,56590,56630,56650,56600,56610,56650,56640,56590,56600,56640
2025-07-23 02:10:00,2700,56650,56590,56630,56620,56680,56610,56650,56640,56665,56600,56640,56630
2025-07-23 02:15:00,9100,56750,56600,56620,56740,56770,56620,56640,56770,56760,56615,56630,56755
2025-07-23 02:20:00,9100,56850,56700,56740,56800,56860,56730,56770,56830,56855,56715,56755,56815
2025-07-23 02:25:00,15600,56970,56800,56800,56930,56980,56830,56830,56970,56975,56815,56815,56950
2025-07-23 02:30:00,4700,56930,56930,56930,56930,56980,56980,56980,56980,56955,56955,56955,56955
2025-07-23 03:30:00,42800,57110,56980,56990,57060,57130,57000,57000,57080,57120,56990,56995,57070
2025-07-23 03:35:00,7800,57060,56960,57060,56980,57080,56970,57080,57000,57070,56965,57070,56990
2025-07-23 03:40:00,6900,56980,56890,56980,56900,57010,56900,57000,56920,56995,56895,56990,56910
2025-07-23 03:45:00,8100,56970,56850,56900,56940,56990,56870,56920,56950,56980,56860,56910,56945
2025-07-23 03:50:00,8900,57010,56880,56940,56960,57030,56900,56950,56990,57020,56890,56945,56975
2025-07-23 03:55:00,9600,57030,56920,56960,56940,57040,56940,56990,56960,57035,56930,56975,56950
2025-07-23 04:00:00,8400,57000,56930,56940,56970,57020,56960,56960,56990,57010,56945,56950,56980
2025-07-23 04:05:00,5500,56990,56950,56970,56980,57000,56960,56990,57000,56995,56955,56980,56990
2025-07-23 04:10:00,8800,56990,56890,56990,56910,57000,56900,57000,56930,56995,56895,56995,56920
2025-07-23 04:15:00,11200,57110,56910,56910,57060,57130,56920,56930,57070,57120,56915,56920,57065
2025-07-23 04:20:00,7600,57110,57050,57060,57100,57130,57070,57070,57120,57120,57060,57065,57110
2025-07-23 04:25:00,11800,57220,57060,57100,57210,57230,57090,57120,57230,57225,57075,57110,57220
2025-07-23 04:30:00,9700,57320,57210,57210,57310,57350,57230,57230,57320,57335,57220,57220,57315
2025-07-23 04:35:00,6600,57310,57230,57310,57280,57320,57250,57320,57300,57315,57240,57315,57290
2025-07-23 04:40:00,7300,57340,57290,57290,57310,57350,57300,57300,57330,57345,57295,57295,57320
2025-07-23 04:45:00,6900,57380,57310,57310,57380,57400,57330,57330,57400,57390,57320,57320,57390
2025-07-23 04:50:00,17700,57540,57380,57380,57540,57550,57400,57400,57550,57545,57390,57390,57545
2025-07-23 04:55:00,24100,57690,57530,57540,57650,57700,57540,57550,57670,57695,57535,57545,57660
2025-07-23 05:00:00,11400,57740,57650,57650,57720,57760,57660,57670,57740,57750,57655,57660,57730
2025-07-23 05:05:00,11700,57830,57680,57720,57800,57840,57700,57740,57820,57835,57690,57730,57810
2025-07-23 05:10:00,11500,57850,57710,57800,57710,57860,57720,57820,57720,57855,57715,57810,57715
2025-07-23 05:15:00,8000,57720,57630,57710,57670,57740,57640,57720,57690,57730,57635,57715,57680
2025-07-23 05:20:00,9200,57820,57670,57670,57800,57840,57690,57690,57810,57830,57680,57680,57805
2025-07-23 05:25:00,16300,57910,57680,57800,57910,57920,57710,57810,57920,57915,57695,57805,57915
2025-07-23 05:30:00,15400,57970,57860,57910,57930,57980,57880,57920,57950,57975,57870,57915,57940
2025-07-23 05:35:00,12900,57980,57880,57930,57900,57990,57900,57950,57920,57985,57890,57940,57910
2025-07-23 05:40:00,15500,57920,57810,57900,57820,57940,57830,57920,57840,57930,57820,57910,57830
2025-07-23 05:45:00,12300,57960,57820,57820,57900,57980,57840,57840,57910,57970,57830,57830,57905
2025-07-23 05:50:00,9200,57940,57890,57900,57910,57960,57910,57910,57920,57950,57900,57905,57915
2025-07-23 05:55:00,15700,57910,57780,57910,57820,57920,57800,57920,57840,57915,57790,57915,57830
2025-07-23 06:00:00,17400,57880,57620,57820,57650,57900,57650,57840,57670,57890,57635,57830,57660
2025-07-23 06:05:00,10100,57750,57640,57650,57730,57770,57660,57670,57750,57755,57650,57660,57740
2025-07-23 06:10:00,9800,57740,57670,57740,57720,57760,57690,57750,57730,57750,57680,57745,57725
2025-07-23 06:15:00,15100,57780,57690,57720,57780,57790,57700,57730,57790,57785,57695,57725,57785
2025-07-23 06:20:00,40200,57950,57700,57780,57910,57990,57720,57790,57950,57970,57710,57785,57930
2025-07-23 06:25:00,,59990,57600,57990,57760,60000,57610,58000,57770,59995,57605,57995,57765
2025-07-23 06:30:00,320100,57730,57730,57730,57730,57850,57850,57850,57850,57790,57790,57790,57790
2025-07-24 00:00:00,131400,59120,58560,58690,58680,59170,58620,58700,58730,59140,58595,58695,58705
2025-07-24 00:05:00,22000,58780,58500,58680,58630,58820,58540,58730,58660,58800,58520,58705,58645
2025-07-24 00:10:00,29600,58990,58580,58630,58990,59020,58600,58660,59020,59005,58590,58645,59005
2025-07-24 00:15:00,19800,59020,58730,58990,58730,59040,58770,59020,58770,59030,58750,59005,58750
2025-07-24 00:20:00,16200,58760,58550,58730,58700,58780,58560,58770,58730,58765,58555,58750,58715
2025-07-24 00:25:00,10400,58730,58550,58700,58560,58740,58570,58730,58580,58735,58560,58715,58570
2025-07-24 00:30:00,18800,58810,58550,58560,58770,58820,58570,58580,58790,58815,58560,58570,58780
2025-07-24 00:35:00,12400,58830,58750,58770,58760,58850,58760,58790,58780,58840,58755,58780,58770
2025-07-24 00:40:00,17000,58970,58730,58760,58950,58980,58740,58780,58970,58975,58735,58770,58960
2025-07-24 00:45:00,16000,59060,58920,58950,59050,59070,58940,58970,59060,59065,58930,58960,59055
2025-07-24 00:50:00,16100,59140,59030,59050,59120,59150,59050,59060,59140,59145,59040,59055,59130
2025-07-24 00:55:00,20600,59240,59110,59120,59220,59250,59130,59140,59250,59245,59120,59130,59235
2025-07-24 01:00:00,26000,59380,59180,59230,59380,59400,59190,59250,59400,59390,59185,59240,59390
2025-07-24 01:05:00,29400,59570,59360,59380,59560,59580,59380,59400,59580,59575,59370,59390,59570
2025-07-24 01:10:00,18700,59580,59440,59560,59520,59590,59450,59580,59530,59585,59445,59570,59525
2025-07-24 01:15:00,12100,59530,59440,59510,59530,59550,59460,59530,59540,59535,59450,59520,59535
2025-07-24 01:20:00,18100,59580,59460,59530,59550,59590,59470,59540,59570,59585,59465,59535,59560
2025-07-24 01:25:00,15900,59620,59450,59550,59540,59630,59470,59570,59560,59625,59460,59560,59550
2025-07-24 01:30:00,10300,59570,59440,59540,59550,59580,59460,59560,59580,59575,59450,59550,59565
2025-07-24 01:35:00,14000,59670,59540,59550,59660,59680,59550,59580,59680,59675,59545,59565,59670
2025-07-24 01:40:00,39500,59670,59320,59660,59350,59680,59350,59680,59380,59675,59335,59670,59365
2025-07-24 01:45:00,15800,59540,59320,59350,59490,59550,59350,59380,59510,59545,59335,59365,59500
2025-07-24 01:50:00,8400,59580,59450,59490,59520,59590,59470,59510,59550,59585,59460,59500,59535
2025-07-24 01:55:00,7700,59590,59520,59520,59580,59600,59540,59550,59600,59595,59530,59535,59590
2025-07-24 02:00:00,12100,59650,59570,59580,59620,59660,59590,59600,59640,59655,59580,59590,59630
2025-07-24 02:05:00,11900,59680,59610,59620,59640,59690,59630,59640,59660,59685,59620,59630,59650
2025-07-24 02:10:00,10400,59630,59530,59630,59530,59660,59550,59660,59550,59645,59540,59645,59540
2025-07-24 02:15:00,12300,59650,59470,59530,59640,59660,59490,59550,59660,59655,59480,59540,59650
2025-07-24 02:20:00,29200,59790,59640,59640,59740,59800,59660,59660,59760,59795,59650,59650,59750
2025-07-24 02:25:00,21800,59830,59660,59750,59830,59840,59680,59760,59840,59835,59670,59755,59835
2025-07-24 02:30:00,8700,59830,59830,59830,59830,59850,59850,59850,59850,59840,59840,59840,59840
2025-07-24 03:30:00,69700,59980,59700,59940,59890,59990,59730,59950,59920,59985,59715,59945,59905
2025-07-24 03:35:00,15600,59970,59850,59890,59970,59980,59870,59920,59980,59975,59860,59905,59975
2025-07-24 03:40:00,43400,60080,59930,59970,59940,60090,59950,59980,59960,60085,59940,59975,59950
2025-07-24 03:45:00,22300,59950,59780,59940,59850,59980,59800,59960,59880,59965,59790,59950,59865
2025-07-24 03:50:00,17300,59970,59820,59850,59910,60000,59840,59880,59940,59985,59830,59865,59925
2025-07-24 03:55:00,17800,59920,59620,59910,59700,59940,59640,59940,59720,59930,59630,59925,59710
2025-07-24 04:00:00,14300,59730,59570,59700,59580,59760,59590,59720,59600,59745,59580,59710,59590
2025-07-24 04:05:00,16200,59630,59450,59580,59550,59640,59460,59600,59570,59635,59455,59590,59560
2025-07-24 04:10:00,7800,59630,59510,59550,59630,59650,59540,59570,59650,59640,59525,59560,59640
2025-07-24 04:15:00,12200,59660,59540,59630,59550,59680,59550,59650,59570,59670,59545,59640,59560
2025-07-24 04:20:00,6300,59580,59510,59550,59530,59590,59530,59570,59560,59585,59520,59560,59545
2025-07-24 04:25:00,8300,59580,59520,59530,59530,59600,59530,59560,59550,59590,59525,59545,59540
2025-07-24 04:30:00,9700,59530,59470,59530,59510,59550,59480,59550,59520,59540,59475,59540,59515
2025-07-24 04:35:00,7700,59520,59460,59510,59480,59530,59470,59520,59500,59525,59465,59515,59490
2025-07-24 04:40:00,8400,59580,59470,59480,59580,59590,59480,59500,59590,59585,59475,59490,59585
2025-07-24 04:45:00,23500,59890,59580,59580,59880,59910,59590,59590,59900,59900,59585,59585,59890
2025-07-24 04:50:00,9000,59880,59800,59880,59850,59900,59810,59900,59870,59890,59805,59890,59860
2025-07-24 04:55:00,12900,59980,59860,59860,59960,59990,59870,59870,59970,59985,59865,59865,59965
2025-07-24 05:00:00,13100,59980,59880,59960,59970,59990,59900,59970,59990,59985,59890,59965,59980
2025-07-24 05:05:00,16000,59990,59860,59970,59860,60000,59880,59990,59880,59995,59870,59980,59870
2025-07-24 05:10:00,13400,59900,59810,59860,59840,59920,59830,59880,59860,59910,59820,59870,59850
2025-07-24 05:15:00,9100,59990,59830,59840,59930,60000,59850,59860,59950,59995,59840,59850,59940
2025-07-24 05:20:00,7300,59940,59900,59930,59920,59950,59920,59950,59940,59945,59910,59940,59930
2025-07-24 05:25:00,7400,59950,59900,59920,59900,59960,59920,59940,59920,59955,59910,59930,59910
2025-07-24 05:30:00,10000,59900,59800,59900,59850,59920,59830,59920,59860,59910,59815,59910,59855
2025-07-24 05:35:00,7500,59880,59820,59850,59850,59890,59840,59860,59860,59885,59830,59855,59855
2025-07-24 05:40:00,15900,59890,59780,59850,59830,59900,59790,59860,59840,59895,59785,59855,59835
2025-07-24 05:45:00,11100,59940,59810,59830,59840,59950,59840,59840,59860,59945,59825,59835,59850
2025-07-24 05:50:00,8900,59900,59830,59840,59900,59910,59850,59860,59910,59905,59840,59850,59905
2025-07-24 05:55:00,12200,59940,59860,59900,59930,59960,59870,59910,59950,59950,59865,59905,59940
2025-07-24 06:00:00,15700,59960,59890,59930,59920,59970,59900,59950,59930,59965,59895,59940,59925
2025-07-24 06:05:00,13900,59930,59750,59920,59770,59950,59760,59930,59780,59940,59755,59925,59775
2025-07-24 06:10:00,18800,59770,59550,59770,59580,59780,59570,59780,59600,59775,59560,59775,59590
2025-07-24 06:15:00,18800,59680,59560,59580,59580,59690,59570,59600,59600,59685,59565,59590,59590
2025-07-24 06:20:00,24200,59650,59540,59580,59620,59680,59560,59600,59650,59660,59550,59590,59635
2025-07-24 06:25:00,,60840,59390,59430,59620,60850,59390,59440,59630,60845,59390,59435,59625
2025-07-24 06:30:00,199100,59600,59600,59600,59600,59650,59650,59650,59650,59625,59625,59625,59625
2025-07-25 00:00:00,116200,59100,58530,58630,58840,59130,58590,58640,58870,59110,58560,58635,58855
2025-07-25 00:05:00,21400,58950,58740,58840,58910,58990,58780,58870,58950,58970,58760,58855,58930
2025-07-25 00:10:00,19400,59020,58830,58910,58910,59040,58850,58950,58940,59030,58840,58930,58925
2025-07-25 00:15:00,18800,58910,58650,58910,58650,58940,58670,58940,58670,58925,58660,58925,58660
2025-07-25 00:20:00,17100,58660,58520,58650,58580,58690,58540,58670,58590,58675,58530,58660,58585
2025-07-25 00:25:00,21300,58590,58450,58580,58510,58610,58480,58590,58540,58600,58465,58585,58525
2025-07-25 00:30:00,20100,58790,58480,58510,58760,58810,58500,58540,58790,58800,58490,58525,58775
2025-07-25 00:35:00,13500,58800,58530,58760,58540,58830,58560,58790,58560,58815,58545,58775,58550
2025-07-25 00:40:00,14600,58700,58420,58540,58640,58730,58450,58560,58660,58715,58435,58550,58650
2025-07-25 00:45:00,10200,58870,58600,58640,58780,58900,58620,58660,58810,58885,58610,58650,58795
2025-07-25 00:50:00,4100,58850,58740,58780,58790,58880,58780,58810,58800,58865,58760,58795,58795
2025-07-25 00:55:00,6200,58860,58760,58790,58820,58870,58790,58800,58840,58865,58775,58795,58830
2025-07-25 01:00:00,5700,58830,58740,58820,58800,58850,58760,58840,58820,58840,58750,58830,58810
2025-07-25 01:05:00,4500,58810,58720,58800,58740,58820,58740,58820,58760,58815,58730,58810,58750
2025-07-25 01:10:00,2900,58760,58720,58740,58730,58780,58740,58760,58760,58770,58730,58750,58745
2025-07-25 01:15:00,5700,58730,58630,58730,58680,58750,58650,58750,58700,58740,58640,58740,58690
2025-07-25 01:20:00,7400,58730,58620,58680,58620,58740,58640,58700,58650,58735,58630,58690,58635
2025-07-25 01:25:00,7200,58660,58600,58620,58650,58670,58610,58650,58670,58665,58605,58635,58660
2025-07-25 01:30:00,11000,58660,58490,58650,58490,58670,58500,58670,58500,58665,58495,58660,58495
2025-07-25 01:35:00,11100,58490,58370,58490,58370,58500,58380,58500,58390,58495,58375,58495,58380
2025-07-25 01:40:00,9400,58510,58360,58370,58480,58520,58380,58380,58500,58515,58375,58375,58490
2025-07-25 01:45:00,7900,58480,58350,58480,58350,58500,58360,58500,58360,58490,58355,58490,58355
2025-07-25 01:50:00,6000,58370,58310,58350,58310,58390,58320,58360,58320,58380,58315,58355,58315
2025-07-25 01:55:00,12600,58310,58210,58310,58220,58320,58230,58320,58240,58315,58220,58315,58230
2025-07-25 02:00:00,9900,58240,58170,58220,58190,58260,58200,58240,58210,58250,58185,58230,58200
2025-07-25 02:05:00,5600,58200,58150,58190,58170,58210,58160,58210,58190,58205,58155,58200,58180
2025-07-25 02:10:00,5200,58200,58160,58170,58170,58220,58170,58190,58190,58210,58165,58180,58180
2025-07-25 02:15:00,7400,58200,58100,58170,58100,58210,58120,58190,58120,58205,58110,58180,58110
2025-07-25 02:20:00,21500,58100,57910,58100,57950,58120,57930,58120,57980,58110,57920,58110,57965
2025-07-25 02:25:00,15000,58070,57890,57950,57890,58080,57910,57980,57910,58075,57900,57965,57900
2025-07-25 02:30:00,2300,57890,57890,57890,57890,57910,57910,57910,57910,57900,57900,57900,57900
2025-07-25 03:30:00,62800,57840,57660,57830,57670,57890,57670,57840,57690,57860,57665,57835,57680
2025-07-25 03:35:00,15000,57720,57630,57670,57630,57730,57650,57690,57660,57725,57640,57680,57645
2025-07-25 03:40:00,17100,57640,57560,57630,57620,57660,57570,57660,57640,57645,57565,57645,57630
2025-07-25 03:45:00,10300,57640,57520,57620,57530,57660,57530,57640,57550,57645,57525,57630,57540
2025-07-25 03:50:00,15500,57690,57530,57530,57670,57700,57540,57540,57690,57695,57535,57535,57680
2025-07-25 03:55:00,8500,57680,57590,57680,57640,57700,57610,57690,57660,57685,57600,57685,57650
2025-07-25 04:00:00,9100,57640,57530,57640,57550,57660,57550,57660,57560,57650,57540,57650,57555
2025-07-25 04:05:00,8000,57570,57500,57550,57550,57590,57520,57560,57560,57580,57510,57555,57555
2025-07-25 04:10:00,10700,57580,57540,57550,57570,57590,57550,57560,57590,57585,57545,57555,57580
2025-07-25 04:15:00,8100,57690,57560,57570,57650,57700,57580,57590,57680,57695,57570,57580,57665
2025-07-25 04:20:00,6700,57650,57600,57650,57600,57680,57610,57680,57620,57665,57605,57665,57610
2025-07-25 04:25:00,5000,57630,57580,57600,57580,57640,57590,57620,57590,57635,57585,57610,57585
2025-07-25 04:30:00,15700,57580,57500,57580,57500,57590,57510,57590,57520,57585,57505,57585,57510
2025-07-25 04:35:00,15200,57500,57430,57500,57470,57520,57450,57520,57490,57510,57440,57510,57480
2025-07-25 04:40:00,6500,57540,57460,57470,57510,57560,57480,57490,57520,57550,57470,57480,57515
2025-07-25 04:45:00,9000,57530,57450,57510,57530,57550,57460,57520,57550,57540,57455,57515,57540
2025-07-25 04:50:00,4700,57540,57500,57530,57520,57550,57510,57550,57530,57545,57505,57540,57525
2025-07-25 04:55:00,5900,57550,57510,57520,57540,57560,57520,57530,57550,57555,57515,57525,57545
2025-07-25 05:00:00,5600,57570,57540,57540,57560,57590,57550,57550,57570,57580,57545,57545,57565
2025-07-25 05:05:00,4600,57620,57550,57560,57580,57640,57560,57570,57600,57630,57555,57565,57590
2025-07-25 05:10:00,7000,57660,57570,57580,57660,57670,57580,57600,57670,57665,57575,57590,57665
2025-07-25 05:15:00,5900,57670,57630,57660,57630,57690,57640,57670,57650,57680,57635,57665,57640
2025-07-25 05:20:00,4800,57680,57620,57630,57620,57690,57630,57650,57650,57685,57625,57640,57635
2025-07-25 05:25:00,5100,57640,57570,57620,57590,57650,57590,57650,57610,57645,57580,57635,57600
2025-07-25 05:30:00,4000,57590,57560,57590,57570,57610,57580,57610,57590,57600,57570,57600,57580
2025-07-25 05:35:00,7800,57660,57570,57570,57650,57680,57590,57590,57670,57670,57580,57580,57660
2025-07-25 05:40:00,4900,57670,57650,57650,57660,57690,57660,57670,57680,57680,57655,57660,57670
2025-07-25 05:45:00,6900,57720,57640,57660,57700,57730,57660,57680,57720,57725,57650,57670,57710
2025-07-25 05:50:00,2200,57700,57660,57700,57670,57720,57680,57720,57690,57710,57670,57710,57680
2025-07-25 05:55:00,10200,57680,57600,57670,57640,57690,57610,57690,57660,57685,57605,57680,57650
2025-07-25 06:00:00,6000,57730,57610,57640,57620,57750,57640,57660,57640,57740,57625,57650,57630
2025-07-25 06:05:00,5700,57630,57600,57620,57620,57650,57610,57640,57630,57640,57605,57630,57625
2025-07-25 06:10:00,6700,57640,57580,57620,57580,57650,57590,57630,57600,57645,57585,57625,57590
2025-07-25 06:15:00,9300,57600,57550,57580,57550,57610,57560,57600,57560,57605,57555,57590,57555
2025-07-25 06:20:00,14100,57570,57480,57550,57500,57590,57490,57560,57530,57580,57485,57555,57515
2025-07-25 06:25:00,,59240,57400,57700,57650,59250,57400,57710,57660,59245,57400,57705,57655
2025-07-25 06:30:00,165200,57650,57650,57650,57650,57660,57660,57660,57660,57655,57655,57655,57655
2025-07-28 00:00:00,77600,58260,57670,57750,58190,58300,57750,57750,58230,58280,57730,57750,58210
2025-07-28 00:05:00,21800,58360,58130,58190,58190,58400,58150,58230,58210,58380,58140,58210,58200
2025-07-28 00:10:00,19000,58380,58020,58190,58050,58400,58040,58210,58090,58390,58030,58200,58070
2025-07-28 00:15:00,14500,58310,58030,58050,58260,58340,58060,58090,58290,58325,58045,58070,58275
2025-07-28 00:20:00,3400,58290,58130,58260,58130,58310,58150,58290,58160,58300,58140,58275,58145
2025-07-28 00:25:00,5500,58160,58050,58130,58110,58200,58080,58160,58140,58180,58065,58145,58125
2025-07-28 00:30:00,5800,58180,58020,58110,58050,58200,58050,58140,58080,58190,58035,58125,58065
2025-07-28 00:35:00,2800,58120,58040,58050,58080,58150,58060,58080,58110,58135,58050,58065,58095
2025-07-28 00:40:00,2700,58110,58060,58080,58070,58130,58070,58110,58090,58120,58065,58095,58080
2025-07-28 00:45:00,3200,58110,58050,58070,58070,58140,58070,58090,58100,58125,58060,58080,58085
2025-07-28 00:50:00,5500,58150,58070,58070,58110,58170,58100,58100,58140,58160,58085,58085,58125
2025-07-28 00:55:00,6600,58140,58040,58110,58060,58170,58050,58140,58080,58155,58045,58125,58070
2025-07-28 01:00:00,6700,58100,57910,58060,57960,58120,57930,58080,57990,58110,57920,58070,57975
2025-07-28 01:05:00,4500,58090,57960,57970,58080,58120,57990,57990,58110,58105,57975,57980,58095
2025-07-28 01:10:00,7100,58150,58060,58100,58150,58160,58070,58110,58160,58155,58065,58105,58155
2025-07-28 01:15:00,5500,58180,58110,58150,58170,58200,58120,58160,58190,58190,58115,58155,58180
2025-07-28 01:20:00,5300,58230,58150,58170,58210,58250,58170,58190,58240,58240,58160,58180,58225
2025-07-28 01:25:00,2700,58210,58130,58210,58160,58240,58150,58240,58190,58225,58140,58225,58175
2025-07-28 01:30:00,3000,58160,58090,58160,58120,58200,58100,58190,58130,58180,58095,58175,58125
2025-07-28 01:35:00,3500,58180,58060,58120,58170,58200,58080,58130,58190,58190,58070,58125,58180
2025-07-28 01:40:00,3000,58200,58110,58170,58120,58210,58130,58190,58150,58205,58120,58180,58135
2025-07-28 01:45:00,1000,58170,58110,58120,58170,58190,58140,58150,58190,58180,58125,58135,58180
2025-07-28 01:50:00,1100,58180,58120,58170,58120,58190,58140,58190,58150,58185,58130,58180,58135
2025-07-28 01:55:00,2400,58140,58040,58120,58040,58170,58060,58150,58060,58155,58050,58135,58050
2025-07-28 02:00:00,1500,58100,58040,58040,58070,58130,58060,58060,58100,58115,58050,58050,58085
2025-07-28 02:05:00,2200,58110,58060,58070,58100,58140,58070,58100,58120,58125,58065,58085,58110
2025-07-28 02:10:00,2600,58160,58100,58100,58110,58180,58120,58120,58130,58170,58110,58110,58120
2025-07-28 02:15:00,2200,58120,58070,58110,58080,58140,58080,58130,58100,58130,58075,58120,58090
2025-07-28 02:20:00,2800,58080,58020,58080,58020,58100,58040,58100,58040,58090,58030,58090,58030
2025-07-28 02:25:00,4200,58120,58010,58020,58110,58140,58020,58040,58130,58130,58015,58030,58120
2025-07-28 02:30:00,5900,58110,58110,58110,58110,58150,58150,58150,58150,58130,58130,58130,58130
2025-07-28 03:30:00,29200,58340,58170,58290,58210,58370,58210,58300,58240,58355,58190,58295,58225
2025-07-28 03:35:00,4400,58250,58210,58210,58230,58260,58220,58240,58260,58255,58215,58225,58245
2025-07-28 03:40:00,5000,58250,58200,58230,58220,58270,58210,58260,58240,58260,58205,58245,58230
2025-07-28 03:45:00,6500,58230,58150,58220,58150,58240,58160,58240,58170,58235,58155,58230,58160
2025-07-28 03:50:00,2000,58180,58140,58150,58180,58200,58160,58170,58200,58190,58150,58160,58190
2025-07-28 03:55:00,3900,58180,58100,58180,58120,58200,58120,58200,58130,58190,58110,58190,58125
2025-07-28 04:00:00,2800,58120,58050,58120,58050,58130,58070,58130,58070,58125,58060,58125,58060
2025-07-28 04:05:00,2700,58100,58030,58050,58100,58130,58050,58070,58130,58115,58040,58060,58115
2025-07-28 04:10:00,3100,58120,58080,58100,58080,58130,58100,58130,58100,58125,58090,58115,58090
2025-07-28 04:15:00,1000,58120,58070,58080,58100,58130,58100,58100,58120,58125,58085,58090,58110
2025-07-28 04:20:00,2200,58120,58100,58100,58100,58150,58110,58120,58120,58135,58105,58110,58110
2025-07-28 04:25:00,2200,58140,58100,58100,58140,58160,58120,58120,58160,58150,58110,58110,58150
2025-07-28 04:30:00,3500,58150,58100,58140,58150,58170,58120,58150,58170,58160,58110,58145,58160
2025-07-28 04:35:00,6300,58270,58150,58150,58250,58290,58160,58170,58260,58280,58155,58160,58255
2025-07-28 04:40:00,4800,58290,58230,58250,58270,58320,58250,58260,58290,58305,58240,58255,58280
2025-07-28 04:45:00,3400,58270,58180,58270,58190,58290,58190,58290,58200,58280,58185,58280,58195
2025-07-28 04:50:00,2900,58230,58160,58190,58160,58250,58180,58200,58190,58240,58170,58195,58175
2025-07-28 04:55:00,2200,58200,58160,58160,58180,58220,58180,58190,58200,58210,58170,58175,58190
2025-07-28 05:00:00,2400,58220,58180,58180,58190,58230,58200,58200,58210,58225,58190,58190,58200
2025-07-28 05:05:00,2700,58230,58170,58190,58220,58250,58190,58210,58240,58240,58180,58200,58230
2025-07-28 05:10:00,3700,58220,58160,58220,58190,58240,58180,58240,58210,58230,58170,58230,58200
2025-07-28 05:15:00,2500,58210,58180,58190,58190,58220,58190,58210,58210,58215,58185,58200,58200
2025-07-28 05:20:00,2700,58240,58180,58190,58230,58260,58200,58210,58250,58250,58190,58200,58240
2025-07-28 05:25:00,4400,58260,58200,58230,58200,58270,58220,58250,58220,58265,58210,58240,58210
2025-07-28 05:30:00,3700,58230,58180,58200,58200,58250,58200,58220,58230,58240,58190,58210,58215
2025-07-28 05:35:00,6500,58300,58180,58200,58290,58330,58190,58230,58310,58315,58185,58215,58300
2025-07-28 05:40:00,4100,58290,58210,58290,58270,58310,58230,58310,58290,58300,58220,58300,58280
2025-07-28 05:45:00,4600,58320,58270,58270,58310,58350,58290,58290,58320,58335,58280,58280,58315
2025-07-28 05:50:00,5400,58320,58210,58310,58280,58330,58230,58320,58300,58325,58220,58315,58290
2025-07-28 05:55:00,3800,58340,58270,58280,58290,58350,58290,58300,58310,58345,58280,58290,58300
2025-07-28 06:00:00,3500,58310,58250,58290,58310,58320,58270,58310,58320,58315,58260,58300,58315
2025-07-28 06:05:00,5700,58310,58220,58300,58220,58320,58230,58320,58230,58315,58225,58310,58225
2025-07-28 06:10:00,5100,58250,58200,58220,58200,58280,58210,58230,58220,58260,58205,58225,58210
2025-07-28 06:15:00,7500,58240,58160,58200,58220,58250,58180,58220,58240,58245,58170,58210,58230
2025-07-28 06:20:00,8200,58270,58200,58220,58200,58290,58220,58240,58230,58280,58215,58230,58215
2025-07-28 06:25:00,,58350,56550,57960,58110,58360,56560,57970,58120,58355,56555,57965,58115
2025-07-28 06:30:00,125800,58110,58110,58110,58110,58190,58190,58190,58190,58150,58150,58150,58150
2025-07-29 00:00:00,50100,57880,57550,57710,57880,57990,57600,57710,57920,57900,57575,57710,57900
2025-07-29 00:05:00,17500,57860,57440,57860,57540,57920,57470,57920,57590,57890,57455,57890,57565
2025-07-29 00:10:00,5300,57590,57480,57540,57500,57630,57510,57590,57540,57610,57505,57565,57520
2025-07-29 00:15:00,5700,57570,57470,57500,57470,57600,57490,57550,57510,57585,57480,57525,57490
2025-07-29 00:20:00,6700,57510,57390,57480,57440,57520,57410,57510,57460,57515,57400,57495,57450
2025-07-29 00:25:00,3200,57500,57430,57440,57480,57520,57460,57460,57500,57505,57445,57450,57490
2025-07-29 00:30:00,4200,57560,57460,57480,57490,57580,57470,57500,57520,57570,57465,57490,57505
2025-07-29 00:35:00,3700,57530,57460,57490,57460,57550,57480,57520,57490,57540,57470,57505,57475
2025-07-29 00:40:00,5700,57470,57400,57460,57460,57500,57410,57480,57490,57485,57405,57470,57475
2025-07-29 00:45:00,3700,57460,57380,57460,57380,57500,57400,57490,57400,57480,57390,57475,57390
2025-07-29 00:50:00,5800,57440,57350,57380,57440,57480,57370,57400,57470,57460,57360,57390,57455
2025-07-29 00:55:00,1800,57470,57410,57440,57450,57500,57420,57470,57480,57485,57415,57455,57465
2025-07-29 01:00:00,5500,57560,57440,57450,57500,57580,57460,57480,57520,57570,57450,57465,57510
2025-07-29 01:05:00,4500,57500,57430,57500,57490,57520,57450,57520,57520,57510,57440,57510,57505
2025-07-29 01:10:00,4400,57590,57460,57490,57580,57620,57480,57520,57610,57605,57475,57505,57595
2025-07-29 01:15:00,2700,57610,57540,57580,57580,57630,57570,57610,57600,57615,57555,57595,57590
2025-07-29 01:20:00,4000,57600,57510,57580,57600,57630,57530,57600,57620,57615,57520,57590,57610
2025-07-29 01:25:00,2600,57600,57550,57600,57560,57620,57570,57620,57590,57610,57560,57610,57575
2025-07-29 01:30:00,1500,57570,57520,57560,57560,57600,57550,57590,57590,57585,57540,57575,57575
2025-07-29 01:35:00,2600,57650,57550,57560,57610,57660,57580,57580,57630,57655,57565,57570,57620
2025-07-29 01:40:00,3500,57730,57610,57610,57710,57750,57630,57630,57730,57740,57620,57620,57720
2025-07-29 01:45:00,2800,57740,57680,57710,57710,57750,57700,57730,57740,57745,57695,57720,57725
2025-07-29 01:50:00,1300,57730,57670,57710,57730,57750,57700,57740,57750,57740,57685,57725,57740
2025-07-29 01:55:00,1100,57730,57700,57730,57700,57750,57720,57750,57740,57740,57710,57740,57720
2025-07-29 02:00:00,4700,57710,57620,57700,57650,57740,57640,57740,57690,57725,57635,57720,57670
2025-07-29 02:05:00,4100,57680,57620,57650,57630,57700,57650,57690,57650,57685,57635,57670,57640
2025-07-29 02:10:00,2900,57630,57590,57630,57590,57650,57610,57650,57620,57640,57600,57640,57605
2025-07-29 02:15:00,4800,57590,57470,57590,57470,57610,57480,57610,57490,57600,57475,57600,57480
2025-07-29 02:20:00,1900,57530,57470,57470,57490,57550,57480,57490,57500,57540,57475,57480,57495
2025-07-29 02:25:00,4100,57500,57430,57490,57450,57530,57440,57500,57480,57515,57435,57495,57465
2025-07-29 02:30:00,1300,57450,57450,57450,57450,57500,57500,57500,57500,57475,57475,57475,57475
2025-07-29 03:30:00,10100,57650,57510,57620,57540,57690,57540,57620,57570,57650,57525,57620,57555
2025-07-29 03:35:00,1900,57570,57530,57540,57560,57580,57550,57570,57580,57575,57540,57555,57570
2025-07-29 03:40:00,2900,57560,57510,57560,57530,57580,57530,57580,57560,57570,57520,57570,57545
2025-07-29 03:45:00,2500,57560,57510,57530,57540,57570,57530,57560,57560,57565,57520,57545,57550
2025-07-29 03:50:00,3100,57550,57500,57540,57500,57570,57510,57560,57510,57560,57505,57550,57505
2025-07-29 03:55:00,800,57540,57500,57500,57510,57550,57510,57510,57520,57545,57505,57505,57515
2025-07-29 04:00:00,3900,57520,57490,57510,57490,57540,57500,57520,57510,57530,57495,57515,57500
2025-07-29 04:05:00,3000,57490,57420,57490,57420,57520,57430,57510,57430,57505,57425,57500,57425
2025-07-29 04:10:00,4800,57420,57380,57420,57380,57430,57390,57430,57390,57425,57385,57425,57385
2025-07-29 04:15:00,3300,57390,57350,57380,57360,57420,57370,57390,57380,57405,57360,57385,57370
2025-07-29 04:20:00,4200,57360,57300,57360,57320,57370,57310,57370,57330,57365,57305,57365,57325
2025-07-29 04:25:00,6400,57320,57260,57320,57280,57330,57290,57330,57300,57325,57275,57325,57290
2025-07-29 04:30:00,4500,57350,57260,57280,57310,57360,57280,57300,57340,57355,57270,57290,57325
2025-07-29 04:35:00,3200,57320,57260,57310,57260,57340,57270,57340,57270,57330,57265,57325,57265
2025-07-29 04:40:00,3700,57270,57200,57260,57210,57290,57220,57270,57230,57280,57210,57265,57220
2025-07-29 04:45:00,2600,57240,57210,57210,57230,57260,57230,57230,57240,57250,57220,57220,57235
2025-07-29 04:50:00,2600,57260,57220,57230,57250,57270,57230,57240,57270,57265,57225,57235,57260
2025-07-29 04:55:00,2300,57280,57240,57250,57250,57290,57260,57270,57270,57285,57255,57260,57260
2025-07-29 05:00:00,1500,57250,57230,57250,57230,57270,57240,57270,57240,57260,57235,57260,57235
2025-07-29 05:05:00,2500,57250,57220,57230,57220,57270,57230,57240,57240,57260,57225,57235,57230
2025-07-29 05:10:00,1500,57240,57220,57220,57240,57250,57230,57240,57250,57245,57225,57230,57245
2025-07-29 05:15:00,3000,57250,57220,57240,57230,57260,57230,57250,57250,57255,57225,57245,57240
2025-07-29 05:20:00,2200,57310,57220,57230,57310,57330,57240,57250,57330,57320,57230,57240,57320
2025-07-29 05:25:00,4100,57310,57230,57310,57260,57320,57260,57320,57280,57315,57245,57315,57270
2025-07-29 05:30:00,4200,57310,57240,57260,57300,57320,57260,57280,57320,57315,57250,57270,57310
2025-07-29 05:35:00,3700,57310,57250,57300,57260,57340,57270,57320,57290,57325,57265,57310,57275
2025-07-29 05:40:00,1600,57310,57250,57260,57290,57320,57280,57290,57320,57315,57265,57275,57305
2025-07-29 05:45:00,3900,57370,57290,57290,57350,57390,57320,57320,57380,57380,57305,57305,57365
2025-07-29 05:50:00,2900,57370,57290,57350,57290,57380,57310,57380,57310,57375,57300,57365,57300
2025-07-29 05:55:00,4500,57310,57250,57290,57290,57330,57280,57310,57310,57320,57265,57300,57300
2025-07-29 06:00:00,2400,57320,57260,57290,57260,57340,57280,57310,57280,57330,57270,57300,57270
2025-07-29 06:05:00,2100,57290,57260,57260,57270,57320,57280,57280,57290,57305,57270,57270,57280
2025-07-29 06:10:00,5700,57300,57250,57270,57300,57330,57280,57290,57330,57315,57265,57280,57315
2025-07-29 06:15:00,3500,57340,57300,57300,57330,57350,57320,57330,57340,57345,57315,57315,57335
2025-07-29 06:20:00,7300,57370,57330,57330,57350,57390,57340,57340,57370,57380,57335,57335,57360
2025-07-29 06:25:00,,57330,56660,56860,57330,57340,56660,56870,57340,57335,56660,56865,57335
2025-07-29 06:30:00,110200,57320,57320,57320,57320,57340,57340,57340,57340,57330,57330,57330,57330
2025-07-30 00:00:00,107200,56330,55500,55590,55640,56330,55540,55600,55690,56330,55520,55595,55665
2025-07-30 00:05:00,56200,55640,55080,55640,55100,55690,55110,55690,55140,55665,55095,55665,55120
2025-07-30 00:10:00,97000,55220,54810,55090,55090,55250,54820,55140,55140,55230,54815,55115,55115
2025-07-30 00:15:00,21000,55290,55050,55090,55110,55310,55100,55140,55150,55295,55075,55115,55130
2025-07-30 00:20:00,73500,55120,54620,55110,54650,55150,54660,55150,54700,55135,54640,55130,54675
2025-07-30 00:25:00,16200,54960,54660,54660,54880,54990,54690,54700,54920,54975,54675,54680,54900
2025-07-30 00:30:00,12100,55060,54860,54880,55050,55070,54900,54920,55070,55065,54885,54900,55060
2025-07-30 00:35:00,14900,55080,54900,55050,54900,55090,54920,55070,54940,55085,54910,55060,54920
2025-07-30 00:40:00,14600,54920,54810,54900,54870,54960,54830,54950,54890,54940,54820,54925,54880
2025-07-30 00:45:00,7800,54990,54870,54870,54970,55020,54890,54890,54980,55005,54880,54880,54975
2025-07-30 00:50:00,11300,54980,54850,54970,54910,54990,54870,54980,54940,54985,54860,54975,54925
2025-07-30 00:55:00,15600,55020,54880,54910,54880,55040,54910,54940,54910,55030,54895,54925,54895
2025-07-30 01:00:00,11100,55030,54850,54880,55020,55050,54870,54910,55050,55040,54860,54895,55035
2025-07-30 01:05:00,8700,55070,54990,55020,55070,55100,55010,55050,55100,55085,55000,55035,55085
2025-07-30 01:10:00,22500,55350,55070,55070,55230,55380,55100,55100,55260,55365,55085,55085,55245
2025-07-30 01:15:00,7000,55250,55190,55230,55210,55280,55210,55260,55250,55260,55200,55245,55230
2025-07-30 01:20:00,13100,55420,55200,55210,55350,55440,55220,55220,55380,55430,55210,55215,55365
2025-07-30 01:25:00,7100,55380,55270,55350,55360,55410,55290,55380,55380,55395,55285,55365,55370
2025-07-30 01:30:00,14700,55360,55120,55360,55180,55380,55150,55380,55200,55370,55135,55370,55190
2025-07-30 01:35:00,8800,55200,55060,55180,55060,55230,55090,55200,55090,55215,55075,55190,55075
2025-07-30 01:40:00,4700,55110,55040,55060,55060,55140,55050,55090,55090,55125,55045,55075,55075
2025-07-30 01:45:00,7800,55280,55060,55060,55280,55300,55090,55090,55300,55290,55075,55075,55290
2025-07-30 01:50:00,7000,55300,55140,55280,55150,55310,55150,55300,55170,55305,55145,55290,55160
2025-07-30 01:55:00,3700,55200,55130,55150,55190,55230,55160,55170,55220,55210,55145,55160,55205
2025-07-30 02:00:00,2800,55190,55120,55190,55150,55220,55140,55220,55170,55205,55130,55205,55160
2025-07-30 02:05:00,4900,55170,55110,55150,55130,55180,55130,55170,55160,55175,55120,55160,55145
2025-07-30 02:10:00,2400,55170,55130,55130,55150,55190,55140,55160,55180,55180,55135,55145,55165
2025-07-30 02:15:00,5200,55200,55130,55150,55130,55210,55150,55180,55150,55205,55140,55165,55140
2025-07-30 02:20:00,6000,55140,55080,55130,55120,55150,55100,55150,55130,55145,55090,55140,55125
2025-07-30 02:25:00,7400,55180,55120,55120,55130,55200,55140,55140,55170,55190,55130,55130,55150
2025-07-30 02:30:00,10000,55130,55130,55130,55130,55210,55210,55210,55210,55170,55170,55170,55170
2025-07-30 03:30:00,33400,55210,55090,55210,55100,55230,55110,55220,55140,55220,55100,55215,55120
2025-07-30 03:35:00,12700,55120,55020,55100,55020,55150,55050,55140,55050,55135,55035,55120,55035
2025-07-30 03:40:00,37000,55070,54960,55020,55010,55080,54980,55050,55040,55075,54970,55035,55025
2025-07-30 03:45:00,3100,55050,55000,55010,55040,55070,55020,55040,55070,55055,55010,55025,55055
2025-07-30 03:50:00,17000,55040,54910,55040,55010,55070,54940,55070,55040,55055,54925,55055,55025
2025-07-30 03:55:00,24900,55040,54920,55020,55030,55070,54940,55040,55050,55055,54930,55030,55040
2025-07-30 04:00:00,6700,55060,54990,55030,55030,55070,55020,55050,55070,55065,55005,55040,55050
2025-07-30 04:05:00,6200,55110,55030,55030,55060,55120,55070,55070,55080,55115,55050,55050,55070
2025-07-30 04:10:00,3300,55090,55050,55060,55080,55100,55060,55080,55100,55095,55055,55070,55090
2025-07-30 04:15:00,4600,55090,55030,55080,55030,55110,55040,55100,55050,55100,55035,55090,55040
2025-07-30 04:20:00,5600,55060,55010,55030,55020,55090,55030,55050,55050,55070,55020,55040,55035
2025-07-30 04:25:00,5700,55090,55020,55020,55080,55110,55030,55050,55100,55100,55025,55035,55090
2025-07-30 04:30:00,5100,55120,55070,55090,55080,55130,55090,55100,55100,55125,55085,55095,55090
2025-07-30 04:35:00,3900,55110,55060,55080,55060,55120,55080,55100,55080,55115,55070,55090,55070
2025-07-30 04:40:00,7400,55070,55010,55060,55020,55090,55020,55080,55040,55080,55015,55070,55030
2025-07-30 04:45:00,1700,55030,55020,55020,55030,55050,55030,55040,55040,55035,55025,55030,55035
2025-07-30 04:50:00,9500,55090,55000,55030,55070,55100,55020,55040,55100,55095,55010,55035,55085
2025-07-30 04:55:00,3500,55080,55030,55070,55030,55100,55040,55100,55040,55090,55035,55085,55035
2025-07-30 05:00:00,69600,55040,54720,55030,54780,55050,54750,55040,54800,55045,54740,55035,54790
2025-07-30 05:05:00,12400,54810,54710,54780,54720,54830,54720,54800,54740,54820,54715,54790,54730
2025-07-30 05:10:00,37600,54860,54630,54720,54830,54890,54640,54740,54870,54875,54635,54730,54850
2025-07-30 05:15:00,8600,54840,54720,54830,54730,54870,54740,54870,54750,54855,54735,54850,54740
2025-07-30 05:20:00,10500,54730,54630,54730,54660,54750,54650,54750,54680,54740,54640,54740,54670
2025-07-30 05:25:00,21200,54670,54580,54660,54580,54680,54590,54680,54590,54675,54585,54670,54585
2025-07-30 05:30:00,11800,54620,54560,54580,54620,54630,54570,54590,54630,54625,54565,54585,54625
2025-07-30 05:35:00,15400,54630,54520,54620,54540,54640,54530,54630,54560,54635,54525,54625,54550
2025-07-30 05:40:00,6900,54620,54530,54540,54610,54630,54550,54560,54630,54625,54540,54550,54620
2025-07-30 05:45:00,9100,54690,54610,54610,54680,54700,54620,54630,54700,54695,54615,54620,54690
2025-07-30 05:50:00,8400,54720,54660,54680,54690,54730,54680,54700,54710,54725,54670,54690,54700
2025-07-30 05:55:00,10400,54730,54670,54700,54680,54740,54680,54710,54700,54735,54675,54705,54690
2025-07-30 06:00:00,9000,54740,54670,54680,54720,54750,54690,54700,54740,54745,54685,54690,54730
2025-07-30 06:05:00,10300,54750,54680,54730,54680,54760,54690,54740,54700,54755,54685,54735,54690
2025-07-30 06:10:00,11100,54760,54680,54680,54760,54780,54700,54700,54780,54770,54690,54690,54770
2025-07-30 06:15:00,10900,54790,54720,54760,54720,54800,54740,54780,54740,54795,54730,54770,54730
2025-07-30 06:20:00,18000,54740,54700,54720,54710,54750,54710,54740,54740,54745,54705,54730,54725
2025-07-30 06:25:00,,54930,53250,54510,54600,54940,53250,54520,54610,54935,53250,54515,54605
2025-07-30 06:30:00,234200,54600,54600,54600,54600,54690,54690,54690,54690,54645,54645,54645,54645
2025-07-31 00:00:00,99500,55490,54930,55290,55120,55550,54960,55300,55150,55520,54955,55295,55135
2025-07-31 00:05:00,25400,55170,54980,55110,55140,55190,55010,55150,55170,55180,54995,55130,55155
2025-07-31 00:10:00,34200,55460,55130,55140,55280,55480,55140,55170,55300,55470,55135,55155,55290
2025-07-31 00:15:00,18500,55420,55270,55290,55310,55450,55300,55300,55330,55435,55285,55295,55320
2025-07-31 00:20:00,14900,55460,55250,55310,55420,55480,55280,55330,55440,55470,55265,55320,55430
2025-07-31 00:25:00,23100,55640,55350,55420,55630,55650,55370,55450,55650,55645,55365,55435,55640
2025-07-31 00:30:00,17900,55630,55560,55630,55580,55650,55580,55650,55600,55640,55570,55640,55590
2025-07-31 00:35:00,19600,55770,55560,55580,55770,55790,55570,55600,55790,55780,55565,55590,55780
2025-07-31 00:40:00,15900,55850,55720,55770,55830,55860,55740,55800,55850,55855,55730,55785,55840
2025-07-31 00:45:00,18200,55830,55470,55830,55470,55860,55490,55850,55490,55845,55480,55840,55480
2025-07-31 00:50:00,16700,55480,55180,55470,55220,55500,55210,55490,55240,55490,55195,55480,55230
2025-07-31 00:55:00,9600,55220,55070,55220,55120,55240,55100,55240,55130,55230,55085,55230,55125
2025-07-31 01:00:00,17900,55120,54990,55120,55080,55130,55000,55130,55100,55125,54995,55125,55090
2025-07-31 01:05:00,8800,55200,55060,55080,55150,55230,55090,55100,55170,55215,55075,55090,55160
2025-07-31 01:10:00,7000,55160,55030,55150,55070,55180,55050,55180,55090,55165,55040,55165,55080
2025-07-31 01:15:00,3100,55120,55050,55070,55110,55140,55060,55090,55130,55125,55055,55080,55120
2025-07-31 01:20:00,4700,55170,55110,55110,55160,55190,55130,55130,55180,55180,55120,55120,55170
2025-07-31 01:25:00,6400,55160,55100,55160,55150,55180,55130,55180,55180,55170,55115,55170,55165
2025-07-31 01:30:00,5500,55290,55140,55150,55290,55310,55170,55180,55310,55300,55155,55165,55300
2025-07-31 01:35:00,3300,55310,55250,55290,55270,55330,55270,55310,55290,55320,55260,55300,55280
2025-07-31 01:40:00,6300,55340,55210,55270,55270,55370,55230,55290,55300,55355,55220,55280,55285
2025-07-31 01:45:00,5300,55390,55260,55270,55360,55400,55280,55290,55370,55395,55275,55280,55365
2025-07-31 01:50:00,3300,55390,55320,55360,55340,55400,55330,55370,55350,55395,55325,55365,55345
2025-07-31 01:55:00,2800,55380,55320,55340,55360,55400,55340,55350,55380,55385,55335,55345,55370
2025-07-31 02:00:00,3700,55450,55360,55360,55440,55460,55380,55390,55460,55455,55370,55375,55450
2025-07-31 02:05:00,5100,55530,55440,55440,55530,55550,55450,55460,55540,55540,55445,55450,55535
2025-07-31 02:10:00,6400,55590,55530,55530,55530,55620,55540,55540,55550,55605,55535,55535,55540
2025-07-31 02:15:00,4400,55530,55470,55530,55480,55550,55480,55550,55500,55540,55475,55540,55490
2025-07-31 02:20:00,2900,55520,55470,55470,55500,55540,55490,55500,55520,55530,55480,55485,55510
2025-07-31 02:25:00,6600,55510,55410,55500,55410,55530,55440,55520,55450,55520,55425,55510,55430
2025-07-31 02:30:00,4400,55410,55410,55410,55410,55450,55450,55450,55450,55430,55430,55430,55430
2025-07-31 03:30:00,27100,55350,55240,55260,55260,55380,55250,55320,55280,55365,55245,55290,55270
2025-07-31 03:35:00,4600,55370,55250,55260,55320,55380,55280,55280,55340,55375,55265,55270,55330
2025-07-31 03:40:00,7700,55320,55160,55320,55160,55340,55180,55340,55190,55330,55170,55330,55175
2025-07-31 03:45:00,4700,55200,55160,55170,55160,55230,55180,55190,55180,55215,55170,55180,55170
2025-07-31 03:50:00,8000,55220,55150,55160,55220,55240,55160,55180,55240,55230,55155,55170,55230
2025-07-31 03:55:00,4600,55280,55220,55220,55220,55300,55230,55240,55240,55285,55225,55230,55230
2025-07-31 04:00:00,8800,55220,55100,55220,55210,55250,55110,55240,55230,55235,55105,55230,55220
2025-07-31 04:05:00,2500,55240,55210,55210,55240,55270,55230,55230,55260,55255,55220,55220,55250
2025-07-31 04:10:00,3600,55330,55230,55240,55320,55350,55240,55260,55340,55340,55235,55250,55330
2025-07-31 04:15:00,2100,55320,55270,55320,55270,55340,55280,55340,55290,55330,55275,55330,55280
2025-07-31 04:20:00,4000,55330,55260,55270,55320,55350,55270,55290,55340,55340,55265,55280,55330
2025-07-31 04:25:00,8200,55320,55130,55320,55130,55340,55140,55340,55150,55330,55135,55330,55140
2025-07-31 04:30:00,5100,55200,55110,55130,55190,55220,55120,55150,55200,55210,55115,55140,55195
2025-07-31 04:35:00,3200,55200,55160,55190,55200,55210,55170,55200,55210,55205,55165,55195,55205
2025-07-31 04:40:00,4000,55240,55200,55200,55220,55260,55210,55210,55240,55250,55205,55205,55230
2025-07-31 04:45:00,3700,55270,55210,55220,55260,55280,55230,55240,55270,55275,55220,55230,55265
2025-07-31 04:50:00,3600,55270,55230,55260,55270,55280,55240,55270,55280,55275,55235,55265,55275
2025-07-31 04:55:00,5900,55320,55270,55270,55310,55340,55280,55280,55330,55330,55275,55275,55320
2025-07-31 05:00:00,4300,55310,55250,55310,55290,55330,55260,55330,55300,55320,55255,55320,55295
2025-07-31 05:05:00,7300,55340,55290,55290,55330,55360,55300,55300,55340,55350,55295,55295,55335
2025-07-31 05:10:00,6200,55390,55330,55330,55370,55400,55340,55340,55390,55395,55335,55335,55380
2025-07-31 05:15:00,6800,55380,55340,55370,55380,55400,55350,55390,55400,55390,55345,55380,55390
2025-07-31 05:20:00,3600,55410,55340,55380,55350,55420,55350,55410,55360,55415,55345,55395,55355
2025-07-31 05:25:00,4000,55360,55330,55350,55350,55370,55340,55360,55370,55365,55335,55355,55360
2025-07-31 05:30:00,6600,55360,55260,55350,55270,55370,55270,55370,55300,55365,55265,55360,55285
2025-07-31 05:35:00,5200,55300,55230,55270,55230,55310,55240,55290,55240,55305,55235,55280,55235
2025-07-31 05:40:00,6100,55340,55220,55230,55330,55350,55230,55240,55350,55345,55225,55235,55340
2025-07-31 05:45:00,6300,55360,55280,55330,55290,55380,55290,55350,55310,55370,55285,55340,55300
2025-07-31 05:50:00,3700,55340,55290,55290,55330,55350,55300,55310,55350,55345,55295,55300,55340
2025-07-31 05:55:00,9400,55390,55310,55330,55380,55400,55330,55340,55390,55395,55320,55335,55385
2025-07-31 06:00:00,7700,55440,55370,55380,55420,55450,55380,55390,55440,55445,55375,55385,55430
2025-07-31 06:05:00,7000,55430,55350,55420,55380,55440,55360,55440,55400,55435,55355,55430,55390
2025-07-31 06:10:00,5300,55400,55320,55380,55320,55410,55330,55400,55330,55405,55325,55390,55325
2025-07-31 06:15:00,7400,55390,55310,55320,55360,55400,55330,55330,55370,55395,55320,55325,55365
2025-07-31 06:20:00,11300,55390,55340,55360,55370,55400,55360,55370,55390,55395,55350,55365,55380
2025-07-31 06:25:00,,55740,54820,55720,55200,55750,54830,55730,55210,55745,54825,55725,55205
2025-07-31 06:30:00,226600,55200,55200,55200,55200,55260,55260,55260,55260,55230,55230,55230,55230
2025-08-01 00:00:00,119900,55760,55340,55550,55600,55790,55370,55560,55630,55775,55355,55555,55615
2025-08-01 00:05:00,18800,55600,55420,55600,55510,55630,55440,55630,55540,55615,55430,55615,55525
2025-08-01 00:10:00,32200,55730,55510,55510,55720,55740,55530,55540,55730,55735,55525,55525,55725
2025-08-01 00:15:00,10700,55740,55580,55720,55740,55750,55600,55730,55750,55745,55590,55725,55745
2025-08-01 00:20:00,10200,55760,55650,55740,55730,55770,55670,55750,55750,55765,55660,55745,55740
2025-08-01 00:25:00,14700,55740,55510,55730,55570,55750,55540,55750,55600,55745,55525,55740,55585
2025-08-01 00:30:00,17900,55810,55560,55570,55800,55820,55580,55600,55820,55815,55570,55585,55810
2025-08-01 00:35:00,11200,55880,55770,55800,55870,55890,55790,55820,55890,55885,55780,55810,55880
2025-08-01 00:40:00,20500,55960,55870,55870,55930,55980,55890,55890,55960,55970,55880,55880,55945
2025-08-01 00:45:00,21800,56050,55910,55930,56050,56070,55930,55960,56070,56060,55925,55945,56060
2025-08-01 00:50:00,16300,56150,55940,56050,56150,56160,55970,56070,56160,56155,55955,56060,56155
2025-08-01 00:55:00,21300,56360,56150,56150,56310,56380,56170,56170,56340,56370,56160,56160,56325
2025-08-01 01:00:00,13700,56400,56270,56310,56360,56410,56290,56340,56380,56405,56285,56325,56370
2025-08-01 01:05:00,7600,56370,56250,56360,56340,56390,56280,56380,56350,56380,56265,56370,56345
2025-08-01 01:10:00,15400,56410,56180,56340,56410,56440,56200,56350,56420,56425,56195,56345,56415
2025-08-01 01:15:00,17800,56540,56360,56410,56520,56550,56380,56430,56550,56545,56370,56420,56535
2025-08-01 01:20:00,17900,56790,56520,56520,56760,56800,56540,56550,56780,56795,56530,56535,56770
2025-08-01 01:25:00,15600,56860,56730,56770,56860,56880,56750,56780,56880,56870,56740,56775,56870
2025-08-01 01:30:00,36800,57160,56860,56860,57130,57180,56870,56880,57150,57165,56865,56870,57140
2025-08-01 01:35:00,22100,57270,57070,57130,57090,57280,57110,57150,57120,57275,57090,57140,57105
2025-08-01 01:40:00,12300,57170,57050,57090,57120,57200,57070,57120,57150,57185,57060,57105,57135
2025-08-01 01:45:00,20700,57330,57120,57120,57270,57350,57150,57150,57290,57340,57135,57135,57280
2025-08-01 01:50:00,17000,57300,57190,57270,57280,57320,57210,57290,57310,57310,57205,57280,57295
2025-08-01 01:55:00,8000,57290,57190,57280,57250,57310,57210,57310,57270,57300,57200,57295,57260
2025-08-01 02:00:00,11700,57280,57200,57250,57250,57290,57230,57270,57270,57285,57215,57260,57260
2025-08-01 02:05:00,30500,57250,57110,57250,57170,57270,57140,57270,57190,57260,57130,57260,57180
2025-08-01 02:10:00,19300,57320,57160,57170,57320,57340,57190,57190,57340,57330,57175,57180,57330
2025-08-01 02:15:00,12000,57390,57310,57320,57350,57410,57330,57340,57370,57395,57320,57330,57360
2025-08-01 02:20:00,5600,57360,57300,57350,57320,57380,57320,57370,57340,57370,57310,57360,57330
2025-08-01 02:25:00,13200,57400,57260,57310,57400,57440,57270,57340,57440,57420,57265,57325,57420
2025-08-01 02:30:00,9700,57400,57400,57400,57400,57440,57440,57440,57440,57420,57420,57420,57420
2025-08-01 03:30:00,55600,57680,57520,57620,57660,57700,57590,57630,57680,57690,57565,57625,57670
2025-08-01 03:35:00,15700,57660,57490,57660,57510,57680,57500,57680,57550,57670,57495,57670,57530
2025-08-01 03:40:00,7900,57570,57470,57510,57560,57590,57490,57550,57580,57580,57480,57530,57570
2025-08-01 03:45:00,7700,57590,57520,57560,57560,57610,57550,57580,57580,57600,57540,57570,57570
2025-08-01 03:50:00,6900,57630,57560,57570,57600,57640,57580,57580,57620,57635,57570,57575,57610
2025-08-01 03:55:00,18100,57610,57310,57600,57310,57620,57330,57620,57330,57615,57320,57610,57320
2025-08-01 04:00:00,14100,57330,57120,57310,57140,57360,57140,57330,57170,57345,57130,57320,57155
2025-08-01 04:05:00,11500,57150,57040,57140,57090,57170,57070,57170,57110,57160,57055,57155,57100
2025-08-01 04:10:00,9400,57270,57090,57090,57240,57300,57100,57110,57270,57285,57095,57100,57255
2025-08-01 04:15:00,6800,57350,57230,57240,57340,57360,57250,57270,57360,57355,57240,57255,57350
2025-08-01 04:20:00,5900,57360,57210,57340,57230,57370,57240,57360,57250,57365,57225,57350,57240
2025-08-01 04:25:00,9800,57230,57070,57230,57100,57250,57100,57250,57130,57240,57085,57240,57115
2025-08-01 04:30:00,8500,57130,57010,57100,57050,57140,57040,57130,57070,57135,57025,57115,57060
2025-08-01 04:35:00,5500,57140,57050,57050,57100,57150,57070,57070,57130,57145,57060,57060,57115
2025-08-01 04:40:00,4700,57130,57050,57100,57050,57150,57060,57130,57070,57140,57055,57115,57060
2025-08-01 04:45:00,9900,57050,56910,57050,56930,57070,56930,57070,56950,57060,56920,57060,56940
2025-08-01 04:50:00,6700,56940,56840,56930,56890,56950,56860,56950,56900,56945,56850,56940,56895
2025-08-01 04:55:00,8000,56890,56750,56890,56780,56910,56770,56900,56800,56900,56760,56895,56790
2025-08-01 05:00:00,5900,56870,56780,56780,56860,56880,56800,56800,56880,56875,56790,56790,56870
2025-08-01 05:05:00,6700,56860,56710,56860,56720,56880,56730,56880,56730,56870,56720,56870,56725
2025-08-01 05:10:00,8500,56730,56590,56720,56620,56740,56620,56730,56640,56735,56605,56725,56630
2025-08-01 05:15:00,5800,56670,56590,56620,56620,56680,56610,56640,56640,56675,56600,56630,56630
2025-08-01 05:20:00,5600,56700,56600,56620,56690,56710,56620,56640,56710,56705,56610,56630,56700
2025-08-01 05:25:00,7300,56700,56590,56690,56590,56730,56610,56710,56620,56715,56600,56700,56605
2025-08-01 05:30:00,6600,56630,56550,56590,56610,56640,56580,56620,56630,56635,56565,56605,56620
2025-08-01 05:35:00,6800,56700,56600,56610,56670,56720,56610,56630,56690,56710,56605,56620,56680
2025-08-01 05:40:00,5400,56680,56610,56670,56620,56690,56630,56690,56640,56685,56620,56680,56630
2025-08-01 05:45:00,6300,56710,56610,56620,56650,56740,56620,56640,56670,56725,56615,56630,56660
2025-08-01 05:50:00,5700,56700,56570,56650,56690,56710,56590,56670,56710,56705,56580,56660,56700
2025-08-01 05:55:00,5500,56710,56630,56690,56700,56730,56660,56710,56710,56715,56645,56700,56705
2025-08-01 06:00:00,8100,56750,56670,56700,56720,56760,56710,56710,56740,56755,56690,56705,56730
2025-08-01 06:05:00,6500,56730,56680,56720,56720,56750,56690,56740,56740,56740,56685,56730,56730
2025-08-01 06:10:00,6000,56730,56690,56720,56700,56740,56700,56740,56730,56735,56695,56730,56715
2025-08-01 06:15:00,7700,56730,56670,56700,56720,56740,56680,56730,56740,56735,56675,56715,56730
2025-08-01 06:20:00,23600,56890,56680,56720,56890,56930,56700,56740,56930,56910,56690,56730,56910
2025-08-01 06:25:00,,57990,56820,57260,56820,58000,56830,57260,56830,57995,56825,57260,56825
2025-08-01 06:30:00,133900,56820,56820,56820,56820,56880,56880,56880,56880,56850,56850,56850,56850
2025-08-04 00:00:00,129800,56410,55520,55810,56100,56440,55570,55820,56140,56415,55545,55815,56120
2025-08-04 00:05:00,24100,56220,55850,56100,56020,56250,55890,56140,56050,56235,55870,56120,56035
2025-08-04 00:10:00,13700,56170,56010,56020,56100,56200,56020,56050,56150,56185,56015,56035,56125
2025-08-04 00:15:00,13800,56100,55860,56100,55870,56150,55880,56150,55910,56125,55870,56125,55890
2025-08-04 00:20:00,9900,55950,55780,55870,55860,55970,55810,55910,55890,55960,55795,55890,55875
2025-08-04 00:25:00,11200,56060,55850,55860,55950,56080,55870,55890,55990,56070,55860,55875,55970
2025-08-04 00:30:00,8300,55970,55820,55960,55870,56000,55840,55990,55900,55985,55830,55975,55885
2025-08-04 00:35:00,6100,55950,55850,55870,55920,55970,55880,55900,55930,55960,55865,55885,55925
2025-08-04 00:40:00,12900,56000,55830,55910,55950,56020,55860,55930,55980,56010,55845,55920,55965
2025-08-04 00:45:00,3100,56020,55940,55940,55970,56040,55970,55980,55990,56030,55960,55960,55980
2025-08-04 00:50:00,10500,56100,55960,55970,55980,56120,55980,55990,56010,56110,55970,55980,55995
2025-08-04 00:55:00,9500,56030,55840,55980,56030,56050,55880,56010,56050,56040,55860,55995,56040
2025-08-04 01:00:00,4200,56090,55960,56030,55980,56120,56000,56050,56000,56105,55980,56040,55990
2025-08-04 01:05:00,3900,55990,55870,55980,55890,56020,55890,56000,55910,56005,55880,55990,55900
2025-08-04 01:10:00,3600,55980,55860,55890,55930,56000,55890,55910,55950,55990,55875,55900,55940
2025-08-04 01:15:00,5800,55950,55830,55930,55920,55960,55850,55950,55940,55955,55840,55940,55930
2025-08-04 01:20:00,5400,56100,55920,55920,56100,56120,55940,55940,56120,56110,55930,55930,56110
2025-08-04 01:25:00,7300,56240,56100,56100,56140,56260,56120,56120,56170,56250,56110,56110,56155
2025-08-04 01:30:00,3400,56310,56140,56140,56310,56330,56170,56170,56330,56320,56155,56155,56320
2025-08-04 01:35:00,10800,56550,56310,56310,56510,56570,56330,56330,56550,56560,56320,56320,56530
2025-08-04 01:40:00,4700,56530,56420,56510,56430,56550,56450,56550,56460,56540,56435,56530,56445
2025-08-04 01:45:00,4300,56540,56420,56420,56510,56550,56440,56460,56540,56545,56430,56440,56525
2025-08-04 01:50:00,6500,56610,56500,56510,56590,56630,56510,56540,56610,56620,56505,56525,56600
2025-08-04 01:55:00,3600,56590,56490,56590,56510,56610,56510,56610,56530,56600,56500,56600,56520
2025-08-04 02:00:00,3300,56520,56460,56510,56500,56550,56480,56530,56530,56535,56470,56520,56515
2025-08-04 02:05:00,3800,56550,56470,56500,56470,56560,56490,56520,56490,56555,56480,56510,56480
2025-08-04 02:10:00,2600,56540,56470,56470,56520,56570,56490,56490,56550,56555,56480,56480,56535
2025-08-04 02:15:00,18500,56700,56500,56520,56600,56730,56520,56550,56630,56715,56510,56535,56615
2025-08-04 02:20:00,2200,56690,56600,56600,56690,56720,56630,56630,56720,56705,56615,56615,56705
2025-08-04 02:25:00,6500,56740,56630,56690,56740,56780,56660,56720,56780,56760,56645,56705,56760
2025-08-04 02:30:00,2800,56740,56740,56740,56740,56780,56780,56780,56780,56760,56760,56760,56760
2025-08-04 03:30:00,20400,56830,56730,56790,56780,56860,56770,56800,56810,56835,56750,56795,56795
2025-08-04 03:35:00,1800,56780,56720,56780,56740,56810,56750,56810,56760,56795,56735,56795,56750
2025-08-04 03:40:00,4600,56740,56670,56730,56680,56760,56690,56760,56700,56750,56685,56745,56690
2025-08-04 03:45:00,3600,56760,56670,56680,56760,56780,56690,56700,56780,56770,56680,56690,56770
2025-08-04 03:50:00,9100,56790,56630,56760,56650,56810,56640,56780,56670,56800,56635,56770,56660
2025-08-04 03:55:00,3200,56710,56650,56650,56680,56740,56670,56670,56700,56720,56660,56660,56690
2025-08-04 04:00:00,3600,56690,56630,56680,56630,56710,56650,56700,56650,56700,56640,56690,56640
2025-08-04 04:05:00,7400,56730,56600,56630,56700,56770,56620,56650,56740,56750,56610,56640,56720
2025-08-04 04:10:00,1100,56730,56680,56700,56680,56760,56710,56740,56710,56745,56695,56720,56695
2025-08-04 04:15:00,9900,56710,56660,56680,56690,56730,56690,56710,56720,56720,56675,56695,56705
2025-08-04 04:20:00,4200,56690,56610,56690,56640,56720,56630,56720,56670,56705,56620,56705,56655
2025-08-04 04:25:00,5700,56640,56600,56640,56630,56670,56610,56670,56660,56655,56605,56655,56645
2025-08-04 04:30:00,2500,56660,56620,56630,56630,56670,56640,56660,56650,56665,56630,56645,56640
2025-08-04 04:35:00,5400,56750,56620,56630,56750,56770,56640,56650,56770,56760,56630,56640,56760
2025-08-04 04:40:00,2300,56760,56730,56750,56750,56780,56750,56770,56780,56770,56740,56760,56765
2025-08-04 04:45:00,3300,56790,56750,56750,56760,56800,56770,56780,56770,56795,56760,56765,56765
2025-08-04 04:50:00,3800,56790,56720,56760,56750,56800,56750,56770,56770,56795,56735,56765,56760
2025-08-04 04:55:00,3300,56760,56720,56750,56750,56780,56750,56770,56770,56770,56735,56760,56760
2025-08-04 05:00:00,10900,56960,56750,56750,56950,56980,56770,56770,56970,56965,56760,56760,56960
2025-08-04 05:05:00,4200,56970,56910,56950,56920,56980,56930,56970,56940,56975,56920,56960,56930
2025-08-04 05:10:00,10100,57070,56920,56920,57020,57080,56940,56940,57040,57075,56930,56930,57030
2025-08-04 05:15:00,6200,57030,56860,57030,56860,57040,56870,57040,56880,57035,56865,57035,56870
2025-08-04 05:20:00,2700,56940,56850,56860,56920,56950,56870,56880,56940,56945,56860,56870,56930
2025-08-04 05:25:00,2600,56990,56920,56920,56970,57000,56950,56950,56980,56995,56935,56935,56975
2025-08-04 05:30:00,2200,57000,56930,56970,56990,57020,56950,56980,57010,57010,56940,56975,57000
2025-08-04 05:35:00,3700,57000,56900,56990,56900,57010,56920,57010,56920,57005,56910,57000,56910
2025-08-04 05:40:00,2500,56910,56880,56900,56900,56930,56890,56920,56910,56920,56885,56910,56905
2025-08-04 05:45:00,2600,56900,56850,56900,56850,56910,56860,56910,56870,56905,56855,56905,56860
2025-08-04 05:50:00,6000,56850,56680,56850,56680,56870,56710,56870,56710,56860,56695,56860,56695
2025-08-04 05:55:00,4200,56700,56600,56680,56670,56710,56630,56710,56680,56705,56615,56695,56675
2025-08-04 06:00:00,12900,56860,56650,56670,56860,56900,56660,56680,56900,56880,56655,56675,56880
2025-08-04 06:05:00,9500,56930,56860,56860,56930,56950,56890,56900,56950,56940,56880,56880,56940
2025-08-04 06:10:00,7300,56940,56890,56930,56930,56960,56920,56950,56940,56950,56905,56940,56935
2025-08-04 06:15:00,9400,56960,56870,56930,56870,56980,56880,56950,56890,56970,56875,56940,56880
2025-08-04 06:20:00,8100,56870,56790,56860,56790,56890,56800,56890,56810,56880,56795,56875,56800
2025-08-04 06:25:00,,57940,56680,57240,56790,57950,56690,57240,56800,57945,56685,57240,56795
2025-08-04 06:30:00,132700,56790,56790,56790,56790,56820,56820,56820,56820,56805,56805,56805,56805
2025-08-05 00:00:00,122900,57990,56790,57990,57120,58000,56840,58000,57150,57995,56815,57995,57135
2025-08-05 00:05:00,19700,57240,57040,57120,57120,57280,57070,57150,57180,57260,57055,57135,57150
2025-08-05 00:10:00,15800,57190,56900,57130,56920,57220,56930,57180,56960,57205,56920,57155,56940
2025-08-05 00:15:00,7800,57130,56910,56920,57100,57150,56940,56960,57130,57140,56925,56940,57115
2025-08-05 00:20:00,10200,57270,57100,57100,57150,57290,57110,57130,57180,57280,57105,57115,57165
2025-08-05 00:25:00,6400,57150,57050,57150,57080,57180,57060,57180,57110,57165,57055,57165,57095
2025-08-05 00:30:00,8300,57140,56990,57080,57100,57170,57010,57110,57120,57155,57000,57095,57110
2025-08-05 00:35:00,10900,57210,57090,57100,57150,57230,57110,57120,57180,57220,57100,57110,57165
2025-08-05 00:40:00,7700,57240,57120,57150,57200,57260,57140,57180,57230,57250,57130,57165,57215
2025-08-05 00:45:00,6600,57210,57080,57200,57090,57240,57100,57230,57110,57225,57090,57215,57100
2025-08-05 00:50:00,8000,57100,56900,57090,56950,57130,56930,57110,56970,57115,56915,57100,56960
2025-08-05 00:55:00,10500,56950,56840,56950,56910,56960,56860,56960,56940,56955,56850,56955,56925
2025-08-05 01:00:00,5700,56920,56810,56910,56850,56940,56830,56940,56880,56930,56820,56925,56865
2025-08-05 01:05:00,7500,57090,56840,56850,57080,57100,56860,56880,57100,57095,56850,56865,57090
2025-08-05 01:10:00,3700,57090,57000,57070,57030,57100,57020,57100,57050,57095,57010,57085,57040
2025-08-05 01:15:00,4600,57030,56900,57030,56950,57050,56930,57050,56970,57040,56920,57040,56960
2025-08-05 01:20:00,5300,57040,56940,56950,57020,57060,56970,56970,57040,57050,56955,56960,57030
2025-08-05 01:25:00,5400,57100,57010,57020,57100,57120,57030,57040,57110,57110,57025,57030,57105
2025-08-05 01:30:00,6700,57210,57090,57100,57200,57220,57110,57110,57220,57215,57100,57105,57210
2025-08-05 01:35:00,4100,57210,57110,57200,57200,57220,57140,57220,57210,57215,57125,57210,57205
2025-08-05 01:40:00,6200,57270,57200,57200,57270,57290,57210,57210,57290,57280,57205,57205,57280
2025-08-05 01:45:00,2800,57270,57210,57260,57230,57290,57220,57290,57250,57280,57215,57275,57240
2025-08-05 01:50:00,2200,57260,57200,57230,57210,57270,57220,57250,57240,57265,57210,57240,57225
2025-08-05 01:55:00,1600,57220,57160,57210,57180,57250,57180,57240,57200,57235,57170,57225,57190
2025-08-05 02:00:00,2900,57240,57160,57180,57190,57270,57190,57200,57210,57255,57175,57190,57200
2025-08-05 02:05:00,2500,57250,57180,57190,57180,57270,57200,57210,57210,57260,57190,57200,57195
2025-08-05 02:10:00,1100,57220,57170,57180,57210,57240,57200,57210,57240,57230,57185,57195,57225
2025-08-05 02:15:00,3700,57220,57110,57210,57140,57240,57120,57240,57160,57230,57115,57225,57150
2025-08-05 02:20:00,1600,57150,57110,57140,57150,57160,57120,57160,57160,57155,57115,57150,57155
2025-08-05 02:25:00,3400,57170,57110,57150,57170,57190,57120,57160,57190,57180,57115,57155,57180
2025-08-05 02:30:00,10000,57170,57170,57170,57170,57210,57210,57210,57210,57190,57190,57190,57190
2025-08-05 03:30:00,28200,57370,57220,57270,57320,57390,57260,57280,57350,57380,57240,57275,57335
2025-08-05 03:35:00,5700,57340,57210,57320,57210,57360,57220,57350,57240,57350,57215,57335,57225
2025-08-05 03:40:00,2800,57230,57130,57210,57140,57250,57150,57240,57160,57240,57140,57225,57150
2025-08-05 03:45:00,4400,57190,57120,57140,57120,57220,57130,57160,57130,57205,57125,57150,57125
2025-08-05 03:50:00,3100,57180,57100,57120,57110,57190,57120,57130,57130,57185,57110,57125,57120
2025-08-05 03:55:00,2300,57140,57090,57110,57130,57150,57100,57130,57150,57145,57095,57120,57140
2025-08-05 04:00:00,2400,57150,57110,57130,57130,57170,57130,57150,57150,57160,57125,57140,57140
2025-08-05 04:05:00,4100,57140,57030,57130,57030,57150,57050,57150,57060,57145,57040,57140,57045
2025-08-05 04:10:00,12800,57050,56840,57030,56840,57070,56850,57050,56870,57055,56845,57040,56855
2025-08-05 04:15:00,3900,56930,56840,56840,56870,56940,56850,56870,56890,56935,56845,56855,56880
2025-08-05 04:20:00,18800,56870,56700,56870,56730,56890,56710,56890,56760,56880,56705,56880,56745
2025-08-05 04:25:00,10300,56930,56730,56730,56890,56950,56760,56760,56910,56940,56745,56745,56900
2025-08-05 04:30:00,5200,56920,56830,56890,56880,56940,56860,56910,56890,56925,56845,56900,56885
2025-08-05 04:35:00,4000,56870,56790,56870,56850,56890,56810,56890,56870,56880,56800,56880,56860
2025-08-05 04:40:00,2600,56850,56770,56850,56770,56870,56790,56870,56800,56860,56780,56860,56785
2025-08-05 04:45:00,2200,56840,56770,56770,56790,56860,56800,56800,56800,56850,56785,56785,56795
2025-08-05 04:50:00,3800,56840,56760,56790,56840,56860,56780,56800,56860,56850,56770,56795,56850
2025-08-05 04:55:00,3300,56880,56840,56840,56850,56900,56850,56860,56870,56885,56845,56850,56860
2025-08-05 05:00:00,3200,56850,56780,56850,56830,56870,56790,56870,56850,56860,56785,56860,56840
2025-08-05 05:05:00,3400,56850,56800,56830,56800,56860,56820,56860,56830,56855,56815,56845,56815
2025-08-05 05:10:00,3000,56820,56750,56800,56750,56830,56760,56830,56770,56825,56755,56815,56760
2025-08-05 05:15:00,4900,56750,56650,56750,56660,56770,56660,56770,56680,56760,56655,56760,56670
2025-08-05 05:20:00,5000,56690,56630,56660,56650,56700,56650,56680,56660,56695,56640,56670,56655
2025-08-05 05:25:00,5300,56660,56560,56650,56580,56690,56570,56660,56600,56675,56565,56655,56590
2025-08-05 05:30:00,4600,56610,56510,56580,56530,56630,56520,56600,56560,56615,56515,56590,56545
2025-08-05 05:35:00,2900,56570,56530,56530,56560,56580,56540,56560,56580,56575,56535,56545,56570
2025-08-05 05:40:00,5500,56610,56540,56560,56560,56630,56550,56580,56580,56615,56545,56570,56570
2025-08-05 05:45:00,6300,56560,56470,56560,56480,56580,56490,56580,56510,56570,56480,56570,56495
2025-08-05 05:50:00,3700,56490,56470,56480,56490,56520,56480,56510,56510,56505,56475,56495,56500
2025-08-05 05:55:00,7100,56510,56400,56490,56410,56520,56410,56510,56440,56515,56405,56500,56425
2025-08-05 06:00:00,12100,56450,56230,56410,56290,56460,56260,56440,56300,56455,56245,56425,56295
2025-08-05 06:05:00,12700,56310,56220,56290,56310,56340,56230,56300,56330,56320,56225,56295,56320
2025-08-05 06:10:00,6200,56320,56250,56300,56270,56340,56280,56330,56280,56330,56265,56315,56275
2025-08-05 06:15:00,7600,56370,56270,56270,56360,56380,56280,56280,56380,56375,56275,56275,56370
2025-08-05 06:20:00,9500,56420,56330,56360,56400,56440,56350,56380,56410,56430,56340,56370,56405
2025-08-05 06:25:00,,56470,55870,56300,56420,56480,55880,56310,56430,56475,55875,56305,56425
2025-08-05 06:30:00,104400,56350,56350,56350,56350,56430,56430,56430,56430,56390,56390,56390,56390
2025-08-06 00:00:00,68800,55930,55600,55920,55770,56000,55670,55930,55810,55960,55635,55925,55790
2025-08-06 00:05:00,18800,55940,55720,55770,55830,55950,55740,55810,55860,55945,55730,55790,55845
2025-08-06 00:10:00,14000,55900,55740,55830,55820,55920,55770,55860,55860,55910,55755,55845,55840
2025-08-06 00:15:00,12800,55820,55650,55820,55670,55860,55670,55860,55690,55840,55660,55840,55680
2025-08-06 00:20:00,5300,55760,55670,55670,55750,55770,55690,55690,55770,55765,55680,55680,55760
2025-08-06 00:25:00,4700,55770,55710,55750,55720,55780,55730,55770,55730,55775,55720,55760,55725
2025-08-06 00:30:00,12300,55720,55620,55720,55640,55750,55640,55730,55660,55730,55630,55725,55650
2025-08-06 00:35:00,10800,55700,55600,55640,55640,55730,55620,55660,55660,55715,55610,55650,55650
2025-08-06 00:40:00,2800,55690,55610,55640,55690,55710,55630,55660,55710,55700,55620,55650,55700
2025-08-06 00:45:00,3500,55700,55650,55690,55680,55720,55680,55710,55710,55710,55665,55700,55695
2025-08-06 00:50:00,7800,55790,55650,55680,55760,55800,55670,55710,55780,55795,55660,55695,55770
2025-08-06 00:55:00,4200,55810,55730,55760,55750,55820,55760,55780,55790,55815,55745,55770,55770
2025-08-06 01:00:00,4500,55810,55730,55760,55750,55820,55750,55790,55780,55815,55740,55775,55765
2025-08-06 01:05:00,1500,55770,55710,55750,55710,55790,55720,55780,55720,55780,55715,55765,55715
2025-08-06 01:10:00,6600,55820,55670,55710,55780,55830,55690,55720,55800,55825,55680,55715,55790
2025-08-06 01:15:00,6600,55860,55700,55780,55720,55870,55730,55800,55730,55865,55715,55790,55725
2025-08-06 01:20:00,4100,55730,55680,55720,55700,55750,55700,55730,55720,55740,55690,55725,55710
2025-08-06 01:25:00,4200,55760,55660,55700,55730,55790,55670,55720,55750,55770,55665,55710,55740
2025-08-06 01:30:00,8400,55820,55700,55730,55720,55830,55720,55750,55750,55825,55710,55740,55735
2025-08-06 01:35:00,13300,55730,55560,55720,55660,55750,55570,55750,55690,55740,55565,55735,55675
2025-08-06 01:40:00,2700,55720,55660,55660,55720,55750,55680,55690,55740,55735,55670,55675,55730
2025-08-06 01:45:00,2700,55740,55700,55720,55740,55760,55720,55740,55760,55750,55710,55730,55750
2025-08-06 01:50:00,2500,55780,55730,55740,55730,55800,55750,55770,55750,55790,55740,55755,55740
2025-08-06 01:55:00,5700,55840,55730,55730,55750,55850,55750,55750,55760,55845,55740,55740,55755
2025-08-06 02:00:00,4000,55750,55660,55750,55680,55760,55680,55760,55700,55755,55670,55755,55690
2025-08-06 02:05:00,2500,55710,55660,55680,55700,55730,55680,55700,55720,55720,55670,55690,55710
2025-08-06 02:10:00,2500,55730,55680,55700,55720,55740,55700,55720,55740,55735,55690,55710,55730
2025-08-06 02:15:00,3500,55720,55650,55720,55670,55740,55670,55740,55690,55730,55660,55730,55680
2025-08-06 02:20:00,2400,55700,55660,55670,55670,55710,55680,55690,55690,55705,55670,55680,55680
2025-08-06 02:25:00,9200,55810,55660,55670,55760,55820,55680,55690,55800,55815,55670,55680,55780
2025-08-06 02:30:00,4600,55750,55750,55750,55750,55800,55800,55800,55800,55775,55775,55775,55775
2025-08-06 03:30:00,27600,55750,55620,55660,55690,55760,55630,55660,55720,55755,55625,55660,55705
2025-08-06 03:35:00,3600,55710,55680,55690,55700,55730,55700,55710,55720,55720,55690,55700,55710
2025-08-06 03:40:00,3500,55700,55640,55700,55660,55720,55650,55720,55680,55710,55645,55710,55670
2025-08-06 03:45:00,4000,55720,55660,55660,55710,55740,55680,55680,55730,55730,55670,55670,55720
2025-08-06 03:50:00,5300,55770,55710,55710,55760,55780,55720,55730,55780,55775,55715,55720,55770
2025-08-06 03:55:00,4500,55800,55750,55760,55770,55810,55760,55780,55790,55805,55755,55770,55780
2025-08-06 04:00:00,4900,55810,55750,55770,55810,55830,55760,55790,55830,55820,55755,55780,55820
2025-08-06 04:05:00,4800,55830,55780,55820,55810,55840,55810,55830,55820,55835,55795,55825,55815
2025-08-06 04:10:00,4300,55810,55750,55810,55760,55820,55760,55820,55780,55815,55755,55815,55770
2025-08-06 04:15:00,3600,55780,55730,55760,55740,55810,55750,55780,55770,55795,55740,55770,55755
2025-08-06 04:20:00,5000,55790,55730,55740,55770,55810,55750,55770,55790,55800,55740,55755,55780
2025-08-06 04:25:00,2900,55780,55770,55770,55780,55790,55780,55790,55790,55785,55775,55780,55785
2025-08-06 04:30:00,3900,55780,55730,55780,55730,55790,55750,55790,55750,55785,55740,55785,55740
2025-08-06 04:35:00,3700,55740,55710,55730,55720,55750,55730,55750,55740,55745,55720,55740,55730
2025-08-06 04:40:00,2500,55750,55700,55720,55700,55760,55720,55740,55720,55755,55710,55730,55710
2025-08-06 04:45:00,2500,55740,55700,55700,55730,55750,55720,55720,55750,55745,55710,55710,55740
2025-08-06 04:50:00,4000,55740,55660,55730,55670,55750,55670,55750,55690,55745,55665,55740,55680
2025-08-06 04:55:00,4700,55670,55620,55670,55640,55690,55640,55690,55660,55680,55630,55680,55650
2025-08-06 05:00:00,5000,55690,55630,55640,55670,55700,55650,55660,55690,55695,55640,55650,55680
2025-08-06 05:05:00,2900,55670,55620,55670,55650,55690,55640,55690,55660,55680,55630,55680,55655
2025-08-06 05:10:00,3900,55740,55650,55650,55730,55750,55660,55660,55750,55745,55655,55655,55740
2025-08-06 05:15:00,4000,55730,55660,55730,55660,55750,55680,55750,55680,55740,55670,55740,55670
2025-08-06 05:20:00,3100,55670,55650,55670,55660,55680,55660,55680,55680,55675,55655,55675,55670
2025-08-06 05:25:00,3200,55690,55660,55660,55690,55710,55670,55680,55710,55700,55665,55670,55700
2025-08-06 05:30:00,4900,55720,55680,55690,55700,55730,55700,55710,55710,55725,55690,55700,55705
2025-08-06 05:35:00,3500,55720,55700,55700,55710,55730,55710,55710,55720,55725,55705,55705,55715
2025-08-06 05:40:00,5500,55740,55700,55710,55730,55750,55710,55720,55750,55745,55705,55715,55740
2025-08-06 05:45:00,10000,55820,55730,55730,55790,55830,55750,55750,55810,55825,55740,55740,55800
2025-08-06 05:50:00,14300,55850,55790,55790,55800,55880,55800,55810,55820,55865,55795,55800,55810
2025-08-06 05:55:00,5800,55800,55740,55800,55790,55820,55750,55820,55810,55810,55745,55810,55800
2025-08-06 06:00:00,6600,55800,55750,55790,55760,55810,55760,55810,55770,55805,55755,55800,55765
2025-08-06 06:05:00,5400,55790,55760,55760,55770,55800,55770,55770,55780,55795,55765,55765,55775
2025-08-06 06:10:00,5400,55770,55760,55770,55770,55790,55770,55780,55790,55780,55765,55775,55780
2025-08-06 06:15:00,6700,55800,55770,55770,55780,55820,55780,55790,55790,55810,55775,55780,55785
2025-08-06 06:20:00,9400,55830,55750,55780,55830,55840,55770,55790,55840,55835,55760,55785,55835
2025-08-06 06:25:00,,56000,55480,55970,55770,56010,55490,55980,55780,56005,55485,55975,55775
2025-08-06 06:30:00,129300,55760,55760,55760,55760,55830,55830,55830,55830,55795,55795,55795,55795
2025-08-07 00:00:00,85000,55470,55120,55440,55460,55500,55150,55440,55480,55485,55135,55440,55470
2025-08-07 00:05:00,21800,55680,55400,55460,55650,55700,55420,55480,55680,55690,55410,55470,55665
2025-08-07 00:10:00,22900,55660,55230,55650,55250,55700,55250,55680,55290,55680,55240,55665,55270
2025-08-07 00:15:00,17900,55280,55110,55250,55180,55310,55130,55290,55210,55295,55120,55270,55195
2025-08-07 00:20:00,9400,55250,55160,55180,55190,55270,55180,55210,55220,55255,55170,55195,55205
2025-08-07 00:25:00,9800,55290,55190,55190,55280,55300,55220,55220,55300,55295,55205,55205,55290
2025-08-07 00:30:00,10600,55310,55200,55280,55250,55330,55220,55300,55280,55320,55210,55290,55265
2025-08-07 00:35:00,8800,55360,55250,55250,55300,55380,55280,55280,55320,55370,55265,55265,55310
2025-08-07 00:40:00,15200,55430,55270,55300,55350,55440,55280,55320,55370,55435,55275,55310,55360
2025-08-07 00:45:00,16100,55440,55300,55350,55350,55470,55310,55370,55370,55455,55305,55360,55360
2025-08-07 00:50:00,12900,55490,55350,55350,55430,55500,55370,55370,55450,55495,55360,55360,55440
2025-08-07 00:55:00,7100,55450,55370,55430,55430,55470,55400,55450,55440,55460,55385,55440,55435
2025-08-07 01:00:00,12400,55480,55360,55430,55380,55500,55370,55440,55410,55490,55365,55435,55395
2025-08-07 01:05:00,9000,55440,55330,55380,55400,55460,55350,55400,55420,55450,55340,55390,55410
2025-08-07 01:10:00,9700,55420,55330,55400,55410,55430,55350,55420,55430,55425,55340,55410,55420
2025-08-07 01:15:00,13300,55560,55370,55410,55540,55580,55380,55430,55560,55570,55375,55420,55550
2025-08-07 01:20:00,26800,55860,55540,55540,55660,55870,55560,55560,55670,55865,55550,55550,55665
2025-08-07 01:25:00,7200,55800,55660,55660,55740,55820,55670,55670,55770,55810,55665,55665,55755
2025-08-07 01:30:00,6900,55770,55620,55740,55630,55780,55650,55770,55650,55775,55635,55755,55640
2025-08-07 01:35:00,5700,55660,55610,55630,55640,55670,55620,55650,55660,55665,55615,55640,55650
2025-08-07 01:40:00,3900,55660,55610,55640,55620,55670,55630,55660,55630,55665,55620,55650,55625
2025-08-07 01:45:00,4500,55660,55580,55620,55660,55670,55590,55640,55670,55665,55585,55630,55665
2025-08-07 01:50:00,5600,55710,55620,55660,55620,55730,55640,55670,55640,55720,55630,55665,55630
2025-08-07 01:55:00,4000,55620,55560,55620,55580,55640,55570,55640,55600,55630,55565,55630,55590
2025-08-07 02:00:00,4900,55630,55580,55580,55620,55650,55600,55600,55640,55640,55590,55590,55630
2025-08-07 02:05:00,3800,55660,55610,55620,55630,55680,55630,55640,55650,55670,55620,55630,55640
2025-08-07 02:10:00,3000,55640,55550,55630,55570,55650,55570,55650,55580,55645,55560,55640,55575
2025-08-07 02:15:00,6100,55610,55500,55570,55500,55620,55520,55580,55520,55615,55510,55575,55510
2025-08-07 02:20:00,6000,55520,55450,55500,55460,55540,55470,55520,55490,55530,55460,55510,55475
2025-08-07 02:25:00,6400,55500,55430,55460,55430,55520,55460,55490,55470,55510,55450,55475,55450
2025-08-07 02:30:00,7400,55420,55420,55420,55420,55470,55470,55470,55470,55445,55445,55445,55445
2025-08-07 03:30:00,31600,55420,55340,55360,55340,55460,55350,55370,55370,55440,55345,55365,55355
2025-08-07 03:35:00,11600,55430,55320,55350,55420,55450,55340,55370,55440,55440,55330,55360,55430
2025-08-07 03:40:00,12200,55420,55340,55420,55380,55450,55360,55430,55400,55435,55350,55425,55390
2025-08-07 03:45:00,11100,55490,55380,55380,55390,55510,55390,55400,55410,55500,55385,55390,55400
2025-08-07 03:50:00,3600,55430,55390,55390,55400,55450,55400,55410,55420,55440,55395,55400,55410
2025-08-07 03:55:00,5500,55470,55390,55400,55450,55480,55400,55420,55470,55475,55395,55410,55460
2025-08-07 04:00:00,3600,55470,55420,55450,55430,55500,55440,55470,55450,55485,55430,55460,55440
2025-08-07 04:05:00,5800,55470,55400,55430,55410,55490,55420,55450,55430,55480,55410,55440,55420
2025-08-07 04:10:00,5500,55480,55400,55410,55460,55490,55420,55430,55480,55485,55415,55420,55470
2025-08-07 04:15:00,3000,55490,55430,55460,55440,55500,55450,55480,55460,55495,55440,55470,55450
2025-08-07 04:20:00,3800,55520,55430,55440,55510,55530,55460,55460,55530,55525,55445,55450,55520
2025-08-07 04:25:00,8500,55540,55360,55510,55360,55550,55380,55530,55380,55545,55370,55520,55370
2025-08-07 04:30:00,4400,55390,55350,55360,55380,55410,55370,55380,55400,55400,55360,55370,55390
2025-08-07 04:35:00,14500,55380,55270,55380,55330,55400,55280,55400,55340,55390,55275,55390,55335
2025-08-07 04:40:00,5700,55370,55330,55330,55350,55390,55340,55340,55360,55380,55335,55335,55355
2025-08-07 04:45:00,6000,55340,55280,55340,55280,55360,55300,55360,55300,55350,55290,55350,55290
2025-08-07 04:50:00,6200,55280,55210,55280,55230,55300,55220,55300,55240,55290,55215,55290,55235
2025-08-07 04:55:00,3700,55270,55230,55230,55270,55290,55240,55240,55290,55280,55235,55235,55280
2025-08-07 05:00:00,4700,55280,55240,55270,55260,55290,55250,55290,55290,55285,55245,55280,55275
2025-08-07 05:05:00,2300,55290,55260,55260,55280,55310,55270,55290,55300,55300,55265,55275,55290
2025-08-07 05:10:00,3500,55310,55270,55280,55280,55330,55290,55300,55300,55320,55280,55290,55290
2025-08-07 05:15:00,3500,55290,55220,55280,55260,55300,55240,55300,55280,55295,55230,55290,55270
2025-08-07 05:20:00,2700,55280,55240,55260,55280,55300,55270,55270,55290,55290,55255,55265,55285
2025-08-07 05:25:00,4000,55320,55280,55280,55320,55340,55290,55290,55340,55330,55285,55285,55330
2025-08-07 05:30:00,5700,55350,55270,55320,55280,55360,55280,55340,55290,55355,55275,55330,55285
2025-08-07 05:35:00,5600,55300,55250,55280,55250,55320,55260,55290,55270,55310,55255,55285,55260
2025-08-07 05:40:00,3800,55270,55240,55250,55250,55280,55250,55270,55260,55275,55245,55260,55255
2025-08-07 05:45:00,8800,55310,55220,55240,55310,55330,55230,55260,55330,55320,55225,55250,55320
2025-08-07 05:50:00,8500,55430,55310,55310,55430,55450,55330,55330,55450,55440,55320,55320,55440
2025-08-07 05:55:00,7200,55430,55340,55430,55430,55450,55350,55450,55450,55440,55345,55440,55440
2025-08-07 06:00:00,5600,55460,55400,55430,55420,55470,55420,55450,55440,55465,55410,55440,55430
2025-08-07 06:05:00,3400,55420,55400,55420,55420,55440,55410,55440,55440,55430,55405,55430,55430
2025-08-07 06:10:00,9800,55470,55360,55420,55380,55490,55380,55440,55400,55480,55370,55430,55390
2025-08-07 06:15:00,5700,55460,55350,55380,55460,55480,55370,55400,55480,55470,55360,55390,55470
2025-08-07 06:20:00,13100,55570,55460,55460,55480,55580,55480,55480,55510,55575,55470,55470,55495
2025-08-07 06:25:00,,55870,55010,55640,55490,55880,55010,55640,55500,55875,55010,55640,55495
2025-08-07 06:30:00,135900,55470,55470,55470,55470,55500,55500,55500,55500,55485,55485,55485,55485
2025-08-08 00:00:00,102900,55730,55150,55290,55570,55760,55190,55290,55600,55745,55185,55290,55585
2025-08-08 00:05:00,27600,55790,55480,55570,55690,55820,55510,55600,55730,55805,55495,55585,55710
2025-08-08 00:10:00,23600,55900,55640,55690,55780,55920,55680,55730,55810,55910,55665,55710,55795
2025-08-08 00:15:00,13800,55780,55590,55770,55710,55810,55640,55810,55730,55790,55615,55790,55720
2025-08-08 00:20:00,12700,55760,55640,55710,55720,55790,55660,55730,55740,55775,55650,55720,55730
2025-08-08 00:25:00,13800,55890,55710,55720,55830,55920,55720,55740,55850,55905,55715,55730,55840
2025-08-08 00:30:00,18700,56020,55830,55830,55970,56040,55850,55850,56000,56030,55840,55840,55985
2025-08-08 00:35:00,13400,56110,55960,55970,56090,56130,55970,56000,56130,56120,55965,55985,56110
2025-08-08 00:40:00,9500,56120,55970,56090,55970,56130,56000,56130,56000,56125,55985,56110,55985
2025-08-08 00:45:00,10300,56010,55900,55970,55950,56040,55920,56000,55990,56025,55910,55985,55970
2025-08-08 00:50:00,18800,56280,55950,55950,56260,56320,55960,55990,56280,56300,55955,55970,56270
2025-08-08 00:55:00,8200,56310,56150,56260,56290,56330,56190,56290,56320,56320,56170,56275,56305
2025-08-08 01:00:00,11400,56450,56290,56290,56430,56480,56320,56320,56460,56465,56305,56305,56445
2025-08-08 01:05:00,7300,56480,56390,56430,56410,56500,56420,56460,56430,56490,56405,56445,56420
2025-08-08 01:10:00,11500,56410,56280,56410,56370,56440,56320,56430,56400,56425,56300,56420,56385
2025-08-08 01:15:00,3000,56430,56360,56370,56380,56450,56370,56400,56390,56440,56365,56385,56385
2025-08-08 01:20:00,6200,56490,56370,56380,56430,56500,56390,56390,56460,56495,56380,56385,56445
2025-08-08 01:25:00,4700,56460,56350,56430,56420,56480,56360,56460,56440,56470,56355,56445,56430
2025-08-08 01:30:00,3500,56480,56400,56420,56440,56500,56420,56450,56460,56490,56410,56435,56450
2025-08-08 01:35:00,8700,56450,56250,56440,56300,56470,56290,56460,56330,56455,56270,56450,56315
2025-08-08 01:40:00,3900,56370,56260,56300,56310,56400,56300,56320,56340,56385,56285,56310,56325
2025-08-08 01:45:00,3600,56370,56290,56310,56300,56390,56310,56340,56330,56380,56305,56325,56315
2025-08-08 01:50:00,4100,56360,56180,56300,56190,56370,56200,56330,56220,56365,56190,56315,56205
2025-08-08 01:55:00,4300,56230,56130,56190,56150,56250,56160,56220,56190,56240,56145,56205,56170
2025-08-08 02:00:00,2000,56200,56150,56150,56160,56210,56180,56190,56190,56205,56165,56170,56175
2025-08-08 02:05:00,3400,56160,56100,56160,56130,56190,56110,56190,56150,56175,56105,56175,56140
2025-08-08 02:10:00,4200,56140,56040,56130,56070,56160,56060,56150,56090,56150,56050,56140,56080
2025-08-08 02:15:00,2800,56130,56060,56070,56120,56150,56090,56090,56130,56140,56075,56080,56125
2025-08-08 02:20:00,2800,56170,56110,56120,56150,56190,56120,56130,56170,56180,56115,56125,56160
2025-08-08 02:25:00,4700,56230,56150,56150,56200,56240,56170,56170,56220,56235,56160,56160,56210
2025-08-08 02:30:00,1700,56200,56200,56200,56200,56230,56230,56230,56230,56215,56215,56215,56215
2025-08-08 03:30:00,27700,56300,56060,56190,56060,56330,56090,56190,56090,56315,56075,56190,56075
2025-08-08 03:35:00,4900,56070,56020,56060,56030,56110,56040,56090,56050,56090,56030,56075,56040
2025-08-08 03:40:00,3500,56060,56000,56030,56020,56080,56020,56050,56050,56070,56010,56040,56035
2025-08-08 03:45:00,4300,56060,56000,56020,56040,56080,56020,56050,56060,56070,56010,56035,56050
2025-08-08 03:50:00,8200,56040,55900,56040,55960,56060,55920,56060,55990,56050,55910,56050,55975
2025-08-08 03:55:00,5500,56060,55960,55960,56030,56080,55990,55990,56050,56070,55975,55975,56040
2025-08-08 04:00:00,3000,56060,56000,56030,56010,56070,56020,56050,56030,56065,56010,56040,56020
2025-08-08 04:05:00,5900,56050,56000,56010,56040,56060,56020,56030,56060,56055,56010,56020,56050
2025-08-08 04:10:00,4700,56110,56020,56040,56100,56130,56050,56060,56120,56120,56035,56050,56110
2025-08-08 04:15:00,2800,56100,56020,56100,56030,56120,56040,56120,56050,56110,56035,56110,56040
2025-08-08 04:20:00,2800,56040,55990,56030,56020,56050,56000,56050,56040,56045,55995,56040,56030
2025-08-08 04:25:00,2300,56050,56010,56020,56030,56060,56040,56040,56040,56055,56025,56030,56035
2025-08-08 04:30:00,2300,56040,55990,56030,55990,56050,56010,56040,56010,56045,56000,56035,56000
2025-08-08 04:35:00,5200,55990,55910,55990,55940,56020,55940,56010,55970,56005,55925,56000,55955
2025-08-08 04:40:00,3000,55960,55910,55940,55930,55970,55920,55970,55950,55965,55915,55955,55940
2025-08-08 04:45:00,2600,55950,55910,55930,55920,55960,55930,55950,55940,55955,55920,55940,55930
2025-08-08 04:50:00,7600,55920,55840,55920,55840,55940,55850,55940,55860,55930,55845,55930,55850
2025-08-08 04:55:00,6100,55870,55780,55840,55840,55890,55800,55860,55860,55875,55795,55850,55850
2025-08-08 05:00:00,10900,55840,55690,55840,55730,55860,55710,55860,55760,55850,55700,55850,55745
2025-08-08 05:05:00,3700,55760,55680,55730,55720,55790,55690,55760,55750,55775,55685,55745,55735
2025-08-08 05:10:00,2800,55770,55710,55720,55720,55780,55740,55750,55750,55775,55725,55735,55735
2025-08-08 05:15:00,4600,55770,55700,55720,55720,55780,55730,55750,55750,55775,55715,55735,55735
2025-08-08 05:20:00,1500,55740,55680,55720,55690,55760,55700,55750,55700,55750,55690,55735,55695
2025-08-08 05:25:00,4600,55740,55650,55690,55690,55750,55670,55700,55700,55745,55660,55695,55695
2025-08-08 05:30:00,4400,55730,55640,55690,55640,55750,55650,55700,55660,55740,55645,55695,55650
2025-08-08 05:35:00,4000,55680,55640,55640,55650,55690,55650,55660,55670,55685,55645,55650,55660
2025-08-08 05:40:00,3800,55650,55600,55650,55600,55670,55620,55670,55620,55660,55610,55660,55610
2025-08-08 05:45:00,6500,55670,55600,55600,55650,55680,55620,55620,55660,55675,55610,55610,55655
2025-08-08 05:50:00,8300,55650,55570,55650,55600,55670,55580,55660,55610,55660,55575,55655,55605
2025-08-08 05:55:00,11800,55630,55490,55600,55490,55650,55500,55610,55510,55640,55495,55605,55500
2025-08-08 06:00:00,5900,55540,55490,55490,55540,55560,55510,55510,55560,55550,55500,55500,55550
2025-08-08 06:05:00,7700,55600,55540,55540,55560,55610,55550,55560,55580,55605,55545,55550,55570
2025-08-08 06:10:00,4700,55590,55550,55560,55570,55600,55560,55580,55590,55595,55555,55570,55580
2025-08-08 06:15:00,8100,55570,55500,55570,55510,55590,55510,55590,55520,55580,55505,55580,55515
2025-08-08 06:20:00,14100,55550,55490,55510,55520,55570,55500,55520,55540,55560,55495,55515,55530
2025-08-08 06:25:00,,55590,55140,55590,55550,55600,55150,55600,55560,55595,55145,55595,55555
2025-08-08 06:30:00,112600,55510,55510,55510,55510,55560,55560,55560,55560,55535,55535,55535,55535
2025-08-12 00:00:00,124600,55860,55280,55290,55830,55880,55300,55300,55860,55870,55295,55295,55845
2025-08-12 00:05:00,26300,56050,55770,55830,56010,56060,55800,55860,56030,56055,55785,55845,56020
2025-08-12 00:10:00,23400,56280,55950,56000,56240,56290,55990,56030,56250,56285,55970,56015,56245
2025-08-12 00:15:00,24300,56530,56210,56240,56430,56550,56230,56250,56450,56535,56220,56245,56440
2025-08-12 00:20:00,17200,56590,56330,56430,56550,56600,56370,56450,56580,56595,56350,56440,56565
2025-08-12 00:25:00,18500,56680,56300,56550,56300,56700,56340,56580,56340,56690,56320,56565,56320
2025-08-12 00:30:00,16200,56540,56300,56300,56330,56570,56340,56340,56350,56555,56320,56320,56340
2025-08-12 00:35:00,15700,56410,56200,56330,56260,56420,56220,56350,56270,56415,56210,56340,56265
2025-08-12 00:40:00,20600,56270,56080,56250,56200,56290,56110,56270,56210,56280,56095,56260,56205
2025-08-12 00:45:00,14800,56380,56190,56200,56290,56400,56200,56210,56320,56385,56195,56205,56305
2025-08-12 00:50:00,9700,56330,56150,56290,56160,56340,56170,56320,56180,56335,56165,56305,56170
2025-08-12 00:55:00,10500,56340,56130,56140,56330,56350,56150,56180,56340,56345,56140,56160,56335
2025-08-12 01:00:00,12200,56330,56180,56330,56210,56340,56210,56340,56240,56335,56195,56335,56225
2025-08-12 01:05:00,9000,56210,56070,56210,56090,56240,56080,56240,56120,56225,56075,56225,56105
2025-08-12 01:10:00,14700,56150,55910,56090,55930,56170,55920,56120,55960,56160,55915,56105,55945
2025-08-12 01:15:00,9500,55970,55880,55930,55960,55980,55900,55960,55980,55975,55890,55945,55970
2025-08-12 01:20:00,6900,55990,55880,55960,55880,56000,55900,55980,55900,55995,55890,55970,55890
2025-08-12 01:25:00,9400,55900,55810,55880,55860,55910,55830,55900,55890,55905,55820,55890,55875
2025-08-12 01:30:00,10200,55960,55800,55860,55950,55980,55820,55890,55980,55970,55810,55875,55965
2025-08-12 01:35:00,9400,56040,55850,55950,55880,56050,55880,55980,55890,56045,55865,55965,55885
2025-08-12 01:40:00,5200,55940,55850,55880,55910,55950,55870,55890,55930,55945,55860,55885,55920
2025-08-12 01:45:00,6400,55930,55810,55910,55840,55940,55820,55930,55850,55935,55815,55920,55845
2025-08-12 01:50:00,5600,55860,55810,55840,55860,55880,55840,55860,55880,55870,55825,55850,55870
2025-08-12 01:55:00,4400,55890,55830,55860,55870,55900,55860,55880,55900,55895,55845,55870,55885
2025-08-12 02:00:00,7700,55900,55850,55870,55850,55920,55870,55900,55870,55910,55860,55885,55860
2025-08-12 02:05:00,10400,55860,55750,55850,55780,55880,55760,55870,55790,55870,55755,55860,55785
2025-08-12 02:10:00,12400,55920,55770,55780,55870,55930,55780,55790,55880,55925,55775,55785,55875
2025-08-12 02:15:00,5100,55870,55810,55870,55830,55880,55850,55880,55850,55875,55830,55875,55840
2025-08-12 02:20:00,11900,55970,55830,55830,55950,55990,55840,55850,55970,55980,55835,55840,55960
2025-08-12 02:25:00,10500,55990,55940,55950,55950,56010,55950,55970,55970,56000,55945,55960,55960
2025-08-12 02:30:00,9500,55940,55940,55940,55940,55970,55970,55970,55970,55955,55955,55955,55955
2025-08-12 03:30:00,34600,56170,55860,55860,56140,56180,55870,55870,56160,56175,55865,55865,56150
2025-08-12 03:35:00,12500,56300,56110,56140,56300,56320,56130,56160,56320,56310,56120,56150,56310
2025-08-12 03:40:00,9100,56300,56200,56300,56270,56320,56220,56320,56290,56310,56210,56310,56280
2025-08-12 03:45:00,8700,56340,56270,56270,56340,56360,56290,56290,56360,56350,56280,56280,56350
2025-08-12 03:50:00,13500,56510,56310,56340,56500,56530,56330,56360,56530,56520,56320,56350,56515
2025-08-12 03:55:00,6700,56500,56420,56500,56440,56530,56440,56530,56450,56515,56430,56515,56445
2025-08-12 04:00:00,19400,56610,56390,56440,56610,56640,56410,56450,56640,56625,56400,56445,56625
2025-08-12 04:05:00,11500,56690,56560,56610,56680,56700,56570,56640,56700,56695,56565,56625,56690
2025-08-12 04:10:00,9400,56740,56650,56680,56660,56750,56680,56700,56680,56745,56665,56690,56670
2025-08-12 04:15:00,3800,56740,56660,56660,56730,56750,56680,56680,56740,56745,56670,56670,56735
2025-08-12 04:20:00,16600,56830,56730,56730,56810,56850,56740,56740,56830,56840,56735,56735,56820
2025-08-12 04:25:00,10200,56890,56810,56810,56880,56910,56830,56830,56900,56900,56820,56820,56890
2025-08-12 04:30:00,23100,57030,56770,56880,57010,57040,56780,56900,57040,57035,56775,56890,57025
2025-08-12 04:35:00,16300,57130,56960,57010,57120,57150,56990,57040,57140,57140,56975,57025,57130
2025-08-12 04:40:00,23700,57210,57070,57120,57070,57230,57090,57130,57090,57220,57080,57125,57080
2025-08-12 04:45:00,7600,57090,57010,57070,57010,57110,57030,57090,57030,57100,57020,57080,57020
2025-08-12 04:50:00,6900,57080,57000,57010,57000,57090,57020,57030,57020,57085,57010,57020,57010
2025-08-12 04:55:00,8600,57030,56940,57000,56940,57040,56970,57020,56980,57035,56955,57010,56960
2025-08-12 05:00:00,32200,56970,56680,56950,56770,56990,56700,56980,56790,56980,56695,56965,56780
2025-08-12 05:05:00,9200,56950,56760,56770,56870,56970,56790,56790,56890,56960,56775,56780,56880
2025-08-12 05:10:00,13000,57050,56870,56870,57020,57070,56890,56890,57050,57060,56880,56880,57035
2025-08-12 05:15:00,5900,57030,56950,57020,56960,57050,56970,57050,56980,57040,56965,57035,56970
2025-08-12 05:20:00,7000,57050,56950,56960,56980,57080,56980,56990,57000,57065,56965,56975,56990
2025-08-12 05:25:00,5700,57030,56970,56980,57000,57050,56990,57000,57020,57040,56980,56990,57010
2025-08-12 05:30:00,11300,57080,56960,57000,57050,57100,56970,57020,57070,57090,56965,57010,57060
2025-08-12 05:35:00,7500,57090,57030,57050,57060,57100,57040,57070,57080,57095,57035,57060,57070
2025-08-12 05:40:00,15100,57130,57060,57060,57090,57150,57080,57080,57110,57140,57070,57070,57100
2025-08-12 05:45:00,7200,57110,57060,57090,57090,57130,57080,57110,57110,57120,57070,57100,57100
2025-08-12 05:50:00,7100,57160,57030,57090,57030,57170,57040,57120,57050,57165,57035,57105,57040
2025-08-12 05:55:00,8200,57050,57010,57030,57040,57080,57020,57050,57060,57065,57015,57040,57050
2025-08-12 06:00:00,7500,57080,57030,57040,57070,57100,57040,57060,57080,57085,57035,57050,57075
2025-08-12 06:05:00,6900,57110,57060,57070,57100,57120,57070,57080,57110,57115,57065,57075,57105
2025-08-12 06:10:00,11500,57100,56980,57100,57000,57120,57000,57110,57020,57110,56990,57105,57010
2025-08-12 06:15:00,8500,57020,56960,57000,57000,57040,56980,57020,57020,57030,56975,57010,57010
2025-08-12 06:20:00,14500,57110,57000,57000,57100,57130,57010,57020,57120,57120,57005,57010,57110
2025-08-12 06:25:00,,57360,56320,57080,57150,57370,56320,57090,57160,57365,56320,57085,57155
2025-08-12 06:30:00,145500,57100,57100,57100,57100,57170,57170,57170,57170,57135,57135,57135,57135
2025-08-13 00:00:00,106000,57830,57320,57460,57810,57870,57360,57470,57850,57850,57340,57465,57830
2025-08-13 00:05:00,36000,57830,57170,57810,57190,57870,57190,57850,57210,57850,57180,57830,57200
2025-08-13 00:10:00,22200,57330,57170,57190,57290,57350,57180,57210,57320,57340,57175,57200,57305
2025-08-13 00:15:00,18300,57500,57290,57290,57400,57530,57320,57320,57430,57515,57305,57305,57415
2025-08-13 00:20:00,15500,57410,57170,57400,57210,57440,57200,57430,57230,57425,57185,57415,57220
2025-08-13 00:25:00,15600,57360,57160,57210,57300,57390,57180,57230,57340,57375,57170,57220,57320
2025-08-13 00:30:00,11100,57400,57310,57310,57400,57420,57340,57340,57420,57410,57325,57325,57410
2025-08-13 00:35:00,9500,57450,57300,57400,57440,57470,57320,57420,57460,57460,57310,57410,57450
2025-08-13 00:40:00,16600,57630,57400,57440,57510,57650,57420,57460,57540,57640,57410,57450,57525
2025-08-13 00:45:00,14900,57700,57390,57510,57450,57720,57430,57540,57480,57705,57410,57525,57465
2025-08-13 00:50:00,13700,57450,57330,57450,57430,57490,57340,57480,57450,57470,57335,57465,57440
2025-08-13 00:55:00,6400,57440,57360,57430,57400,57470,57370,57450,57410,57455,57365,57440,57405
2025-08-13 01:00:00,6700,57410,57350,57400,57390,57420,57370,57410,57400,57415,57360,57405,57395
2025-08-13 01:05:00,5900,57420,57360,57390,57410,57430,57370,57400,57430,57425,57365,57395,57420
2025-08-13 01:10:00,5000,57470,57410,57410,57450,57490,57420,57430,57470,57475,57415,57420,57460
2025-08-13 01:15:00,5600,57520,57430,57450,57450,57540,57440,57470,57470,57530,57435,57460,57460
2025-08-13 01:20:00,5200,57470,57380,57450,57400,57490,57400,57470,57420,57480,57390,57460,57410
2025-08-13 01:25:00,6400,57500,57360,57400,57450,57530,57370,57420,57480,57515,57365,57410,57465
2025-08-13 01:30:00,6000,57530,57440,57450,57490,57560,57460,57480,57500,57545,57455,57465,57495
2025-08-13 01:35:00,4300,57510,57440,57490,57470,57520,57460,57500,57490,57515,57450,57495,57480
2025-08-13 01:40:00,3900,57470,57420,57470,57460,57490,57440,57480,57470,57480,57430,57475,57465
2025-08-13 01:45:00,6400,57460,57370,57460,57370,57470,57380,57470,57390,57465,57375,57465,57380
2025-08-13 01:50:00,4600,57440,57370,57370,57430,57450,57390,57390,57450,57445,57380,57380,57440
2025-08-13 01:55:00,6900,57560,57430,57430,57530,57570,57440,57450,57550,57565,57435,57440,57540
2025-08-13 02:00:00,3300,57530,57420,57530,57440,57550,57450,57550,57470,57540,57440,57540,57455
2025-08-13 02:05:00,2400,57450,57410,57440,57430,57470,57430,57460,57450,57455,57420,57450,57440
2025-08-13 02:10:00,3300,57480,57430,57430,57480,57500,57450,57450,57500,57490,57440,57440,57490
2025-08-13 02:15:00,2800,57500,57450,57480,57470,57510,57470,57500,57480,57505,57460,57490,57475
2025-08-13 02:20:00,3900,57500,57420,57470,57450,57520,57430,57480,57480,57510,57425,57475,57465
2025-08-13 02:25:00,4100,57470,57440,57450,57460,57490,57460,57480,57480,57480,57450,57465,57470
2025-08-13 02:30:00,900,,,,,,,,,,,,
2025-08-13 03:30:00,34400,57450,57290,57400,57360,57500,57300,57470,57370,57465,57295,57435,57365
2025-08-13 03:35:00,10000,57370,57230,57360,57260,57380,57240,57370,57280,57375,57235,57365,57270
2025-08-13 03:40:00,8300,57290,57230,57260,57270,57300,57250,57280,57290,57295,57240,57270,57280
2025-08-13 03:45:00,8500,57280,57200,57270,57240,57300,57220,57290,57250,57290,57210,57280,57245
2025-08-13 03:50:00,9800,57300,57220,57240,57270,57310,57250,57250,57290,57305,57235,57245,57280
2025-08-13 03:55:00,13200,57280,57120,57270,57160,57290,57140,57290,57170,57285,57130,57280,57165
2025-08-13 04:00:00,8600,57220,57160,57160,57180,57240,57170,57170,57200,57230,57165,57165,57190
2025-08-13 04:05:00,5800,57220,57180,57180,57210,57230,57190,57200,57220,57225,57185,57190,57215
2025-08-13 04:10:00,7000,57250,57180,57210,57250,57270,57190,57220,57260,57260,57185,57215,57255
2025-08-13 04:15:00,7200,57310,57240,57250,57290,57320,57260,57270,57300,57315,57255,57260,57295
2025-08-13 04:20:00,10400,57300,57130,57290,57140,57320,57150,57310,57150,57310,57140,57300,57145
2025-08-13 04:25:00,7600,57180,57100,57140,57160,57200,57110,57150,57170,57190,57105,57145,57165
2025-08-13 04:30:00,5300,57160,57130,57160,57160,57170,57140,57170,57170,57165,57135,57165,57165
2025-08-13 04:35:00,9200,57160,57070,57160,57070,57170,57080,57170,57090,57165,57075,57165,57080
2025-08-13 04:40:00,7600,57090,57060,57070,57090,57100,57070,57090,57100,57095,57065,57080,57095
2025-08-13 04:45:00,7000,57120,57070,57090,57090,57130,57080,57100,57110,57125,57075,57095,57100
2025-08-13 04:50:00,7100,57090,57020,57090,57020,57110,57030,57110,57030,57100,57025,57100,57025
2025-08-13 04:55:00,10000,57020,56950,57020,56960,57030,56970,57030,56980,57025,56960,57025,56970
2025-08-13 05:00:00,7600,57030,56960,56970,57020,57040,56970,56980,57040,57035,56965,56975,57030
2025-08-13 05:05:00,5900,57030,56930,57020,56950,57040,56940,57040,56960,57035,56935,57030,56955
2025-08-13 05:10:00,10800,56960,56810,56950,56850,56970,56820,56960,56860,56965,56815,56955,56855
2025-08-13 05:15:00,6700,56880,56840,56850,56850,56900,56860,56860,56870,56890,56850,56855,56860
2025-08-13 05:20:00,7200,56890,56830,56850,56840,56910,56840,56870,56850,56900,56835,56860,56845
2025-08-13 05:25:00,8500,56900,56830,56840,56830,56910,56850,56850,56850,56905,56840,56845,56840
2025-08-13 05:30:00,11200,56830,56720,56830,56750,56850,56740,56850,56770,56840,56730,56840,56760
2025-08-13 05:35:00,10200,56770,56700,56750,56740,56790,56710,56770,56750,56780,56705,56760,56745
2025-08-13 05:40:00,10800,56830,56730,56740,56810,56850,56750,56750,56830,56840,56745,56745,56820
2025-08-13 05:45:00,10100,56840,56770,56810,56770,56850,56780,56830,56780,56845,56775,56820,56775
2025-08-13 05:50:00,20600,56770,56590,56770,56610,56780,56600,56780,56620,56775,56595,56775,56615
2025-08-13 05:55:00,9900,56610,56560,56610,56590,56620,56570,56620,56600,56615,56565,56615,56595
2025-08-13 06:00:00,12600,56690,56570,56590,56570,56700,56590,56600,56600,56695,56580,56595,56585
2025-08-13 06:05:00,16400,56670,56570,56570,56600,56680,56580,56600,56620,56675,56575,56585,56610
2025-08-13 06:10:00,9200,56630,56580,56600,56590,56640,56600,56620,56600,56635,56595,56610,56595
2025-08-13 06:15:00,13100,56600,56510,56590,56590,56620,56530,56600,56600,56605,56520,56595,56595
2025-08-13 06:20:00,15900,56600,56490,56590,56490,56610,56500,56600,56520,56605,56495,56595,56505
2025-08-13 06:25:00,,56610,54500,56400,56610,56620,54510,56410,56620,56615,54505,56405,56615
2025-08-13 06:30:00,146500,56600,56600,56600,56600,56630,56630,56630,56630,56615,56615,56615,56615
2025-08-14 00:00:00,85800,55840,55610,55610,55710,55990,55620,55620,55730,55860,55615,55615,55720
2025-08-14 00:05:00,38700,55790,55550,55710,55570,55820,55560,55730,55580,55805,55555,55720,55575
2025-08-14 00:10:00,39100,55600,55330,55570,55600,55620,55350,55580,55620,55610,55340,55575,55610
2025-08-14 00:15:00,15600,55600,55490,55600,55500,55620,55500,55620,55520,55610,55495,55610,55510
2025-08-14 00:20:00,17300,55570,55400,55500,55430,55590,55410,55520,55460,55580,55405,55510,55445
2025-08-14 00:25:00,6600,55520,55430,55430,55500,55550,55440,55460,55510,55535,55435,55445,55505
2025-08-14 00:30:00,11300,55530,55430,55500,55510,55540,55440,55510,55530,55535,55435,55505,55520
2025-08-14 00:35:00,3800,55530,55480,55510,55530,55550,55500,55530,55550,55540,55490,55520,55540
2025-08-14 00:40:00,6700,55530,55470,55530,55470,55550,55480,55550,55480,55540,55475,55540,55475
2025-08-14 00:45:00,12100,55520,55420,55470,55490,55530,55430,55480,55500,55525,55425,55475,55495
2025-08-14 00:50:00,13400,55620,55460,55490,55600,55630,55490,55500,55630,55625,55475,55495,55615
2025-08-14 00:55:00,10000,55650,55530,55600,55550,55670,55540,55630,55570,55660,55535,55615,55560
2025-08-14 01:00:00,19700,55820,55520,55540,55790,55830,55530,55570,55820,55825,55525,55555,55805
2025-08-14 01:05:00,8200,55850,55770,55790,55810,55880,55780,55820,55840,55865,55775,55805,55825
2025-08-14 01:10:00,4700,55830,55670,55810,55680,55850,55680,55840,55690,55840,55675,55825,55685
2025-08-14 01:15:00,5200,55740,55670,55680,55700,55750,55680,55690,55720,55745,55675,55685,55710
2025-08-14 01:20:00,5500,55710,55600,55700,55710,55730,55610,55720,55730,55720,55605,55710,55720
2025-08-14 01:25:00,3900,55790,55670,55710,55780,55800,55700,55730,55800,55795,55685,55720,55790
2025-08-14 01:30:00,4700,55830,55720,55780,55790,55850,55750,55800,55820,55840,55735,55790,55805
2025-08-14 01:35:00,2000,55800,55750,55790,55750,55820,55760,55820,55760,55810,55755,55805,55755
2025-08-14 01:40:00,3400,55760,55700,55750,55750,55770,55720,55760,55770,55765,55710,55755,55760
2025-08-14 01:45:00,5200,55750,55660,55750,55740,55770,55690,55770,55760,55760,55675,55760,55750
2025-08-14 01:50:00,1700,55740,55680,55740,55680,55760,55700,55760,55700,55750,55690,55750,55690
2025-08-14 01:55:00,3200,55720,55650,55680,55710,55740,55660,55690,55730,55730,55655,55685,55720
2025-08-14 02:00:00,2800,55710,55650,55710,55670,55730,55660,55730,55690,55720,55655,55720,55680
2025-08-14 02:05:00,1300,55690,55650,55670,55650,55700,55660,55690,55670,55695,55655,55680,55660
2025-08-14 02:10:00,3100,55670,55630,55650,55640,55690,55640,55660,55660,55680,55635,55655,55650
2025-08-14 02:15:00,2700,55680,55620,55640,55650,55690,55640,55660,55680,55685,55630,55650,55665
2025-08-14 02:20:00,3600,55650,55610,55650,55630,55680,55620,55680,55650,55665,55615,55665,55640
2025-08-14 02:25:00,9800,55630,55520,55630,55540,55650,55540,55650,55560,55640,55530,55640,55550
2025-08-14 02:30:00,5700,55530,55530,55530,55530,55560,55560,55560,55560,55545,55545,55545,55545
2025-08-14 03:30:00,34600,55560,55460,55500,55520,55590,55490,55510,55540,55575,55475,55505,55530
2025-08-14 03:35:00,4600,55540,55470,55520,55470,55570,55490,55540,55490,55555,55480,55530,55480
2025-08-14 03:40:00,13600,55490,55380,55470,55390,55510,55400,55490,55420,55500,55390,55480,55405
2025-08-14 03:45:00,10900,55400,55330,55390,55330,55420,55350,55420,55350,55410,55340,55405,55340
2025-08-14 03:50:00,18800,55330,55230,55330,55230,55350,55260,55350,55260,55340,55245,55340,55245
2025-08-14 03:55:00,12200,55250,55160,55230,55190,55270,55170,55260,55200,55260,55165,55245,55195
2025-08-14 04:00:00,5700,55200,55160,55190,55160,55220,55170,55200,55170,55205,55165,55195,55165
2025-08-14 04:05:00,11900,55190,55130,55160,55180,55200,55140,55170,55200,55195,55135,55165,55190
2025-08-14 04:10:00,11400,55230,55160,55180,55160,55250,55170,55200,55170,55240,55165,55190,55165
2025-08-14 04:15:00,5300,55200,55150,55160,55180,55220,55170,55170,55190,55210,55165,55165,55185
2025-08-14 04:20:00,8800,55240,55140,55180,55200,55250,55150,55190,55220,55245,55145,55185,55210
2025-08-14 04:25:00,6300,55330,55200,55200,55300,55340,55220,55220,55330,55335,55210,55210,55315
2025-08-14 04:30:00,2700,55390,55300,55300,55380,55400,55320,55330,55390,55395,55310,55315,55385
2025-08-14 04:35:00,5400,55420,55330,55380,55360,55430,55350,55390,55370,55425,55345,55385,55365
2025-08-14 04:40:00,3300,55390,55330,55360,55370,55400,55340,55370,55380,55395,55335,55365,55375
2025-08-14 04:45:00,3800,55370,55280,55370,55280,55380,55290,55380,55300,55375,55285,55375,55290
2025-08-14 04:50:00,2400,55280,55220,55280,55220,55300,55240,55300,55240,55290,55230,55290,55230
2025-08-14 04:55:00,4400,55260,55210,55220,55260,55280,55220,55240,55270,55265,55215,55230,55265
2025-08-14 05:00:00,3000,55320,55260,55260,55320,55330,55270,55270,55330,55325,55265,55265,55325
2025-08-14 05:05:00,2200,55320,55300,55320,55300,55350,55310,55330,55320,55335,55305,55325,55310
2025-08-14 05:10:00,2200,55350,55300,55300,55350,55370,55320,55320,55370,55360,55310,55310,55360
2025-08-14 05:15:00,3400,55410,55350,55350,55360,55420,55360,55360,55380,55415,55355,55355,55370
2025-08-14 05:20:00,2300,55380,55350,55360,55370,55390,55360,55380,55390,55385,55355,55370,55380
2025-08-14 05:25:00,6600,55460,55350,55370,55440,55470,55370,55390,55460,55465,55360,55380,55450
2025-08-14 05:30:00,8500,55510,55440,55440,55490,55520,55460,55460,55510,55515,55450,55450,55500
2025-08-14 05:35:00,5000,55510,55430,55490,55450,55520,55440,55510,55470,55515,55435,55500,55460
2025-08-14 05:40:00,7100,55450,55370,55450,55430,55470,55390,55470,55440,55460,55380,55460,55435
2025-08-14 05:45:00,5400,55450,55400,55430,55410,55460,55420,55440,55430,55455,55410,55435,55420
2025-08-14 05:50:00,4600,55450,55400,55410,55430,55460,55410,55430,55440,55455,55405,55420,55435
2025-08-14 05:55:00,4300,55460,55410,55430,55430,55490,55420,55440,55450,55475,55415,55435,55440
2025-08-14 06:00:00,3600,55440,55410,55430,55420,55460,55420,55450,55430,55450,55415,55440,55425
2025-08-14 06:05:00,9200,55480,55390,55420,55480,55490,55400,55430,55490,55485,55395,55425,55485
2025-08-14 06:10:00,6900,55480,55420,55480,55440,55500,55440,55490,55450,55490,55430,55485,55445
2025-08-14 06:15:00,5200,55460,55410,55440,55450,55480,55430,55450,55460,55470,55420,55445,55455
2025-08-14 06:20:00,6200,55460,55410,55450,55420,55480,55430,55460,55430,55470,55420,55455,55425
2025-08-14 06:25:00,,55480,55170,55380,55430,55490,55180,55390,55440,55485,55175,55385,55435
2025-08-14 06:30:00,107600,55430,55430,55430,55430,55440,55440,55440,55440,55435,55435,55435,55435
2025-08-15 00:00:00,98400,55700,55080,55100,55640,55720,55090,55110,55680,55710,55085,55105,55660
2025-08-15 00:05:00,19600,55700,55420,55640,55460,55720,55480,55680,55490,55710,55450,55660,55475
2025-08-15 00:10:00,10800,55620,55450,55460,55620,55650,55470,55490,55640,55635,55460,55475,55630
2025-08-15 00:15:00,14300,55630,55340,55620,55340,55650,55360,55650,55360,55640,55350,55635,55350
2025-08-15 00:20:00,17000,55380,55100,55340,55100,55410,55130,55360,55140,55395,55115,55350,55120
2025-08-15 00:25:00,16600,55180,55090,55100,55180,55210,55100,55140,55210,55195,55095,55120,55195
2025-08-15 00:30:00,6100,55270,55160,55170,55250,55290,55190,55210,55270,55280,55175,55190,55260
2025-08-15 00:35:00,11800,55300,55200,55250,55240,55330,55230,55270,55260,55315,55215,55260,55250
2025-08-15 00:40:00,9800,55280,55170,55240,55230,55300,55190,55260,55250,55290,55180,55250,55240
2025-08-15 00:45:00,5700,55290,55200,55230,55200,55310,55210,55250,55230,55300,55205,55240,55215
2025-08-15 00:50:00,5600,55250,55200,55200,55200,55260,55220,55230,55220,55255,55210,55215,55210
2025-08-15 00:55:00,12200,55200,55140,55200,55190,55230,55150,55220,55200,55210,55145,55210,55195
2025-08-15 01:00:00,7800,55230,55140,55190,55180,55240,55160,55200,55200,55235,55150,55195,55190
2025-08-15 01:05:00,5600,55240,55180,55180,55200,55260,55200,55200,55220,55250,55190,55190,55210
2025-08-15 01:10:00,6400,55200,55150,55200,55170,55220,55160,55220,55200,55210,55155,55210,55185
2025-08-15 01:15:00,11100,55170,55100,55170,55110,55200,55110,55200,55120,55185,55105,55185,55115
2025-08-15 01:20:00,5200,55170,55110,55110,55160,55200,55120,55120,55170,55185,55115,55115,55165
2025-08-15 01:25:00,4300,55160,55120,55160,55150,55180,55140,55170,55160,55170,55130,55165,55155
2025-08-15 01:30:00,4600,55160,55110,55150,55150,55190,55120,55160,55170,55175,55115,55155,55160
2025-08-15 01:35:00,4600,55200,55130,55150,55180,55220,55160,55170,55200,55210,55145,55160,55190
2025-08-15 01:40:00,3900,55200,55160,55180,55180,55210,55180,55200,55200,55205,55170,55190,55190
2025-08-15 01:45:00,3500,55190,55160,55180,55180,55200,55170,55200,55200,55195,55165,55190,55190
2025-08-15 01:50:00,4800,55200,55150,55180,55180,55220,55170,55200,55200,55210,55160,55190,55190
2025-08-15 01:55:00,3600,55220,55180,55180,55200,55240,55200,55200,55230,55230,55190,55190,55215
2025-08-15 02:00:00,2800,55220,55180,55200,55210,55230,55200,55230,55230,55225,55190,55215,55220
2025-08-15 02:05:00,3700,55220,55200,55210,55210,55240,55210,55230,55230,55230,55205,55220,55220
2025-08-15 02:10:00,3400,55220,55170,55210,55170,55230,55180,55230,55190,55225,55175,55220,55180
2025-08-15 02:15:00,2300,55190,55170,55170,55170,55200,55180,55190,55190,55195,55175,55180,55180
2025-08-15 02:20:00,4800,55190,55130,55170,55180,55200,55150,55190,55200,55195,55140,55180,55190
2025-08-15 02:25:00,7500,55210,55150,55180,55210,55230,55170,55200,55230,55220,55165,55190,55220
2025-08-15 02:30:00,600,55210,55210,55210,55210,55240,55240,55240,55240,55225,55225,55225,55225
2025-08-15 03:30:00,17400,55340,55220,55230,55340,55360,55240,55240,55360,55350,55230,55235,55350
2025-08-15 03:35:00,7100,55360,55310,55340,55350,55380,55330,55360,55370,55370,55320,55350,55360
2025-08-15 03:40:00,9700,55360,55250,55350,55300,55370,55270,55370,55320,55365,55260,55360,55310
2025-08-15 03:45:00,6500,55380,55300,55300,55370,55390,55310,55320,55390,55385,55305,55310,55380
2025-08-15 03:50:00,9500,55460,55370,55370,55430,55470,55380,55390,55450,55465,55375,55380,55440
2025-08-15 03:55:00,4200,55430,55370,55430,55380,55450,55380,55450,55400,55440,55375,55440,55390
2025-08-15 04:00:00,4700,55420,55370,55380,55390,55430,55380,55400,55410,55425,55375,55390,55400
2025-08-15 04:05:00,6400,55410,55350,55390,55360,55420,55370,55410,55380,55415,55365,55400,55370
2025-08-15 04:10:00,3500,55390,55340,55370,55340,55400,55350,55380,55350,55395,55345,55375,55345
2025-08-15 04:15:00,7300,55400,55340,55340,55390,55410,55350,55350,55410,55405,55345,55345,55400
2025-08-15 04:20:00,9300,55470,55390,55390,55390,55480,55400,55410,55410,55475,55395,55400,55400
2025-08-15 04:25:00,4200,55450,55380,55390,55440,55460,55390,55410,55450,55455,55385,55400,55445
2025-08-15 04:30:00,4300,55440,55400,55440,55410,55450,55420,55450,55430,55445,55410,55445,55420
2025-08-15 04:35:00,6700,55410,55360,55410,55390,55420,55370,55420,55410,55415,55365,55415,55400
2025-08-15 04:40:00,4700,55400,55350,55390,55380,55410,55370,55410,55390,55405,55360,55400,55385
2025-08-15 04:45:00,4100,55380,55350,55380,55350,55400,55360,55390,55360,55390,55355,55385,55355
2025-08-15 04:50:00,4600,55370,55350,55350,55370,55390,55360,55360,55390,55380,55355,55355,55380
2025-08-15 04:55:00,6800,55410,55350,55370,55380,55420,55370,55390,55390,55415,55360,55380,55385
2025-08-15 05:00:00,7300,55400,55370,55380,55380,55410,55380,55390,55400,55405,55375,55385,55390
2025-08-15 05:05:00,17000,55530,55380,55380,55450,55550,55400,55400,55470,55540,55390,55390,55460
2025-08-15 05:10:00,5600,55470,55430,55450,55440,55480,55450,55470,55450,55475,55445,55460,55445
2025-08-15 05:15:00,5300,55480,55440,55440,55450,55490,55450,55450,55470,55485,55445,55445,55460
2025-08-15 05:20:00,5300,55450,55420,55450,55440,55470,55430,55470,55450,55460,55425,55460,55445
2025-08-15 05:25:00,5700,55450,55430,55440,55450,55460,55440,55450,55460,55455,55435,55445,55455
2025-08-15 05:30:00,8300,55480,55450,55450,55480,55500,55460,55460,55500,55490,55455,55455,55490
2025-08-15 05:35:00,9600,55550,55480,55480,55500,55560,55490,55500,55520,55555,55485,55490,55510
2025-08-15 05:40:00,8700,55530,55470,55500,55530,55540,55480,55520,55540,55535,55475,55510,55535
2025-08-15 05:45:00,5200,55530,55500,55530,55500,55540,55510,55540,55510,55535,55505,55535,55505
2025-08-15 05:50:00,7900,55510,55470,55500,55480,55530,55480,55510,55500,55520,55475,55505,55490
2025-08-15 05:55:00,7900,55500,55470,55480,55490,55520,55480,55500,55510,55510,55475,55490,55500
2025-08-15 06:00:00,9300,55530,55480,55490,55490,55540,55490,55510,55500,55535,55485,55500,55495
2025-08-15 06:05:00,8600,55500,55430,55490,55470,55510,55440,55500,55480,55505,55435,55495,55475
2025-08-15 06:10:00,8900,55490,55430,55470,55460,55500,55440,55480,55480,55495,55435,55475,55470
2025-08-15 06:15:00,9500,55480,55430,55470,55470,55500,55450,55480,55490,55490,55440,55475,55480
2025-08-15 06:20:00,12700,55490,55410,55470,55420,55500,55430,55490,55440,55495,55420,55480,55430
2025-08-15 06:25:00,,55740,55000,55580,55440,55750,55010,55590,55450,55745,55005,55585,55445
2025-08-15 06:30:00,113500,55430,55430,55430,55430,55470,55470,55470,55470,55450,55450,55450,55450
2025-08-18 00:00:00,69000,55860,55550,55580,55750,55890,55580,55590,55800,55865,55565,55585,55775
2025-08-18 00:05:00,17100,55940,55650,55760,55930,55960,55700,55800,55950,55950,55680,55780,55940
2025-08-18 00:10:00,27100,56250,55910,55930,56200,56260,55940,55950,56230,56255,55925,55940,56215
2025-08-18 00:15:00,15100,56250,55980,56200,56020,56280,56000,56230,56040,56265,55990,56215,56030
2025-08-18 00:20:00,17900,56150,55900,56020,56150,56170,55930,56040,56170,56160,55915,56030,56160
2025-08-18 00:25:00,15500,56330,56050,56150,56280,56350,56070,56170,56320,56340,56060,56160,56300
2025-08-18 00:30:00,11600,56380,56250,56280,56280,56400,56270,56320,56320,56390,56260,56300,56300
2025-08-18 00:35:00,15000,56470,56270,56280,56300,56490,56300,56320,56330,56480,56285,56300,56315
2025-08-18 00:40:00,10000,56460,56300,56310,56310,56470,56330,56330,56340,56465,56315,56320,56325
2025-08-18 00:45:00,7100,56370,56280,56310,56370,56390,56310,56340,56390,56380,56295,56325,56380
2025-08-18 00:50:00,11400,56460,56300,56370,56440,56480,56330,56390,56470,56470,56315,56380,56455
2025-08-18 00:55:00,16300,56580,56440,56440,56540,56590,56460,56470,56570,56585,56450,56455,56555
2025-08-18 01:00:00,10100,56600,56530,56540,56560,56620,56550,56570,56590,56610,56540,56555,56575
2025-08-18 01:05:00,7300,56600,56530,56560,56570,56610,56560,56590,56590,56605,56545,56575,56580
2025-08-18 01:10:00,3300,56580,56540,56570,56550,56610,56550,56590,56560,56595,56545,56580,56555
2025-08-18 01:15:00,9900,56700,56550,56550,56700,56730,56560,56560,56720,56715,56555,56555,56710
2025-08-18 01:20:00,8300,56710,56570,56700,56600,56730,56590,56720,56620,56720,56580,56710,56610
2025-08-18 01:25:00,5700,56690,56580,56600,56660,56700,56600,56620,56680,56695,56590,56610,56670
2025-08-18 01:30:00,10200,56670,56550,56660,56560,56690,56560,56680,56580,56680,56555,56670,56570
2025-08-18 01:35:00,14200,56630,56490,56560,56600,56650,56500,56580,56620,56640,56495,56570,56610
2025-08-18 01:40:00,11300,56700,56580,56600,56660,56720,56600,56620,56680,56710,56595,56610,56670
2025-08-18 01:45:00,5500,56670,56600,56660,56650,56700,56630,56680,56670,56685,56615,56670,56660
2025-08-18 01:50:00,4500,56670,56610,56650,56650,56690,56630,56670,56680,56680,56620,56660,56665
2025-08-18 01:55:00,10900,56780,56630,56650,56760,56800,56640,56680,56780,56790,56635,56665,56770
2025-08-18 02:00:00,4400,56780,56710,56760,56760,56800,56730,56780,56780,56790,56725,56770,56770
2025-08-18 02:05:00,4200,56780,56690,56760,56750,56800,56720,56780,56760,56790,56705,56770,56755
2025-08-18 02:10:00,16000,56890,56750,56750,56800,56900,56760,56760,56820,56895,56755,56755,56810
2025-08-18 02:15:00,4300,56860,56780,56800,56780,56870,56800,56820,56800,56865,56790,56810,56790
2025-08-18 02:20:00,3600,56800,56760,56780,56760,56820,56780,56800,56790,56810,56770,56790,56775
2025-08-18 02:25:00,6000,56780,56660,56760,56680,56790,56700,56790,56710,56785,56680,56775,56695
2025-08-18 02:30:00,500,56680,56680,56680,56680,56710,56710,56710,56710,56695,56695,56695,56695
2025-08-18 03:30:00,24200,56720,56560,56680,56720,56750,56600,56690,56740,56735,56580,56685,56730
2025-08-18 03:35:00,8200,56810,56710,56720,56710,56830,56730,56750,56730,56820,56720,56735,56720
2025-08-18 03:40:00,6800,56820,56700,56710,56760,56830,56720,56730,56780,56825,56710,56720,56770
2025-08-18 03:45:00,6700,56820,56760,56760,56810,56840,56780,56780,56840,56830,56770,56770,56825
2025-08-18 03:50:00,4900,56840,56760,56810,56760,56850,56780,56840,56780,56845,56770,56825,56770
2025-08-18 03:55:00,8500,56880,56760,56760,56880,56890,56780,56780,56890,56885,56770,56770,56885
2025-08-18 04:00:00,7700,56880,56730,56880,56730,56890,56750,56890,56760,56885,56740,56885,56745
2025-08-18 04:05:00,4200,56780,56730,56740,56750,56800,56760,56760,56770,56790,56745,56750,56760
2025-08-18 04:10:00,8000,56800,56690,56750,56690,56840,56710,56770,56710,56820,56700,56760,56700
2025-08-18 04:15:00,7200,56760,56680,56690,56710,56790,56690,56710,56730,56775,56685,56700,56720
2025-08-18 04:20:00,5000,56770,56710,56710,56740,56790,56730,56730,56760,56780,56720,56720,56750
2025-08-18 04:25:00,5000,56830,56730,56740,56820,56840,56750,56760,56840,56835,56740,56750,56830
2025-08-18 04:30:00,6300,56840,56770,56820,56800,56850,56800,56840,56820,56845,56785,56830,56810
2025-08-18 04:35:00,2200,56810,56780,56800,56790,56820,56790,56820,56800,56815,56785,56810,56795
2025-08-18 04:40:00,3700,56820,56780,56790,56810,56830,56790,56800,56830,56825,56785,56795,56820
2025-08-18 04:45:00,3400,56820,56790,56810,56810,56830,56800,56830,56830,56825,56795,56820,56820
2025-08-18 04:50:00,5100,56830,56800,56810,56800,56840,56810,56830,56810,56835,56805,56820,56805
2025-08-18 04:55:00,5000,56800,56780,56800,56780,56830,56790,56810,56800,56815,56785,56805,56790
2025-08-18 05:00:00,4400,56820,56780,56780,56820,56830,56800,56800,56830,56825,56790,56790,56825
2025-08-18 05:05:00,5200,56840,56790,56820,56820,56850,56810,56830,56830,56845,56800,56825,56825
2025-08-18 05:10:00,4800,56820,56780,56820,56800,56830,56790,56830,56820,56825,56785,56825,56810
2025-08-18 05:15:00,5200,56800,56750,56800,56750,56820,56760,56820,56770,56810,56755,56810,56760
2025-08-18 05:20:00,2800,56770,56740,56750,56740,56780,56750,56770,56750,56775,56745,56760,56745
2025-08-18 05:25:00,5300,56740,56670,56740,56680,56750,56680,56750,56700,56745,56675,56745,56690
2025-08-18 05:30:00,11100,56730,56640,56680,56640,56750,56650,56700,56660,56740,56645,56690,56650
2025-08-18 05:35:00,5400,56660,56570,56640,56570,56680,56580,56660,56580,56670,56575,56650,56575
2025-08-18 05:40:00,7300,56580,56460,56570,56500,56590,56480,56580,56510,56585,56470,56575,56505
2025-08-18 05:45:00,4400,56540,56500,56500,56530,56560,56510,56510,56550,56545,56505,56505,56540
2025-08-18 05:50:00,5300,56570,56540,56540,56550,56580,56550,56550,56570,56575,56545,56545,56560
2025-08-18 05:55:00,8600,56550,56480,56550,56520,56570,56500,56570,56540,56560,56490,56560,56530
2025-08-18 06:00:00,5900,56530,56490,56520,56500,56550,56500,56540,56510,56540,56495,56530,56505
2025-08-18 06:05:00,5000,56520,56490,56500,56520,56540,56500,56510,56530,56530,56495,56505,56525
2025-08-18 06:10:00,8300,56570,56510,56520,56510,56580,56520,56530,56530,56575,56515,56525,56520
2025-08-18 06:15:00,7200,56510,56390,56510,56390,56530,56400,56530,56410,56520,56395,56520,56400
2025-08-18 06:20:00,11200,56470,56390,56390,56450,56490,56400,56410,56490,56480,56395,56400,56470
2025-08-18 06:25:00,,56850,56270,56300,56640,56850,56270,56310,56650,56850,56270,56305,56645
2025-08-18 06:30:00,125300,56450,56450,56450,56450,56650,56650,56650,56650,56550,56550,56550,56550
2025-08-19 00:00:00,70500,56770,56400,56600,56710,56800,56550,56610,56730,56785,56475,56605,56720
2025-08-19 00:05:00,14200,56730,56420,56710,56430,56770,56450,56730,56450,56750,56440,56720,56440
2025-08-19 00:10:00,13400,56480,56300,56430,56470,56530,56320,56450,56490,56505,56310,56440,56480
2025-08-19 00:15:00,10300,56560,56390,56470,56460,56570,56410,56490,56480,56565,56400,56480,56470
2025-08-19 00:20:00,4700,56580,56410,56460,56550,56600,56440,56480,56570,56585,56425,56470,56560
2025-08-19 00:25:00,13700,56830,56550,56550,56800,56850,56570,56570,56830,56840,56560,56560,56815
2025-08-19 00:30:00,8800,56840,56590,56800,56670,56860,56620,56830,56700,56850,56605,56815,56685
2025-08-19 00:35:00,7400,56760,56610,56670,56640,56770,56630,56690,56670,56765,56620,56680,56655
2025-08-19 00:40:00,6500,56670,56570,56640,56610,56700,56590,56680,56630,56685,56580,56660,56620
2025-08-19 00:45:00,6900,56740,56590,56610,56620,56770,56620,56630,56640,56750,56605,56620,56630
2025-08-19 00:50:00,6300,56660,56420,56620,56440,56690,56440,56640,56470,56675,56430,56630,56455
2025-08-19 00:55:00,5800,56440,56340,56440,56340,56470,56350,56470,56360,56455,56345,56455,56350
2025-08-19 01:00:00,7600,56410,56330,56340,56380,56440,56350,56360,56410,56425,56340,56350,56395
2025-08-19 01:05:00,4300,56440,56350,56380,56400,56460,56380,56410,56420,56450,56365,56395,56410
2025-08-19 01:10:00,8300,56410,56260,56400,56280,56430,56270,56420,56310,56420,56265,56410,56295
2025-08-19 01:15:00,2500,56340,56280,56280,56280,56350,56300,56310,56310,56345,56290,56295,56295
2025-08-19 01:20:00,4000,56340,56240,56280,56310,56360,56260,56310,56340,56350,56250,56295,56325
2025-08-19 01:25:00,4400,56340,56260,56310,56260,56370,56280,56340,56290,56355,56270,56325,56275
2025-08-19 01:30:00,3000,56310,56260,56260,56290,56330,56270,56290,56310,56320,56265,56275,56300
2025-08-19 01:35:00,2500,56320,56270,56290,56320,56350,56280,56310,56340,56330,56275,56300,56330
2025-08-19 01:40:00,8100,56320,56210,56320,56290,56340,56240,56340,56320,56330,56225,56330,56305
2025-08-19 01:45:00,2100,56320,56250,56290,56310,56340,56270,56320,56320,56330,56260,56305,56315
2025-08-19 01:50:00,3700,56330,56270,56310,56290,56350,56290,56320,56320,56340,56280,56315,56305
2025-08-19 01:55:00,2000,56340,56280,56290,56330,56370,56300,56320,56350,56355,56290,56305,56340
2025-08-19 02:00:00,2400,56340,56300,56330,56300,56350,56310,56350,56320,56345,56305,56340,56310
2025-08-19 02:05:00,2400,56330,56260,56300,56320,56350,56270,56320,56340,56340,56265,56310,56330
2025-08-19 02:10:00,3600,56420,56320,56320,56380,56450,56340,56340,56410,56435,56330,56330,56395
2025-08-19 02:15:00,2700,56440,56350,56380,56350,56460,56370,56410,56370,56450,56360,56395,56360
2025-08-19 02:20:00,1400,56400,56350,56350,56380,56440,56360,56370,56400,56420,56355,56360,56390
2025-08-19 02:25:00,1200,56380,56330,56380,56340,56400,56360,56390,56370,56390,56345,56385,56355
2025-08-19 02:30:00,2100,,,,,,,,,,,,
2025-08-19 03:30:00,9300,56420,56270,56390,56310,56440,56290,56400,56330,56420,56285,56395,56320
2025-08-19 03:35:00,4100,56380,56270,56310,56370,56420,56290,56330,56410,56400,56280,56320,56390
2025-08-19 03:40:00,4600,56540,56350,56370,56520,56560,56370,56410,56550,56550,56360,56390,56535
2025-08-19 03:45:00,8700,56620,56520,56520,56610,56640,56550,56550,56640,56630,56535,56535,56625
2025-08-19 03:50:00,3600,56660,56580,56610,56650,56670,56610,56640,56670,56665,56595,56625,56660
2025-08-19 03:55:00,6100,56720,56650,56650,56680,56740,56660,56670,56710,56730,56655,56660,56695
2025-08-19 04:00:00,2100,56710,56660,56680,56700,56730,56680,56710,56720,56720,56675,56695,56710
2025-08-19 04:05:00,2700,56720,56670,56700,56710,56730,56680,56720,56730,56725,56675,56710,56720
2025-08-19 04:10:00,2500,56740,56690,56710,56740,56760,56720,56730,56760,56750,56705,56720,56750
2025-08-19 04:15:00,2400,56770,56720,56740,56750,56790,56750,56760,56770,56780,56735,56750,56760
2025-08-19 04:20:00,6000,56830,56750,56750,56800,56850,56770,56780,56820,56840,56760,56765,56810
2025-08-19 04:25:00,4100,56860,56770,56800,56860,56870,56790,56820,56870,56865,56780,56810,56865
2025-08-19 04:30:00,3900,56860,56780,56850,56790,56880,56810,56870,56810,56870,56795,56860,56800
2025-08-19 04:35:00,3600,56780,56690,56780,56710,56810,56710,56810,56740,56795,56700,56795,56725
2025-08-19 04:40:00,1200,56740,56710,56710,56710,56760,56730,56740,56730,56750,56720,56725,56720
2025-08-19 04:45:00,1500,56730,56690,56710,56690,56750,56710,56730,56720,56740,56700,56720,56705
2025-08-19 04:50:00,2300,56710,56670,56690,56700,56720,56680,56720,56720,56715,56675,56705,56710
2025-08-19 04:55:00,1600,56710,56650,56700,56700,56720,56670,56710,56720,56715,56660,56705,56710
2025-08-19 05:00:00,1600,56720,56690,56700,56690,56730,56700,56720,56710,56725,56695,56710,56700
2025-08-19 05:05:00,2000,56730,56680,56690,56710,56750,56690,56710,56730,56740,56685,56700,56720
2025-08-19 05:10:00,3100,56730,56680,56710,56700,56750,56690,56730,56720,56740,56685,56720,56710
2025-08-19 05:15:00,900,56730,56690,56700,56720,56740,56710,56720,56740,56735,56700,56710,56730
2025-08-19 05:20:00,2500,56770,56720,56720,56740,56790,56740,56740,56760,56780,56730,56730,56750
2025-08-19 05:25:00,3000,56810,56720,56740,56780,56820,56740,56760,56800,56815,56730,56750,56790
2025-08-19 05:30:00,2300,56820,56760,56780,56810,56830,56780,56800,56820,56825,56775,56790,56815
2025-08-19 05:35:00,3800,56820,56740,56810,56790,56830,56760,56820,56800,56825,56750,56815,56795
2025-08-19 05:40:00,1800,56790,56750,56790,56750,56800,56760,56800,56760,56795,56755,56795,56755
2025-08-19 05:45:00,2400,56760,56710,56750,56740,56770,56720,56760,56750,56765,56715,56755,56745
2025-08-19 05:50:00,3700,56750,56680,56740,56690,56770,56700,56750,56710,56760,56690,56745,56700
2025-08-19 05:55:00,3000,56720,56680,56690,56710,56730,56690,56710,56730,56725,56685,56700,56720
2025-08-19 06:00:00,3900,56710,56650,56710,56650,56730,56660,56730,56670,56720,56655,56720,56660
2025-08-19 06:05:00,5000,56710,56630,56650,56700,56730,56640,56670,56710,56720,56635,56660,56705
2025-08-19 06:10:00,3600,56700,56650,56700,56660,56710,56670,56710,56690,56705,56660,56705,56675
2025-08-19 06:15:00,4200,56690,56650,56660,56670,56700,56660,56680,56690,56695,56655,56670,56680
2025-08-19 06:20:00,5000,56700,56650,56670,56690,56730,56670,56690,56710,56715,56660,56680,56700
2025-08-19 06:25:00,,56830,56390,56450,56760,56840,56390,56460,56770,56835,56390,56455,56765
2025-08-19 06:30:00,91000,56710,56710,56710,56710,56780,56780,56780,56780,56745,56745,56745,56745
2025-08-20 00:00:00,163700,57760,56650,56650,57100,57800,56650,56660,57150,57775,56650,56655,57125
2025-08-20 00:05:00,31900,57240,56990,57100,57010,57260,57020,57150,57040,57250,57005,57125,57025
2025-08-20 00:10:00,16900,57060,56890,57010,57010,57090,56900,57040,57030,57075,56895,57025,57020
2025-08-20 00:15:00,13600,57100,56970,57010,57020,57130,56990,57030,57060,57115,56980,57020,57040
2025-08-20 00:20:00,23300,57230,56940,57020,57080,57250,56960,57060,57110,57240,56950,57040,57095
2025-08-20 00:25:00,15400,57190,57010,57080,57140,57210,57030,57120,57170,57200,57020,57100,57155
2025-08-20 00:30:00,15400,57290,57130,57140,57200,57300,57150,57170,57230,57295,57140,57155,57215
2025-08-20 00:35:00,9500,57250,57130,57200,57180,57270,57150,57230,57200,57260,57140,57215,57190
2025-08-20 00:40:00,6000,57220,57130,57180,57210,57250,57150,57200,57230,57235,57140,57190,57220
2025-08-20 00:45:00,9700,57240,57070,57210,57090,57250,57090,57230,57110,57245,57080,57220,57100
2025-08-20 00:50:00,6400,57160,57030,57090,57100,57190,57050,57110,57120,57175,57040,57100,57110
2025-08-20 00:55:00,9500,57130,57020,57100,57060,57150,57030,57130,57080,57140,57025,57115,57070
2025-08-20 01:00:00,12200,57240,57060,57060,57160,57250,57080,57080,57180,57245,57070,57070,57170
2025-08-20 01:05:00,4800,57170,57100,57160,57110,57200,57130,57180,57140,57180,57115,57170,57125
2025-08-20 01:10:00,7100,57120,57050,57110,57120,57140,57070,57140,57140,57130,57060,57125,57130
2025-08-20 01:15:00,5800,57120,57050,57120,57090,57140,57070,57140,57110,57130,57060,57130,57100
2025-08-20 01:20:00,3000,57100,57040,57090,57060,57130,57060,57110,57080,57115,57050,57100,57070
2025-08-20 01:25:00,27300,57070,56440,57060,56460,57090,56460,57080,56490,57075,56455,57070,56475
2025-08-20 01:30:00,11600,56520,56370,56460,56410,56550,56380,56490,56430,56535,56375,56475,56420
2025-08-20 01:35:00,8900,56550,56400,56410,56510,56580,56430,56430,56530,56565,56415,56420,56520
2025-08-20 01:40:00,4600,56530,56480,56510,56510,56550,56500,56530,56540,56540,56490,56520,56525
2025-08-20 01:45:00,7100,56550,56460,56510,56490,56570,56480,56540,56510,56560,56470,56525,56500
2025-08-20 01:50:00,11000,56480,56250,56480,56350,56510,56280,56510,56390,56495,56265,56495,56370
2025-08-20 01:55:00,3600,56370,56310,56350,56320,56390,56330,56390,56340,56380,56320,56370,56330
2025-08-20 02:00:00,3900,56380,56300,56320,56350,56400,56320,56340,56380,56390,56310,56330,56365
2025-08-20 02:05:00,3300,56370,56310,56350,56330,56390,56330,56380,56360,56380,56320,56365,56345
2025-08-20 02:10:00,7800,56360,56250,56330,56340,56380,56270,56360,56370,56370,56260,56345,56355
2025-08-20 02:15:00,4400,56400,56320,56340,56370,56420,56350,56370,56390,56405,56335,56355,56380
2025-08-20 02:20:00,5900,56380,56160,56370,56160,56410,56170,56390,56180,56395,56165,56380,56170
2025-08-20 02:25:00,8500,56240,56100,56160,56170,56280,56120,56180,56200,56255,56110,56170,56185
2025-08-20 02:30:00,1300,56150,56150,56150,56150,56200,56200,56200,56200,56175,56175,56175,56175
2025-08-20 03:30:00,19700,56470,56060,56070,56220,56480,56070,56080,56250,56475,56070,56075,56235
2025-08-20 03:35:00,7400,56240,56060,56220,56100,56260,56080,56250,56120,56250,56070,56235,56110
2025-08-20 03:40:00,8000,56180,56100,56100,56180,56200,56120,56120,56200,56190,56110,56110,56190
2025-08-20 03:45:00,6300,56360,56180,56180,56310,56380,56200,56200,56340,56365,56190,56190,56325
2025-08-20 03:50:00,5800,56320,56180,56310,56200,56340,56200,56340,56210,56330,56190,56325,56205
2025-08-20 03:55:00,3600,56210,56150,56200,56190,56230,56180,56210,56210,56220,56165,56205,56200
2025-08-20 04:00:00,6500,56250,56160,56190,56210,56260,56180,56210,56240,56255,56170,56200,56225
2025-08-20 04:05:00,4400,56310,56200,56210,56310,56330,56230,56240,56330,56320,56215,56225,56320
2025-08-20 04:10:00,4600,56400,56280,56310,56390,56420,56310,56330,56410,56410,56295,56320,56400
2025-08-20 04:15:00,5300,56410,56340,56390,56400,56420,56360,56410,56420,56415,56355,56400,56410
2025-08-20 04:20:00,4800,56420,56350,56400,56420,56440,56370,56420,56440,56430,56360,56410,56430
2025-08-20 04:25:00,4400,56440,56400,56420,56440,56460,56420,56440,56450,56450,56410,56430,56445
2025-08-20 04:30:00,4000,56440,56390,56440,56390,56450,56410,56450,56410,56445,56400,56445,56400
2025-08-20 04:35:00,9800,56530,56380,56390,56490,56540,56390,56410,56520,56535,56385,56400,56505
2025-08-20 04:40:00,1400,56520,56480,56490,56510,56530,56500,56520,56530,56525,56495,56505,56520
2025-08-20 04:45:00,3600,56540,56500,56510,56530,56550,56520,56530,56550,56545,56510,56520,56540
2025-08-20 04:50:00,7700,56610,56520,56530,56590,56620,56540,56550,56600,56615,56530,56540,56595
2025-08-20 04:55:00,7300,56680,56590,56590,56620,56690,56600,56600,56640,56685,56595,56595,56630
2025-08-20 05:00:00,6000,56620,56500,56620,56500,56640,56520,56640,56530,56630,56515,56630,56515
2025-08-20 05:05:00,6800,56530,56350,56500,56350,56550,56370,56530,56370,56540,56360,56515,56360
2025-08-20 05:10:00,4100,56470,56340,56350,56470,56480,56360,56370,56480,56475,56350,56360,56475
2025-08-20 05:15:00,8100,56530,56460,56470,56530,56550,56480,56480,56550,56540,56470,56475,56540
2025-08-20 05:20:00,4400,56580,56520,56530,56560,56590,56530,56550,56580,56585,56525,56540,56570
2025-08-20 05:25:00,7000,56680,56550,56560,56650,56700,56560,56580,56670,56690,56555,56570,56660
2025-08-20 05:30:00,3900,56680,56620,56650,56670,56700,56630,56670,56680,56685,56625,56660,56675
2025-08-20 05:35:00,5300,56700,56640,56670,56650,56710,56660,56680,56680,56705,56650,56675,56665
2025-08-20 05:40:00,1600,56680,56650,56650,56650,56690,56670,56680,56680,56685,56660,56665,56665
2025-08-20 05:45:00,5500,56810,56650,56650,56800,56820,56680,56680,56820,56815,56665,56665,56810
2025-08-20 05:50:00,6200,56820,56690,56800,56700,56830,56700,56820,56720,56825,56695,56810,56710
2025-08-20 05:55:00,5800,56760,56700,56700,56720,56770,56720,56720,56730,56765,56710,56710,56725
2025-08-20 06:00:00,9800,56810,56680,56720,56810,56830,56700,56730,56830,56820,56690,56725,56820
2025-08-20 06:05:00,5200,56850,56770,56810,56780,56860,56790,56830,56800,56855,56780,56820,56790
2025-08-20 06:10:00,6600,56780,56750,56780,56770,56800,56760,56800,56790,56790,56755,56790,56780
2025-08-20 06:15:00,8800,56770,56690,56770,56760,56790,56700,56790,56770,56780,56695,56780,56765
2025-08-20 06:20:00,15900,57060,56760,56760,57030,57070,56770,56770,57060,57065,56765,56765,57045
2025-08-20 06:25:00,,57160,56450,56580,57020,57170,56450,56590,57030,57165,56450,56585,57025
2025-08-20 06:30:00,150700,57020,57020,57020,57020,57030,57030,57030,57030,57025,57025,57025,57025
2025-08-21 00:00:00,57900,57120,56750,57060,57080,57190,56790,57070,57120,57150,56770,57065,57100
2025-08-21 00:05:00,8600,57120,56970,57080,57080,57170,56990,57120,57120,57145,56980,57100,57100
2025-08-21 00:10:00,12300,57360,57060,57080,57080,57380,57100,57110,57100,57370,57080,57095,57090
2025-08-21 00:15:00,16400,57080,56560,57080,56570,57100,56580,57100,56600,57090,56570,57090,56585
2025-08-21 00:20:00,9800,56580,56470,56570,56500,56590,56490,56590,56530,56585,56480,56580,56515
2025-08-21 00:25:00,7800,56510,56400,56500,56480,56540,56420,56530,56500,56525,56410,56515,56490
2025-08-21 00:30:00,6500,56590,56470,56480,56560,56600,56490,56500,56590,56595,56480,56490,56575
2025-08-21 00:35:00,6100,56600,56450,56560,56460,56620,56470,56590,56490,56610,56460,56575,56475
2025-08-21 00:40:00,5400,56530,56420,56460,56430,56560,56440,56490,56450,56545,56430,56475,56440
2025-08-21 00:45:00,6600,56490,56380,56430,56410,56510,56400,56460,56420,56500,56390,56445,56415
2025-08-21 00:50:00,7900,56420,56310,56410,56380,56460,56320,56420,56400,56440,56315,56415,56390
2025-08-21 00:55:00,5200,56440,56350,56380,56360,56470,56380,56400,56390,56455,56365,56390,56375
2025-08-21 01:00:00,7000,56490,56360,56360,56410,56510,56390,56390,56440,56500,56375,56375,56425
2025-08-21 01:05:00,3800,56430,56340,56410,56430,56460,56360,56430,56440,56445,56350,56420,56435
2025-08-21 01:10:00,3000,56490,56430,56430,56430,56500,56440,56440,56450,56495,56435,56435,56440
2025-08-21 01:15:00,11300,56680,56430,56430,56620,56700,56450,56450,56650,56690,56440,56440,56635
2025-08-21 01:20:00,7900,56730,56600,56620,56710,56770,56620,56650,56730,56750,56610,56635,56720
2025-08-21 01:25:00,2800,56740,56680,56710,56680,56770,56700,56730,56700,56755,56690,56720,56690
2025-08-21 01:30:00,2700,56750,56680,56680,56690,56770,56700,56700,56720,56760,56690,56690,56705
2025-08-21 01:35:00,3500,56760,56690,56690,56720,56780,56720,56720,56760,56770,56705,56705,56740
2025-08-21 01:40:00,1600,56750,56710,56720,56730,56770,56720,56730,56750,56760,56715,56725,56740
2025-08-21 01:45:00,5900,56730,56620,56730,56630,56750,56650,56740,56660,56735,56635,56735,56645
2025-08-21 01:50:00,9400,56650,56550,56630,56610,56680,56570,56660,56630,56665,56560,56645,56620
2025-08-21 01:55:00,4100,56740,56610,56610,56720,56770,56630,56630,56740,56755,56620,56620,56730
2025-08-21 02:00:00,2500,56720,56650,56720,56650,56750,56670,56740,56670,56735,56660,56730,56660
2025-08-21 02:05:00,4600,56650,56590,56650,56640,56670,56610,56670,56670,56660,56600,56660,56655
2025-08-21 02:10:00,2000,56710,56640,56640,56670,56740,56660,56670,56690,56725,56655,56655,56680
2025-08-21 02:15:00,5100,56850,56640,56670,56850,56880,56660,56690,56880,56865,56655,56680,56865
2025-08-21 02:20:00,2300,56860,56710,56850,56720,56880,56740,56880,56750,56865,56725,56865,56735
2025-08-21 02:25:00,2800,56760,56710,56720,56740,56790,56730,56750,56770,56775,56725,56735,56755
2025-08-21 02:30:00,6500,56740,56740,56740,56740,56790,56790,56790,56790,56765,56765,56765,56765
2025-08-21 03:30:00,21400,56820,56560,56820,56600,56840,56590,56820,56620,56820,56580,56820,56610
2025-08-21 03:35:00,4900,56640,56570,56600,56570,56670,56590,56620,56590,56655,56580,56610,56580
2025-08-21 03:40:00,3800,56570,56540,56570,56550,56590,56550,56590,56570,56580,56545,56580,56560
2025-08-21 03:45:00,4800,56600,56540,56550,56550,56620,56550,56570,56580,56605,56545,56560,56565
2025-08-21 03:50:00,1900,56580,56540,56550,56580,56600,56560,56580,56600,56590,56550,56565,56590
2025-08-21 03:55:00,6600,56600,56470,56580,56470,56610,56490,56600,56490,56605,56480,56590,56480
2025-08-21 04:00:00,1600,56510,56460,56470,56480,56520,56470,56490,56510,56515,56465,56480,56495
2025-08-21 04:05:00,3400,56520,56450,56480,56500,56540,56470,56510,56520,56530,56460,56495,56510
2025-08-21 04:10:00,3700,56550,56500,56500,56520,56570,56510,56520,56540,56560,56505,56510,56530
2025-08-21 04:15:00,2900,56580,56530,56530,56530,56600,56540,56540,56560,56590,56535,56535,56545
2025-08-21 04:20:00,2000,56590,56530,56530,56590,56610,56550,56560,56610,56600,56540,56545,56600
2025-08-21 04:25:00,2100,56610,56580,56590,56590,56630,56600,56610,56610,56620,56590,56600,56600
2025-08-21 04:30:00,3900,56690,56590,56590,56690,56700,56600,56610,56700,56695,56595,56600,56695
2025-08-21 04:35:00,1200,56690,56650,56690,56650,56700,56660,56700,56670,56695,56655,56695,56660
2025-08-21 04:40:00,1500,56670,56630,56650,56660,56690,56660,56670,56670,56680,56645,56660,56665
2025-08-21 04:45:00,1000,56670,56640,56660,56660,56680,56650,56670,56680,56675,56645,56665,56670
2025-08-21 04:50:00,4000,56730,56650,56670,56700,56740,56680,56680,56720,56735,56665,56675,56710
2025-08-21 04:55:00,2100,56700,56650,56700,56660,56720,56670,56720,56680,56710,56665,56710,56670
2025-08-21 05:00:00,1200,56660,56630,56660,56640,56680,56650,56680,56660,56670,56640,56670,56650
2025-08-21 05:05:00,2000,56640,56600,56640,56620,56660,56620,56650,56630,56645,56610,56645,56625
2025-08-21 05:10:00,4500,56630,56570,56620,56610,56640,56600,56630,56630,56635,56585,56625,56620
2025-08-21 05:15:00,1000,56630,56600,56610,56600,56650,56620,56630,56620,56640,56610,56620,56610
2025-08-21 05:20:00,900,56630,56600,56600,56610,56650,56620,56620,56620,56640,56610,56610,56615
2025-08-21 05:25:00,6100,56610,56550,56610,56550,56620,56560,56620,56570,56615,56555,56615,56560
2025-08-21 05:30:00,2600,56590,56560,56560,56570,56600,56570,56570,56590,56595,56565,56565,56580
2025-08-21 05:35:00,1500,56580,56560,56570,56580,56600,56570,56580,56600,56590,56565,56575,56590
2025-08-21 05:40:00,3300,56580,56540,56580,56550,56600,56550,56590,56570,56590,56545,56585,56560
2025-08-21 05:45:00,1900,56560,56540,56550,56540,56570,56550,56570,56560,56565,56545,56560,56550
2025-08-21 05:50:00,3700,56590,56530,56540,56590,56610,56540,56560,56610,56600,56535,56550,56600
2025-08-21 05:55:00,2600,56600,56550,56590,56570,56610,56570,56610,56590,56605,56560,56600,56580
2025-08-21 06:00:00,4000,56580,56540,56570,56540,56590,56550,56590,56550,56585,56545,56580,56545
2025-08-21 06:05:00,4600,56580,56530,56540,56570,56590,56540,56550,56590,56585,56535,56545,56580
2025-08-21 06:10:00,4700,56610,56550,56570,56550,56620,56570,56590,56570,56615,56560,56580,56560
2025-08-21 06:15:00,3500,56580,56530,56550,56560,56600,56550,56570,56580,56585,56540,56560,56570
2025-08-21 06:20:00,7600,56580,56480,56560,56480,56590,56490,56580,56500,56585,56485,56570,56490
2025-08-21 06:25:00,,56660,56170,56460,56510,56670,56180,56470,56520,56665,56175,56465,56515
2025-08-21 06:30:00,104900,56500,56500,56500,56500,56540,56540,56540,56540,56520,56520,56520,56520
2025-08-22 00:00:00,82600,56120,55880,56000,55990,56240,55900,56010,56040,56140,55890,56005,56015
2025-08-22 00:05:00,15500,56010,55850,55990,55880,56040,55870,56040,55900,56025,55865,56015,55890
2025-08-22 00:10:00,18800,55930,55710,55890,55720,55960,55730,55900,55750,55945,55725,55895,55735
2025-08-22 00:15:00,13500,55820,55660,55720,55750,55850,55680,55750,55790,55835,55670,55735,55770
2025-08-22 00:20:00,13800,55780,55570,55750,55690,55810,55590,55790,55720,55790,55580,55770,55705
2025-08-22 00:25:00,9700,55770,55660,55690,55720,55780,55680,55720,55750,55775,55670,55705,55735
2025-08-22 00:30:00,4300,55780,55680,55720,55710,55800,55690,55750,55740,55790,55685,55735,55725
2025-08-22 00:35:00,4000,55810,55710,55710,55790,55820,55740,55740,55810,55815,55725,55725,55800
2025-08-22 00:40:00,6100,55810,55730,55790,55750,55830,55760,55810,55770,55820,55745,55800,55760
2025-08-22 00:45:00,20200,55750,55570,55750,55570,55770,55600,55770,55600,55760,55585,55760,55585
2025-08-22 00:50:00,18300,55620,55500,55570,55540,55640,55510,55600,55560,55630,55505,55585,55550
2025-08-22 00:55:00,8500,55590,55500,55540,55570,55600,55510,55560,55580,55595,55505,55550,55575
2025-08-22 01:00:00,8800,55640,55570,55570,55570,55660,55580,55580,55590,55650,55575,55575,55580
2025-08-22 01:05:00,6900,55610,55550,55570,55570,55630,55570,55590,55580,55620,55560,55580,55575
2025-08-22 01:10:00,10400,55630,55550,55560,55550,55650,55570,55580,55570,55640,55560,55570,55560
2025-08-22 01:15:00,11200,55690,55530,55550,55630,55710,55550,55570,55650,55700,55540,55560,55640
2025-08-22 01:20:00,14300,55730,55630,55630,55730,55750,55640,55650,55750,55740,55635,55640,55740
2025-08-22 01:25:00,7000,55770,55680,55730,55720,55790,55710,55750,55740,55780,55695,55740,55730
2025-08-22 01:30:00,6100,55770,55680,55720,55680,55780,55700,55740,55700,55775,55690,55730,55690
2025-08-22 01:35:00,5300,55740,55680,55680,55730,55760,55690,55700,55750,55750,55685,55690,55740
2025-08-22 01:40:00,16900,55880,55730,55730,55860,55890,55740,55740,55880,55885,55735,55735,55870
2025-08-22 01:45:00,13100,55960,55860,55860,55920,55970,55870,55880,55940,55965,55865,55870,55930
2025-08-22 01:50:00,11500,56020,55880,55920,55920,56040,55900,55930,55950,56025,55890,55925,55935
2025-08-22 01:55:00,11500,56030,55910,55920,56010,56060,55950,55950,56030,56045,55930,55935,56020
2025-08-22 02:00:00,6400,56080,56010,56010,56080,56100,56030,56030,56090,56090,56020,56020,56085
2025-08-22 02:05:00,22300,56240,56050,56080,56220,56250,56060,56090,56250,56245,56055,56085,56235
2025-08-22 02:10:00,13400,56430,56210,56220,56360,56470,56220,56250,56370,56450,56215,56235,56365
2025-08-22 02:15:00,6000,56450,56300,56360,56420,56470,56320,56370,56440,56460,56310,56365,56430
2025-08-22 02:20:00,4100,56420,56320,56420,56330,56450,56340,56440,56360,56435,56330,56430,56345
2025-08-22 02:25:00,5700,56340,56260,56320,56280,56360,56280,56360,56310,56350,56275,56340,56295
2025-08-22 02:30:00,6300,56270,56270,56270,56270,56310,56310,56310,56310,56290,56290,56290,56290
2025-08-22 03:30:00,17900,56190,56100,56130,56180,56210,56130,56140,56200,56200,56125,56135,56190
2025-08-22 03:35:00,6200,56330,56180,56180,56260,56350,56190,56200,56290,56340,56185,56190,56275
2025-08-22 03:40:00,4300,56290,56180,56260,56190,56310,56200,56290,56210,56295,56195,56275,56200
2025-08-22 03:45:00,3900,56240,56150,56190,56220,56250,56160,56210,56240,56245,56155,56200,56230
2025-08-22 03:50:00,4000,56220,56120,56220,56140,56240,56130,56240,56170,56230,56125,56230,56155
2025-08-22 03:55:00,2000,56170,56140,56140,56140,56200,56150,56170,56160,56185,56145,56155,56150
2025-08-22 04:00:00,3200,56140,56110,56140,56120,56160,56120,56160,56140,56150,56115,56150,56130
2025-08-22 04:05:00,2200,56130,56070,56120,56070,56140,56090,56140,56090,56135,56080,56130,56080
2025-08-22 04:10:00,8200,56070,55940,56070,55950,56090,55950,56090,55970,56080,55945,56080,55960
2025-08-22 04:15:00,2000,56020,55950,55950,55980,56040,55960,55970,56000,56030,55955,55960,55990
2025-08-22 04:20:00,3000,56050,55980,55980,56020,56070,56000,56000,56050,56060,55990,55990,56035
2025-08-22 04:25:00,2100,56030,55940,56020,55960,56050,55960,56050,55980,56035,55950,56035,55970
2025-08-22 04:30:00,900,55980,55950,55960,55970,55990,55960,55980,55980,55985,55955,55970,55975
2025-08-22 04:35:00,5100,56020,55930,55970,55950,56040,55950,55980,55980,56030,55940,55975,55965
2025-08-22 04:40:00,4700,55960,55900,55950,55930,55990,55910,55980,55960,55975,55905,55965,55945
2025-08-22 04:45:00,2700,56050,55930,55930,56040,56060,55960,55960,56060,56055,55945,55945,56050
2025-08-22 04:50:00,4000,56050,55950,56040,56000,56060,55980,56050,56010,56055,55965,56045,56005
2025-08-22 04:55:00,5200,56130,56000,56000,56080,56150,56010,56010,56110,56135,56005,56005,56095
2025-08-22 05:00:00,5200,56150,56070,56080,56110,56170,56110,56110,56130,56160,56090,56095,56120
2025-08-22 05:05:00,2100,56150,56090,56110,56150,56170,56110,56130,56170,56160,56105,56120,56160
2025-08-22 05:10:00,3500,56220,56120,56150,56140,56230,56150,56170,56160,56225,56135,56160,56150
2025-08-22 05:15:00,2200,56150,56110,56140,56110,56170,56130,56160,56130,56155,56120,56150,56120
2025-08-22 05:20:00,2800,56180,56110,56110,56160,56200,56130,56130,56180,56190,56120,56120,56170
2025-08-22 05:25:00,2500,56160,56110,56160,56110,56180,56140,56180,56140,56170,56125,56170,56125
2025-08-22 05:30:00,2200,56150,56110,56110,56110,56170,56130,56140,56140,56155,56120,56125,56125
2025-08-22 05:35:00,3100,56120,56070,56110,56080,56140,56090,56130,56100,56130,56080,56120,56090
2025-08-22 05:40:00,2200,56110,56080,56080,56100,56120,56100,56100,56120,56115,56090,56090,56110
2025-08-22 05:45:00,3500,56140,56100,56100,56140,56160,56120,56120,56160,56150,56110,56110,56150
2025-08-22 05:50:00,3200,56170,56140,56140,56150,56180,56160,56160,56170,56175,56150,56150,56160
2025-08-22 05:55:00,4800,56150,56100,56150,56110,56170,56110,56170,56120,56160,56105,56160,56115
2025-08-22 06:00:00,4100,56110,56060,56110,56060,56120,56080,56120,56080,56115,56070,56115,56070
2025-08-22 06:05:00,5600,56160,56060,56060,56150,56170,56080,56080,56170,56165,56070,56070,56160
2025-08-22 06:10:00,10100,56240,56130,56150,56200,56260,56150,56170,56220,56245,56140,56160,56210
2025-08-22 06:15:00,4800,56220,56170,56200,56190,56240,56200,56220,56200,56230,56185,56210,56195
2025-08-22 06:20:00,8400,56190,56100,56190,56100,56200,56110,56200,56120,56195,56105,56195,56110
2025-08-22 06:25:00,,56580,55800,56000,56310,56580,55810,56010,56320,56580,55805,56005,56315
2025-08-22 06:30:00,110300,56250,56250,56250,56250,56330,56330,56330,56330,56290,56290,56290,56290
2025-08-25 00:00:00,96500,57690,57000,57240,57350,57720,57190,57250,57400,57700,57100,57245,57375
2025-08-25 00:05:00,13700,57420,57200,57350,57310,57450,57230,57400,57350,57435,57215,57375,57330
2025-08-25 00:10:00,18400,57480,57250,57310,57450,57500,57280,57350,57490,57490,57270,57330,57470
2025-08-25 00:15:00,11000,57460,57210,57450,57380,57490,57250,57490,57410,57475,57230,57470,57395
2025-08-25 00:20:00,12900,57510,57380,57380,57390,57530,57390,57410,57430,57520,57385,57395,57410
2025-08-25 00:25:00,7300,57410,57310,57390,57350,57440,57330,57430,57380,57425,57320,57410,57365
2025-08-25 00:30:00,11400,57530,57360,57360,57520,57550,57370,57380,57550,57540,57365,57370,57535
2025-08-25 00:35:00,8800,57570,57400,57520,57550,57590,57440,57540,57580,57580,57425,57530,57565
2025-08-25 00:40:00,6900,57570,57460,57550,57550,57590,57500,57580,57580,57580,57480,57565,57565
2025-08-25 00:45:00,6300,57550,57370,57550,57390,57580,57390,57580,57420,57565,57380,57565,57405
2025-08-25 00:50:00,5900,57450,57330,57400,57360,57490,57340,57420,57390,57470,57335,57410,57375
2025-08-25 00:55:00,5200,57400,57300,57360,57320,57440,57320,57390,57350,57420,57310,57375,57335
2025-08-25 01:00:00,5100,57380,57280,57320,57350,57410,57310,57350,57370,57395,57295,57335,57360
2025-08-25 01:05:00,5600,57400,57330,57350,57340,57430,57350,57370,57370,57415,57340,57360,57355
2025-08-25 01:10:00,2900,57430,57330,57340,57400,57440,57350,57370,57440,57435,57340,57355,57420
2025-08-25 01:15:00,3400,57440,57350,57400,57400,57460,57370,57440,57420,57450,57360,57420,57410
2025-08-25 01:20:00,12800,57580,57380,57400,57510,57600,57400,57420,57540,57590,57390,57410,57525
2025-08-25 01:25:00,10900,57600,57510,57510,57530,57630,57530,57540,57560,57615,57520,57525,57545
2025-08-25 01:30:00,11200,57690,57530,57530,57660,57710,57560,57560,57700,57700,57545,57545,57680
2025-08-25 01:35:00,3500,57670,57600,57660,57640,57700,57620,57700,57660,57685,57610,57680,57650
2025-08-25 01:40:00,2200,57670,57600,57640,57600,57700,57620,57660,57620,57685,57610,57650,57610
2025-08-25 01:45:00,7900,57710,57600,57600,57650,57730,57620,57620,57680,57720,57610,57610,57665
2025-08-25 01:50:00,2100,57670,57620,57650,57640,57700,57650,57680,57660,57685,57640,57665,57650
2025-08-25 01:55:00,3900,57660,57610,57640,57650,57690,57630,57660,57670,57675,57620,57650,57660
2025-08-25 02:00:00,3100,57670,57610,57650,57640,57690,57620,57670,57670,57680,57615,57660,57655
2025-08-25 02:05:00,1300,57670,57620,57650,57670,57690,57640,57670,57690,57680,57630,57660,57680
2025-08-25 02:10:00,1700,57680,57660,57670,57680,57690,57670,57690,57690,57685,57665,57680,57685
2025-08-25 02:15:00,3000,57680,57650,57670,57660,57690,57670,57690,57680,57685,57665,57680,57670
2025-08-25 02:20:00,6400,57710,57660,57660,57710,57730,57680,57680,57720,57720,57670,57670,57715
2025-08-25 02:25:00,4200,57710,57600,57710,57600,57720,57610,57720,57640,57715,57605,57715,57620
2025-08-25 02:30:00,6100,57600,57600,57600,57600,57660,57660,57660,57660,57630,57630,57630,57630
2025-08-25 03:30:00,25000,57580,57380,57540,57410,57600,57400,57540,57450,57590,57395,57540,57430
2025-08-25 03:35:00,4500,57460,57410,57420,57440,57480,57440,57450,57470,57470,57430,57435,57455
2025-08-25 03:40:00,7700,57450,57360,57440,57370,57470,57370,57460,57400,57460,57365,57450,57385
2025-08-25 03:45:00,5100,57400,57300,57370,57330,57420,57320,57400,57350,57410,57310,57385,57340
2025-08-25 03:50:00,8200,57360,57250,57330,57250,57380,57260,57350,57270,57370,57255,57340,57260
2025-08-25 03:55:00,8400,57410,57250,57250,57330,57420,57280,57280,57350,57415,57265,57265,57340
2025-08-25 04:00:00,3000,57380,57300,57320,57370,57400,57330,57350,57380,57390,57315,57335,57375
2025-08-25 04:05:00,3500,57370,57280,57370,57360,57380,57310,57380,57370,57375,57295,57375,57365
2025-08-25 04:10:00,5800,57410,57330,57360,57390,57430,57350,57370,57400,57420,57345,57365,57395
2025-08-25 04:15:00,2600,57410,57360,57390,57370,57420,57380,57410,57380,57415,57375,57400,57375
2025-08-25 04:20:00,3500,57370,57260,57370,57290,57390,57290,57380,57310,57380,57275,57375,57300
2025-08-25 04:25:00,3600,57320,57280,57290,57280,57340,57290,57310,57300,57330,57285,57300,57290
2025-08-25 04:30:00,2700,57340,57280,57280,57330,57350,57290,57300,57350,57345,57285,57290,57340
2025-08-25 04:35:00,2500,57380,57330,57330,57380,57400,57340,57350,57400,57390,57335,57340,57390
2025-08-25 04:40:00,2200,57410,57380,57380,57400,57430,57400,57400,57420,57415,57390,57390,57410
2025-08-25 04:45:00,1600,57410,57350,57400,57380,57420,57370,57420,57390,57415,57365,57410,57385
2025-08-25 04:50:00,2400,57410,57380,57380,57390,57420,57390,57390,57410,57415,57385,57385,57400
2025-08-25 04:55:00,1600,57400,57370,57390,57390,57410,57380,57410,57410,57405,57375,57400,57400
2025-08-25 05:00:00,3900,57400,57350,57390,57400,57410,57370,57410,57410,57405,57360,57400,57405
2025-08-25 05:05:00,3000,57440,57400,57400,57420,57450,57410,57410,57440,57445,57405,57405,57430
2025-08-25 05:10:00,3200,57490,57420,57420,57490,57500,57430,57440,57500,57495,57425,57430,57495
2025-08-25 05:15:00,6700,57530,57480,57490,57530,57550,57500,57500,57550,57540,57490,57495,57540
2025-08-25 05:20:00,3700,57550,57520,57530,57530,57570,57530,57550,57540,57560,57525,57540,57535
2025-08-25 05:25:00,2300,57570,57530,57530,57540,57580,57540,57540,57570,57575,57535,57535,57555
2025-08-25 05:30:00,2400,57550,57520,57540,57530,57570,57530,57570,57540,57555,57525,57555,57535
2025-08-25 05:35:00,1700,57540,57510,57530,57520,57550,57530,57540,57530,57545,57520,57535,57525
2025-08-25 05:40:00,3600,57550,57500,57520,57550,57560,57510,57530,57560,57555,57505,57525,57555
2025-08-25 05:45:00,2800,57560,57480,57550,57480,57570,57500,57560,57500,57565,57490,57555,57490
2025-08-25 05:50:00,2200,57490,57430,57480,57430,57500,57440,57500,57440,57495,57435,57490,57435
2025-08-25 05:55:00,3000,57460,57420,57430,57420,57480,57430,57440,57440,57465,57425,57435,57430
2025-08-25 06:00:00,4700,57430,57330,57420,57370,57450,57350,57440,57380,57440,57340,57430,57375
2025-08-25 06:05:00,4200,57400,57360,57370,57360,57420,57380,57380,57380,57410,57370,57375,57370
2025-08-25 06:10:00,4700,57360,57330,57360,57360,57370,57340,57370,57370,57365,57335,57365,57365
2025-08-25 06:15:00,3000,57360,57330,57360,57330,57370,57340,57370,57340,57365,57335,57365,57335
2025-08-25 06:20:00,8100,57340,57300,57330,57310,57360,57310,57340,57340,57350,57305,57335,57325
2025-08-25 06:25:00,,57310,56500,57210,57310,57320,56510,57210,57320,57315,56505,57210,57315
2025-08-25 06:30:00,70500,57310,57310,57310,57310,57320,57320,57320,57320,57315,57315,57315,57315
2025-08-26 00:00:00,74500,56980,56550,56860,56550,57000,56570,56860,56570,56985,56560,56860,56560
2025-08-26 00:05:00,18900,56680,56450,56550,56560,56730,56490,56570,56590,56705,56470,56560,56575
2025-08-26 00:10:00,12000,56610,56440,56560,56440,56650,56450,56590,56470,56630,56445,56575,56455
2025-08-26 00:15:00,10000,56530,56410,56440,56430,56560,56430,56470,56450,56545,56420,56455,56440
2025-08-26 00:20:00,7000,56470,56370,56430,56420,56500,56380,56450,56440,56485,56375,56440,56430
2025-08-26 00:25:00,4200,56460,56380,56420,56460,56490,56400,56440,56490,56475,56395,56430,56475
2025-08-26 00:30:00,13800,56550,56370,56460,56450,56560,56390,56490,56470,56555,56380,56475,56460
2025-08-26 00:35:00,5800,56480,56400,56450,56400,56510,56430,56470,56430,56495,56415,56460,56415
2025-08-26 00:40:00,8100,56400,56300,56400,56320,56430,56310,56430,56330,56415,56305,56415,56325
2025-08-26 00:45:00,9600,56360,56220,56320,56350,56380,56240,56340,56370,56370,56235,56330,56360
2025-08-26 00:50:00,6500,56380,56290,56350,56360,56400,56300,56370,56380,56385,56295,56360,56370
2025-08-26 00:55:00,4600,56440,56340,56360,56400,56470,56380,56380,56420,56455,56360,56370,56410
2025-08-26 01:00:00,3800,56400,56340,56400,56390,56420,56370,56420,56410,56410,56355,56410,56400
2025-08-26 01:05:00,6400,56490,56370,56390,56480,56510,56390,56410,56500,56495,56380,56400,56490
2025-08-26 01:10:00,8000,56570,56480,56480,56570,56580,56490,56500,56580,56575,56485,56490,56575
2025-08-26 01:15:00,3300,56580,56530,56570,56540,56590,56540,56580,56550,56585,56535,56575,56545
2025-08-26 01:20:00,7000,56670,56540,56540,56660,56690,56550,56550,56680,56680,56545,56545,56670
2025-08-26 01:25:00,5800,56730,56640,56660,56720,56740,56660,56680,56730,56735,56650,56670,56725
2025-08-26 01:30:00,14500,56920,56710,56720,56790,56930,56720,56730,56810,56925,56715,56725,56800
2025-08-26 01:35:00,4400,56860,56710,56790,56730,56880,56730,56810,56760,56870,56720,56800,56745
2025-08-26 01:40:00,5000,56830,56720,56730,56830,56850,56750,56760,56840,56840,56735,56745,56835
2025-08-26 01:45:00,10900,57020,56820,56830,57010,57040,56840,56840,57030,57025,56830,56835,57020
2025-08-26 01:50:00,9000,57100,56930,57010,57090,57120,56950,57040,57120,57110,56940,57025,57105
2025-08-26 01:55:00,8900,57140,57020,57090,57030,57170,57040,57120,57050,57155,57035,57105,57040
2025-08-26 02:00:00,3200,57130,57020,57030,57120,57150,57050,57050,57150,57140,57035,57040,57135
2025-08-26 02:05:00,10100,57230,57120,57120,57150,57250,57140,57150,57170,57240,57130,57135,57160
2025-08-26 02:10:00,6800,57220,57130,57150,57180,57230,57150,57170,57190,57225,57145,57160,57185
2025-08-26 02:15:00,5500,57180,57110,57180,57120,57200,57130,57190,57150,57190,57120,57185,57135
2025-08-26 02:20:00,3700,57150,57090,57120,57140,57160,57110,57150,57160,57155,57100,57135,57150
2025-08-26 02:25:00,6100,57200,57100,57140,57150,57220,57110,57160,57200,57205,57105,57150,57175
2025-08-26 02:30:00,2300,57150,57150,57150,57150,57200,57200,57200,57200,57175,57175,57175,57175
2025-08-26 03:30:00,21700,56970,56760,56940,56830,57080,56780,56940,56860,57010,56775,56940,56845
2025-08-26 03:35:00,5000,56890,56780,56840,56870,56920,56810,56860,56900,56895,56795,56850,56885
2025-08-26 03:40:00,3400,56980,56870,56870,56970,57000,56900,56900,57000,56990,56885,56885,56985
2025-08-26 03:45:00,1900,56990,56960,56970,56960,57000,56980,57000,56980,56995,56970,56985,56970
2025-08-26 03:50:00,4000,57030,56950,56960,57020,57050,56960,56980,57040,57040,56955,56970,57030
2025-08-26 03:55:00,2700,57040,56980,57020,57020,57050,57000,57040,57040,57045,56990,57030,57030
2025-08-26 04:00:00,5500,57110,56980,57020,57030,57140,57010,57040,57050,57125,56995,57030,57040
2025-08-26 04:05:00,1100,57050,57030,57030,57050,57070,57050,57050,57060,57060,57040,57040,57055
2025-08-26 04:10:00,1200,57060,57040,57050,57050,57070,57050,57060,57060,57065,57045,57055,57055
2025-08-26 04:15:00,2000,57060,57010,57050,57040,57080,57040,57060,57050,57070,57025,57055,57045
2025-08-26 04:20:00,900,57060,57010,57040,57040,57070,57030,57050,57060,57065,57020,57045,57050
2025-08-26 04:25:00,2100,57100,57030,57040,57090,57120,57040,57060,57110,57110,57035,57050,57100
2025-08-26 04:30:00,5600,57150,57090,57090,57100,57160,57100,57110,57110,57155,57095,57100,57105
2025-08-26 04:35:00,2800,57130,57060,57100,57060,57140,57080,57110,57080,57135,57070,57105,57070
2025-08-26 04:40:00,3600,57060,57000,57060,57010,57080,57020,57080,57040,57070,57010,57070,57025
2025-08-26 04:45:00,4200,57030,56960,57010,56990,57060,56970,57040,57010,57045,56965,57025,57000
2025-08-26 04:50:00,2300,57010,56920,56990,56960,57030,56940,57010,56980,57020,56935,57000,56970
2025-08-26 04:55:00,2300,56980,56940,56960,56950,57000,56960,56980,56960,56990,56955,56970,56955
2025-08-26 05:00:00,2300,56990,56940,56950,56950,57000,56950,56960,56960,56995,56945,56955,56955
2025-08-26 05:05:00,3700,56950,56860,56950,56910,56960,56870,56960,56930,56955,56865,56955,56920
2025-08-26 05:10:00,3300,56940,56890,56910,56900,56960,56910,56930,56920,56950,56905,56920,56910
2025-08-26 05:15:00,3900,56900,56850,56900,56850,56920,56860,56920,56870,56910,56855,56910,56860
2025-08-26 05:20:00,3900,56870,56810,56850,56830,56890,56820,56870,56850,56880,56815,56860,56840
2025-08-26 05:25:00,3400,56840,56800,56830,56810,56850,56810,56850,56830,56845,56805,56840,56820
2025-08-26 05:30:00,5400,56810,56740,56810,56790,56830,56750,56830,56810,56820,56745,56820,56800
2025-08-26 05:35:00,3100,56800,56770,56790,56800,56810,56780,56810,56810,56805,56775,56800,56805
2025-08-26 05:40:00,2100,56800,56770,56800,56780,56820,56780,56810,56790,56810,56775,56805,56785
2025-08-26 05:45:00,3200,56790,56730,56780,56730,56800,56750,56790,56750,56795,56740,56785,56740
2025-08-26 05:50:00,8200,56740,56670,56730,56670,56750,56680,56750,56690,56745,56675,56740,56680
2025-08-26 05:55:00,4300,56730,56670,56670,56700,56740,56680,56690,56710,56735,56675,56680,56705
2025-08-26 06:00:00,5500,56820,56690,56700,56820,56830,56700,56710,56830,56825,56695,56705,56825
2025-08-26 06:05:00,7000,56860,56800,56820,56860,56870,56810,56830,56870,56865,56805,56825,56865
2025-08-26 06:10:00,5800,56860,56780,56860,56790,56870,56790,56870,56800,56865,56785,56865,56795
2025-08-26 06:15:00,5800,56800,56740,56790,56760,56810,56750,56800,56770,56805,56745,56795,56765
2025-08-26 06:20:00,13400,56760,56550,56760,56560,56770,56590,56770,56600,56765,56570,56765,56580
2025-08-26 06:25:00,,57970,55500,56410,56660,57980,55510,56410,56670,57975,55505,56410,56665
2025-08-26 06:30:00,350500,56600,56600,56600,56600,56670,56670,56670,56670,56635,56635,56635,56635
2025-08-27 00:00:00,97300,57410,56760,57290,56770,57460,56800,57300,56800,57435,56780,57295,56785
2025-08-27 00:05:00,22800,56950,56600,56770,56680,56970,56660,56800,56720,56955,56630,56785,56700
2025-08-27 00:10:00,13100,56820,56590,56680,56790,56850,56610,56720,56820,56825,56600,56700,56805
2025-08-27 00:15:00,12400,56780,56580,56780,56640,56820,56620,56820,56680,56800,56600,56800,56660
2025-08-27 00:20:00,9800,56660,56570,56640,56620,56690,56600,56680,56640,56675,56585,56660,56630
2025-08-27 00:25:00,10100,56660,56540,56630,56580,56680,56560,56640,56610,56670,56550,56635,56595
2025-08-27 00:30:00,4900,56630,56550,56580,56570,56650,56570,56610,56600,56640,56560,56595,56585
2025-08-27 00:35:00,10000,56570,56450,56570,56470,56600,56460,56600,56500,56585,56455,56585,56485
2025-08-27 00:40:00,6000,56490,56380,56470,56450,56510,56400,56500,56470,56500,56390,56485,56460
2025-08-27 00:45:00,3900,56450,56380,56450,56440,56470,56400,56470,56460,56460,56390,56460,56450
2025-08-27 00:50:00,7800,56490,56370,56440,56410,56500,56390,56460,56430,56495,56380,56450,56420
2025-08-27 00:55:00,3200,56490,56400,56410,56470,56510,56420,56430,56500,56500,56415,56420,56485
2025-08-27 01:00:00,5400,56500,56400,56470,56450,56520,56420,56500,56470,56510,56410,56485,56460
2025-08-27 01:05:00,2500,56480,56430,56450,56460,56500,56460,56470,56500,56490,56450,56460,56480
2025-08-27 01:10:00,4500,56460,56390,56460,56430,56500,56410,56490,56450,56480,56400,56475,56440
2025-08-27 01:15:00,6200,56550,56420,56430,56530,56590,56440,56450,56560,56570,56430,56440,56545
2025-08-27 01:20:00,4300,56630,56530,56530,56610,56650,56560,56560,56630,56640,56545,56545,56620
2025-08-27 01:25:00,3700,56620,56540,56610,56540,56640,56570,56640,56570,56630,56555,56625,56555
2025-08-27 01:30:00,4100,56620,56530,56540,56530,56640,56560,56570,56560,56630,56545,56555,56545
2025-08-27 01:35:00,3200,56530,56450,56530,56460,56560,56470,56560,56480,56545,56460,56545,56470
2025-08-27 01:40:00,1900,56490,56450,56460,56470,56520,56480,56480,56480,56505,56465,56470,56475
2025-08-27 01:45:00,3100,56490,56450,56470,56490,56510,56470,56480,56510,56500,56465,56475,56500
2025-08-27 01:50:00,1600,56510,56450,56480,56510,56530,56470,56510,56530,56520,56460,56495,56520
2025-08-27 01:55:00,4300,56510,56410,56510,56410,56530,56420,56530,56430,56520,56415,56520,56420
2025-08-27 02:00:00,3400,56420,56390,56410,56410,56440,56410,56430,56430,56430,56400,56420,56420
2025-08-27 02:05:00,4600,56420,56350,56410,56350,56440,56360,56430,56380,56430,56355,56420,56365
2025-08-27 02:10:00,3300,56410,56340,56350,56380,56430,56350,56380,56400,56420,56345,56365,56390
2025-08-27 02:15:00,2300,56420,56380,56380,56410,56440,56400,56400,56430,56430,56390,56390,56420
2025-08-27 02:20:00,3900,56420,56340,56410,56360,56440,56370,56430,56380,56430,56355,56420,56370
2025-08-27 02:25:00,5000,56450,56360,56360,56440,56470,56370,56380,56460,56460,56365,56370,56450
2025-08-27 02:30:00,5200,56440,56440,56440,56440,56460,56460,56460,56460,56450,56450,56450,56450
2025-08-27 03:30:00,18400,56490,56440,56450,56450,56510,56450,56460,56470,56500,56445,56455,56460
2025-08-27 03:35:00,6100,56530,56430,56450,56530,56540,56450,56470,56540,56535,56440,56460,56535
2025-08-27 03:40:00,4100,56530,56450,56530,56450,56550,56460,56540,56470,56540,56455,56535,56460
2025-08-27 03:45:00,4300,56450,56410,56450,56440,56470,56420,56470,56460,56460,56415,56460,56450
2025-08-27 03:50:00,3600,56440,56400,56440,56410,56460,56410,56460,56430,56450,56405,56450,56420
2025-08-27 03:55:00,3000,56410,56390,56410,56400,56430,56400,56430,56420,56420,56395,56420,56410
2025-08-27 04:00:00,1800,56420,56390,56400,56400,56440,56410,56420,56410,56430,56400,56410,56405
2025-08-27 04:05:00,2300,56400,56380,56400,56400,56420,56390,56410,56420,56410,56385,56405,56410
2025-08-27 04:10:00,3200,56440,56380,56400,56390,56450,56390,56420,56410,56445,56385,56410,56400
2025-08-27 04:15:00,1900,56440,56390,56390,56430,56450,56410,56410,56450,56445,56400,56400,56440
2025-08-27 04:20:00,1400,56440,56400,56430,56400,56460,56420,56450,56420,56445,56410,56440,56410
2025-08-27 04:25:00,2300,56420,56380,56410,56390,56440,56390,56420,56410,56430,56385,56415,56400
2025-08-27 04:30:00,1700,56410,56390,56390,56390,56430,56400,56410,56400,56420,56395,56400,56395
2025-08-27 04:35:00,4700,56390,56350,56390,56380,56410,56360,56400,56390,56395,56355,56395,56385
2025-08-27 04:40:00,1800,56390,56350,56380,56350,56400,56370,56390,56370,56395,56360,56385,56360
2025-08-27 04:45:00,2300,56400,56350,56350,56400,56410,56360,56360,56410,56405,56355,56355,56405
2025-08-27 04:50:00,2000,56400,56380,56400,56390,56410,56390,56410,56400,56405,56385,56405,56395
2025-08-27 04:55:00,2500,56400,56370,56390,56370,56420,56380,56400,56390,56410,56375,56395,56380
2025-08-27 05:00:00,5900,56380,56320,56370,56320,56390,56330,56390,56340,56385,56325,56380,56330
2025-08-27 05:05:00,3800,56330,56300,56320,56310,56340,56310,56340,56330,56335,56305,56330,56320
2025-08-27 05:10:00,2400,56350,56290,56310,56350,56360,56310,56330,56360,56355,56300,56320,56355
2025-08-27 05:15:00,6000,56350,56260,56350,56290,56360,56270,56360,56300,56355,56265,56355,56295
2025-08-27 05:20:00,2300,56320,56290,56290,56320,56340,56300,56300,56340,56330,56295,56295,56330
2025-08-27 05:25:00,2100,56360,56320,56320,56360,56370,56340,56340,56370,56365,56330,56330,56365
2025-08-27 05:30:00,3500,56420,56350,56360,56410,56430,56360,56370,56420,56425,56355,56365,56415
2025-08-27 05:35:00,3300,56420,56400,56410,56410,56440,56410,56420,56420,56430,56405,56415,56415
2025-08-27 05:40:00,2300,56430,56410,56410,56420,56440,56420,56420,56440,56435,56415,56415,56430
2025-08-27 05:45:00,2400,56420,56410,56420,56410,56440,56420,56440,56430,56430,56415,56430,56420
2025-08-27 05:50:00,2300,56410,56400,56410,56400,56430,56410,56430,56410,56420,56405,56420,56405
2025-08-27 05:55:00,3500,56400,56340,56400,56370,56420,56360,56410,56390,56410,56350,56405,56380
2025-08-27 06:00:00,3300,56380,56320,56370,56360,56400,56340,56390,56370,56390,56330,56380,56365
2025-08-27 06:05:00,4700,56430,56360,56360,56410,56440,56370,56370,56430,56435,56365,56365,56420
2025-08-27 06:10:00,4600,56440,56400,56410,56420,56450,56410,56430,56440,56445,56405,56420,56430
2025-08-27 06:15:00,4500,56460,56420,56420,56440,56470,56430,56440,56450,56465,56425,56430,56445
2025-08-27 06:20:00,8300,56460,56400,56440,56410,56470,56420,56450,56420,56465,56410,56445,56415
2025-08-27 06:25:00,,56660,56240,56340,56560,56670,56250,56340,56570,56665,56245,56340,56565
2025-08-27 06:30:00,109100,56440,56440,56440,56440,56570,56570,56570,56570,56505,56505,56505,56505
2025-08-28 00:00:00,44500,56730,56240,56400,56680,56740,56270,56400,56720,56735,56255,56400,56700
2025-08-28 00:05:00,29800,57120,56680,56680,56960,57170,56710,56720,57000,57145,56695,56700,56980
2025-08-28 00:10:00,15000,57020,56810,56960,57020,57040,56820,57000,57040,57030,56815,56980,57030
2025-08-28 00:15:00,13300,57060,56800,57020,56830,57080,56810,57040,56850,57070,56805,57030,56840
2025-08-28 00:20:00,11900,56970,56780,56830,56930,56990,56800,56850,56960,56980,56790,56840,56945
2025-08-28 00:25:00,8700,57020,56810,56930,56910,57040,56840,56960,56940,57030,56825,56945,56925
2025-08-28 00:30:00,7000,56960,56840,56910,56860,56980,56870,56940,56880,56965,56855,56925,56870
2025-08-28 00:35:00,3200,56940,56840,56860,56880,56970,56860,56880,56910,56955,56850,56870,56895
2025-08-28 00:40:00,5800,56990,56880,56880,56900,57010,56890,56910,56930,57000,56885,56895,56915
2025-08-28 00:45:00,4500,56910,56800,56900,56840,56930,56820,56930,56850,56920,56810,56915,56845
2025-08-28 00:50:00,7300,56850,56690,56840,56690,56870,56710,56850,56720,56860,56700,56845,56705
2025-08-28 00:55:00,3300,56710,56640,56690,56670,56730,56670,56720,56700,56720,56655,56705,56685
2025-08-28 01:00:00,4000,56670,56600,56670,56630,56700,56610,56700,56650,56685,56605,56685,56640
2025-08-28 01:05:00,3800,56690,56570,56630,56600,56700,56590,56650,56630,56695,56580,56640,56615
2025-08-28 01:10:00,2000,56610,56550,56600,56590,56630,56570,56630,56620,56620,56560,56615,56605
2025-08-28 01:15:00,4700,56600,56500,56600,56520,56620,56520,56620,56550,56610,56510,56610,56535
2025-08-28 01:20:00,3000,56610,56520,56520,56570,56630,56540,56550,56580,56615,56530,56535,56575
2025-08-28 01:25:00,1900,56600,56560,56570,56560,56630,56570,56580,56590,56615,56565,56575,56575
2025-08-28 01:30:00,3000,56620,56530,56560,56620,56630,56550,56590,56630,56625,56540,56575,56625
2025-08-28 01:35:00,5800,56720,56590,56620,56700,56730,56620,56630,56730,56725,56605,56625,56715
2025-08-28 01:40:00,2000,56710,56640,56700,56650,56730,56660,56730,56680,56720,56650,56715,56665
2025-08-28 01:45:00,2800,56740,56650,56650,56730,56760,56680,56690,56750,56750,56670,56670,56740
2025-08-28 01:50:00,2100,56770,56680,56730,56760,56780,56710,56750,56770,56775,56695,56740,56765
2025-08-28 01:55:00,2600,56790,56720,56760,56770,56800,56740,56770,56790,56795,56730,56765,56780
2025-08-28 02:00:00,2900,56770,56720,56770,56730,56790,56740,56790,56760,56780,56735,56780,56745
2025-08-28 02:05:00,4900,56750,56660,56730,56660,56780,56690,56760,56690,56765,56675,56745,56675
2025-08-28 02:10:00,1000,56730,56670,56670,56680,56750,56680,56690,56700,56740,56675,56680,56690
2025-08-28 02:15:00,3200,56790,56660,56690,56770,56810,56690,56700,56790,56800,56675,56695,56780
2025-08-28 02:20:00,3000,56850,56750,56770,56810,56870,56770,56800,56830,56860,56760,56785,56820
2025-08-28 02:25:00,3800,56860,56760,56810,56760,56870,56780,56830,56780,56865,56770,56820,56770
2025-08-28 02:30:00,4600,56760,56760,56760,56760,56840,56840,56840,56840,56800,56800,56800,56800
2025-08-28 03:30:00,20100,56850,56660,56840,56680,56870,56690,56850,56690,56860,56675,56845,56685
2025-08-28 03:35:00,4800,56710,56620,56680,56650,56720,56660,56690,56680,56715,56640,56685,56665
2025-08-28 03:40:00,3600,56710,56620,56640,56700,56730,56640,56680,56720,56720,56630,56660,56710
2025-08-28 03:45:00,2400,56770,56690,56700,56770,56790,56720,56720,56790,56780,56705,56710,56780
2025-08-28 03:50:00,7200,56830,56760,56770,56830,56850,56780,56790,56850,56840,56770,56780,56840
2025-08-28 03:55:00,12000,56930,56820,56830,56850,56940,56840,56850,56870,56935,56830,56840,56860
2025-08-28 04:00:00,3900,56850,56700,56850,56700,56870,56730,56870,56730,56860,56715,56860,56715
2025-08-28 04:05:00,3000,56760,56700,56710,56700,56770,56720,56730,56720,56765,56710,56720,56710
2025-08-28 04:10:00,3700,56720,56650,56700,56660,56730,56660,56720,56690,56725,56655,56710,56675
2025-08-28 04:15:00,3200,56700,56660,56660,56690,56720,56670,56690,56720,56710,56665,56675,56705
2025-08-28 04:20:00,2200,56740,56690,56690,56700,56770,56700,56700,56730,56755,56695,56695,56715
2025-08-28 04:25:00,4400,56790,56700,56700,56790,56810,56720,56730,56810,56800,56710,56715,56800
2025-08-28 04:30:00,3000,56800,56760,56790,56790,56810,56790,56810,56810,56805,56775,56800,56800
2025-08-28 04:35:00,1800,56810,56780,56790,56790,56830,56790,56810,56810,56820,56785,56800,56800
2025-08-28 04:40:00,2100,56800,56760,56790,56760,56810,56770,56810,56780,56805,56765,56800,56770
2025-08-28 04:45:00,2900,56770,56700,56760,56710,56780,56710,56780,56730,56775,56705,56770,56720
2025-08-28 04:50:00,2200,56780,56700,56710,56770,56790,56730,56730,56780,56785,56715,56720,56775
2025-08-28 04:55:00,4400,56830,56760,56770,56830,56850,56780,56780,56850,56840,56770,56775,56840
2025-08-28 05:00:00,4000,56840,56780,56830,56790,56860,56800,56850,56800,56850,56790,56840,56795
2025-08-28 05:05:00,1800,56830,56790,56790,56830,56840,56800,56800,56840,56835,56795,56795,56835
2025-08-28 05:10:00,2200,56830,56800,56830,56800,56840,56810,56840,56820,56835,56805,56835,56810
2025-08-28 05:15:00,2100,56840,56800,56800,56830,56850,56810,56820,56850,56845,56805,56810,56840
2025-08-28 05:20:00,2000,56830,56810,56830,56810,56850,56820,56850,56830,56840,56815,56840,56820
2025-08-28 05:25:00,2700,56810,56800,56810,56800,56830,56810,56830,56820,56820,56805,56820,56810
2025-08-28 05:30:00,6300,56840,56770,56800,56840,56860,56780,56820,56860,56850,56775,56810,56850
2025-08-28 05:35:00,5200,56880,56830,56840,56830,56900,56850,56860,56860,56890,56840,56850,56845
2025-08-28 05:40:00,2900,56860,56800,56830,56800,56870,56820,56860,56830,56865,56810,56845,56815
2025-08-28 05:45:00,2700,56890,56800,56800,56890,56900,56810,56820,56900,56895,56805,56810,56895
2025-08-28 05:50:00,7000,56930,56870,56890,56930,56940,56880,56900,56940,56935,56875,56895,56935
2025-08-28 05:55:00,6600,56990,56920,56930,56970,57000,56930,56940,56990,56995,56925,56935,56980
2025-08-28 06:00:00,5300,56990,56920,56970,56990,57000,56940,56990,57000,56995,56930,56980,56995
2025-08-28 06:05:00,15300,57120,56980,56990,57100,57140,56990,57000,57120,57130,56985,56995,57110
2025-08-28 06:10:00,7900,57180,57100,57100,57180,57200,57110,57120,57200,57190,57105,57110,57190
2025-08-28 06:15:00,9900,57240,57180,57180,57230,57250,57190,57200,57250,57245,57185,57190,57240
2025-08-28 06:20:00,19900,57340,57200,57230,57210,57360,57230,57250,57270,57350,57215,57240,57240
2025-08-28 06:25:00,,58670,57260,58540,57270,58670,57270,58550,57280,58670,57265,58545,57275
2025-08-28 06:30:00,322300,57260,57260,57260,57260,57290,57290,57290,57290,57275,57275,57275,57275
2025-08-29 00:00:00,59100,57000,56530,57000,56600,57000,56570,57000,56640,57000,56550,57000,56620
2025-08-29 00:05:00,13100,56760,56550,56600,56720,56800,56570,56640,56760,56780,56560,56620,56740
2025-08-29 00:10:00,9600,56770,56630,56720,56660,56800,56650,56760,56680,56785,56640,56740,56670
2025-08-29 00:15:00,5400,56730,56630,56660,56700,56750,56660,56680,56730,56740,56645,56670,56715
2025-08-29 00:20:00,4300,56710,56640,56700,56640,56730,56660,56730,56670,56720,56650,56715,56655
2025-08-29 00:25:00,5000,56750,56640,56640,56720,56780,56660,56670,56750,56765,56655,56655,56735
2025-08-29 00:30:00,6200,56740,56640,56720,56640,56760,56660,56750,56660,56750,56650,56735,56650
2025-08-29 00:35:00,4800,56770,56640,56640,56750,56790,56660,56660,56770,56780,56650,56650,56760
2025-08-29 00:40:00,3100,56750,56690,56750,56700,56770,56700,56770,56720,56760,56695,56760,56710
2025-08-29 00:45:00,10300,56920,56690,56700,56910,56930,56720,56720,56930,56925,56705,56710,56920
2025-08-29 00:50:00,7700,56950,56700,56910,56700,56960,56710,56930,56720,56955,56705,56920,56710
2025-08-29 00:55:00,2500,56820,56700,56700,56760,56830,56720,56720,56800,56825,56710,56710,56780
2025-08-29 01:00:00,1700,56820,56730,56760,56730,56840,56760,56800,56760,56830,56745,56780,56745
2025-08-29 01:05:00,3900,56740,56670,56730,56680,56770,56690,56760,56710,56755,56680,56745,56695
2025-08-29 01:10:00,1500,56730,56680,56690,56700,56750,56700,56710,56720,56740,56690,56700,56710
2025-08-29 01:15:00,5700,56710,56630,56700,56630,56740,56650,56720,56660,56720,56640,56710,56645
2025-08-29 01:20:00,17400,56630,56530,56630,56580,56650,56550,56650,56610,56640,56540,56640,56595
2025-08-29 01:25:00,5300,56650,56530,56580,56540,56670,56550,56610,56580,56660,56540,56595,56560
2025-08-29 01:30:00,8100,56550,56480,56540,56500,56580,56500,56580,56530,56565,56495,56560,56515
2025-08-29 01:35:00,5000,56550,56420,56500,56450,56560,56440,56530,56480,56555,56430,56515,56465
2025-08-29 01:40:00,8500,56460,56360,56450,56360,56480,56380,56480,56380,56470,56370,56465,56370
2025-08-29 01:45:00,3100,56440,56350,56360,56420,56450,56360,56380,56440,56445,56355,56370,56430
2025-08-29 01:50:00,3800,56490,56410,56420,56480,56510,56440,56440,56500,56500,56425,56430,56490
2025-08-29 01:55:00,1800,56500,56460,56480,56490,56520,56480,56510,56510,56510,56470,56495,56500
2025-08-29 02:00:00,2800,56490,56420,56490,56480,56510,56430,56510,56490,56500,56425,56500,56485
2025-08-29 02:05:00,1400,56490,56460,56480,56470,56520,56480,56490,56490,56505,56470,56485,56480
2025-08-29 02:10:00,2400,56510,56460,56470,56480,56530,56480,56490,56510,56520,56470,56480,56495
2025-08-29 02:15:00,3000,56490,56420,56480,56460,56520,56430,56510,56490,56505,56425,56495,56475
2025-08-29 02:20:00,1000,56480,56450,56460,56450,56500,56470,56490,56470,56490,56460,56475,56460
2025-08-29 02:25:00,2200,56490,56430,56450,56440,56510,56460,56470,56480,56500,56445,56460,56460
2025-08-29 02:30:00,2200,,,,,,,,,,,,
2025-08-29 03:30:00,12500,56550,56470,56550,56540,56580,56520,56560,56560,56555,56505,56555,56550
2025-08-29 03:35:00,2900,56580,56520,56540,56530,56600,56550,56560,56550,56590,56535,56550,56540
2025-08-29 03:40:00,3100,56600,56530,56530,56590,56620,56550,56550,56610,56610,56540,56540,56600
2025-08-29 03:45:00,1200,56590,56550,56590,56560,56610,56560,56610,56590,56600,56555,56600,56575
2025-08-29 03:50:00,1400,56610,56560,56560,56600,56630,56590,56590,56620,56620,56575,56575,56610
2025-08-29 03:55:00,2100,56600,56550,56600,56580,56620,56570,56620,56600,56610,56560,56610,56590
2025-08-29 04:00:00,6300,56690,56580,56580,56680,56700,56590,56600,56700,56695,56585,56590,56690
2025-08-29 04:05:00,4600,56680,56580,56680,56590,56700,56590,56700,56610,56690,56585,56690,56600
2025-08-29 04:10:00,1000,56620,56590,56590,56600,56630,56610,56610,56620,56625,56600,56600,56610
2025-08-29 04:15:00,800,56630,56600,56600,56600,56650,56620,56620,56640,56640,56610,56610,56620
2025-08-29 04:20:00,800,56630,56600,56630,56610,56650,56620,56640,56640,56635,56615,56635,56625
2025-08-29 04:25:00,1700,56620,56560,56610,56560,56640,56570,56640,56570,56625,56565,56625,56565
2025-08-29 04:30:00,3600,56580,56530,56560,56530,56600,56540,56570,56560,56590,56535,56565,56545
2025-08-29 04:35:00,1500,56540,56510,56530,56530,56560,56530,56560,56550,56550,56520,56545,56540
2025-08-29 04:40:00,4600,56530,56480,56530,56490,56550,56490,56550,56510,56540,56485,56540,56500
2025-08-29 04:45:00,1700,56520,56480,56490,56510,56530,56500,56510,56530,56525,56490,56500,56520
2025-08-29 04:50:00,900,56520,56510,56510,56510,56550,56520,56530,56530,56535,56515,56520,56520
2025-08-29 04:55:00,13200,56510,56390,56510,56420,56540,56400,56530,56440,56525,56395,56520,56430
2025-08-29 05:00:00,3700,56460,56410,56420,56450,56490,56430,56440,56480,56475,56420,56430,56465
2025-08-29 05:05:00,2200,56510,56440,56450,56510,56520,56470,56480,56520,56515,56455,56465,56515
2025-08-29 05:10:00,2600,56540,56510,56510,56530,56550,56520,56520,56550,56545,56515,56515,56540
2025-08-29 05:15:00,1900,56540,56510,56530,56540,56550,56520,56550,56550,56545,56515,56540,56545
2025-08-29 05:20:00,3200,56550,56500,56540,56500,56560,56520,56550,56520,56555,56510,56545,56510
2025-08-29 05:25:00,2000,56520,56500,56500,56510,56550,56510,56520,56530,56535,56505,56510,56520
2025-08-29 05:30:00,5800,56600,56500,56510,56600,56620,56520,56530,56620,56610,56510,56520,56610
2025-08-29 05:35:00,2500,56600,56560,56600,56580,56620,56580,56620,56590,56610,56570,56610,56585
2025-08-29 05:40:00,2900,56610,56580,56580,56600,56620,56590,56590,56620,56615,56585,56585,56610
2025-08-29 05:45:00,2200,56620,56590,56600,56590,56630,56600,56620,56600,56625,56595,56610,56595
2025-08-29 05:50:00,3300,56620,56560,56590,56580,56630,56580,56600,56600,56625,56570,56595,56590
2025-08-29 05:55:00,3600,56640,56580,56580,56640,56650,56600,56600,56650,56645,56590,56590,56645
2025-08-29 06:00:00,3400,56650,56620,56640,56630,56670,56640,56650,56650,56660,56635,56645,56640
2025-08-29 06:05:00,4200,56650,56620,56630,56640,56660,56640,56650,56660,56655,56630,56640,56650
2025-08-29 06:10:00,6500,56690,56640,56640,56670,56700,56660,56660,56690,56695,56650,56650,56680
2025-08-29 06:15:00,9500,56730,56670,56670,56720,56750,56690,56690,56740,56740,56680,56680,56730
2025-08-29 06:20:00,16600,56870,56720,56720,56840,56880,56730,56740,56880,56875,56725,56730,56860
2025-08-29 06:25:00,,57690,56740,57520,56770,57700,56750,57530,56780,57695,56745,57525,56775
2025-08-29 06:30:00,153600,56750,56750,56750,56750,56850,56850,56850,56850,56800,56800,56800,56800
2025-09-01 00:00:00,57500,56500,56010,56480,56050,56580,56040,56480,56090,56530,56025,56480,56070
2025-09-01 00:05:00,14800,56330,56050,56050,56130,56360,56090,56100,56170,56345,56075,56075,56150
2025-09-01 00:10:00,9200,56300,56070,56130,56200,56320,56100,56170,56230,56310,56085,56150,56215
2025-09-01 00:15:00,4600,56270,56170,56200,56260,56300,56190,56230,56280,56285,56180,56215,56270
2025-09-01 00:20:00,5500,56300,56230,56250,56240,56320,56250,56280,56260,56310,56240,56265,56250
2025-09-01 00:25:00,4900,56280,56200,56240,56250,56300,56210,56260,56270,56290,56205,56250,56260
2025-09-01 00:30:00,7300,56260,56150,56250,56170,56280,56170,56270,56180,56265,56160,56260,56175
2025-09-01 00:35:00,2800,56260,56170,56170,56260,56280,56180,56180,56280,56270,56175,56175,56270
2025-09-01 00:40:00,10000,56380,56250,56260,56360,56390,56260,56280,56390,56385,56255,56270,56375
2025-09-01 00:45:00,10600,56580,56360,56360,56550,56620,56370,56390,56570,56600,56365,56375,56560
2025-09-01 00:50:00,6900,56660,56520,56550,56630,56670,56530,56570,56650,56665,56525,56560,56640
2025-09-01 00:55:00,6900,56640,56490,56630,56550,56670,56500,56650,56560,56655,56495,56640,56555
2025-09-01 01:00:00,4100,56550,56440,56550,56540,56570,56450,56560,56570,56555,56445,56555,56555
2025-09-01 01:05:00,3700,56550,56490,56540,56520,56570,56510,56570,56540,56560,56500,56555,56530
2025-09-01 01:10:00,4100,56550,56450,56520,56520,56560,56480,56540,56540,56555,56465,56530,56530
2025-09-01 01:15:00,2300,56540,56460,56520,56460,56570,56480,56540,56480,56555,56470,56530,56470
2025-09-01 01:20:00,3300,56460,56400,56460,56400,56480,56410,56480,56410,56470,56405,56470,56405
2025-09-01 01:25:00,4000,56450,56330,56400,56330,56470,56350,56410,56350,56460,56340,56405,56340
2025-09-01 01:30:00,5200,56390,56320,56330,56330,56400,56330,56350,56340,56395,56325,56340,56335
2025-09-01 01:35:00,15200,56340,56130,56330,56200,56350,56170,56340,56230,56345,56150,56335,56215
2025-09-01 01:40:00,5200,56260,56160,56200,56250,56300,56170,56230,56280,56280,56165,56215,56265
2025-09-01 01:45:00,6600,56280,56090,56250,56090,56310,56120,56280,56120,56295,56105,56265,56105
2025-09-01 01:50:00,16800,56170,56070,56090,56160,56190,56090,56120,56180,56175,56085,56105,56170
2025-09-01 01:55:00,2500,56220,56160,56160,56180,56230,56180,56180,56200,56225,56170,56170,56190
2025-09-01 02:00:00,7500,56270,56170,56170,56250,56280,56180,56200,56270,56275,56175,56185,56260
2025-09-01 02:05:00,2100,56250,56210,56250,56220,56270,56230,56270,56240,56260,56220,56260,56230
2025-09-01 02:10:00,5600,56220,56160,56220,56190,56240,56180,56240,56210,56230,56170,56230,56200
2025-09-01 02:15:00,2100,56220,56180,56190,56200,56240,56190,56210,56230,56230,56185,56200,56215
2025-09-01 02:20:00,2200,56210,56180,56200,56190,56230,56200,56220,56210,56220,56190,56210,56200
2025-09-01 02:25:00,3700,56220,56190,56190,56210,56240,56200,56210,56240,56230,56195,56200,56225
2025-09-01 02:30:00,5000,56210,56210,56210,56210,56240,56240,56240,56240,56225,56225,56225,56225
2025-09-01 03:30:00,17200,56250,56170,56250,56170,56280,56190,56250,56190,56265,56180,56250,56180
2025-09-01 03:35:00,3300,56210,56160,56170,56180,56220,56180,56190,56200,56215,56170,56180,56190
2025-09-01 03:40:00,2100,56230,56170,56180,56190,56240,56180,56200,56210,56235,56175,56190,56200
2025-09-01 03:45:00,1800,56220,56180,56190,56220,56240,56200,56210,56240,56230,56190,56200,56230
2025-09-01 03:50:00,2400,56240,56210,56220,56210,56260,56220,56240,56230,56250,56215,56230,56220
2025-09-01 03:55:00,1400,56260,56210,56210,56250,56270,56230,56230,56270,56265,56220,56220,56260
2025-09-01 04:00:00,2300,56250,56200,56250,56220,56270,56220,56270,56240,56260,56210,56260,56230
2025-09-01 04:05:00,1300,56240,56210,56220,56230,56250,56220,56240,56250,56245,56215,56230,56240
2025-09-01 04:10:00,3200,56260,56220,56230,56250,56280,56240,56250,56280,56270,56230,56240,56265
2025-09-01 04:15:00,4200,56320,56250,56250,56280,56340,56280,56280,56310,56330,56265,56265,56295
2025-09-01 04:20:00,1700,56310,56270,56280,56280,56320,56290,56310,56300,56315,56280,56295,56290
2025-09-01 04:25:00,2700,56360,56280,56280,56330,56370,56290,56300,56360,56365,56285,56290,56345
2025-09-01 04:30:00,3100,56420,56330,56330,56410,56430,56340,56360,56430,56425,56335,56345,56420
2025-09-01 04:35:00,4100,56420,56320,56410,56320,56430,56350,56430,56350,56425,56335,56420,56335
2025-09-01 04:40:00,1800,56390,56320,56320,56380,56400,56340,56350,56400,56395,56330,56335,56390
2025-09-01 04:45:00,3800,56470,56370,56380,56450,56480,56390,56400,56470,56475,56380,56390,56460
2025-09-01 04:50:00,2700,56480,56450,56450,56470,56500,56460,56470,56500,56490,56455,56460,56485
2025-09-01 04:55:00,2500,56500,56470,56470,56490,56520,56490,56500,56520,56510,56485,56485,56505
2025-09-01 05:00:00,2800,56500,56440,56490,56500,56530,56460,56520,56530,56515,56450,56505,56515
2025-09-01 05:05:00,2500,56540,56500,56500,56520,56550,56520,56520,56550,56545,56510,56510,56535
2025-09-01 05:10:00,2100,56550,56520,56520,56550,56570,56540,56550,56570,56560,56535,56535,56560
2025-09-01 05:15:00,2500,56560,56510,56550,56530,56580,56520,56570,56540,56570,56515,56560,56535
2025-09-01 05:20:00,9400,56700,56530,56530,56700,56720,56540,56540,56720,56710,56535,56535,56710
2025-09-01 05:25:00,3000,56720,56690,56700,56710,56740,56700,56720,56730,56725,56695,56710,56720
2025-09-01 05:30:00,2600,56710,56650,56710,56650,56730,56660,56730,56660,56720,56655,56720,56655
2025-09-01 05:35:00,4200,56710,56630,56650,56690,56720,56640,56660,56710,56715,56635,56655,56700
2025-09-01 05:40:00,4100,56770,56690,56690,56770,56790,56710,56710,56790,56780,56700,56700,56780
2025-09-01 05:45:00,4200,56790,56760,56770,56770,56800,56780,56790,56790,56795,56770,56780,56780
2025-09-01 05:50:00,2800,56780,56740,56770,56770,56800,56760,56790,56800,56790,56750,56780,56785
2025-09-01 05:55:00,4500,56820,56770,56780,56820,56840,56790,56800,56840,56830,56780,56790,56830
2025-09-01 06:00:00,10300,56970,56810,56820,56880,56980,56820,56830,56890,56975,56815,56825,56885
2025-09-01 06:05:00,5500,56880,56820,56880,56880,56900,56830,56890,56900,56890,56825,56885,56890
2025-09-01 06:10:00,2600,56880,56830,56880,56830,56900,56840,56900,56840,56890,56835,56890,56835
2025-09-01 06:15:00,5200,56860,56790,56830,56850,56880,56810,56840,56860,56870,56800,56835,56855
2025-09-01 06:20:00,7100,56870,56750,56850,56750,56880,56780,56860,56780,56875,56765,56855,56765
2025-09-01 06:25:00,,57190,56700,56740,56960,57200,56710,56750,56970,57195,56705,56745,56965
2025-09-01 06:30:00,84300,56780,56780,56780,56780,56970,56970,56970,56970,56875,56875,56875,56875
2025-09-02 00:00:00,37200,57070,56810,56960,57070,57100,56880,56970,57100,57085,56845,56965,57085
2025-09-02 00:05:00,11300,57180,57000,57070,57000,57200,57020,57100,57020,57185,57010,57085,57010
2025-09-02 00:10:00,6000,57080,57000,57000,57070,57100,57010,57020,57100,57085,57005,57010,57085
2025-09-02 00:15:00,15800,57210,57020,57070,57060,57240,57050,57100,57080,57225,57035,57085,57070
2025-09-02 00:20:00,3200,57130,57030,57050,57100,57140,57060,57080,57120,57135,57045,57065,57110
2025-09-02 00:25:00,5700,57180,57090,57100,57130,57200,57120,57120,57160,57190,57105,57110,57145
2025-09-02 00:30:00,5200,57190,57110,57130,57160,57200,57130,57160,57190,57195,57125,57145,57175
2025-09-02 00:35:00,5000,57180,57060,57160,57070,57200,57080,57190,57100,57190,57070,57175,57085
2025-09-02 00:40:00,7300,57090,57020,57070,57060,57110,57040,57100,57080,57100,57030,57085,57070
2025-09-02 00:45:00,3300,57170,57060,57060,57170,57200,57080,57080,57190,57185,57070,57070,57180
2025-09-02 00:50:00,3400,57170,57050,57170,57070,57190,57070,57190,57090,57180,57060,57180,57080
2025-09-02 00:55:00,2100,57090,57050,57070,57090,57110,57070,57090,57100,57100,57060,57080,57095
2025-09-02 01:00:00,4700,57120,57050,57080,57050,57150,57070,57100,57070,57135,57060,57090,57060
2025-09-02 01:05:00,3900,57120,57040,57050,57100,57130,57060,57070,57130,57125,57050,57060,57115
2025-09-02 01:10:00,3200,57110,57040,57110,57080,57130,57060,57130,57090,57120,57050,57120,57085
2025-09-02 01:15:00,1900,57100,57070,57080,57080,57130,57090,57090,57100,57115,57080,57085,57090
2025-09-02 01:20:00,2000,57080,57050,57080,57060,57100,57070,57100,57080,57090,57060,57090,57070
2025-09-02 01:25:00,4200,57140,57050,57060,57130,57150,57070,57070,57150,57145,57060,57065,57140
2025-09-02 01:30:00,11900,57260,57120,57130,57210,57280,57140,57150,57230,57270,57130,57140,57220
2025-09-02 01:35:00,2800,57220,57120,57210,57180,57230,57140,57230,57200,57225,57130,57220,57190
2025-09-02 01:40:00,4500,57200,57060,57180,57070,57220,57070,57200,57090,57205,57065,57190,57080
2025-09-02 01:45:00,4000,57100,57040,57070,57040,57120,57060,57090,57070,57110,57050,57080,57055
2025-09-02 01:50:00,10900,57100,57000,57040,57080,57120,57010,57070,57110,57110,57005,57055,57095
2025-09-02 01:55:00,2900,57090,57030,57080,57060,57120,57050,57110,57080,57100,57040,57095,57070
2025-09-02 02:00:00,10000,57080,56970,57060,57070,57100,56990,57080,57080,57085,56980,57070,57075
2025-09-02 02:05:00,900,57070,57040,57070,57050,57090,57060,57080,57060,57080,57050,57075,57055
2025-09-02 02:10:00,1600,57060,57030,57050,57040,57070,57040,57060,57060,57065,57035,57055,57050
2025-09-02 02:15:00,2100,57060,57000,57040,57060,57080,57020,57060,57070,57070,57010,57050,57065
2025-09-02 02:20:00,3900,57110,57040,57060,57110,57130,57060,57070,57130,57120,57050,57065,57120
2025-09-02 02:25:00,3500,57140,57070,57110,57080,57160,57090,57130,57110,57150,57080,57120,57095
2025-09-02 02:30:00,7000,,,,,,,,,,,,
2025-09-02 03:30:00,13500,57120,57050,57110,57050,57150,57090,57110,57090,57130,57070,57110,57070
2025-09-02 03:35:00,2100,57100,57050,57050,57090,57120,57070,57090,57110,57110,57060,57070,57100
2025-09-02 03:40:00,3800,57160,57090,57090,57120,57180,57110,57110,57140,57170,57100,57100,57130
2025-09-02 03:45:00,3900,57160,57110,57120,57120,57180,57140,57140,57140,57170,57125,57130,57130
2025-09-02 03:50:00,2300,57120,57080,57120,57090,57140,57090,57140,57110,57130,57085,57130,57100
2025-09-02 03:55:00,1700,57100,57080,57090,57100,57120,57100,57110,57110,57110,57090,57100,57105
2025-09-02 04:00:00,2000,57100,57080,57100,57090,57120,57090,57110,57100,57110,57085,57105,57095
2025-09-02 04:05:00,7300,57100,57030,57090,57060,57120,57050,57100,57080,57110,57040,57095,57070
2025-09-02 04:10:00,1800,57070,57060,57060,57070,57090,57070,57080,57080,57080,57065,57070,57075
2025-09-02 04:15:00,1200,57080,57070,57070,57080,57100,57080,57080,57090,57090,57075,57075,57085
2025-09-02 04:20:00,1800,57080,57060,57080,57060,57090,57070,57090,57080,57085,57065,57085,57070
2025-09-02 04:25:00,3700,57100,57050,57060,57080,57110,57060,57080,57100,57105,57055,57070,57090
2025-09-02 04:30:00,1500,57110,57080,57080,57090,57120,57090,57100,57110,57115,57085,57090,57100
2025-09-02 04:35:00,5400,57090,57040,57090,57050,57110,57050,57110,57070,57100,57045,57100,57060
2025-09-02 04:40:00,400,57080,57050,57050,57060,57090,57070,57070,57070,57085,57060,57060,57065
2025-09-02 04:45:00,2000,57060,57040,57060,57060,57080,57060,57070,57080,57070,57050,57065,57070
2025-09-02 04:50:00,3000,57070,57040,57060,57070,57080,57060,57080,57080,57075,57050,57070,57075
2025-09-02 04:55:00,2100,57070,57040,57070,57050,57080,57060,57080,57070,57075,57050,57075,57060
2025-09-02 05:00:00,12500,57050,56930,57050,56960,57070,56950,57070,56980,57060,56940,57060,56970
2025-09-02 05:05:00,4500,57020,56950,56960,57010,57040,56970,56980,57030,57030,56960,56970,57020
2025-09-02 05:10:00,3700,57030,56980,57010,57010,57040,57000,57030,57030,57035,56990,57020,57020
2025-09-02 05:15:00,3400,57030,56970,57010,56980,57040,56990,57030,57000,57035,56985,57020,56990
2025-09-02 05:20:00,3600,57040,56980,56980,57020,57050,57000,57000,57040,57045,56990,56990,57030
2025-09-02 05:25:00,3000,57030,57000,57020,57020,57050,57020,57040,57030,57040,57010,57030,57025
2025-09-02 05:30:00,2800,57080,57020,57020,57080,57090,57030,57030,57090,57085,57025,57025,57085
2025-09-02 05:35:00,5500,57100,57080,57080,57100,57120,57090,57090,57120,57110,57085,57085,57110
2025-09-02 05:40:00,5600,57120,57070,57100,57090,57130,57080,57120,57110,57125,57075,57110,57100
2025-09-02 05:45:00,7000,57150,57090,57090,57140,57160,57100,57100,57160,57155,57095,57095,57150
2025-09-02 05:50:00,5600,57160,57120,57140,57120,57170,57140,57160,57140,57165,57130,57150,57130
2025-09-02 05:55:00,9200,57220,57110,57120,57180,57240,57130,57140,57200,57225,57120,57130,57190
2025-09-02 06:00:00,3100,57200,57160,57180,57200,57220,57180,57200,57220,57210,57170,57190,57210
2025-09-02 06:05:00,5300,57210,57180,57200,57180,57230,57200,57220,57200,57220,57190,57210,57190
2025-09-02 06:10:00,3600,57190,57160,57180,57190,57210,57170,57200,57210,57200,57165,57190,57200
2025-09-02 06:15:00,2800,57200,57170,57190,57190,57210,57190,57210,57210,57205,57180,57200,57200
2025-09-02 06:20:00,9200,57210,57150,57190,57160,57230,57170,57210,57200,57220,57160,57200,57180
2025-09-02 06:25:00,,57260,56890,57250,57140,57270,56890,57260,57150,57265,56890,57255,57145
2025-09-02 06:30:00,120600,57130,57130,57130,57130,57170,57170,57170,57170,57150,57150,57150,57150
2025-09-03 00:00:00,74400,57170,56770,56850,57170,57210,56800,56860,57210,57190,56790,56855,57190
2025-09-03 00:05:00,45400,57570,57080,57170,57400,57600,57110,57210,57420,57585,57095,57190,57410
2025-09-03 00:10:00,15500,57400,57100,57400,57150,57420,57110,57420,57190,57410,57105,57410,57170
2025-09-03 00:15:00,10300,57440,57150,57150,57260,57450,57190,57190,57310,57445,57170,57170,57285
2025-09-03 00:20:00,7600,57300,57220,57260,57270,57350,57240,57310,57300,57325,57230,57285,57285
2025-09-03 00:25:00,10900,57520,57270,57270,57510,57540,57300,57300,57540,57530,57285,57285,57525
2025-09-03 00:30:00,9500,57540,57450,57510,57520,57550,57470,57540,57550,57545,57465,57525,57535
2025-09-03 00:35:00,14900,57630,57480,57520,57600,57650,57500,57550,57630,57640,57495,57535,57615
2025-09-03 00:40:00,11300,57640,57500,57590,57620,57650,57530,57630,57650,57645,57515,57610,57635
2025-09-03 00:45:00,5900,57620,57500,57620,57520,57650,57530,57650,57560,57635,57515,57635,57540
2025-09-03 00:50:00,5300,57540,57450,57520,57510,57560,57480,57560,57530,57545,57465,57540,57520
2025-09-03 00:55:00,4000,57530,57470,57510,57520,57550,57500,57530,57550,57540,57485,57520,57535
2025-09-03 01:00:00,2500,57540,57470,57520,57490,57560,57490,57550,57510,57545,57485,57535,57500
2025-09-03 01:05:00,8000,57580,57430,57490,57530,57600,57450,57510,57560,57590,57440,57500,57545
2025-09-03 01:10:00,1600,57540,57520,57530,57540,57560,57540,57560,57550,57550,57530,57545,57545
2025-09-03 01:15:00,10200,57630,57540,57540,57580,57650,57550,57550,57600,57640,57545,57545,57590
2025-09-03 01:20:00,8200,57590,57460,57580,57460,57610,57490,57600,57490,57600,57475,57590,57475
2025-09-03 01:25:00,16800,57770,57440,57460,57740,57800,57460,57490,57770,57785,57450,57475,57755
2025-09-03 01:30:00,11900,57810,57630,57740,57680,57830,57650,57770,57730,57820,57645,57755,57705
2025-09-03 01:35:00,3200,57720,57650,57680,57690,57740,57680,57730,57720,57730,57665,57705,57705
2025-09-03 01:40:00,3200,57720,57640,57690,57700,57750,57670,57720,57730,57735,57655,57705,57715
2025-09-03 01:45:00,27900,58110,57690,57700,58090,58120,57720,57730,58120,58115,57705,57715,58105
2025-09-03 01:50:00,10900,58180,58030,58090,58130,58200,58060,58120,58160,58190,58045,58105,58145
2025-09-03 01:55:00,15400,58280,58070,58130,58240,58300,58080,58160,58270,58285,58075,58145,58255
2025-09-03 02:00:00,9800,58320,58170,58240,58240,58340,58200,58270,58270,58330,58185,58255,58255
2025-09-03 02:05:00,4100,58250,58130,58240,58150,58270,58170,58270,58170,58260,58155,58255,58160
2025-09-03 02:10:00,8600,58180,58000,58150,58100,58200,58030,58170,58120,58190,58015,58160,58110
2025-09-03 02:15:00,3200,58100,58000,58100,58030,58120,58010,58120,58050,58110,58005,58110,58040
2025-09-03 02:20:00,3300,58040,57960,58030,57970,58070,57970,58050,57990,58055,57965,58040,57980
2025-09-03 02:25:00,7900,57970,57830,57970,57830,57990,57860,57990,57910,57980,57845,57980,57870
2025-09-03 02:30:00,7200,57830,57830,57830,57830,57920,57920,57920,57920,57875,57875,57875,57875
2025-09-03 03:30:00,22700,57920,57820,57900,57830,57960,57850,57910,57870,57940,57835,57905,57850
2025-09-03 03:35:00,4500,57850,57780,57830,57790,57870,57790,57870,57810,57860,57785,57850,57800
2025-09-03 03:40:00,6700,57790,57710,57790,57760,57810,57740,57810,57790,57800,57725,57800,57775
2025-09-03 03:45:00,4200,57840,57730,57760,57730,57860,57750,57790,57760,57850,57740,57775,57745
2025-09-03 03:50:00,7100,57740,57620,57730,57700,57770,57650,57760,57730,57755,57635,57745,57715
2025-09-03 03:55:00,5300,57740,57610,57700,57650,57750,57620,57730,57680,57745,57615,57715,57665
2025-09-03 04:00:00,5200,57650,57570,57650,57600,57680,57580,57680,57610,57665,57575,57665,57605
2025-09-03 04:05:00,5600,57750,57580,57590,57740,57770,57610,57610,57760,57760,57595,57600,57750
2025-09-03 04:10:00,7100,57830,57690,57740,57800,57850,57700,57760,57830,57835,57695,57750,57815
2025-09-03 04:15:00,3800,57840,57730,57800,57830,57860,57760,57830,57850,57845,57745,57815,57840
2025-09-03 04:20:00,3700,57830,57730,57830,57730,57850,57750,57850,57760,57840,57740,57840,57745
2025-09-03 04:25:00,3700,57770,57700,57730,57760,57790,57710,57760,57780,57780,57705,57745,57770
2025-09-03 04:30:00,1200,57760,57710,57760,57710,57780,57740,57780,57740,57770,57725,57770,57725
2025-09-03 04:35:00,8300,57710,57610,57710,57660,57740,57630,57740,57690,57725,57620,57725,57675
2025-09-03 04:40:00,1800,57720,57660,57660,57720,57750,57680,57690,57740,57735,57670,57675,57730
2025-09-03 04:45:00,4200,57860,57710,57720,57860,57880,57730,57740,57880,57870,57720,57730,57870
2025-09-03 04:50:00,5100,57980,57850,57850,57920,58000,57870,57880,57950,57990,57860,57865,57935
2025-09-03 04:55:00,6400,57990,57910,57920,57950,58000,57930,57950,57960,57995,57920,57935,57955
2025-09-03 05:00:00,2700,57950,57870,57950,57870,57960,57890,57960,57890,57955,57880,57955,57880
2025-09-03 05:05:00,6600,57880,57810,57870,57820,57900,57830,57890,57850,57890,57820,57880,57835
2025-09-03 05:10:00,2800,57880,57790,57820,57810,57900,57810,57840,57830,57885,57800,57830,57820
2025-09-03 05:15:00,3800,57850,57770,57810,57840,57870,57800,57830,57870,57860,57785,57820,57855
2025-09-03 05:20:00,5400,57870,57760,57850,57760,57900,57790,57870,57790,57885,57775,57860,57775
2025-09-03 05:25:00,9900,57760,57610,57760,57660,57790,57620,57790,57690,57775,57615,57775,57675
2025-09-03 05:30:00,2900,57690,57630,57660,57640,57700,57650,57690,57650,57695,57640,57675,57645
2025-09-03 05:35:00,5400,57690,57620,57640,57680,57710,57640,57650,57700,57700,57630,57645,57690
2025-09-03 05:40:00,4200,57680,57590,57680,57620,57700,57600,57700,57640,57690,57595,57690,57630
2025-09-03 05:45:00,6400,57620,57510,57620,57520,57640,57540,57640,57540,57630,57525,57630,57530
2025-09-03 05:50:00,4400,57600,57520,57520,57550,57610,57540,57540,57570,57605,57530,57530,57560
2025-09-03 05:55:00,4200,57620,57550,57550,57580,57650,57560,57570,57610,57635,57555,57560,57595
2025-09-03 06:00:00,5500,57660,57570,57580,57650,57690,57590,57610,57670,57675,57580,57595,57660
2025-09-03 06:05:00,5300,57770,57640,57650,57750,57790,57660,57670,57780,57775,57650,57660,57765
2025-09-03 06:10:00,8800,57860,57750,57750,57770,57880,57760,57780,57790,57870,57755,57765,57780
2025-09-03 06:15:00,5600,57770,57600,57770,57630,57790,57640,57790,57650,57780,57620,57780,57640
2025-09-03 06:20:00,15900,57630,57550,57630,57620,57670,57560,57650,57670,57645,57555,57640,57645
2025-09-03 06:25:00,,57980,56520,57000,57640,57990,56530,57010,57650,57985,56525,57005,57645
2025-09-03 06:30:00,166400,57640,57640,57640,57640,57670,57670,57670,57670,57655,57655,57655,57655
2025-09-04 00:00:00,78300,57210,56950,57130,57140,57500,56970,57140,57180,57300,56965,57135,57160
2025-09-04 00:05:00,16200,57200,56950,57140,57010,57220,56960,57170,57030,57210,56955,57155,57020
2025-09-04 00:10:00,15300,57040,56850,57020,56970,57060,56880,57030,57000,57050,56865,57025,56985
2025-09-04 00:15:00,6200,57060,56960,56970,56980,57070,57000,57000,57010,57065,56980,56985,56995
2025-09-04 00:20:00,9600,56990,56850,56980,56860,57010,56870,57010,56890,57000,56860,56995,56875
2025-09-04 00:25:00,14300,56870,56750,56860,56800,56910,56770,56890,56820,56890,56760,56875,56810
2025-09-04 00:30:00,5500,56840,56760,56800,56830,56850,56780,56820,56850,56845,56770,56810,56840
2025-09-04 00:35:00,14600,56860,56660,56830,56780,56870,56690,56850,56800,56865,56675,56840,56790
2025-09-04 00:40:00,5700,56790,56660,56780,56710,56820,56690,56800,56730,56805,56680,56790,56720
2025-09-04 00:45:00,5300,56820,56680,56710,56770,56840,56700,56730,56790,56825,56690,56720,56780
2025-09-04 00:50:00,3700,56810,56730,56770,56760,56820,56750,56790,56790,56815,56740,56780,56775
2025-09-04 00:55:00,2700,56770,56710,56760,56710,56790,56730,56790,56740,56780,56720,56775,56725
2025-09-04 01:00:00,8700,56710,56620,56710,56700,56740,56640,56740,56710,56725,56635,56725,56705
2025-09-04 01:05:00,8400,56710,56600,56700,56620,56720,56620,56710,56650,56715,56610,56705,56635
2025-09-04 01:10:00,1800,56640,56600,56620,56640,56660,56610,56650,56660,56650,56605,56635,56650
2025-09-04 01:15:00,7300,56790,56640,56640,56780,56800,56660,56660,56800,56795,56650,56650,56790
2025-09-04 01:20:00,2100,56800,56740,56780,56750,56810,56750,56800,56760,56805,56745,56790,56755
2025-09-04 01:25:00,2700,56770,56730,56750,56770,56790,56740,56760,56790,56780,56735,56755,56780
2025-09-04 01:30:00,8300,56770,56680,56770,56760,56790,56700,56790,56770,56780,56690,56780,56765
2025-09-04 01:35:00,2300,56770,56720,56760,56750,56790,56750,56770,56760,56780,56735,56765,56755
2025-09-04 01:40:00,10600,56930,56750,56750,56900,56950,56760,56760,56920,56940,56755,56755,56910
2025-09-04 01:45:00,3100,56920,56880,56900,56880,56940,56900,56920,56900,56930,56890,56910,56890
2025-09-04 01:50:00,4200,56880,56810,56880,56820,56900,56820,56900,56840,56890,56815,56890,56830
2025-09-04 01:55:00,3600,56820,56750,56820,56750,56840,56770,56840,56770,56830,56760,56830,56760
2025-09-04 02:00:00,2100,56800,56730,56750,56790,56810,56750,56770,56810,56805,56740,56760,56800
2025-09-04 02:05:00,3800,56840,56780,56790,56780,56850,56810,56810,56810,56845,56795,56800,56795
2025-09-04 02:10:00,2800,56830,56770,56780,56830,56850,56790,56810,56850,56840,56780,56795,56840
2025-09-04 02:15:00,1800,56870,56810,56830,56820,56880,56830,56850,56840,56875,56820,56840,56830
2025-09-04 02:20:00,1500,56820,56790,56820,56790,56840,56810,56840,56810,56830,56800,56830,56800
2025-09-04 02:25:00,3900,56790,56730,56790,56730,56810,56750,56810,56750,56800,56740,56800,56740
2025-09-04 02:30:00,1900,56720,56720,56720,56720,56750,56750,56750,56750,56735,56735,56735,56735
2025-09-04 03:30:00,35000,56690,56560,56680,56560,56750,56570,56750,56580,56715,56565,56715,56570
2025-09-04 03:35:00,11100,56600,56500,56560,56510,56610,56520,56580,56530,56605,56510,56570,56520
2025-09-04 03:40:00,6000,56550,56500,56510,56500,56570,56510,56530,56520,56560,56505,56520,56510
2025-09-04 03:45:00,3400,56540,56500,56500,56540,56550,56520,56520,56550,56545,56510,56510,56545
2025-09-04 03:50:00,3100,56550,56510,56540,56510,56560,56520,56550,56520,56555,56515,56545,56515
2025-09-04 03:55:00,4200,56530,56500,56510,56520,56540,56510,56520,56540,56535,56505,56515,56530
2025-09-04 04:00:00,1900,56540,56510,56520,56520,56550,56520,56540,56540,56545,56515,56530,56530
2025-09-04 04:05:00,3000,56530,56500,56520,56520,56540,56510,56540,56540,56535,56505,56530,56530
2025-09-04 04:10:00,2000,56540,56510,56520,56520,56550,56530,56540,56540,56545,56520,56530,56530
2025-09-04 04:15:00,2400,56550,56520,56520,56520,56560,56530,56540,56530,56555,56525,56530,56525
2025-09-04 04:20:00,1100,56550,56520,56520,56550,56560,56530,56530,56560,56555,56525,56525,56555
2025-09-04 04:25:00,3500,56590,56550,56550,56570,56600,56560,56560,56590,56595,56555,56555,56580
2025-09-04 04:30:00,1000,56590,56560,56570,56580,56600,56570,56590,56590,56595,56565,56580,56585
2025-09-04 04:35:00,2400,56590,56560,56580,56590,56610,56570,56590,56610,56600,56565,56585,56600
2025-09-04 04:40:00,2100,56610,56590,56590,56600,56640,56610,56610,56610,56625,56600,56600,56605
2025-09-04 04:45:00,3900,56660,56600,56600,56650,56680,56610,56610,56670,56670,56605,56605,56660
2025-09-04 04:50:00,5100,56700,56640,56650,56690,56710,56650,56670,56710,56705,56645,56660,56700
2025-09-04 04:55:00,3100,56700,56660,56690,56700,56710,56680,56710,56710,56705,56675,56700,56705
2025-09-04 05:00:00,3100,56700,56660,56700,56660,56720,56680,56710,56680,56710,56670,56705,56670
2025-09-04 05:05:00,2300,56660,56620,56660,56650,56680,56630,56680,56660,56670,56625,56670,56655
2025-09-04 05:10:00,1200,56650,56630,56650,56650,56670,56650,56660,56660,56660,56640,56655,56655
2025-09-04 05:15:00,4100,56680,56650,56650,56670,56700,56660,56660,56690,56690,56655,56655,56680
2025-09-04 05:20:00,7600,56680,56610,56670,56670,56700,56620,56690,56680,56690,56615,56680,56675
2025-09-04 05:25:00,1300,56670,56650,56670,56670,56690,56670,56680,56680,56680,56660,56675,56675
2025-09-04 05:30:00,2900,56690,56650,56670,56650,56700,56660,56680,56660,56695,56655,56675,56655
2025-09-04 05:35:00,2300,56650,56600,56650,56600,56670,56620,56660,56620,56660,56610,56655,56610
2025-09-04 05:40:00,1700,56620,56600,56600,56600,56630,56610,56620,56620,56625,56605,56610,56610
2025-09-04 05:45:00,4800,56600,56550,56600,56550,56610,56570,56610,56570,56605,56560,56605,56560
2025-09-04 05:50:00,3800,56590,56530,56550,56580,56610,56550,56570,56600,56600,56540,56560,56590
2025-09-04 05:55:00,2900,56580,56550,56580,56570,56600,56560,56600,56590,56590,56555,56590,56580
2025-09-04 06:00:00,2400,56600,56560,56570,56580,56610,56580,56590,56600,56605,56570,56580,56590
2025-09-04 06:05:00,6100,56590,56510,56580,56520,56600,56520,56600,56530,56595,56515,56590,56525
2025-09-04 06:10:00,13400,56540,56470,56520,56480,56560,56480,56530,56490,56550,56475,56525,56485
2025-09-04 06:15:00,4700,56480,56450,56480,56470,56490,56460,56490,56490,56485,56455,56485,56480
2025-09-04 06:20:00,8000,56590,56470,56470,56590,56600,56480,56490,56600,56595,56475,56480,56595
2025-09-04 06:25:00,,56990,56450,56610,56470,57000,56460,56610,56480,56995,56455,56610,56475
2025-09-04 06:30:00,107600,56460,56460,56460,56460,56580,56580,56580,56580,56520,56520,56520,56520
2025-09-05 00:00:00,81300,56880,56480,56690,56770,56900,56520,56690,56800,56890,56500,56690,56785
2025-09-05 00:05:00,30300,56990,56720,56770,56940,57010,56740,56800,56980,57000,56735,56785,56960
2025-09-05 00:10:00,12500,56940,56650,56940,56720,56980,56670,56980,56750,56960,56665,56960,56735
2025-09-05 00:15:00,4800,56800,56710,56720,56760,56820,56740,56750,56790,56810,56725,56735,56775
2025-09-05 00:20:00,19700,56760,56460,56760,56470,56790,56480,56790,56500,56775,56470,56775,56485
2025-09-05 00:25:00,7700,56660,56470,56470,56650,56680,56500,56500,56670,56670,56485,56485,56660
2025-09-05 00:30:00,6300,56660,56540,56650,56620,56690,56580,56670,56640,56675,56565,56660,56630
2025-09-05 00:35:00,5900,56650,56510,56620,56510,56670,56520,56640,56520,56660,56515,56630,56515
2025-09-05 00:40:00,14200,56510,56320,56510,56320,56520,56340,56520,56340,56515,56330,56515,56330
2025-09-05 00:45:00,6600,56380,56320,56320,56320,56400,56330,56340,56340,56390,56325,56330,56330
2025-09-05 00:50:00,17100,56330,56170,56320,56230,56340,56190,56340,56250,56335,56180,56330,56240
2025-09-05 00:55:00,8200,56240,56110,56230,56110,56260,56130,56250,56130,56250,56120,56240,56120
2025-09-05 01:00:00,8000,56180,56110,56110,56150,56200,56130,56130,56180,56190,56120,56120,56165
2025-09-05 01:05:00,7600,56160,56080,56150,56090,56190,56090,56180,56110,56175,56085,56165,56100
2025-09-05 01:10:00,4500,56150,56080,56090,56130,56170,56090,56110,56160,56160,56085,56100,56145
2025-09-05 01:15:00,6700,56150,56080,56130,56110,56160,56100,56160,56130,56155,56090,56145,56120
2025-09-05 01:20:00,5100,56170,56090,56110,56140,56190,56100,56120,56160,56180,56095,56115,56150
2025-09-05 01:25:00,5800,56220,56120,56140,56220,56250,56140,56160,56250,56235,56135,56150,56235
2025-09-05 01:30:00,8400,56330,56200,56220,56230,56370,56220,56250,56250,56350,56210,56235,56240
2025-09-05 01:35:00,4400,56300,56220,56220,56300,56320,56230,56250,56320,56310,56225,56235,56310
2025-09-05 01:40:00,4100,56330,56260,56310,56300,56340,56290,56320,56330,56335,56275,56315,56315
2025-09-05 01:45:00,13300,56510,56300,56300,56460,56520,56320,56330,56490,56515,56310,56315,56475
2025-09-05 01:50:00,4900,56510,56460,56460,56490,56540,56480,56490,56510,56525,56470,56475,56500
2025-09-05 01:55:00,9700,56620,56490,56490,56590,56630,56500,56510,56620,56625,56495,56500,56605
2025-09-05 02:00:00,4500,56600,56490,56590,56560,56620,56500,56620,56580,56610,56495,56605,56570
2025-09-05 02:05:00,8700,56620,56410,56560,56440,56630,56440,56580,56460,56625,56425,56570,56450
2025-09-05 02:10:00,5700,56460,56230,56440,56270,56480,56240,56460,56290,56470,56235,56450,56280
2025-09-05 02:15:00,3800,56280,56220,56270,56220,56300,56230,56290,56230,56290,56225,56280,56225
2025-09-05 02:20:00,6900,56300,56180,56220,56280,56320,56210,56230,56300,56310,56195,56225,56290
2025-09-05 02:25:00,11500,56280,56110,56280,56130,56300,56130,56300,56140,56290,56120,56290,56135
2025-09-05 02:30:00,6400,56130,56130,56130,56130,56160,56160,56160,56160,56145,56145,56145,56145
2025-09-05 03:30:00,35100,56580,56200,56240,56450,56600,56240,56240,56460,56590,56220,56240,56455
2025-09-05 03:35:00,7200,56520,56370,56450,56520,56530,56390,56460,56530,56525,56380,56455,56525
2025-09-05 03:40:00,17400,56700,56520,56520,56620,56710,56530,56530,56650,56705,56525,56525,56635
2025-09-05 03:45:00,5200,56620,56450,56620,56490,56640,56460,56640,56510,56630,56455,56630,56500
2025-09-05 03:50:00,2900,56540,56490,56490,56520,56560,56510,56510,56530,56550,56500,56500,56525
2025-09-05 03:55:00,3800,56520,56450,56520,56470,56530,56460,56530,56490,56525,56455,56525,56480
2025-09-05 04:00:00,3700,56480,56430,56470,56480,56500,56460,56490,56500,56490,56445,56480,56490
2025-09-05 04:05:00,3300,56500,56430,56480,56480,56520,56450,56500,56500,56510,56440,56490,56490
2025-09-05 04:10:00,2200,56490,56450,56470,56470,56510,56470,56500,56500,56500,56460,56485,56485
2025-09-05 04:15:00,3200,56480,56450,56470,56450,56500,56460,56500,56470,56490,56455,56485,56460
2025-09-05 04:20:00,2500,56470,56430,56450,56450,56480,56440,56470,56470,56475,56435,56460,56460
2025-09-05 04:25:00,2300,56480,56430,56450,56430,56490,56440,56470,56450,56485,56435,56460,56440
2025-09-05 04:30:00,5200,56490,56410,56430,56490,56510,56430,56450,56500,56500,56420,56440,56495
2025-09-05 04:35:00,3800,56550,56480,56490,56540,56580,56490,56500,56550,56565,56485,56495,56545
2025-09-05 04:40:00,2600,56560,56530,56540,56550,56580,56550,56550,56580,56570,56540,56545,56565
2025-09-05 04:45:00,3500,56580,56530,56550,56570,56600,56540,56580,56590,56590,56535,56565,56580
2025-09-05 04:50:00,4200,56580,56550,56570,56560,56600,56560,56590,56580,56590,56555,56580,56570
2025-09-05 04:55:00,5500,56600,56540,56560,56600,56620,56550,56580,56620,56610,56545,56570,56610
2025-09-05 05:00:00,3800,56630,56600,56600,56620,56640,56610,56620,56630,56635,56605,56610,56625
2025-09-05 05:05:00,5400,56650,56610,56620,56640,56660,56620,56630,56650,56655,56615,56625,56645
2025-09-05 05:10:00,4000,56660,56630,56640,56650,56670,56640,56650,56670,56665,56635,56645,56660
2025-09-05 05:15:00,4200,56700,56660,56660,56690,56720,56670,56670,56700,56705,56665,56665,56695
2025-09-05 05:20:00,10100,56800,56690,56690,56740,56810,56700,56700,56750,56805,56695,56695,56745
2025-09-05 05:25:00,6600,56780,56720,56740,56760,56790,56730,56750,56780,56785,56725,56745,56770
2025-09-05 05:30:00,5100,56780,56750,56760,56760,56790,56760,56780,56780,56785,56755,56770,56770
2025-09-05 05:35:00,5400,56760,56660,56760,56700,56780,56680,56770,56710,56770,56670,56765,56705
2025-09-05 05:40:00,4900,56730,56660,56700,56670,56750,56680,56710,56680,56735,56675,56705,56675
2025-09-05 05:45:00,4000,56690,56630,56670,56680,56700,56640,56680,56690,56695,56635,56675,56685
2025-09-05 05:50:00,4200,56730,56680,56680,56720,56740,56690,56690,56730,56735,56685,56685,56725
2025-09-05 05:55:00,5400,56770,56710,56720,56740,56780,56730,56730,56750,56775,56720,56725,56745
2025-09-05 06:00:00,7600,56740,56630,56740,56650,56750,56650,56750,56670,56745,56640,56745,56660
2025-09-05 06:05:00,6600,56660,56620,56650,56630,56680,56640,56670,56640,56670,56630,56660,56635
2025-09-05 06:10:00,6000,56670,56600,56630,56630,56680,56620,56640,56640,56675,56610,56635,56635
2025-09-05 06:15:00,7200,56700,56620,56630,56660,56710,56630,56640,56680,56705,56625,56635,56670
2025-09-05 06:20:00,10800,56740,56630,56660,56710,56750,56650,56680,56730,56745,56640,56670,56720
2025-09-05 06:25:00,,57000,56000,56990,56690,57000,56010,57000,56700,57000,56005,56995,56695
2025-09-05 06:30:00,142200,56690,56690,56690,56690,56720,56720,56720,56720,56705,56705,56705,56705
2025-09-08 00:00:00,95300,57550,57000,57190,57490,57580,57190,57200,57520,57565,57110,57195,57505
2025-09-08 00:05:00,29000,57750,57430,57490,57710,57780,57490,57520,57740,57765,57465,57505,57725
2025-09-08 00:10:00,14000,57710,57450,57700,57570,57740,57480,57740,57600,57725,57470,57720,57585
2025-09-08 00:15:00,11400,57750,57530,57570,57730,57770,57570,57600,57750,57760,57550,57585,57740
2025-09-08 00:20:00,17900,57860,57730,57730,57850,57890,57750,57750,57870,57875,57740,57740,57860
2025-09-08 00:25:00,24200,58040,57790,57850,57980,58070,57820,57870,58000,58055,57805,57860,57990
2025-09-08 00:30:00,13900,57990,57830,57980,57850,58000,57850,58000,57880,57995,57840,57990,57865
2025-09-08 00:35:00,12100,57850,57650,57850,57660,57880,57670,57880,57680,57865,57665,57865,57670
2025-09-08 00:40:00,6300,57680,57600,57660,57620,57690,57620,57680,57650,57685,57610,57670,57635
2025-09-08 00:45:00,15300,57660,57480,57620,57520,57690,57500,57650,57550,57675,57490,57635,57535
2025-09-08 00:50:00,4100,57580,57450,57520,57450,57600,57460,57550,57470,57585,57455,57535,57460
2025-09-08 00:55:00,6800,57530,57400,57450,57500,57550,57410,57470,57540,57540,57405,57460,57520
2025-09-08 01:00:00,13000,57520,57230,57500,57240,57550,57250,57540,57270,57535,57245,57520,57255
2025-09-08 01:05:00,8700,57270,56960,57240,56960,57300,56980,57270,56980,57285,56970,57255,56970
2025-09-08 01:10:00,5500,56990,56880,56960,56920,57000,56890,56980,56940,56995,56885,56970,56930
2025-09-08 01:15:00,10300,57050,56890,56920,57030,57070,56910,56940,57050,57055,56900,56930,57040
2025-09-08 01:20:00,8200,57060,56890,57030,56890,57080,56910,57050,56910,57070,56900,57040,56900
2025-09-08 01:25:00,9600,56970,56810,56890,56880,57000,56830,56910,56910,56985,56820,56900,56895
2025-09-08 01:30:00,3700,56890,56820,56880,56880,56910,56850,56910,56890,56900,56835,56895,56885
2025-09-08 01:35:00,8100,56960,56820,56880,56860,56980,56840,56890,56900,56965,56830,56885,56880
2025-09-08 01:40:00,5700,56940,56810,56860,56930,56960,56830,56900,56960,56945,56820,56880,56945
2025-09-08 01:45:00,4600,56970,56910,56930,56940,56980,56930,56960,56950,56975,56920,56945,56945
2025-09-08 01:50:00,6100,56960,56830,56940,56860,56990,56850,56950,56890,56975,56840,56945,56875
2025-09-08 01:55:00,7900,56870,56760,56860,56830,56890,56770,56890,56850,56880,56765,56875,56840
2025-09-08 02:00:00,2400,56870,56800,56830,56800,56900,56810,56850,56820,56885,56805,56840,56810
2025-09-08 02:05:00,3500,56820,56770,56800,56810,56840,56790,56810,56830,56830,56780,56805,56820
2025-09-08 02:10:00,9400,56820,56670,56810,56710,56840,56700,56830,56730,56830,56685,56820,56720
2025-09-08 02:15:00,9700,56730,56570,56710,56580,56740,56600,56730,56610,56735,56585,56720,56595
2025-09-08 02:20:00,4100,56610,56570,56580,56610,56630,56590,56610,56630,56620,56580,56595,56620
2025-09-08 02:25:00,7500,56620,56540,56610,56580,56630,56560,56630,56590,56625,56550,56620,56585
2025-09-08 02:30:00,6500,,,,,,,,,,,,
2025-09-08 03:30:00,27400,56670,56530,56600,56660,56690,56540,56620,56680,56680,56535,56610,56670
2025-09-08 03:35:00,4100,56690,56620,56660,56690,56700,56640,56680,56700,56695,56635,56670,56695
2025-09-08 03:40:00,6100,56690,56610,56690,56620,56710,56630,56700,56640,56700,56620,56695,56630
2025-09-08 03:45:00,3700,56650,56600,56620,56610,56660,56620,56640,56620,56655,56610,56630,56615
2025-09-08 03:50:00,1900,56640,56610,56610,56620,56670,56620,56630,56640,56655,56615,56620,56630
2025-09-08 03:55:00,2900,56630,56600,56620,56620,56640,56610,56640,56630,56635,56605,56630,56625
2025-09-08 04:00:00,1200,56650,56610,56620,56620,56670,56630,56630,56650,56660,56620,56625,56635
2025-09-08 04:05:00,9100,56620,56520,56620,56520,56650,56530,56650,56540,56635,56525,56635,56530
2025-09-08 04:10:00,3000,56540,56520,56520,56520,56560,56530,56540,56540,56550,56525,56530,56530
2025-09-08 04:15:00,9900,56530,56480,56520,56530,56550,56490,56540,56550,56540,56485,56530,56540
2025-09-08 04:20:00,2400,56560,56530,56530,56550,56580,56550,56550,56580,56565,56540,56540,56565
2025-09-08 04:25:00,2600,56560,56520,56550,56520,56580,56540,56580,56540,56570,56530,56565,56530
2025-09-08 04:30:00,3400,56530,56480,56520,56480,56550,56490,56540,56490,56540,56485,56530,56485
2025-09-08 04:35:00,7600,56490,56460,56480,56470,56500,56470,56490,56490,56495,56465,56485,56480
2025-09-08 04:40:00,2500,56490,56470,56470,56480,56500,56480,56490,56490,56495,56475,56480,56485
2025-09-08 04:45:00,2800,56530,56480,56480,56530,56550,56490,56490,56540,56540,56485,56485,56535
2025-09-08 04:50:00,1800,56540,56510,56530,56510,56550,56530,56540,56530,56545,56520,56535,56520
2025-09-08 04:55:00,5800,56540,56460,56510,56470,56550,56480,56530,56490,56545,56470,56520,56480
2025-09-08 05:00:00,4000,56480,56460,56470,56470,56500,56470,56480,56490,56490,56465,56475,56480
2025-09-08 05:05:00,3300,56500,56470,56470,56480,56520,56480,56490,56500,56510,56475,56480,56490
2025-09-08 05:10:00,2200,56510,56480,56480,56490,56520,56490,56500,56510,56515,56485,56490,56500
2025-09-08 05:15:00,2900,56490,56460,56490,56470,56510,56470,56510,56480,56500,56465,56500,56475
2025-09-08 05:20:00,5100,56480,56450,56470,56450,56500,56460,56480,56460,56490,56455,56475,56455
2025-09-08 05:25:00,8900,56480,56410,56450,56410,56490,56430,56460,56430,56485,56420,56455,56420
2025-09-08 05:30:00,11700,56420,56360,56410,56390,56450,56380,56430,56410,56430,56370,56420,56400
2025-09-08 05:35:00,5000,56400,56360,56390,56360,56420,56380,56410,56380,56410,56370,56400,56370
2025-09-08 05:40:00,17100,56400,56210,56360,56240,56410,56230,56380,56260,56405,56225,56370,56250
2025-09-08 05:45:00,10300,56240,56140,56240,56190,56250,56160,56250,56210,56245,56150,56245,56200
2025-09-08 05:50:00,9400,56230,56130,56200,56180,56250,56140,56210,56200,56240,56135,56205,56190
2025-09-08 05:55:00,5600,56200,56150,56190,56170,56210,56160,56200,56190,56205,56155,56195,56180
2025-09-08 06:00:00,7500,56290,56170,56170,56230,56300,56190,56190,56250,56295,56180,56180,56240
2025-09-08 06:05:00,6700,56250,56170,56230,56170,56270,56190,56250,56190,56260,56180,56240,56180
2025-09-08 06:10:00,6900,56180,56130,56170,56170,56190,56150,56190,56190,56185,56140,56180,56180
2025-09-08 06:15:00,10200,56170,56100,56170,56100,56190,56110,56190,56110,56180,56105,56180,56105
2025-09-08 06:20:00,18300,56100,56020,56100,56090,56130,56030,56110,56120,56115,56025,56105,56105
2025-09-08 06:25:00,,56050,55500,56000,55890,56060,55510,56010,55900,56055,55505,56005,55895
2025-09-08 06:30:00,116000,55890,55890,55890,55890,56070,56070,56070,56070,55980,55980,55980,55980
2025-09-09 00:00:00,68000,56510,56090,56100,56330,56540,56100,56100,56370,56525,56095,56100,56350
2025-09-09 00:05:00,17600,56570,56310,56330,56450,56580,56320,56370,56480,56575,56315,56350,56465
2025-09-09 00:10:00,17400,56450,56050,56450,56220,56480,56090,56480,56260,56465,56070,56465,56240
2025-09-09 00:15:00,8100,56330,56120,56220,56150,56360,56150,56260,56180,56340,56135,56240,56165
2025-09-09 00:20:00,7000,56280,56130,56150,56240,56300,56150,56180,56260,56290,56140,56165,56250
2025-09-09 00:25:00,3600,56320,56210,56240,56290,56350,56240,56270,56300,56335,56225,56255,56295
2025-09-09 00:30:00,5800,56390,56270,56290,56320,56410,56300,56300,56340,56400,56285,56295,56330
2025-09-09 00:35:00,4500,56400,56280,56320,56370,56410,56300,56340,56390,56405,56290,56330,56380
2025-09-09 00:40:00,6100,56410,56310,56370,56320,56420,56320,56390,56350,56415,56315,56380,56335
2025-09-09 00:45:00,4600,56390,56270,56320,56300,56400,56280,56350,56310,56395,56275,56335,56305
2025-09-09 00:50:00,2400,56360,56290,56300,56350,56380,56300,56310,56370,56365,56295,56305,56360
2025-09-09 00:55:00,4600,56350,56230,56350,56260,56370,56260,56370,56280,56360,56245,56360,56270
2025-09-09 01:00:00,3100,56270,56200,56260,56240,56290,56210,56280,56270,56280,56205,56270,56255
2025-09-09 01:05:00,6100,56270,56190,56240,56190,56280,56210,56260,56210,56275,56200,56250,56200
2025-09-09 01:10:00,12400,56190,56030,56190,56060,56210,56050,56210,56080,56200,56040,56200,56070
2025-09-09 01:15:00,25100,56070,55820,56060,55910,56100,55840,56080,55920,56085,55830,56070,55915
2025-09-09 01:20:00,16400,55910,55780,55910,55820,55920,55790,55920,55840,55915,55785,55915,55830
2025-09-09 01:25:00,21900,55830,55670,55820,55700,55850,55690,55840,55720,55840,55680,55830,55710
2025-09-09 01:30:00,8200,55720,55600,55700,55600,55740,55610,55720,55620,55730,55605,55710,55610
2025-09-09 01:35:00,17600,55630,55520,55600,55590,55650,55540,55620,55600,55640,55530,55610,55595
2025-09-09 01:40:00,18500,55590,55450,55590,55520,55600,55460,55600,55540,55595,55455,55595,55530
2025-09-09 01:45:00,11200,55540,55370,55510,55430,55570,55390,55540,55460,55555,55380,55525,55445
2025-09-09 01:50:00,4700,55550,55430,55440,55480,55570,55450,55460,55510,55560,55440,55450,55495
2025-09-09 01:55:00,8900,55500,55370,55480,55380,55520,55390,55510,55410,55510,55380,55495,55395
2025-09-09 02:00:00,13600,55440,55300,55380,55310,55460,55330,55410,55330,55450,55315,55395,55320
2025-09-09 02:05:00,12500,55360,55220,55310,55230,55370,55240,55330,55250,55365,55235,55320,55240
2025-09-09 02:10:00,9300,55260,55200,55230,55210,55270,55210,55250,55230,55265,55205,55240,55220
2025-09-09 02:15:00,14900,55240,55110,55200,55110,55260,55120,55230,55130,55250,55115,55215,55120
2025-09-09 02:20:00,45700,55120,54890,55110,55080,55130,54900,55130,55100,55125,54895,55120,55090
2025-09-09 02:25:00,12500,55090,55010,55080,55030,55110,55020,55100,55080,55100,55015,55090,55055
2025-09-09 02:30:00,8200,55030,55030,55030,55030,55080,55080,55080,55080,55055,55055,55055,55055
2025-09-09 03:30:00,31000,55210,55000,55010,55180,55240,55020,55020,55210,55225,55015,55015,55195
2025-09-09 03:35:00,5500,55210,55120,55180,55150,55230,55140,55210,55160,55215,55135,55195,55155
2025-09-09 03:40:00,5300,55200,55130,55150,55190,55210,55140,55160,55210,55205,55135,55155,55200
2025-09-09 03:45:00,4800,55250,55160,55190,55240,55270,55170,55210,55260,55260,55165,55200,55250
2025-09-09 03:50:00,5100,55270,55200,55240,55210,55280,55210,55260,55230,55275,55205,55250,55220
2025-09-09 03:55:00,1800,55270,55210,55210,55250,55290,55230,55230,55270,55280,55220,55220,55260
2025-09-09 04:00:00,4000,55250,55200,55250,55220,55270,55210,55270,55240,55260,55205,55260,55230
2025-09-09 04:05:00,5300,55240,55160,55220,55190,55250,55170,55240,55220,55245,55165,55230,55205
2025-09-09 04:10:00,5100,55200,55130,55190,55130,55220,55140,55220,55140,55210,55135,55205,55135
2025-09-09 04:15:00,5500,55160,55120,55130,55150,55180,55130,55140,55170,55170,55125,55135,55160
2025-09-09 04:20:00,3800,55240,55150,55150,55230,55250,55170,55170,55250,55245,55160,55160,55240
2025-09-09 04:25:00,1500,55230,55200,55230,55200,55250,55210,55250,55220,55240,55205,55240,55210
2025-09-09 04:30:00,3800,55250,55200,55200,55250,55260,55210,55220,55260,55255,55205,55210,55255
2025-09-09 04:35:00,3500,55260,55220,55250,55220,55280,55230,55260,55240,55270,55225,55255,55230
2025-09-09 04:40:00,3600,55250,55220,55220,55240,55280,55230,55240,55260,55265,55225,55230,55250
2025-09-09 04:45:00,1800,55270,55220,55240,55260,55280,55240,55260,55270,55275,55230,55250,55265
2025-09-09 04:50:00,9300,55360,55220,55260,55350,55370,55230,55270,55370,55365,55225,55265,55360
2025-09-09 04:55:00,5800,55410,55330,55350,55400,55430,55340,55370,55420,55420,55335,55360,55410
2025-09-09 05:00:00,5400,55400,55300,55400,55330,55420,55310,55420,55350,55410,55305,55410,55340
2025-09-09 05:05:00,4000,55390,55330,55330,55370,55400,55340,55340,55380,55395,55335,55335,55375
2025-09-09 05:10:00,4600,55420,55370,55370,55420,55440,55380,55380,55440,55430,55375,55375,55430
2025-09-09 05:15:00,4300,55440,55320,55420,55330,55450,55330,55440,55350,55445,55325,55430,55340
2025-09-09 05:20:00,4800,55370,55280,55330,55350,55390,55290,55350,55370,55380,55285,55340,55360
2025-09-09 05:25:00,4100,55420,55310,55350,55380,55440,55330,55370,55390,55430,55320,55360,55385
2025-09-09 05:30:00,5000,55420,55380,55380,55420,55430,55390,55390,55430,55425,55385,55385,55425
2025-09-09 05:35:00,3300,55420,55330,55410,55340,55440,55350,55430,55350,55430,55340,55420,55345
2025-09-09 05:40:00,5300,55350,55270,55340,55280,55370,55280,55350,55300,55360,55275,55345,55290
2025-09-09 05:45:00,3600,55330,55260,55280,55300,55350,55270,55300,55310,55340,55265,55290,55305
2025-09-09 05:50:00,4000,55340,55260,55300,55330,55350,55280,55310,55340,55345,55270,55305,55335
2025-09-09 05:55:00,6500,55410,55330,55330,55370,55430,55340,55340,55390,55420,55335,55335,55380
2025-09-09 06:00:00,4000,55370,55300,55370,55350,55390,55320,55390,55360,55380,55310,55380,55355
2025-09-09 06:05:00,5300,55440,55350,55350,55440,55450,55360,55360,55450,55445,55355,55355,55445
2025-09-09 06:10:00,6900,55470,55380,55440,55430,55480,55400,55450,55440,55475,55390,55445,55435
2025-09-09 06:15:00,6200,55460,55370,55430,55420,55470,55380,55440,55440,55465,55375,55435,55430
2025-09-09 06:20:00,7300,55430,55360,55420,55400,55440,55370,55440,55410,55435,55365,55430,55405
2025-09-09 06:25:00,,55310,55010,55240,55300,55320,55020,55250,55310,55315,55015,55245,55305
2025-09-09 06:30:00,133900,55300,55300,55300,55300,55310,55310,55310,55310,55305,55305,55305,55305
2025-09-10 00:00:00,85300,55380,54740,54760,55020,55430,54750,54770,55070,55405,54745,54765,55045
2025-09-10 00:05:00,13000,55330,55020,55020,55230,55380,55070,55070,55270,55355,55045,55045,55250
2025-09-10 00:10:00,6400,55240,55090,55230,55150,55290,55120,55270,55170,55265,55105,55250,55160
2025-09-10 00:15:00,4900,55190,55070,55150,55090,55210,55100,55170,55110,55200,55090,55160,55100
2025-09-10 00:20:00,7200,55210,55090,55090,55110,55230,55110,55110,55140,55220,55100,55100,55125
2025-09-10 00:25:00,6600,55230,55100,55110,55190,55260,55120,55140,55210,55245,55110,55125,55200
2025-09-10 00:30:00,4700,55260,55120,55190,55210,55280,55130,55210,55250,55270,55125,55200,55230
2025-09-10 00:35:00,6700,55400,55210,55210,55360,55410,55230,55250,55390,55405,55220,55230,55375
2025-09-10 00:40:00,6500,55450,55350,55360,55420,55460,55370,55390,55450,55455,55365,55375,55435
2025-09-10 00:45:00,6000,55470,55350,55420,55440,55480,55370,55450,55470,55475,55365,55435,55455
2025-09-10 00:50:00,3000,55470,55370,55440,55380,55480,55390,55470,55410,55475,55380,55455,55395
2025-09-10 00:55:00,4200,55400,55340,55380,55350,55410,55350,55400,55370,55405,55345,55390,55360
2025-09-10 01:00:00,6700,55420,55340,55350,55360,55440,55370,55370,55380,55430,55355,55360,55370
2025-09-10 01:05:00,4100,55380,55270,55360,55270,55410,55300,55380,55300,55395,55285,55370,55285
2025-09-10 01:10:00,4200,55370,55270,55270,55320,55410,55300,55300,55340,55390,55285,55285,55330
2025-09-10 01:15:00,3400,55340,55270,55320,55310,55360,55290,55340,55340,55350,55285,55330,55325
2025-09-10 01:20:00,5800,55310,55200,55310,55270,55340,55240,55340,55280,55325,55220,55325,55275
2025-09-10 01:25:00,2800,55280,55240,55270,55280,55300,55250,55280,55300,55290,55245,55275,55290
2025-09-10 01:30:00,1900,55310,55260,55280,55290,55340,55280,55300,55320,55325,55270,55290,55305
2025-09-10 01:35:00,3500,55310,55260,55290,55290,55330,55280,55320,55310,55320,55270,55305,55300
2025-09-10 01:40:00,2000,55300,55270,55290,55300,55320,55290,55310,55320,55310,55280,55300,55310
2025-09-10 01:45:00,3700,55330,55230,55300,55300,55340,55240,55320,55310,55335,55235,55310,55305
2025-09-10 01:50:00,2000,55310,55250,55300,55260,55320,55270,55310,55280,55315,55260,55305,55270
2025-09-10 01:55:00,2100,55330,55260,55260,55330,55350,55280,55280,55350,55340,55270,55270,55340
2025-09-10 02:00:00,2700,55330,55280,55330,55280,55350,55300,55350,55300,55340,55290,55340,55290
2025-09-10 02:05:00,4500,55280,55230,55280,55230,55300,55250,55300,55250,55290,55240,55290,55240
2025-09-10 02:10:00,3400,55250,55190,55230,55240,55260,55210,55250,55260,55255,55200,55240,55250
2025-09-10 02:15:00,3600,55300,55240,55240,55290,55330,55250,55260,55310,55310,55245,55250,55300
2025-09-10 02:20:00,1600,55320,55290,55290,55300,55330,55300,55310,55330,55325,55295,55300,55315
2025-09-10 02:25:00,2000,55330,55300,55300,55310,55350,55310,55330,55350,55335,55305,55315,55330
2025-09-10 02:30:00,9200,55310,55310,55310,55310,55350,55350,55350,55350,55330,55330,55330,55330
2025-09-10 03:30:00,38300,55730,55360,55480,55560,55750,55470,55490,55580,55740,55420,55485,55570
2025-09-10 03:35:00,4200,55560,55470,55560,55500,55580,55490,55580,55510,55570,55480,55570,55505
2025-09-10 03:40:00,4800,55500,55400,55500,55400,55510,55430,55510,55430,55505,55415,55505,55415
2025-09-10 03:45:00,4300,55470,55400,55400,55450,55480,55420,55430,55470,55475,55410,55415,55460
2025-09-10 03:50:00,2300,55470,55430,55460,55430,55490,55450,55470,55460,55480,55440,55465,55445
2025-09-10 03:55:00,4000,55500,55430,55430,55470,55510,55450,55460,55490,55505,55440,55445,55480
2025-09-10 04:00:00,1200,55480,55470,55470,55480,55500,55480,55490,55500,55490,55475,55480,55490
2025-09-10 04:05:00,3100,55490,55380,55480,55390,55500,55400,55500,55400,55495,55395,55490,55395
2025-09-10 04:10:00,2200,55390,55360,55390,55380,55400,55380,55400,55400,55395,55370,55395,55390
2025-09-10 04:15:00,1800,55430,55370,55380,55410,55440,55390,55400,55420,55435,55380,55390,55415
2025-09-10 04:20:00,2700,55410,55360,55410,55380,55430,55380,55420,55400,55420,55370,55415,55390
2025-09-10 04:25:00,2900,55390,55360,55380,55380,55410,55370,55400,55400,55395,55365,55390,55390
2025-09-10 04:30:00,1800,55400,55380,55380,55390,55410,55390,55400,55400,55405,55385,55390,55395
2025-09-10 04:35:00,1200,55400,55390,55390,55400,55410,55400,55400,55410,55405,55395,55395,55405
2025-09-10 04:40:00,2900,55430,55400,55400,55430,55440,55410,55410,55440,55435,55405,55405,55435
2025-09-10 04:45:00,4100,55470,55420,55430,55460,55490,55440,55440,55480,55480,55430,55435,55470
2025-09-10 04:50:00,3500,55490,55440,55460,55450,55500,55450,55480,55460,55495,55445,55470,55455
2025-09-10 04:55:00,4000,55520,55450,55450,55500,55530,55460,55460,55510,55525,55455,55455,55505
2025-09-10 05:00:00,3100,55530,55490,55500,55530,55540,55500,55510,55540,55535,55495,55505,55535
2025-09-10 05:05:00,1900,55540,55510,55530,55510,55550,55520,55540,55520,55545,55515,55535,55515
2025-09-10 05:10:00,3900,55510,55410,55510,55450,55520,55430,55520,55470,55515,55420,55515,55460
2025-09-10 05:15:00,1700,55470,55440,55450,55460,55480,55450,55470,55470,55475,55445,55460,55465
2025-09-10 05:20:00,2600,55470,55410,55460,55420,55480,55420,55470,55430,55475,55415,55465,55425
2025-09-10 05:25:00,4100,55500,55420,55420,55480,55520,55430,55430,55500,55510,55425,55425,55490
2025-09-10 05:30:00,5200,55520,55470,55480,55490,55530,55490,55500,55500,55525,55480,55490,55495
2025-09-10 05:35:00,2600,55510,55480,55490,55510,55520,55500,55500,55520,55515,55490,55495,55515
2025-09-10 05:40:00,4500,55560,55500,55510,55550,55570,55520,55520,55570,55565,55510,55515,55560
2025-09-10 05:45:00,3400,55590,55540,55550,55580,55600,55560,55570,55600,55595,55550,55560,55590
2025-09-10 05:50:00,12100,55730,55580,55580,55730,55740,55590,55590,55740,55735,55585,55585,55735
2025-09-10 05:55:00,7700,55740,55670,55730,55690,55750,55690,55740,55710,55745,55685,55735,55700
2025-09-10 06:00:00,4700,55690,55600,55690,55630,55710,55620,55710,55640,55700,55610,55700,55635
2025-09-10 06:05:00,4100,55680,55600,55630,55670,55700,55620,55640,55690,55690,55610,55635,55680
2025-09-10 06:10:00,3800,55680,55650,55670,55660,55700,55670,55690,55680,55685,55665,55680,55670
2025-09-10 06:15:00,4000,55660,55640,55660,55650,55680,55650,55680,55660,55670,55645,55670,55655
2025-09-10 06:20:00,10200,55720,55650,55650,55700,55740,55660,55660,55720,55730,55655,55655,55710
2025-09-10 06:25:00,,56090,55720,55840,55720,56100,55730,55850,55730,56095,55725,55845,55725
2025-09-10 06:30:00,122600,55700,55700,55700,55700,55740,55740,55740,55740,55720,55720,55720,55720
2025-09-11 00:00:00,67400,55560,55110,55480,55310,55690,55140,55490,55340,55590,55125,55485,55325
2025-09-11 00:05:00,16200,55480,55280,55310,55380,55500,55310,55340,55400,55490,55295,55325,55390
2025-09-11 00:10:00,12600,55410,55210,55380,55240,55440,55220,55410,55270,55425,55215,55395,55255
2025-09-11 00:15:00,6200,55310,55190,55240,55270,55340,55210,55270,55300,55325,55200,55255,55285
2025-09-11 00:20:00,5700,55310,55200,55270,55260,55350,55230,55300,55290,55330,55215,55285,55275
2025-09-11 00:25:00,4000,55300,55240,55260,55270,55320,55250,55290,55290,55310,55245,55275,55280
2025-09-11 00:30:00,6000,55330,55250,55270,55330,55350,55270,55290,55350,55340,55260,55280,55340
2025-09-11 00:35:00,9000,55520,55320,55330,55500,55540,55350,55350,55520,55530,55335,55340,55510
2025-09-11 00:40:00,8300,55580,55490,55500,55580,55600,55500,55520,55590,55590,55495,55510,55585
2025-09-11 00:45:00,4300,55620,55560,55570,55600,55630,55580,55590,55620,55625,55570,55580,55610
2025-09-11 00:50:00,3100,55610,55570,55600,55570,55630,55580,55620,55580,55615,55575,55610,55575
2025-09-11 00:55:00,7600,55650,55500,55570,55630,55670,55520,55580,55650,55660,55510,55575,55640
2025-09-11 01:00:00,7000,55640,55530,55630,55580,55660,55560,55650,55600,55650,55545,55640,55590
2025-09-11 01:05:00,8400,55680,55520,55580,55670,55700,55540,55600,55690,55690,55530,55590,55680
2025-09-11 01:10:00,5100,55680,55530,55670,55550,55700,55560,55690,55560,55690,55545,55680,55555
2025-09-11 01:15:00,5100,55630,55520,55550,55590,55660,55540,55560,55610,55645,55530,55555,55600
2025-09-11 01:20:00,6000,55610,55520,55590,55560,55640,55530,55610,55590,55625,55525,55600,55575
2025-09-11 01:25:00,3600,55590,55530,55560,55540,55600,55560,55590,55570,55595,55545,55575,55555
2025-09-11 01:30:00,4200,55630,55540,55550,55610,55650,55570,55570,55630,55640,55555,55560,55620
2025-09-11 01:35:00,5600,55630,55540,55610,55580,55650,55560,55630,55600,55640,55550,55620,55590
2025-09-11 01:40:00,3800,55650,55580,55580,55610,55660,55600,55600,55630,55655,55590,55590,55620
2025-09-11 01:45:00,1900,55620,55540,55610,55540,55640,55550,55630,55560,55630,55545,55620,55550
2025-09-11 01:50:00,10300,55580,55460,55540,55580,55600,55480,55560,55600,55590,55470,55550,55590
2025-09-11 01:55:00,1600,55600,55550,55580,55580,55620,55570,55600,55600,55610,55560,55590,55590
2025-09-11 02:00:00,5300,55590,55470,55580,55500,55610,55500,55600,55530,55600,55485,55590,55515
2025-09-11 02:05:00,2700,55590,55500,55500,55570,55600,55510,55530,55590,55595,55505,55515,55580
2025-09-11 02:10:00,6200,55710,55570,55570,55700,55720,55580,55590,55720,55715,55575,55580,55710
2025-09-11 02:15:00,4000,55770,55700,55700,55740,55780,55710,55720,55760,55775,55705,55710,55750
2025-09-11 02:20:00,4100,55750,55660,55740,55670,55770,55690,55760,55690,55760,55675,55750,55680
2025-09-11 02:25:00,4000,55690,55650,55670,55690,55720,55660,55690,55700,55705,55655,55680,55695
2025-09-11 02:30:00,1300,55690,55690,55690,55690,55700,55700,55700,55700,55695,55695,55695,55695
2025-09-11 03:30:00,20100,55700,55550,55550,55640,55730,55600,55690,55660,55715,55585,55620,55650
2025-09-11 03:35:00,4400,55660,55610,55640,55640,55680,55630,55660,55660,55670,55620,55650,55650
2025-09-11 03:40:00,4100,55660,55600,55640,55610,55690,55620,55660,55630,55675,55610,55650,55620
2025-09-11 03:45:00,4700,55670,55610,55610,55640,55680,55630,55630,55670,55675,55620,55620,55655
2025-09-11 03:50:00,2600,55660,55610,55640,55630,55670,55620,55670,55650,55665,55615,55655,55640
2025-09-11 03:55:00,2600,55670,55630,55630,55670,55690,55650,55650,55690,55680,55640,55640,55680
2025-09-11 04:00:00,7100,55760,55670,55670,55750,55770,55680,55690,55770,55765,55675,55680,55760
2025-09-11 04:05:00,2800,55770,55730,55750,55760,55780,55750,55770,55770,55775,55740,55760,55765
2025-09-11 04:10:00,8500,55760,55600,55760,55650,55770,55620,55770,55670,55765,55610,55765,55660
2025-09-11 04:15:00,2200,55650,55600,55650,55610,55670,55610,55670,55620,55660,55605,55660,55615
2025-09-11 04:20:00,6300,55610,55500,55610,55560,55620,55520,55620,55580,55615,55510,55615,55570
2025-09-11 04:25:00,3900,55580,55500,55560,55560,55600,55510,55580,55580,55590,55505,55570,55570
2025-09-11 04:30:00,1900,55590,55560,55560,55570,55600,55580,55580,55590,55595,55570,55570,55580
2025-09-11 04:35:00,2900,55590,55560,55570,55570,55600,55570,55590,55590,55595,55565,55580,55580
2025-09-11 04:40:00,1600,55580,55560,55570,55560,55600,55570,55590,55570,55585,55565,55580,55565
2025-09-11 04:45:00,2400,55580,55540,55560,55540,55600,55550,55570,55550,55590,55545,55565,55545
2025-09-11 04:50:00,5400,55550,55480,55540,55480,55570,55490,55550,55490,55560,55485,55545,55485
2025-09-11 04:55:00,3300,55520,55480,55480,55490,55530,55490,55490,55510,55525,55485,55485,55500
2025-09-11 05:00:00,1900,55520,55490,55490,55500,55540,55510,55520,55520,55530,55500,55505,55510
2025-09-11 05:05:00,2500,55560,55500,55500,55560,55580,55520,55520,55570,55565,55510,55510,55565
2025-09-11 05:10:00,7900,55600,55460,55560,55520,55610,55480,55570,55540,55605,55470,55565,55530
2025-09-11 05:15:00,4900,55610,55480,55520,55580,55630,55500,55540,55600,55620,55490,55530,55590
2025-09-11 05:20:00,8500,55720,55540,55580,55700,55730,55580,55600,55730,55725,55560,55590,55715
2025-09-11 05:25:00,2500,55720,55680,55700,55710,55730,55710,55730,55720,55725,55695,55715,55715
2025-09-11 05:30:00,7700,55810,55710,55710,55800,55820,55720,55720,55820,55815,55715,55715,55810
2025-09-11 05:35:00,4400,55840,55780,55800,55830,55850,55790,55820,55850,55845,55785,55810,55840
2025-09-11 05:40:00,5700,55840,55790,55830,55820,55850,55800,55850,55830,55845,55795,55840,55825
2025-09-11 05:45:00,3400,55820,55780,55820,55810,55830,55800,55830,55830,55825,55790,55825,55820
2025-09-11 05:50:00,3600,55850,55800,55810,55850,55860,55810,55830,55860,55855,55805,55820,55855
2025-09-11 05:55:00,4000,55870,55830,55850,55850,55880,55840,55860,55860,55875,55835,55855,55855
2025-09-11 06:00:00,3700,55860,55810,55850,55860,55880,55830,55860,55880,55870,55820,55855,55870
2025-09-11 06:05:00,5200,55880,55840,55860,55870,55890,55860,55870,55880,55885,55850,55865,55875
2025-09-11 06:10:00,9100,55970,55870,55870,55930,55980,55880,55880,55950,55975,55875,55875,55940
2025-09-11 06:15:00,4300,55940,55860,55930,55870,55960,55880,55940,55890,55945,55870,55935,55880
2025-09-11 06:20:00,8100,55890,55830,55870,55870,55900,55840,55890,55890,55895,55835,55880,55880
2025-09-11 06:25:00,,55900,55140,55900,55720,55910,55150,55910,55730,55905,55145,55905,55725
2025-09-11 06:30:00,111700,55720,55720,55720,55720,55870,55870,55870,55870,55795,55795,55795,55795
2025-09-12 00:00:00,199100,56480,56140,56430,56240,56500,56160,56440,56270,56490,56150,56435,56255
2025-09-12 00:05:00,11000,56240,56050,56240,56180,56270,56070,56270,56210,56255,56060,56255,56195
2025-09-12 00:10:00,12500,56300,56180,56180,56260,56320,56200,56210,56270,56310,56190,56195,56265
2025-09-12 00:15:00,14300,56410,56200,56260,56380,56430,56220,56270,56410,56420,56210,56265,56395
2025-09-12 00:20:00,6300,56430,56300,56370,56360,56450,56320,56410,56380,56440,56310,56390,56370
2025-09-12 00:25:00,4900,56400,56230,56360,56240,56410,56240,56380,56260,56405,56235,56370,56250
2025-09-12 00:30:00,6800,56260,56100,56240,56160,56270,56120,56260,56180,56265,56115,56250,56170
2025-09-12 00:35:00,6400,56190,56030,56160,56070,56220,56040,56180,56090,56205,56035,56170,56080
2025-09-12 00:40:00,5900,56090,55970,56070,56000,56110,55980,56090,56020,56100,55975,56080,56010
2025-09-12 00:45:00,10900,56030,55900,56000,56000,56050,55920,56020,56030,56040,55910,56010,56015
2025-09-12 00:50:00,3200,56060,55980,56000,56010,56090,56000,56030,56030,56075,55990,56015,56020
2025-09-12 00:55:00,3000,56080,56010,56010,56020,56100,56030,56030,56030,56090,56020,56020,56025
2025-09-12 01:00:00,5100,56030,55940,56020,55950,56040,55950,56030,55970,56035,55945,56025,55960
2025-09-12 01:05:00,3500,56030,55950,55950,55990,56050,55970,55970,56020,56040,55960,55960,56005
2025-09-12 01:10:00,2300,56000,55940,55990,55950,56020,55970,56020,55970,56005,55955,56005,55960
2025-09-12 01:15:00,3500,55970,55890,55950,55920,56000,55900,55970,55950,55985,55895,55960,55935
2025-09-12 01:20:00,2900,55930,55890,55920,55930,55950,55900,55950,55940,55940,55895,55935,55935
2025-09-12 01:25:00,3600,56040,55900,55930,56040,56050,55920,55940,56050,56045,55910,55935,56045
2025-09-12 01:30:00,3900,56080,56020,56040,56070,56100,56040,56060,56090,56090,56035,56050,56080
2025-09-12 01:35:00,1900,56090,56040,56070,56080,56100,56050,56090,56090,56095,56045,56080,56085
2025-09-12 01:40:00,3800,56140,56060,56080,56110,56150,56080,56090,56120,56145,56075,56085,56115
2025-09-12 01:45:00,2800,56140,56100,56110,56100,56150,56110,56120,56110,56145,56105,56115,56105
2025-09-12 01:50:00,1000,56100,56050,56100,56060,56110,56060,56110,56070,56105,56055,56105,56065
2025-09-12 01:55:00,1700,56060,56000,56060,56000,56070,56030,56070,56030,56065,56015,56065,56015
2025-09-12 02:00:00,3800,56020,55970,56000,55990,56030,55990,56030,56010,56025,55980,56015,56000
2025-09-12 02:05:00,1900,56010,55960,55990,55990,56030,55970,56010,56010,56020,55965,56000,56000
2025-09-12 02:10:00,1200,56020,55990,55990,56020,56040,56010,56010,56040,56030,56000,56000,56030
2025-09-12 02:15:00,2900,56040,55970,56020,55990,56060,55990,56040,56020,56050,55980,56030,56005
2025-09-12 02:20:00,1000,56040,55990,55990,56040,56050,56020,56020,56050,56045,56005,56005,56045
2025-09-12 02:25:00,2300,56040,56000,56040,56020,56050,56020,56050,56040,56045,56010,56045,56030
2025-09-12 02:30:00,2200,56020,56020,56020,56020,56040,56040,56040,56040,56030,56030,56030,56030
2025-09-12 03:30:00,18800,56200,55990,56000,56190,56210,56020,56040,56200,56205,56005,56020,56195
2025-09-12 03:35:00,3900,56190,56110,56190,56140,56200,56140,56200,56160,56195,56125,56195,56150
2025-09-12 03:40:00,1600,56160,56120,56140,56140,56190,56140,56160,56160,56170,56130,56150,56150
2025-09-12 03:45:00,3000,56170,56140,56140,56140,56190,56150,56160,56160,56180,56145,56150,56150
2025-09-12 03:50:00,1900,56140,56080,56140,56080,56160,56100,56160,56110,56150,56090,56150,56095
2025-09-12 03:55:00,3800,56130,56050,56080,56110,56150,56080,56110,56130,56140,56065,56095,56120
2025-09-12 04:00:00,2100,56150,56110,56110,56120,56170,56130,56130,56130,56160,56120,56120,56125
2025-09-12 04:05:00,1300,56130,56100,56110,56130,56140,56120,56130,56140,56135,56110,56120,56135
2025-09-12 04:10:00,3600,56160,56110,56130,56130,56170,56130,56140,56160,56165,56120,56135,56145
2025-09-12 04:15:00,1400,56140,56120,56130,56120,56160,56140,56150,56150,56150,56130,56140,56135
2025-09-12 04:20:00,1200,56150,56120,56120,56140,56170,56140,56150,56160,56160,56135,56135,56150
2025-09-12 04:25:00,2100,56150,56120,56140,56140,56160,56130,56160,56160,56155,56125,56150,56150
2025-09-12 04:30:00,1200,56150,56110,56140,56110,56160,56120,56160,56130,56155,56115,56150,56120
2025-09-12 04:35:00,3600,56110,56070,56110,56090,56140,56090,56130,56110,56125,56080,56120,56100
2025-09-12 04:40:00,1700,56150,56090,56090,56140,56160,56110,56110,56160,56155,56100,56100,56150
2025-09-12 04:45:00,700,56140,56120,56140,56120,56160,56130,56160,56130,56150,56125,56150,56125
2025-09-12 04:50:00,1800,56120,56050,56120,56060,56130,56070,56130,56070,56125,56060,56125,56065
2025-09-12 04:55:00,4700,56060,56000,56060,56040,56070,56020,56070,56060,56065,56010,56065,56050
2025-09-12 05:00:00,1300,56070,56040,56040,56070,56080,56060,56060,56080,56075,56050,56050,56075
2025-09-12 05:05:00,3300,56130,56070,56070,56120,56150,56080,56080,56140,56140,56075,56075,56130
2025-09-12 05:10:00,1900,56120,56080,56120,56100,56140,56100,56140,56130,56130,56090,56130,56115
2025-09-12 05:15:00,2400,56140,56090,56100,56130,56150,56100,56120,56150,56145,56095,56110,56140
2025-09-12 05:20:00,1200,56140,56110,56130,56140,56150,56130,56140,56150,56145,56120,56135,56145
2025-09-12 05:25:00,2200,56140,56110,56140,56140,56150,56120,56150,56150,56145,56115,56145,56145
2025-09-12 05:30:00,3000,56140,56080,56140,56100,56150,56100,56150,56120,56145,56090,56145,56110
2025-09-12 05:35:00,1800,56110,56080,56100,56080,56120,56090,56120,56090,56115,56085,56110,56085
2025-09-12 05:40:00,6100,56090,56020,56080,56060,56110,56040,56090,56070,56100,56030,56085,56065
2025-09-12 05:45:00,3700,56130,56060,56060,56130,56150,56070,56070,56150,56140,56065,56065,56140
2025-09-12 05:50:00,2800,56130,56090,56130,56130,56150,56100,56150,56150,56140,56095,56140,56140
2025-09-12 05:55:00,4800,56170,56120,56130,56160,56180,56130,56150,56170,56175,56125,56140,56165
2025-09-12 06:00:00,4100,56160,56100,56160,56160,56170,56110,56170,56170,56165,56105,56165,56165
2025-09-12 06:05:00,3600,56160,56090,56160,56130,56180,56110,56170,56140,56170,56100,56165,56135
2025-09-12 06:10:00,3800,56140,56100,56130,56120,56150,56120,56140,56130,56145,56110,56135,56125
2025-09-12 06:15:00,11900,56210,56120,56120,56190,56220,56130,56130,56210,56215,56125,56125,56200
2025-09-12 06:20:00,7000,56190,56150,56190,56150,56210,56160,56210,56170,56200,56155,56200,56160
2025-09-12 06:25:00,,56210,55320,55680,56210,56220,55320,55690,56220,56215,55320,55685,56215
2025-09-12 06:30:00,100500,56210,56210,56210,56210,56220,56220,56220,56220,56215,56215,56215,56215
2025-09-16 00:00:00,154500,57500,56510,56690,57050,57590,56630,56700,57090,57540,56575,56695,57070
2025-09-16 00:05:00,30900,57250,56940,57050,57170,57300,56950,57090,57200,57275,56945,57070,57185
2025-09-16 00:10:00,34000,57390,57000,57170,57360,57410,57080,57200,57390,57395,57040,57185,57375
2025-09-16 00:15:00,15100,57460,57250,57360,57270,57490,57280,57390,57290,57475,57270,57375,57280
2025-09-16 00:20:00,11200,57270,56890,57270,56900,57290,56910,57290,56930,57280,56900,57280,56915
2025-09-16 00:25:00,17200,56900,56420,56900,56530,56930,56460,56930,56560,56915,56450,56915,56545
2025-09-16 00:30:00,10900,56560,56320,56530,56370,56590,56340,56560,56390,56570,56335,56545,56380
2025-09-16 00:35:00,3500,56440,56330,56370,56380,56470,56370,56390,56420,56455,56350,56380,56400
2025-09-16 00:40:00,3900,56410,56360,56380,56370,56470,56380,56420,56390,56440,56370,56400,56380
2025-09-16 00:45:00,8800,56420,56300,56370,56350,56450,56320,56390,56390,56435,56310,56380,56370
2025-09-16 00:50:00,8000,56410,56220,56350,56220,56450,56240,56390,56250,56430,56230,56370,56235
2025-09-16 00:55:00,9200,56340,56170,56220,56270,56370,56180,56250,56300,56355,56175,56235,56285
2025-09-16 01:00:00,4200,56290,56230,56270,56290,56310,56250,56300,56310,56300,56240,56285,56300
2025-09-16 01:05:00,3500,56400,56280,56290,56360,56410,56300,56310,56390,56405,56290,56300,56375
2025-09-16 01:10:00,2400,56420,56360,56360,56410,56450,56390,56400,56440,56425,56380,56380,56425
2025-09-16 01:15:00,3700,56410,56340,56410,56350,56450,56360,56440,56370,56430,56355,56425,56360
2025-09-16 01:20:00,6000,56410,56310,56350,56410,56440,56320,56360,56430,56420,56315,56355,56420
2025-09-16 01:25:00,4700,56440,56360,56410,56440,56450,56380,56430,56450,56445,56370,56420,56445
2025-09-16 01:30:00,7300,56580,56440,56440,56580,56600,56460,56460,56600,56590,56450,56450,56590
2025-09-16 01:35:00,6400,56730,56580,56580,56710,56750,56600,56600,56730,56740,56590,56590,56720
2025-09-16 01:40:00,5100,56720,56620,56700,56710,56740,56650,56730,56740,56730,56635,56715,56725
2025-09-16 01:45:00,5300,56770,56630,56710,56770,56800,56660,56740,56790,56785,56645,56725,56780
2025-09-16 01:50:00,5600,56840,56710,56770,56750,56850,56730,56790,56790,56845,56725,56780,56770
2025-09-16 01:55:00,3600,56840,56750,56760,56790,56850,56780,56790,56810,56845,56765,56775,56800
2025-09-16 02:00:00,6000,56860,56720,56790,56780,56880,56760,56810,56810,56870,56745,56800,56795
2025-09-16 02:05:00,2900,56840,56770,56780,56810,56860,56790,56820,56830,56850,56785,56800,56820
2025-09-16 02:10:00,2200,56810,56740,56810,56740,56840,56760,56830,56760,56825,56750,56820,56750
2025-09-16 02:15:00,3200,56850,56730,56740,56790,56860,56760,56760,56820,56855,56745,56750,56805
2025-09-16 02:20:00,2600,56800,56750,56790,56750,56820,56770,56820,56780,56810,56760,56805,56765
2025-09-16 02:25:00,4600,56790,56740,56750,56760,56800,56750,56780,56790,56795,56745,56765,56775
2025-09-16 02:30:00,400,56760,56760,56760,56760,56800,56800,56800,56800,56780,56780,56780,56780
2025-09-16 03:30:00,19700,57050,56900,56950,56970,57080,56940,56960,57000,57065,56920,56955,56985
2025-09-16 03:35:00,5000,57030,56930,56970,56940,57060,56960,57000,56960,57045,56950,56985,56950
2025-09-16 03:40:00,3500,56950,56890,56940,56900,56990,56920,56960,56920,56970,56905,56950,56910
2025-09-16 03:45:00,4300,56930,56830,56900,56840,56950,56870,56920,56870,56940,56855,56910,56855
2025-09-16 03:50:00,5100,56840,56680,56840,56710,56870,56700,56870,56740,56855,56690,56855,56725
2025-09-16 03:55:00,4200,56790,56680,56710,56770,56820,56700,56740,56800,56805,56690,56725,56785
2025-09-16 04:00:00,5000,56790,56700,56770,56760,56820,56720,56800,56800,56800,56710,56785,56780
2025-09-16 04:05:00,2700,56790,56730,56760,56750,56800,56760,56800,56770,56795,56745,56780,56760
2025-09-16 04:10:00,3200,56750,56660,56740,56690,56770,56670,56770,56720,56760,56665,56755,56705
2025-09-16 04:15:00,1600,56770,56690,56690,56760,56790,56700,56720,56780,56780,56695,56705,56770
2025-09-16 04:20:00,3200,56870,56760,56760,56840,56900,56780,56780,56870,56885,56770,56770,56855
2025-09-16 04:25:00,2100,56860,56770,56840,56790,56880,56790,56870,56820,56870,56780,56855,56805
2025-09-16 04:30:00,1700,56790,56740,56790,56740,56820,56760,56820,56760,56805,56750,56805,56750
2025-09-16 04:35:00,1700,56770,56730,56740,56760,56790,56750,56760,56780,56780,56740,56750,56770
2025-09-16 04:40:00,1700,56840,56760,56760,56830,56850,56780,56780,56850,56845,56770,56770,56840
2025-09-16 04:45:00,3800,56870,56820,56830,56860,56880,56840,56850,56880,56875,56830,56840,56870
2025-09-16 04:50:00,2000,56890,56840,56860,56890,56910,56870,56880,56910,56900,56855,56870,56900
2025-09-16 04:55:00,4500,56930,56880,56890,56890,56940,56900,56910,56910,56935,56890,56900,56900
2025-09-16 05:00:00,3200,56900,56850,56890,56860,56910,56860,56910,56880,56905,56855,56900,56870
2025-09-16 05:05:00,1700,56870,56830,56860,56850,56890,56850,56890,56870,56875,56840,56875,56860
2025-09-16 05:10:00,6000,56920,56850,56850,56910,56930,56860,56860,56930,56925,56855,56855,56920
2025-09-16 05:15:00,2400,56930,56880,56910,56890,56940,56900,56930,56910,56935,56895,56920,56900
2025-09-16 05:20:00,2700,56890,56830,56890,56850,56910,56840,56900,56870,56900,56835,56895,56860
2025-09-16 05:25:00,1700,56860,56800,56850,56850,56870,56830,56870,56870,56865,56820,56860,56860
2025-09-16 05:30:00,3600,56850,56770,56850,56780,56870,56790,56860,56800,56855,56780,56855,56790
2025-09-16 05:35:00,1300,56810,56780,56780,56800,56820,56800,56800,56820,56815,56790,56790,56810
2025-09-16 05:40:00,2300,56810,56770,56800,56780,56820,56780,56820,56800,56815,56775,56810,56790
2025-09-16 05:45:00,2400,56800,56760,56780,56780,56810,56770,56800,56790,56805,56765,56790,56785
2025-09-16 05:50:00,3800,56840,56770,56780,56800,56860,56780,56790,56820,56850,56775,56785,56810
2025-09-16 05:55:00,4700,56880,56750,56800,56880,56890,56770,56820,56890,56885,56760,56810,56885
2025-09-16 06:00:00,7000,56900,56770,56880,56810,56920,56790,56890,56840,56910,56780,56885,56825
2025-09-16 06:05:00,3500,56840,56790,56820,56790,56850,56810,56840,56810,56845,56800,56830,56800
2025-09-16 06:10:00,9600,56790,56720,56790,56730,56810,56740,56810,56750,56800,56730,56800,56740
2025-09-16 06:15:00,5400,56750,56710,56730,56730,56760,56720,56750,56740,56755,56715,56740,56735
2025-09-16 06:20:00,7500,56760,56710,56730,56720,56780,56720,56740,56740,56770,56715,56735,56730
2025-09-16 06:25:00,,56960,56250,56370,56670,56970,56260,56380,56680,56965,56255,56375,56675
2025-09-16 06:30:00,102300,56660,56660,56660,56660,56700,56700,56700,56700,56680,56680,56680,56680
2025-09-17 00:00:00,110900,55980,55730,55830,55900,56030,55760,55840,55930,56005,55745,55835,55915
2025-09-17 00:05:00,24600,56350,55900,55900,56290,56370,55930,55930,56320,56360,55915,55915,56305
2025-09-17 00:10:00,17500,56340,55910,56290,55920,56370,55930,56320,55960,56350,55920,56305,55940
2025-09-17 00:15:00,17500,55960,55820,55920,55830,55980,55830,55960,55850,55970,55825,55940,55840
2025-09-17 00:20:00,9900,55960,55830,55830,55940,55980,55850,55850,55970,55965,55840,55840,55955
2025-09-17 00:25:00,9400,56080,55930,55940,56020,56110,55950,55970,56060,56095,55940,55955,56040
2025-09-17 00:30:00,8500,56080,55960,56020,55990,56110,55990,56050,56010,56095,55975,56035,56000
2025-09-17 00:35:00,5600,56080,55960,55990,56050,56110,55990,56010,56080,56090,55975,56000,56065
2025-09-17 00:40:00,7700,56120,56010,56060,56020,56140,56030,56080,56050,56130,56020,56070,56035
2025-09-17 00:45:00,6000,56150,56010,56020,56110,56170,56040,56050,56140,56155,56025,56035,56125
2025-09-17 00:50:00,4400,56170,56050,56110,56090,56180,56070,56140,56110,56175,56060,56125,56100
2025-09-17 00:55:00,3700,56130,56080,56090,56090,56150,56100,56110,56110,56140,56090,56100,56100
2025-09-17 01:00:00,15700,56470,56090,56090,56460,56480,56110,56110,56480,56475,56100,56100,56470
2025-09-17 01:05:00,9800,56540,56410,56460,56530,56560,56440,56480,56560,56550,56425,56470,56545
2025-09-17 01:10:00,6800,56570,56450,56530,56530,56590,56470,56550,56550,56580,56460,56540,56540
2025-09-17 01:15:00,3700,56570,56500,56540,56540,56580,56520,56550,56570,56575,56510,56545,56555
2025-09-17 01:20:00,9000,56630,56530,56540,56630,56650,56550,56570,56650,56640,56540,56555,56640
2025-09-17 01:25:00,6300,56680,56610,56630,56660,56700,56620,56650,56690,56690,56615,56640,56675
2025-09-17 01:30:00,6100,56680,56610,56660,56660,56690,56630,56690,56680,56685,56620,56675,56670
2025-09-17 01:35:00,6600,56790,56660,56660,56760,56810,56680,56680,56780,56800,56670,56670,56770
2025-09-17 01:40:00,6800,56860,56760,56760,56850,56870,56780,56780,56860,56865,56770,56770,56855
2025-09-17 01:45:00,11300,56980,56790,56850,56960,57000,56820,56860,56990,56985,56805,56855,56975
2025-09-17 01:50:00,14800,57080,56900,56960,56920,57100,56930,56990,56940,57090,56915,56975,56930
2025-09-17 01:55:00,7500,56920,56650,56920,56670,56930,56680,56930,56690,56925,56670,56925,56680
2025-09-17 02:00:00,4200,56740,56610,56670,56720,56750,56640,56690,56740,56745,56630,56680,56730
2025-09-17 02:05:00,5900,56730,56560,56720,56590,56750,56570,56740,56610,56740,56565,56730,56600
2025-09-17 02:10:00,1900,56610,56580,56590,56610,56640,56590,56610,56630,56625,56585,56600,56620
2025-09-17 02:15:00,5800,56630,56520,56610,56520,56650,56540,56630,56540,56640,56530,56620,56530
2025-09-17 02:20:00,2000,56520,56440,56520,56510,56540,56470,56540,56540,56530,56460,56530,56525
2025-09-17 02:25:00,3200,56570,56500,56510,56550,56580,56530,56540,56570,56575,56515,56525,56560
2025-09-17 02:30:00,7400,56530,56530,56530,56530,56570,56570,56570,56570,56550,56550,56550,56550
2025-09-17 03:30:00,37000,56660,56380,56490,56660,56680,56410,56530,56680,56670,56395,56510,56670
2025-09-17 03:35:00,6300,56740,56650,56660,56650,56760,56670,56680,56680,56750,56660,56670,56665
2025-09-17 03:40:00,3200,56710,56630,56650,56650,56730,56640,56680,56670,56720,56635,56665,56660
2025-09-17 03:45:00,2800,56680,56600,56650,56630,56700,56630,56670,56650,56690,56615,56660,56640
2025-09-17 03:50:00,3800,56630,56580,56630,56610,56650,56590,56650,56630,56640,56585,56640,56620
2025-09-17 03:55:00,1900,56630,56600,56610,56630,56650,56610,56630,56650,56640,56605,56620,56640
2025-09-17 04:00:00,3100,56630,56550,56630,56560,56650,56580,56650,56590,56640,56570,56640,56575
2025-09-17 04:05:00,3800,56570,56510,56560,56520,56590,56530,56590,56540,56580,56520,56575,56530
2025-09-17 04:10:00,5400,56520,56480,56520,56490,56540,56490,56540,56520,56530,56485,56530,56505
2025-09-17 04:15:00,3500,56560,56450,56490,56560,56580,56480,56510,56580,56570,56465,56500,56570
2025-09-17 04:20:00,2000,56590,56510,56560,56520,56600,56530,56580,56530,56595,56525,56570,56525
2025-09-17 04:25:00,5400,56540,56450,56510,56480,56550,56470,56530,56500,56545,56460,56520,56490
2025-09-17 04:30:00,4500,56500,56430,56480,56470,56520,56450,56500,56490,56510,56440,56490,56480
2025-09-17 04:35:00,1700,56530,56460,56460,56520,56540,56480,56490,56540,56535,56475,56475,56530
2025-09-17 04:40:00,2900,56580,56510,56520,56550,56600,56530,56540,56560,56590,56520,56530,56555
2025-09-17 04:45:00,3300,56570,56520,56550,56570,56590,56550,56560,56590,56580,56535,56555,56580
2025-09-17 04:50:00,2300,56580,56540,56570,56560,56600,56550,56590,56580,56590,56545,56580,56570
2025-09-17 04:55:00,3300,56560,56510,56560,56540,56570,56530,56570,56560,56565,56520,56565,56550
2025-09-17 05:00:00,4600,56650,56550,56550,56630,56660,56560,56560,56650,56655,56555,56555,56640
2025-09-17 05:05:00,2300,56630,56580,56630,56600,56650,56590,56650,56610,56640,56585,56640,56605
2025-09-17 05:10:00,2600,56620,56590,56600,56600,56650,56600,56610,56620,56630,56595,56605,56610
2025-09-17 05:15:00,3300,56600,56530,56600,56560,56620,56550,56620,56570,56610,56540,56610,56565
2025-09-17 05:20:00,3400,56580,56510,56550,56510,56590,56530,56570,56530,56585,56520,56560,56520
2025-09-17 05:25:00,2600,56540,56510,56520,56510,56550,56520,56530,56530,56545,56515,56525,56520
2025-09-17 05:30:00,4000,56510,56470,56510,56500,56530,56490,56530,56530,56520,56480,56520,56515
2025-09-17 05:35:00,2500,56510,56480,56500,56510,56530,56490,56530,56520,56520,56485,56515,56515
2025-09-17 05:40:00,3000,56520,56500,56510,56510,56530,56510,56520,56520,56525,56505,56515,56515
2025-09-17 05:45:00,4200,56570,56500,56510,56570,56590,56510,56520,56580,56580,56505,56515,56575
2025-09-17 05:50:00,3700,56600,56560,56570,56570,56610,56580,56580,56580,56605,56570,56575,56575
2025-09-17 05:55:00,3400,56590,56550,56570,56560,56600,56560,56580,56570,56595,56555,56575,56565
2025-09-17 06:00:00,10200,56620,56550,56560,56610,56640,56560,56570,56630,56630,56555,56565,56620
2025-09-17 06:05:00,3700,56630,56530,56610,56530,56640,56540,56630,56540,56635,56535,56620,56535
2025-09-17 06:10:00,6600,56630,56510,56530,56620,56640,56520,56540,56630,56635,56515,56535,56625
2025-09-17 06:15:00,6100,56640,56610,56620,56620,56650,56620,56630,56630,56645,56615,56625,56625
2025-09-17 06:20:00,6400,56620,56540,56620,56550,56630,56550,56630,56570,56625,56545,56625,56560
2025-09-17 06:25:00,,56970,56000,56970,56440,56980,56010,56980,56450,56975,56005,56975,56445
2025-09-17 06:30:00,120700,56440,56440,56440,56440,56550,56550,56550,56550,56495,56495,56495,56495
2025-09-18 00:00:00,58100,56250,56010,56200,56240,56340,56070,56210,56270,56285,56040,56205,56255
2025-09-18 00:05:00,13600,56290,56160,56240,56230,56320,56180,56270,56260,56300,56170,56255,56245
2025-09-18 00:10:00,11800,56280,56140,56230,56270,56290,56160,56260,56290,56285,56150,56245,56280
2025-09-18 00:15:00,8200,56340,56260,56270,56270,56370,56270,56290,56300,56355,56265,56280,56285
2025-09-18 00:20:00,7900,56320,56210,56270,56290,56350,56240,56300,56310,56335,56230,56285,56300
2025-09-18 00:25:00,5500,56380,56210,56290,56350,56390,56240,56310,56370,56385,56225,56300,56360
2025-09-18 00:30:00,11000,56460,56340,56350,56450,56480,56350,56370,56470,56470,56345,56360,56460
2025-09-18 00:35:00,6100,56530,56390,56450,56390,56540,56410,56470,56420,56535,56400,56460,56405
2025-09-18 00:40:00,2700,56460,56390,56390,56400,56470,56410,56420,56430,56465,56400,56405,56415
2025-09-18 00:45:00,5200,56420,56230,56410,56270,56440,56270,56430,56290,56430,56250,56420,56280
2025-09-18 00:50:00,4700,56280,56220,56270,56270,56290,56240,56290,56290,56285,56230,56280,56280
2025-09-18 00:55:00,3000,56380,56260,56270,56340,56400,56280,56290,56360,56390,56275,56280,56350
2025-09-18 01:00:00,4400,56400,56330,56340,56380,56420,56350,56360,56400,56410,56340,56350,56390
2025-09-18 01:05:00,5700,56520,56380,56380,56520,56530,56400,56400,56530,56525,56390,56390,56525
2025-09-18 01:10:00,3900,56540,56490,56520,56510,56550,56510,56530,56530,56545,56505,56525,56520
2025-09-18 01:15:00,4000,56570,56500,56510,56550,56580,56530,56530,56570,56575,56515,56520,56560
2025-09-18 01:20:00,2400,56560,56520,56550,56550,56580,56530,56570,56570,56570,56525,56560,56560
2025-09-18 01:25:00,2300,56560,56520,56550,56540,56570,56530,56570,56560,56565,56525,56560,56550
2025-09-18 01:30:00,3000,56580,56540,56540,56550,56600,56560,56560,56580,56590,56550,56550,56565
2025-09-18 01:35:00,1800,56560,56520,56560,56530,56580,56530,56580,56550,56570,56525,56570,56540
2025-09-18 01:40:00,1700,56570,56530,56530,56550,56590,56540,56540,56570,56580,56535,56535,56560
2025-09-18 01:45:00,4600,56560,56470,56550,56500,56580,56480,56570,56520,56570,56475,56560,56510
2025-09-18 01:50:00,1400,56500,56450,56500,56480,56520,56470,56520,56500,56510,56460,56510,56490
2025-09-18 01:55:00,2100,56530,56470,56480,56480,56550,56500,56500,56500,56540,56485,56490,56490
2025-09-18 02:00:00,1800,56510,56460,56480,56480,56520,56470,56500,56500,56515,56465,56490,56490
2025-09-18 02:05:00,1600,56520,56460,56480,56520,56530,56490,56500,56530,56525,56475,56490,56525
2025-09-18 02:10:00,3500,56570,56510,56520,56570,56580,56530,56530,56580,56575,56525,56525,56575
2025-09-18 02:15:00,7400,56670,56550,56560,56640,56690,56570,56580,56660,56680,56565,56570,56650
2025-09-18 02:20:00,8900,56680,56610,56640,56650,56690,56640,56660,56680,56685,56625,56650,56665
2025-09-18 02:25:00,6600,56680,56610,56650,56630,56700,56640,56680,56660,56690,56625,56665,56645
2025-09-18 02:30:00,600,56630,56630,56630,56630,56660,56660,56660,56660,56645,56645,56645,56645
2025-09-18 03:30:00,13100,56740,56590,56620,56690,56760,56620,56660,56710,56750,56605,56640,56700
2025-09-18 03:35:00,4100,56700,56590,56690,56700,56720,56600,56710,56720,56710,56595,56700,56710
2025-09-18 03:40:00,8900,56840,56700,56700,56740,56850,56720,56720,56770,56845,56710,56710,56755
2025-09-18 03:45:00,3200,56780,56700,56740,56770,56800,56710,56770,56790,56790,56705,56755,56780
2025-09-18 03:50:00,6200,56890,56750,56770,56880,56900,56770,56790,56900,56895,56760,56780,56890
2025-09-18 03:55:00,9100,56980,56850,56870,56920,56990,56870,56900,56940,56985,56865,56885,56930
2025-09-18 04:00:00,22600,57040,56860,56920,56890,57080,56900,56940,56910,57060,56880,56930,56900
2025-09-18 04:05:00,2100,56920,56840,56890,56860,56940,56870,56900,56870,56930,56855,56895,56865
2025-09-18 04:10:00,2900,56920,56830,56860,56900,56940,56860,56870,56910,56930,56845,56865,56905
2025-09-18 04:15:00,2900,56950,56880,56900,56930,56970,56890,56910,56960,56955,56885,56905,56945
2025-09-18 04:20:00,4800,56940,56850,56930,56860,56960,56860,56960,56880,56950,56855,56945,56870
2025-09-18 04:25:00,2900,56880,56820,56870,56830,56900,56840,56880,56860,56890,56830,56875,56845
2025-09-18 04:30:00,2100,56840,56780,56830,56780,56870,56800,56860,56800,56855,56790,56845,56790
2025-09-18 04:35:00,5000,56790,56730,56780,56790,56820,56750,56800,56820,56805,56740,56790,56805
2025-09-18 04:40:00,3300,56820,56770,56790,56810,56840,56800,56820,56830,56830,56785,56805,56820
2025-09-18 04:45:00,4400,56830,56770,56810,56800,56840,56790,56830,56810,56835,56780,56820,56805
2025-09-18 04:50:00,1700,56840,56770,56800,56820,56850,56790,56810,56850,56845,56780,56805,56835
2025-09-18 04:55:00,12900,56960,56820,56820,56960,56980,56840,56850,56980,56970,56830,56835,56970
2025-09-18 05:00:00,10000,57040,56940,56960,57040,57060,56950,56980,57060,57050,56945,56970,57050
2025-09-18 05:05:00,4100,57080,56990,57040,57000,57090,57010,57060,57020,57085,57000,57050,57010
2025-09-18 05:10:00,4600,57010,56910,57000,56920,57020,56940,57020,56940,57015,56925,57010,56930
2025-09-18 05:15:00,2900,56950,56890,56920,56910,56970,56900,56940,56940,56960,56895,56930,56925
2025-09-18 05:20:00,3100,56930,56850,56910,56850,56950,56860,56940,56870,56940,56855,56925,56860
2025-09-18 05:25:00,4200,56850,56750,56850,56790,56870,56760,56870,56820,56860,56755,56860,56805
2025-09-18 05:30:00,2800,56800,56730,56790,56780,56820,56750,56820,56810,56810,56740,56805,56795
2025-09-18 05:35:00,1300,56790,56760,56780,56780,56810,56770,56810,56800,56800,56765,56795,56790
2025-09-18 05:40:00,1600,56790,56750,56780,56760,56800,56760,56800,56780,56795,56755,56790,56770
2025-09-18 05:45:00,1700,56760,56730,56760,56740,56780,56740,56780,56760,56770,56735,56770,56750
2025-09-18 05:50:00,2700,56780,56740,56740,56780,56790,56750,56760,56790,56785,56745,56750,56785
2025-09-18 05:55:00,1500,56780,56760,56780,56780,56800,56780,56790,56800,56790,56770,56785,56790
2025-09-18 06:00:00,3500,56820,56750,56780,56770,56850,56770,56800,56790,56835,56760,56790,56780
2025-09-18 06:05:00,2600,56810,56750,56770,56750,56820,56770,56790,56770,56815,56760,56780,56760
2025-09-18 06:10:00,2900,56760,56700,56750,56720,56780,56720,56770,56750,56770,56710,56760,56735
2025-09-18 06:15:00,5100,56760,56690,56720,56740,56780,56710,56750,56760,56770,56700,56735,56750
2025-09-18 06:20:00,5000,56750,56700,56740,56720,56770,56720,56770,56750,56760,56715,56755,56735
2025-09-18 06:25:00,,56980,56440,56780,56720,56990,56440,56790,56730,56985,56440,56785,56725
2025-09-18 06:30:00,90000,56700,56700,56700,56700,56730,56730,56730,56730,56715,56715,56715,56715
2025-09-19 00:00:00,110100,57780,57080,57080,57690,57800,57090,57090,57720,57790,57085,57085,57705
2025-09-19 00:05:00,23400,57730,57410,57690,57500,57750,57450,57720,57520,57740,57430,57705,57510
2025-09-19 00:10:00,11800,57520,57240,57500,57250,57570,57260,57520,57290,57545,57255,57510,57270
2025-09-19 00:15:00,11900,57340,57100,57250,57150,57360,57140,57300,57170,57350,57120,57275,57160
2025-09-19 00:20:00,9000,57150,57040,57150,57070,57180,57050,57170,57110,57165,57045,57160,57090
2025-09-19 00:25:00,6300,57130,57060,57070,57110,57170,57070,57110,57140,57150,57065,57090,57125
2025-09-19 00:30:00,14500,57140,56850,57110,56870,57160,56870,57140,56890,57150,56860,57125,56880
2025-09-19 00:35:00,8800,56880,56680,56870,56690,56890,56700,56890,56710,56885,56690,56880,56700
2025-09-19 00:40:00,11700,56720,56580,56690,56590,56750,56600,56710,56610,56735,56590,56700,56600
2025-09-19 00:45:00,8500,56610,56500,56590,56530,56630,56530,56610,56550,56615,56515,56600,56540
2025-09-19 00:50:00,17900,56530,56350,56530,56380,56550,56380,56550,56400,56540,56365,56540,56390
2025-09-19 00:55:00,12500,56460,56260,56380,56450,56490,56280,56400,56480,56475,56270,56390,56465
2025-09-19 01:00:00,10100,56470,56340,56450,56400,56490,56350,56480,56420,56480,56345,56465,56410
2025-09-19 01:05:00,7900,56540,56400,56400,56510,56560,56420,56420,56530,56545,56410,56410,56520
2025-09-19 01:10:00,7800,56610,56510,56510,56610,56640,56530,56530,56640,56625,56520,56520,56625
2025-09-19 01:15:00,5600,56650,56580,56610,56600,56660,56600,56640,56620,56655,56590,56625,56610
2025-09-19 01:20:00,2900,56680,56600,56600,56660,56700,56620,56620,56680,56690,56610,56610,56670
2025-09-19 01:25:00,3600,56700,56580,56670,56640,56710,56600,56680,56660,56705,56595,56675,56650
2025-09-19 01:30:00,4200,56700,56620,56640,56650,56710,56650,56660,56670,56705,56635,56650,56660
2025-09-19 01:35:00,3000,56700,56600,56650,56600,56710,56620,56680,56620,56705,56610,56665,56610
2025-09-19 01:40:00,4100,56620,56510,56600,56520,56640,56540,56620,56540,56625,56530,56610,56530
2025-09-19 01:45:00,4500,56610,56500,56520,56560,56640,56520,56540,56590,56620,56510,56530,56575
2025-09-19 01:50:00,1800,56660,56560,56560,56650,56680,56590,56590,56670,56670,56575,56575,56660
2025-09-19 01:55:00,3500,56680,56610,56650,56630,56700,56630,56670,56650,56685,56620,56660,56640
2025-09-19 02:00:00,2500,56670,56610,56630,56620,56690,56640,56650,56640,56680,56625,56640,56630
2025-09-19 02:05:00,1600,56630,56560,56620,56610,56650,56590,56640,56640,56640,56575,56630,56625
2025-09-19 02:10:00,3300,56620,56540,56610,56590,56650,56560,56640,56610,56635,56550,56625,56600
2025-09-19 02:15:00,1300,56610,56590,56590,56610,56640,56610,56610,56620,56625,56600,56600,56615
2025-09-19 02:20:00,2800,56640,56580,56610,56630,56670,56620,56620,56650,56655,56600,56615,56640
2025-09-19 02:25:00,3200,56650,56580,56630,56640,56680,56600,56650,56670,56665,56590,56640,56655
2025-09-19 02:30:00,2300,56640,56640,56640,56640,56680,56680,56680,56680,56660,56660,56660,56660
2025-09-19 03:30:00,14700,56680,56420,56650,56430,56710,56440,56660,56470,56695,56430,56655,56450
2025-09-19 03:35:00,3900,56550,56400,56430,56530,56590,56420,56470,56560,56565,56410,56450,56545
2025-09-19 03:40:00,3200,56580,56530,56530,56550,56600,56550,56560,56590,56590,56540,56545,56570
2025-09-19 03:45:00,21800,56580,56290,56550,56530,56600,56330,56590,56580,56590,56310,56570,56555
2025-09-19 03:50:00,4900,56580,56410,56520,56420,56620,56450,56580,56450,56600,56435,56550,56435
2025-09-19 03:55:00,5600,56470,56350,56420,56430,56500,56370,56450,56460,56480,56360,56435,56445
2025-09-19 04:00:00,14000,56490,56130,56430,56220,56530,56140,56460,56260,56510,56135,56445,56240
2025-09-19 04:05:00,12300,56300,56000,56220,56020,56340,56030,56260,56040,56320,56020,56240,56030
2025-09-19 04:10:00,16100,56040,55860,56010,55900,56060,55890,56040,55930,56050,55875,56025,55915
2025-09-19 04:15:00,14100,55990,55810,55900,55810,56010,55830,55930,55850,56000,55820,55915,55830
2025-09-19 04:20:00,8500,55950,55810,55810,55840,55980,55840,55850,55870,55965,55825,55830,55855
2025-09-19 04:25:00,17700,55990,55730,55840,55860,56030,55760,55870,55900,56010,55745,55855,55880
2025-09-19 04:30:00,7200,55950,55730,55860,55950,55990,55770,55900,55990,55970,55750,55880,55970
2025-09-19 04:35:00,5100,55980,55820,55950,55840,55990,55840,55990,55860,55985,55830,55970,55850
2025-09-19 04:40:00,8600,55850,55740,55840,55760,55900,55750,55860,55790,55875,55745,55850,55775
2025-09-19 04:45:00,8800,55800,55700,55760,55800,55830,55730,55790,55830,55815,55715,55775,55815
2025-09-19 04:50:00,17400,55810,55570,55800,55650,55830,55580,55830,55690,55820,55575,55815,55670
2025-09-19 04:55:00,7300,55750,55650,55650,55690,55770,55680,55690,55710,55755,55670,55670,55700
2025-09-19 05:00:00,7300,55700,55630,55690,55640,55720,55640,55700,55660,55710,55635,55695,55650
2025-09-19 05:05:00,7600,55810,55640,55640,55810,55840,55660,55660,55830,55820,55650,55650,55820
2025-09-19 05:10:00,10100,55920,55800,55810,55840,55940,55830,55830,55870,55930,55815,55820,55855
2025-09-19 05:15:00,4700,55850,55800,55840,55800,55880,55820,55870,55820,55860,55810,55855,55810
2025-09-19 05:20:00,6100,55830,55760,55800,55790,55850,55780,55820,55830,55840,55770,55810,55810
2025-09-19 05:25:00,7500,55820,55730,55790,55730,55850,55760,55830,55760,55830,55745,55810,55745
2025-09-19 05:30:00,7700,55760,55620,55730,55620,55790,55640,55760,55640,55770,55630,55745,55630
2025-09-19 05:35:00,12100,55620,55550,55620,55580,55640,55570,55640,55610,55630,55560,55630,55595
2025-09-19 05:40:00,24500,55600,55470,55580,55480,55610,55490,55610,55500,55605,55480,55595,55490
2025-09-19 05:45:00,9400,55540,55420,55480,55420,55550,55440,55500,55450,55545,55430,55490,55435
2025-09-19 05:50:00,6700,55480,55410,55420,55460,55500,55440,55450,55490,55490,55425,55435,55475
2025-09-19 05:55:00,10900,55500,55420,55470,55470,55520,55440,55490,55480,55505,55430,55480,55475
2025-09-19 06:00:00,7200,55520,55450,55470,55520,55550,55470,55480,55550,55535,55460,55475,55535
2025-09-19 06:05:00,7100,55570,55500,55520,55560,55580,55520,55550,55580,55575,55510,55535,55570
2025-09-19 06:10:00,8900,55600,55530,55560,55580,55610,55570,55580,55590,55605,55550,55570,55585
2025-09-19 06:15:00,10100,55590,55540,55580,55580,55610,55550,55590,55590,55600,55545,55585,55585
2025-09-19 06:20:00,17700,55730,55540,55580,55710,55740,55550,55590,55740,55735,55545,55585,55725
2025-09-19 06:25:00,,57190,55720,56030,55730,57200,55730,56040,55740,57195,55725,56035,55735
2025-09-19 06:30:00,356700,55700,55700,55700,55700,55740,55740,55740,55740,55720,55720,55720,55720
2025-09-22 00:00:00,88900,55810,55150,55160,55800,55840,55170,55170,55830,55825,55165,55165,55815
2025-09-22 00:05:00,24000,55890,55710,55800,55750,55910,55730,55830,55770,55900,55720,55815,55760
2025-09-22 00:10:00,30200,56320,55730,55750,56250,56350,55760,55770,56280,56335,55745,55760,56265
2025-09-22 00:15:00,9000,56250,56020,56250,56120,56280,56050,56280,56150,56265,56040,56265,56135
2025-09-22 00:20:00,11500,56180,56070,56120,56070,56210,56090,56150,56090,56195,56080,56135,56080
2025-09-22 00:25:00,17300,56180,56070,56070,56080,56210,56090,56090,56100,56195,56080,56080,56090
2025-09-22 00:30:00,11200,56130,55980,56080,56030,56170,56000,56100,56050,56150,55990,56090,56040
2025-09-22 00:35:00,4300,56080,55980,56030,56080,56100,56000,56050,56100,56090,55990,56040,56090
2025-09-22 00:40:00,4600,56090,55980,56080,56030,56110,56000,56100,56050,56100,55990,56090,56040
2025-09-22 00:45:00,3900,56050,55920,56030,55950,56070,55940,56050,55980,56060,55930,56040,55965
2025-09-22 00:50:00,5700,55950,55840,55950,55940,55990,55860,55980,55970,55970,55850,55965,55955
2025-09-22 00:55:00,2800,56010,55910,55940,55920,56040,55920,55970,55930,56025,55915,55955,55925
2025-09-22 01:00:00,6000,56130,55830,55920,56120,56150,55860,55930,56140,56140,55845,55925,56130
2025-09-22 01:05:00,5900,56230,56120,56120,56230,56250,56140,56140,56250,56240,56130,56130,56240
2025-09-22 01:10:00,7100,56320,56220,56220,56280,56330,56250,56250,56300,56325,56235,56235,56290
2025-09-22 01:15:00,10000,56340,56200,56280,56230,56350,56230,56300,56260,56345,56220,56290,56245
2025-09-22 01:20:00,3900,56330,56220,56230,56320,56350,56250,56260,56350,56340,56235,56245,56335
2025-09-22 01:25:00,3000,56330,56270,56320,56280,56350,56290,56350,56300,56335,56280,56335,56290
2025-09-22 01:30:00,3400,56290,56220,56280,56230,56310,56240,56300,56250,56300,56230,56290,56240
2025-09-22 01:35:00,2100,56230,56190,56230,56190,56260,56210,56250,56210,56245,56200,56240,56200
2025-09-22 01:40:00,2500,56240,56180,56190,56200,56260,56190,56210,56230,56250,56185,56200,56215
2025-09-22 01:45:00,2300,56240,56140,56200,56150,56250,56160,56230,56170,56245,56150,56215,56160
2025-09-22 01:50:00,1700,56180,56120,56160,56120,56210,56150,56170,56150,56195,56135,56165,56135
2025-09-22 01:55:00,4000,56220,56120,56120,56180,56240,56130,56150,56210,56230,56125,56135,56195
2025-09-22 02:00:00,2400,56220,56170,56180,56170,56240,56190,56210,56190,56230,56180,56195,56180
2025-09-22 02:05:00,2000,56200,56150,56170,56200,56220,56170,56190,56220,56210,56160,56180,56210
2025-09-22 02:10:00,2100,56240,56170,56200,56210,56250,56190,56220,56230,56245,56180,56210,56220
2025-09-22 02:15:00,1900,56250,56180,56210,56190,56270,56210,56230,56210,56260,56195,56220,56200
2025-09-22 02:20:00,2300,56190,56150,56190,56180,56210,56170,56210,56200,56200,56160,56200,56190
2025-09-22 02:25:00,9100,56180,56050,56180,56070,56200,56070,56200,56100,56190,56060,56190,56085
2025-09-22 02:30:00,4400,56070,56070,56070,56070,56100,56100,56100,56100,56085,56085,56085,56085
2025-09-22 03:30:00,16300,56330,56070,56190,56270,56350,56120,56200,56300,56335,56095,56195,56285
2025-09-22 03:35:00,3300,56340,56270,56270,56310,56360,56280,56300,56320,56350,56275,56285,56315
2025-09-22 03:40:00,2000,56310,56190,56310,56230,56320,56200,56320,56240,56315,56195,56315,56235
2025-09-22 03:45:00,2000,56270,56200,56230,56210,56290,56220,56250,56240,56275,56210,56240,56225
2025-09-22 03:50:00,1600,56260,56210,56210,56250,56270,56220,56240,56270,56265,56215,56225,56260
2025-09-22 03:55:00,400,56250,56210,56250,56230,56270,56240,56270,56240,56260,56225,56260,56235
2025-09-22 04:00:00,2200,56230,56190,56230,56200,56240,56210,56240,56220,56235,56200,56235,56210
2025-09-22 04:05:00,2800,56210,56120,56200,56120,56220,56140,56220,56150,56215,56130,56210,56135
2025-09-22 04:10:00,5900,56130,56020,56120,56050,56150,56040,56150,56070,56140,56030,56135,56060
2025-09-22 04:15:00,2600,56160,56040,56050,56150,56180,56070,56070,56170,56170,56055,56060,56160
2025-09-22 04:20:00,2100,56150,56100,56150,56120,56170,56120,56170,56140,56160,56115,56160,56130
2025-09-22 04:25:00,2300,56140,56100,56120,56110,56150,56120,56140,56130,56145,56110,56130,56120
2025-09-22 04:30:00,1700,56140,56100,56110,56140,56170,56120,56130,56160,56155,56110,56120,56150
2025-09-22 04:35:00,5000,56150,56070,56140,56120,56160,56090,56160,56150,56155,56080,56150,56135
2025-09-22 04:40:00,500,56130,56080,56130,56080,56150,56100,56150,56100,56140,56090,56140,56090
2025-09-22 04:45:00,1500,56090,56040,56090,56050,56100,56060,56100,56060,56095,56050,56095,56055
2025-09-22 04:50:00,2300,56120,56020,56050,56100,56130,56040,56060,56120,56125,56035,56055,56110
2025-09-22 04:55:00,3500,56110,56080,56100,56110,56130,56090,56120,56130,56120,56085,56110,56120
2025-09-22 05:00:00,1700,56120,56050,56110,56070,56130,56080,56130,56090,56125,56065,56120,56080
2025-09-22 05:05:00,3200,56080,56040,56070,56060,56100,56060,56090,56080,56085,56050,56080,56070
2025-09-22 05:10:00,1300,56090,56060,56060,56070,56110,56070,56080,56090,56100,56065,56070,56080
2025-09-22 05:15:00,1800,56100,56070,56070,56090,56120,56080,56090,56110,56110,56075,56080,56100
2025-09-22 05:20:00,2300,56120,56090,56090,56090,56130,56100,56110,56110,56125,56095,56100,56100
2025-09-22 05:25:00,2700,56130,56090,56090,56120,56140,56100,56110,56140,56135,56095,56100,56130
2025-09-22 05:30:00,3600,56130,56070,56120,56070,56140,56080,56140,56090,56135,56075,56130,56080
2025-09-22 05:35:00,5800,56090,56050,56070,56060,56110,56060,56090,56080,56100,56055,56080,56070
2025-09-22 05:40:00,3700,56130,56060,56070,56120,56140,56070,56080,56130,56135,56065,56075,56125
2025-09-22 05:45:00,8000,56220,56120,56120,56210,56230,56130,56130,56230,56225,56125,56125,56220
2025-09-22 05:50:00,3200,56220,56160,56210,56170,56230,56170,56230,56180,56225,56165,56220,56175
2025-09-22 05:55:00,5300,56170,56090,56170,56120,56180,56110,56180,56140,56175,56100,56175,56130
2025-09-22 06:00:00,4500,56120,56060,56120,56070,56140,56080,56140,56080,56130,56070,56130,56075
2025-09-22 06:05:00,5800,56110,56050,56070,56060,56120,56060,56080,56080,56115,56055,56075,56070
2025-09-22 06:10:00,10000,56110,56050,56070,56100,56120,56080,56080,56110,56115,56065,56075,56105
2025-09-22 06:15:00,11800,56100,55990,56100,56040,56110,56000,56110,56060,56105,55995,56105,56050
2025-09-22 06:20:00,9400,56060,56010,56040,56050,56070,56020,56060,56060,56065,56015,56050,56055
2025-09-22 06:25:00,,56990,55870,56680,56000,57000,55880,56690,56010,56995,55875,56685,56005
2025-09-22 06:30:00,144700,56000,56000,56000,56000,56050,56050,56050,56050,56025,56025,56025,56025
2025-09-24 00:00:00,173900,55970,55370,55500,55430,56150,55390,55510,55450,56015,55380,55505,55440
2025-09-24 00:05:00,36100,55490,55180,55430,55180,55530,55200,55450,55200,55510,55190,55440,55190
2025-09-24 00:10:00,49700,55200,54980,55190,55090,55210,55000,55200,55120,55205,54990,55195,55105
2025-09-24 00:15:00,18800,55140,55000,55090,55070,55150,55020,55120,55100,55145,55010,55105,55085
2025-09-24 00:20:00,25300,55140,54970,55070,55050,55160,54990,55100,55070,55150,54980,55085,55060
2025-09-24 00:25:00,13400,55300,55050,55050,55280,55330,55070,55070,55300,55315,55060,55060,55290
2025-09-24 00:30:00,8700,55320,55210,55280,55230,55330,55240,55300,55250,55325,55225,55290,55240
2025-09-24 00:35:00,6500,55350,55230,55230,55330,55360,55250,55250,55350,55355,55240,55240,55340
2025-09-24 00:40:00,10300,55400,55280,55330,55350,55420,55300,55350,55370,55410,55290,55340,55360
2025-09-24 00:45:00,15000,55490,55310,55350,55450,55500,55330,55370,55470,55495,55320,55360,55460
2025-09-24 00:50:00,7000,55520,55440,55450,55470,55530,55450,55470,55480,55525,55445,55460,55475
2025-09-24 00:55:00,10000,55510,55420,55470,55460,55520,55430,55480,55490,55515,55425,55475,55475
2025-09-24 01:00:00,8400,55470,55370,55460,55420,55490,55390,55490,55450,55480,55380,55475,55435
2025-09-24 01:05:00,8600,55530,55420,55420,55520,55540,55450,55450,55540,55535,55435,55435,55530
2025-09-24 01:10:00,9800,55580,55520,55520,55560,55590,55530,55530,55570,55585,55525,55525,55565
2025-09-24 01:15:00,7800,55600,55500,55560,55500,55610,55510,55570,55520,55605,55505,55565,55510
2025-09-24 01:20:00,5900,55570,55480,55500,55500,55580,55500,55520,55530,55575,55490,55510,55515
2025-09-24 01:25:00,7600,55650,55500,55510,55650,55680,55510,55530,55660,55660,55505,55520,55655
2025-09-24 01:30:00,7400,55650,55540,55650,55580,55670,55560,55670,55590,55660,55550,55660,55585
2025-09-24 01:35:00,5700,55610,55510,55580,55530,55630,55530,55590,55550,55620,55520,55585,55540
2025-09-24 01:40:00,5900,55550,55470,55530,55470,55560,55490,55550,55490,55555,55480,55540,55480
2025-09-24 01:45:00,4500,55590,55470,55470,55510,55600,55490,55490,55540,55595,55480,55480,55525
2025-09-24 01:50:00,4100,55520,55470,55510,55480,55540,55490,55540,55500,55530,55480,55525,55490
2025-09-24 01:55:00,4900,55540,55470,55480,55520,55550,55490,55500,55540,55545,55480,55490,55530
2025-09-24 02:00:00,5800,55520,55460,55520,55490,55540,55470,55540,55500,55530,55465,55530,55495
2025-09-24 02:05:00,2100,55530,55460,55490,55530,55540,55470,55500,55540,55535,55465,55495,55535
2025-09-24 02:10:00,7600,55610,55490,55530,55490,55620,55510,55540,55510,55615,55500,55535,55500
2025-09-24 02:15:00,6000,55500,55440,55490,55470,55510,55450,55510,55490,55505,55445,55500,55480
2025-09-24 02:20:00,1700,55470,55440,55470,55460,55490,55450,55490,55480,55480,55445,55480,55470
2025-09-24 02:25:00,6000,55500,55450,55460,55490,55520,55460,55480,55520,55510,55455,55470,55505
2025-09-24 02:30:00,5500,55480,55480,55480,55480,55520,55520,55520,55520,55500,55500,55500,55500
2025-09-24 03:30:00,34300,55790,55500,55520,55760,55800,55520,55520,55780,55795,55515,55520,55770
2025-09-24 03:35:00,9200,55890,55750,55760,55880,55900,55760,55780,55890,55895,55755,55770,55885
2025-09-24 03:40:00,10800,55960,55850,55880,55930,55970,55870,55890,55950,55965,55860,55885,55940
2025-09-24 03:45:00,6900,55950,55880,55930,55910,55960,55890,55950,55920,55955,55885,55940,55915
2025-09-24 03:50:00,10600,55990,55900,55910,55970,56010,55910,55920,55990,56000,55905,55915,55980
2025-09-24 03:55:00,4000,55980,55930,55970,55960,55990,55940,55990,55970,55985,55935,55980,55965
2025-09-24 04:00:00,8000,56070,55960,55960,56060,56090,55970,55970,56090,56080,55965,55965,56075
2025-09-24 04:05:00,9100,56070,55770,56060,55770,56090,55780,56090,55780,56080,55775,56075,55775
2025-09-24 04:10:00,6800,55770,55650,55770,55710,55780,55670,55780,55730,55775,55660,55775,55720
2025-09-24 04:15:00,2100,55720,55690,55710,55710,55740,55710,55730,55730,55730,55700,55720,55720
2025-09-24 04:20:00,2600,55750,55710,55720,55720,55770,55730,55730,55740,55760,55725,55725,55730
2025-09-24 04:25:00,3000,55760,55720,55720,55740,55770,55730,55740,55770,55765,55725,55730,55755
2025-09-24 04:30:00,4100,55780,55720,55740,55730,55790,55730,55770,55750,55785,55725,55755,55740
2025-09-24 04:35:00,2200,55730,55700,55730,55710,55750,55720,55750,55720,55740,55710,55740,55715
2025-09-24 04:40:00,1300,55720,55700,55710,55720,55730,55710,55720,55730,55725,55705,55715,55725
2025-09-24 04:45:00,2400,55750,55720,55720,55750,55770,55730,55730,55770,55760,55725,55725,55760
2025-09-24 04:50:00,5900,55850,55750,55750,55810,55870,55770,55770,55830,55855,55760,55760,55820
2025-09-24 04:55:00,2700,55830,55810,55810,55820,55840,55820,55830,55840,55835,55815,55820,55830
2025-09-24 05:00:00,6200,55830,55730,55820,55740,55840,55740,55840,55750,55835,55735,55830,55745
2025-09-24 05:05:00,2700,55770,55730,55740,55760,55780,55740,55750,55780,55775,55735,55745,55770
2025-09-24 05:10:00,3400,55800,55760,55760,55760,55810,55770,55780,55780,55805,55765,55770,55770
2025-09-24 05:15:00,4200,55770,55740,55760,55760,55790,55750,55780,55770,55780,55745,55770,55765
2025-09-24 05:20:00,1100,55760,55720,55760,55720,55770,55730,55770,55730,55765,55725,55765,55725
2025-09-24 05:25:00,4300,55740,55720,55720,55730,55760,55730,55730,55740,55750,55725,55725,55735
2025-09-24 05:30:00,8200,55730,55600,55730,55610,55740,55620,55740,55630,55735,55610,55735,55620
2025-09-24 05:35:00,5300,55670,55600,55610,55670,55690,55610,55630,55680,55675,55605,55620,55675
2025-09-24 05:40:00,4300,55700,55660,55670,55680,55710,55670,55680,55690,55705,55665,55675,55685
2025-09-24 05:45:00,3200,55710,55670,55680,55690,55730,55680,55690,55710,55720,55675,55685,55700
2025-09-24 05:50:00,5100,55720,55670,55690,55700,55730,55680,55710,55720,55725,55675,55700,55710
2025-09-24 05:55:00,6600,55700,55620,55700,55620,55720,55630,55720,55640,55710,55625,55710,55630
2025-09-24 06:00:00,6200,55680,55600,55620,55680,55700,55610,55640,55700,55690,55605,55630,55690
2025-09-24 06:05:00,8200,55800,55670,55680,55770,55810,55690,55700,55780,55805,55680,55690,55775
2025-09-24 06:10:00,7600,55850,55730,55770,55840,55870,55750,55780,55870,55860,55740,55775,55855
2025-09-24 06:15:00,6400,55850,55780,55840,55810,55870,55800,55870,55830,55860,55790,55855,55820
2025-09-24 06:20:00,9000,55850,55810,55810,55830,55860,55820,55830,55850,55855,55815,55820,55840
2025-09-24 06:25:00,,56390,55650,56360,55750,56400,55660,56360,55760,56395,55655,56360,55755
2025-09-24 06:30:00,169100,55750,55750,55750,55750,55830,55830,55830,55830,55790,55790,55790,55790
2025-09-25 00:00:00,78100,55710,55390,55410,55400,55750,55400,55420,55430,55730,55395,55415,55415
2025-09-25 00:05:00,19000,55470,55310,55400,55430,55490,55330,55430,55460,55480,55320,55415,55445
2025-09-25 00:10:00,22500,55460,55250,55430,55290,55490,55260,55460,55310,55475,55255,55445,55300
2025-09-25 00:15:00,24800,55350,55100,55290,55110,55360,55130,55310,55130,55355,55115,55300,55120
2025-09-25 00:20:00,39600,55110,54980,55110,55010,55130,54990,55130,55030,55120,54985,55120,55020
2025-09-25 00:25:00,36200,55030,54890,55010,54950,55050,54900,55030,54970,55040,54895,55020,54960
2025-09-25 00:30:00,10400,55030,54910,54950,55030,55050,54920,54970,55050,55040,54915,54960,55040
2025-09-25 00:35:00,7900,55080,55020,55040,55070,55100,55040,55050,55090,55090,55030,55045,55080
2025-09-25 00:40:00,8100,55130,55060,55070,55110,55140,55080,55090,55120,55135,55070,55080,55115
2025-09-25 00:45:00,7100,55130,55000,55110,55040,55150,55020,55120,55050,55135,55010,55115,55045
2025-09-25 00:50:00,7700,55110,55030,55040,55100,55120,55050,55050,55120,55115,55040,55045,55110
2025-09-25 00:55:00,7100,55180,55070,55100,55160,55190,55080,55120,55180,55185,55075,55110,55170
2025-09-25 01:00:00,6800,55230,55160,55160,55200,55240,55180,55180,55220,55235,55170,55170,55210
2025-09-25 01:05:00,5800,55200,55090,55200,55160,55220,55110,55220,55190,55210,55100,55210,55175
2025-09-25 01:10:00,3300,55190,55130,55160,55170,55200,55150,55190,55190,55195,55140,55175,55180
2025-09-25 01:15:00,4300,55190,55150,55170,55190,55210,55170,55180,55210,55200,55160,55175,55200
2025-09-25 01:20:00,4700,55240,55170,55190,55200,55250,55190,55210,55220,55245,55180,55200,55210
2025-09-25 01:25:00,2500,55230,55190,55200,55220,55250,55200,55220,55240,55240,55195,55210,55230
2025-09-25 01:30:00,6100,55270,55220,55220,55220,55280,55240,55240,55240,55275,55230,55230,55230
2025-09-25 01:35:00,2400,55240,55200,55220,55210,55260,55220,55240,55230,55245,55210,55230,55220
2025-09-25 01:40:00,2400,55230,55200,55210,55220,55260,55210,55230,55240,55245,55205,55220,55230
2025-09-25 01:45:00,3800,55240,55190,55220,55190,55260,55200,55240,55210,55245,55195,55230,55200
2025-09-25 01:50:00,6100,55190,55090,55190,55090,55210,55110,55210,55110,55200,55100,55200,55100
2025-09-25 01:55:00,4500,55110,55060,55090,55090,55130,55080,55110,55110,55120,55075,55100,55100
2025-09-25 02:00:00,7300,55090,55020,55090,55040,55110,55040,55110,55050,55100,55030,55100,55045
2025-09-25 02:05:00,3700,55050,55020,55040,55030,55070,55040,55050,55040,55060,55030,55045,55035
2025-09-25 02:10:00,8200,55050,55000,55030,55010,55060,55010,55040,55040,55055,55005,55035,55025
2025-09-25 02:15:00,4900,55030,55000,55010,55030,55050,55010,55040,55050,55040,55005,55025,55040
2025-09-25 02:20:00,3600,55110,55020,55030,55100,55120,55040,55050,55120,55115,55030,55040,55110
2025-09-25 02:25:00,4800,55130,55100,55100,55110,55140,55110,55120,55130,55135,55105,55110,55120
2025-09-25 02:30:00,6200,55110,55110,55110,55110,55140,55140,55140,55140,55125,55125,55125,55125
2025-09-25 03:30:00,32300,55320,55140,55140,55310,55340,55150,55150,55330,55330,55145,55145,55320
2025-09-25 03:35:00,8800,55370,55310,55310,55340,55380,55320,55330,55360,55375,55315,55320,55350
2025-09-25 03:40:00,9000,55420,55330,55340,55330,55430,55350,55360,55350,55425,55340,55350,55340
2025-09-25 03:45:00,2600,55370,55330,55330,55370,55390,55350,55350,55380,55380,55340,55340,55375
2025-09-25 03:50:00,5600,55370,55290,55370,55330,55380,55300,55380,55350,55375,55295,55375,55340
2025-09-25 03:55:00,4100,55340,55270,55330,55300,55350,55280,55350,55310,55345,55275,55340,55305
2025-09-25 04:00:00,2500,55300,55260,55300,55290,55310,55270,55310,55300,55305,55265,55305,55295
2025-09-25 04:05:00,1800,55290,55270,55290,55270,55300,55280,55300,55290,55295,55275,55295,55280
2025-09-25 04:10:00,4000,55270,55220,55270,55230,55290,55230,55290,55250,55280,55225,55280,55240
2025-09-25 04:15:00,1600,55290,55230,55230,55270,55300,55250,55250,55290,55295,55240,55240,55280
2025-09-25 04:20:00,1700,55290,55270,55270,55290,55300,55280,55290,55300,55295,55275,55280,55295
2025-09-25 04:25:00,3400,55320,55260,55290,55320,55340,55280,55300,55340,55330,55270,55295,55330
2025-09-25 04:30:00,1600,55330,55280,55320,55290,55340,55300,55340,55300,55335,55290,55330,55295
2025-09-25 04:35:00,1900,55320,55290,55290,55320,55330,55300,55300,55330,55325,55295,55295,55325
2025-09-25 04:40:00,2300,55320,55300,55320,55300,55330,55310,55330,55320,55325,55305,55325,55310
2025-09-25 04:45:00,2300,55300,55250,55300,55250,55320,55260,55320,55270,55310,55255,55310,55260
2025-09-25 04:50:00,1600,55260,55230,55250,55240,55270,55240,55270,55250,55265,55235,55260,55245
2025-09-25 04:55:00,4300,55240,55210,55240,55210,55250,55220,55250,55220,55245,55215,55245,55215
2025-09-25 05:00:00,3200,55230,55210,55210,55210,55240,55220,55220,55230,55235,55215,55215,55220
2025-09-25 05:05:00,1200,55240,55210,55220,55220,55260,55230,55230,55230,55250,55220,55225,55225
2025-09-25 05:10:00,1800,55230,55210,55220,55230,55250,55220,55230,55240,55240,55215,55225,55235
2025-09-25 05:15:00,3500,55290,55230,55230,55280,55310,55240,55240,55300,55295,55235,55235,55290
2025-09-25 05:20:00,2200,55320,55280,55280,55310,55330,55300,55310,55320,55325,55290,55295,55315
2025-09-25 05:25:00,2700,55320,55290,55310,55310,55330,55310,55320,55330,55325,55300,55315,55320
2025-09-25 05:30:00,2600,55310,55240,55310,55260,55330,55260,55330,55270,55320,55250,55320,55265
2025-09-25 05:35:00,3500,55270,55240,55260,55260,55280,55250,55270,55270,55275,55245,55265,55265
2025-09-25 05:40:00,2000,55270,55250,55260,55260,55280,55260,55270,55280,55275,55255,55265,55270
2025-09-25 05:45:00,2500,55270,55240,55260,55250,55280,55250,55280,55270,55275,55245,55270,55260
2025-09-25 05:50:00,2500,55270,55240,55250,55250,55280,55250,55270,55270,55275,55245,55260,55260
2025-09-25 05:55:00,2900,55260,55230,55250,55250,55270,55240,55260,55260,55265,55235,55255,55255
2025-09-25 06:00:00,3200,55280,55230,55240,55280,55290,55240,55260,55290,55285,55235,55250,55285
2025-09-25 06:05:00,4100,55320,55280,55280,55320,55330,55290,55290,55330,55325,55285,55285,55325
2025-09-25 06:10:00,8200,55370,55320,55320,55370,55380,55330,55330,55380,55375,55325,55325,55375
2025-09-25 06:15:00,6700,55380,55350,55370,55360,55390,55360,55380,55370,55385,55355,55375,55365
2025-09-25 06:20:00,11900,55430,55360,55360,55430,55440,55370,55370,55440,55435,55365,55365,55435
2025-09-25 06:25:00,,55590,55200,55480,55370,55600,55210,55490,55380,55595,55205,55485,55375
2025-09-25 06:30:00,184600,55370,55370,55370,55370,55380,55380,55380,55380,55375,55375,55375,55375
2025-09-26 00:00:00,103800,55370,54990,55370,55150,55410,55010,55380,55180,55375,55000,55375,55165
2025-09-26 00:05:00,24200,55380,55100,55150,55230,55400,55130,55180,55250,55390,55115,55165,55240
2025-09-26 00:10:00,17400,55320,55110,55230,55270,55340,55130,55250,55300,55330,55120,55240,55285
2025-09-26 00:15:00,25000,55430,55230,55270,55410,55450,55250,55300,55440,55440,55245,55285,55425
2025-09-26 00:20:00,22600,55630,55410,55410,55540,55650,55430,55440,55560,55640,55425,55425,55550
2025-09-26 00:25:00,10800,55610,55470,55540,55570,55620,55500,55560,55600,55615,55490,55550,55585
2025-09-26 00:30:00,8900,55630,55550,55570,55610,55650,55570,55600,55640,55640,55560,55585,55625
2025-09-26 00:35:00,11700,55770,55610,55610,55760,55780,55630,55640,55770,55775,55620,55625,55765
2025-09-26 00:40:00,11100,55830,55750,55760,55810,55840,55760,55770,55830,55835,55755,55765,55820
2025-09-26 00:45:00,10900,55830,55700,55810,55790,55840,55720,55830,55810,55835,55715,55820,55800
2025-09-26 00:50:00,10300,55830,55730,55800,55820,55850,55750,55810,55840,55840,55740,55805,55830
2025-09-26 00:55:00,21500,56020,55830,55830,55930,56030,55840,55840,55950,56025,55835,55835,55940
2025-09-26 01:00:00,12800,55970,55880,55930,55930,55980,55910,55950,55940,55975,55895,55940,55935
2025-09-26 01:05:00,8200,55980,55840,55930,55870,55990,55850,55940,55890,55985,55845,55935,55880
2025-09-26 01:10:00,6300,55890,55780,55870,55810,55900,55800,55890,55830,55895,55790,55880,55820
2025-09-26 01:15:00,5800,55910,55810,55810,55890,55920,55820,55830,55920,55915,55815,55820,55905
2025-09-26 01:20:00,4100,55900,55820,55890,55880,55920,55850,55920,55890,55910,55835,55905,55885
2025-09-26 01:25:00,7300,55930,55820,55880,55830,55940,55850,55890,55850,55935,55835,55885,55840
2025-09-26 01:30:00,3600,55830,55790,55830,55790,55860,55800,55850,55820,55845,55795,55840,55805
2025-09-26 01:35:00,3900,55790,55750,55790,55780,55820,55770,55820,55800,55805,55760,55805,55790
2025-09-26 01:40:00,4600,55880,55780,55780,55870,55900,55790,55800,55890,55890,55785,55790,55880
2025-09-26 01:45:00,3600,55940,55870,55880,55930,55950,55880,55890,55950,55945,55875,55885,55940
2025-09-26 01:50:00,5600,55940,55820,55930,55860,55960,55830,55950,55880,55950,55825,55940,55870
2025-09-26 01:55:00,2000,55880,55860,55860,55870,55910,55870,55880,55890,55895,55865,55870,55880
2025-09-26 02:00:00,2300,55880,55810,55870,55810,55890,55840,55890,55840,55885,55825,55880,55825
2025-09-26 02:05:00,3600,55830,55770,55810,55790,55840,55790,55840,55810,55835,55785,55825,55800
2025-09-26 02:10:00,3500,55850,55790,55790,55840,55870,55800,55800,55860,55860,55795,55795,55850
2025-09-26 02:15:00,3400,55880,55830,55840,55850,55890,55850,55860,55860,55885,55840,55850,55855
2025-09-26 02:20:00,4000,55850,55760,55850,55760,55860,55770,55860,55770,55855,55765,55855,55765
2025-09-26 02:25:00,5500,55780,55650,55760,55700,55790,55670,55780,55720,55785,55660,55770,55710
2025-09-26 02:30:00,600,55700,55700,55700,55700,55720,55720,55720,55720,55710,55710,55710,55710
2025-09-26 03:30:00,19200,55660,55440,55640,55460,55700,55460,55690,55480,55680,55450,55665,55470
2025-09-26 03:35:00,3800,55520,55430,55460,55520,55540,55450,55480,55540,55530,55445,55470,55530
2025-09-26 03:40:00,4600,55520,55450,55520,55480,55540,55470,55540,55490,55530,55460,55530,55485
2025-09-26 03:45:00,3200,55520,55460,55480,55500,55540,55480,55490,55520,55530,55470,55485,55510
2025-09-26 03:50:00,3900,55500,55460,55500,55460,55520,55470,55520,55470,55510,55465,55510,55465
2025-09-26 03:55:00,2000,55470,55450,55460,55460,55480,55460,55470,55480,55475,55455,55465,55470
2025-09-26 04:00:00,10000,55470,55380,55460,55410,55480,55400,55480,55430,55475,55390,55470,55420
2025-09-26 04:05:00,4000,55500,55410,55410,55440,55520,55430,55430,55460,55510,55420,55420,55450
2025-09-26 04:10:00,2900,55490,55440,55440,55480,55500,55450,55460,55500,55495,55445,55450,55490
2025-09-26 04:15:00,4300,55540,55470,55480,55540,55560,55480,55500,55560,55550,55475,55490,55550
2025-09-26 04:20:00,3300,55550,55500,55540,55500,55560,55510,55560,55510,55555,55505,55550,55505
2025-09-26 04:25:00,2800,55510,55460,55500,55460,55520,55470,55510,55480,55515,55465,55505,55470
2025-09-26 04:30:00,3400,55460,55430,55460,55430,55480,55440,55480,55450,55470,55435,55470,55440
2025-09-26 04:35:00,2300,55480,55440,55440,55450,55490,55450,55450,55460,55485,55445,55445,55455
2025-09-26 04:40:00,4100,55560,55450,55450,55540,55570,55460,55460,55550,55565,55455,55455,55545
2025-09-26 04:45:00,2600,55540,55460,55540,55460,55550,55480,55550,55480,55545,55470,55545,55470
2025-09-26 04:50:00,2800,55510,55470,55470,55500,55540,55480,55480,55520,55525,55475,55475,55510
2025-09-26 04:55:00,4700,55500,55450,55500,55460,55520,55470,55520,55470,55510,55460,55510,55465
2025-09-26 05:00:00,3800,55500,55400,55450,55490,55520,55420,55460,55500,55510,55410,55455,55495
2025-09-26 05:05:00,3500,55520,55490,55490,55500,55550,55500,55500,55510,55535,55495,55495,55505
2025-09-26 05:10:00,1200,55540,55500,55500,55510,55550,55510,55510,55520,55545,55505,55505,55515
2025-09-26 05:15:00,3400,55550,55510,55510,55540,55570,55520,55520,55560,55560,55515,55515,55550
2025-09-26 05:20:00,2500,55540,55510,55540,55520,55560,55530,55550,55540,55545,55520,55545,55530
2025-09-26 05:25:00,2900,55540,55510,55520,55530,55560,55530,55540,55540,55550,55520,55530,55535
2025-09-26 05:30:00,4400,55530,55490,55530,55500,55550,55500,55540,55530,55540,55495,55535,55515
2025-09-26 05:35:00,3600,55510,55470,55500,55510,55530,55480,55530,55520,55515,55475,55515,55515
2025-09-26 05:40:00,3800,55540,55510,55510,55530,55550,55520,55520,55550,55545,55515,55515,55540
2025-09-26 05:45:00,4900,55560,55530,55530,55550,55590,55540,55550,55560,55575,55535,55540,55555
2025-09-26 05:50:00,5700,55550,55480,55550,55550,55570,55500,55560,55570,55560,55490,55555,55560
2025-09-26 05:55:00,6600,55640,55540,55550,55580,55650,55560,55570,55590,55645,55550,55560,55585
2025-09-26 06:00:00,3600,55630,55560,55580,55590,55650,55580,55590,55600,55640,55570,55585,55595
2025-09-26 06:05:00,3700,55590,55550,55590,55570,55600,55560,55600,55590,55595,55555,55595,55580
2025-09-26 06:10:00,6200,55630,55570,55570,55620,55650,55590,55590,55640,55640,55580,55580,55630
2025-09-26 06:15:00,13800,55790,55620,55620,55770,55800,55630,55640,55790,55795,55625,55630,55780
2025-09-26 06:20:00,16800,55840,55580,55770,55580,55850,55670,55790,55690,55845,55635,55780,55635
2025-09-26 06:25:00,,55710,54740,54800,55560,55720,54750,54810,55570,55715,54745,54805,55565
2025-09-26 06:30:00,287100,55560,55560,55560,55560,55580,55580,55580,55580,55570,55570,55570,55570
2025-09-29 00:00:00,79900,56190,55570,56190,55580,56200,55610,56200,55610,56195,55590,56195,55595
2025-09-29 00:05:00,12000,55660,55470,55580,55650,55690,55520,55610,55690,55675,55495,55595,55670
2025-09-29 00:10:00,12000,55820,55650,55650,55750,55850,55680,55690,55790,55835,55665,55670,55770
2025-09-29 00:15:00,14700,55810,55520,55750,55520,55830,55540,55790,55560,55820,55535,55770,55540
2025-09-29 00:20:00,6400,55740,55520,55520,55710,55760,55540,55560,55730,55750,55535,55540,55720
2025-09-29 00:25:00,6700,55710,55530,55710,55580,55730,55550,55730,55600,55720,55540,55720,55590
2025-09-29 00:30:00,12900,55620,55380,55580,55400,55640,55400,55600,55430,55630,55390,55590,55415
2025-09-29 00:35:00,7400,55450,55360,55400,55360,55470,55370,55430,55380,55460,55365,55415,55370
2025-09-29 00:40:00,5000,55450,55330,55360,55440,55470,55360,55380,55460,55460,55345,55370,55450
2025-09-29 00:45:00,8000,55500,55260,55440,55270,55520,55290,55460,55300,55510,55275,55450,55285
2025-09-29 00:50:00,3000,55330,55270,55270,55290,55340,55300,55300,55320,55335,55285,55285,55305
2025-09-29 00:55:00,5800,55340,55240,55290,55250,55350,55250,55320,55280,55345,55245,55305,55265
2025-09-29 01:00:00,19900,55270,55030,55250,55150,55300,55050,55280,55170,55285,55040,55265,55160
2025-09-29 01:05:00,4300,55170,55060,55150,55100,55190,55070,55170,55120,55175,55065,55160,55110
2025-09-29 01:10:00,8700,55110,55040,55100,55090,55130,55050,55120,55110,55120,55045,55110,55100
2025-09-29 01:15:00,3900,55160,55080,55090,55080,55180,55090,55110,55090,55170,55085,55100,55085
2025-09-29 01:20:00,8100,55080,55030,55080,55030,55090,55040,55090,55040,55085,55035,55085,55035
2025-09-29 01:25:00,5500,55030,55000,55030,55030,55050,55010,55040,55040,55040,55005,55035,55035
2025-09-29 01:30:00,5500,55110,55010,55030,55060,55130,55020,55050,55070,55120,55015,55040,55065
2025-09-29 01:35:00,4900,55060,55030,55060,55040,55070,55040,55070,55060,55065,55035,55065,55050
2025-09-29 01:40:00,27000,55060,54970,55040,55060,55070,54980,55060,55070,55065,54975,55050,55065
2025-09-29 01:45:00,5100,55100,55020,55060,55050,55110,55040,55070,55070,55105,55030,55065,55060
2025-09-29 01:50:00,3600,55070,55030,55050,55040,55090,55040,55080,55050,55075,55035,55065,55045
2025-09-29 01:55:00,16900,55070,54950,55040,55010,55090,54960,55050,55030,55080,54955,55045,55020
2025-09-29 02:00:00,7300,55020,54940,55010,54980,55050,54950,55030,55000,55035,54945,55020,54990
2025-09-29 02:05:00,3900,55010,54960,54980,54980,55020,54980,55000,54990,55015,54970,54990,54985
2025-09-29 02:10:00,6500,55000,54950,54980,54990,55010,54960,54990,55000,55005,54955,54985,54995
2025-09-29 02:15:00,3200,55000,54960,54990,54980,55010,54980,55000,54990,55005,54970,54995,54985
2025-09-29 02:20:00,4300,55020,54950,54980,55010,55040,54960,54990,55040,55030,54955,54985,55025
2025-09-29 02:25:00,5200,55020,54980,55010,54980,55040,54990,55040,55000,55030,54985,55025,54990
2025-09-29 02:30:00,2900,54980,54980,54980,54980,55010,55010,55010,55010,54995,54995,54995,54995
2025-09-29 03:30:00,28900,55150,54990,55100,55010,55170,55010,55110,55040,55160,55000,55105,55025
2025-09-29 03:35:00,6200,55030,54990,55010,55010,55040,55000,55040,55020,55035,54995,55025,55015
2025-09-29 03:40:00,17600,55010,54930,55010,54970,55030,54950,55020,55000,55020,54940,55015,54985
2025-09-29 03:45:00,3100,55010,54980,54980,55000,55020,54990,55000,55020,55015,54985,54990,55010
2025-09-29 03:50:00,7300,55010,54950,55000,54950,55020,54960,55020,54970,55015,54955,55010,54960
2025-09-29 03:55:00,11900,54950,54900,54950,54910,54970,54910,54970,54930,54960,54905,54960,54920
2025-09-29 04:00:00,16300,54930,54850,54910,54880,54940,54860,54930,54890,54935,54855,54920,54885
2025-09-29 04:05:00,15000,54890,54760,54880,54780,54910,54780,54890,54790,54900,54770,54885,54785
2025-09-29 04:10:00,12700,54780,54700,54780,54700,54790,54710,54790,54710,54785,54705,54785,54705
2025-09-29 04:15:00,10100,54730,54670,54700,54730,54750,54680,54710,54750,54740,54675,54705,54740
2025-09-29 04:20:00,4500,54740,54680,54730,54680,54750,54700,54750,54700,54745,54690,54740,54690
2025-09-29 04:25:00,2500,54710,54680,54680,54700,54720,54700,54700,54710,54715,54690,54690,54705
2025-09-29 04:30:00,7800,54740,54630,54700,54630,54750,54640,54710,54640,54745,54635,54705,54635
2025-09-29 04:35:00,6200,54670,54600,54630,54650,54690,54610,54640,54660,54680,54605,54635,54655
2025-09-29 04:40:00,3100,54680,54640,54650,54670,54690,54650,54660,54680,54685,54645,54655,54675
2025-09-29 04:45:00,5300,54760,54660,54670,54730,54770,54670,54680,54750,54765,54665,54675,54740
2025-09-29 04:50:00,3600,54760,54720,54730,54750,54770,54730,54750,54760,54765,54725,54740,54755
2025-09-29 04:55:00,7200,54820,54740,54750,54760,54830,54750,54760,54790,54825,54745,54755,54775
2025-09-29 05:00:00,6400,54760,54670,54760,54690,54790,54680,54790,54710,54775,54675,54775,54700
2025-09-29 05:05:00,4100,54690,54650,54690,54650,54710,54660,54710,54670,54700,54655,54700,54660
2025-09-29 05:10:00,3500,54700,54650,54650,54660,54710,54670,54670,54670,54705,54660,54660,54665
2025-09-29 05:15:00,6200,54670,54610,54660,54650,54680,54620,54670,54660,54675,54615,54665,54655
2025-09-29 05:20:00,7000,54670,54630,54650,54650,54680,54640,54660,54670,54675,54635,54655,54660
2025-09-29 05:25:00,7100,54680,54630,54650,54630,54700,54640,54670,54640,54690,54635,54660,54635
2025-09-29 05:30:00,10800,54670,54600,54630,54600,54680,54610,54640,54620,54675,54605,54635,54610
2025-09-29 05:35:00,4000,54620,54600,54600,54620,54630,54610,54620,54630,54625,54605,54610,54625
2025-09-29 05:40:00,7300,54640,54600,54620,54620,54660,54620,54630,54630,54650,54610,54625,54625
2025-09-29 05:45:00,4400,54610,54600,54610,54600,54630,54610,54630,54620,54620,54605,54620,54610
2025-09-29 05:50:00,14000,54630,54590,54600,54590,54640,54600,54620,54610,54635,54595,54610,54600
2025-09-29 05:55:00,14800,54610,54540,54590,54540,54620,54550,54610,54550,54615,54545,54600,54545
2025-09-29 06:00:00,9700,54570,54540,54540,54540,54580,54550,54550,54560,54575,54545,54545,54550
2025-09-29 06:05:00,32400,54560,54400,54540,54430,54570,54420,54560,54440,54565,54410,54550,54435
2025-09-29 06:10:00,9100,54550,54420,54430,54540,54570,54440,54440,54550,54560,54430,54435,54545
2025-09-29 06:15:00,15400,54570,54480,54540,54510,54590,54500,54550,54530,54580,54495,54545,54520
2025-09-29 06:20:00,34200,54520,54270,54510,54280,54530,54290,54530,54310,54525,54285,54520,54295
2025-09-29 06:25:00,,54270,50010,53570,54220,54280,50020,53580,54230,54275,50015,53575,54225
2025-09-29 06:30:00,267900,54210,54210,54210,54210,54270,54270,54270,54270,54240,54240,54240,54240
2025-09-30 00:00:00,108800,55080,54600,54820,55000,55090,54740,54830,55010,55085,54685,54825,55005
2025-09-30 00:05:00,39000,55210,55000,55000,55010,55220,55010,55010,55030,55215,55005,55005,55020
2025-09-30 00:10:00,20200,55120,55000,55010,55060,55130,55010,55030,55080,55125,55005,55020,55070
2025-09-30 00:15:00,12000,55110,54990,55060,55040,55130,55000,55080,55060,55120,54995,55070,55050
2025-09-30 00:20:00,23700,55240,55040,55040,55100,55250,55050,55060,55120,55245,55045,55050,55110
2025-09-30 00:25:00,12300,55210,55080,55100,55120,55220,55100,55120,55130,55215,55090,55110,55125
2025-09-30 00:30:00,8800,55160,55050,55120,55050,55170,55060,55130,55060,55165,55055,55125,55055
2025-09-30 00:35:00,7700,55090,55030,55050,55040,55100,55040,55060,55060,55095,55035,55055,55050
2025-09-30 00:40:00,7300,55140,55030,55040,55140,55160,55060,55070,55160,55150,55045,55055,55150
2025-09-30 00:45:00,4500,55140,55090,55140,55120,55160,55110,55160,55130,55150,55100,55150,55125
2025-09-30 00:50:00,6300,55180,55090,55120,55170,55190,55100,55130,55180,55185,55095,55125,55175
2025-09-30 00:55:00,4200,55170,55050,55170,55060,55180,55070,55180,55070,55175,55060,55175,55065
2025-09-30 01:00:00,16400,55060,54900,55060,55000,55070,54910,55070,55020,55065,54905,55065,55010
2025-09-30 01:05:00,7500,55130,54950,55000,55080,55150,54980,55020,55100,55135,54965,55010,55090
2025-09-30 01:10:00,5000,55140,55050,55080,55100,55160,55070,55110,55120,55150,55065,55095,55110
2025-09-30 01:15:00,4000,55140,55070,55100,55100,55150,55100,55120,55120,55145,55085,55110,55110
2025-09-30 01:20:00,3700,55120,55070,55100,55070,55140,55080,55120,55090,55130,55075,55110,55080
2025-09-30 01:25:00,6400,55080,55020,55070,55030,55090,55040,55090,55050,55085,55030,55080,55040
2025-09-30 01:30:00,9400,55050,54990,55030,55040,55070,55000,55050,55070,55060,54995,55040,55055
2025-09-30 01:35:00,7300,55140,55040,55040,55110,55150,55060,55070,55140,55145,55055,55055,55125
2025-09-30 01:40:00,4000,55140,55040,55120,55130,55150,55060,55140,55150,55145,55050,55130,55140
2025-09-30 01:45:00,4100,55170,55110,55130,55120,55180,55130,55150,55150,55175,55120,55140,55135
2025-09-30 01:50:00,14700,55270,55120,55120,55240,55290,55140,55150,55260,55280,55130,55135,55250
2025-09-30 01:55:00,5000,55280,55220,55240,55260,55290,55240,55260,55270,55285,55235,55250,55265
2025-09-30 02:00:00,13100,55360,55260,55260,55360,55370,55270,55270,55370,55365,55265,55265,55365
2025-09-30 02:05:00,14200,55470,55280,55360,55290,55490,55290,55370,55310,55480,55285,55365,55300
2025-09-30 02:10:00,3000,55360,55280,55290,55340,55380,55300,55310,55360,55370,55290,55300,55350
2025-09-30 02:15:00,3800,55380,55300,55340,55300,55410,55320,55360,55330,55395,55310,55350,55315
2025-09-30 02:20:00,5700,55400,55300,55300,55370,55420,55310,55330,55400,55410,55305,55315,55385
2025-09-30 02:25:00,7200,55390,55290,55370,55300,55410,55320,55400,55330,55400,55305,55385,55315
2025-09-30 02:30:00,1400,55300,55300,55300,55300,55380,55380,55380,55380,55340,55340,55340,55340
2025-09-30 03:30:00,20900,55320,55250,55300,55250,55360,55270,55310,55270,55335,55260,55305,55260
2025-09-30 03:35:00,4700,55280,55220,55250,55240,55300,55240,55270,55260,55290,55230,55260,55250
2025-09-30 03:40:00,3700,55330,55240,55240,55290,55350,55260,55260,55300,55340,55250,55250,55295
2025-09-30 03:45:00,4700,55290,55150,55290,55190,55300,55170,55300,55210,55295,55165,55295,55200
2025-09-30 03:50:00,3500,55200,55150,55190,55150,55210,55170,55210,55170,55205,55160,55200,55160
2025-09-30 03:55:00,3400,55150,55080,55150,55080,55170,55090,55170,55090,55160,55085,55160,55085
2025-09-30 04:00:00,4400,55090,55040,55080,55060,55100,55060,55090,55080,55095,55050,55085,55070
2025-09-30 04:05:00,2400,55080,55040,55060,55060,55110,55050,55080,55080,55095,55045,55070,55070
2025-09-30 04:10:00,1500,55090,55060,55060,55060,55100,55070,55080,55080,55095,55065,55070,55070
2025-09-30 04:15:00,2800,55080,55050,55060,55050,55090,55060,55080,55070,55085,55055,55070,55060
2025-09-30 04:20:00,3500,55110,55040,55050,55100,55120,55050,55070,55120,55115,55045,55060,55110
2025-09-30 04:25:00,1800,55110,55070,55100,55080,55120,55090,55120,55090,55115,55080,55110,55085
2025-09-30 04:30:00,3600,55140,55070,55080,55130,55170,55090,55090,55150,55155,55080,55085,55140
2025-09-30 04:35:00,1800,55130,55110,55130,55120,55150,55120,55150,55140,55140,55115,55140,55130
2025-09-30 04:40:00,2100,55140,55100,55120,55130,55160,55120,55140,55140,55150,55110,55130,55135
2025-09-30 04:45:00,1100,55140,55110,55130,55110,55160,55120,55140,55130,55145,55115,55135,55120
2025-09-30 04:50:00,2800,55130,55070,55110,55110,55140,55090,55130,55120,55135,55080,55120,55115
2025-09-30 04:55:00,3000,55120,55090,55110,55100,55130,55100,55120,55120,55125,55095,55115,55110
2025-09-30 05:00:00,3500,55140,55090,55100,55140,55160,55100,55120,55160,55150,55095,55110,55150
2025-09-30 05:05:00,3700,55160,55110,55140,55150,55170,55120,55160,55170,55165,55115,55150,55160
2025-09-30 05:10:00,1700,55170,55150,55150,55170,55190,55160,55170,55190,55180,55155,55160,55180
2025-09-30 05:15:00,4200,55200,55130,55170,55130,55220,55150,55190,55150,55210,55140,55180,55140
2025-09-30 05:20:00,1400,55150,55110,55130,55110,55160,55120,55150,55120,55155,55115,55140,55115
2025-09-30 05:25:00,5400,55130,55100,55110,55110,55150,55110,55120,55120,55140,55105,55115,55115
2025-09-30 05:30:00,2600,55120,55090,55110,55100,55140,55100,55120,55120,55130,55095,55115,55110
2025-09-30 05:35:00,2800,55100,55090,55100,55090,55130,55100,55120,55110,55115,55095,55110,55100
2025-09-30 05:40:00,1200,55120,55090,55090,55100,55140,55110,55110,55120,55125,55100,55100,55110
2025-09-30 05:45:00,4400,55120,55100,55100,55100,55130,55110,55120,55110,55125,55105,55110,55105
2025-09-30 05:50:00,5400,55100,55070,55100,55090,55110,55080,55110,55100,55105,55075,55105,55095
2025-09-30 05:55:00,6700,55110,55070,55090,55100,55130,55080,55100,55120,55120,55075,55095,55110
2025-09-30 06:00:00,9200,55110,55060,55100,55080,55120,55070,55120,55090,55115,55065,55110,55085
2025-09-30 06:05:00,7000,55110,55060,55080,55080,55120,55070,55090,55100,55115,55065,55085,55090
2025-09-30 06:10:00,5700,55110,55060,55080,55110,55130,55080,55100,55120,55120,55070,55090,55115
2025-09-30 06:15:00,4100,55120,55090,55110,55090,55130,55100,55120,55100,55125,55095,55115,55095
2025-09-30 06:20:00,8900,55130,55090,55090,55100,55140,55100,55100,55120,55135,55095,55095,55110
2025-09-30 06:25:00,,55270,54910,54950,55170,55280,54920,54950,55180,55275,54915,54950,55175
2025-09-30 06:30:00,205800,55120,55120,55120,55120,55180,55180,55180,55180,55150,55150,55150,55150
2025-10-01 00:00:00,100000,55280,54700,54750,55270,55300,54710,54760,55300,55290,54705,54755,55285
2025-10-01 00:05:00,25400,55410,55140,55270,55180,55450,55180,55300,55210,55430,55165,55285,55195
2025-10-01 00:10:00,18700,55200,55000,55180,55050,55220,55040,55210,55080,55210,55020,55195,55065
2025-10-01 00:15:00,10100,55090,54990,55050,55020,55120,55000,55080,55050,55105,54995,55065,55035
2025-10-01 00:20:00,10500,55090,54990,55020,55080,55110,55020,55050,55100,55100,55005,55035,55090
2025-10-01 00:25:00,6600,55220,55050,55080,55210,55250,55070,55100,55230,55235,55060,55090,55220
2025-10-01 00:30:00,9400,55300,55160,55220,55270,55320,55190,55230,55300,55305,55175,55225,55285
2025-10-01 00:35:00,9100,55310,55180,55270,55180,55330,55200,55300,55200,55320,55190,55285,55190
2025-10-01 00:40:00,18000,55500,55180,55180,55340,55530,55200,55200,55360,55510,55190,55190,55350
2025-10-01 00:45:00,3500,55360,55290,55340,55290,55370,55310,55360,55310,55365,55300,55350,55300
2025-10-01 00:50:00,2300,55320,55240,55290,55320,55330,55270,55320,55330,55325,55255,55305,55325
2025-10-01 00:55:00,3500,55370,55320,55320,55370,55390,55330,55330,55390,55380,55325,55325,55380
2025-10-01 01:00:00,6900,55470,55330,55370,55440,55490,55350,55390,55450,55480,55340,55380,55445
2025-10-01 01:05:00,5400,55470,55350,55440,55390,55480,55370,55450,55410,55475,55360,55445,55400
2025-10-01 01:10:00,19200,55630,55350,55390,55610,55640,55380,55400,55640,55635,55365,55395,55625
2025-10-01 01:15:00,7100,55630,55450,55610,55450,55640,55480,55620,55480,55635,55465,55615,55465
2025-10-01 01:20:00,5400,55490,55350,55450,55400,55500,55380,55480,55430,55495,55365,55465,55415
2025-10-01 01:25:00,13400,55560,55370,55400,55550,55590,55390,55430,55570,55575,55380,55415,55560
2025-10-01 01:30:00,8300,55600,55450,55550,55480,55620,55470,55570,55510,55610,55460,55560,55495
2025-10-01 01:35:00,4500,55490,55410,55480,55460,55520,55430,55510,55490,55505,55420,55495,55475
2025-10-01 01:40:00,8000,55530,55420,55460,55460,55550,55440,55490,55480,55540,55430,55475,55470
2025-10-01 01:45:00,3700,55520,55430,55460,55500,55540,55460,55480,55530,55530,55445,55470,55515
2025-10-01 01:50:00,3100,55580,55490,55500,55510,55600,55510,55530,55530,55590,55500,55515,55520
2025-10-01 01:55:00,3500,55530,55430,55510,55450,55550,55460,55530,55470,55540,55445,55520,55460
2025-10-01 02:00:00,7400,55470,55380,55450,55390,55490,55390,55470,55420,55480,55385,55460,55405
2025-10-01 02:05:00,6200,55450,55360,55390,55400,55490,55380,55410,55430,55470,55375,55400,55415
2025-10-01 02:10:00,4600,55400,55310,55400,55350,55430,55340,55430,55370,55415,55325,55415,55360
2025-10-01 02:15:00,4900,55370,55290,55350,55350,55400,55320,55370,55370,55385,55305,55360,55360
2025-10-01 02:20:00,5900,55410,55330,55350,55380,55420,55350,55370,55400,55415,55340,55360,55390
2025-10-01 02:25:00,5100,55420,55350,55380,55400,55430,55360,55400,55420,55425,55355,55390,55410
2025-10-01 02:30:00,7300,55400,55400,55400,55400,55440,55440,55440,55440,55420,55420,55420,55420
2025-10-01 03:30:00,26800,55410,55290,55390,55350,55430,55300,55400,55370,55415,55295,55395,55360
2025-10-01 03:35:00,14300,55490,55330,55340,55390,55520,55350,55370,55420,55505,55340,55355,55405
2025-10-01 03:40:00,3900,55410,55290,55390,55290,55430,55320,55420,55320,55420,55305,55405,55305
2025-10-01 03:45:00,7100,55360,55250,55290,55350,55370,55260,55310,55370,55365,55255,55300,55360
2025-10-01 03:50:00,3200,55420,55350,55350,55410,55440,55370,55370,55440,55430,55360,55360,55425
2025-10-01 03:55:00,1900,55430,55390,55410,55400,55450,55410,55440,55420,55435,55400,55425,55410
2025-10-01 04:00:00,2000,55440,55390,55400,55420,55460,55410,55420,55440,55450,55400,55410,55430
2025-10-01 04:05:00,3500,55480,55400,55420,55480,55490,55420,55440,55490,55485,55410,55430,55485
2025-10-01 04:10:00,2800,55490,55420,55480,55430,55500,55440,55490,55460,55495,55435,55485,55445
2025-10-01 04:15:00,3700,55490,55430,55430,55480,55510,55450,55460,55500,55500,55440,55445,55490
2025-10-01 04:20:00,1400,55480,55450,55480,55450,55500,55470,55500,55470,55490,55460,55490,55460
2025-10-01 04:25:00,4000,55460,55390,55460,55400,55470,55410,55470,55420,55465,55400,55465,55410
2025-10-01 04:30:00,2500,55430,55380,55400,55390,55450,55400,55420,55400,55440,55390,55410,55395
2025-10-01 04:35:00,3600,55390,55320,55390,55320,55400,55340,55400,55340,55395,55330,55395,55330
2025-10-01 04:40:00,4000,55360,55300,55320,55340,55390,55310,55340,55360,55375,55305,55330,55350
2025-10-01 04:45:00,2400,55390,55330,55340,55390,55400,55350,55360,55400,55395,55340,55350,55395
2025-10-01 04:50:00,7400,55380,55300,55380,55310,55400,55310,55400,55330,55390,55305,55390,55320
2025-10-01 04:55:00,4800,55360,55280,55310,55360,55380,55300,55330,55380,55370,55290,55320,55370
2025-10-01 05:00:00,4500,55360,55300,55360,55330,55380,55320,55380,55340,55370,55310,55370,55335
2025-10-01 05:05:00,1400,55350,55320,55330,55320,55360,55330,55340,55350,55355,55325,55335,55335
2025-10-01 05:10:00,1800,55350,55320,55320,55320,55360,55340,55340,55340,55355,55330,55330,55330
2025-10-01 05:15:00,4700,55330,55290,55320,55310,55340,55300,55340,55320,55335,55295,55330,55315
2025-10-01 05:20:00,6400,55310,55270,55310,55300,55320,55290,55320,55320,55315,55280,55315,55310
2025-10-01 05:25:00,3600,55340,55280,55300,55300,55350,55300,55320,55320,55345,55290,55310,55310
2025-10-01 05:30:00,7700,55380,55240,55300,55360,55390,55260,55320,55380,55385,55250,55310,55370
2025-10-01 05:35:00,2000,55390,55340,55360,55380,55400,55350,55380,55400,55395,55345,55370,55390
2025-10-01 05:40:00,3600,55390,55340,55380,55340,55400,55360,55400,55360,55395,55350,55390,55350
2025-10-01 05:45:00,3000,55400,55330,55340,55390,55420,55340,55360,55410,55410,55335,55350,55400
2025-10-01 05:50:00,2700,55420,55380,55390,55410,55430,55390,55410,55430,55425,55385,55400,55420
2025-10-01 05:55:00,8300,55410,55360,55410,55400,55430,55380,55420,55410,55420,55370,55415,55405
2025-10-01 06:00:00,5700,55480,55380,55400,55470,55500,55390,55410,55490,55490,55385,55405,55480
2025-10-01 06:05:00,5900,55520,55430,55470,55520,55540,55450,55490,55530,55530,55440,55480,55525
2025-10-01 06:10:00,5200,55520,55450,55510,55520,55540,55470,55530,55540,55530,55460,55520,55530
2025-10-01 06:15:00,8800,55560,55500,55520,55520,55570,55510,55540,55540,55565,55505,55530,55530
2025-10-01 06:20:00,11000,55520,55480,55520,55490,55540,55490,55540,55500,55530,55485,55530,55495
2025-10-01 06:25:00,,55940,55570,55590,55610,55950,55580,55600,55620,55945,55575,55595,55615
2025-10-01 06:30:00,190700,55600,55600,55600,55600,55620,55620,55620,55620,55610,55610,55610,55610
2025-10-02 00:00:00,100100,56130,55620,55990,56050,56190,55690,56000,56090,56160,55655,55995,56070
2025-10-02 00:05:00,31900,56160,55930,56050,56120,56170,55970,56090,56150,56165,55950,56070,56135
2025-10-02 00:10:00,28600,56290,56120,56120,56250,56300,56140,56150,56280,56295,56130,56135,56265
2025-10-02 00:15:00,27600,56360,56060,56250,56080,56380,56090,56280,56110,56370,56080,56265,56095
2025-10-02 00:20:00,15400,56120,55980,56070,55980,56140,56000,56110,56000,56125,55990,56090,55990
2025-10-02 00:25:00,8800,56100,55980,55980,56100,56120,56000,56000,56110,56110,55990,55990,56105
2025-10-02 00:30:00,15200,56150,56010,56100,56060,56180,56050,56110,56070,56165,56030,56105,56065
2025-10-02 00:35:00,13200,56070,55950,56060,56000,56090,55960,56070,56010,56080,55955,56065,56005
2025-10-02 00:40:00,13400,56020,55900,56000,55950,56030,55930,56010,55970,56025,55915,56005,55960
2025-10-02 00:45:00,10400,56030,55890,55950,55920,56040,55910,55970,55930,56035,55900,55960,55925
2025-10-02 00:50:00,9500,56060,55900,55920,56060,56090,55910,55930,56090,56075,55905,55925,56075
2025-10-02 00:55:00,4900,56060,55970,56060,56030,56090,56000,56090,56050,56075,55985,56075,56040
2025-10-02 01:00:00,6800,56060,55960,56030,56000,56070,55980,56050,56010,56065,55970,56040,56005
2025-10-02 01:05:00,4400,56060,55990,56000,56050,56070,56010,56020,56070,56065,56000,56010,56060
2025-10-02 01:10:00,4600,56080,56020,56050,56060,56090,56040,56070,56080,56085,56035,56060,56070
2025-10-02 01:15:00,6300,56070,55990,56060,56040,56090,56000,56080,56060,56080,55995,56070,56050
2025-10-02 01:20:00,3900,56070,55990,56040,56000,56080,56010,56060,56020,56075,56000,56050,56010
2025-10-02 01:25:00,5700,56010,55980,56000,55980,56030,55990,56020,55990,56020,55985,56010,55985
2025-10-02 01:30:00,4600,56020,55980,55980,56010,56040,55990,55990,56040,56030,55985,55985,56025
2025-10-02 01:35:00,3700,56030,55980,56010,56000,56040,56000,56040,56010,56035,55990,56025,56005
2025-10-02 01:40:00,4500,56060,56000,56000,56000,56080,56010,56010,56020,56070,56005,56005,56010
2025-10-02 01:45:00,2900,56030,56000,56000,56010,56050,56010,56020,56030,56040,56005,56010,56020
2025-10-02 01:50:00,2700,56010,56000,56010,56000,56040,56010,56030,56020,56025,56005,56020,56010
2025-10-02 01:55:00,7500,56050,55930,56000,56030,56070,55970,56020,56050,56060,55950,56010,56040
2025-10-02 02:00:00,8800,56110,56020,56030,56080,56120,56040,56050,56110,56115,56030,56040,56095
2025-10-02 02:05:00,5500,56170,56070,56080,56110,56180,56090,56110,56140,56175,56080,56095,56125
2025-10-02 02:10:00,2100,56110,56050,56110,56050,56140,56070,56140,56070,56125,56060,56125,56060
2025-10-02 02:15:00,3200,56070,56030,56050,56030,56090,56050,56070,56050,56075,56040,56060,56040
2025-10-02 02:20:00,4500,56100,56030,56030,56080,56120,56050,56050,56100,56110,56040,56040,56090
2025-10-02 02:25:00,4800,56110,56060,56070,56070,56130,56080,56100,56090,56120,56070,56085,56080
2025-10-02 02:30:00,10500,56070,56070,56070,56070,56100,56100,56100,56100,56085,56085,56085,56085
2025-10-02 03:30:00,30100,56180,56070,56180,56140,56190,56090,56180,56160,56185,56080,56180,56150
2025-10-02 03:35:00,13100,56260,56140,56140,56240,56270,56150,56160,56260,56265,56145,56150,56250
2025-10-02 03:40:00,6200,56260,56180,56230,56210,56270,56200,56260,56220,56265,56190,56245,56215
2025-10-02 03:45:00,8700,56300,56200,56210,56280,56320,56220,56220,56300,56310,56210,56215,56290
2025-10-02 03:50:00,5400,56280,56220,56280,56240,56300,56250,56300,56250,56290,56235,56290,56245
2025-10-02 03:55:00,14900,56340,56230,56240,56340,56360,56250,56250,56350,56350,56240,56245,56345
2025-10-02 04:00:00,16000,56420,56320,56340,56350,56440,56340,56350,56370,56430,56335,56345,56360
2025-10-02 04:05:00,4100,56380,56300,56360,56320,56400,56320,56370,56340,56390,56310,56365,56330
2025-10-02 04:10:00,6000,56410,56320,56320,56410,56430,56340,56340,56430,56420,56330,56330,56420
2025-10-02 04:15:00,6300,56460,56390,56410,56400,56480,56400,56430,56410,56470,56395,56420,56405
2025-10-02 04:20:00,6800,56480,56400,56400,56460,56490,56410,56410,56470,56485,56405,56405,56465
2025-10-02 04:25:00,17400,56570,56460,56460,56540,56580,56470,56470,56560,56575,56465,56465,56550
2025-10-02 04:30:00,5100,56560,56510,56540,56560,56570,56530,56560,56570,56565,56520,56550,56565
2025-10-02 04:35:00,16300,56680,56530,56560,56660,56700,56550,56570,56680,56690,56540,56565,56670
2025-10-02 04:40:00,20900,56800,56650,56660,56770,56820,56680,56680,56790,56810,56665,56670,56780
2025-10-02 04:45:00,4200,56810,56750,56760,56750,56820,56780,56790,56780,56815,56765,56775,56765
2025-10-02 04:50:00,5700,56750,56680,56750,56720,56780,56700,56780,56730,56765,56690,56765,56725
2025-10-02 04:55:00,5000,56740,56700,56720,56740,56750,56710,56730,56750,56745,56705,56725,56745
2025-10-02 05:00:00,4600,56750,56700,56740,56740,56760,56720,56750,56750,56755,56715,56745,56745
2025-10-02 05:05:00,3700,56750,56700,56740,56730,56760,56710,56750,56740,56755,56705,56745,56735
2025-10-02 05:10:00,3300,56750,56710,56730,56710,56760,56720,56740,56720,56755,56715,56735,56715
2025-10-02 05:15:00,6400,56720,56510,56710,56510,56730,56530,56720,56530,56725,56520,56715,56520
2025-10-02 05:20:00,4700,56520,56460,56510,56460,56530,56480,56530,56480,56525,56470,56520,56470
2025-10-02 05:25:00,3900,56550,56460,56460,56510,56570,56480,56480,56520,56555,56470,56470,56515
2025-10-02 05:30:00,4400,56560,56500,56510,56500,56580,56520,56520,56520,56570,56510,56515,56510
2025-10-02 05:35:00,6600,56600,56500,56510,56560,56620,56510,56520,56570,56610,56505,56515,56565
2025-10-02 05:40:00,4800,56570,56510,56560,56540,56590,56530,56570,56560,56580,56520,56565,56550
2025-10-02 05:45:00,3600,56580,56540,56540,56570,56600,56550,56560,56580,56590,56545,56550,56575
2025-10-02 05:50:00,6700,56580,56530,56570,56560,56590,56550,56580,56570,56585,56540,56575,56565
2025-10-02 05:55:00,6100,56570,56480,56560,56500,56580,56490,56570,56530,56575,56485,56565,56515
2025-10-02 06:00:00,9400,56550,56430,56500,56480,56560,56450,56530,56500,56555,56440,56515,56490
2025-10-02 06:05:00,6700,56480,56380,56480,56380,56500,56390,56500,56400,56490,56385,56490,56390
2025-10-02 06:10:00,10500,56390,56300,56380,56330,56420,56320,56400,56360,56405,56310,56390,56345
2025-10-02 06:15:00,10000,56370,56320,56330,56350,56390,56340,56350,56370,56375,56330,56340,56360
2025-10-02 06:20:00,14900,56350,56280,56350,56300,56370,56290,56370,56310,56360,56285,56360,56305
2025-10-02 06:25:00,,56450,54410,54890,56260,56460,54410,54900,56270,56455,54410,54895,56265
2025-10-02 06:30:00,171700,56260,56260,56260,56260,56290,56290,56290,56290,56275,56275,56275,56275
2025-10-03 00:00:00,67000,56660,56150,56630,56520,56700,56210,56630,56550,56680,56180,56630,56535
2025-10-03 00:05:00,14900,56550,56370,56520,56380,56560,56390,56550,56420,56555,56385,56535,56400
2025-10-03 00:10:00,13300,56500,56320,56380,56350,56520,56360,56420,56380,56510,56340,56400,56365
2025-10-03 00:15:00,7300,56440,56280,56350,56410,56460,56300,56380,56440,56450,56290,56365,56425
2025-10-03 00:20:00,8100,56470,56350,56410,56350,56500,56360,56440,56370,56485,56355,56425,56360
2025-10-03 00:25:00,6800,56520,56350,56350,56500,56550,56370,56370,56520,56535,56360,56360,56510
2025-10-03 00:30:00,5900,56510,56440,56500,56470,56520,56450,56520,56490,56515,56445,56510,56480
2025-10-03 00:35:00,5200,56520,56450,56470,56450,56540,56460,56490,56460,56530,56455,56480,56455
2025-10-03 00:40:00,5300,56530,56420,56450,56510,56550,56440,56460,56530,56540,56430,56455,56520
2025-10-03 00:45:00,4900,56560,56470,56510,56490,56570,56490,56530,56500,56565,56480,56520,56495
2025-10-03 00:50:00,3000,56520,56480,56490,56510,56540,56490,56500,56520,56530,56485,56495,56515
2025-10-03 00:55:00,6000,56570,56500,56510,56530,56590,56520,56520,56550,56580,56510,56515,56540
2025-10-03 01:00:00,8700,56600,56510,56540,56550,56620,56530,56550,56570,56610,56520,56545,56560
2025-10-03 01:05:00,7100,56560,56400,56550,56410,56590,56430,56570,56430,56575,56415,56560,56420
2025-10-03 01:10:00,2800,56510,56410,56410,56500,56530,56430,56430,56520,56520,56420,56420,56510
2025-10-03 01:15:00,4200,56530,56430,56500,56510,56540,56460,56520,56520,56535,56445,56510,56515
2025-10-03 01:20:00,5600,56510,56440,56510,56460,56530,56450,56520,56480,56515,56445,56515,56470
2025-10-03 01:25:00,4000,56490,56420,56460,56480,56520,56430,56480,56510,56505,56425,56470,56495
2025-10-03 01:30:00,8700,56650,56480,56480,56600,56670,56490,56510,56630,56660,56485,56495,56615
2025-10-03 01:35:00,14300,56720,56570,56600,56700,56740,56610,56630,56720,56730,56590,56615,56710
2025-10-03 01:40:00,1600,56710,56590,56700,56650,56720,56620,56720,56670,56715,56605,56710,56660
2025-10-03 01:45:00,4800,56670,56560,56650,56610,56690,56590,56670,56630,56680,56580,56660,56620
2025-10-03 01:50:00,2200,56620,56560,56610,56610,56640,56580,56630,56640,56630,56570,56620,56625
2025-10-03 01:55:00,5000,56620,56520,56610,56520,56640,56530,56640,56540,56630,56525,56625,56530
2025-10-03 02:00:00,5400,56630,56510,56520,56600,56640,56520,56530,56620,56635,56515,56525,56610
2025-10-03 02:05:00,5700,56710,56580,56600,56670,56730,56600,56620,56700,56720,56590,56610,56685
2025-10-03 02:10:00,5600,56700,56630,56670,56660,56710,56650,56700,56690,56705,56640,56685,56675
2025-10-03 02:15:00,3000,56720,56670,56670,56690,56730,56690,56690,56720,56725,56680,56680,56705
2025-10-03 02:20:00,3300,56720,56660,56690,56690,56730,56680,56720,56710,56725,56670,56705,56700
2025-10-03 02:25:00,4400,56720,56620,56690,56630,56740,56630,56710,56650,56730,56625,56700,56640
2025-10-03 02:30:00,1600,56630,56630,56630,56630,56670,56670,56670,56670,56650,56650,56650,56650
2025-10-03 03:30:00,30700,56600,56450,56550,56560,56630,56480,56550,56590,56615,56465,56550,56575
2025-10-03 03:35:00,5100,56610,56550,56560,56610,56640,56560,56580,56630,56625,56555,56570,56620
2025-10-03 03:40:00,6100,56710,56610,56610,56650,56720,56630,56630,56680,56715,56620,56620,56665
2025-10-03 03:45:00,5000,56690,56600,56650,56620,56700,56630,56680,56640,56695,56615,56665,56630
2025-10-03 03:50:00,2600,56660,56600,56620,56660,56680,56610,56640,56670,56670,56605,56630,56665
2025-10-03 03:55:00,1800,56660,56620,56660,56620,56670,56630,56670,56640,56665,56625,56665,56630
2025-10-03 04:00:00,2200,56630,56590,56620,56590,56650,56600,56640,56610,56640,56595,56630,56600
2025-10-03 04:05:00,4000,56680,56590,56590,56670,56700,56600,56610,56690,56690,56595,56600,56680
2025-10-03 04:10:00,8200,56730,56670,56670,56690,56750,56690,56690,56710,56740,56680,56680,56700
2025-10-03 04:15:00,3500,56690,56600,56690,56620,56710,56610,56710,56640,56700,56605,56700,56630
2025-10-03 04:20:00,2200,56670,56620,56620,56660,56680,56630,56640,56680,56675,56625,56630,56670
2025-10-03 04:25:00,3900,56720,56660,56660,56690,56730,56670,56680,56710,56725,56665,56670,56700
2025-10-03 04:30:00,2900,56730,56690,56690,56720,56740,56700,56710,56730,56735,56695,56700,56725
2025-10-03 04:35:00,2200,56730,56700,56720,56700,56740,56710,56730,56710,56735,56705,56725,56705
2025-10-03 04:40:00,18000,56830,56700,56700,56820,56840,56710,56710,56840,56835,56705,56705,56830
2025-10-03 04:45:00,15100,56920,56820,56820,56900,56930,56830,56840,56920,56925,56825,56830,56910
2025-10-03 04:50:00,3300,56910,56870,56900,56870,56920,56880,56920,56880,56915,56875,56910,56875
2025-10-03 04:55:00,5600,56900,56860,56870,56890,56920,56870,56880,56900,56910,56865,56875,56895
2025-10-03 05:00:00,5800,56920,56890,56890,56910,56940,56900,56900,56920,56930,56895,56895,56915
2025-10-03 05:05:00,3900,56920,56860,56910,56860,56930,56870,56920,56880,56925,56865,56915,56870
2025-10-03 05:10:00,6600,56930,56860,56860,56890,56940,56870,56880,56910,56935,56865,56870,56900
2025-10-03 05:15:00,4800,56910,56830,56890,56850,56920,56850,56910,56860,56915,56840,56900,56855
2025-10-03 05:20:00,4000,56850,56800,56850,56800,56860,56810,56860,56820,56855,56805,56855,56810
2025-10-03 05:25:00,6500,56890,56790,56800,56880,56900,56800,56820,56890,56895,56795,56810,56885
2025-10-03 05:30:00,3900,56890,56870,56880,56890,56900,56880,56890,56900,56895,56875,56885,56895
2025-10-03 05:35:00,6500,56900,56810,56890,56820,56910,56830,56900,56830,56905,56820,56895,56825
2025-10-03 05:40:00,5800,56830,56790,56820,56800,56840,56800,56830,56810,56835,56795,56825,56805
2025-10-03 05:45:00,4900,56840,56790,56800,56790,56860,56800,56810,56800,56850,56795,56805,56795
2025-10-03 05:50:00,3800,56820,56790,56790,56800,56840,56800,56800,56810,56830,56795,56795,56805
2025-10-03 05:55:00,6900,56810,56720,56800,56730,56820,56730,56810,56750,56815,56725,56805,56740
2025-10-03 06:00:00,7700,56860,56720,56730,56810,56870,56730,56750,56830,56865,56725,56740,56820
2025-10-03 06:05:00,6600,56810,56770,56810,56780,56830,56780,56820,56790,56820,56775,56815,56785
2025-10-03 06:10:00,9500,56820,56760,56780,56820,56840,56770,56790,56830,56830,56765,56785,56825
2025-10-03 06:15:00,6400,56840,56780,56820,56830,56850,56790,56830,56840,56845,56785,56825,56835
2025-10-03 06:20:00,15100,56870,56730,56830,56740,56880,56750,56840,56790,56875,56740,56835,56765
2025-10-03 06:25:00,,57000,55130,56010,56990,57010,55140,56010,57000,57005,55135,56010,56995
2025-10-03 06:30:00,164000,56970,56970,56970,56970,57000,57000,57000,57000,56985,56985,56985,56985
2025-10-06 00:00:00,,59000,58000,58990,59000,59000,58000,59000,59000,59000,58000,58995,59000
2025-10-06 00:05:00,231500,60170,59000,59000,59410,60240,59000,59000,59450,60205,59000,59000,59430
2025-10-06 00:10:00,47200,59730,59190,59410,59730,59770,59200,59450,59770,59750,59195,59430,59750
2025-10-06 00:15:00,28300,59870,59670,59730,59760,59900,59710,59770,59790,59885,59695,59750,59775
2025-10-06 00:20:00,23600,59800,59630,59760,59710,59830,59660,59790,59740,59815,59645,59775,59725
2025-10-06 00:25:00,31500,59760,59460,59700,59530,59780,59470,59760,59560,59770,59465,59730,59545
2025-10-06 00:30:00,24200,59730,59470,59530,59610,59760,59500,59560,59650,59745,59495,59545,59630
2025-10-06 00:35:00,15800,59780,59590,59610,59770,59800,59630,59650,59790,59790,59610,59630,59780
2025-10-06 00:40:00,57800,60030,59740,59770,59950,60040,59780,59790,59970,60035,59765,59780,59960
2025-10-06 00:45:00,11600,59970,59790,59960,59920,60000,59810,59970,59940,59985,59805,59965,59930
2025-10-06 00:50:00,9800,59930,59830,59920,59880,59960,59850,59940,59900,59945,59845,59930,59890
2025-10-06 00:55:00,14100,60010,59870,59880,60000,60030,59890,59900,60020,60020,59880,59890,60010
2025-10-06 01:00:00,13800,60090,59960,60000,60090,60100,59980,60020,60100,60095,59975,60010,60095
2025-10-06 01:05:00,20700,60180,60020,60090,60050,60190,60050,60100,60080,60185,60035,60095,60065
2025-10-06 01:10:00,7800,60110,59980,60050,60010,60130,60000,60080,60030,60120,59990,60065,60020
2025-10-06 01:15:00,23600,60200,59980,60010,60140,60220,59990,60030,60170,60210,59985,60020,60155
2025-10-06 01:20:00,4900,60180,60080,60140,60090,60200,60110,60170,60120,60190,60095,60155,60105
2025-10-06 01:25:00,7600,60180,60050,60090,60140,60190,60070,60120,60170,60185,60060,60105,60155
2025-10-06 01:30:00,28400,60340,60140,60140,60300,60360,60170,60170,60320,60350,60155,60155,60310
2025-10-06 01:35:00,10200,60420,60260,60290,60350,60430,60280,60320,60370,60425,60270,60305,60360
2025-10-06 01:40:00,8000,60460,60330,60350,60450,60480,60360,60370,60480,60465,60345,60360,60465
2025-10-06 01:45:00,21200,60670,60460,60460,60510,60690,60480,60480,60550,60680,60470,60470,60530
2025-10-06 01:50:00,9100,60590,60440,60510,60480,60620,60470,60540,60500,60600,60455,60525,60490
2025-10-06 01:55:00,5200,60480,60400,60480,60450,60500,60440,60500,60460,60490,60420,60490,60455
2025-10-06 02:00:00,6700,60550,60420,60450,60540,60560,60450,60460,60560,60555,60435,60455,60550
2025-10-06 02:05:00,9400,60640,60510,60540,60540,60650,60550,60560,60570,60645,60530,60550,60555
2025-10-06 02:10:00,5300,60630,60530,60540,60530,60640,60550,60560,60560,60635,60545,60550,60545
2025-10-06 02:15:00,10300,60650,60480,60530,60620,60670,60510,60560,60640,60660,60495,60545,60630
2025-10-06 02:20:00,5700,60640,60500,60620,60590,60660,60520,60640,60610,60650,60510,60630,60600
2025-10-06 02:25:00,5100,60640,60570,60590,60640,60650,60600,60610,60650,60645,60585,60600,60645
2025-10-06 02:30:00,3600,60640,60640,60640,60640,60650,60650,60650,60650,60645,60645,60645,60645
2025-10-06 03:30:00,57200,60730,60340,60680,60510,60770,60380,60690,60530,60750,60360,60685,60520
2025-10-06 03:35:00,10400,60520,60350,60510,60450,60550,60360,60530,60470,60535,60355,60520,60460
2025-10-06 03:40:00,5000,60480,60400,60450,60450,60490,60420,60470,60470,60485,60410,60460,60460
2025-10-06 03:45:00,10000,60630,60430,60450,60630,60640,60440,60470,60640,60635,60435,60460,60635
2025-10-06 03:50:00,7600,60640,60580,60630,60580,60650,60600,60640,60600,60645,60590,60635,60590
2025-10-06 03:55:00,6500,60590,60500,60580,60500,60600,60520,60600,60520,60595,60510,60590,60510
2025-10-06 04:00:00,18800,60510,60150,60500,60150,60530,60180,60520,60180,60520,60165,60510,60165
2025-10-06 04:05:00,8800,60180,60010,60150,60070,60200,60030,60180,60090,60190,60020,60165,60080
2025-10-06 04:10:00,9600,60180,60050,60070,60110,60190,60090,60090,60140,60185,60070,60080,60125
2025-10-06 04:15:00,4600,60150,60080,60110,60130,60170,60110,60140,60150,60160,60095,60125,60140
2025-10-06 04:20:00,13100,60190,60020,60130,60050,60200,60040,60150,60070,60195,60030,60140,60060
2025-10-06 04:25:00,5700,60090,60010,60050,60090,60120,60020,60070,60120,60105,60015,60060,60105
2025-10-06 04:30:00,5700,60170,60070,60090,60090,60180,60090,60120,60110,60175,60080,60105,60100
2025-10-06 04:35:00,5100,60130,60070,60090,60090,60150,60080,60110,60110,60140,60075,60100,60100
2025-10-06 04:40:00,3100,60120,60090,60090,60110,60150,60100,60120,60120,60135,60095,60105,60115
2025-10-06 04:45:00,4500,60150,60080,60110,60150,60170,60100,60120,60170,60160,60090,60115,60160
2025-10-06 04:50:00,3200,60180,60140,60150,60170,60190,60150,60170,60190,60185,60145,60160,60180
2025-10-06 04:55:00,10800,60330,60170,60170,60310,60340,60190,60190,60330,60335,60180,60180,60320
2025-10-06 05:00:00,7400,60360,60280,60310,60330,60380,60300,60330,60350,60370,60290,60320,60340
2025-10-06 05:05:00,4800,60330,60240,60330,60280,60350,60260,60350,60300,60340,60250,60340,60290
2025-10-06 05:10:00,5100,60320,60270,60280,60280,60330,60290,60300,60300,60325,60280,60290,60290
2025-10-06 05:15:00,7100,60380,60270,60280,60370,60390,60290,60300,60390,60385,60280,60290,60380
2025-10-06 05:20:00,10600,60490,60340,60370,60410,60500,60370,60390,60430,60495,60355,60380,60420
2025-10-06 05:25:00,11100,60460,60350,60410,60410,60470,60380,60430,60440,60465,60365,60420,60425
2025-10-06 05:30:00,7500,60440,60390,60410,60420,60460,60400,60440,60440,60445,60395,60425,60430
2025-10-06 05:35:00,6200,60420,60370,60420,60400,60440,60390,60440,60420,60430,60380,60430,60410
2025-10-06 05:40:00,9400,60410,60350,60400,60370,60430,60370,60420,60390,60420,60360,60410,60380
2025-10-06 05:45:00,6500,60420,60360,60370,60360,60430,60370,60390,60380,60425,60365,60380,60370
2025-10-06 05:50:00,7400,60370,60290,60360,60310,60380,60300,60380,60330,60375,60295,60370,60320
2025-10-06 05:55:00,7800,60330,60260,60310,60260,60340,60270,60330,60270,60335,60265,60320,60265
2025-10-06 06:00:00,14700,60310,60200,60260,60230,60330,60210,60270,60250,60320,60205,60265,60240
2025-10-06 06:05:00,11100,60230,60160,60230,60190,60250,60180,60250,60200,60240,60170,60240,60195
2025-10-06 06:10:00,14000,60210,60140,60190,60160,60230,60160,60200,60170,60220,60150,60195,60165
2025-10-06 06:15:00,15000,60210,60110,60160,60200,60220,60120,60170,60210,60215,60115,60165,60205
2025-10-06 06:20:00,20900,60280,60170,60200,60250,60290,60190,60210,60270,60285,60180,60205,60260
2025-10-06 06:25:00,,61000,58270,58970,60480,61010,58280,58980,60490,61005,58275,58975,60485
2025-10-06 06:30:00,241600,60480,60480,60480,60480,60500,60500,60500,60500,60490,60490,60490,60490
2025-10-07 00:00:00,155700,62260,61240,62260,61240,62330,61250,62270,61290,62265,61245,62265,61265
2025-10-07 00:05:00,29900,61540,61180,61240,61260,61580,61240,61290,61310,61560,61210,61265,61285
2025-10-07 00:10:00,18700,61360,61170,61260,61280,61400,61190,61310,61320,61380,61180,61285,61300
2025-10-07 00:15:00,12900,61430,61220,61280,61260,61440,61240,61320,61300,61435,61230,61300,61280
2025-10-07 00:20:00,19300,61260,61030,61260,61070,61300,61060,61300,61100,61280,61045,61280,61085
2025-10-07 00:25:00,7800,61220,61020,61090,61210,61250,61040,61100,61240,61235,61030,61095,61225
2025-10-07 00:30:00,9200,61260,61060,61210,61110,61280,61100,61240,61140,61270,61080,61225,61125
2025-10-07 00:35:00,5700,61140,61070,61110,61110,61160,61090,61140,61140,61150,61080,61125,61125
2025-10-07 00:40:00,9600,61200,61060,61110,61110,61220,61090,61140,61140,61210,61075,61125,61125
2025-10-07 00:45:00,9600,61210,61080,61110,61100,61220,61100,61140,61130,61215,61090,61125,61115
2025-10-07 00:50:00,6900,61180,61070,61100,61110,61220,61090,61130,61140,61200,61080,61115,61125
2025-10-07 00:55:00,5400,61180,61100,61110,61110,61200,61120,61140,61130,61190,61110,61125,61120
2025-10-07 01:00:00,10100,61130,61030,61100,61030,61160,61050,61130,61060,61145,61040,61115,61045
2025-10-07 01:05:00,12700,61110,60820,61030,60860,61140,60860,61060,60900,61125,60845,61045,60880
2025-10-07 01:10:00,8700,60900,60640,60860,60710,60930,60670,60900,60730,60915,60655,60880,60720
2025-10-07 01:15:00,7500,60720,60590,60710,60610,60750,60610,60730,60630,60735,60600,60720,60620
2025-10-07 01:20:00,5800,60640,60560,60610,60580,60670,60580,60630,60600,60655,60570,60620,60590
2025-10-07 01:25:00,7700,60770,60560,60580,60680,60790,60580,60600,60710,60780,60570,60590,60695
2025-10-07 01:30:00,4700,60800,60670,60680,60760,60840,60700,60710,60780,60820,60685,60695,60770
2025-10-07 01:35:00,5300,60780,60700,60760,60760,60800,60710,60780,60790,60785,60705,60770,60775
2025-10-07 01:40:00,5400,60800,60700,60760,60730,60840,60710,60790,60750,60820,60705,60775,60740
2025-10-07 01:45:00,5100,60810,60660,60730,60660,60820,60680,60750,60680,60815,60670,60740,60670
2025-10-07 01:50:00,7500,60660,60490,60660,60620,60680,60510,60680,60650,60670,60500,60670,60635
2025-10-07 01:55:00,5200,60650,60540,60620,60610,60680,60570,60650,60630,60665,60560,60635,60620
2025-10-07 02:00:00,4800,60660,60570,60610,60620,60680,60600,60630,60650,60665,60585,60620,60635
2025-10-07 02:05:00,3500,60640,60580,60620,60610,60650,60600,60650,60630,60645,60590,60635,60620
2025-10-07 02:10:00,6000,60610,60500,60610,60550,60630,60530,60630,60570,60620,60515,60620,60560
2025-10-07 02:15:00,2400,60630,60530,60550,60620,60650,60560,60570,60650,60640,60545,60560,60635
2025-10-07 02:20:00,4200,60660,60550,60620,60630,60670,60580,60650,60660,60665,60565,60635,60645
2025-10-07 02:25:00,5800,60630,60550,60630,60560,60660,60570,60660,60580,60645,60560,60645,60570
2025-10-07 02:30:00,3100,60550,60550,60550,60550,60580,60580,60580,60580,60565,60565,60565,60565
2025-10-07 03:30:00,20100,60730,60560,60590,60580,60740,60600,60600,60600,60735,60585,60595,60590
2025-10-07 03:35:00,7300,60600,60500,60580,60520,60610,60530,60600,60540,60605,60515,60590,60530
2025-10-07 03:40:00,5400,60590,60520,60520,60550,60620,60540,60540,60570,60605,60530,60530,60560
2025-10-07 03:45:00,4400,60560,60510,60550,60530,60590,60530,60570,60560,60575,60520,60560,60545
2025-10-07 03:50:00,9000,60540,60450,60540,60510,60560,60480,60560,60520,60550,60465,60550,60515
2025-10-07 03:55:00,6000,60550,60450,60510,60520,60570,60470,60520,60550,60560,60460,60515,60535
2025-10-07 04:00:00,3900,60550,60490,60520,60530,60570,60500,60550,60550,60560,60495,60535,60540
2025-10-07 04:05:00,4000,60540,60470,60530,60470,60560,60490,60550,60490,60550,60480,60540,60480
2025-10-07 04:10:00,5500,60470,60350,60470,60380,60500,60370,60490,60400,60485,60360,60480,60390
2025-10-07 04:15:00,3700,60430,60360,60380,60400,60450,60380,60390,60420,60440,60370,60385,60410
2025-10-07 04:20:00,4200,60540,60380,60400,60510,60570,60400,60420,60530,60555,60390,60410,60520
2025-10-07 04:25:00,4400,60510,60430,60510,60440,60530,60450,60530,60460,60520,60440,60520,60450
2025-10-07 04:30:00,4800,60480,60360,60440,60360,60490,60370,60460,60370,60485,60365,60450,60365
2025-10-07 04:35:00,4500,60380,60310,60360,60380,60400,60320,60370,60400,60390,60315,60365,60390
2025-10-07 04:40:00,3300,60440,60380,60380,60420,60470,60400,60400,60430,60455,60390,60390,60425
2025-10-07 04:45:00,4400,60580,60420,60420,60580,60590,60430,60430,60590,60585,60425,60425,60585
2025-10-07 04:50:00,5100,60600,60570,60580,60580,60620,60580,60590,60600,60610,60575,60585,60590
2025-10-07 04:55:00,3600,60590,60520,60580,60540,60610,60540,60600,60570,60600,60530,60590,60555
2025-10-07 05:00:00,4400,60550,60450,60540,60460,60570,60460,60570,60490,60560,60455,60555,60475
2025-10-07 05:05:00,2300,60490,60440,60460,60480,60510,60450,60480,60490,60495,60445,60470,60485
2025-10-07 05:10:00,4600,60510,60440,60480,60440,60520,60460,60500,60460,60515,60450,60490,60450
2025-10-07 05:15:00,2000,60460,60430,60440,60430,60480,60440,60460,60450,60470,60435,60450,60440
2025-10-07 05:20:00,3200,60470,60420,60430,60450,60480,60430,60450,60460,60475,60425,60440,60455
2025-10-07 05:25:00,4600,60480,60440,60450,60450,60490,60450,60460,60470,60485,60445,60455,60460
2025-10-07 05:30:00,6000,60500,60410,60450,60460,60520,60430,60470,60480,60510,60420,60460,60470
2025-10-07 05:35:00,3200,60470,60420,60460,60450,60480,60430,60470,60460,60475,60425,60465,60455
2025-10-07 05:40:00,5300,60460,60390,60450,60420,60490,60400,60460,60440,60475,60395,60455,60430
2025-10-07 05:45:00,4600,60430,60380,60420,60400,60450,60400,60440,60430,60440,60390,60430,60415
2025-10-07 05:50:00,7400,60440,60340,60400,60380,60460,60350,60430,60410,60450,60345,60415,60395
2025-10-07 05:55:00,6100,60400,60350,60380,60360,60420,60360,60410,60390,60410,60355,60395,60375
2025-10-07 06:00:00,9400,60370,60210,60360,60220,60390,60230,60390,60230,60375,60220,60375,60225
2025-10-07 06:05:00,9900,60230,60150,60220,60150,60250,60170,60230,60170,60240,60160,60225,60160
2025-10-07 06:10:00,6600,60200,60130,60150,60190,60220,60150,60170,60210,60205,60140,60160,60200
2025-10-07 06:15:00,7800,60240,60140,60190,60150,60250,60150,60210,60160,60245,60145,60200,60155
2025-10-07 06:20:00,10700,60180,60120,60150,60160,60200,60140,60160,60170,60190,60135,60155,60165
2025-10-07 06:25:00,,60990,58940,59590,60200,61000,58940,59600,60210,60995,58940,59595,60205
2025-10-07 06:30:00,142700,60200,60200,60200,60200,60220,60220,60220,60220,60210,60210,60210,60210
2025-10-08 00:00:00,74000,60410,60050,60100,60150,60450,60080,60100,60180,60430,60065,60100,60165
2025-10-08 00:05:00,19900,60190,59960,60150,59970,60220,59980,60180,59990,60205,59970,60165,59980
2025-10-08 00:10:00,20700,59970,59610,59970,59620,60000,59640,59990,59650,59980,59625,59980,59635
2025-10-08 00:15:00,19600,59700,59500,59620,59570,59730,59520,59650,59590,59715,59510,59635,59580
2025-10-08 00:20:00,12600,59820,59570,59570,59770,59850,59590,59590,59800,59835,59580,59580,59785
2025-10-08 00:25:00,6500,59810,59660,59770,59740,59840,59690,59800,59760,59825,59675,59785,59750
2025-10-08 00:30:00,5900,59770,59620,59740,59750,59790,59650,59760,59770,59780,59635,59750,59760
2025-10-08 00:35:00,6400,59820,59720,59750,59780,59850,59750,59770,59800,59835,59735,59760,59790
2025-10-08 00:40:00,7400,59910,59780,59780,59800,59930,59800,59800,59820,59920,59790,59790,59810
2025-10-08 00:45:00,4900,59820,59730,59800,59740,59850,59740,59820,59760,59835,59735,59810,59750
2025-10-08 00:50:00,5600,59770,59670,59740,59770,59790,59680,59760,59780,59775,59675,59750,59775
2025-10-08 00:55:00,8200,59800,59600,59770,59610,59820,59620,59780,59630,59810,59610,59775,59620
2025-10-08 01:00:00,13300,59640,59400,59610,59450,59650,59420,59630,59480,59645,59410,59620,59465
2025-10-08 01:05:00,6700,59460,59350,59450,59350,59480,59370,59480,59370,59470,59360,59465,59360
2025-10-08 01:10:00,8100,59390,59270,59360,59280,59410,59290,59370,59310,59395,59280,59365,59295
2025-10-08 01:15:00,6300,59300,59210,59280,59270,59320,59240,59310,59300,59310,59225,59295,59285
2025-10-08 01:20:00,6000,59430,59260,59270,59330,59440,59290,59300,59350,59435,59275,59285,59340
2025-10-08 01:25:00,4000,59330,59220,59320,59240,59360,59240,59350,59270,59345,59230,59335,59255
2025-10-08 01:30:00,11300,59260,59130,59240,59150,59290,59160,59270,59170,59275,59145,59255,59160
2025-10-08 01:35:00,9300,59150,59000,59140,59000,59170,59010,59170,59010,59160,59005,59155,59005
2025-10-08 01:40:00,11800,59100,58940,59000,59030,59110,58960,59010,59060,59105,58950,59005,59045
2025-10-08 01:45:00,5900,59090,58980,59040,59060,59110,58990,59060,59080,59100,58985,59050,59070
2025-10-08 01:50:00,6000,59090,59000,59060,59090,59110,59030,59080,59100,59100,59015,59070,59095
2025-10-08 01:55:00,4200,59120,59070,59090,59090,59130,59090,59100,59100,59125,59080,59095,59095
2025-10-08 02:00:00,9300,59160,59050,59090,59100,59170,59070,59100,59110,59165,59060,59095,59105
2025-10-08 02:05:00,4200,59100,59010,59100,59010,59130,59030,59110,59030,59115,59020,59105,59020
2025-10-08 02:10:00,7900,59230,58990,59010,59230,59260,59000,59030,59260,59245,58995,59020,59245
2025-10-08 02:15:00,4300,59300,59190,59230,59210,59330,59210,59260,59230,59315,59200,59245,59220
2025-10-08 02:20:00,2500,59250,59200,59200,59220,59270,59210,59230,59240,59260,59205,59215,59230
2025-10-08 02:25:00,3800,59230,59160,59220,59160,59240,59190,59240,59190,59235,59175,59230,59175
2025-10-08 02:30:00,2500,,,,,,,,,,,,
2025-10-08 03:30:00,15300,59330,59150,59160,59170,59350,59160,59160,59190,59340,59160,59160,59180
2025-10-08 03:35:00,5400,59180,59100,59170,59110,59200,59120,59190,59120,59190,59115,59180,59115
2025-10-08 03:40:00,6000,59220,59080,59110,59150,59250,59100,59120,59180,59235,59090,59115,59165
2025-10-08 03:45:00,2500,59220,59150,59150,59210,59250,59180,59180,59230,59235,59165,59165,59220
2025-10-08 03:50:00,2000,59240,59190,59210,59210,59250,59200,59230,59230,59245,59195,59220,59220
2025-10-08 03:55:00,3700,59280,59210,59210,59270,59300,59220,59230,59290,59290,59215,59220,59280
2025-10-08 04:00:00,2900,59310,59240,59270,59250,59320,59250,59290,59270,59315,59245,59280,59260
2025-10-08 04:05:00,1700,59260,59210,59250,59220,59270,59220,59270,59230,59265,59215,59260,59225
2025-10-08 04:10:00,2100,59280,59200,59220,59250,59290,59210,59230,59270,59285,59205,59225,59260
2025-10-08 04:15:00,2300,59300,59230,59250,59280,59320,59240,59270,59300,59310,59235,59260,59290
2025-10-08 04:20:00,2300,59310,59250,59280,59250,59320,59260,59300,59270,59315,59255,59290,59260
2025-10-08 04:25:00,2700,59260,59150,59250,59210,59270,59170,59270,59220,59265,59160,59260,59215
2025-10-08 04:30:00,3100,59240,59170,59210,59200,59260,59190,59220,59220,59250,59180,59215,59210
2025-10-08 04:35:00,3300,59230,59170,59200,59230,59250,59180,59220,59250,59240,59175,59210,59240
2025-10-08 04:40:00,3100,59240,59160,59230,59170,59260,59170,59240,59180,59250,59165,59235,59175
2025-10-08 04:45:00,5700,59180,59090,59170,59110,59190,59110,59180,59130,59185,59100,59175,59120
2025-10-08 04:50:00,4200,59150,59110,59110,59140,59180,59120,59130,59160,59160,59115,59120,59150
2025-10-08 04:55:00,5700,59140,59050,59140,59070,59160,59070,59160,59080,59150,59060,59150,59075
2025-10-08 05:00:00,6000,59070,58980,59070,58980,59090,58990,59080,59010,59080,58985,59075,58995
2025-10-08 05:05:00,4100,59060,58970,58980,59050,59080,58990,59000,59070,59070,58980,58990,59060
2025-10-08 05:10:00,4700,59060,58970,59050,58980,59080,59000,59070,59000,59070,58985,59060,58990
2025-10-08 05:15:00,4800,58980,58900,58980,58910,59000,58910,59000,58920,58990,58905,58990,58915
2025-10-08 05:20:00,4800,58910,58870,58910,58890,58930,58880,58920,58900,58920,58875,58915,58895
2025-10-08 05:25:00,9300,58980,58880,58890,58910,59000,58900,58900,58930,58990,58890,58895,58920
2025-10-08 05:30:00,3300,58940,58890,58910,58930,58950,58910,58930,58950,58945,58900,58920,58940
2025-10-08 05:35:00,1400,58940,58900,58930,58920,58950,58920,58950,58930,58945,58910,58940,58925
2025-10-08 05:40:00,4800,58950,58910,58920,58910,58970,58920,58940,58920,58960,58915,58930,58915
2025-10-08 05:45:00,2900,58960,58900,58910,58950,58980,58920,58920,58970,58970,58910,58915,58960
2025-10-08 05:50:00,4000,58980,58950,58950,58960,59000,58960,58970,58980,58990,58955,58960,58970
2025-10-08 05:55:00,4500,58970,58920,58960,58930,58990,58930,58980,58950,58980,58925,58970,58940
2025-10-08 06:00:00,5000,58960,58910,58930,58920,58970,58930,58950,58940,58965,58920,58940,58930
2025-10-08 06:05:00,10900,58920,58810,58920,58840,58940,58820,58940,58860,58930,58815,58930,58850
2025-10-08 06:10:00,11700,58890,58820,58840,58850,58900,58830,58860,58860,58895,58825,58850,58855
2025-10-08 06:15:00,6900,58870,58820,58840,58860,58880,58830,58860,58870,58875,58825,58850,58865
2025-10-08 06:20:00,10200,58890,58820,58860,58890,58900,58830,58870,58900,58895,58825,58865,58895
2025-10-08 06:25:00,,59990,58850,59390,58850,60000,58860,59400,58860,59995,58855,59395,58855
2025-10-08 06:30:00,167400,58850,58850,58850,58850,58880,58880,58880,58880,58865,58865,58865,58865
2025-10-09 00:00:00,81500,59520,58750,59300,59440,59560,58870,59310,59480,59540,58815,59305,59460
2025-10-09 00:05:00,22000,59520,59250,59440,59400,59560,59280,59480,59430,59540,59265,59460,59415
2025-10-09 00:10:00,19500,59600,59400,59400,59560,59620,59430,59430,59580,59610,59415,59415,59570
2025-10-09 00:15:00,21100,59830,59520,59560,59730,59850,59550,59580,59760,59840,59535,59570,59745
2025-10-09 00:20:00,12800,59840,59710,59730,59710,59860,59740,59760,59740,59850,59725,59745,59725
2025-10-09 00:25:00,14800,59730,59530,59710,59590,59740,59570,59730,59610,59735,59550,59720,59600
2025-10-09 00:30:00,8200,59610,59430,59590,59480,59630,59450,59610,59510,59620,59445,59600,59495
2025-10-09 00:35:00,5300,59520,59400,59480,59400,59550,59430,59510,59430,59535,59415,59495,59415
2025-10-09 00:40:00,6000,59510,59330,59400,59380,59550,59350,59430,59400,59530,59340,59415,59390
2025-10-09 00:45:00,7000,59430,59300,59380,59370,59470,59320,59400,59400,59450,59315,59390,59385
2025-10-09 00:50:00,4300,59500,59370,59370,59490,59520,59390,59400,59510,59510,59380,59385,59500
2025-10-09 00:55:00,4100,59590,59490,59490,59590,59630,59510,59510,59600,59610,59500,59500,59595
2025-10-09 01:00:00,4900,59640,59480,59590,59480,59660,59500,59600,59500,59650,59490,59595,59490
2025-10-09 01:05:00,5300,59480,59410,59480,59410,59500,59420,59500,59430,59490,59415,59490,59420
2025-10-09 01:10:00,5500,59420,59320,59410,59360,59440,59340,59430,59390,59430,59330,59420,59375
2025-10-09 01:15:00,5200,59440,59330,59360,59430,59460,59340,59390,59450,59445,59335,59375,59440
2025-10-09 01:20:00,2100,59440,59390,59430,59420,59460,59410,59450,59440,59450,59400,59440,59430
2025-10-09 01:25:00,2500,59470,59410,59410,59410,59480,59430,59440,59430,59475,59420,59425,59420
2025-10-09 01:30:00,4400,59430,59360,59410,59390,59450,59380,59430,59410,59440,59370,59420,59400
2025-10-09 01:35:00,4900,59410,59370,59390,59390,59430,59390,59410,59410,59420,59380,59400,59400
2025-10-09 01:40:00,3300,59420,59370,59390,59400,59440,59390,59410,59410,59430,59380,59400,59405
2025-10-09 01:45:00,3900,59420,59350,59400,59420,59440,59370,59410,59440,59430,59360,59405,59430
2025-10-09 01:50:00,2200,59460,59410,59420,59450,59480,59430,59440,59470,59470,59420,59430,59460
2025-10-09 01:55:00,2800,59480,59430,59450,59470,59490,59460,59470,59490,59485,59450,59460,59480
2025-10-09 02:00:00,2600,59470,59340,59470,59340,59490,59370,59490,59370,59480,59355,59480,59355
2025-10-09 02:05:00,8000,59350,59210,59340,59220,59370,59220,59370,59240,59360,59215,59355,59230
2025-10-09 02:10:00,4900,59310,59200,59220,59210,59330,59230,59240,59230,59320,59215,59230,59220
2025-10-09 02:15:00,5400,59250,59180,59210,59200,59290,59200,59240,59220,59270,59190,59225,59210
2025-10-09 02:20:00,4200,59290,59180,59200,59270,59310,59210,59220,59290,59300,59195,59210,59280
2025-10-09 02:25:00,4600,59270,59180,59270,59200,59290,59200,59290,59220,59280,59190,59280,59210
2025-10-09 02:30:00,7000,59190,59190,59190,59190,59220,59220,59220,59220,59205,59205,59205,59205
2025-10-09 03:30:00,21900,59270,59090,59100,59190,59290,59110,59110,59220,59275,59105,59105,59205
2025-10-09 03:35:00,2200,59220,59130,59190,59140,59240,59150,59220,59150,59230,59140,59205,59145
2025-10-09 03:40:00,5600,59210,59130,59140,59200,59240,59150,59150,59210,59220,59140,59145,59205
2025-10-09 03:45:00,2000,59200,59120,59200,59120,59230,59130,59210,59130,59215,59125,59205,59125
2025-10-09 03:50:00,4900,59210,59120,59120,59150,59230,59130,59130,59170,59220,59125,59125,59160
2025-10-09 03:55:00,2100,59150,59120,59150,59140,59170,59130,59170,59160,59160,59125,59160,59150
2025-10-09 04:00:00,3800,59240,59140,59140,59240,59260,59160,59160,59260,59250,59150,59150,59250
2025-10-09 04:05:00,3800,59300,59230,59240,59280,59320,59260,59260,59290,59310,59245,59250,59285
2025-10-09 04:10:00,3900,59360,59280,59280,59300,59380,59290,59290,59320,59365,59285,59285,59310
2025-10-09 04:15:00,1800,59300,59260,59300,59280,59320,59280,59320,59290,59310,59270,59310,59285
2025-10-09 04:20:00,1400,59280,59220,59280,59220,59290,59230,59290,59250,59285,59225,59285,59235
2025-10-09 04:25:00,3000,59240,59150,59220,59150,59250,59170,59240,59170,59245,59160,59230,59160
2025-10-09 04:30:00,2000,59180,59120,59150,59120,59190,59130,59170,59130,59185,59125,59160,59125
2025-10-09 04:35:00,1300,59140,59110,59120,59130,59160,59120,59130,59150,59150,59115,59125,59140
2025-10-09 04:40:00,2700,59180,59130,59130,59160,59200,59140,59150,59170,59190,59135,59140,59165
2025-10-09 04:45:00,2400,59180,59120,59160,59130,59190,59140,59170,59150,59185,59130,59165,59140
2025-10-09 04:50:00,2200,59150,59120,59130,59150,59170,59130,59150,59160,59160,59125,59140,59155
2025-10-09 04:55:00,2700,59150,59100,59150,59110,59160,59120,59160,59120,59155,59110,59155,59115
2025-10-09 05:00:00,5800,59110,59010,59110,59040,59120,59030,59120,59070,59115,59020,59115,59055
2025-10-09 05:05:00,6500,59050,58950,59050,58970,59070,58970,59070,59000,59060,58960,59060,58985
2025-10-09 05:10:00,1900,59040,58970,58970,58990,59060,59000,59000,59010,59050,58985,58985,59000
2025-10-09 05:15:00,3000,59010,58970,58990,59000,59030,58980,59010,59020,59020,58975,59000,59010
2025-10-09 05:20:00,2900,59030,58980,59000,59010,59050,59000,59020,59020,59040,58995,59010,59015
2025-10-09 05:25:00,3800,59060,58990,59010,59060,59070,59010,59020,59070,59065,59005,59015,59065
2025-10-09 05:30:00,2800,59080,58980,59060,58980,59100,59000,59070,59000,59090,58990,59065,58990
2025-10-09 05:35:00,7500,59060,58980,58980,59030,59090,58990,59000,59050,59075,58985,58990,59040
2025-10-09 05:40:00,2600,59050,59010,59030,59040,59060,59030,59050,59060,59055,59020,59040,59050
2025-10-09 05:45:00,2500,59070,59010,59040,59050,59080,59040,59060,59060,59075,59025,59050,59055
2025-10-09 05:50:00,3100,59090,59050,59050,59060,59110,59060,59060,59080,59100,59055,59055,59070
2025-10-09 05:55:00,3800,59100,59060,59060,59100,59130,59070,59080,59110,59115,59065,59070,59105
2025-10-09 06:00:00,4500,59180,59090,59100,59180,59190,59110,59110,59190,59185,59100,59105,59185
2025-10-09 06:05:00,7900,59250,59170,59180,59240,59260,59180,59190,59250,59255,59175,59185,59245
2025-10-09 06:10:00,6200,59290,59220,59240,59230,59300,59230,59250,59240,59295,59225,59245,59235
2025-10-09 06:15:00,6000,59230,59130,59230,59140,59240,59150,59240,59160,59235,59140,59235,59150
2025-10-09 06:20:00,9800,59150,59050,59140,59070,59160,59070,59160,59100,59155,59065,59150,59085
2025-10-09 06:25:00,,59540,58260,59490,59120,59550,58270,59500,59120,59545,58265,59495,59120
2025-10-09 06:30:00,143400,59110,59110,59110,59110,59150,59150,59150,59150,59130,59130,59130,59130
2025-10-10 00:00:00,86500,59240,58840,59100,59050,59290,58900,59100,59090,59265,58870,59100,59070
2025-10-10 00:05:00,9400,59230,59040,59050,59180,59270,59080,59090,59220,59250,59060,59070,59200
2025-10-10 00:10:00,13600,59390,59160,59180,59210,59410,59190,59220,59230,59400,59175,59200,59220
2025-10-10 00:15:00,8400,59460,59150,59210,59440,59480,59170,59230,59470,59470,59160,59220,59455
2025-10-10 00:20:00,12400,59560,59390,59440,59560,59580,59410,59470,59580,59570,59400,59455,59570
2025-10-10 00:25:00,18100,59720,59540,59570,59620,59730,59560,59580,59650,59725,59550,59575,59635
2025-10-10 00:30:00,12600,59730,59540,59620,59700,59740,59550,59650,59710,59735,59545,59635,59705
2025-10-10 00:35:00,46600,60100,59670,59700,59840,60140,59710,59710,59880,60120,59690,59705,59860
2025-10-10 00:40:00,14200,59870,59560,59840,59770,59890,59600,59880,59800,59880,59585,59860,59785
2025-10-10 00:45:00,6800,59850,59660,59770,59700,59880,59690,59800,59730,59865,59675,59785,59715
2025-10-10 00:50:00,4400,59800,59670,59700,59730,59830,59700,59730,59750,59815,59685,59715,59740
2025-10-10 00:55:00,6300,59790,59620,59730,59640,59800,59630,59750,59670,59795,59625,59740,59655
2025-10-10 01:00:00,8800,59760,59580,59640,59620,59780,59610,59670,59640,59770,59595,59655,59630
2025-10-10 01:05:00,8400,59630,59450,59620,59510,59640,59480,59640,59540,59635,59465,59630,59525
2025-10-10 01:10:00,4600,59550,59490,59510,59500,59580,59510,59540,59520,59565,59500,59525,59510
2025-10-10 01:15:00,5100,59520,59460,59500,59460,59540,59480,59520,59480,59530,59470,59510,59470
2025-10-10 01:20:00,5000,59660,59460,59460,59660,59690,59470,59480,59680,59670,59465,59470,59670
2025-10-10 01:25:00,4700,59720,59600,59660,59620,59740,59630,59680,59630,59730,59615,59670,59625
2025-10-10 01:30:00,4200,59630,59550,59620,59610,59650,59560,59630,59630,59640,59555,59625,59620
2025-10-10 01:35:00,4200,59650,59460,59610,59490,59660,59480,59630,59520,59655,59470,59620,59505
2025-10-10 01:40:00,3700,59570,59480,59490,59550,59590,59510,59520,59580,59580,59495,59505,59565
2025-10-10 01:45:00,5500,59620,59500,59550,59600,59640,59520,59580,59620,59630,59515,59565,59610
2025-10-10 01:50:00,5500,59670,59560,59600,59570,59690,59580,59620,59590,59680,59570,59610,59580
2025-10-10 01:55:00,4000,59720,59560,59570,59680,59740,59590,59600,59710,59730,59575,59585,59695
2025-10-10 02:00:00,1600,59680,59600,59680,59620,59710,59630,59710,59650,59695,59620,59695,59635
2025-10-10 02:05:00,2600,59660,59580,59630,59620,59680,59600,59650,59660,59670,59590,59640,59640
2025-10-10 02:10:00,2600,59650,59540,59620,59560,59680,59570,59660,59580,59665,59555,59640,59570
2025-10-10 02:15:00,5900,59560,59420,59560,59420,59590,59450,59580,59450,59575,59435,59570,59435
2025-10-10 02:20:00,3600,59610,59420,59420,59600,59640,59450,59450,59620,59625,59435,59435,59610
2025-10-10 02:25:00,4000,59600,59480,59600,59500,59630,59510,59620,59530,59615,59495,59610,59515
2025-10-10 02:30:00,500,59500,59500,59500,59500,59540,59540,59540,59540,59520,59520,59520,59520
2025-10-10 03:30:00,22100,59430,59200,59430,59210,59480,59230,59430,59240,59455,59215,59430,59225
2025-10-10 03:35:00,10800,59380,59210,59210,59330,59420,59240,59240,59350,59400,59225,59225,59340
2025-10-10 03:40:00,4400,59360,59250,59330,59340,59370,59270,59350,59360,59365,59260,59340,59350
2025-10-10 03:45:00,4200,59380,59290,59340,59330,59400,59320,59360,59350,59390,59305,59350,59340
2025-10-10 03:50:00,5100,59440,59320,59330,59410,59450,59340,59350,59430,59445,59330,59340,59420
2025-10-10 03:55:00,5900,59480,59400,59410,59480,59510,59410,59430,59500,59495,59405,59420,59490
2025-10-10 04:00:00,4100,59520,59430,59480,59500,59540,59450,59500,59520,59530,59440,59490,59510
2025-10-10 04:05:00,5300,59610,59490,59500,59610,59620,59510,59520,59620,59615,59500,59510,59615
2025-10-10 04:10:00,6500,59710,59610,59610,59670,59740,59620,59620,59690,59725,59615,59615,59680
2025-10-10 04:15:00,4300,59680,59630,59670,59660,59690,59640,59690,59680,59685,59635,59680,59670
2025-10-10 04:20:00,11500,59750,59650,59650,59710,59770,59670,59680,59740,59760,59660,59665,59725
2025-10-10 04:25:00,6100,59710,59600,59710,59600,59740,59620,59740,59620,59725,59610,59725,59610
2025-10-10 04:30:00,14300,59860,59550,59600,59800,59880,59580,59620,59820,59865,59565,59610,59810
2025-10-10 04:35:00,8600,59880,59770,59800,59840,59900,59790,59820,59870,59890,59785,59810,59855
2025-10-10 04:40:00,6200,59870,59710,59840,59720,59890,59720,59870,59730,59880,59715,59855,59725
2025-10-10 04:45:00,4000,59810,59710,59720,59800,59830,59730,59730,59810,59820,59720,59725,59805
2025-10-10 04:50:00,3000,59800,59690,59800,59710,59820,59700,59820,59730,59810,59695,59810,59720
2025-10-10 04:55:00,3600,59710,59640,59710,59670,59730,59660,59730,59690,59720,59655,59720,59680
2025-10-10 05:00:00,4100,59710,59630,59670,59710,59730,59650,59690,59720,59715,59640,59680,59715
2025-10-10 05:05:00,8100,59910,59690,59710,59870,59930,59700,59720,59890,59920,59695,59715,59880
2025-10-10 05:10:00,17600,60050,59860,59870,59970,60060,59880,59890,60000,60055,59870,59880,59985
2025-10-10 05:15:00,15100,60180,59990,59990,60180,60200,60000,60000,60200,60190,59995,59995,60190
2025-10-10 05:20:00,32300,60580,60180,60180,60430,60600,60200,60200,60470,60590,60190,60190,60450
2025-10-10 05:25:00,13100,60460,60320,60430,60380,60480,60360,60470,60410,60470,60340,60450,60395
2025-10-10 05:30:00,18300,60380,60240,60380,60260,60410,60270,60410,60280,60395,60260,60395,60270
2025-10-10 05:35:00,10200,60270,60160,60260,60240,60290,60170,60280,60270,60280,60165,60270,60255
2025-10-10 05:40:00,5800,60260,60110,60240,60120,60270,60120,60270,60140,60265,60115,60255,60130
2025-10-10 05:45:00,4800,60200,60110,60120,60130,60220,60140,60140,60150,60210,60125,60130,60140
2025-10-10 05:50:00,7100,60150,60050,60130,60150,60170,60060,60150,60170,60160,60055,60140,60160
2025-10-10 05:55:00,9000,60160,60080,60150,60160,60190,60090,60170,60180,60175,60085,60160,60170
2025-10-10 06:00:00,10900,60360,60130,60160,60340,60390,60140,60180,60350,60375,60135,60170,60345
2025-10-10 06:05:00,11800,60450,60320,60340,60450,60460,60340,60360,60460,60455,60330,60350,60455
2025-10-10 06:10:00,17600,60520,60300,60450,60370,60550,60310,60460,60390,60535,60305,60455,60380
2025-10-10 06:15:00,14700,60410,60350,60370,60380,60430,60370,60390,60390,60420,60360,60380,60385
2025-10-10 06:20:00,16500,60390,60300,60380,60320,60400,60320,60390,60330,60395,60310,60385,60325
2025-10-10 06:25:00,,61000,59510,59960,60430,61010,59520,59970,60440,61005,59515,59965,60435
2025-10-10 06:30:00,217400,60400,60400,60400,60400,60450,60450,60450,60450,60425,60425,60425,60425
2025-10-14 00:00:00,110800,59440,58470,58490,59070,59440,58480,58500,59130,59440,58475,58495,59100
2025-10-14 00:05:00,51100,59220,58590,59080,58910,59240,58640,59130,58950,59230,58615,59105,58930
2025-10-14 00:10:00,24700,58990,58700,58910,58700,59030,58740,58950,58740,59010,58720,58930,58720
2025-10-14 00:15:00,18100,58900,58650,58700,58800,58910,58680,58740,58830,58905,58665,58720,58815
2025-10-14 00:20:00,21900,58860,58710,58800,58790,58890,58740,58830,58830,58875,58730,58815,58810
2025-10-14 00:25:00,22000,58880,58730,58790,58800,58900,58760,58830,58820,58890,58745,58810,58810
2025-10-14 00:30:00,22500,58820,58610,58800,58620,58840,58640,58820,58650,58830,58625,58810,58635
2025-10-14 00:35:00,40300,58630,58320,58620,58420,58650,58360,58650,58440,58640,58340,58635,58430
2025-10-14 00:40:00,16900,58440,58220,58420,58220,58450,58230,58440,58240,58445,58225,58430,58230
2025-10-14 00:45:00,24000,58220,58030,58220,58080,58240,58050,58240,58110,58230,58040,58230,58095
2025-10-14 00:50:00,31000,58120,57920,58080,58000,58130,57930,58110,58030,58125,57925,58095,58015
2025-10-14 00:55:00,14700,58080,57940,58000,58040,58090,57960,58030,58060,58085,57955,58015,58050
2025-10-14 01:00:00,18000,58310,57980,58040,58220,58340,58000,58060,58260,58325,57990,58050,58240
2025-10-14 01:05:00,10200,58300,58100,58220,58200,58330,58130,58260,58230,58315,58115,58240,58215
2025-10-14 01:10:00,6500,58240,58040,58200,58130,58270,58070,58230,58150,58250,58055,58215,58140
2025-10-14 01:15:00,4300,58180,58120,58140,58130,58220,58140,58150,58150,58200,58130,58145,58140
2025-10-14 01:20:00,5300,58220,58090,58130,58130,58250,58110,58150,58150,58235,58100,58140,58140
2025-10-14 01:25:00,7100,58190,58050,58130,58050,58200,58070,58150,58070,58195,58060,58140,58060
2025-10-14 01:30:00,21500,58070,57860,58050,57890,58100,57870,58080,57930,58085,57865,58065,57910
2025-10-14 01:35:00,10800,57980,57770,57890,57860,58000,57790,57930,57890,57985,57780,57910,57875
2025-10-14 01:40:00,10800,57860,57680,57860,57750,57890,57690,57890,57770,57875,57685,57875,57760
2025-10-14 01:45:00,9600,57780,57690,57750,57750,57800,57700,57770,57780,57790,57695,57760,57765
2025-10-14 01:50:00,8300,57800,57650,57750,57720,57820,57680,57780,57740,57810,57665,57765,57730
2025-10-14 01:55:00,8600,57720,57600,57720,57600,57740,57620,57740,57620,57730,57610,57730,57610
2025-10-14 02:00:00,12600,57640,57550,57600,57590,57660,57570,57620,57620,57645,57560,57610,57605
2025-10-14 02:05:00,9400,57690,57560,57590,57620,57700,57580,57620,57640,57695,57570,57605,57630
2025-10-14 02:10:00,7900,57740,57550,57620,57730,57760,57570,57640,57750,57750,57560,57630,57740
2025-10-14 02:15:00,4700,57750,57670,57730,57690,57770,57690,57750,57720,57760,57680,57740,57705
2025-10-14 02:20:00,5300,57700,57610,57700,57650,57730,57630,57720,57680,57715,57620,57710,57665
2025-10-14 02:25:00,22300,57650,57420,57650,57430,57680,57430,57680,57460,57665,57425,57665,57445
2025-10-14 02:30:00,1100,57430,57430,57430,57430,57460,57460,57460,57460,57445,57445,57445,57445
2025-10-14 03:30:00,33900,57900,57430,57460,57850,57920,57460,57460,57870,57910,57450,57460,57860
2025-10-14 03:35:00,11300,57900,57780,57850,57810,57930,57810,57870,57840,57915,57795,57860,57825
2025-10-14 03:40:00,9400,57850,57710,57810,57790,57880,57730,57840,57810,57865,57720,57825,57800
2025-10-14 03:45:00,6900,57820,57660,57790,57710,57850,57690,57810,57740,57835,57675,57800,57725
2025-10-14 03:50:00,8800,57820,57660,57710,57660,57840,57670,57740,57680,57830,57665,57725,57670
2025-10-14 03:55:00,4800,57700,57630,57660,57680,57720,57650,57680,57700,57705,57640,57670,57690
2025-10-14 04:00:00,7800,57680,57500,57680,57540,57700,57530,57700,57570,57690,57515,57690,57555
2025-10-14 04:05:00,8400,57540,57450,57540,57450,57570,57460,57570,57470,57555,57455,57555,57460
2025-10-14 04:10:00,16500,57460,57340,57450,57340,57490,57350,57470,57370,57475,57345,57460,57355
2025-10-14 04:15:00,15300,57350,57110,57340,57170,57390,57140,57370,57190,57370,57130,57355,57180
2025-10-14 04:20:00,8400,57240,57110,57170,57230,57270,57130,57190,57260,57255,57120,57180,57245
2025-10-14 04:25:00,10700,57240,57070,57240,57110,57260,57090,57260,57130,57250,57080,57250,57120
2025-10-14 04:30:00,11700,57180,57000,57110,57180,57200,57020,57130,57200,57190,57010,57120,57190
2025-10-14 04:35:00,6800,57280,57120,57180,57240,57310,57130,57200,57270,57295,57125,57190,57255
2025-10-14 04:40:00,7000,57240,57130,57240,57230,57270,57150,57270,57250,57255,57140,57255,57240
2025-10-14 04:45:00,4400,57280,57120,57230,57150,57300,57140,57250,57170,57290,57130,57240,57160
2025-10-14 04:50:00,7200,57180,57080,57150,57180,57200,57100,57170,57200,57190,57090,57160,57190
2025-10-14 04:55:00,8700,57220,57120,57180,57170,57240,57140,57200,57190,57230,57130,57190,57180
2025-10-14 05:00:00,8500,57170,57010,57170,57060,57190,57020,57190,57090,57180,57015,57180,57075
2025-10-14 05:05:00,5900,57210,57050,57070,57180,57230,57060,57090,57210,57220,57055,57080,57195
2025-10-14 05:10:00,8800,57200,57050,57180,57050,57210,57070,57210,57080,57205,57060,57195,57065
2025-10-14 05:15:00,5900,57200,57050,57050,57200,57210,57060,57080,57210,57205,57055,57065,57205
2025-10-14 05:20:00,7400,57240,57150,57200,57190,57250,57170,57210,57220,57245,57160,57205,57205
2025-10-14 05:25:00,10800,57310,57130,57190,57240,57330,57140,57220,57250,57320,57135,57205,57245
2025-10-14 05:30:00,10500,57350,57140,57240,57160,57360,57160,57250,57190,57355,57150,57245,57175
2025-10-14 05:35:00,34300,57190,56930,57160,56950,57220,56950,57190,56970,57205,56940,57175,56960
2025-10-14 05:40:00,7000,57030,56920,56950,57030,57060,56930,56970,57050,57045,56925,56960,57040
2025-10-14 05:45:00,9800,57110,56980,57030,57110,57140,56990,57050,57140,57125,56985,57040,57125
2025-10-14 05:50:00,9600,57240,57110,57110,57220,57270,57130,57140,57240,57255,57120,57125,57230
2025-10-14 05:55:00,9200,57230,57130,57220,57230,57250,57150,57250,57250,57240,57140,57235,57240
2025-10-14 06:00:00,12900,57260,57140,57230,57250,57270,57170,57250,57270,57265,57155,57240,57260
2025-10-14 06:05:00,13900,57340,57200,57250,57280,57360,57230,57270,57310,57350,57215,57260,57295
2025-10-14 06:10:00,13300,57310,57130,57280,57220,57330,57150,57310,57230,57320,57140,57295,57225
2025-10-14 06:15:00,13200,57270,57160,57220,57160,57280,57180,57230,57180,57275,57170,57225,57170
2025-10-14 06:20:00,17300,57200,57040,57160,57070,57220,57070,57180,57150,57205,57060,57170,57110
2025-10-14 06:25:00,,59080,57160,57210,57240,59090,57170,57220,57250,59085,57165,57215,57245
2025-10-14 06:30:00,207600,57200,57200,57200,57200,57260,57260,57260,57260,57230,57230,57230,57230
2025-10-15 00:00:00,81400,57530,56930,56980,57450,57550,56980,56990,57480,57535,56975,56985,57465
2025-10-15 00:05:00,18400,57720,57350,57450,57600,57750,57390,57480,57630,57735,57370,57465,57615
2025-10-15 00:10:00,12000,57670,57530,57600,57580,57690,57550,57630,57610,57680,57545,57615,57595
2025-10-15 00:15:00,9600,57580,57410,57580,57420,57610,57430,57610,57440,57595,57420,57595,57430
2025-10-15 00:20:00,11700,57560,57350,57420,57540,57580,57370,57440,57570,57570,57360,57430,57555
2025-10-15 00:25:00,6600,57590,57460,57540,57520,57620,57480,57570,57540,57605,57470,57555,57530
2025-10-15 00:30:00,12000,57540,57160,57520,57200,57560,57190,57550,57230,57550,57175,57535,57215
2025-10-15 00:35:00,7800,57210,57070,57200,57100,57240,57100,57230,57130,57225,57085,57215,57115
2025-10-15 00:40:00,11500,57100,56950,57100,57050,57140,56970,57130,57080,57120,56960,57115,57065
2025-10-15 00:45:00,10700,57250,57050,57050,57200,57270,57080,57080,57240,57260,57065,57065,57220
2025-10-15 00:50:00,5300,57330,57200,57200,57270,57350,57240,57240,57300,57340,57220,57220,57285
2025-10-15 00:55:00,2400,57330,57270,57270,57290,57350,57290,57300,57320,57340,57280,57285,57305
2025-10-15 01:00:00,2600,57320,57270,57290,57280,57340,57280,57320,57300,57330,57275,57305,57290
2025-10-15 01:05:00,3300,57300,57260,57280,57270,57320,57270,57300,57290,57310,57265,57290,57280
2025-10-15 01:10:00,7900,57460,57250,57270,57460,57480,57270,57290,57480,57470,57260,57280,57470
2025-10-15 01:15:00,9000,57620,57400,57460,57620,57650,57430,57480,57640,57635,57415,57470,57630
2025-10-15 01:20:00,3800,57630,57490,57620,57540,57640,57520,57640,57560,57635,57505,57630,57550
2025-10-15 01:25:00,5000,57610,57500,57540,57570,57640,57520,57560,57590,57620,57510,57550,57580
2025-10-15 01:30:00,2100,57580,57530,57570,57540,57610,57550,57590,57570,57595,57540,57580,57555
2025-10-15 01:35:00,1900,57640,57540,57540,57600,57650,57560,57570,57620,57645,57550,57555,57610
2025-10-15 01:40:00,4600,57680,57600,57600,57660,57700,57620,57620,57690,57690,57610,57610,57675
2025-10-15 01:45:00,4000,57720,57630,57660,57700,57730,57650,57690,57720,57725,57640,57675,57710
2025-10-15 01:50:00,5700,57740,57630,57700,57740,57760,57650,57720,57760,57750,57640,57710,57750
2025-10-15 01:55:00,2400,57740,57640,57740,57650,57750,57670,57750,57670,57745,57655,57745,57660
2025-10-15 02:00:00,3100,57720,57620,57650,57680,57750,57640,57670,57700,57735,57630,57660,57690
2025-10-15 02:05:00,4300,57700,57620,57680,57650,57720,57640,57700,57670,57710,57630,57690,57660
2025-10-15 02:10:00,1900,57730,57640,57650,57670,57740,57670,57670,57690,57735,57655,57660,57680
2025-10-15 02:15:00,5300,57780,57670,57670,57780,57800,57690,57690,57800,57790,57680,57680,57790
2025-10-15 02:20:00,9100,57890,57780,57780,57810,57900,57800,57800,57830,57895,57790,57790,57820
2025-10-15 02:25:00,3700,57830,57760,57810,57760,57850,57770,57830,57780,57840,57765,57820,57770
2025-10-15 02:30:00,6500,57760,57760,57760,57760,57780,57780,57780,57780,57770,57770,57770,57770
2025-10-15 03:30:00,21600,57870,57700,57750,57810,57890,57720,57760,57830,57875,57710,57755,57820
2025-10-15 03:35:00,5400,57810,57650,57810,57670,57830,57680,57830,57690,57820,57665,57820,57680
2025-10-15 03:40:00,3000,57700,57650,57670,57650,57710,57660,57690,57670,57705,57655,57680,57660
2025-10-15 03:45:00,6500,57670,57570,57650,57650,57680,57590,57670,57670,57675,57580,57660,57660
2025-10-15 03:50:00,3200,57710,57640,57650,57670,57720,57660,57670,57700,57715,57650,57660,57685
2025-10-15 03:55:00,3500,57740,57660,57670,57740,57760,57680,57700,57750,57745,57670,57685,57745
2025-10-15 04:00:00,5000,57810,57740,57740,57780,57830,57750,57750,57790,57820,57745,57745,57785
2025-10-15 04:05:00,2900,57820,57750,57780,57750,57830,57770,57790,57770,57825,57760,57785,57760
2025-10-15 04:10:00,2700,57770,57710,57750,57710,57790,57730,57770,57730,57780,57720,57760,57720
2025-10-15 04:15:00,2200,57820,57710,57710,57810,57830,57730,57730,57830,57825,57720,57720,57820
2025-10-15 04:20:00,8800,57870,57800,57810,57870,57880,57820,57830,57880,57875,57810,57820,57875
2025-10-15 04:25:00,6100,57910,57840,57870,57910,57920,57860,57880,57920,57915,57850,57875,57915
2025-10-15 04:30:00,2700,57920,57840,57910,57840,57930,57850,57920,57850,57925,57845,57915,57845
2025-10-15 04:35:00,3300,57920,57830,57840,57900,57930,57850,57850,57920,57925,57845,57845,57910
2025-10-15 04:40:00,1700,57900,57850,57900,57860,57920,57870,57920,57870,57910,57860,57910,57865
2025-10-15 04:45:00,1500,57870,57830,57860,57840,57890,57860,57870,57870,57880,57845,57865,57855
2025-10-15 04:50:00,1500,57880,57830,57840,57840,57900,57850,57860,57860,57890,57840,57850,57850
2025-10-15 04:55:00,2200,57900,57840,57840,57900,57920,57860,57860,57920,57910,57850,57850,57910
2025-10-15 05:00:00,19400,58010,57900,57900,57960,58030,57920,57920,57980,58020,57910,57910,57970
2025-10-15 05:05:00,7300,58040,57960,57960,58020,58050,57970,57990,58030,58045,57965,57975,58025
2025-10-15 05:10:00,3600,58050,58020,58020,58040,58070,58030,58030,58050,58060,58025,58025,58045
2025-10-15 05:15:00,6200,58140,58040,58040,58130,58150,58050,58050,58150,58145,58045,58045,58140
2025-10-15 05:20:00,8000,58190,58110,58130,58150,58200,58130,58150,58170,58195,58125,58140,58160
2025-10-15 05:25:00,5600,58170,58120,58150,58140,58190,58130,58170,58160,58180,58125,58160,58150
2025-10-15 05:30:00,9800,58200,58120,58140,58200,58220,58130,58160,58220,58210,58125,58150,58210
2025-10-15 05:35:00,4800,58220,58150,58200,58220,58230,58180,58220,58230,58225,58165,58210,58225
2025-10-15 05:40:00,6200,58240,58190,58220,58230,58250,58200,58230,58240,58245,58195,58225,58235
2025-10-15 05:45:00,2300,58230,58200,58230,58210,58250,58210,58240,58220,58240,58205,58235,58215
2025-10-15 05:50:00,9100,58230,58180,58210,58200,58240,58200,58220,58220,58235,58195,58215,58210
2025-10-15 05:55:00,13300,58210,58090,58200,58150,58240,58110,58220,58170,58225,58100,58210,58160
2025-10-15 06:00:00,20000,58300,58140,58150,58270,58320,58150,58170,58290,58310,58145,58160,58280
2025-10-15 06:05:00,9300,58310,58230,58270,58280,58330,58250,58290,58300,58320,58240,58280,58290
2025-10-15 06:10:00,14400,58400,58220,58280,58400,58420,58230,58300,58420,58410,58225,58290,58410
2025-10-15 06:15:00,6900,58400,58340,58400,58370,58420,58350,58420,58380,58410,58345,58410,58375
2025-10-15 06:20:00,9100,58410,58340,58370,58350,58420,58360,58380,58370,58415,58355,58375,58360
2025-10-15 06:25:00,,58770,57620,58640,58390,58770,57620,58650,58400,58770,57620,58645,58395
2025-10-15 06:30:00,147500,58360,58360,58360,58360,58400,58400,58400,58400,58380,58380,58380,58380
2025-10-16 00:00:00,83500,58600,58290,58400,58350,58640,58330,58410,58390,58620,58310,58405,58370
2025-10-16 00:05:00,17900,58470,58310,58350,58410,58500,58340,58390,58430,58485,58325,58370,58420
2025-10-16 00:10:00,20000,58420,58150,58410,58320,58440,58170,58430,58360,58430,58160,58420,58340
2025-10-16 00:15:00,6800,58440,58290,58320,58420,58450,58310,58360,58450,58445,58300,58340,58435
2025-10-16 00:20:00,5900,58460,58380,58420,58420,58480,58400,58450,58450,58470,58390,58435,58435
2025-10-16 00:25:00,13500,58620,58420,58420,58490,58650,58450,58450,58520,58635,58435,58435,58505
2025-10-16 00:30:00,5800,58520,58460,58490,58470,58540,58470,58520,58500,58530,58465,58505,58485
2025-10-16 00:35:00,11400,58560,58430,58470,58500,58590,58460,58490,58530,58575,58445,58480,58515
2025-10-16 00:40:00,3400,58550,58440,58500,58520,58570,58490,58530,58540,58560,58465,58515,58530
2025-10-16 00:45:00,8200,58580,58490,58520,58560,58600,58520,58540,58580,58585,58505,58530,58570
2025-10-16 00:50:00,6500,58600,58510,58560,58570,58610,58530,58580,58600,58605,58520,58570,58585
2025-10-16 00:55:00,7400,58590,58490,58570,58520,58600,58520,58600,58550,58595,58505,58585,58535
2025-10-16 01:00:00,9900,58570,58490,58520,58530,58590,58520,58550,58560,58575,58505,58535,58545
2025-10-16 01:05:00,16900,58560,58350,58530,58530,58580,58390,58560,58560,58570,58370,58545,58545
2025-10-16 01:10:00,4100,58540,58430,58530,58440,58570,58470,58560,58470,58555,58450,58545,58455
2025-10-16 01:15:00,3500,58530,58430,58440,58510,58560,58470,58470,58540,58545,58450,58455,58525
2025-10-16 01:20:00,8900,58520,58420,58510,58480,58540,58440,58540,58500,58530,58430,58525,58490
2025-10-16 01:25:00,4300,58550,58460,58480,58520,58560,58490,58500,58540,58555,58475,58490,58530
2025-10-16 01:30:00,4300,58610,58500,58510,58570,58630,58520,58540,58600,58620,58510,58525,58585
2025-10-16 01:35:00,2300,58600,58540,58570,58570,58620,58560,58600,58600,58610,58550,58585,58585
2025-10-16 01:40:00,2500,58580,58500,58570,58520,58600,58520,58600,58550,58590,58515,58585,58535
2025-10-16 01:45:00,4600,58540,58450,58520,58470,58560,58470,58550,58490,58550,58460,58535,58480
2025-10-16 01:50:00,2300,58510,58460,58470,58470,58530,58470,58490,58490,58520,58465,58480,58480
2025-10-16 01:55:00,2400,58510,58460,58470,58480,58530,58480,58490,58510,58520,58470,58480,58495
2025-10-16 02:00:00,900,58510,58480,58480,58500,58530,58500,58510,58510,58520,58490,58495,58505
2025-10-16 02:05:00,4600,58530,58460,58500,58470,58540,58480,58510,58490,58535,58470,58505,58480
2025-10-16 02:10:00,2600,58510,58450,58470,58500,58520,58460,58490,58520,58515,58455,58480,58510
2025-10-16 02:15:00,3700,58560,58500,58500,58560,58580,58520,58520,58580,58570,58510,58510,58570
2025-10-16 02:20:00,2600,58580,58550,58550,58560,58600,58570,58580,58590,58590,58560,58565,58575
2025-10-16 02:25:00,3600,58570,58510,58560,58560,58600,58540,58590,58580,58585,58525,58575,58570
2025-10-16 02:30:00,300,58560,58560,58560,58560,58580,58580,58580,58580,58570,58570,58570,58570
2025-10-16 03:30:00,13800,58560,58420,58450,58560,58580,58470,58550,58580,58570,58445,58500,58570
2025-10-16 03:35:00,2500,58570,58500,58560,58510,58580,58520,58580,58530,58575,58510,58570,58520
2025-10-16 03:40:00,8800,58610,58500,58510,58560,58620,58510,58530,58580,58615,58505,58520,58570
2025-10-16 03:45:00,3000,58580,58540,58560,58570,58590,58550,58580,58580,58585,58545,58570,58575
2025-10-16 03:50:00,4600,58620,58570,58570,58580,58630,58580,58580,58600,58625,58575,58575,58590
2025-10-16 03:55:00,2100,58610,58550,58580,58590,58620,58570,58600,58610,58615,58565,58590,58600
2025-10-16 04:00:00,2300,58610,58570,58590,58580,58620,58590,58610,58590,58615,58580,58600,58585
2025-10-16 04:05:00,2100,58600,58580,58580,58600,58610,58590,58590,58610,58605,58585,58585,58605
2025-10-16 04:10:00,3600,58620,58590,58600,58590,58630,58610,58610,58610,58625,58600,58605,58600
2025-10-16 04:15:00,1500,58610,58580,58590,58600,58620,58590,58610,58610,58615,58585,58600,58605
2025-10-16 04:20:00,2100,58610,58570,58600,58570,58620,58590,58610,58590,58615,58580,58605,58580
2025-10-16 04:25:00,3600,58580,58510,58570,58570,58600,58540,58590,58580,58585,58525,58580,58575
2025-10-16 04:30:00,2600,58620,58570,58570,58610,58630,58580,58580,58630,58625,58575,58575,58620
2025-10-16 04:35:00,1900,58620,58550,58610,58550,58640,58570,58630,58570,58630,58560,58620,58560
2025-10-16 04:40:00,2400,58590,58550,58550,58570,58600,58560,58570,58580,58595,58555,58560,58575
2025-10-16 04:45:00,1600,58590,58560,58560,58580,58600,58570,58580,58600,58595,58565,58570,58590
2025-10-16 04:50:00,2200,58590,58570,58580,58580,58600,58590,58600,58600,58595,58580,58590,58590
2025-10-16 04:55:00,2200,58620,58580,58580,58620,58630,58600,58600,58630,58625,58590,58590,58625
2025-10-16 05:00:00,7500,58650,58590,58620,58650,58670,58610,58630,58660,58660,58600,58625,58655
2025-10-16 05:05:00,33700,58830,58650,58650,58810,58840,58660,58660,58830,58835,58655,58655,58820
2025-10-16 05:10:00,2000,58840,58810,58810,58820,58850,58830,58830,58840,58845,58820,58820,58830
2025-10-16 05:15:00,1700,58820,58780,58820,58800,58840,58790,58840,58810,58830,58785,58830,58805
2025-10-16 05:20:00,2500,58820,58770,58800,58810,58830,58780,58810,58830,58825,58775,58805,58820
2025-10-16 05:25:00,3900,58820,58740,58810,58750,58830,58760,58830,58780,58825,58750,58820,58765
2025-10-16 05:30:00,2300,58820,58740,58750,58780,58830,58760,58770,58800,58825,58750,58760,58790
2025-10-16 05:35:00,2200,58790,58750,58780,58780,58810,58770,58800,58800,58800,58760,58790,58790
2025-10-16 05:40:00,7000,58850,58780,58780,58810,58860,58800,58800,58820,58855,58790,58790,58815
2025-10-16 05:45:00,2400,58860,58800,58810,58850,58880,58820,58820,58880,58870,58810,58815,58865
2025-10-16 05:50:00,13800,58940,58850,58860,58880,58970,58870,58880,58910,58955,58860,58870,58895
2025-10-16 05:55:00,4200,58910,58810,58880,58830,58920,58830,58910,58840,58915,58820,58895,58835
2025-10-16 06:00:00,10700,58860,58780,58830,58830,58870,58790,58840,58850,58865,58785,58835,58840
2025-10-16 06:05:00,8400,58890,58820,58830,58830,58900,58840,58850,58860,58895,58830,58840,58845
2025-10-16 06:10:00,5100,58860,58830,58840,58840,58890,58840,58860,58860,58875,58835,58850,58850
2025-10-16 06:15:00,8700,58900,58830,58840,58870,58920,58850,58860,58890,58910,58840,58850,58880
2025-10-16 06:20:00,7600,58890,58840,58870,58860,58900,58860,58890,58880,58895,58850,58880,58870
2025-10-16 06:25:00,,58770,56100,58640,58760,58780,56100,58640,58770,58775,56100,58640,58765
2025-10-16 06:30:00,173600,58750,58750,58750,58750,58840,58840,58840,58840,58795,58795,58795,58795
2025-10-17 00:00:00,78700,58770,58260,58300,58700,58800,58280,58300,58750,58785,58280,58300,58725
2025-10-17 00:05:00,15600,58780,58600,58700,58760,58790,58630,58750,58780,58785,58615,58725,58770
2025-10-17 00:10:00,18600,58790,58650,58760,58690,58810,58680,58780,58720,58800,58665,58770,58705
2025-10-17 00:15:00,14900,58730,58650,58690,58710,58760,58680,58730,58730,58745,58665,58710,58720
2025-10-17 00:20:00,3800,58770,58710,58710,58730,58790,58730,58730,58760,58780,58720,58720,58745
2025-10-17 00:25:00,5700,58820,58710,58730,58800,58830,58730,58760,58820,58825,58720,58745,58810
2025-10-17 00:30:00,6900,58880,58740,58800,58840,58900,58760,58820,58870,58890,58755,58810,58855
2025-10-17 00:35:00,5500,58870,58800,58840,58830,58900,58820,58870,58850,58880,58810,58855,58840
2025-10-17 00:40:00,8900,58840,58670,58830,58760,58850,58700,58850,58780,58845,58685,58840,58770
2025-10-17 00:45:00,1300,58760,58710,58760,58720,58780,58730,58780,58750,58770,58720,58770,58735
2025-10-17 00:50:00,7200,58770,58660,58720,58730,58790,58680,58750,58750,58780,58670,58735,58740
2025-10-17 00:55:00,13100,59010,58730,58730,58990,59030,58740,58750,59020,59020,58735,58740,59005
2025-10-17 01:00:00,5200,59050,58970,58990,59040,59080,59000,59020,59070,59065,58985,59005,59055
2025-10-17 01:05:00,6900,59080,58980,59040,58990,59090,59000,59070,59010,59085,58990,59055,59000
2025-10-17 01:10:00,4200,58990,58850,58990,58850,59010,58870,59010,58890,59000,58860,59000,58870
2025-10-17 01:15:00,4100,58870,58780,58850,58820,58890,58810,58890,58850,58880,58795,58870,58835
2025-10-17 01:20:00,6800,58850,58730,58820,58730,58870,58760,58850,58760,58860,58745,58835,58745
2025-10-17 01:25:00,3800,58850,58730,58730,58830,58880,58750,58760,58870,58865,58745,58745,58850
2025-10-17 01:30:00,5100,58910,58790,58830,58910,58940,58810,58870,58940,58925,58800,58850,58925
2025-10-17 01:35:00,2000,58940,58880,58910,58890,58950,58900,58940,58920,58945,58890,58925,58905
2025-10-17 01:40:00,2500,58900,58810,58890,58810,58930,58840,58920,58840,58910,58825,58905,58825
2025-10-17 01:45:00,2600,58870,58800,58810,58830,58900,58820,58840,58860,58885,58815,58825,58845
2025-10-17 01:50:00,3300,58890,58800,58830,58810,58920,58830,58860,58840,58905,58815,58845,58825
2025-10-17 01:55:00,10900,58850,58790,58810,58820,58870,58810,58820,58850,58855,58800,58815,58835
2025-10-17 02:00:00,3600,58850,58790,58820,58800,58870,58810,58850,58830,58860,58800,58835,58815
2025-10-17 02:05:00,8100,58850,58740,58800,58780,58890,58770,58830,58820,58860,58755,58815,58800
2025-10-17 02:10:00,2600,58810,58730,58780,58770,58830,58780,58820,58810,58820,58755,58800,58790
2025-10-17 02:15:00,3000,58860,58760,58770,58830,58890,58800,58810,58870,58870,58785,58790,58850
2025-10-17 02:20:00,3000,58850,58790,58830,58810,58870,58820,58870,58840,58855,58805,58850,58825
2025-10-17 02:25:00,3600,58850,58790,58810,58830,58880,58820,58840,58870,58860,58810,58825,58850
2025-10-17 02:30:00,300,58820,58820,58820,58820,58870,58870,58870,58870,58845,58845,58845,58845
2025-10-17 03:30:00,11900,58900,58730,58750,58770,58930,58750,58750,58810,58915,58750,58750,58790
2025-10-17 03:35:00,10100,58800,58720,58770,58740,58810,58750,58810,58760,58805,58735,58790,58750
2025-10-17 03:40:00,7500,58770,58670,58740,58750,58800,58690,58760,58770,58785,58685,58750,58760
2025-10-17 03:45:00,8800,58810,58730,58750,58750,58830,58770,58770,58780,58820,58750,58760,58765
2025-10-17 03:50:00,9000,58760,58670,58750,58760,58800,58690,58780,58780,58780,58685,58765,58770
2025-10-17 03:55:00,5200,58820,58750,58750,58760,58840,58780,58780,58790,58830,58765,58765,58775
2025-10-17 04:00:00,1700,58810,58760,58760,58780,58830,58790,58790,58810,58820,58775,58775,58795
2025-10-17 04:05:00,1100,58810,58770,58780,58770,58830,58780,58810,58800,58820,58775,58795,58785
2025-10-17 04:10:00,3900,58780,58690,58770,58730,58800,58730,58800,58750,58790,58710,58785,58740
2025-10-17 04:15:00,3500,58730,58690,58730,58710,58750,58720,58750,58730,58740,58705,58740,58720
2025-10-17 04:20:00,10300,58720,58680,58710,58700,58740,58700,58730,58720,58730,58690,58720,58710
2025-10-17 04:25:00,7500,58710,58640,58700,58700,58720,58670,58720,58720,58715,58655,58710,58710
2025-10-17 04:30:00,1100,58710,58660,58700,58670,58720,58690,58720,58690,58715,58675,58710,58680
2025-10-17 04:35:00,2800,58700,58650,58670,58690,58710,58670,58690,58710,58705,58660,58680,58700
2025-10-17 04:40:00,1800,58720,58670,58690,58690,58740,58690,58710,58720,58730,58680,58700,58705
2025-10-17 04:45:00,600,58720,58680,58690,58700,58730,58710,58720,58730,58725,58695,58705,58715
2025-10-17 04:50:00,4300,58720,58690,58700,58700,58740,58710,58730,58720,58730,58700,58715,58710
2025-10-17 04:55:00,6300,58710,58670,58700,58700,58730,58690,58720,58720,58720,58680,58710,58710
2025-10-17 05:00:00,3200,58750,58680,58700,58750,58770,58700,58720,58770,58760,58690,58710,58760
2025-10-17 05:05:00,2400,58770,58710,58750,58720,58780,58720,58770,58740,58775,58715,58760,58730
2025-10-17 05:10:00,1800,58730,58710,58720,58730,58740,58720,58740,58740,58735,58715,58730,58735
2025-10-17 05:15:00,2200,58730,58700,58720,58700,58740,58710,58740,58730,58735,58705,58730,58715
2025-10-17 05:20:00,1600,58780,58700,58700,58750,58800,58710,58730,58780,58790,58705,58715,58765
2025-10-17 05:25:00,4600,58820,58750,58750,58810,58830,58770,58780,58830,58825,58760,58765,58820
2025-10-17 05:30:00,2800,58840,58790,58810,58820,58850,58810,58830,58830,58845,58805,58820,58825
2025-10-17 05:35:00,3400,58830,58790,58820,58800,58840,58800,58830,58810,58835,58795,58825,58805
2025-10-17 05:40:00,5300,58830,58790,58800,58820,58840,58810,58810,58840,58835,58800,58805,58830
2025-10-17 05:45:00,3600,58840,58800,58810,58840,58860,58820,58840,58860,58850,58810,58825,58850
2025-10-17 05:50:00,2400,58860,58800,58840,58810,58870,58810,58860,58830,58865,58805,58850,58820
2025-10-17 05:55:00,8300,58820,58700,58820,58720,58830,58720,58830,58740,58825,58710,58825,58730
2025-10-17 06:00:00,4800,58810,58700,58710,58810,58820,58730,58740,58820,58815,58715,58725,58815
2025-10-17 06:05:00,9800,58940,58810,58810,58900,58950,58820,58820,58930,58945,58815,58815,58915
2025-10-17 06:10:00,13800,58910,58780,58900,58780,58930,58810,58930,58810,58920,58795,58915,58795
2025-10-17 06:15:00,5800,58850,58780,58780,58820,58860,58800,58810,58850,58855,58790,58795,58835
2025-10-17 06:20:00,11900,58870,58810,58820,58840,58900,58830,58850,58870,58880,58820,58835,58855
2025-10-17 06:25:00,,58780,56650,58460,58770,58790,56650,58470,58780,58785,56650,58465,58775
2025-10-17 06:30:00,145900,58770,58770,58770,58770,58800,58800,58800,58800,58785,58785,58785,58785
2025-10-20 00:00:00,71700,60060,59610,59970,59990,60110,59700,59980,60030,60085,59675,59975,60010
2025-10-20 00:05:00,27700,60370,59900,59990,60300,60380,59940,60000,60350,60375,59925,59995,60325
2025-10-20 00:10:00,24000,60570,60300,60300,60350,60600,60330,60350,60380,60585,60315,60325,60365
2025-10-20 00:15:00,11500,60370,60170,60350,60220,60400,60220,60380,60250,60385,60195,60365,60235
2025-10-20 00:20:00,7100,60360,60170,60220,60360,60390,60190,60250,60390,60375,60180,60235,60375
2025-10-20 00:25:00,11500,60470,60240,60360,60450,60500,60280,60390,60480,60485,60260,60375,60465
2025-10-20 00:30:00,24200,60760,60450,60450,60750,60780,60480,60480,60770,60770,60465,60465,60760
2025-10-20 00:35:00,20100,60840,60690,60750,60810,60850,60700,60770,60840,60845,60695,60760,60825
2025-10-20 00:40:00,35700,61070,60810,60810,60980,61100,60830,60840,61010,61085,60820,60825,60995
2025-10-20 00:45:00,11300,60980,60900,60980,60980,61010,60930,61010,60990,60995,60915,60995,60985
2025-10-20 00:50:00,13200,61110,60970,60980,61050,61140,60990,60990,61070,61125,60980,60985,61060
2025-10-20 00:55:00,11000,61110,60960,61050,61030,61130,60990,61070,61070,61120,60975,61060,61050
2025-10-20 01:00:00,5600,61110,61030,61030,61100,61130,61070,61070,61130,61120,61050,61050,61115
2025-10-20 01:05:00,14300,61220,61070,61100,61160,61230,61090,61130,61190,61225,61080,61115,61175
2025-10-20 01:10:00,8000,61170,61070,61160,61150,61200,61090,61180,61180,61185,61085,61170,61165
2025-10-20 01:15:00,10000,61220,61120,61140,61150,61240,61140,61180,61180,61230,61135,61160,61165
2025-10-20 01:20:00,8500,61180,61120,61150,61120,61200,61130,61180,61140,61190,61125,61165,61130
2025-10-20 01:25:00,7600,61170,61060,61120,61090,61200,61070,61140,61110,61185,61065,61130,61100
2025-10-20 01:30:00,15900,61150,60960,61090,61010,61170,60980,61110,61040,61160,60970,61100,61025
2025-10-20 01:35:00,4900,61070,61010,61010,61030,61090,61030,61040,61050,61080,61020,61025,61040
2025-10-20 01:40:00,11600,61160,61030,61030,61140,61180,61050,61050,61160,61170,61040,61040,61150
2025-10-20 01:45:00,8600,61210,61080,61140,61210,61230,61090,61160,61230,61220,61085,61150,61220
2025-10-20 01:50:00,10600,61210,61090,61210,61110,61230,61120,61230,61140,61220,61105,61220,61125
2025-10-20 01:55:00,4100,61160,61110,61120,61150,61180,61120,61140,61170,61170,61115,61130,61160
2025-10-20 02:00:00,14300,61250,61120,61150,61210,61270,61130,61170,61250,61260,61125,61160,61230
2025-10-20 02:05:00,9100,61300,61190,61210,61260,61310,61210,61250,61300,61305,61205,61230,61280
2025-10-20 02:10:00,7800,61320,61230,61260,61250,61340,61240,61300,61280,61330,61235,61280,61265
2025-10-20 02:15:00,6900,61290,61220,61250,61280,61310,61240,61280,61310,61300,61230,61265,61295
2025-10-20 02:20:00,6300,61320,61190,61280,61270,61350,61220,61310,61290,61335,61210,61295,61280
2025-10-20 02:25:00,7100,61300,61210,61270,61210,61330,61240,61290,61250,61315,61225,61280,61230
2025-10-20 02:30:00,400,,,,,,,,,,,,
2025-10-20 03:30:00,20100,61340,61220,61340,61330,61350,61230,61350,61350,61345,61225,61345,61340
2025-10-20 03:35:00,7600,61360,61300,61330,61310,61380,61320,61350,61330,61370,61310,61340,61320
2025-10-20 03:40:00,5400,61340,61270,61310,61280,61350,61290,61330,61300,61345,61280,61320,61290
2025-10-20 03:45:00,10900,61310,61190,61280,61300,61340,61220,61300,61320,61325,61205,61290,61310
2025-10-20 03:50:00,4300,61310,61180,61300,61230,61320,61210,61320,61250,61315,61195,61310,61240
2025-10-20 03:55:00,6600,61320,61220,61230,61300,61330,61250,61250,61320,61325,61235,61240,61310
2025-10-20 04:00:00,2500,61320,61280,61300,61320,61330,61300,61320,61330,61325,61290,61310,61325
2025-10-20 04:05:00,21000,61460,61320,61320,61400,61480,61330,61330,61420,61470,61325,61325,61410
2025-10-20 04:10:00,3800,61460,61390,61400,61450,61470,61420,61420,61470,61465,61405,61410,61460
2025-10-20 04:15:00,3900,61450,61370,61450,61380,61480,61390,61470,61410,61465,61380,61460,61395
2025-10-20 04:20:00,2900,61410,61380,61380,61390,61430,61400,61410,61410,61420,61390,61395,61400
2025-10-20 04:25:00,4200,61410,61350,61390,61360,61420,61380,61420,61390,61415,61365,61405,61375
2025-10-20 04:30:00,9700,61370,61240,61360,61260,61400,61260,61400,61280,61385,61250,61380,61270
2025-10-20 04:35:00,5600,61270,61220,61260,61220,61290,61240,61280,61240,61280,61230,61270,61230
2025-10-20 04:40:00,7300,61230,61170,61220,61220,61250,61200,61240,61240,61240,61185,61230,61230
2025-10-20 04:45:00,4000,61230,61170,61220,61190,61250,61190,61240,61210,61240,61180,61230,61200
2025-10-20 04:50:00,11400,61200,61120,61190,61180,61220,61160,61210,61200,61210,61140,61200,61190
2025-10-20 04:55:00,13800,61280,61180,61180,61250,61300,61200,61200,61280,61290,61190,61190,61265
2025-10-20 05:00:00,4500,61260,61220,61240,61240,61280,61230,61280,61270,61265,61225,61260,61255
2025-10-20 05:05:00,3800,61270,61240,61240,61250,61290,61260,61260,61270,61280,61250,61250,61260
2025-10-20 05:10:00,3500,61260,61200,61250,61220,61280,61230,61270,61250,61265,61215,61260,61235
2025-10-20 05:15:00,1800,61240,61210,61220,61220,61260,61240,61260,61250,61250,61225,61240,61235
2025-10-20 05:20:00,4900,61260,61200,61220,61210,61280,61210,61250,61240,61270,61205,61235,61225
2025-10-20 05:25:00,3500,61220,61150,61210,61170,61240,61170,61240,61190,61230,61165,61225,61180
2025-10-20 05:30:00,7200,61180,61150,61170,61170,61190,61170,61190,61190,61185,61160,61180,61180
2025-10-20 05:35:00,13500,61260,61160,61170,61210,61270,61180,61190,61230,61265,61170,61180,61220
2025-10-20 05:40:00,2600,61230,61200,61210,61210,61260,61220,61230,61230,61245,61210,61220,61220
2025-10-20 05:45:00,6800,61280,61210,61210,61280,61300,61230,61230,61300,61290,61220,61220,61290
2025-10-20 05:50:00,6000,61280,61230,61280,61260,61300,61250,61300,61280,61290,61240,61290,61270
2025-10-20 05:55:00,7200,61260,61200,61260,61230,61280,61220,61280,61250,61270,61210,61270,61240
2025-10-20 06:00:00,3500,61260,61220,61230,61240,61270,61230,61250,61260,61265,61225,61240,61250
2025-10-20 06:05:00,8000,61260,61220,61240,61240,61270,61230,61260,61250,61265,61225,61250,61245
2025-10-20 06:10:00,5100,61280,61230,61240,61260,61290,61250,61250,61280,61285,61240,61245,61270
2025-10-20 06:15:00,21900,61460,61270,61270,61440,61480,61280,61280,61450,61470,61275,61275,61445
2025-10-20 06:20:00,9100,61450,61400,61440,61440,61470,61410,61450,61460,61460,61405,61445,61450
2025-10-20 06:25:00,,62000,60910,61410,61490,62010,60920,61420,61500,62005,60915,61415,61495
2025-10-20 06:30:00,126600,61480,61480,61480,61480,61500,61500,61500,61500,61490,61490,61490,61490
2025-10-21 00:00:00,105700,61450,60970,61000,61300,61500,61010,61010,61350,61470,61005,61005,61325
2025-10-21 00:05:00,20500,61310,61070,61300,61080,61350,61120,61350,61130,61330,61095,61325,61105
2025-10-21 00:10:00,17000,61170,61020,61080,61130,61200,61050,61130,61150,61185,61035,61105,61140
2025-10-21 00:15:00,27900,61320,61100,61130,61300,61340,61110,61150,61330,61330,61105,61140,61315
2025-10-21 00:20:00,8300,61380,61200,61300,61230,61390,61210,61330,61260,61385,61205,61315,61245
2025-10-21 00:25:00,4100,61290,61200,61230,61240,61300,61230,61260,61260,61295,61215,61245,61250
2025-10-21 00:30:00,6100,61270,61180,61240,61210,61300,61210,61260,61240,61285,61195,61250,61225
2025-10-21 00:35:00,6300,61310,61190,61210,61260,61320,61210,61240,61290,61315,61205,61225,61275
2025-10-21 00:40:00,6000,61400,61240,61260,61380,61410,61280,61290,61400,61405,61260,61275,61390
2025-10-21 00:45:00,6500,61430,61350,61380,61400,61450,61370,61400,61430,61440,61365,61390,61415
2025-10-21 00:50:00,8400,61470,61320,61400,61460,61490,61330,61430,61490,61480,61325,61415,61475
2025-10-21 00:55:00,9000,61520,61380,61460,61510,61540,61410,61490,61540,61530,61395,61475,61525
2025-10-21 01:00:00,8800,61560,61400,61520,61420,61570,61420,61540,61450,61565,61410,61530,61435
2025-10-21 01:05:00,4600,61440,61350,61420,61410,61460,61380,61450,61420,61450,61365,61435,61415
2025-10-21 01:10:00,4200,61430,61350,61410,61350,61450,61370,61420,61370,61440,61360,61415,61360
2025-10-21 01:15:00,4800,61390,61300,61350,61300,61400,61320,61360,61330,61395,61310,61355,61315
2025-10-21 01:20:00,5200,61320,61220,61300,61260,61330,61230,61330,61290,61325,61225,61315,61275
2025-10-21 01:25:00,2600,61310,61250,61260,61300,61330,61280,61290,61330,61320,61265,61275,61315
2025-10-21 01:30:00,2700,61320,61270,61300,61280,61330,61290,61330,61300,61325,61280,61315,61290
2025-10-21 01:35:00,3500,61350,61280,61280,61320,61360,61320,61330,61340,61355,61305,61305,61330
2025-10-21 01:40:00,4100,61380,61310,61320,61350,61400,61330,61340,61370,61390,61320,61330,61360
2025-10-21 01:45:00,3400,61370,61310,61350,61350,61390,61340,61370,61370,61375,61325,61360,61360
2025-10-21 01:50:00,1100,61370,61350,61350,61350,61400,61370,61370,61380,61385,61360,61360,61365
2025-10-21 01:55:00,12500,61360,61280,61360,61320,61380,61300,61380,61350,61370,61290,61370,61335
2025-10-21 02:00:00,1700,61350,61310,61310,61350,61370,61340,61350,61360,61360,61325,61330,61355
2025-10-21 02:05:00,1500,61350,61330,61350,61330,61370,61350,61360,61360,61355,61340,61355,61345
2025-10-21 02:10:00,4300,61400,61330,61330,61390,61430,61350,61350,61430,61415,61340,61340,61410
2025-10-21 02:15:00,1600,61410,61380,61390,61400,61430,61410,61430,61430,61420,61395,61410,61415
2025-10-21 02:20:00,3700,61440,61380,61400,61430,61450,61400,61430,61450,61445,61390,61415,61440
2025-10-21 02:25:00,3000,61440,61390,61430,61440,61450,61420,61450,61450,61445,61405,61440,61445
2025-10-21 02:30:00,5200,61440,61440,61440,61440,61450,61450,61450,61450,61445,61445,61445,61445
2025-10-21 03:30:00,37500,61330,61230,61240,61260,61390,61260,61390,61280,61350,61245,61315,61270
2025-10-21 03:35:00,20300,61260,61130,61260,61220,61290,61170,61280,61240,61275,61150,61270,61230
2025-10-21 03:40:00,4500,61250,61200,61220,61210,61260,61230,61240,61240,61255,61215,61230,61225
2025-10-21 03:45:00,8500,61220,61140,61210,61150,61240,61160,61240,61180,61230,61150,61225,61165
2025-10-21 03:50:00,6400,61210,61120,61150,61180,61220,61150,61180,61210,61215,61135,61165,61195
2025-10-21 03:55:00,6100,61200,61100,61180,61130,61220,61120,61210,61150,61210,61110,61195,61140
2025-10-21 04:00:00,7400,61140,61090,61130,61120,61150,61120,61150,61140,61145,61105,61140,61130
2025-10-21 04:05:00,3900,61140,61110,61120,61120,61150,61130,61140,61140,61145,61120,61130,61130
2025-10-21 04:10:00,15900,61130,60990,61120,61100,61150,61020,61140,61120,61140,61005,61130,61110
2025-10-21 04:15:00,4000,61170,61090,61090,61150,61190,61110,61120,61180,61180,61100,61105,61165
2025-10-21 04:20:00,2900,61170,61080,61150,61100,61190,61120,61180,61120,61180,61100,61165,61110
2025-10-21 04:25:00,3700,61180,61100,61100,61140,61200,61120,61120,61160,61190,61110,61110,61150
2025-10-21 04:30:00,2600,61140,61080,61140,61080,61160,61090,61160,61100,61150,61085,61150,61090
2025-10-21 04:35:00,4500,61160,61080,61080,61130,61180,61110,61110,61150,61170,61095,61095,61140
2025-10-21 04:40:00,1900,61140,61110,61130,61140,61160,61120,61150,61160,61150,61115,61140,61150
2025-10-21 04:45:00,12800,61210,61120,61140,61130,61230,61140,61160,61150,61220,61130,61150,61140
2025-10-21 04:50:00,2200,61170,61110,61130,61120,61180,61130,61150,61150,61175,61125,61140,61135
2025-10-21 04:55:00,8300,61140,61020,61120,61100,61170,61040,61150,61130,61155,61035,61135,61115
2025-10-21 05:00:00,4400,61150,61070,61100,61140,61170,61090,61130,61170,61160,61080,61115,61155
2025-10-21 05:05:00,4100,61180,61110,61140,61140,61190,61130,61170,61170,61185,61120,61155,61155
2025-10-21 05:10:00,1500,61160,61130,61140,61150,61180,61140,61170,61180,61170,61135,61155,61165
2025-10-21 05:15:00,2700,61170,61120,61150,61120,61180,61140,61180,61140,61175,61130,61165,61130
2025-10-21 05:20:00,2400,61150,61120,61120,61120,61170,61130,61140,61140,61160,61125,61130,61130
2025-10-21 05:25:00,5100,61130,61060,61120,61120,61140,61080,61140,61140,61135,61070,61130,61130
2025-10-21 05:30:00,4300,61180,61100,61120,61130,61200,61110,61140,61150,61185,61105,61130,61140
2025-10-21 05:35:00,2000,61140,61100,61130,61100,61180,61120,61150,61130,61160,61110,61140,61115
2025-10-21 05:40:00,6400,61110,61040,61100,61040,61140,61050,61130,61070,61125,61045,61115,61055
2025-10-21 05:45:00,6300,61060,61010,61040,61010,61070,61030,61070,61030,61065,61020,61055,61020
2025-10-21 05:50:00,13200,61060,60970,61010,61040,61070,60990,61030,61060,61065,60980,61020,61050
2025-10-21 05:55:00,10400,61070,60990,61040,61050,61080,61020,61060,61080,61075,61005,61050,61065
2025-10-21 06:00:00,19900,61070,60890,61050,60910,61080,60910,61080,60940,61075,60900,61065,60925
2025-10-21 06:05:00,13700,60930,60700,60910,60730,60940,60720,60940,60750,60935,60710,60925,60740
2025-10-21 06:10:00,10800,60910,60710,60730,60850,60950,60740,60750,60870,60930,60725,60740,60860
2025-10-21 06:15:00,14400,60850,60720,60850,60770,60870,60740,60870,60790,60860,60735,60860,60780
2025-10-21 06:20:00,12600,60840,60760,60770,60830,60870,60770,60790,60860,60855,60765,60780,60845
2025-10-21 06:25:00,,61460,60700,61380,60830,61470,60710,61390,60830,61465,60705,61385,60830
2025-10-21 06:30:00,121100,60810,60810,60810,60810,60850,60850,60850,60850,60830,60830,60830,60830
2025-10-22 00:00:00,93900,60890,60340,60450,60530,60910,60380,60460,60580,60895,60360,60455,60555
2025-10-22 00:05:00,13700,60600,60210,60530,60370,60620,60250,60580,60390,60610,60240,60555,60380
2025-10-22 00:10:00,15600,60660,60290,60370,60560,60680,60340,60390,60600,60670,60315,60380,60580
2025-10-22 00:15:00,7600,60590,60400,60560,60410,60610,60450,60590,60450,60600,60425,60575,60430
2025-10-22 00:20:00,10000,60650,60400,60400,60640,60680,60450,60450,60660,60665,60425,60425,60650
2025-10-22 00:25:00,7100,60730,60600,60640,60670,60750,60630,60660,60700,60740,60620,60650,60685
2025-10-22 00:30:00,7800,60730,60510,60670,60550,60750,60550,60700,60580,60740,60530,60685,60565
2025-10-22 00:35:00,7400,60640,60510,60550,60550,60660,60550,60580,60590,60650,60530,60565,60570
2025-10-22 00:40:00,5100,60680,60550,60550,60620,60700,60570,60580,60640,60690,60565,60565,60630
2025-10-22 00:45:00,3800,60680,60610,60620,60650,60690,60620,60640,60670,60685,60615,60630,60660
2025-10-22 00:50:00,5900,60650,60550,60650,60620,60690,60570,60670,60650,60670,60560,60660,60635
2025-10-22 00:55:00,2700,60670,60620,60620,60640,60690,60630,60650,60660,60680,60625,60635,60650
2025-10-22 01:00:00,2800,60680,60620,60640,60640,60690,60640,60660,60670,60685,60630,60650,60655
2025-10-22 01:05:00,3400,60760,60640,60640,60740,60800,60660,60670,60770,60780,60650,60655,60755
2025-10-22 01:10:00,3300,60820,60720,60740,60780,60840,60740,60770,60800,60830,60730,60755,60790
2025-10-22 01:15:00,3500,60870,60750,60780,60840,60890,60770,60800,60860,60880,60760,60790,60850
2025-10-22 01:20:00,3000,60930,60810,60840,60910,60970,60840,60860,60950,60950,60830,60850,60930
2025-10-22 01:25:00,7700,60980,60890,60920,60920,60990,60900,60950,60950,60985,60895,60935,60935
2025-10-22 01:30:00,5000,60960,60890,60920,60950,60990,60920,60950,60970,60970,60905,60935,60960
2025-10-22 01:35:00,2400,60960,60890,60950,60920,60990,60930,60970,60950,60975,60910,60960,60935
2025-10-22 01:40:00,4400,60930,60850,60920,60850,60960,60870,60950,60880,60945,60865,60935,60865
2025-10-22 01:45:00,2800,60890,60810,60850,60870,60910,60840,60870,60900,60900,60830,60860,60885
2025-10-22 01:50:00,1500,60870,60750,60870,60750,60900,60780,60900,60780,60885,60765,60885,60765
2025-10-22 01:55:00,2000,60820,60750,60750,60780,60830,60780,60780,60800,60825,60765,60765,60790
2025-10-22 02:00:00,2800,60800,60720,60780,60740,60810,60740,60800,60770,60805,60730,60790,60755
2025-10-22 02:05:00,2000,60800,60730,60740,60780,60820,60760,60770,60800,60805,60745,60755,60790
2025-10-22 02:10:00,2100,60780,60700,60780,60720,60800,60720,60790,60750,60785,60710,60785,60735
2025-10-22 02:15:00,3900,60730,60650,60720,60680,60760,60670,60750,60700,60745,60660,60735,60690
2025-10-22 02:20:00,4400,60690,60640,60680,60670,60710,60650,60700,60690,60700,60645,60690,60680
2025-10-22 02:25:00,4900,60710,60650,60670,60690,60730,60660,60690,60710,60715,60655,60680,60700
2025-10-22 02:30:00,1400,,,,,,,,,,,,
2025-10-22 03:30:00,15300,60840,60650,60660,60750,60880,60690,60700,60780,60860,60670,60680,60765
2025-10-22 03:35:00,3100,60770,60710,60750,60740,60810,60720,60780,60770,60790,60715,60765,60755
2025-10-22 03:40:00,2900,60840,60740,60740,60780,60870,60760,60770,60800,60850,60750,60755,60790
2025-10-22 03:45:00,3900,60900,60780,60780,60890,60920,60800,60800,60920,60910,60790,60790,60905
2025-10-22 03:50:00,2100,60920,60860,60890,60900,60930,60880,60920,60930,60925,60875,60905,60915
2025-10-22 03:55:00,7500,61020,60900,60900,60990,61040,60930,60930,61020,61025,60915,60915,61005
2025-10-22 04:00:00,4400,61000,60950,60990,60960,61030,60970,61020,60990,61015,60960,61005,60975
2025-10-22 04:05:00,2600,61010,60950,60960,60990,61030,60970,60990,61010,61020,60960,60975,61000
2025-10-22 04:10:00,1800,61010,60970,60990,60970,61020,60980,61010,60980,61015,60975,61000,60975
2025-10-22 04:15:00,4300,60990,60920,60970,60960,61000,60940,60980,60980,60995,60935,60975,60970
2025-10-22 04:20:00,1500,60970,60930,60960,60960,61000,60960,60980,60980,60985,60945,60970,60970
2025-10-22 04:25:00,2800,60970,60910,60960,60930,60990,60950,60980,60960,60980,60930,60970,60945
2025-10-22 04:30:00,2000,60980,60930,60930,60980,61000,60940,60960,61000,60990,60935,60945,60990
2025-10-22 04:35:00,1400,60990,60950,60980,60960,61000,60960,61000,60990,60995,60955,60990,60975
2025-10-22 04:40:00,3900,61020,60960,60960,61020,61040,60980,60990,61040,61030,60975,60975,61030
2025-10-22 04:45:00,3300,61070,61020,61020,61050,61090,61040,61040,61080,61080,61030,61030,61065
2025-10-22 04:50:00,2000,61070,61030,61050,61060,61090,61060,61080,61090,61080,61045,61065,61075
2025-10-22 04:55:00,1800,61080,61050,61060,61060,61090,61060,61090,61080,61085,61055,61075,61070
2025-10-22 05:00:00,1000,61060,61040,61050,61050,61080,61060,61080,61070,61070,61050,61065,61060
2025-10-22 05:05:00,3000,61070,61020,61050,61060,61080,61030,61070,61080,61075,61025,61060,61070
2025-10-22 05:10:00,1800,61080,61050,61060,61060,61100,61060,61080,61080,61090,61055,61070,61070
2025-10-22 05:15:00,1900,61070,61040,61060,61040,61090,61050,61080,61060,61080,61045,61070,61050
2025-10-22 05:20:00,2200,61050,61000,61040,61020,61060,61030,61060,61030,61055,61015,61050,61025
2025-10-22 05:25:00,2800,61030,60980,61020,61010,61040,61000,61030,61030,61035,60990,61025,61020
2025-10-22 05:30:00,2400,61040,61000,61010,61030,61060,61020,61030,61050,61050,61015,61020,61040
2025-10-22 05:35:00,2800,61080,61010,61030,61020,61100,61030,61050,61050,61090,61020,61040,61035
2025-10-22 05:40:00,1100,61040,61010,61020,61010,61060,61030,61050,61030,61050,61020,61035,61020
2025-10-22 05:45:00,2800,61080,60990,61010,61060,61090,61020,61030,61080,61085,61005,61020,61070
2025-10-22 05:50:00,2100,61070,61010,61060,61030,61090,61040,61080,61050,61080,61025,61070,61040
2025-10-22 05:55:00,900,61030,60970,61030,60970,61050,60990,61050,60990,61040,60980,61040,60980
2025-10-22 06:00:00,5200,61040,60920,60970,61030,61060,60950,60990,61050,61050,60935,60980,61040
2025-10-22 06:05:00,3700,61120,61030,61030,61100,61130,61040,61050,61120,61125,61035,61040,61110
2025-10-22 06:10:00,5200,61150,61070,61100,61130,61160,61100,61120,61160,61155,61085,61110,61145
2025-10-22 06:15:00,4500,61140,61080,61130,61140,61160,61100,61160,61160,61150,61090,61145,61150
2025-10-22 06:20:00,6700,61150,61050,61140,61070,61170,61070,61160,61100,61160,61060,61150,61085
2025-10-22 06:25:00,,61180,60210,61180,61000,61190,60220,61190,61010,61185,60215,61185,61005
2025-10-22 06:30:00,118600,61000,61000,61000,61000,61010,61010,61010,61010,61005,61005,61005,61005
2025-10-23 00:00:00,88500,60400,59380,60130,59460,60500,59440,60140,59510,60450,59425,60135,59485
2025-10-23 00:05:00,19000,59590,59280,59460,59590,59640,59310,59510,59630,59615,59295,59485,59610
2025-10-23 00:10:00,13700,59610,59380,59590,59460,59640,59410,59630,59500,59620,59395,59610,59480
2025-10-23 00:15:00,6300,59560,59450,59460,59550,59580,59480,59500,59580,59570,59465,59480,59565
2025-10-23 00:20:00,12500,59730,59480,59550,59700,59750,59530,59580,59730,59735,59505,59565,59715
2025-10-23 00:25:00,6700,59740,59670,59700,59690,59760,59700,59740,59720,59750,59685,59720,59705
2025-10-23 00:30:00,13400,59730,59550,59690,59560,59760,59560,59720,59590,59745,59555,59705,59575
2025-10-23 00:35:00,9600,59580,59480,59570,59490,59590,59500,59590,59520,59585,59490,59580,59505
2025-10-23 00:40:00,6500,59540,59460,59490,59500,59570,59500,59520,59520,59555,59480,59505,59510
2025-10-23 00:45:00,7700,59520,59410,59500,59480,59550,59420,59520,59510,59535,59415,59510,59495
2025-10-23 00:50:00,4300,59540,59470,59480,59520,59560,59500,59500,59550,59550,59485,59490,59535
2025-10-23 00:55:00,5200,59620,59510,59520,59530,59640,59540,59550,59570,59630,59530,59535,59550
2025-10-23 01:00:00,5100,59610,59490,59530,59560,59620,59510,59570,59590,59615,59505,59550,59575
2025-10-23 01:05:00,5500,59650,59510,59560,59570,59670,59530,59590,59600,59655,59520,59575,59585
2025-10-23 01:10:00,3700,59630,59550,59570,59630,59660,59560,59600,59660,59645,59555,59585,59645
2025-10-23 01:15:00,5900,59690,59600,59630,59610,59720,59630,59660,59650,59705,59615,59645,59630
2025-10-23 01:20:00,1700,59670,59600,59600,59670,59700,59640,59650,59700,59685,59620,59625,59685
2025-10-23 01:25:00,8100,59780,59660,59670,59750,59800,59680,59700,59770,59790,59670,59685,59760
2025-10-23 01:30:00,4100,59810,59740,59740,59750,59830,59760,59770,59770,59820,59755,59755,59760
2025-10-23 01:35:00,11200,59920,59750,59750,59920,59950,59770,59770,59930,59935,59760,59760,59925
2025-10-23 01:40:00,8200,59950,59880,59920,59890,59960,59900,59930,59910,59955,59895,59925,59900
2025-10-23 01:45:00,9200,59980,59890,59890,59940,59990,59910,59910,59960,59985,59900,59900,59950
2025-10-23 01:50:00,3300,59970,59920,59940,59960,59990,59930,59960,59980,59980,59925,59950,59970
2025-10-23 01:55:00,8400,60170,59960,59960,60170,60200,59980,59980,60200,60185,59970,59970,60185
2025-10-23 02:00:00,3700,60180,60090,60170,60130,60200,60110,60200,60140,60190,60100,60185,60135
2025-10-23 02:05:00,5900,60210,60130,60130,60170,60230,60140,60140,60190,60220,60135,60135,60180
2025-10-23 02:10:00,4400,60350,60160,60170,60350,60390,60180,60190,60370,60370,60170,60180,60360
2025-10-23 02:15:00,4200,60420,60300,60340,60420,60450,60330,60370,60450,60435,60320,60355,60435
2025-10-23 02:20:00,4500,60450,60330,60420,60350,60480,60370,60450,60380,60465,60350,60435,60365
2025-10-23 02:25:00,5700,60350,60190,60350,60230,60380,60210,60380,60250,60365,60205,60365,60240
2025-10-23 02:30:00,3100,60210,60210,60210,60210,60250,60250,60250,60250,60230,60230,60230,60230
2025-10-23 03:30:00,17800,60290,60100,60230,60140,60340,60130,60240,60170,60305,60115,60235,60155
2025-10-23 03:35:00,7500,60190,60020,60140,60140,60200,60050,60170,60170,60195,60035,60155,60155
2025-10-23 03:40:00,2800,60140,60070,60140,60110,60170,60100,60170,60120,60155,60090,60155,60115
2025-10-23 03:45:00,2100,60120,60070,60110,60110,60140,60090,60130,60140,60130,60080,60120,60125
2025-10-23 03:50:00,1500,60180,60110,60110,60180,60200,60140,60140,60200,60190,60125,60125,60190
2025-10-23 03:55:00,2600,60180,60150,60180,60180,60200,60160,60200,60200,60190,60155,60190,60190
2025-10-23 04:00:00,2400,60220,60180,60180,60200,60250,60190,60200,60220,60235,60185,60190,60210
2025-10-23 04:05:00,6500,60270,60170,60190,60230,60290,60190,60220,60250,60280,60180,60205,60240
2025-10-23 04:10:00,4300,60240,60130,60230,60150,60260,60140,60250,60170,60250,60135,60240,60160
2025-10-23 04:15:00,4000,60160,60090,60150,60110,60180,60100,60170,60130,60170,60095,60160,60120
2025-10-23 04:20:00,1000,60140,60100,60110,60130,60170,60120,60130,60150,60155,60115,60120,60140
2025-10-23 04:25:00,7400,60140,60030,60130,60040,60150,60060,60150,60070,60145,60045,60140,60055
2025-10-23 04:30:00,11800,60130,60040,60040,60050,60160,60060,60070,60090,60145,60055,60055,60070
2025-10-23 04:35:00,6400,60060,59980,60050,60040,60090,60000,60090,60070,60075,59990,60070,60055
2025-10-23 04:40:00,5400,60150,60040,60040,60130,60170,60050,60070,60140,60160,60045,60055,60135
2025-10-23 04:45:00,5500,60190,60080,60130,60160,60200,60110,60140,60190,60195,60095,60135,60175
2025-10-23 04:50:00,1100,60170,60120,60160,60120,60190,60140,60190,60140,60175,60130,60175,60130
2025-10-23 04:55:00,2700,60130,60070,60120,60090,60150,60110,60140,60120,60140,60090,60130,60105
2025-10-23 05:00:00,3200,60130,60070,60090,60110,60140,60090,60120,60130,60135,60080,60105,60120
2025-10-23 05:05:00,3500,60130,60080,60110,60090,60160,60100,60130,60100,60145,60090,60120,60095
2025-10-23 05:10:00,2800,60110,60090,60090,60100,60130,60100,60100,60120,60120,60095,60095,60110
2025-10-23 05:15:00,3400,60100,60070,60100,60080,60120,60090,60120,60100,60110,60080,60110,60090
2025-10-23 05:20:00,13400,60150,60000,60080,60120,60170,60030,60100,60140,60160,60015,60090,60130
2025-10-23 05:25:00,2700,60120,60070,60120,60100,60140,60100,60140,60120,60130,60085,60130,60110
2025-10-23 05:30:00,3200,60110,60080,60100,60100,60120,60100,60120,60110,60115,60090,60110,60105
2025-10-23 05:35:00,3500,60100,60070,60100,60070,60110,60080,60110,60090,60105,60075,60105,60080
2025-10-23 05:40:00,9000,60080,59980,60070,60020,60090,59990,60090,60050,60085,59985,60080,60035
2025-10-23 05:45:00,11700,60030,59920,60010,59930,60070,59940,60050,59950,60045,59930,60030,59940
2025-10-23 05:50:00,11200,60020,59920,59930,59990,60060,59940,59950,60020,60030,59935,59940,60005
2025-10-23 05:55:00,3800,60080,59990,59990,60070,60090,60020,60020,60090,60085,60005,60005,60080
2025-10-23 06:00:00,5000,60090,60010,60070,60030,60110,60040,60090,60050,60100,60025,60080,60040
2025-10-23 06:05:00,5300,60110,60030,60030,60100,60120,60050,60050,60120,60115,60040,60040,60110
2025-10-23 06:10:00,3500,60100,60050,60100,60070,60120,60080,60120,60090,60110,60065,60110,60080
2025-10-23 06:15:00,5700,60090,60050,60070,60090,60110,60060,60090,60110,60100,60055,60080,60100
2025-10-23 06:20:00,12000,60180,60060,60090,60170,60200,60080,60110,60200,60190,60070,60100,60185
2025-10-23 06:25:00,,60290,59250,60130,60070,60300,59260,60140,60080,60295,59255,60135,60075
2025-10-23 06:30:00,119000,60070,60070,60070,60070,60080,60080,60080,60080,60075,60075,60075,60075
2025-10-24 00:00:00,53300,60680,60310,60350,60560,60720,60350,60360,60590,60700,60330,60355,60575
2025-10-24 00:05:00,12500,60600,60460,60560,60520,60630,60480,60590,60540,60610,60475,60575,60530
2025-10-24 00:10:00,17800,60840,60520,60520,60800,60850,60530,60540,60820,60845,60525,60530,60810
2025-10-24 00:15:00,38200,61280,60800,60800,61230,61300,60820,60820,61250,61290,60810,60810,61240
2025-10-24 00:20:00,11900,61270,61120,61230,61240,61280,61150,61250,61270,61275,61135,61240,61255
2025-10-24 00:25:00,11800,61290,61080,61240,61090,61320,61110,61270,61130,61305,61095,61255,61110
2025-10-24 00:30:00,8100,61190,61070,61090,61170,61200,61080,61130,61200,61195,61075,61110,61185
2025-10-24 00:35:00,7200,61260,61120,61170,61180,61280,61140,61200,61210,61270,61130,61185,61195
2025-10-24 00:40:00,12000,61370,61180,61180,61290,61380,61210,61210,61310,61375,61195,61195,61300
2025-10-24 00:45:00,6800,61340,61250,61290,61320,61360,61280,61310,61350,61350,61265,61300,61335
2025-10-24 00:50:00,6000,61360,61250,61320,61320,61370,61270,61350,61350,61365,61260,61335,61335
2025-10-24 00:55:00,12000,61460,61320,61320,61460,61480,61340,61350,61480,61470,61330,61335,61470
2025-10-24 01:00:00,16400,61520,61420,61460,61520,61530,61450,61480,61530,61525,61435,61470,61525
2025-10-24 01:05:00,9600,61630,61470,61520,61550,61650,61500,61530,61590,61635,61485,61525,61570
2025-10-24 01:10:00,4900,61600,61440,61560,61450,61620,61470,61590,61470,61610,61455,61575,61460
2025-10-24 01:15:00,4200,61500,61420,61440,61440,61520,61450,61470,61460,61510,61435,61455,61450
2025-10-24 01:20:00,4300,61470,61420,61440,61460,61490,61440,61460,61480,61480,61430,61450,61470
2025-10-24 01:25:00,2800,61470,61420,61460,61430,61480,61450,61480,61470,61475,61435,61470,61450
2025-10-24 01:30:00,6800,61470,61380,61430,61460,61500,61400,61470,61480,61485,61395,61450,61470
2025-10-24 01:35:00,2700,61460,61380,61460,61380,61480,61400,61480,61400,61470,61390,61470,61390
2025-10-24 01:40:00,3800,61490,61380,61380,61460,61500,61400,61400,61490,61495,61390,61390,61475
2025-10-24 01:45:00,2700,61520,61450,61460,61450,61540,61470,61490,61470,61530,61460,61475,61460
2025-10-24 01:50:00,1900,61480,61450,61450,61460,61500,61470,61470,61480,61490,61460,61460,61470
2025-10-24 01:55:00,4800,61500,61450,61460,61470,61520,61470,61480,61500,61510,61460,61470,61485
2025-10-24 02:00:00,3000,61490,61450,61470,61450,61500,61470,61500,61480,61495,61460,61485,61465
2025-10-24 02:05:00,3500,61470,61420,61450,61430,61480,61450,61480,61460,61475,61435,61465,61445
2025-10-24 02:10:00,1300,61460,61430,61430,61450,61470,61450,61460,61460,61465,61440,61445,61455
2025-10-24 02:15:00,2300,61460,61420,61440,61450,61490,61430,61460,61460,61475,61425,61450,61455
2025-10-24 02:20:00,2700,61450,61410,61450,61410,61460,61420,61460,61430,61455,61415,61455,61420
2025-10-24 02:25:00,2800,61460,61410,61410,61450,61470,61420,61430,61470,61465,61415,61420,61460
2025-10-24 02:30:00,3900,61440,61440,61440,61440,61470,61470,61470,61470,61455,61455,61455,61455
2025-10-24 03:30:00,21000,61430,61360,61410,61410,61450,61390,61440,61420,61440,61380,61425,61415
2025-10-24 03:35:00,5700,61500,61410,61410,61490,61510,61420,61420,61510,61505,61415,61415,61500
2025-10-24 03:40:00,3500,61490,61430,61490,61450,61510,61440,61510,61460,61500,61435,61500,61455
2025-10-24 03:45:00,4700,61460,61370,61450,61380,61480,61390,61460,61390,61470,61380,61455,61385
2025-10-24 03:50:00,9200,61430,61340,61380,61360,61450,61360,61390,61380,61440,61350,61385,61370
2025-10-24 03:55:00,3300,61360,61250,61360,61250,61380,61270,61380,61270,61370,61260,61370,61260
2025-10-24 04:00:00,3600,61260,61200,61250,61220,61280,61230,61270,61250,61270,61215,61260,61235
2025-10-24 04:05:00,4800,61240,61090,61220,61090,61250,61100,61250,61110,61245,61095,61235,61100
2025-10-24 04:10:00,9100,61200,61030,61090,61080,61230,61040,61110,61110,61210,61035,61100,61095
2025-10-24 04:15:00,2700,61150,61080,61080,61150,61170,61100,61110,61170,61160,61090,61095,61160
2025-10-24 04:20:00,2500,61180,61050,61150,61050,61200,61060,61170,61060,61185,61055,61160,61055
2025-10-24 04:25:00,3700,61140,61040,61050,61130,61150,61050,61060,61150,61145,61045,61055,61140
2025-10-24 04:30:00,2500,61170,61120,61130,61170,61200,61150,61150,61190,61185,61140,61140,61180
2025-10-24 04:35:00,3700,61240,61150,61170,61220,61260,61180,61180,61230,61245,61170,61175,61225
2025-10-24 04:40:00,1600,61250,61170,61220,61170,61270,61200,61230,61200,61260,61185,61225,61185
2025-10-24 04:45:00,3500,61180,61110,61170,61150,61200,61130,61200,61180,61190,61120,61185,61165
2025-10-24 04:50:00,3100,61200,61080,61150,61100,61230,61110,61180,61130,61215,61095,61165,61115
2025-10-24 04:55:00,2300,61160,61090,61100,61090,61180,61110,61130,61110,61170,61100,61115,61100
2025-10-24 05:00:00,2400,61120,61070,61090,61100,61140,61090,61110,61110,61130,61080,61100,61105
2025-10-24 05:05:00,2400,61100,61050,61100,61050,61130,61060,61110,61070,61115,61055,61105,61060
2025-10-24 05:10:00,6200,61060,60860,61050,60870,61070,60890,61070,60890,61065,60875,61060,60880
2025-10-24 05:15:00,4300,60980,60860,60860,60980,60990,60880,60890,60990,60985,60875,60875,60985
2025-10-24 05:20:00,3500,61060,60980,60980,61050,61080,60990,60990,61080,61070,60985,60985,61065
2025-10-24 05:25:00,2900,61060,61020,61050,61050,61080,61040,61080,61080,61070,61030,61065,61065
2025-10-24 05:30:00,2900,61060,61000,61050,61010,61080,61020,61080,61030,61070,61010,61065,61020
2025-10-24 05:35:00,1500,61030,60990,61010,61020,61050,61010,61030,61040,61040,61000,61020,61030
2025-10-24 05:40:00,4100,61080,61010,61020,61060,61090,61030,61040,61080,61085,61020,61030,61070
2025-10-24 05:45:00,2800,61110,60980,61060,61010,61120,61010,61080,61040,61115,60995,61070,61025
2025-10-24 05:50:00,5900,61020,60850,61010,60860,61040,60890,61040,60890,61025,60870,61025,60875
2025-10-24 05:55:00,4200,60920,60860,60860,60890,60940,60880,60890,60900,60930,60870,60875,60895
2025-10-24 06:00:00,6700,60890,60780,60890,60800,60900,60790,60900,60820,60895,60785,60895,60810
2025-10-24 06:05:00,6900,60910,60790,60790,60910,60940,60820,60820,60940,60925,60805,60805,60925
2025-10-24 06:10:00,3300,60930,60840,60910,60850,60950,60850,60940,60860,60940,60845,60925,60855
2025-10-24 06:15:00,7100,60850,60790,60840,60800,60870,60800,60860,60830,60860,60795,60850,60815
2025-10-24 06:20:00,9200,60840,60720,60800,60800,60850,60730,60830,60820,60845,60725,60815,60810
2025-10-24 06:25:00,,61680,60950,61190,60980,61690,60960,61200,60990,61685,60955,61195,60985
2025-10-24 06:30:00,131300,60810,60810,60810,60810,61000,61000,61000,61000,60905,60905,60905,60905
2025-10-27 00:00:00,69800,61660,61350,61610,61400,61700,61380,61610,61430,61680,61370,61610,61415
2025-10-27 00:05:00,26400,61780,61400,61400,61710,61790,61430,61440,61740,61785,61415,61420,61725
2025-10-27 00:10:00,17100,61860,61680,61710,61790,61870,61710,61740,61810,61865,61695,61725,61800
2025-10-27 00:15:00,15400,61960,61700,61770,61910,61980,61720,61810,61940,61970,61710,61790,61925
2025-10-27 00:20:00,25600,62030,61910,61910,62030,62060,61930,61940,62050,62045,61920,61925,62040
2025-10-27 00:25:00,10800,62080,61960,62030,61980,62100,61980,62050,62010,62090,61970,62040,61995
2025-10-27 00:30:00,15600,62140,61920,61980,62020,62150,61950,62010,62040,62145,61935,61995,62030
2025-10-27 00:35:00,9100,62080,61930,62020,62020,62090,61970,62040,62030,62085,61950,62030,62025
2025-10-27 00:40:00,40900,62500,62020,62020,62300,62550,62030,62030,62320,62525,62025,62025,62310
2025-10-27 00:45:00,8400,62370,62290,62300,62290,62390,62320,62320,62320,62375,62305,62310,62305
2025-10-27 00:50:00,8800,62290,62020,62290,62090,62320,62060,62320,62110,62305,62040,62305,62100
2025-10-27 00:55:00,12000,62090,61830,62090,61840,62110,61850,62110,61870,62100,61840,62100,61855
2025-10-27 01:00:00,9300,61880,61730,61840,61770,61930,61770,61870,61790,61905,61750,61855,61780
2025-10-27 01:05:00,9200,61970,61760,61770,61920,61980,61780,61790,61940,61975,61770,61780,61930
2025-10-27 01:10:00,5900,61950,61790,61920,61860,61970,61810,61940,61890,61960,61805,61930,61875
2025-10-27 01:15:00,6600,62040,61860,61860,61990,62060,61880,61890,62020,62050,61870,61875,62005
2025-10-27 01:20:00,5800,62070,62000,62000,62070,62090,62020,62020,62090,62080,62010,62010,62080
2025-10-27 01:25:00,8000,62220,62070,62070,62110,62230,62090,62090,62130,62225,62080,62080,62120
2025-10-27 01:30:00,6400,62250,62100,62110,62240,62270,62120,62130,62260,62260,62110,62120,62250
2025-10-27 01:35:00,8700,62270,62200,62240,62270,62290,62220,62260,62290,62280,62210,62250,62280
2025-10-27 01:40:00,16100,62480,62270,62270,62460,62490,62290,62290,62490,62485,62280,62280,62475
2025-10-27 01:45:00,16100,62570,62460,62460,62540,62590,62480,62490,62560,62575,62470,62475,62550
2025-10-27 01:50:00,7000,62550,62350,62540,62400,62570,62380,62560,62430,62555,62365,62550,62415
2025-10-27 01:55:00,6900,62450,62330,62400,62360,62480,62360,62430,62380,62465,62350,62415,62370
2025-10-27 02:00:00,4400,62370,62260,62360,62320,62380,62270,62380,62340,62375,62265,62370,62330
2025-10-27 02:05:00,4000,62330,62270,62320,62310,62350,62290,62340,62330,62340,62285,62330,62320
2025-10-27 02:10:00,5200,62320,62250,62310,62260,62340,62280,62330,62280,62330,62265,62320,62270
2025-10-27 02:15:00,7200,62350,62210,62260,62350,62380,62240,62280,62370,62365,62225,62270,62360
2025-10-27 02:20:00,5300,62360,62280,62350,62290,62390,62310,62370,62320,62365,62295,62360,62305
2025-10-27 02:25:00,5700,62380,62270,62290,62360,62400,62290,62320,62400,62385,62280,62305,62380
2025-10-27 02:30:00,6000,62360,62360,62360,62360,62400,62400,62400,62400,62380,62380,62380,62380
2025-10-27 03:30:00,32400,62500,62280,62500,62330,62510,62300,62500,62360,62500,62290,62500,62345
2025-10-27 03:35:00,7100,62340,62150,62330,62190,62380,62180,62360,62220,62360,62165,62345,62205
2025-10-27 03:40:00,6700,62260,62190,62190,62200,62270,62210,62220,62230,62265,62200,62205,62215
2025-10-27 03:45:00,5300,62210,62120,62200,62130,62230,62140,62230,62160,62220,62130,62215,62145
2025-10-27 03:50:00,5200,62140,62030,62130,62030,62160,62040,62160,62040,62150,62035,62145,62035
2025-10-27 03:55:00,8100,62100,62000,62030,62080,62120,62010,62040,62100,62105,62005,62035,62090
2025-10-27 04:00:00,4000,62120,62060,62080,62080,62140,62080,62100,62110,62130,62070,62090,62095
2025-10-27 04:05:00,4000,62100,62020,62080,62050,62110,62050,62110,62070,62105,62035,62095,62060
2025-10-27 04:10:00,3500,62070,62040,62050,62040,62080,62050,62070,62060,62075,62045,62060,62050
2025-10-27 04:15:00,5400,62120,62030,62040,62100,62130,62040,62060,62120,62125,62035,62050,62110
2025-10-27 04:20:00,4200,62150,62100,62100,62130,62160,62110,62120,62150,62155,62105,62110,62140
2025-10-27 04:25:00,6400,62200,62130,62130,62190,62210,62140,62150,62210,62205,62135,62140,62200
2025-10-27 04:30:00,1300,62190,62150,62190,62150,62210,62160,62210,62160,62200,62155,62200,62155
2025-10-27 04:35:00,4300,62170,62060,62150,62070,62190,62090,62160,62090,62180,62075,62155,62080
2025-10-27 04:40:00,1500,62080,62050,62070,62080,62100,62070,62090,62100,62090,62060,62080,62090
2025-10-27 04:45:00,2800,62080,62040,62080,62040,62100,62060,62100,62060,62090,62050,62090,62050
2025-10-27 04:50:00,7500,62050,61980,62040,61980,62070,61990,62060,61990,62060,61985,62050,61985
2025-10-27 04:55:00,2700,62010,61960,61980,61960,62020,61970,61990,61970,62015,61965,61985,61965
2025-10-27 05:00:00,5800,61960,61890,61960,61950,61970,61900,61970,61970,61965,61895,61965,61960
2025-10-27 05:05:00,3800,62010,61950,61950,62010,62030,61970,61970,62030,62020,61960,61960,62020
2025-10-27 05:10:00,2800,62060,62010,62010,62020,62070,62020,62030,62030,62065,62015,62020,62025
2025-10-27 05:15:00,4900,62030,61910,62020,61920,62050,61930,62030,61950,62035,61920,62025,61935
2025-10-27 05:20:00,2700,61970,61920,61920,61950,61990,61940,61950,61970,61980,61930,61935,61960
2025-10-27 05:25:00,3600,61950,61900,61950,61910,61970,61910,61970,61930,61960,61905,61960,61920
2025-10-27 05:30:00,2600,61940,61890,61910,61940,61950,61910,61930,61950,61945,61900,61920,61945
2025-10-27 05:35:00,6800,62020,61930,61940,62020,62040,61940,61950,62040,62030,61935,61945,62030
2025-10-27 05:40:00,3000,62040,61980,62020,62030,62060,62000,62040,62040,62050,61990,62030,62035
2025-10-27 05:45:00,3300,62040,62000,62030,62010,62050,62030,62040,62030,62045,62015,62035,62020
2025-10-27 05:50:00,3600,62050,62010,62010,62040,62060,62030,62030,62050,62055,62020,62020,62045
2025-10-27 05:55:00,2900,62040,61990,62040,62010,62050,62010,62050,62040,62045,62000,62045,62025
2025-10-27 06:00:00,3300,62040,61990,62010,62030,62050,62010,62040,62050,62045,62000,62025,62040
2025-10-27 06:05:00,8700,62050,61940,62030,61950,62060,61960,62050,61970,62055,61950,62040,61960
2025-10-27 06:10:00,6900,62060,61930,61950,62060,62080,61940,61970,62070,62070,61935,61960,62065
2025-10-27 06:15:00,8800,62130,62060,62060,62090,62140,62070,62070,62100,62135,62065,62065,62095
2025-10-27 06:20:00,11000,62160,62090,62090,62100,62170,62100,62100,62140,62165,62095,62095,62120
2025-10-27 06:25:00,,62490,61950,62240,61950,62500,61960,62250,61960,62495,61955,62245,61955
2025-10-27 06:30:00,107300,61940,61940,61940,61940,62050,62050,62050,62050,61995,61995,61995,61995
2025-10-28 00:00:00,89200,61290,60900,60900,61070,61440,60910,60910,61110,61315,60905,60905,61090
2025-10-28 00:05:00,19300,61150,60950,61070,61000,61170,60980,61110,61050,61160,60965,61090,61025
2025-10-28 00:10:00,17600,61090,60810,61000,60890,61140,60850,61040,60910,61115,60830,61020,60900
2025-10-28 00:15:00,11200,61010,60770,60890,60880,61050,60780,60910,60910,61030,60775,60900,60895
2025-10-28 00:20:00,13900,61090,60770,60880,61010,61120,60790,60910,61030,61105,60780,60895,61020
2025-10-28 00:25:00,14500,61200,60960,61010,61140,61220,61010,61030,61160,61210,60985,61020,61150
2025-10-28 00:30:00,9900,61140,61030,61140,61030,61160,61050,61160,61050,61150,61040,61150,61040
2025-10-28 00:35:00,12500,61270,61020,61030,61150,61300,61040,61050,61180,61285,61030,61040,61165
2025-10-28 00:40:00,8500,61220,61120,61150,61210,61240,61140,61180,61220,61225,61130,61165,61215
2025-10-28 00:45:00,6300,61220,61110,61210,61160,61230,61140,61220,61170,61225,61125,61215,61165
2025-10-28 00:50:00,10500,61290,61150,61160,61270,61300,61160,61170,61290,61295,61155,61165,61280
2025-10-28 00:55:00,11800,61340,61200,61270,61240,61380,61220,61290,61260,61355,61210,61280,61250
2025-10-28 01:00:00,12200,61300,61150,61240,61150,61350,61170,61260,61170,61325,61160,61250,61160
2025-10-28 01:05:00,5500,61170,61070,61150,61130,61190,61090,61170,61140,61180,61085,61160,61135
2025-10-28 01:10:00,5400,61160,61060,61130,61150,61180,61080,61140,61160,61165,61070,61135,61155
2025-10-28 01:15:00,6400,61230,61090,61150,61180,61250,61120,61160,61200,61240,61105,61155,61190
2025-10-28 01:20:00,2600,61190,61100,61180,61160,61210,61130,61200,61170,61200,61115,61190,61165
2025-10-28 01:25:00,5800,61230,61130,61160,61230,61250,61160,61170,61250,61240,61145,61165,61240
2025-10-28 01:30:00,16000,61630,61210,61230,61610,61650,61230,61250,61640,61640,61220,61240,61625
2025-10-28 01:35:00,4800,61620,61430,61610,61440,61650,61470,61640,61480,61630,61450,61625,61460
2025-10-28 01:40:00,2700,61440,61220,61440,61230,61480,61240,61480,61250,61460,61230,61460,61240
2025-10-28 01:45:00,2000,61270,61210,61220,61270,61300,61220,61250,61300,61285,61215,61235,61285
2025-10-28 01:50:00,4900,61340,61240,61270,61250,61360,61270,61300,61280,61350,61260,61285,61265
2025-10-28 01:55:00,6600,61250,61090,61250,61090,61280,61110,61280,61120,61265,61105,61265,61105
2025-10-28 02:00:00,13500,61100,60950,61090,60970,61120,60980,61120,61000,61110,60965,61105,60985
2025-10-28 02:05:00,4100,61070,60930,60970,61040,61100,60960,60990,61080,61080,60945,60980,61060
2025-10-28 02:10:00,4200,61140,61040,61040,61090,61190,61080,61080,61110,61160,61060,61060,61100
2025-10-28 02:15:00,1700,61170,61070,61070,61170,61200,61090,61110,61200,61185,61080,61090,61185
2025-10-28 02:20:00,7300,61310,61150,61170,61310,61330,61190,61200,61330,61320,61170,61185,61320
2025-10-28 02:25:00,5300,61310,61220,61310,61250,61340,61230,61330,61270,61325,61225,61320,61260
2025-10-28 02:30:00,5700,,,,,,,,,,,,
2025-10-28 03:30:00,24100,61350,61180,61340,61310,61370,61220,61340,61330,61360,61205,61340,61320
2025-10-28 03:35:00,5900,61350,61280,61310,61280,61370,61290,61330,61310,61360,61285,61320,61295
2025-10-28 03:40:00,8800,61340,61200,61280,61280,61360,61210,61310,61320,61350,61205,61295,61300
2025-10-28 03:45:00,7600,61400,61260,61280,61380,61420,61300,61320,61410,61410,61280,61300,61395
2025-10-28 03:50:00,4000,61390,61300,61380,61310,61410,61330,61410,61330,61395,61315,61395,61320
2025-10-28 03:55:00,4000,61320,61230,61300,61290,61330,61250,61330,61310,61325,61240,61315,61300
2025-10-28 04:00:00,4400,61290,61180,61290,61190,61340,61190,61310,61210,61315,61185,61300,61200
2025-10-28 04:05:00,4200,61190,61080,61190,61080,61210,61100,61210,61110,61200,61090,61200,61095
2025-10-28 04:10:00,5100,61100,61020,61080,61070,61130,61050,61110,61100,61115,61035,61095,61085
2025-10-28 04:15:00,5900,61070,60970,61070,61000,61100,60990,61100,61020,61085,60980,61085,61010
2025-10-28 04:20:00,4000,61030,60950,61000,61010,61050,60970,61020,61030,61040,60960,61010,61020
2025-10-28 04:25:00,2200,61030,60990,61010,60990,61040,61010,61030,61010,61035,61000,61020,61000
2025-10-28 04:30:00,7200,61010,60930,60990,60980,61030,60950,61010,61020,61020,60940,61000,61000
2025-10-28 04:35:00,2200,61040,60980,60980,61030,61060,60990,61020,61060,61050,60985,61000,61045
2025-10-28 04:40:00,2800,61060,61000,61030,61010,61080,61030,61060,61030,61070,61015,61045,61020
2025-10-28 04:45:00,4400,61120,61000,61000,61110,61140,61020,61030,61120,61130,61010,61015,61115
2025-10-28 04:50:00,3500,61110,61070,61110,61080,61140,61090,61120,61100,61120,61080,61115,61090
2025-10-28 04:55:00,3800,61110,61000,61080,61070,61130,61030,61100,61080,61120,61015,61090,61075
2025-10-28 05:00:00,3600,61090,61020,61070,61020,61130,61040,61080,61040,61110,61030,61075,61030
2025-10-28 05:05:00,3000,61030,60980,61020,60990,61050,60990,61040,61000,61040,60985,61030,60995
2025-10-28 05:10:00,3000,61050,60990,60990,60990,61070,61000,61010,61020,61060,60995,61000,61005
2025-10-28 05:15:00,5400,61030,60970,60990,61030,61050,60990,61020,61050,61040,60980,61005,61040
2025-10-28 05:20:00,2300,61040,61000,61030,61010,61050,61020,61050,61030,61045,61010,61040,61020
2025-10-28 05:25:00,5300,61010,60940,61010,60940,61030,60950,61030,60960,61020,60945,61020,60950
2025-10-28 05:30:00,2100,61030,60940,60940,61020,61050,60960,60960,61040,61040,60950,60950,61030
2025-10-28 05:35:00,5100,61050,61000,61020,61010,61080,61020,61040,61030,61065,61010,61030,61020
2025-10-28 05:40:00,3900,61010,60970,61010,60970,61030,60980,61030,60980,61020,60975,61020,60975
2025-10-28 05:45:00,2900,61000,60950,60970,60960,61020,60960,60980,60980,61005,60955,60975,60970
2025-10-28 05:50:00,2500,60980,60960,60960,60970,61000,60970,60980,60990,60990,60965,60970,60980
2025-10-28 05:55:00,6100,60980,60930,60970,60940,61000,60940,60990,60960,60990,60935,60980,60950
2025-10-28 06:00:00,4900,60960,60920,60940,60960,60990,60930,60960,60980,60975,60925,60950,60970
2025-10-28 06:05:00,7300,61040,60960,60960,61030,61060,60980,60980,61040,61050,60970,60970,61035
2025-10-28 06:10:00,4500,61030,60950,61030,60970,61040,60970,61040,60990,61035,60965,61035,60980
2025-10-28 06:15:00,7300,61020,60950,60970,60960,61060,60960,61000,60980,61030,60955,60985,60970
2025-10-28 06:20:00,7500,61010,60960,60960,60980,61020,60970,60980,61000,61015,60965,60970,60990
2025-10-28 06:25:00,,61220,60750,60940,60880,61230,60760,60940,60890,61225,60755,60940,60885
2025-10-28 06:30:00,121800,60870,60870,60870,60870,61000,61000,61000,61000,60935,60935,60935,60935
2025-10-29 00:00:00,96700,61220,60600,60680,60800,61280,60670,60680,60860,61250,60655,60680,60830
2025-10-29 00:05:00,22000,61150,60800,60810,60860,61160,60810,60860,60900,61155,60805,60835,60880
2025-10-29 00:10:00,24300,60930,60540,60860,60620,60970,60560,60900,60670,60950,60555,60880,60645
2025-10-29 00:15:00,13100,60860,60570,60620,60820,60890,60630,60670,60860,60875,60605,60645,60840
2025-10-29 00:20:00,11600,60980,60800,60820,60970,61000,60850,60860,60990,60990,60825,60840,60980
2025-10-29 00:25:00,16600,61140,60930,60970,61110,61150,60970,60990,61140,61145,60950,60980,61125
2025-10-29 00:30:00,18200,61290,61030,61110,61240,61300,61060,61140,61280,61295,61050,61125,61260
2025-10-29 00:35:00,11500,61250,61000,61240,61020,61280,61050,61270,61060,61265,61025,61255,61040
2025-10-29 00:40:00,8000,61030,60840,61020,60980,61060,60880,61060,61020,61045,60865,61040,61000
2025-10-29 00:45:00,5000,61020,60880,60980,60950,61050,60910,61030,60980,61030,60895,61005,60965
2025-10-29 00:50:00,18000,61360,60950,60950,61150,61380,60980,60990,61200,61370,60965,60970,61175
2025-10-29 00:55:00,7800,61290,61150,61150,61200,61300,61190,61190,61220,61295,61170,61170,61210
2025-10-29 01:00:00,13100,61360,61110,61200,61330,61380,61130,61220,61360,61370,61120,61210,61345
2025-10-29 01:05:00,9600,61370,61210,61330,61280,61400,61240,61360,61300,61385,61225,61345,61290
2025-10-29 01:10:00,5900,61370,61270,61280,61300,61380,61300,61300,61330,61375,61290,61290,61315
2025-10-29 01:15:00,12300,61460,61270,61300,61360,61500,61300,61330,61380,61475,61285,61315,61370
2025-10-29 01:20:00,5300,61400,61310,61370,61370,61440,61350,61380,61400,61420,61330,61375,61385
2025-10-29 01:25:00,2900,61370,61310,61370,61320,61390,61330,61390,61360,61380,61320,61380,61340
2025-10-29 01:30:00,16800,61670,61310,61320,61550,61680,61330,61360,61590,61675,61320,61340,61570
2025-10-29 01:35:00,6200,61680,61550,61550,61640,61700,61580,61590,61660,61690,61565,61570,61650
2025-10-29 01:40:00,8900,61730,61580,61640,61590,61740,61620,61660,61620,61735,61600,61650,61605
2025-10-29 01:45:00,3700,61610,61520,61590,61570,61630,61550,61620,61590,61620,61535,61605,61580
2025-10-29 01:50:00,5300,61620,61500,61560,61500,61650,61520,61590,61520,61635,61510,61575,61510
2025-10-29 01:55:00,5600,61550,61380,61500,61390,61580,61420,61520,61420,61565,61400,61510,61405
2025-10-29 02:00:00,7400,61570,61380,61390,61510,61590,61400,61420,61540,61580,61390,61405,61525
2025-10-29 02:05:00,3500,61570,61480,61510,61520,61590,61500,61540,61550,61580,61495,61525,61535
2025-10-29 02:10:00,7600,61640,61490,61520,61560,61650,61520,61550,61600,61645,61505,61535,61580
2025-10-29 02:15:00,6600,61680,61550,61560,61580,61700,61590,61600,61600,61685,61570,61580,61590
2025-10-29 02:20:00,7600,61770,61540,61550,61710,61780,61580,61600,61730,61775,61560,61575,61720
2025-10-29 02:25:00,5200,61730,61630,61710,61690,61750,61660,61730,61710,61740,61645,61720,61700
2025-10-29 02:30:00,2800,61690,61690,61690,61690,61720,61720,61720,61720,61705,61705,61705,61705
2025-10-29 03:30:00,35800,61890,61680,61720,61700,61930,61710,61820,61740,61910,61695,61770,61720
2025-10-29 03:35:00,6800,61750,61610,61700,61750,61760,61640,61740,61760,61755,61625,61720,61755
2025-10-29 03:40:00,6500,61750,61580,61750,61610,61760,61590,61760,61630,61755,61585,61755,61620
2025-10-29 03:45:00,4300,61680,61590,61610,61630,61700,61620,61630,61650,61690,61605,61620,61640
2025-10-29 03:50:00,5100,61710,61630,61630,61680,61720,61640,61650,61700,61715,61635,61640,61690
2025-10-29 03:55:00,6400,61730,61640,61680,61700,61740,61660,61710,61730,61735,61650,61695,61715
2025-10-29 04:00:00,9500,61770,61650,61700,61650,61790,61660,61730,61660,61780,61655,61715,61655
2025-10-29 04:05:00,5200,61670,61550,61650,61550,61690,61560,61660,61560,61680,61555,61655,61555
2025-10-29 04:10:00,8100,61590,61470,61550,61540,61610,61500,61560,61560,61595,61490,61555,61550
2025-10-29 04:15:00,4900,61610,61520,61540,61570,61620,61540,61560,61590,61615,61530,61550,61580
2025-10-29 04:20:00,2300,61580,61500,61570,61510,61590,61510,61590,61530,61585,61505,61580,61520
2025-10-29 04:25:00,6200,61600,61510,61510,61570,61620,61520,61530,61590,61610,61515,61520,61580
2025-10-29 04:30:00,5600,61570,61480,61570,61490,61590,61500,61590,61510,61580,61495,61580,61500
2025-10-29 04:35:00,9600,61590,61450,61490,61580,61620,61480,61510,61590,61605,61465,61500,61585
2025-10-29 04:40:00,2700,61640,61580,61580,61600,61650,61590,61590,61620,61645,61585,61585,61610
2025-10-29 04:45:00,6000,61680,61600,61600,61600,61690,61610,61610,61630,61685,61605,61605,61615
2025-10-29 04:50:00,4600,61650,61590,61600,61650,61680,61610,61630,61660,61665,61600,61615,61655
2025-10-29 04:55:00,6600,61700,61620,61650,61700,61730,61640,61660,61720,61715,61630,61655,61710
2025-10-29 05:00:00,2600,61730,61690,61700,61720,61740,61700,61720,61740,61735,61695,61710,61730
2025-10-29 05:05:00,5200,61730,61640,61720,61650,61760,61650,61740,61670,61745,61645,61730,61660
2025-10-29 05:10:00,5200,61760,61640,61650,61750,61770,61660,61670,61770,61765,61650,61660,61760
2025-10-29 05:15:00,9200,61810,61730,61750,61800,61830,61760,61770,61820,61820,61745,61760,61810
2025-10-29 05:20:00,7900,61850,61730,61800,61770,61860,61760,61820,61780,61855,61745,61810,61775
2025-10-29 05:25:00,4600,61820,61770,61770,61790,61840,61780,61780,61820,61830,61775,61775,61805
2025-10-29 05:30:00,6900,61830,61780,61790,61830,61850,61800,61820,61850,61840,61790,61805,61840
2025-10-29 05:35:00,11200,61910,61810,61830,61850,61920,61840,61850,61870,61915,61825,61840,61860
2025-10-29 05:40:00,6600,61860,61760,61830,61770,61890,61780,61870,61790,61870,61770,61850,61780
2025-10-29 05:45:00,7300,61820,61760,61770,61760,61840,61780,61790,61790,61830,61770,61780,61775
2025-10-29 05:50:00,8700,61860,61730,61760,61830,61880,61750,61800,61850,61870,61740,61780,61840
2025-10-29 05:55:00,5700,61860,61810,61830,61840,61870,61840,61850,61860,61865,61825,61840,61850
2025-10-29 06:00:00,22400,62050,61840,61840,61900,62060,61850,61860,61920,62055,61845,61850,61910
2025-10-29 06:05:00,10300,61950,61860,61900,61890,61970,61890,61920,61910,61955,61875,61910,61900
2025-10-29 06:10:00,3900,61950,61870,61890,61880,61960,61890,61910,61900,61955,61885,61900,61890
2025-10-29 06:15:00,9600,61880,61760,61880,61850,61900,61780,61900,61870,61890,61770,61890,61860
2025-10-29 06:20:00,9100,61900,61810,61850,61850,61930,61850,61870,61880,61915,61830,61860,61865
2025-10-29 06:25:00,,62290,61680,61800,62040,62300,61690,61810,62050,62295,61685,61805,62045
2025-10-29 06:30:00,135600,61950,61950,61950,61950,62060,62060,62060,62060,62005,62005,62005,62005
2025-10-30 00:00:00,173100,61230,60620,60990,61020,61280,60690,61000,61060,61255,60655,60995,61040
2025-10-30 00:05:00,101200,62080,61000,61020,61820,62110,61030,61060,61880,62095,61015,61040,61850
2025-10-30 00:10:00,74600,62160,61590,61820,62080,62200,61650,61880,62120,62180,61625,61850,62100
2025-10-30 00:15:00,57400,62670,62010,62070,62550,62700,62060,62120,62580,62685,62040,62095,62565
2025-10-30 00:20:00,59400,63130,62440,62550,62900,63190,62480,62590,62960,63160,62465,62570,62930
2025-10-30 00:25:00,27600,63040,62570,62900,62740,63080,62620,62960,62790,63060,62595,62930,62765
2025-10-30 00:30:00,24800,63060,62670,62740,62880,63090,62720,62790,62920,63075,62695,62765,62900
2025-10-30 00:35:00,20600,63030,62550,62880,62630,63050,62610,62930,62660,63035,62580,62905,62645
2025-10-30 00:40:00,20500,62730,62130,62640,62340,62750,62200,62660,62390,62740,62170,62650,62365
2025-10-30 00:45:00,18500,62360,62000,62340,62080,62400,62050,62390,62130,62380,62025,62365,62105
2025-10-30 00:50:00,11000,62290,62080,62080,62260,62320,62110,62120,62280,62300,62095,62100,62270
2025-10-30 00:55:00,14600,62520,62160,62260,62520,62550,62190,62280,62550,62535,62175,62270,62535
2025-10-30 01:00:00,17900,62830,62420,62520,62680,62860,62470,62550,62730,62845,62445,62535,62705
2025-10-30 01:05:00,16100,62960,62610,62690,62710,62990,62650,62730,62750,62975,62630,62710,62730
2025-10-30 01:10:00,19500,62710,62230,62710,62490,62750,62280,62750,62510,62730,62255,62730,62500
2025-10-30 01:15:00,20500,62520,62040,62490,62130,62550,62080,62510,62150,62535,62060,62500,62140
2025-10-30 01:20:00,18700,62170,61950,62130,62080,62220,61980,62150,62100,62190,61965,62140,62090
2025-10-30 01:25:00,10800,62230,62060,62080,62080,62250,62090,62100,62120,62240,62075,62090,62100
2025-10-30 01:30:00,12400,62190,61940,62080,62120,62230,61980,62120,62160,62210,61960,62100,62140
2025-10-30 01:35:00,6100,62240,62100,62120,62110,62280,62130,62160,62140,62255,62115,62140,62125
2025-10-30 01:40:00,6900,62330,62110,62110,62220,62360,62140,62140,62250,62345,62125,62125,62235
2025-10-30 01:45:00,5000,62280,62120,62220,62130,62310,62160,62250,62160,62295,62140,62235,62145
2025-10-30 01:50:00,16800,62170,61750,62130,61860,62210,61830,62170,61900,62190,61810,62150,61880
2025-10-30 01:55:00,19600,62120,61710,61860,62090,62150,61780,61900,62120,62135,61760,61880,62105
2025-10-30 02:00:00,13100,62100,61690,62090,61780,62130,61730,62130,61820,62110,61715,62110,61800
2025-10-30 02:05:00,11500,61890,61650,61780,61840,61920,61660,61810,61870,61905,61655,61795,61855
2025-10-30 02:10:00,12300,61880,61520,61830,61660,61900,61550,61870,61680,61890,61535,61850,61670
2025-10-30 02:15:00,9200,61780,61600,61660,61650,61820,61650,61680,61690,61800,61625,61670,61670
2025-10-30 02:20:00,11000,61910,61620,61660,61910,61930,61660,61690,61930,61920,61640,61675,61920
2025-10-30 02:25:00,15000,61910,61590,61910,61720,61930,61630,61930,61780,61920,61610,61920,61750
2025-10-30 02:30:00,8200,61720,61720,61720,61720,61780,61780,61780,61780,61750,61750,61750,61750
2025-10-30 03:30:00,50000,61630,61110,61600,61340,61750,61160,61610,61390,61685,61135,61605,61365
2025-10-30 03:35:00,17800,61610,61170,61340,61510,61650,61180,61390,61570,61630,61175,61365,61540
2025-10-30 03:40:00,9100,61530,61400,61510,61400,61570,61430,61570,61430,61540,61415,61540,61415
2025-10-30 03:45:00,7000,61470,61320,61400,61320,61490,61330,61430,61350,61480,61325,61415,61335
2025-10-30 03:50:00,10000,61320,61180,61320,61230,61350,61200,61350,61260,61335,61195,61335,61245
2025-10-30 03:55:00,16400,61290,61160,61230,61240,61350,61200,61260,61280,61315,61180,61245,61260
2025-10-30 04:00:00,16300,61330,61100,61240,61170,61370,61130,61280,61190,61350,61115,61260,61180
2025-10-30 04:05:00,13900,61230,61100,61170,61130,61260,61120,61190,61150,61245,61110,61180,61140
2025-10-30 04:10:00,27400,61130,60800,61130,60900,61150,60830,61150,60930,61140,60815,61140,60915
2025-10-30 04:15:00,11200,61050,60840,60900,61010,61060,60890,60930,61030,61055,60865,60915,61020
2025-10-30 04:20:00,17300,61010,60770,61010,60780,61030,60790,61030,60820,61020,60780,61020,60800
2025-10-30 04:25:00,14400,60860,60730,60780,60790,60900,60770,60820,60820,60880,60750,60800,60805
2025-10-30 04:30:00,15900,60840,60700,60790,60810,60880,60710,60820,60850,60860,60705,60805,60830
2025-10-30 04:35:00,19500,61120,60810,60810,61090,61150,60850,60850,61110,61125,60830,60830,61100
2025-10-30 04:40:00,10400,61120,60770,61090,60790,61150,60810,61110,60820,61130,60790,61100,60805
2025-10-30 04:45:00,7400,60880,60770,60790,60880,60910,60800,60820,60910,60895,60785,60805,60895
2025-10-30 04:50:00,8800,60900,60800,60880,60800,60940,60820,60910,60830,60915,60810,60895,60815
2025-10-30 04:55:00,11000,60830,60730,60800,60800,60860,60760,60830,60830,60840,60745,60815,60815
2025-10-30 05:00:00,12000,60890,60680,60800,60700,60930,60700,60830,60730,60910,60690,60815,60715
2025-10-30 05:05:00,42100,60700,60030,60700,60040,60730,60080,60730,60090,60715,60055,60715,60065
2025-10-30 05:10:00,20700,60100,59950,60040,60020,60150,59960,60090,60040,60125,59955,60065,60030
2025-10-30 05:15:00,10600,60200,59930,60020,60200,60260,59970,60040,60240,60225,59950,60030,60220
2025-10-30 05:20:00,11700,60470,60200,60200,60300,60480,60230,60240,60340,60475,60220,60220,60320
2025-10-30 05:25:00,9300,60340,60240,60300,60310,60380,60270,60340,60340,60355,60260,60320,60325
2025-10-30 05:30:00,9200,60310,60180,60310,60180,60340,60210,60340,60220,60325,60195,60325,60200
2025-10-30 05:35:00,8000,60340,60180,60180,60260,60380,60220,60220,60320,60360,60200,60200,60290
2025-10-30 05:40:00,6700,60300,60200,60260,60210,60340,60220,60320,60250,60320,60210,60290,60230
2025-10-30 05:45:00,13000,60260,60040,60210,60060,60280,60080,60250,60130,60270,60065,60230,60095
2025-10-30 05:50:00,18300,60130,59850,60060,59950,60150,59870,60130,59980,60140,59860,60095,59965
2025-10-30 05:55:00,19800,60360,59950,59950,60160,60420,59970,59980,60220,60390,59960,59965,60190
2025-10-30 06:00:00,15100,60160,60010,60160,60010,60220,60050,60220,60050,60190,60030,60190,60030
2025-10-30 06:05:00,14700,60130,60000,60010,60080,60180,60020,60050,60110,60155,60010,60030,60095
2025-10-30 06:10:00,24300,60120,59920,60080,59940,60160,59940,60110,59970,60140,59930,60095,59955
2025-10-30 06:15:00,34100,60000,59860,59940,59870,60040,59880,59970,59930,60015,59870,59955,59900
2025-10-30 06:20:00,19500,60250,59870,59870,60190,60280,59920,59930,60270,60265,59895,59900,60230
2025-10-30 06:25:00,,60010,57310,58060,60010,60020,57320,58060,60020,60015,57315,58060,60015
2025-10-30 06:30:00,315600,60000,60000,60000,60000,60130,60130,60130,60130,60065,60065,60065,60065
2025-10-31 00:00:00,177500,59500,58240,59300,58290,59740,58280,59310,58330,59550,58260,59305,58310
2025-10-31 00:05:00,43200,58450,58200,58290,58350,58500,58220,58330,58400,58475,58210,58310,58375
2025-10-31 00:10:00,37100,58430,58120,58350,58370,58460,58140,58400,58420,58445,58135,58375,58395
2025-10-31 00:15:00,17100,58530,58330,58370,58400,58550,58360,58410,58440,58535,58345,58390,58420
2025-10-31 00:20:00,17900,58530,58320,58400,58340,58540,58350,58440,58370,58535,58335,58420,58355
2025-10-31 00:25:00,23900,58400,58250,58340,58270,58420,58280,58370,58300,58405,58270,58355,58285
2025-10-31 00:30:00,20900,58290,58140,58270,58160,58310,58170,58300,58190,58300,58155,58285,58175
2025-10-31 00:35:00,14000,58350,58150,58160,58250,58380,58160,58190,58270,58365,58155,58175,58260
2025-10-31 00:40:00,23500,58480,58250,58250,58410,58490,58270,58270,58440,58485,58260,58260,58425
2025-10-31 00:45:00,12200,58470,58400,58410,58440,58490,58420,58440,58470,58480,58410,58425,58455
2025-10-31 00:50:00,21700,58520,58440,58460,58500,58540,58460,58470,58510,58530,58450,58465,58505
2025-10-31 00:55:00,27400,58540,58380,58500,58470,58570,58390,58510,58490,58555,58385,58505,58480
2025-10-31 01:00:00,26600,58490,58250,58470,58260,58510,58260,58490,58290,58495,58255,58480,58275
2025-10-31 01:05:00,19300,58330,58160,58260,58170,58340,58170,58290,58200,58335,58165,58275,58185
2025-10-31 01:10:00,23800,58190,58060,58170,58120,58210,58070,58200,58150,58195,58065,58185,58135
2025-10-31 01:15:00,11100,58150,58060,58120,58130,58170,58070,58150,58150,58160,58065,58135,58140
2025-10-31 01:20:00,10800,58280,58130,58130,58250,58300,58150,58150,58260,58285,58140,58140,58255
2025-10-31 01:25:00,11800,58350,58210,58250,58250,58370,58230,58270,58280,58360,58220,58260,58265
2025-10-31 01:30:00,8300,58320,58230,58250,58260,58340,58250,58280,58270,58330,58240,58265,58265
2025-10-31 01:35:00,18300,58260,58050,58260,58070,58270,58070,58270,58100,58265,58065,58265,58085
2025-10-31 01:40:00,53900,58080,57850,58070,57870,58120,57860,58110,57890,58100,57855,58090,57880
2025-10-31 01:45:00,11100,58040,57820,57870,58040,58060,57830,57890,58060,58050,57825,57880,58050
2025-10-31 01:50:00,9200,58200,58040,58040,58160,58220,58050,58060,58190,58205,58045,58050,58175
2025-10-31 01:55:00,8800,58370,58150,58160,58260,58400,58170,58190,58280,58385,58160,58175,58270
2025-10-31 02:00:00,12500,58260,58030,58260,58070,58280,58070,58280,58090,58270,58050,58270,58080
2025-10-31 02:05:00,20800,58170,57800,58070,57800,58200,57810,58100,57840,58185,57805,58085,57820
2025-10-31 02:10:00,5500,57940,57800,57800,57940,57980,57830,57840,57970,57960,57815,57820,57955
2025-10-31 02:15:00,9200,57970,57820,57940,57840,57990,57830,57970,57870,57980,57825,57955,57855
2025-10-31 02:20:00,6000,57930,57830,57840,57920,57960,57850,57870,57940,57940,57845,57855,57930
2025-10-31 02:25:00,11900,57950,57800,57920,57890,57980,57810,57940,57920,57965,57805,57930,57905
2025-10-31 02:30:00,1400,57870,57870,57870,57870,57920,57920,57920,57920,57895,57895,57895,57895
2025-10-31 03:30:00,71300,57850,57440,57800,57840,57910,57470,57910,57870,57865,57455,57855,57855
2025-10-31 03:35:00,10000,57850,57740,57840,57740,57890,57760,57870,57780,57870,57750,57855,57760
2025-10-31 03:40:00,7400,57840,57740,57740,57820,57870,57770,57780,57840,57850,57755,57760,57830
2025-10-31 03:45:00,10600,58010,57770,57820,58010,58030,57780,57840,58030,58020,57775,57830,58020
2025-10-31 03:50:00,9700,58130,58010,58010,58060,58140,58020,58020,58080,58135,58015,58015,58070
2025-10-31 03:55:00,7900,58070,57910,58060,57910,58090,57940,58080,57940,58080,57925,58070,57925
2025-10-31 04:00:00,11300,57930,57800,57910,57810,57950,57830,57940,57850,57940,57815,57925,57830
2025-10-31 04:05:00,6000,57830,57770,57810,57770,57850,57780,57850,57800,57840,57775,57830,57785
2025-10-31 04:10:00,13400,57840,57720,57770,57730,57870,57740,57800,57750,57855,57730,57785,57740
2025-10-31 04:15:00,10800,57760,57670,57730,57720,57790,57680,57750,57740,57775,57675,57740,57730
2025-10-31 04:20:00,7900,57740,57660,57720,57720,57750,57680,57740,57730,57745,57670,57730,57725
2025-10-31 04:25:00,9000,57740,57630,57720,57710,57770,57680,57730,57730,57755,57655,57725,57720
2025-10-31 04:30:00,6000,57740,57630,57710,57680,57770,57640,57730,57710,57755,57635,57720,57695
2025-10-31 04:35:00,5600,57740,57670,57680,57740,57760,57700,57710,57750,57750,57685,57695,57745
2025-10-31 04:40:00,7400,57820,57710,57740,57710,57850,57730,57750,57730,57835,57720,57745,57720
2025-10-31 04:45:00,13800,57730,57570,57710,57620,57750,57600,57740,57640,57740,57585,57725,57630
2025-10-31 04:50:00,8400,57630,57570,57620,57610,57640,57590,57640,57630,57635,57580,57630,57620
2025-10-31 04:55:00,10200,57670,57560,57610,57600,57700,57580,57630,57610,57685,57570,57620,57605
2025-10-31 05:00:00,11700,57730,57600,57600,57660,57740,57610,57610,57690,57735,57605,57605,57675
2025-10-31 05:05:00,7700,57730,57660,57660,57670,57750,57690,57690,57690,57740,57675,57675,57680
2025-10-31 05:10:00,4500,57700,57650,57670,57650,57720,57660,57700,57670,57710,57655,57685,57660
2025-10-31 05:15:00,10200,57740,57650,57650,57710,57750,57670,57670,57730,57745,57660,57660,57720
2025-10-31 05:20:00,13700,57710,57560,57710,57570,57730,57570,57730,57590,57720,57565,57720,57580
2025-10-31 05:25:00,18200,57580,57500,57570,57500,57610,57510,57590,57510,57595,57505,57580,57505
2025-10-31 05:30:00,10100,57540,57490,57500,57500,57560,57500,57510,57520,57550,57495,57505,57510
2025-10-31 05:35:00,12800,57520,57460,57500,57470,57540,57470,57520,57490,57530,57465,57510,57480
2025-10-31 05:40:00,12500,57470,57420,57470,57460,57490,57440,57490,57480,57480,57435,57480,57470
2025-10-31 05:45:00,8000,57470,57410,57460,57410,57480,57420,57480,57420,57475,57415,57470,57415
2025-10-31 05:50:00,20800,57410,57320,57410,57380,57430,57330,57420,57400,57420,57325,57415,57390
2025-10-31 05:55:00,13800,57520,57350,57380,57470,57540,57360,57400,57480,57530,57355,57390,57475
2025-10-31 06:00:00,25100,57570,57400,57470,57540,57580,57410,57480,57560,57575,57405,57475,57550
2025-10-31 06:05:00,13700,57580,57440,57530,57480,57590,57470,57560,57500,57585,57455,57545,57490
2025-10-31 06:10:00,14600,57600,57450,57480,57570,57620,57480,57500,57590,57610,57465,57490,57580
2025-10-31 06:15:00,24700,57620,57400,57570,57410,57640,57420,57590,57430,57630,57410,57580,57420
2025-10-31 06:20:00,22000,57510,57400,57410,57470,57530,57430,57440,57500,57520,57415,57425,57485
2025-10-31 06:25:00,,58130,57180,57980,57370,58140,57180,57990,57380,58135,57180,57985,57375
2025-10-31 06:30:00,236900,57370,57370,57370,57370,57460,57460,57460,57460,57415,57415,57415,57415
2025-11-04 00:00:00,167000,57050,56110,56120,56710,57150,56120,56120,56750,57100,56115,56120,56730
2025-11-04 00:05:00,40300,56920,56580,56710,56610,56970,56620,56750,56660,56945,56600,56730,56635
2025-11-04 00:10:00,27300,56700,56510,56610,56510,56750,56530,56660,56530,56725,56520,56635,56520
2025-11-04 00:15:00,34800,56580,56370,56510,56540,56620,56380,56530,56560,56600,56375,56520,56550
2025-11-04 00:20:00,15900,56590,56400,56540,56400,56600,56410,56560,56410,56595,56405,56550,56405
2025-11-04 00:25:00,12200,56490,56330,56390,56360,56520,56350,56410,56380,56505,56340,56400,56370
2025-11-04 00:30:00,21300,56360,56130,56360,56200,56380,56170,56380,56240,56370,56150,56370,56220
2025-11-04 00:35:00,12500,56240,56130,56200,56230,56280,56160,56240,56260,56260,56145,56220,56245
2025-11-04 00:40:00,17600,56260,56050,56230,56200,56290,56070,56260,56220,56275,56060,56245,56210
2025-11-04 00:45:00,7000,56280,56200,56200,56260,56300,56210,56220,56290,56290,56205,56210,56275
2025-11-04 00:50:00,13300,56280,56140,56260,56150,56300,56160,56290,56170,56290,56150,56275,56160
2025-11-04 00:55:00,10800,56300,56140,56150,56300,56330,56160,56170,56330,56315,56150,56160,56315
2025-11-04 01:00:00,9100,56310,56220,56310,56250,56330,56240,56330,56280,56320,56230,56320,56265
2025-11-04 01:05:00,16100,56530,56250,56250,56530,56560,56270,56280,56560,56545,56260,56265,56545
2025-11-04 01:10:00,12300,56620,56500,56530,56500,56650,56520,56560,56520,56630,56510,56545,56510
2025-11-04 01:15:00,10100,56820,56500,56500,56810,56830,56520,56520,56830,56825,56510,56510,56820
2025-11-04 01:20:00,8500,56970,56750,56810,56970,56990,56780,56820,56990,56980,56765,56815,56980
2025-11-04 01:25:00,16700,56980,56700,56970,56830,57030,56730,56990,56860,57005,56720,56980,56845
2025-11-04 01:30:00,9000,56840,56710,56830,56750,56870,56740,56860,56790,56855,56725,56845,56770
2025-11-04 01:35:00,12300,56900,56750,56750,56840,56930,56770,56780,56860,56915,56760,56765,56850
2025-11-04 01:40:00,11100,56900,56820,56840,56860,56930,56840,56860,56900,56915,56830,56850,56880
2025-11-04 01:45:00,9500,56960,56860,56860,56930,56980,56880,56900,56950,56970,56875,56880,56940
2025-11-04 01:50:00,7200,56940,56860,56930,56870,56960,56870,56950,56890,56950,56865,56940,56880
2025-11-04 01:55:00,5600,56900,56840,56870,56880,56920,56850,56890,56900,56910,56845,56880,56890
2025-11-04 02:00:00,6600,56910,56800,56880,56810,56930,56830,56900,56830,56920,56815,56890,56820
2025-11-04 02:05:00,9600,56820,56730,56810,56790,56870,56760,56830,56820,56845,56745,56820,56805
2025-11-04 02:10:00,6700,56850,56760,56790,56810,56860,56790,56820,56840,56855,56775,56805,56825
2025-11-04 02:15:00,8900,56810,56670,56810,56690,56840,56690,56840,56720,56825,56680,56825,56705
2025-11-04 02:20:00,4900,56740,56680,56690,56710,56760,56700,56720,56730,56750,56695,56705,56720
2025-11-04 02:25:00,6700,56730,56610,56710,56610,56760,56640,56730,56640,56745,56625,56720,56625
2025-11-04 02:30:00,11300,56590,56590,56590,56590,56640,56640,56640,56640,56615,56615,56615,56615
2025-11-04 03:30:00,41400,56770,56580,56600,56600,56810,56600,56610,56630,56785,56590,56605,56615
2025-11-04 03:35:00,10700,56870,56600,56600,56870,56900,56620,56630,56900,56885,56610,56615,56885
2025-11-04 03:40:00,8200,56870,56650,56870,56650,56900,56660,56900,56660,56885,56655,56885,56655
2025-11-04 03:45:00,5800,56800,56650,56650,56790,56840,56660,56660,56810,56820,56655,56655,56800
2025-11-04 03:50:00,5000,56880,56770,56790,56840,56900,56790,56810,56870,56885,56785,56800,56855
2025-11-04 03:55:00,5800,56880,56720,56840,56720,56900,56750,56870,56750,56890,56735,56855,56735
2025-11-04 04:00:00,5700,56770,56720,56720,56760,56800,56730,56750,56780,56785,56725,56735,56770
2025-11-04 04:05:00,5400,56770,56690,56760,56750,56800,56700,56780,56770,56785,56695,56770,56760
2025-11-04 04:10:00,3100,56800,56730,56750,56760,56830,56760,56770,56780,56815,56745,56760,56770
2025-11-04 04:15:00,5000,56770,56700,56760,56760,56800,56720,56780,56790,56785,56710,56770,56775
2025-11-04 04:20:00,5200,56900,56760,56760,56890,56920,56790,56790,56920,56910,56775,56775,56905
2025-11-04 04:25:00,2700,56880,56790,56880,56800,56920,56820,56920,56820,56900,56805,56900,56810
2025-11-04 04:30:00,5500,56870,56680,56800,56680,56890,56700,56820,56710,56880,56690,56810,56695
2025-11-04 04:35:00,4500,56710,56650,56680,56690,56740,56660,56710,56710,56725,56655,56695,56700
2025-11-04 04:40:00,4300,56710,56610,56690,56630,56730,56620,56720,56650,56720,56615,56705,56640
2025-11-04 04:45:00,2900,56680,56630,56630,56640,56700,56650,56650,56670,56690,56640,56640,56655
2025-11-04 04:50:00,7900,56640,56590,56640,56590,56670,56600,56670,56610,56655,56595,56655,56600
2025-11-04 04:55:00,4000,56650,56590,56590,56620,56680,56610,56610,56640,56665,56600,56600,56630
2025-11-04 05:00:00,4900,56640,56560,56620,56570,56680,56580,56640,56600,56660,56570,56630,56585
2025-11-04 05:05:00,2200,56580,56550,56570,56550,56600,56560,56600,56570,56590,56555,56585,56560
2025-11-04 05:10:00,4200,56550,56510,56550,56530,56570,56520,56570,56550,56560,56515,56560,56540
2025-11-04 05:15:00,3200,56550,56510,56530,56530,56570,56530,56550,56560,56555,56520,56540,56545
2025-11-04 05:20:00,3600,56570,56530,56530,56540,56600,56550,56560,56560,56585,56540,56545,56550
2025-11-04 05:25:00,5200,56560,56510,56540,56540,56590,56530,56560,56570,56570,56520,56550,56555
2025-11-04 05:30:00,6000,56660,56540,56540,56660,56680,56560,56570,56680,56670,56550,56555,56670
2025-11-04 05:35:00,5100,56690,56580,56660,56580,56710,56610,56680,56610,56700,56595,56670,56595
2025-11-04 05:40:00,5400,56620,56530,56580,56600,56650,56560,56610,56630,56635,56545,56595,56615
2025-11-04 05:45:00,5700,56690,56600,56600,56640,56710,56620,56630,56680,56700,56610,56615,56660
2025-11-04 05:50:00,6300,56650,56530,56640,56570,56680,56540,56680,56600,56665,56535,56660,56585
2025-11-04 05:55:00,4400,56630,56560,56590,56620,56650,56580,56600,56640,56640,56570,56595,56630
2025-11-04 06:00:00,6400,56660,56600,56620,56630,56690,56610,56640,56670,56675,56605,56630,56650
2025-11-04 06:05:00,13400,56700,56590,56630,56590,56730,56630,56670,56630,56715,56610,56650,56610
2025-11-04 06:10:00,7200,56600,56530,56590,56580,56630,56540,56630,56610,56610,56535,56610,56595
2025-11-04 06:15:00,6300,56640,56580,56580,56580,56660,56600,56610,56600,56645,56590,56595,56590
2025-11-04 06:20:00,8200,56620,56570,56580,56570,56630,56590,56600,56600,56625,56585,56590,56585
2025-11-04 06:25:00,,56520,56220,56500,56520,56530,56230,56510,56530,56525,56225,56505,56525
2025-11-04 06:30:00,146700,56520,56520,56520,56520,56590,56590,56590,56590,56555,56555,56555,56555
2025-11-05 00:00:00,93700,56410,55800,56120,55800,56450,55820,56130,55820,56430,55810,56125,55810
2025-11-05 00:05:00,18800,56030,55740,55800,55910,56070,55760,55820,55950,56045,55750,55810,55930
2025-11-05 00:10:00,19200,55930,55550,55910,55700,55970,55580,55950,55750,55950,55565,55930,55725
2025-11-05 00:15:00,28200,55710,55420,55700,55430,55750,55440,55750,55450,55730,55430,55725,55440
2025-11-05 00:20:00,16900,55580,55400,55430,55420,55600,55410,55450,55450,55590,55405,55440,55435
2025-11-05 00:25:00,14900,55500,55360,55420,55470,55520,55370,55450,55500,55505,55365,55435,55485
2025-11-05 00:30:00,11200,55700,55450,55470,55650,55710,55470,55510,55670,55705,55460,55490,55660
2025-11-05 00:35:00,10400,55710,55580,55650,55590,55740,55610,55670,55620,55720,55595,55660,55605
2025-11-05 00:40:00,7000,55660,55500,55590,55510,55680,55530,55620,55530,55670,55520,55605,55520
2025-11-05 00:45:00,5000,55730,55510,55510,55650,55750,55530,55530,55670,55740,55520,55520,55660
2025-11-05 00:50:00,6000,55680,55590,55650,55600,55740,55610,55670,55630,55700,55600,55660,55615
2025-11-05 00:55:00,4700,55670,55600,55600,55640,55690,55620,55640,55660,55680,55615,55620,55650
2025-11-05 01:00:00,8300,55690,55510,55640,55530,55700,55530,55660,55550,55695,55520,55650,55540
2025-11-05 01:05:00,3300,55600,55520,55530,55570,55620,55540,55550,55600,55610,55530,55540,55585
2025-11-05 01:10:00,7800,55790,55530,55570,55770,55800,55580,55600,55790,55795,55560,55585,55780
2025-11-05 01:15:00,10200,55790,55600,55770,55640,55810,55630,55790,55670,55800,55615,55780,55655
2025-11-05 01:20:00,14900,55650,55470,55640,55500,55680,55490,55670,55530,55665,55480,55655,55515
2025-11-05 01:25:00,10600,55550,55400,55490,55500,55590,55410,55530,55530,55565,55405,55510,55515
2025-11-05 01:30:00,7000,55560,55410,55500,55520,55570,55420,55540,55540,55565,55415,55520,55530
2025-11-05 01:35:00,9400,55610,55410,55520,55420,55640,55460,55540,55460,55625,55435,55530,55440
2025-11-05 01:40:00,10000,55510,55360,55430,55410,55550,55380,55460,55450,55530,55370,55445,55430
2025-11-05 01:45:00,7600,55580,55360,55410,55400,55600,55380,55450,55440,55590,55370,55430,55420
2025-11-05 01:50:00,9800,55540,55330,55400,55520,55560,55350,55440,55560,55550,55340,55420,55540
2025-11-05 01:55:00,8700,55610,55460,55520,55610,55630,55510,55560,55630,55620,55485,55540,55620
2025-11-05 02:00:00,9600,55640,55490,55610,55550,55670,55520,55630,55590,55650,55505,55620,55570
2025-11-05 02:05:00,6100,55670,55550,55550,55660,55690,55590,55590,55680,55680,55570,55570,55670
2025-11-05 02:10:00,8100,55670,55550,55660,55580,55690,55580,55680,55620,55680,55565,55670,55600
2025-11-05 02:15:00,4500,55590,55510,55580,55540,55620,55530,55620,55560,55605,55520,55600,55550
2025-11-05 02:20:00,5800,55600,55460,55540,55600,55630,55480,55560,55620,55615,55470,55550,55610
2025-11-05 02:25:00,5700,55670,55540,55600,55620,55690,55570,55620,55670,55680,55560,55610,55645
2025-11-05 02:30:00,7800,55620,55620,55620,55620,55680,55680,55680,55680,55650,55650,55650,55650
2025-11-05 03:30:00,41400,56110,55700,55840,55830,56130,55720,55850,55850,56120,55710,55845,55840
2025-11-05 03:35:00,11600,55860,55650,55830,55650,55870,55670,55850,55670,55865,55660,55840,55660
2025-11-05 03:40:00,8700,55840,55600,55650,55810,55850,55630,55680,55840,55845,55615,55665,55825
2025-11-05 03:45:00,9600,55940,55760,55810,55920,55950,55780,55830,55950,55945,55770,55820,55935
2025-11-05 03:50:00,7900,56000,55810,55920,55840,56010,55850,55950,55860,56005,55830,55935,55850
2025-11-05 03:55:00,10800,56040,55830,55840,56020,56050,55860,55860,56050,56045,55845,55850,56035
2025-11-05 04:00:00,5900,56040,55920,56020,55980,56070,55950,56050,56010,56055,55935,56035,55995
2025-11-05 04:05:00,6900,55990,55890,55980,55910,56010,55900,56010,55940,56000,55895,55995,55925
2025-11-05 04:10:00,5200,56090,55900,55910,56040,56100,55910,55940,56050,56095,55905,55925,56045
2025-11-05 04:15:00,4900,56070,55950,56040,55960,56090,55970,56050,55990,56080,55960,56045,55975
2025-11-05 04:20:00,3800,56080,55950,55960,56070,56090,55980,55990,56090,56085,55965,55975,56080
2025-11-05 04:25:00,6100,56120,56040,56070,56110,56140,56070,56090,56130,56130,56055,56080,56120
2025-11-05 04:30:00,7100,56180,56100,56110,56150,56200,56110,56130,56170,56190,56105,56120,56160
2025-11-05 04:35:00,7100,56210,56120,56140,56140,56230,56150,56170,56160,56220,56135,56155,56150
2025-11-05 04:40:00,3100,56220,56140,56140,56210,56240,56160,56160,56240,56230,56150,56150,56225
2025-11-05 04:45:00,3300,56230,56170,56210,56220,56240,56180,56240,56240,56235,56175,56225,56230
2025-11-05 04:50:00,8500,56260,56010,56220,56070,56280,56040,56240,56100,56270,56025,56230,56085
2025-11-05 04:55:00,9000,56100,56000,56070,56040,56130,56030,56100,56060,56110,56015,56085,56050
2025-11-05 05:00:00,5100,56100,56010,56040,56060,56110,56020,56060,56080,56105,56015,56050,56070
2025-11-05 05:05:00,4900,56110,56010,56060,56090,56120,56030,56080,56110,56115,56020,56070,56100
2025-11-05 05:10:00,4700,56150,56090,56090,56150,56160,56110,56110,56160,56155,56100,56100,56155
2025-11-05 05:15:00,4900,56200,56120,56150,56160,56220,56150,56160,56180,56205,56135,56155,56170
2025-11-05 05:20:00,3500,56180,56110,56160,56150,56200,56120,56180,56180,56185,56115,56170,56165
2025-11-05 05:25:00,3500,56150,56080,56150,56090,56180,56100,56180,56120,56165,56090,56165,56105
2025-11-05 05:30:00,4900,56110,56000,56090,56010,56130,56010,56120,56030,56120,56005,56105,56020
2025-11-05 05:35:00,4500,56030,55980,56010,56000,56050,56000,56030,56020,56040,55990,56020,56010
2025-11-05 05:40:00,3300,56090,56000,56000,56080,56110,56020,56020,56100,56100,56010,56010,56090
2025-11-05 05:45:00,6700,56080,55970,56080,55980,56100,55980,56100,56000,56090,55975,56090,55990
2025-11-05 05:50:00,4300,56020,55910,55980,56020,56050,55930,56000,56040,56035,55920,55990,56030
2025-11-05 05:55:00,4600,56080,56000,56020,56050,56090,56030,56040,56080,56085,56015,56030,56065
2025-11-05 06:00:00,7600,56050,55910,56050,55980,56080,55930,56080,56010,56065,55920,56065,55995
2025-11-05 06:05:00,6000,56010,55930,55990,56000,56040,55950,56010,56020,56015,55940,56000,56010
2025-11-05 06:10:00,8900,56090,55990,56000,56030,56100,56010,56020,56040,56095,56000,56010,56035
2025-11-05 06:15:00,9600,56210,56030,56030,56160,56220,56040,56040,56190,56215,56035,56035,56175
2025-11-05 06:20:00,9700,56190,56090,56160,56090,56200,56110,56190,56110,56195,56100,56175,56100
2025-11-05 06:25:00,,57690,55880,55900,56210,57700,55880,55910,56220,57695,55880,55905,56215
2025-11-05 06:30:00,146600,56140,56140,56140,56140,56240,56240,56240,56240,56190,56190,56190,56190
2025-11-06 00:00:00,114000,56320,56000,56150,56130,56410,56030,56150,56190,56360,56015,56150,56160
2025-11-06 00:05:00,30700,56190,55900,56130,56080,56230,55920,56190,56110,56210,55910,56160,56095
2025-11-06 00:10:00,20500,56080,55820,56080,55830,56110,55860,56110,55880,56095,55840,56095,55855
2025-11-06 00:15:00,11000,55910,55780,55830,55810,55930,55800,55880,55830,55920,55790,55855,55820
2025-11-06 00:20:00,6200,55970,55800,55810,55900,56000,55830,55830,55930,55985,55815,55820,55915
2025-11-06 00:25:00,7700,55980,55850,55900,55850,56000,55860,55930,55890,55990,55855,55915,55870
2025-11-06 00:30:00,6600,56060,55850,55850,56010,56080,55870,55890,56030,56070,55860,55870,56020
2025-11-06 00:35:00,11200,56090,55990,56010,56070,56100,56010,56030,56090,56095,56000,56020,56080
2025-11-06 00:40:00,10600,56080,55900,56070,55910,56100,55910,56090,55940,56090,55905,56080,55925
2025-11-06 00:45:00,10800,55950,55820,55910,55830,55970,55830,55940,55870,55960,55825,55925,55850
2025-11-06 00:50:00,11200,55860,55760,55830,55790,55880,55770,55870,55820,55870,55765,55850,55805
2025-11-06 00:55:00,6100,55930,55790,55790,55910,55940,55810,55820,55920,55935,55800,55805,55915
2025-11-06 01:00:00,11900,55910,55710,55910,55800,55930,55730,55920,55820,55920,55720,55915,55810
2025-11-06 01:05:00,6800,55930,55800,55800,55820,55950,55820,55820,55850,55935,55810,55810,55835
2025-11-06 01:10:00,8000,55890,55760,55820,55860,55910,55780,55850,55890,55900,55770,55835,55875
2025-11-06 01:15:00,5900,55950,55850,55860,55850,55980,55870,55890,55870,55965,55860,55875,55860
2025-11-06 01:20:00,4700,55900,55840,55850,55870,55910,55860,55870,55890,55905,55850,55860,55880
2025-11-06 01:25:00,8000,55870,55740,55870,55760,55890,55750,55890,55770,55880,55745,55880,55765
2025-11-06 01:30:00,5700,55820,55730,55760,55810,55850,55740,55770,55840,55835,55735,55765,55825
2025-11-06 01:35:00,4000,55840,55790,55810,55810,55860,55800,55830,55840,55850,55795,55820,55825
2025-11-06 01:40:00,3400,55890,55800,55810,55880,55910,55830,55840,55910,55900,55815,55825,55895
2025-11-06 01:45:00,4400,55900,55830,55880,55890,55920,55850,55910,55920,55910,55845,55895,55905
2025-11-06 01:50:00,2500,55910,55850,55890,55850,55920,55860,55920,55880,55915,55855,55905,55865
2025-11-06 01:55:00,3200,55860,55830,55850,55840,55880,55840,55870,55860,55870,55835,55860,55850
2025-11-06 02:00:00,11300,55840,55750,55840,55760,55860,55760,55860,55780,55850,55755,55850,55770
2025-11-06 02:05:00,5400,55760,55720,55760,55720,55790,55740,55780,55740,55775,55730,55770,55730
2025-11-06 02:10:00,5400,55760,55700,55720,55710,55780,55720,55740,55750,55770,55710,55730,55730
2025-11-06 02:15:00,3500,55800,55710,55710,55790,55820,55730,55740,55810,55810,55720,55725,55800
2025-11-06 02:20:00,2000,55800,55760,55790,55790,55820,55780,55810,55820,55810,55770,55800,55805
2025-11-06 02:25:00,4500,55830,55760,55790,55760,55870,55780,55810,55790,55850,55770,55800,55775
2025-11-06 02:30:00,4300,55750,55750,55750,55750,55790,55790,55790,55790,55770,55770,55770,55770
2025-11-06 03:30:00,28000,55830,55720,55810,55750,55880,55760,55810,55780,55850,55740,55810,55765
2025-11-06 03:35:00,7400,55830,55750,55760,55780,55850,55780,55780,55810,55840,55765,55770,55795
2025-11-06 03:40:00,4700,55830,55770,55780,55800,55850,55800,55810,55820,55840,55785,55795,55810
2025-11-06 03:45:00,14900,55900,55760,55800,55810,55920,55780,55820,55820,55905,55770,55810,55815
2025-11-06 03:50:00,4300,55820,55760,55810,55760,55830,55780,55820,55780,55825,55770,55815,55770
2025-11-06 03:55:00,24800,55790,55660,55760,55690,55800,55690,55780,55710,55795,55675,55770,55700
2025-11-06 04:00:00,6000,55710,55640,55690,55700,55740,55650,55710,55720,55720,55645,55700,55710
2025-11-06 04:05:00,4300,55710,55660,55700,55660,55740,55670,55720,55670,55725,55665,55710,55665
2025-11-06 04:10:00,11100,55660,55570,55660,55600,55670,55590,55670,55620,55665,55585,55665,55610
2025-11-06 04:15:00,4800,55610,55570,55590,55610,55650,55580,55620,55630,55630,55575,55605,55620
2025-11-06 04:20:00,6200,55650,55600,55610,55600,55660,55620,55630,55620,55655,55610,55620,55610
2025-11-06 04:25:00,6600,55620,55570,55600,55600,55630,55580,55620,55620,55625,55575,55610,55610
2025-11-06 04:30:00,3900,55620,55570,55600,55610,55640,55590,55620,55630,55630,55580,55610,55620
2025-11-06 04:35:00,6900,55690,55600,55610,55680,55710,55610,55630,55700,55695,55605,55620,55690
2025-11-06 04:40:00,2600,55680,55620,55680,55620,55700,55640,55700,55650,55690,55635,55690,55635
2025-11-06 04:45:00,2700,55650,55620,55620,55630,55680,55640,55650,55650,55665,55635,55635,55640
2025-11-06 04:50:00,3100,55640,55610,55630,55630,55670,55630,55650,55650,55650,55620,55640,55640
2025-11-06 04:55:00,4500,55660,55600,55630,55650,55670,55610,55650,55670,55665,55605,55640,55660
2025-11-06 05:00:00,4000,55660,55620,55650,55630,55680,55630,55670,55640,55670,55625,55660,55635
2025-11-06 05:05:00,5100,55650,55620,55630,55620,55680,55630,55640,55640,55665,55625,55635,55630
2025-11-06 05:10:00,8300,55650,55590,55620,55610,55660,55600,55640,55630,55655,55595,55630,55620
2025-11-06 05:15:00,4200,55660,55610,55610,55650,55690,55620,55630,55680,55675,55615,55620,55665
2025-11-06 05:20:00,2300,55670,55630,55650,55630,55680,55640,55680,55650,55675,55635,55665,55640
2025-11-06 05:25:00,10000,55630,55570,55630,55590,55650,55580,55650,55610,55640,55575,55640,55600
2025-11-06 05:30:00,3200,55620,55580,55590,55610,55640,55590,55610,55630,55625,55585,55600,55620
2025-11-06 05:35:00,9300,55610,55550,55610,55590,55630,55560,55630,55610,55620,55555,55620,55600
2025-11-06 05:40:00,5400,55670,55580,55590,55660,55680,55590,55610,55680,55675,55585,55600,55670
2025-11-06 05:45:00,5600,55660,55610,55660,55650,55680,55620,55680,55670,55670,55615,55670,55660
2025-11-06 05:50:00,2900,55660,55630,55650,55630,55670,55640,55670,55650,55665,55635,55660,55640
2025-11-06 05:55:00,4800,55660,55620,55630,55660,55680,55630,55650,55670,55665,55625,55640,55665
2025-11-06 06:00:00,14600,55730,55650,55660,55680,55750,55660,55670,55710,55740,55655,55665,55695
2025-11-06 06:05:00,6300,55710,55670,55690,55680,55730,55680,55710,55700,55720,55675,55700,55690
2025-11-06 06:10:00,5700,55710,55680,55680,55690,55730,55700,55710,55710,55720,55690,55695,55700
2025-11-06 06:15:00,7800,55690,55650,55690,55650,55710,55660,55710,55670,55700,55655,55700,55660
2025-11-06 06:20:00,8300,55690,55640,55650,55690,55710,55660,55670,55710,55700,55650,55660,55700
2025-11-06 06:25:00,,55900,55500,55810,55710,55910,55510,55820,55720,55905,55505,55815,55715
2025-11-06 06:30:00,126600,55700,55700,55700,55700,55730,55730,55730,55730,55715,55715,55715,55715
2025-11-07 00:00:00,111200,56460,55930,56220,56400,56480,55970,56220,56440,56470,55950,56220,56420
2025-11-07 00:05:00,25700,56670,56380,56400,56600,56690,56400,56440,56630,56680,56390,56420,56615
2025-11-07 00:10:00,36400,56710,56330,56600,56370,56740,56360,56630,56410,56720,56345,56615,56390
2025-11-07 00:15:00,5300,56490,56340,56370,56450,56510,56400,56420,56480,56500,56375,56395,56465
2025-11-07 00:20:00,8400,56500,56380,56450,56450,56510,56410,56490,56480,56505,56395,56470,56465
2025-11-07 00:25:00,9700,56570,56420,56450,56440,56580,56450,56480,56460,56575,56435,56465,56450
2025-11-07 00:30:00,6800,56440,56290,56440,56290,56460,56300,56460,56320,56450,56295,56450,56305
2025-11-07 00:35:00,10900,56300,55960,56290,55960,56320,55990,56320,55990,56310,55975,56305,55975
2025-11-07 00:40:00,7300,55960,55810,55960,55860,55990,55840,55990,55890,55975,55835,55975,55875
2025-11-07 00:45:00,4700,55880,55820,55860,55860,55910,55840,55890,55880,55895,55830,55875,55870
2025-11-07 00:50:00,10100,55870,55740,55860,55740,55890,55750,55880,55760,55880,55745,55870,55750
2025-11-07 00:55:00,15700,55760,55560,55740,55560,55780,55590,55760,55600,55770,55575,55750,55580
2025-11-07 01:00:00,17900,55580,55440,55560,55450,55610,55450,55600,55470,55590,55445,55580,55460
2025-11-07 01:05:00,13800,55450,55300,55450,55350,55470,55320,55470,55370,55460,55310,55460,55360
2025-11-07 01:10:00,6500,55480,55340,55350,55460,55500,55360,55370,55470,55485,55350,55360,55465
2025-11-07 01:15:00,9400,55460,55280,55460,55300,55480,55300,55470,55320,55470,55290,55465,55310
2025-11-07 01:20:00,5800,55360,55270,55300,55340,55400,55290,55320,55370,55375,55285,55310,55355
2025-11-07 01:25:00,3200,55390,55320,55340,55370,55410,55340,55370,55390,55395,55335,55355,55380
2025-11-07 01:30:00,7200,55380,55280,55370,55280,55390,55290,55390,55310,55385,55285,55380,55295
2025-11-07 01:35:00,5900,55300,55250,55280,55290,55320,55260,55310,55310,55310,55255,55295,55300
2025-11-07 01:40:00,12300,55300,55160,55290,55190,55320,55170,55310,55210,55310,55165,55300,55200
2025-11-07 01:45:00,4800,55250,55170,55190,55200,55270,55190,55210,55230,55260,55180,55200,55215
2025-11-07 01:50:00,6500,55250,55110,55190,55120,55270,55130,55230,55150,55260,55120,55210,55135
2025-11-07 01:55:00,7900,55120,55080,55120,55080,55150,55090,55150,55090,55135,55085,55135,55085
2025-11-07 02:00:00,3500,55100,55050,55080,55080,55110,55070,55090,55110,55105,55060,55085,55095
2025-11-07 02:05:00,4300,55220,55060,55080,55200,55240,55080,55100,55220,55225,55070,55090,55210
2025-11-07 02:10:00,7000,55290,55160,55200,55290,55320,55170,55220,55310,55305,55165,55210,55300
2025-11-07 02:15:00,2400,55290,55210,55290,55210,55310,55230,55310,55240,55300,55220,55300,55225
2025-11-07 02:20:00,2900,55220,55140,55210,55140,55260,55160,55240,55170,55235,55150,55225,55155
2025-11-07 02:25:00,5300,55200,55130,55140,55190,55230,55140,55170,55210,55215,55135,55155,55200
2025-11-07 02:30:00,1600,55190,55190,55190,55190,55210,55210,55210,55210,55200,55200,55200,55200
2025-11-07 03:30:00,72500,55160,54900,55150,54970,55190,54910,55160,54990,55175,54905,55155,54980
2025-11-07 03:35:00,9100,55020,54950,54970,54990,55030,54960,55000,55010,55025,54955,54985,55000
2025-11-07 03:40:00,16400,55020,54890,54990,54920,55050,54900,55010,54930,55035,54895,55000,54925
2025-11-07 03:45:00,6400,54980,54900,54920,54960,55000,54920,54930,54970,54990,54910,54925,54965
2025-11-07 03:50:00,4500,54980,54940,54960,54960,55000,54960,54970,54980,54985,54950,54965,54970
2025-11-07 03:55:00,4500,55020,54950,54960,55000,55050,54970,54980,55020,55035,54960,54970,55010
2025-11-07 04:00:00,6500,55010,54950,55000,55000,55030,54960,55020,55020,55015,54955,55010,55010
2025-11-07 04:05:00,5500,55010,54980,55000,55000,55030,54990,55020,55020,55020,54985,55010,55010
2025-11-07 04:10:00,1900,55020,54980,55000,55010,55030,55000,55020,55020,55025,54995,55010,55015
2025-11-07 04:15:00,4300,55060,55010,55010,55040,55070,55020,55020,55070,55065,55015,55015,55055
2025-11-07 04:20:00,3200,55040,55000,55040,55000,55070,55010,55070,55020,55055,55005,55055,55010
2025-11-07 04:25:00,8400,55010,54950,55000,54960,55030,54970,55020,54980,55020,54960,55010,54970
2025-11-07 04:30:00,4400,55000,54960,54960,54970,55020,54980,54980,54980,55010,54970,54970,54975
2025-11-07 04:35:00,4900,54990,54950,54970,54960,55010,54960,54980,54990,55000,54955,54975,54975
2025-11-07 04:40:00,2900,55000,54960,54960,54980,55020,54990,54990,55010,55010,54975,54975,54995
2025-11-07 04:45:00,4700,55000,54980,54980,54980,55020,54990,55010,55000,55010,54985,54995,54990
2025-11-07 04:50:00,13600,54980,54900,54980,54940,55000,54910,55000,54960,54990,54905,54990,54950
2025-11-07 04:55:00,3100,54960,54930,54940,54960,54980,54940,54960,54980,54970,54935,54950,54970
2025-11-07 05:00:00,4300,54970,54940,54960,54960,54980,54960,54980,54980,54975,54950,54970,54970
2025-11-07 05:05:00,3700,54990,54960,54960,54980,55000,54980,54980,55000,54995,54970,54970,54990
2025-11-07 05:10:00,6300,55000,54970,54980,54980,55020,54990,55000,55000,55010,54980,54990,54990
2025-11-07 05:15:00,3600,55000,54970,54980,54990,55020,54990,55000,55010,55010,54980,54990,55000
2025-11-07 05:20:00,7800,55000,54950,54990,54980,55010,54970,55010,54990,55005,54960,55000,54985
2025-11-07 05:25:00,3100,55000,54970,54980,54980,55010,54980,54990,54990,55005,54975,54985,54985
2025-11-07 05:30:00,7900,55000,54980,54980,54990,55020,54990,54990,55000,55010,54985,54985,54995
2025-11-07 05:35:00,3200,54990,54980,54990,54990,55010,54990,55000,55000,55000,54985,54995,54995
2025-11-07 05:40:00,7200,55010,54980,54990,54990,55030,55000,55000,55010,55020,54990,54995,55000
2025-11-07 05:45:00,4300,55000,54980,54990,55000,55010,54990,55010,55010,55005,54985,55000,55005
2025-11-07 05:50:00,7200,55000,54980,55000,54980,55020,54990,55010,54990,55010,54985,55005,54985
2025-11-07 05:55:00,7800,54980,54950,54980,54970,54990,54960,54990,54980,54985,54955,54985,54975
2025-11-07 06:00:00,7200,55000,54960,54970,54980,55010,54970,54980,55000,55005,54965,54975,54990
2025-11-07 06:05:00,17200,55000,54930,54980,54930,55020,54940,55000,54940,55010,54935,54990,54935
2025-11-07 06:10:00,11500,54980,54910,54930,54960,54990,54920,54940,54990,54985,54915,54935,54975
2025-11-07 06:15:00,10300,54970,54910,54960,54920,54990,54920,54990,54940,54980,54915,54975,54930
2025-11-07 06:20:00,17100,54960,54910,54920,54940,54970,54920,54940,54950,54965,54915,54930,54945
2025-11-07 06:25:00,,55340,54890,55270,55000,55340,54890,55270,55010,55340,54890,55270,55005
2025-11-07 06:30:00,146800,54960,54960,54960,54960,55010,55010,55010,55010,54985,54985,54985,54985
2025-11-10 00:00:00,82500,55380,54980,55270,55070,55440,55010,55280,55090,55405,54995,55275,55080
2025-11-10 00:05:00,20200,55200,54980,55070,55040,55220,55000,55090,55060,55210,54990,55080,55050
2025-11-10 00:10:00,16700,55140,54980,55040,55090,55170,54990,55060,55110,55155,54985,55050,55100
2025-11-10 00:15:00,13000,55220,55020,55090,55220,55250,55040,55110,55240,55235,55030,55100,55230
2025-11-10 00:20:00,10300,55240,55140,55220,55140,55250,55150,55240,55160,55245,55145,55230,55150
2025-11-10 00:25:00,12700,55180,55060,55140,55110,55200,55090,55160,55130,55190,55080,55150,55120
2025-11-10 00:30:00,10900,55110,55010,55110,55060,55130,55030,55130,55090,55120,55020,55120,55075
2025-11-10 00:35:00,8900,55110,55000,55060,55010,55120,55020,55090,55030,55115,55010,55075,55020
2025-11-10 00:40:00,8700,55070,55000,55010,55040,55090,55010,55030,55060,55080,55005,55020,55050
2025-11-10 00:45:00,12500,55060,54980,55040,55060,55080,54990,55060,55070,55070,54985,55050,55065
2025-11-10 00:50:00,11300,55080,55010,55060,55030,55090,55020,55070,55050,55085,55015,55065,55040
2025-11-10 00:55:00,7600,55040,54990,55030,55020,55050,55000,55050,55040,55045,54995,55040,55030
2025-11-10 01:00:00,9900,55030,54990,55020,54990,55050,55000,55040,55010,55040,54995,55030,55000
2025-11-10 01:05:00,8700,55030,54990,54990,55020,55050,55000,55010,55030,55035,54995,55000,55025
2025-11-10 01:10:00,5700,55050,55000,55020,55050,55070,55020,55030,55070,55060,55010,55025,55060
2025-11-10 01:15:00,13600,55090,55050,55050,55090,55110,55060,55070,55110,55100,55055,55060,55100
2025-11-10 01:20:00,8500,55200,55090,55090,55170,55220,55110,55110,55190,55210,55100,55100,55180
2025-11-10 01:25:00,6900,55210,55150,55170,55190,55220,55170,55190,55200,55215,55160,55180,55195
2025-11-10 01:30:00,8100,55240,55170,55190,55210,55250,55200,55200,55240,55245,55185,55195,55225
2025-11-10 01:35:00,3700,55210,55150,55210,55160,55240,55160,55240,55180,55225,55155,55225,55170
2025-11-10 01:40:00,3700,55170,55160,55160,55160,55200,55170,55180,55180,55185,55165,55170,55170
2025-11-10 01:45:00,7600,55220,55160,55160,55200,55230,55170,55180,55220,55225,55165,55170,55210
2025-11-10 01:50:00,9000,55310,55200,55200,55300,55340,55210,55220,55320,55325,55205,55210,55310
2025-11-10 01:55:00,6200,55370,55270,55300,55350,55380,55290,55320,55370,55375,55280,55310,55360
2025-11-10 02:00:00,10400,55410,55320,55350,55340,55430,55330,55370,55360,55420,55325,55360,55350
2025-11-10 02:05:00,3700,55350,55200,55340,55210,55370,55210,55360,55230,55355,55205,55350,55220
2025-11-10 02:10:00,5000,55340,55200,55210,55300,55350,55220,55230,55320,55345,55215,55220,55310
2025-11-10 02:15:00,2200,55310,55270,55300,55270,55340,55280,55330,55280,55325,55275,55315,55275
2025-11-10 02:20:00,7700,55280,55160,55270,55200,55300,55170,55280,55230,55290,55165,55275,55215
2025-11-10 02:25:00,8700,55240,55150,55200,55180,55270,55180,55230,55230,55255,55165,55215,55205
2025-11-10 02:30:00,7500,55180,55180,55180,55180,55240,55240,55240,55240,55210,55210,55210,55210
2025-11-10 03:30:00,45200,55320,55200,55310,55270,55400,55210,55380,55290,55355,55205,55345,55280
2025-11-10 03:35:00,7600,55320,55200,55270,55200,55330,55210,55290,55220,55325,55205,55280,55210
2025-11-10 03:40:00,4600,55220,55170,55200,55210,55230,55180,55220,55220,55225,55175,55210,55215
2025-11-10 03:45:00,6500,55250,55210,55210,55210,55270,55220,55220,55230,55255,55215,55215,55220
2025-11-10 03:50:00,6800,55280,55210,55210,55260,55300,55230,55230,55290,55290,55220,55220,55275
2025-11-10 03:55:00,3400,55270,55200,55260,55200,55290,55220,55290,55230,55280,55210,55275,55215
2025-11-10 04:00:00,5700,55210,55150,55200,55150,55240,55170,55230,55170,55225,55160,55215,55160
2025-11-10 04:05:00,4700,55220,55150,55150,55190,55230,55160,55170,55200,55225,55155,55160,55195
2025-11-10 04:10:00,4300,55220,55180,55190,55180,55230,55190,55200,55210,55225,55185,55195,55195
2025-11-10 04:15:00,3500,55220,55180,55180,55200,55230,55190,55210,55220,55225,55185,55195,55210
2025-11-10 04:20:00,5100,55220,55170,55200,55220,55230,55190,55220,55230,55225,55180,55210,55225
2025-11-10 04:25:00,3300,55260,55220,55220,55260,55280,55230,55230,55270,55270,55225,55225,55265
2025-11-10 04:30:00,2800,55280,55260,55260,55270,55290,55270,55270,55290,55285,55265,55265,55280
2025-11-10 04:35:00,7000,55350,55260,55270,55350,55370,55280,55290,55370,55360,55270,55280,55360
2025-11-10 04:40:00,7800,55370,55310,55350,55340,55380,55330,55370,55360,55375,55320,55360,55350
2025-11-10 04:45:00,3800,55380,55320,55340,55360,55390,55340,55360,55380,55385,55330,55350,55370
2025-11-10 04:50:00,3200,55370,55330,55360,55350,55390,55350,55380,55360,55380,55340,55370,55355
2025-11-10 04:55:00,3200,55350,55300,55350,55310,55360,55320,55360,55330,55355,55310,55355,55320
2025-11-10 05:00:00,4300,55370,55310,55310,55370,55390,55320,55330,55380,55380,55315,55320,55375
2025-11-10 05:05:00,7800,55400,55360,55370,55380,55410,55370,55380,55390,55405,55365,55375,55385
2025-11-10 05:10:00,6000,55430,55380,55380,55420,55450,55390,55390,55430,55440,55385,55385,55425
2025-11-10 05:15:00,4800,55460,55420,55420,55440,55480,55430,55430,55460,55470,55425,55425,55450
2025-11-10 05:20:00,5000,55450,55400,55440,55430,55470,55410,55460,55440,55460,55405,55450,55435
2025-11-10 05:25:00,7200,55470,55430,55430,55460,55480,55440,55440,55480,55475,55435,55435,55470
2025-11-10 05:30:00,5900,55480,55400,55460,55400,55490,55430,55480,55430,55485,55415,55470,55415
2025-11-10 05:35:00,3600,55460,55400,55400,55450,55470,55420,55430,55460,55465,55415,55415,55455
2025-11-10 05:40:00,3700,55480,55450,55450,55450,55490,55460,55460,55460,55485,55455,55455,55455
2025-11-10 05:45:00,7400,55490,55450,55450,55470,55500,55460,55460,55490,55495,55455,55455,55480
2025-11-10 05:50:00,15200,55570,55470,55470,55560,55580,55480,55490,55570,55575,55475,55480,55565
2025-11-10 05:55:00,7900,55560,55450,55560,55460,55580,55470,55570,55480,55570,55460,55565,55470
2025-11-10 06:00:00,6900,55470,55410,55460,55470,55480,55430,55480,55480,55475,55420,55470,55475
2025-11-10 06:05:00,8200,55500,55440,55470,55460,55510,55450,55490,55480,55505,55445,55480,55470
2025-11-10 06:10:00,6000,55490,55430,55460,55430,55510,55440,55480,55440,55500,55435,55470,55435
2025-11-10 06:15:00,9000,55480,55430,55430,55470,55510,55440,55440,55490,55495,55435,55435,55480
2025-11-10 06:20:00,10300,55510,55420,55470,55480,55530,55440,55490,55510,55520,55430,55480,55495
2025-11-10 06:25:00,,55360,54980,55070,55360,55370,54990,55070,55370,55365,54985,55070,55365
2025-11-10 06:30:00,140500,55360,55360,55360,55360,55500,55500,55500,55500,55430,55430,55430,55430
2025-11-11 00:00:00,112900,55370,55030,55030,55100,55400,55030,55030,55120,55385,55030,55030,55110
2025-11-11 00:05:00,16600,55100,55010,55100,55020,55120,55020,55120,55040,55110,55015,55110,55030
2025-11-11 00:10:00,29900,55030,54950,55020,54980,55060,54970,55040,55000,55040,54960,55030,54990
2025-11-11 00:15:00,16100,55010,54900,54980,54900,55040,54910,55000,54930,55025,54905,54990,54915
2025-11-11 00:20:00,14000,55010,54840,54900,55010,55030,54860,54920,55020,55020,54850,54910,55015
2025-11-11 00:25:00,6900,55070,55000,55010,55060,55080,55010,55020,55080,55075,55005,55015,55070
2025-11-11 00:30:00,8100,55080,54980,55060,54980,55090,55000,55080,55010,55085,54995,55070,54995
2025-11-11 00:35:00,9900,55160,54980,54980,55160,55180,55000,55010,55170,55170,54990,54995,55165
2025-11-11 00:40:00,8100,55190,55020,55160,55020,55200,55030,55170,55040,55195,55025,55165,55030
2025-11-11 00:45:00,4400,55040,55000,55020,55010,55050,55010,55040,55030,55045,55005,55030,55020
2025-11-11 00:50:00,18300,55030,54870,55010,54870,55060,54890,55030,54890,55045,54880,55020,54880
2025-11-11 00:55:00,14800,54920,54800,54870,54810,54940,54810,54890,54830,54930,54805,54880,54820
2025-11-11 01:00:00,16500,54820,54760,54810,54790,54840,54770,54830,54800,54830,54765,54820,54795
2025-11-11 01:05:00,8800,54860,54790,54790,54860,54880,54800,54800,54870,54865,54795,54795,54865
2025-11-11 01:10:00,4300,54880,54800,54860,54880,54900,54810,54870,54890,54890,54805,54865,54885
2025-11-11 01:15:00,8400,55010,54880,54880,54980,55030,54890,54890,55000,55015,54885,54885,54990
2025-11-11 01:20:00,3800,54990,54950,54980,54970,55000,54970,55000,54990,54995,54960,54990,54980
2025-11-11 01:25:00,3700,55020,54960,54970,55010,55030,54980,54990,55030,55025,54970,54980,55020
2025-11-11 01:30:00,4600,55040,55000,55010,55030,55050,55010,55030,55040,55045,55005,55020,55035
2025-11-11 01:35:00,3100,55040,55000,55030,55010,55050,55010,55040,55030,55045,55005,55035,55020
2025-11-11 01:40:00,2700,55020,55000,55010,55010,55030,55010,55030,55020,55025,55005,55020,55015
2025-11-11 01:45:00,2700,55010,54970,55010,55010,55020,55000,55020,55020,55015,54985,55015,55015
2025-11-11 01:50:00,2400,55020,54960,55010,54960,55030,54970,55020,54970,55025,54965,55015,54965
2025-11-11 01:55:00,4500,54970,54910,54960,54920,54980,54940,54970,54940,54975,54925,54965,54930
2025-11-11 02:00:00,3800,54940,54910,54920,54930,54950,54920,54940,54940,54945,54915,54930,54935
2025-11-11 02:05:00,3100,54970,54920,54930,54960,54980,54930,54940,54970,54975,54925,54935,54965
2025-11-11 02:10:00,3600,55010,54960,54960,54990,55030,54970,54970,55000,55020,54965,54965,54995
2025-11-11 02:15:00,2100,55000,54960,54990,54990,55010,54980,55000,55010,55005,54970,54995,55000
2025-11-11 02:20:00,1600,55010,54980,54990,54990,55020,55000,55010,55000,55015,54990,55000,54995
2025-11-11 02:25:00,8400,55070,54980,54990,55050,55080,55000,55010,55080,55075,54990,55000,55065
2025-11-11 02:30:00,2000,55010,55010,55010,55010,55080,55080,55080,55080,55045,55045,55045,55045
2025-11-11 03:30:00,38900,55190,55000,55000,55120,55220,55010,55010,55140,55205,55005,55005,55130
2025-11-11 03:35:00,4700,55120,55060,55120,55090,55140,55080,55140,55100,55130,55070,55130,55095
2025-11-11 03:40:00,4700,55090,55020,55090,55020,55100,55040,55100,55040,55095,55030,55095,55030
2025-11-11 03:45:00,2500,55080,55020,55020,55070,55090,55040,55040,55080,55085,55030,55030,55075
2025-11-11 03:50:00,3600,55070,55030,55070,55030,55080,55050,55080,55050,55075,55040,55075,55040
2025-11-11 03:55:00,3700,55080,55030,55030,55060,55100,55040,55050,55080,55085,55035,55040,55070
2025-11-11 04:00:00,1700,55080,55040,55060,55040,55090,55050,55080,55060,55085,55045,55070,55050
2025-11-11 04:05:00,3300,55070,55020,55040,55060,55080,55030,55060,55080,55075,55025,55050,55070
2025-11-11 04:10:00,2200,55080,55030,55060,55060,55090,55040,55080,55080,55085,55035,55070,55070
2025-11-11 04:15:00,4100,55120,55060,55060,55100,55130,55070,55080,55120,55125,55065,55070,55110
2025-11-11 04:20:00,4800,55100,55010,55100,55010,55120,55020,55120,55020,55110,55015,55110,55015
2025-11-11 04:25:00,9700,55080,54960,55010,54990,55090,54980,55020,55000,55085,54970,55015,54995
2025-11-11 04:30:00,2700,55020,54970,54990,55010,55040,54990,55000,55030,55030,54980,54995,55020
2025-11-11 04:35:00,700,55020,55000,55010,55020,55030,55010,55030,55030,55025,55005,55020,55025
2025-11-11 04:40:00,6400,55060,55020,55020,55030,55080,55030,55030,55040,55070,55025,55025,55035
2025-11-11 04:45:00,3300,55070,55020,55030,55060,55080,55030,55040,55070,55075,55025,55035,55065
2025-11-11 04:50:00,4800,55060,55020,55060,55050,55080,55040,55070,55060,55070,55030,55065,55055
2025-11-11 04:55:00,8600,55050,54960,55050,55010,55060,54970,55060,55040,55055,54965,55055,55025
2025-11-11 05:00:00,3300,55030,55000,55010,55010,55050,55010,55040,55030,55040,55005,55025,55020
2025-11-11 05:05:00,5400,55040,54980,55010,55000,55050,54990,55030,55030,55045,54985,55020,55015
2025-11-11 05:10:00,3900,55010,54970,55000,55000,55030,54990,55030,55020,55020,54980,55015,55010
2025-11-11 05:15:00,4200,55010,54980,55000,54990,55020,54990,55020,55000,55015,54985,55010,54995
2025-11-11 05:20:00,9300,55000,54930,54990,54970,55010,54940,55000,55000,55005,54935,54995,54985
2025-11-11 05:25:00,4600,55040,54970,54970,55040,55050,55000,55000,55050,55045,54985,54985,55045
2025-11-11 05:30:00,4600,55060,55020,55040,55040,55080,55030,55050,55050,55070,55025,55045,55045
2025-11-11 05:35:00,3700,55070,55020,55040,55060,55080,55030,55050,55080,55075,55025,55045,55070
2025-11-11 05:40:00,3600,55090,55040,55070,55040,55110,55060,55080,55060,55100,55050,55075,55050
2025-11-11 05:45:00,2400,55060,55040,55040,55040,55080,55050,55060,55060,55070,55045,55050,55050
2025-11-11 05:50:00,2600,55070,55020,55040,55060,55090,55030,55060,55070,55075,55025,55050,55065
2025-11-11 05:55:00,9500,55110,55050,55060,55100,55120,55060,55070,55110,55115,55055,55065,55105
2025-11-11 06:00:00,7000,55100,55020,55100,55070,55110,55030,55110,55090,55105,55025,55105,55080
2025-11-11 06:05:00,8500,55140,55060,55070,55090,55150,55070,55100,55120,55145,55065,55085,55105
2025-11-11 06:10:00,8500,55200,55090,55090,55200,55220,55120,55120,55210,55210,55105,55105,55205
2025-11-11 06:15:00,4700,55210,55180,55200,55200,55220,55190,55210,55220,55215,55185,55205,55210
2025-11-11 06:20:00,7800,55220,55120,55200,55130,55240,55160,55220,55160,55230,55140,55210,55145
2025-11-11 06:25:00,,55250,55000,55100,55150,55260,55010,55110,55160,55255,55005,55105,55155
2025-11-11 06:30:00,89500,55140,55140,55140,55140,55160,55160,55160,55160,55150,55150,55150,55150
2025-11-12 00:00:00,61400,55530,55270,55340,55500,55550,55350,55350,55520,55535,55325,55345,55510
2025-11-12 00:05:00,21300,55780,55430,55500,55770,55800,55450,55520,55800,55790,55440,55510,55785
2025-11-12 00:10:00,18300,55940,55750,55770,55900,55950,55760,55800,55920,55945,55755,55785,55910
2025-11-12 00:15:00,25600,56180,55870,55900,56150,56200,55890,55920,56180,56185,55880,55910,56165
2025-11-12 00:20:00,36300,56580,56150,56150,56500,56600,56160,56170,56530,56585,56155,56160,56515
2025-11-12 00:25:00,10000,56520,56350,56500,56400,56540,56380,56530,56420,56525,56365,56515,56410
2025-11-12 00:30:00,10000,56500,56360,56400,56500,56530,56390,56420,56520,56515,56375,56410,56510
2025-11-12 00:35:00,13300,56500,56420,56500,56450,56530,56440,56520,56470,56510,56435,56510,56460
2025-11-12 00:40:00,8600,56480,56410,56450,56460,56500,56420,56470,56500,56490,56415,56460,56480
2025-11-12 00:45:00,7200,56520,56450,56460,56450,56530,56470,56500,56480,56525,56460,56480,56465
2025-11-12 00:50:00,8500,56460,56380,56450,56450,56490,56390,56480,56460,56475,56385,56465,56455
2025-11-12 00:55:00,6300,56510,56420,56440,56430,56530,56450,56460,56450,56520,56435,56450,56440
2025-11-12 01:00:00,8300,56510,56390,56430,56480,56520,56420,56450,56510,56515,56405,56440,56495
2025-11-12 01:05:00,4000,56500,56420,56480,56430,56520,56430,56510,56450,56510,56425,56495,56440
2025-11-12 01:10:00,4600,56430,56360,56430,56390,56450,56380,56450,56410,56440,56370,56440,56400
2025-11-12 01:15:00,2500,56400,56360,56390,56390,56410,56380,56410,56410,56405,56370,56400,56400
2025-11-12 01:20:00,8200,56390,56200,56390,56230,56410,56220,56400,56250,56400,56210,56395,56240
2025-11-12 01:25:00,3100,56280,56210,56230,56270,56300,56240,56250,56290,56290,56230,56240,56280
2025-11-12 01:30:00,6600,56280,56180,56270,56260,56300,56200,56290,56280,56290,56190,56280,56270
2025-11-12 01:35:00,4900,56260,56150,56260,56170,56280,56180,56280,56190,56270,56165,56270,56180
2025-11-12 01:40:00,4500,56250,56160,56170,56250,56280,56180,56190,56270,56265,56175,56180,56260
2025-11-12 01:45:00,3700,56320,56250,56250,56280,56350,56270,56270,56300,56335,56260,56260,56290
2025-11-12 01:50:00,4400,56390,56260,56280,56380,56420,56290,56300,56400,56405,56280,56290,56390
2025-11-12 01:55:00,4900,56420,56330,56380,56330,56440,56340,56400,56340,56425,56335,56390,56335
2025-11-12 02:00:00,1800,56340,56310,56330,56310,56370,56320,56340,56330,56355,56315,56335,56320
2025-11-12 02:05:00,4500,56370,56300,56310,56350,56380,56320,56330,56370,56375,56310,56320,56360
2025-11-12 02:10:00,3100,56390,56350,56350,56380,56420,56360,56370,56390,56405,56355,56360,56385
2025-11-12 02:15:00,1900,56400,56370,56380,56370,56430,56380,56400,56390,56415,56375,56390,56380
2025-11-12 02:20:00,3900,56380,56340,56370,56360,56400,56360,56390,56380,56390,56350,56380,56370
2025-11-12 02:25:00,4400,56370,56330,56360,56360,56390,56350,56380,56380,56380,56340,56370,56370
2025-11-12 02:30:00,1900,56360,56360,56360,56360,56390,56390,56390,56390,56375,56375,56375,56375
2025-11-12 03:30:00,37200,56300,56100,56300,56110,56390,56120,56310,56140,56340,56110,56305,56125
2025-11-12 03:35:00,5100,56140,56090,56110,56100,56180,56100,56140,56130,56160,56095,56125,56115
2025-11-12 03:40:00,5000,56160,56080,56100,56090,56180,56090,56130,56110,56170,56085,56115,56100
2025-11-12 03:45:00,5100,56110,56040,56090,56040,56120,56060,56110,56060,56115,56050,56100,56050
2025-11-12 03:50:00,4300,56090,56040,56040,56090,56110,56050,56060,56110,56100,56045,56050,56100
2025-11-12 03:55:00,4500,56150,56090,56090,56110,56170,56100,56110,56130,56155,56095,56100,56120
2025-11-12 04:00:00,3700,56120,56060,56110,56060,56130,56070,56130,56090,56125,56065,56120,56075
2025-11-12 04:05:00,9300,56060,55900,56060,55910,56090,55910,56090,55930,56075,55905,56075,55920
2025-11-12 04:10:00,4500,55920,55850,55910,55850,55930,55870,55930,55870,55925,55860,55920,55860
2025-11-12 04:15:00,4600,55860,55750,55850,55750,55880,55760,55870,55760,55870,55755,55860,55755
2025-11-12 04:20:00,4200,55760,55650,55750,55650,55770,55670,55770,55670,55765,55660,55760,55660
2025-11-12 04:25:00,1700,55670,55640,55650,55640,55680,55650,55670,55670,55675,55645,55660,55655
2025-11-12 04:30:00,2900,55670,55600,55640,55670,55690,55620,55670,55690,55680,55610,55655,55680
2025-11-12 04:35:00,1800,55710,55660,55670,55680,55720,55690,55690,55700,55715,55680,55680,55690
2025-11-12 04:40:00,2100,55690,55650,55680,55650,55710,55670,55700,55670,55700,55660,55690,55660
2025-11-12 04:45:00,4600,55740,55630,55650,55720,55770,55660,55670,55740,55755,55645,55660,55730
2025-11-12 04:50:00,2800,55720,55670,55720,55680,55740,55700,55740,55710,55730,55685,55730,55695
2025-11-12 04:55:00,2300,55730,55670,55680,55730,55760,55700,55710,55760,55745,55690,55695,55745
2025-11-12 05:00:00,2900,55770,55730,55730,55760,55790,55750,55760,55780,55780,55745,55745,55770
2025-11-12 05:05:00,3500,55810,55750,55760,55760,55830,55770,55780,55790,55820,55760,55770,55775
2025-11-12 05:10:00,1200,55820,55760,55760,55820,55840,55780,55790,55830,55830,55775,55775,55825
2025-11-12 05:15:00,4100,55920,55820,55820,55920,55940,55830,55830,55940,55930,55825,55825,55930
2025-11-12 05:20:00,7300,55960,55900,55920,55920,55970,55920,55940,55950,55965,55910,55930,55935
2025-11-12 05:25:00,2700,55930,55900,55920,55920,55950,55920,55950,55940,55940,55910,55935,55930
2025-11-12 05:30:00,8800,55920,55820,55920,55830,55940,55850,55940,55850,55930,55835,55930,55840
2025-11-12 05:35:00,2700,55830,55760,55830,55790,55850,55770,55850,55800,55840,55765,55840,55795
2025-11-12 05:40:00,5900,55820,55740,55790,55770,55850,55770,55800,55780,55835,55760,55795,55775
2025-11-12 05:45:00,3700,55770,55700,55770,55730,55780,55720,55780,55750,55775,55710,55775,55740
2025-11-12 05:50:00,3200,55740,55680,55730,55710,55750,55690,55750,55720,55745,55685,55740,55715
2025-11-12 05:55:00,5900,55810,55700,55710,55810,55840,55720,55720,55830,55825,55715,55715,55820
2025-11-12 06:00:00,6500,55870,55810,55810,55820,55890,55830,55830,55850,55880,55820,55820,55835
2025-11-12 06:05:00,6000,55860,55800,55820,55840,55880,55830,55850,55860,55870,55815,55835,55850
2025-11-12 06:10:00,7000,55840,55760,55840,55800,55860,55780,55860,55820,55850,55770,55850,55810
2025-11-12 06:15:00,5400,55800,55760,55800,55770,55820,55780,55820,55780,55810,55770,55810,55775
2025-11-12 06:20:00,10500,55780,55700,55770,55700,55800,55720,55780,55730,55790,55710,55775,55715
2025-11-12 06:25:00,,56530,55630,55630,55930,56540,55640,55640,55940,56535,55635,55635,55935
2025-11-12 06:30:00,132900,55800,55800,55800,55800,55940,55940,55940,55940,55870,55870,55870,55870
2025-11-13 00:00:00,56000,56210,55980,56200,56210,56250,56020,56210,56250,56230,56000,56205,56230
2025-11-13 00:05:00,13000,56400,56200,56210,56270,56420,56230,56250,56300,56410,56215,56230,56285
2025-11-13 00:10:00,9600,56290,56100,56270,56220,56320,56120,56300,56260,56305,56110,56285,56240
2025-11-13 00:15:00,7400,56220,56010,56220,56040,56280,56060,56260,56090,56250,56035,56240,56065
2025-11-13 00:20:00,3800,56170,56040,56040,56060,56200,56080,56090,56090,56185,56060,56065,56075
2025-11-13 00:25:00,6100,56170,56020,56060,56100,56200,56050,56090,56140,56185,56035,56075,56120
2025-11-13 00:30:00,6800,56150,56050,56100,56120,56170,56090,56140,56150,56160,56070,56120,56135
2025-11-13 00:35:00,6400,56140,56050,56120,56060,56160,56090,56160,56090,56145,56075,56140,56075
2025-11-13 00:40:00,3000,56080,56010,56060,56060,56130,56050,56090,56080,56105,56030,56075,56070
2025-11-13 00:45:00,2800,56120,56040,56060,56060,56130,56070,56080,56090,56125,56060,56070,56075
2025-11-13 00:50:00,6700,56070,55820,56060,55920,56090,55850,56090,55950,56080,55840,56075,55935
2025-11-13 00:55:00,2800,55960,55900,55920,55910,55990,55930,55950,55950,55975,55915,55935,55930
2025-11-13 01:00:00,2100,56020,55910,55910,56010,56030,55940,55950,56020,56025,55925,55930,56015
2025-11-13 01:05:00,3100,56110,55980,56010,56100,56120,56010,56020,56120,56115,55995,56015,56110
2025-11-13 01:10:00,3300,56100,56010,56100,56040,56120,56030,56120,56060,56110,56025,56110,56050
2025-11-13 01:15:00,2000,56040,55980,56040,55980,56060,56000,56060,56000,56050,55990,56050,55990
2025-11-13 01:20:00,2300,56060,55950,55980,56050,56080,55970,56000,56070,56065,55960,55990,56060
2025-11-13 01:25:00,2400,56070,56000,56050,56000,56100,56020,56070,56020,56085,56010,56060,56010
2025-11-13 01:30:00,1800,56030,55970,56000,56030,56050,56000,56020,56050,56040,55985,56010,56040
2025-11-13 01:35:00,1700,56040,56000,56030,56010,56060,56030,56060,56050,56050,56015,56045,56030
2025-11-13 01:40:00,3600,56110,56000,56010,56000,56140,56030,56050,56030,56125,56015,56030,56015
2025-11-13 01:45:00,2100,56010,55960,56000,55970,56040,55970,56030,55980,56025,55965,56015,55975
2025-11-13 01:50:00,1200,55970,55930,55970,55950,55980,55960,55980,55970,55975,55945,55975,55960
2025-11-13 01:55:00,1500,56010,55940,55950,55960,56030,55970,55970,56000,56020,55955,55960,55980
2025-11-13 02:00:00,1300,55990,55930,55960,55940,56000,55970,56000,55980,55995,55950,55980,55960
2025-11-13 02:05:00,1400,55940,55900,55940,55920,55980,55920,55980,55940,55960,55910,55960,55930
2025-11-13 02:10:00,1200,55960,55920,55920,55960,56000,55940,55940,55990,55980,55930,55930,55975
2025-11-13 02:15:00,1300,56010,55960,55960,55990,56020,55990,55990,56010,56015,55975,55975,56000
2025-11-13 02:20:00,2200,56040,55990,55990,56010,56070,56000,56010,56040,56045,55995,56000,56025
2025-11-13 02:25:00,1000,56020,55980,56010,55980,56040,56010,56040,56010,56030,55995,56025,55995
2025-11-13 02:30:00,1100,55980,55980,55980,55980,56030,56030,56030,56030,56005,56005,56005,56005
2025-11-13 03:30:00,24300,55960,55800,55940,55810,56040,55820,56010,55820,55990,55810,55975,55815
2025-11-13 03:35:00,4400,55900,55800,55810,55880,55910,55810,55820,55900,55905,55805,55815,55890
2025-11-13 03:40:00,4500,55940,55880,55880,55910,55950,55900,55910,55940,55945,55890,55895,55925
2025-11-13 03:45:00,3800,55960,55880,55910,55960,55970,55920,55940,55970,55965,55900,55925,55965
2025-11-13 03:50:00,4400,56010,55950,55960,56000,56020,55970,55970,56020,56015,55960,55965,56010
2025-11-13 03:55:00,1600,56020,56000,56000,56000,56040,56010,56020,56020,56030,56005,56010,56010
2025-11-13 04:00:00,3800,56010,55960,56000,55970,56020,55990,56020,56000,56015,55975,56010,55985
2025-11-13 04:05:00,2700,55990,55960,55970,55980,56000,55980,56000,55990,55995,55970,55985,55985
2025-11-13 04:10:00,2600,55980,55950,55980,55970,55990,55970,55990,55980,55985,55960,55985,55975
2025-11-13 04:15:00,2700,56000,55950,55970,56000,56020,55960,55980,56020,56010,55955,55975,56010
2025-11-13 04:20:00,3500,56060,56000,56000,56060,56080,56010,56020,56080,56070,56005,56010,56070
2025-11-13 04:25:00,3900,56100,56040,56060,56050,56110,56060,56080,56070,56105,56050,56070,56060
2025-11-13 04:30:00,4300,56120,56030,56050,56100,56140,56040,56070,56110,56130,56035,56060,56105
2025-11-13 04:35:00,2900,56110,56060,56100,56080,56130,56080,56110,56110,56115,56070,56105,56095
2025-11-13 04:40:00,2700,56130,56080,56080,56110,56140,56110,56110,56140,56135,56095,56095,56125
2025-11-13 04:45:00,1600,56150,56110,56110,56150,56170,56140,56140,56160,56160,56125,56125,56155
2025-11-13 04:50:00,2700,56150,56100,56150,56110,56160,56120,56160,56120,56155,56115,56155,56115
2025-11-13 04:55:00,5700,56120,56080,56110,56090,56130,56090,56120,56100,56125,56085,56115,56095
2025-11-13 05:00:00,6100,56130,56000,56090,56070,56140,56020,56100,56090,56135,56010,56095,56080
2025-11-13 05:05:00,2500,56080,56030,56070,56040,56100,56060,56090,56060,56090,56045,56080,56050
2025-11-13 05:10:00,4100,56070,56000,56050,56010,56080,56020,56060,56030,56075,56010,56055,56020
2025-11-13 05:15:00,5700,56010,55950,56010,55950,56030,55960,56030,55970,56020,55955,56020,55960
2025-11-13 05:20:00,3400,55970,55940,55950,55960,55980,55950,55970,55970,55975,55945,55960,55965
2025-11-13 05:25:00,4200,55970,55900,55960,55910,55990,55920,55970,55930,55980,55910,55965,55920
2025-11-13 05:30:00,3500,55950,55900,55920,55910,55970,55930,55930,55930,55960,55915,55925,55920
2025-11-13 05:35:00,3000,55930,55900,55910,55920,55940,55910,55930,55930,55935,55905,55920,55925
2025-11-13 05:40:00,4900,55930,55880,55920,55890,55940,55890,55930,55910,55935,55885,55925,55900
2025-11-13 05:45:00,5500,55950,55890,55890,55900,55970,55910,55910,55920,55960,55900,55900,55910
2025-11-13 05:50:00,5200,55920,55890,55900,55900,55930,55900,55920,55910,55925,55895,55910,55905
2025-11-13 05:55:00,5100,55920,55880,55900,55880,55930,55890,55910,55890,55925,55885,55905,55885
2025-11-13 06:00:00,7800,55880,55840,55880,55840,55890,55860,55890,55860,55885,55850,55885,55850
2025-11-13 06:05:00,6600,55950,55850,55850,55940,55970,55860,55860,55970,55960,55855,55855,55955
2025-11-13 06:10:00,7600,55960,55820,55940,55830,55970,55830,55970,55850,55965,55825,55955,55840
2025-11-13 06:15:00,8500,55880,55800,55830,55810,55890,55820,55850,55840,55885,55810,55840,55825
2025-11-13 06:20:00,12600,55830,55780,55820,55780,55850,55800,55840,55810,55840,55790,55830,55795
2025-11-13 06:25:00,,56290,55680,55850,55780,56300,55690,55850,55790,56295,55685,55850,55785
2025-11-13 06:30:00,91900,55780,55780,55780,55780,55830,55830,55830,55830,55805,55805,55805,55805
2025-11-14 00:00:00,127600,55140,54770,55020,54850,55200,54790,55020,54880,55150,54780,55020,54865
2025-11-14 00:05:00,15800,55290,54850,54850,55160,55370,54880,54880,55200,55330,54865,54865,55180
2025-11-14 00:10:00,11000,55480,55150,55160,55460,55500,55180,55190,55490,55490,55165,55175,55475
2025-11-14 00:15:00,11100,55510,55270,55450,55270,55520,55300,55490,55300,55515,55285,55470,55285
2025-11-14 00:20:00,4800,55450,55270,55270,55450,55470,55300,55300,55470,55460,55285,55285,55460
2025-11-14 00:25:00,8800,55620,55430,55450,55560,55640,55450,55470,55590,55630,55440,55460,55575
2025-11-14 00:30:00,5600,55610,55520,55560,55570,55640,55550,55590,55610,55615,55535,55575,55590
2025-11-14 00:35:00,4600,55610,55510,55570,55530,55630,55520,55610,55570,55620,55515,55590,55550
2025-11-14 00:40:00,3800,55610,55520,55530,55600,55640,55560,55570,55620,55620,55540,55550,55610
2025-11-14 00:45:00,4200,55620,55450,55600,55450,55660,55460,55620,55480,55640,55455,55610,55465
2025-11-14 00:50:00,3900,55480,55350,55450,55350,55520,55370,55480,55380,55490,55360,55465,55365
2025-11-14 00:55:00,4200,55500,55350,55350,55470,55530,55360,55360,55510,55515,55355,55355,55490
2025-11-14 01:00:00,2700,55560,55470,55470,55500,55600,55490,55510,55520,55580,55480,55490,55510
2025-11-14 01:05:00,3800,55640,55500,55500,55610,55660,55530,55530,55640,55650,55515,55515,55625
2025-11-14 01:10:00,4200,55670,55600,55610,55610,55690,55630,55640,55630,55680,55615,55625,55620
2025-11-14 01:15:00,2400,55650,55550,55610,55640,55680,55570,55630,55670,55665,55560,55620,55655
2025-11-14 01:20:00,1600,55660,55560,55640,55590,55680,55610,55670,55610,55670,55585,55655,55600
2025-11-14 01:25:00,2800,55610,55500,55590,55520,55630,55510,55610,55540,55620,55505,55600,55530
2025-11-14 01:30:00,2000,55590,55500,55520,55510,55600,55530,55540,55550,55595,55520,55530,55530
2025-11-14 01:35:00,2500,55590,55510,55520,55550,55620,55520,55550,55560,55600,55515,55535,55555
2025-11-14 01:40:00,1800,55560,55530,55550,55550,55580,55540,55560,55580,55570,55535,55555,55565
2025-11-14 01:45:00,3400,55550,55500,55540,55510,55580,55510,55580,55530,55565,55505,55560,55520
2025-11-14 01:50:00,1300,55560,55510,55510,55560,55580,55530,55530,55570,55570,55520,55520,55565
2025-11-14 01:55:00,3300,55590,55540,55560,55560,55610,55560,55570,55600,55600,55550,55565,55580
2025-11-14 02:00:00,1800,55580,55510,55560,55540,55620,55560,55600,55560,55595,55535,55580,55550
2025-11-14 02:05:00,1800,55540,55500,55540,55520,55580,55530,55560,55550,55560,55515,55550,55535
2025-11-14 02:10:00,2100,55540,55450,55520,55470,55570,55470,55540,55490,55555,55460,55530,55480
2025-11-14 02:15:00,1300,55490,55450,55470,55470,55520,55460,55490,55500,55505,55455,55480,55485
2025-11-14 02:20:00,1100,55470,55440,55470,55470,55500,55460,55500,55490,55485,55450,55485,55480
2025-11-14 02:25:00,2200,55470,55400,55470,55420,55490,55420,55490,55470,55480,55415,55480,55445
2025-11-14 02:30:00,700,55420,55420,55420,55420,55500,55500,55500,55500,55460,55460,55460,55460
2025-11-14 03:30:00,32600,55540,55320,55540,55340,55560,55350,55540,55360,55545,55335,55540,55350
2025-11-14 03:35:00,6500,55400,55200,55340,55210,55430,55220,55360,55230,55415,55210,55350,55220
2025-11-14 03:40:00,5600,55260,55160,55210,55220,55290,55180,55230,55250,55270,55175,55220,55235
2025-11-14 03:45:00,3100,55320,55220,55220,55280,55330,55250,55250,55310,55325,55235,55235,55295
2025-11-14 03:50:00,3800,55350,55280,55280,55300,55370,55300,55310,55330,55360,55290,55295,55315
2025-11-14 03:55:00,1900,55330,55300,55300,55310,55350,55320,55330,55340,55340,55315,55315,55325
2025-11-14 04:00:00,2600,55360,55310,55310,55340,55370,55330,55340,55360,55365,55320,55325,55350
2025-11-14 04:05:00,3400,55340,55260,55340,55310,55360,55280,55360,55330,55350,55270,55350,55320
2025-11-14 04:10:00,2600,55320,55300,55310,55300,55350,55320,55330,55330,55335,55310,55320,55315
2025-11-14 04:15:00,2500,55310,55250,55300,55270,55340,55280,55330,55290,55325,55265,55315,55280
2025-11-14 04:20:00,1500,55300,55260,55260,55280,55330,55270,55290,55300,55315,55265,55275,55290
2025-11-14 04:25:00,3700,55340,55270,55280,55280,55370,55290,55300,55310,55355,55280,55290,55295
2025-11-14 04:30:00,4600,55300,55240,55280,55290,55340,55260,55300,55320,55320,55250,55290,55305
2025-11-14 04:35:00,1300,55330,55280,55290,55320,55340,55300,55320,55330,55335,55295,55305,55325
2025-11-14 04:40:00,2200,55360,55290,55320,55340,55370,55300,55330,55350,55365,55295,55325,55345
2025-11-14 04:45:00,1000,55340,55290,55340,55290,55360,55310,55350,55320,55350,55300,55345,55305
2025-11-14 04:50:00,2700,55310,55280,55290,55290,55330,55300,55320,55310,55320,55290,55305,55300
2025-11-14 04:55:00,2600,55360,55290,55300,55300,55370,55310,55310,55330,55365,55300,55305,55315
2025-11-14 05:00:00,4000,55310,55240,55300,55290,55340,55270,55330,55320,55320,55255,55315,55305
2025-11-14 05:05:00,1600,55310,55290,55290,55300,55330,55310,55310,55320,55320,55300,55300,55310
2025-11-14 05:10:00,3100,55310,55260,55300,55280,55320,55280,55320,55300,55315,55270,55310,55290
2025-11-14 05:15:00,3000,55330,55270,55280,55330,55350,55290,55300,55350,55340,55280,55290,55340
2025-11-14 05:20:00,3000,55390,55330,55330,55390,55410,55350,55350,55410,55400,55340,55340,55400
2025-11-14 05:25:00,4900,55420,55350,55390,55390,55430,55380,55410,55410,55425,55365,55400,55400
2025-11-14 05:30:00,2400,55410,55330,55390,55390,55430,55350,55410,55410,55420,55340,55400,55400
2025-11-14 05:35:00,1400,55390,55350,55390,55390,55410,55380,55410,55400,55400,55365,55400,55395
2025-11-14 05:40:00,1400,55400,55360,55390,55400,55410,55380,55400,55410,55405,55370,55395,55405
2025-11-14 05:45:00,4000,55430,55400,55400,55410,55450,55410,55410,55420,55440,55405,55405,55415
2025-11-14 05:50:00,1900,55410,55370,55410,55390,55420,55390,55420,55400,55415,55380,55415,55395
2025-11-14 05:55:00,2500,55390,55370,55390,55370,55410,55380,55400,55390,55400,55375,55395,55380
2025-11-14 06:00:00,4400,55390,55350,55370,55370,55420,55360,55390,55390,55405,55355,55380,55380
2025-11-14 06:05:00,4400,55410,55360,55370,55370,55420,55380,55390,55390,55415,55370,55380,55380
2025-11-14 06:10:00,6200,55370,55310,55370,55360,55400,55330,55390,55380,55380,55320,55380,55370
2025-11-14 06:15:00,4200,55380,55320,55360,55320,55400,55330,55380,55350,55390,55325,55370,55335
2025-11-14 06:20:00,8000,55350,55300,55320,55320,55390,55330,55350,55340,55365,55315,55335,55330
2025-11-14 06:25:00,,56970,55590,55600,55640,56980,55600,55610,55650,56975,55595,55605,55645
2025-11-14 06:30:00,126300,55360,55360,55360,55360,55650,55650,55650,55650,55505,55505,55505,55505
2025-11-17 00:00:00,90500,55340,54970,54970,55310,55400,54980,54980,55340,55360,54975,54975,55325
2025-11-17 00:05:00,18500,55500,55210,55310,55220,55520,55240,55340,55250,55505,55225,55325,55235
2025-11-17 00:10:00,9700,55280,55210,55220,55270,55300,55230,55250,55300,55290,55220,55235,55285
2025-11-17 00:15:00,12300,55280,55100,55270,55200,55300,55110,55300,55220,55290,55105,55285,55210
2025-11-17 00:20:00,13500,55220,55110,55200,55200,55250,55140,55220,55230,55235,55125,55210,55215
2025-11-17 00:25:00,5800,55270,55200,55200,55270,55300,55220,55230,55300,55285,55210,55215,55285
2025-11-17 00:30:00,12100,55440,55260,55270,55320,55470,55300,55300,55360,55450,55280,55285,55340
2025-11-17 00:35:00,5800,55390,55300,55320,55360,55400,55320,55360,55390,55395,55310,55340,55375
2025-11-17 00:40:00,6000,55440,55350,55360,55360,55450,55370,55390,55380,55445,55360,55375,55370
2025-11-17 00:45:00,2900,55430,55350,55360,55430,55450,55370,55380,55450,55440,55365,55370,55440
2025-11-17 00:50:00,6800,55440,55320,55430,55330,55470,55340,55450,55360,55455,55335,55440,55345
2025-11-17 00:55:00,7300,55350,55230,55330,55230,55370,55250,55360,55250,55360,55240,55345,55240
2025-11-17 01:00:00,4200,55230,55170,55230,55200,55250,55180,55250,55230,55240,55175,55240,55215
2025-11-17 01:05:00,6400,55270,55200,55200,55250,55300,55210,55230,55270,55285,55205,55215,55260
2025-11-17 01:10:00,6000,55350,55250,55250,55330,55380,55270,55270,55350,55360,55260,55260,55340
2025-11-17 01:15:00,11900,55480,55290,55330,55310,55500,55310,55350,55320,55490,55300,55340,55315
2025-11-17 01:20:00,4800,55350,55280,55310,55290,55380,55300,55320,55320,55360,55295,55315,55305
2025-11-17 01:25:00,1100,55310,55270,55280,55310,55350,55300,55320,55320,55330,55285,55300,55315
2025-11-17 01:30:00,3000,55310,55260,55310,55280,55340,55270,55320,55300,55325,55265,55315,55290
2025-11-17 01:35:00,2900,55290,55260,55290,55290,55310,55280,55300,55310,55300,55270,55295,55300
2025-11-17 01:40:00,3400,55290,55230,55290,55240,55310,55240,55310,55250,55300,55235,55300,55245
2025-11-17 01:45:00,5500,55240,55180,55240,55200,55270,55190,55250,55220,55255,55185,55245,55210
2025-11-17 01:50:00,3700,55280,55190,55200,55280,55300,55200,55220,55300,55290,55195,55210,55290
2025-11-17 01:55:00,4100,55280,55230,55280,55250,55300,55260,55300,55280,55290,55245,55290,55265
2025-11-17 02:00:00,3000,55250,55220,55250,55230,55280,55230,55280,55240,55265,55225,55265,55235
2025-11-17 02:05:00,6700,55320,55230,55230,55260,55340,55240,55240,55280,55330,55235,55235,55270
2025-11-17 02:10:00,1800,55330,55260,55260,55310,55350,55280,55280,55330,55340,55270,55270,55320
2025-11-17 02:15:00,2200,55310,55250,55310,55270,55320,55280,55320,55280,55315,55265,55315,55275
2025-11-17 02:20:00,2500,55270,55210,55270,55220,55280,55220,55280,55250,55275,55215,55275,55235
2025-11-17 02:25:00,8600,55230,55170,55220,55180,55250,55190,55250,55200,55235,55180,55235,55190
2025-11-17 02:30:00,500,55180,55180,55180,55180,55200,55200,55200,55200,55190,55190,55190,55190
2025-11-17 03:30:00,20000,55240,55160,55190,55160,55270,55170,55200,55170,55255,55165,55195,55165
2025-11-17 03:35:00,4900,55200,55150,55160,55170,55210,55170,55170,55180,55205,55160,55165,55175
2025-11-17 03:40:00,3400,55190,55150,55170,55160,55200,55170,55190,55180,55195,55160,55180,55170
2025-11-17 03:45:00,14500,55160,55080,55160,55120,55180,55100,55180,55130,55170,55090,55170,55125
2025-11-17 03:50:00,5500,55180,55120,55120,55130,55190,55130,55130,55160,55185,55125,55125,55145
2025-11-17 03:55:00,3700,55140,55060,55130,55070,55160,55090,55160,55090,55145,55075,55145,55080
2025-11-17 04:00:00,7200,55130,55040,55070,55130,55140,55050,55090,55140,55135,55045,55080,55135
2025-11-17 04:05:00,3000,55170,55130,55130,55160,55180,55140,55140,55170,55175,55135,55135,55165
2025-11-17 04:10:00,1300,55160,55150,55160,55150,55170,55160,55170,55160,55165,55155,55165,55155
2025-11-17 04:15:00,3300,55180,55150,55150,55160,55190,55160,55160,55170,55185,55155,55155,55165
2025-11-17 04:20:00,2300,55180,55150,55160,55150,55190,55160,55170,55160,55185,55155,55165,55155
2025-11-17 04:25:00,2500,55160,55120,55150,55130,55170,55130,55170,55140,55165,55125,55160,55135
2025-11-17 04:30:00,1600,55140,55120,55130,55120,55150,55130,55140,55140,55145,55125,55135,55130
2025-11-17 04:35:00,21100,55140,54980,55120,55070,55150,55000,55140,55090,55145,54990,55130,55080
2025-11-17 04:40:00,2600,55110,55070,55070,55100,55130,55080,55090,55110,55120,55075,55080,55105
2025-11-17 04:45:00,4400,55100,55020,55100,55020,55110,55030,55110,55040,55105,55025,55105,55030
2025-11-17 04:50:00,2000,55030,55020,55020,55020,55040,55030,55040,55040,55035,55025,55030,55030
2025-11-17 04:55:00,13400,55030,54900,55020,54900,55040,54920,55040,54920,55035,54910,55030,54910
2025-11-17 05:00:00,5400,54930,54900,54900,54930,54940,54910,54920,54940,54935,54905,54910,54935
2025-11-17 05:05:00,2700,54970,54930,54930,54970,55000,54940,54940,54980,54985,54935,54935,54975
2025-11-17 05:10:00,6400,55020,54920,54970,55020,55040,54940,54980,55040,55030,54930,54975,55030
2025-11-17 05:15:00,3300,55030,55000,55020,55010,55050,55010,55040,55030,55040,55005,55030,55020
2025-11-17 05:20:00,2300,55030,55000,55010,55020,55050,55010,55030,55040,55040,55005,55020,55030
2025-11-17 05:25:00,5000,55020,54970,55020,54990,55040,54980,55040,55010,55030,54975,55030,55000
2025-11-17 05:30:00,3800,55020,54980,54990,55020,55040,55000,55010,55040,55030,54990,55000,55030
2025-11-17 05:35:00,4100,55050,55000,55020,55050,55070,55010,55040,55070,55060,55005,55030,55060
2025-11-17 05:40:00,5300,55060,54980,55050,54980,55070,55000,55070,55000,55065,54990,55060,54990
2025-11-17 05:45:00,2700,55010,54970,54980,55000,55040,54980,55000,55010,55025,54975,54990,55005
2025-11-17 05:50:00,4200,55000,54980,55000,55000,55020,54990,55010,55010,55010,54985,55005,55005
2025-11-17 05:55:00,6100,55030,54990,55000,55000,55050,55000,55010,55020,55040,54995,55005,55010
2025-11-17 06:00:00,6500,55010,54970,55000,54970,55020,54980,55020,54980,55015,54975,55010,54975
2025-11-17 06:05:00,8000,55010,54960,54970,54960,55040,54970,54980,54970,55025,54965,54975,54965
2025-11-17 06:10:00,5900,55000,54960,54960,54990,55020,54970,54970,55000,55010,54965,54965,54995
2025-11-17 06:15:00,4500,55040,54990,54990,55000,55050,55000,55000,55010,55045,54995,54995,55005
2025-11-17 06:20:00,7000,55030,54990,55000,55020,55050,55010,55010,55030,55040,55000,55005,55025
2025-11-17 06:25:00,,54990,54500,54800,54910,55000,54510,54810,54920,54995,54505,54805,54915
2025-11-17 06:30:00,166100,54910,54910,54910,54910,54960,54960,54960,54960,54935,54935,54935,54935
2025-11-18 00:00:00,166300,54220,53760,54090,53950,54290,53780,54100,53980,54255,53775,54095,53965
2025-11-18 00:05:00,20500,54020,53900,53950,53900,54050,53920,53980,53930,54035,53910,53965,53915
2025-11-18 00:10:00,44100,53900,53570,53900,53710,53930,53600,53930,53750,53915,53585,53915,53730
2025-11-18 00:15:00,13000,53710,53600,53710,53680,53750,53620,53750,53710,53730,53610,53730,53695
2025-11-18 00:20:00,9100,53810,53650,53680,53650,53830,53680,53710,53680,53820,53665,53695,53665
2025-11-18 00:25:00,19600,53690,53590,53650,53600,53720,53600,53680,53640,53705,53595,53665,53620
2025-11-18 00:30:00,14400,53700,53600,53600,53630,53720,53610,53640,53650,53705,53605,53620,53640
2025-11-18 00:35:00,6200,53690,53620,53630,53670,53720,53630,53650,53690,53705,53625,53640,53680
2025-11-18 00:40:00,8300,53720,53620,53670,53630,53730,53630,53690,53650,53725,53625,53680,53640
2025-11-18 00:45:00,13100,53670,53570,53630,53600,53690,53580,53650,53620,53675,53575,53640,53610
2025-11-18 00:50:00,6200,53680,53590,53600,53660,53700,53610,53620,53680,53690,53600,53610,53670
2025-11-18 00:55:00,6200,53690,53610,53660,53620,53710,53640,53680,53640,53700,53630,53670,53630
2025-11-18 01:00:00,9700,53670,53600,53620,53660,53700,53620,53640,53700,53685,53610,53630,53680
2025-11-18 01:05:00,7500,53730,53620,53660,53640,53740,53650,53690,53680,53735,53635,53675,53660
2025-11-18 01:10:00,6800,53780,53640,53640,53740,53800,53680,53680,53760,53790,53660,53660,53750
2025-11-18 01:15:00,4500,53780,53730,53750,53740,53790,53750,53760,53760,53785,53740,53755,53750
2025-11-18 01:20:00,9500,53760,53630,53740,53660,53780,53640,53760,53690,53765,53635,53750,53675
2025-11-18 01:25:00,39900,53670,53330,53660,53420,53690,53360,53690,53430,53680,53345,53675,53425
2025-11-18 01:30:00,5200,53450,53410,53420,53430,53470,53430,53430,53450,53460,53425,53425,53440
2025-11-18 01:35:00,6200,53500,53430,53430,53500,53520,53450,53450,53520,53510,53440,53440,53510
2025-11-18 01:40:00,5500,53590,53500,53500,53580,53610,53530,53540,53610,53600,53515,53520,53595
2025-11-18 01:45:00,4200,53630,53580,53590,53580,53640,53590,53610,53600,53635,53585,53600,53590
2025-11-18 01:50:00,5600,53600,53500,53580,53520,53630,53520,53600,53540,53615,53515,53590,53530
2025-11-18 01:55:00,3800,53560,53500,53520,53530,53580,53510,53540,53550,53570,53505,53530,53540
2025-11-18 02:00:00,4600,53560,53510,53530,53530,53580,53520,53550,53550,53570,53515,53540,53540
2025-11-18 02:05:00,5000,53530,53470,53530,53480,53550,53490,53550,53510,53540,53480,53540,53495
2025-11-18 02:10:00,4000,53510,53450,53480,53470,53530,53470,53510,53500,53520,53460,53495,53485
2025-11-18 02:15:00,4200,53500,53430,53470,53470,53520,53440,53500,53490,53510,53435,53485,53480
2025-11-18 02:20:00,3800,53510,53450,53470,53490,53530,53480,53490,53510,53520,53465,53480,53500
2025-11-18 02:25:00,5600,53580,53470,53490,53570,53610,53500,53510,53610,53590,53485,53500,53590
2025-11-18 02:30:00,800,53560,53560,53560,53560,53610,53610,53610,53610,53585,53585,53585,53585
2025-11-18 03:30:00,21700,53680,53490,53500,53680,53700,53510,53510,53700,53690,53505,53505,53690
2025-11-18 03:35:00,14500,53870,53680,53680,53870,53900,53690,53700,53900,53885,53685,53690,53885
2025-11-18 03:40:00,14100,54010,53810,53870,53830,54040,53820,53890,53850,54025,53815,53880,53840
2025-11-18 03:45:00,5200,53870,53710,53830,53710,53880,53740,53850,53740,53875,53725,53840,53725
2025-11-18 03:50:00,4900,53720,53560,53710,53590,53740,53590,53740,53610,53730,53575,53725,53600
2025-11-18 03:55:00,5000,53610,53560,53600,53590,53640,53570,53610,53610,53625,53565,53605,53600
2025-11-18 04:00:00,4100,53600,53550,53590,53570,53620,53570,53610,53590,53605,53560,53600,53580
2025-11-18 04:05:00,5500,53620,53570,53570,53570,53650,53590,53590,53600,53635,53580,53580,53585
2025-11-18 04:10:00,6900,53580,53500,53570,53530,53600,53520,53600,53550,53585,53510,53585,53540
2025-11-18 04:15:00,6400,53550,53470,53530,53480,53570,53490,53550,53510,53560,53480,53540,53495
2025-11-18 04:20:00,10300,53490,53380,53480,53420,53510,53400,53510,53440,53500,53390,53495,53430
2025-11-18 04:25:00,7500,53420,53350,53420,53370,53450,53360,53440,53400,53435,53355,53430,53385
2025-11-18 04:30:00,7600,53540,53370,53370,53510,53550,53400,53400,53530,53545,53385,53385,53520
2025-11-18 04:35:00,4700,53530,53460,53510,53510,53540,53490,53530,53530,53535,53480,53520,53520
2025-11-18 04:40:00,4000,53540,53480,53510,53490,53550,53510,53530,53510,53545,53495,53520,53500
2025-11-18 04:45:00,2200,53510,53480,53490,53480,53520,53490,53510,53510,53515,53485,53500,53495
2025-11-18 04:50:00,3700,53530,53480,53480,53530,53550,53500,53510,53540,53540,53490,53495,53535
2025-11-18 04:55:00,3000,53530,53490,53530,53520,53560,53510,53540,53540,53545,53505,53535,53530
2025-11-18 05:00:00,9800,53520,53410,53520,53420,53540,53430,53540,53440,53530,53420,53530,53430
2025-11-18 05:05:00,6200,53470,53400,53420,53410,53480,53410,53440,53430,53475,53405,53430,53420
2025-11-18 05:10:00,3500,53480,53410,53410,53440,53500,53420,53430,53460,53490,53415,53420,53450
2025-11-18 05:15:00,4800,53440,53400,53440,53430,53460,53410,53460,53440,53450,53405,53450,53435
2025-11-18 05:20:00,3800,53450,53410,53430,53410,53460,53420,53440,53430,53455,53415,53435,53420
2025-11-18 05:25:00,7100,53420,53360,53410,53370,53450,53380,53430,53400,53435,53370,53420,53385
2025-11-18 05:30:00,4700,53420,53360,53370,53410,53430,53370,53400,53430,53425,53365,53385,53420
2025-11-18 05:35:00,5900,53450,53400,53410,53430,53470,53410,53430,53440,53460,53405,53420,53435
2025-11-18 05:40:00,5800,53440,53400,53430,53410,53450,53410,53440,53430,53445,53405,53435,53420
2025-11-18 05:45:00,10900,53430,53340,53410,53340,53440,53350,53430,53350,53435,53345,53420,53345
2025-11-18 05:50:00,15300,53350,53260,53340,53260,53360,53270,53350,53280,53355,53265,53345,53270
2025-11-18 05:55:00,11900,53260,53200,53260,53200,53280,53220,53280,53220,53270,53210,53270,53210
2025-11-18 06:00:00,11800,53240,53120,53200,53150,53250,53140,53220,53160,53245,53130,53210,53155
2025-11-18 06:05:00,11100,53230,53150,53150,53200,53250,53160,53160,53230,53240,53155,53155,53215
2025-11-18 06:10:00,12700,53260,53200,53200,53250,53290,53220,53230,53270,53275,53215,53215,53260
2025-11-18 06:15:00,14600,53350,53240,53250,53280,53360,53260,53270,53300,53355,53250,53260,53290
2025-11-18 06:20:00,15400,53280,53200,53280,53220,53300,53220,53300,53240,53290,53215,53290,53230
2025-11-18 06:25:00,,53620,52610,53400,53100,53620,52620,53410,53110,53620,52615,53405,53105
2025-11-18 06:30:00,155200,53100,53100,53100,53100,53260,53260,53260,53260,53180,53180,53180,53180
2025-11-19 00:00:00,88300,53700,53300,53560,53440,53750,53330,53570,53480,53725,53315,53565,53460
2025-11-19 00:05:00,15000,53440,53140,53440,53230,53490,53180,53480,53270,53465,53160,53460,53250
2025-11-19 00:10:00,11800,53380,53200,53230,53290,53400,53230,53280,53310,53390,53215,53255,53300
2025-11-19 00:15:00,14800,53300,53080,53290,53190,53340,53100,53310,53220,53320,53090,53300,53205
2025-11-19 00:20:00,9400,53280,53140,53190,53240,53310,53180,53230,53270,53295,53160,53210,53255
2025-11-19 00:25:00,8400,53350,53190,53240,53220,53360,53210,53270,53240,53355,53200,53255,53230
2025-11-19 00:30:00,12200,53400,53210,53220,53370,53430,53220,53240,53400,53415,53215,53230,53385
2025-11-19 00:35:00,9600,53490,53370,53370,53480,53510,53390,53410,53510,53500,53380,53390,53495
2025-11-19 00:40:00,7900,53520,53410,53480,53490,53550,53430,53510,53520,53530,53420,53495,53505
2025-11-19 00:45:00,6700,53580,53450,53490,53530,53590,53470,53520,53560,53585,53460,53505,53545
2025-11-19 00:50:00,10900,53710,53530,53530,53680,53730,53550,53560,53710,53720,53545,53545,53695
2025-11-19 00:55:00,6300,53720,53600,53680,53620,53740,53630,53710,53640,53725,53615,53695,53630
2025-11-19 01:00:00,5900,53710,53580,53620,53690,53720,53620,53650,53720,53715,53600,53635,53705
2025-11-19 01:05:00,6700,53720,53650,53690,53710,53730,53660,53720,53730,53725,53655,53705,53720
2025-11-19 01:10:00,7200,53740,53560,53710,53590,53750,53580,53730,53630,53745,53570,53720,53610
2025-11-19 01:15:00,4300,53720,53580,53590,53640,53730,53610,53620,53670,53725,53595,53605,53655
2025-11-19 01:20:00,11600,53810,53620,53640,53760,53840,53660,53670,53790,53825,53640,53655,53775
2025-11-19 01:25:00,4800,53830,53710,53760,53730,53840,53740,53790,53750,53835,53725,53775,53740
2025-11-19 01:30:00,6800,53780,53720,53730,53740,53810,53740,53750,53760,53795,53735,53740,53750
2025-11-19 01:35:00,4000,53810,53730,53740,53800,53820,53740,53760,53820,53815,53735,53750,53810
2025-11-19 01:40:00,4400,53830,53720,53800,53750,53840,53770,53820,53780,53835,53745,53810,53765
2025-11-19 01:45:00,5200,53770,53610,53760,53610,53790,53630,53780,53630,53780,53620,53770,53620
2025-11-19 01:50:00,5100,53630,53510,53610,53520,53640,53520,53630,53540,53635,53515,53620,53530
2025-11-19 01:55:00,5400,53520,53440,53520,53500,53540,53470,53540,53530,53530,53455,53530,53515
2025-11-19 02:00:00,4200,53560,53500,53500,53520,53600,53530,53530,53540,53580,53515,53515,53530
2025-11-19 02:05:00,3400,53560,53460,53520,53490,53570,53470,53540,53510,53565,53465,53530,53500
2025-11-19 02:10:00,2400,53520,53480,53490,53490,53530,53500,53510,53510,53525,53490,53500,53500
2025-11-19 02:15:00,1900,53510,53470,53490,53470,53530,53480,53520,53490,53520,53475,53505,53480
2025-11-19 02:20:00,3300,53480,53440,53470,53480,53510,53450,53490,53500,53495,53445,53480,53490
2025-11-19 02:25:00,5100,53530,53460,53480,53460,53550,53500,53500,53500,53540,53480,53490,53480
2025-11-19 02:30:00,500,,,,,,,,,,,,
2025-11-19 03:30:00,17900,53510,53450,53500,53460,53550,53470,53510,53480,53530,53465,53505,53470
2025-11-19 03:35:00,9100,53460,53360,53460,53380,53470,53380,53470,53400,53465,53370,53465,53390
2025-11-19 03:40:00,4000,53440,53360,53380,53410,53450,53380,53400,53440,53445,53370,53390,53425
2025-11-19 03:45:00,3500,53470,53410,53410,53410,53480,53430,53440,53430,53475,53420,53425,53420
2025-11-19 03:50:00,3300,53460,53400,53410,53460,53480,53420,53430,53470,53470,53410,53420,53465
2025-11-19 03:55:00,5800,53490,53450,53460,53450,53510,53470,53480,53480,53500,53460,53470,53465
2025-11-19 04:00:00,6100,53460,53380,53450,53440,53480,53400,53480,53450,53470,53390,53465,53445
2025-11-19 04:05:00,2300,53480,53430,53440,53470,53490,53450,53450,53490,53485,53440,53445,53480
2025-11-19 04:10:00,5000,53470,53400,53470,53440,53490,53410,53490,53470,53480,53405,53480,53455
2025-11-19 04:15:00,4500,53500,53440,53440,53480,53510,53470,53470,53500,53505,53455,53455,53490
2025-11-19 04:20:00,1600,53490,53470,53480,53470,53510,53480,53500,53490,53500,53475,53490,53480
2025-11-19 04:25:00,3600,53510,53440,53470,53490,53520,53460,53490,53510,53515,53450,53480,53500
2025-11-19 04:30:00,3100,53490,53450,53490,53460,53520,53470,53510,53480,53505,53460,53500,53470
2025-11-19 04:35:00,5800,53500,53430,53460,53470,53510,53440,53480,53500,53505,53435,53470,53485
2025-11-19 04:40:00,1700,53490,53430,53470,53460,53500,53460,53500,53480,53495,53445,53485,53470
2025-11-19 04:45:00,3700,53480,53430,53460,53440,53490,53450,53480,53460,53485,53440,53470,53450
2025-11-19 04:50:00,3000,53480,53430,53440,53440,53500,53460,53460,53470,53490,53445,53450,53455
2025-11-19 04:55:00,3300,53460,53380,53440,53410,53470,53390,53470,53420,53465,53385,53455,53415
2025-11-19 05:00:00,4900,53440,53370,53410,53430,53450,53390,53420,53450,53445,53380,53415,53440
2025-11-19 05:05:00,3100,53450,53410,53430,53450,53470,53420,53450,53470,53460,53415,53440,53460
2025-11-19 05:10:00,4100,53460,53420,53450,53460,53480,53430,53460,53470,53470,53425,53455,53465
2025-11-19 05:15:00,6200,53520,53420,53460,53450,53530,53440,53470,53460,53525,53430,53465,53455
2025-11-19 05:20:00,2500,53500,53450,53450,53480,53510,53460,53460,53490,53505,53455,53455,53485
2025-11-19 05:25:00,5100,53480,53380,53480,53380,53490,53400,53490,53410,53485,53390,53485,53395
2025-11-19 05:30:00,3800,53390,53310,53380,53340,53410,53320,53410,53350,53400,53315,53395,53345
2025-11-19 05:35:00,3800,53340,53300,53340,53340,53360,53310,53350,53350,53350,53305,53345,53345
2025-11-19 05:40:00,7700,53350,53230,53340,53230,53370,53250,53350,53260,53360,53240,53345,53245
2025-11-19 05:45:00,8400,53250,53170,53230,53240,53260,53180,53260,53260,53255,53175,53245,53250
2025-11-19 05:50:00,6200,53350,53230,53240,53330,53380,53260,53260,53340,53365,53245,53250,53335
2025-11-19 05:55:00,4800,53360,53320,53330,53340,53370,53330,53340,53350,53365,53325,53335,53345
2025-11-19 06:00:00,8400,53400,53310,53340,53380,53420,53330,53350,53400,53410,53320,53345,53390
2025-11-19 06:05:00,6400,53440,53370,53380,53440,53450,53380,53400,53450,53445,53375,53390,53445
2025-11-19 06:10:00,8500,53530,53430,53440,53490,53540,53440,53450,53520,53535,53435,53445,53505
2025-11-19 06:15:00,6300,53510,53470,53490,53480,53520,53480,53520,53500,53515,53475,53505,53490
2025-11-19 06:20:00,8200,53480,53360,53480,53390,53500,53370,53500,53430,53490,53365,53490,53410
2025-11-19 06:25:00,,53350,52800,52840,53350,53360,52810,52850,53360,53355,52805,52845,53355
2025-11-19 06:30:00,171400,53340,53340,53340,53340,53360,53360,53360,53360,53350,53350,53350,53350
2025-11-20 00:00:00,128200,54640,54000,54280,54440,54690,54040,54290,54490,54665,54020,54285,54465
2025-11-20 00:05:00,30900,54620,54350,54440,54390,54650,54390,54490,54430,54635,54370,54465,54410
2025-11-20 00:10:00,19500,54650,54390,54390,54460,54660,54430,54430,54480,54655,54410,54410,54470
2025-11-20 00:15:00,16900,54470,54150,54460,54360,54510,54180,54480,54400,54490,54165,54470,54380
2025-11-20 00:20:00,10100,54370,54220,54360,54220,54400,54240,54400,54250,54385,54230,54380,54235
2025-11-20 00:25:00,10500,54390,54160,54220,54320,54420,54200,54250,54360,54405,54180,54235,54340
2025-11-20 00:30:00,11200,54330,54230,54320,54280,54370,54240,54360,54320,54345,54235,54340,54300
2025-11-20 00:35:00,6300,54320,54230,54280,54260,54350,54250,54320,54290,54335,54240,54300,54275
2025-11-20 00:40:00,14000,54300,54100,54260,54200,54310,54120,54290,54210,54305,54110,54275,54205
2025-11-20 00:45:00,4800,54260,54190,54200,54220,54290,54210,54210,54250,54275,54205,54205,54235
2025-11-20 00:50:00,4600,54280,54190,54220,54220,54290,54220,54250,54250,54285,54210,54235,54235
2025-11-20 00:55:00,10000,54240,54050,54220,54050,54270,54080,54250,54080,54255,54065,54235,54065
2025-11-20 01:00:00,6000,54060,54010,54050,54020,54090,54030,54080,54060,54075,54020,54065,54040
2025-11-20 01:05:00,4300,54100,54010,54020,54060,54130,54030,54070,54080,54115,54020,54045,54070
2025-11-20 01:10:00,4500,54090,54020,54060,54080,54100,54050,54080,54100,54095,54035,54070,54090
2025-11-20 01:15:00,3600,54150,54080,54080,54110,54180,54100,54100,54140,54165,54090,54090,54125
2025-11-20 01:20:00,10000,54110,53960,54110,53970,54140,53990,54140,54000,54125,53975,54125,53985
2025-11-20 01:25:00,5700,53990,53900,53970,53970,54000,53920,54000,53990,53995,53910,53985,53980
2025-11-20 01:30:00,3100,53990,53930,53970,53950,54030,53960,53990,53970,54010,53945,53980,53960
2025-11-20 01:35:00,3500,53990,53920,53950,53920,54020,53930,53970,53940,54005,53925,53960,53930
2025-11-20 01:40:00,7800,53940,53850,53920,53920,53950,53870,53940,53950,53945,53860,53930,53935
2025-11-20 01:45:00,2800,53930,53800,53920,53820,53950,53820,53950,53830,53940,53810,53935,53825
2025-11-20 01:50:00,2400,53860,53800,53820,53850,53890,53830,53830,53870,53875,53815,53825,53860
2025-11-20 01:55:00,3500,53910,53820,53850,53880,53930,53840,53870,53910,53920,53830,53860,53895
2025-11-20 02:00:00,1500,53880,53820,53880,53820,53920,53830,53910,53850,53900,53825,53895,53835
2025-11-20 02:05:00,6600,53860,53770,53820,53780,53900,53800,53850,53810,53880,53785,53835,53795
2025-11-20 02:10:00,2000,53780,53760,53780,53770,53810,53770,53810,53800,53795,53765,53795,53785
2025-11-20 02:15:00,3300,53780,53730,53770,53770,53800,53750,53790,53780,53790,53740,53780,53775
2025-11-20 02:20:00,3500,53790,53730,53770,53790,53820,53760,53780,53810,53805,53745,53775,53800
2025-11-20 02:25:00,2900,53800,53750,53790,53750,53810,53780,53810,53810,53805,53765,53800,53780
2025-11-20 02:30:00,200,,,,,,,,,,,,
2025-11-20 03:30:00,25500,53810,53710,53760,53710,53850,53730,53760,53730,53825,53720,53760,53720
2025-11-20 03:35:00,5200,53740,53680,53710,53700,53750,53690,53730,53710,53745,53685,53720,53705
2025-11-20 03:40:00,3900,53720,53680,53700,53710,53740,53700,53710,53730,53725,53690,53705,53720
2025-11-20 03:45:00,7100,53710,53600,53710,53660,53740,53610,53730,53690,53725,53605,53720,53675
2025-11-20 03:50:00,4100,53770,53660,53660,53720,53790,53670,53690,53740,53775,53665,53675,53730
2025-11-20 03:55:00,3800,53720,53650,53720,53720,53740,53670,53740,53740,53730,53665,53730,53730
2025-11-20 04:00:00,3300,53770,53680,53710,53750,53790,53710,53740,53770,53780,53695,53725,53760
2025-11-20 04:05:00,2800,53770,53720,53750,53750,53790,53750,53770,53770,53780,53735,53760,53760
2025-11-20 04:10:00,3800,53800,53750,53750,53750,53810,53760,53770,53770,53805,53755,53760,53760
2025-11-20 04:15:00,6400,53770,53710,53750,53770,53790,53730,53760,53790,53780,53720,53755,53780
2025-11-20 04:20:00,2200,53810,53750,53760,53770,53820,53780,53790,53800,53815,53770,53775,53785
2025-11-20 04:25:00,1900,53790,53770,53770,53770,53820,53780,53800,53800,53805,53775,53785,53785
2025-11-20 04:30:00,5200,53930,53770,53770,53910,53950,53790,53800,53940,53940,53780,53785,53925
2025-11-20 04:35:00,4400,53950,53900,53910,53900,53970,53920,53940,53920,53960,53910,53925,53910
2025-11-20 04:40:00,1700,53900,53860,53900,53890,53930,53870,53920,53900,53915,53865,53910,53895
2025-11-20 04:45:00,2000,53930,53880,53890,53880,53940,53900,53900,53910,53935,53890,53895,53895
2025-11-20 04:50:00,2900,53890,53860,53880,53890,53910,53880,53910,53910,53900,53870,53895,53900
2025-11-20 04:55:00,3200,53960,53880,53890,53930,53980,53910,53910,53950,53970,53895,53900,53940
2025-11-20 05:00:00,2100,53960,53910,53930,53960,53970,53930,53960,53970,53965,53920,53945,53965
2025-11-20 05:05:00,5100,54000,53950,53960,53970,54020,53960,53970,54000,54010,53955,53965,53985
2025-11-20 05:10:00,2700,54000,53960,53970,53980,54030,53980,54000,54000,54015,53975,53985,53990
2025-11-20 05:15:00,3300,54020,53980,53980,54000,54040,54000,54000,54020,54030,53990,53990,54010
2025-11-20 05:20:00,4400,54030,53980,54000,54020,54040,54000,54020,54040,54035,53995,54010,54030
2025-11-20 05:25:00,2400,54020,53980,54020,53990,54040,54010,54040,54010,54030,53995,54030,54000
2025-11-20 05:30:00,2800,54010,53940,53990,53970,54040,53960,54010,53990,54020,53950,54000,53980
2025-11-20 05:35:00,1900,53990,53960,53970,53970,54010,53980,53990,53990,54000,53970,53980,53980
2025-11-20 05:40:00,3700,54000,53970,53970,54000,54020,53980,53990,54020,54010,53975,53980,54010
2025-11-20 05:45:00,2900,54000,53930,54000,53930,54020,53940,54020,53950,54010,53935,54010,53940
2025-11-20 05:50:00,4600,53980,53930,53930,53960,54000,53940,53950,53990,53990,53935,53940,53975
2025-11-20 05:55:00,3300,53990,53930,53960,53980,54000,53950,53990,53990,53995,53940,53975,53985
2025-11-20 06:00:00,4200,53990,53930,53980,53970,54010,53950,53990,53990,54000,53940,53985,53980
2025-11-20 06:05:00,5400,53970,53910,53970,53910,53990,53920,53990,53940,53980,53915,53980,53925
2025-11-20 06:10:00,5900,53940,53880,53910,53880,53960,53890,53940,53900,53950,53885,53925,53890
2025-11-20 06:15:00,8900,53900,53850,53880,53890,53930,53860,53900,53920,53915,53855,53890,53905
2025-11-20 06:20:00,6000,53910,53860,53900,53870,53940,53880,53920,53930,53920,53870,53910,53900
2025-11-20 06:25:00,,53910,53100,53400,53780,53910,53110,53410,53790,53910,53105,53405,53785
2025-11-20 06:30:00,99500,53780,53780,53780,53780,53910,53910,53910,53910,53845,53845,53845,53845
2025-11-21 00:00:00,103500,53360,53000,53000,53340,53400,53010,53010,53390,53375,53005,53005,53365
2025-11-21 00:05:00,19400,53440,53240,53340,53400,53470,53280,53390,53450,53455,53260,53365,53425
2025-11-21 00:10:00,20500,53640,53390,53410,53550,53680,53410,53450,53590,53650,53400,53430,53570
2025-11-21 00:15:00,14600,53830,53550,53550,53800,53850,53590,53590,53830,53840,53570,53570,53815
2025-11-21 00:20:00,12000,53890,53630,53800,53700,53910,53660,53830,53720,53900,53645,53815,53710
2025-11-21 00:25:00,10100,53750,53590,53700,53620,53780,53600,53720,53650,53765,53595,53710,53635
2025-11-21 00:30:00,9700,53660,53530,53620,53570,53690,53560,53650,53580,53675,53550,53635,53575
2025-11-21 00:35:00,9800,53630,53530,53570,53550,53660,53550,53580,53580,53640,53540,53575,53565
2025-11-21 00:40:00,11700,53700,53540,53550,53680,53730,53560,53580,53700,53715,53550,53565,53690
2025-11-21 00:45:00,9400,53900,53680,53680,53870,53910,53700,53700,53890,53905,53690,53690,53880
2025-11-21 00:50:00,12400,53980,53870,53870,53920,53990,53890,53890,53960,53985,53880,53880,53940
2025-11-21 00:55:00,12300,53940,53740,53920,53800,53960,53770,53960,53830,53950,53755,53940,53815
2025-11-21 01:00:00,8700,53850,53750,53800,53770,53870,53780,53830,53790,53860,53770,53815,53780
2025-11-21 01:05:00,9600,53800,53680,53770,53690,53830,53700,53790,53710,53815,53690,53780,53700
2025-11-21 01:10:00,8300,53790,53670,53690,53740,53810,53690,53710,53770,53800,53680,53700,53755
2025-11-21 01:15:00,7700,53900,53740,53740,53890,53930,53760,53770,53920,53915,53750,53755,53905
2025-11-21 01:20:00,8700,53980,53830,53890,53860,53990,53860,53930,53890,53985,53845,53910,53875
2025-11-21 01:25:00,5100,53930,53850,53860,53930,53950,53880,53880,53950,53940,53865,53870,53940
2025-11-21 01:30:00,7000,53940,53820,53930,53830,53950,53840,53940,53860,53945,53830,53935,53845
2025-11-21 01:35:00,12900,53980,53790,53830,53970,54020,53810,53850,54000,54000,53800,53840,53985
2025-11-21 01:40:00,24200,54070,53930,53970,53990,54090,53950,54000,54020,54080,53940,53985,54005
2025-11-21 01:45:00,3900,54070,53980,53990,54030,54110,54010,54020,54050,54090,53995,54005,54040
2025-11-21 01:50:00,17300,54100,53920,54030,54090,54140,53950,54050,54120,54120,53935,54040,54105
2025-11-21 01:55:00,3900,54130,54050,54090,54060,54150,54070,54120,54100,54135,54065,54105,54080
2025-11-21 02:00:00,3300,54100,54050,54060,54070,54110,54070,54090,54100,54105,54060,54075,54085
2025-11-21 02:05:00,5800,54120,54000,54070,54090,54140,54030,54100,54110,54130,54015,54085,54100
2025-11-21 02:10:00,7100,54160,54070,54090,54120,54180,54090,54110,54140,54170,54080,54100,54130
2025-11-21 02:15:00,2800,54180,54110,54120,54110,54190,54130,54150,54130,54185,54120,54135,54120
2025-11-21 02:20:00,4100,54130,54070,54110,54110,54150,54090,54130,54130,54140,54080,54120,54120
2025-11-21 02:25:00,8500,54200,54100,54110,54190,54230,54120,54130,54230,54210,54115,54120,54210
2025-11-21 02:30:00,9400,54190,54190,54190,54190,54240,54240,54240,54240,54215,54215,54215,54215
2025-11-21 03:30:00,37600,54400,54250,54300,54350,54440,54300,54310,54370,54415,54275,54305,54360
2025-11-21 03:35:00,7400,54450,54300,54350,54390,54460,54330,54370,54430,54455,54315,54360,54410
2025-11-21 03:40:00,7800,54440,54330,54390,54410,54480,54360,54430,54440,54460,54345,54410,54425
2025-11-21 03:45:00,6700,54410,54340,54410,54350,54440,54360,54440,54380,54425,54350,54425,54365
2025-11-21 03:50:00,4100,54350,54300,54350,54310,54380,54320,54380,54340,54365,54310,54365,54325
2025-11-21 03:55:00,3300,54330,54290,54310,54300,54340,54300,54340,54330,54335,54295,54325,54315
2025-11-21 04:00:00,4900,54320,54260,54300,54300,54340,54280,54330,54320,54330,54270,54315,54310
2025-11-21 04:05:00,4400,54320,54260,54300,54310,54340,54280,54320,54330,54330,54270,54310,54320
2025-11-21 04:10:00,2700,54330,54290,54310,54310,54350,54310,54330,54330,54340,54305,54320,54320
2025-11-21 04:15:00,4300,54310,54250,54310,54250,54330,54260,54330,54270,54320,54255,54320,54260
2025-11-21 04:20:00,4600,54260,54160,54250,54160,54280,54170,54270,54180,54270,54165,54260,54170
2025-11-21 04:25:00,6400,54220,54110,54160,54220,54240,54130,54180,54230,54225,54120,54170,54225
2025-11-21 04:30:00,3500,54240,54130,54220,54150,54260,54160,54230,54180,54250,54145,54225,54165
2025-11-21 04:35:00,2400,54150,54100,54150,54100,54180,54110,54180,54120,54165,54105,54165,54110
2025-11-21 04:40:00,4500,54160,54080,54100,54090,54180,54100,54120,54110,54170,54090,54110,54100
2025-11-21 04:45:00,16500,54120,54030,54090,54120,54150,54050,54110,54150,54135,54040,54100,54135
2025-11-21 04:50:00,7700,54190,54100,54120,54170,54200,54120,54150,54200,54195,54110,54135,54185
2025-11-21 04:55:00,3600,54210,54160,54170,54190,54230,54180,54200,54210,54220,54170,54185,54200
2025-11-21 05:00:00,7300,54240,54140,54190,54150,54260,54170,54210,54170,54245,54155,54200,54160
2025-11-21 05:05:00,4100,54170,54130,54150,54130,54180,54150,54170,54150,54175,54140,54160,54140
2025-11-21 05:10:00,7700,54260,54120,54130,54200,54270,54140,54150,54230,54265,54130,54140,54215
2025-11-21 05:15:00,2400,54210,54160,54200,54160,54230,54170,54220,54180,54215,54165,54210,54170
2025-11-21 05:20:00,2600,54190,54130,54160,54140,54210,54150,54180,54150,54200,54140,54170,54145
2025-11-21 05:25:00,5200,54140,54090,54140,54120,54150,54110,54150,54140,54145,54100,54145,54130
2025-11-21 05:30:00,4000,54160,54110,54120,54110,54170,54120,54140,54130,54165,54115,54130,54120
2025-11-21 05:35:00,5000,54130,54050,54110,54090,54140,54060,54130,54110,54135,54055,54120,54100
2025-11-21 05:40:00,5800,54140,54080,54090,54140,54170,54090,54110,54170,54155,54085,54100,54155
2025-11-21 05:45:00,8400,54210,54140,54140,54170,54220,54160,54170,54190,54215,54150,54155,54180
2025-11-21 05:50:00,4900,54190,54140,54170,54140,54200,54150,54190,54160,54195,54145,54180,54150
2025-11-21 05:55:00,8200,54190,54130,54140,54150,54200,54140,54160,54180,54195,54135,54150,54165
2025-11-21 06:00:00,10000,54210,54150,54150,54200,54220,54160,54180,54220,54215,54155,54165,54210
2025-11-21 06:05:00,8200,54220,54120,54200,54130,54230,54140,54220,54150,54225,54130,54210,54140
2025-11-21 06:10:00,18400,54280,54110,54130,54280,54300,54140,54150,54290,54290,54125,54140,54285
2025-11-21 06:15:00,13300,54320,54250,54280,54250,54330,54270,54290,54270,54325,54260,54285,54260
2025-11-21 06:20:00,11900,54350,54200,54250,54350,54370,54220,54270,54370,54360,54210,54260,54360
2025-11-21 06:25:00,,56000,54390,55970,54390,56010,54400,55980,54400,56005,54395,55975,54395
2025-11-21 06:30:00,516800,54350,54350,54350,54350,54410,54410,54410,54410,54380,54380,54380,54380
2025-11-25 00:00:00,148000,55130,54730,54990,54940,55190,54790,55000,54980,55155,54760,54995,54960
2025-11-25 00:05:00,26900,55050,54400,54940,54460,55100,54440,54980,54510,55070,54420,54960,54485
2025-11-25 00:10:00,17400,54600,54350,54460,54590,54640,54390,54510,54630,54620,54370,54485,54610
2025-11-25 00:15:00,13000,54680,54450,54590,54510,54710,54460,54630,54560,54690,54455,54610,54535
2025-11-25 00:20:00,8100,54670,54510,54510,54650,54700,54530,54560,54690,54685,54520,54535,54670
2025-11-25 00:25:00,7800,54660,54460,54650,54490,54690,54490,54690,54520,54675,54475,54670,54505
2025-11-25 00:30:00,6600,54540,54400,54490,54520,54570,54420,54510,54570,54550,54410,54500,54545
2025-11-25 00:35:00,5600,54600,54510,54530,54580,54630,54540,54570,54610,54615,54525,54550,54595
2025-11-25 00:40:00,7200,54630,54510,54580,54510,54650,54530,54610,54540,54640,54520,54595,54525
2025-11-25 00:45:00,5500,54600,54480,54510,54580,54620,54510,54540,54590,54610,54495,54525,54585
2025-11-25 00:50:00,13500,54580,54400,54580,54500,54610,54430,54590,54540,54595,54415,54585,54520
2025-11-25 00:55:00,7300,54530,54390,54500,54410,54570,54400,54530,54430,54550,54395,54515,54420
2025-11-25 01:00:00,8500,54430,54300,54420,54310,54460,54310,54430,54340,54445,54305,54425,54325
2025-11-25 01:05:00,4100,54420,54310,54310,54390,54430,54330,54340,54420,54425,54320,54325,54405
2025-11-25 01:10:00,5600,54420,54320,54390,54340,54430,54330,54420,54360,54425,54325,54405,54350
2025-11-25 01:15:00,6300,54350,54220,54340,54260,54370,54230,54370,54300,54360,54225,54355,54280
2025-11-25 01:20:00,2800,54310,54250,54260,54270,54340,54280,54300,54290,54325,54270,54280,54280
2025-11-25 01:25:00,4200,54290,54240,54270,54250,54330,54260,54290,54270,54310,54250,54280,54260
2025-11-25 01:30:00,5800,54290,54170,54250,54260,54330,54190,54270,54280,54310,54180,54260,54270
2025-11-25 01:35:00,2400,54260,54180,54260,54180,54290,54200,54280,54200,54275,54190,54270,54190
2025-11-25 01:40:00,3100,54230,54170,54180,54220,54270,54190,54200,54240,54250,54180,54190,54230
2025-11-25 01:45:00,1400,54240,54180,54220,54180,54270,54190,54240,54190,54255,54185,54230,54185
2025-11-25 01:50:00,10600,54180,54030,54180,54120,54190,54050,54190,54150,54185,54040,54185,54135
2025-11-25 01:55:00,3300,54140,54070,54120,54110,54160,54090,54150,54130,54150,54080,54135,54120
2025-11-25 02:00:00,3700,54170,54100,54110,54140,54200,54120,54130,54160,54185,54110,54120,54150
2025-11-25 02:05:00,4500,54140,54070,54140,54140,54160,54090,54160,54150,54150,54080,54150,54145
2025-11-25 02:10:00,2600,54200,54120,54140,54200,54220,54130,54150,54220,54210,54125,54145,54210
2025-11-25 02:15:00,5100,54280,54120,54200,54120,54310,54140,54220,54150,54295,54130,54210,54135
2025-11-25 02:20:00,4100,54130,54070,54120,54070,54170,54080,54150,54080,54150,54075,54135,54075
2025-11-25 02:25:00,8200,54080,53980,54070,53980,54120,54020,54080,54020,54095,54000,54075,54000
2025-11-25 02:30:00,12000,,,,,,,,,,,,
2025-11-25 03:30:00,47500,53970,53610,53960,53670,54010,53630,53970,53690,53990,53620,53965,53680
2025-11-25 03:35:00,6800,53750,53660,53660,53680,53760,53680,53690,53710,53755,53670,53675,53695
2025-11-25 03:40:00,3700,53750,53670,53680,53730,53780,53680,53710,53750,53765,53675,53695,53740
2025-11-25 03:45:00,6300,53740,53680,53730,53720,53760,53690,53750,53740,53750,53685,53740,53730
2025-11-25 03:50:00,9200,53750,53600,53720,53610,53760,53610,53750,53640,53755,53605,53735,53625
2025-11-25 03:55:00,5000,53610,53520,53610,53570,53640,53540,53640,53590,53625,53530,53625,53580
2025-11-25 04:00:00,7800,53650,53510,53570,53640,53670,53540,53590,53670,53660,53525,53580,53655
2025-11-25 04:05:00,2500,53660,53610,53640,53620,53670,53630,53670,53650,53665,53620,53655,53635
2025-11-25 04:10:00,2300,53660,53620,53620,53630,53680,53640,53650,53650,53670,53630,53635,53640
2025-11-25 04:15:00,5400,53670,53580,53630,53580,53690,53600,53650,53610,53680,53590,53640,53595
2025-11-25 04:20:00,3200,53600,53550,53580,53560,53610,53560,53610,53580,53605,53555,53595,53570
2025-11-25 04:25:00,4100,53610,53540,53560,53600,53630,53550,53580,53630,53615,53545,53570,53615
2025-11-25 04:30:00,4200,53620,53570,53600,53600,53640,53590,53630,53620,53625,53580,53615,53610
2025-11-25 04:35:00,3400,53640,53600,53600,53600,53660,53610,53620,53610,53650,53605,53610,53605
2025-11-25 04:40:00,4700,53640,53570,53600,53580,53660,53590,53610,53600,53650,53580,53605,53590
2025-11-25 04:45:00,1600,53620,53580,53580,53610,53630,53600,53600,53630,53625,53590,53590,53620
2025-11-25 04:50:00,5100,53630,53590,53610,53610,53650,53600,53630,53630,53635,53595,53620,53620
2025-11-25 04:55:00,11900,53810,53600,53610,53790,53830,53610,53630,53810,53815,53605,53620,53800
2025-11-25 05:00:00,6400,53850,53760,53790,53810,53880,53790,53810,53830,53865,53775,53800,53820
2025-11-25 05:05:00,5100,53810,53750,53810,53770,53840,53770,53830,53790,53825,53760,53820,53780
2025-11-25 05:10:00,4100,53800,53750,53770,53760,53830,53760,53790,53770,53815,53755,53780,53765
2025-11-25 05:15:00,6100,53810,53730,53760,53800,53830,53750,53770,53820,53815,53740,53765,53810
2025-11-25 05:20:00,5400,53810,53730,53800,53760,53830,53740,53820,53770,53815,53735,53810,53765
2025-11-25 05:25:00,5300,53760,53690,53760,53720,53770,53700,53770,53730,53765,53695,53765,53725
2025-11-25 05:30:00,5000,53830,53710,53720,53830,53860,53730,53730,53850,53845,53720,53725,53840
2025-11-25 05:35:00,5500,53830,53790,53830,53790,53860,53800,53850,53800,53845,53795,53840,53795
2025-11-25 05:40:00,4700,53820,53770,53790,53810,53830,53780,53800,53820,53825,53775,53795,53815
2025-11-25 05:45:00,8000,53860,53800,53810,53810,53870,53810,53820,53830,53865,53805,53815,53820
2025-11-25 05:50:00,5000,53820,53760,53810,53770,53830,53770,53830,53780,53825,53765,53820,53775
2025-11-25 05:55:00,9700,53820,53770,53770,53800,53840,53780,53780,53820,53830,53775,53775,53810
2025-11-25 06:00:00,13200,54100,53800,53800,54070,54130,53820,53820,54080,54115,53810,53810,54075
2025-11-25 06:05:00,8600,54070,53950,54070,53980,54080,53970,54080,54000,54075,53960,54075,53990
2025-11-25 06:10:00,8100,53980,53900,53980,53910,54000,53920,54000,53930,53990,53910,53990,53920
2025-11-25 06:15:00,5600,53920,53880,53910,53890,53940,53890,53930,53910,53930,53885,53920,53900
2025-11-25 06:20:00,13400,53920,53870,53890,53880,53930,53890,53910,53910,53925,53880,53900,53895
2025-11-25 06:25:00,,55060,53380,53620,54040,55060,53390,53630,54050,55060,53385,53625,54045
2025-11-25 06:30:00,159800,54020,54020,54020,54020,54050,54050,54050,54050,54035,54035,54035,54035
2025-11-26 00:00:00,88000,53740,53400,53650,53470,53840,53470,53660,53510,53785,53445,53655,53490
2025-11-26 00:05:00,17200,53630,53470,53470,53550,53640,53510,53510,53580,53635,53490,53490,53565
2025-11-26 00:10:00,9600,53550,53450,53550,53470,53580,53470,53580,53500,53565,53460,53565,53485
2025-11-26 00:15:00,6700,53600,53470,53470,53530,53620,53490,53500,53560,53605,53480,53485,53545
2025-11-26 00:20:00,5500,53600,53530,53530,53560,53620,53560,53560,53590,53605,53545,53545,53575
2025-11-26 00:25:00,12500,53630,53530,53560,53530,53660,53560,53590,53560,53645,53545,53575,53545
2025-11-26 00:30:00,4200,53550,53520,53530,53540,53570,53540,53560,53560,53560,53530,53545,53550
2025-11-26 00:35:00,3900,53580,53530,53540,53530,53600,53550,53560,53560,53590,53540,53550,53545
2025-11-26 00:40:00,5600,53610,53530,53530,53580,53630,53550,53560,53600,53620,53540,53545,53590
2025-11-26 00:45:00,6000,53660,53550,53580,53550,53700,53570,53600,53590,53675,53560,53590,53570
2025-11-26 00:50:00,5000,53600,53540,53550,53590,53630,53560,53590,53600,53610,53550,53570,53595
2025-11-26 00:55:00,6100,53640,53570,53590,53600,53650,53590,53600,53630,53645,53580,53595,53615
2025-11-26 01:00:00,4900,53640,53600,53600,53630,53650,53620,53640,53650,53645,53610,53620,53640
2025-11-26 01:05:00,7900,53630,53550,53630,53590,53650,53570,53650,53640,53640,53565,53640,53615
2025-11-26 01:10:00,3800,53600,53550,53590,53560,53640,53570,53640,53600,53615,53560,53615,53580
2025-11-26 01:15:00,5400,53580,53540,53560,53560,53610,53550,53600,53580,53595,53545,53580,53570
2025-11-26 01:20:00,3900,53610,53560,53560,53590,53620,53580,53580,53610,53615,53570,53570,53600
2025-11-26 01:25:00,15500,53690,53590,53590,53650,53720,53610,53610,53670,53705,53600,53600,53660
2025-11-26 01:30:00,11500,53690,53560,53650,53560,53710,53590,53670,53590,53700,53575,53660,53575
2025-11-26 01:35:00,6600,53590,53520,53560,53570,53600,53540,53590,53590,53595,53530,53575,53580
2025-11-26 01:40:00,4200,53610,53550,53570,53590,53640,53570,53590,53620,53625,53560,53580,53605
2025-11-26 01:45:00,2100,53610,53580,53590,53600,53630,53610,53620,53620,53620,53595,53605,53610
2025-11-26 01:50:00,2700,53620,53580,53600,53590,53630,53610,53620,53630,53625,53595,53610,53610
2025-11-26 01:55:00,3200,53610,53560,53590,53600,53630,53590,53630,53620,53620,53575,53610,53610
2025-11-26 02:00:00,9600,53720,53590,53600,53670,53730,53610,53620,53700,53725,53600,53610,53685
2025-11-26 02:05:00,6600,53750,53680,53680,53700,53780,53700,53700,53720,53765,53690,53690,53710
2025-11-26 02:10:00,3500,53700,53640,53700,53660,53720,53670,53720,53680,53710,53655,53710,53670
2025-11-26 02:15:00,4700,53690,53630,53660,53680,53730,53650,53680,53720,53710,53640,53670,53700
2025-11-26 02:20:00,2600,53690,53640,53680,53680,53720,53680,53720,53700,53705,53665,53700,53690
2025-11-26 02:25:00,3200,53690,53650,53680,53650,53710,53680,53700,53690,53700,53665,53690,53670
2025-11-26 02:30:00,10800,53650,53650,53650,53650,53690,53690,53690,53690,53670,53670,53670,53670
2025-11-26 03:30:00,31100,53650,53540,53640,53600,53700,53560,53650,53630,53675,53550,53645,53615
2025-11-26 03:35:00,4000,53620,53580,53600,53610,53630,53600,53630,53630,53625,53590,53615,53620
2025-11-26 03:40:00,9800,53610,53510,53610,53520,53630,53530,53630,53530,53620,53520,53620,53525
2025-11-26 03:45:00,5700,53550,53510,53520,53530,53560,53520,53530,53550,53555,53515,53525,53540
2025-11-26 03:50:00,3200,53560,53520,53530,53520,53570,53530,53550,53540,53565,53525,53540,53530
2025-11-26 03:55:00,5400,53540,53500,53520,53540,53560,53510,53540,53550,53550,53505,53530,53545
2025-11-26 04:00:00,2700,53560,53540,53540,53550,53580,53550,53550,53580,53570,53545,53545,53565
2025-11-26 04:05:00,10800,53560,53510,53550,53510,53580,53520,53580,53530,53570,53515,53565,53520
2025-11-26 04:10:00,10300,53520,53490,53510,53510,53540,53510,53530,53540,53530,53500,53520,53525
2025-11-26 04:15:00,7300,53510,53460,53510,53500,53540,53470,53540,53510,53525,53465,53525,53505
2025-11-26 04:20:00,1200,53500,53490,53500,53490,53520,53500,53510,53510,53510,53495,53505,53500
2025-11-26 04:25:00,8400,53580,53480,53490,53560,53590,53490,53510,53570,53585,53485,53500,53565
2025-11-26 04:30:00,2300,53560,53530,53560,53530,53580,53540,53570,53550,53570,53535,53565,53540
2025-11-26 04:35:00,3700,53550,53520,53530,53520,53570,53540,53550,53540,53560,53530,53540,53530
2025-11-26 04:40:00,4300,53520,53490,53520,53500,53540,53510,53540,53520,53530,53500,53530,53510
2025-11-26 04:45:00,10300,53520,53460,53500,53470,53550,53480,53520,53490,53535,53470,53510,53480
2025-11-26 04:50:00,4400,53470,53450,53470,53470,53500,53460,53490,53490,53480,53455,53480,53480
2025-11-26 04:55:00,14900,53480,53410,53470,53410,53500,53430,53490,53440,53490,53420,53480,53425
2025-11-26 05:00:00,3300,53450,53410,53410,53440,53480,53430,53440,53460,53460,53420,53425,53450
2025-11-26 05:05:00,6100,53480,53420,53440,53480,53510,53450,53470,53500,53495,53440,53455,53490
2025-11-26 05:10:00,7600,53510,53440,53480,53440,53530,53460,53500,53460,53520,53450,53490,53450
2025-11-26 05:15:00,2100,53460,53430,53440,53430,53470,53440,53460,53450,53465,53435,53450,53440
2025-11-26 05:20:00,7300,53450,53430,53430,53430,53480,53450,53450,53450,53460,53440,53440,53440
2025-11-26 05:25:00,4700,53470,53420,53430,53470,53490,53440,53450,53490,53480,53435,53440,53480
2025-11-26 05:30:00,11900,53480,53460,53470,53460,53500,53470,53490,53490,53490,53465,53480,53475
2025-11-26 05:35:00,14000,53510,53460,53460,53500,53550,53480,53490,53530,53530,53470,53475,53515
2025-11-26 05:40:00,6000,53530,53470,53500,53510,53540,53500,53530,53540,53535,53490,53515,53525
2025-11-26 05:45:00,5600,53540,53510,53510,53510,53550,53530,53540,53530,53545,53520,53525,53520
2025-11-26 05:50:00,5900,53520,53470,53510,53480,53530,53480,53530,53500,53525,53475,53520,53490
2025-11-26 05:55:00,6500,53490,53470,53480,53490,53500,53480,53500,53500,53495,53475,53490,53495
2025-11-26 06:00:00,8300,53490,53460,53490,53460,53500,53470,53500,53480,53495,53465,53495,53470
2025-11-26 06:05:00,6700,53470,53440,53460,53450,53480,53460,53480,53470,53475,53450,53470,53460
2025-11-26 06:10:00,5900,53450,53430,53450,53430,53470,53450,53470,53450,53460,53440,53460,53440
2025-11-26 06:15:00,18200,53470,53420,53430,53460,53500,53440,53450,53480,53485,53430,53440,53470
2025-11-26 06:20:00,25100,53500,53440,53460,53490,53520,53450,53480,53510,53510,53445,53470,53500
2025-11-26 06:25:00,,54950,53490,53560,53540,54960,53500,53570,53550,54955,53495,53565,53545
2025-11-26 06:30:00,186500,53510,53510,53510,53510,53560,53560,53560,53560,53535,53535,53535,53535
2025-11-27 00:00:00,68200,53800,53610,53680,53670,53830,53660,53680,53720,53810,53635,53680,53695
2025-11-27 00:05:00,25600,53790,53530,53670,53600,53820,53560,53720,53620,53805,53545,53695,53610
2025-11-27 00:10:00,11200,53640,53510,53600,53540,53660,53540,53620,53560,53650,53525,53610,53550
2025-11-27 00:15:00,6900,53630,53540,53540,53580,53650,53560,53560,53600,53640,53550,53550,53590
2025-11-27 00:20:00,5300,53600,53550,53580,53570,53630,53570,53600,53590,53615,53560,53590,53580
2025-11-27 00:25:00,9000,53620,53550,53570,53620,53640,53560,53590,53640,53630,53555,53580,53630
2025-11-27 00:30:00,7200,53700,53620,53620,53670,53730,53640,53640,53690,53715,53630,53630,53680
2025-11-27 00:35:00,3000,53670,53610,53670,53620,53690,53620,53690,53650,53680,53615,53680,53635
2025-11-27 00:40:00,3000,53630,53580,53620,53600,53650,53600,53640,53630,53640,53590,53630,53615
2025-11-27 00:45:00,7000,53600,53520,53600,53550,53630,53530,53630,53580,53615,53525,53615,53565
2025-11-27 00:50:00,5500,53600,53530,53550,53530,53620,53540,53570,53540,53610,53535,53560,53535
2025-11-27 00:55:00,4800,53600,53530,53530,53570,53620,53540,53540,53600,53610,53535,53535,53585
2025-11-27 01:00:00,1900,53590,53560,53570,53570,53610,53570,53600,53600,53595,53565,53585,53585
2025-11-27 01:05:00,3100,53580,53530,53570,53530,53600,53540,53600,53540,53590,53535,53585,53535
2025-11-27 01:10:00,2000,53570,53530,53530,53540,53580,53540,53540,53550,53575,53535,53535,53545
2025-11-27 01:15:00,4900,53550,53510,53540,53510,53570,53520,53550,53530,53560,53515,53545,53520
2025-11-27 01:20:00,10300,53520,53430,53510,53450,53530,53440,53530,53460,53525,53435,53520,53455
2025-11-27 01:25:00,3400,53480,53440,53440,53450,53490,53450,53460,53470,53485,53445,53450,53460
2025-11-27 01:30:00,4600,53490,53420,53450,53480,53500,53430,53470,53500,53495,53425,53460,53490
2025-11-27 01:35:00,3700,53530,53480,53480,53510,53540,53500,53500,53520,53535,53490,53490,53515
2025-11-27 01:40:00,4400,53510,53470,53510,53470,53520,53480,53520,53480,53515,53475,53515,53475
2025-11-27 01:45:00,5600,53470,53410,53470,53410,53490,53420,53480,53430,53475,53415,53475,53420
2025-11-27 01:50:00,12000,53420,53310,53410,53330,53430,53320,53430,53360,53425,53315,53420,53345
2025-11-27 01:55:00,2600,53360,53310,53330,53310,53380,53330,53360,53330,53370,53320,53345,53320
2025-11-27 02:00:00,7000,53310,53230,53310,53230,53330,53260,53330,53260,53320,53245,53320,53245
2025-11-27 02:05:00,3000,53290,53230,53230,53250,53300,53260,53260,53270,53295,53245,53245,53260
2025-11-27 02:10:00,3100,53290,53230,53260,53290,53300,53240,53270,53300,53295,53235,53265,53295
2025-11-27 02:15:00,1900,53310,53270,53290,53310,53320,53290,53300,53320,53315,53280,53295,53315
2025-11-27 02:20:00,3300,53330,53290,53310,53290,53340,53300,53320,53310,53335,53295,53315,53300
2025-11-27 02:25:00,4000,53310,53280,53290,53280,53330,53290,53300,53320,53320,53285,53295,53300
2025-11-27 02:30:00,7100,53270,53270,53270,53270,53320,53320,53320,53320,53295,53295,53295,53295
2025-11-27 03:30:00,24800,53310,53250,53260,53280,53340,53260,53270,53300,53320,53255,53265,53290
2025-11-27 03:35:00,3500,53320,53260,53280,53320,53340,53280,53300,53340,53330,53270,53290,53330
2025-11-27 03:40:00,4000,53340,53310,53320,53330,53350,53320,53340,53350,53345,53315,53330,53340
2025-11-27 03:45:00,6000,53350,53300,53330,53310,53360,53310,53350,53330,53355,53305,53340,53320
2025-11-27 03:50:00,4400,53330,53280,53320,53280,53350,53300,53330,53300,53340,53290,53325,53290
2025-11-27 03:55:00,4000,53300,53270,53280,53290,53310,53280,53300,53300,53305,53275,53290,53295
2025-11-27 04:00:00,2900,53300,53260,53290,53260,53310,53270,53300,53270,53305,53265,53295,53265
2025-11-27 04:05:00,3000,53280,53260,53260,53270,53290,53270,53270,53280,53285,53265,53265,53275
2025-11-27 04:10:00,2200,53280,53270,53270,53270,53290,53280,53280,53280,53285,53275,53275,53275
2025-11-27 04:15:00,6300,53270,53250,53270,53260,53280,53260,53280,53270,53275,53255,53275,53265
2025-11-27 04:20:00,2300,53280,53250,53260,53250,53290,53260,53270,53260,53285,53255,53265,53255
2025-11-27 04:25:00,2900,53280,53250,53250,53270,53290,53260,53260,53280,53285,53255,53255,53275
2025-11-27 04:30:00,1200,53280,53270,53270,53270,53290,53280,53280,53280,53285,53275,53275,53275
2025-11-27 04:35:00,6100,53320,53270,53270,53310,53340,53280,53280,53330,53330,53275,53275,53320
2025-11-27 04:40:00,4400,53320,53280,53310,53280,53330,53290,53330,53300,53325,53285,53320,53290
2025-11-27 04:45:00,700,53290,53280,53280,53290,53300,53300,53300,53300,53295,53290,53290,53295
2025-11-27 04:50:00,4800,53310,53290,53290,53290,53320,53300,53300,53300,53315,53295,53295,53295
2025-11-27 04:55:00,2600,53290,53280,53290,53280,53300,53290,53300,53290,53295,53285,53295,53285
2025-11-27 05:00:00,3900,53300,53280,53280,53300,53310,53290,53290,53310,53305,53285,53285,53305
2025-11-27 05:05:00,3200,53300,53290,53300,53290,53310,53300,53310,53310,53305,53295,53305,53300
2025-11-27 05:10:00,3600,53300,53270,53300,53280,53310,53290,53310,53300,53305,53280,53305,53290
2025-11-27 05:15:00,4700,53320,53270,53280,53310,53330,53290,53300,53320,53325,53280,53290,53315
2025-11-27 05:20:00,5900,53340,53300,53300,53340,53360,53310,53320,53350,53350,53305,53310,53345
2025-11-27 05:25:00,3400,53360,53330,53340,53330,53370,53340,53350,53340,53365,53335,53345,53335
2025-11-27 05:30:00,4700,53330,53290,53330,53320,53340,53300,53340,53330,53335,53295,53335,53325
2025-11-27 05:35:00,6900,53340,53310,53320,53330,53360,53320,53330,53350,53350,53315,53325,53340
2025-11-27 05:40:00,4200,53370,53330,53330,53370,53380,53340,53350,53380,53375,53335,53340,53375
2025-11-27 05:45:00,6700,53430,53370,53370,53400,53440,53380,53380,53420,53435,53375,53375,53410
2025-11-27 05:50:00,3400,53400,53350,53400,53360,53420,53370,53420,53370,53410,53360,53410,53365
2025-11-27 05:55:00,6100,53410,53350,53360,53390,53420,53370,53370,53400,53415,53360,53365,53395
2025-11-27 06:00:00,7900,53400,53330,53390,53370,53410,53340,53400,53380,53405,53335,53395,53375
2025-11-27 06:05:00,5000,53380,53350,53370,53370,53400,53360,53380,53390,53390,53355,53375,53380
2025-11-27 06:10:00,9300,53470,53370,53370,53460,53480,53390,53390,53470,53475,53380,53380,53465
2025-11-27 06:15:00,8100,53470,53420,53460,53420,53480,53430,53470,53440,53475,53425,53465,53430
2025-11-27 06:20:00,9200,53440,53390,53420,53400,53460,53410,53440,53420,53450,53405,53430,53410
2025-11-27 06:25:00,,53470,53020,53430,53330,53480,53030,53440,53340,53475,53025,53435,53335
2025-11-27 06:30:00,102100,53320,53320,53320,53320,53390,53390,53390,53390,53355,53355,53355,53355
2025-11-28 00:00:00,114000,53250,52810,53200,52920,53340,52830,53210,52950,53280,52820,53205,52935
2025-11-28 00:05:00,15900,53010,52850,52920,52940,53040,52880,52950,52970,53025,52865,52935,52955
2025-11-28 00:10:00,39300,52940,52640,52940,52650,52970,52650,52970,52680,52955,52645,52955,52665
2025-11-28 00:15:00,17500,52830,52640,52650,52800,52860,52650,52680,52840,52845,52645,52665,52820
2025-11-28 00:20:00,3900,52810,52750,52800,52760,52840,52760,52830,52780,52820,52755,52815,52770
2025-11-28 00:25:00,6300,52870,52760,52760,52860,52890,52780,52780,52880,52880,52770,52770,52870
2025-11-28 00:30:00,6400,52900,52780,52860,52780,52920,52790,52880,52800,52910,52785,52870,52790
2025-11-28 00:35:00,5400,52860,52780,52780,52810,52890,52800,52800,52830,52875,52790,52790,52820
2025-11-28 00:40:00,5800,52830,52770,52810,52790,52850,52780,52830,52820,52840,52775,52820,52805
2025-11-28 00:45:00,1600,52790,52760,52790,52760,52820,52770,52820,52790,52805,52765,52805,52775
2025-11-28 00:50:00,8400,52760,52700,52760,52710,52790,52710,52790,52730,52775,52705,52775,52720
2025-11-28 00:55:00,7000,52720,52670,52710,52710,52730,52680,52730,52730,52725,52675,52720,52720
2025-11-28 01:00:00,3100,52730,52660,52710,52670,52750,52680,52730,52680,52740,52670,52720,52675
2025-11-28 01:05:00,3900,52720,52660,52670,52710,52740,52670,52680,52730,52730,52665,52675,52720
2025-11-28 01:10:00,11100,52840,52700,52710,52800,52850,52710,52730,52810,52845,52705,52720,52805
2025-11-28 01:15:00,5700,52830,52760,52800,52780,52850,52770,52810,52800,52840,52765,52805,52790
2025-11-28 01:20:00,6700,52850,52770,52780,52830,52870,52790,52800,52850,52860,52780,52790,52840
2025-11-28 01:25:00,3600,52850,52800,52830,52800,52880,52810,52850,52820,52860,52805,52840,52810
2025-11-28 01:30:00,6100,52840,52780,52800,52840,52850,52800,52820,52850,52845,52790,52810,52845
2025-11-28 01:35:00,3600,52840,52770,52840,52770,52850,52780,52850,52790,52845,52775,52845,52780
2025-11-28 01:40:00,4800,52800,52750,52770,52800,52810,52770,52790,52810,52805,52760,52780,52805
2025-11-28 01:45:00,2500,52810,52770,52800,52800,52820,52780,52810,52820,52815,52775,52805,52810
2025-11-28 01:50:00,1700,52860,52800,52800,52850,52880,52810,52820,52880,52870,52805,52810,52865
2025-11-28 01:55:00,2400,52870,52830,52850,52840,52890,52850,52860,52860,52880,52840,52855,52850
2025-11-28 02:00:00,700,52850,52820,52840,52840,52870,52840,52860,52860,52860,52830,52850,52850
2025-11-28 02:05:00,5000,52910,52840,52840,52880,52930,52860,52860,52900,52920,52850,52850,52890
2025-11-28 02:10:00,3100,52940,52880,52880,52930,52950,52890,52900,52950,52945,52885,52890,52940
2025-11-28 02:15:00,3400,52940,52880,52930,52930,52950,52890,52950,52950,52945,52885,52940,52940
2025-11-28 02:20:00,4500,52940,52880,52930,52890,52960,52890,52950,52910,52950,52885,52940,52900
2025-11-28 02:25:00,18200,52930,52880,52890,52890,52950,52900,52910,52920,52940,52890,52900,52905
2025-11-28 02:30:00,7200,,,,,,,,,,,,
2025-11-28 03:30:00,25800,52940,52850,52850,52910,52960,52860,52860,52930,52950,52855,52855,52920
2025-11-28 03:35:00,3300,52930,52900,52910,52910,52950,52910,52930,52930,52935,52905,52920,52920
2025-11-28 03:40:00,2300,52920,52900,52910,52910,52940,52910,52930,52940,52930,52905,52920,52925
2025-11-28 03:45:00,1800,52920,52900,52910,52910,52940,52920,52930,52930,52930,52910,52920,52920
2025-11-28 03:50:00,2000,52930,52900,52910,52920,52940,52910,52920,52940,52935,52905,52915,52930
2025-11-28 03:55:00,1900,52940,52910,52930,52920,52950,52930,52940,52930,52945,52920,52935,52925
2025-11-28 04:00:00,6200,52940,52880,52920,52880,52950,52900,52930,52900,52945,52890,52925,52890
2025-11-28 04:05:00,3400,52880,52860,52880,52870,52900,52870,52900,52880,52890,52865,52890,52875
2025-11-28 04:10:00,2000,52880,52860,52870,52870,52890,52870,52880,52890,52885,52865,52875,52880
2025-11-28 04:15:00,4000,52900,52850,52880,52890,52920,52860,52890,52920,52910,52855,52885,52905
2025-11-28 04:20:00,2400,52930,52890,52890,52930,52940,52920,52920,52940,52935,52905,52905,52935
2025-11-28 04:25:00,1600,52930,52900,52930,52900,52940,52910,52940,52920,52935,52905,52935,52910
2025-11-28 04:30:00,2800,52920,52900,52900,52900,52930,52910,52920,52920,52925,52905,52910,52910
2025-11-28 04:35:00,3500,52930,52900,52900,52930,52940,52920,52920,52940,52935,52910,52910,52935
2025-11-28 04:40:00,3600,52970,52920,52930,52970,52980,52940,52940,52980,52975,52930,52935,52975
2025-11-28 04:45:00,4300,52970,52930,52970,52950,52980,52940,52980,52960,52975,52935,52975,52955
2025-11-28 04:50:00,1000,52950,52930,52950,52940,52960,52940,52960,52950,52955,52935,52955,52945
2025-11-28 04:55:00,1900,52950,52920,52940,52920,52960,52940,52950,52940,52955,52930,52945,52930
2025-11-28 05:00:00,2200,52950,52920,52920,52930,52960,52940,52940,52940,52955,52930,52930,52935
2025-11-28 05:05:00,3000,52940,52890,52930,52890,52950,52900,52940,52900,52945,52895,52935,52895
2025-11-28 05:10:00,3200,52930,52890,52890,52920,52940,52900,52900,52930,52935,52895,52895,52925
2025-11-28 05:15:00,1400,52920,52900,52920,52910,52930,52910,52930,52920,52925,52905,52925,52915
2025-11-28 05:20:00,2100,52920,52910,52910,52920,52940,52920,52920,52940,52930,52915,52915,52930
2025-11-28 05:25:00,3300,52950,52920,52920,52930,52960,52930,52940,52950,52955,52925,52930,52940
2025-11-28 05:30:00,2200,52950,52920,52930,52930,52960,52940,52950,52940,52955,52930,52940,52935
2025-11-28 05:35:00,2100,52940,52910,52930,52910,52950,52920,52940,52920,52945,52915,52935,52915
2025-11-28 05:40:00,2900,52940,52900,52910,52930,52950,52910,52920,52940,52945,52905,52915,52935
2025-11-28 05:45:00,1300,52930,52920,52930,52930,52950,52940,52940,52940,52940,52930,52935,52935
2025-11-28 05:50:00,13700,53000,52920,52930,52990,53010,52930,52940,53010,53005,52925,52935,53000
2025-11-28 05:55:00,5600,53000,52970,52990,52970,53010,52980,53000,52990,53005,52975,52995,52980
2025-11-28 06:00:00,6000,53000,52930,52970,52950,53010,52950,52990,52970,53005,52940,52980,52960
2025-11-28 06:05:00,4200,52990,52950,52950,52990,53010,52970,52970,53010,53000,52960,52960,53000
2025-11-28 06:10:00,4500,53040,52980,52990,53030,53050,53000,53010,53040,53045,52990,53000,53035
2025-11-28 06:15:00,9800,53030,53010,53030,53020,53040,53020,53040,53040,53035,53015,53035,53030
2025-11-28 06:20:00,10700,53030,52970,53020,53030,53040,52990,53040,53040,53035,52980,53030,53035
2025-11-28 06:25:00,,53260,52620,53180,53130,53270,52620,53190,53140,53265,52620,53185,53135
2025-11-28 06:30:00,141200,53100,53100,53100,53100,53150,53150,53150,53150,53125,53125,53125,53125
2025-12-01 00:00:00,71100,53020,52810,52990,52900,53130,52830,53000,52930,53070,52820,52995,52915
2025-12-01 00:05:00,13900,52940,52770,52900,52890,52980,52800,52930,52910,52955,52785,52915,52900
2025-12-01 00:10:00,11000,52970,52840,52890,52960,52990,52870,52910,52990,52980,52855,52900,52975
2025-12-01 00:15:00,10500,53080,52920,52960,53080,53100,52940,52990,53100,53090,52930,52975,53090
2025-12-01 00:20:00,7600,53110,53000,53080,53000,53130,53030,53100,53030,53115,53015,53090,53015
2025-12-01 00:25:00,4800,53080,52980,53000,53030,53100,53010,53030,53060,53090,52995,53015,53045
2025-12-01 00:30:00,5500,53070,53010,53030,53010,53100,53030,53070,53040,53085,53020,53050,53025
2025-12-01 00:35:00,6300,53040,52950,53010,52980,53060,52970,53040,53000,53045,52960,53025,52990
2025-12-01 00:40:00,4100,52970,52880,52970,52880,53000,52890,53000,52900,52985,52885,52985,52890
2025-12-01 00:45:00,6000,52950,52850,52880,52920,52980,52880,52890,52950,52965,52865,52885,52935
2025-12-01 00:50:00,3800,52940,52910,52920,52930,52970,52930,52950,52960,52955,52920,52935,52945
2025-12-01 00:55:00,2300,52940,52900,52940,52920,52960,52930,52960,52950,52950,52915,52950,52935
2025-12-01 01:00:00,6500,52990,52900,52920,52950,53010,52910,52950,52990,53000,52905,52935,52970
2025-12-01 01:05:00,4500,52960,52920,52950,52920,52990,52940,52980,52950,52975,52930,52965,52935
2025-12-01 01:10:00,8100,52920,52820,52920,52880,52960,52850,52950,52900,52940,52835,52935,52890
2025-12-01 01:15:00,2200,52880,52830,52880,52860,52900,52870,52900,52880,52890,52850,52890,52870
2025-12-01 01:20:00,3600,52860,52830,52860,52840,52890,52850,52880,52860,52875,52845,52870,52850
2025-12-01 01:25:00,1400,52860,52840,52840,52840,52880,52850,52860,52860,52870,52845,52850,52850
2025-12-01 01:30:00,18700,52890,52750,52840,52890,52910,52770,52860,52910,52900,52760,52850,52900
2025-12-01 01:35:00,3300,52890,52830,52890,52840,52920,52850,52910,52880,52905,52840,52900,52860
2025-12-01 01:40:00,3400,52880,52840,52840,52860,52900,52870,52870,52890,52890,52855,52855,52875
2025-12-01 01:45:00,7600,52930,52840,52870,52920,52940,52870,52890,52930,52935,52855,52880,52925
2025-12-01 01:50:00,1900,52920,52900,52920,52910,52940,52910,52930,52930,52930,52905,52925,52920
2025-12-01 01:55:00,1500,52930,52900,52910,52910,52940,52920,52930,52930,52935,52915,52920,52920
2025-12-01 02:00:00,3800,52910,52850,52910,52860,52940,52880,52930,52890,52925,52865,52920,52875
2025-12-01 02:05:00,2300,52870,52830,52860,52840,52900,52850,52900,52870,52885,52840,52880,52855
2025-12-01 02:10:00,10000,52840,52710,52840,52750,52870,52720,52860,52770,52855,52715,52850,52760
2025-12-01 02:15:00,8300,52750,52690,52750,52690,52770,52700,52770,52710,52760,52695,52760,52700
2025-12-01 02:20:00,5700,52730,52670,52690,52690,52740,52690,52710,52700,52735,52680,52700,52695
2025-12-01 02:25:00,4200,52720,52670,52690,52700,52740,52680,52700,52740,52730,52675,52695,52720
2025-12-01 02:30:00,7100,,,,,,,,,,,,
2025-12-01 03:30:00,28900,52720,52650,52700,52670,52740,52670,52730,52690,52730,52660,52715,52680
2025-12-01 03:35:00,5700,52690,52650,52670,52680,52700,52670,52690,52700,52695,52665,52680,52690
2025-12-01 03:40:00,4500,52710,52680,52680,52690,52720,52690,52700,52710,52715,52685,52690,52700
2025-12-01 03:45:00,4800,52700,52660,52690,52660,52710,52670,52710,52690,52705,52665,52700,52675
2025-12-01 03:50:00,13400,52680,52620,52660,52650,52690,52640,52690,52670,52685,52630,52675,52660
2025-12-01 03:55:00,4200,52660,52610,52650,52630,52670,52620,52670,52640,52665,52615,52660,52635
2025-12-01 04:00:00,8100,52630,52580,52630,52610,52640,52590,52640,52620,52635,52585,52635,52615
2025-12-01 04:05:00,6500,52620,52530,52610,52530,52640,52540,52620,52550,52630,52535,52615,52540
2025-12-01 04:10:00,3000,52590,52530,52540,52580,52600,52550,52550,52600,52595,52540,52545,52590
2025-12-01 04:15:00,3400,52620,52580,52580,52600,52640,52590,52600,52620,52630,52585,52590,52610
2025-12-01 04:20:00,2600,52610,52570,52610,52580,52620,52590,52620,52600,52615,52585,52615,52590
2025-12-01 04:25:00,1700,52600,52580,52590,52590,52610,52600,52600,52600,52605,52590,52595,52595
2025-12-01 04:30:00,3800,52610,52580,52590,52600,52620,52590,52600,52610,52615,52585,52595,52605
2025-12-01 04:35:00,1700,52610,52590,52600,52600,52620,52600,52610,52620,52615,52595,52605,52610
2025-12-01 04:40:00,2100,52620,52600,52600,52610,52630,52620,52620,52630,52625,52610,52610,52620
2025-12-01 04:45:00,7300,52610,52570,52610,52580,52630,52590,52630,52600,52620,52580,52620,52590
2025-12-01 04:50:00,10900,52590,52500,52590,52500,52600,52510,52600,52520,52595,52505,52595,52510
2025-12-01 04:55:00,3500,52530,52500,52500,52520,52540,52510,52520,52540,52535,52505,52510,52530
2025-12-01 05:00:00,13900,52530,52470,52520,52470,52550,52480,52540,52490,52540,52475,52530,52480
2025-12-01 05:05:00,2900,52480,52430,52470,52440,52490,52450,52490,52450,52485,52440,52480,52445
2025-12-01 05:10:00,6100,52510,52440,52440,52450,52520,52450,52450,52480,52515,52445,52445,52465
2025-12-01 05:15:00,2600,52470,52440,52450,52470,52490,52450,52480,52490,52480,52445,52465,52480
2025-12-01 05:20:00,3100,52480,52440,52470,52470,52490,52450,52490,52490,52485,52445,52480,52480
2025-12-01 05:25:00,3900,52510,52460,52470,52480,52520,52480,52490,52510,52515,52470,52480,52495
2025-12-01 05:30:00,3900,52540,52470,52480,52530,52550,52480,52510,52550,52545,52475,52495,52540
2025-12-01 05:35:00,3200,52530,52470,52530,52500,52550,52490,52550,52520,52540,52480,52540,52510
2025-12-01 05:40:00,2900,52520,52490,52500,52510,52530,52510,52520,52530,52525,52500,52510,52520
2025-12-01 05:45:00,3300,52540,52510,52510,52520,52550,52530,52530,52530,52545,52520,52520,52525
2025-12-01 05:50:00,5800,52530,52470,52520,52510,52540,52490,52530,52530,52535,52480,52525,52520
2025-12-01 05:55:00,7600,52610,52510,52510,52600,52620,52530,52530,52620,52615,52520,52520,52610
2025-12-01 06:00:00,7800,52670,52590,52600,52650,52690,52610,52620,52670,52680,52600,52610,52660
2025-12-01 06:05:00,4800,52670,52620,52650,52660,52680,52650,52670,52680,52675,52640,52660,52670
2025-12-01 06:10:00,9400,52700,52650,52660,52660,52710,52660,52680,52680,52705,52655,52670,52670
2025-12-01 06:15:00,7000,52660,52560,52660,52580,52680,52570,52680,52600,52670,52565,52670,52590
2025-12-01 06:20:00,7400,52600,52570,52580,52590,52620,52580,52600,52600,52610,52575,52590,52595
2025-12-01 06:25:00,,52680,52000,52620,52440,52680,52010,52630,52450,52680,52005,52625,52445
2025-12-01 06:30:00,136300,52440,52440,52440,52440,52590,52590,52590,52590,52515,52515,52515,52515
2025-12-02 00:00:00,130000,52320,51750,52230,51820,52430,51780,52240,51870,52340,51770,52235,51845
2025-12-02 00:05:00,26900,51840,51620,51820,51650,51890,51650,51870,51690,51865,51635,51845,51670
2025-12-02 00:10:00,16700,51860,51650,51650,51740,51900,51690,51690,51780,51880,51670,51670,51760
2025-12-02 00:15:00,9900,51840,51720,51740,51760,51860,51750,51780,51790,51850,51735,51760,51775
2025-12-02 00:20:00,24800,51760,51510,51760,51560,51790,51520,51790,51580,51775,51515,51775,51570
2025-12-02 00:25:00,11600,51620,51540,51560,51590,51650,51560,51580,51610,51635,51550,51570,51600
2025-12-02 00:30:00,14400,51700,51550,51590,51690,51720,51570,51610,51720,51710,51560,51600,51705
2025-12-02 00:35:00,17800,51720,51640,51690,51710,51750,51660,51720,51730,51735,51650,51705,51720
2025-12-02 00:40:00,38400,51770,51580,51710,51590,51810,51590,51730,51620,51785,51585,51720,51605
2025-12-02 00:45:00,9700,51650,51550,51590,51630,51680,51570,51620,51660,51665,51560,51605,51645
2025-12-02 00:50:00,16400,51850,51630,51630,51770,51860,51660,51660,51790,51855,51645,51645,51780
2025-12-02 00:55:00,9400,51810,51740,51770,51740,51820,51760,51790,51770,51815,51750,51780,51755
2025-12-02 01:00:00,7300,51760,51660,51740,51660,51770,51680,51770,51680,51765,51670,51755,51670
2025-12-02 01:05:00,6500,51740,51640,51660,51710,51770,51650,51680,51740,51755,51645,51670,51725
2025-12-02 01:10:00,5300,51770,51700,51710,51770,51790,51730,51740,51790,51780,51715,51725,51780
2025-12-02 01:15:00,5000,51790,51720,51770,51750,51810,51750,51790,51770,51800,51735,51780,51760
2025-12-02 01:20:00,4200,51790,51720,51750,51730,51800,51740,51770,51750,51795,51730,51760,51740
2025-12-02 01:25:00,4300,51790,51710,51730,51760,51800,51730,51750,51780,51795,51720,51740,51770
2025-12-02 01:30:00,7900,51780,51690,51760,51770,51800,51710,51780,51800,51790,51700,51770,51785
2025-12-02 01:35:00,5800,51830,51760,51770,51810,51850,51780,51800,51820,51840,51775,51785,51815
2025-12-02 01:40:00,3200,51820,51780,51810,51790,51830,51800,51820,51810,51825,51790,51815,51800
2025-12-02 01:45:00,7500,51960,51790,51790,51870,51980,51800,51810,51900,51970,51795,51800,51885
2025-12-02 01:50:00,3100,51900,51850,51870,51870,51930,51870,51900,51890,51915,51860,51885,51880
2025-12-02 01:55:00,3700,51900,51810,51870,51810,51920,51840,51890,51850,51905,51825,51880,51830
2025-12-02 02:00:00,5200,51850,51800,51810,51830,51860,51820,51850,51850,51855,51810,51830,51840
2025-12-02 02:05:00,4400,51870,51820,51830,51830,51880,51840,51850,51860,51875,51830,51840,51845
2025-12-02 02:10:00,3800,51840,51790,51830,51810,51860,51800,51860,51830,51850,51795,51845,51820
2025-12-02 02:15:00,3000,51820,51800,51810,51820,51840,51810,51830,51840,51830,51805,51820,51830
2025-12-02 02:20:00,2300,51850,51820,51820,51830,51870,51840,51840,51850,51860,51830,51830,51840
2025-12-02 02:25:00,6600,51840,51770,51830,51780,51870,51800,51850,51800,51855,51785,51840,51790
2025-12-02 02:30:00,2100,51770,51770,51770,51770,51800,51800,51800,51800,51785,51785,51785,51785
2025-12-02 03:30:00,30100,51680,51600,51610,51670,51750,51620,51620,51690,51695,51615,51615,51680
2025-12-02 03:35:00,2800,51670,51630,51670,51650,51690,51650,51690,51670,51680,51645,51680,51660
2025-12-02 03:40:00,4000,51760,51650,51650,51750,51770,51670,51670,51770,51765,51660,51660,51760
2025-12-02 03:45:00,9200,51800,51750,51750,51750,51820,51770,51770,51780,51810,51760,51760,51765
2025-12-02 03:50:00,2100,51790,51750,51750,51780,51800,51770,51780,51800,51795,51760,51765,51790
2025-12-02 03:55:00,4500,51840,51780,51780,51810,51850,51800,51800,51830,51845,51790,51790,51820
2025-12-02 04:00:00,4700,51850,51810,51810,51820,51860,51820,51820,51840,51855,51815,51815,51830
2025-12-02 04:05:00,5100,51830,51770,51820,51790,51840,51790,51840,51820,51835,51780,51830,51805
2025-12-02 04:10:00,2800,51810,51780,51790,51790,51830,51790,51810,51810,51820,51785,51800,51800
2025-12-02 04:15:00,2600,51790,51750,51790,51760,51810,51770,51810,51780,51800,51760,51800,51770
2025-12-02 04:20:00,4400,51800,51750,51760,51760,51820,51760,51780,51790,51805,51755,51770,51775
2025-12-02 04:25:00,1600,51790,51760,51760,51780,51810,51780,51790,51800,51800,51770,51775,51790
2025-12-02 04:30:00,2100,51830,51780,51780,51830,51850,51800,51800,51850,51840,51790,51790,51840
2025-12-02 04:35:00,10600,51910,51820,51830,51820,51930,51840,51850,51850,51915,51830,51840,51835
2025-12-02 04:40:00,2100,51880,51820,51820,51840,51890,51840,51850,51850,51885,51830,51835,51845
2025-12-02 04:45:00,2300,51850,51830,51840,51830,51870,51840,51850,51850,51860,51835,51845,51840
2025-12-02 04:50:00,3300,51840,51820,51830,51830,51850,51830,51850,51850,51845,51825,51840,51840
2025-12-02 04:55:00,6500,51830,51770,51830,51800,51850,51780,51850,51810,51840,51775,51840,51805
2025-12-02 05:00:00,4900,51850,51800,51800,51840,51870,51810,51810,51860,51860,51805,51805,51850
2025-12-02 05:05:00,3700,51850,51800,51840,51810,51860,51820,51860,51830,51855,51810,51850,51820
2025-12-02 05:10:00,2700,51830,51800,51810,51800,51850,51810,51830,51820,51840,51805,51820,51810
2025-12-02 05:15:00,1400,51830,51800,51800,51820,51850,51820,51820,51830,51840,51810,51810,51825
2025-12-02 05:20:00,10700,51850,51820,51820,51840,51870,51830,51830,51870,51860,51825,51825,51855
2025-12-02 05:25:00,8500,51850,51800,51840,51810,51880,51810,51870,51830,51865,51805,51855,51820
2025-12-02 05:30:00,4100,51830,51770,51810,51830,51840,51780,51830,51840,51835,51775,51820,51835
2025-12-02 05:35:00,8000,51860,51780,51830,51780,51880,51790,51840,51800,51870,51785,51835,51790
2025-12-02 05:40:00,2700,51840,51780,51780,51840,51860,51800,51800,51860,51850,51790,51790,51850
2025-12-02 05:45:00,3400,51850,51820,51840,51850,51870,51840,51860,51870,51860,51830,51850,51860
2025-12-02 05:50:00,14200,51870,51810,51850,51810,51880,51820,51870,51820,51875,51815,51860,51815
2025-12-02 05:55:00,6100,51860,51810,51810,51840,51870,51820,51820,51870,51865,51815,51815,51855
2025-12-02 06:00:00,26500,51900,51840,51840,51890,51930,51850,51870,51920,51915,51845,51855,51905
2025-12-02 06:05:00,14400,52090,51880,51900,52080,52100,51890,51920,52100,52095,51885,51910,52090
2025-12-02 06:10:00,15600,52200,52050,52080,52200,52230,52060,52100,52220,52215,52055,52090,52210
2025-12-02 06:15:00,10900,52210,52100,52200,52130,52220,52110,52220,52140,52215,52105,52210,52135
2025-12-02 06:20:00,12600,52270,52090,52130,52250,52290,52100,52140,52280,52275,52095,52135,52265
2025-12-02 06:25:00,,52910,51790,52900,52270,52920,51800,52900,52280,52915,51795,52900,52275
2025-12-02 06:30:00,143100,52270,52270,52270,52270,52280,52280,52280,52280,52275,52275,52275,52275
2025-12-03 00:00:00,78900,52760,52300,52610,52630,52800,52380,52610,52650,52780,52345,52610,52640
2025-12-03 00:05:00,15400,52650,52300,52630,52400,52670,52330,52650,52430,52660,52320,52640,52415
2025-12-03 00:10:00,7900,52430,52320,52400,52390,52470,52340,52430,52410,52450,52330,52415,52400
2025-12-03 00:15:00,8400,52450,52330,52390,52380,52470,52350,52410,52410,52455,52340,52400,52395
2025-12-03 00:20:00,8400,52390,52210,52380,52250,52420,52220,52410,52280,52405,52215,52395,52265
2025-12-03 00:25:00,6800,52320,52180,52240,52320,52350,52190,52280,52350,52335,52185,52260,52335
2025-12-03 00:30:00,6100,52370,52230,52320,52230,52410,52250,52350,52250,52385,52240,52335,52240
2025-12-03 00:35:00,9800,52290,52170,52230,52250,52300,52180,52250,52280,52295,52175,52240,52265
2025-12-03 00:40:00,6800,52250,52160,52250,52170,52280,52170,52280,52180,52265,52165,52265,52175
2025-12-03 00:45:00,6700,52220,52100,52170,52200,52250,52110,52180,52220,52235,52105,52175,52210
2025-12-03 00:50:00,11200,52240,52020,52200,52030,52270,52030,52220,52060,52255,52025,52210,52045
2025-12-03 00:55:00,4300,52040,52010,52030,52040,52060,52020,52060,52050,52050,52015,52045,52045
2025-12-03 01:00:00,5000,52100,52020,52040,52040,52120,52040,52050,52060,52105,52030,52045,52050
2025-12-03 01:05:00,23400,52330,52010,52040,52300,52360,52030,52060,52330,52345,52020,52050,52315
2025-12-03 01:10:00,6900,52350,52260,52300,52260,52380,52280,52330,52280,52365,52270,52315,52270
2025-12-03 01:15:00,3900,52280,52220,52260,52260,52300,52240,52280,52280,52290,52230,52270,52270
2025-12-03 01:20:00,3800,52280,52240,52260,52280,52290,52250,52280,52290,52285,52245,52270,52285
2025-12-03 01:25:00,3600,52330,52270,52280,52320,52350,52290,52290,52330,52340,52280,52285,52325
2025-12-03 01:30:00,3600,52390,52290,52320,52360,52400,52300,52330,52380,52395,52295,52325,52370
2025-12-03 01:35:00,2500,52370,52290,52360,52290,52380,52300,52380,52320,52375,52295,52370,52305
2025-12-03 01:40:00,4000,52340,52280,52290,52290,52360,52300,52320,52310,52350,52295,52305,52300
2025-12-03 01:45:00,4800,52370,52290,52290,52340,52380,52310,52310,52360,52375,52300,52300,52350
2025-12-03 01:50:00,2600,52370,52320,52340,52330,52380,52340,52360,52360,52375,52330,52350,52345
2025-12-03 01:55:00,2800,52340,52280,52330,52320,52360,52300,52360,52350,52350,52295,52345,52335
2025-12-03 02:00:00,2300,52360,52300,52320,52310,52380,52320,52350,52330,52370,52315,52335,52320
2025-12-03 02:05:00,5300,52310,52250,52310,52260,52330,52270,52330,52290,52320,52260,52320,52275
2025-12-03 02:10:00,7500,52370,52170,52260,52320,52390,52180,52290,52340,52380,52175,52275,52330
2025-12-03 02:15:00,3100,52380,52290,52320,52350,52390,52320,52340,52370,52385,52305,52330,52360
2025-12-03 02:20:00,15900,52420,52350,52350,52410,52450,52370,52380,52450,52435,52360,52365,52430
2025-12-03 02:25:00,3200,52450,52400,52410,52420,52460,52430,52450,52450,52455,52420,52430,52435
2025-12-03 02:30:00,13600,52410,52410,52410,52410,52450,52450,52450,52450,52430,52430,52430,52430
2025-12-03 03:30:00,15400,52430,52370,52400,52410,52450,52390,52400,52430,52435,52385,52400,52420
2025-12-03 03:35:00,7300,52620,52410,52410,52530,52640,52430,52430,52560,52630,52420,52420,52545
2025-12-03 03:40:00,2000,52540,52440,52530,52480,52570,52470,52560,52500,52555,52460,52545,52490
2025-12-03 03:45:00,3200,52510,52430,52480,52430,52530,52450,52500,52450,52520,52440,52490,52440
2025-12-03 03:50:00,3600,52460,52380,52430,52400,52480,52400,52450,52410,52470,52390,52440,52405
2025-12-03 03:55:00,5100,52410,52380,52400,52400,52420,52390,52410,52410,52415,52385,52405,52405
2025-12-03 04:00:00,2800,52420,52380,52400,52390,52440,52400,52410,52410,52430,52390,52405,52400
2025-12-03 04:05:00,3500,52440,52390,52390,52430,52460,52410,52410,52450,52450,52400,52400,52440
2025-12-03 04:10:00,2200,52470,52430,52430,52460,52490,52450,52450,52470,52480,52440,52440,52465
2025-12-03 04:15:00,3000,52460,52430,52460,52460,52470,52440,52470,52470,52465,52435,52465,52465
2025-12-03 04:20:00,4100,52500,52460,52460,52490,52510,52470,52470,52510,52505,52465,52465,52500
2025-12-03 04:25:00,5600,52490,52430,52490,52460,52520,52450,52500,52480,52505,52440,52495,52470
2025-12-03 04:30:00,2700,52470,52430,52460,52430,52480,52440,52480,52440,52475,52435,52470,52435
2025-12-03 04:35:00,3300,52470,52430,52430,52460,52480,52440,52440,52470,52475,52435,52435,52465
2025-12-03 04:40:00,2900,52460,52440,52460,52450,52480,52450,52470,52470,52470,52445,52465,52460
2025-12-03 04:45:00,3100,52480,52450,52450,52450,52500,52460,52470,52460,52490,52455,52460,52455
2025-12-03 04:50:00,3900,52450,52410,52450,52440,52460,52420,52460,52460,52455,52415,52455,52450
2025-12-03 04:55:00,2500,52460,52400,52440,52410,52470,52420,52460,52430,52465,52410,52450,52420
2025-12-03 05:00:00,3600,52450,52400,52410,52440,52480,52410,52430,52450,52465,52405,52420,52445
2025-12-03 05:05:00,2500,52440,52410,52440,52410,52450,52420,52450,52430,52445,52415,52445,52420
2025-12-03 05:10:00,2600,52410,52390,52410,52400,52430,52400,52430,52410,52420,52395,52420,52405
2025-12-03 05:15:00,3800,52430,52400,52400,52410,52450,52410,52410,52430,52440,52405,52405,52420
2025-12-03 05:20:00,3900,52410,52370,52410,52390,52420,52380,52420,52400,52415,52375,52415,52395
2025-12-03 05:25:00,4300,52430,52380,52390,52420,52440,52390,52400,52430,52435,52385,52395,52425
2025-12-03 05:30:00,5800,52450,52380,52420,52440,52460,52400,52440,52460,52455,52390,52430,52450
2025-12-03 05:35:00,7000,52530,52440,52440,52460,52540,52450,52450,52480,52535,52445,52445,52470
2025-12-03 05:40:00,2700,52470,52420,52460,52440,52480,52440,52480,52460,52475,52430,52470,52450
2025-12-03 05:45:00,3000,52440,52410,52440,52420,52460,52430,52460,52430,52450,52420,52450,52425
2025-12-03 05:50:00,6500,52430,52360,52420,52360,52440,52380,52430,52380,52435,52370,52425,52370
2025-12-03 05:55:00,5700,52380,52350,52370,52380,52390,52360,52380,52390,52385,52355,52375,52385
2025-12-03 06:00:00,8100,52380,52350,52380,52370,52400,52360,52390,52390,52390,52355,52385,52380
2025-12-03 06:05:00,6100,52370,52320,52370,52330,52390,52330,52390,52340,52380,52325,52380,52335
2025-12-03 06:10:00,5900,52340,52310,52330,52320,52350,52320,52340,52340,52345,52315,52335,52330
2025-12-03 06:15:00,6400,52310,52250,52310,52270,52340,52260,52340,52290,52325,52255,52325,52280
2025-12-03 06:20:00,7800,52310,52250,52270,52250,52320,52260,52290,52270,52315,52255,52280,52260
2025-12-03 06:25:00,,52740,51500,51930,52310,52750,51510,51940,52320,52745,51505,51935,52315
2025-12-03 06:30:00,130400,52250,52250,52250,52250,52320,52320,52320,52320,52285,52285,52285,52285
2025-12-04 00:00:00,101700,53300,52710,52990,53290,53330,52880,53000,53330,53315,52815,52995,53310
2025-12-04 00:05:00,19900,53420,53240,53290,53420,53450,53250,53330,53450,53435,53245,53310,53435
2025-12-04 00:10:00,29800,53700,53400,53420,53680,53750,53410,53450,53710,53725,53405,53435,53695
2025-12-04 00:15:00,14300,53710,53510,53680,53630,53730,53540,53710,53650,53720,53525,53695,53640
2025-12-04 00:20:00,8000,53630,53440,53630,53460,53650,53460,53650,53500,53640,53450,53640,53480
2025-12-04 00:25:00,6700,53590,53440,53460,53570,53610,53470,53500,53590,53600,53460,53480,53580
2025-12-04 00:30:00,18700,53770,53560,53570,53730,53790,53590,53590,53760,53780,53575,53580,53745
2025-12-04 00:35:00,17600,53980,53700,53730,53960,53990,53730,53760,53980,53985,53720,53745,53970
2025-12-04 00:40:00,26400,54160,53880,53960,54150,54180,53900,53980,54170,54170,53890,53970,54160
2025-12-04 00:45:00,14800,54210,54030,54140,54180,54220,54070,54170,54210,54215,54050,54155,54195
2025-12-04 00:50:00,21300,54270,54180,54180,54200,54280,54200,54210,54220,54275,54190,54195,54210
2025-12-04 00:55:00,27000,54430,54190,54200,54360,54450,54220,54220,54390,54440,54205,54210,54375
2025-12-04 01:00:00,28200,54520,54310,54360,54390,54530,54320,54390,54430,54525,54315,54375,54410
2025-12-04 01:05:00,15000,54530,54350,54390,54450,54550,54370,54430,54480,54540,54360,54410,54465
2025-12-04 01:10:00,13300,54610,54450,54450,54600,54640,54470,54470,54640,54625,54460,54460,54620
2025-12-04 01:15:00,21200,54870,54580,54600,54830,54890,54610,54640,54850,54880,54595,54620,54840
2025-12-04 01:20:00,14500,54900,54790,54830,54820,54920,54800,54850,54850,54910,54795,54840,54835
2025-12-04 01:25:00,12300,54960,54810,54820,54950,54980,54830,54850,54970,54965,54825,54835,54960
2025-12-04 01:30:00,23900,55010,54910,54950,54990,55030,54920,54970,55000,55020,54915,54960,54995
2025-12-04 01:35:00,14800,55070,54920,54990,54970,55090,54940,55000,54980,55080,54930,54995,54975
2025-12-04 01:40:00,15000,54980,54750,54970,54890,55000,54770,54980,54920,54990,54760,54975,54905
2025-12-04 01:45:00,7900,54970,54890,54890,54940,54990,54920,54920,54970,54980,54905,54905,54955
2025-12-04 01:50:00,7300,54980,54900,54930,54900,54990,54920,54970,54920,54985,54910,54950,54910
2025-12-04 01:55:00,13900,55020,54890,54900,55000,55030,54900,54920,55030,55025,54895,54910,55015
2025-12-04 02:00:00,24500,55220,55000,55000,55190,55240,55030,55040,55210,55225,55020,55020,55200
2025-12-04 02:05:00,7600,55190,55060,55190,55110,55220,55090,55210,55130,55205,55075,55200,55120
2025-12-04 02:10:00,6300,55140,55080,55110,55120,55160,55100,55130,55150,55150,55090,55120,55135
2025-12-04 02:15:00,4500,55140,55110,55120,55140,55150,55120,55150,55150,55145,55115,55135,55145
2025-12-04 02:20:00,7500,55170,55120,55140,55160,55180,55130,55150,55180,55175,55125,55145,55170
2025-12-04 02:25:00,8800,55180,55070,55160,55100,55190,55080,55180,55130,55185,55075,55170,55115
2025-12-04 02:30:00,4700,,,,,,,,,,,,
2025-12-04 03:30:00,42000,55270,55050,55190,55270,55300,55080,55200,55280,55280,55065,55195,55275
2025-12-04 03:35:00,13100,55290,55200,55270,55230,55300,55220,55280,55250,55295,55210,55275,55240
2025-12-04 03:40:00,9800,55320,55230,55230,55280,55330,55250,55250,55300,55325,55240,55240,55290
2025-12-04 03:45:00,13000,55390,55270,55280,55370,55400,55300,55300,55380,55395,55285,55290,55375
2025-12-04 03:50:00,16300,55420,55300,55370,55370,55440,55330,55380,55390,55425,55315,55375,55380
2025-12-04 03:55:00,7800,55400,55350,55370,55350,55420,55370,55390,55370,55410,55360,55380,55360
2025-12-04 04:00:00,6600,55400,55320,55350,55370,55410,55350,55370,55390,55405,55335,55360,55380
2025-12-04 04:05:00,6300,55410,55330,55370,55400,55420,55350,55390,55420,55415,55340,55380,55410
2025-12-04 04:10:00,7000,55430,55370,55400,55430,55450,55400,55420,55450,55440,55385,55410,55440
2025-12-04 04:15:00,28300,55630,55430,55430,55610,55660,55450,55450,55640,55645,55440,55440,55625
2025-12-04 04:20:00,8800,55640,55550,55610,55590,55650,55570,55640,55610,55645,55560,55625,55600
2025-12-04 04:25:00,7900,55630,55570,55590,55590,55640,55590,55610,55610,55635,55580,55600,55600
2025-12-04 04:30:00,18800,55730,55590,55590,55630,55750,55600,55610,55660,55740,55595,55600,55645
2025-12-04 04:35:00,7700,55650,55580,55630,55600,55670,55590,55660,55610,55655,55585,55645,55605
2025-12-04 04:40:00,6300,55650,55580,55600,55650,55680,55600,55610,55670,55665,55590,55605,55660
2025-12-04 04:45:00,8800,55710,55650,55650,55700,55730,55660,55670,55720,55720,55655,55660,55710
2025-12-04 04:50:00,15200,55790,55700,55700,55790,55800,55720,55720,55800,55795,55710,55710,55795
2025-12-04 04:55:00,15300,55860,55780,55790,55860,55870,55790,55800,55870,55865,55785,55795,55865
2025-12-04 05:00:00,12900,55940,55850,55860,55880,55950,55860,55870,55900,55945,55855,55865,55890
2025-12-04 05:05:00,10200,55940,55860,55880,55940,55950,55890,55900,55950,55945,55875,55890,55945
2025-12-04 05:10:00,30100,56030,55920,55940,55990,56050,55940,55950,56010,56040,55930,55945,56000
2025-12-04 05:15:00,13200,56000,55860,55990,55920,56010,55880,56010,55940,56005,55870,56000,55930
2025-12-04 05:20:00,12500,56040,55920,55920,55960,56050,55930,55940,55970,56045,55925,55930,55965
2025-12-04 05:25:00,10000,55960,55800,55960,55820,55970,55820,55970,55850,55965,55810,55965,55835
2025-12-04 05:30:00,9500,55880,55740,55820,55760,55890,55750,55850,55780,55885,55745,55835,55770
2025-12-04 05:35:00,11000,55810,55690,55760,55760,55830,55720,55780,55770,55820,55705,55770,55765
2025-12-04 05:40:00,9200,55800,55610,55760,55660,55820,55630,55770,55670,55810,55625,55765,55665
2025-12-04 05:45:00,6700,55690,55650,55660,55660,55700,55670,55670,55670,55695,55660,55665,55665
2025-12-04 05:50:00,8800,55710,55610,55660,55620,55720,55630,55670,55630,55715,55620,55665,55625
2025-12-04 05:55:00,11100,55630,55500,55620,55520,55640,55510,55630,55530,55635,55505,55625,55525
2025-12-04 06:00:00,10700,55680,55520,55520,55620,55690,55530,55530,55640,55685,55525,55525,55630
2025-12-04 06:05:00,14100,55740,55620,55620,55720,55750,55640,55640,55730,55745,55630,55630,55725
2025-12-04 06:10:00,14000,55720,55640,55720,55700,55740,55660,55730,55710,55725,55650,55725,55705
2025-12-04 06:15:00,29200,55860,55700,55700,55780,55880,55710,55710,55800,55865,55705,55705,55790
2025-12-04 06:20:00,17600,55890,55780,55780,55890,55900,55800,55800,55900,55895,55790,55790,55895
2025-12-04 06:25:00,,56220,55300,55510,55740,56230,55300,55510,55750,56225,55300,55510,55745
2025-12-04 06:30:00,157800,55720,55720,55720,55720,55800,55800,55800,55800,55760,55760,55760,55760
2025-12-05 00:00:00,170100,55190,54650,55060,54650,55290,54660,55070,54670,55225,54655,55065,54660
2025-12-05 00:05:00,33700,54660,54410,54650,54510,54700,54450,54670,54560,54680,54430,54660,54535
2025-12-05 00:10:00,24300,54510,54320,54510,54390,54560,54330,54560,54420,54535,54325,54535,54405
2025-12-05 00:15:00,21600,54740,54370,54390,54690,54760,54380,54420,54720,54750,54375,54405,54705
2025-12-05 00:20:00,13000,54690,54520,54690,54570,54720,54540,54720,54610,54705,54530,54705,54590
2025-12-05 00:25:00,20300,54880,54570,54570,54880,54910,54600,54610,54910,54895,54585,54590,54895
2025-12-05 00:30:00,14200,54920,54750,54880,54860,54950,54770,54910,54880,54935,54760,54895,54870
2025-12-05 00:35:00,9200,54870,54750,54860,54770,54900,54770,54880,54790,54885,54760,54870,54780
2025-12-05 00:40:00,16200,54810,54530,54770,54730,54830,54560,54790,54760,54820,54545,54780,54745
2025-12-05 00:45:00,15500,54910,54660,54730,54880,54920,54690,54750,54910,54915,54675,54740,54895
2025-12-05 00:50:00,11300,54890,54700,54880,54780,54910,54730,54910,54820,54900,54715,54895,54800
2025-12-05 00:55:00,8000,54800,54700,54780,54710,54820,54720,54820,54740,54810,54715,54800,54725
2025-12-05 01:00:00,8900,54740,54660,54710,54660,54770,54690,54740,54690,54755,54675,54725,54675
2025-12-05 01:05:00,9000,54730,54630,54670,54700,54750,54650,54690,54720,54740,54640,54680,54710
2025-12-05 01:10:00,5600,54730,54650,54700,54650,54750,54670,54730,54670,54740,54660,54715,54660
2025-12-05 01:15:00,6100,54730,54650,54650,54660,54750,54670,54670,54680,54740,54660,54660,54670
2025-12-05 01:20:00,9400,54670,54580,54660,54610,54680,54600,54680,54640,54675,54590,54670,54625
2025-12-05 01:25:00,4700,54630,54570,54620,54580,54650,54600,54640,54600,54640,54585,54630,54590
2025-12-05 01:30:00,6600,54600,54520,54580,54530,54620,54530,54600,54550,54610,54525,54590,54540
2025-12-05 01:35:00,9000,54530,54410,54530,54410,54550,54430,54550,54430,54540,54420,54540,54420
2025-12-05 01:40:00,11600,54420,54310,54420,54310,54440,54330,54430,54330,54430,54320,54425,54320
2025-12-05 01:45:00,9100,54320,54260,54310,54270,54340,54270,54330,54290,54325,54265,54320,54280
2025-12-05 01:50:00,9700,54270,54160,54270,54160,54290,54170,54290,54180,54280,54165,54280,54170
2025-12-05 01:55:00,10800,54210,54120,54160,54190,54240,54140,54180,54210,54225,54130,54170,54200
2025-12-05 02:00:00,9400,54300,54150,54190,54280,54310,54170,54210,54310,54305,54160,54200,54295
2025-12-05 02:05:00,5000,54340,54280,54280,54290,54350,54290,54310,54310,54345,54285,54295,54300
2025-12-05 02:10:00,4900,54310,54260,54290,54300,54320,54270,54310,54310,54315,54265,54300,54305
2025-12-05 02:15:00,2900,54310,54270,54300,54280,54320,54280,54310,54290,54315,54275,54305,54285
2025-12-05 02:20:00,7700,54420,54280,54280,54400,54430,54290,54290,54420,54425,54285,54285,54410
2025-12-05 02:25:00,5000,54460,54400,54400,54430,54480,54420,54420,54480,54465,54410,54410,54455
2025-12-05 02:30:00,5900,54420,54420,54420,54420,54480,54480,54480,54480,54450,54450,54450,54450
2025-12-05 03:30:00,32300,54350,54230,54230,54290,54400,54270,54360,54310,54360,54255,54295,54300
2025-12-05 03:35:00,5800,54300,54200,54290,54200,54330,54210,54300,54220,54315,54205,54295,54210
2025-12-05 03:40:00,8400,54210,54130,54200,54150,54230,54140,54220,54160,54215,54135,54210,54155
2025-12-05 03:45:00,7000,54200,54140,54150,54160,54220,54150,54160,54180,54210,54145,54155,54170
2025-12-05 03:50:00,9100,54170,54110,54160,54120,54180,54120,54180,54130,54175,54115,54170,54125
2025-12-05 03:55:00,10800,54140,54030,54120,54060,54150,54040,54130,54070,54145,54035,54125,54065
2025-12-05 04:00:00,4900,54140,54040,54060,54140,54150,54050,54070,54150,54145,54045,54065,54145
2025-12-05 04:05:00,5800,54150,54100,54140,54110,54160,54120,54150,54130,54155,54110,54145,54120
2025-12-05 04:10:00,2400,54120,54090,54110,54120,54130,54110,54130,54130,54125,54100,54120,54125
2025-12-05 04:15:00,5700,54130,54080,54120,54080,54140,54090,54130,54100,54135,54085,54125,54090
2025-12-05 04:20:00,6100,54090,54040,54080,54050,54110,54050,54100,54070,54100,54045,54090,54060
2025-12-05 04:25:00,7200,54100,54040,54050,54100,54110,54050,54070,54110,54105,54045,54060,54105
2025-12-05 04:30:00,5800,54100,54010,54100,54010,54110,54020,54110,54030,54105,54015,54105,54020
2025-12-05 04:35:00,4700,54060,54010,54010,54030,54080,54030,54030,54040,54070,54020,54020,54035
2025-12-05 04:40:00,10900,54150,54000,54030,54110,54160,54010,54040,54140,54155,54005,54035,54125
2025-12-05 04:45:00,3300,54130,54030,54110,54050,54140,54050,54120,54060,54135,54040,54115,54055
2025-12-05 04:50:00,5300,54050,54000,54050,54020,54060,54010,54060,54040,54055,54005,54055,54030
2025-12-05 04:55:00,6100,54060,54020,54020,54020,54070,54030,54040,54040,54065,54025,54030,54030
2025-12-05 05:00:00,5800,54060,54010,54020,54040,54070,54020,54040,54070,54065,54015,54030,54055
2025-12-05 05:05:00,5500,54100,54040,54050,54060,54110,54050,54070,54080,54105,54045,54060,54070
2025-12-05 05:10:00,3000,54090,54050,54060,54070,54100,54070,54080,54090,54095,54060,54070,54080
2025-12-05 05:15:00,6600,54080,54060,54070,54060,54090,54070,54090,54070,54085,54065,54080,54065
2025-12-05 05:20:00,6700,54060,54020,54060,54020,54070,54030,54070,54040,54065,54025,54065,54030
2025-12-05 05:25:00,17100,54070,53980,54020,54050,54080,54000,54040,54060,54075,53990,54030,54055
2025-12-05 05:30:00,6700,54060,54010,54050,54050,54080,54030,54060,54070,54070,54020,54055,54060
2025-12-05 05:35:00,3000,54070,54040,54040,54060,54080,54060,54070,54070,54075,54050,54055,54065
2025-12-05 05:40:00,8000,54130,54050,54060,54090,54140,54060,54070,54100,54135,54055,54065,54095
2025-12-05 05:45:00,3600,54100,54070,54090,54090,54120,54080,54100,54110,54110,54075,54095,54100
2025-12-05 05:50:00,7000,54140,54070,54090,54130,54150,54090,54110,54140,54145,54080,54100,54135
2025-12-05 05:55:00,8100,54230,54120,54130,54180,54240,54140,54140,54200,54235,54130,54135,54190
2025-12-05 06:00:00,9200,54180,54090,54180,54140,54190,54110,54190,54150,54185,54100,54185,54145
2025-12-05 06:05:00,7400,54150,54070,54140,54080,54170,54090,54150,54100,54155,54085,54145,54090
2025-12-05 06:10:00,6900,54110,54070,54080,54080,54120,54080,54100,54090,54115,54075,54090,54085
2025-12-05 06:15:00,7800,54130,54080,54080,54090,54150,54090,54090,54100,54135,54085,54085,54095
2025-12-05 06:20:00,13900,54120,54060,54090,54100,54140,54070,54100,54140,54125,54065,54095,54120
2025-12-05 06:25:00,,54740,54040,54490,54260,54740,54050,54490,54270,54740,54045,54490,54265
2025-12-05 06:30:00,147200,54200,54200,54200,54200,54270,54270,54270,54270,54235,54235,54235,54235
2025-12-08 00:00:00,71000,54590,54110,54270,54410,54650,54220,54270,54450,54610,54175,54270,54430
2025-12-08 00:05:00,21700,54750,54370,54400,54640,54780,54410,54450,54680,54765,54390,54425,54660
2025-12-08 00:10:00,16800,54820,54600,54650,54810,54850,54630,54680,54850,54835,54615,54665,54830
2025-12-08 00:15:00,10900,54860,54660,54810,54750,54880,54680,54850,54770,54870,54670,54830,54760
2025-12-08 00:20:00,6700,54840,54710,54750,54760,54850,54740,54770,54790,54845,54730,54760,54775
2025-12-08 00:25:00,5500,54770,54660,54760,54770,54800,54680,54790,54800,54785,54675,54775,54785
2025-12-08 00:30:00,4100,54790,54720,54770,54780,54800,54740,54800,54800,54795,54730,54785,54790
2025-12-08 00:35:00,3700,54800,54700,54780,54710,54820,54730,54800,54730,54810,54720,54790,54720
2025-12-08 00:40:00,4500,54750,54660,54710,54710,54780,54690,54730,54740,54765,54675,54720,54725
2025-12-08 00:45:00,8800,54830,54690,54710,54740,54850,54710,54740,54770,54840,54700,54725,54755
2025-12-08 00:50:00,2800,54810,54720,54740,54800,54840,54740,54770,54820,54825,54730,54755,54810
2025-12-08 00:55:00,6000,54820,54720,54800,54750,54840,54740,54820,54770,54830,54730,54810,54760
2025-12-08 01:00:00,3800,54780,54730,54750,54740,54800,54750,54770,54760,54790,54740,54760,54750
2025-12-08 01:05:00,3100,54800,54740,54740,54770,54820,54760,54760,54790,54810,54750,54750,54780
2025-12-08 01:10:00,3500,54790,54710,54770,54710,54810,54740,54790,54740,54800,54725,54780,54725
2025-12-08 01:15:00,4300,54750,54670,54710,54680,54770,54700,54740,54710,54760,54685,54725,54695
2025-12-08 01:20:00,4200,54700,54570,54670,54580,54720,54590,54710,54610,54705,54580,54690,54595
2025-12-08 01:25:00,8300,54600,54440,54590,54590,54610,54470,54610,54610,54605,54455,54600,54600
2025-12-08 01:30:00,2500,54600,54560,54590,54560,54620,54580,54610,54580,54610,54570,54600,54570
2025-12-08 01:35:00,2400,54620,54560,54560,54620,54640,54570,54580,54640,54630,54565,54570,54630
2025-12-08 01:40:00,6500,54790,54620,54620,54690,54810,54640,54640,54730,54800,54630,54630,54710
2025-12-08 01:45:00,2300,54770,54680,54690,54770,54790,54690,54730,54790,54780,54685,54710,54780
2025-12-08 01:50:00,4000,54810,54720,54770,54790,54830,54750,54790,54810,54820,54735,54780,54800
2025-12-08 01:55:00,3100,54820,54770,54790,54810,54840,54800,54810,54830,54830,54785,54800,54820
2025-12-08 02:00:00,2300,54830,54770,54810,54780,54840,54810,54830,54810,54835,54795,54820,54795
2025-12-08 02:05:00,12200,54940,54780,54790,54910,54950,54800,54810,54930,54945,54790,54800,54920
2025-12-08 02:10:00,6100,54930,54850,54910,54880,54950,54880,54930,54900,54940,54865,54920,54890
2025-12-08 02:15:00,2400,54900,54850,54880,54870,54920,54880,54900,54890,54910,54865,54890,54880
2025-12-08 02:20:00,1100,54890,54860,54870,54890,54900,54880,54890,54900,54895,54875,54880,54895
2025-12-08 02:25:00,8600,54920,54850,54890,54870,54940,54880,54900,54900,54930,54865,54895,54885
2025-12-08 02:30:00,11300,54870,54870,54870,54870,54920,54920,54920,54920,54895,54895,54895,54895
2025-12-08 03:30:00,29400,54990,54860,54960,54950,55000,54910,54970,54960,54995,54895,54965,54955
2025-12-08 03:35:00,9500,55040,54940,54950,54950,55050,54950,54960,54970,55045,54945,54955,54960
2025-12-08 03:40:00,6300,54980,54900,54950,54930,54990,54920,54970,54950,54985,54910,54960,54940
2025-12-08 03:45:00,2400,54940,54890,54930,54900,54960,54920,54950,54920,54950,54910,54940,54910
2025-12-08 03:50:00,3300,54920,54870,54900,54880,54930,54890,54920,54900,54925,54880,54910,54890
2025-12-08 03:55:00,4700,54880,54820,54880,54850,54900,54850,54900,54870,54890,54835,54890,54860
2025-12-08 04:00:00,1600,54860,54820,54850,54820,54870,54830,54870,54840,54865,54825,54860,54830
2025-12-08 04:05:00,3000,54820,54770,54820,54770,54840,54780,54840,54780,54830,54775,54830,54775
2025-12-08 04:10:00,4200,54770,54720,54770,54760,54780,54740,54780,54780,54775,54730,54775,54770
2025-12-08 04:15:00,2300,54820,54760,54760,54810,54840,54780,54780,54830,54830,54770,54770,54820
2025-12-08 04:20:00,3400,54860,54800,54810,54840,54880,54830,54830,54860,54870,54815,54820,54850
2025-12-08 04:25:00,4700,54880,54820,54840,54850,54890,54840,54860,54870,54885,54835,54850,54860
2025-12-08 04:30:00,2600,54890,54850,54850,54860,54900,54860,54880,54880,54895,54855,54865,54870
2025-12-08 04:35:00,2000,54870,54830,54860,54850,54890,54860,54880,54860,54875,54845,54870,54855
2025-12-08 04:40:00,1900,54860,54810,54850,54810,54870,54820,54860,54830,54865,54815,54855,54820
2025-12-08 04:45:00,1500,54810,54780,54810,54800,54830,54800,54830,54820,54820,54795,54820,54810
2025-12-08 04:50:00,2500,54850,54790,54800,54850,54890,54810,54820,54860,54870,54800,54810,54855
2025-12-08 04:55:00,2100,54870,54840,54850,54860,54890,54850,54860,54880,54875,54845,54855,54870
2025-12-08 05:00:00,6200,54920,54860,54860,54910,54940,54870,54880,54930,54930,54865,54870,54920
2025-12-08 05:05:00,3700,54960,54910,54910,54940,54970,54930,54930,54960,54965,54920,54920,54950
2025-12-08 05:10:00,3100,54970,54930,54940,54960,54980,54950,54960,54980,54975,54945,54950,54970
2025-12-08 05:15:00,3500,54970,54920,54970,54920,54980,54930,54980,54940,54975,54925,54975,54930
2025-12-08 05:20:00,3100,54930,54900,54920,54930,54950,54910,54940,54950,54940,54905,54930,54940
2025-12-08 05:25:00,6000,54960,54930,54930,54960,54980,54950,54950,54980,54970,54940,54940,54970
2025-12-08 05:30:00,3700,54970,54930,54960,54950,54980,54940,54980,54960,54975,54935,54970,54955
2025-12-08 05:35:00,1600,54970,54940,54950,54950,54980,54960,54960,54960,54975,54950,54955,54955
2025-12-08 05:40:00,3900,54980,54940,54950,54980,55000,54950,54960,55000,54990,54945,54955,54990
2025-12-08 05:45:00,8300,55010,54940,54980,54940,55030,54950,55000,54960,55020,54945,54990,54950
2025-12-08 05:50:00,2800,54950,54930,54940,54950,54960,54940,54960,54960,54955,54935,54950,54955
2025-12-08 05:55:00,4500,54960,54890,54950,54900,54970,54900,54960,54910,54965,54895,54955,54905
2025-12-08 06:00:00,5900,54910,54800,54900,54820,54920,54820,54910,54840,54915,54810,54905,54830
2025-12-08 06:05:00,5800,54880,54810,54820,54880,54910,54820,54840,54900,54890,54815,54830,54890
2025-12-08 06:10:00,3000,54890,54860,54880,54880,54910,54880,54900,54900,54900,54870,54890,54890
2025-12-08 06:15:00,6000,54900,54850,54880,54880,54910,54860,54900,54900,54905,54855,54890,54890
2025-12-08 06:20:00,8000,54890,54850,54880,54890,54920,54870,54900,54910,54905,54860,54890,54900
2025-12-08 06:25:00,,55040,54300,54540,54770,55050,54310,54550,54780,55045,54305,54545,54775
2025-12-08 06:30:00,127100,54760,54760,54760,54760,54800,54800,54800,54800,54780,54780,54780,54780
2025-12-09 00:00:00,87400,54340,53900,54300,54010,54420,53930,54310,54040,54370,53915,54305,54025
2025-12-09 00:05:00,18100,54180,53960,54010,54170,54210,53980,54040,54200,54195,53970,54025,54185
2025-12-09 00:10:00,9900,54250,54080,54170,54090,54280,54090,54200,54120,54265,54085,54185,54105
2025-12-09 00:15:00,11300,54130,53970,54090,53970,54140,53980,54120,53990,54135,53975,54105,53980
2025-12-09 00:20:00,17000,53970,53850,53970,53890,53990,53860,53990,53910,53980,53855,53980,53900
2025-12-09 00:25:00,7000,54010,53890,53890,53940,54030,53910,53910,53960,54020,53900,53900,53950
2025-12-09 00:30:00,4400,53990,53940,53940,53970,54020,53960,53960,53990,54000,53950,53950,53980
2025-12-09 00:35:00,5400,53980,53910,53970,53910,54000,53930,53990,53930,53990,53920,53980,53920
2025-12-09 00:40:00,5900,53910,53860,53910,53880,53940,53870,53930,53900,53925,53865,53920,53890
2025-12-09 00:45:00,5100,53920,53870,53880,53880,53950,53880,53900,53910,53935,53875,53890,53895
2025-12-09 00:50:00,4600,53990,53870,53880,53980,54020,53880,53910,54000,54005,53875,53895,53990
2025-12-09 00:55:00,3600,54010,53930,53980,54010,54030,53940,54000,54030,54020,53935,53990,54020
2025-12-09 01:00:00,4800,54040,53990,54010,54000,54060,54000,54030,54020,54045,53995,54020,54010
2025-12-09 01:05:00,3900,54040,53980,54000,54040,54060,54000,54020,54060,54050,53990,54010,54050
2025-12-09 01:10:00,9800,54110,54010,54040,54110,54140,54030,54060,54140,54125,54020,54050,54125
2025-12-09 01:15:00,5600,54180,54100,54110,54170,54200,54110,54140,54200,54190,54105,54125,54185
2025-12-09 01:20:00,4700,54220,54110,54170,54120,54230,54150,54200,54150,54225,54130,54185,54135
2025-12-09 01:25:00,1400,54130,54110,54120,54120,54160,54130,54150,54140,54145,54120,54135,54130
2025-12-09 01:30:00,3300,54170,54100,54120,54130,54190,54110,54140,54160,54180,54105,54130,54145
2025-12-09 01:35:00,2200,54160,54110,54130,54120,54190,54140,54160,54150,54170,54125,54145,54135
2025-12-09 01:40:00,1700,54140,54100,54120,54100,54150,54120,54150,54120,54145,54110,54135,54110
2025-12-09 01:45:00,2500,54120,54070,54100,54080,54130,54100,54120,54100,54125,54085,54110,54090
2025-12-09 01:50:00,2700,54080,54020,54080,54050,54100,54050,54100,54070,54090,54035,54090,54060
2025-12-09 01:55:00,2400,54120,54050,54050,54110,54140,54060,54070,54130,54130,54055,54060,54120
2025-12-09 02:00:00,1700,54120,54090,54110,54100,54140,54100,54130,54130,54130,54095,54120,54115
2025-12-09 02:05:00,3200,54140,54090,54100,54120,54150,54110,54130,54140,54145,54100,54115,54130
2025-12-09 02:10:00,2800,54130,54090,54120,54090,54150,54110,54140,54110,54140,54100,54130,54100
2025-12-09 02:15:00,1800,54160,54090,54090,54130,54170,54110,54110,54150,54165,54100,54100,54140
2025-12-09 02:20:00,1300,54150,54130,54130,54150,54170,54140,54150,54170,54160,54135,54140,54160
2025-12-09 02:25:00,2300,54190,54140,54150,54170,54200,54160,54170,54190,54195,54150,54160,54180
2025-12-09 02:30:00,5500,54170,54170,54170,54170,54190,54190,54190,54190,54180,54180,54180,54180
2025-12-09 03:30:00,12800,54190,54140,54190,54150,54220,54160,54200,54170,54205,54155,54195,54160
2025-12-09 03:35:00,3700,54190,54120,54150,54150,54200,54140,54170,54180,54195,54135,54160,54165
2025-12-09 03:40:00,1000,54180,54140,54150,54160,54190,54170,54180,54180,54185,54155,54165,54170
2025-12-09 03:45:00,3200,54200,54140,54160,54150,54220,54170,54190,54170,54210,54155,54175,54160
2025-12-09 03:50:00,2000,54160,54130,54150,54150,54180,54150,54170,54170,54170,54140,54160,54160
2025-12-09 03:55:00,1500,54150,54110,54150,54110,54180,54130,54170,54130,54165,54120,54160,54120
2025-12-09 04:00:00,7000,54130,54070,54110,54070,54160,54080,54130,54090,54145,54075,54120,54080
2025-12-09 04:05:00,2800,54080,54030,54070,54060,54090,54060,54090,54070,54085,54045,54080,54065
2025-12-09 04:10:00,2500,54160,54060,54060,54150,54170,54070,54070,54170,54165,54065,54065,54160
2025-12-09 04:15:00,1700,54160,54140,54160,54150,54170,54160,54170,54160,54165,54150,54165,54155
2025-12-09 04:20:00,1200,54160,54110,54150,54110,54170,54130,54160,54130,54165,54120,54155,54120
2025-12-09 04:25:00,3200,54160,54110,54120,54150,54170,54120,54130,54170,54165,54115,54125,54160
2025-12-09 04:30:00,500,54150,54120,54150,54130,54170,54140,54170,54140,54160,54130,54160,54135
2025-12-09 04:35:00,1100,54130,54120,54130,54120,54140,54130,54140,54130,54135,54125,54135,54125
2025-12-09 04:40:00,5500,54170,54080,54120,54160,54180,54100,54130,54180,54175,54090,54125,54170
2025-12-09 04:45:00,700,54170,54150,54160,54150,54180,54160,54180,54160,54175,54155,54170,54155
2025-12-09 04:50:00,1600,54150,54120,54150,54130,54160,54140,54160,54150,54155,54130,54155,54140
2025-12-09 04:55:00,2000,54130,54080,54130,54080,54150,54100,54150,54100,54140,54090,54140,54090
2025-12-09 05:00:00,6400,54090,54040,54080,54050,54100,54050,54100,54070,54095,54045,54090,54060
2025-12-09 05:05:00,2300,54110,54050,54050,54090,54120,54070,54070,54100,54115,54060,54060,54095
2025-12-09 05:10:00,3000,54100,54060,54090,54080,54110,54070,54100,54090,54105,54065,54095,54085
2025-12-09 05:15:00,1600,54120,54060,54080,54120,54130,54080,54090,54130,54125,54070,54085,54125
2025-12-09 05:20:00,1800,54120,54080,54120,54080,54130,54090,54130,54100,54125,54085,54125,54090
2025-12-09 05:25:00,4100,54110,54070,54080,54090,54130,54080,54100,54100,54120,54075,54090,54095
2025-12-09 05:30:00,7000,54100,54050,54080,54080,54110,54060,54100,54100,54105,54055,54090,54090
2025-12-09 05:35:00,4900,54100,54070,54080,54100,54110,54090,54100,54110,54105,54080,54090,54105
2025-12-09 05:40:00,4600,54160,54100,54100,54160,54170,54110,54110,54170,54165,54105,54105,54165
2025-12-09 05:45:00,4600,54210,54160,54160,54180,54220,54170,54170,54210,54215,54165,54165,54195
2025-12-09 05:50:00,2800,54230,54180,54180,54220,54240,54210,54210,54230,54235,54195,54195,54225
2025-12-09 05:55:00,4300,54230,54170,54220,54220,54240,54190,54230,54240,54235,54180,54225,54230
2025-12-09 06:00:00,2800,54220,54200,54220,54210,54240,54210,54240,54230,54230,54205,54230,54220
2025-12-09 06:05:00,5400,54240,54170,54210,54180,54250,54200,54230,54200,54245,54185,54220,54190
2025-12-09 06:10:00,4400,54220,54170,54180,54210,54230,54190,54200,54220,54225,54185,54190,54215
2025-12-09 06:15:00,2900,54210,54150,54210,54180,54220,54170,54220,54190,54215,54165,54215,54185
2025-12-09 06:20:00,7000,54210,54160,54180,54180,54230,54180,54190,54220,54220,54170,54185,54200
2025-12-09 06:25:00,,54610,53910,54290,54240,54620,53920,54300,54250,54615,53915,54295,54245
2025-12-09 06:30:00,125600,54200,54200,54200,54200,54250,54250,54250,54250,54225,54225,54225,54225
2025-12-10 00:00:00,130800,55710,54900,55240,55630,55730,55020,55250,55680,55720,54960,55245,55655
2025-12-10 00:05:00,23700,55640,55280,55630,55290,55680,55300,55680,55310,55660,55295,55655,55300
2025-12-10 00:10:00,39600,55750,55280,55290,55650,55770,55310,55310,55680,55760,55295,55300,55665
2025-12-10 00:15:00,25500,55880,55600,55640,55790,55910,55640,55680,55820,55895,55620,55660,55805
2025-12-10 00:20:00,9300,55810,55750,55790,55780,55850,55760,55820,55800,55830,55755,55805,55790
2025-12-10 00:25:00,11400,55800,55640,55780,55710,55820,55660,55800,55740,55810,55650,55790,55725
2025-12-10 00:30:00,7500,55770,55660,55710,55750,55790,55690,55750,55760,55780,55680,55730,55755
2025-12-10 00:35:00,8800,55840,55710,55750,55800,55850,55730,55760,55810,55845,55720,55755,55805
2025-12-10 00:40:00,19100,55920,55800,55800,55880,55940,55810,55810,55900,55930,55805,55805,55890
2025-12-10 00:45:00,9900,55930,55800,55880,55830,55940,55820,55900,55850,55935,55810,55890,55840
2025-12-10 00:50:00,6000,55930,55830,55830,55910,55940,55850,55850,55940,55935,55840,55840,55925
2025-12-10 00:55:00,13000,55950,55850,55910,55850,55970,55870,55930,55880,55960,55860,55920,55865
2025-12-10 01:00:00,6800,55860,55660,55850,55680,55880,55690,55880,55710,55870,55675,55865,55695
2025-12-10 01:05:00,6900,55720,55600,55680,55640,55730,55610,55710,55670,55725,55605,55695,55655
2025-12-10 01:10:00,5900,55700,55610,55640,55620,55710,55630,55670,55630,55705,55625,55655,55625
2025-12-10 01:15:00,6200,55620,55500,55620,55580,55630,55510,55630,55600,55625,55505,55625,55590
2025-12-10 01:20:00,8300,55690,55540,55580,55580,55720,55560,55600,55600,55705,55550,55590,55590
2025-12-10 01:25:00,20000,55610,55310,55580,55450,55620,55340,55600,55470,55615,55325,55590,55460
2025-12-10 01:30:00,7400,55450,55250,55450,55300,55470,55280,55470,55330,55460,55270,55460,55315
2025-12-10 01:35:00,10800,55480,55300,55300,55470,55500,55330,55330,55490,55490,55315,55315,55480
2025-12-10 01:40:00,6000,55560,55450,55470,55540,55580,55470,55500,55560,55570,55460,55485,55550
2025-12-10 01:45:00,6400,55570,55480,55540,55540,55600,55510,55560,55550,55585,55495,55550,55545
2025-12-10 01:50:00,8500,55550,55350,55540,55410,55570,55380,55550,55440,55560,55365,55545,55425
2025-12-10 01:55:00,4400,55440,55310,55410,55320,55450,55350,55450,55350,55445,55330,55430,55335
2025-12-10 02:00:00,5300,55320,55230,55320,55240,55350,55240,55350,55260,55335,55235,55335,55250
2025-12-10 02:05:00,6000,55300,55200,55240,55290,55320,55210,55260,55310,55310,55205,55250,55300
2025-12-10 02:10:00,4100,55360,55280,55290,55310,55390,55310,55310,55340,55375,55295,55300,55325
2025-12-10 02:15:00,5100,55310,55180,55310,55250,55350,55200,55340,55290,55330,55190,55325,55270
2025-12-10 02:20:00,2700,55270,55190,55250,55200,55300,55210,55290,55220,55285,55205,55270,55210
2025-12-10 02:25:00,4400,55200,55030,55200,55030,55240,55060,55220,55060,55220,55045,55210,55045
2025-12-10 02:30:00,6600,55030,55030,55030,55030,55100,55100,55100,55100,55065,55065,55065,55065
2025-12-10 03:30:00,29300,55170,54980,55010,55110,55200,55010,55020,55140,55180,54995,55015,55125
2025-12-10 03:35:00,7300,55280,55100,55110,55260,55300,55130,55140,55300,55290,55115,55125,55280
2025-12-10 03:40:00,9800,55470,55260,55260,55440,55500,55300,55300,55460,55485,55280,55280,55450
2025-12-10 03:45:00,9900,55540,55370,55440,55490,55560,55400,55460,55510,55550,55385,55450,55500
2025-12-10 03:50:00,7100,55490,55380,55490,55400,55510,55400,55510,55420,55500,55390,55500,55410
2025-12-10 03:55:00,4400,55430,55370,55400,55380,55450,55390,55420,55400,55440,55385,55410,55390
2025-12-10 04:00:00,6700,55450,55350,55390,55440,55460,55380,55400,55460,55455,55365,55395,55450
2025-12-10 04:05:00,4700,55510,55420,55440,55500,55530,55440,55460,55530,55520,55430,55450,55515
2025-12-10 04:10:00,2600,55540,55500,55500,55510,55550,55520,55530,55530,55545,55510,55515,55520
2025-12-10 04:15:00,3700,55570,55510,55510,55550,55580,55520,55530,55560,55575,55515,55520,55555
2025-12-10 04:20:00,5200,55590,55540,55550,55590,55600,55550,55560,55600,55595,55545,55555,55595
2025-12-10 04:25:00,6000,55630,55590,55590,55620,55640,55600,55600,55640,55635,55595,55595,55630
2025-12-10 04:30:00,4500,55640,55600,55620,55640,55650,55610,55640,55650,55645,55605,55630,55645
2025-12-10 04:35:00,3700,55680,55610,55640,55670,55690,55640,55650,55680,55685,55625,55645,55675
2025-12-10 04:40:00,5600,55680,55640,55670,55660,55690,55650,55680,55670,55685,55645,55675,55665
2025-12-10 04:45:00,3500,55660,55600,55660,55610,55670,55610,55670,55620,55665,55605,55665,55615
2025-12-10 04:50:00,6000,55610,55480,55610,55480,55620,55500,55620,55500,55615,55490,55615,55490
2025-12-10 04:55:00,4300,55500,55420,55480,55450,55510,55450,55500,55470,55505,55435,55490,55460
2025-12-10 05:00:00,3500,55500,55430,55450,55480,55520,55450,55470,55490,55510,55440,55460,55485
2025-12-10 05:05:00,4800,55480,55350,55480,55370,55490,55360,55490,55390,55485,55355,55485,55380
2025-12-10 05:10:00,3800,55390,55350,55370,55360,55400,55360,55390,55380,55395,55355,55380,55370
2025-12-10 05:15:00,4400,55430,55360,55360,55380,55450,55380,55380,55400,55440,55370,55370,55390
2025-12-10 05:20:00,5000,55380,55320,55380,55320,55400,55340,55400,55340,55390,55330,55390,55330
2025-12-10 05:25:00,5200,55320,55280,55320,55320,55350,55290,55350,55330,55335,55285,55335,55325
2025-12-10 05:30:00,6400,55350,55280,55320,55280,55360,55300,55330,55300,55355,55290,55325,55290
2025-12-10 05:35:00,2400,55310,55280,55280,55290,55330,55290,55290,55300,55320,55285,55285,55295
2025-12-10 05:40:00,4700,55310,55270,55280,55270,55320,55280,55300,55290,55315,55275,55290,55280
2025-12-10 05:45:00,7600,55300,55250,55270,55250,55310,55260,55290,55260,55305,55255,55280,55255
2025-12-10 05:50:00,5000,55250,55200,55250,55220,55260,55210,55260,55240,55255,55205,55255,55230
2025-12-10 05:55:00,5300,55310,55220,55220,55300,55330,55240,55240,55320,55320,55230,55230,55310
2025-12-10 06:00:00,6300,55330,55270,55300,55270,55340,55280,55320,55280,55335,55275,55310,55275
2025-12-10 06:05:00,8700,55310,55260,55270,55290,55320,55280,55280,55300,55315,55270,55275,55295
2025-12-10 06:10:00,12100,55390,55290,55290,55370,55400,55300,55300,55390,55395,55295,55295,55380
2025-12-10 06:15:00,8700,55380,55300,55370,55350,55400,55310,55380,55360,55390,55305,55375,55355
2025-12-10 06:20:00,12100,55350,55270,55350,55270,55370,55290,55360,55310,55360,55280,55355,55290
2025-12-10 06:25:00,,55500,53960,54020,55430,55510,53970,54020,55440,55505,53965,54020,55435
2025-12-10 06:30:00,154700,55400,55400,55400,55400,55450,55450,55450,55450,55425,55425,55425,55425
2025-12-11 00:00:00,112300,56050,55580,55990,55870,56090,55600,56000,55900,56070,55590,55995,55885
2025-12-11 00:05:00,32900,56100,55780,55870,55920,56130,55800,55900,55960,56115,55790,55885,55940
2025-12-11 00:10:00,18800,55920,55480,55920,55580,55960,55500,55960,55610,55940,55490,55940,55595
2025-12-11 00:15:00,17300,55690,55350,55580,55350,55730,55380,55610,55390,55710,55370,55595,55370
2025-12-11 00:20:00,15200,55350,55160,55350,55170,55400,55200,55390,55200,55370,55180,55370,55185
2025-12-11 00:25:00,13800,55230,55010,55170,55050,55270,55040,55200,55090,55245,55025,55185,55070
2025-12-11 00:30:00,10100,55090,55000,55050,55070,55120,55020,55090,55110,55105,55010,55070,55090
2025-12-11 00:35:00,14700,55080,54910,55070,54990,55110,54920,55110,55020,55095,54915,55090,55005
2025-12-11 00:40:00,7900,55090,54990,54990,55060,55100,55020,55020,55090,55095,55005,55005,55075
2025-12-11 00:45:00,5300,55090,55040,55060,55080,55100,55070,55090,55100,55095,55055,55075,55090
2025-12-11 00:50:00,6100,55100,55050,55080,55080,55110,55070,55100,55100,55105,55060,55090,55090
2025-12-11 00:55:00,6800,55120,55040,55080,55090,55130,55050,55100,55110,55125,55045,55090,55100
2025-12-11 01:00:00,9300,55160,55050,55090,55110,55180,55080,55110,55140,55170,55070,55100,55125
2025-12-11 01:05:00,9000,55190,55110,55110,55160,55210,55120,55140,55200,55195,55115,55125,55180
2025-12-11 01:10:00,5500,55190,55060,55160,55090,55200,55080,55190,55120,55195,55070,55175,55105
2025-12-11 01:15:00,14300,55120,54880,55090,54920,55140,54890,55120,54950,55130,54885,55105,54935
2025-12-11 01:20:00,7800,54920,54810,54920,54860,54950,54830,54950,54870,54935,54820,54935,54865
2025-12-11 01:25:00,4500,54890,54850,54860,54870,54920,54860,54870,54890,54905,54855,54865,54880
2025-12-11 01:30:00,7700,54870,54820,54870,54820,54890,54830,54890,54840,54880,54825,54880,54830
2025-12-11 01:35:00,10000,54860,54760,54820,54790,54880,54780,54840,54800,54870,54770,54830,54795
2025-12-11 01:40:00,3500,54830,54760,54790,54820,54840,54790,54800,54840,54835,54775,54795,54830
2025-12-11 01:45:00,4500,54860,54800,54820,54850,54870,54810,54840,54870,54865,54805,54830,54860
2025-12-11 01:50:00,6200,54890,54830,54850,54890,54910,54840,54870,54910,54900,54835,54860,54900
2025-12-11 01:55:00,4900,54920,54850,54890,54920,54940,54860,54910,54940,54930,54855,54900,54930
2025-12-11 02:00:00,7900,54920,54800,54920,54840,54940,54830,54940,54860,54930,54815,54930,54850
2025-12-11 02:05:00,4300,54850,54800,54840,54800,54860,54810,54860,54820,54855,54805,54850,54810
2025-12-11 02:10:00,9800,54820,54720,54800,54790,54850,54730,54820,54810,54835,54725,54810,54800
2025-12-11 02:15:00,4400,54830,54780,54790,54830,54860,54810,54810,54840,54845,54795,54800,54835
2025-12-11 02:20:00,4000,54840,54800,54830,54820,54860,54820,54840,54830,54850,54810,54835,54825
2025-12-11 02:25:00,5400,54830,54750,54820,54750,54840,54780,54830,54780,54835,54765,54825,54765
2025-12-11 02:30:00,12500,54750,54750,54750,54750,54790,54790,54790,54790,54770,54770,54770,54770
2025-12-11 03:30:00,35500,54760,54590,54750,54620,54790,54600,54790,54640,54775,54595,54770,54630
2025-12-11 03:35:00,12300,54700,54610,54620,54670,54720,54620,54640,54680,54705,54615,54630,54675
2025-12-11 03:40:00,5500,54750,54670,54670,54740,54770,54680,54680,54760,54755,54675,54675,54750
2025-12-11 03:45:00,8600,54770,54720,54740,54770,54800,54730,54760,54790,54785,54725,54750,54780
2025-12-11 03:50:00,5900,54810,54720,54770,54720,54830,54730,54790,54740,54820,54725,54780,54730
2025-12-11 03:55:00,6800,54860,54720,54720,54840,54870,54730,54740,54850,54865,54725,54730,54845
2025-12-11 04:00:00,4500,54850,54800,54840,54830,54860,54820,54850,54850,54855,54810,54845,54840
2025-12-11 04:05:00,4100,54890,54820,54830,54870,54900,54840,54850,54880,54895,54830,54840,54875
2025-12-11 04:10:00,4400,54950,54870,54870,54910,54960,54880,54880,54930,54955,54875,54875,54920
2025-12-11 04:15:00,4100,54950,54890,54910,54910,54960,54910,54930,54930,54955,54900,54920,54920
2025-12-11 04:20:00,4100,54950,54890,54910,54930,54970,54920,54920,54950,54960,54905,54915,54940
2025-12-11 04:25:00,1900,54930,54900,54930,54920,54950,54920,54950,54930,54940,54910,54940,54925
2025-12-11 04:30:00,1700,54920,54880,54920,54890,54930,54900,54930,54900,54925,54890,54925,54895
2025-12-11 04:35:00,5600,54940,54880,54890,54940,54950,54900,54900,54950,54945,54890,54895,54945
2025-12-11 04:40:00,3000,54950,54880,54940,54890,54960,54900,54950,54900,54955,54890,54945,54895
2025-12-11 04:45:00,2600,54910,54870,54890,54880,54920,54880,54900,54900,54915,54875,54895,54890
2025-12-11 04:50:00,800,54910,54880,54880,54900,54920,54900,54900,54910,54915,54890,54890,54905
2025-12-11 04:55:00,7000,54950,54890,54900,54920,54960,54900,54910,54940,54955,54895,54905,54930
2025-12-11 05:00:00,1100,54920,54910,54920,54910,54940,54920,54940,54920,54930,54915,54930,54915
2025-12-11 05:05:00,4000,54910,54880,54910,54910,54930,54890,54920,54930,54920,54885,54915,54920
2025-12-11 05:10:00,2300,54910,54890,54910,54890,54930,54900,54930,54900,54920,54895,54920,54895
2025-12-11 05:15:00,4700,54890,54840,54890,54850,54900,54850,54900,54870,54895,54845,54895,54860
2025-12-11 05:20:00,3600,54870,54810,54850,54810,54880,54820,54870,54820,54875,54815,54860,54815
2025-12-11 05:25:00,5800,54830,54750,54810,54760,54840,54770,54820,54780,54835,54760,54815,54770
2025-12-11 05:30:00,7000,54810,54750,54760,54790,54820,54760,54780,54800,54815,54755,54770,54795
2025-12-11 05:35:00,3600,54840,54790,54790,54820,54850,54800,54800,54830,54845,54795,54795,54825
2025-12-11 05:40:00,23000,54860,54700,54820,54750,54890,54720,54830,54790,54875,54710,54825,54770
2025-12-11 05:45:00,5500,54830,54730,54750,54820,54840,54770,54790,54840,54835,54755,54770,54830
2025-12-11 05:50:00,6500,54890,54820,54820,54840,54900,54830,54840,54860,54895,54825,54830,54850
2025-12-11 05:55:00,4200,54880,54820,54840,54840,54900,54850,54860,54860,54890,54835,54850,54850
2025-12-11 06:00:00,7100,54850,54740,54840,54790,54860,54760,54860,54800,54855,54750,54850,54795
2025-12-11 06:05:00,6000,54820,54760,54790,54790,54840,54790,54800,54810,54830,54775,54795,54800
2025-12-11 06:10:00,8100,54860,54770,54790,54860,54880,54800,54810,54880,54870,54785,54800,54870
2025-12-11 06:15:00,9600,54880,54840,54860,54860,54900,54850,54880,54890,54890,54845,54870,54875
2025-12-11 06:20:00,8600,54880,54820,54860,54860,54890,54840,54890,54880,54885,54835,54875,54870
2025-12-11 06:25:00,,55880,54500,54540,54670,55880,54510,54550,54680,55880,54505,54545,54675
2025-12-11 06:30:00,157300,54670,54670,54670,54670,54700,54700,54700,54700,54685,54685,54685,54685
2025-12-12 00:00:00,231000,55890,55110,55850,55400,55900,55180,55860,55450,55895,55150,55855,55425
2025-12-12 00:05:00,17800,55560,55300,55400,55460,55600,55350,55450,55500,55580,55325,55425,55480
2025-12-12 00:10:00,14000,55640,55450,55460,55630,55650,55480,55500,55650,55645,55465,55480,55640
2025-12-12 00:15:00,15500,55790,55620,55630,55740,55820,55640,55660,55770,55805,55630,55645,55755
2025-12-12 00:20:00,11800,55800,55580,55730,55580,55830,55610,55770,55610,55815,55595,55750,55595
2025-12-12 00:25:00,5800,55620,55500,55580,55600,55630,55520,55610,55630,55625,55515,55595,55615
2025-12-12 00:30:00,18800,55940,55570,55600,55940,55970,55610,55630,55970,55955,55590,55615,55955
2025-12-12 00:35:00,15300,55980,55790,55940,55950,56000,55830,55970,55970,55985,55815,55955,55960
2025-12-12 00:40:00,18300,56060,55900,55950,55930,56090,55930,55970,55950,56070,55915,55960,55940
2025-12-12 00:45:00,8100,55990,55900,55930,55950,56020,55920,55950,55980,56005,55910,55940,55965
2025-12-12 00:50:00,8000,56000,55900,55950,55920,56030,55920,55970,55960,56015,55910,55960,55940
2025-12-12 00:55:00,6800,56000,55900,55920,55980,56020,55930,55960,56000,56010,55915,55940,55990
2025-12-12 01:00:00,3800,56020,55940,55980,55970,56040,55960,56000,56000,56025,55950,55990,55985
2025-12-12 01:05:00,4600,55970,55860,55970,55890,55990,55890,55990,55910,55980,55880,55980,55900
2025-12-12 01:10:00,3400,55910,55860,55890,55870,55920,55870,55910,55890,55915,55865,55900,55880
2025-12-12 01:15:00,4500,55890,55820,55870,55830,55900,55850,55890,55850,55895,55835,55880,55840
2025-12-12 01:20:00,5400,55830,55690,55830,55750,55840,55720,55840,55770,55835,55705,55835,55760
2025-12-12 01:25:00,3100,55790,55710,55750,55730,55820,55730,55770,55740,55805,55725,55760,55735
2025-12-12 01:30:00,4200,55730,55630,55730,55700,55760,55660,55760,55720,55745,55650,55745,55710
2025-12-12 01:35:00,2100,55800,55700,55700,55800,55830,55710,55720,55830,55815,55705,55710,55815
2025-12-12 01:40:00,3800,55830,55790,55800,55820,55840,55810,55830,55840,55835,55800,55815,55830
2025-12-12 01:45:00,4600,55860,55760,55820,55780,55890,55790,55840,55790,55875,55775,55830,55785
2025-12-12 01:50:00,2400,55790,55760,55780,55780,55830,55780,55790,55800,55810,55770,55785,55790
2025-12-12 01:55:00,3000,55780,55710,55780,55750,55800,55750,55800,55770,55790,55735,55790,55760
2025-12-12 02:00:00,1700,55830,55740,55740,55830,55860,55760,55770,55850,55845,55750,55755,55840
2025-12-12 02:05:00,3000,55870,55800,55830,55870,55880,55840,55850,55880,55875,55820,55840,55875
2025-12-12 02:10:00,5200,55900,55850,55870,55870,55920,55870,55880,55900,55910,55860,55875,55885
2025-12-12 02:15:00,1200,55880,55850,55870,55870,55910,55880,55910,55900,55895,55865,55890,55885
2025-12-12 02:20:00,2000,55890,55810,55870,55840,55900,55840,55900,55860,55895,55825,55885,55850
2025-12-12 02:25:00,4000,55840,55750,55840,55780,55870,55780,55860,55850,55855,55770,55850,55815
2025-12-12 02:30:00,5800,55780,55780,55780,55780,55850,55850,55850,55850,55815,55815,55815,55815
2025-12-12 03:30:00,10900,55860,55740,55800,55860,55880,55780,55850,55880,55870,55765,55825,55870
2025-12-12 03:35:00,6000,55950,55860,55860,55930,55960,55880,55880,55950,55955,55870,55870,55940
2025-12-12 03:40:00,4100,55980,55910,55930,55970,55990,55940,55950,55990,55985,55925,55940,55980
2025-12-12 03:45:00,17500,56060,55970,55970,56050,56080,55990,55990,56060,56070,55980,55980,56055
2025-12-12 03:50:00,8400,56070,56020,56050,56040,56080,56030,56060,56060,56075,56025,56055,56050
2025-12-12 03:55:00,4400,56040,55970,56030,55970,56060,55980,56060,55980,56050,55975,56045,55975
2025-12-12 04:00:00,1800,55990,55960,55970,55980,56000,55980,55980,55990,55995,55970,55975,55985
2025-12-12 04:05:00,4800,56030,55980,55980,55990,56040,55990,55990,56010,56035,55985,55985,56000
2025-12-12 04:10:00,1900,56000,55960,55990,55970,56020,55980,56000,55980,56010,55970,55995,55975
2025-12-12 04:15:00,4000,55980,55930,55970,55980,55990,55950,55980,55990,55985,55940,55975,55985
2025-12-12 04:20:00,5100,55990,55940,55980,55950,56000,55950,55990,55970,55995,55945,55985,55960
2025-12-12 04:25:00,2200,55970,55940,55950,55950,55990,55960,55970,55960,55980,55950,55960,55955
2025-12-12 04:30:00,3200,55970,55930,55950,55940,55990,55950,55970,55970,55980,55940,55960,55955
2025-12-12 04:35:00,500,55960,55940,55940,55960,55980,55960,55970,55980,55970,55955,55955,55970
2025-12-12 04:40:00,3700,55960,55910,55960,55930,55980,55930,55980,55950,55970,55920,55970,55940
2025-12-12 04:45:00,2100,55930,55900,55930,55930,55950,55920,55950,55940,55940,55910,55940,55935
2025-12-12 04:50:00,1700,55960,55920,55930,55940,55970,55940,55940,55950,55965,55935,55935,55945
2025-12-12 04:55:00,3600,55970,55940,55940,55950,55980,55950,55950,55970,55975,55945,55945,55960
2025-12-12 05:00:00,5900,56020,55950,55960,56010,56030,55970,55970,56030,56025,55965,55965,56020
2025-12-12 05:05:00,1900,56030,56000,56010,56010,56040,56010,56030,56020,56035,56005,56020,56015
2025-12-12 05:10:00,6000,56040,56000,56010,56010,56050,56020,56020,56040,56045,56010,56015,56025
2025-12-12 05:15:00,2300,56050,56010,56010,56040,56060,56040,56040,56050,56055,56025,56025,56045
2025-12-12 05:20:00,2800,56040,56020,56030,56040,56050,56040,56050,56050,56045,56030,56040,56045
2025-12-12 05:25:00,11000,56090,56030,56040,56070,56100,56040,56050,56090,56095,56035,56045,56080
2025-12-12 05:30:00,26200,56190,56070,56070,56190,56200,56090,56090,56200,56195,56080,56080,56195
2025-12-12 05:35:00,8000,56220,56140,56190,56160,56240,56150,56200,56170,56230,56145,56195,56165
2025-12-12 05:40:00,2100,56190,56160,56160,56180,56200,56170,56170,56200,56195,56165,56165,56190
2025-12-12 05:45:00,4500,56220,56180,56180,56210,56230,56200,56200,56230,56225,56190,56190,56220
2025-12-12 05:50:00,9100,56280,56210,56210,56270,56290,56220,56230,56290,56285,56215,56220,56280
2025-12-12 05:55:00,6200,56290,56270,56270,56270,56300,56280,56290,56290,56295,56275,56280,56280
2025-12-12 06:00:00,17400,56360,56250,56270,56330,56380,56270,56290,56360,56370,56260,56280,56345
2025-12-12 06:05:00,6000,56340,56300,56330,56300,56360,56310,56360,56320,56350,56305,56345,56310
2025-12-12 06:10:00,9100,56360,56280,56300,56340,56370,56300,56320,56350,56365,56295,56310,56345
2025-12-12 06:15:00,9000,56350,56260,56340,56270,56360,56270,56350,56290,56355,56265,56345,56280
2025-12-12 06:20:00,13100,56270,56200,56270,56200,56290,56220,56290,56220,56280,56210,56280,56210
2025-12-12 06:25:00,,57190,56330,56470,56330,57200,56340,56480,56340,57195,56335,56475,56335
2025-12-12 06:30:00,136600,56280,56280,56280,56280,56340,56340,56340,56340,56310,56310,56310,56310
2025-12-15 00:00:00,86800,56300,55900,56000,56150,56330,55960,56010,56190,56305,55930,56005,56170
2025-12-15 00:05:00,14700,56300,56060,56150,56240,56330,56090,56190,56260,56315,56075,56170,56250
2025-12-15 00:10:00,20200,56440,56210,56240,56380,56460,56240,56260,56410,56450,56225,56250,56395
2025-12-15 00:15:00,11000,56480,56370,56380,56450,56500,56390,56410,56480,56485,56380,56395,56465
2025-12-15 00:20:00,20900,56500,56360,56450,56360,56520,56380,56480,56380,56510,56370,56465,56370
2025-12-15 00:25:00,8700,56540,56310,56360,56490,56570,56330,56380,56520,56555,56320,56370,56505
2025-12-15 00:30:00,13000,56580,56450,56490,56500,56600,56480,56510,56530,56590,56465,56500,56515
2025-12-15 00:35:00,5300,56540,56410,56500,56450,56560,56430,56530,56480,56550,56420,56515,56465
2025-12-15 00:40:00,7600,56560,56410,56450,56440,56570,56430,56480,56460,56565,56420,56465,56450
2025-12-15 00:45:00,6500,56480,56350,56440,56380,56510,56370,56460,56410,56495,56360,56450,56395
2025-12-15 00:50:00,4700,56440,56350,56380,56350,56470,56370,56410,56370,56455,56360,56395,56360
2025-12-15 00:55:00,5300,56360,56240,56350,56290,56370,56260,56370,56310,56365,56250,56360,56300
2025-12-15 01:00:00,5200,56320,56230,56290,56250,56340,56250,56310,56270,56330,56245,56300,56260
2025-12-15 01:05:00,2500,56270,56200,56250,56220,56290,56220,56270,56250,56280,56210,56260,56235
2025-12-15 01:10:00,3900,56330,56220,56220,56320,56340,56240,56250,56340,56335,56235,56235,56330
2025-12-15 01:15:00,4500,56340,56240,56320,56300,56360,56260,56340,56330,56350,56250,56330,56315
2025-12-15 01:20:00,4500,56330,56250,56300,56330,56350,56260,56330,56340,56340,56255,56315,56335
2025-12-15 01:25:00,3200,56330,56260,56330,56280,56340,56290,56340,56310,56335,56275,56335,56295
2025-12-15 01:30:00,4100,56290,56200,56280,56210,56310,56220,56310,56250,56300,56210,56295,56230
2025-12-15 01:35:00,1400,56280,56210,56210,56270,56290,56240,56240,56290,56285,56225,56225,56280
2025-12-15 01:40:00,2900,56280,56210,56270,56250,56290,56220,56290,56270,56285,56215,56280,56260
2025-12-15 01:45:00,1300,56300,56250,56250,56280,56310,56270,56270,56300,56305,56260,56260,56290
2025-12-15 01:50:00,2100,56300,56260,56280,56280,56310,56280,56300,56300,56305,56270,56290,56290
2025-12-15 01:55:00,2700,56310,56230,56280,56310,56330,56250,56290,56330,56320,56240,56285,56320
2025-12-15 02:00:00,4600,56420,56310,56310,56370,56440,56320,56330,56390,56430,56315,56320,56380
2025-12-15 02:05:00,1400,56440,56370,56370,56420,56460,56390,56390,56440,56450,56380,56380,56430
2025-12-15 02:10:00,3800,56430,56290,56420,56300,56450,56310,56440,56320,56435,56300,56430,56310
2025-12-15 02:15:00,1700,56330,56260,56300,56290,56350,56290,56320,56310,56335,56275,56310,56300
2025-12-15 02:20:00,3100,56290,56220,56290,56270,56310,56250,56310,56280,56300,56235,56300,56275
2025-12-15 02:25:00,7500,56270,56200,56270,56220,56280,56220,56280,56260,56275,56210,56275,56240
2025-12-15 02:30:00,6500,56220,56220,56220,56220,56270,56270,56270,56270,56245,56245,56245,56245
2025-12-15 03:30:00,18900,56390,56200,56310,56350,56420,56230,56420,56380,56395,56220,56365,56365
2025-12-15 03:35:00,5900,56360,56280,56350,56300,56380,56310,56380,56330,56365,56295,56365,56315
2025-12-15 03:40:00,3200,56320,56260,56300,56270,56340,56280,56330,56290,56330,56270,56315,56280
2025-12-15 03:45:00,4700,56300,56230,56270,56250,56310,56250,56290,56270,56305,56240,56280,56260
2025-12-15 03:50:00,3800,56300,56250,56250,56280,56310,56270,56270,56300,56305,56260,56260,56290
2025-12-15 03:55:00,6000,56320,56260,56280,56320,56340,56280,56300,56340,56330,56275,56290,56330
2025-12-15 04:00:00,5400,56360,56320,56320,56330,56380,56330,56340,56360,56370,56325,56330,56345
2025-12-15 04:05:00,3800,56350,56320,56330,56330,56370,56340,56360,56360,56360,56330,56345,56345
2025-12-15 04:10:00,4100,56360,56300,56330,56310,56370,56320,56360,56330,56365,56310,56345,56320
2025-12-15 04:15:00,4800,56340,56290,56310,56300,56350,56300,56330,56320,56345,56295,56320,56310
2025-12-15 04:20:00,4000,56330,56280,56300,56310,56340,56290,56320,56330,56335,56285,56310,56320
2025-12-15 04:25:00,4200,56340,56310,56310,56320,56360,56330,56330,56340,56350,56320,56320,56330
2025-12-15 04:30:00,4700,56330,56280,56320,56310,56340,56300,56340,56330,56335,56290,56330,56320
2025-12-15 04:35:00,4600,56330,56290,56310,56330,56340,56310,56330,56340,56335,56300,56320,56335
2025-12-15 04:40:00,7800,56390,56330,56330,56390,56400,56340,56340,56400,56395,56335,56335,56395
2025-12-15 04:45:00,5100,56420,56380,56390,56420,56430,56400,56400,56430,56425,56390,56395,56425
2025-12-15 04:50:00,4200,56440,56400,56420,56430,56450,56420,56440,56440,56445,56410,56430,56435
2025-12-15 04:55:00,4700,56450,56410,56430,56450,56460,56430,56440,56460,56455,56420,56435,56455
2025-12-15 05:00:00,9200,56480,56440,56450,56460,56500,56460,56460,56480,56490,56450,56455,56470
2025-12-15 05:05:00,3100,56480,56460,56460,56470,56500,56470,56480,56490,56490,56465,56470,56480
2025-12-15 05:10:00,24100,56600,56470,56470,56550,56620,56480,56490,56570,56605,56475,56480,56560
2025-12-15 05:15:00,8200,56550,56420,56550,56470,56570,56460,56570,56490,56560,56440,56560,56480
2025-12-15 05:20:00,5400,56520,56420,56470,56500,56530,56450,56500,56530,56525,56435,56485,56515
2025-12-15 05:25:00,5100,56510,56460,56500,56480,56530,56480,56530,56500,56520,56470,56515,56490
2025-12-15 05:30:00,10800,56520,56470,56480,56510,56530,56490,56500,56520,56525,56480,56490,56515
2025-12-15 05:35:00,8000,56590,56510,56510,56560,56600,56520,56520,56590,56595,56515,56515,56575
2025-12-15 05:40:00,7000,56640,56560,56560,56640,56650,56570,56590,56650,56645,56565,56575,56645
2025-12-15 05:45:00,10600,56670,56620,56640,56630,56680,56640,56650,56650,56675,56630,56645,56640
2025-12-15 05:50:00,7700,56670,56600,56630,56650,56680,56620,56650,56680,56675,56610,56640,56665
2025-12-15 05:55:00,7000,56680,56620,56650,56620,56690,56630,56680,56640,56685,56625,56665,56630
2025-12-15 06:00:00,8500,56630,56560,56620,56610,56650,56580,56640,56630,56640,56570,56630,56620
2025-12-15 06:05:00,7700,56630,56560,56610,56580,56650,56580,56630,56590,56635,56570,56620,56585
2025-12-15 06:10:00,12100,56640,56560,56580,56600,56650,56570,56590,56620,56645,56565,56585,56610
2025-12-15 06:15:00,21200,56690,56580,56600,56680,56700,56600,56620,56700,56695,56590,56610,56690
2025-12-15 06:20:00,14500,56680,56600,56680,56600,56700,56610,56700,56620,56690,56605,56690,56610
2025-12-15 06:25:00,,56920,56500,56500,56510,56920,56510,56510,56520,56920,56505,56505,56515
2025-12-15 06:30:00,111500,56510,56510,56510,56510,56520,56520,56520,56520,56515,56515,56515,56515
