,7013.T,7013.T,7013.T,7013.T,7013.T,7013.T,7013.T,7013.T,7013.T,7013.T,7013.T,7013.T,7013.T
,ACVOL_UNS,BID_HIGH_1,BID_LOW_1,OPEN_BID,BID,ASK_HIGH_1,ASK_LOW_1,OPEN_ASK,ASK,MID_HIGH,MID_LOW,MID_OPEN,MID_PRICE
Timestamp,,,,,,,,,,,,,
2025-09-16 00:00:00,2792302.792302,2361.42621,2328.5691,2337.14052,2349.283365,2362.85478,2330.711955,2337.14052,2349.99765,2362.140495,2329.640528,2337.14052,2349.640508
2025-09-16 00:05:00,1404201.4042,2360.711925,2338.56909,2349.283365,2347.14051,2362.140495,2339.283375,2349.99765,2348.56908,2361.42621,2338.926233,2349.640508,2347.854795
2025-09-16 00:10:00,786800.7868,2357.854785,2346.426225,2347.14051,2347.14051,2358.56907,2347.854795,2348.56908,2348.56908,2358.211928,2347.497653,2347.854795,2347.854795
2025-09-16 00:15:00,574700.5747,2347.854795,2337.14052,2347.14051,2344.997655,2349.283365,2337.854805,2348.56908,2345.71194,2348.56908,2337.497663,2347.854795,2345.354798
2025-09-16 00:20:00,623000.623,2354.997645,2344.28337,2344.997655,2353.569075,2355.71193,2345.71194,2345.71194,2354.28336,2355.354788,2344.997655,2345.354798,2353.926218
2025-09-16 00:25:00,1253001.253001,2362.140495,2352.140505,2353.569075,2358.56907,2362.85478,2352.85479,2354.28336,2359.283355,2362.497638,2352.497648,2353.926218,2358.926213
2025-09-16 00:30:00,862400.8624,2359.283355,2329.99767,2358.56907,2331.42624,2359.99764,2330.711955,2359.283355,2332.85481,2359.640498,2330.354813,2358.926213,2332.140525
2025-09-16 00:35:00,546700.5467,2339.283375,2326.426245,2331.42624,2328.5691,2339.99766,2327.14053,2332.85481,2329.283385,2339.640518,2326.783388,2332.140525,2328.926243
2025-09-16 00:40:00,546000.546,2338.56909,2323.569105,2328.5691,2337.14052,2339.283375,2324.28339,2329.283385,2337.854805,2338.926233,2323.926248,2328.926243,2337.497663
2025-09-16 00:45:00,548800.5488,2344.997655,2334.997665,2337.14052,2338.56909,2345.71194,2335.71195,2337.854805,2339.99766,2345.354798,2335.354808,2337.497663,2339.283375
2025-09-16 00:50:00,761600.7616,2360.711925,2339.283375,2339.283375,2347.14051,2361.42621,2339.99766,2339.99766,2347.854795,2361.069068,2339.640518,2339.640518,2347.497653
2025-09-16 00:55:00,1259301.2593,2369.283345,2347.14051,2347.14051,2367.14049,2369.99763,2347.854795,2347.854795,2368.56906,2369.640488,2347.497653,2347.497653,2367.854775
2025-09-16 01:00:00,779800.7798,2367.854775,2355.71193,2367.14049,2367.14049,2368.56906,2356.426215,2368.56906,2368.56906,2368.211918,2356.069073,2367.854775,2367.854775
2025-09-16 01:05:00,518000.518,2369.99763,2355.71193,2367.14049,2363.569065,2370.711915,2356.426215,2368.56906,2364.28335,2370.354773,2356.069073,2367.854775,2363.926208
2025-09-16 01:10:00,229600.2296,2364.28335,2357.854785,2363.569065,2360.711925,2364.997635,2359.283355,2364.28335,2361.42621,2364.640493,2358.56907,2363.926208,2361.069068
2025-09-16 01:15:00,261100.2611,2360.711925,2351.42622,2360.711925,2354.28336,2362.140495,2352.85479,2361.42621,2354.997645,2361.42621,2352.140505,2361.069068,2354.640503
2025-09-16 01:20:00,345800.3458,2367.14049,2354.28336,2354.28336,2367.14049,2367.854775,2354.997645,2354.997645,2367.854775,2367.497633,2354.640503,2354.640503,2367.497633
2025-09-16 01:25:00,455700.4557,2369.99763,2361.42621,2367.14049,2367.14049,2370.711915,2362.140495,2367.854775,2367.854775,2370.354773,2361.783353,2367.497633,2367.497633
2025-09-16 01:30:00,403200.4032,2370.711915,2367.14049,2367.14049,2369.283345,2371.4262,2367.854775,2367.854775,2369.99763,2371.069058,2367.497633,2367.497633,2369.640488
2025-09-16 01:35:00,184100.1841,2369.283345,2364.28335,2369.283345,2364.28335,2369.99763,2364.997635,2369.99763,2364.997635,2369.640488,2364.640493,2369.640488,2364.640493
2025-09-16 01:40:00,142100.1421,2364.997635,2361.42621,2364.28335,2363.569065,2365.71192,2362.140495,2364.997635,2364.28335,2365.354778,2361.783353,2364.640493,2363.926208
2025-09-16 01:45:00,179200.1792,2366.426205,2361.42621,2363.569065,2365.71192,2367.14049,2362.140495,2364.28335,2366.426205,2366.783348,2361.783353,2363.926208,2366.069063
2025-09-16 01:50:00,174300.1743,2366.426205,2359.99764,2365.71192,2365.71192,2367.14049,2360.711925,2366.426205,2367.14049,2366.783348,2360.354783,2366.069063,2366.426205
2025-09-16 01:55:00,145600.1456,2367.854775,2364.997635,2365.71192,2366.426205,2368.56906,2365.71192,2367.14049,2367.14049,2368.211918,2365.354778,2366.426205,2366.783348
2025-09-16 02:00:00,227500.2275,2369.99763,2364.28335,2366.426205,2367.854775,2370.711915,2364.997635,2367.14049,2368.56906,2370.354773,2364.640493,2366.783348,2368.211918
2025-09-16 02:05:00,248500.2485,2370.711915,2367.14049,2367.854775,2367.854775,2371.4262,2367.854775,2368.56906,2369.283345,2371.069058,2367.497633,2368.211918,2368.56906
2025-09-16 02:10:00,120400.1204,2369.99763,2367.14049,2367.854775,2368.56906,2370.711915,2367.854775,2369.283345,2369.283345,2370.354773,2367.497633,2368.56906,2368.926203
2025-09-16 02:15:00,655200.655201,2372.140485,2366.426205,2368.56906,2366.426205,2372.85477,2367.14049,2369.283345,2367.854775,2372.497628,2366.783348,2368.926203,2367.14049
2025-09-16 02:20:00,60900.0609,2368.56906,2366.426205,2366.426205,2367.854775,2369.283345,2367.14049,2367.14049,2368.56906,2368.926203,2366.783348,2366.783348,2368.211918
2025-09-16 02:25:00,463400.4634,2374.997625,2365.71192,2367.854775,2372.140485,2375.71191,2366.426205,2368.56906,2373.569055,2375.354768,2366.069063,2368.211918,2372.85477
2025-09-16 02:30:00,18900.0189,2372.140485,2372.140485,2372.140485,2372.140485,2373.569055,2373.569055,2373.569055,2373.569055,2372.85477,2372.85477,2372.85477,2372.85477
2025-09-16 03:30:00,1255101.255101,2387.14047,2375.71191,2376.426195,2379.99762,2387.854755,2377.14048,2377.14048,2380.711905,2387.497613,2376.783338,2376.783338,2380.354763
2025-09-16 03:35:00,794500.7945,2389.99761,2377.854765,2379.99762,2388.56904,2390.711895,2378.56905,2380.711905,2389.283325,2390.354753,2378.211908,2380.354763,2388.926183
2025-09-16 03:40:00,396900.3969,2389.283325,2383.569045,2388.56904,2383.569045,2389.99761,2384.28333,2389.283325,2384.28333,2389.640468,2383.926188,2388.926183,2383.926188
2025-09-16 03:45:00,664300.6643,2386.426185,2370.711915,2383.569045,2370.711915,2387.14047,2371.4262,2384.28333,2371.4262,2386.783328,2371.069058,2383.926188,2371.069058
2025-09-16 03:50:00,480200.4802,2374.997625,2366.426205,2370.711915,2374.28334,2375.71191,2367.14049,2371.4262,2375.71191,2375.354768,2366.783348,2371.069058,2374.997625
2025-09-16 03:55:00,423500.4235,2379.99762,2370.711915,2374.28334,2379.283335,2381.42619,2371.4262,2375.71191,2379.99762,2380.711905,2371.069058,2374.997625,2379.640478
2025-09-16 04:00:00,351400.3514,2383.569045,2372.85477,2379.283335,2373.569055,2384.28333,2374.28334,2379.99762,2374.28334,2383.926188,2373.569055,2379.640478,2373.926198
2025-09-16 04:05:00,156100.1561,2377.854765,2373.569055,2373.569055,2376.426195,2378.56905,2374.28334,2374.28334,2377.854765,2378.211908,2373.926198,2373.926198,2377.14048
2025-09-16 04:10:00,118300.1183,2377.854765,2372.85477,2376.426195,2374.28334,2379.283335,2373.569055,2377.854765,2374.997625,2378.56905,2373.211913,2377.14048,2374.640483
2025-09-16 04:15:00,92400.0924,2374.997625,2371.4262,2374.28334,2372.85477,2375.71191,2372.85477,2374.997625,2374.28334,2375.354768,2372.140485,2374.640483,2373.569055
2025-09-16 04:20:00,108500.1085,2375.71191,2372.85477,2372.85477,2373.569055,2376.426195,2374.28334,2374.28334,2374.28334,2376.069053,2373.569055,2373.569055,2373.926198
2025-09-16 04:25:00,149100.1491,2374.28334,2370.711915,2373.569055,2371.4262,2375.71191,2371.4262,2374.28334,2372.140485,2374.997625,2371.069058,2373.926198,2371.783343
2025-09-16 04:30:00,174300.1743,2371.4262,2367.854775,2371.4262,2367.854775,2372.140485,2368.56906,2372.140485,2368.56906,2371.783343,2368.211918,2371.783343,2368.211918
2025-09-16 04:35:00,157500.1575,2371.4262,2367.854775,2367.854775,2371.4262,2372.140485,2368.56906,2368.56906,2372.140485,2371.783343,2368.211918,2368.211918,2371.783343
2025-09-16 04:40:00,94500.0945,2371.4262,2368.56906,2371.4262,2369.99763,2372.140485,2369.283345,2372.140485,2370.711915,2371.783343,2368.926203,2371.783343,2370.354773
2025-09-16 04:45:00,108500.1085,2370.711915,2367.854775,2369.99763,2369.99763,2371.4262,2368.56906,2370.711915,2370.711915,2371.069058,2368.211918,2370.354773,2370.354773
2025-09-16 04:50:00,272300.2723,2370.711915,2364.28335,2369.99763,2370.711915,2371.4262,2364.997635,2370.711915,2371.4262,2371.069058,2364.640493,2370.354773,2371.069058
2025-09-16 04:55:00,179900.1799,2374.997625,2370.711915,2370.711915,2373.569055,2375.71191,2371.4262,2371.4262,2374.28334,2375.354768,2371.069058,2371.069058,2373.926198
2025-09-16 05:00:00,312200.3122,2377.14048,2372.140485,2373.569055,2372.140485,2377.854765,2372.85477,2374.28334,2372.85477,2377.497623,2372.497628,2373.926198,2372.497628
2025-09-16 05:05:00,111300.1113,2372.140485,2368.56906,2372.140485,2369.283345,2372.85477,2369.283345,2372.85477,2369.99763,2372.497628,2368.926203,2372.497628,2369.640488
2025-09-16 05:10:00,137900.1379,2369.283345,2365.71192,2369.283345,2366.426205,2369.99763,2366.426205,2369.99763,2367.14049,2369.640488,2366.069063,2369.640488,2366.783348
2025-09-16 05:15:00,153300.1533,2367.14049,2364.997635,2366.426205,2364.997635,2367.854775,2365.71192,2367.14049,2365.71192,2367.497633,2365.354778,2366.783348,2365.354778
2025-09-16 05:20:00,233800.2338,2365.71192,2359.283355,2364.997635,2359.99764,2366.426205,2359.99764,2365.71192,2360.711925,2366.069063,2359.640498,2365.354778,2360.354783
2025-09-16 05:25:00,162400.1624,2360.711925,2357.1405,2359.99764,2357.854785,2361.42621,2357.854785,2360.711925,2358.56907,2361.069068,2357.497643,2360.354783,2358.211928
2025-09-16 05:30:00,252700.2527,2357.854785,2349.99765,2357.854785,2349.99765,2358.56907,2350.711935,2358.56907,2350.711935,2358.211928,2350.354793,2358.211928,2350.354793
2025-09-16 05:35:00,475300.4753,2356.426215,2341.42623,2349.99765,2354.997645,2357.1405,2342.140515,2350.711935,2355.71193,2356.783358,2341.783373,2350.354793,2355.354788
2025-09-16 05:40:00,82600.0826,2355.71193,2352.140505,2354.997645,2354.997645,2356.426215,2352.85479,2356.426215,2355.71193,2356.069073,2352.497648,2355.71193,2355.354788
2025-09-16 05:45:00,102200.1022,2356.426215,2353.569075,2354.997645,2355.71193,2357.1405,2354.28336,2355.71193,2356.426215,2356.783358,2353.926218,2355.354788,2356.069073
2025-09-16 05:50:00,112700.1127,2356.426215,2353.569075,2355.71193,2354.28336,2357.1405,2354.28336,2356.426215,2354.997645,2356.783358,2353.926218,2356.069073,2354.640503
2025-09-16 05:55:00,150500.1505,2355.71193,2351.42622,2354.28336,2354.28336,2356.426215,2352.140505,2354.997645,2354.997645,2356.069073,2351.783363,2354.640503,2354.640503
2025-09-16 06:00:00,269500.2695,2359.283355,2354.28336,2354.28336,2355.71193,2359.99764,2354.997645,2354.997645,2356.426215,2359.640498,2354.640503,2354.640503,2356.069073
2025-09-16 06:05:00,203700.2037,2355.71193,2347.854795,2355.71193,2348.56908,2356.426215,2348.56908,2356.426215,2349.283365,2356.069073,2348.211938,2356.069073,2348.926223
2025-09-16 06:10:00,165900.1659,2352.140505,2344.28337,2348.56908,2344.28337,2352.85479,2344.997655,2349.283365,2344.997655,2352.497648,2344.640513,2348.926223,2344.640513
2025-09-16 06:15:00,237300.2373,2344.997655,2339.99766,2344.28337,2344.28337,2345.71194,2340.711945,2344.997655,2344.997655,2345.354798,2340.354803,2344.640513,2344.640513
2025-09-16 06:20:00,291900.2919,2344.28337,2339.99766,2344.28337,2342.8548,2344.997655,2340.711945,2344.997655,2343.569085,2344.640513,2340.354803,2344.640513,2343.211943
2025-09-16 06:25:00,,2354.28336,2338.56909,2347.854795,2342.140515,2354.997645,2339.283375,2348.56908,2342.8548,2354.640503,2338.926233,2348.211938,2342.497658
2025-09-16 06:30:00,1089901.089901,2342.140515,2342.140515,2342.140515,2342.140515,2342.8548,2342.8548,2342.8548,2342.8548,2342.497658,2342.497658,2342.497658,2342.497658
2025-09-17 00:00:00,1497301.497301,2322.85482,2297.14056,2319.283395,2310.711975,2328.5691,2298.56913,2319.283395,2312.140545,2324.640533,2297.854845,2319.283395,2311.42626
2025-09-17 00:05:00,458500.4585,2314.2834,2304.28341,2310.711975,2310.711975,2314.997685,2304.997695,2312.140545,2311.42626,2314.640543,2304.640553,2311.42626,2311.069118
2025-09-17 00:10:00,654500.6545,2310.711975,2297.14056,2310.711975,2302.85484,2312.140545,2297.854845,2311.42626,2303.569125,2311.42626,2297.497703,2311.069118,2303.211983
2025-09-17 00:15:00,444500.4445,2303.569125,2294.28342,2302.85484,2300.711985,2304.28341,2294.997705,2303.569125,2301.42627,2303.926268,2294.640563,2303.211983,2301.069128
2025-09-17 00:20:00,379400.3794,2309.283405,2299.283415,2299.9977,2305.71198,2309.99769,2300.711985,2301.42627,2307.14055,2309.640548,2299.9977,2300.711985,2306.426265
2025-09-17 00:25:00,164500.1645,2308.56912,2302.85484,2305.71198,2306.426265,2309.283405,2303.569125,2307.14055,2307.14055,2308.926263,2303.211983,2306.426265,2306.783408
2025-09-17 00:30:00,258300.2583,2306.426265,2299.283415,2306.426265,2306.426265,2307.14055,2299.9977,2307.14055,2307.14055,2306.783408,2299.640558,2306.783408,2306.783408
2025-09-17 00:35:00,99400.0994,2306.426265,2299.9977,2306.426265,2299.9977,2307.14055,2300.711985,2307.14055,2301.42627,2306.783408,2300.354843,2306.783408,2300.711985
2025-09-17 00:40:00,194600.1946,2300.711985,2296.426275,2299.9977,2296.426275,2301.42627,2297.14056,2301.42627,2297.14056,2301.069128,2296.783418,2300.711985,2296.783418
2025-09-17 00:45:00,203000.203,2298.56913,2294.997705,2296.426275,2297.854845,2299.283415,2295.71199,2297.14056,2298.56913,2298.926273,2295.354848,2296.783418,2298.211988
2025-09-17 00:50:00,157500.1575,2298.56913,2294.997705,2297.854845,2298.56913,2299.283415,2295.71199,2298.56913,2299.283415,2298.926273,2295.354848,2298.211988,2298.926273
2025-09-17 00:55:00,268800.2688,2299.283415,2292.85485,2298.56913,2292.85485,2299.9977,2293.569135,2299.283415,2293.569135,2299.640558,2293.211993,2298.926273,2293.211993
2025-09-17 01:00:00,198100.1981,2300.711985,2292.85485,2292.85485,2297.854845,2301.42627,2293.569135,2293.569135,2298.56913,2301.069128,2293.211993,2293.211993,2298.211988
2025-09-17 01:05:00,126000.126,2298.56913,2294.28342,2297.854845,2295.71199,2299.283415,2294.997705,2298.56913,2296.426275,2298.926273,2294.640563,2298.211988,2296.069133
2025-09-17 01:10:00,268100.2681,2295.71199,2291.42628,2295.71199,2292.85485,2297.14056,2292.140565,2296.426275,2293.569135,2296.426275,2291.783423,2296.069133,2293.211993
2025-09-17 01:15:00,273700.2737,2292.85485,2287.854855,2292.85485,2289.99771,2293.569135,2288.56914,2293.569135,2291.42628,2293.211993,2288.211998,2293.211993,2290.711995
2025-09-17 01:20:00,177100.1771,2292.85485,2289.99771,2289.99771,2291.42628,2293.569135,2290.711995,2291.42628,2292.140565,2293.211993,2290.354853,2290.711995,2291.783423
2025-09-17 01:25:00,167300.1673,2292.85485,2288.56914,2291.42628,2288.56914,2293.569135,2289.283425,2292.140565,2289.283425,2293.211993,2288.926283,2291.783423,2288.926283
2025-09-17 01:30:00,541100.5411,2288.56914,2282.85486,2288.56914,2283.569145,2289.99771,2283.569145,2289.283425,2284.28343,2289.283425,2283.212003,2288.926283,2283.926288
2025-09-17 01:35:00,347200.3472,2285.712,2281.42629,2283.569145,2282.140575,2286.426285,2282.140575,2284.28343,2282.85486,2286.069143,2281.783433,2283.926288,2282.497718
2025-09-17 01:40:00,245000.245,2282.85486,2278.56915,2282.140575,2279.283435,2283.569145,2279.283435,2282.85486,2279.99772,2283.212003,2278.926293,2282.497718,2279.640578
2025-09-17 01:45:00,354900.3549,2280.712005,2274.997725,2279.283435,2278.56915,2281.42629,2275.71201,2279.99772,2279.283435,2281.069148,2275.354868,2279.640578,2278.926293
2025-09-17 01:50:00,256200.2562,2284.28343,2278.56915,2279.283435,2279.283435,2284.997715,2279.283435,2279.99772,2280.712005,2284.640573,2278.926293,2279.640578,2279.99772
2025-09-17 01:55:00,315000.315,2282.140575,2275.71201,2279.283435,2282.140575,2283.569145,2276.426295,2280.712005,2283.569145,2282.85486,2276.069153,2279.99772,2282.85486
2025-09-17 02:00:00,287000.287,2294.997705,2282.140575,2282.140575,2292.85485,2295.71199,2283.569145,2283.569145,2293.569135,2295.354848,2282.85486,2282.85486,2293.211993
2025-09-17 02:05:00,197400.1974,2296.426275,2292.140565,2292.85485,2295.71199,2297.14056,2292.85485,2293.569135,2296.426275,2296.783418,2292.497708,2293.211993,2296.069133
2025-09-17 02:10:00,259000.259,2299.283415,2294.997705,2295.71199,2294.997705,2299.9977,2295.71199,2296.426275,2295.71199,2299.640558,2295.354848,2296.069133,2295.354848
2025-09-17 02:15:00,200900.2009,2295.71199,2287.854855,2294.997705,2288.56914,2296.426275,2288.56914,2295.71199,2289.283425,2296.069133,2288.211998,2295.354848,2288.926283
2025-09-17 02:20:00,121800.1218,2289.283425,2284.28343,2288.56914,2288.56914,2289.99771,2284.997715,2289.283425,2289.283425,2289.640568,2284.640573,2288.926283,2288.926283
2025-09-17 02:25:00,86800.0868,2292.140565,2287.854855,2288.56914,2290.711995,2292.85485,2288.56914,2289.283425,2291.42628,2292.497708,2288.211998,2288.926283,2291.069138
2025-09-17 02:30:00,11200.0112,2290.711995,2290.711995,2290.711995,2290.711995,2291.42628,2291.42628,2291.42628,2291.42628,2291.069138,2291.069138,2291.069138,2291.069138
2025-09-17 03:30:00,298200.2982,2290.711995,2284.997715,2290.711995,2285.712,2291.42628,2285.712,2291.42628,2286.426285,2291.069138,2285.354858,2291.069138,2286.069143
2025-09-17 03:35:00,135100.1351,2286.426285,2283.569145,2285.712,2283.569145,2287.14057,2284.28343,2286.426285,2284.997715,2286.783428,2283.926288,2286.069143,2284.28343
2025-09-17 03:40:00,229600.2296,2284.997715,2277.14058,2283.569145,2277.14058,2285.712,2277.854865,2284.997715,2277.854865,2285.354858,2277.497723,2284.28343,2277.497723
2025-09-17 03:45:00,210000.21,2277.854865,2275.71201,2277.14058,2276.426295,2278.56915,2276.426295,2277.854865,2277.854865,2278.212008,2276.069153,2277.497723,2277.14058
2025-09-17 03:50:00,176400.1764,2277.14058,2273.569155,2276.426295,2275.71201,2277.854865,2274.28344,2277.854865,2276.426295,2277.497723,2273.926298,2277.14058,2276.069153
2025-09-17 03:55:00,135800.1358,2277.14058,2274.28344,2275.71201,2274.997725,2277.854865,2274.997725,2276.426295,2275.71201,2277.497723,2274.640583,2276.069153,2275.354868
2025-09-17 04:00:00,182700.1827,2274.997725,2272.140585,2274.997725,2273.569155,2276.426295,2272.85487,2275.71201,2274.28344,2275.71201,2272.497728,2275.354868,2273.926298
2025-09-17 04:05:00,405300.4053,2273.569155,2269.283445,2273.569155,2269.283445,2274.28344,2269.99773,2274.28344,2269.99773,2273.926298,2269.640588,2273.926298,2269.640588
2025-09-17 04:10:00,326200.3262,2269.283445,2265.71202,2269.283445,2266.426305,2269.99773,2266.426305,2269.99773,2267.14059,2269.640588,2266.069163,2269.640588,2266.783448
2025-09-17 04:15:00,212100.2121,2267.14059,2264.28345,2266.426305,2264.997735,2267.854875,2264.997735,2267.14059,2265.71202,2267.497733,2264.640593,2266.783448,2265.354878
2025-09-17 04:20:00,385700.3857,2268.56916,2262.85488,2264.997735,2263.569165,2269.283445,2263.569165,2265.71202,2264.28345,2268.926303,2263.212023,2265.354878,2263.926308
2025-09-17 04:25:00,143500.1435,2264.28345,2259.99774,2263.569165,2260.712025,2264.997735,2260.712025,2264.28345,2261.42631,2264.640593,2260.354883,2263.926308,2261.069168
2025-09-17 04:30:00,469000.469,2260.712025,2253.569175,2260.712025,2254.28346,2261.42631,2254.28346,2261.42631,2254.997745,2261.069168,2253.926318,2261.069168,2254.640603
2025-09-17 04:35:00,139300.1393,2259.99774,2254.28346,2254.28346,2257.854885,2260.712025,2254.997745,2254.997745,2258.56917,2260.354883,2254.640603,2254.640603,2258.212028
2025-09-17 04:40:00,141400.1414,2260.712025,2257.1406,2257.854885,2257.854885,2261.42631,2257.854885,2258.56917,2258.56917,2261.069168,2257.497743,2258.212028,2258.212028
2025-09-17 04:45:00,257600.2576,2257.854885,2251.42632,2257.854885,2252.85489,2258.56917,2252.140605,2258.56917,2253.569175,2258.212028,2251.783463,2258.212028,2253.212033
2025-09-17 04:50:00,107100.1071,2258.56917,2252.85489,2252.85489,2256.426315,2259.283455,2253.569175,2253.569175,2257.1406,2258.926313,2253.212033,2253.212033,2256.783458
2025-09-17 04:55:00,114100.1141,2256.426315,2252.85489,2256.426315,2254.997745,2257.1406,2253.569175,2257.1406,2255.71203,2256.783458,2253.212033,2256.783458,2255.354888
2025-09-17 05:00:00,98700.0987,2257.1406,2253.569175,2254.997745,2253.569175,2257.854885,2254.28346,2255.71203,2254.28346,2257.497743,2253.926318,2255.354888,2253.926318
2025-09-17 05:05:00,274400.2744,2254.28346,2249.99775,2253.569175,2251.42632,2254.997745,2250.712035,2254.28346,2252.140605,2254.640603,2250.354893,2253.926318,2251.783463
2025-09-17 05:10:00,85400.0854,2252.85489,2250.712035,2251.42632,2250.712035,2253.569175,2251.42632,2252.140605,2251.42632,2253.212033,2251.069178,2251.783463,2251.069178
2025-09-17 05:15:00,306600.3066,2250.712035,2245.71204,2250.712035,2246.426325,2252.140605,2246.426325,2251.42632,2247.14061,2251.42632,2246.069183,2251.069178,2246.783468
2025-09-17 05:20:00,112000.112,2249.283465,2246.426325,2246.426325,2247.14061,2249.99775,2247.14061,2247.14061,2247.854895,2249.640608,2246.783468,2246.783468,2247.497753
2025-09-17 05:25:00,147000.147,2252.140605,2247.14061,2247.14061,2249.283465,2252.85489,2247.854895,2247.854895,2250.712035,2252.497748,2247.497753,2247.497753,2249.99775
2025-09-17 05:30:00,422100.4221,2249.283465,2240.712045,2249.283465,2240.712045,2250.712035,2241.42633,2250.712035,2241.42633,2249.99775,2241.069188,2249.99775,2241.069188
2025-09-17 05:35:00,207900.2079,2243.569185,2239.99776,2240.712045,2241.42633,2244.28347,2240.712045,2241.42633,2242.140615,2243.926328,2240.354903,2241.069188,2241.783473
2025-09-17 05:40:00,236600.2366,2245.71204,2240.712045,2241.42633,2242.140615,2246.426325,2241.42633,2242.140615,2242.8549,2246.069183,2241.069188,2241.783473,2242.497758
2025-09-17 05:45:00,181300.1813,2247.854895,2241.42633,2242.140615,2247.14061,2248.56918,2242.140615,2242.8549,2247.854895,2248.212038,2241.783473,2242.497758,2247.497753
2025-09-17 05:50:00,410900.4109,2251.42632,2244.997755,2247.14061,2246.426325,2252.140605,2245.71204,2247.854895,2247.854895,2251.783463,2245.354898,2247.497753,2247.14061
2025-09-17 05:55:00,138600.1386,2248.56918,2244.997755,2246.426325,2246.426325,2249.283465,2245.71204,2247.14061,2247.14061,2248.926323,2245.354898,2246.783468,2246.783468
2025-09-17 06:00:00,125300.1253,2250.712035,2245.71204,2246.426325,2247.854895,2251.42632,2246.426325,2247.14061,2248.56918,2251.069178,2246.069183,2246.783468,2248.212038
2025-09-17 06:05:00,100800.1008,2249.283465,2247.854895,2247.854895,2249.283465,2249.99775,2248.56918,2248.56918,2249.99775,2249.640608,2248.212038,2248.212038,2249.640608
2025-09-17 06:10:00,120400.1204,2252.140605,2249.283465,2249.283465,2249.99775,2252.85489,2249.99775,2249.99775,2250.712035,2252.497748,2249.640608,2249.640608,2250.354893
2025-09-17 06:15:00,226100.2261,2253.569175,2248.56918,2249.99775,2253.569175,2254.28346,2249.283465,2250.712035,2254.28346,2253.926318,2248.926323,2250.354893,2253.926318
2025-09-17 06:20:00,261100.2611,2256.426315,2252.85489,2253.569175,2256.426315,2257.1406,2253.569175,2254.28346,2257.1406,2256.783458,2253.212033,2253.926318,2256.783458
2025-09-17 06:25:00,,2274.997725,2247.14061,2266.426305,2248.56918,2275.71201,2247.854895,2267.14059,2249.283465,2275.354868,2247.497753,2266.783448,2248.926323
2025-09-17 06:30:00,1382501.382501,2248.56918,2248.56918,2248.56918,2248.56918,2252.85489,2252.85489,2252.85489,2252.85489,2250.712035,2250.712035,2250.712035,2250.712035
2025-09-18 00:00:00,1183001.183001,2262.85488,2243.569185,2252.85489,2244.997755,2264.28345,2244.28347,2253.569175,2246.426325,2263.212023,2243.926328,2253.212033,2245.71204
2025-09-18 00:05:00,340900.3409,2253.569175,2244.28347,2244.997755,2250.712035,2254.28346,2244.997755,2246.426325,2251.42632,2253.926318,2244.640613,2245.71204,2251.069178
2025-09-18 00:10:00,452200.4522,2254.997745,2240.712045,2250.712035,2251.42632,2255.71203,2241.42633,2251.42632,2252.140605,2255.354888,2241.069188,2251.069178,2251.783463
2025-09-18 00:15:00,188300.1883,2251.42632,2242.8549,2251.42632,2242.8549,2252.140605,2243.569185,2252.140605,2243.569185,2251.783463,2243.212043,2251.783463,2243.212043
2025-09-18 00:20:00,311500.3115,2242.8549,2236.426335,2242.8549,2240.712045,2243.569185,2237.14062,2243.569185,2241.42633,2243.212043,2236.783478,2243.212043,2241.069188
2025-09-18 00:25:00,247100.2471,2245.71204,2235.71205,2240.712045,2245.71204,2246.426325,2236.426335,2241.42633,2246.426325,2246.069183,2236.069193,2241.069188,2246.069183
2025-09-18 00:30:00,298900.2989,2252.85489,2242.140615,2245.71204,2242.140615,2253.569175,2242.8549,2246.426325,2242.8549,2253.212033,2242.497758,2246.069183,2242.497758
2025-09-18 00:35:00,417200.4172,2244.28347,2226.426345,2242.140615,2226.426345,2244.997755,2227.14063,2242.8549,2227.14063,2244.640613,2226.783488,2242.497758,2226.783488
2025-09-18 00:40:00,347900.3479,2227.854915,2220.712065,2226.426345,2226.426345,2228.5692,2221.42635,2227.14063,2227.14063,2228.212058,2221.069208,2226.783488,2226.783488
2025-09-18 00:45:00,297500.2975,2226.426345,2218.56921,2226.426345,2219.99778,2227.854915,2219.283495,2227.14063,2220.712065,2227.14063,2218.926353,2226.783488,2220.354923
2025-09-18 00:50:00,228900.2289,2222.85492,2217.14064,2219.99778,2218.56921,2223.569205,2217.854925,2220.712065,2219.283495,2223.212063,2217.497783,2220.354923,2218.926353
2025-09-18 00:55:00,354200.3542,2222.140635,2215.71207,2218.56921,2215.71207,2222.85492,2216.426355,2219.283495,2216.426355,2222.497778,2216.069213,2218.926353,2216.069213
2025-09-18 01:00:00,208600.2086,2222.140635,2215.71207,2215.71207,2219.99778,2222.85492,2216.426355,2216.426355,2220.712065,2222.497778,2216.069213,2216.069213,2220.354923
2025-09-18 01:05:00,150500.1505,2220.712065,2216.426355,2219.99778,2218.56921,2221.42635,2217.14064,2220.712065,2219.99778,2221.069208,2216.783498,2220.354923,2219.283495
2025-09-18 01:10:00,648900.6489,2219.283495,2211.42636,2218.56921,2217.14064,2219.99778,2212.85493,2219.99778,2217.854925,2219.640638,2212.140645,2219.283495,2217.497783
2025-09-18 01:15:00,171500.1715,2220.712065,2214.997785,2217.14064,2214.997785,2222.140635,2215.71207,2217.854925,2216.426355,2221.42635,2215.354928,2217.497783,2215.71207
2025-09-18 01:20:00,356300.3563,2215.71207,2209.99779,2214.997785,2211.42636,2216.426355,2210.712075,2216.426355,2212.140645,2216.069213,2210.354933,2215.71207,2211.783503
2025-09-18 01:25:00,375200.3752,2212.140645,2203.569225,2211.42636,2204.28351,2212.85493,2204.28351,2212.140645,2204.997795,2212.497788,2203.926368,2211.783503,2204.640653
2025-09-18 01:30:00,261800.2618,2207.854935,2202.85494,2204.28351,2205.71208,2208.56922,2203.569225,2204.997795,2207.14065,2208.212078,2203.212083,2204.640653,2206.426365
2025-09-18 01:35:00,170100.1701,2207.14065,2202.85494,2205.71208,2205.71208,2207.854935,2203.569225,2207.14065,2206.426365,2207.497793,2203.212083,2206.426365,2206.069223
2025-09-18 01:40:00,125300.1253,2207.14065,2204.28351,2205.71208,2205.71208,2207.854935,2204.997795,2206.426365,2207.14065,2207.497793,2204.640653,2206.069223,2206.426365
2025-09-18 01:45:00,220500.2205,2212.85493,2204.997795,2205.71208,2212.85493,2213.569215,2205.71208,2207.14065,2213.569215,2213.212073,2205.354938,2206.426365,2213.212073
2025-09-18 01:50:00,100800.1008,2212.85493,2209.99779,2212.85493,2212.140645,2213.569215,2210.712075,2213.569215,2212.85493,2213.212073,2210.354933,2213.212073,2212.497788
2025-09-18 01:55:00,213500.2135,2216.426355,2212.140645,2212.140645,2216.426355,2217.14064,2212.85493,2212.85493,2217.14064,2216.783498,2212.497788,2212.497788,2216.783498
2025-09-18 02:00:00,207900.2079,2221.42635,2213.569215,2216.426355,2214.2835,2222.140635,2214.2835,2217.14064,2214.997785,2221.783493,2213.926358,2216.783498,2214.640643
2025-09-18 02:05:00,101500.1015,2215.71207,2211.42636,2213.569215,2212.140645,2216.426355,2212.85493,2214.2835,2212.85493,2216.069213,2212.140645,2213.926358,2212.497788
2025-09-18 02:10:00,119000.119,2214.2835,2210.712075,2212.140645,2211.42636,2214.997785,2211.42636,2212.85493,2212.140645,2214.640643,2211.069218,2212.497788,2211.783503
2025-09-18 02:15:00,92400.0924,2212.140645,2208.56922,2211.42636,2208.56922,2212.85493,2209.283505,2212.140645,2209.283505,2212.497788,2208.926363,2211.783503,2208.926363
2025-09-18 02:20:00,116900.1169,2209.283505,2205.71208,2208.56922,2205.71208,2209.99779,2206.426365,2209.283505,2206.426365,2209.640648,2206.069223,2208.926363,2206.069223
2025-09-18 02:25:00,384300.3843,2214.997785,2205.71208,2205.71208,2209.99779,2216.426355,2206.426365,2206.426365,2211.42636,2215.71207,2206.069223,2206.069223,2210.712075
2025-09-18 02:30:00,26600.0266,2209.99779,2209.99779,2209.99779,2209.99779,2212.140645,2212.140645,2212.140645,2212.140645,2211.069218,2211.069218,2211.069218,2211.069218
2025-09-18 03:30:00,424900.4249,2212.140645,2204.28351,2209.283505,2204.997795,2212.85493,2204.997795,2209.99779,2206.426365,2212.497788,2204.640653,2209.640648,2205.71208
2025-09-18 03:35:00,365400.3654,2209.99779,2201.42637,2204.997795,2207.854935,2210.712075,2202.140655,2206.426365,2208.56922,2210.354933,2201.783513,2205.71208,2208.212078
2025-09-18 03:40:00,110600.1106,2207.854935,2204.997795,2207.854935,2205.71208,2208.56922,2205.71208,2208.56922,2206.426365,2208.212078,2205.354938,2208.212078,2206.069223
2025-09-18 03:45:00,134400.1344,2208.56922,2204.997795,2205.71208,2207.854935,2209.283505,2205.71208,2206.426365,2208.56922,2208.926363,2205.354938,2206.069223,2208.212078
2025-09-18 03:50:00,63000.063,2207.854935,2205.71208,2207.854935,2205.71208,2208.56922,2206.426365,2208.56922,2206.426365,2208.212078,2206.069223,2208.212078,2206.069223
2025-09-18 03:55:00,163800.1638,2206.426365,2203.569225,2205.71208,2204.28351,2207.14065,2204.28351,2206.426365,2204.997795,2206.783508,2203.926368,2206.069223,2204.640653
2025-09-18 04:00:00,145600.1456,2204.28351,2202.85494,2204.28351,2203.569225,2204.997795,2203.569225,2204.997795,2204.28351,2204.640653,2203.212083,2204.640653,2203.926368
2025-09-18 04:05:00,618100.6181,2204.28351,2191.42638,2203.569225,2191.42638,2204.997795,2192.140665,2204.28351,2192.140665,2204.640653,2191.783523,2203.926368,2191.783523
2025-09-18 04:10:00,191100.1911,2196.426375,2191.42638,2191.42638,2194.997805,2197.14066,2192.140665,2192.140665,2196.426375,2196.783518,2191.783523,2191.783523,2195.71209
2025-09-18 04:15:00,150500.1505,2195.71209,2192.85495,2194.997805,2193.569235,2196.426375,2193.569235,2196.426375,2194.997805,2196.069233,2193.212093,2195.71209,2194.28352
2025-09-18 04:20:00,93100.0931,2195.71209,2192.85495,2193.569235,2194.28352,2196.426375,2193.569235,2194.997805,2194.997805,2196.069233,2193.212093,2194.28352,2194.640663
2025-09-18 04:25:00,155400.1554,2199.283515,2194.28352,2194.28352,2199.283515,2199.9978,2194.997805,2194.997805,2199.9978,2199.640658,2194.640663,2194.640663,2199.640658
2025-09-18 04:30:00,265300.2653,2199.283515,2189.99781,2199.283515,2189.99781,2199.9978,2190.712095,2199.9978,2190.712095,2199.640658,2190.354953,2199.640658,2190.354953
2025-09-18 04:35:00,259700.2597,2191.42638,2188.56924,2189.99781,2190.712095,2192.140665,2189.283525,2190.712095,2191.42638,2191.783523,2188.926383,2190.354953,2191.069238
2025-09-18 04:40:00,114100.1141,2191.42638,2189.283525,2190.712095,2189.283525,2192.140665,2189.99781,2191.42638,2189.99781,2191.783523,2189.640668,2191.069238,2189.640668
2025-09-18 04:45:00,79800.0798,2190.712095,2189.283525,2189.283525,2189.283525,2191.42638,2189.99781,2189.99781,2189.99781,2191.069238,2189.640668,2189.640668,2189.640668
2025-09-18 04:50:00,170100.1701,2192.140665,2187.854955,2189.283525,2191.42638,2192.85495,2188.56924,2189.99781,2192.140665,2192.497808,2188.212098,2189.640668,2191.783523
2025-09-18 04:55:00,70700.0707,2191.42638,2189.283525,2191.42638,2189.283525,2192.140665,2189.99781,2192.140665,2189.99781,2191.783523,2189.640668,2191.783523,2189.640668
2025-09-18 05:00:00,158900.1589,2194.997805,2188.56924,2189.283525,2193.569235,2196.426375,2189.283525,2189.99781,2194.28352,2195.71209,2188.926383,2189.640668,2193.926378
2025-09-18 05:05:00,71400.0714,2193.569235,2190.712095,2193.569235,2190.712095,2194.28352,2191.42638,2194.28352,2191.42638,2193.926378,2191.069238,2193.926378,2191.069238
2025-09-18 05:10:00,100800.1008,2192.85495,2189.99781,2190.712095,2192.140665,2193.569235,2190.712095,2191.42638,2192.85495,2193.212093,2190.354953,2191.069238,2192.497808
2025-09-18 05:15:00,106400.1064,2193.569235,2190.712095,2192.140665,2192.140665,2194.28352,2191.42638,2192.85495,2192.85495,2193.926378,2191.069238,2192.497808,2192.497808
2025-09-18 05:20:00,140700.1407,2197.854945,2191.42638,2192.140665,2197.14066,2198.56923,2192.140665,2192.85495,2197.854945,2198.212088,2191.783523,2192.497808,2197.497803
2025-09-18 05:25:00,270900.2709,2197.14066,2191.42638,2197.14066,2192.85495,2197.854945,2192.85495,2197.854945,2193.569235,2197.497803,2192.140665,2197.497803,2193.212093
2025-09-18 05:30:00,98700.0987,2194.997805,2192.140665,2192.85495,2193.569235,2195.71209,2192.85495,2193.569235,2194.28352,2195.354948,2192.497808,2193.212093,2193.926378
2025-09-18 05:35:00,133700.1337,2199.283515,2192.85495,2193.569235,2197.854945,2199.9978,2194.28352,2194.28352,2198.56923,2199.640658,2193.569235,2193.926378,2198.212088
2025-09-18 05:40:00,325500.3255,2204.997795,2197.854945,2197.854945,2203.569225,2206.426365,2198.56923,2198.56923,2204.28351,2205.71208,2198.212088,2198.212088,2203.926368
2025-09-18 05:45:00,140700.1407,2205.71208,2202.85494,2203.569225,2204.997795,2206.426365,2203.569225,2204.28351,2205.71208,2206.069223,2203.212083,2203.926368,2205.354938
2025-09-18 05:50:00,140000.14,2205.71208,2203.569225,2204.997795,2204.28351,2206.426365,2204.28351,2205.71208,2205.71208,2206.069223,2203.926368,2205.354938,2204.997795
2025-09-18 05:55:00,121800.1218,2206.426365,2203.569225,2204.28351,2205.71208,2207.14065,2204.28351,2205.71208,2206.426365,2206.783508,2203.926368,2204.997795,2206.069223
2025-09-18 06:00:00,196700.1967,2207.854935,2203.569225,2205.71208,2203.569225,2208.56922,2204.28351,2206.426365,2204.28351,2208.212078,2203.926368,2206.069223,2203.926368
2025-09-18 06:05:00,167300.1673,2203.569225,2200.712085,2203.569225,2201.42637,2204.28351,2201.42637,2204.28351,2202.140655,2203.926368,2201.069228,2203.926368,2201.783513
2025-09-18 06:10:00,189700.1897,2207.14065,2201.42637,2201.42637,2206.426365,2207.854935,2202.140655,2202.140655,2207.14065,2207.497793,2201.783513,2201.783513,2206.783508
2025-09-18 06:15:00,200900.2009,2206.426365,2202.85494,2206.426365,2204.28351,2207.14065,2204.28351,2207.14065,2204.997795,2206.783508,2203.569225,2206.783508,2204.640653
2025-09-18 06:20:00,410200.4102,2210.712075,2202.140655,2204.28351,2209.283505,2211.42636,2202.85494,2204.997795,2209.99779,2211.069218,2202.497798,2204.640653,2209.640648
2025-09-18 06:25:00,,2213.569215,2200.712085,2212.85493,2207.14065,2214.2835,2201.42637,2213.569215,2207.854935,2213.926358,2201.069228,2213.212073,2207.497793
2025-09-18 06:30:00,1269801.269801,2207.14065,2207.14065,2207.14065,2207.14065,2208.56922,2208.56922,2208.56922,2208.56922,2207.854935,2207.854935,2207.854935,2207.854935
2025-09-19 00:00:00,2495502.495502,2275.71201,2243.569185,2249.283465,2271.4263,2276.426295,2246.426325,2249.99775,2272.140585,2276.069153,2244.997755,2249.640608,2271.783443
2025-09-19 00:05:00,1562401.562401,2284.997715,2268.56916,2271.4263,2275.71201,2285.712,2269.283445,2272.140585,2277.14058,2285.354858,2268.926303,2271.783443,2276.426295
2025-09-19 00:10:00,1039501.0395,2286.426285,2272.85487,2276.426295,2278.56915,2287.14057,2273.569155,2277.14058,2279.283435,2286.783428,2273.212013,2276.783438,2278.926293
2025-09-19 00:15:00,928200.9282,2294.28342,2269.99773,2278.56915,2293.569135,2294.997705,2270.712015,2279.283435,2294.28342,2294.640563,2270.354873,2278.926293,2293.926278
2025-09-19 00:20:00,1029701.0297,2304.28341,2293.569135,2293.569135,2302.85484,2304.997695,2294.28342,2294.28342,2303.569125,2304.640553,2293.926278,2293.926278,2303.211983
2025-09-19 00:25:00,897400.8974,2306.426265,2296.426275,2302.85484,2304.997695,2307.14055,2297.14056,2303.569125,2306.426265,2306.783408,2296.783418,2303.211983,2305.71198
2025-09-19 00:30:00,878500.8785,2309.283405,2289.99771,2304.997695,2297.14056,2309.99769,2290.711995,2306.426265,2298.56913,2309.640548,2290.354853,2305.71198,2297.854845
2025-09-19 00:35:00,562800.5628,2302.85484,2292.140565,2297.14056,2300.711985,2303.569125,2292.85485,2298.56913,2301.42627,2303.211983,2292.497708,2297.854845,2301.069128
2025-09-19 00:40:00,1193501.193501,2314.997685,2299.9977,2300.711985,2311.42626,2315.71197,2300.711985,2301.42627,2312.140545,2315.354828,2300.354843,2301.069128,2311.783403
2025-09-19 00:45:00,343000.343,2312.140545,2304.997695,2311.42626,2306.426265,2312.85483,2305.71198,2312.140545,2307.854835,2312.497688,2305.354838,2311.783403,2307.14055
2025-09-19 00:50:00,431200.4312,2309.283405,2295.71199,2306.426265,2301.42627,2309.99769,2297.14056,2307.854835,2302.140555,2309.640548,2296.426275,2307.14055,2301.783413
2025-09-19 00:55:00,235900.2359,2306.426265,2297.854845,2301.42627,2302.140555,2307.14055,2298.56913,2302.140555,2302.85484,2306.783408,2298.211988,2301.783413,2302.497698
2025-09-19 01:00:00,438200.4382,2302.85484,2285.712,2302.140555,2289.283425,2303.569125,2286.426285,2302.85484,2289.99771,2303.211983,2286.069143,2302.497698,2289.640568
2025-09-19 01:05:00,372400.3724,2296.426275,2288.56914,2289.283425,2295.71199,2297.14056,2289.283425,2289.99771,2296.426275,2296.783418,2288.926283,2289.640568,2296.069133
2025-09-19 01:10:00,277900.2779,2299.283415,2292.140565,2295.71199,2299.283415,2300.711985,2293.569135,2296.426275,2299.9977,2299.640558,2292.85485,2296.069133,2299.640558
2025-09-19 01:15:00,233100.2331,2299.283415,2285.712,2299.283415,2289.283425,2299.9977,2287.14057,2299.9977,2289.99771,2299.640558,2286.426285,2299.640558,2289.640568
2025-09-19 01:20:00,310800.3108,2289.99771,2279.283435,2289.283425,2279.283435,2290.711995,2279.99772,2289.99771,2280.712005,2290.354853,2279.640578,2289.640568,2279.99772
2025-09-19 01:25:00,296800.2968,2286.426285,2274.28344,2279.283435,2283.569145,2287.14057,2275.71201,2280.712005,2284.28343,2286.783428,2274.997725,2279.99772,2283.926288
2025-09-19 01:30:00,183400.1834,2288.56914,2283.569145,2283.569145,2285.712,2289.99771,2284.28343,2284.28343,2286.426285,2289.283425,2283.926288,2283.926288,2286.069143
2025-09-19 01:35:00,196700.1967,2287.14057,2281.42629,2285.712,2284.28343,2287.854855,2282.140575,2286.426285,2284.997715,2287.497713,2281.783433,2286.069143,2284.640573
2025-09-19 01:40:00,131600.1316,2284.28343,2281.42629,2284.28343,2281.42629,2284.997715,2282.140575,2284.997715,2282.85486,2284.640573,2281.783433,2284.640573,2282.140575
2025-09-19 01:45:00,74900.0749,2282.85486,2279.99772,2281.42629,2279.99772,2283.569145,2280.712005,2282.85486,2280.712005,2283.212003,2280.354863,2282.140575,2280.354863
2025-09-19 01:50:00,71400.0714,2284.997715,2279.99772,2279.99772,2284.28343,2285.712,2280.712005,2280.712005,2284.997715,2285.354858,2280.354863,2280.354863,2284.640573
2025-09-19 01:55:00,116200.1162,2287.854855,2284.28343,2284.28343,2286.426285,2288.56914,2284.997715,2284.997715,2287.14057,2288.211998,2284.640573,2284.640573,2286.783428
2025-09-19 02:00:00,189700.1897,2292.85485,2286.426285,2286.426285,2292.85485,2293.569135,2287.14057,2287.14057,2293.569135,2293.211993,2286.783428,2286.783428,2293.211993
2025-09-19 02:05:00,177100.1771,2297.854845,2292.85485,2292.85485,2297.14056,2299.283415,2293.569135,2293.569135,2297.854845,2298.56913,2293.211993,2293.211993,2297.497703
2025-09-19 02:10:00,70700.0707,2297.14056,2291.42628,2297.14056,2294.997705,2297.854845,2292.140565,2297.854845,2295.71199,2297.497703,2291.783423,2297.497703,2295.354848
2025-09-19 02:15:00,141400.1414,2295.71199,2288.56914,2294.997705,2291.42628,2296.426275,2289.283425,2295.71199,2292.85485,2296.069133,2288.926283,2295.354848,2292.140565
2025-09-19 02:20:00,47600.0476,2294.28342,2290.711995,2291.42628,2294.28342,2294.997705,2291.42628,2292.85485,2294.997705,2294.640563,2291.069138,2292.140565,2294.640563
2025-09-19 02:25:00,77700.0777,2295.71199,2292.85485,2294.28342,2292.85485,2296.426275,2293.569135,2294.997705,2293.569135,2296.069133,2293.211993,2294.640563,2293.211993
2025-09-19 02:30:00,13300.0133,2292.85485,2292.85485,2292.85485,2292.85485,2293.569135,2293.569135,2293.569135,2293.569135,2293.211993,2293.211993,2293.211993,2293.211993
2025-09-19 03:30:00,414400.4144,2297.854845,2287.854855,2289.283425,2297.14056,2299.283415,2289.283425,2289.99771,2297.854845,2298.56913,2288.926283,2289.640568,2297.497703
2025-09-19 03:35:00,422100.4221,2301.42627,2296.426275,2297.14056,2296.426275,2302.140555,2297.14056,2297.854845,2297.14056,2301.783413,2296.783418,2297.497703,2296.783418
2025-09-19 03:40:00,156100.1561,2296.426275,2286.426285,2296.426275,2288.56914,2297.14056,2287.14057,2297.14056,2289.99771,2296.783418,2286.783428,2296.783418,2289.283425
2025-09-19 03:45:00,541100.5411,2291.42628,2275.71201,2288.56914,2289.99771,2292.140565,2276.426295,2289.99771,2291.42628,2291.783423,2276.069153,2289.283425,2290.711995
2025-09-19 03:50:00,228900.2289,2294.997705,2285.712,2289.99771,2287.14057,2295.71199,2287.14057,2291.42628,2288.56914,2295.354848,2286.426285,2290.711995,2287.854855
2025-09-19 03:55:00,392700.3927,2287.854855,2280.712005,2287.14057,2282.140575,2289.283425,2282.140575,2288.56914,2283.569145,2288.56914,2281.42629,2287.854855,2282.85486
2025-09-19 04:00:00,540400.5404,2287.854855,2274.997725,2282.140575,2279.283435,2288.56914,2275.71201,2283.569145,2279.99772,2288.211998,2275.354868,2282.85486,2279.640578
2025-09-19 04:05:00,535500.5355,2279.283435,2260.712025,2279.283435,2261.42631,2279.99772,2261.42631,2279.99772,2262.85488,2279.640578,2261.069168,2279.640578,2262.140595
2025-09-19 04:10:00,646100.6461,2262.140595,2249.99775,2261.42631,2251.42632,2262.85488,2250.712035,2262.85488,2252.85489,2262.497738,2250.354893,2262.140595,2252.140605
2025-09-19 04:15:00,583800.5838,2251.42632,2226.426345,2251.42632,2227.854915,2252.85489,2227.854915,2252.85489,2229.283485,2252.140605,2227.14063,2252.140605,2228.5692
2025-09-19 04:20:00,462700.4627,2244.28347,2227.854915,2227.854915,2238.56919,2246.426325,2228.5692,2229.283485,2239.283475,2245.354898,2228.212058,2228.5692,2238.926333
2025-09-19 04:25:00,567000.567,2257.854885,2228.5692,2237.854905,2255.71203,2259.283455,2229.99777,2239.283475,2257.1406,2258.56917,2229.283485,2238.56919,2256.426315
2025-09-19 04:30:00,275800.2758,2260.712025,2247.854895,2255.71203,2258.56917,2261.42631,2248.56918,2257.1406,2259.283455,2261.069168,2248.212038,2256.426315,2258.926313
2025-09-19 04:35:00,231700.2317,2259.99774,2253.569175,2258.56917,2257.1406,2261.42631,2254.28346,2259.283455,2258.56917,2260.354883,2253.926318,2258.926313,2257.854885
2025-09-19 04:40:00,235200.2352,2265.71202,2255.71203,2257.1406,2260.712025,2266.426305,2257.1406,2258.56917,2261.42631,2266.069163,2256.426315,2257.854885,2261.069168
2025-09-19 04:45:00,178500.1785,2264.997735,2256.426315,2260.712025,2264.997735,2265.71202,2257.1406,2261.42631,2265.71202,2265.354878,2256.783458,2261.069168,2265.354878
2025-09-19 04:50:00,209300.2093,2267.14059,2258.56917,2264.997735,2267.14059,2267.854875,2259.99774,2265.71202,2267.854875,2267.497733,2259.283455,2265.354878,2267.497733
2025-09-19 04:55:00,220500.2205,2274.997725,2267.14059,2267.14059,2271.4263,2275.71201,2267.854875,2267.854875,2272.140585,2275.354868,2267.497733,2267.497733,2271.783443
2025-09-19 05:00:00,163800.1638,2271.4263,2258.56917,2271.4263,2261.42631,2272.140585,2259.283455,2272.140585,2262.140595,2271.783443,2258.926313,2271.783443,2261.783453
2025-09-19 05:05:00,184800.1848,2264.28345,2255.71203,2261.42631,2263.569165,2264.997735,2256.426315,2262.140595,2264.28345,2264.640593,2256.069173,2261.783453,2263.926308
2025-09-19 05:10:00,117600.1176,2268.56916,2263.569165,2263.569165,2267.854875,2269.283445,2264.28345,2264.28345,2268.56916,2268.926303,2263.926308,2263.926308,2268.212018
2025-09-19 05:15:00,109200.1092,2272.140585,2265.71202,2267.854875,2270.712015,2272.85487,2266.426305,2268.56916,2272.140585,2272.497728,2266.069163,2268.212018,2271.4263
2025-09-19 05:20:00,152600.1526,2276.426295,2269.283445,2270.712015,2274.997725,2277.14058,2270.712015,2272.140585,2276.426295,2276.783438,2269.99773,2271.4263,2275.71201
2025-09-19 05:25:00,199500.1995,2277.854865,2273.569155,2274.997725,2277.854865,2278.56915,2274.28344,2276.426295,2278.56915,2278.212008,2273.926298,2275.71201,2278.212008
2025-09-19 05:30:00,170100.1701,2279.283435,2275.71201,2277.854865,2276.426295,2279.99772,2276.426295,2278.56915,2277.14058,2279.640578,2276.069153,2278.212008,2276.783438
2025-09-19 05:35:00,515900.5159,2288.56914,2272.85487,2276.426295,2284.28343,2289.283425,2273.569155,2277.14058,2285.712,2288.926283,2273.212013,2276.783438,2284.997715
2025-09-19 05:40:00,213500.2135,2284.28343,2271.4263,2284.28343,2272.140585,2285.712,2272.140585,2285.712,2273.569155,2284.997715,2271.783443,2284.997715,2272.85487
2025-09-19 05:45:00,220500.2205,2274.997725,2267.854875,2272.140585,2271.4263,2275.71201,2269.283445,2273.569155,2272.140585,2275.354868,2268.56916,2272.85487,2271.783443
2025-09-19 05:50:00,123900.1239,2278.56915,2270.712015,2271.4263,2277.854865,2279.283435,2271.4263,2272.140585,2279.283435,2278.926293,2271.069158,2271.783443,2278.56915
2025-09-19 05:55:00,235900.2359,2282.85486,2277.14058,2277.854865,2279.99772,2283.569145,2277.854865,2279.283435,2280.712005,2283.212003,2277.497723,2278.56915,2280.354863
2025-09-19 06:00:00,425600.4256,2292.140565,2276.426295,2279.99772,2291.42628,2292.85485,2277.14058,2280.712005,2292.140565,2292.497708,2276.783438,2280.354863,2291.783423
2025-09-19 06:05:00,345100.3451,2299.283415,2289.99771,2291.42628,2298.56913,2299.9977,2290.711995,2292.140565,2299.283415,2299.640558,2290.354853,2291.783423,2298.926273
2025-09-19 06:10:00,660800.6608,2303.569125,2295.71199,2298.56913,2301.42627,2304.28341,2296.426275,2299.283415,2302.140555,2303.926268,2296.069133,2298.926273,2301.783413
2025-09-19 06:15:00,464800.4648,2305.71198,2299.283415,2301.42627,2304.28341,2306.426265,2300.711985,2302.140555,2304.997695,2306.069123,2299.9977,2301.783413,2304.640553
2025-09-19 06:20:00,537600.5376,2308.56912,2303.569125,2304.28341,2304.997695,2309.283405,2304.28341,2304.997695,2306.426265,2308.926263,2303.926268,2304.640553,2305.71198
2025-09-19 06:25:00,,2359.99764,2304.997695,2357.1405,2304.997695,2360.711925,2305.71198,2357.854785,2305.71198,2360.354783,2305.354838,2357.497643,2305.354838
2025-09-19 06:30:00,3807303.807304,2304.997695,2304.997695,2304.997695,2304.997695,2306.426265,2306.426265,2306.426265,2306.426265,2305.71198,2305.71198,2305.71198,2305.71198
2025-09-22 00:00:00,2706202.706202,2379.283335,2334.997665,2337.14052,2369.99763,2379.99762,2337.14052,2337.854805,2371.4262,2379.640478,2336.069093,2337.497663,2370.711915
2025-09-22 00:05:00,891100.8911,2373.569055,2355.71193,2369.99763,2357.854785,2374.28334,2356.426215,2371.4262,2358.56907,2373.926198,2356.069073,2370.711915,2358.211928
2025-09-22 00:10:00,718200.7182,2359.283355,2331.42624,2357.854785,2331.42624,2359.99764,2332.140525,2358.56907,2332.140525,2359.640498,2331.783383,2358.211928,2331.783383
2025-09-22 00:15:00,613200.6132,2335.71195,2324.28339,2331.42624,2325.71196,2336.426235,2324.997675,2332.140525,2326.426245,2336.069093,2324.640533,2331.783383,2326.069103
2025-09-22 00:20:00,284900.2849,2329.283385,2321.42625,2325.71196,2325.71196,2330.711955,2322.85482,2326.426245,2327.14053,2329.99767,2322.140535,2326.069103,2326.426245
2025-09-22 00:25:00,478800.4788,2329.99767,2312.85483,2325.71196,2317.854825,2330.711955,2313.569115,2327.14053,2318.56911,2330.354813,2313.211973,2326.426245,2318.211968
2025-09-22 00:30:00,788200.7882,2319.99768,2291.42628,2317.854825,2297.854845,2320.711965,2292.140565,2318.56911,2299.283415,2320.354823,2291.783423,2318.211968,2298.56913
2025-09-22 00:35:00,487900.4879,2304.997695,2296.426275,2297.854845,2304.997695,2305.71198,2297.14056,2299.283415,2305.71198,2305.354838,2296.783418,2298.56913,2305.354838
2025-09-22 00:40:00,368200.3682,2313.569115,2304.997695,2304.997695,2312.140545,2314.2834,2305.71198,2305.71198,2312.85483,2313.926258,2305.354838,2305.354838,2312.497688
2025-09-22 00:45:00,399000.399,2313.569115,2302.85484,2312.140545,2304.997695,2314.2834,2303.569125,2312.85483,2305.71198,2313.926258,2303.211983,2312.497688,2305.354838
2025-09-22 00:50:00,256900.2569,2311.42626,2300.711985,2304.997695,2307.14055,2312.140545,2301.42627,2305.71198,2307.854835,2311.783403,2301.069128,2305.354838,2307.497693
2025-09-22 00:55:00,222600.2226,2309.283405,2300.711985,2307.14055,2307.854835,2309.99769,2301.42627,2307.854835,2308.56912,2309.640548,2301.069128,2307.497693,2308.211978
2025-09-22 01:00:00,174300.1743,2307.854835,2302.140555,2307.854835,2302.85484,2308.56912,2302.85484,2308.56912,2304.28341,2308.211978,2302.497698,2308.211978,2303.569125
2025-09-22 01:05:00,284200.2842,2305.71198,2294.997705,2303.569125,2295.71199,2306.426265,2295.71199,2304.28341,2296.426275,2306.069123,2295.354848,2303.926268,2296.069133
2025-09-22 01:10:00,158200.1582,2299.9977,2294.28342,2294.997705,2296.426275,2300.711985,2294.997705,2296.426275,2297.14056,2300.354843,2294.640563,2295.71199,2296.783418
2025-09-22 01:15:00,273700.2737,2298.56913,2288.56914,2296.426275,2289.283425,2299.283415,2289.99771,2297.14056,2289.99771,2298.926273,2289.283425,2296.783418,2289.640568
2025-09-22 01:20:00,245000.245,2292.85485,2286.426285,2289.283425,2289.283425,2293.569135,2287.14057,2289.99771,2289.99771,2293.211993,2286.783428,2289.640568,2289.640568
2025-09-22 01:25:00,289100.2891,2289.283425,2284.28343,2289.283425,2286.426285,2290.711995,2284.997715,2289.99771,2287.14057,2289.99771,2284.640573,2289.640568,2286.783428
2025-09-22 01:30:00,305900.3059,2299.283415,2286.426285,2286.426285,2299.283415,2299.9977,2287.14057,2287.14057,2299.9977,2299.640558,2286.783428,2286.783428,2299.640558
2025-09-22 01:35:00,452200.4522,2307.854835,2297.854845,2299.283415,2298.56913,2308.56912,2298.56913,2299.9977,2299.283415,2308.211978,2298.211988,2299.640558,2298.926273
2025-09-22 01:40:00,195300.1953,2298.56913,2291.42628,2298.56913,2292.85485,2299.283415,2292.140565,2299.283415,2293.569135,2298.926273,2291.783423,2298.926273,2293.211993
2025-09-22 01:45:00,102200.1022,2296.426275,2290.711995,2292.85485,2291.42628,2297.14056,2291.42628,2293.569135,2292.140565,2296.783418,2291.069138,2293.211993,2291.783423
2025-09-22 01:50:00,127400.1274,2299.283415,2291.42628,2291.42628,2295.71199,2299.9977,2292.140565,2292.140565,2296.426275,2299.640558,2291.783423,2291.783423,2296.069133
2025-09-22 01:55:00,72800.0728,2297.854845,2294.28342,2295.71199,2296.426275,2298.56913,2294.997705,2296.426275,2297.14056,2298.211988,2294.640563,2296.069133,2296.783418
2025-09-22 02:00:00,49000.049,2297.14056,2294.997705,2295.71199,2296.426275,2297.854845,2295.71199,2297.14056,2297.14056,2297.497703,2295.354848,2296.426275,2296.783418
2025-09-22 02:05:00,64400.0644,2298.56913,2295.71199,2296.426275,2297.14056,2299.283415,2296.426275,2297.14056,2297.854845,2298.926273,2296.069133,2296.783418,2297.497703
2025-09-22 02:10:00,119700.1197,2299.283415,2295.71199,2297.14056,2295.71199,2299.9977,2296.426275,2297.854845,2296.426275,2299.640558,2296.069133,2297.497703,2296.069133
2025-09-22 02:15:00,53900.0539,2298.56913,2295.71199,2295.71199,2296.426275,2299.283415,2296.426275,2296.426275,2297.14056,2298.926273,2296.069133,2296.069133,2296.783418
2025-09-22 02:20:00,32900.0329,2297.854845,2296.426275,2296.426275,2297.14056,2298.56913,2297.14056,2297.14056,2297.854845,2298.211988,2296.783418,2296.783418,2297.497703
2025-09-22 02:25:00,180600.1806,2300.711985,2294.28342,2297.14056,2294.28342,2301.42627,2294.997705,2297.854845,2294.997705,2301.069128,2294.640563,2297.497703,2294.640563
2025-09-22 02:30:00,16100.0161,2294.28342,2294.28342,2294.28342,2294.28342,2295.71199,2295.71199,2295.71199,2295.71199,2294.997705,2294.997705,2294.997705,2294.997705
2025-09-22 03:30:00,366100.3661,2300.711985,2292.140565,2299.283415,2295.71199,2301.42627,2292.85485,2299.9977,2296.426275,2301.069128,2292.497708,2299.640558,2296.069133
2025-09-22 03:35:00,122500.1225,2296.426275,2292.140565,2295.71199,2294.28342,2297.14056,2292.85485,2296.426275,2294.997705,2296.783418,2292.497708,2296.069133,2294.640563
2025-09-22 03:40:00,182700.1827,2295.71199,2289.99771,2294.28342,2294.997705,2296.426275,2290.711995,2294.997705,2295.71199,2296.069133,2290.354853,2294.640563,2295.354848
2025-09-22 03:45:00,116200.1162,2300.711985,2294.997705,2294.997705,2297.14056,2301.42627,2295.71199,2295.71199,2297.854845,2301.069128,2295.354848,2295.354848,2297.497703
2025-09-22 03:50:00,135800.1358,2297.14056,2291.42628,2297.14056,2294.28342,2297.854845,2292.140565,2297.854845,2294.997705,2297.497703,2291.783423,2297.497703,2294.640563
2025-09-22 03:55:00,66500.0665,2295.71199,2292.140565,2294.28342,2294.997705,2296.426275,2293.569135,2294.997705,2295.71199,2296.069133,2292.85485,2294.640563,2295.354848
2025-09-22 04:00:00,108500.1085,2295.71199,2291.42628,2294.997705,2292.140565,2296.426275,2292.140565,2295.71199,2292.85485,2296.069133,2291.783423,2295.354848,2292.497708
2025-09-22 04:05:00,585900.5859,2292.140565,2281.42629,2292.140565,2284.28343,2292.85485,2282.140575,2292.85485,2284.997715,2292.497708,2281.783433,2292.497708,2284.640573
2025-09-22 04:10:00,193200.1932,2285.712,2281.42629,2284.28343,2284.28343,2286.426285,2282.140575,2284.997715,2284.997715,2286.069143,2281.783433,2284.640573,2284.640573
2025-09-22 04:15:00,63700.0637,2284.997715,2282.140575,2284.28343,2283.569145,2285.712,2282.85486,2284.997715,2284.28343,2285.354858,2282.497718,2284.640573,2283.926288
2025-09-22 04:20:00,235900.2359,2283.569145,2278.56915,2283.569145,2279.283435,2284.28343,2279.283435,2284.28343,2279.99772,2283.926288,2278.926293,2283.926288,2279.640578
2025-09-22 04:25:00,51100.0511,2282.140575,2279.283435,2279.283435,2282.140575,2282.85486,2279.99772,2279.99772,2282.85486,2282.497718,2279.640578,2279.640578,2282.497718
2025-09-22 04:30:00,175000.175,2286.426285,2280.712005,2282.140575,2284.28343,2287.14057,2281.42629,2282.85486,2285.712,2286.783428,2281.069148,2282.497718,2284.997715
2025-09-22 04:35:00,66500.0665,2287.854855,2284.28343,2284.28343,2287.14057,2288.56914,2285.712,2285.712,2287.854855,2288.211998,2284.997715,2284.997715,2287.497713
2025-09-22 04:40:00,144200.1442,2289.283425,2286.426285,2287.14057,2287.14057,2289.99771,2287.14057,2287.854855,2288.56914,2289.640568,2286.783428,2287.497713,2287.854855
2025-09-22 04:45:00,67900.0679,2289.283425,2286.426285,2287.14057,2286.426285,2289.99771,2287.14057,2288.56914,2287.14057,2289.640568,2286.783428,2287.854855,2286.783428
2025-09-22 04:50:00,133000.133,2294.28342,2285.712,2286.426285,2292.140565,2294.997705,2286.426285,2287.14057,2292.85485,2294.640563,2286.069143,2286.783428,2292.497708
2025-09-22 04:55:00,125300.1253,2295.71199,2292.140565,2292.140565,2292.85485,2296.426275,2292.85485,2292.85485,2293.569135,2296.069133,2292.497708,2292.497708,2293.211993
2025-09-22 05:00:00,74200.0742,2294.28342,2291.42628,2292.85485,2292.85485,2294.997705,2292.140565,2293.569135,2293.569135,2294.640563,2291.783423,2293.211993,2293.211993
2025-09-22 05:05:00,163100.1631,2297.14056,2292.140565,2292.85485,2297.14056,2297.854845,2292.85485,2293.569135,2297.854845,2297.497703,2292.497708,2293.211993,2297.497703
2025-09-22 05:10:00,76300.0763,2297.14056,2292.85485,2297.14056,2294.28342,2297.854845,2293.569135,2297.854845,2294.997705,2297.497703,2293.211993,2297.497703,2294.640563
2025-09-22 05:15:00,86100.0861,2297.854845,2293.569135,2294.28342,2293.569135,2298.56913,2294.28342,2294.997705,2294.28342,2298.211988,2293.926278,2294.640563,2293.926278
2025-09-22 05:20:00,60200.0602,2296.426275,2292.85485,2293.569135,2294.28342,2297.14056,2293.569135,2294.28342,2295.71199,2296.783418,2293.211993,2293.926278,2294.997705
2025-09-22 05:25:00,82600.0826,2296.426275,2292.85485,2294.28342,2293.569135,2297.14056,2294.28342,2295.71199,2294.28342,2296.783418,2293.569135,2294.997705,2293.926278
2025-09-22 05:30:00,99400.0994,2293.569135,2288.56914,2293.569135,2291.42628,2294.28342,2289.283425,2294.28342,2292.140565,2293.926278,2288.926283,2293.926278,2291.783423
2025-09-22 05:35:00,79800.0798,2292.85485,2289.283425,2291.42628,2289.283425,2293.569135,2289.99771,2292.140565,2289.99771,2293.211993,2289.640568,2291.783423,2289.640568
2025-09-22 05:40:00,53900.0539,2289.99771,2288.56914,2289.283425,2289.283425,2291.42628,2289.283425,2289.99771,2289.99771,2290.711995,2288.926283,2289.640568,2289.640568
2025-09-22 05:45:00,84000.084,2290.711995,2287.14057,2289.283425,2288.56914,2291.42628,2287.854855,2289.99771,2289.283425,2291.069138,2287.497713,2289.640568,2288.926283
2025-09-22 05:50:00,46200.0462,2289.99771,2287.854855,2288.56914,2289.99771,2290.711995,2289.283425,2289.283425,2290.711995,2290.354853,2288.56914,2288.926283,2290.354853
2025-09-22 05:55:00,78400.0784,2292.85485,2289.283425,2289.99771,2292.85485,2293.569135,2289.99771,2290.711995,2293.569135,2293.211993,2289.640568,2290.354853,2293.211993
2025-09-22 06:00:00,176400.1764,2294.997705,2291.42628,2292.85485,2294.997705,2295.71199,2292.140565,2293.569135,2295.71199,2295.354848,2291.783423,2293.211993,2295.354848
2025-09-22 06:05:00,465500.4655,2302.140555,2294.997705,2294.997705,2299.9977,2302.85484,2295.71199,2295.71199,2301.42627,2302.497698,2295.354848,2295.354848,2300.711985
2025-09-22 06:10:00,193200.1932,2303.569125,2299.9977,2299.9977,2302.140555,2304.28341,2300.711985,2301.42627,2302.85484,2303.926268,2300.354843,2300.711985,2302.497698
2025-09-22 06:15:00,427700.4277,2310.711975,2299.283415,2302.140555,2309.99769,2311.42626,2299.9977,2302.85484,2310.711975,2311.069118,2299.640558,2302.497698,2310.354833
2025-09-22 06:20:00,901600.9016,2320.711965,2307.14055,2309.99769,2317.14054,2321.42625,2307.854835,2310.711975,2319.283395,2321.069108,2307.497693,2310.354833,2318.211968
2025-09-22 06:25:00,,2327.854815,2303.569125,2326.426245,2305.71198,2328.5691,2304.28341,2327.14053,2306.426265,2328.211958,2303.926268,2326.783388,2306.069123
2025-09-22 06:30:00,861700.861701,2305.71198,2305.71198,2305.71198,2305.71198,2306.426265,2306.426265,2306.426265,2306.426265,2306.069123,2306.069123,2306.069123,2306.069123
2025-09-24 00:00:00,2090202.090201,2322.85482,2295.71199,2305.71198,2318.56911,2324.28339,2298.56913,2306.426265,2319.99768,2323.211963,2297.14056,2306.069123,2319.283395
2025-09-24 00:05:00,1792001.792001,2354.997645,2318.56911,2318.56911,2354.997645,2355.71193,2319.283395,2319.283395,2355.71193,2355.354788,2318.926253,2318.926253,2355.354788
2025-09-24 00:10:00,1516901.5169,2358.56907,2350.711935,2354.997645,2357.854785,2359.99764,2351.42622,2355.71193,2359.283355,2359.283355,2351.069078,2355.354788,2358.56907
2025-09-24 00:15:00,1458801.458801,2372.85477,2354.997645,2357.854785,2367.14049,2373.569055,2355.71193,2359.283355,2368.56906,2373.211913,2355.354788,2358.56907,2367.854775
2025-09-24 00:20:00,732200.7322,2374.28334,2361.42621,2367.14049,2367.854775,2374.997625,2362.85478,2368.56906,2369.283345,2374.640483,2362.140495,2367.854775,2368.56906
2025-09-24 00:25:00,452200.4522,2372.85477,2361.42621,2367.854775,2367.854775,2373.569055,2362.85478,2369.283345,2369.283345,2373.211913,2362.140495,2368.56906,2368.56906
2025-09-24 00:30:00,905800.905801,2375.71191,2363.569065,2367.854775,2371.4262,2376.426195,2364.28335,2369.283345,2372.140485,2376.069053,2363.926208,2368.56906,2371.783343
2025-09-24 00:35:00,747600.7476,2379.283335,2371.4262,2371.4262,2377.854765,2379.99762,2372.140485,2372.140485,2379.283335,2379.640478,2371.783343,2371.783343,2378.56905
2025-09-24 00:40:00,861700.8617,2382.140475,2372.140485,2377.854765,2374.997625,2382.85476,2372.85477,2379.283335,2375.71191,2382.497618,2372.497628,2378.56905,2375.354768
2025-09-24 00:45:00,1169701.169701,2388.56904,2374.997625,2374.997625,2385.7119,2389.99761,2375.71191,2375.71191,2386.426185,2389.283325,2375.354768,2375.354768,2386.069043
2025-09-24 00:50:00,1361501.3615,2401.42617,2385.7119,2385.7119,2400.711885,2402.85474,2386.426185,2386.426185,2401.42617,2402.140455,2386.069043,2386.069043,2401.069028
2025-09-24 00:55:00,933100.9331,2407.854735,2397.854745,2400.711885,2399.9976,2408.56902,2398.56903,2401.42617,2400.711885,2408.211878,2398.211888,2401.069028,2400.354743
2025-09-24 01:00:00,889000.889,2404.28331,2389.283325,2399.9976,2403.569025,2404.997595,2389.99761,2400.711885,2404.28331,2404.640453,2389.640468,2400.354743,2403.926168
2025-09-24 01:05:00,1610701.6107,2424.28329,2402.140455,2403.569025,2424.28329,2424.997575,2402.85474,2404.28331,2424.997575,2424.640433,2402.497598,2403.926168,2424.640433
2025-09-24 01:10:00,1998501.998501,2437.854705,2421.42615,2424.28329,2436.426135,2438.56899,2422.140435,2424.997575,2437.14042,2438.211848,2421.783293,2424.640433,2436.783278
2025-09-24 01:15:00,1096901.0969,2440.711845,2430.711855,2436.426135,2431.42614,2441.42613,2431.42614,2437.14042,2432.85471,2441.068988,2431.068998,2436.783278,2432.140425
2025-09-24 01:20:00,792400.7924,2434.28328,2417.854725,2431.42614,2420.711865,2435.71185,2419.283295,2432.85471,2421.42615,2434.997565,2418.56901,2432.140425,2421.069008
2025-09-24 01:25:00,763000.763,2427.14043,2409.283305,2420.711865,2409.99759,2427.854715,2410.711875,2421.42615,2410.711875,2427.497573,2409.99759,2421.069008,2410.354733
2025-09-24 01:30:00,618800.6188,2419.99758,2402.85474,2409.99759,2416.426155,2420.711865,2403.569025,2410.711875,2417.14044,2420.354723,2403.211883,2410.354733,2416.783298
2025-09-24 01:35:00,527100.5271,2422.140435,2414.2833,2416.426155,2419.99758,2422.85472,2414.997585,2417.14044,2420.711865,2422.497578,2414.640443,2416.783298,2420.354723
2025-09-24 01:40:00,496300.4963,2425.71186,2419.283295,2419.99758,2424.997575,2426.426145,2419.99758,2421.42615,2425.71186,2426.069003,2419.640438,2420.711865,2425.354718
2025-09-24 01:45:00,897400.8974,2430.711855,2424.997575,2424.997575,2429.283285,2431.42614,2425.71186,2425.71186,2429.99757,2431.068998,2425.354718,2425.354718,2429.640428
2025-09-24 01:50:00,385700.3857,2429.99757,2418.56901,2429.283285,2422.140435,2430.711855,2419.99758,2429.99757,2422.85472,2430.354713,2419.283295,2429.640428,2422.497578
2025-09-24 01:55:00,198800.1988,2425.71186,2419.99758,2422.140435,2422.140435,2426.426145,2420.711865,2422.85472,2423.569005,2426.069003,2420.354723,2422.497578,2422.85472
2025-09-24 02:00:00,386400.3864,2430.711855,2419.283295,2422.140435,2430.711855,2431.42614,2419.99758,2423.569005,2431.42614,2431.068998,2419.640438,2422.85472,2431.068998
2025-09-24 02:05:00,309400.3094,2432.140425,2429.99757,2430.711855,2431.42614,2432.85471,2430.711855,2431.42614,2432.140425,2432.497568,2430.354713,2431.068998,2431.783283
2025-09-24 02:10:00,389200.3892,2432.140425,2427.854715,2431.42614,2431.42614,2432.85471,2428.569,2432.140425,2432.140425,2432.497568,2428.211858,2431.783283,2431.783283
2025-09-24 02:15:00,389200.3892,2432.140425,2427.14043,2431.42614,2429.283285,2432.85471,2427.854715,2432.140425,2429.99757,2432.497568,2427.497573,2431.783283,2429.640428
2025-09-24 02:20:00,308000.308,2434.997565,2428.569,2429.283285,2434.28328,2435.71185,2429.283285,2429.99757,2434.997565,2435.354708,2428.926143,2429.640428,2434.640423
2025-09-24 02:25:00,490000.49,2437.854705,2432.85471,2434.28328,2436.426135,2438.56899,2433.568995,2434.997565,2437.854705,2438.211848,2433.211853,2434.640423,2437.14042
2025-09-24 02:30:00,47600.0476,2436.426135,2436.426135,2436.426135,2436.426135,2437.854705,2437.854705,2437.854705,2437.854705,2437.14042,2437.14042,2437.14042,2437.14042
2025-09-24 03:30:00,1957201.957201,2454.997545,2430.711855,2430.711855,2454.997545,2455.71183,2431.42614,2431.42614,2455.71183,2455.354688,2431.068998,2431.068998,2455.354688
2025-09-24 03:35:00,3100303.100304,2494.28322,2453.568975,2454.997545,2488.56894,2495.71179,2454.28326,2455.71183,2489.283225,2494.997505,2453.926118,2455.354688,2488.926083
2025-09-24 03:40:00,1582701.5827,2496.426075,2484.28323,2488.56894,2494.28322,2497.14036,2484.997515,2489.283225,2495.71179,2496.783218,2484.640373,2488.926083,2494.997505
2025-09-24 03:45:00,1253001.253001,2497.854645,2487.14037,2494.28322,2489.283225,2498.56893,2487.854655,2495.71179,2489.99751,2498.211788,2487.497513,2494.997505,2489.640368
2025-09-24 03:50:00,2174902.174901,2504.28321,2487.854655,2489.283225,2499.9975,2505.71178,2488.56894,2489.99751,2501.42607,2504.997495,2488.211798,2489.640368,2500.711785
2025-09-24 03:55:00,991900.9919,2504.28321,2493.568935,2499.9975,2495.71179,2504.997495,2494.28322,2500.711785,2496.426075,2504.640353,2493.926078,2500.354643,2496.068933
2025-09-24 04:00:00,946400.9464,2501.42607,2490.711795,2495.71179,2498.56893,2502.140355,2492.140365,2496.426075,2499.283215,2501.783213,2491.42608,2496.068933,2498.926073
2025-09-24 04:05:00,548100.5481,2500.711785,2497.14036,2498.56893,2499.283215,2501.42607,2498.56893,2499.283215,2499.9975,2501.068928,2497.854645,2498.926073,2499.640358
2025-09-24 04:10:00,616000.616,2503.568925,2494.997505,2499.283215,2499.9975,2504.28321,2495.71179,2499.9975,2500.711785,2503.926068,2495.354648,2499.640358,2500.354643
2025-09-24 04:15:00,597800.5978,2503.568925,2496.426075,2499.9975,2501.42607,2504.28321,2497.14036,2500.711785,2502.140355,2503.926068,2496.783218,2500.354643,2501.783213
2025-09-24 04:20:00,326200.3262,2503.568925,2500.711785,2501.42607,2502.140355,2504.28321,2501.42607,2502.140355,2502.85464,2503.926068,2501.068928,2501.783213,2502.497498
2025-09-24 04:25:00,455700.4557,2504.28321,2502.140355,2502.140355,2503.568925,2504.997495,2502.85464,2502.85464,2504.997495,2504.640353,2502.497498,2502.497498,2504.28321
2025-09-24 04:30:00,1500101.500102,2517.854625,2503.568925,2503.568925,2516.426055,2519.283195,2504.997495,2504.997495,2517.14034,2518.56891,2504.28321,2504.28321,2516.783198
2025-09-24 04:35:00,704900.7049,2519.99748,2510.711775,2516.426055,2514.2832,2520.711765,2511.42606,2517.14034,2514.997485,2520.354623,2511.068918,2516.783198,2514.640343
2025-09-24 04:40:00,372400.3724,2516.426055,2512.140345,2513.568915,2514.2832,2517.14034,2512.85463,2514.997485,2514.997485,2516.783198,2512.497488,2514.2832,2514.640343
2025-09-24 04:45:00,487900.4879,2517.14034,2511.42606,2514.2832,2512.140345,2517.854625,2512.140345,2514.997485,2512.85463,2517.497483,2511.783203,2514.640343,2512.497488
2025-09-24 04:50:00,346500.3465,2513.568915,2508.56892,2512.140345,2509.99749,2514.2832,2509.283205,2512.85463,2510.711775,2513.926058,2508.926063,2512.497488,2510.354633
2025-09-24 04:55:00,545300.5453,2512.85463,2505.71178,2509.99749,2507.854635,2513.568915,2506.426065,2510.711775,2508.56892,2513.211773,2506.068923,2510.354633,2508.211778
2025-09-24 05:00:00,382200.3822,2513.568915,2504.997495,2507.854635,2512.85463,2514.2832,2505.71178,2508.56892,2513.568915,2513.926058,2505.354638,2508.211778,2513.211773
2025-09-24 05:05:00,338800.3388,2514.2832,2511.42606,2512.85463,2514.2832,2514.997485,2512.140345,2513.568915,2514.997485,2514.640343,2511.783203,2513.211773,2514.640343
2025-09-24 05:10:00,304500.3045,2514.997485,2512.140345,2514.2832,2514.2832,2515.71177,2512.85463,2514.997485,2514.997485,2515.354628,2512.497488,2514.640343,2514.640343
2025-09-24 05:15:00,418600.4186,2514.997485,2512.85463,2514.2832,2513.568915,2515.71177,2513.568915,2514.997485,2514.2832,2515.354628,2513.211773,2514.640343,2513.926058
2025-09-24 05:20:00,200200.2002,2514.997485,2512.85463,2513.568915,2512.85463,2515.71177,2513.568915,2514.2832,2513.568915,2515.354628,2513.211773,2513.926058,2513.211773
2025-09-24 05:25:00,308000.308,2514.997485,2511.42606,2512.85463,2514.2832,2515.71177,2512.140345,2513.568915,2514.997485,2515.354628,2511.783203,2513.211773,2514.640343
2025-09-24 05:30:00,375900.3759,2514.997485,2509.283205,2514.2832,2509.99749,2515.71177,2509.99749,2514.997485,2510.711775,2515.354628,2509.640348,2514.640343,2510.354633
2025-09-24 05:35:00,374500.3745,2514.2832,2507.854635,2509.99749,2508.56892,2514.997485,2508.56892,2510.711775,2509.283205,2514.640343,2508.211778,2510.354633,2508.926063
2025-09-24 05:40:00,518000.518,2513.568915,2507.14035,2508.56892,2512.140345,2514.2832,2507.854635,2509.283205,2512.85463,2513.926058,2507.497493,2508.926063,2512.497488
2025-09-24 05:45:00,221900.2219,2512.140345,2509.99749,2512.140345,2511.42606,2512.85463,2510.711775,2512.85463,2512.140345,2512.497488,2510.354633,2512.497488,2511.783203
2025-09-24 05:50:00,426300.4263,2514.997485,2511.42606,2511.42606,2513.568915,2515.71177,2512.140345,2512.140345,2514.2832,2515.354628,2511.783203,2511.783203,2513.926058
2025-09-24 05:55:00,375900.3759,2513.568915,2509.99749,2513.568915,2511.42606,2514.2832,2510.711775,2514.2832,2512.85463,2513.926058,2510.354633,2513.926058,2512.140345
2025-09-24 06:00:00,319900.3199,2513.568915,2510.711775,2511.42606,2512.85463,2514.2832,2511.42606,2512.85463,2513.568915,2513.926058,2511.068918,2512.140345,2513.211773
2025-09-24 06:05:00,222600.2226,2513.568915,2512.140345,2512.85463,2512.85463,2514.2832,2512.85463,2513.568915,2513.568915,2513.926058,2512.497488,2513.211773,2513.211773
2025-09-24 06:10:00,650300.6503,2517.854625,2512.85463,2512.85463,2517.14034,2518.56891,2513.568915,2513.568915,2518.56891,2518.211768,2513.211773,2513.211773,2517.854625
2025-09-24 06:15:00,466900.4669,2518.56891,2515.71177,2517.14034,2517.854625,2519.283195,2516.426055,2518.56891,2518.56891,2518.926053,2516.068913,2517.854625,2518.211768
2025-09-24 06:20:00,1075901.075901,2523.568905,2517.14034,2517.854625,2522.85462,2524.28319,2517.854625,2518.56891,2524.28319,2523.926048,2517.497483,2518.211768,2523.568905
2025-09-24 06:25:00,,2532.85461,2518.56891,2529.99747,2529.283185,2533.568895,2519.283195,2530.711755,2529.99747,2533.211753,2518.926053,2530.354613,2529.640328
2025-09-24 06:30:00,2210602.210602,2529.283185,2529.283185,2529.283185,2529.283185,2530.711755,2530.711755,2530.711755,2530.711755,2529.99747,2529.99747,2529.99747,2529.99747
2025-09-25 00:00:00,5304605.304606,2579.99742,2532.85461,2542.140315,2563.568865,2580.711705,2534.28318,2542.8546,2564.28315,2580.354563,2533.568895,2542.497458,2563.926008
2025-09-25 00:05:00,2074102.074102,2564.997435,2523.568905,2563.568865,2536.426035,2566.426005,2524.28319,2564.28315,2537.14032,2565.71172,2523.926048,2563.926008,2536.783178
2025-09-25 00:10:00,1488901.4889,2552.140305,2529.283185,2536.426035,2536.426035,2552.85459,2529.99747,2537.14032,2537.854605,2552.497448,2529.640328,2536.783178,2537.14032
2025-09-25 00:15:00,1652001.652001,2539.283175,2517.14034,2536.426035,2529.99747,2539.99746,2517.854625,2537.854605,2530.711755,2539.640318,2517.497483,2537.14032,2530.354613
2025-09-25 00:20:00,1464401.4644,2532.85461,2507.14035,2529.99747,2514.2832,2534.28318,2508.56892,2530.711755,2515.71177,2533.568895,2507.854635,2530.354613,2514.997485
2025-09-25 00:25:00,1072401.0724,2529.99747,2512.140345,2514.2832,2527.14033,2531.42604,2513.568915,2515.71177,2527.854615,2530.354613,2512.85463,2514.997485,2527.497473
2025-09-25 00:30:00,1355901.3559,2538.56889,2525.71176,2527.14033,2534.997465,2539.283175,2526.426045,2527.854615,2535.71175,2538.926033,2526.068903,2527.497473,2535.354608
2025-09-25 00:35:00,676900.6769,2539.99746,2533.568895,2534.997465,2534.28318,2540.711745,2534.28318,2535.71175,2534.997465,2540.354603,2533.926038,2535.354608,2534.640323
2025-09-25 00:40:00,549500.5495,2539.283175,2528.5689,2534.28318,2530.711755,2539.99746,2529.283185,2534.997465,2531.42604,2539.640318,2528.926043,2534.640323,2531.068898
2025-09-25 00:45:00,871500.8715,2534.28318,2518.56891,2530.711755,2521.42605,2535.71175,2519.283195,2531.42604,2522.140335,2534.997465,2518.926053,2531.068898,2521.783193
2025-09-25 00:50:00,744100.7441,2537.14032,2518.56891,2521.42605,2537.14032,2537.854605,2519.283195,2522.140335,2537.854605,2537.497463,2518.926053,2521.783193,2537.497463
2025-09-25 00:55:00,815500.8155,2549.99745,2530.711755,2537.14032,2547.854595,2551.42602,2532.140325,2537.854605,2548.56888,2550.711735,2531.42604,2537.497463,2548.211738
2025-09-25 01:00:00,709100.7091,2554.28316,2545.71174,2547.854595,2547.14031,2554.997445,2546.426025,2548.56888,2547.854595,2554.640303,2546.068883,2548.211738,2547.497453
2025-09-25 01:05:00,870800.8708,2547.14031,2528.5689,2547.14031,2534.28318,2547.854595,2529.283185,2547.854595,2534.997465,2547.497453,2528.926043,2547.497453,2534.640323
2025-09-25 01:10:00,556500.5565,2537.854605,2529.99747,2534.28318,2535.71175,2539.283175,2530.711755,2534.997465,2537.14032,2538.56889,2530.354613,2534.640323,2536.426035
2025-09-25 01:15:00,252000.252,2539.283175,2534.997465,2535.71175,2536.426035,2539.99746,2535.71175,2537.14032,2537.14032,2539.640318,2535.354608,2536.426035,2536.783178
2025-09-25 01:20:00,361900.3619,2536.426035,2530.711755,2536.426035,2533.568895,2537.14032,2531.42604,2537.14032,2534.28318,2536.783178,2531.068898,2536.783178,2533.926038
2025-09-25 01:25:00,245700.2457,2539.283175,2532.85461,2533.568895,2539.283175,2539.99746,2533.568895,2534.28318,2539.99746,2539.640318,2533.211753,2533.926038,2539.640318
2025-09-25 01:30:00,246400.2464,2541.42603,2537.14032,2539.283175,2537.854605,2542.140315,2537.854605,2539.99746,2538.56889,2541.783173,2537.497463,2539.640318,2538.211748
2025-09-25 01:35:00,308000.308,2537.854605,2532.140325,2537.854605,2535.71175,2538.56889,2532.85461,2538.56889,2537.14032,2538.211748,2532.497468,2538.211748,2536.426035
2025-09-25 01:40:00,220500.2205,2536.426035,2531.42604,2535.71175,2534.28318,2537.14032,2532.140325,2536.426035,2535.71175,2536.783178,2531.783183,2536.068893,2534.997465
2025-09-25 01:45:00,636300.6363,2536.426035,2515.71177,2534.28318,2516.426055,2537.14032,2516.426055,2535.71175,2517.854625,2536.783178,2516.068913,2534.997465,2517.14034
2025-09-25 01:50:00,554400.5544,2525.71176,2515.71177,2516.426055,2522.140335,2526.426045,2517.14034,2517.854625,2523.568905,2526.068903,2516.426055,2517.14034,2522.85462
2025-09-25 01:55:00,415800.4158,2529.283185,2520.711765,2522.140335,2528.5689,2529.99747,2521.42605,2523.568905,2529.283185,2529.640328,2521.068908,2522.85462,2528.926043
2025-09-25 02:00:00,583800.5838,2536.426035,2526.426045,2528.5689,2533.568895,2537.14032,2527.14033,2529.283185,2534.28318,2536.783178,2526.783188,2528.926043,2533.926038
2025-09-25 02:05:00,375900.3759,2533.568895,2522.140335,2533.568895,2522.140335,2534.997465,2522.85462,2534.28318,2522.85462,2534.28318,2522.497478,2533.926038,2522.497478
2025-09-25 02:10:00,241500.2415,2525.71176,2520.711765,2522.140335,2522.140335,2526.426045,2521.42605,2522.85462,2522.85462,2526.068903,2521.068908,2522.497478,2522.497478
2025-09-25 02:15:00,555800.5558,2522.140335,2512.85463,2522.140335,2517.14034,2523.568905,2513.568915,2522.85462,2518.56891,2522.85462,2513.211773,2522.497478,2517.854625
2025-09-25 02:20:00,282800.2828,2527.854615,2514.997485,2517.14034,2526.426045,2529.283185,2516.426055,2518.56891,2527.854615,2528.5689,2515.71177,2517.854625,2527.14033
2025-09-25 02:25:00,314300.3143,2527.854615,2518.56891,2526.426045,2518.56891,2529.283185,2519.283195,2527.854615,2520.711765,2528.5689,2518.926053,2527.14033,2519.640338
2025-09-25 02:30:00,39900.0399,2518.56891,2518.56891,2518.56891,2518.56891,2521.42605,2521.42605,2521.42605,2521.42605,2519.99748,2519.99748,2519.99748,2519.99748
2025-09-25 03:30:00,757400.7574,2524.997475,2512.140345,2518.56891,2513.568915,2525.71176,2513.568915,2519.283195,2514.997485,2525.354618,2512.85463,2518.926053,2514.2832
2025-09-25 03:35:00,378700.3787,2525.71176,2514.2832,2514.2832,2517.854625,2526.426045,2514.997485,2514.997485,2518.56891,2526.068903,2514.640343,2514.640343,2518.211768
2025-09-25 03:40:00,249900.2499,2519.283195,2515.71177,2517.854625,2517.854625,2520.711765,2517.14034,2518.56891,2518.56891,2519.99748,2516.426055,2518.211768,2518.211768
2025-09-25 03:45:00,324100.3241,2521.42605,2516.426055,2517.854625,2519.99748,2522.140335,2517.14034,2518.56891,2520.711765,2521.783193,2516.783198,2518.211768,2520.354623
2025-09-25 03:50:00,901600.9016,2522.85462,2507.14035,2519.99748,2507.854635,2523.568905,2507.854635,2520.711765,2508.56892,2523.211763,2507.497493,2520.354623,2508.211778
2025-09-25 03:55:00,1283801.283801,2509.99749,2494.997505,2507.854635,2507.14035,2510.711775,2496.426075,2508.56892,2507.854635,2510.354633,2495.71179,2508.211778,2507.497493
2025-09-25 04:00:00,616000.616,2507.14035,2499.283215,2507.14035,2502.85464,2507.854635,2499.9975,2507.854635,2503.568925,2507.497493,2499.640358,2507.497493,2503.211783
2025-09-25 04:05:00,289100.2891,2504.28321,2499.9975,2502.85464,2501.42607,2504.997495,2500.711785,2503.568925,2502.85464,2504.640353,2500.354643,2503.211783,2502.140355
2025-09-25 04:10:00,242900.2429,2502.85464,2499.283215,2502.140355,2502.85464,2503.568925,2499.9975,2502.85464,2503.568925,2503.211783,2499.640358,2502.497498,2503.211783
2025-09-25 04:15:00,390600.3906,2508.56892,2502.140355,2502.85464,2503.568925,2509.283205,2503.568925,2503.568925,2504.28321,2508.926063,2502.85464,2503.211783,2503.926068
2025-09-25 04:20:00,169400.1694,2504.28321,2500.711785,2503.568925,2501.42607,2504.997495,2501.42607,2504.28321,2502.140355,2504.640353,2501.068928,2503.926068,2501.783213
2025-09-25 04:25:00,497000.497,2510.711775,2501.42607,2501.42607,2507.14035,2511.42606,2502.140355,2502.140355,2507.854635,2511.068918,2501.783213,2501.783213,2507.497493
2025-09-25 04:30:00,232400.2324,2512.140345,2504.28321,2507.14035,2511.42606,2513.568915,2504.997495,2507.854635,2512.140345,2512.85463,2504.640353,2507.497493,2511.783203
2025-09-25 04:35:00,479500.4795,2515.71177,2506.426065,2511.42606,2508.56892,2517.14034,2507.14035,2512.140345,2509.283205,2516.426055,2506.783208,2511.783203,2508.926063
2025-09-25 04:40:00,141400.1414,2512.85463,2507.854635,2508.56892,2512.85463,2514.2832,2508.56892,2509.283205,2513.568915,2513.568915,2508.211778,2508.926063,2513.211773
2025-09-25 04:45:00,275800.2758,2512.85463,2504.997495,2512.85463,2507.14035,2513.568915,2505.71178,2513.568915,2507.854635,2513.211773,2505.354638,2513.211773,2507.497493
2025-09-25 04:50:00,277200.2772,2507.854635,2502.140355,2507.14035,2502.85464,2508.56892,2502.85464,2507.854635,2503.568925,2508.211778,2502.497498,2507.497493,2503.211783
2025-09-25 04:55:00,178500.1785,2504.997495,2501.42607,2502.85464,2504.997495,2505.71178,2502.140355,2503.568925,2505.71178,2505.354638,2501.783213,2503.211783,2505.354638
2025-09-25 05:00:00,628600.6286,2505.71178,2497.14036,2504.997495,2497.14036,2506.426065,2497.854645,2505.71178,2497.854645,2506.068923,2497.497503,2505.354638,2497.497503
2025-09-25 05:05:00,284900.2849,2498.56893,2494.28322,2497.14036,2494.28322,2499.283215,2494.997505,2497.854645,2495.71179,2498.926073,2494.640363,2497.497503,2494.997505
2025-09-25 05:10:00,172900.1729,2497.854645,2494.28322,2494.28322,2494.997505,2499.283215,2494.997505,2495.71179,2495.71179,2498.56893,2494.640363,2494.997505,2495.354648
2025-09-25 05:15:00,160300.1603,2497.854645,2494.28322,2494.997505,2496.426075,2498.56893,2494.997505,2495.71179,2497.854645,2498.211788,2494.640363,2495.354648,2497.14036
2025-09-25 05:20:00,558600.5586,2513.568915,2494.997505,2496.426075,2513.568915,2514.2832,2495.71179,2497.854645,2514.2832,2513.926058,2495.354648,2497.14036,2513.926058
2025-09-25 05:25:00,464800.4648,2517.854625,2511.42606,2513.568915,2512.85463,2518.56891,2512.140345,2514.2832,2514.2832,2518.211768,2511.783203,2513.926058,2513.568915
2025-09-25 05:30:00,350000.35,2523.568905,2512.85463,2512.85463,2523.568905,2524.28319,2513.568915,2514.2832,2524.28319,2523.926048,2513.211773,2513.568915,2523.926048
2025-09-25 05:35:00,503300.5033,2529.283185,2521.42605,2523.568905,2526.426045,2529.99747,2522.85462,2524.28319,2527.14033,2529.640328,2522.140335,2523.926048,2526.783188
2025-09-25 05:40:00,231700.2317,2527.14033,2522.140335,2526.426045,2524.28319,2527.854615,2522.85462,2527.14033,2524.997475,2527.497473,2522.497478,2526.783188,2524.640333
2025-09-25 05:45:00,240800.2408,2527.14033,2522.85462,2524.28319,2526.426045,2527.854615,2524.28319,2524.997475,2527.14033,2527.497473,2523.926048,2524.640333,2526.783188
2025-09-25 05:50:00,205100.2051,2527.854615,2523.568905,2526.426045,2525.71176,2528.5689,2524.28319,2527.14033,2527.14033,2528.211758,2523.926048,2526.783188,2526.426045
2025-09-25 05:55:00,281400.2814,2525.71176,2514.997485,2525.71176,2517.14034,2527.14033,2515.71177,2527.14033,2517.854625,2526.426045,2515.354628,2526.426045,2517.497483
2025-09-25 06:00:00,335300.3353,2517.14034,2509.283205,2517.14034,2514.2832,2517.854625,2509.99749,2517.854625,2515.71177,2517.497483,2509.640348,2517.497483,2514.997485
2025-09-25 06:05:00,186900.1869,2514.997485,2508.56892,2514.2832,2508.56892,2516.426055,2509.283205,2515.71177,2509.99749,2515.71177,2508.926063,2514.997485,2509.283205
2025-09-25 06:10:00,193900.1939,2512.140345,2508.56892,2508.56892,2509.283205,2512.85463,2509.283205,2509.99749,2509.99749,2512.497488,2508.926063,2509.283205,2509.640348
2025-09-25 06:15:00,189700.1897,2511.42606,2507.854635,2509.283205,2509.99749,2512.140345,2508.56892,2509.99749,2511.42606,2511.783203,2508.211778,2509.640348,2510.711775
2025-09-25 06:20:00,326200.3262,2514.997485,2509.99749,2509.99749,2513.568915,2515.71177,2511.42606,2511.42606,2514.997485,2515.354628,2510.711775,2510.711775,2514.2832
2025-09-25 06:25:00,,2524.28319,2501.42607,2514.997485,2519.99748,2524.997475,2502.140355,2515.71177,2520.711765,2524.640333,2501.783213,2515.354628,2520.354623
2025-09-25 06:30:00,1850101.850102,2519.99748,2519.99748,2519.99748,2519.99748,2520.711765,2520.711765,2520.711765,2520.711765,2520.354623,2520.354623,2520.354623,2520.354623
2025-09-26 00:00:00,2790902.790902,2505.71178,2466.426105,2502.85464,2492.85465,2506.426065,2467.14039,2503.568925,2494.28322,2506.068923,2466.783248,2503.211783,2493.568935
2025-09-26 00:05:00,1337001.337,2518.56891,2485.7118,2492.85465,2489.99751,2519.283195,2486.426085,2494.28322,2490.711795,2518.926053,2486.068943,2493.568935,2490.354653
2025-09-26 00:10:00,1163401.1634,2515.71177,2487.14037,2489.99751,2502.85464,2516.426055,2487.854655,2490.711795,2503.568925,2516.068913,2487.497513,2490.354653,2503.211783
2025-09-26 00:15:00,732200.7322,2506.426065,2489.283225,2502.85464,2495.71179,2507.14035,2489.99751,2503.568925,2496.426075,2506.783208,2489.640368,2503.211783,2496.068933
2025-09-26 00:20:00,497000.497,2507.14035,2492.140365,2495.71179,2494.28322,2507.854635,2492.85465,2496.426075,2494.997505,2507.497493,2492.497508,2496.068933,2494.640363
2025-09-26 00:25:00,956200.9562,2504.997495,2482.85466,2494.28322,2499.9975,2505.71178,2483.568945,2494.997505,2500.711785,2505.354638,2483.211803,2494.640363,2500.354643
2025-09-26 00:30:00,349300.3493,2503.568925,2491.42608,2499.9975,2492.85465,2504.28321,2492.140365,2500.711785,2493.568935,2503.926068,2491.783223,2500.354643,2493.211793
2025-09-26 00:35:00,288400.2884,2497.14036,2491.42608,2492.85465,2495.71179,2497.854645,2492.140365,2493.568935,2497.14036,2497.497503,2491.783223,2493.211793,2496.426075
2025-09-26 00:40:00,392000.392,2503.568925,2494.997505,2495.71179,2499.9975,2504.28321,2495.71179,2497.14036,2500.711785,2503.926068,2495.354648,2496.426075,2500.354643
2025-09-26 00:45:00,203000.203,2502.140355,2493.568935,2499.9975,2495.71179,2502.85464,2494.997505,2500.711785,2496.426075,2502.497498,2494.28322,2500.354643,2496.068933
2025-09-26 00:50:00,252700.2527,2496.426075,2491.42608,2495.71179,2492.85465,2497.14036,2492.140365,2496.426075,2494.28322,2496.783218,2491.783223,2496.068933,2493.568935
2025-09-26 00:55:00,207900.2079,2495.71179,2489.99751,2492.85465,2490.711795,2497.14036,2490.711795,2494.28322,2491.42608,2496.426075,2490.354653,2493.568935,2491.068938
2025-09-26 01:00:00,301000.301,2492.85465,2485.7118,2490.711795,2487.14037,2493.568935,2486.426085,2491.42608,2487.854655,2493.211793,2486.068943,2491.068938,2487.497513
2025-09-26 01:05:00,282800.2828,2497.854645,2487.14037,2487.14037,2495.71179,2498.56893,2487.854655,2487.854655,2496.426075,2498.211788,2487.497513,2487.497513,2496.068933
2025-09-26 01:10:00,246400.2464,2500.711785,2492.85465,2495.71179,2499.9975,2501.42607,2493.568935,2496.426075,2500.711785,2501.068928,2493.211793,2496.068933,2500.354643
2025-09-26 01:15:00,207900.2079,2502.140355,2495.71179,2499.9975,2496.426075,2502.85464,2496.426075,2500.711785,2497.854645,2502.497498,2496.068933,2500.354643,2497.14036
2025-09-26 01:20:00,258300.2583,2503.568925,2494.997505,2496.426075,2502.140355,2504.28321,2496.426075,2497.14036,2503.568925,2503.926068,2495.71179,2496.783218,2502.85464
2025-09-26 01:25:00,451500.4515,2512.140345,2502.140355,2502.140355,2510.711775,2513.568915,2503.568925,2503.568925,2511.42606,2512.85463,2502.85464,2502.85464,2511.068918
2025-09-26 01:30:00,298200.2982,2512.85463,2505.71178,2510.711775,2509.99749,2513.568915,2506.426065,2511.42606,2510.711775,2513.211773,2506.068923,2511.068918,2510.354633
2025-09-26 01:35:00,390600.3906,2518.56891,2509.283205,2509.99749,2516.426055,2519.283195,2509.99749,2510.711775,2517.854625,2518.926053,2509.640348,2510.354633,2517.14034
2025-09-26 01:40:00,275100.2751,2519.99748,2513.568915,2516.426055,2513.568915,2520.711765,2514.2832,2517.854625,2514.2832,2520.354623,2513.926058,2517.14034,2513.926058
2025-09-26 01:45:00,182700.1827,2517.14034,2511.42606,2513.568915,2513.568915,2517.854625,2512.140345,2514.2832,2514.2832,2517.497483,2511.783203,2513.926058,2513.926058
2025-09-26 01:50:00,213500.2135,2519.283195,2513.568915,2513.568915,2518.56891,2519.99748,2514.2832,2514.2832,2519.283195,2519.640338,2513.926058,2513.926058,2518.926053
2025-09-26 01:55:00,459900.4599,2522.140335,2517.14034,2518.56891,2519.99748,2522.85462,2517.854625,2519.283195,2520.711765,2522.497478,2517.497483,2518.926053,2520.354623
2025-09-26 02:00:00,281400.2814,2519.99748,2511.42606,2519.99748,2511.42606,2520.711765,2512.140345,2520.711765,2512.140345,2520.354623,2511.783203,2520.354623,2511.783203
2025-09-26 02:05:00,109200.1092,2513.568915,2508.56892,2511.42606,2508.56892,2514.2832,2509.283205,2512.140345,2509.99749,2513.926058,2508.926063,2511.783203,2509.283205
2025-09-26 02:10:00,155400.1554,2518.56891,2508.56892,2508.56892,2514.2832,2519.99748,2509.283205,2509.99749,2514.997485,2519.283195,2508.926063,2509.283205,2514.640343
2025-09-26 02:15:00,154700.1547,2519.283195,2514.2832,2514.2832,2514.997485,2519.99748,2514.997485,2514.997485,2515.71177,2519.640338,2514.640343,2514.640343,2515.354628
2025-09-26 02:20:00,134400.1344,2516.426055,2511.42606,2514.997485,2515.71177,2517.14034,2512.140345,2515.71177,2516.426055,2516.783198,2511.783203,2515.354628,2516.068913
2025-09-26 02:25:00,103600.1036,2515.71177,2511.42606,2515.71177,2511.42606,2516.426055,2512.140345,2516.426055,2512.140345,2516.068913,2511.783203,2516.068913,2511.783203
2025-09-26 02:30:00,35700.0357,2511.42606,2511.42606,2511.42606,2511.42606,2512.85463,2512.85463,2512.85463,2512.85463,2512.140345,2512.140345,2512.140345,2512.140345
2025-09-26 03:30:00,455700.4557,2517.14034,2504.28321,2514.997485,2504.997495,2517.854625,2504.997495,2515.71177,2505.71178,2517.497483,2504.640353,2515.354628,2505.354638
2025-09-26 03:35:00,203000.203,2510.711775,2501.42607,2504.997495,2509.283205,2511.42606,2502.140355,2505.71178,2509.99749,2511.068918,2501.783213,2505.354638,2509.640348
2025-09-26 03:40:00,145600.1456,2510.711775,2502.140355,2509.283205,2506.426065,2511.42606,2502.85464,2509.99749,2507.14035,2511.068918,2502.497498,2509.640348,2506.783208
2025-09-26 03:45:00,263200.2632,2518.56891,2506.426065,2506.426065,2518.56891,2519.283195,2507.14035,2507.14035,2519.283195,2518.926053,2506.783208,2506.783208,2518.926053
2025-09-26 03:50:00,518700.5187,2526.426045,2517.14034,2518.56891,2523.568905,2527.14033,2517.854625,2519.283195,2524.28319,2526.783188,2517.497483,2518.926053,2523.926048
2025-09-26 03:55:00,290500.2905,2524.28319,2512.140345,2523.568905,2515.71177,2524.997475,2512.85463,2524.28319,2516.426055,2524.640333,2512.497488,2523.926048,2516.068913
2025-09-26 04:00:00,264600.2646,2516.426055,2509.99749,2515.71177,2514.997485,2517.14034,2510.711775,2516.426055,2515.71177,2516.783198,2510.354633,2516.068913,2515.354628
2025-09-26 04:05:00,137900.1379,2518.56891,2512.85463,2514.997485,2514.2832,2519.283195,2513.568915,2515.71177,2514.997485,2518.926053,2513.211773,2515.354628,2514.640343
2025-09-26 04:10:00,218400.2184,2519.99748,2512.85463,2514.2832,2519.283195,2520.711765,2513.568915,2514.997485,2519.99748,2520.354623,2513.211773,2514.640343,2519.640338
2025-09-26 04:15:00,100800.1008,2519.99748,2513.568915,2519.283195,2514.2832,2520.711765,2514.2832,2519.99748,2514.997485,2520.354623,2513.926058,2519.640338,2514.640343
2025-09-26 04:20:00,147700.1477,2514.2832,2510.711775,2514.2832,2512.140345,2514.997485,2511.42606,2514.997485,2512.85463,2514.640343,2511.068918,2514.640343,2512.497488
2025-09-26 04:25:00,211400.2114,2512.140345,2505.71178,2512.140345,2509.99749,2513.568915,2507.14035,2512.85463,2510.711775,2512.85463,2506.426065,2512.497488,2510.354633
2025-09-26 04:30:00,109900.1099,2510.711775,2507.14035,2509.99749,2508.56892,2511.42606,2507.854635,2510.711775,2509.99749,2511.068918,2507.497493,2510.354633,2509.283205
2025-09-26 04:35:00,198800.1988,2510.711775,2505.71178,2508.56892,2509.283205,2511.42606,2507.14035,2509.99749,2509.99749,2511.068918,2506.426065,2509.283205,2509.640348
2025-09-26 04:40:00,108500.1085,2509.283205,2505.71178,2509.283205,2506.426065,2509.99749,2506.426065,2509.99749,2507.854635,2509.640348,2506.068923,2509.640348,2507.14035
2025-09-26 04:45:00,79800.0798,2507.14035,2504.997495,2506.426065,2506.426065,2507.854635,2505.71178,2507.854635,2507.14035,2507.497493,2505.354638,2507.14035,2506.783208
2025-09-26 04:50:00,271600.2716,2506.426065,2498.56893,2506.426065,2498.56893,2507.14035,2499.283215,2507.14035,2499.283215,2506.783208,2498.926073,2506.783208,2498.926073
2025-09-26 04:55:00,153300.1533,2502.140355,2497.854645,2498.56893,2502.140355,2502.85464,2498.56893,2499.283215,2502.85464,2502.497498,2498.211788,2498.926073,2502.497498
2025-09-26 05:00:00,191100.1911,2507.14035,2498.56893,2502.140355,2504.28321,2507.854635,2499.283215,2502.85464,2504.997495,2507.497493,2498.926073,2502.497498,2504.640353
2025-09-26 05:05:00,98700.0987,2505.71178,2501.42607,2504.28321,2501.42607,2507.14035,2502.140355,2504.997495,2502.140355,2506.426065,2501.783213,2504.640353,2501.783213
2025-09-26 05:10:00,140000.14,2505.71178,2500.711785,2501.42607,2500.711785,2506.426065,2501.42607,2502.140355,2502.140355,2506.068923,2501.068928,2501.783213,2501.42607
2025-09-26 05:15:00,88900.0889,2502.85464,2499.9975,2500.711785,2502.140355,2503.568925,2500.711785,2502.140355,2503.568925,2503.211783,2500.354643,2501.42607,2502.85464
2025-09-26 05:20:00,108500.1085,2504.997495,2501.42607,2502.140355,2502.85464,2505.71178,2502.140355,2503.568925,2503.568925,2505.354638,2501.783213,2502.85464,2503.211783
2025-09-26 05:25:00,336700.3367,2508.56892,2499.9975,2502.85464,2499.9975,2509.283205,2500.711785,2503.568925,2500.711785,2508.926063,2500.354643,2503.211783,2500.354643
2025-09-26 05:30:00,286300.2863,2502.85464,2497.14036,2499.9975,2499.283215,2503.568925,2498.56893,2500.711785,2499.9975,2503.211783,2497.854645,2500.354643,2499.640358
2025-09-26 05:35:00,161000.161,2503.568925,2497.14036,2499.283215,2502.140355,2504.28321,2497.854645,2499.9975,2503.568925,2503.926068,2497.497503,2499.640358,2502.85464
2025-09-26 05:40:00,277900.2779,2502.85464,2495.71179,2502.140355,2499.9975,2503.568925,2496.426075,2503.568925,2501.42607,2503.211783,2496.068933,2502.85464,2500.711785
2025-09-26 05:45:00,105700.1057,2502.85464,2499.283215,2499.9975,2499.9975,2503.568925,2499.9975,2501.42607,2500.711785,2503.211783,2499.640358,2500.711785,2500.354643
2025-09-26 05:50:00,236600.2366,2499.9975,2494.28322,2499.9975,2496.426075,2500.711785,2494.997505,2500.711785,2497.14036,2500.354643,2494.640363,2500.354643,2496.783218
2025-09-26 05:55:00,256200.2562,2496.426075,2491.42608,2496.426075,2492.85465,2497.854645,2492.140365,2497.14036,2494.28322,2497.14036,2491.783223,2496.783218,2493.568935
2025-09-26 06:00:00,532000.532,2498.56893,2479.99752,2492.85465,2484.28323,2499.9975,2480.711805,2494.28322,2484.997515,2499.283215,2480.354663,2493.568935,2484.640373
2025-09-26 06:05:00,471800.4718,2484.28323,2477.14038,2484.28323,2478.56895,2484.997515,2477.854665,2484.997515,2479.283235,2484.640373,2477.497523,2484.640373,2478.926093
2025-09-26 06:10:00,664300.6643,2481.42609,2472.140385,2478.56895,2480.711805,2482.140375,2472.85467,2479.283235,2481.42609,2481.783233,2472.497528,2478.926093,2481.068948
2025-09-26 06:15:00,410900.4109,2484.28323,2478.56895,2480.711805,2482.140375,2484.997515,2479.283235,2481.42609,2482.85466,2484.640373,2478.926093,2481.068948,2482.497518
2025-09-26 06:20:00,527100.5271,2494.997505,2482.140375,2482.140375,2494.997505,2497.854645,2482.85466,2482.85466,2497.854645,2496.426075,2482.497518,2482.497518,2496.426075
2025-09-26 06:25:00,,2509.283205,2469.283245,2471.4261,2498.56893,2509.283205,2469.99753,2472.140385,2499.283215,2509.283205,2469.640388,2471.783243,2498.926073
2025-09-26 06:30:00,2410102.410102,2498.56893,2498.56893,2498.56893,2498.56893,2499.283215,2499.283215,2499.283215,2499.283215,2498.926073,2498.926073,2498.926073,2498.926073
2025-09-29 00:00:00,1597600.0,2538.0,2500.0,2537.5,2510.5,2539.0,2500.5,2538.0,2511.5,2538.5,2500.25,2537.75,2511.0
2025-09-29 00:05:00,777000.0,2531.0,2510.0,2511.0,2527.5,2532.0,2511.5,2511.5,2528.5,2531.5,2510.75,2511.25,2528.0
2025-09-29 00:10:00,1713900.0,2541.5,2465.0,2527.5,2505.0,2542.0,2466.0,2528.5,2506.0,2541.75,2465.5,2528.0,2505.5
2025-09-29 00:15:00,440800.0,2507.5,2494.5,2505.0,2499.0,2508.0,2495.0,2506.0,2499.5,2507.75,2494.75,2505.5,2499.25
2025-09-29 00:20:00,431600.0,2509.5,2497.0,2498.5,2506.0,2510.0,2497.5,2499.5,2507.5,2509.75,2497.25,2499.0,2506.75
2025-09-29 00:25:00,356900.0,2514.0,2504.0,2506.0,2506.5,2515.0,2505.0,2507.5,2507.0,2514.5,2504.5,2506.75,2506.75
2025-09-29 00:30:00,659500.0,2507.0,2470.5,2506.5,2480.5,2507.5,2471.5,2507.0,2482.0,2507.25,2471.0,2506.75,2481.25
2025-09-29 00:35:00,442500.0,2489.0,2470.0,2480.5,2470.5,2490.0,2470.5,2482.0,2471.5,2489.5,2470.25,2481.25,2471.0
2025-09-29 00:40:00,801000.0,2504.0,2462.5,2470.5,2502.5,2504.5,2463.0,2471.5,2504.0,2504.25,2462.75,2471.0,2503.25
2025-09-29 00:45:00,646700.0,2513.5,2500.5,2502.5,2509.0,2514.0,2501.5,2504.5,2510.0,2513.75,2501.0,2503.5,2509.5
2025-09-29 00:50:00,493500.0,2514.5,2504.0,2509.0,2510.5,2515.0,2504.5,2510.0,2511.0,2514.75,2504.25,2509.5,2510.75
2025-09-29 00:55:00,191700.0,2514.0,2507.0,2510.5,2511.5,2514.5,2507.5,2511.5,2512.5,2514.25,2507.25,2511.0,2512.0
2025-09-29 01:00:00,742000.0,2539.5,2507.0,2511.5,2538.0,2540.0,2507.5,2512.5,2539.5,2539.75,2507.25,2512.0,2538.75
2025-09-29 01:05:00,868300.0,2549.5,2530.0,2538.0,2540.5,2550.0,2530.5,2539.5,2541.5,2549.75,2530.25,2538.75,2541.0
2025-09-29 01:10:00,525200.0,2545.5,2532.5,2540.5,2535.5,2546.0,2533.0,2541.5,2536.5,2545.75,2532.75,2541.0,2536.0
2025-09-29 01:15:00,445300.0,2545.5,2525.0,2535.5,2543.5,2546.0,2525.5,2536.5,2544.5,2545.75,2525.25,2536.0,2544.0
2025-09-29 01:20:00,330900.0,2548.5,2537.5,2543.5,2543.0,2549.0,2538.0,2544.5,2544.0,2548.75,2537.75,2544.0,2543.5
2025-09-29 01:25:00,333400.0,2549.5,2542.5,2543.0,2544.5,2550.0,2543.5,2544.0,2545.5,2549.75,2543.0,2543.5,2545.0
2025-09-29 01:30:00,310100.0,2544.5,2533.0,2544.5,2543.5,2545.5,2534.0,2545.5,2544.0,2545.0,2533.5,2545.0,2543.75
2025-09-29 01:35:00,159500.0,2544.0,2539.0,2543.5,2542.0,2544.5,2539.5,2544.0,2543.0,2544.25,2539.25,2543.75,2542.5
2025-09-29 01:40:00,212100.0,2543.5,2533.5,2542.0,2537.0,2544.0,2534.0,2543.0,2538.0,2543.75,2533.75,2542.5,2537.5
2025-09-29 01:45:00,230600.0,2547.5,2536.5,2537.0,2546.5,2548.0,2537.0,2538.0,2547.5,2547.75,2536.75,2537.5,2547.0
2025-09-29 01:50:00,726000.0,2558.5,2546.5,2546.5,2554.5,2559.0,2547.0,2547.5,2555.5,2558.75,2546.75,2547.0,2555.0
2025-09-29 01:55:00,546100.0,2564.0,2550.0,2554.5,2552.5,2564.5,2550.5,2555.5,2553.5,2564.25,2550.25,2555.0,2553.0
2025-09-29 02:00:00,506700.0,2553.0,2531.0,2552.5,2539.5,2553.5,2532.0,2553.0,2540.5,2553.25,2531.5,2552.75,2540.0
2025-09-29 02:05:00,189600.0,2547.5,2539.5,2539.5,2543.5,2548.0,2540.5,2541.0,2544.0,2547.75,2540.25,2540.25,2543.75
2025-09-29 02:10:00,172400.0,2553.5,2541.5,2543.5,2553.5,2554.0,2542.0,2544.0,2554.0,2553.75,2541.75,2543.75,2553.75
2025-09-29 02:15:00,194400.0,2556.0,2547.0,2553.5,2552.0,2556.5,2547.5,2554.0,2553.0,2556.25,2547.25,2553.75,2552.5
2025-09-29 02:20:00,149300.0,2553.0,2546.0,2552.0,2547.5,2553.5,2546.5,2553.0,2548.0,2553.25,2546.25,2552.5,2547.75
2025-09-29 02:25:00,150700.0,2550.5,2541.0,2547.5,2541.5,2551.0,2542.0,2548.5,2544.0,2550.75,2541.75,2548.0,2542.75
2025-09-29 02:30:00,9500.0,2541.0,2541.0,2541.0,2541.0,2544.0,2544.0,2544.0,2544.0,2542.5,2542.5,2542.5,2542.5
2025-09-29 03:30:00,1095100.0,2571.0,2547.5,2549.5,2565.5,2572.0,2548.0,2550.0,2566.5,2571.5,2547.75,2549.75,2566.0
2025-09-29 03:35:00,529600.0,2570.0,2560.0,2565.5,2569.5,2570.5,2560.5,2566.5,2570.0,2570.25,2560.25,2566.0,2569.75
2025-09-29 03:40:00,796000.0,2577.5,2566.0,2569.0,2568.5,2578.0,2566.5,2570.0,2569.0,2577.75,2566.25,2569.5,2568.75
2025-09-29 03:45:00,321400.0,2575.0,2566.5,2568.5,2573.0,2575.5,2567.5,2569.0,2573.5,2575.25,2567.0,2568.75,2573.25
2025-09-29 03:50:00,743000.0,2584.5,2571.5,2573.0,2584.0,2585.0,2572.0,2573.5,2584.5,2584.75,2571.75,2573.25,2584.25
2025-09-29 03:55:00,546000.0,2584.5,2572.5,2584.0,2572.5,2585.0,2573.0,2584.5,2573.5,2584.75,2572.75,2584.25,2573.0
2025-09-29 04:00:00,438800.0,2583.5,2570.0,2572.5,2582.5,2584.0,2570.5,2573.5,2583.0,2583.75,2570.25,2573.0,2582.75
2025-09-29 04:05:00,1047800.0,2599.5,2581.5,2582.0,2596.5,2600.0,2582.5,2583.0,2597.0,2599.75,2582.0,2582.5,2596.75
2025-09-29 04:10:00,530500.0,2597.0,2590.5,2596.5,2597.0,2597.5,2591.0,2597.0,2597.5,2597.25,2590.75,2596.75,2597.25
2025-09-29 04:15:00,611200.0,2599.5,2594.5,2597.0,2597.5,2600.0,2595.0,2597.5,2598.5,2599.75,2594.75,2597.25,2598.0
2025-09-29 04:20:00,481000.0,2598.5,2586.0,2597.5,2595.0,2599.0,2586.5,2598.5,2595.5,2598.75,2586.25,2598.0,2595.25
2025-09-29 04:25:00,1097900.0,2617.5,2591.0,2595.0,2611.5,2618.0,2591.5,2595.5,2612.5,2617.75,2591.25,2595.25,2612.0
2025-09-29 04:30:00,1155500.0,2631.5,2610.0,2611.5,2618.0,2632.5,2610.5,2613.0,2618.5,2632.0,2610.25,2612.25,2618.25
2025-09-29 04:35:00,647300.0,2619.5,2609.0,2618.0,2618.5,2620.0,2610.0,2618.5,2619.0,2619.75,2609.75,2618.25,2618.75
2025-09-29 04:40:00,310900.0,2619.5,2614.0,2618.5,2616.5,2620.0,2614.5,2619.0,2617.5,2619.75,2614.25,2618.75,2617.0
2025-09-29 04:45:00,623900.0,2628.0,2616.5,2616.5,2622.0,2628.5,2617.5,2617.5,2622.5,2628.25,2617.0,2617.0,2622.25
2025-09-29 04:50:00,676200.0,2634.0,2621.0,2622.0,2630.0,2634.5,2621.5,2622.5,2630.5,2634.25,2621.25,2622.25,2630.25
2025-09-29 04:55:00,848900.0,2639.0,2630.0,2630.0,2637.0,2639.5,2630.5,2631.0,2638.0,2639.25,2630.25,2630.5,2637.5
2025-09-29 05:00:00,697300.0,2638.0,2622.0,2636.5,2634.0,2638.5,2623.0,2638.0,2635.0,2638.25,2622.5,2637.25,2634.5
2025-09-29 05:05:00,857200.0,2649.5,2634.0,2634.0,2647.0,2650.0,2634.5,2635.0,2648.0,2649.75,2634.25,2634.5,2647.5
2025-09-29 05:10:00,1047400.0,2656.0,2642.0,2647.0,2651.0,2656.5,2642.5,2648.0,2651.5,2656.25,2642.25,2647.5,2651.25
2025-09-29 05:15:00,677700.0,2655.5,2649.0,2651.0,2654.0,2656.0,2649.5,2651.5,2654.5,2655.75,2649.25,2651.25,2654.25
2025-09-29 05:20:00,594900.0,2655.0,2650.5,2654.0,2653.0,2655.5,2651.0,2655.0,2653.5,2655.25,2650.75,2654.5,2653.25
2025-09-29 05:25:00,858800.0,2655.5,2637.5,2653.0,2637.5,2656.0,2638.0,2653.5,2639.0,2655.75,2637.75,2653.25,2638.25
2025-09-29 05:30:00,1393000.0,2644.0,2619.0,2637.5,2628.0,2644.5,2620.0,2639.0,2629.0,2644.25,2619.5,2638.25,2628.5
2025-09-29 05:35:00,1105600.0,2635.5,2615.0,2628.0,2620.5,2636.0,2615.5,2629.0,2621.0,2635.75,2615.25,2628.5,2620.75
2025-09-29 05:40:00,881200.0,2635.5,2615.0,2620.5,2628.5,2636.0,2615.5,2621.0,2629.5,2635.75,2615.25,2620.75,2629.0
2025-09-29 05:45:00,959100.0,2638.0,2615.0,2628.5,2617.5,2638.5,2615.5,2629.5,2619.0,2638.25,2615.25,2629.0,2618.25
2025-09-29 05:50:00,867200.0,2620.0,2607.0,2617.5,2618.0,2620.5,2607.5,2619.0,2619.0,2620.25,2607.25,2618.25,2618.5
2025-09-29 05:55:00,815900.0,2619.5,2600.0,2618.5,2602.0,2620.0,2600.5,2619.0,2603.0,2619.75,2600.25,2618.75,2602.5
2025-09-29 06:00:00,856100.0,2609.0,2591.0,2602.0,2605.5,2610.0,2591.5,2603.0,2606.5,2609.5,2591.25,2602.5,2606.0
2025-09-29 06:05:00,770300.0,2621.0,2605.5,2605.5,2617.0,2622.0,2606.5,2606.5,2618.0,2621.5,2606.0,2606.0,2617.5
2025-09-29 06:10:00,582600.0,2621.5,2615.0,2617.0,2619.0,2622.5,2615.5,2618.0,2619.5,2622.0,2615.25,2617.5,2619.25
2025-09-29 06:15:00,733700.0,2629.5,2616.5,2619.0,2620.5,2630.0,2617.0,2619.5,2621.5,2629.75,2616.75,2619.25,2621.0
2025-09-29 06:20:00,585500.0,2623.5,2608.5,2620.5,2615.0,2624.5,2610.0,2621.5,2618.0,2623.75,2609.5,2621.0,2616.5
2025-09-29 06:25:00,,2623.5,2597.0,2608.0,2622.5,2624.0,2597.5,2608.5,2623.0,2623.75,2597.25,2608.25,2622.75
2025-09-29 06:30:00,1403400.0,2620.0,2620.0,2620.0,2620.0,2623.0,2623.0,2623.0,2623.0,2621.5,2621.5,2621.5,2621.5
2025-09-30 00:00:00,6284200.0,2820.0,2651.0,2670.0,2732.0,2822.0,2653.0,2670.5,2732.0,2820.75,2652.5,2670.25,2732.0
2025-09-30 00:05:00,3024500.0,2778.5,2694.0,2732.0,2716.0,2780.0,2696.0,2732.0,2717.0,2779.25,2695.25,2732.0,2716.5
2025-09-30 00:10:00,1801700.0,2754.5,2714.5,2716.0,2722.0,2755.0,2715.5,2717.0,2723.5,2754.75,2715.0,2716.5,2722.75
2025-09-30 00:15:00,1271300.0,2734.0,2713.5,2722.0,2726.0,2735.0,2714.5,2723.5,2727.0,2734.5,2714.0,2722.75,2726.5
2025-09-30 00:20:00,1518400.0,2738.0,2691.5,2726.0,2698.0,2738.5,2692.5,2727.0,2699.5,2738.25,2692.25,2726.5,2698.75
2025-09-30 00:25:00,1734200.0,2715.0,2669.5,2698.0,2671.0,2716.0,2670.0,2699.5,2672.0,2715.5,2669.75,2698.75,2671.5
2025-09-30 00:30:00,1370100.0,2727.5,2670.5,2671.0,2720.5,2728.5,2671.5,2672.0,2721.5,2728.0,2671.0,2671.5,2721.0
2025-09-30 00:35:00,1103800.0,2731.5,2708.5,2720.5,2710.0,2732.0,2709.0,2722.0,2711.5,2731.75,2708.75,2721.25,2710.75
2025-09-30 00:40:00,696100.0,2729.0,2710.0,2710.5,2727.0,2729.5,2710.5,2711.5,2728.0,2729.25,2710.25,2711.0,2727.5
2025-09-30 00:45:00,954100.0,2739.5,2718.0,2727.5,2734.0,2740.0,2719.0,2728.0,2735.0,2739.75,2718.5,2727.75,2734.5
2025-09-30 00:50:00,758400.0,2743.0,2728.0,2734.0,2741.5,2744.0,2729.0,2735.0,2742.5,2743.5,2728.75,2734.5,2742.0
2025-09-30 00:55:00,1668100.0,2766.5,2741.0,2741.5,2747.0,2767.0,2741.5,2742.5,2748.0,2766.75,2741.25,2742.0,2747.5
2025-09-30 01:00:00,815200.0,2762.0,2747.0,2747.0,2754.0,2762.5,2748.0,2748.0,2754.5,2762.25,2747.5,2747.5,2754.25
2025-09-30 01:05:00,973500.0,2754.0,2727.0,2754.0,2741.0,2754.5,2727.5,2754.5,2742.0,2754.25,2727.25,2754.25,2741.5
2025-09-30 01:10:00,534700.0,2748.0,2737.5,2741.0,2739.0,2748.5,2738.0,2742.0,2740.0,2748.25,2737.75,2741.5,2739.5
2025-09-30 01:15:00,637900.0,2743.5,2721.0,2739.0,2723.5,2744.0,2721.5,2740.0,2724.5,2743.75,2721.25,2739.5,2724.0
2025-09-30 01:20:00,588000.0,2741.5,2724.0,2724.0,2735.0,2742.0,2724.5,2724.5,2736.0,2741.75,2724.25,2724.25,2735.5
2025-09-30 01:25:00,447600.0,2741.5,2723.0,2735.5,2726.0,2742.0,2723.5,2736.0,2727.0,2741.75,2723.25,2735.75,2726.5
2025-09-30 01:30:00,409100.0,2737.5,2725.5,2726.0,2735.0,2738.0,2726.0,2727.0,2736.5,2737.75,2725.75,2726.5,2735.75
2025-09-30 01:35:00,406500.0,2740.5,2730.5,2735.0,2731.5,2741.0,2731.0,2736.5,2732.5,2740.75,2730.75,2735.75,2732.0
2025-09-30 01:40:00,471300.0,2734.0,2724.0,2731.5,2729.0,2734.5,2724.5,2732.5,2730.0,2734.25,2724.25,2732.0,2729.5
2025-09-30 01:45:00,405600.0,2730.0,2718.0,2729.0,2724.5,2730.5,2719.5,2730.0,2725.5,2730.25,2718.75,2729.5,2725.0
2025-09-30 01:50:00,326000.0,2728.0,2720.5,2724.5,2722.5,2728.5,2721.0,2725.5,2723.5,2728.25,2720.75,2725.0,2723.0
2025-09-30 01:55:00,308100.0,2728.0,2720.0,2723.0,2727.0,2728.5,2720.5,2723.5,2727.5,2728.25,2720.25,2723.25,2727.25
2025-09-30 02:00:00,585000.0,2739.5,2724.5,2727.0,2729.0,2740.0,2725.0,2727.5,2730.0,2739.75,2724.75,2727.25,2729.5
2025-09-30 02:05:00,474700.0,2729.5,2711.0,2729.0,2715.5,2730.0,2711.5,2730.0,2716.0,2729.75,2711.25,2729.5,2715.75
2025-09-30 02:10:00,578600.0,2718.5,2700.0,2715.5,2704.0,2719.0,2700.5,2716.0,2705.0,2718.75,2700.25,2715.75,2704.5
2025-09-30 02:15:00,374900.0,2714.5,2701.5,2704.0,2705.0,2715.0,2702.0,2705.0,2706.0,2714.75,2701.75,2704.5,2705.5
2025-09-30 02:20:00,569500.0,2709.5,2692.0,2705.0,2695.0,2710.0,2692.5,2706.0,2695.5,2709.75,2692.25,2705.5,2695.25
2025-09-30 02:25:00,424600.0,2702.5,2687.0,2695.0,2700.5,2703.0,2687.5,2695.5,2701.5,2702.75,2687.25,2695.25,2701.0
2025-09-30 02:30:00,47000.0,2700.5,2700.5,2700.5,2700.5,2703.0,2703.0,2703.0,2703.0,2701.75,2701.75,2701.75,2701.75
2025-09-30 03:30:00,1244300.0,2736.0,2705.0,2710.0,2732.0,2736.5,2705.5,2710.5,2732.5,2736.25,2705.25,2710.25,2732.25
2025-09-30 03:35:00,809300.0,2741.0,2730.5,2732.0,2739.5,2741.5,2731.0,2732.5,2740.0,2741.25,2730.75,2732.25,2739.75
2025-09-30 03:40:00,847200.0,2743.5,2720.5,2739.5,2724.5,2744.0,2721.0,2740.0,2725.5,2743.75,2720.75,2739.75,2725.0
2025-09-30 03:45:00,442300.0,2734.5,2722.0,2724.5,2726.5,2735.0,2723.0,2725.5,2727.5,2734.75,2722.5,2725.0,2727.0
2025-09-30 03:50:00,256300.0,2731.5,2726.5,2726.5,2730.0,2732.5,2727.0,2727.5,2731.5,2732.0,2726.75,2727.0,2730.75
2025-09-30 03:55:00,352800.0,2737.5,2726.5,2731.0,2734.5,2738.0,2727.0,2731.5,2735.5,2737.75,2726.75,2731.25,2735.0
2025-09-30 04:00:00,259500.0,2734.5,2727.0,2734.5,2729.0,2735.5,2727.5,2735.5,2730.0,2735.0,2727.25,2735.0,2729.5
2025-09-30 04:05:00,353500.0,2731.5,2722.0,2729.0,2722.5,2732.0,2722.5,2730.0,2724.0,2731.75,2722.25,2729.5,2723.25
2025-09-30 04:10:00,639500.0,2728.0,2712.0,2722.5,2726.0,2728.5,2712.5,2724.0,2726.5,2728.25,2712.25,2723.25,2726.25
2025-09-30 04:15:00,372900.0,2734.5,2725.0,2726.0,2728.0,2735.0,2725.5,2726.5,2729.0,2734.75,2725.25,2726.25,2728.5
2025-09-30 04:20:00,199200.0,2730.5,2726.0,2728.0,2727.0,2731.0,2726.5,2728.5,2728.0,2730.75,2726.25,2728.25,2727.5
2025-09-30 04:25:00,209300.0,2734.0,2727.0,2727.0,2733.0,2734.5,2727.5,2728.0,2733.5,2734.25,2727.25,2727.5,2733.25
2025-09-30 04:30:00,196500.0,2734.5,2731.0,2733.0,2732.0,2735.0,2731.5,2733.5,2733.5,2734.75,2731.25,2733.25,2732.75
2025-09-30 04:35:00,418700.0,2740.5,2731.0,2733.0,2736.0,2741.5,2731.5,2733.5,2736.5,2741.0,2731.25,2733.25,2736.25
2025-09-30 04:40:00,307800.0,2743.5,2736.0,2736.0,2741.0,2744.0,2736.5,2736.5,2741.5,2743.75,2736.25,2736.25,2741.25
2025-09-30 04:45:00,403800.0,2743.5,2732.0,2741.0,2733.5,2744.0,2732.5,2741.5,2734.0,2743.75,2732.25,2741.25,2733.75
2025-09-30 04:50:00,320900.0,2738.5,2730.0,2733.5,2734.0,2739.0,2730.5,2734.0,2735.0,2738.75,2730.25,2733.75,2734.5
2025-09-30 04:55:00,131200.0,2737.0,2733.0,2734.0,2735.5,2737.5,2734.0,2735.0,2736.0,2737.25,2733.5,2734.5,2735.75
2025-09-30 05:00:00,148100.0,2737.0,2734.5,2735.5,2737.0,2737.5,2735.0,2736.0,2737.5,2737.25,2734.75,2735.75,2737.25
2025-09-30 05:05:00,439400.0,2740.5,2727.5,2736.5,2733.0,2741.0,2728.5,2737.5,2734.0,2740.75,2728.0,2737.0,2733.5
2025-09-30 05:10:00,146300.0,2735.5,2733.0,2733.0,2734.5,2736.0,2733.5,2734.0,2735.0,2735.75,2733.25,2733.5,2734.75
2025-09-30 05:15:00,395600.0,2744.5,2731.5,2734.5,2742.5,2745.0,2732.0,2735.0,2743.5,2744.75,2731.75,2734.75,2743.0
2025-09-30 05:20:00,273400.0,2744.5,2740.0,2742.5,2743.0,2745.0,2740.5,2743.5,2744.0,2744.75,2740.25,2743.0,2743.5
2025-09-30 05:25:00,232500.0,2744.5,2740.5,2743.0,2743.5,2745.0,2741.0,2744.0,2744.0,2744.75,2740.75,2743.5,2743.75
2025-09-30 05:30:00,376400.0,2747.0,2741.5,2743.5,2746.0,2747.5,2742.0,2744.0,2747.0,2747.25,2741.75,2743.75,2746.5
2025-09-30 05:35:00,667200.0,2753.5,2744.0,2746.0,2750.5,2754.0,2744.5,2747.0,2751.0,2753.75,2744.25,2746.5,2750.75
2025-09-30 05:40:00,821800.0,2767.0,2750.0,2750.5,2757.0,2767.5,2750.5,2751.0,2757.5,2767.25,2750.25,2750.75,2757.25
2025-09-30 05:45:00,421900.0,2764.5,2753.0,2757.0,2762.5,2765.0,2753.5,2757.5,2763.0,2764.75,2753.25,2757.25,2762.75
2025-09-30 05:50:00,583400.0,2769.5,2759.0,2762.5,2769.0,2770.0,2759.5,2763.0,2769.5,2769.75,2759.25,2762.75,2769.25
2025-09-30 05:55:00,644600.0,2770.5,2755.0,2769.0,2762.0,2771.0,2755.5,2769.5,2762.5,2770.75,2755.25,2769.25,2762.25
2025-09-30 06:00:00,590700.0,2769.0,2755.0,2762.0,2756.5,2769.5,2755.5,2762.5,2757.5,2769.25,2755.25,2762.25,2757.0
2025-09-30 06:05:00,471000.0,2761.5,2755.5,2756.5,2756.5,2762.0,2756.0,2757.5,2757.5,2761.75,2755.75,2757.0,2757.0
2025-09-30 06:10:00,449100.0,2768.0,2756.5,2756.5,2766.5,2768.5,2757.0,2757.5,2767.5,2768.25,2756.75,2757.0,2767.0
2025-09-30 06:15:00,777600.0,2770.5,2756.5,2766.5,2770.5,2771.0,2757.0,2767.5,2771.0,2770.75,2756.75,2767.0,2770.75
2025-09-30 06:20:00,868300.0,2771.0,2760.5,2770.5,2766.0,2771.5,2761.5,2771.0,2768.0,2771.25,2761.0,2770.75,2767.0
2025-09-30 06:25:00,,2762.5,2710.0,2740.5,2760.0,2763.0,2710.5,2741.0,2760.5,2762.75,2710.25,2740.75,2760.25
2025-09-30 06:30:00,2342500.0,2760.0,2760.0,2760.0,2760.0,2761.0,2761.0,2761.0,2761.0,2760.5,2760.5,2760.5,2760.5
2025-10-01 00:00:00,,2710.0,2634.5,2634.5,2660.0,2710.0,2635.0,2635.0,2660.0,2710.0,2634.75,2634.75,2660.0
2025-10-01 00:05:00,5264300.0,2681.0,2608.0,2660.0,2634.5,2682.0,2610.5,2660.0,2635.5,2681.5,2610.25,2660.0,2635.0
2025-10-01 00:10:00,2723900.0,2636.0,2573.0,2634.5,2594.5,2637.0,2574.5,2635.5,2596.0,2636.5,2574.0,2635.0,2595.25
2025-10-01 00:15:00,1253300.0,2601.0,2587.5,2594.5,2598.5,2601.5,2588.5,2595.5,2599.0,2601.25,2588.25,2595.0,2598.75
2025-10-01 00:20:00,1770900.0,2603.0,2569.0,2598.5,2571.5,2604.0,2570.0,2599.0,2572.0,2603.5,2569.5,2598.75,2571.75
2025-10-01 00:25:00,1060400.0,2583.0,2565.0,2571.5,2577.5,2583.5,2565.5,2572.0,2579.0,2583.25,2565.25,2571.75,2578.25
2025-10-01 00:30:00,1292900.0,2593.0,2577.5,2577.5,2587.5,2594.0,2579.0,2579.0,2588.5,2593.5,2578.25,2578.25,2588.0
2025-10-01 00:35:00,1413400.0,2612.0,2585.5,2587.5,2595.5,2612.5,2586.5,2588.5,2597.0,2612.25,2586.0,2588.0,2596.25
2025-10-01 00:40:00,1649900.0,2630.0,2595.5,2595.5,2614.0,2634.0,2596.5,2597.0,2615.0,2630.5,2596.0,2596.25,2614.5
2025-10-01 00:45:00,952500.0,2620.0,2600.0,2614.0,2609.5,2620.5,2600.5,2615.0,2610.0,2620.25,2600.25,2614.5,2609.75
2025-10-01 00:50:00,661600.0,2617.5,2602.0,2609.5,2608.0,2618.0,2603.0,2610.0,2609.0,2617.75,2602.75,2609.75,2608.5
2025-10-01 00:55:00,717600.0,2612.5,2600.0,2608.0,2601.0,2613.0,2600.5,2609.0,2602.0,2612.75,2600.25,2608.5,2601.5
2025-10-01 01:00:00,903400.0,2606.0,2586.0,2601.0,2605.5,2606.5,2587.0,2602.0,2606.0,2606.25,2586.5,2601.5,2605.75
2025-10-01 01:05:00,759500.0,2614.5,2602.5,2605.5,2604.0,2615.0,2603.0,2606.0,2604.5,2614.75,2602.75,2605.75,2604.25
2025-10-01 01:10:00,471700.0,2606.0,2592.5,2604.0,2595.0,2606.5,2593.0,2604.5,2595.5,2606.25,2592.75,2604.25,2595.25
2025-10-01 01:15:00,637800.0,2596.0,2585.0,2595.0,2586.5,2597.0,2585.5,2595.5,2587.0,2596.5,2585.25,2595.25,2586.75
2025-10-01 01:20:00,923200.0,2589.0,2573.0,2586.5,2574.0,2589.5,2573.5,2587.0,2574.5,2589.25,2573.25,2586.75,2574.25
2025-10-01 01:25:00,1132900.0,2574.5,2562.0,2574.0,2571.0,2575.0,2562.5,2574.5,2572.0,2574.75,2562.25,2574.25,2571.5
2025-10-01 01:30:00,500600.0,2572.0,2565.0,2571.5,2567.5,2572.5,2565.5,2572.0,2568.0,2572.25,2565.25,2571.75,2567.75
2025-10-01 01:35:00,409700.0,2576.5,2565.0,2567.5,2576.0,2577.0,2565.5,2568.0,2577.0,2576.75,2565.25,2567.75,2576.5
2025-10-01 01:40:00,402300.0,2580.5,2570.5,2576.0,2575.5,2581.0,2571.0,2577.0,2576.0,2580.75,2570.75,2576.5,2575.75
2025-10-01 01:45:00,355700.0,2575.5,2567.0,2575.5,2570.0,2576.5,2567.5,2576.0,2571.0,2576.0,2567.25,2575.75,2570.5
2025-10-01 01:50:00,431900.0,2572.0,2565.5,2570.0,2568.5,2572.5,2566.0,2571.0,2569.0,2572.25,2565.75,2570.5,2568.75
2025-10-01 01:55:00,1037400.0,2569.0,2550.0,2568.5,2550.5,2569.5,2550.5,2569.0,2551.5,2569.25,2550.25,2568.75,2551.0
2025-10-01 02:00:00,976600.0,2553.5,2542.5,2550.5,2552.0,2554.0,2543.5,2551.5,2553.0,2553.75,2543.25,2551.0,2552.5
2025-10-01 02:05:00,402500.0,2558.0,2546.0,2552.0,2552.5,2558.5,2547.0,2553.0,2553.0,2558.25,2546.5,2552.5,2552.75
2025-10-01 02:10:00,495600.0,2553.5,2544.0,2552.5,2545.5,2554.0,2544.5,2553.0,2546.0,2553.75,2544.25,2552.75,2545.75
2025-10-01 02:15:00,580400.0,2549.0,2536.0,2545.0,2536.5,2549.5,2536.5,2546.0,2537.5,2549.25,2536.25,2545.5,2537.0
2025-10-01 02:20:00,470900.0,2545.5,2535.0,2536.5,2545.5,2546.0,2535.5,2537.5,2546.0,2545.75,2535.25,2537.0,2545.75
2025-10-01 02:25:00,803600.0,2580.0,2545.5,2545.5,2578.5,2581.0,2546.0,2546.0,2580.0,2580.25,2545.75,2545.75,2579.25
2025-10-01 02:30:00,47200.0,2577.0,2577.0,2577.0,2577.0,2580.0,2580.0,2580.0,2580.0,2578.5,2578.5,2578.5,2578.5
2025-10-01 03:30:00,1323400.0,2591.5,2559.5,2589.5,2565.5,2592.0,2560.0,2590.0,2566.0,2591.75,2559.75,2589.75,2565.75
2025-10-01 03:35:00,487900.0,2576.5,2562.0,2565.5,2573.5,2577.5,2562.5,2566.0,2574.0,2577.0,2562.25,2565.75,2573.75
2025-10-01 03:40:00,392100.0,2579.0,2570.0,2573.5,2574.0,2579.5,2570.5,2574.0,2575.0,2579.25,2570.25,2573.75,2574.5
2025-10-01 03:45:00,749100.0,2575.0,2555.0,2574.0,2570.0,2576.0,2556.0,2575.0,2570.5,2575.5,2555.5,2574.5,2570.25
2025-10-01 03:50:00,349900.0,2570.0,2563.0,2570.0,2569.0,2571.0,2563.5,2570.5,2570.0,2570.5,2563.25,2570.25,2569.5
2025-10-01 03:55:00,306300.0,2574.5,2568.0,2569.0,2568.0,2575.0,2568.5,2570.0,2568.5,2574.75,2568.25,2569.5,2568.25
2025-10-01 04:00:00,365600.0,2578.5,2568.0,2568.0,2575.0,2580.0,2568.5,2568.5,2576.0,2579.0,2568.25,2568.25,2575.5
2025-10-01 04:05:00,283800.0,2583.0,2570.5,2575.5,2582.5,2583.5,2571.0,2576.0,2583.0,2583.25,2570.75,2575.75,2582.75
2025-10-01 04:10:00,441100.0,2588.0,2579.0,2582.5,2586.5,2589.0,2579.5,2583.0,2587.0,2588.25,2579.25,2582.75,2586.75
2025-10-01 04:15:00,600600.0,2594.0,2585.0,2586.5,2585.5,2594.5,2585.5,2587.0,2586.5,2594.25,2585.25,2586.75,2586.0
2025-10-01 04:20:00,424700.0,2589.5,2581.5,2585.5,2588.0,2590.0,2582.5,2586.5,2588.5,2589.75,2582.0,2586.0,2588.25
2025-10-01 04:25:00,333200.0,2592.5,2587.5,2588.0,2591.0,2593.0,2588.0,2588.5,2591.5,2592.75,2587.75,2588.25,2591.25
2025-10-01 04:30:00,452800.0,2597.5,2587.0,2591.0,2593.5,2599.0,2588.0,2591.5,2594.5,2598.0,2587.5,2591.25,2594.0
2025-10-01 04:35:00,390200.0,2594.0,2582.0,2593.5,2582.0,2594.5,2582.5,2594.5,2582.5,2594.25,2582.25,2594.0,2582.25
2025-10-01 04:40:00,471600.0,2582.0,2571.0,2582.0,2571.0,2582.5,2571.5,2582.5,2571.5,2582.25,2571.25,2582.25,2571.25
2025-10-01 04:45:00,377500.0,2588.0,2571.0,2571.0,2587.0,2588.5,2571.5,2571.5,2588.0,2588.25,2571.25,2571.25,2587.5
2025-10-01 04:50:00,308300.0,2588.5,2577.5,2587.5,2584.0,2589.0,2578.0,2588.0,2584.5,2588.75,2577.75,2587.75,2584.25
2025-10-01 04:55:00,344300.0,2593.0,2583.0,2584.0,2593.0,2594.5,2583.5,2584.5,2593.5,2593.25,2583.25,2584.25,2593.25
2025-10-01 05:00:00,393800.0,2596.5,2581.5,2593.0,2587.0,2597.0,2582.5,2593.5,2587.5,2596.75,2582.0,2593.25,2587.25
2025-10-01 05:05:00,254000.0,2587.5,2581.5,2587.0,2584.0,2588.0,2582.5,2587.5,2584.5,2587.75,2582.25,2587.25,2584.25
2025-10-01 05:10:00,222800.0,2589.0,2584.0,2584.0,2586.5,2590.0,2584.5,2584.5,2587.0,2589.5,2584.25,2584.25,2586.75
2025-10-01 05:15:00,270100.0,2588.0,2580.5,2586.5,2587.0,2588.5,2581.0,2587.0,2587.5,2588.25,2580.75,2586.75,2587.25
2025-10-01 05:20:00,193100.0,2590.5,2585.0,2587.0,2589.5,2591.5,2585.5,2587.5,2590.0,2591.0,2585.25,2587.25,2589.75
2025-10-01 05:25:00,251000.0,2594.5,2585.0,2589.5,2585.5,2595.0,2585.5,2590.0,2586.0,2594.75,2585.25,2589.75,2585.75
2025-10-01 05:30:00,547600.0,2585.5,2576.0,2585.5,2576.0,2586.0,2576.5,2586.0,2576.5,2585.75,2576.25,2585.75,2576.25
2025-10-01 05:35:00,360300.0,2582.0,2572.0,2576.0,2581.0,2582.5,2573.0,2576.5,2582.0,2582.25,2572.75,2576.25,2581.5
2025-10-01 05:40:00,280700.0,2584.5,2577.5,2581.0,2578.5,2585.0,2578.0,2582.0,2579.5,2584.75,2577.75,2581.5,2579.0
2025-10-01 05:45:00,151700.0,2583.5,2578.5,2578.5,2581.5,2584.0,2579.5,2579.5,2582.0,2583.75,2579.0,2579.0,2581.75
2025-10-01 05:50:00,324800.0,2585.0,2573.0,2581.5,2573.0,2585.5,2573.5,2582.0,2573.5,2585.25,2573.25,2581.75,2573.25
2025-10-01 05:55:00,387800.0,2578.0,2570.0,2573.0,2572.5,2579.0,2570.5,2573.5,2573.0,2578.5,2570.25,2573.25,2572.75
2025-10-01 06:00:00,512300.0,2572.5,2564.0,2572.5,2567.5,2573.0,2564.5,2573.0,2568.5,2572.75,2564.25,2572.75,2568.0
2025-10-01 06:05:00,379900.0,2568.5,2561.0,2567.5,2568.0,2570.0,2561.5,2568.5,2568.5,2569.0,2561.25,2568.0,2568.25
2025-10-01 06:10:00,285500.0,2575.5,2567.0,2568.0,2570.5,2576.0,2567.5,2568.5,2571.0,2575.75,2567.25,2568.25,2570.75
2025-10-01 06:15:00,514200.0,2572.0,2565.0,2570.5,2566.0,2572.5,2565.5,2571.0,2566.5,2572.25,2565.25,2570.75,2566.25
2025-10-01 06:20:00,676000.0,2567.0,2560.5,2566.0,2564.5,2567.5,2561.0,2566.5,2565.5,2567.25,2560.75,2566.25,2565.0
2025-10-01 06:25:00,,2587.0,2560.0,2586.0,2565.0,2587.5,2560.5,2586.5,2565.5,2587.25,2560.25,2586.25,2565.25
2025-10-01 06:30:00,2161600.0,2565.0,2565.0,2565.0,2565.0,2565.5,2565.5,2565.5,2565.5,2565.25,2565.25,2565.25,2565.25
2025-10-02 00:00:00,2684200.0,2577.0,2531.5,2564.5,2542.0,2590.0,2532.5,2565.0,2542.5,2577.5,2532.0,2564.75,2542.25
2025-10-02 00:05:00,741900.0,2553.5,2538.5,2542.0,2552.0,2554.0,2539.0,2542.5,2552.5,2553.75,2538.75,2542.25,2552.25
2025-10-02 00:10:00,1344100.0,2606.5,2549.0,2552.0,2587.5,2607.0,2549.5,2552.5,2588.0,2606.75,2549.25,2552.25,2587.75
2025-10-02 00:15:00,866300.0,2598.5,2582.5,2587.5,2591.5,2599.5,2583.0,2588.0,2592.0,2599.0,2582.75,2587.75,2591.75
2025-10-02 00:20:00,927300.0,2603.5,2586.0,2591.5,2597.5,2604.5,2586.5,2592.0,2598.0,2603.75,2586.25,2591.75,2597.75
2025-10-02 00:25:00,1086900.0,2597.5,2563.0,2597.5,2563.5,2599.0,2563.5,2598.0,2564.0,2598.0,2563.25,2597.75,2563.75
2025-10-02 00:30:00,913800.0,2568.0,2548.0,2563.5,2565.5,2568.5,2548.5,2564.0,2566.5,2568.25,2548.25,2563.75,2566.0
2025-10-02 00:35:00,526500.0,2573.5,2555.5,2565.5,2570.5,2574.0,2556.0,2566.5,2571.0,2573.75,2555.75,2566.0,2570.75
2025-10-02 00:40:00,556400.0,2572.5,2547.0,2570.5,2547.5,2573.5,2547.5,2571.0,2548.0,2573.0,2547.25,2570.75,2547.75
2025-10-02 00:45:00,698000.0,2548.5,2535.5,2547.5,2536.5,2549.0,2536.5,2548.0,2537.0,2548.75,2536.0,2547.75,2536.75
2025-10-02 00:50:00,514900.0,2543.0,2535.0,2536.5,2536.5,2544.0,2535.5,2537.0,2537.0,2543.5,2535.25,2536.75,2536.75
2025-10-02 00:55:00,774800.0,2540.5,2525.0,2536.5,2528.0,2541.0,2525.5,2537.0,2528.5,2540.75,2525.25,2536.75,2528.25
2025-10-02 01:00:00,625100.0,2529.0,2515.0,2528.0,2520.5,2529.5,2515.5,2528.5,2521.0,2529.25,2515.25,2528.25,2520.75
2025-10-02 01:05:00,657100.0,2527.5,2510.0,2520.5,2517.0,2528.0,2510.5,2521.5,2518.0,2527.75,2510.25,2521.0,2517.5
2025-10-02 01:10:00,324900.0,2524.0,2516.5,2517.0,2518.0,2524.5,2517.0,2518.0,2519.0,2524.25,2516.75,2517.5,2518.5
2025-10-02 01:15:00,456700.0,2535.5,2517.0,2518.0,2525.0,2536.5,2517.5,2518.5,2525.5,2536.0,2517.25,2518.25,2525.25
2025-10-02 01:20:00,285300.0,2529.0,2518.0,2525.0,2519.0,2529.5,2518.5,2525.5,2519.5,2529.25,2518.25,2525.25,2519.25
2025-10-02 01:25:00,378200.0,2526.0,2511.0,2519.0,2524.5,2526.5,2513.5,2519.5,2525.5,2526.25,2513.0,2519.25,2525.0
2025-10-02 01:30:00,230500.0,2527.5,2518.5,2524.5,2518.5,2528.0,2519.0,2525.5,2519.0,2527.75,2518.75,2525.0,2518.75
2025-10-02 01:35:00,239100.0,2521.0,2516.0,2518.5,2519.0,2521.5,2516.5,2519.0,2519.5,2521.25,2516.25,2518.75,2519.25
2025-10-02 01:40:00,492500.0,2520.0,2507.0,2519.0,2510.5,2520.5,2507.5,2519.5,2511.0,2520.25,2507.25,2519.25,2510.75
2025-10-02 01:45:00,467000.0,2514.0,2503.0,2510.5,2508.5,2514.5,2503.5,2511.0,2509.0,2514.25,2503.25,2510.75,2508.75
2025-10-02 01:50:00,333500.0,2517.5,2506.5,2508.5,2517.0,2518.0,2507.5,2509.0,2517.5,2517.75,2507.0,2508.75,2517.25
2025-10-02 01:55:00,526500.0,2538.5,2516.0,2517.0,2535.5,2539.0,2516.5,2517.5,2536.5,2538.75,2516.25,2517.25,2536.0
2025-10-02 02:00:00,382100.0,2543.5,2534.0,2535.5,2539.5,2544.0,2534.5,2536.5,2540.0,2543.75,2534.25,2536.0,2539.75
2025-10-02 02:05:00,334300.0,2543.0,2530.0,2539.5,2533.5,2543.5,2530.5,2540.0,2534.5,2543.25,2530.25,2539.75,2534.0
2025-10-02 02:10:00,206100.0,2540.5,2527.5,2533.5,2531.5,2541.0,2528.0,2534.5,2532.5,2540.75,2527.75,2534.0,2532.0
2025-10-02 02:15:00,255300.0,2536.0,2525.0,2531.5,2529.0,2537.0,2526.5,2532.5,2530.0,2536.5,2526.25,2532.0,2529.5
2025-10-02 02:20:00,200100.0,2535.0,2526.0,2529.0,2530.0,2536.5,2526.5,2530.0,2531.0,2535.75,2526.25,2529.5,2530.5
2025-10-02 02:25:00,214300.0,2532.5,2528.0,2530.0,2528.5,2533.5,2528.5,2531.0,2529.5,2533.0,2528.25,2530.5,2529.0
2025-10-02 02:30:00,59300.0,2528.5,2528.5,2528.5,2528.5,2532.5,2532.5,2532.5,2532.5,2530.5,2530.5,2530.5,2530.5
2025-10-02 03:30:00,445200.0,2542.5,2532.0,2539.5,2532.5,2544.0,2532.5,2540.0,2533.5,2543.0,2532.25,2539.75,2533.0
2025-10-02 03:35:00,483100.0,2533.0,2521.0,2532.5,2521.0,2533.5,2522.0,2533.5,2522.0,2533.25,2521.5,2533.0,2521.5
2025-10-02 03:40:00,338900.0,2523.5,2517.5,2521.0,2520.0,2526.0,2518.0,2521.5,2520.5,2524.0,2517.75,2521.25,2520.25
2025-10-02 03:45:00,342500.0,2523.5,2516.0,2520.0,2518.0,2524.5,2516.5,2520.5,2518.5,2524.0,2516.25,2520.25,2518.25
2025-10-02 03:50:00,187800.0,2522.0,2516.0,2518.0,2516.0,2522.5,2516.5,2518.5,2516.5,2522.25,2516.25,2518.25,2516.25
2025-10-02 03:55:00,294600.0,2517.0,2511.5,2516.0,2511.5,2517.5,2512.0,2516.5,2512.0,2517.25,2511.75,2516.25,2511.75
2025-10-02 04:00:00,374000.0,2513.0,2508.5,2511.5,2508.5,2513.5,2509.0,2512.0,2509.0,2513.25,2508.75,2511.75,2508.75
2025-10-02 04:05:00,462500.0,2510.5,2503.0,2508.5,2503.5,2511.5,2503.5,2509.0,2504.0,2511.0,2503.25,2508.75,2503.75
2025-10-02 04:10:00,255100.0,2512.0,2503.5,2503.5,2505.5,2512.5,2504.0,2504.0,2506.5,2512.25,2503.75,2503.75,2506.0
2025-10-02 04:15:00,212500.0,2510.0,2504.5,2505.5,2505.5,2511.0,2505.0,2506.5,2506.0,2510.5,2504.75,2506.0,2505.75
2025-10-02 04:20:00,225400.0,2515.5,2505.0,2505.5,2515.5,2516.0,2505.5,2506.0,2516.0,2515.75,2505.25,2505.75,2515.75
2025-10-02 04:25:00,239700.0,2518.5,2513.0,2515.5,2517.0,2519.0,2514.0,2516.0,2518.0,2518.75,2513.5,2515.75,2517.5
2025-10-02 04:30:00,159400.0,2518.5,2513.5,2517.0,2515.5,2520.0,2514.0,2518.0,2516.0,2519.0,2513.75,2517.5,2515.75
2025-10-02 04:35:00,174300.0,2518.0,2513.0,2515.5,2513.5,2518.5,2513.5,2516.0,2514.0,2518.25,2513.25,2515.75,2513.75
2025-10-02 04:40:00,213900.0,2516.0,2508.0,2513.5,2515.5,2516.5,2508.5,2514.0,2516.0,2516.25,2508.25,2513.75,2515.75
2025-10-02 04:45:00,274400.0,2522.0,2515.5,2515.5,2519.5,2523.0,2516.0,2516.0,2520.0,2522.5,2515.75,2515.75,2519.75
2025-10-02 04:50:00,174800.0,2520.5,2516.5,2519.5,2518.0,2521.0,2517.0,2520.0,2518.5,2520.75,2516.75,2519.75,2518.25
2025-10-02 04:55:00,247000.0,2526.5,2517.0,2518.0,2522.0,2527.5,2517.5,2518.5,2522.5,2527.0,2517.25,2518.25,2522.25
2025-10-02 05:00:00,348500.0,2535.0,2522.0,2522.0,2531.0,2537.5,2522.5,2522.5,2532.0,2536.0,2522.25,2522.25,2531.5
2025-10-02 05:05:00,258200.0,2532.5,2523.0,2531.0,2526.0,2533.0,2523.5,2532.0,2526.5,2532.75,2523.25,2531.5,2526.25
2025-10-02 05:10:00,171300.0,2531.5,2524.5,2526.0,2527.0,2532.0,2525.0,2526.5,2527.5,2531.75,2524.75,2526.25,2527.25
2025-10-02 05:15:00,198500.0,2534.5,2525.0,2527.0,2532.5,2535.0,2525.5,2527.5,2533.0,2534.75,2525.25,2527.25,2532.75
2025-10-02 05:20:00,235300.0,2537.0,2530.5,2532.5,2533.0,2538.0,2531.0,2533.0,2534.0,2537.5,2530.75,2532.75,2533.5
2025-10-02 05:25:00,174500.0,2537.0,2530.5,2533.0,2535.5,2537.5,2531.0,2534.0,2536.0,2537.25,2530.75,2533.5,2535.75
2025-10-02 05:30:00,300200.0,2541.0,2535.0,2535.5,2536.5,2541.5,2535.5,2536.0,2537.0,2541.25,2535.25,2535.75,2536.75
2025-10-02 05:35:00,189500.0,2540.0,2535.0,2536.5,2536.0,2540.5,2535.5,2537.0,2536.5,2540.25,2535.25,2536.75,2536.25
2025-10-02 05:40:00,196400.0,2536.5,2531.0,2536.0,2534.5,2537.0,2531.5,2536.5,2535.5,2536.75,2531.25,2536.25,2535.0
2025-10-02 05:45:00,164700.0,2538.0,2533.5,2534.5,2536.5,2538.5,2534.0,2535.5,2537.0,2538.25,2533.75,2535.0,2536.75
2025-10-02 05:50:00,169200.0,2538.0,2534.0,2536.5,2537.0,2538.5,2534.5,2537.0,2537.5,2538.25,2534.25,2536.75,2537.25
2025-10-02 05:55:00,177300.0,2539.0,2535.0,2537.0,2538.0,2539.5,2535.5,2537.5,2538.5,2539.25,2535.25,2537.25,2538.25
2025-10-02 06:00:00,190500.0,2538.5,2533.5,2538.0,2537.0,2539.0,2534.5,2538.5,2537.5,2538.75,2534.0,2538.25,2537.25
2025-10-02 06:05:00,185000.0,2538.0,2534.0,2537.0,2536.5,2538.5,2535.0,2537.5,2537.5,2538.25,2534.5,2537.25,2537.0
2025-10-02 06:10:00,259400.0,2539.0,2533.5,2536.5,2536.0,2539.5,2534.5,2537.0,2537.0,2539.25,2534.0,2536.75,2536.5
2025-10-02 06:15:00,266100.0,2539.0,2531.5,2536.0,2536.5,2539.5,2532.0,2537.0,2537.0,2539.25,2531.75,2536.5,2536.75
2025-10-02 06:20:00,314800.0,2539.0,2532.0,2536.5,2536.0,2540.0,2532.5,2537.0,2537.0,2539.5,2532.25,2536.75,2536.5
2025-10-02 06:25:00,,2536.5,2509.5,2520.0,2535.5,2537.0,2510.0,2520.5,2536.0,2536.75,2509.75,2520.25,2535.75
2025-10-02 06:30:00,1606200.0,2535.5,2535.5,2535.5,2535.5,2536.0,2536.0,2536.0,2536.0,2535.75,2535.75,2535.75,2535.75
2025-10-03 00:00:00,1104000.0,2562.5,2536.0,2542.5,2536.5,2563.5,2536.5,2543.0,2537.0,2563.0,2536.25,2542.75,2536.75
2025-10-03 00:05:00,989900.0,2582.5,2536.0,2536.5,2576.5,2583.0,2537.0,2537.0,2577.5,2582.75,2536.5,2536.75,2577.0
2025-10-03 00:10:00,660500.0,2589.5,2572.5,2576.5,2572.5,2590.0,2573.0,2577.5,2573.0,2589.75,2572.75,2577.0,2572.75
2025-10-03 00:15:00,443300.0,2573.0,2560.0,2572.5,2561.5,2573.5,2561.0,2573.0,2562.5,2573.25,2560.75,2572.75,2562.0
2025-10-03 00:20:00,556100.0,2562.5,2537.5,2561.5,2543.0,2563.0,2538.0,2562.5,2543.5,2562.75,2537.75,2562.0,2543.25
2025-10-03 00:25:00,603600.0,2552.5,2532.5,2543.0,2538.0,2553.0,2533.0,2543.5,2538.5,2552.75,2532.75,2543.25,2538.25
2025-10-03 00:30:00,478300.0,2547.0,2532.0,2538.0,2544.0,2547.5,2532.5,2538.5,2545.0,2547.25,2532.25,2538.25,2544.5
2025-10-03 00:35:00,350700.0,2552.5,2538.0,2544.0,2546.0,2553.0,2538.5,2545.0,2547.0,2552.75,2538.25,2544.5,2546.5
2025-10-03 00:40:00,339800.0,2555.0,2540.0,2546.0,2548.5,2555.5,2541.0,2547.0,2549.0,2555.25,2540.5,2546.5,2548.75
2025-10-03 00:45:00,484300.0,2569.5,2548.5,2548.5,2565.5,2570.0,2549.0,2549.0,2566.0,2569.75,2548.75,2548.75,2565.75
2025-10-03 00:50:00,595400.0,2581.5,2564.5,2565.0,2573.0,2582.0,2565.5,2566.0,2574.0,2581.75,2565.0,2565.5,2573.5
2025-10-03 00:55:00,313100.0,2576.5,2563.0,2573.0,2565.0,2577.5,2563.5,2574.0,2565.5,2577.0,2563.25,2573.5,2565.25
2025-10-03 01:00:00,229500.0,2567.5,2558.5,2565.0,2561.0,2568.5,2559.5,2565.5,2561.5,2568.0,2559.25,2565.25,2561.25
2025-10-03 01:05:00,366900.0,2562.0,2546.5,2561.0,2550.5,2562.5,2547.5,2561.5,2551.5,2562.25,2547.0,2561.25,2551.0
2025-10-03 01:10:00,265700.0,2565.0,2550.5,2550.5,2562.0,2565.5,2551.5,2551.5,2562.5,2565.25,2551.0,2551.0,2562.25
2025-10-03 01:15:00,248100.0,2570.5,2555.0,2561.5,2555.5,2571.5,2555.5,2562.5,2556.0,2571.0,2555.25,2562.0,2555.75
2025-10-03 01:20:00,267700.0,2560.5,2545.0,2555.5,2552.0,2561.0,2546.5,2556.0,2553.0,2560.75,2545.75,2555.75,2552.5
2025-10-03 01:25:00,198100.0,2554.5,2547.0,2552.0,2548.5,2555.0,2547.5,2553.0,2549.0,2554.75,2547.25,2552.5,2548.75
2025-10-03 01:30:00,197000.0,2558.5,2548.5,2548.5,2555.0,2559.0,2549.0,2549.0,2556.0,2558.75,2548.75,2548.75,2555.5
2025-10-03 01:35:00,174100.0,2562.5,2555.0,2555.0,2556.5,2563.0,2555.5,2556.0,2557.0,2562.75,2555.25,2555.5,2556.75
2025-10-03 01:40:00,226600.0,2567.5,2552.0,2556.5,2565.0,2568.5,2553.0,2557.0,2565.5,2568.0,2552.5,2556.75,2565.25
2025-10-03 01:45:00,228000.0,2571.5,2561.5,2565.0,2571.5,2572.0,2562.0,2565.5,2572.0,2571.75,2561.75,2565.25,2571.75
2025-10-03 01:50:00,227800.0,2575.0,2565.0,2571.5,2573.0,2576.0,2566.0,2572.0,2573.5,2575.5,2565.5,2571.75,2573.25
2025-10-03 01:55:00,177500.0,2574.0,2566.5,2573.0,2570.5,2574.5,2567.0,2573.5,2571.0,2574.25,2566.75,2573.25,2570.75
2025-10-03 02:00:00,201200.0,2575.5,2570.0,2570.5,2572.0,2576.0,2570.5,2571.0,2572.5,2575.75,2570.25,2570.75,2572.25
2025-10-03 02:05:00,149800.0,2574.0,2566.5,2572.0,2570.5,2574.5,2567.5,2572.5,2571.0,2574.25,2567.0,2572.25,2570.75
2025-10-03 02:10:00,139500.0,2571.0,2563.0,2570.5,2566.0,2571.5,2563.5,2571.0,2567.0,2571.25,2563.25,2570.75,2566.5
2025-10-03 02:15:00,104300.0,2570.0,2565.5,2566.0,2568.0,2570.5,2566.5,2567.0,2568.5,2570.25,2566.0,2566.5,2568.25
2025-10-03 02:20:00,140800.0,2574.5,2565.0,2568.0,2574.0,2575.0,2565.5,2568.5,2574.5,2574.75,2565.25,2568.25,2574.25
2025-10-03 02:25:00,129100.0,2577.0,2571.0,2574.0,2574.5,2577.5,2571.5,2574.5,2576.0,2577.25,2571.25,2574.25,2575.25
2025-10-03 02:30:00,6700.0,2574.5,2574.5,2574.5,2574.5,2576.0,2576.0,2576.0,2576.0,2575.25,2575.25,2575.25,2575.25
2025-10-03 03:30:00,539700.0,2580.0,2567.0,2579.5,2568.5,2581.0,2567.5,2580.0,2569.0,2580.5,2567.25,2579.75,2568.75
2025-10-03 03:35:00,174400.0,2570.0,2565.0,2568.5,2565.0,2571.0,2565.5,2569.0,2565.5,2570.5,2565.25,2568.75,2565.25
2025-10-03 03:40:00,180300.0,2571.5,2565.0,2565.0,2567.5,2572.0,2565.5,2565.5,2568.0,2571.75,2565.25,2565.25,2567.75
2025-10-03 03:45:00,174600.0,2572.5,2566.5,2567.5,2569.5,2573.0,2567.0,2568.0,2570.0,2572.75,2566.75,2567.75,2569.75
2025-10-03 03:50:00,390500.0,2570.5,2551.5,2569.5,2552.5,2571.0,2552.0,2570.0,2553.0,2570.75,2551.75,2569.75,2552.75
2025-10-03 03:55:00,238100.0,2557.5,2551.0,2552.5,2555.0,2558.0,2551.5,2553.0,2555.5,2557.75,2551.25,2552.75,2555.25
2025-10-03 04:00:00,360000.0,2555.0,2543.0,2555.0,2547.0,2555.5,2543.5,2555.5,2547.5,2555.25,2543.25,2555.25,2547.25
2025-10-03 04:05:00,168600.0,2549.5,2543.5,2547.0,2548.5,2550.0,2544.0,2547.5,2549.0,2549.75,2543.75,2547.25,2548.75
2025-10-03 04:10:00,191600.0,2549.0,2541.0,2548.5,2541.0,2549.5,2541.5,2549.0,2542.0,2549.25,2541.25,2548.75,2541.5
2025-10-03 04:15:00,164900.0,2542.0,2540.0,2541.0,2542.0,2542.5,2540.5,2542.0,2542.5,2542.25,2540.25,2541.5,2542.25
2025-10-03 04:20:00,196300.0,2546.5,2541.0,2542.0,2546.0,2547.0,2541.5,2542.5,2546.5,2546.75,2541.25,2542.25,2546.25
2025-10-03 04:25:00,156100.0,2550.0,2544.0,2546.0,2544.0,2551.0,2545.0,2546.5,2545.0,2550.5,2544.5,2546.25,2544.5
2025-10-03 04:30:00,297900.0,2545.0,2536.0,2544.0,2538.5,2546.0,2536.5,2545.0,2539.5,2545.5,2536.25,2544.5,2539.0
2025-10-03 04:35:00,91700.0,2542.0,2538.0,2538.5,2541.5,2542.5,2538.5,2539.5,2542.0,2542.25,2538.25,2539.0,2541.75
2025-10-03 04:40:00,81400.0,2541.5,2540.0,2541.5,2540.0,2542.0,2540.5,2542.0,2540.5,2541.75,2540.25,2541.75,2540.25
2025-10-03 04:45:00,213100.0,2540.5,2535.0,2540.0,2540.5,2541.0,2535.5,2540.5,2541.0,2540.75,2535.25,2540.25,2540.75
2025-10-03 04:50:00,97100.0,2540.5,2536.0,2540.5,2537.0,2541.0,2536.5,2541.0,2537.5,2540.75,2536.25,2540.75,2537.25
2025-10-03 04:55:00,83000.0,2540.5,2536.0,2537.0,2539.0,2541.0,2536.5,2537.5,2539.5,2540.75,2536.25,2537.25,2539.25
2025-10-03 05:00:00,181600.0,2545.0,2539.0,2539.0,2541.5,2546.0,2539.5,2539.5,2542.0,2545.5,2539.25,2539.25,2541.75
2025-10-03 05:05:00,79200.0,2543.5,2541.0,2541.5,2542.0,2544.0,2542.0,2542.0,2542.5,2543.75,2541.5,2541.75,2542.25
2025-10-03 05:10:00,110200.0,2545.0,2541.5,2542.0,2544.5,2545.5,2542.0,2542.5,2545.0,2545.25,2541.75,2542.25,2544.75
2025-10-03 05:15:00,90500.0,2544.5,2541.5,2544.5,2541.5,2545.5,2542.0,2545.0,2542.0,2545.0,2541.75,2544.75,2541.75
2025-10-03 05:20:00,92500.0,2543.5,2540.5,2541.5,2543.0,2544.0,2541.0,2542.0,2543.5,2543.75,2540.75,2541.75,2543.25
2025-10-03 05:25:00,93600.0,2543.5,2540.0,2543.0,2541.0,2544.0,2540.5,2543.5,2542.0,2543.75,2540.25,2543.25,2541.5
2025-10-03 05:30:00,192000.0,2542.5,2537.5,2541.0,2538.5,2543.0,2538.0,2542.0,2539.0,2542.75,2537.75,2541.5,2538.75
2025-10-03 05:35:00,106700.0,2540.5,2538.0,2538.5,2538.0,2541.0,2538.5,2539.0,2538.5,2540.75,2538.25,2538.75,2538.25
2025-10-03 05:40:00,217100.0,2539.0,2535.0,2538.0,2536.0,2539.5,2535.5,2538.5,2536.5,2539.25,2535.25,2538.25,2536.25
2025-10-03 05:45:00,93600.0,2537.5,2536.0,2536.0,2537.0,2538.0,2536.5,2536.5,2537.5,2537.75,2536.25,2536.25,2537.25
2025-10-03 05:50:00,168200.0,2539.5,2535.5,2537.0,2537.5,2540.0,2536.0,2537.5,2538.0,2539.75,2535.75,2537.25,2537.75
2025-10-03 05:55:00,107600.0,2538.5,2536.0,2537.5,2536.5,2539.0,2536.5,2538.0,2537.5,2538.75,2536.25,2537.75,2537.0
2025-10-03 06:00:00,161800.0,2542.5,2536.5,2536.5,2542.0,2543.0,2537.0,2537.5,2543.0,2542.75,2536.75,2537.0,2542.5
2025-10-03 06:05:00,310700.0,2548.0,2541.0,2542.0,2543.0,2549.5,2541.5,2543.0,2543.5,2548.75,2541.25,2542.5,2543.25
2025-10-03 06:10:00,186500.0,2543.5,2538.0,2543.0,2538.5,2544.5,2538.5,2543.5,2539.0,2544.0,2538.25,2543.25,2538.75
2025-10-03 06:15:00,196700.0,2542.5,2537.0,2538.5,2542.5,2543.0,2537.5,2539.0,2543.0,2542.75,2537.25,2538.75,2542.75
2025-10-03 06:20:00,419500.0,2551.0,2541.5,2542.5,2550.0,2552.0,2542.0,2543.0,2551.0,2551.5,2541.75,2542.75,2550.5
2025-10-03 06:25:00,,2564.0,2536.5,2540.0,2543.5,2564.5,2537.0,2540.5,2544.0,2564.25,2536.75,2540.25,2543.75
2025-10-03 06:30:00,1139100.0,2543.0,2543.0,2543.0,2543.0,2545.5,2545.5,2545.5,2545.5,2544.25,2544.25,2544.25,2544.25
2025-10-06 00:00:00,,2949.5,2593.5,2949.5,2643.5,2950.0,2593.5,2950.0,2643.5,2949.75,2593.5,2949.75,2643.5
2025-10-06 00:05:00,,2743.5,2643.5,2643.5,2743.5,2743.5,2643.5,2643.5,2743.5,2743.5,2643.5,2643.5,2743.5
2025-10-06 00:10:00,,2793.5,2743.5,2743.5,2793.5,2793.5,2743.5,2743.5,2793.5,2793.5,2743.5,2743.5,2793.5
2025-10-06 00:15:00,6919000.0,2912.5,2793.5,2793.5,2910.0,2913.5,2793.5,2793.5,2911.5,2913.0,2793.5,2793.5,2910.75
2025-10-06 00:20:00,5534400.0,2948.5,2775.0,2909.5,2785.0,2949.5,2775.5,2911.5,2786.5,2949.0,2775.25,2910.5,2785.75
2025-10-06 00:25:00,3589100.0,2824.5,2751.0,2785.0,2802.0,2825.0,2752.0,2786.5,2806.0,2824.75,2751.5,2785.75,2804.0
2025-10-06 00:30:00,2731000.0,2806.5,2743.0,2802.0,2752.0,2807.5,2743.5,2806.0,2753.0,2807.0,2743.25,2804.0,2752.5
2025-10-06 00:35:00,1516300.0,2789.5,2750.0,2752.0,2786.5,2790.0,2750.5,2753.0,2787.5,2789.75,2750.25,2752.5,2787.0
2025-10-06 00:40:00,1875800.0,2819.0,2770.0,2786.5,2818.5,2819.5,2770.5,2787.5,2819.0,2819.25,2770.25,2787.0,2818.75
2025-10-06 00:45:00,1614800.0,2832.0,2807.0,2818.5,2817.5,2832.5,2809.0,2819.0,2818.0,2832.25,2808.5,2818.75,2817.75
2025-10-06 00:50:00,1235300.0,2824.0,2791.0,2817.5,2809.0,2824.5,2792.0,2818.0,2809.5,2824.25,2791.75,2817.75,2809.25
2025-10-06 00:55:00,759400.0,2817.5,2803.5,2809.0,2813.0,2818.0,2804.5,2809.5,2813.5,2817.75,2804.25,2809.25,2813.25
2025-10-06 01:00:00,943500.0,2813.0,2792.5,2813.0,2808.5,2813.5,2793.0,2813.5,2809.0,2813.25,2792.75,2813.25,2808.75
2025-10-06 01:05:00,910800.0,2810.5,2787.0,2808.5,2808.5,2811.5,2787.5,2809.0,2809.0,2810.75,2787.25,2808.75,2808.75
2025-10-06 01:10:00,938800.0,2816.5,2791.0,2808.5,2793.5,2817.0,2792.0,2809.0,2795.0,2816.75,2791.75,2808.75,2794.25
2025-10-06 01:15:00,708800.0,2796.0,2781.0,2793.5,2790.5,2796.5,2781.5,2795.0,2791.0,2796.25,2781.25,2794.25,2790.75
2025-10-06 01:20:00,839400.0,2811.0,2789.5,2790.5,2809.5,2811.5,2790.0,2791.0,2810.5,2811.25,2789.75,2790.75,2810.0
2025-10-06 01:25:00,1268800.0,2825.5,2808.0,2809.5,2824.0,2826.0,2809.0,2810.0,2824.5,2825.75,2808.75,2809.75,2824.25
2025-10-06 01:30:00,1220600.0,2833.5,2811.5,2824.0,2825.5,2834.0,2812.0,2824.5,2826.0,2833.75,2811.75,2824.25,2825.75
2025-10-06 01:35:00,598600.0,2828.0,2811.0,2825.5,2819.5,2828.5,2812.0,2826.0,2820.0,2828.25,2811.5,2825.75,2819.75
2025-10-06 01:40:00,592000.0,2827.0,2813.0,2819.5,2814.5,2827.5,2813.5,2820.0,2815.5,2827.25,2813.25,2819.75,2815.0
2025-10-06 01:45:00,431500.0,2823.5,2814.0,2815.0,2817.5,2824.0,2814.5,2815.5,2818.0,2823.75,2814.25,2815.25,2817.75
2025-10-06 01:50:00,456500.0,2819.5,2805.0,2817.5,2810.0,2820.0,2805.5,2818.0,2810.5,2819.75,2805.25,2817.75,2810.25
2025-10-06 01:55:00,406300.0,2819.0,2810.0,2810.0,2818.5,2819.5,2810.5,2810.5,2819.0,2819.25,2810.25,2810.25,2818.75
2025-10-06 02:00:00,561300.0,2824.5,2816.5,2818.5,2816.5,2825.0,2817.0,2819.0,2817.0,2824.75,2816.75,2818.75,2816.75
2025-10-06 02:05:00,502300.0,2818.5,2809.5,2816.5,2817.5,2819.0,2810.0,2817.0,2818.5,2818.75,2809.75,2816.75,2818.0
2025-10-06 02:10:00,730200.0,2839.5,2817.0,2817.5,2838.0,2840.0,2817.5,2818.5,2839.0,2839.75,2817.25,2818.0,2838.5
2025-10-06 02:15:00,503500.0,2843.0,2830.5,2838.0,2838.5,2843.5,2831.5,2839.0,2839.0,2843.25,2831.0,2838.5,2838.75
2025-10-06 02:20:00,410600.0,2838.5,2826.0,2838.5,2833.5,2840.0,2826.5,2839.0,2834.5,2839.0,2826.25,2838.75,2834.0
2025-10-06 02:25:00,469000.0,2837.5,2827.0,2833.5,2830.0,2838.0,2827.5,2834.5,2830.5,2837.75,2827.25,2834.0,2830.25
2025-10-06 02:30:00,61800.0,2830.0,2830.0,2830.0,2830.0,2831.0,2831.0,2831.0,2831.0,2830.5,2830.5,2830.5,2830.5
2025-10-06 03:30:00,1269000.0,2830.5,2812.0,2830.0,2817.5,2831.0,2813.0,2830.5,2818.0,2830.75,2812.5,2830.25,2817.75
2025-10-06 03:35:00,643600.0,2819.5,2808.0,2817.5,2818.0,2820.0,2809.0,2818.0,2819.0,2819.75,2808.5,2817.75,2818.5
2025-10-06 03:40:00,646800.0,2819.5,2811.0,2818.0,2818.5,2820.0,2811.5,2819.0,2819.0,2819.75,2811.25,2818.5,2818.75
2025-10-06 03:45:00,579300.0,2819.5,2800.5,2818.5,2808.5,2820.0,2801.0,2819.0,2809.0,2819.75,2800.75,2818.75,2808.75
2025-10-06 03:50:00,350200.0,2816.5,2807.5,2808.5,2812.5,2817.0,2808.0,2809.0,2813.0,2816.75,2807.75,2808.75,2812.75
2025-10-06 03:55:00,409600.0,2815.5,2803.0,2812.5,2803.5,2816.0,2803.5,2813.0,2804.0,2815.75,2803.25,2812.75,2803.75
2025-10-06 04:00:00,1268100.0,2804.5,2776.5,2803.5,2781.5,2805.0,2777.0,2804.0,2782.5,2804.75,2776.75,2803.75,2782.0
2025-10-06 04:05:00,773400.0,2788.5,2767.0,2781.5,2779.0,2789.0,2769.5,2782.5,2779.5,2788.75,2769.0,2782.0,2779.25
2025-10-06 04:10:00,567700.0,2787.5,2775.0,2779.0,2779.0,2788.0,2775.5,2779.5,2779.5,2787.75,2775.25,2779.25,2779.25
2025-10-06 04:15:00,816400.0,2782.5,2770.0,2779.0,2782.5,2783.0,2770.5,2779.5,2783.0,2782.75,2770.25,2779.25,2782.75
2025-10-06 04:20:00,530300.0,2785.5,2772.5,2782.5,2775.0,2786.5,2773.5,2783.0,2776.0,2786.0,2773.0,2782.75,2775.5
2025-10-06 04:25:00,602200.0,2779.5,2764.5,2775.0,2772.5,2780.0,2765.0,2776.0,2773.0,2779.75,2764.75,2775.5,2772.75
2025-10-06 04:30:00,321500.0,2779.5,2770.5,2772.5,2779.5,2780.0,2771.0,2773.0,2780.0,2779.75,2770.75,2772.75,2779.75
2025-10-06 04:35:00,647500.0,2799.0,2779.5,2779.5,2794.0,2799.5,2780.0,2780.0,2794.5,2799.25,2779.75,2779.75,2794.25
2025-10-06 04:40:00,497700.0,2803.5,2793.5,2794.0,2798.5,2804.0,2794.5,2794.5,2799.0,2803.75,2794.0,2794.25,2798.75
2025-10-06 04:45:00,402800.0,2800.5,2790.5,2798.5,2792.0,2801.0,2791.0,2799.0,2792.5,2800.75,2790.75,2798.75,2792.25
2025-10-06 04:50:00,383100.0,2801.5,2791.5,2791.5,2793.5,2802.0,2792.5,2792.5,2794.0,2801.75,2792.0,2792.0,2793.75
2025-10-06 04:55:00,352200.0,2796.5,2787.0,2793.5,2796.0,2797.0,2787.5,2794.0,2796.5,2796.75,2787.25,2793.75,2796.25
2025-10-06 05:00:00,814200.0,2810.0,2795.5,2796.0,2805.5,2811.0,2796.5,2796.5,2806.0,2810.5,2796.0,2796.25,2805.75
2025-10-06 05:05:00,448200.0,2809.0,2800.5,2805.5,2809.0,2809.5,2801.5,2806.0,2809.5,2809.25,2801.0,2805.75,2809.25
2025-10-06 05:10:00,469300.0,2816.5,2807.5,2809.0,2814.5,2817.0,2808.0,2809.5,2815.0,2816.75,2807.75,2809.25,2814.75
2025-10-06 05:15:00,729900.0,2824.5,2813.5,2814.5,2824.5,2825.0,2814.0,2815.0,2825.0,2824.75,2813.75,2814.75,2824.75
2025-10-06 05:20:00,731500.0,2832.5,2820.5,2824.5,2831.5,2833.0,2821.0,2825.0,2832.0,2832.75,2820.75,2824.75,2831.75
2025-10-06 05:25:00,481500.0,2832.5,2825.0,2831.5,2829.5,2833.0,2825.5,2832.0,2830.5,2832.75,2825.25,2831.75,2830.0
2025-10-06 05:30:00,385200.0,2832.0,2824.5,2829.5,2830.5,2832.5,2825.0,2830.5,2831.0,2832.25,2824.75,2830.0,2830.75
2025-10-06 05:35:00,523100.0,2837.5,2830.5,2830.5,2834.5,2838.0,2831.0,2831.0,2835.0,2837.75,2830.75,2830.75,2834.75
2025-10-06 05:40:00,489100.0,2835.5,2826.0,2834.5,2828.5,2836.0,2826.5,2835.0,2829.0,2835.75,2826.25,2834.75,2828.75
2025-10-06 05:45:00,361900.0,2835.0,2827.5,2828.5,2833.0,2835.5,2828.5,2829.0,2834.0,2835.25,2828.0,2828.75,2833.5
2025-10-06 05:50:00,423900.0,2834.5,2825.5,2833.0,2833.0,2835.0,2826.0,2834.0,2833.5,2834.75,2825.75,2833.5,2833.25
2025-10-06 05:55:00,335500.0,2834.5,2828.5,2833.0,2829.0,2835.0,2829.0,2833.5,2829.5,2834.75,2828.75,2833.25,2829.25
2025-10-06 06:00:00,474600.0,2830.5,2823.0,2829.0,2826.5,2831.0,2823.5,2829.5,2827.0,2830.75,2823.25,2829.25,2826.75
2025-10-06 06:05:00,556900.0,2831.5,2823.0,2826.5,2829.0,2832.0,2823.5,2827.0,2829.5,2831.75,2823.25,2826.75,2829.25
2025-10-06 06:10:00,518400.0,2829.5,2818.0,2829.0,2820.5,2830.0,2819.0,2829.5,2821.0,2829.75,2818.5,2829.25,2820.75
2025-10-06 06:15:00,510600.0,2822.5,2815.0,2820.5,2819.5,2823.0,2815.5,2821.0,2820.0,2822.75,2815.25,2820.75,2819.75
2025-10-06 06:20:00,680900.0,2824.5,2818.5,2819.5,2823.5,2825.0,2819.0,2820.0,2824.0,2824.75,2818.75,2819.75,2823.75
2025-10-06 06:25:00,,2839.5,2823.0,2824.5,2834.5,2840.0,2823.5,2825.0,2835.0,2839.75,2823.25,2824.75,2834.75
2025-10-06 06:30:00,1845400.0,2834.0,2834.0,2834.0,2834.0,2835.0,2835.0,2835.0,2835.0,2834.5,2834.5,2834.5,2834.5
2025-10-07 00:00:00,7176400.0,3021.0,2875.5,2889.5,2973.0,3022.0,2876.0,2890.0,2974.0,3021.5,2875.75,2889.75,2973.5
2025-10-07 00:05:00,2692900.0,3014.0,2968.0,2973.0,2974.0,3015.0,2969.0,2974.0,2975.0,3014.5,2968.75,2973.5,2974.5
2025-10-07 00:10:00,2307900.0,2987.0,2934.0,2974.5,2936.5,2988.0,2935.0,2975.0,2937.5,2987.5,2934.5,2974.75,2937.0
2025-10-07 00:15:00,2001800.0,2949.5,2892.5,2937.0,2902.0,2950.0,2893.5,2937.5,2903.0,2949.75,2893.0,2937.25,2902.5
2025-10-07 00:20:00,1542400.0,2918.0,2875.0,2902.0,2887.0,2919.0,2875.5,2903.0,2888.0,2918.5,2875.25,2902.5,2887.5
2025-10-07 00:25:00,1526100.0,2899.5,2860.0,2887.0,2864.5,2900.0,2860.5,2888.0,2865.0,2899.75,2860.25,2887.5,2864.75
2025-10-07 00:30:00,2030000.0,2870.0,2825.5,2864.5,2851.5,2871.0,2826.5,2865.0,2852.5,2870.5,2826.25,2864.75,2852.0
2025-10-07 00:35:00,1714000.0,2886.5,2837.0,2851.5,2863.5,2888.0,2838.0,2852.5,2864.0,2886.75,2837.5,2852.0,2863.75
2025-10-07 00:40:00,1341000.0,2889.5,2851.0,2863.5,2853.0,2890.0,2852.0,2864.0,2854.0,2889.75,2851.5,2863.75,2853.5
2025-10-07 00:45:00,802100.0,2874.0,2850.5,2853.0,2870.0,2875.0,2851.0,2854.0,2871.0,2874.25,2850.75,2853.5,2870.5
2025-10-07 00:50:00,793000.0,2884.0,2864.5,2870.0,2883.5,2884.5,2865.0,2871.0,2884.5,2884.25,2864.75,2870.5,2884.0
2025-10-07 00:55:00,1584200.0,2917.5,2883.5,2883.5,2897.5,2918.0,2884.0,2884.5,2898.5,2917.75,2883.75,2884.0,2898.0
2025-10-07 01:00:00,1245800.0,2918.0,2892.5,2897.5,2906.5,2918.5,2893.5,2898.5,2907.0,2918.25,2893.0,2898.0,2906.75
2025-10-07 01:05:00,751000.0,2911.5,2893.5,2906.5,2900.0,2914.5,2894.5,2907.0,2900.5,2912.25,2894.0,2906.75,2900.25
2025-10-07 01:10:00,568500.0,2902.0,2888.0,2900.0,2902.0,2902.5,2889.0,2900.5,2902.5,2902.25,2888.5,2900.25,2902.25
2025-10-07 01:15:00,443400.0,2904.5,2891.5,2902.0,2899.0,2905.0,2892.0,2902.5,2899.5,2904.75,2891.75,2902.25,2899.25
2025-10-07 01:20:00,463700.0,2909.5,2891.5,2899.0,2909.0,2910.0,2892.0,2899.5,2910.0,2909.75,2891.75,2899.25,2909.5
2025-10-07 01:25:00,1294700.0,2937.5,2908.0,2909.0,2935.5,2938.0,2909.0,2910.0,2936.5,2937.75,2908.5,2909.5,2936.0
2025-10-07 01:30:00,1271100.0,2957.0,2932.5,2935.5,2949.0,2958.0,2933.0,2936.5,2949.5,2957.5,2932.75,2936.0,2949.25
2025-10-07 01:35:00,1012100.0,2956.0,2936.5,2949.0,2947.5,2956.5,2937.5,2949.5,2948.5,2956.25,2937.0,2949.25,2948.0
2025-10-07 01:40:00,744700.0,2951.0,2929.0,2947.5,2930.0,2952.0,2929.5,2948.5,2930.5,2951.5,2929.25,2948.0,2930.25
2025-10-07 01:45:00,485200.0,2949.0,2929.5,2930.0,2944.0,2949.5,2930.0,2930.5,2944.5,2949.25,2929.75,2930.25,2944.25
2025-10-07 01:50:00,724400.0,2959.0,2943.0,2944.0,2954.0,2959.5,2944.0,2944.5,2954.5,2959.25,2943.5,2944.25,2954.25
2025-10-07 01:55:00,563700.0,2958.0,2943.0,2954.0,2957.0,2958.5,2943.5,2954.5,2957.5,2958.25,2943.25,2954.25,2957.25
2025-10-07 02:00:00,999400.0,2977.5,2956.5,2957.0,2970.5,2978.0,2957.0,2957.5,2971.5,2977.75,2956.75,2957.25,2971.0
2025-10-07 02:05:00,575100.0,2974.5,2965.5,2970.5,2974.5,2975.0,2966.0,2971.5,2975.0,2974.75,2965.75,2971.0,2974.75
2025-10-07 02:10:00,873300.0,2984.0,2970.0,2974.5,2981.5,2984.5,2970.5,2975.0,2982.0,2984.25,2970.25,2974.75,2981.75
2025-10-07 02:15:00,691700.0,2986.0,2976.0,2981.5,2976.0,2986.5,2976.5,2982.0,2976.5,2986.25,2976.25,2981.75,2976.25
2025-10-07 02:20:00,510700.0,2982.5,2974.0,2976.0,2978.0,2983.0,2975.0,2976.5,2978.5,2982.75,2974.5,2976.25,2978.25
2025-10-07 02:25:00,373100.0,2978.0,2970.5,2978.0,2972.0,2979.0,2971.0,2978.5,2973.0,2978.5,2970.75,2978.25,2972.5
2025-10-07 02:30:00,66200.0,2972.0,2972.0,2972.0,2972.0,2973.0,2973.0,2973.0,2973.0,2972.5,2972.5,2972.5,2972.5
2025-10-07 03:30:00,1193000.0,2985.5,2958.5,2976.5,2964.5,2986.0,2959.5,2977.0,2965.5,2985.75,2959.0,2976.75,2965.0
2025-10-07 03:35:00,691500.0,2965.5,2955.0,2964.5,2958.0,2966.0,2955.5,2965.5,2958.5,2965.75,2955.25,2965.0,2958.25
2025-10-07 03:40:00,956900.0,2982.0,2958.0,2958.0,2974.0,2982.5,2958.5,2958.5,2974.5,2982.25,2958.25,2958.25,2974.25
2025-10-07 03:45:00,637000.0,2978.0,2965.0,2974.0,2976.5,2978.5,2965.5,2974.5,2977.0,2978.25,2965.25,2974.25,2976.75
2025-10-07 03:50:00,618900.0,2981.5,2966.0,2976.5,2972.5,2982.0,2967.0,2977.0,2973.0,2981.75,2966.5,2976.75,2972.75
2025-10-07 03:55:00,469600.0,2973.0,2957.0,2972.5,2959.0,2973.5,2957.5,2973.0,2959.5,2973.25,2957.25,2972.75,2959.25
2025-10-07 04:00:00,405300.0,2967.0,2957.0,2959.0,2963.0,2968.0,2957.5,2959.5,2963.5,2967.5,2957.25,2959.25,2963.25
2025-10-07 04:05:00,441400.0,2972.0,2961.0,2963.0,2970.0,2972.5,2961.5,2963.5,2970.5,2972.25,2961.25,2963.25,2970.25
2025-10-07 04:10:00,565400.0,2976.0,2966.0,2970.0,2967.5,2976.5,2966.5,2970.5,2968.0,2976.25,2966.25,2970.25,2967.75
2025-10-07 04:15:00,468000.0,2968.5,2959.0,2967.5,2967.5,2969.0,2959.5,2968.0,2968.0,2968.75,2959.25,2967.75,2967.75
2025-10-07 04:20:00,397400.0,2969.5,2960.5,2967.5,2961.0,2970.0,2961.0,2968.0,2961.5,2969.75,2960.75,2967.75,2961.25
2025-10-07 04:25:00,929500.0,2964.5,2942.5,2961.0,2946.5,2965.5,2943.5,2961.5,2947.5,2965.0,2943.0,2961.25,2947.0
2025-10-07 04:30:00,773000.0,2951.0,2935.0,2946.5,2935.0,2951.5,2935.5,2947.5,2936.0,2951.25,2935.25,2947.0,2935.5
2025-10-07 04:35:00,596200.0,2940.5,2927.5,2935.0,2931.0,2941.0,2928.0,2936.0,2931.5,2940.75,2927.75,2935.5,2931.25
2025-10-07 04:40:00,563300.0,2939.5,2925.5,2931.0,2937.5,2940.0,2926.0,2931.5,2938.0,2939.75,2925.75,2931.25,2937.75
2025-10-07 04:45:00,555400.0,2947.5,2928.0,2937.5,2946.5,2949.0,2928.5,2938.0,2947.0,2948.0,2928.25,2937.75,2946.75
2025-10-07 04:50:00,423100.0,2946.5,2938.0,2946.5,2943.5,2949.0,2938.5,2947.0,2944.0,2947.0,2938.25,2946.75,2943.75
2025-10-07 04:55:00,324000.0,2946.5,2938.5,2943.5,2943.5,2947.0,2939.0,2944.0,2944.0,2946.75,2938.75,2943.75,2943.75
2025-10-07 05:00:00,374500.0,2948.0,2939.0,2943.5,2939.0,2948.5,2939.5,2944.0,2939.5,2948.25,2939.25,2943.75,2939.25
2025-10-07 05:05:00,349400.0,2940.5,2931.5,2939.0,2940.0,2941.0,2932.0,2939.5,2940.5,2940.75,2931.75,2939.25,2940.25
2025-10-07 05:10:00,491900.0,2940.5,2920.0,2940.0,2922.5,2941.0,2921.0,2940.5,2923.0,2940.75,2920.5,2940.25,2922.75
2025-10-07 05:15:00,658800.0,2925.0,2913.5,2922.5,2921.0,2926.0,2914.0,2923.0,2921.5,2925.5,2913.75,2922.75,2921.25
2025-10-07 05:20:00,741800.0,2941.5,2917.0,2921.0,2937.5,2942.5,2917.5,2921.5,2938.0,2942.0,2917.25,2921.25,2937.75
2025-10-07 05:25:00,487300.0,2944.5,2932.0,2937.5,2932.5,2945.0,2932.5,2938.0,2933.0,2944.75,2932.25,2937.75,2932.75
2025-10-07 05:30:00,486100.0,2935.0,2921.0,2932.5,2925.5,2935.5,2921.5,2933.0,2926.0,2935.25,2921.25,2932.75,2925.75
2025-10-07 05:35:00,421400.0,2928.0,2916.0,2925.5,2927.5,2928.5,2916.5,2926.0,2928.5,2928.25,2916.25,2925.75,2928.0
2025-10-07 05:40:00,343600.0,2929.0,2915.0,2927.5,2916.0,2929.5,2915.5,2928.5,2916.5,2929.25,2915.25,2928.0,2916.25
2025-10-07 05:45:00,910700.0,2917.5,2897.0,2916.0,2900.5,2918.0,2897.5,2916.5,2901.0,2917.75,2897.25,2916.25,2900.75
2025-10-07 05:50:00,696800.0,2905.0,2890.0,2900.5,2899.5,2906.0,2891.0,2901.0,2900.0,2905.5,2890.75,2900.75,2899.75
2025-10-07 05:55:00,460100.0,2904.5,2895.0,2899.5,2900.5,2905.0,2896.0,2900.5,2901.0,2904.75,2895.5,2900.0,2900.75
2025-10-07 06:00:00,388200.0,2908.5,2896.5,2900.5,2903.0,2909.0,2897.0,2901.0,2903.5,2908.75,2896.75,2900.75,2903.25
2025-10-07 06:05:00,404100.0,2904.0,2894.0,2902.5,2896.0,2904.5,2894.5,2903.5,2897.0,2904.25,2894.25,2903.0,2896.5
2025-10-07 06:10:00,364100.0,2899.0,2893.0,2896.0,2896.5,2899.5,2893.5,2897.0,2897.0,2899.25,2893.25,2896.5,2896.75
2025-10-07 06:15:00,397600.0,2899.5,2892.0,2896.5,2894.5,2900.0,2892.5,2897.0,2895.0,2899.75,2892.25,2896.75,2894.75
2025-10-07 06:20:00,806500.0,2905.5,2890.0,2894.5,2898.0,2906.0,2890.5,2895.0,2901.0,2905.75,2890.25,2894.75,2899.5
2025-10-07 06:25:00,,2907.5,2851.5,2906.5,2890.5,2908.0,2852.0,2907.0,2891.0,2907.75,2851.75,2906.75,2890.75
2025-10-07 06:30:00,1800000.0,2890.5,2890.5,2890.5,2890.5,2894.0,2894.0,2894.0,2894.0,2892.25,2892.25,2892.25,2892.25
2025-10-08 00:00:00,4072400.0,2998.5,2905.5,2922.0,2995.0,2999.5,2906.0,2922.5,2996.0,2999.0,2905.75,2922.25,2995.5
2025-10-08 00:05:00,4272800.0,3046.0,2993.0,2995.0,3036.0,3047.0,2995.0,2996.5,3037.0,3046.5,2994.25,2995.75,3036.5
2025-10-08 00:10:00,3276600.0,3069.0,3013.0,3036.0,3022.0,3070.0,3014.0,3037.0,3023.0,3069.5,3013.5,3036.5,3022.5
2025-10-08 00:15:00,1353800.0,3046.0,3012.0,3022.0,3042.0,3047.0,3013.0,3023.0,3044.0,3046.5,3012.5,3022.5,3043.0
2025-10-08 00:20:00,1537200.0,3058.0,3020.0,3042.0,3042.0,3059.0,3021.0,3044.0,3043.0,3058.5,3020.5,3043.0,3042.5
2025-10-08 00:25:00,1005900.0,3064.0,3036.0,3042.0,3062.0,3065.0,3037.0,3043.0,3063.0,3064.5,3036.5,3042.5,3062.5
2025-10-08 00:30:00,1218600.0,3063.0,3042.0,3062.0,3056.0,3064.0,3043.0,3063.0,3058.0,3063.5,3042.5,3062.5,3057.0
2025-10-08 00:35:00,1069300.0,3069.0,3050.0,3056.0,3055.0,3070.0,3051.0,3058.0,3056.0,3069.5,3050.5,3057.0,3055.5
2025-10-08 00:40:00,1804300.0,3097.0,3055.0,3055.0,3089.0,3098.0,3056.0,3056.0,3090.0,3097.5,3055.5,3055.5,3089.5
2025-10-08 00:45:00,2291000.0,3128.0,3089.0,3089.0,3107.0,3129.0,3090.0,3090.0,3108.0,3128.5,3089.5,3089.5,3107.5
2025-10-08 00:50:00,1424100.0,3117.0,3094.0,3107.0,3105.0,3118.0,3095.0,3108.0,3107.0,3117.5,3094.5,3107.5,3106.0
2025-10-08 00:55:00,1158800.0,3109.0,3074.0,3105.0,3082.0,3110.0,3075.0,3107.0,3084.0,3109.5,3074.5,3106.0,3083.0
2025-10-08 01:00:00,1131500.0,3091.0,3063.0,3082.0,3086.0,3092.0,3064.0,3084.0,3087.0,3091.5,3063.5,3083.0,3086.5
2025-10-08 01:05:00,845000.0,3096.0,3081.0,3086.0,3086.0,3097.0,3082.0,3087.0,3087.0,3096.5,3081.5,3086.5,3086.5
2025-10-08 01:10:00,678300.0,3090.0,3075.0,3086.0,3084.0,3092.0,3076.0,3087.0,3085.0,3090.5,3075.5,3086.5,3084.5
2025-10-08 01:15:00,519200.0,3093.0,3081.0,3084.0,3087.0,3094.0,3082.0,3085.0,3088.0,3093.5,3081.5,3084.5,3087.5
2025-10-08 01:20:00,548400.0,3088.0,3070.0,3087.0,3075.0,3089.0,3071.0,3088.0,3076.0,3088.5,3070.5,3087.5,3075.5
2025-10-08 01:25:00,375000.0,3078.0,3070.0,3075.0,3073.0,3079.0,3071.0,3076.0,3074.0,3078.5,3070.5,3075.5,3073.5
2025-10-08 01:30:00,464900.0,3088.0,3072.0,3073.0,3087.0,3089.0,3074.0,3074.0,3088.0,3088.5,3073.0,3073.5,3087.5
2025-10-08 01:35:00,896100.0,3106.0,3087.0,3087.0,3093.0,3108.0,3088.0,3088.0,3094.0,3107.0,3087.5,3087.5,3093.5
2025-10-08 01:40:00,596600.0,3093.0,3076.0,3093.0,3088.0,3094.0,3077.0,3094.0,3089.0,3093.5,3076.5,3093.5,3088.5
2025-10-08 01:45:00,654700.0,3105.0,3086.0,3088.0,3101.0,3106.0,3087.0,3089.0,3102.0,3105.5,3086.5,3088.5,3101.5
2025-10-08 01:50:00,527700.0,3103.0,3077.0,3101.0,3080.0,3104.0,3078.0,3102.0,3082.0,3103.5,3077.5,3101.5,3081.0
2025-10-08 01:55:00,366400.0,3088.0,3078.0,3080.0,3088.0,3089.0,3079.0,3082.0,3089.0,3088.5,3078.5,3081.0,3088.5
2025-10-08 02:00:00,456600.0,3093.0,3080.0,3088.0,3080.0,3094.0,3081.0,3089.0,3081.0,3093.5,3080.5,3088.5,3080.5
2025-10-08 02:05:00,508800.0,3084.0,3075.0,3080.0,3079.0,3085.0,3076.0,3081.0,3080.0,3084.5,3075.5,3080.5,3079.5
2025-10-08 02:10:00,860100.0,3083.0,3057.0,3079.0,3061.0,3084.0,3058.0,3080.0,3062.0,3083.5,3057.5,3079.5,3061.5
2025-10-08 02:15:00,605200.0,3076.0,3060.0,3061.0,3068.0,3077.0,3062.0,3062.0,3069.0,3076.5,3061.0,3061.5,3068.5
2025-10-08 02:20:00,401700.0,3075.0,3065.0,3068.0,3069.0,3077.0,3066.0,3069.0,3071.0,3076.0,3065.5,3068.5,3070.0
2025-10-08 02:25:00,405800.0,3075.0,3067.0,3069.0,3074.0,3076.0,3068.0,3071.0,3076.0,3075.5,3067.5,3070.0,3075.0
2025-10-08 02:30:00,111900.0,3072.0,3072.0,3072.0,3072.0,3076.0,3076.0,3076.0,3076.0,3074.0,3074.0,3074.0,3074.0
2025-10-08 03:30:00,2257100.0,3081.0,3061.0,3075.0,3074.0,3082.0,3063.0,3076.0,3075.0,3081.5,3062.0,3075.5,3074.5
2025-10-08 03:35:00,755600.0,3091.0,3071.0,3074.0,3086.0,3092.0,3072.0,3075.0,3087.0,3091.5,3071.5,3074.5,3086.5
2025-10-08 03:40:00,393800.0,3088.0,3078.0,3086.0,3079.0,3089.0,3079.0,3087.0,3080.0,3088.5,3078.5,3086.5,3079.5
2025-10-08 03:45:00,282600.0,3085.0,3078.0,3079.0,3083.0,3086.0,3079.0,3080.0,3084.0,3085.5,3078.5,3079.5,3083.5
2025-10-08 03:50:00,957900.0,3112.0,3083.0,3083.0,3105.0,3113.0,3084.0,3084.0,3107.0,3112.5,3083.5,3083.5,3106.0
2025-10-08 03:55:00,679300.0,3106.0,3097.0,3105.0,3100.0,3107.0,3098.0,3106.0,3101.0,3106.5,3097.5,3105.5,3100.5
2025-10-08 04:00:00,367600.0,3105.0,3099.0,3100.0,3102.0,3108.0,3100.0,3101.0,3103.0,3105.5,3099.5,3100.5,3102.5
2025-10-08 04:05:00,458700.0,3103.0,3090.0,3102.0,3100.0,3104.0,3091.0,3103.0,3101.0,3103.5,3090.5,3102.5,3100.5
2025-10-08 04:10:00,365500.0,3101.0,3096.0,3100.0,3097.0,3102.0,3097.0,3101.0,3098.0,3101.5,3096.5,3100.5,3097.5
2025-10-08 04:15:00,478000.0,3100.0,3087.0,3097.0,3091.0,3101.0,3088.0,3098.0,3092.0,3100.5,3087.5,3097.5,3091.5
2025-10-08 04:20:00,538100.0,3099.0,3075.0,3091.0,3075.0,3100.0,3076.0,3092.0,3076.0,3099.5,3075.5,3091.5,3075.5
2025-10-08 04:25:00,369800.0,3091.0,3075.0,3075.0,3088.0,3093.0,3076.0,3076.0,3089.0,3091.5,3075.5,3075.5,3088.5
2025-10-08 04:30:00,299400.0,3089.0,3072.0,3088.0,3075.0,3090.0,3073.0,3089.0,3076.0,3089.5,3072.5,3088.5,3075.5
2025-10-08 04:35:00,265200.0,3078.0,3071.0,3075.0,3073.0,3079.0,3072.0,3076.0,3074.0,3078.5,3071.5,3075.5,3073.5
2025-10-08 04:40:00,214600.0,3079.0,3072.0,3073.0,3073.0,3080.0,3073.0,3074.0,3074.0,3079.5,3072.5,3073.5,3073.5
2025-10-08 04:45:00,248900.0,3082.0,3072.0,3073.0,3075.0,3083.0,3073.0,3074.0,3076.0,3082.5,3072.5,3073.5,3075.5
2025-10-08 04:50:00,315600.0,3079.0,3070.0,3075.0,3078.0,3080.0,3071.0,3076.0,3079.0,3079.5,3070.5,3075.5,3078.5
2025-10-08 04:55:00,111100.0,3079.0,3075.0,3078.0,3077.0,3080.0,3076.0,3079.0,3078.0,3079.5,3075.5,3078.5,3077.5
2025-10-08 05:00:00,312000.0,3089.0,3077.0,3077.0,3088.0,3090.0,3078.0,3078.0,3090.0,3089.5,3077.5,3077.5,3089.0
2025-10-08 05:05:00,462800.0,3099.0,3087.0,3088.0,3097.0,3100.0,3088.0,3090.0,3099.0,3099.5,3087.5,3089.0,3098.0
2025-10-08 05:10:00,564800.0,3108.0,3096.0,3097.0,3107.0,3109.0,3097.0,3099.0,3108.0,3108.5,3096.5,3098.0,3107.5
2025-10-08 05:15:00,609200.0,3117.0,3101.0,3107.0,3114.0,3118.0,3102.0,3108.0,3115.0,3117.5,3101.5,3107.5,3114.5
2025-10-08 05:20:00,356900.0,3115.0,3106.0,3114.0,3106.0,3116.0,3107.0,3115.0,3107.0,3115.5,3106.5,3114.5,3106.5
2025-10-08 05:25:00,402300.0,3117.0,3105.0,3106.0,3116.0,3118.0,3106.0,3107.0,3117.0,3117.5,3105.5,3106.5,3116.5
2025-10-08 05:30:00,429000.0,3119.0,3111.0,3116.0,3119.0,3120.0,3112.0,3117.0,3120.0,3119.5,3111.5,3116.5,3119.5
2025-10-08 05:35:00,646700.0,3122.0,3105.0,3119.0,3105.0,3123.0,3106.0,3120.0,3106.0,3122.5,3105.5,3119.5,3105.5
2025-10-08 05:40:00,417000.0,3112.0,3101.0,3105.0,3104.0,3113.0,3102.0,3106.0,3106.0,3112.5,3101.5,3105.5,3105.0
2025-10-08 05:45:00,572400.0,3106.0,3095.0,3105.0,3104.0,3107.0,3096.0,3106.0,3105.0,3106.5,3095.5,3105.5,3104.5
2025-10-08 05:50:00,322600.0,3106.0,3097.0,3104.0,3101.0,3107.0,3098.0,3105.0,3103.0,3106.5,3097.5,3104.5,3102.0
2025-10-08 05:55:00,276300.0,3106.0,3098.0,3101.0,3104.0,3107.0,3099.0,3103.0,3105.0,3106.5,3098.5,3102.0,3104.5
2025-10-08 06:00:00,387900.0,3112.0,3104.0,3104.0,3108.0,3113.0,3105.0,3105.0,3109.0,3112.5,3104.5,3104.5,3108.5
2025-10-08 06:05:00,618700.0,3109.0,3092.0,3108.0,3097.0,3110.0,3093.0,3109.0,3098.0,3109.5,3092.5,3108.5,3097.5
2025-10-08 06:10:00,535500.0,3097.0,3086.0,3097.0,3089.0,3099.0,3087.0,3098.0,3090.0,3098.0,3086.5,3097.5,3089.5
2025-10-08 06:15:00,541300.0,3092.0,3080.0,3089.0,3092.0,3093.0,3081.0,3090.0,3093.0,3092.5,3080.5,3089.5,3092.5
2025-10-08 06:20:00,722400.0,3097.0,3088.0,3092.0,3093.0,3098.0,3089.0,3093.0,3094.0,3097.5,3088.5,3092.5,3093.5
2025-10-08 06:25:00,,3128.0,3093.0,3119.0,3093.0,3129.0,3094.0,3120.0,3094.0,3128.5,3093.5,3119.5,3093.5
2025-10-08 06:30:00,2151300.0,3093.0,3093.0,3093.0,3093.0,3095.0,3095.0,3095.0,3095.0,3094.0,3094.0,3094.0,3094.0
2025-10-09 00:00:00,6126600.0,3159.0,3066.0,3139.0,3084.0,3160.0,3067.0,3140.0,3085.0,3159.5,3066.5,3139.5,3084.5
2025-10-09 00:05:00,2929100.0,3096.0,3026.0,3084.0,3040.0,3097.0,3027.0,3085.0,3041.0,3096.5,3026.5,3084.5,3040.5
2025-10-09 00:10:00,2121800.0,3040.0,3011.0,3040.0,3026.0,3041.0,3013.0,3041.0,3027.0,3040.5,3012.0,3040.5,3026.5
2025-10-09 00:15:00,2810700.0,3033.0,2990.0,3026.0,2999.0,3035.0,2991.0,3027.0,3000.0,3034.0,2990.75,3026.5,2999.5
2025-10-09 00:20:00,1637100.0,3012.0,2995.5,2999.0,3001.0,3013.0,2996.0,3000.0,3002.0,3012.5,2995.75,2999.5,3001.5
2025-10-09 00:25:00,2136300.0,3004.0,2967.0,3001.0,2985.5,3005.0,2968.5,3002.0,2986.5,3004.5,2967.75,3001.5,2986.0
2025-10-09 00:30:00,1331200.0,2999.0,2979.5,2985.5,2996.5,2999.5,2980.0,2986.5,2997.0,2999.25,2979.75,2986.0,2996.75
2025-10-09 00:35:00,2181900.0,3015.0,2975.0,2996.5,2986.0,3016.0,2976.0,2997.0,2986.5,3015.5,2975.5,2996.75,2986.25
2025-10-09 00:40:00,2185300.0,2986.0,2955.0,2986.0,2959.5,2987.0,2955.5,2986.5,2960.5,2986.5,2955.25,2986.25,2960.0
2025-10-09 00:45:00,1463800.0,2973.5,2950.5,2959.5,2967.0,2974.0,2951.0,2960.5,2967.5,2973.75,2950.75,2960.0,2967.25
2025-10-09 00:50:00,1248300.0,2983.0,2961.5,2967.0,2971.5,2984.0,2962.0,2967.5,2972.0,2983.5,2961.75,2967.25,2971.75
2025-10-09 00:55:00,880700.0,2977.5,2966.5,2971.5,2969.5,2978.0,2968.0,2972.5,2970.0,2977.75,2967.5,2972.0,2969.75
2025-10-09 01:00:00,1180000.0,2980.5,2958.0,2969.5,2973.0,2981.0,2958.5,2970.0,2973.5,2980.75,2958.25,2969.75,2973.25
2025-10-09 01:05:00,907700.0,2981.5,2969.0,2973.0,2980.5,2982.0,2969.5,2973.5,2981.0,2981.75,2969.25,2973.25,2980.75
2025-10-09 01:10:00,1524000.0,2996.5,2979.0,2980.5,2993.0,2997.0,2979.5,2981.0,2993.5,2996.75,2979.25,2980.75,2993.25
2025-10-09 01:15:00,1570200.0,3002.0,2982.5,2993.0,2987.5,3003.0,2983.0,2993.5,2988.5,3002.5,2982.75,2993.25,2988.0
2025-10-09 01:20:00,974400.0,2988.0,2967.0,2987.5,2975.0,2988.5,2967.5,2988.5,2975.5,2988.25,2967.25,2988.0,2975.25
2025-10-09 01:25:00,480500.0,2987.0,2974.0,2975.0,2985.0,2987.5,2974.5,2975.5,2985.5,2987.25,2974.25,2975.25,2985.25
2025-10-09 01:30:00,462800.0,2992.0,2980.0,2985.0,2991.5,2992.5,2980.5,2985.5,2992.0,2992.25,2980.25,2985.25,2991.75
2025-10-09 01:35:00,547700.0,2997.0,2989.0,2991.5,2994.5,2997.5,2989.5,2992.0,2995.0,2997.25,2989.25,2991.75,2994.75
2025-10-09 01:40:00,501800.0,2998.0,2985.0,2994.5,2996.0,2998.5,2985.5,2995.0,2997.0,2998.25,2985.25,2994.75,2996.5
2025-10-09 01:45:00,591200.0,3002.0,2995.0,2996.0,3000.0,3003.0,2995.5,2997.0,3001.0,3002.5,2995.25,2996.5,3000.5
2025-10-09 01:50:00,817400.0,3014.0,3000.0,3000.0,3008.0,3015.0,3001.0,3001.0,3009.0,3014.5,3000.5,3000.5,3008.5
2025-10-09 01:55:00,525600.0,3012.0,3000.0,3008.0,3002.0,3014.0,3001.0,3009.0,3003.0,3013.0,3000.5,3008.5,3002.5
2025-10-09 02:00:00,588500.0,3006.0,2991.5,3002.0,3002.0,3007.0,2992.5,3003.0,3003.0,3006.5,2992.0,3002.5,3002.5
2025-10-09 02:05:00,439900.0,3008.0,2998.0,3002.0,3001.0,3009.0,2998.5,3003.0,3003.0,3008.5,2998.25,3002.5,3002.0
2025-10-09 02:10:00,430800.0,3004.0,2992.5,3001.0,2992.5,3005.0,2993.0,3003.0,2993.0,3004.5,2992.75,3002.0,2992.75
2025-10-09 02:15:00,424800.0,3002.0,2987.5,2992.5,2998.5,3003.0,2988.0,2993.0,2999.0,3002.5,2987.75,2992.75,2998.75
2025-10-09 02:20:00,348900.0,3007.0,2996.0,2998.5,3005.0,3008.0,2996.5,2999.0,3007.0,3007.5,2996.25,2998.75,3006.0
2025-10-09 02:25:00,471400.0,3014.0,3004.0,3005.0,3013.0,3015.0,3005.0,3007.0,3014.0,3014.5,3004.5,3006.0,3013.5
2025-10-09 02:30:00,50700.0,3013.0,3013.0,3013.0,3013.0,3014.0,3014.0,3014.0,3014.0,3013.5,3013.5,3013.5,3013.5
2025-10-09 03:30:00,1390600.0,3022.0,2990.5,3018.0,2991.0,3023.0,2991.0,3019.0,2991.5,3022.5,2990.75,3018.5,2991.25
2025-10-09 03:35:00,1096700.0,2990.5,2974.0,2990.5,2976.5,2991.5,2974.5,2991.5,2977.0,2991.0,2974.25,2991.0,2976.75
2025-10-09 03:40:00,721400.0,2987.5,2976.0,2976.5,2980.0,2988.0,2976.5,2977.0,2981.0,2987.75,2976.25,2976.75,2980.5
2025-10-09 03:45:00,1480400.0,2980.5,2956.0,2980.0,2962.5,2981.5,2956.5,2981.0,2963.0,2981.0,2956.25,2980.5,2962.75
2025-10-09 03:50:00,784800.0,2964.0,2956.0,2962.5,2961.0,2964.5,2957.0,2963.0,2961.5,2964.25,2956.5,2962.75,2961.25
2025-10-09 03:55:00,811700.0,2963.0,2951.0,2961.0,2953.0,2963.5,2951.5,2961.5,2953.5,2963.25,2951.25,2961.25,2953.25
2025-10-09 04:00:00,444400.0,2960.5,2952.0,2953.0,2956.0,2961.0,2952.5,2953.5,2956.5,2960.75,2952.25,2953.25,2956.25
2025-10-09 04:05:00,565600.0,2968.0,2954.0,2956.0,2967.0,2968.5,2954.5,2956.5,2967.5,2968.25,2954.25,2956.25,2967.25
2025-10-09 04:10:00,561800.0,2974.0,2965.0,2967.0,2966.0,2975.0,2965.5,2967.5,2966.5,2974.5,2965.25,2967.25,2966.25
2025-10-09 04:15:00,469200.0,2978.0,2965.5,2966.0,2976.0,2978.5,2966.0,2966.5,2976.5,2978.25,2965.75,2966.25,2976.25
2025-10-09 04:20:00,528300.0,2977.0,2966.5,2976.0,2969.5,2977.5,2967.0,2976.5,2970.0,2977.25,2966.75,2976.25,2969.75
2025-10-09 04:25:00,296700.0,2971.0,2965.0,2969.5,2966.5,2971.5,2965.5,2970.0,2967.0,2971.25,2965.25,2969.75,2966.75
2025-10-09 04:30:00,298200.0,2973.0,2966.5,2966.5,2969.5,2974.0,2967.0,2967.0,2970.0,2973.25,2966.75,2966.75,2969.75
2025-10-09 04:35:00,326200.0,2977.5,2969.5,2969.5,2976.0,2978.0,2970.0,2970.0,2976.5,2977.75,2969.75,2969.75,2976.25
2025-10-09 04:40:00,336700.0,2979.0,2971.0,2976.0,2973.5,2979.5,2972.0,2976.5,2974.0,2979.25,2971.75,2976.25,2973.75
2025-10-09 04:45:00,191600.0,2976.5,2972.0,2973.5,2976.0,2977.0,2972.5,2974.0,2976.5,2976.75,2972.25,2973.75,2976.25
2025-10-09 04:50:00,438800.0,2978.5,2971.0,2976.0,2971.5,2979.0,2971.5,2976.5,2972.0,2978.75,2971.25,2976.25,2971.75
2025-10-09 04:55:00,460200.0,2975.5,2967.0,2971.5,2968.5,2976.0,2967.5,2972.0,2969.0,2975.75,2967.25,2971.75,2968.75
2025-10-09 05:00:00,303600.0,2970.5,2965.5,2968.5,2968.5,2971.0,2966.0,2969.0,2969.0,2970.75,2965.75,2968.75,2968.75
2025-10-09 05:05:00,344100.0,2976.5,2968.0,2968.5,2973.5,2977.0,2968.5,2969.0,2974.0,2976.75,2968.25,2968.75,2973.75
2025-10-09 05:10:00,284600.0,2973.5,2968.0,2973.5,2968.5,2974.0,2968.5,2974.0,2969.0,2973.75,2968.25,2973.75,2968.75
2025-10-09 05:15:00,540800.0,2968.5,2962.0,2968.5,2963.0,2969.0,2962.5,2969.0,2963.5,2968.75,2962.25,2968.75,2963.25
2025-10-09 05:20:00,236400.0,2966.5,2963.0,2963.0,2964.5,2967.0,2963.5,2963.5,2965.0,2966.75,2963.25,2963.25,2964.75
2025-10-09 05:25:00,243000.0,2965.5,2961.0,2964.5,2965.0,2966.0,2961.5,2965.0,2965.5,2965.75,2961.25,2964.75,2965.25
2025-10-09 05:30:00,264700.0,2969.0,2964.5,2965.0,2968.0,2969.5,2965.0,2965.5,2968.5,2969.25,2964.75,2965.25,2968.25
2025-10-09 05:35:00,295400.0,2969.5,2965.5,2968.0,2967.0,2970.0,2966.0,2968.5,2967.5,2969.75,2965.75,2968.25,2967.25
2025-10-09 05:40:00,274100.0,2969.0,2963.0,2967.0,2964.0,2969.5,2963.5,2967.5,2964.5,2969.25,2963.25,2967.25,2964.25
2025-10-09 05:45:00,270800.0,2965.0,2961.0,2964.0,2962.0,2965.5,2961.5,2964.5,2962.5,2965.25,2961.25,2964.25,2962.25
2025-10-09 05:50:00,244900.0,2966.0,2961.0,2962.0,2963.0,2966.5,2961.5,2962.5,2963.5,2966.25,2961.25,2962.25,2963.25
2025-10-09 05:55:00,280300.0,2968.5,2962.0,2963.0,2966.5,2969.0,2962.5,2963.5,2967.0,2968.75,2962.25,2963.25,2966.75
2025-10-09 06:00:00,299100.0,2967.5,2964.0,2966.5,2965.5,2968.0,2964.5,2967.0,2966.0,2967.75,2964.25,2966.75,2965.75
2025-10-09 06:05:00,869600.0,2965.5,2955.0,2965.5,2956.0,2966.0,2955.5,2966.0,2956.5,2965.75,2955.25,2965.75,2956.25
2025-10-09 06:10:00,506000.0,2963.0,2953.5,2956.0,2962.0,2964.5,2954.0,2956.5,2962.5,2963.5,2953.75,2956.25,2962.25
2025-10-09 06:15:00,584700.0,2963.5,2959.0,2962.0,2960.0,2964.0,2959.5,2962.5,2960.5,2963.75,2959.25,2962.25,2960.25
2025-10-09 06:20:00,658500.0,2961.0,2955.0,2960.0,2958.5,2961.5,2955.5,2960.5,2959.0,2961.25,2955.25,2960.25,2958.75
2025-10-09 06:25:00,,2979.5,2953.5,2956.0,2957.0,2980.0,2954.0,2956.5,2957.5,2979.75,2953.75,2956.25,2957.25
2025-10-09 06:30:00,1787900.0,2957.0,2957.0,2957.0,2957.0,2957.5,2957.5,2957.5,2957.5,2957.25,2957.25,2957.25,2957.25
2025-10-10 00:00:00,3635200.0,2977.0,2885.0,2956.5,2896.5,2978.0,2885.5,2957.0,2897.5,2977.5,2885.25,2956.75,2897.0
2025-10-10 00:05:00,1439500.0,2924.0,2896.5,2896.5,2902.0,2925.0,2897.5,2897.5,2903.0,2924.5,2897.0,2897.0,2902.5
2025-10-10 00:10:00,1145100.0,2923.0,2896.0,2902.0,2919.0,2923.5,2896.5,2903.0,2920.0,2923.25,2896.25,2902.5,2919.5
2025-10-10 00:15:00,996800.0,2919.0,2897.5,2919.0,2901.0,2920.0,2898.5,2920.0,2902.0,2919.5,2898.25,2919.5,2901.5
2025-10-10 00:20:00,971400.0,2907.0,2885.5,2901.0,2890.5,2907.5,2886.0,2902.0,2891.5,2907.25,2885.75,2901.5,2891.0
2025-10-10 00:25:00,913100.0,2905.5,2885.0,2890.5,2894.5,2906.0,2885.5,2891.5,2895.0,2905.75,2885.25,2891.0,2894.75
2025-10-10 00:30:00,795700.0,2901.0,2880.5,2894.0,2883.5,2902.5,2881.0,2895.0,2884.5,2901.75,2880.75,2894.5,2884.0
2025-10-10 00:35:00,1428100.0,2884.0,2860.0,2883.5,2871.0,2884.5,2861.0,2884.5,2872.0,2884.25,2860.5,2884.0,2871.5
2025-10-10 00:40:00,693500.0,2885.0,2870.0,2871.0,2871.5,2885.5,2870.5,2872.0,2872.5,2885.25,2870.25,2871.5,2872.0
2025-10-10 00:45:00,1837900.0,2874.0,2840.0,2871.5,2841.0,2874.5,2840.5,2872.5,2841.5,2874.25,2840.25,2872.0,2841.25
2025-10-10 00:50:00,897300.0,2852.0,2840.0,2841.0,2844.0,2853.0,2840.5,2841.5,2845.0,2852.5,2840.25,2841.25,2844.5
2025-10-10 00:55:00,850900.0,2869.5,2844.0,2844.5,2866.5,2870.0,2844.5,2845.0,2867.0,2869.75,2844.25,2844.75,2866.75
2025-10-10 01:00:00,670700.0,2869.5,2851.5,2866.5,2861.5,2870.0,2852.0,2867.0,2862.5,2869.75,2851.75,2866.75,2862.0
2025-10-10 01:05:00,630700.0,2867.0,2845.0,2861.5,2849.5,2867.5,2846.5,2862.5,2850.0,2867.25,2846.0,2862.0,2849.75
2025-10-10 01:10:00,450500.0,2854.0,2845.0,2849.5,2851.5,2854.5,2845.5,2850.0,2852.0,2854.25,2845.25,2849.75,2851.75
2025-10-10 01:15:00,446800.0,2867.0,2848.5,2851.5,2863.5,2867.5,2849.0,2852.0,2864.0,2867.25,2848.75,2851.75,2863.75
2025-10-10 01:20:00,616200.0,2874.5,2862.5,2863.5,2872.0,2875.0,2863.5,2864.0,2873.0,2874.75,2863.0,2863.75,2872.5
2025-10-10 01:25:00,696200.0,2881.5,2870.0,2872.0,2878.0,2882.0,2870.5,2873.0,2878.5,2881.75,2870.25,2872.5,2878.25
2025-10-10 01:30:00,863700.0,2884.5,2865.0,2878.0,2868.5,2885.0,2865.5,2878.5,2869.5,2884.75,2865.25,2878.25,2869.0
2025-10-10 01:35:00,885600.0,2875.5,2846.5,2868.5,2848.0,2876.5,2847.5,2869.5,2848.5,2876.0,2847.0,2869.0,2848.25
2025-10-10 01:40:00,414000.0,2856.0,2846.5,2848.0,2851.0,2857.0,2847.0,2848.5,2851.5,2856.5,2846.75,2848.25,2851.25
2025-10-10 01:45:00,383200.0,2858.0,2848.0,2851.0,2849.5,2858.5,2848.5,2851.5,2850.5,2858.25,2848.25,2851.25,2850.0
2025-10-10 01:50:00,254800.0,2856.0,2848.5,2849.5,2850.0,2856.5,2849.0,2850.5,2850.5,2856.25,2848.75,2850.0,2850.25
2025-10-10 01:55:00,195400.0,2856.5,2850.0,2850.0,2851.5,2857.0,2850.5,2850.5,2852.0,2856.75,2850.25,2850.25,2851.75
2025-10-10 02:00:00,228200.0,2855.0,2849.5,2851.5,2850.0,2855.5,2850.0,2852.0,2850.5,2855.25,2849.75,2851.75,2850.25
2025-10-10 02:05:00,1001600.0,2851.0,2830.5,2850.0,2832.0,2853.5,2831.0,2850.5,2832.5,2851.75,2830.75,2850.25,2832.25
2025-10-10 02:10:00,442800.0,2838.5,2832.0,2832.0,2832.5,2839.5,2832.5,2832.5,2833.0,2838.75,2832.25,2832.25,2832.75
2025-10-10 02:15:00,584600.0,2838.5,2826.0,2832.5,2830.0,2839.0,2826.5,2833.0,2831.0,2838.75,2826.25,2832.75,2830.5
2025-10-10 02:20:00,409500.0,2844.5,2830.0,2830.0,2837.5,2845.0,2830.5,2831.0,2838.0,2844.75,2830.25,2830.5,2837.75
2025-10-10 02:25:00,255900.0,2843.0,2836.0,2837.5,2840.5,2843.5,2837.5,2838.0,2841.0,2843.25,2836.75,2837.75,2840.75
2025-10-10 02:30:00,36500.0,2840.5,2840.5,2840.5,2840.5,2841.5,2841.5,2841.5,2841.5,2841.0,2841.0,2841.0,2841.0
2025-10-10 03:30:00,1051900.0,2846.5,2828.5,2841.0,2834.0,2848.0,2829.0,2841.5,2835.0,2846.75,2828.75,2841.25,2834.5
2025-10-10 03:35:00,449300.0,2839.0,2830.0,2834.0,2833.0,2839.5,2830.5,2835.0,2833.5,2839.25,2830.25,2834.5,2833.25
2025-10-10 03:40:00,1284500.0,2833.0,2810.0,2832.5,2816.0,2833.5,2810.5,2833.5,2816.5,2833.25,2810.25,2833.0,2816.25
2025-10-10 03:45:00,578900.0,2820.0,2811.0,2816.0,2812.0,2820.5,2811.5,2816.5,2812.5,2820.25,2811.25,2816.25,2812.25
2025-10-10 03:50:00,689600.0,2814.5,2803.0,2812.0,2805.0,2815.0,2803.5,2812.5,2806.0,2814.75,2803.25,2812.25,2805.5
2025-10-10 03:55:00,1927900.0,2823.5,2790.0,2805.0,2818.5,2824.0,2790.5,2806.0,2819.5,2823.75,2790.25,2805.5,2819.0
2025-10-10 04:00:00,618200.0,2820.5,2806.5,2818.5,2813.5,2821.0,2807.0,2819.5,2814.5,2820.75,2806.75,2819.0,2814.0
2025-10-10 04:05:00,453000.0,2819.0,2810.5,2813.5,2812.5,2819.5,2811.0,2814.5,2813.0,2819.25,2810.75,2814.0,2812.75
2025-10-10 04:10:00,560200.0,2823.5,2808.5,2812.5,2812.0,2824.0,2809.0,2813.0,2812.5,2823.75,2808.75,2812.75,2812.25
2025-10-10 04:15:00,418500.0,2812.0,2805.0,2812.0,2809.0,2813.0,2805.5,2812.5,2809.5,2812.5,2805.25,2812.25,2809.25
2025-10-10 04:20:00,479600.0,2816.5,2803.5,2809.0,2810.5,2817.0,2804.0,2809.5,2811.5,2816.75,2803.75,2809.25,2811.0
2025-10-10 04:25:00,335800.0,2812.5,2805.0,2811.0,2811.0,2813.0,2805.5,2811.5,2811.5,2812.75,2805.25,2811.25,2811.25
2025-10-10 04:30:00,225800.0,2814.5,2810.0,2811.0,2810.0,2815.0,2810.5,2811.5,2810.5,2814.75,2810.25,2811.25,2810.25
2025-10-10 04:35:00,260400.0,2814.5,2808.0,2810.0,2813.0,2815.0,2808.5,2810.5,2813.5,2814.75,2808.25,2810.25,2813.25
2025-10-10 04:40:00,431300.0,2823.0,2813.0,2813.0,2820.0,2824.0,2813.5,2813.5,2820.5,2823.5,2813.25,2813.25,2820.25
2025-10-10 04:45:00,366400.0,2824.5,2810.0,2820.0,2813.0,2825.0,2810.5,2821.0,2813.5,2824.75,2810.25,2820.5,2813.25
2025-10-10 04:50:00,270600.0,2816.5,2809.5,2813.0,2812.5,2817.0,2810.0,2813.5,2813.0,2816.75,2809.75,2813.25,2812.75
2025-10-10 04:55:00,261800.0,2815.5,2810.0,2812.5,2814.0,2816.0,2810.5,2813.0,2814.5,2815.75,2810.25,2812.75,2814.25
2025-10-10 05:00:00,235900.0,2818.0,2811.0,2814.0,2812.5,2818.5,2811.5,2814.5,2813.0,2818.25,2811.25,2814.25,2812.75
2025-10-10 05:05:00,257300.0,2813.0,2810.0,2812.5,2812.5,2813.5,2810.5,2813.0,2813.0,2813.25,2810.25,2812.75,2812.75
2025-10-10 05:10:00,180400.0,2815.0,2811.5,2812.5,2813.0,2815.5,2812.0,2813.0,2814.0,2815.25,2811.75,2812.75,2813.5
2025-10-10 05:15:00,193600.0,2814.5,2811.0,2813.0,2812.0,2815.0,2811.5,2814.0,2812.5,2814.75,2811.25,2813.5,2812.25
2025-10-10 05:20:00,429000.0,2812.0,2805.0,2812.0,2805.5,2812.5,2805.5,2812.5,2806.0,2812.25,2805.25,2812.25,2805.75
2025-10-10 05:25:00,392700.0,2807.0,2802.0,2805.5,2805.5,2808.0,2802.5,2806.0,2806.0,2807.5,2802.25,2805.75,2805.75
2025-10-10 05:30:00,307800.0,2809.5,2802.5,2805.5,2807.0,2810.0,2803.5,2806.0,2807.5,2809.75,2803.25,2805.75,2807.25
2025-10-10 05:35:00,299700.0,2814.5,2807.0,2807.0,2809.5,2815.0,2807.5,2807.5,2810.0,2814.75,2807.25,2807.25,2809.75
2025-10-10 05:40:00,327400.0,2819.5,2809.5,2809.5,2819.0,2820.0,2810.0,2810.0,2819.5,2819.75,2809.75,2809.75,2819.25
2025-10-10 05:45:00,449600.0,2827.5,2813.0,2819.0,2824.0,2828.0,2813.5,2819.5,2824.5,2827.75,2813.25,2819.25,2824.25
2025-10-10 05:50:00,654300.0,2833.0,2821.0,2824.0,2831.0,2833.5,2821.5,2824.5,2832.0,2833.25,2821.25,2824.25,2831.5
2025-10-10 05:55:00,528600.0,2839.0,2827.0,2831.0,2832.0,2839.5,2827.5,2831.5,2832.5,2839.25,2827.25,2831.25,2832.25
2025-10-10 06:00:00,614600.0,2839.0,2823.0,2832.0,2824.5,2839.5,2823.5,2832.5,2825.0,2839.25,2823.25,2832.25,2824.75
2025-10-10 06:05:00,570300.0,2825.5,2817.0,2824.5,2821.0,2826.0,2817.5,2825.5,2821.5,2825.75,2817.25,2825.0,2821.25
2025-10-10 06:10:00,398900.0,2828.5,2817.5,2821.0,2827.0,2829.0,2818.0,2821.5,2827.5,2828.75,2817.75,2821.25,2827.25
2025-10-10 06:15:00,550600.0,2830.0,2821.0,2827.0,2828.0,2830.5,2821.5,2827.5,2828.5,2830.25,2821.25,2827.25,2828.25
2025-10-10 06:20:00,694500.0,2828.5,2818.0,2827.5,2823.5,2829.0,2818.5,2828.5,2824.0,2828.75,2818.25,2828.0,2823.75
2025-10-10 06:25:00,,2823.0,2800.0,2800.0,2818.0,2823.5,2800.5,2800.5,2818.5,2823.25,2800.25,2800.25,2818.25
2025-10-10 06:30:00,1873300.0,2818.0,2818.0,2818.0,2818.0,2819.0,2819.0,2819.0,2819.0,2818.5,2818.5,2818.5,2818.5
2025-10-14 00:00:00,4501000.0,2868.0,2782.0,2823.0,2827.0,2870.0,2783.5,2823.5,2828.0,2868.25,2782.75,2823.25,2827.5
2025-10-14 00:05:00,1979900.0,2829.5,2777.0,2827.0,2798.5,2830.0,2778.0,2828.0,2799.5,2829.75,2777.5,2827.5,2799.0
2025-10-14 00:10:00,1470000.0,2801.0,2757.5,2798.5,2760.0,2802.0,2758.5,2799.5,2761.0,2801.5,2758.0,2799.0,2760.5
2025-10-14 00:15:00,998400.0,2786.5,2760.0,2760.0,2783.5,2788.0,2760.5,2761.0,2784.5,2787.25,2760.25,2760.5,2784.0
2025-10-14 00:20:00,945700.0,2798.0,2782.0,2783.5,2786.5,2798.5,2782.5,2784.5,2787.0,2798.25,2782.25,2784.0,2786.75
2025-10-14 00:25:00,1322100.0,2809.0,2784.0,2786.5,2804.5,2809.5,2785.0,2787.0,2805.5,2809.25,2784.5,2786.75,2805.0
2025-10-14 00:30:00,1098800.0,2808.5,2786.5,2804.5,2799.0,2809.5,2787.0,2805.5,2800.0,2809.0,2786.75,2805.0,2799.5
2025-10-14 00:35:00,872900.0,2807.5,2796.0,2799.0,2801.0,2808.0,2796.5,2800.0,2801.5,2807.75,2796.25,2799.5,2801.25
2025-10-14 00:40:00,918600.0,2823.0,2799.0,2801.0,2803.5,2823.5,2799.5,2801.5,2804.5,2823.25,2799.25,2801.25,2804.0
2025-10-14 00:45:00,937300.0,2805.0,2790.0,2803.5,2792.0,2805.5,2791.0,2804.5,2793.0,2805.25,2790.5,2804.0,2792.5
2025-10-14 00:50:00,782900.0,2793.0,2772.0,2792.0,2777.5,2793.5,2772.5,2793.0,2778.0,2793.25,2772.25,2792.5,2777.75
2025-10-14 00:55:00,538800.0,2794.0,2774.0,2777.5,2793.5,2794.5,2774.5,2778.0,2794.0,2794.25,2774.25,2777.75,2793.75
2025-10-14 01:00:00,496700.0,2801.5,2782.0,2793.5,2789.5,2802.0,2782.5,2794.0,2790.0,2801.75,2782.25,2793.75,2789.75
2025-10-14 01:05:00,422600.0,2800.0,2788.5,2789.5,2796.5,2800.5,2789.0,2790.0,2797.5,2800.25,2788.75,2789.75,2797.0
2025-10-14 01:10:00,527600.0,2807.5,2790.0,2796.5,2798.0,2808.0,2790.5,2797.5,2799.0,2807.75,2790.25,2797.0,2798.5
2025-10-14 01:15:00,373900.0,2800.5,2788.0,2798.0,2794.0,2801.0,2788.5,2799.0,2794.5,2800.75,2788.25,2798.5,2794.25
2025-10-14 01:20:00,410000.0,2810.5,2789.0,2794.0,2808.5,2811.0,2789.5,2794.5,2809.0,2810.75,2789.25,2794.25,2808.75
2025-10-14 01:25:00,410900.0,2810.5,2791.0,2808.5,2791.5,2811.0,2791.5,2809.0,2792.0,2810.75,2791.25,2808.75,2791.75
2025-10-14 01:30:00,441700.0,2796.0,2783.0,2791.5,2794.0,2796.5,2784.5,2792.0,2794.5,2796.25,2784.0,2791.75,2794.25
2025-10-14 01:35:00,344800.0,2802.5,2793.0,2794.0,2799.0,2803.5,2794.0,2794.5,2800.0,2803.0,2793.5,2794.25,2799.5
2025-10-14 01:40:00,264700.0,2802.0,2793.0,2799.0,2795.5,2802.5,2793.5,2800.0,2796.0,2802.25,2793.25,2799.5,2795.75
2025-10-14 01:45:00,257000.0,2801.5,2792.0,2795.5,2798.5,2802.0,2792.5,2796.0,2799.5,2801.75,2792.25,2795.75,2799.0
2025-10-14 01:50:00,274100.0,2804.5,2796.0,2798.5,2799.0,2805.0,2796.5,2799.5,2799.5,2804.75,2796.25,2799.0,2799.25
2025-10-14 01:55:00,300200.0,2805.0,2794.0,2799.0,2800.5,2805.5,2794.5,2799.5,2801.5,2805.25,2794.25,2799.25,2801.0
2025-10-14 02:00:00,189800.0,2801.5,2795.5,2800.5,2800.0,2802.0,2796.0,2801.5,2800.5,2801.75,2795.75,2801.0,2800.25
2025-10-14 02:05:00,241600.0,2800.5,2792.5,2800.0,2796.5,2801.0,2793.0,2800.5,2797.5,2800.75,2792.75,2800.25,2797.0
2025-10-14 02:10:00,272300.0,2798.5,2790.5,2796.5,2792.0,2799.5,2791.0,2797.5,2792.5,2799.0,2790.75,2797.0,2792.25
2025-10-14 02:15:00,305600.0,2800.5,2788.0,2792.0,2799.0,2801.0,2788.5,2792.5,2799.5,2800.75,2788.25,2792.25,2799.25
2025-10-14 02:20:00,184000.0,2803.0,2796.0,2799.0,2797.5,2803.5,2796.5,2799.5,2798.0,2803.25,2796.25,2799.25,2797.75
2025-10-14 02:25:00,261500.0,2798.5,2787.0,2797.5,2787.0,2799.0,2788.0,2798.0,2788.5,2798.75,2787.5,2797.75,2787.75
2025-10-14 02:30:00,18000.0,2787.0,2787.0,2787.0,2787.0,2788.5,2788.5,2788.5,2788.5,2787.75,2787.75,2787.75,2787.75
2025-10-14 03:30:00,844300.0,2792.5,2770.0,2784.5,2787.5,2793.5,2770.5,2785.0,2788.0,2793.0,2770.25,2784.75,2787.75
2025-10-14 03:35:00,486500.0,2802.0,2786.0,2787.5,2794.0,2802.5,2786.5,2788.0,2795.0,2802.25,2786.25,2787.75,2794.5
2025-10-14 03:40:00,482900.0,2798.5,2770.5,2794.0,2770.5,2799.0,2771.0,2795.0,2771.0,2798.75,2770.75,2794.5,2770.75
2025-10-14 03:45:00,554600.0,2778.5,2767.0,2770.5,2770.5,2779.0,2768.5,2771.0,2771.0,2778.75,2768.25,2770.75,2770.75
2025-10-14 03:50:00,299500.0,2776.5,2769.0,2770.5,2774.0,2777.0,2769.5,2771.0,2774.5,2776.75,2769.25,2770.75,2774.25
2025-10-14 03:55:00,385500.0,2776.0,2766.0,2774.0,2767.5,2776.5,2767.0,2774.5,2768.5,2776.25,2766.5,2774.25,2768.0
2025-10-14 04:00:00,776500.0,2770.0,2751.5,2767.5,2752.0,2771.0,2752.5,2768.5,2752.5,2770.5,2752.25,2768.0,2752.25
2025-10-14 04:05:00,1206000.0,2757.5,2736.5,2752.0,2739.0,2758.0,2738.0,2752.5,2739.5,2757.75,2737.5,2752.25,2739.25
2025-10-14 04:10:00,853600.0,2743.5,2730.0,2738.5,2738.5,2745.0,2731.5,2739.5,2739.5,2744.0,2730.75,2739.0,2739.0
2025-10-14 04:15:00,1145900.0,2739.0,2715.0,2738.5,2720.5,2740.0,2717.0,2739.5,2721.5,2739.5,2716.25,2739.0,2721.0
2025-10-14 04:20:00,896200.0,2736.0,2716.0,2721.0,2734.5,2737.5,2716.5,2721.5,2735.5,2736.5,2716.25,2721.25,2735.0
2025-10-14 04:25:00,688600.0,2736.0,2715.0,2734.5,2718.0,2736.5,2715.5,2735.5,2719.0,2736.25,2715.25,2735.0,2718.5
2025-10-14 04:30:00,769400.0,2725.0,2710.0,2718.0,2723.0,2725.5,2710.5,2719.0,2724.0,2725.25,2710.25,2718.5,2723.5
2025-10-14 04:35:00,509800.0,2724.5,2712.0,2723.0,2717.5,2725.0,2713.0,2724.0,2718.5,2724.75,2712.5,2723.5,2718.0
2025-10-14 04:40:00,447300.0,2732.0,2712.5,2717.5,2728.5,2733.0,2713.5,2718.5,2729.5,2732.5,2713.25,2718.0,2729.0
2025-10-14 04:45:00,356100.0,2728.5,2715.5,2728.5,2722.5,2729.5,2716.0,2729.5,2723.0,2729.0,2715.75,2729.0,2722.75
2025-10-14 04:50:00,222900.0,2729.5,2719.0,2722.5,2728.0,2730.0,2719.5,2723.0,2728.5,2729.75,2719.25,2722.75,2728.25
2025-10-14 04:55:00,383900.0,2737.5,2726.0,2728.0,2735.0,2738.0,2726.5,2728.5,2736.0,2737.75,2726.25,2728.25,2735.5
2025-10-14 05:00:00,358500.0,2738.0,2726.0,2735.0,2729.5,2738.5,2726.5,2736.0,2730.0,2738.25,2726.25,2735.5,2729.75
2025-10-14 05:05:00,361300.0,2739.0,2728.5,2729.5,2737.5,2739.5,2729.0,2730.0,2738.5,2739.25,2728.75,2729.75,2738.0
2025-10-14 05:10:00,331700.0,2742.5,2736.0,2737.5,2739.0,2743.0,2736.5,2738.5,2740.0,2742.75,2736.25,2738.0,2739.5
2025-10-14 05:15:00,457900.0,2750.5,2736.0,2739.0,2750.0,2751.0,2736.5,2740.0,2750.5,2750.75,2736.25,2739.5,2750.25
2025-10-14 05:20:00,394200.0,2753.5,2744.5,2750.0,2745.5,2754.5,2745.0,2750.5,2746.5,2754.0,2744.75,2750.25,2746.0
2025-10-14 05:25:00,515400.0,2755.5,2739.5,2745.5,2754.0,2756.0,2740.0,2746.5,2755.0,2755.75,2739.75,2746.0,2754.5
2025-10-14 05:30:00,456200.0,2760.0,2749.0,2754.0,2750.5,2761.0,2749.5,2755.0,2751.0,2760.5,2749.25,2754.5,2750.75
2025-10-14 05:35:00,423300.0,2751.5,2737.0,2750.5,2738.0,2752.0,2738.0,2751.0,2738.5,2751.75,2737.75,2750.75,2738.25
2025-10-14 05:40:00,497700.0,2740.0,2726.0,2738.0,2728.0,2740.5,2726.5,2738.5,2729.0,2740.25,2726.25,2738.25,2728.5
2025-10-14 05:45:00,410600.0,2740.5,2724.0,2728.0,2739.0,2741.0,2724.5,2729.0,2740.0,2740.75,2724.25,2728.5,2739.5
2025-10-14 05:50:00,419000.0,2752.0,2734.5,2739.0,2751.0,2752.5,2735.0,2740.0,2751.5,2752.25,2734.75,2739.5,2751.25
2025-10-14 05:55:00,408700.0,2751.0,2740.5,2751.0,2748.5,2751.5,2743.0,2751.5,2749.0,2751.25,2742.75,2751.25,2748.75
2025-10-14 06:00:00,379900.0,2750.0,2738.0,2748.5,2740.0,2751.0,2738.5,2749.0,2741.0,2750.25,2738.25,2748.75,2740.5
2025-10-14 06:05:00,368900.0,2751.0,2738.0,2740.0,2745.5,2752.0,2738.5,2741.0,2746.5,2751.5,2738.25,2740.5,2746.0
2025-10-14 06:10:00,358900.0,2748.5,2743.0,2745.5,2746.5,2749.0,2743.5,2746.5,2747.0,2748.75,2743.25,2746.0,2746.75
2025-10-14 06:15:00,313200.0,2748.5,2740.0,2746.5,2742.5,2749.0,2740.5,2747.0,2743.5,2748.75,2740.25,2746.75,2743.0
2025-10-14 06:20:00,561300.0,2748.5,2739.5,2742.5,2748.0,2750.0,2740.5,2743.5,2749.5,2749.25,2740.0,2743.0,2748.75
2025-10-14 06:25:00,,2759.5,2730.0,2730.0,2744.0,2760.0,2730.5,2730.5,2744.5,2759.75,2730.25,2730.25,2744.25
2025-10-14 06:30:00,1667400.0,2744.0,2744.0,2744.0,2744.0,2744.5,2744.5,2744.5,2744.5,2744.25,2744.25,2744.25,2744.25
2025-10-15 00:00:00,1682700.0,2784.0,2755.0,2766.0,2784.0,2785.0,2756.0,2766.5,2785.0,2784.5,2755.75,2766.25,2784.5
2025-10-15 00:05:00,1308800.0,2811.5,2776.0,2784.0,2808.0,2812.5,2776.5,2785.0,2809.0,2811.75,2776.25,2784.5,2808.5
2025-10-15 00:10:00,1006900.0,2808.0,2780.0,2808.0,2802.5,2809.0,2780.5,2809.0,2803.5,2808.5,2780.25,2808.5,2803.0
2025-10-15 00:15:00,905300.0,2802.5,2773.0,2802.5,2780.0,2803.5,2774.5,2803.5,2780.5,2803.0,2773.75,2803.0,2780.25
2025-10-15 00:20:00,585000.0,2792.0,2773.0,2780.0,2790.0,2792.5,2773.5,2780.5,2790.5,2792.25,2773.25,2780.25,2790.25
2025-10-15 00:25:00,681500.0,2808.0,2790.0,2790.0,2802.5,2808.5,2790.5,2790.5,2804.0,2808.25,2790.25,2790.25,2803.25
2025-10-15 00:30:00,689300.0,2810.0,2790.0,2802.5,2803.0,2810.5,2790.5,2804.0,2803.5,2810.25,2790.25,2803.25,2803.25
2025-10-15 00:35:00,329100.0,2804.5,2796.0,2803.0,2802.0,2805.0,2796.5,2803.5,2802.5,2804.75,2796.25,2803.25,2802.25
2025-10-15 00:40:00,427400.0,2804.5,2795.0,2802.0,2800.5,2805.0,2796.0,2802.5,2801.0,2804.75,2795.5,2802.25,2800.75
2025-10-15 00:45:00,885400.0,2824.5,2798.5,2800.5,2824.5,2825.0,2799.0,2801.0,2825.0,2824.75,2798.75,2800.75,2824.75
2025-10-15 00:50:00,997200.0,2843.0,2824.5,2824.5,2834.5,2844.0,2825.0,2825.0,2835.0,2843.25,2824.75,2824.75,2834.75
2025-10-15 00:55:00,604700.0,2841.5,2825.0,2834.5,2840.5,2842.0,2826.0,2835.0,2841.0,2841.75,2825.5,2834.75,2840.75
2025-10-15 01:00:00,683900.0,2849.0,2837.0,2840.5,2841.0,2849.5,2838.0,2841.0,2841.5,2849.25,2837.5,2840.75,2841.25
2025-10-15 01:05:00,707500.0,2841.0,2814.0,2841.0,2817.5,2841.5,2816.5,2841.5,2818.0,2841.25,2816.0,2841.25,2817.75
2025-10-15 01:10:00,733800.0,2833.0,2808.5,2817.0,2832.5,2834.0,2809.5,2818.0,2833.5,2833.25,2809.0,2817.5,2833.0
2025-10-15 01:15:00,593100.0,2841.5,2828.0,2832.5,2838.5,2842.0,2828.5,2833.5,2839.0,2841.75,2828.25,2833.0,2838.75
2025-10-15 01:20:00,514400.0,2846.5,2828.0,2838.5,2832.0,2847.0,2829.5,2839.0,2832.5,2846.75,2829.0,2838.75,2832.25
2025-10-15 01:25:00,371600.0,2841.5,2829.5,2832.0,2837.5,2842.0,2830.0,2832.5,2838.0,2841.75,2829.75,2832.25,2837.75
2025-10-15 01:30:00,320600.0,2843.0,2834.0,2837.5,2840.5,2844.0,2834.5,2838.0,2841.0,2843.5,2834.25,2837.75,2840.75
2025-10-15 01:35:00,285900.0,2845.0,2838.0,2840.5,2843.5,2845.5,2838.5,2841.0,2844.0,2845.25,2838.25,2840.75,2843.75
2025-10-15 01:40:00,305000.0,2846.5,2838.5,2843.5,2843.5,2847.0,2839.5,2844.0,2844.0,2846.75,2839.0,2843.75,2843.75
2025-10-15 01:45:00,552900.0,2851.5,2836.5,2843.5,2847.5,2852.0,2837.0,2844.0,2848.5,2851.75,2836.75,2843.75,2848.0
2025-10-15 01:50:00,396200.0,2853.5,2845.0,2847.5,2850.5,2854.0,2845.5,2848.5,2851.0,2853.75,2845.25,2848.0,2850.75
2025-10-15 01:55:00,486000.0,2855.5,2849.5,2850.5,2853.5,2856.0,2850.0,2851.0,2854.0,2855.75,2849.75,2850.75,2853.75
2025-10-15 02:00:00,396700.0,2858.5,2849.0,2853.5,2851.5,2859.0,2849.5,2854.0,2852.0,2858.75,2849.25,2853.75,2851.75
2025-10-15 02:05:00,190100.0,2855.5,2850.0,2851.5,2852.5,2856.0,2850.5,2852.0,2853.0,2855.75,2850.25,2851.75,2852.75
2025-10-15 02:10:00,207300.0,2857.5,2851.0,2852.5,2856.0,2858.0,2851.5,2853.0,2856.5,2857.75,2851.25,2852.75,2856.25
2025-10-15 02:15:00,528200.0,2861.0,2855.5,2856.0,2859.0,2862.0,2856.0,2856.5,2859.5,2861.5,2855.75,2856.25,2859.25
2025-10-15 02:20:00,470300.0,2865.5,2855.0,2859.0,2864.0,2866.0,2855.5,2859.5,2865.0,2865.75,2855.25,2859.25,2864.5
2025-10-15 02:25:00,480100.0,2879.0,2862.0,2864.0,2879.0,2879.5,2863.0,2865.0,2879.5,2879.25,2862.5,2864.5,2879.25
2025-10-15 02:30:00,22400.0,2878.5,2878.5,2878.5,2878.5,2879.5,2879.5,2879.5,2879.5,2879.0,2879.0,2879.0,2879.0
2025-10-15 03:30:00,1468300.0,2883.5,2852.0,2883.5,2864.0,2884.0,2855.0,2884.0,2864.5,2883.75,2854.5,2883.75,2864.25
2025-10-15 03:35:00,849200.0,2867.0,2850.0,2864.0,2851.5,2868.0,2850.5,2864.5,2852.0,2867.5,2850.25,2864.25,2851.75
2025-10-15 03:40:00,851700.0,2853.0,2841.5,2851.5,2843.5,2853.5,2842.0,2852.0,2844.0,2853.25,2841.75,2851.75,2843.75
2025-10-15 03:45:00,921500.0,2847.0,2831.5,2843.5,2847.0,2847.5,2832.0,2844.0,2847.5,2847.25,2831.75,2843.75,2847.25
2025-10-15 03:50:00,548900.0,2852.0,2844.0,2847.0,2848.5,2853.0,2844.5,2847.5,2849.0,2852.5,2844.25,2847.25,2848.75
2025-10-15 03:55:00,370200.0,2853.5,2846.0,2848.5,2853.0,2854.0,2846.5,2849.0,2853.5,2853.75,2846.25,2848.75,2853.25
2025-10-15 04:00:00,412700.0,2861.5,2850.5,2853.0,2861.5,2862.0,2851.0,2853.5,2862.0,2861.75,2850.75,2853.25,2861.75
2025-10-15 04:05:00,483900.0,2864.0,2857.0,2861.5,2858.0,2864.5,2857.5,2862.0,2858.5,2864.25,2857.25,2861.75,2858.25
2025-10-15 04:10:00,408300.0,2859.0,2849.0,2858.0,2852.0,2859.5,2850.0,2859.0,2853.0,2859.25,2849.5,2858.5,2852.5
2025-10-15 04:15:00,290000.0,2855.0,2847.0,2852.0,2849.5,2856.0,2847.5,2853.0,2850.0,2855.5,2847.25,2852.5,2849.75
2025-10-15 04:20:00,185100.0,2854.5,2849.5,2849.5,2854.0,2855.0,2850.0,2850.0,2854.5,2854.75,2849.75,2849.75,2854.25
2025-10-15 04:25:00,312600.0,2857.5,2847.5,2854.0,2854.5,2858.0,2848.5,2854.5,2855.0,2857.75,2848.0,2854.25,2854.75
2025-10-15 04:30:00,432000.0,2866.5,2852.5,2854.5,2864.5,2867.5,2853.0,2855.0,2865.0,2866.75,2852.75,2854.75,2864.75
2025-10-15 04:35:00,431600.0,2871.0,2863.0,2864.5,2867.0,2872.0,2864.0,2865.0,2867.5,2871.25,2863.5,2864.75,2867.25
2025-10-15 04:40:00,309900.0,2868.5,2860.0,2867.0,2865.0,2869.5,2862.0,2867.5,2866.0,2869.0,2861.25,2867.25,2865.5
2025-10-15 04:45:00,251400.0,2868.0,2864.0,2865.0,2865.5,2868.5,2864.5,2866.0,2866.0,2868.25,2864.25,2865.5,2865.75
2025-10-15 04:50:00,179500.0,2866.5,2862.0,2865.5,2865.0,2867.0,2862.5,2866.0,2865.5,2866.75,2862.25,2865.75,2865.25
2025-10-15 04:55:00,266000.0,2868.0,2863.0,2865.0,2865.5,2868.5,2863.5,2865.5,2866.0,2868.25,2863.25,2865.25,2865.75
2025-10-15 05:00:00,427200.0,2872.5,2865.5,2865.5,2870.5,2873.0,2866.0,2866.0,2871.0,2872.75,2865.75,2865.75,2870.75
2025-10-15 05:05:00,355300.0,2874.5,2870.0,2870.5,2871.0,2875.0,2870.5,2871.0,2871.5,2874.75,2870.25,2870.75,2871.25
2025-10-15 05:10:00,998300.0,2884.0,2864.5,2871.0,2883.5,2885.0,2865.0,2871.5,2884.0,2884.5,2864.75,2871.25,2883.75
2025-10-15 05:15:00,612200.0,2891.5,2880.5,2883.5,2882.0,2892.0,2881.0,2884.0,2882.5,2891.75,2880.75,2883.75,2882.25
2025-10-15 05:20:00,354000.0,2884.0,2877.5,2882.0,2882.0,2884.5,2878.5,2882.5,2882.5,2884.25,2878.0,2882.25,2882.25
2025-10-15 05:25:00,352000.0,2882.0,2876.0,2882.0,2878.0,2883.0,2876.5,2882.5,2878.5,2882.25,2876.25,2882.25,2878.25
2025-10-15 05:30:00,375100.0,2881.5,2872.0,2878.0,2879.5,2882.0,2873.0,2878.5,2880.0,2881.75,2872.5,2878.25,2879.75
2025-10-15 05:35:00,209400.0,2882.5,2877.0,2879.5,2881.0,2883.0,2877.5,2880.0,2881.5,2882.75,2877.25,2879.75,2881.25
2025-10-15 05:40:00,192000.0,2884.0,2878.5,2881.0,2883.5,2884.5,2879.0,2881.5,2884.0,2884.25,2878.75,2881.25,2883.75
2025-10-15 05:45:00,222500.0,2884.5,2880.5,2883.5,2884.5,2885.0,2881.5,2884.0,2885.0,2884.75,2881.0,2883.75,2884.75
2025-10-15 05:50:00,437300.0,2890.5,2883.0,2884.5,2888.5,2891.0,2883.5,2885.0,2889.5,2890.75,2883.25,2884.75,2889.0
2025-10-15 05:55:00,341700.0,2892.0,2888.0,2888.5,2890.5,2892.5,2888.5,2889.5,2891.0,2892.25,2888.25,2889.0,2890.75
2025-10-15 06:00:00,317400.0,2892.5,2883.0,2890.5,2883.5,2893.0,2883.5,2891.0,2884.0,2892.75,2883.25,2890.75,2883.75
2025-10-15 06:05:00,292800.0,2886.5,2882.0,2883.5,2885.5,2887.0,2882.5,2884.0,2886.0,2886.75,2882.25,2883.75,2885.75
2025-10-15 06:10:00,318300.0,2892.5,2884.0,2885.5,2892.0,2893.0,2884.5,2886.0,2892.5,2892.75,2884.25,2885.75,2892.25
2025-10-15 06:15:00,491200.0,2897.5,2888.0,2892.0,2888.5,2898.0,2888.5,2892.5,2889.0,2897.75,2888.25,2892.25,2888.75
2025-10-15 06:20:00,455100.0,2897.0,2885.0,2888.5,2895.5,2898.0,2885.5,2889.0,2896.0,2897.5,2885.25,2888.75,2895.75
2025-10-15 06:25:00,,2899.5,2881.5,2898.5,2886.0,2900.0,2882.0,2899.0,2886.5,2899.75,2881.75,2898.75,2886.25
2025-10-15 06:30:00,1728200.0,2886.0,2886.0,2886.0,2886.0,2887.5,2887.5,2887.5,2887.5,2886.75,2886.75,2886.75,2886.75
2025-10-16 00:00:00,3142000.0,2969.5,2913.0,2951.0,2949.0,2970.0,2914.0,2951.5,2950.5,2969.75,2913.75,2951.25,2949.75
2025-10-16 00:05:00,1708000.0,2951.5,2923.5,2949.0,2928.5,2952.0,2924.5,2950.5,2929.0,2951.75,2924.0,2949.75,2928.75
2025-10-16 00:10:00,1510400.0,2930.5,2901.0,2928.5,2906.5,2931.5,2902.5,2929.0,2907.5,2931.0,2902.0,2928.75,2907.0
2025-10-16 00:15:00,978500.0,2929.0,2905.5,2906.5,2920.0,2930.0,2907.0,2907.5,2921.0,2929.5,2906.25,2907.0,2920.5
2025-10-16 00:20:00,961600.0,2920.0,2902.0,2920.0,2906.0,2921.5,2903.0,2921.0,2907.0,2920.5,2902.5,2920.5,2906.5
2025-10-16 00:25:00,1014900.0,2909.0,2896.5,2906.5,2908.0,2910.0,2898.0,2907.0,2908.5,2909.5,2897.25,2906.75,2908.25
2025-10-16 00:30:00,1258500.0,2937.0,2906.0,2908.0,2935.0,2937.5,2907.0,2908.5,2936.5,2937.25,2906.75,2908.25,2935.75
2025-10-16 00:35:00,988400.0,2937.5,2924.0,2935.0,2930.5,2938.0,2924.5,2936.5,2931.5,2937.75,2924.25,2935.75,2931.0
2025-10-16 00:40:00,873000.0,2939.0,2922.5,2930.5,2923.5,2939.5,2923.0,2931.5,2924.0,2939.25,2922.75,2931.0,2923.75
2025-10-16 00:45:00,585700.0,2929.5,2915.0,2923.5,2922.5,2930.5,2915.5,2924.0,2923.0,2930.0,2915.25,2923.75,2922.75
2025-10-16 00:50:00,540600.0,2935.0,2921.0,2922.5,2933.0,2935.5,2922.0,2923.0,2934.0,2935.25,2921.5,2922.75,2933.5
2025-10-16 00:55:00,507300.0,2936.0,2924.0,2933.0,2932.5,2936.5,2924.5,2933.5,2933.0,2936.25,2924.25,2933.25,2932.75
2025-10-16 01:00:00,751400.0,2941.0,2932.5,2932.5,2936.0,2941.5,2933.0,2933.0,2936.5,2941.25,2932.75,2932.75,2936.25
2025-10-16 01:05:00,396200.0,2937.5,2931.5,2936.0,2935.5,2938.0,2932.0,2936.5,2936.0,2937.75,2931.75,2936.25,2935.75
2025-10-16 01:10:00,524500.0,2940.5,2932.0,2935.5,2933.0,2941.0,2932.5,2936.5,2933.5,2940.75,2932.25,2936.0,2933.25
2025-10-16 01:15:00,494300.0,2940.5,2929.0,2933.0,2932.0,2941.0,2929.5,2933.5,2932.5,2940.75,2929.25,2933.25,2932.25
2025-10-16 01:20:00,390700.0,2935.5,2921.0,2932.0,2926.0,2936.0,2922.5,2932.5,2927.0,2935.75,2922.0,2932.25,2926.5
2025-10-16 01:25:00,490800.0,2926.5,2917.5,2926.0,2919.5,2927.0,2918.0,2927.0,2920.0,2926.75,2917.75,2926.5,2919.75
2025-10-16 01:30:00,463100.0,2925.0,2914.0,2919.5,2918.0,2925.5,2914.5,2920.0,2918.5,2925.25,2914.25,2919.75,2918.25
2025-10-16 01:35:00,377700.0,2922.0,2912.0,2918.0,2913.5,2922.5,2912.5,2918.5,2914.0,2922.25,2912.25,2918.25,2913.75
2025-10-16 01:40:00,589500.0,2925.5,2906.5,2913.5,2917.5,2926.0,2907.5,2914.0,2918.0,2925.75,2907.0,2913.75,2917.75
2025-10-16 01:45:00,536500.0,2918.0,2903.0,2917.5,2910.5,2918.5,2904.5,2918.0,2911.0,2918.25,2903.75,2917.75,2910.75
2025-10-16 01:50:00,276700.0,2913.5,2907.5,2910.5,2912.5,2914.0,2908.0,2911.0,2913.0,2913.75,2907.75,2910.75,2912.75
2025-10-16 01:55:00,323500.0,2916.5,2909.5,2912.5,2910.0,2917.0,2910.0,2913.0,2910.5,2916.75,2909.75,2912.75,2910.25
2025-10-16 02:00:00,596400.0,2910.0,2899.0,2910.0,2905.0,2911.0,2899.5,2910.5,2905.5,2910.5,2899.25,2910.25,2905.25
2025-10-16 02:05:00,397800.0,2907.0,2897.0,2905.0,2901.0,2908.0,2897.5,2905.5,2902.0,2907.25,2897.25,2905.25,2901.5
2025-10-16 02:10:00,472200.0,2902.5,2891.0,2901.0,2892.5,2903.0,2891.5,2902.0,2893.0,2902.75,2891.25,2901.5,2892.75
2025-10-16 02:15:00,358800.0,2898.0,2891.0,2892.5,2893.0,2898.5,2891.5,2893.0,2893.5,2898.25,2891.25,2892.75,2893.25
2025-10-16 02:20:00,411800.0,2902.5,2892.0,2893.0,2895.0,2903.0,2893.0,2894.0,2895.5,2902.75,2892.5,2893.5,2895.25
2025-10-16 02:25:00,455200.0,2896.0,2887.0,2895.0,2887.0,2896.5,2887.5,2895.5,2888.0,2896.25,2887.25,2895.25,2887.5
2025-10-16 02:30:00,35200.0,2887.0,2887.0,2887.0,2887.0,2888.0,2888.0,2888.0,2888.0,2887.5,2887.5,2887.5,2887.5
2025-10-16 03:30:00,1621100.0,2893.0,2866.5,2887.0,2867.0,2893.5,2867.0,2887.5,2867.5,2893.25,2866.75,2887.25,2867.25
2025-10-16 03:35:00,1073800.0,2868.0,2855.5,2867.0,2859.0,2869.5,2856.0,2867.5,2859.5,2868.75,2855.75,2867.25,2859.25
2025-10-16 03:40:00,1944000.0,2861.0,2831.0,2859.0,2842.0,2861.5,2832.0,2859.5,2842.5,2861.25,2831.75,2859.25,2842.25
2025-10-16 03:45:00,1014100.0,2852.5,2836.0,2842.0,2842.0,2853.0,2836.5,2842.5,2842.5,2852.75,2836.25,2842.25,2842.25
2025-10-16 03:50:00,724800.0,2846.0,2838.0,2842.0,2838.5,2846.5,2838.5,2842.5,2839.0,2846.25,2838.25,2842.25,2838.75
2025-10-16 03:55:00,806200.0,2841.0,2834.0,2838.5,2837.5,2841.5,2834.5,2839.0,2838.0,2841.25,2834.25,2838.75,2837.75
2025-10-16 04:00:00,759600.0,2845.5,2831.5,2837.5,2834.0,2847.0,2832.0,2838.0,2834.5,2846.0,2831.75,2837.75,2834.25
2025-10-16 04:05:00,556300.0,2839.0,2831.5,2834.0,2837.5,2839.5,2832.0,2834.5,2838.5,2839.25,2831.75,2834.25,2838.0
2025-10-16 04:10:00,592400.0,2845.0,2837.0,2837.5,2840.0,2845.5,2837.5,2838.5,2840.5,2845.25,2837.25,2838.0,2840.25
2025-10-16 04:15:00,453700.0,2842.5,2836.0,2840.0,2840.0,2843.5,2836.5,2840.5,2841.0,2842.75,2836.25,2840.25,2840.5
2025-10-16 04:20:00,571300.0,2841.0,2832.0,2840.0,2833.5,2841.5,2832.5,2841.0,2834.5,2841.25,2832.25,2840.5,2834.0
2025-10-16 04:25:00,972600.0,2835.5,2822.0,2833.5,2824.0,2836.0,2822.5,2834.5,2824.5,2835.75,2822.25,2834.0,2824.25
2025-10-16 04:30:00,599100.0,2834.0,2824.0,2824.0,2832.0,2836.0,2824.5,2824.5,2832.5,2834.25,2824.25,2824.25,2832.25
2025-10-16 04:35:00,540900.0,2835.0,2828.0,2832.0,2830.5,2836.5,2828.5,2832.5,2831.0,2835.5,2828.25,2832.25,2830.75
2025-10-16 04:40:00,412900.0,2839.5,2829.0,2830.5,2838.0,2840.0,2829.5,2831.0,2838.5,2839.75,2829.25,2830.75,2838.25
2025-10-16 04:45:00,481800.0,2838.5,2829.0,2838.0,2830.0,2839.0,2829.5,2838.5,2830.5,2838.75,2829.25,2838.25,2830.25
2025-10-16 04:50:00,254000.0,2832.5,2829.5,2830.0,2830.0,2833.0,2830.0,2830.5,2830.5,2832.75,2829.75,2830.25,2830.25
2025-10-16 04:55:00,402600.0,2832.5,2826.0,2830.0,2830.0,2833.0,2826.5,2830.5,2830.5,2832.75,2826.25,2830.25,2830.25
2025-10-16 05:00:00,372200.0,2833.5,2829.0,2830.0,2831.5,2834.0,2829.5,2830.5,2832.0,2833.75,2829.25,2830.25,2831.75
2025-10-16 05:05:00,574500.0,2834.5,2824.0,2831.5,2826.5,2835.0,2824.5,2832.0,2827.0,2834.75,2824.25,2831.75,2826.75
2025-10-16 05:10:00,290900.0,2831.0,2826.0,2826.5,2828.5,2831.5,2827.0,2827.0,2829.0,2831.25,2826.5,2826.75,2828.75
2025-10-16 05:15:00,258100.0,2829.5,2826.0,2828.5,2827.0,2830.0,2826.5,2829.0,2827.5,2829.75,2826.25,2828.75,2827.25
2025-10-16 05:20:00,766500.0,2829.0,2818.5,2827.0,2823.5,2829.5,2819.0,2827.5,2824.5,2829.25,2818.75,2827.25,2824.0
2025-10-16 05:25:00,378600.0,2832.0,2822.0,2823.5,2828.5,2832.5,2822.5,2824.5,2829.0,2832.25,2822.25,2824.0,2828.75
2025-10-16 05:30:00,572000.0,2838.0,2827.0,2828.5,2837.0,2838.5,2827.5,2829.0,2837.5,2838.25,2827.25,2828.75,2837.25
2025-10-16 05:35:00,613900.0,2841.5,2831.5,2837.0,2835.0,2842.0,2832.0,2837.5,2835.5,2841.75,2831.75,2837.25,2835.25
2025-10-16 05:40:00,439900.0,2835.5,2828.0,2835.0,2834.5,2836.0,2828.5,2835.5,2835.0,2835.75,2828.25,2835.25,2834.75
2025-10-16 05:45:00,356900.0,2835.5,2830.5,2834.5,2833.0,2836.0,2831.0,2835.0,2834.0,2835.75,2830.75,2834.75,2833.5
2025-10-16 05:50:00,399800.0,2837.5,2831.0,2833.0,2831.5,2838.0,2831.5,2834.0,2832.0,2837.75,2831.25,2833.5,2831.75
2025-10-16 05:55:00,356100.0,2833.5,2830.0,2831.5,2830.5,2834.0,2830.5,2832.0,2831.0,2833.75,2830.25,2831.75,2830.75
2025-10-16 06:00:00,660700.0,2832.0,2823.5,2830.5,2831.0,2832.5,2824.5,2831.0,2831.5,2832.25,2824.0,2830.75,2831.25
2025-10-16 06:05:00,401300.0,2831.5,2826.5,2831.0,2829.5,2832.0,2827.5,2831.5,2830.0,2831.75,2827.25,2831.25,2829.75
2025-10-16 06:10:00,578800.0,2831.5,2826.0,2829.5,2827.5,2832.0,2826.5,2830.0,2828.0,2831.75,2826.25,2829.75,2827.75
2025-10-16 06:15:00,691400.0,2829.5,2821.0,2827.5,2823.0,2830.0,2822.0,2828.0,2824.0,2829.75,2821.75,2827.75,2823.5
2025-10-16 06:20:00,590200.0,2829.0,2823.0,2823.0,2826.0,2829.5,2824.0,2824.0,2827.0,2829.25,2823.5,2823.5,2826.5
2025-10-16 06:25:00,,2847.5,2825.0,2845.0,2825.0,2848.0,2825.5,2845.5,2825.5,2847.75,2825.25,2845.25,2825.25
2025-10-16 06:30:00,1845700.0,2825.0,2825.0,2825.0,2825.0,2825.5,2825.5,2825.5,2825.5,2825.25,2825.25,2825.25,2825.25
2025-10-17 00:00:00,3365400.0,2805.0,2770.5,2780.0,2785.5,2805.5,2771.5,2780.5,2786.0,2805.25,2771.0,2780.25,2785.75
2025-10-17 00:05:00,1627600.0,2805.5,2782.0,2785.5,2798.0,2807.0,2782.5,2786.0,2799.0,2806.25,2782.25,2785.75,2798.5
2025-10-17 00:10:00,965900.0,2801.0,2792.0,2798.0,2794.0,2802.0,2792.5,2799.0,2794.5,2801.5,2792.25,2798.5,2794.25
2025-10-17 00:15:00,890100.0,2798.0,2786.0,2794.0,2794.5,2799.0,2787.0,2795.0,2795.5,2798.5,2786.5,2794.5,2795.0
2025-10-17 00:20:00,1050300.0,2800.5,2786.0,2794.5,2789.0,2801.5,2787.0,2795.5,2789.5,2801.0,2786.5,2795.0,2789.25
2025-10-17 00:25:00,1368500.0,2789.0,2766.0,2789.0,2771.0,2790.0,2767.5,2789.5,2771.5,2789.25,2766.75,2789.25,2771.25
2025-10-17 00:30:00,2016100.0,2771.0,2745.0,2771.0,2758.5,2772.0,2746.0,2771.5,2759.5,2771.5,2745.75,2771.25,2759.0
2025-10-17 00:35:00,1025500.0,2770.5,2757.0,2758.5,2762.0,2771.5,2758.0,2759.0,2762.5,2771.0,2757.5,2758.75,2762.25
2025-10-17 00:40:00,982100.0,2767.5,2748.5,2762.0,2765.5,2768.5,2749.5,2762.5,2766.5,2768.0,2749.0,2762.25,2766.0
2025-10-17 00:45:00,812600.0,2780.0,2763.0,2765.5,2777.5,2780.5,2763.5,2766.5,2778.5,2780.25,2763.25,2766.0,2778.0
2025-10-17 00:50:00,934300.0,2778.5,2751.0,2777.5,2759.0,2779.5,2751.5,2778.5,2760.0,2779.0,2751.25,2778.0,2759.5
2025-10-17 00:55:00,767400.0,2778.0,2759.0,2759.0,2770.5,2778.5,2759.5,2760.0,2771.0,2778.25,2759.25,2759.5,2770.75
2025-10-17 01:00:00,604300.0,2786.5,2767.0,2770.5,2786.0,2787.0,2767.5,2771.0,2787.0,2786.75,2767.25,2770.75,2786.5
2025-10-17 01:05:00,832700.0,2792.0,2780.0,2786.0,2783.5,2792.5,2780.5,2787.0,2784.0,2792.25,2780.25,2786.5,2783.75
2025-10-17 01:10:00,659400.0,2787.0,2779.0,2783.5,2784.5,2788.5,2779.5,2784.0,2785.0,2787.75,2779.25,2783.75,2784.75
2025-10-17 01:15:00,779800.0,2800.0,2782.0,2784.5,2799.5,2801.0,2782.5,2785.0,2800.0,2800.5,2782.25,2784.75,2799.75
2025-10-17 01:20:00,1295600.0,2815.5,2796.5,2799.5,2804.0,2816.0,2797.0,2800.0,2804.5,2815.75,2796.75,2799.75,2804.25
2025-10-17 01:25:00,712700.0,2809.5,2799.0,2804.0,2805.5,2810.0,2799.5,2804.5,2806.0,2809.75,2799.25,2804.25,2805.75
2025-10-17 01:30:00,1043400.0,2824.0,2799.0,2805.5,2821.0,2824.5,2800.0,2806.0,2822.0,2824.25,2799.5,2805.75,2821.5
2025-10-17 01:35:00,886100.0,2822.0,2805.0,2821.0,2810.0,2822.5,2805.5,2822.0,2810.5,2822.25,2805.25,2821.5,2810.25
2025-10-17 01:40:00,1015700.0,2811.0,2787.0,2810.0,2792.0,2811.5,2787.5,2810.5,2792.5,2811.25,2787.25,2810.25,2792.25
2025-10-17 01:45:00,822500.0,2793.0,2776.5,2792.0,2783.5,2793.5,2778.0,2792.5,2784.0,2793.25,2777.25,2792.25,2783.75
2025-10-17 01:50:00,629400.0,2790.5,2777.0,2783.5,2785.5,2791.0,2778.0,2784.0,2786.0,2790.75,2777.5,2783.75,2785.75
2025-10-17 01:55:00,604400.0,2790.0,2776.5,2785.5,2776.5,2790.5,2777.5,2786.0,2777.5,2790.25,2777.0,2785.75,2777.0
2025-10-17 02:00:00,572700.0,2786.5,2771.5,2776.5,2785.0,2787.0,2772.0,2777.5,2785.5,2786.75,2771.75,2777.0,2785.25
2025-10-17 02:05:00,283900.0,2791.0,2783.0,2785.0,2784.5,2791.5,2783.5,2785.5,2785.0,2791.25,2783.25,2785.25,2784.75
2025-10-17 02:10:00,233900.0,2790.5,2783.5,2784.5,2787.5,2791.0,2784.0,2785.0,2788.0,2790.75,2783.75,2784.75,2787.75
2025-10-17 02:15:00,444300.0,2790.5,2783.5,2787.5,2786.0,2792.0,2784.0,2788.0,2787.0,2790.75,2783.75,2787.75,2786.5
2025-10-17 02:20:00,144200.0,2788.5,2783.0,2786.0,2783.0,2789.0,2783.5,2786.5,2784.0,2788.75,2783.25,2786.25,2783.5
2025-10-17 02:25:00,280000.0,2784.5,2777.0,2783.0,2777.0,2785.0,2777.5,2784.0,2778.0,2784.75,2777.25,2783.5,2777.5
2025-10-17 02:30:00,29300.0,2777.0,2777.0,2777.0,2777.0,2779.0,2779.0,2779.0,2779.0,2778.0,2778.0,2778.0,2778.0
2025-10-17 03:30:00,683000.0,2794.0,2779.0,2786.5,2788.0,2794.5,2779.5,2787.0,2788.5,2794.25,2779.25,2786.75,2788.25
2025-10-17 03:35:00,720000.0,2791.0,2777.0,2788.0,2780.5,2791.5,2777.5,2788.5,2781.0,2791.25,2777.25,2788.25,2780.75
2025-10-17 03:40:00,314000.0,2789.0,2779.5,2780.5,2787.5,2789.5,2780.0,2781.0,2788.0,2789.25,2779.75,2780.75,2787.75
2025-10-17 03:45:00,291900.0,2791.5,2787.0,2787.5,2789.0,2792.0,2787.5,2788.0,2789.5,2791.75,2787.25,2787.75,2789.25
2025-10-17 03:50:00,352700.0,2794.5,2786.5,2789.0,2792.5,2795.0,2787.0,2789.5,2793.0,2794.75,2786.75,2789.25,2792.75
2025-10-17 03:55:00,308100.0,2795.0,2789.5,2792.5,2793.0,2795.5,2790.0,2793.0,2793.5,2795.25,2789.75,2792.75,2793.25
2025-10-17 04:00:00,330600.0,2795.5,2789.0,2793.0,2790.0,2796.0,2789.5,2793.5,2790.5,2795.75,2789.25,2793.25,2790.25
2025-10-17 04:05:00,367500.0,2797.0,2790.0,2790.0,2793.5,2797.5,2790.5,2790.5,2794.0,2797.25,2790.25,2790.25,2793.75
2025-10-17 04:10:00,307100.0,2797.0,2786.0,2793.5,2786.5,2797.5,2786.5,2794.0,2787.0,2797.25,2786.25,2793.75,2786.75
2025-10-17 04:15:00,212000.0,2790.5,2785.5,2786.5,2788.5,2791.0,2786.0,2787.0,2789.0,2790.75,2785.75,2786.75,2788.75
2025-10-17 04:20:00,305100.0,2790.5,2785.5,2788.5,2790.0,2791.0,2786.5,2789.0,2790.5,2790.75,2786.0,2788.75,2790.25
2025-10-17 04:25:00,186200.0,2790.5,2786.0,2790.0,2789.5,2791.0,2786.5,2790.5,2790.0,2790.75,2786.25,2790.25,2789.75
2025-10-17 04:30:00,229400.0,2792.5,2787.0,2789.5,2790.0,2793.0,2787.5,2790.0,2790.5,2792.75,2787.25,2789.75,2790.25
2025-10-17 04:35:00,271800.0,2793.5,2788.5,2790.0,2791.0,2794.0,2789.0,2790.5,2791.5,2793.75,2788.75,2790.25,2791.25
2025-10-17 04:40:00,296900.0,2791.5,2781.0,2791.0,2782.5,2792.0,2781.5,2791.5,2783.0,2791.75,2781.25,2791.25,2782.75
2025-10-17 04:45:00,935900.0,2782.5,2768.0,2782.5,2773.0,2783.5,2769.0,2783.0,2774.0,2783.0,2768.5,2782.75,2773.5
2025-10-17 04:50:00,396000.0,2780.5,2772.5,2773.0,2779.0,2781.5,2773.0,2774.0,2779.5,2781.0,2772.75,2773.5,2779.25
2025-10-17 04:55:00,379800.0,2782.0,2772.0,2779.0,2778.0,2782.5,2772.5,2779.5,2778.5,2782.25,2772.25,2779.25,2778.25
2025-10-17 05:00:00,582200.0,2781.5,2764.5,2778.0,2769.0,2782.0,2765.0,2778.5,2769.5,2781.75,2764.75,2778.25,2769.25
2025-10-17 05:05:00,621800.0,2773.5,2757.5,2769.0,2769.5,2774.0,2758.5,2769.5,2770.0,2773.75,2758.25,2769.25,2769.75
2025-10-17 05:10:00,260000.0,2779.0,2769.5,2769.5,2770.5,2780.0,2770.0,2770.0,2771.0,2779.5,2769.75,2769.75,2770.75
2025-10-17 05:15:00,344900.0,2771.5,2760.0,2770.5,2760.0,2772.0,2760.5,2771.0,2760.5,2771.75,2760.25,2770.75,2760.25
2025-10-17 05:20:00,387500.0,2764.5,2757.0,2760.0,2762.5,2765.0,2758.0,2760.5,2763.0,2764.75,2757.5,2760.25,2762.75
2025-10-17 05:25:00,311400.0,2768.0,2761.5,2762.5,2766.0,2768.5,2762.0,2763.0,2766.5,2768.25,2761.75,2762.75,2766.25
2025-10-17 05:30:00,232800.0,2767.0,2761.5,2766.0,2763.5,2768.0,2762.0,2766.5,2764.0,2767.25,2761.75,2766.25,2763.75
2025-10-17 05:35:00,382000.0,2764.5,2756.0,2763.5,2758.0,2765.0,2756.5,2764.0,2758.5,2764.75,2756.25,2763.75,2758.25
2025-10-17 05:40:00,371900.0,2769.5,2758.0,2758.0,2769.0,2770.0,2758.5,2758.5,2769.5,2769.75,2758.25,2758.25,2769.25
2025-10-17 05:45:00,418500.0,2779.5,2768.0,2769.0,2777.0,2780.0,2768.5,2769.5,2777.5,2779.75,2768.25,2769.25,2777.25
2025-10-17 05:50:00,359600.0,2779.5,2771.5,2777.0,2776.0,2780.0,2772.0,2777.5,2776.5,2779.75,2771.75,2777.25,2776.25
2025-10-17 05:55:00,341400.0,2777.5,2770.0,2776.0,2772.5,2778.0,2770.5,2776.5,2773.0,2777.75,2770.25,2776.25,2772.75
2025-10-17 06:00:00,361000.0,2774.5,2769.0,2772.5,2773.5,2775.0,2770.0,2773.0,2774.0,2774.75,2769.5,2772.75,2773.75
2025-10-17 06:05:00,249500.0,2774.5,2770.0,2773.5,2773.0,2775.5,2770.5,2774.0,2773.5,2775.0,2770.25,2773.75,2773.25
2025-10-17 06:10:00,575100.0,2773.5,2760.0,2773.0,2763.5,2774.0,2761.0,2773.5,2764.0,2773.75,2760.5,2773.25,2763.75
2025-10-17 06:15:00,286000.0,2766.5,2762.0,2763.5,2762.0,2767.0,2762.5,2764.0,2762.5,2766.75,2762.25,2763.75,2762.25
2025-10-17 06:20:00,836100.0,2762.5,2751.0,2762.0,2757.0,2763.5,2751.5,2762.5,2758.0,2763.0,2751.25,2762.25,2757.5
2025-10-17 06:25:00,,2768.5,2750.0,2766.0,2752.0,2769.0,2750.5,2766.5,2752.5,2768.75,2750.25,2766.25,2752.25
2025-10-17 06:30:00,1498600.0,2752.0,2752.0,2752.0,2752.0,2753.0,2753.0,2753.0,2753.0,2752.5,2752.5,2752.5,2752.5
2025-10-20 00:00:00,2232900.0,2852.5,2802.0,2851.5,2821.0,2852.5,2802.0,2852.0,2822.5,2852.5,2802.0,2851.75,2821.75
2025-10-20 00:05:00,1234500.0,2830.0,2800.5,2821.0,2816.5,2830.5,2801.5,2822.5,2818.0,2830.25,2801.0,2821.75,2817.25
2025-10-20 00:10:00,1123200.0,2834.0,2814.0,2816.5,2828.5,2834.5,2814.5,2818.0,2829.5,2834.25,2814.25,2817.25,2829.0
2025-10-20 00:15:00,716900.0,2833.0,2815.0,2828.5,2820.5,2834.0,2815.5,2829.5,2821.5,2833.5,2815.25,2829.0,2821.0
2025-10-20 00:20:00,578800.0,2823.0,2810.5,2820.5,2821.5,2823.5,2811.0,2821.5,2822.5,2823.25,2810.75,2821.0,2822.0
2025-10-20 00:25:00,369800.0,2824.5,2816.0,2821.5,2819.5,2825.0,2816.5,2822.5,2820.5,2824.75,2816.25,2822.0,2820.0
2025-10-20 00:30:00,535400.0,2829.5,2818.5,2819.5,2824.0,2830.0,2819.5,2820.5,2824.5,2829.75,2819.25,2820.0,2824.25
2025-10-20 00:35:00,439900.0,2826.5,2814.0,2824.0,2821.0,2827.0,2814.5,2824.5,2821.5,2826.75,2814.25,2824.25,2821.25
2025-10-20 00:40:00,401000.0,2823.5,2815.0,2821.0,2822.0,2824.0,2815.5,2821.5,2822.5,2823.75,2815.25,2821.25,2822.25
2025-10-20 00:45:00,256800.0,2824.5,2817.0,2822.0,2819.0,2825.0,2817.5,2822.5,2820.0,2824.75,2817.25,2822.25,2819.5
2025-10-20 00:50:00,300100.0,2824.5,2817.5,2819.0,2817.5,2825.0,2818.0,2820.0,2818.5,2824.75,2817.75,2819.5,2818.0
2025-10-20 00:55:00,521300.0,2819.5,2808.5,2817.5,2813.5,2820.0,2809.5,2818.5,2814.0,2819.75,2809.0,2818.0,2813.75
2025-10-20 01:00:00,447300.0,2818.0,2810.0,2813.5,2810.5,2818.5,2810.5,2814.0,2811.0,2818.25,2810.25,2813.75,2810.75
2025-10-20 01:05:00,682100.0,2812.0,2800.0,2810.5,2803.0,2812.5,2800.5,2811.0,2803.5,2812.25,2800.25,2810.75,2803.25
2025-10-20 01:10:00,653400.0,2822.5,2800.5,2803.0,2816.0,2823.0,2801.0,2803.5,2816.5,2822.75,2800.75,2803.25,2816.25
2025-10-20 01:15:00,629500.0,2823.5,2804.5,2816.0,2805.5,2824.0,2805.5,2816.5,2806.0,2823.75,2805.25,2816.25,2805.75
2025-10-20 01:20:00,858300.0,2807.5,2798.0,2805.5,2802.5,2808.0,2798.5,2806.0,2803.5,2807.75,2798.25,2805.75,2803.0
2025-10-20 01:25:00,770800.0,2822.5,2802.5,2802.5,2822.5,2823.5,2803.5,2803.5,2823.5,2823.0,2803.0,2803.0,2823.0
2025-10-20 01:30:00,329600.0,2823.5,2814.0,2822.5,2815.0,2824.0,2815.0,2823.5,2815.5,2823.75,2814.5,2823.0,2815.25
2025-10-20 01:35:00,238000.0,2816.5,2808.0,2815.0,2809.0,2817.0,2809.0,2815.5,2809.5,2816.75,2808.75,2815.25,2809.25
2025-10-20 01:40:00,194100.0,2812.5,2806.5,2809.0,2809.0,2813.0,2807.0,2809.5,2809.5,2812.75,2806.75,2809.25,2809.25
2025-10-20 01:45:00,222200.0,2809.5,2804.5,2809.0,2805.5,2810.0,2805.0,2809.5,2806.0,2809.75,2804.75,2809.25,2805.75
2025-10-20 01:50:00,223100.0,2806.5,2801.0,2805.5,2803.5,2807.0,2801.5,2806.0,2804.5,2806.75,2801.25,2805.75,2804.0
2025-10-20 01:55:00,204800.0,2804.5,2800.5,2803.5,2803.5,2805.0,2801.5,2804.5,2804.0,2804.75,2801.0,2804.0,2803.75
2025-10-20 02:00:00,386900.0,2805.5,2799.0,2803.5,2801.0,2806.0,2800.0,2804.0,2801.5,2805.75,2799.5,2803.75,2801.25
2025-10-20 02:05:00,306200.0,2801.0,2795.0,2801.0,2797.0,2801.5,2795.5,2801.5,2798.0,2801.25,2795.25,2801.25,2797.5
2025-10-20 02:10:00,225200.0,2807.0,2796.5,2797.0,2804.0,2807.5,2797.0,2798.0,2804.5,2807.25,2796.75,2797.5,2804.25
2025-10-20 02:15:00,552600.0,2820.5,2803.0,2804.0,2818.5,2821.5,2804.0,2804.5,2819.0,2820.75,2803.5,2804.25,2818.75
2025-10-20 02:20:00,693000.0,2825.5,2816.0,2818.5,2823.5,2826.0,2817.5,2819.0,2824.0,2825.75,2816.75,2818.75,2823.75
2025-10-20 02:25:00,486200.0,2829.0,2819.0,2823.5,2822.5,2829.5,2820.0,2824.0,2824.5,2829.25,2819.5,2823.75,2823.5
2025-10-20 02:30:00,22600.0,2822.5,2822.5,2822.5,2822.5,2825.0,2825.0,2825.0,2825.0,2823.75,2823.75,2823.75,2823.75
2025-10-20 03:30:00,808000.0,2841.5,2826.0,2839.5,2827.5,2842.0,2826.5,2840.0,2828.0,2841.75,2826.25,2839.75,2827.75
2025-10-20 03:35:00,418600.0,2827.5,2815.5,2827.5,2816.5,2828.5,2816.0,2828.0,2817.0,2828.0,2815.75,2827.75,2816.75
2025-10-20 03:40:00,456200.0,2820.5,2806.5,2816.5,2811.5,2821.0,2807.0,2817.0,2812.5,2820.75,2806.75,2816.75,2812.0
2025-10-20 03:45:00,280900.0,2816.0,2811.5,2811.5,2814.0,2816.5,2812.0,2812.5,2814.5,2816.25,2811.75,2812.0,2814.25
2025-10-20 03:50:00,326200.0,2815.0,2808.0,2814.0,2810.0,2815.5,2809.0,2814.5,2811.0,2815.25,2808.5,2814.25,2810.5
2025-10-20 03:55:00,381900.0,2810.5,2802.0,2810.0,2809.5,2811.0,2802.5,2811.0,2810.0,2810.75,2802.25,2810.5,2809.75
2025-10-20 04:00:00,220400.0,2813.0,2806.5,2809.5,2812.0,2813.5,2807.0,2810.0,2812.5,2813.25,2806.75,2809.75,2812.25
2025-10-20 04:05:00,300000.0,2819.5,2812.0,2812.0,2815.0,2820.0,2812.5,2812.5,2816.0,2819.75,2812.25,2812.25,2815.5
2025-10-20 04:10:00,377800.0,2823.5,2815.0,2815.0,2822.5,2824.0,2816.0,2816.0,2823.5,2823.75,2815.5,2815.5,2823.0
2025-10-20 04:15:00,461400.0,2826.0,2821.0,2822.5,2822.5,2826.5,2821.5,2824.0,2823.0,2826.25,2821.25,2823.25,2822.75
2025-10-20 04:20:00,337900.0,2832.0,2822.5,2822.5,2828.5,2832.5,2823.0,2823.0,2829.0,2832.25,2822.75,2822.75,2828.75
2025-10-20 04:25:00,346700.0,2832.5,2828.0,2828.5,2829.5,2833.0,2828.5,2829.0,2830.0,2832.75,2828.25,2828.75,2829.75
2025-10-20 04:30:00,1304900.0,2854.5,2829.0,2829.5,2843.0,2855.0,2829.5,2830.0,2844.0,2854.75,2829.25,2829.75,2843.5
2025-10-20 04:35:00,346400.0,2850.0,2842.0,2843.0,2845.5,2850.5,2842.5,2844.0,2846.0,2850.25,2842.25,2843.5,2845.75
2025-10-20 04:40:00,573400.0,2850.5,2840.5,2845.5,2849.5,2851.0,2842.0,2846.0,2850.0,2850.75,2841.5,2845.75,2849.75
2025-10-20 04:45:00,373300.0,2851.5,2845.0,2849.5,2848.5,2852.0,2845.5,2850.0,2849.0,2851.75,2845.25,2849.75,2848.75
2025-10-20 04:50:00,423400.0,2853.0,2847.5,2848.5,2849.0,2854.0,2848.0,2849.0,2850.0,2853.5,2847.75,2848.75,2849.5
2025-10-20 04:55:00,344100.0,2850.5,2843.0,2849.0,2844.5,2851.0,2844.0,2849.5,2845.0,2850.75,2843.5,2849.25,2844.75
2025-10-20 05:00:00,236000.0,2850.0,2844.5,2844.5,2849.5,2850.5,2845.0,2845.0,2850.0,2850.25,2844.75,2844.75,2849.75
2025-10-20 05:05:00,189700.0,2849.5,2846.0,2849.5,2848.0,2850.0,2846.5,2850.0,2848.5,2849.75,2846.25,2849.75,2848.25
2025-10-20 05:10:00,210900.0,2849.5,2845.0,2848.0,2846.0,2850.0,2845.5,2848.5,2846.5,2849.75,2845.25,2848.25,2846.25
2025-10-20 05:15:00,228000.0,2849.5,2844.5,2846.0,2847.0,2850.0,2845.0,2846.5,2848.0,2849.75,2844.75,2846.25,2847.5
2025-10-20 05:20:00,267500.0,2851.0,2846.5,2847.0,2849.0,2851.5,2847.0,2848.0,2849.5,2851.25,2846.75,2847.5,2849.25
2025-10-20 05:25:00,197400.0,2849.5,2844.5,2849.0,2845.5,2850.0,2845.0,2849.5,2846.5,2849.75,2844.75,2849.25,2846.0
2025-10-20 05:30:00,145600.0,2848.0,2844.5,2845.5,2845.5,2848.5,2845.0,2846.5,2846.0,2848.25,2844.75,2846.0,2845.75
2025-10-20 05:35:00,301700.0,2850.0,2843.5,2845.5,2849.5,2850.5,2844.0,2846.0,2850.0,2850.25,2843.75,2845.75,2849.75
2025-10-20 05:40:00,270300.0,2852.5,2848.0,2849.5,2849.5,2853.0,2849.0,2850.0,2850.0,2852.75,2848.5,2849.75,2849.75
2025-10-20 05:45:00,302900.0,2852.5,2849.0,2849.5,2851.5,2853.0,2849.5,2850.0,2852.0,2852.75,2849.25,2849.75,2851.75
2025-10-20 05:50:00,733500.0,2861.5,2849.0,2851.5,2860.0,2862.0,2849.5,2852.0,2860.5,2861.75,2849.25,2851.75,2860.25
2025-10-20 05:55:00,394700.0,2863.5,2857.0,2860.0,2862.5,2864.0,2857.5,2860.5,2863.0,2863.75,2857.25,2860.25,2862.75
2025-10-20 06:00:00,354400.0,2864.5,2860.5,2862.5,2862.5,2865.0,2861.0,2863.0,2863.5,2864.75,2860.75,2862.75,2863.0
2025-10-20 06:05:00,311400.0,2866.0,2862.0,2862.5,2865.5,2866.5,2862.5,2863.5,2866.0,2866.25,2862.25,2863.0,2865.75
2025-10-20 06:10:00,695100.0,2873.5,2863.0,2865.5,2872.5,2875.0,2863.5,2866.0,2873.5,2873.75,2863.25,2865.75,2873.0
2025-10-20 06:15:00,504500.0,2876.0,2871.0,2872.5,2875.0,2876.5,2871.5,2873.5,2875.5,2876.25,2871.25,2873.0,2875.25
2025-10-20 06:20:00,639100.0,2881.5,2874.5,2875.0,2880.0,2882.0,2875.0,2875.5,2881.0,2881.75,2874.75,2875.25,2880.5
2025-10-20 06:25:00,,2899.5,2881.5,2887.5,2886.0,2900.0,2882.0,2888.0,2886.5,2899.75,2881.75,2887.75,2886.25
2025-10-20 06:30:00,1508900.0,2886.0,2886.0,2886.0,2886.0,2886.5,2886.5,2886.5,2886.5,2886.25,2886.25,2886.25,2886.25
2025-10-21 00:00:00,3256900.0,2914.0,2877.0,2899.5,2890.0,2914.5,2878.5,2900.0,2891.0,2914.25,2878.0,2899.75,2890.5
2025-10-21 00:05:00,1551100.0,2895.5,2850.0,2890.0,2853.5,2896.0,2850.5,2890.5,2854.0,2895.75,2850.25,2890.25,2853.75
2025-10-21 00:10:00,1292400.0,2864.5,2846.0,2853.5,2860.0,2865.0,2846.5,2854.0,2860.5,2864.75,2846.25,2853.75,2860.25
2025-10-21 00:15:00,1206500.0,2887.0,2860.0,2860.0,2887.0,2887.5,2860.5,2860.5,2887.5,2887.25,2860.25,2860.25,2887.25
2025-10-21 00:20:00,1657900.0,2903.0,2883.0,2887.0,2892.5,2903.5,2883.5,2888.0,2893.0,2903.25,2883.25,2887.5,2892.75
2025-10-21 00:25:00,975000.0,2906.0,2892.5,2892.5,2900.0,2906.5,2893.0,2893.0,2901.0,2906.25,2892.75,2892.75,2900.5
2025-10-21 00:30:00,873300.0,2907.0,2897.5,2900.0,2902.0,2907.5,2898.0,2901.0,2903.0,2907.25,2897.75,2900.5,2902.5
2025-10-21 00:35:00,671500.0,2902.5,2885.0,2902.0,2895.5,2903.0,2885.5,2903.0,2896.0,2902.75,2885.25,2902.5,2895.75
2025-10-21 00:40:00,454500.0,2897.0,2889.0,2895.5,2890.0,2897.5,2889.5,2896.5,2890.5,2897.25,2889.25,2896.0,2890.25
2025-10-21 00:45:00,577900.0,2901.0,2888.0,2890.0,2899.0,2901.5,2888.5,2890.5,2899.5,2901.25,2888.25,2890.25,2899.25
2025-10-21 00:50:00,332700.0,2901.0,2890.0,2899.0,2892.5,2901.5,2890.5,2899.5,2893.0,2901.25,2890.25,2899.25,2892.75
2025-10-21 00:55:00,298700.0,2900.0,2890.5,2892.5,2899.0,2900.5,2891.0,2893.0,2899.5,2900.25,2890.75,2892.75,2899.25
2025-10-21 01:00:00,443200.0,2902.5,2894.5,2899.0,2901.5,2903.0,2895.0,2899.5,2902.0,2902.75,2894.75,2899.25,2901.75
2025-10-21 01:05:00,253700.0,2902.0,2895.0,2901.5,2897.0,2902.5,2895.5,2902.0,2898.0,2902.25,2895.25,2901.75,2897.5
2025-10-21 01:10:00,283400.0,2899.0,2893.0,2897.0,2894.0,2899.5,2893.5,2898.0,2894.5,2899.25,2893.25,2897.5,2894.25
2025-10-21 01:15:00,273500.0,2897.0,2891.0,2894.0,2896.5,2897.5,2891.5,2894.5,2897.0,2897.25,2891.25,2894.25,2896.75
2025-10-21 01:20:00,295400.0,2902.0,2896.0,2896.5,2900.5,2902.5,2896.5,2897.0,2901.0,2902.25,2896.25,2896.75,2900.75
2025-10-21 01:25:00,186900.0,2901.5,2897.0,2900.5,2899.0,2902.0,2898.0,2901.0,2900.0,2901.75,2897.5,2900.75,2899.5
2025-10-21 01:30:00,160100.0,2901.5,2897.5,2899.0,2900.0,2902.0,2898.0,2900.0,2901.0,2901.75,2897.75,2899.5,2900.5
2025-10-21 01:35:00,157400.0,2901.5,2899.5,2900.0,2900.5,2902.0,2900.0,2901.0,2901.0,2901.75,2899.75,2900.5,2900.75
2025-10-21 01:40:00,532800.0,2911.5,2900.0,2900.0,2908.0,2912.0,2900.5,2901.0,2908.5,2911.75,2900.25,2900.5,2908.25
2025-10-21 01:45:00,416300.0,2914.5,2907.0,2908.0,2911.5,2915.0,2907.5,2908.5,2912.0,2914.75,2907.25,2908.25,2911.75
2025-10-21 01:50:00,274200.0,2915.5,2911.0,2911.5,2913.0,2916.0,2911.5,2912.0,2913.5,2915.75,2911.25,2911.75,2913.25
2025-10-21 01:55:00,431000.0,2915.5,2903.0,2913.0,2905.0,2916.0,2904.0,2914.0,2905.5,2915.75,2903.5,2913.5,2905.25
2025-10-21 02:00:00,220400.0,2909.0,2901.5,2904.5,2904.5,2909.5,2902.0,2905.5,2905.0,2909.25,2901.75,2905.0,2904.75
2025-10-21 02:05:00,153900.0,2907.5,2902.0,2904.5,2904.0,2908.0,2902.5,2905.0,2905.0,2907.75,2902.25,2904.75,2904.5
2025-10-21 02:10:00,120500.0,2904.5,2902.0,2904.0,2902.0,2905.0,2902.5,2905.0,2902.5,2904.75,2902.25,2904.5,2902.25
2025-10-21 02:15:00,201200.0,2906.5,2901.0,2902.0,2903.0,2907.0,2901.5,2902.5,2903.5,2906.75,2901.25,2902.25,2903.25
2025-10-21 02:20:00,134900.0,2904.0,2901.0,2903.0,2903.0,2905.0,2901.5,2903.5,2903.5,2904.5,2901.25,2903.25,2903.25
2025-10-21 02:25:00,275300.0,2903.5,2900.0,2903.0,2900.5,2904.0,2900.5,2903.5,2901.5,2903.75,2900.25,2903.25,2901.0
2025-10-21 02:30:00,29600.0,2900.5,2900.5,2900.5,2900.5,2901.5,2901.5,2901.5,2901.5,2901.0,2901.0,2901.0,2901.0
2025-10-21 03:30:00,734400.0,2913.0,2904.5,2907.0,2910.5,2913.5,2905.5,2907.5,2911.0,2913.25,2905.0,2907.25,2910.75
2025-10-21 03:35:00,1108700.0,2927.5,2910.0,2910.5,2918.0,2928.0,2910.5,2911.0,2918.5,2927.75,2910.25,2910.75,2918.25
2025-10-21 03:40:00,590000.0,2919.5,2909.0,2918.0,2914.0,2920.0,2910.0,2918.5,2914.5,2919.75,2909.5,2918.25,2914.25
2025-10-21 03:45:00,1016900.0,2916.0,2887.5,2914.0,2892.5,2916.5,2888.0,2914.5,2893.5,2916.25,2887.75,2914.25,2893.0
2025-10-21 03:50:00,1026200.0,2897.0,2876.0,2892.5,2893.0,2898.0,2877.5,2893.5,2893.5,2897.5,2877.25,2893.0,2893.25
2025-10-21 03:55:00,727000.0,2909.5,2893.0,2893.0,2905.5,2910.0,2893.5,2893.5,2907.0,2909.75,2893.25,2893.25,2906.25
2025-10-21 04:00:00,377800.0,2907.5,2898.5,2905.5,2902.0,2908.0,2899.0,2907.0,2902.5,2907.75,2898.75,2906.25,2902.25
2025-10-21 04:05:00,301900.0,2905.5,2900.5,2902.0,2904.0,2906.0,2901.0,2902.5,2904.5,2905.75,2900.75,2902.25,2904.25
2025-10-21 04:10:00,769900.0,2906.0,2885.5,2904.0,2889.5,2906.5,2886.5,2904.5,2890.5,2906.25,2886.0,2904.25,2890.0
2025-10-21 04:15:00,266400.0,2897.0,2887.0,2889.5,2897.0,2897.5,2887.5,2890.5,2897.5,2897.25,2887.25,2890.0,2897.25
2025-10-21 04:20:00,248400.0,2897.5,2886.0,2897.0,2889.0,2898.0,2887.0,2897.5,2890.0,2897.75,2886.5,2897.25,2889.5
2025-10-21 04:25:00,311700.0,2900.0,2887.5,2889.0,2899.5,2900.5,2888.5,2890.0,2900.5,2900.25,2888.25,2889.5,2900.0
2025-10-21 04:30:00,277900.0,2906.0,2898.5,2899.5,2899.5,2906.5,2899.0,2900.5,2900.0,2906.25,2898.75,2900.0,2899.75
2025-10-21 04:35:00,221600.0,2908.5,2899.0,2899.5,2907.5,2909.0,2899.5,2900.0,2908.5,2908.75,2899.25,2899.75,2908.0
2025-10-21 04:40:00,420800.0,2916.5,2905.5,2907.5,2915.5,2917.0,2906.0,2908.5,2916.5,2916.75,2905.75,2908.0,2916.0
2025-10-21 04:45:00,1185700.0,2927.5,2898.0,2915.5,2905.0,2928.0,2899.5,2916.5,2905.5,2927.75,2898.75,2916.0,2905.25
2025-10-21 04:50:00,560600.0,2909.0,2893.0,2905.0,2895.0,2909.5,2894.0,2905.5,2895.5,2909.25,2893.75,2905.25,2895.25
2025-10-21 04:55:00,1438000.0,2895.0,2866.0,2895.0,2872.0,2896.0,2867.0,2895.5,2873.0,2895.5,2866.5,2895.25,2872.5
2025-10-21 05:00:00,772200.0,2882.0,2864.0,2872.0,2871.0,2883.0,2864.5,2873.0,2872.0,2882.5,2864.25,2872.5,2871.5
2025-10-21 05:05:00,778700.0,2891.5,2861.0,2871.0,2889.0,2892.0,2861.5,2872.0,2889.5,2891.75,2861.25,2871.5,2889.25
2025-10-21 05:10:00,598900.0,2896.5,2881.5,2889.0,2883.0,2899.0,2882.5,2889.5,2884.0,2897.25,2882.0,2889.25,2883.5
2025-10-21 05:15:00,452100.0,2888.0,2871.0,2883.0,2873.5,2889.0,2871.5,2884.0,2874.0,2888.25,2871.25,2883.5,2873.75
2025-10-21 05:20:00,317300.0,2878.0,2871.0,2873.5,2874.0,2879.0,2871.5,2874.0,2875.0,2878.5,2871.25,2873.75,2874.5
2025-10-21 05:25:00,263000.0,2878.5,2870.0,2874.0,2877.0,2879.0,2871.0,2875.0,2878.0,2878.75,2870.5,2874.5,2877.5
2025-10-21 05:30:00,371700.0,2884.0,2870.0,2877.0,2877.0,2884.5,2870.5,2878.0,2877.5,2884.25,2870.25,2877.5,2877.25
2025-10-21 05:35:00,410500.0,2877.5,2867.5,2877.0,2870.0,2878.0,2868.0,2877.5,2870.5,2877.75,2867.75,2877.25,2870.25
2025-10-21 05:40:00,907300.0,2871.5,2844.5,2870.0,2845.0,2872.0,2845.0,2870.5,2845.5,2871.75,2844.75,2870.25,2845.25
2025-10-21 05:45:00,1137800.0,2846.0,2819.5,2845.0,2842.0,2846.5,2820.5,2845.5,2843.0,2846.25,2820.0,2845.25,2842.5
2025-10-21 05:50:00,995200.0,2849.0,2816.0,2842.0,2835.5,2849.5,2817.0,2842.5,2836.5,2849.25,2816.5,2842.25,2836.0
2025-10-21 05:55:00,622000.0,2857.0,2835.5,2835.5,2852.5,2857.5,2836.5,2836.5,2853.5,2857.25,2836.0,2836.0,2853.0
2025-10-21 06:00:00,453200.0,2854.0,2840.0,2852.5,2842.0,2854.5,2840.5,2853.5,2843.0,2854.25,2840.25,2853.0,2842.5
2025-10-21 06:05:00,437800.0,2845.5,2833.0,2842.0,2839.0,2846.0,2833.5,2843.0,2839.5,2845.75,2833.25,2842.5,2839.25
2025-10-21 06:10:00,432400.0,2841.0,2828.5,2839.0,2830.0,2842.0,2829.5,2839.5,2831.0,2841.25,2829.25,2839.25,2830.5
2025-10-21 06:15:00,491800.0,2834.0,2818.0,2830.0,2828.5,2834.5,2822.0,2831.0,2829.5,2834.25,2821.25,2830.5,2829.0
2025-10-21 06:20:00,607800.0,2851.0,2828.5,2828.5,2848.5,2852.0,2829.5,2829.5,2850.0,2851.5,2829.0,2829.0,2849.25
2025-10-21 06:25:00,,2888.5,2839.0,2864.5,2840.0,2889.0,2839.5,2865.0,2840.5,2888.75,2839.25,2864.75,2840.25
2025-10-21 06:30:00,1176500.0,2840.0,2840.0,2840.0,2840.0,2840.5,2840.5,2840.5,2840.5,2840.25,2840.25,2840.25,2840.25
2025-10-22 00:00:00,,2940.0,2890.0,2939.5,2940.0,2940.0,2890.0,2940.0,2940.0,2940.0,2890.0,2939.75,2940.0
2025-10-22 00:05:00,5363400.0,2971.0,2918.5,2940.0,2941.5,2971.5,2919.0,2940.0,2943.0,2971.25,2918.75,2940.0,2942.25
2025-10-22 00:10:00,1926700.0,2941.5,2893.5,2941.5,2904.0,2943.0,2894.5,2943.0,2905.0,2942.25,2894.25,2942.25,2904.5
2025-10-22 00:15:00,1151300.0,2922.5,2896.0,2904.0,2898.0,2923.5,2896.5,2905.0,2899.0,2923.0,2896.25,2904.5,2898.5
2025-10-22 00:20:00,1161000.0,2933.0,2897.5,2898.0,2931.0,2934.0,2898.0,2899.0,2932.0,2933.5,2897.75,2898.5,2931.5
2025-10-22 00:25:00,1357100.0,2948.5,2924.0,2931.0,2929.0,2949.5,2924.5,2932.5,2930.5,2949.0,2924.25,2931.75,2929.75
2025-10-22 00:30:00,1185500.0,2947.5,2921.0,2929.0,2937.0,2948.0,2922.5,2930.5,2938.0,2947.75,2921.75,2929.75,2937.5
2025-10-22 00:35:00,964700.0,2941.0,2928.0,2937.0,2938.0,2941.5,2929.0,2938.0,2939.0,2941.25,2928.5,2937.5,2938.5
2025-10-22 00:40:00,805200.0,2941.0,2921.0,2938.0,2923.5,2941.5,2921.5,2939.5,2924.0,2941.25,2921.25,2938.75,2923.75
2025-10-22 00:45:00,722500.0,2932.5,2914.0,2923.5,2918.5,2933.0,2915.5,2924.0,2919.0,2932.75,2915.0,2923.75,2918.75
2025-10-22 00:50:00,524100.0,2922.5,2911.0,2918.5,2911.0,2923.0,2911.5,2919.0,2912.0,2922.75,2911.25,2918.75,2911.5
2025-10-22 00:55:00,566800.0,2916.0,2904.0,2911.0,2911.0,2917.5,2904.5,2912.0,2912.0,2916.75,2904.25,2911.5,2911.5
2025-10-22 01:00:00,480000.0,2919.0,2906.0,2911.0,2913.5,2919.5,2906.5,2912.0,2914.5,2919.25,2906.25,2911.5,2914.0
2025-10-22 01:05:00,538500.0,2927.5,2909.5,2913.5,2927.5,2928.0,2910.5,2914.5,2928.0,2927.75,2910.0,2914.0,2927.75
2025-10-22 01:10:00,1298900.0,2947.0,2927.0,2927.5,2945.0,2948.0,2927.5,2928.0,2945.5,2947.5,2927.25,2927.75,2945.25
2025-10-22 01:15:00,2845000.0,2975.5,2944.0,2945.0,2965.0,2976.5,2944.5,2945.5,2965.5,2976.0,2944.25,2945.25,2965.25
2025-10-22 01:20:00,1638500.0,2979.0,2956.5,2965.0,2970.5,2979.5,2957.5,2965.5,2971.0,2979.25,2957.0,2965.25,2970.75
2025-10-22 01:25:00,981400.0,2977.0,2958.5,2970.5,2968.0,2978.0,2959.5,2971.0,2968.5,2977.25,2959.0,2970.75,2968.25
2025-10-22 01:30:00,2210300.0,2994.5,2963.5,2968.0,2993.5,2995.0,2964.0,2968.5,2994.0,2994.75,2963.75,2968.25,2993.75
2025-10-22 01:35:00,936100.0,2994.0,2975.5,2993.5,2981.5,2994.5,2977.0,2994.0,2982.5,2994.25,2976.25,2993.75,2982.0
2025-10-22 01:40:00,611100.0,2985.0,2972.0,2981.5,2978.5,2985.5,2972.5,2982.5,2979.0,2985.25,2972.25,2982.0,2978.75
2025-10-22 01:45:00,469500.0,2978.5,2968.5,2978.5,2974.5,2979.0,2969.5,2979.0,2975.5,2978.75,2969.0,2978.75,2975.0
2025-10-22 01:50:00,499900.0,2975.5,2965.5,2974.5,2972.5,2976.5,2966.5,2975.5,2973.5,2976.0,2966.0,2975.0,2973.0
2025-10-22 01:55:00,810100.0,2989.0,2972.5,2972.5,2985.5,2989.5,2973.0,2973.5,2986.0,2989.25,2972.75,2973.0,2985.75
2025-10-22 02:00:00,456200.0,2985.5,2969.0,2985.5,2971.5,2986.0,2969.5,2986.0,2972.5,2985.75,2969.25,2985.75,2972.0
2025-10-22 02:05:00,365400.0,2986.0,2970.0,2971.5,2984.5,2987.0,2970.5,2972.5,2985.0,2986.5,2970.25,2972.0,2984.75
2025-10-22 02:10:00,692700.0,2992.5,2981.5,2984.5,2987.5,2993.0,2982.0,2985.0,2988.0,2992.75,2981.75,2984.75,2987.75
2025-10-22 02:15:00,705800.0,2994.5,2978.0,2987.5,2986.5,2995.0,2979.0,2988.0,2987.5,2994.75,2978.75,2987.75,2987.0
2025-10-22 02:20:00,380500.0,2990.5,2980.5,2986.5,2988.0,2991.5,2981.0,2987.5,2989.0,2991.0,2980.75,2987.0,2988.5
2025-10-22 02:25:00,815000.0,2997.5,2986.0,2988.0,2996.0,2998.0,2986.5,2989.0,2997.0,2997.75,2986.25,2988.5,2996.5
2025-10-22 02:30:00,95400.0,2996.0,2996.0,2996.0,2996.0,2998.0,2998.0,2998.0,2998.0,2997.0,2997.0,2997.0,2997.0
2025-10-22 03:30:00,2592200.0,3014.0,2976.0,2999.5,2978.5,3015.0,2976.5,3000.0,2979.5,3014.5,2976.25,2999.75,2979.0
2025-10-22 03:35:00,806400.0,2994.5,2977.0,2978.5,2989.0,2995.0,2978.5,2979.5,2990.0,2994.75,2978.0,2979.0,2989.5
2025-10-22 03:40:00,489500.0,2990.0,2981.0,2989.0,2986.5,2991.0,2981.5,2990.0,2987.0,2990.5,2981.25,2989.5,2986.75
2025-10-22 03:45:00,608800.0,2997.5,2986.5,2986.5,2996.5,2998.0,2987.0,2987.0,2997.0,2997.75,2986.75,2986.75,2996.75
2025-10-22 03:50:00,885200.0,3006.0,2991.5,2996.5,3006.0,3007.0,2993.0,2997.0,3007.0,3006.5,2992.25,2996.75,3006.5
2025-10-22 03:55:00,1124300.0,3019.0,3006.0,3006.0,3017.0,3020.0,3007.0,3007.0,3018.0,3019.5,3006.5,3006.5,3017.5
2025-10-22 04:00:00,558300.0,3018.0,3005.0,3017.0,3010.0,3019.0,3006.0,3019.0,3011.0,3018.5,3005.5,3018.0,3010.5
2025-10-22 04:05:00,436400.0,3012.0,3005.0,3010.0,3008.0,3013.0,3006.0,3011.0,3009.0,3012.5,3005.5,3010.5,3008.5
2025-10-22 04:10:00,314500.0,3009.0,3002.0,3008.0,3004.0,3010.0,3003.0,3009.0,3005.0,3009.5,3002.5,3008.5,3004.5
2025-10-22 04:15:00,293700.0,3007.0,3002.0,3004.0,3007.0,3008.0,3003.0,3005.0,3008.0,3007.5,3002.5,3004.5,3007.5
2025-10-22 04:20:00,917400.0,3014.0,3007.0,3007.0,3012.0,3015.0,3008.0,3008.0,3013.0,3014.5,3007.5,3007.5,3012.5
2025-10-22 04:25:00,770600.0,3022.0,3008.0,3012.0,3019.0,3023.0,3009.0,3013.0,3020.0,3022.5,3008.5,3012.5,3019.5
2025-10-22 04:30:00,350700.0,3024.0,3017.0,3019.0,3024.0,3025.0,3018.0,3020.0,3025.0,3024.5,3017.5,3019.5,3024.5
2025-10-22 04:35:00,979900.0,3032.0,3023.0,3024.0,3029.0,3033.0,3024.0,3025.0,3030.0,3032.5,3023.5,3024.5,3029.5
2025-10-22 04:40:00,593800.0,3034.0,3025.0,3029.0,3026.0,3035.0,3026.0,3030.0,3027.0,3034.5,3025.5,3029.5,3026.5
2025-10-22 04:45:00,282700.0,3031.0,3024.0,3026.0,3031.0,3032.0,3025.0,3027.0,3032.0,3031.5,3024.5,3026.5,3031.5
2025-10-22 04:50:00,363900.0,3032.0,3026.0,3031.0,3026.0,3033.0,3027.0,3032.0,3027.0,3032.5,3026.5,3031.5,3026.5
2025-10-22 04:55:00,388800.0,3028.0,3022.0,3026.0,3026.0,3029.0,3023.0,3027.0,3027.0,3028.5,3022.5,3026.5,3026.5
2025-10-22 05:00:00,707300.0,3029.0,3010.0,3026.0,3015.0,3030.0,3011.0,3027.0,3016.0,3029.5,3010.5,3026.5,3015.5
2025-10-22 05:05:00,434800.0,3024.0,3009.0,3015.0,3024.0,3025.0,3010.0,3016.0,3025.0,3024.5,3009.5,3015.5,3024.5
2025-10-22 05:10:00,276300.0,3029.0,3024.0,3024.0,3026.0,3030.0,3025.0,3025.0,3027.0,3029.5,3024.5,3024.5,3026.5
2025-10-22 05:15:00,229700.0,3027.0,3022.0,3026.0,3027.0,3028.0,3023.0,3027.0,3028.0,3027.5,3022.5,3026.5,3027.5
2025-10-22 05:20:00,523300.0,3029.0,3019.0,3027.0,3022.0,3030.0,3020.0,3028.0,3023.0,3029.5,3019.5,3027.5,3022.5
2025-10-22 05:25:00,232300.0,3023.0,3016.0,3022.0,3017.0,3024.0,3017.0,3023.0,3018.0,3023.5,3016.5,3022.5,3017.5
2025-10-22 05:30:00,400800.0,3028.0,3015.0,3017.0,3028.0,3029.0,3016.0,3018.0,3029.0,3028.5,3015.5,3017.5,3028.5
2025-10-22 05:35:00,295600.0,3029.0,3023.0,3028.0,3023.0,3030.0,3024.0,3029.0,3024.0,3029.5,3023.5,3028.5,3023.5
2025-10-22 05:40:00,168900.0,3027.0,3023.0,3023.0,3024.0,3028.0,3024.0,3024.0,3025.0,3027.5,3023.5,3023.5,3024.5
2025-10-22 05:45:00,423600.0,3026.0,3018.0,3024.0,3022.0,3028.0,3020.0,3025.0,3023.0,3027.0,3019.0,3024.5,3022.5
2025-10-22 05:50:00,330500.0,3025.0,3016.0,3022.0,3025.0,3026.0,3017.0,3023.0,3026.0,3025.5,3016.5,3022.5,3025.5
2025-10-22 05:55:00,245500.0,3026.0,3020.0,3025.0,3020.0,3027.0,3021.0,3026.0,3021.0,3026.5,3020.5,3025.5,3020.5
2025-10-22 06:00:00,442900.0,3026.0,3017.0,3020.0,3026.0,3027.0,3018.0,3021.0,3027.0,3026.5,3017.5,3020.5,3026.5
2025-10-22 06:05:00,400300.0,3029.0,3023.0,3026.0,3029.0,3030.0,3025.0,3027.0,3030.0,3029.5,3024.0,3026.5,3029.5
2025-10-22 06:10:00,304900.0,3029.0,3025.0,3029.0,3027.0,3030.0,3026.0,3030.0,3029.0,3029.5,3025.5,3029.5,3028.0
2025-10-22 06:15:00,615700.0,3033.0,3026.0,3027.0,3031.0,3034.0,3027.0,3029.0,3032.0,3033.5,3026.5,3028.0,3031.5
2025-10-22 06:20:00,546300.0,3032.0,3025.0,3031.0,3029.0,3033.0,3026.0,3032.0,3030.0,3032.5,3025.5,3031.5,3029.5
2025-10-22 06:25:00,,3032.0,3009.0,3032.0,3023.0,3033.0,3010.0,3033.0,3024.0,3032.5,3009.5,3032.5,3023.5
2025-10-22 06:30:00,1766600.0,3023.0,3023.0,3023.0,3023.0,3025.0,3025.0,3025.0,3025.0,3024.0,3024.0,3024.0,3024.0
2025-10-23 00:00:00,4228300.0,3042.0,2965.0,2982.0,3028.0,3043.0,2965.5,2982.5,3030.0,3042.5,2965.25,2982.25,3029.0
2025-10-23 00:05:00,2148400.0,3054.0,3020.0,3028.0,3042.0,3055.0,3021.0,3030.0,3044.0,3054.5,3020.5,3029.0,3043.0
2025-10-23 00:10:00,1929800.0,3066.0,3041.0,3042.0,3056.0,3067.0,3043.0,3044.0,3057.0,3066.5,3042.5,3043.0,3056.5
2025-10-23 00:15:00,1642700.0,3074.0,3053.0,3056.0,3065.0,3075.0,3054.0,3057.0,3066.0,3074.5,3053.5,3056.5,3065.5
2025-10-23 00:20:00,1155400.0,3079.0,3057.0,3065.0,3079.0,3080.0,3059.0,3066.0,3080.0,3079.5,3058.0,3065.5,3079.5
2025-10-23 00:25:00,1618100.0,3092.0,3074.0,3079.0,3087.0,3093.0,3075.0,3080.0,3089.0,3092.5,3074.5,3079.5,3088.0
2025-10-23 00:30:00,1643000.0,3096.0,3072.0,3087.0,3078.0,3097.0,3073.0,3089.0,3079.0,3096.5,3072.5,3088.0,3078.5
2025-10-23 00:35:00,1573200.0,3083.0,3045.0,3078.0,3056.0,3084.0,3046.0,3079.0,3057.0,3083.5,3045.5,3078.5,3056.5
2025-10-23 00:40:00,1044100.0,3064.0,3043.0,3056.0,3053.0,3065.0,3044.0,3057.0,3054.0,3064.5,3043.5,3056.5,3053.5
2025-10-23 00:45:00,818200.0,3070.0,3050.0,3053.0,3066.0,3071.0,3051.0,3054.0,3067.0,3070.5,3050.5,3053.5,3066.5
2025-10-23 00:50:00,643600.0,3076.0,3056.0,3066.0,3076.0,3077.0,3057.0,3067.0,3077.0,3076.5,3056.5,3066.5,3076.5
2025-10-23 00:55:00,847300.0,3085.0,3074.0,3076.0,3083.0,3086.0,3075.0,3077.0,3084.0,3085.5,3074.5,3076.5,3083.5
2025-10-23 01:00:00,1157600.0,3091.0,3076.0,3083.0,3088.0,3092.0,3077.0,3084.0,3089.0,3091.5,3076.5,3083.5,3088.5
2025-10-23 01:05:00,713300.0,3092.0,3074.0,3088.0,3075.0,3093.0,3075.0,3089.0,3076.0,3092.5,3074.5,3088.5,3075.5
2025-10-23 01:10:00,800900.0,3089.0,3069.0,3075.0,3087.0,3090.0,3070.0,3076.0,3088.0,3089.5,3069.5,3075.5,3087.5
2025-10-23 01:15:00,651800.0,3090.0,3077.0,3087.0,3081.0,3091.0,3078.0,3088.0,3082.0,3090.5,3077.5,3087.5,3081.5
2025-10-23 01:20:00,481100.0,3084.0,3071.0,3081.0,3082.0,3085.0,3072.0,3082.0,3084.0,3084.5,3071.5,3081.5,3083.0
2025-10-23 01:25:00,487400.0,3083.0,3068.0,3082.0,3074.0,3084.0,3069.0,3084.0,3076.0,3083.5,3068.5,3083.0,3075.0
2025-10-23 01:30:00,446000.0,3076.0,3061.0,3074.0,3062.0,3077.0,3062.0,3076.0,3063.0,3076.5,3061.5,3075.0,3062.5
2025-10-23 01:35:00,482000.0,3064.0,3052.0,3062.0,3055.0,3065.0,3053.0,3063.0,3056.0,3064.5,3052.5,3062.5,3055.5
2025-10-23 01:40:00,685500.0,3063.0,3045.0,3055.0,3052.0,3064.0,3046.0,3056.0,3053.0,3063.5,3045.5,3055.5,3052.5
2025-10-23 01:45:00,585800.0,3056.0,3040.0,3052.0,3042.0,3057.0,3041.0,3053.0,3043.0,3056.5,3040.5,3052.5,3042.5
2025-10-23 01:50:00,891600.0,3065.0,3038.0,3042.0,3052.0,3066.0,3039.0,3043.0,3053.0,3065.5,3038.5,3042.5,3052.5
2025-10-23 01:55:00,416100.0,3055.0,3038.0,3052.0,3043.0,3056.0,3039.0,3053.0,3044.0,3055.5,3038.5,3052.5,3043.5
2025-10-23 02:00:00,619200.0,3043.0,3030.0,3043.0,3035.0,3044.0,3031.0,3044.0,3036.0,3043.5,3030.5,3043.5,3035.5
2025-10-23 02:05:00,1008400.0,3047.0,3022.0,3035.0,3029.0,3048.0,3023.0,3036.0,3031.0,3047.5,3022.5,3035.5,3030.0
2025-10-23 02:10:00,440800.0,3044.0,3025.0,3029.0,3044.0,3045.0,3026.0,3031.0,3045.0,3044.5,3025.5,3030.0,3044.5
2025-10-23 02:15:00,533100.0,3057.0,3042.0,3044.0,3056.0,3059.0,3043.0,3045.0,3057.0,3058.0,3042.5,3044.5,3056.5
2025-10-23 02:20:00,278000.0,3058.0,3050.0,3056.0,3054.0,3059.0,3051.0,3057.0,3055.0,3058.5,3050.5,3056.5,3054.5
2025-10-23 02:25:00,227000.0,3056.0,3048.0,3054.0,3051.0,3057.0,3049.0,3055.0,3052.0,3056.5,3048.5,3054.5,3051.5
2025-10-23 02:30:00,15500.0,3050.0,3050.0,3050.0,3050.0,3052.0,3052.0,3052.0,3052.0,3051.0,3051.0,3051.0,3051.0
2025-10-23 03:30:00,963700.0,3074.0,3056.0,3056.0,3069.0,3075.0,3057.0,3057.0,3070.0,3074.5,3056.5,3056.5,3069.5
2025-10-23 03:35:00,879100.0,3086.0,3068.0,3069.0,3078.0,3087.0,3069.0,3070.0,3080.0,3086.5,3068.5,3069.5,3079.0
2025-10-23 03:40:00,620900.0,3086.0,3074.0,3078.0,3085.0,3088.0,3075.0,3080.0,3086.0,3086.5,3074.5,3079.0,3085.5
2025-10-23 03:45:00,760400.0,3092.0,3080.0,3085.0,3081.0,3093.0,3081.0,3086.0,3082.0,3092.5,3080.5,3085.5,3081.5
2025-10-23 03:50:00,2346900.0,3112.0,3081.0,3081.0,3102.0,3113.0,3082.0,3082.0,3103.0,3112.5,3081.5,3081.5,3102.5
2025-10-23 03:55:00,1091100.0,3117.0,3096.0,3102.0,3116.0,3118.0,3098.0,3103.0,3117.0,3117.5,3097.0,3102.5,3116.5
2025-10-23 04:00:00,963500.0,3119.0,3109.0,3116.0,3111.0,3120.0,3110.0,3117.0,3112.0,3119.5,3109.5,3116.5,3111.5
2025-10-23 04:05:00,610900.0,3113.0,3104.0,3111.0,3106.0,3114.0,3105.0,3112.0,3108.0,3113.5,3104.5,3111.5,3107.0
2025-10-23 04:10:00,602600.0,3110.0,3094.0,3106.0,3094.0,3111.0,3095.0,3108.0,3096.0,3110.5,3094.5,3107.0,3095.0
2025-10-23 04:15:00,602700.0,3106.0,3092.0,3094.0,3102.0,3107.0,3093.0,3096.0,3104.0,3106.5,3092.5,3095.0,3103.0
2025-10-23 04:20:00,484500.0,3107.0,3094.0,3102.0,3107.0,3108.0,3096.0,3104.0,3108.0,3107.5,3095.5,3103.0,3107.5
2025-10-23 04:25:00,474100.0,3109.0,3102.0,3107.0,3107.0,3110.0,3103.0,3108.0,3108.0,3109.5,3102.5,3107.5,3107.5
2025-10-23 04:30:00,416900.0,3107.0,3090.0,3107.0,3092.0,3108.0,3091.0,3108.0,3093.0,3107.5,3090.5,3107.5,3092.5
2025-10-23 04:35:00,579200.0,3093.0,3076.0,3092.0,3082.0,3094.0,3078.0,3093.0,3083.0,3093.5,3077.0,3092.5,3082.5
2025-10-23 04:40:00,342400.0,3086.0,3078.0,3082.0,3083.0,3087.0,3079.0,3083.0,3084.0,3086.5,3078.5,3082.5,3083.5
2025-10-23 04:45:00,345400.0,3087.0,3078.0,3083.0,3082.0,3088.0,3079.0,3084.0,3083.0,3087.5,3078.5,3083.5,3082.5
2025-10-23 04:50:00,355300.0,3082.0,3070.0,3082.0,3071.0,3083.0,3071.0,3083.0,3072.0,3082.5,3070.5,3082.5,3071.5
2025-10-23 04:55:00,399800.0,3071.0,3061.0,3071.0,3061.0,3072.0,3062.0,3072.0,3062.0,3071.5,3061.5,3071.5,3061.5
2025-10-23 05:00:00,354500.0,3070.0,3060.0,3061.0,3068.0,3071.0,3061.0,3062.0,3069.0,3070.5,3060.5,3061.5,3068.5
2025-10-23 05:05:00,312800.0,3074.0,3065.0,3068.0,3068.0,3075.0,3066.0,3069.0,3069.0,3074.5,3065.5,3068.5,3068.5
2025-10-23 05:10:00,338200.0,3069.0,3060.0,3068.0,3063.0,3070.0,3061.0,3069.0,3064.0,3069.5,3060.5,3068.5,3063.5
2025-10-23 05:15:00,237700.0,3074.0,3062.0,3063.0,3074.0,3075.0,3063.0,3064.0,3075.0,3074.5,3062.5,3063.5,3074.5
2025-10-23 05:20:00,319900.0,3079.0,3073.0,3074.0,3079.0,3080.0,3074.0,3075.0,3080.0,3079.5,3073.5,3074.5,3079.5
2025-10-23 05:25:00,334100.0,3088.0,3075.0,3079.0,3088.0,3089.0,3076.0,3080.0,3089.0,3088.5,3075.5,3079.5,3088.5
2025-10-23 05:30:00,441000.0,3095.0,3083.0,3088.0,3094.0,3096.0,3084.0,3089.0,3096.0,3095.5,3083.5,3088.5,3095.0
2025-10-23 05:35:00,622200.0,3103.0,3093.0,3094.0,3100.0,3105.0,3094.0,3096.0,3101.0,3104.0,3093.5,3095.0,3100.5
2025-10-23 05:40:00,359600.0,3107.0,3099.0,3100.0,3107.0,3108.0,3100.0,3101.0,3108.0,3107.5,3099.5,3100.5,3107.5
2025-10-23 05:45:00,590900.0,3112.0,3105.0,3107.0,3109.0,3113.0,3106.0,3108.0,3110.0,3112.5,3105.5,3107.5,3109.5
2025-10-23 05:50:00,411500.0,3112.0,3100.0,3109.0,3101.0,3113.0,3102.0,3110.0,3103.0,3112.5,3101.5,3109.5,3102.0
2025-10-23 05:55:00,390700.0,3102.0,3094.0,3101.0,3097.0,3103.0,3095.0,3103.0,3098.0,3102.5,3094.5,3102.0,3097.5
2025-10-23 06:00:00,727400.0,3117.0,3095.0,3097.0,3115.0,3118.0,3096.0,3098.0,3116.0,3117.5,3095.5,3097.5,3115.5
2025-10-23 06:05:00,1316200.0,3129.0,3115.0,3115.0,3126.0,3130.0,3116.0,3116.0,3127.0,3129.5,3115.5,3115.5,3126.5
2025-10-23 06:10:00,749700.0,3139.0,3126.0,3126.0,3138.0,3140.0,3127.0,3127.0,3139.0,3139.5,3126.5,3126.5,3138.5
2025-10-23 06:15:00,951400.0,3142.0,3132.0,3138.0,3141.0,3143.0,3133.0,3139.0,3142.0,3142.5,3132.5,3138.5,3141.5
2025-10-23 06:20:00,1086300.0,3149.0,3136.0,3141.0,3149.0,3150.0,3137.0,3142.0,3150.0,3149.5,3136.5,3141.5,3149.5
2025-10-23 06:25:00,,3153.0,3130.0,3140.0,3153.0,3154.0,3131.0,3141.0,3154.0,3153.5,3130.5,3140.5,3153.5
2025-10-23 06:30:00,1619400.0,3152.0,3152.0,3152.0,3152.0,3154.0,3154.0,3154.0,3154.0,3153.0,3153.0,3153.0,3153.0
2025-10-24 00:00:00,4654600.0,3145.0,3104.0,3134.0,3127.0,3146.0,3105.0,3135.0,3128.0,3145.5,3104.5,3134.5,3127.5
2025-10-24 00:05:00,3344100.0,3133.0,3061.0,3127.0,3066.0,3134.0,3063.0,3128.0,3068.0,3133.5,3062.0,3127.5,3067.0
2025-10-24 00:10:00,3036000.0,3080.0,3038.0,3066.0,3076.0,3082.0,3039.0,3068.0,3077.0,3081.0,3038.5,3067.0,3076.5
2025-10-24 00:15:00,1622200.0,3091.0,3061.0,3076.0,3074.0,3093.0,3062.0,3077.0,3075.0,3091.5,3061.5,3076.5,3074.5
2025-10-24 00:20:00,1286700.0,3078.0,3051.0,3074.0,3055.0,3080.0,3052.0,3075.0,3056.0,3079.0,3051.5,3074.5,3055.5
2025-10-24 00:25:00,1319700.0,3069.0,3047.0,3055.0,3055.0,3070.0,3048.0,3056.0,3056.0,3069.5,3047.5,3055.5,3055.5
2025-10-24 00:30:00,916400.0,3074.0,3055.0,3055.0,3063.0,3075.0,3056.0,3056.0,3064.0,3074.5,3055.5,3055.5,3063.5
2025-10-24 00:35:00,686600.0,3068.0,3054.0,3063.0,3059.0,3069.0,3055.0,3064.0,3060.0,3068.5,3054.5,3063.5,3059.5
2025-10-24 00:40:00,467100.0,3066.0,3058.0,3059.0,3061.0,3067.0,3059.0,3060.0,3063.0,3066.5,3058.5,3059.5,3062.0
2025-10-24 00:45:00,504000.0,3070.0,3059.0,3061.0,3068.0,3071.0,3060.0,3063.0,3069.0,3070.5,3059.5,3062.0,3068.5
2025-10-24 00:50:00,1177000.0,3069.0,3048.0,3068.0,3050.0,3070.0,3049.0,3069.0,3051.0,3069.5,3048.5,3068.5,3050.5
2025-10-24 00:55:00,593200.0,3059.0,3047.0,3050.0,3053.0,3060.0,3048.0,3051.0,3054.0,3059.5,3047.5,3050.5,3053.5
2025-10-24 01:00:00,390300.0,3058.0,3051.0,3053.0,3054.0,3059.0,3053.0,3054.0,3056.0,3058.5,3052.0,3053.5,3055.0
2025-10-24 01:05:00,376200.0,3057.0,3050.0,3054.0,3051.0,3058.0,3051.0,3056.0,3053.0,3057.5,3050.5,3055.0,3052.0
2025-10-24 01:10:00,694800.0,3071.0,3050.0,3051.0,3069.0,3072.0,3051.0,3053.0,3070.0,3071.5,3050.5,3052.0,3069.5
2025-10-24 01:15:00,860500.0,3082.0,3064.0,3069.0,3078.0,3083.0,3065.0,3070.0,3079.0,3082.5,3064.5,3069.5,3078.5
2025-10-24 01:20:00,767100.0,3082.0,3070.0,3078.0,3073.0,3083.0,3072.0,3079.0,3074.0,3082.5,3071.0,3078.5,3073.5
2025-10-24 01:25:00,474700.0,3080.0,3073.0,3073.0,3073.0,3081.0,3074.0,3074.0,3074.0,3080.5,3073.5,3073.5,3073.5
2025-10-24 01:30:00,906100.0,3093.0,3073.0,3073.0,3091.0,3094.0,3074.0,3074.0,3092.0,3093.5,3073.5,3073.5,3091.5
2025-10-24 01:35:00,702500.0,3098.0,3087.0,3091.0,3095.0,3099.0,3088.0,3092.0,3096.0,3098.5,3087.5,3091.5,3095.5
2025-10-24 01:40:00,526800.0,3097.0,3086.0,3095.0,3087.0,3098.0,3087.0,3096.0,3089.0,3097.5,3086.5,3095.5,3088.0
2025-10-24 01:45:00,683000.0,3088.0,3078.0,3087.0,3081.0,3090.0,3079.0,3089.0,3082.0,3089.0,3078.5,3088.0,3081.5
2025-10-24 01:50:00,361900.0,3088.0,3080.0,3081.0,3085.0,3089.0,3081.0,3082.0,3087.0,3088.5,3080.5,3081.5,3086.0
2025-10-24 01:55:00,316000.0,3090.0,3082.0,3085.0,3089.0,3091.0,3084.0,3087.0,3090.0,3090.5,3083.0,3086.0,3089.5
2025-10-24 02:00:00,532200.0,3097.0,3088.0,3089.0,3088.0,3098.0,3089.0,3090.0,3089.0,3097.5,3088.5,3089.5,3088.5
2025-10-24 02:05:00,459600.0,3095.0,3080.0,3088.0,3082.0,3096.0,3081.0,3089.0,3083.0,3095.5,3080.5,3088.5,3082.5
2025-10-24 02:10:00,271100.0,3086.0,3079.0,3082.0,3084.0,3087.0,3080.0,3083.0,3085.0,3086.5,3079.5,3082.5,3084.5
2025-10-24 02:15:00,306000.0,3096.0,3084.0,3084.0,3095.0,3097.0,3085.0,3085.0,3096.0,3096.5,3084.5,3084.5,3095.5
2025-10-24 02:20:00,680000.0,3101.0,3092.0,3095.0,3096.0,3102.0,3093.0,3096.0,3097.0,3101.5,3092.5,3095.5,3096.5
2025-10-24 02:25:00,387900.0,3098.0,3092.0,3096.0,3095.0,3099.0,3094.0,3097.0,3096.0,3098.5,3093.0,3096.5,3095.5
2025-10-24 02:30:00,20700.0,3095.0,3095.0,3095.0,3095.0,3098.0,3098.0,3098.0,3098.0,3096.5,3096.5,3096.5,3096.5
2025-10-24 03:30:00,977800.0,3106.0,3088.0,3104.0,3095.0,3107.0,3089.0,3105.0,3096.0,3106.5,3088.5,3104.5,3095.5
2025-10-24 03:35:00,347200.0,3097.0,3091.0,3095.0,3095.0,3098.0,3092.0,3096.0,3096.0,3097.5,3091.5,3095.5,3095.5
2025-10-24 03:40:00,608800.0,3095.0,3084.0,3095.0,3088.0,3096.0,3085.0,3096.0,3089.0,3095.5,3084.5,3095.5,3088.5
2025-10-24 03:45:00,388000.0,3092.0,3085.0,3088.0,3088.0,3093.0,3086.0,3089.0,3089.0,3092.5,3085.5,3088.5,3088.5
2025-10-24 03:50:00,237400.0,3090.0,3085.0,3088.0,3090.0,3091.0,3086.0,3089.0,3091.0,3090.5,3085.5,3088.5,3090.5
2025-10-24 03:55:00,358800.0,3093.0,3088.0,3090.0,3089.0,3094.0,3089.0,3091.0,3090.0,3093.5,3088.5,3090.5,3089.5
2025-10-24 04:00:00,282800.0,3094.0,3088.0,3089.0,3094.0,3095.0,3089.0,3090.0,3095.0,3094.5,3088.5,3089.5,3094.5
2025-10-24 04:05:00,890700.0,3111.0,3093.0,3094.0,3105.0,3112.0,3094.0,3095.0,3107.0,3111.5,3093.5,3094.5,3106.0
2025-10-24 04:10:00,559800.0,3115.0,3105.0,3106.0,3112.0,3116.0,3106.0,3107.0,3113.0,3115.5,3105.5,3106.5,3112.5
2025-10-24 04:15:00,594900.0,3114.0,3103.0,3112.0,3107.0,3115.0,3104.0,3113.0,3108.0,3114.5,3103.5,3112.5,3107.5
2025-10-24 04:20:00,549200.0,3117.0,3106.0,3107.0,3114.0,3118.0,3107.0,3108.0,3115.0,3117.5,3106.5,3107.5,3114.5
2025-10-24 04:25:00,441400.0,3114.0,3107.0,3114.0,3110.0,3115.0,3108.0,3115.0,3111.0,3114.5,3107.5,3114.5,3110.5
2025-10-24 04:30:00,377300.0,3110.0,3102.0,3110.0,3102.0,3111.0,3103.0,3111.0,3103.0,3110.5,3102.5,3110.5,3102.5
2025-10-24 04:35:00,212200.0,3105.0,3101.0,3102.0,3104.0,3106.0,3102.0,3103.0,3105.0,3105.5,3101.5,3102.5,3104.5
2025-10-24 04:40:00,260000.0,3106.0,3100.0,3104.0,3102.0,3107.0,3101.0,3105.0,3103.0,3106.5,3100.5,3104.5,3102.5
2025-10-24 04:45:00,218800.0,3106.0,3101.0,3102.0,3103.0,3107.0,3102.0,3103.0,3104.0,3106.5,3101.5,3102.5,3103.5
2025-10-24 04:50:00,115800.0,3104.0,3101.0,3103.0,3103.0,3105.0,3102.0,3104.0,3104.0,3104.5,3101.5,3103.5,3103.5
2025-10-24 04:55:00,205600.0,3107.0,3103.0,3103.0,3104.0,3108.0,3104.0,3104.0,3105.0,3107.5,3103.5,3103.5,3104.5
2025-10-24 05:00:00,517500.0,3117.0,3104.0,3104.0,3113.0,3118.0,3105.0,3105.0,3115.0,3117.5,3104.5,3104.5,3114.0
2025-10-24 05:05:00,684300.0,3116.0,3088.0,3113.0,3090.0,3117.0,3089.0,3115.0,3092.0,3116.5,3088.5,3114.0,3091.0
2025-10-24 05:10:00,866600.0,3096.0,3076.0,3090.0,3077.0,3097.0,3077.0,3092.0,3079.0,3096.5,3076.5,3091.0,3078.0
2025-10-24 05:15:00,467800.0,3092.0,3077.0,3077.0,3091.0,3093.0,3078.0,3079.0,3092.0,3092.5,3077.5,3078.0,3091.5
2025-10-24 05:20:00,309700.0,3097.0,3089.0,3091.0,3092.0,3098.0,3090.0,3092.0,3093.0,3097.5,3089.5,3091.5,3092.5
2025-10-24 05:25:00,335800.0,3101.0,3090.0,3092.0,3096.0,3102.0,3091.0,3093.0,3097.0,3101.5,3090.5,3092.5,3096.5
2025-10-24 05:30:00,836000.0,3098.0,3068.0,3096.0,3075.0,3099.0,3069.0,3097.0,3076.0,3098.5,3068.5,3096.5,3075.5
2025-10-24 05:35:00,387200.0,3085.0,3069.0,3075.0,3083.0,3086.0,3070.0,3076.0,3084.0,3085.5,3069.5,3075.5,3083.5
2025-10-24 05:40:00,423400.0,3096.0,3083.0,3083.0,3095.0,3097.0,3084.0,3084.0,3096.0,3096.5,3083.5,3083.5,3095.5
2025-10-24 05:45:00,414200.0,3100.0,3094.0,3095.0,3097.0,3101.0,3095.0,3096.0,3098.0,3100.5,3094.5,3095.5,3097.5
2025-10-24 05:50:00,309400.0,3099.0,3091.0,3097.0,3094.0,3100.0,3093.0,3098.0,3095.0,3099.5,3092.5,3097.5,3094.5
2025-10-24 05:55:00,240700.0,3095.0,3091.0,3094.0,3093.0,3096.0,3092.0,3095.0,3094.0,3095.5,3091.5,3094.5,3093.5
2025-10-24 06:00:00,411800.0,3099.0,3091.0,3093.0,3095.0,3100.0,3092.0,3094.0,3096.0,3099.5,3091.5,3093.5,3095.5
2025-10-24 06:05:00,225900.0,3096.0,3091.0,3095.0,3095.0,3097.0,3092.0,3096.0,3096.0,3096.5,3091.5,3095.5,3095.5
2025-10-24 06:10:00,328700.0,3099.0,3092.0,3095.0,3093.0,3100.0,3093.0,3096.0,3094.0,3099.5,3092.5,3095.5,3093.5
2025-10-24 06:15:00,241000.0,3095.0,3091.0,3093.0,3094.0,3096.0,3092.0,3094.0,3095.0,3095.5,3091.5,3093.5,3094.5
2025-10-24 06:20:00,656800.0,3107.0,3094.0,3094.0,3101.0,3108.0,3095.0,3095.0,3103.0,3107.5,3094.5,3094.5,3102.0
2025-10-24 06:25:00,,3121.0,3099.0,3112.0,3104.0,3122.0,3100.0,3113.0,3105.0,3121.5,3099.5,3112.5,3104.5
2025-10-24 06:30:00,1176500.0,3104.0,3104.0,3104.0,3104.0,3105.0,3105.0,3105.0,3105.0,3104.5,3104.5,3104.5,3104.5
2025-10-27 00:00:00,5548200.0,3227.0,3163.0,3176.0,3202.0,3229.0,3165.0,3177.0,3204.0,3227.5,3164.0,3176.5,3203.0
2025-10-27 00:05:00,2984500.0,3234.0,3199.0,3202.0,3213.0,3235.0,3200.0,3204.0,3214.0,3234.5,3199.5,3203.0,3213.5
2025-10-27 00:10:00,2033800.0,3228.0,3183.0,3213.0,3198.0,3229.0,3184.0,3214.0,3199.0,3228.5,3183.5,3213.5,3198.5
2025-10-27 00:15:00,1601300.0,3198.0,3160.0,3198.0,3165.0,3199.0,3161.0,3199.0,3166.0,3198.5,3160.5,3198.5,3165.5
2025-10-27 00:20:00,1978500.0,3182.0,3146.0,3165.0,3154.0,3183.0,3147.0,3166.0,3156.0,3182.5,3146.5,3165.5,3155.0
2025-10-27 00:25:00,1021800.0,3167.0,3152.0,3154.0,3158.0,3168.0,3153.0,3156.0,3160.0,3167.5,3152.5,3155.0,3159.0
2025-10-27 00:30:00,892100.0,3169.0,3155.0,3158.0,3160.0,3170.0,3156.0,3160.0,3161.0,3169.5,3155.5,3159.0,3160.5
2025-10-27 00:35:00,1038200.0,3166.0,3148.0,3160.0,3164.0,3167.0,3149.0,3161.0,3166.0,3166.5,3148.5,3160.5,3165.0
2025-10-27 00:40:00,690300.0,3167.0,3146.0,3164.0,3146.0,3168.0,3147.0,3166.0,3147.0,3167.5,3146.5,3165.0,3146.5
2025-10-27 00:45:00,1132900.0,3147.0,3129.0,3146.0,3134.0,3148.0,3130.0,3147.0,3135.0,3147.5,3129.5,3146.5,3134.5
2025-10-27 00:50:00,751600.0,3136.0,3122.0,3134.0,3123.0,3138.0,3123.0,3135.0,3124.0,3137.0,3122.5,3134.5,3123.5
2025-10-27 00:55:00,716000.0,3129.0,3117.0,3123.0,3117.0,3130.0,3118.0,3124.0,3119.0,3129.5,3117.5,3123.5,3118.0
2025-10-27 01:00:00,676900.0,3141.0,3117.0,3117.0,3134.0,3142.0,3119.0,3119.0,3136.0,3141.5,3118.0,3118.0,3135.0
2025-10-27 01:05:00,565400.0,3144.0,3133.0,3134.0,3139.0,3145.0,3134.0,3136.0,3140.0,3144.5,3133.5,3135.0,3139.5
2025-10-27 01:10:00,438500.0,3144.0,3133.0,3139.0,3139.0,3145.0,3134.0,3140.0,3141.0,3144.5,3133.5,3139.5,3140.0
2025-10-27 01:15:00,545900.0,3148.0,3134.0,3139.0,3146.0,3149.0,3135.0,3141.0,3147.0,3148.5,3134.5,3140.0,3146.5
2025-10-27 01:20:00,367700.0,3148.0,3143.0,3146.0,3144.0,3149.0,3144.0,3147.0,3145.0,3148.5,3143.5,3146.5,3144.5
2025-10-27 01:25:00,462200.0,3151.0,3138.0,3144.0,3151.0,3152.0,3139.0,3145.0,3152.0,3151.5,3138.5,3144.5,3151.5
2025-10-27 01:30:00,577900.0,3163.0,3151.0,3151.0,3161.0,3164.0,3152.0,3152.0,3162.0,3163.5,3151.5,3151.5,3161.5
2025-10-27 01:35:00,579100.0,3171.0,3154.0,3161.0,3169.0,3172.0,3155.0,3162.0,3170.0,3171.5,3154.5,3161.5,3169.5
2025-10-27 01:40:00,414300.0,3170.0,3157.0,3169.0,3158.0,3171.0,3158.0,3171.0,3159.0,3170.5,3157.5,3170.0,3158.5
2025-10-27 01:45:00,493200.0,3173.0,3158.0,3158.0,3172.0,3174.0,3159.0,3159.0,3173.0,3173.5,3158.5,3158.5,3172.5
2025-10-27 01:50:00,443300.0,3177.0,3167.0,3172.0,3175.0,3178.0,3168.0,3174.0,3176.0,3177.5,3167.5,3173.0,3175.5
2025-10-27 01:55:00,258600.0,3177.0,3171.0,3176.0,3174.0,3178.0,3172.0,3177.0,3175.0,3177.5,3171.5,3176.5,3174.5
2025-10-27 02:00:00,299500.0,3175.0,3168.0,3174.0,3172.0,3176.0,3169.0,3175.0,3173.0,3175.5,3168.5,3174.5,3172.5
2025-10-27 02:05:00,376600.0,3176.0,3165.0,3172.0,3175.0,3177.0,3166.0,3173.0,3176.0,3176.5,3165.5,3172.5,3175.5
2025-10-27 02:10:00,250700.0,3178.0,3174.0,3175.0,3175.0,3179.0,3175.0,3176.0,3176.0,3178.5,3174.5,3175.5,3175.5
2025-10-27 02:15:00,484400.0,3182.0,3174.0,3175.0,3180.0,3183.0,3175.0,3176.0,3181.0,3182.5,3174.5,3175.5,3180.5
2025-10-27 02:20:00,295200.0,3183.0,3176.0,3180.0,3177.0,3184.0,3178.0,3181.0,3178.0,3183.5,3177.0,3180.5,3177.5
2025-10-27 02:25:00,321900.0,3177.0,3168.0,3177.0,3177.0,3179.0,3169.0,3178.0,3178.0,3178.0,3168.5,3177.5,3177.5
2025-10-27 02:30:00,18000.0,3177.0,3177.0,3177.0,3177.0,3179.0,3179.0,3179.0,3179.0,3178.0,3178.0,3178.0,3178.0
2025-10-27 03:30:00,1136600.0,3193.0,3173.0,3180.0,3190.0,3194.0,3174.0,3181.0,3191.0,3193.5,3173.5,3180.5,3190.5
2025-10-27 03:35:00,783000.0,3197.0,3190.0,3190.0,3192.0,3198.0,3191.0,3191.0,3193.0,3197.5,3190.5,3190.5,3192.5
2025-10-27 03:40:00,1470300.0,3206.0,3188.0,3192.0,3191.0,3207.0,3189.0,3193.0,3193.0,3206.5,3188.5,3192.5,3192.0
2025-10-27 03:45:00,425500.0,3199.0,3187.0,3191.0,3197.0,3200.0,3188.0,3193.0,3198.0,3199.5,3187.5,3192.0,3197.5
2025-10-27 03:50:00,456600.0,3199.0,3188.0,3197.0,3196.0,3200.0,3190.0,3198.0,3197.0,3199.5,3189.5,3197.5,3196.5
2025-10-27 03:55:00,745100.0,3204.0,3194.0,3196.0,3204.0,3205.0,3195.0,3197.0,3205.0,3204.5,3194.5,3196.5,3204.5
2025-10-27 04:00:00,352200.0,3204.0,3198.0,3204.0,3199.0,3205.0,3199.0,3205.0,3200.0,3204.5,3198.5,3204.5,3199.5
2025-10-27 04:05:00,929200.0,3201.0,3175.0,3199.0,3182.0,3202.0,3176.0,3200.0,3183.0,3201.5,3175.5,3199.5,3182.5
2025-10-27 04:10:00,461600.0,3185.0,3175.0,3182.0,3178.0,3186.0,3176.0,3183.0,3179.0,3185.5,3175.5,3182.5,3178.5
2025-10-27 04:15:00,511200.0,3188.0,3174.0,3178.0,3187.0,3190.0,3175.0,3179.0,3188.0,3189.0,3174.5,3178.5,3187.5
2025-10-27 04:20:00,276700.0,3190.0,3182.0,3187.0,3185.0,3191.0,3184.0,3188.0,3187.0,3190.5,3183.0,3187.5,3186.0
2025-10-27 04:25:00,283000.0,3193.0,3185.0,3185.0,3189.0,3194.0,3186.0,3187.0,3190.0,3193.5,3185.5,3186.0,3189.5
2025-10-27 04:30:00,169600.0,3191.0,3186.0,3189.0,3189.0,3192.0,3187.0,3190.0,3190.0,3191.5,3186.5,3189.5,3189.5
2025-10-27 04:35:00,228800.0,3189.0,3183.0,3189.0,3186.0,3190.0,3184.0,3190.0,3187.0,3189.5,3183.5,3189.5,3186.5
2025-10-27 04:40:00,185300.0,3186.0,3178.0,3186.0,3181.0,3187.0,3179.0,3187.0,3182.0,3186.5,3178.5,3186.5,3181.5
2025-10-27 04:45:00,321700.0,3181.0,3170.0,3181.0,3170.0,3182.0,3171.0,3182.0,3171.0,3181.5,3170.5,3181.5,3170.5
2025-10-27 04:50:00,365800.0,3185.0,3170.0,3170.0,3184.0,3186.0,3171.0,3171.0,3185.0,3185.5,3170.5,3170.5,3184.5
2025-10-27 04:55:00,237400.0,3187.0,3183.0,3184.0,3185.0,3188.0,3185.0,3185.0,3186.0,3187.5,3184.0,3184.5,3185.5
2025-10-27 05:00:00,189800.0,3186.0,3180.0,3185.0,3186.0,3187.0,3181.0,3186.0,3187.0,3186.5,3180.5,3185.5,3186.5
2025-10-27 05:05:00,300500.0,3195.0,3185.0,3186.0,3195.0,3196.0,3186.0,3187.0,3196.0,3195.5,3185.5,3186.5,3195.5
2025-10-27 05:10:00,650800.0,3201.0,3194.0,3195.0,3200.0,3202.0,3195.0,3196.0,3201.0,3201.5,3194.5,3195.5,3200.5
2025-10-27 05:15:00,701600.0,3211.0,3199.0,3200.0,3207.0,3212.0,3200.0,3201.0,3208.0,3211.5,3199.5,3200.5,3207.5
2025-10-27 05:20:00,494200.0,3214.0,3207.0,3207.0,3207.0,3215.0,3208.0,3208.0,3208.0,3214.5,3207.5,3207.5,3207.5
2025-10-27 05:25:00,513800.0,3207.0,3194.0,3207.0,3197.0,3209.0,3195.0,3208.0,3198.0,3208.0,3194.5,3207.5,3197.5
2025-10-27 05:30:00,460600.0,3209.0,3197.0,3197.0,3207.0,3210.0,3198.0,3198.0,3208.0,3209.5,3197.5,3197.5,3207.5
2025-10-27 05:35:00,418200.0,3214.0,3206.0,3207.0,3212.0,3215.0,3208.0,3208.0,3213.0,3214.5,3207.0,3207.5,3212.5
2025-10-27 05:40:00,449400.0,3217.0,3211.0,3212.0,3211.0,3218.0,3212.0,3213.0,3212.0,3217.5,3211.5,3212.5,3211.5
2025-10-27 05:45:00,280400.0,3216.0,3210.0,3211.0,3210.0,3217.0,3211.0,3212.0,3211.0,3216.5,3210.5,3211.5,3210.5
2025-10-27 05:50:00,286400.0,3212.0,3208.0,3210.0,3210.0,3213.0,3209.0,3211.0,3211.0,3212.5,3208.5,3210.5,3210.5
2025-10-27 05:55:00,375900.0,3218.0,3209.0,3210.0,3216.0,3219.0,3210.0,3211.0,3217.0,3218.5,3209.5,3210.5,3216.5
2025-10-27 06:00:00,315900.0,3216.0,3211.0,3216.0,3211.0,3217.0,3212.0,3217.0,3212.0,3216.5,3211.5,3216.5,3211.5
2025-10-27 06:05:00,408800.0,3211.0,3200.0,3211.0,3200.0,3212.0,3201.0,3212.0,3201.0,3211.5,3200.5,3211.5,3200.5
2025-10-27 06:10:00,575400.0,3210.0,3196.0,3200.0,3209.0,3211.0,3197.0,3201.0,3210.0,3210.5,3196.5,3200.5,3209.5
2025-10-27 06:15:00,399600.0,3210.0,3201.0,3209.0,3205.0,3211.0,3202.0,3210.0,3206.0,3210.5,3201.5,3209.5,3205.5
2025-10-27 06:20:00,674600.0,3208.0,3196.0,3205.0,3203.0,3209.0,3197.0,3206.0,3204.0,3208.5,3196.5,3205.5,3203.5
2025-10-27 06:25:00,,3208.0,3183.0,3204.0,3192.0,3209.0,3184.0,3205.0,3193.0,3208.5,3183.5,3204.5,3192.5
2025-10-27 06:30:00,1223800.0,3192.0,3192.0,3192.0,3192.0,3195.0,3195.0,3195.0,3195.0,3193.5,3193.5,3193.5,3193.5
2025-10-28 00:00:00,2868000.0,3193.0,3155.0,3193.0,3185.0,3196.0,3156.0,3194.0,3187.0,3194.0,3155.5,3193.5,3186.0
2025-10-28 00:05:00,2298800.0,3244.0,3184.0,3185.0,3242.0,3245.0,3185.0,3187.0,3243.0,3244.5,3184.5,3186.0,3242.5
2025-10-28 00:10:00,2523500.0,3262.0,3231.0,3242.0,3240.0,3263.0,3234.0,3243.0,3241.0,3262.5,3233.0,3242.5,3240.5
2025-10-28 00:15:00,1629500.0,3267.0,3212.0,3240.0,3227.0,3268.0,3213.0,3241.0,3228.0,3267.5,3212.5,3240.5,3227.5
2025-10-28 00:20:00,1376800.0,3232.0,3199.0,3227.0,3199.0,3233.0,3200.0,3228.0,3201.0,3232.5,3199.5,3227.5,3200.0
2025-10-28 00:25:00,1012100.0,3209.0,3188.0,3199.0,3195.0,3210.0,3189.0,3201.0,3197.0,3209.5,3188.5,3200.0,3196.0
2025-10-28 00:30:00,861100.0,3199.0,3185.0,3195.0,3193.0,3200.0,3186.0,3197.0,3194.0,3199.5,3185.5,3196.0,3193.5
2025-10-28 00:35:00,707400.0,3206.0,3190.0,3193.0,3193.0,3207.0,3191.0,3194.0,3194.0,3206.5,3190.5,3193.5,3193.5
2025-10-28 00:40:00,586000.0,3202.0,3191.0,3193.0,3198.0,3203.0,3192.0,3194.0,3199.0,3202.5,3191.5,3193.5,3198.5
2025-10-28 00:45:00,755300.0,3213.0,3197.0,3198.0,3207.0,3215.0,3198.0,3199.0,3209.0,3213.5,3197.5,3198.5,3208.0
2025-10-28 00:50:00,744600.0,3223.0,3207.0,3207.0,3221.0,3224.0,3208.0,3209.0,3222.0,3223.5,3207.5,3208.0,3221.5
2025-10-28 00:55:00,558500.0,3224.0,3212.0,3221.0,3215.0,3225.0,3213.0,3222.0,3216.0,3224.5,3212.5,3221.5,3215.5
2025-10-28 01:00:00,501200.0,3225.0,3215.0,3215.0,3221.0,3226.0,3216.0,3216.0,3222.0,3225.5,3215.5,3215.5,3221.5
2025-10-28 01:05:00,769700.0,3236.0,3216.0,3221.0,3226.0,3238.0,3218.0,3222.0,3227.0,3237.0,3217.0,3221.5,3226.5
2025-10-28 01:10:00,563500.0,3227.0,3208.0,3226.0,3213.0,3228.0,3210.0,3227.0,3214.0,3227.5,3209.0,3226.5,3213.5
2025-10-28 01:15:00,431500.0,3223.0,3212.0,3213.0,3216.0,3224.0,3213.0,3214.0,3217.0,3223.5,3212.5,3213.5,3216.5
2025-10-28 01:20:00,367400.0,3223.0,3207.0,3216.0,3208.0,3224.0,3208.0,3217.0,3209.0,3223.5,3207.5,3216.5,3208.5
2025-10-28 01:25:00,503500.0,3208.0,3192.0,3208.0,3194.0,3209.0,3193.0,3209.0,3195.0,3208.5,3192.5,3208.5,3194.5
2025-10-28 01:30:00,637200.0,3213.0,3189.0,3194.0,3207.0,3214.0,3190.0,3195.0,3209.0,3213.5,3189.5,3194.5,3208.0
2025-10-28 01:35:00,294300.0,3212.0,3197.0,3207.0,3204.0,3213.0,3198.0,3209.0,3205.0,3212.5,3197.5,3208.0,3204.5
2025-10-28 01:40:00,167700.0,3208.0,3201.0,3204.0,3203.0,3209.0,3202.0,3205.0,3204.0,3208.5,3201.5,3204.5,3203.5
2025-10-28 01:45:00,165900.0,3206.0,3199.0,3203.0,3206.0,3207.0,3200.0,3204.0,3207.0,3206.5,3199.5,3203.5,3206.5
2025-10-28 01:50:00,178200.0,3207.0,3197.0,3206.0,3198.0,3208.0,3198.0,3207.0,3199.0,3207.5,3197.5,3206.5,3198.5
2025-10-28 01:55:00,835400.0,3198.0,3177.0,3198.0,3179.0,3199.0,3178.0,3199.0,3180.0,3198.5,3177.5,3198.5,3179.5
2025-10-28 02:00:00,1048000.0,3184.0,3158.0,3179.0,3162.0,3185.0,3159.0,3180.0,3163.0,3184.5,3158.5,3179.5,3162.5
2025-10-28 02:05:00,1300800.0,3166.0,3146.0,3162.0,3154.0,3167.0,3147.0,3163.0,3155.0,3166.5,3146.5,3162.5,3154.5
2025-10-28 02:10:00,500700.0,3157.0,3144.0,3154.0,3146.0,3158.0,3145.0,3155.0,3147.0,3157.5,3144.5,3154.5,3146.5
2025-10-28 02:15:00,1072200.0,3150.0,3131.0,3146.0,3148.0,3151.0,3132.0,3147.0,3149.0,3150.5,3131.5,3146.5,3148.5
2025-10-28 02:20:00,961400.0,3179.0,3147.0,3148.0,3177.0,3180.0,3148.0,3149.0,3178.0,3179.5,3147.5,3148.5,3177.5
2025-10-28 02:25:00,496600.0,3177.0,3163.0,3177.0,3169.0,3178.0,3164.0,3178.0,3171.0,3177.5,3163.5,3177.5,3170.0
2025-10-28 02:30:00,17400.0,3169.0,3169.0,3169.0,3169.0,3172.0,3172.0,3172.0,3172.0,3170.5,3170.5,3170.5,3170.5
2025-10-28 03:30:00,1420000.0,3207.0,3170.0,3172.0,3195.0,3208.0,3173.0,3173.0,3196.0,3207.5,3171.5,3172.5,3195.5
2025-10-28 03:35:00,748400.0,3209.0,3191.0,3195.0,3205.0,3210.0,3192.0,3196.0,3206.0,3209.5,3191.5,3195.5,3205.5
2025-10-28 03:40:00,545700.0,3208.0,3195.0,3205.0,3205.0,3209.0,3197.0,3206.0,3206.0,3208.5,3196.0,3205.5,3205.5
2025-10-28 03:45:00,402100.0,3206.0,3195.0,3205.0,3197.0,3207.0,3196.0,3206.0,3199.0,3206.5,3195.5,3205.5,3198.0
2025-10-28 03:50:00,405200.0,3202.0,3194.0,3197.0,3201.0,3203.0,3195.0,3199.0,3203.0,3202.5,3194.5,3198.0,3202.0
2025-10-28 03:55:00,231200.0,3203.0,3198.0,3201.0,3201.0,3204.0,3199.0,3202.0,3202.0,3203.5,3198.5,3201.5,3201.5
2025-10-28 04:00:00,313800.0,3201.0,3193.0,3201.0,3195.0,3202.0,3194.0,3202.0,3196.0,3201.5,3193.5,3201.5,3195.5
2025-10-28 04:05:00,369400.0,3199.0,3190.0,3195.0,3191.0,3200.0,3191.0,3196.0,3192.0,3199.5,3190.5,3195.5,3191.5
2025-10-28 04:10:00,527700.0,3194.0,3179.0,3191.0,3188.0,3195.0,3180.0,3192.0,3189.0,3194.5,3179.5,3191.5,3188.5
2025-10-28 04:15:00,353300.0,3190.0,3175.0,3188.0,3177.0,3192.0,3176.0,3189.0,3178.0,3191.0,3175.5,3188.5,3177.5
2025-10-28 04:20:00,243100.0,3185.0,3175.0,3177.0,3182.0,3186.0,3176.0,3178.0,3183.0,3185.5,3175.5,3177.5,3182.5
2025-10-28 04:25:00,261400.0,3189.0,3177.0,3182.0,3178.0,3190.0,3178.0,3183.0,3179.0,3189.5,3177.5,3182.5,3178.5
2025-10-28 04:30:00,339200.0,3179.0,3168.0,3178.0,3175.0,3180.0,3171.0,3179.0,3176.0,3179.5,3170.0,3178.5,3175.5
2025-10-28 04:35:00,269900.0,3175.0,3167.0,3175.0,3167.0,3176.0,3168.0,3176.0,3169.0,3175.5,3167.5,3175.5,3168.0
2025-10-28 04:40:00,228600.0,3172.0,3162.0,3168.0,3162.0,3173.0,3163.0,3169.0,3163.0,3172.5,3162.5,3168.5,3162.5
2025-10-28 04:45:00,313900.0,3168.0,3158.0,3162.0,3166.0,3169.0,3159.0,3163.0,3167.0,3168.5,3158.5,3162.5,3166.5
2025-10-28 04:50:00,450600.0,3166.0,3146.0,3166.0,3146.0,3167.0,3147.0,3167.0,3147.0,3166.5,3146.5,3166.5,3146.5
2025-10-28 04:55:00,344900.0,3158.0,3146.0,3146.0,3154.0,3159.0,3147.0,3147.0,3155.0,3158.5,3146.5,3146.5,3154.5
2025-10-28 05:00:00,395000.0,3159.0,3140.0,3154.0,3140.0,3160.0,3141.0,3155.0,3141.0,3159.5,3140.5,3154.5,3140.5
2025-10-28 05:05:00,583500.0,3144.0,3131.0,3140.0,3133.0,3145.0,3133.0,3141.0,3134.0,3144.5,3132.5,3140.5,3133.5
2025-10-28 05:10:00,330600.0,3143.0,3133.0,3133.0,3138.0,3144.0,3134.0,3134.0,3139.0,3143.5,3133.5,3133.5,3138.5
2025-10-28 05:15:00,279100.0,3143.0,3133.0,3138.0,3143.0,3144.0,3134.0,3139.0,3144.0,3143.5,3133.5,3138.5,3143.5
2025-10-28 05:20:00,243900.0,3146.0,3138.0,3143.0,3139.0,3147.0,3139.0,3144.0,3140.0,3146.5,3138.5,3143.5,3139.5
2025-10-28 05:25:00,597100.0,3139.0,3122.0,3139.0,3133.0,3140.0,3123.0,3140.0,3134.0,3139.5,3122.5,3139.5,3133.5
2025-10-28 05:30:00,244800.0,3135.0,3126.0,3133.0,3132.0,3136.0,3127.0,3134.0,3133.0,3135.5,3126.5,3133.5,3132.5
2025-10-28 05:35:00,327500.0,3132.0,3122.0,3132.0,3122.0,3133.0,3123.0,3133.0,3123.0,3132.5,3122.5,3132.5,3122.5
2025-10-28 05:40:00,729600.0,3125.0,3104.0,3122.0,3104.0,3126.0,3105.0,3123.0,3106.0,3125.5,3104.5,3122.5,3105.0
2025-10-28 05:45:00,510400.0,3115.0,3103.0,3105.0,3107.0,3116.0,3105.0,3106.0,3108.0,3115.5,3104.0,3105.5,3107.5
2025-10-28 05:50:00,313000.0,3115.0,3106.0,3107.0,3109.0,3116.0,3107.0,3108.0,3110.0,3115.5,3106.5,3107.5,3109.5
2025-10-28 05:55:00,1143200.0,3109.0,3084.0,3109.0,3094.0,3110.0,3085.0,3110.0,3095.0,3109.5,3084.5,3109.5,3094.5
2025-10-28 06:00:00,850600.0,3095.0,3076.0,3094.0,3078.0,3096.0,3077.0,3095.0,3079.0,3095.5,3076.5,3094.5,3078.5
2025-10-28 06:05:00,580500.0,3093.0,3077.0,3078.0,3092.0,3094.0,3079.0,3079.0,3093.0,3093.5,3078.0,3078.5,3092.5
2025-10-28 06:10:00,741300.0,3107.0,3092.0,3092.0,3101.0,3109.0,3093.0,3093.0,3102.0,3107.5,3092.5,3092.5,3101.5
2025-10-28 06:15:00,403200.0,3102.0,3095.0,3101.0,3097.0,3103.0,3096.0,3102.0,3098.0,3102.5,3095.5,3101.5,3097.5
2025-10-28 06:20:00,338500.0,3103.0,3097.0,3097.0,3102.0,3104.0,3098.0,3098.0,3103.0,3103.5,3097.5,3097.5,3102.5
2025-10-28 06:25:00,,3109.0,3077.0,3102.0,3089.0,3110.0,3078.0,3103.0,3090.0,3109.5,3077.5,3102.5,3089.5
2025-10-28 06:30:00,1529200.0,3089.0,3089.0,3089.0,3089.0,3090.0,3090.0,3090.0,3090.0,3089.5,3089.5,3089.5,3089.5
2025-10-29 00:00:00,2047500.0,3181.0,3147.0,3178.0,3167.0,3182.0,3150.0,3179.0,3168.0,3181.5,3148.5,3178.5,3167.5
2025-10-29 00:05:00,1129000.0,3167.0,3143.0,3167.0,3159.0,3169.0,3146.0,3168.0,3161.0,3167.5,3145.0,3167.5,3160.0
2025-10-29 00:10:00,1075700.0,3163.0,3131.0,3159.0,3138.0,3165.0,3133.0,3161.0,3140.0,3164.0,3132.0,3160.0,3139.0
2025-10-29 00:15:00,1103300.0,3179.0,3133.0,3138.0,3170.0,3180.0,3135.0,3140.0,3171.0,3179.5,3134.0,3139.0,3170.5
2025-10-29 00:20:00,1005400.0,3180.0,3157.0,3170.0,3164.0,3182.0,3158.0,3171.0,3165.0,3181.0,3157.5,3170.5,3164.5
2025-10-29 00:25:00,964500.0,3185.0,3164.0,3164.0,3175.0,3186.0,3165.0,3165.0,3177.0,3185.5,3164.5,3164.5,3176.0
2025-10-29 00:30:00,698600.0,3175.0,3152.0,3175.0,3163.0,3177.0,3154.0,3177.0,3165.0,3176.0,3153.0,3176.0,3164.0
2025-10-29 00:35:00,403000.0,3164.0,3150.0,3163.0,3152.0,3165.0,3151.0,3165.0,3153.0,3164.5,3150.5,3164.0,3152.5
2025-10-29 00:40:00,550800.0,3155.0,3138.0,3152.0,3154.0,3157.0,3140.0,3153.0,3155.0,3155.5,3139.5,3152.5,3154.5
2025-10-29 00:45:00,532200.0,3159.0,3138.0,3154.0,3138.0,3160.0,3139.0,3155.0,3139.0,3159.5,3138.5,3154.5,3138.5
2025-10-29 00:50:00,598300.0,3148.0,3128.0,3138.0,3130.0,3149.0,3129.0,3139.0,3132.0,3148.5,3128.5,3138.5,3131.0
2025-10-29 00:55:00,559000.0,3137.0,3118.0,3130.0,3118.0,3138.0,3119.0,3131.0,3119.0,3137.5,3118.5,3130.5,3118.5
2025-10-29 01:00:00,712900.0,3120.0,3102.0,3118.0,3102.0,3121.0,3103.0,3119.0,3103.0,3120.5,3102.5,3118.5,3102.5
2025-10-29 01:05:00,923000.0,3114.0,3096.0,3102.0,3111.0,3115.0,3098.0,3103.0,3112.0,3114.5,3097.5,3102.5,3111.5
2025-10-29 01:10:00,730900.0,3132.0,3109.0,3111.0,3121.0,3133.0,3110.0,3112.0,3122.0,3132.5,3109.5,3111.5,3121.5
2025-10-29 01:15:00,513700.0,3128.0,3112.0,3121.0,3113.0,3129.0,3113.0,3122.0,3114.0,3128.5,3112.5,3121.5,3113.5
2025-10-29 01:20:00,390900.0,3122.0,3110.0,3113.0,3115.0,3123.0,3111.0,3114.0,3116.0,3122.5,3110.5,3113.5,3115.5
2025-10-29 01:25:00,351800.0,3122.0,3110.0,3115.0,3114.0,3123.0,3111.0,3116.0,3115.0,3122.5,3110.5,3115.5,3114.5
2025-10-29 01:30:00,240800.0,3123.0,3113.0,3114.0,3120.0,3124.0,3114.0,3115.0,3121.0,3123.5,3113.5,3114.5,3120.5
2025-10-29 01:35:00,323900.0,3124.0,3109.0,3120.0,3123.0,3125.0,3110.0,3121.0,3124.0,3124.5,3109.5,3120.5,3123.5
2025-10-29 01:40:00,260900.0,3126.0,3111.0,3123.0,3112.0,3127.0,3112.0,3124.0,3113.0,3126.5,3111.5,3123.5,3112.5
2025-10-29 01:45:00,176800.0,3117.0,3110.0,3112.0,3115.0,3118.0,3111.0,3113.0,3116.0,3117.5,3110.5,3112.5,3115.5
2025-10-29 01:50:00,269000.0,3123.0,3115.0,3115.0,3122.0,3124.0,3116.0,3116.0,3123.0,3123.5,3115.5,3115.5,3122.5
2025-10-29 01:55:00,504800.0,3133.0,3122.0,3122.0,3130.0,3134.0,3123.0,3123.0,3131.0,3133.5,3122.5,3122.5,3130.5
2025-10-29 02:00:00,228100.0,3134.0,3127.0,3130.0,3128.0,3135.0,3128.0,3131.0,3129.0,3134.5,3127.5,3130.5,3128.5
2025-10-29 02:05:00,189800.0,3129.0,3116.0,3128.0,3116.0,3130.0,3117.0,3129.0,3117.0,3129.5,3116.5,3128.5,3116.5
2025-10-29 02:10:00,289900.0,3132.0,3115.0,3116.0,3121.0,3133.0,3116.0,3117.0,3122.0,3132.5,3115.5,3116.5,3121.5
2025-10-29 02:15:00,190500.0,3128.0,3119.0,3121.0,3120.0,3129.0,3120.0,3122.0,3121.0,3128.5,3119.5,3121.5,3120.5
2025-10-29 02:20:00,343700.0,3121.0,3110.0,3120.0,3114.0,3122.0,3111.0,3121.0,3115.0,3121.5,3110.5,3120.5,3114.5
2025-10-29 02:25:00,494000.0,3114.0,3097.0,3114.0,3097.0,3115.0,3098.0,3115.0,3102.0,3114.5,3097.5,3114.5,3099.5
2025-10-29 02:30:00,15000.0,3097.0,3097.0,3097.0,3097.0,3102.0,3102.0,3102.0,3102.0,3099.5,3099.5,3099.5,3099.5
2025-10-29 03:30:00,781800.0,3118.0,3093.0,3095.0,3118.0,3119.0,3096.0,3096.0,3119.0,3118.5,3094.5,3095.5,3118.5
2025-10-29 03:35:00,523900.0,3124.0,3101.0,3118.0,3101.0,3125.0,3102.0,3119.0,3103.0,3124.5,3101.5,3118.5,3102.0
2025-10-29 03:40:00,703400.0,3102.0,3081.0,3101.0,3086.0,3104.0,3083.0,3103.0,3087.0,3103.0,3082.5,3102.0,3086.5
2025-10-29 03:45:00,446200.0,3104.0,3085.0,3086.0,3104.0,3105.0,3086.0,3087.0,3105.0,3104.5,3085.5,3086.5,3104.5
2025-10-29 03:50:00,465200.0,3116.0,3103.0,3104.0,3111.0,3118.0,3105.0,3105.0,3112.0,3116.5,3104.0,3104.5,3111.5
2025-10-29 03:55:00,396100.0,3115.0,3102.0,3111.0,3113.0,3116.0,3104.0,3112.0,3114.0,3115.5,3103.0,3111.5,3113.5
2025-10-29 04:00:00,262900.0,3115.0,3101.0,3113.0,3104.0,3116.0,3103.0,3114.0,3105.0,3115.5,3102.0,3113.5,3104.5
2025-10-29 04:05:00,275300.0,3104.0,3092.0,3104.0,3095.0,3105.0,3093.0,3105.0,3096.0,3104.5,3092.5,3104.5,3095.5
2025-10-29 04:10:00,297600.0,3095.0,3087.0,3095.0,3090.0,3096.0,3088.0,3096.0,3091.0,3095.5,3087.5,3095.5,3090.5
2025-10-29 04:15:00,187300.0,3095.0,3088.0,3090.0,3093.0,3096.0,3089.0,3091.0,3094.0,3095.5,3088.5,3090.5,3093.5
2025-10-29 04:20:00,199400.0,3099.0,3093.0,3093.0,3095.0,3100.0,3094.0,3094.0,3096.0,3099.5,3093.5,3093.5,3095.5
2025-10-29 04:25:00,269100.0,3099.0,3083.0,3095.0,3086.0,3100.0,3084.0,3096.0,3087.0,3099.5,3083.5,3095.5,3086.5
2025-10-29 04:30:00,184500.0,3096.0,3086.0,3086.0,3095.0,3097.0,3087.0,3087.0,3096.0,3096.5,3086.5,3086.5,3095.5
2025-10-29 04:35:00,165700.0,3098.0,3090.0,3095.0,3097.0,3099.0,3091.0,3096.0,3098.0,3098.5,3090.5,3095.5,3097.5
2025-10-29 04:40:00,126300.0,3097.0,3093.0,3097.0,3095.0,3098.0,3094.0,3098.0,3096.0,3097.5,3093.5,3097.5,3095.5
2025-10-29 04:45:00,175200.0,3098.0,3091.0,3095.0,3093.0,3099.0,3092.0,3096.0,3094.0,3098.5,3091.5,3095.5,3093.5
2025-10-29 04:50:00,154500.0,3095.0,3087.0,3093.0,3088.0,3096.0,3088.0,3094.0,3089.0,3095.5,3087.5,3093.5,3088.5
2025-10-29 04:55:00,164500.0,3090.0,3085.0,3088.0,3090.0,3091.0,3086.0,3089.0,3091.0,3090.5,3085.5,3088.5,3090.5
2025-10-29 05:00:00,111400.0,3093.0,3085.0,3090.0,3086.0,3094.0,3086.0,3091.0,3087.0,3093.5,3085.5,3090.5,3086.5
2025-10-29 05:05:00,570900.0,3088.0,3073.0,3086.0,3074.0,3089.0,3074.0,3087.0,3075.0,3088.5,3073.5,3086.5,3074.5
2025-10-29 05:10:00,189500.0,3081.0,3073.0,3074.0,3081.0,3082.0,3074.0,3075.0,3082.0,3081.5,3073.5,3074.5,3081.5
2025-10-29 05:15:00,245000.0,3092.0,3081.0,3081.0,3088.0,3093.0,3082.0,3082.0,3089.0,3092.5,3081.5,3081.5,3088.5
2025-10-29 05:20:00,182400.0,3091.0,3077.0,3088.0,3077.0,3092.0,3078.0,3089.0,3078.0,3091.5,3077.5,3088.5,3077.5
2025-10-29 05:25:00,274300.0,3079.0,3072.0,3077.0,3078.0,3080.0,3073.0,3078.0,3079.0,3079.5,3072.5,3077.5,3078.5
2025-10-29 05:30:00,237600.0,3082.0,3072.0,3078.0,3081.0,3083.0,3073.0,3079.0,3082.0,3082.5,3072.5,3078.5,3081.5
2025-10-29 05:35:00,155600.0,3083.0,3079.0,3081.0,3083.0,3084.0,3080.0,3082.0,3084.0,3083.5,3079.5,3081.5,3083.5
2025-10-29 05:40:00,166500.0,3083.0,3074.0,3083.0,3075.0,3084.0,3075.0,3084.0,3076.0,3083.5,3074.5,3083.5,3075.5
2025-10-29 05:45:00,179600.0,3082.0,3075.0,3075.0,3079.0,3083.0,3076.0,3076.0,3080.0,3082.5,3075.5,3075.5,3079.5
2025-10-29 05:50:00,192000.0,3087.0,3079.0,3079.0,3081.0,3088.0,3080.0,3080.0,3082.0,3087.5,3079.5,3079.5,3081.5
2025-10-29 05:55:00,149500.0,3082.0,3078.0,3081.0,3078.0,3083.0,3079.0,3082.0,3079.0,3082.5,3078.5,3081.5,3078.5
2025-10-29 06:00:00,190700.0,3083.0,3077.0,3078.0,3082.0,3084.0,3078.0,3079.0,3083.0,3083.5,3077.5,3078.5,3082.5
2025-10-29 06:05:00,189000.0,3086.0,3081.0,3082.0,3084.0,3087.0,3082.0,3083.0,3086.0,3086.5,3081.5,3082.5,3085.0
2025-10-29 06:10:00,245700.0,3093.0,3084.0,3084.0,3090.0,3094.0,3086.0,3086.0,3092.0,3093.5,3085.0,3085.0,3091.0
2025-10-29 06:15:00,191800.0,3092.0,3087.0,3090.0,3091.0,3093.0,3089.0,3092.0,3092.0,3092.5,3088.0,3091.0,3091.5
2025-10-29 06:20:00,366300.0,3092.0,3086.0,3091.0,3092.0,3093.0,3087.0,3092.0,3093.0,3092.5,3086.5,3091.5,3092.5
2025-10-29 06:25:00,,3139.0,3078.0,3093.0,3104.0,3140.0,3079.0,3094.0,3105.0,3139.5,3078.5,3093.5,3104.5
2025-10-29 06:30:00,1440900.0,3101.0,3101.0,3101.0,3101.0,3106.0,3106.0,3106.0,3106.0,3103.5,3103.5,3103.5,3103.5
2025-10-30 00:00:00,1836500.0,3129.0,3099.0,3109.0,3123.0,3130.0,3100.0,3110.0,3125.0,3129.5,3099.5,3109.5,3124.0
2025-10-30 00:05:00,630400.0,3125.0,3106.0,3123.0,3120.0,3126.0,3107.0,3125.0,3121.0,3125.5,3106.5,3124.0,3120.5
2025-10-30 00:10:00,443100.0,3120.0,3097.0,3120.0,3101.0,3121.0,3098.0,3121.0,3102.0,3120.5,3097.5,3120.5,3101.5
2025-10-30 00:15:00,534300.0,3119.0,3097.0,3101.0,3115.0,3120.0,3098.0,3102.0,3116.0,3119.5,3097.5,3101.5,3115.5
2025-10-30 00:20:00,569200.0,3123.0,3110.0,3115.0,3118.0,3124.0,3115.0,3116.0,3119.0,3123.5,3114.0,3115.5,3118.5
2025-10-30 00:25:00,830500.0,3133.0,3116.0,3118.0,3128.0,3134.0,3117.0,3119.0,3129.0,3133.5,3116.5,3118.5,3128.5
2025-10-30 00:30:00,596700.0,3139.0,3128.0,3128.0,3128.0,3140.0,3129.0,3129.0,3129.0,3139.5,3128.5,3128.5,3128.5
2025-10-30 00:35:00,525400.0,3143.0,3124.0,3128.0,3134.0,3144.0,3125.0,3129.0,3135.0,3143.5,3124.5,3128.5,3134.5
2025-10-30 00:40:00,308400.0,3140.0,3126.0,3134.0,3130.0,3141.0,3127.0,3135.0,3132.0,3140.5,3126.5,3134.5,3131.0
2025-10-30 00:45:00,301700.0,3139.0,3127.0,3130.0,3133.0,3140.0,3128.0,3132.0,3134.0,3139.5,3127.5,3131.0,3133.5
2025-10-30 00:50:00,305400.0,3141.0,3122.0,3133.0,3124.0,3142.0,3123.0,3134.0,3126.0,3141.5,3122.5,3133.5,3125.0
2025-10-30 00:55:00,349800.0,3135.0,3121.0,3124.0,3132.0,3136.0,3122.0,3126.0,3133.0,3135.5,3121.5,3125.0,3132.5
2025-10-30 01:00:00,422900.0,3141.0,3129.0,3132.0,3130.0,3142.0,3130.0,3133.0,3131.0,3141.5,3129.5,3132.5,3130.5
2025-10-30 01:05:00,914100.0,3152.0,3129.0,3130.0,3143.0,3153.0,3130.0,3131.0,3144.0,3152.5,3129.5,3130.5,3143.5
2025-10-30 01:10:00,217500.0,3148.0,3139.0,3143.0,3142.0,3149.0,3140.0,3144.0,3143.0,3148.5,3139.5,3143.5,3142.5
2025-10-30 01:15:00,193700.0,3149.0,3140.0,3142.0,3143.0,3150.0,3141.0,3143.0,3145.0,3149.5,3140.5,3142.5,3144.0
2025-10-30 01:20:00,473500.0,3157.0,3139.0,3143.0,3154.0,3158.0,3140.0,3145.0,3155.0,3157.5,3139.5,3144.0,3154.5
2025-10-30 01:25:00,398100.0,3156.0,3134.0,3154.0,3136.0,3157.0,3135.0,3155.0,3137.0,3156.5,3134.5,3154.5,3136.5
2025-10-30 01:30:00,392400.0,3142.0,3124.0,3136.0,3141.0,3143.0,3125.0,3137.0,3142.0,3142.5,3124.5,3136.5,3141.5
2025-10-30 01:35:00,279500.0,3153.0,3140.0,3141.0,3145.0,3154.0,3141.0,3142.0,3146.0,3153.5,3140.5,3141.5,3145.5
2025-10-30 01:40:00,235100.0,3154.0,3138.0,3145.0,3154.0,3155.0,3139.0,3146.0,3155.0,3154.5,3138.5,3145.5,3154.5
2025-10-30 01:45:00,198800.0,3154.0,3148.0,3154.0,3148.0,3155.0,3149.0,3155.0,3149.0,3154.5,3148.5,3154.5,3148.5
2025-10-30 01:50:00,194300.0,3150.0,3144.0,3148.0,3149.0,3151.0,3145.0,3149.0,3150.0,3150.5,3144.5,3148.5,3149.5
2025-10-30 01:55:00,283800.0,3151.0,3147.0,3149.0,3149.0,3152.0,3148.0,3150.0,3150.0,3151.5,3147.5,3149.5,3149.5
2025-10-30 02:00:00,260000.0,3153.0,3135.0,3149.0,3135.0,3154.0,3136.0,3150.0,3136.0,3153.5,3135.5,3149.5,3135.5
2025-10-30 02:05:00,316600.0,3145.0,3128.0,3135.0,3145.0,3146.0,3129.0,3136.0,3146.0,3145.5,3128.5,3135.5,3145.5
2025-10-30 02:10:00,292300.0,3154.0,3144.0,3145.0,3151.0,3155.0,3145.0,3146.0,3152.0,3154.5,3144.5,3145.5,3151.5
2025-10-30 02:15:00,127800.0,3153.0,3148.0,3151.0,3150.0,3154.0,3149.0,3152.0,3151.0,3153.5,3148.5,3151.5,3150.5
2025-10-30 02:20:00,118100.0,3151.0,3148.0,3150.0,3151.0,3152.0,3149.0,3151.0,3152.0,3151.5,3148.5,3150.5,3151.5
2025-10-30 02:25:00,301600.0,3152.0,3146.0,3151.0,3152.0,3154.0,3147.0,3152.0,3154.0,3153.0,3146.5,3151.5,3153.0
2025-10-30 02:30:00,6800.0,3151.0,3151.0,3151.0,3151.0,3154.0,3154.0,3154.0,3154.0,3152.5,3152.5,3152.5,3152.5
2025-10-30 03:30:00,1851900.0,3188.0,3151.0,3156.0,3184.0,3189.0,3157.0,3157.0,3185.0,3188.5,3154.0,3156.5,3184.5
2025-10-30 03:35:00,486000.0,3186.0,3174.0,3184.0,3184.0,3187.0,3177.0,3185.0,3186.0,3186.5,3176.5,3184.5,3185.0
2025-10-30 03:40:00,1508200.0,3205.0,3184.0,3184.0,3201.0,3206.0,3185.0,3186.0,3202.0,3205.5,3184.5,3185.0,3201.5
2025-10-30 03:45:00,1007300.0,3216.0,3200.0,3201.0,3205.0,3217.0,3201.0,3202.0,3206.0,3216.5,3200.5,3201.5,3205.5
2025-10-30 03:50:00,629700.0,3207.0,3193.0,3205.0,3203.0,3208.0,3195.0,3206.0,3204.0,3207.5,3194.0,3205.5,3203.5
2025-10-30 03:55:00,417300.0,3203.0,3188.0,3203.0,3192.0,3204.0,3189.0,3204.0,3194.0,3203.5,3188.5,3203.5,3193.0
2025-10-30 04:00:00,353600.0,3201.0,3192.0,3192.0,3196.0,3202.0,3193.0,3194.0,3197.0,3201.5,3192.5,3193.0,3196.5
2025-10-30 04:05:00,314600.0,3196.0,3184.0,3196.0,3185.0,3197.0,3185.0,3197.0,3186.0,3196.5,3184.5,3196.5,3185.5
2025-10-30 04:10:00,621000.0,3188.0,3163.0,3185.0,3183.0,3189.0,3164.0,3186.0,3184.0,3188.5,3163.5,3185.5,3183.5
2025-10-30 04:15:00,409700.0,3195.0,3175.0,3183.0,3190.0,3196.0,3176.0,3184.0,3192.0,3195.5,3175.5,3183.5,3191.0
2025-10-30 04:20:00,254700.0,3196.0,3186.0,3190.0,3186.0,3197.0,3187.0,3192.0,3187.0,3196.5,3186.5,3191.0,3186.5
2025-10-30 04:25:00,306300.0,3193.0,3179.0,3186.0,3182.0,3194.0,3180.0,3187.0,3184.0,3193.5,3179.5,3186.5,3183.0
2025-10-30 04:30:00,254600.0,3186.0,3175.0,3182.0,3183.0,3187.0,3176.0,3184.0,3185.0,3186.5,3175.5,3183.0,3184.0
2025-10-30 04:35:00,359900.0,3196.0,3183.0,3183.0,3190.0,3197.0,3185.0,3185.0,3192.0,3196.5,3184.0,3184.0,3191.0
2025-10-30 04:40:00,228300.0,3194.0,3182.0,3190.0,3185.0,3195.0,3183.0,3192.0,3186.0,3194.5,3182.5,3191.0,3185.5
2025-10-30 04:45:00,215600.0,3187.0,3176.0,3185.0,3179.0,3188.0,3178.0,3186.0,3181.0,3187.5,3177.0,3185.5,3180.0
2025-10-30 04:50:00,224400.0,3181.0,3173.0,3179.0,3179.0,3182.0,3174.0,3180.0,3180.0,3181.5,3173.5,3179.5,3179.5
2025-10-30 04:55:00,314600.0,3180.0,3161.0,3179.0,3163.0,3181.0,3162.0,3180.0,3164.0,3180.5,3161.5,3179.5,3163.5
2025-10-30 05:00:00,338900.0,3167.0,3156.0,3163.0,3166.0,3168.0,3157.0,3164.0,3167.0,3167.5,3156.5,3163.5,3166.5
2025-10-30 05:05:00,203300.0,3175.0,3166.0,3166.0,3172.0,3177.0,3167.0,3167.0,3174.0,3176.0,3166.5,3166.5,3173.0
2025-10-30 05:10:00,289100.0,3183.0,3172.0,3172.0,3181.0,3184.0,3174.0,3174.0,3182.0,3183.5,3173.0,3173.0,3181.5
2025-10-30 05:15:00,188600.0,3183.0,3178.0,3181.0,3182.0,3184.0,3179.0,3182.0,3183.0,3183.5,3178.5,3181.5,3182.5
2025-10-30 05:20:00,151400.0,3184.0,3177.0,3182.0,3184.0,3185.0,3178.0,3183.0,3185.0,3184.5,3177.5,3182.5,3184.5
2025-10-30 05:25:00,316200.0,3194.0,3184.0,3184.0,3194.0,3195.0,3185.0,3185.0,3195.0,3194.5,3184.5,3184.5,3194.5
2025-10-30 05:30:00,382300.0,3198.0,3191.0,3194.0,3196.0,3199.0,3192.0,3195.0,3198.0,3198.5,3191.5,3194.5,3197.0
2025-10-30 05:35:00,562600.0,3202.0,3196.0,3196.0,3199.0,3203.0,3197.0,3198.0,3200.0,3202.5,3196.5,3197.0,3199.5
2025-10-30 05:40:00,185200.0,3199.0,3192.0,3199.0,3195.0,3200.0,3194.0,3200.0,3196.0,3199.5,3193.0,3199.5,3195.5
2025-10-30 05:45:00,211400.0,3199.0,3194.0,3195.0,3197.0,3200.0,3195.0,3196.0,3199.0,3199.5,3194.5,3195.5,3198.0
2025-10-30 05:50:00,193800.0,3199.0,3196.0,3197.0,3197.0,3200.0,3197.0,3199.0,3198.0,3199.5,3196.5,3198.0,3197.5
2025-10-30 05:55:00,183000.0,3197.0,3192.0,3197.0,3192.0,3198.0,3193.0,3198.0,3194.0,3197.5,3192.5,3197.5,3193.0
2025-10-30 06:00:00,278500.0,3198.0,3190.0,3192.0,3193.0,3199.0,3191.0,3194.0,3195.0,3198.5,3190.5,3193.0,3194.0
2025-10-30 06:05:00,240300.0,3195.0,3182.0,3193.0,3184.0,3196.0,3183.0,3195.0,3185.0,3195.5,3182.5,3194.0,3184.5
2025-10-30 06:10:00,265600.0,3187.0,3178.0,3184.0,3183.0,3188.0,3179.0,3185.0,3184.0,3187.5,3178.5,3184.5,3183.5
2025-10-30 06:15:00,256100.0,3186.0,3174.0,3183.0,3174.0,3187.0,3175.0,3184.0,3175.0,3186.5,3174.5,3183.5,3174.5
2025-10-30 06:20:00,366400.0,3187.0,3173.0,3174.0,3181.0,3189.0,3174.0,3175.0,3185.0,3187.5,3173.5,3174.5,3183.0
2025-10-30 06:25:00,,3182.0,3020.0,3029.0,3182.0,3183.0,3021.0,3030.0,3183.0,3182.5,3020.5,3029.5,3182.5
2025-10-30 06:30:00,7720600.0,3181.0,3181.0,3181.0,3181.0,3183.0,3183.0,3183.0,3183.0,3182.0,3182.0,3182.0,3182.0
2025-10-31 00:00:00,1297200.0,3178.0,3132.0,3161.0,3170.0,3179.0,3135.0,3162.0,3171.0,3178.5,3134.0,3161.5,3170.5
2025-10-31 00:05:00,637100.0,3172.0,3145.0,3170.0,3159.0,3175.0,3146.0,3171.0,3160.0,3173.0,3145.5,3170.5,3159.5
2025-10-31 00:10:00,392400.0,3171.0,3150.0,3159.0,3170.0,3172.0,3151.0,3160.0,3171.0,3171.5,3150.5,3159.5,3170.5
2025-10-31 00:15:00,405100.0,3175.0,3161.0,3170.0,3170.0,3176.0,3162.0,3171.0,3171.0,3175.5,3161.5,3170.5,3170.5
2025-10-31 00:20:00,299000.0,3174.0,3161.0,3170.0,3173.0,3175.0,3162.0,3171.0,3175.0,3174.5,3161.5,3170.5,3174.0
2025-10-31 00:25:00,410300.0,3179.0,3166.0,3173.0,3172.0,3180.0,3167.0,3175.0,3173.0,3179.5,3166.5,3174.0,3172.5
2025-10-31 00:30:00,360500.0,3181.0,3167.0,3172.0,3176.0,3182.0,3168.0,3173.0,3177.0,3181.5,3167.5,3172.5,3176.5
2025-10-31 00:35:00,686800.0,3191.0,3176.0,3176.0,3191.0,3193.0,3177.0,3177.0,3192.0,3192.0,3176.5,3176.5,3191.5
2025-10-31 00:40:00,608200.0,3197.0,3184.0,3191.0,3188.0,3198.0,3185.0,3192.0,3189.0,3197.5,3184.5,3191.5,3188.5
2025-10-31 00:45:00,754200.0,3206.0,3185.0,3188.0,3198.0,3207.0,3186.0,3189.0,3200.0,3206.5,3185.5,3188.5,3199.0
2025-10-31 00:50:00,533100.0,3207.0,3195.0,3198.0,3205.0,3208.0,3196.0,3200.0,3206.0,3207.5,3195.5,3199.0,3205.5
2025-10-31 00:55:00,457500.0,3207.0,3191.0,3205.0,3202.0,3208.0,3192.0,3206.0,3203.0,3207.5,3191.5,3205.5,3202.5
2025-10-31 01:00:00,860200.0,3214.0,3190.0,3202.0,3190.0,3215.0,3191.0,3203.0,3192.0,3214.5,3190.5,3202.5,3191.0
2025-10-31 01:05:00,698200.0,3194.0,3176.0,3190.0,3177.0,3195.0,3178.0,3192.0,3178.0,3194.5,3177.0,3191.0,3177.5
2025-10-31 01:10:00,353900.0,3188.0,3173.0,3177.0,3187.0,3189.0,3174.0,3178.0,3188.0,3188.5,3173.5,3177.5,3187.5
2025-10-31 01:15:00,354800.0,3193.0,3178.0,3187.0,3181.0,3194.0,3179.0,3188.0,3182.0,3193.5,3178.5,3187.5,3181.5
2025-10-31 01:20:00,232700.0,3194.0,3180.0,3181.0,3187.0,3195.0,3181.0,3182.0,3188.0,3194.5,3180.5,3181.5,3187.5
2025-10-31 01:25:00,267500.0,3191.0,3181.0,3187.0,3187.0,3193.0,3182.0,3188.0,3188.0,3192.0,3181.5,3187.5,3187.5
2025-10-31 01:30:00,151300.0,3193.0,3183.0,3187.0,3189.0,3194.0,3184.0,3188.0,3190.0,3193.5,3183.5,3187.5,3189.5
2025-10-31 01:35:00,204700.0,3191.0,3181.0,3189.0,3187.0,3192.0,3182.0,3190.0,3188.0,3191.5,3181.5,3189.5,3187.5
2025-10-31 01:40:00,240200.0,3187.0,3175.0,3187.0,3176.0,3189.0,3177.0,3188.0,3177.0,3188.0,3176.0,3187.5,3176.5
2025-10-31 01:45:00,394100.0,3184.0,3165.0,3176.0,3183.0,3185.0,3166.0,3177.0,3185.0,3184.5,3165.5,3176.5,3184.0
2025-10-31 01:50:00,280600.0,3189.0,3182.0,3183.0,3188.0,3190.0,3183.0,3185.0,3189.0,3189.5,3182.5,3184.0,3188.5
2025-10-31 01:55:00,237100.0,3192.0,3186.0,3188.0,3191.0,3193.0,3187.0,3189.0,3192.0,3192.5,3186.5,3188.5,3191.5
2025-10-31 02:00:00,554700.0,3199.0,3187.0,3191.0,3191.0,3200.0,3188.0,3192.0,3192.0,3199.5,3187.5,3191.5,3191.5
2025-10-31 02:05:00,182100.0,3196.0,3186.0,3191.0,3191.0,3197.0,3187.0,3192.0,3192.0,3196.5,3186.5,3191.5,3191.5
2025-10-31 02:10:00,545000.0,3208.0,3188.0,3191.0,3207.0,3209.0,3190.0,3192.0,3208.0,3208.5,3189.0,3191.5,3207.5
2025-10-31 02:15:00,407400.0,3212.0,3204.0,3207.0,3208.0,3213.0,3205.0,3208.0,3210.0,3212.5,3204.5,3207.5,3209.0
2025-10-31 02:20:00,203200.0,3210.0,3203.0,3208.0,3205.0,3212.0,3204.0,3210.0,3207.0,3211.0,3203.5,3209.0,3206.0
2025-10-31 02:25:00,420900.0,3217.0,3200.0,3205.0,3217.0,3218.0,3201.0,3207.0,3218.0,3217.5,3200.5,3206.0,3217.5
2025-10-31 02:30:00,12700.0,3216.0,3216.0,3216.0,3216.0,3218.0,3218.0,3218.0,3218.0,3217.0,3217.0,3217.0,3217.0
2025-10-31 03:30:00,601700.0,3215.0,3203.0,3214.0,3206.0,3216.0,3205.0,3215.0,3208.0,3215.5,3204.0,3214.5,3207.0
2025-10-31 03:35:00,345700.0,3211.0,3198.0,3206.0,3200.0,3212.0,3199.0,3208.0,3201.0,3211.5,3198.5,3207.0,3200.5
2025-10-31 03:40:00,193400.0,3200.0,3194.0,3200.0,3194.0,3201.0,3195.0,3201.0,3196.0,3200.5,3194.5,3200.5,3195.0
2025-10-31 03:45:00,194800.0,3203.0,3194.0,3194.0,3198.0,3204.0,3195.0,3196.0,3199.0,3203.5,3194.5,3195.0,3198.5
2025-10-31 03:50:00,229200.0,3208.0,3197.0,3198.0,3206.0,3209.0,3198.0,3199.0,3207.0,3208.5,3197.5,3198.5,3206.5
2025-10-31 03:55:00,146700.0,3209.0,3202.0,3206.0,3206.0,3210.0,3203.0,3207.0,3207.0,3209.5,3202.5,3206.5,3206.5
2025-10-31 04:00:00,77500.0,3206.0,3202.0,3206.0,3203.0,3207.0,3203.0,3207.0,3204.0,3206.5,3202.5,3206.5,3203.5
2025-10-31 04:05:00,120300.0,3205.0,3200.0,3203.0,3204.0,3206.0,3201.0,3204.0,3205.0,3205.5,3200.5,3203.5,3204.5
2025-10-31 04:10:00,112000.0,3207.0,3203.0,3204.0,3204.0,3208.0,3204.0,3205.0,3205.0,3207.5,3203.5,3204.5,3204.5
2025-10-31 04:15:00,274100.0,3210.0,3200.0,3204.0,3209.0,3211.0,3201.0,3205.0,3210.0,3210.5,3200.5,3204.5,3209.5
2025-10-31 04:20:00,132300.0,3210.0,3203.0,3209.0,3203.0,3211.0,3204.0,3210.0,3205.0,3210.5,3203.5,3209.5,3204.0
2025-10-31 04:25:00,91700.0,3209.0,3203.0,3203.0,3206.0,3210.0,3204.0,3204.0,3207.0,3209.5,3203.5,3203.5,3206.5
2025-10-31 04:30:00,104400.0,3208.0,3204.0,3206.0,3207.0,3209.0,3205.0,3207.0,3208.0,3208.5,3204.5,3206.5,3207.5
2025-10-31 04:35:00,169700.0,3209.0,3206.0,3207.0,3209.0,3210.0,3207.0,3208.0,3210.0,3209.5,3206.5,3207.5,3209.5
2025-10-31 04:40:00,1180100.0,3232.0,3209.0,3209.0,3230.0,3233.0,3210.0,3210.0,3231.0,3232.5,3209.5,3209.5,3230.5
2025-10-31 04:45:00,511900.0,3231.0,3213.0,3230.0,3224.0,3233.0,3214.0,3231.0,3225.0,3232.0,3213.5,3230.5,3224.5
2025-10-31 04:50:00,325100.0,3225.0,3218.0,3224.0,3223.0,3226.0,3219.0,3225.0,3224.0,3225.5,3218.5,3224.5,3223.5
2025-10-31 04:55:00,258200.0,3227.0,3220.0,3223.0,3224.0,3228.0,3221.0,3224.0,3225.0,3227.5,3220.5,3223.5,3224.5
2025-10-31 05:00:00,284000.0,3226.0,3215.0,3224.0,3220.0,3227.0,3216.0,3225.0,3222.0,3226.5,3215.5,3224.5,3221.0
2025-10-31 05:05:00,200000.0,3224.0,3215.0,3220.0,3216.0,3225.0,3216.0,3222.0,3217.0,3224.5,3215.5,3221.0,3216.5
2025-10-31 05:10:00,168500.0,3218.0,3213.0,3216.0,3218.0,3219.0,3214.0,3217.0,3219.0,3218.5,3213.5,3216.5,3218.5
2025-10-31 05:15:00,119500.0,3218.0,3212.0,3218.0,3217.0,3219.0,3213.0,3219.0,3218.0,3218.5,3212.5,3218.5,3217.5
2025-10-31 05:20:00,295500.0,3220.0,3211.0,3217.0,3220.0,3221.0,3212.0,3218.0,3221.0,3220.5,3211.5,3217.5,3220.5
2025-10-31 05:25:00,160400.0,3221.0,3216.0,3220.0,3216.0,3222.0,3217.0,3221.0,3218.0,3221.5,3216.5,3220.5,3217.0
2025-10-31 05:30:00,185900.0,3217.0,3210.0,3216.0,3214.0,3218.0,3211.0,3218.0,3215.0,3217.5,3210.5,3217.0,3214.5
2025-10-31 05:35:00,159900.0,3215.0,3209.0,3214.0,3212.0,3216.0,3210.0,3215.0,3213.0,3215.5,3209.5,3214.5,3212.5
2025-10-31 05:40:00,213600.0,3216.0,3207.0,3212.0,3215.0,3217.0,3208.0,3213.0,3217.0,3216.5,3207.5,3212.5,3216.0
2025-10-31 05:45:00,369000.0,3221.0,3213.0,3216.0,3216.0,3222.0,3215.0,3217.0,3217.0,3221.5,3214.0,3216.5,3216.5
2025-10-31 05:50:00,229000.0,3216.0,3207.0,3216.0,3213.0,3217.0,3208.0,3217.0,3214.0,3216.5,3207.5,3216.5,3213.5
2025-10-31 05:55:00,162100.0,3216.0,3212.0,3213.0,3213.0,3217.0,3213.0,3214.0,3214.0,3216.5,3212.5,3213.5,3213.5
2025-10-31 06:00:00,1019600.0,3222.0,3203.0,3213.0,3218.0,3223.0,3204.0,3214.0,3219.0,3222.5,3203.5,3213.5,3218.5
2025-10-31 06:05:00,263300.0,3224.0,3213.0,3218.0,3215.0,3225.0,3214.0,3219.0,3216.0,3224.5,3213.5,3218.5,3215.5
2025-10-31 06:10:00,191700.0,3222.0,3214.0,3215.0,3220.0,3223.0,3215.0,3216.0,3221.0,3222.5,3214.5,3215.5,3220.5
2025-10-31 06:15:00,160800.0,3220.0,3215.0,3220.0,3216.0,3221.0,3216.0,3221.0,3217.0,3220.5,3215.5,3220.5,3216.5
2025-10-31 06:20:00,312900.0,3219.0,3212.0,3216.0,3216.0,3220.0,3214.0,3217.0,3217.0,3219.5,3213.0,3216.5,3216.5
2025-10-31 06:25:00,,3223.0,3205.0,3220.0,3215.0,3224.0,3206.0,3221.0,3216.0,3223.5,3205.5,3220.5,3215.5
2025-10-31 06:30:00,1232200.0,3215.0,3215.0,3215.0,3215.0,3216.0,3216.0,3216.0,3216.0,3215.5,3215.5,3215.5,3215.5
2025-11-04 00:00:00,2149900.0,3249.0,3205.0,3235.0,3224.0,3250.0,3206.0,3236.0,3226.0,3249.5,3205.5,3235.5,3225.0
2025-11-04 00:05:00,797300.0,3241.0,3201.0,3224.0,3212.0,3242.0,3202.0,3226.0,3213.0,3241.5,3201.5,3225.0,3212.5
2025-11-04 00:10:00,371700.0,3214.0,3202.0,3212.0,3204.0,3215.0,3203.0,3213.0,3205.0,3214.5,3202.5,3212.5,3204.5
2025-11-04 00:15:00,893600.0,3204.0,3180.0,3204.0,3188.0,3205.0,3181.0,3205.0,3189.0,3204.5,3180.5,3204.5,3188.5
2025-11-04 00:20:00,381000.0,3202.0,3182.0,3188.0,3194.0,3203.0,3183.0,3189.0,3195.0,3202.5,3182.5,3188.5,3194.5
2025-11-04 00:25:00,466200.0,3198.0,3183.0,3194.0,3189.0,3199.0,3187.0,3195.0,3191.0,3198.5,3186.5,3194.5,3190.0
2025-11-04 00:30:00,267700.0,3202.0,3189.0,3189.0,3202.0,3203.0,3191.0,3191.0,3203.0,3202.5,3190.0,3190.0,3202.5
2025-11-04 00:35:00,264600.0,3208.0,3198.0,3202.0,3200.0,3209.0,3199.0,3203.0,3201.0,3208.5,3198.5,3202.5,3200.5
2025-11-04 00:40:00,184100.0,3202.0,3193.0,3200.0,3198.0,3203.0,3194.0,3201.0,3199.0,3202.5,3193.5,3200.5,3198.5
2025-11-04 00:45:00,251600.0,3211.0,3191.0,3198.0,3211.0,3212.0,3192.0,3199.0,3212.0,3211.5,3191.5,3198.5,3211.5
2025-11-04 00:50:00,399300.0,3223.0,3208.0,3211.0,3223.0,3224.0,3210.0,3212.0,3224.0,3223.5,3209.5,3211.5,3223.5
2025-11-04 00:55:00,318800.0,3226.0,3217.0,3223.0,3224.0,3228.0,3218.0,3224.0,3226.0,3227.0,3217.5,3223.5,3225.0
2025-11-04 01:00:00,461200.0,3232.0,3222.0,3225.0,3228.0,3233.0,3223.0,3226.0,3229.0,3232.5,3222.5,3225.5,3228.5
2025-11-04 01:05:00,298400.0,3232.0,3221.0,3228.0,3224.0,3233.0,3222.0,3229.0,3225.0,3232.5,3221.5,3228.5,3224.5
2025-11-04 01:10:00,200900.0,3224.0,3214.0,3224.0,3216.0,3225.0,3215.0,3225.0,3217.0,3224.5,3214.5,3224.5,3216.5
2025-11-04 01:15:00,288500.0,3229.0,3212.0,3216.0,3228.0,3230.0,3213.0,3217.0,3229.0,3229.5,3212.5,3216.5,3228.5
2025-11-04 01:20:00,327100.0,3239.0,3228.0,3228.0,3232.0,3240.0,3229.0,3229.0,3233.0,3239.5,3228.5,3228.5,3232.5
2025-11-04 01:25:00,251800.0,3233.0,3217.0,3232.0,3226.0,3234.0,3219.0,3233.0,3227.0,3233.5,3218.5,3232.5,3226.5
2025-11-04 01:30:00,253500.0,3233.0,3221.0,3226.0,3233.0,3234.0,3223.0,3227.0,3234.0,3233.5,3222.0,3226.5,3233.5
2025-11-04 01:35:00,232600.0,3238.0,3232.0,3233.0,3234.0,3239.0,3233.0,3234.0,3235.0,3238.5,3232.5,3233.5,3234.5
2025-11-04 01:40:00,249300.0,3237.0,3220.0,3234.0,3227.0,3238.0,3221.0,3235.0,3228.0,3237.5,3220.5,3234.5,3227.5
2025-11-04 01:45:00,177900.0,3235.0,3222.0,3227.0,3223.0,3236.0,3223.0,3229.0,3224.0,3235.5,3222.5,3228.0,3223.5
2025-11-04 01:50:00,358300.0,3223.0,3201.0,3223.0,3216.0,3224.0,3202.0,3224.0,3218.0,3223.5,3201.5,3223.5,3217.0
2025-11-04 01:55:00,197900.0,3219.0,3208.0,3216.0,3208.0,3220.0,3209.0,3218.0,3209.0,3219.5,3208.5,3217.0,3208.5
2025-11-04 02:00:00,464300.0,3208.0,3195.0,3208.0,3205.0,3209.0,3196.0,3209.0,3207.0,3208.5,3195.5,3208.5,3206.0
2025-11-04 02:05:00,271100.0,3212.0,3201.0,3205.0,3209.0,3213.0,3202.0,3207.0,3210.0,3212.5,3201.5,3206.0,3209.5
2025-11-04 02:10:00,160200.0,3217.0,3209.0,3209.0,3217.0,3218.0,3210.0,3210.0,3218.0,3217.5,3209.5,3209.5,3217.5
2025-11-04 02:15:00,147900.0,3220.0,3211.0,3217.0,3212.0,3221.0,3212.0,3218.0,3213.0,3220.5,3211.5,3217.5,3212.5
2025-11-04 02:20:00,95000.0,3218.0,3212.0,3212.0,3213.0,3219.0,3213.0,3213.0,3215.0,3218.5,3212.5,3212.5,3214.0
2025-11-04 02:25:00,141900.0,3219.0,3213.0,3213.0,3219.0,3220.0,3214.0,3215.0,3220.0,3219.5,3213.5,3214.0,3219.5
2025-11-04 02:30:00,17300.0,3219.0,3219.0,3219.0,3219.0,3220.0,3220.0,3220.0,3220.0,3219.5,3219.5,3219.5,3219.5
2025-11-04 03:30:00,818700.0,3226.0,3213.0,3219.0,3218.0,3227.0,3214.0,3220.0,3219.0,3226.5,3213.5,3219.5,3218.5
2025-11-04 03:35:00,309600.0,3226.0,3210.0,3218.0,3211.0,3227.0,3211.0,3219.0,3212.0,3226.5,3210.5,3218.5,3211.5
2025-11-04 03:40:00,320400.0,3215.0,3202.0,3211.0,3209.0,3216.0,3203.0,3212.0,3210.0,3215.5,3202.5,3211.5,3209.5
2025-11-04 03:45:00,303500.0,3209.0,3197.0,3209.0,3198.0,3210.0,3198.0,3210.0,3199.0,3209.5,3197.5,3209.5,3198.5
2025-11-04 03:50:00,134700.0,3206.0,3197.0,3198.0,3203.0,3207.0,3198.0,3199.0,3205.0,3206.5,3197.5,3198.5,3204.0
2025-11-04 03:55:00,283000.0,3203.0,3192.0,3203.0,3192.0,3205.0,3193.0,3205.0,3193.0,3204.0,3192.5,3204.0,3192.5
2025-11-04 04:00:00,146800.0,3200.0,3192.0,3192.0,3198.0,3201.0,3193.0,3193.0,3200.0,3200.5,3192.5,3192.5,3199.0
2025-11-04 04:05:00,140900.0,3203.0,3195.0,3198.0,3203.0,3204.0,3196.0,3200.0,3204.0,3203.5,3195.5,3199.0,3203.5
2025-11-04 04:10:00,166200.0,3206.0,3194.0,3203.0,3195.0,3207.0,3195.0,3204.0,3196.0,3206.5,3194.5,3203.5,3195.5
2025-11-04 04:15:00,92200.0,3202.0,3195.0,3195.0,3201.0,3203.0,3196.0,3196.0,3202.0,3202.5,3195.5,3195.5,3201.5
2025-11-04 04:20:00,152200.0,3203.0,3195.0,3201.0,3196.0,3204.0,3196.0,3202.0,3197.0,3203.5,3195.5,3201.5,3196.5
2025-11-04 04:25:00,132400.0,3196.0,3191.0,3196.0,3195.0,3197.0,3192.0,3197.0,3196.0,3196.5,3191.5,3196.5,3195.5
2025-11-04 04:30:00,102200.0,3201.0,3193.0,3195.0,3193.0,3202.0,3194.0,3196.0,3194.0,3201.5,3193.5,3195.5,3193.5
2025-11-04 04:35:00,339900.0,3193.0,3186.0,3193.0,3188.0,3195.0,3187.0,3194.0,3189.0,3193.5,3186.5,3193.5,3188.5
2025-11-04 04:40:00,115000.0,3195.0,3188.0,3188.0,3195.0,3196.0,3189.0,3189.0,3196.0,3195.5,3188.5,3188.5,3195.5
2025-11-04 04:45:00,148900.0,3198.0,3192.0,3195.0,3193.0,3199.0,3193.0,3196.0,3194.0,3198.5,3192.5,3195.5,3193.5
2025-11-04 04:50:00,87400.0,3196.0,3191.0,3193.0,3194.0,3197.0,3192.0,3194.0,3195.0,3196.5,3191.5,3193.5,3194.5
2025-11-04 04:55:00,93200.0,3198.0,3194.0,3194.0,3197.0,3199.0,3195.0,3195.0,3198.0,3198.5,3194.5,3194.5,3197.5
2025-11-04 05:00:00,75800.0,3197.0,3193.0,3197.0,3194.0,3198.0,3194.0,3198.0,3195.0,3197.5,3193.5,3197.5,3194.5
2025-11-04 05:05:00,78200.0,3196.0,3192.0,3194.0,3195.0,3197.0,3194.0,3195.0,3196.0,3196.5,3193.0,3194.5,3195.5
2025-11-04 05:10:00,219000.0,3196.0,3185.0,3195.0,3185.0,3197.0,3186.0,3196.0,3186.0,3196.5,3185.5,3195.5,3185.5
2025-11-04 05:15:00,144900.0,3188.0,3184.0,3185.0,3185.0,3189.0,3185.0,3186.0,3187.0,3188.5,3184.5,3185.5,3186.0
2025-11-04 05:20:00,493900.0,3186.0,3175.0,3185.0,3175.0,3187.0,3176.0,3187.0,3176.0,3186.5,3175.5,3186.0,3175.5
2025-11-04 05:25:00,360900.0,3176.0,3169.0,3175.0,3170.0,3177.0,3170.0,3176.0,3171.0,3176.5,3169.5,3175.5,3170.5
2025-11-04 05:30:00,235200.0,3172.0,3167.0,3170.0,3167.0,3174.0,3168.0,3171.0,3168.0,3172.5,3167.5,3170.5,3167.5
2025-11-04 05:35:00,150500.0,3174.0,3165.0,3167.0,3169.0,3175.0,3166.0,3168.0,3170.0,3174.5,3165.5,3167.5,3169.5
2025-11-04 05:40:00,431400.0,3169.0,3152.0,3169.0,3154.0,3170.0,3153.0,3170.0,3156.0,3169.5,3152.5,3169.5,3155.0
2025-11-04 05:45:00,200000.0,3162.0,3152.0,3154.0,3154.0,3163.0,3153.0,3156.0,3155.0,3162.5,3152.5,3155.0,3154.5
2025-11-04 05:50:00,201400.0,3164.0,3152.0,3154.0,3157.0,3165.0,3153.0,3155.0,3158.0,3164.5,3152.5,3154.5,3157.5
2025-11-04 05:55:00,201300.0,3168.0,3156.0,3157.0,3168.0,3169.0,3157.0,3158.0,3169.0,3168.5,3156.5,3157.5,3168.5
2025-11-04 06:00:00,215800.0,3168.0,3155.0,3168.0,3157.0,3170.0,3156.0,3169.0,3158.0,3169.0,3155.5,3168.5,3157.5
2025-11-04 06:05:00,502500.0,3159.0,3146.0,3157.0,3149.0,3160.0,3147.0,3158.0,3151.0,3159.5,3146.5,3157.5,3150.0
2025-11-04 06:10:00,278800.0,3152.0,3140.0,3149.0,3145.0,3153.0,3141.0,3151.0,3146.0,3152.5,3140.5,3150.0,3145.5
2025-11-04 06:15:00,188900.0,3148.0,3141.0,3145.0,3145.0,3149.0,3142.0,3146.0,3147.0,3148.5,3141.5,3145.5,3146.0
2025-11-04 06:20:00,212300.0,3151.0,3145.0,3145.0,3149.0,3152.0,3146.0,3147.0,3150.0,3151.5,3145.5,3146.0,3149.5
2025-11-04 06:25:00,,3159.0,3140.0,3146.0,3146.0,3160.0,3141.0,3147.0,3147.0,3159.5,3140.5,3146.5,3146.5
2025-11-04 06:30:00,865500.0,3146.0,3146.0,3146.0,3146.0,3148.0,3148.0,3148.0,3148.0,3147.0,3147.0,3147.0,3147.0
2025-11-05 00:00:00,1913800.0,3129.0,3090.0,3099.0,3094.0,3130.0,3091.0,3100.0,3095.0,3129.5,3090.5,3099.5,3094.5
2025-11-05 00:05:00,947300.0,3094.0,3053.0,3094.0,3066.0,3095.0,3054.0,3095.0,3067.0,3094.5,3053.5,3094.5,3066.5
2025-11-05 00:10:00,758100.0,3074.0,3052.0,3066.0,3070.0,3075.0,3054.0,3067.0,3071.0,3074.5,3053.5,3066.5,3070.5
2025-11-05 00:15:00,698000.0,3073.0,3056.0,3070.0,3060.0,3074.0,3057.0,3071.0,3061.0,3073.5,3056.5,3070.5,3060.5
2025-11-05 00:20:00,445000.0,3077.0,3057.0,3059.0,3073.0,3078.0,3058.0,3061.0,3074.0,3077.5,3057.5,3060.0,3073.5
2025-11-05 00:25:00,736600.0,3073.0,3047.0,3073.0,3051.0,3074.0,3048.0,3074.0,3052.0,3073.5,3047.5,3073.5,3051.5
2025-11-05 00:30:00,511400.0,3051.0,3036.0,3051.0,3041.0,3053.0,3037.0,3052.0,3042.0,3052.0,3036.5,3051.5,3041.5
2025-11-05 00:35:00,401500.0,3051.0,3033.0,3041.0,3034.0,3052.0,3034.0,3042.0,3036.0,3051.5,3033.5,3041.5,3035.0
2025-11-05 00:40:00,410600.0,3042.0,3030.0,3034.0,3037.0,3043.0,3031.0,3036.0,3038.0,3042.5,3030.5,3035.0,3037.5
2025-11-05 00:45:00,296100.0,3046.0,3036.0,3037.0,3043.0,3047.0,3038.0,3038.0,3044.0,3046.5,3037.0,3037.5,3043.5
2025-11-05 00:50:00,269600.0,3056.0,3042.0,3043.0,3054.0,3057.0,3043.0,3044.0,3055.0,3056.5,3042.5,3043.5,3054.5
2025-11-05 00:55:00,241700.0,3056.0,3040.0,3054.0,3040.0,3057.0,3041.0,3055.0,3041.0,3056.5,3040.5,3054.5,3040.5
2025-11-05 01:00:00,475000.0,3045.0,3023.0,3040.0,3023.0,3046.0,3024.0,3041.0,3024.0,3045.5,3023.5,3040.5,3023.5
2025-11-05 01:05:00,327200.0,3028.0,3020.0,3023.0,3024.0,3029.0,3021.0,3024.0,3026.0,3028.5,3020.5,3023.5,3025.0
2025-11-05 01:10:00,253900.0,3033.0,3021.0,3024.0,3022.0,3034.0,3022.0,3026.0,3023.0,3033.5,3021.5,3025.0,3022.5
2025-11-05 01:15:00,556100.0,3023.0,3002.0,3022.0,3005.0,3025.0,3005.0,3023.0,3006.0,3024.0,3003.5,3022.5,3005.5
2025-11-05 01:20:00,1204900.0,3007.0,2980.0,3005.0,2983.5,3008.0,2980.5,3006.0,2984.5,3007.5,2980.25,3005.5,2984.0
2025-11-05 01:25:00,641300.0,2992.0,2972.5,2983.5,2981.0,2993.0,2973.0,2984.5,2981.5,2992.25,2972.75,2984.0,2981.25
2025-11-05 01:30:00,682800.0,2992.5,2966.0,2981.0,2972.0,2993.0,2966.5,2981.5,2972.5,2992.75,2966.25,2981.25,2972.25
2025-11-05 01:35:00,683300.0,2979.5,2953.0,2972.0,2955.5,2980.0,2953.5,2972.5,2956.0,2979.75,2953.25,2972.25,2955.75
2025-11-05 01:40:00,441700.0,2969.5,2952.5,2955.5,2957.5,2970.0,2953.0,2956.0,2958.5,2969.75,2952.75,2955.75,2958.0
2025-11-05 01:45:00,321200.0,2977.5,2955.5,2957.5,2975.5,2978.0,2956.5,2958.5,2976.5,2977.75,2956.25,2958.0,2976.0
2025-11-05 01:50:00,285100.0,2977.5,2961.0,2975.5,2973.5,2978.0,2961.5,2976.5,2974.5,2977.75,2961.25,2976.0,2974.0
2025-11-05 01:55:00,357300.0,2983.5,2966.5,2973.5,2983.0,2984.0,2967.5,2974.5,2984.0,2983.75,2967.25,2974.0,2983.5
2025-11-05 02:00:00,505500.0,2983.5,2965.0,2983.0,2974.0,2984.0,2965.5,2984.0,2975.0,2983.75,2965.25,2983.5,2974.5
2025-11-05 02:05:00,312300.0,2978.0,2963.0,2974.0,2974.0,2979.0,2963.5,2975.0,2975.0,2978.5,2963.25,2974.5,2974.5
2025-11-05 02:10:00,252600.0,2975.0,2963.0,2974.0,2967.5,2975.5,2964.0,2974.5,2968.0,2975.25,2963.5,2974.25,2967.75
2025-11-05 02:15:00,198800.0,2970.0,2961.0,2967.5,2969.0,2971.0,2961.5,2968.0,2970.0,2970.5,2961.25,2967.75,2969.5
2025-11-05 02:20:00,258900.0,2972.0,2960.0,2969.0,2970.5,2972.5,2960.5,2970.0,2971.0,2972.25,2960.25,2969.5,2970.75
2025-11-05 02:25:00,258300.0,2971.5,2954.5,2970.5,2954.5,2972.5,2955.5,2971.0,2956.5,2972.0,2955.0,2970.75,2955.5
2025-11-05 02:30:00,21500.0,2954.5,2954.5,2954.5,2954.5,2958.0,2958.0,2958.0,2958.0,2956.25,2956.25,2956.25,2956.25
2025-11-05 03:30:00,1042900.0,3042.0,2986.5,2994.5,3042.0,3043.0,2992.0,2995.0,3043.0,3042.5,2989.5,2994.75,3042.5
2025-11-05 03:35:00,694700.0,3054.0,3037.0,3042.0,3046.0,3055.0,3038.0,3043.0,3047.0,3054.5,3037.5,3042.5,3046.5
2025-11-05 03:40:00,572800.0,3066.0,3046.0,3046.0,3062.0,3067.0,3047.0,3047.0,3064.0,3066.5,3046.5,3046.5,3063.0
2025-11-05 03:45:00,803500.0,3082.0,3063.0,3063.0,3073.0,3083.0,3064.0,3064.0,3074.0,3082.5,3063.5,3063.5,3073.5
2025-11-05 03:50:00,644000.0,3087.0,3065.0,3073.0,3081.0,3088.0,3067.0,3074.0,3082.0,3087.5,3066.0,3073.5,3081.5
2025-11-05 03:55:00,463100.0,3089.0,3066.0,3081.0,3080.0,3090.0,3068.0,3082.0,3081.0,3089.5,3067.0,3081.5,3080.5
2025-11-05 04:00:00,385700.0,3080.0,3060.0,3080.0,3063.0,3081.0,3061.0,3081.0,3065.0,3080.5,3060.5,3080.5,3064.0
2025-11-05 04:05:00,302400.0,3064.0,3056.0,3063.0,3059.0,3065.0,3057.0,3065.0,3060.0,3064.5,3056.5,3064.0,3059.5
2025-11-05 04:10:00,339800.0,3068.0,3056.0,3059.0,3064.0,3069.0,3057.0,3060.0,3065.0,3068.5,3056.5,3059.5,3064.5
2025-11-05 04:15:00,220900.0,3071.0,3061.0,3064.0,3068.0,3072.0,3062.0,3065.0,3069.0,3071.5,3061.5,3064.5,3068.5
2025-11-05 04:20:00,225800.0,3077.0,3066.0,3068.0,3076.0,3078.0,3067.0,3069.0,3077.0,3077.5,3066.5,3068.5,3076.5
2025-11-05 04:25:00,197300.0,3076.0,3066.0,3076.0,3075.0,3077.0,3067.0,3077.0,3076.0,3076.5,3066.5,3076.5,3075.5
2025-11-05 04:30:00,595400.0,3089.0,3075.0,3075.0,3089.0,3090.0,3076.0,3076.0,3090.0,3089.5,3075.5,3075.5,3089.5
2025-11-05 04:35:00,322100.0,3097.0,3086.0,3089.0,3095.0,3098.0,3087.0,3090.0,3097.0,3097.5,3086.5,3089.5,3096.0
2025-11-05 04:40:00,171400.0,3097.0,3092.0,3095.0,3093.0,3098.0,3093.0,3097.0,3094.0,3097.5,3092.5,3096.0,3093.5
2025-11-05 04:45:00,272500.0,3103.0,3092.0,3093.0,3102.0,3104.0,3093.0,3094.0,3103.0,3103.5,3092.5,3093.5,3102.5
2025-11-05 04:50:00,314500.0,3106.0,3097.0,3102.0,3101.0,3107.0,3098.0,3103.0,3102.0,3106.5,3097.5,3102.5,3101.5
2025-11-05 04:55:00,241200.0,3105.0,3093.0,3101.0,3102.0,3106.0,3094.0,3102.0,3103.0,3105.5,3093.5,3101.5,3102.5
2025-11-05 05:00:00,106300.0,3103.0,3096.0,3102.0,3097.0,3104.0,3097.0,3103.0,3099.0,3103.5,3096.5,3102.5,3098.0
2025-11-05 05:05:00,174100.0,3104.0,3095.0,3097.0,3102.0,3105.0,3096.0,3099.0,3103.0,3104.5,3095.5,3098.0,3102.5
2025-11-05 05:10:00,325500.0,3114.0,3102.0,3102.0,3112.0,3115.0,3103.0,3103.0,3113.0,3114.5,3102.5,3102.5,3112.5
2025-11-05 05:15:00,282600.0,3117.0,3104.0,3112.0,3117.0,3118.0,3105.0,3113.0,3118.0,3117.5,3104.5,3112.5,3117.5
2025-11-05 05:20:00,376200.0,3126.0,3110.0,3117.0,3125.0,3127.0,3111.0,3118.0,3126.0,3126.5,3110.5,3117.5,3125.5
2025-11-05 05:25:00,405000.0,3135.0,3119.0,3125.0,3133.0,3136.0,3120.0,3126.0,3135.0,3135.5,3119.5,3125.5,3134.0
2025-11-05 05:30:00,397100.0,3142.0,3123.0,3133.0,3125.0,3143.0,3124.0,3135.0,3127.0,3142.5,3123.5,3134.0,3126.0
2025-11-05 05:35:00,226000.0,3127.0,3117.0,3126.0,3117.0,3128.0,3118.0,3127.0,3119.0,3127.5,3117.5,3126.5,3118.0
2025-11-05 05:40:00,198100.0,3128.0,3117.0,3117.0,3119.0,3129.0,3118.0,3119.0,3120.0,3128.5,3117.5,3118.0,3119.5
2025-11-05 05:45:00,339200.0,3121.0,3106.0,3119.0,3113.0,3122.0,3108.0,3120.0,3114.0,3121.5,3107.0,3119.5,3113.5
2025-11-05 05:50:00,197500.0,3116.0,3102.0,3113.0,3111.0,3117.0,3104.0,3114.0,3112.0,3116.5,3103.0,3113.5,3111.5
2025-11-05 05:55:00,179700.0,3122.0,3109.0,3111.0,3121.0,3124.0,3110.0,3112.0,3122.0,3123.0,3109.5,3111.5,3121.5
2025-11-05 06:00:00,181300.0,3123.0,3111.0,3121.0,3120.0,3124.0,3112.0,3122.0,3121.0,3123.5,3111.5,3121.5,3120.5
2025-11-05 06:05:00,253400.0,3130.0,3115.0,3120.0,3128.0,3131.0,3116.0,3121.0,3129.0,3130.5,3115.5,3120.5,3128.5
2025-11-05 06:10:00,300100.0,3136.0,3127.0,3128.0,3132.0,3138.0,3128.0,3129.0,3133.0,3137.0,3127.5,3128.5,3132.5
2025-11-05 06:15:00,350200.0,3147.0,3132.0,3132.0,3140.0,3148.0,3133.0,3133.0,3141.0,3147.5,3132.5,3132.5,3140.5
2025-11-05 06:20:00,398400.0,3140.0,3128.0,3140.0,3129.0,3141.0,3130.0,3141.0,3130.0,3140.5,3129.0,3140.5,3129.5
2025-11-05 06:25:00,,3199.0,3105.0,3111.0,3149.0,3200.0,3106.0,3112.0,3150.0,3199.5,3105.5,3111.5,3149.5
2025-11-05 06:30:00,1524300.0,3149.0,3149.0,3149.0,3149.0,3151.0,3151.0,3151.0,3151.0,3150.0,3150.0,3150.0,3150.0
2025-11-06 00:00:00,2321600.0,3152.0,3120.0,3152.0,3130.0,3156.0,3124.0,3153.0,3131.0,3153.5,3122.5,3152.5,3130.5
2025-11-06 00:05:00,1004600.0,3148.0,3113.0,3130.0,3113.0,3149.0,3114.0,3131.0,3114.0,3148.5,3113.5,3130.5,3113.5
2025-11-06 00:10:00,1163900.0,3115.0,3090.0,3113.0,3091.0,3116.0,3091.0,3114.0,3092.0,3115.5,3090.5,3113.5,3091.5
2025-11-06 00:15:00,1087800.0,3103.0,3072.0,3091.0,3074.0,3105.0,3073.0,3092.0,3076.0,3104.0,3072.5,3091.5,3075.0
2025-11-06 00:20:00,1090100.0,3074.0,3045.0,3074.0,3047.0,3076.0,3047.0,3076.0,3048.0,3075.0,3046.0,3075.0,3047.5
2025-11-06 00:25:00,1136900.0,3066.0,3033.0,3047.0,3057.0,3067.0,3035.0,3048.0,3059.0,3066.5,3034.5,3047.5,3058.0
2025-11-06 00:30:00,980800.0,3077.0,3052.0,3057.0,3056.0,3078.0,3053.0,3059.0,3057.0,3077.5,3052.5,3058.0,3056.5
2025-11-06 00:35:00,549300.0,3075.0,3056.0,3056.0,3069.0,3076.0,3057.0,3057.0,3071.0,3075.5,3056.5,3056.5,3070.0
2025-11-06 00:40:00,655100.0,3083.0,3061.0,3069.0,3064.0,3084.0,3062.0,3070.0,3065.0,3083.5,3061.5,3069.5,3064.5
2025-11-06 00:45:00,879200.0,3066.0,3043.0,3064.0,3058.0,3067.0,3044.0,3065.0,3059.0,3066.5,3043.5,3064.5,3058.5
2025-11-06 00:50:00,383600.0,3060.0,3045.0,3058.0,3055.0,3061.0,3046.0,3059.0,3056.0,3060.5,3045.5,3058.5,3055.5
2025-11-06 00:55:00,490300.0,3082.0,3055.0,3055.0,3078.0,3083.0,3056.0,3057.0,3079.0,3082.5,3055.5,3056.0,3078.5
2025-11-06 01:00:00,329500.0,3078.0,3060.0,3078.0,3066.0,3079.0,3061.0,3079.0,3067.0,3078.5,3060.5,3078.5,3066.5
2025-11-06 01:05:00,207700.0,3069.0,3061.0,3066.0,3063.0,3070.0,3062.0,3067.0,3064.0,3069.5,3061.5,3066.5,3063.5
2025-11-06 01:10:00,285600.0,3071.0,3057.0,3063.0,3067.0,3072.0,3058.0,3064.0,3068.0,3071.5,3057.5,3063.5,3067.5
2025-11-06 01:15:00,195000.0,3069.0,3058.0,3067.0,3062.0,3070.0,3059.0,3068.0,3063.0,3069.5,3058.5,3067.5,3062.5
2025-11-06 01:20:00,257400.0,3069.0,3056.0,3062.0,3066.0,3070.0,3057.0,3063.0,3067.0,3069.5,3056.5,3062.5,3066.5
2025-11-06 01:25:00,167800.0,3069.0,3061.0,3066.0,3064.0,3070.0,3062.0,3068.0,3065.0,3069.5,3061.5,3067.0,3064.5
2025-11-06 01:30:00,186900.0,3067.0,3059.0,3063.0,3067.0,3068.0,3060.0,3065.0,3068.0,3067.5,3059.5,3064.0,3067.5
2025-11-06 01:35:00,319300.0,3079.0,3065.0,3067.0,3079.0,3080.0,3067.0,3068.0,3080.0,3079.5,3066.0,3067.5,3079.5
2025-11-06 01:40:00,248500.0,3081.0,3071.0,3079.0,3079.0,3082.0,3073.0,3080.0,3080.0,3081.5,3072.0,3079.5,3079.5
2025-11-06 01:45:00,141500.0,3082.0,3073.0,3079.0,3073.0,3083.0,3074.0,3080.0,3074.0,3082.5,3073.5,3079.5,3073.5
2025-11-06 01:50:00,185000.0,3077.0,3065.0,3073.0,3075.0,3079.0,3066.0,3074.0,3076.0,3078.0,3065.5,3073.5,3075.5
2025-11-06 01:55:00,169200.0,3077.0,3068.0,3075.0,3071.0,3078.0,3069.0,3076.0,3072.0,3077.5,3068.5,3075.5,3071.5
2025-11-06 02:00:00,143000.0,3074.0,3068.0,3071.0,3068.0,3075.0,3069.0,3072.0,3069.0,3074.5,3068.5,3071.5,3068.5
2025-11-06 02:05:00,182800.0,3069.0,3060.0,3068.0,3061.0,3070.0,3061.0,3069.0,3062.0,3069.5,3060.5,3068.5,3061.5
2025-11-06 02:10:00,258000.0,3064.0,3056.0,3060.0,3058.0,3066.0,3057.0,3062.0,3060.0,3065.0,3056.5,3061.0,3059.0
2025-11-06 02:15:00,104000.0,3064.0,3058.0,3058.0,3064.0,3065.0,3059.0,3060.0,3065.0,3064.5,3058.5,3059.0,3064.5
2025-11-06 02:20:00,249800.0,3065.0,3055.0,3064.0,3060.0,3066.0,3056.0,3065.0,3061.0,3065.5,3055.5,3064.5,3060.5
2025-11-06 02:25:00,265500.0,3079.0,3059.0,3060.0,3075.0,3080.0,3060.0,3061.0,3076.0,3079.5,3059.5,3060.5,3075.5
2025-11-06 02:30:00,20000.0,3075.0,3075.0,3075.0,3075.0,3078.0,3078.0,3078.0,3078.0,3076.5,3076.5,3076.5,3076.5
2025-11-06 03:30:00,697300.0,3091.0,3065.0,3079.0,3070.0,3094.0,3066.0,3080.0,3071.0,3092.0,3065.5,3079.5,3070.5
2025-11-06 03:35:00,552400.0,3101.0,3069.0,3070.0,3092.0,3102.0,3070.0,3071.0,3093.0,3101.5,3069.5,3070.5,3092.5
2025-11-06 03:40:00,334500.0,3099.0,3091.0,3092.0,3095.0,3101.0,3092.0,3093.0,3096.0,3100.0,3091.5,3092.5,3095.5
2025-11-06 03:45:00,346600.0,3100.0,3090.0,3095.0,3095.0,3101.0,3091.0,3096.0,3096.0,3100.5,3090.5,3095.5,3095.5
2025-11-06 03:50:00,362600.0,3096.0,3083.0,3095.0,3083.0,3097.0,3084.0,3096.0,3084.0,3096.5,3083.5,3095.5,3083.5
2025-11-06 03:55:00,731900.0,3096.0,3062.0,3083.0,3084.0,3098.0,3065.0,3084.0,3085.0,3097.0,3063.5,3083.5,3084.5
2025-11-06 04:00:00,5924700.0,3183.0,3042.0,3084.0,3148.0,3185.0,3043.0,3085.0,3150.0,3184.0,3042.5,3084.5,3149.0
2025-11-06 04:05:00,2892800.0,3151.0,3080.0,3148.0,3099.0,3160.0,3081.0,3150.0,3100.0,3154.5,3080.5,3149.0,3099.5
2025-11-06 04:10:00,2895100.0,3115.0,3047.0,3099.0,3070.0,3116.0,3049.0,3100.0,3071.0,3115.5,3048.0,3099.5,3070.5
2025-11-06 04:15:00,2725200.0,3072.0,3009.0,3070.0,3052.0,3073.0,3010.0,3071.0,3054.0,3072.5,3009.5,3070.5,3053.0
2025-11-06 04:20:00,1518000.0,3068.0,3036.0,3052.0,3058.0,3069.0,3037.0,3054.0,3059.0,3068.5,3036.5,3053.0,3058.5
2025-11-06 04:25:00,1347900.0,3096.0,3055.0,3058.0,3092.0,3097.0,3056.0,3059.0,3093.0,3096.5,3055.5,3058.5,3092.5
2025-11-06 04:30:00,1443800.0,3112.0,3091.0,3092.0,3096.0,3113.0,3092.0,3093.0,3098.0,3112.5,3091.5,3092.5,3097.0
2025-11-06 04:35:00,1565300.0,3134.0,3088.0,3096.0,3119.0,3135.0,3089.0,3098.0,3120.0,3134.5,3088.5,3097.0,3119.5
2025-11-06 04:40:00,1026200.0,3122.0,3103.0,3119.0,3109.0,3124.0,3104.0,3120.0,3110.0,3123.0,3103.5,3119.5,3109.5
2025-11-06 04:45:00,829000.0,3126.0,3103.0,3109.0,3114.0,3127.0,3104.0,3110.0,3115.0,3126.5,3103.5,3109.5,3114.5
2025-11-06 04:50:00,1135100.0,3146.0,3112.0,3114.0,3139.0,3147.0,3113.0,3115.0,3140.0,3146.5,3112.5,3114.5,3139.5
2025-11-06 04:55:00,1177300.0,3158.0,3132.0,3139.0,3157.0,3160.0,3133.0,3140.0,3158.0,3159.0,3132.5,3139.5,3157.5
2025-11-06 05:00:00,1095300.0,3164.0,3146.0,3157.0,3152.0,3165.0,3147.0,3158.0,3154.0,3164.5,3146.5,3157.5,3153.0
2025-11-06 05:05:00,1025500.0,3176.0,3151.0,3152.0,3173.0,3178.0,3152.0,3154.0,3174.0,3177.0,3151.5,3153.0,3173.5
2025-11-06 05:10:00,904500.0,3174.0,3162.0,3173.0,3164.0,3175.0,3163.0,3174.0,3166.0,3174.5,3162.5,3173.5,3165.0
2025-11-06 05:15:00,929900.0,3169.0,3143.0,3164.0,3152.0,3170.0,3145.0,3166.0,3153.0,3169.5,3144.5,3165.0,3152.5
2025-11-06 05:20:00,1118300.0,3152.0,3119.0,3151.0,3129.0,3153.0,3120.0,3153.0,3130.0,3152.5,3119.5,3152.0,3129.5
2025-11-06 05:25:00,602100.0,3132.0,3118.0,3129.0,3126.0,3133.0,3119.0,3130.0,3127.0,3132.5,3118.5,3129.5,3126.5
2025-11-06 05:30:00,768900.0,3142.0,3118.0,3126.0,3120.0,3143.0,3119.0,3127.0,3121.0,3142.5,3118.5,3126.5,3120.5
2025-11-06 05:35:00,465600.0,3132.0,3115.0,3120.0,3120.0,3133.0,3116.0,3121.0,3121.0,3132.5,3115.5,3120.5,3120.5
2025-11-06 05:40:00,527700.0,3136.0,3116.0,3120.0,3129.0,3137.0,3117.0,3121.0,3130.0,3136.5,3116.5,3120.5,3129.5
2025-11-06 05:45:00,311200.0,3134.0,3120.0,3129.0,3133.0,3135.0,3121.0,3130.0,3134.0,3134.5,3120.5,3129.5,3133.5
2025-11-06 05:50:00,377700.0,3134.0,3115.0,3133.0,3123.0,3135.0,3116.0,3134.0,3124.0,3134.5,3115.5,3133.5,3123.5
2025-11-06 05:55:00,321200.0,3135.0,3122.0,3123.0,3133.0,3136.0,3123.0,3124.0,3134.0,3135.5,3122.5,3123.5,3133.5
2025-11-06 06:00:00,371600.0,3136.0,3119.0,3133.0,3119.0,3137.0,3120.0,3134.0,3120.0,3136.5,3119.5,3133.5,3119.5
2025-11-06 06:05:00,342600.0,3124.0,3116.0,3119.0,3118.0,3125.0,3117.0,3120.0,3119.0,3124.5,3116.5,3119.5,3118.5
2025-11-06 06:10:00,303700.0,3130.0,3118.0,3118.0,3129.0,3131.0,3119.0,3119.0,3130.0,3130.5,3118.5,3118.5,3129.5
2025-11-06 06:15:00,1138500.0,3168.0,3127.0,3129.0,3166.0,3169.0,3129.0,3130.0,3167.0,3168.5,3128.0,3129.5,3166.5
2025-11-06 06:20:00,1303400.0,3179.0,3161.0,3166.0,3168.0,3180.0,3162.0,3167.0,3170.0,3179.5,3161.5,3166.5,3169.0
2025-11-06 06:25:00,,3189.0,3174.0,3174.0,3184.0,3190.0,3175.0,3175.0,3185.0,3189.5,3174.5,3174.5,3184.5
2025-11-06 06:30:00,1433100.0,3184.0,3184.0,3184.0,3184.0,3185.0,3185.0,3185.0,3185.0,3184.5,3184.5,3184.5,3184.5
2025-11-07 00:00:00,1978100.0,3115.0,3030.0,3096.0,3072.0,3115.0,3034.0,3097.0,3073.0,3115.0,3032.0,3096.5,3072.5
2025-11-07 00:05:00,1360100.0,3088.0,3049.0,3072.0,3055.0,3090.0,3050.0,3073.0,3057.0,3088.5,3049.5,3072.5,3056.0
2025-11-07 00:10:00,753000.0,3061.0,3045.0,3055.0,3054.0,3062.0,3046.0,3057.0,3055.0,3061.5,3045.5,3056.0,3054.5
2025-11-07 00:15:00,772400.0,3059.0,3041.0,3054.0,3046.0,3060.0,3043.0,3055.0,3047.0,3059.5,3042.5,3054.5,3046.5
2025-11-07 00:20:00,519000.0,3066.0,3043.0,3046.0,3060.0,3067.0,3045.0,3047.0,3061.0,3066.5,3044.0,3046.5,3060.5
2025-11-07 00:25:00,1004200.0,3063.0,3031.0,3060.0,3043.0,3064.0,3032.0,3061.0,3045.0,3063.5,3031.5,3060.5,3044.0
2025-11-07 00:30:00,855100.0,3082.0,3043.0,3043.0,3066.0,3083.0,3045.0,3045.0,3067.0,3082.5,3044.0,3044.0,3066.5
2025-11-07 00:35:00,499700.0,3086.0,3061.0,3066.0,3073.0,3087.0,3062.0,3067.0,3075.0,3086.5,3061.5,3066.5,3074.0
2025-11-07 00:40:00,334300.0,3079.0,3066.0,3073.0,3077.0,3080.0,3067.0,3075.0,3078.0,3079.5,3066.5,3074.0,3077.5
2025-11-07 00:45:00,446900.0,3085.0,3074.0,3077.0,3076.0,3086.0,3075.0,3078.0,3077.0,3085.5,3074.5,3077.5,3076.5
2025-11-07 00:50:00,323300.0,3082.0,3070.0,3076.0,3071.0,3083.0,3071.0,3077.0,3072.0,3082.5,3070.5,3076.5,3071.5
2025-11-07 00:55:00,397900.0,3072.0,3058.0,3071.0,3063.0,3073.0,3059.0,3072.0,3064.0,3072.5,3058.5,3071.5,3063.5
2025-11-07 01:00:00,428300.0,3063.0,3050.0,3063.0,3052.0,3065.0,3051.0,3064.0,3053.0,3064.0,3050.5,3063.5,3052.5
2025-11-07 01:05:00,1194200.0,3052.0,3020.0,3052.0,3021.0,3053.0,3021.0,3053.0,3022.0,3052.5,3020.5,3052.5,3021.5
2025-11-07 01:10:00,620500.0,3038.0,3017.0,3021.0,3029.0,3039.0,3018.0,3022.0,3030.0,3038.5,3017.5,3021.5,3029.5
2025-11-07 01:15:00,474400.0,3038.0,3020.0,3029.0,3020.0,3039.0,3021.0,3030.0,3021.0,3038.5,3020.5,3029.5,3020.5
2025-11-07 01:20:00,580400.0,3024.0,3010.0,3020.0,3017.0,3025.0,3011.0,3021.0,3018.0,3024.5,3010.5,3020.5,3017.5
2025-11-07 01:25:00,315200.0,3024.0,3011.0,3017.0,3019.0,3025.0,3012.0,3018.0,3020.0,3024.5,3011.5,3017.5,3019.5
2025-11-07 01:30:00,1273900.0,3022.0,2995.0,3019.0,3003.0,3023.0,2995.5,3020.0,3005.0,3022.5,2995.25,3019.5,3004.0
2025-11-07 01:35:00,332100.0,3009.0,3000.0,3003.0,3004.0,3010.0,3001.0,3005.0,3005.0,3009.5,3000.5,3004.0,3004.5
2025-11-07 01:40:00,384800.0,3007.0,2998.0,3004.0,3001.0,3008.0,2998.5,3005.0,3003.0,3007.5,2998.25,3004.5,3002.0
2025-11-07 01:45:00,233600.0,3013.0,3001.0,3001.0,3013.0,3014.0,3002.0,3003.0,3014.0,3013.5,3001.5,3002.0,3013.5
2025-11-07 01:50:00,319300.0,3017.0,3001.0,3013.0,3001.0,3018.0,3002.0,3014.0,3002.0,3017.5,3001.5,3013.5,3001.5
2025-11-07 01:55:00,364500.0,3009.0,2995.5,3001.0,3008.0,3010.0,2996.0,3002.0,3010.0,3009.5,2995.75,3001.5,3009.0
2025-11-07 02:00:00,281900.0,3015.0,2999.0,3008.0,3004.0,3016.0,2999.5,3010.0,3005.0,3015.5,2999.25,3009.0,3004.5
2025-11-07 02:05:00,241100.0,3013.0,3000.0,3004.0,3012.0,3014.0,3001.0,3005.0,3013.0,3013.5,3000.5,3004.5,3012.5
2025-11-07 02:10:00,322300.0,3017.0,3003.0,3012.0,3003.0,3018.0,3004.0,3013.0,3004.0,3017.5,3003.5,3012.5,3003.5
2025-11-07 02:15:00,209400.0,3008.0,3001.0,3003.0,3003.0,3009.0,3002.0,3004.0,3005.0,3008.5,3001.5,3003.5,3004.0
2025-11-07 02:20:00,1061400.0,3005.0,2987.5,3003.0,2995.5,3006.0,2988.5,3004.0,2996.0,3005.5,2988.0,3003.5,2995.75
2025-11-07 02:25:00,377100.0,2997.5,2986.0,2995.5,2986.0,2998.0,2987.0,2996.0,2987.5,2997.75,2986.5,2995.75,2986.75
2025-11-07 02:30:00,13900.0,2986.0,2986.0,2986.0,2986.0,2988.0,2988.0,2988.0,2988.0,2987.0,2987.0,2987.0,2987.0
2025-11-07 03:30:00,1023000.0,3010.0,2994.0,2999.5,2996.0,3011.0,2994.5,3000.0,2997.5,3010.5,2994.25,2999.75,2996.75
2025-11-07 03:35:00,346800.0,3009.0,2996.0,2996.0,3005.0,3010.0,2997.0,2997.5,3006.0,3009.5,2996.75,2996.75,3005.5
2025-11-07 03:40:00,425300.0,3026.0,3003.0,3005.0,3024.0,3027.0,3005.0,3006.0,3025.0,3026.5,3004.0,3005.5,3024.5
2025-11-07 03:45:00,557200.0,3032.0,3010.0,3024.0,3010.0,3033.0,3011.0,3025.0,3011.0,3032.5,3010.5,3024.5,3010.5
2025-11-07 03:50:00,271300.0,3013.0,3004.0,3010.0,3009.0,3014.0,3005.0,3011.0,3010.0,3013.5,3004.5,3010.5,3009.5
2025-11-07 03:55:00,243100.0,3015.0,3009.0,3009.0,3013.0,3016.0,3010.0,3010.0,3014.0,3015.5,3009.5,3009.5,3013.5
2025-11-07 04:00:00,216600.0,3014.0,3003.0,3013.0,3008.0,3015.0,3004.0,3014.0,3009.0,3014.5,3003.5,3013.5,3008.5
2025-11-07 04:05:00,136300.0,3013.0,3006.0,3008.0,3007.0,3014.0,3007.0,3009.0,3009.0,3013.5,3006.5,3008.5,3008.0
2025-11-07 04:10:00,159200.0,3011.0,3003.0,3008.0,3006.0,3012.0,3004.0,3009.0,3007.0,3011.5,3003.5,3008.5,3006.5
2025-11-07 04:15:00,329300.0,3020.0,3005.0,3006.0,3018.0,3022.0,3006.0,3007.0,3019.0,3020.5,3005.5,3006.5,3018.5
2025-11-07 04:20:00,357900.0,3023.0,3011.0,3018.0,3016.0,3024.0,3014.0,3019.0,3017.0,3023.5,3013.0,3018.5,3016.5
2025-11-07 04:25:00,159300.0,3018.0,3010.0,3016.0,3010.0,3019.0,3011.0,3017.0,3011.0,3018.5,3010.5,3016.5,3010.5
2025-11-07 04:30:00,461700.0,3020.0,3001.0,3010.0,3006.0,3021.0,3003.0,3011.0,3007.0,3020.5,3002.0,3010.5,3006.5
2025-11-07 04:35:00,320500.0,3011.0,3000.0,3006.0,3003.0,3012.0,3001.0,3007.0,3004.0,3011.5,3000.5,3006.5,3003.5
2025-11-07 04:40:00,439000.0,3004.0,2997.0,3003.0,3000.0,3005.0,2997.5,3004.0,3001.0,3004.5,2997.25,3003.5,3000.5
2025-11-07 04:45:00,240400.0,3012.0,3000.0,3000.0,3010.0,3013.0,3001.0,3001.0,3011.0,3012.5,3000.5,3000.5,3010.5
2025-11-07 04:50:00,267500.0,3025.0,3010.0,3010.0,3016.0,3026.0,3011.0,3011.0,3017.0,3025.5,3010.5,3010.5,3016.5
2025-11-07 04:55:00,97400.0,3018.0,3013.0,3016.0,3014.0,3019.0,3014.0,3017.0,3016.0,3018.5,3013.5,3016.5,3015.0
2025-11-07 05:00:00,271000.0,3032.0,3014.0,3014.0,3032.0,3033.0,3015.0,3016.0,3033.0,3032.5,3014.5,3015.0,3032.5
2025-11-07 05:05:00,285000.0,3038.0,3029.0,3032.0,3037.0,3039.0,3030.0,3033.0,3038.0,3038.5,3029.5,3032.5,3037.5
2025-11-07 05:10:00,232500.0,3037.0,3028.0,3037.0,3031.0,3038.0,3029.0,3038.0,3032.0,3037.5,3028.5,3037.5,3031.5
2025-11-07 05:15:00,282600.0,3041.0,3025.0,3031.0,3040.0,3042.0,3026.0,3032.0,3041.0,3041.5,3025.5,3031.5,3040.5
2025-11-07 05:20:00,270900.0,3041.0,3031.0,3040.0,3034.0,3042.0,3032.0,3041.0,3035.0,3041.5,3031.5,3040.5,3034.5
2025-11-07 05:25:00,218500.0,3034.0,3025.0,3034.0,3026.0,3035.0,3026.0,3035.0,3028.0,3034.5,3025.5,3034.5,3027.0
2025-11-07 05:30:00,216300.0,3029.0,3023.0,3026.0,3027.0,3030.0,3024.0,3028.0,3028.0,3029.5,3023.5,3027.0,3027.5
2025-11-07 05:35:00,171100.0,3038.0,3025.0,3027.0,3033.0,3039.0,3026.0,3028.0,3034.0,3038.5,3025.5,3027.5,3033.5
2025-11-07 05:40:00,200600.0,3039.0,3032.0,3033.0,3036.0,3040.0,3033.0,3034.0,3037.0,3039.5,3032.5,3033.5,3036.5
2025-11-07 05:45:00,183200.0,3037.0,3027.0,3036.0,3027.0,3038.0,3028.0,3037.0,3028.0,3037.5,3027.5,3036.5,3027.5
2025-11-07 05:50:00,109900.0,3034.0,3025.0,3027.0,3034.0,3035.0,3026.0,3028.0,3035.0,3034.5,3025.5,3027.5,3034.5
2025-11-07 05:55:00,221500.0,3039.0,3031.0,3034.0,3039.0,3040.0,3032.0,3035.0,3040.0,3039.5,3031.5,3034.5,3039.5
2025-11-07 06:00:00,270700.0,3043.0,3031.0,3039.0,3042.0,3044.0,3032.0,3040.0,3043.0,3043.5,3031.5,3039.5,3042.5
2025-11-07 06:05:00,358300.0,3049.0,3036.0,3042.0,3042.0,3050.0,3037.0,3043.0,3043.0,3049.5,3036.5,3042.5,3042.5
2025-11-07 06:10:00,398300.0,3055.0,3041.0,3042.0,3049.0,3056.0,3042.0,3043.0,3051.0,3055.5,3041.5,3042.5,3050.0
2025-11-07 06:15:00,226000.0,3053.0,3048.0,3049.0,3050.0,3054.0,3049.0,3051.0,3051.0,3053.5,3048.5,3050.0,3050.5
2025-11-07 06:20:00,583700.0,3069.0,3047.0,3050.0,3065.0,3070.0,3048.0,3051.0,3066.0,3069.5,3047.5,3050.5,3065.5
2025-11-07 06:25:00,,3078.0,3037.0,3044.0,3064.0,3079.0,3038.0,3045.0,3065.0,3078.5,3037.5,3044.5,3064.5
2025-11-07 06:30:00,1216000.0,3064.0,3064.0,3064.0,3064.0,3066.0,3066.0,3066.0,3066.0,3065.0,3065.0,3065.0,3065.0
2025-11-10 00:00:00,1483300.0,3078.0,3045.0,3050.0,3053.0,3079.0,3046.0,3051.0,3055.0,3078.5,3045.5,3050.5,3054.0
2025-11-10 00:05:00,352400.0,3059.0,3036.0,3053.0,3043.0,3060.0,3038.0,3054.0,3044.0,3059.5,3037.0,3053.5,3043.5
2025-11-10 00:10:00,416700.0,3044.0,3026.0,3043.0,3027.0,3045.0,3027.0,3044.0,3028.0,3044.5,3026.5,3043.5,3027.5
2025-11-10 00:15:00,299800.0,3042.0,3025.0,3027.0,3037.0,3043.0,3026.0,3028.0,3038.0,3042.5,3025.5,3027.5,3037.5
2025-11-10 00:20:00,290500.0,3047.0,3030.0,3037.0,3032.0,3048.0,3031.0,3038.0,3033.0,3047.5,3030.5,3037.5,3032.5
2025-11-10 00:25:00,330100.0,3039.0,3026.0,3032.0,3033.0,3040.0,3027.0,3033.0,3034.0,3039.5,3026.5,3032.5,3033.5
2025-11-10 00:30:00,260000.0,3037.0,3026.0,3033.0,3028.0,3038.0,3027.0,3034.0,3030.0,3037.5,3026.5,3033.5,3029.0
2025-11-10 00:35:00,391100.0,3031.0,3011.0,3028.0,3012.0,3032.0,3012.0,3030.0,3013.0,3031.5,3011.5,3029.0,3012.5
2025-11-10 00:40:00,344600.0,3012.0,3002.0,3012.0,3004.0,3013.0,3003.0,3013.0,3005.0,3012.5,3002.5,3012.5,3004.5
2025-11-10 00:45:00,700400.0,3006.0,2997.0,3004.0,3006.0,3007.0,2997.5,3005.0,3007.0,3006.5,2997.25,3004.5,3006.5
2025-11-10 00:50:00,373800.0,3018.0,3004.0,3006.0,3012.0,3019.0,3005.0,3007.0,3013.0,3018.5,3004.5,3006.5,3012.5
2025-11-10 00:55:00,236000.0,3013.0,3002.0,3012.0,3002.0,3014.0,3003.0,3013.0,3004.0,3013.5,3002.5,3012.5,3003.0
2025-11-10 01:00:00,183300.0,3009.0,3001.0,3002.0,3006.0,3010.0,3002.0,3004.0,3008.0,3009.5,3001.5,3003.0,3007.0
2025-11-10 01:05:00,266900.0,3007.0,2998.0,3006.0,3002.0,3008.0,2998.5,3008.0,3003.0,3007.5,2998.25,3007.0,3002.5
2025-11-10 01:10:00,194100.0,3004.0,2998.0,3002.0,3001.0,3005.0,2998.5,3003.0,3002.0,3004.5,2998.25,3002.5,3001.5
2025-11-10 01:15:00,236200.0,3005.0,2997.5,3001.0,2999.5,3006.0,2998.0,3002.0,3000.0,3005.5,2997.75,3001.5,2999.75
2025-11-10 01:20:00,241300.0,3000.0,2995.0,2999.5,2997.5,3001.0,2995.5,3000.0,2998.5,3000.5,2995.25,2999.75,2998.0
2025-11-10 01:25:00,230700.0,3004.0,2997.5,2997.5,3002.0,3005.0,2998.5,2998.5,3003.0,3004.5,2998.0,2998.0,3002.5
2025-11-10 01:30:00,221600.0,3002.0,2996.0,3002.0,2997.5,3003.0,2996.5,3003.0,2998.0,3002.5,2996.25,3002.5,2997.75
2025-11-10 01:35:00,330700.0,2997.5,2990.0,2997.5,2995.5,2998.0,2990.5,2998.0,2996.0,2997.75,2990.25,2997.75,2995.75
2025-11-10 01:40:00,509200.0,2996.0,2983.0,2995.5,2984.0,2996.5,2983.5,2996.0,2984.5,2996.25,2983.25,2995.75,2984.25
2025-11-10 01:45:00,256100.0,2988.5,2981.5,2984.0,2986.5,2989.0,2982.0,2984.5,2987.0,2988.75,2981.75,2984.25,2986.75
2025-11-10 01:50:00,590100.0,2989.5,2977.0,2986.5,2977.5,2990.0,2977.5,2987.0,2978.0,2989.75,2977.25,2986.75,2977.75
2025-11-10 01:55:00,324500.0,2986.0,2974.0,2977.5,2979.0,2987.0,2974.5,2978.0,2979.5,2986.5,2974.25,2977.75,2979.25
2025-11-10 02:00:00,337000.0,2983.0,2973.0,2979.0,2982.0,2983.5,2974.0,2979.5,2982.5,2983.25,2973.5,2979.25,2982.25
2025-11-10 02:05:00,205000.0,2985.0,2976.0,2982.0,2977.5,2985.5,2977.0,2982.5,2978.0,2985.25,2976.75,2982.25,2977.75
2025-11-10 02:10:00,205600.0,2983.0,2975.0,2977.5,2976.5,2983.5,2975.5,2978.0,2977.0,2983.25,2975.25,2977.75,2976.75
2025-11-10 02:15:00,530900.0,2977.5,2966.0,2976.5,2966.0,2978.0,2966.5,2977.0,2966.5,2977.75,2966.25,2976.75,2966.25
2025-11-10 02:20:00,345600.0,2967.5,2962.0,2966.0,2963.0,2968.0,2962.5,2966.5,2964.0,2967.75,2962.25,2966.25,2963.5
2025-11-10 02:25:00,220600.0,2965.5,2960.5,2963.0,2960.5,2966.0,2961.5,2964.0,2962.0,2965.75,2961.25,2963.5,2961.25
2025-11-10 02:30:00,15200.0,2960.5,2960.5,2960.5,2960.5,2962.5,2962.5,2962.5,2962.5,2961.5,2961.5,2961.5,2961.5
2025-11-10 03:30:00,616500.0,2982.0,2970.0,2970.0,2978.5,2982.5,2970.5,2970.5,2979.0,2982.25,2970.25,2970.25,2978.75
2025-11-10 03:35:00,333700.0,2981.5,2967.5,2978.5,2968.0,2982.0,2968.0,2979.0,2969.0,2981.75,2967.75,2978.75,2968.5
2025-11-10 03:40:00,331100.0,2982.5,2968.0,2968.5,2981.0,2983.0,2969.0,2969.0,2982.0,2982.75,2968.5,2968.75,2981.5
2025-11-10 03:45:00,524800.0,2994.5,2980.5,2981.0,2993.0,2995.0,2982.0,2982.0,2993.5,2994.75,2981.25,2981.5,2993.25
2025-11-10 03:50:00,541100.0,2998.0,2986.0,2993.0,2987.5,2998.5,2986.5,2993.5,2988.5,2998.25,2986.25,2993.25,2988.0
2025-11-10 03:55:00,350800.0,2988.0,2977.0,2987.5,2977.0,2989.0,2977.5,2988.5,2977.5,2988.5,2977.25,2988.0,2977.25
2025-11-10 04:00:00,233900.0,2980.0,2975.0,2977.0,2976.5,2980.5,2975.5,2977.5,2977.0,2980.25,2975.25,2977.25,2976.75
2025-11-10 04:05:00,191600.0,2984.5,2975.5,2976.5,2979.5,2985.0,2976.0,2977.0,2980.0,2984.75,2975.75,2976.75,2979.75
2025-11-10 04:10:00,125700.0,2982.5,2979.5,2979.5,2980.0,2983.0,2980.0,2980.0,2980.5,2982.75,2979.75,2979.75,2980.25
2025-11-10 04:15:00,141500.0,2982.0,2978.0,2980.0,2981.0,2982.5,2978.5,2980.5,2981.5,2982.25,2978.25,2980.25,2981.25
2025-11-10 04:20:00,89100.0,2981.5,2979.0,2981.0,2980.5,2982.0,2979.5,2981.5,2981.0,2981.75,2979.25,2981.25,2980.75
2025-11-10 04:25:00,131500.0,2982.5,2978.5,2980.5,2979.0,2983.0,2979.0,2981.0,2979.5,2982.75,2978.75,2980.75,2979.25
2025-11-10 04:30:00,100400.0,2981.5,2978.0,2979.0,2981.5,2982.0,2978.5,2979.5,2982.0,2981.75,2978.25,2979.25,2981.75
2025-11-10 04:35:00,55800.0,2981.5,2979.0,2981.5,2979.5,2982.0,2979.5,2982.0,2980.0,2981.75,2979.25,2981.75,2979.75
2025-11-10 04:40:00,253700.0,2983.5,2975.0,2979.5,2983.5,2984.0,2975.5,2980.0,2984.0,2983.75,2975.25,2979.75,2983.75
2025-11-10 04:45:00,139700.0,2985.5,2981.5,2983.5,2982.0,2986.0,2982.0,2984.0,2983.0,2985.75,2981.75,2983.75,2982.5
2025-11-10 04:50:00,145500.0,2983.0,2976.0,2982.0,2976.5,2983.5,2977.0,2983.0,2977.0,2983.25,2976.75,2982.5,2976.75
2025-11-10 04:55:00,215100.0,2977.0,2971.0,2976.5,2973.5,2977.5,2971.5,2977.0,2974.0,2977.25,2971.25,2976.75,2973.75
2025-11-10 05:00:00,144400.0,2976.0,2971.5,2973.5,2975.0,2977.0,2972.0,2974.0,2976.0,2976.5,2971.75,2973.75,2975.5
2025-11-10 05:05:00,203000.0,2977.0,2970.0,2975.0,2973.0,2977.5,2970.5,2976.0,2973.5,2977.25,2970.25,2975.5,2973.25
2025-11-10 05:10:00,91200.0,2973.0,2971.0,2973.0,2973.0,2973.5,2971.5,2973.5,2973.5,2973.25,2971.25,2973.25,2973.25
2025-11-10 05:15:00,121700.0,2974.5,2971.0,2973.0,2971.5,2975.0,2971.5,2973.5,2972.0,2974.75,2971.25,2973.25,2971.75
2025-11-10 05:20:00,495100.0,2971.5,2964.0,2971.5,2965.5,2972.0,2964.5,2972.0,2966.0,2971.75,2964.25,2971.75,2965.75
2025-11-10 05:25:00,131300.0,2969.0,2965.0,2965.5,2966.0,2969.5,2965.5,2966.0,2966.5,2969.25,2965.25,2965.75,2966.25
2025-11-10 05:30:00,175300.0,2976.0,2966.0,2966.0,2974.0,2977.0,2966.5,2966.5,2975.0,2976.5,2966.25,2966.25,2974.5
2025-11-10 05:35:00,229800.0,2977.5,2968.5,2974.0,2971.5,2978.0,2969.0,2975.0,2972.0,2977.75,2968.75,2974.5,2971.75
2025-11-10 05:40:00,184100.0,2979.0,2970.0,2971.5,2975.5,2979.5,2971.0,2972.0,2976.0,2979.25,2970.5,2971.75,2975.75
2025-11-10 05:45:00,139800.0,2978.5,2973.0,2975.5,2976.5,2979.0,2973.5,2976.0,2977.5,2978.75,2973.25,2975.75,2977.0
2025-11-10 05:50:00,186500.0,2983.5,2976.5,2976.5,2980.5,2984.0,2977.5,2977.5,2981.0,2983.75,2977.0,2977.0,2980.75
2025-11-10 05:55:00,190100.0,2983.0,2979.0,2980.5,2980.0,2983.5,2979.5,2981.0,2980.5,2983.25,2979.25,2980.75,2980.25
2025-11-10 06:00:00,231300.0,2980.0,2970.5,2980.0,2973.0,2980.5,2971.0,2980.5,2973.5,2980.25,2970.75,2980.25,2973.25
2025-11-10 06:05:00,240900.0,2983.5,2971.5,2973.0,2983.0,2984.0,2972.5,2973.5,2984.0,2983.75,2972.25,2973.25,2983.5
2025-11-10 06:10:00,321000.0,2992.5,2982.0,2983.0,2991.5,2993.0,2982.5,2984.0,2992.0,2992.75,2982.25,2983.5,2991.75
2025-11-10 06:15:00,293200.0,2993.5,2985.0,2991.5,2990.5,2994.0,2985.5,2992.0,2991.0,2993.75,2985.25,2991.75,2990.75
2025-11-10 06:20:00,512200.0,2998.0,2984.0,2990.5,2995.5,2998.5,2984.5,2991.0,2997.0,2998.25,2984.25,2990.75,2996.25
2025-11-10 06:25:00,,3000.0,2982.0,2999.5,2998.5,3001.0,2982.5,3000.0,2999.0,3000.5,2982.25,2999.75,2998.75
2025-11-10 06:30:00,943300.0,2998.0,2998.0,2998.0,2998.0,2999.0,2999.0,2999.0,2999.0,2998.5,2998.5,2998.5,2998.5
2025-11-11 00:00:00,1257000.0,2990.0,2960.0,2990.0,2976.0,2990.5,2961.0,2990.5,2976.5,2990.25,2960.5,2990.25,2976.25
2025-11-11 00:05:00,501100.0,2979.5,2966.0,2976.0,2968.5,2980.0,2966.5,2976.5,2969.0,2979.75,2966.25,2976.25,2968.75
2025-11-11 00:10:00,568500.0,2968.5,2955.0,2968.5,2955.0,2969.0,2955.5,2969.0,2955.5,2968.75,2955.25,2968.75,2955.25
2025-11-11 00:15:00,857600.0,2958.0,2945.0,2955.0,2954.5,2958.5,2946.0,2955.5,2955.0,2958.25,2945.5,2955.25,2954.75
2025-11-11 00:20:00,548200.0,2961.5,2942.5,2954.5,2944.5,2962.5,2943.5,2955.0,2945.5,2961.75,2943.0,2954.75,2945.0
2025-11-11 00:25:00,388000.0,2949.5,2940.5,2944.5,2949.0,2950.0,2941.0,2945.5,2950.0,2949.75,2940.75,2945.0,2949.5
2025-11-11 00:30:00,671600.0,2951.0,2938.5,2949.0,2939.0,2951.5,2939.0,2950.0,2940.5,2951.25,2938.75,2949.5,2939.75
2025-11-11 00:35:00,477500.0,2948.5,2936.0,2939.0,2948.5,2949.5,2936.5,2940.5,2949.5,2949.0,2936.25,2939.75,2949.0
2025-11-11 00:40:00,298300.0,2950.5,2945.0,2948.5,2948.5,2951.0,2945.5,2949.5,2949.0,2950.75,2945.25,2949.0,2948.75
2025-11-11 00:45:00,522500.0,2956.0,2945.0,2948.5,2945.0,2956.5,2945.5,2949.0,2946.0,2956.25,2945.25,2948.75,2945.5
2025-11-11 00:50:00,276100.0,2950.0,2941.0,2945.0,2945.5,2951.0,2941.5,2945.5,2946.0,2950.5,2941.25,2945.25,2945.75
2025-11-11 00:55:00,186600.0,2950.5,2945.0,2945.5,2945.0,2951.0,2945.5,2946.5,2945.5,2950.75,2945.25,2946.0,2945.25
2025-11-11 01:00:00,530100.0,2945.0,2936.0,2945.0,2937.0,2945.5,2936.5,2945.5,2937.5,2945.25,2936.25,2945.25,2937.25
2025-11-11 01:05:00,291900.0,2941.5,2935.0,2937.0,2940.0,2942.0,2935.5,2937.5,2940.5,2941.75,2935.25,2937.25,2940.25
2025-11-11 01:10:00,588800.0,2940.0,2926.5,2940.0,2933.0,2940.5,2927.0,2940.5,2934.0,2940.25,2926.75,2940.25,2933.5
2025-11-11 01:15:00,174800.0,2938.5,2930.5,2933.0,2934.0,2939.5,2931.0,2934.0,2934.5,2939.0,2930.75,2933.5,2934.25
2025-11-11 01:20:00,127500.0,2936.5,2930.5,2934.0,2936.0,2937.0,2931.0,2934.5,2937.0,2936.75,2930.75,2934.25,2936.5
2025-11-11 01:25:00,257700.0,2945.5,2936.0,2936.0,2942.5,2946.0,2937.0,2937.0,2943.0,2945.75,2936.5,2936.5,2942.75
2025-11-11 01:30:00,234900.0,2948.5,2941.0,2942.5,2941.0,2949.0,2941.5,2943.0,2941.5,2948.75,2941.25,2942.75,2941.25
2025-11-11 01:35:00,176200.0,2941.0,2934.0,2941.0,2938.5,2941.5,2934.5,2941.5,2939.0,2941.25,2934.25,2941.25,2938.75
2025-11-11 01:40:00,125900.0,2941.5,2935.0,2938.5,2938.0,2942.0,2935.5,2939.0,2938.5,2941.75,2935.25,2938.75,2938.25
2025-11-11 01:45:00,142200.0,2939.0,2933.0,2938.0,2935.0,2939.5,2934.0,2938.5,2936.0,2939.25,2933.5,2938.25,2935.5
2025-11-11 01:50:00,366400.0,2936.0,2925.0,2935.0,2925.0,2937.0,2925.5,2936.0,2925.5,2936.5,2925.25,2935.5,2925.25
2025-11-11 01:55:00,489100.0,2925.5,2914.5,2925.0,2917.5,2926.0,2915.0,2925.5,2918.0,2925.75,2914.75,2925.25,2917.75
2025-11-11 02:00:00,208000.0,2921.5,2915.0,2917.5,2921.0,2922.0,2915.5,2918.0,2921.5,2921.75,2915.25,2917.75,2921.25
2025-11-11 02:05:00,170400.0,2922.5,2916.0,2921.0,2917.0,2923.0,2916.5,2921.5,2917.5,2922.75,2916.25,2921.25,2917.25
2025-11-11 02:10:00,583900.0,2917.0,2908.5,2917.0,2908.5,2917.5,2909.0,2917.5,2909.0,2917.25,2908.75,2917.25,2908.75
2025-11-11 02:15:00,187700.0,2916.5,2908.0,2908.5,2916.0,2917.5,2908.5,2909.5,2916.5,2917.0,2908.25,2909.0,2916.25
2025-11-11 02:20:00,115500.0,2917.0,2912.0,2916.0,2912.5,2917.5,2912.5,2916.5,2913.0,2917.25,2912.25,2916.25,2912.75
2025-11-11 02:25:00,175100.0,2920.5,2912.0,2912.5,2920.0,2921.5,2912.5,2913.0,2921.5,2920.75,2912.25,2912.75,2920.75
2025-11-11 02:30:00,15900.0,2920.0,2920.0,2920.0,2920.0,2921.5,2921.5,2921.5,2921.5,2920.75,2920.75,2920.75,2920.75
2025-11-11 03:30:00,824600.0,2941.0,2912.0,2924.5,2939.5,2941.5,2913.0,2925.0,2940.5,2941.25,2912.75,2924.75,2940.0
2025-11-11 03:35:00,505000.0,2947.5,2935.0,2939.5,2947.0,2948.0,2935.5,2940.5,2947.5,2947.75,2935.25,2940.0,2947.25
2025-11-11 03:40:00,520800.0,2950.0,2941.5,2947.0,2943.0,2951.0,2942.0,2947.5,2943.5,2950.5,2941.75,2947.25,2943.25
2025-11-11 03:45:00,407200.0,2950.5,2939.5,2943.0,2949.5,2952.0,2940.0,2943.5,2950.5,2951.25,2939.75,2943.25,2950.0
2025-11-11 03:50:00,294500.0,2951.0,2943.5,2949.5,2944.5,2951.5,2944.0,2950.5,2945.0,2951.25,2943.75,2950.0,2944.75
2025-11-11 03:55:00,322200.0,2950.5,2940.0,2944.5,2950.0,2951.0,2940.5,2945.0,2950.5,2950.75,2940.25,2944.75,2950.25
2025-11-11 04:00:00,290100.0,2952.5,2946.5,2950.0,2949.0,2953.0,2947.5,2950.5,2949.5,2952.75,2947.0,2950.25,2949.25
2025-11-11 04:05:00,224200.0,2949.0,2937.0,2949.0,2943.0,2949.5,2937.5,2949.5,2943.5,2949.25,2937.25,2949.25,2943.25
2025-11-11 04:10:00,116700.0,2944.5,2940.0,2943.0,2943.5,2945.5,2940.5,2943.5,2944.0,2945.0,2940.25,2943.25,2943.75
2025-11-11 04:15:00,176300.0,2947.5,2942.5,2943.5,2944.5,2948.0,2943.0,2944.0,2945.0,2947.75,2942.75,2943.75,2944.75
2025-11-11 04:20:00,224400.0,2946.5,2939.0,2944.5,2943.5,2947.0,2939.5,2945.0,2944.0,2946.75,2939.25,2944.75,2943.75
2025-11-11 04:25:00,125400.0,2946.0,2942.0,2943.5,2943.5,2946.5,2942.5,2944.0,2944.5,2946.25,2942.25,2943.75,2944.0
2025-11-11 04:30:00,171900.0,2946.5,2940.0,2943.5,2945.5,2947.0,2940.5,2944.5,2946.5,2946.75,2940.25,2944.0,2946.0
2025-11-11 04:35:00,179100.0,2946.0,2938.0,2945.5,2941.0,2946.5,2938.5,2946.5,2941.5,2946.25,2938.25,2946.0,2941.25
2025-11-11 04:40:00,79200.0,2942.5,2940.0,2941.0,2942.0,2943.0,2940.5,2941.5,2942.5,2942.75,2940.25,2941.25,2942.25
2025-11-11 04:45:00,224800.0,2942.5,2931.5,2942.0,2931.5,2943.0,2932.0,2942.5,2932.5,2942.75,2931.75,2942.25,2932.0
2025-11-11 04:50:00,242100.0,2934.0,2928.0,2931.5,2928.5,2935.0,2928.5,2932.5,2929.0,2934.25,2928.25,2932.0,2928.75
2025-11-11 04:55:00,321300.0,2931.0,2916.5,2928.5,2918.0,2931.5,2917.0,2929.0,2918.5,2931.25,2916.75,2928.75,2918.25
2025-11-11 05:00:00,272800.0,2918.5,2911.5,2918.0,2913.5,2919.5,2912.0,2918.5,2914.5,2919.0,2911.75,2918.25,2914.0
2025-11-11 05:05:00,423900.0,2916.5,2902.0,2913.5,2903.0,2917.0,2902.5,2914.5,2903.5,2916.75,2902.25,2914.0,2903.25
2025-11-11 05:10:00,824100.0,2904.5,2896.0,2903.0,2897.0,2905.0,2896.5,2903.5,2898.0,2904.75,2896.25,2903.25,2897.5
2025-11-11 05:15:00,527500.0,2900.5,2892.0,2897.0,2895.5,2901.0,2892.5,2898.0,2896.5,2900.75,2892.25,2897.5,2896.0
2025-11-11 05:20:00,533300.0,2917.5,2893.0,2895.5,2913.0,2918.5,2893.5,2896.5,2914.0,2918.0,2893.25,2896.0,2913.5
2025-11-11 05:25:00,282600.0,2926.5,2912.5,2913.0,2926.5,2927.5,2913.5,2914.0,2927.5,2927.0,2913.0,2913.5,2927.0
2025-11-11 05:30:00,279900.0,2928.0,2913.0,2926.5,2913.5,2928.5,2914.0,2927.5,2914.5,2928.25,2913.5,2927.0,2914.0
2025-11-11 05:35:00,259800.0,2919.5,2910.0,2913.5,2917.0,2920.0,2912.0,2914.0,2918.0,2919.75,2911.25,2913.75,2917.5
2025-11-11 05:40:00,192900.0,2919.0,2912.0,2917.0,2915.0,2920.0,2912.5,2918.0,2916.0,2919.5,2912.25,2917.5,2915.5
2025-11-11 05:45:00,342300.0,2916.5,2905.5,2915.0,2914.0,2917.0,2909.0,2916.0,2914.5,2916.75,2908.25,2915.5,2914.25
2025-11-11 05:50:00,242600.0,2916.5,2906.5,2914.0,2912.0,2917.0,2907.0,2914.5,2912.5,2916.75,2906.75,2914.25,2912.25
2025-11-11 05:55:00,175100.0,2914.5,2906.0,2912.0,2908.5,2915.0,2907.0,2912.5,2909.5,2914.75,2906.75,2912.25,2909.0
2025-11-11 06:00:00,257500.0,2909.5,2902.0,2908.5,2907.5,2910.0,2902.5,2909.5,2908.0,2909.75,2902.25,2909.0,2907.75
2025-11-11 06:05:00,251300.0,2914.5,2905.0,2907.5,2913.5,2915.0,2905.5,2908.0,2914.5,2914.75,2905.25,2907.75,2914.0
2025-11-11 06:10:00,203600.0,2917.5,2911.5,2913.5,2917.0,2918.0,2912.5,2914.5,2918.0,2917.75,2912.0,2914.0,2917.5
2025-11-11 06:15:00,308400.0,2924.5,2916.0,2917.0,2922.0,2925.0,2916.5,2917.5,2923.0,2924.75,2916.25,2917.25,2922.5
2025-11-11 06:20:00,280800.0,2924.5,2915.0,2922.0,2917.0,2925.0,2917.5,2923.0,2918.0,2924.75,2916.25,2922.5,2917.5
2025-11-11 06:25:00,,2917.5,2900.0,2911.0,2913.0,2918.0,2900.5,2911.5,2913.5,2917.75,2900.25,2911.25,2913.25
2025-11-11 06:30:00,745700.0,2913.0,2913.0,2913.0,2913.0,2915.0,2915.0,2915.0,2915.0,2914.0,2914.0,2914.0,2914.0
2025-11-12 00:00:00,1546700.0,2908.0,2852.5,2898.0,2854.0,2909.5,2854.0,2898.5,2855.0,2908.75,2853.25,2898.25,2854.5
2025-11-12 00:05:00,1028100.0,2854.5,2825.0,2854.0,2828.0,2855.5,2826.5,2855.0,2829.0,2855.0,2826.25,2854.5,2828.5
2025-11-12 00:10:00,615700.0,2850.5,2827.5,2828.0,2837.0,2851.5,2828.5,2829.0,2837.5,2850.75,2828.25,2828.5,2837.25
2025-11-12 00:15:00,481200.0,2858.0,2835.0,2837.0,2858.0,2858.5,2835.5,2837.5,2858.5,2858.25,2835.25,2837.25,2858.25
2025-11-12 00:20:00,452800.0,2869.5,2851.0,2858.0,2869.0,2870.0,2851.5,2859.0,2870.0,2869.75,2851.25,2858.5,2869.5
2025-11-12 00:25:00,531100.0,2881.5,2868.0,2869.5,2878.5,2882.0,2869.5,2870.0,2879.0,2881.75,2869.0,2869.75,2878.75
2025-11-12 00:30:00,994400.0,2906.0,2872.5,2878.5,2898.5,2906.5,2874.5,2879.0,2899.0,2906.25,2873.75,2878.75,2898.75
2025-11-12 00:35:00,747900.0,2919.5,2897.5,2898.5,2909.5,2920.0,2898.0,2899.0,2910.0,2919.75,2897.75,2898.75,2909.75
2025-11-12 00:40:00,859600.0,2937.5,2908.0,2909.0,2935.5,2938.5,2908.5,2910.0,2936.0,2938.0,2908.25,2909.5,2935.75
2025-11-12 00:45:00,793200.0,2939.5,2908.5,2935.5,2910.5,2940.0,2909.0,2936.0,2911.5,2939.75,2908.75,2935.75,2911.0
2025-11-12 00:50:00,520300.0,2924.0,2903.5,2910.5,2905.0,2924.5,2904.5,2911.5,2905.5,2924.25,2904.25,2911.0,2905.25
2025-11-12 00:55:00,386600.0,2917.0,2901.0,2905.0,2909.0,2918.0,2902.0,2905.5,2909.5,2917.25,2901.5,2905.25,2909.25
2025-11-12 01:00:00,356800.0,2915.5,2901.0,2909.0,2914.0,2916.0,2901.5,2909.5,2914.5,2915.75,2901.25,2909.25,2914.25
2025-11-12 01:05:00,325600.0,2916.5,2900.0,2914.0,2901.0,2917.0,2900.5,2914.5,2901.5,2916.75,2900.25,2914.25,2901.25
2025-11-12 01:10:00,230400.0,2907.0,2901.0,2901.0,2902.5,2907.5,2901.5,2901.5,2903.0,2907.25,2901.25,2901.25,2902.75
2025-11-12 01:15:00,353700.0,2905.5,2894.5,2902.5,2895.0,2906.0,2895.0,2903.0,2895.5,2905.75,2894.75,2902.75,2895.25
2025-11-12 01:20:00,325900.0,2902.5,2890.0,2895.0,2890.0,2903.0,2890.5,2895.5,2890.5,2902.75,2890.25,2895.25,2890.25
2025-11-12 01:25:00,452000.0,2890.0,2878.0,2890.0,2884.0,2890.5,2878.5,2890.5,2884.5,2890.25,2878.25,2890.25,2884.25
2025-11-12 01:30:00,268100.0,2893.0,2883.0,2884.0,2892.0,2893.5,2884.0,2884.5,2893.0,2893.25,2883.5,2884.25,2892.5
2025-11-12 01:35:00,339500.0,2892.5,2876.5,2892.0,2878.5,2893.0,2877.0,2893.0,2879.5,2892.75,2876.75,2892.5,2879.0
2025-11-12 01:40:00,215500.0,2881.5,2876.0,2878.5,2881.5,2882.0,2876.5,2879.5,2882.0,2881.75,2876.25,2879.0,2881.75
2025-11-12 01:45:00,204800.0,2883.5,2877.0,2881.5,2878.5,2884.0,2877.5,2882.0,2879.0,2883.75,2877.25,2881.75,2878.75
2025-11-12 01:50:00,153900.0,2888.5,2878.5,2878.5,2885.5,2889.0,2879.0,2879.0,2886.5,2888.75,2878.75,2878.75,2886.0
2025-11-12 01:55:00,262700.0,2897.0,2882.0,2885.5,2895.5,2897.5,2882.5,2886.5,2896.5,2897.25,2882.25,2886.0,2896.0
2025-11-12 02:00:00,257600.0,2898.0,2891.5,2895.5,2893.0,2898.5,2892.5,2896.5,2894.0,2898.25,2892.0,2896.0,2893.5
2025-11-12 02:05:00,214800.0,2900.0,2891.0,2893.0,2897.5,2900.5,2891.5,2894.0,2898.0,2900.25,2891.25,2893.5,2897.75
2025-11-12 02:10:00,126600.0,2899.0,2893.0,2897.5,2893.5,2900.0,2893.5,2898.0,2894.5,2899.5,2893.25,2897.75,2894.0
2025-11-12 02:15:00,143500.0,2897.5,2890.0,2893.5,2891.0,2898.0,2890.5,2894.5,2891.5,2897.75,2890.25,2894.0,2891.25
2025-11-12 02:20:00,162000.0,2894.0,2888.0,2890.5,2892.5,2895.0,2889.0,2891.5,2893.0,2894.5,2888.5,2891.0,2892.75
2025-11-12 02:25:00,123900.0,2898.0,2892.0,2892.5,2895.5,2898.5,2892.5,2893.0,2897.0,2898.25,2892.25,2892.75,2896.25
2025-11-12 02:30:00,8100.0,2895.0,2895.0,2895.0,2895.0,2897.0,2897.0,2897.0,2897.0,2896.0,2896.0,2896.0,2896.0
2025-11-12 03:30:00,574500.0,2893.5,2875.5,2891.0,2878.0,2895.5,2876.0,2891.5,2878.5,2893.75,2875.75,2891.25,2878.25
2025-11-12 03:35:00,394300.0,2883.5,2873.0,2878.0,2873.5,2884.0,2874.0,2878.5,2874.0,2883.75,2873.5,2878.25,2873.75
2025-11-12 03:40:00,407600.0,2875.0,2860.0,2873.5,2861.5,2875.5,2860.5,2874.0,2862.0,2875.25,2860.25,2873.75,2861.75
2025-11-12 03:45:00,256800.0,2868.5,2860.5,2861.5,2866.5,2869.0,2861.0,2862.0,2867.0,2868.75,2860.75,2861.75,2866.75
2025-11-12 03:50:00,251000.0,2873.5,2866.0,2866.5,2872.0,2874.0,2866.5,2867.0,2873.0,2873.75,2866.25,2866.75,2872.5
2025-11-12 03:55:00,269200.0,2874.0,2863.0,2872.0,2869.5,2874.5,2863.5,2873.0,2870.0,2874.25,2863.25,2872.5,2869.75
2025-11-12 04:00:00,269600.0,2876.0,2867.5,2869.5,2869.5,2877.0,2868.0,2870.0,2870.5,2876.5,2867.75,2869.75,2870.0
2025-11-12 04:05:00,201900.0,2871.5,2861.0,2869.5,2864.0,2872.0,2862.0,2870.5,2864.5,2871.75,2861.5,2870.0,2864.25
2025-11-12 04:10:00,383600.0,2864.5,2858.0,2864.0,2860.5,2865.0,2858.5,2864.5,2861.0,2864.75,2858.25,2864.25,2860.75
2025-11-12 04:15:00,370600.0,2860.5,2851.5,2860.5,2859.5,2861.5,2852.0,2861.0,2860.5,2860.75,2851.75,2860.75,2860.0
2025-11-12 04:20:00,159200.0,2860.0,2854.0,2859.5,2855.0,2860.5,2854.5,2860.5,2855.5,2860.25,2854.25,2860.0,2855.25
2025-11-12 04:25:00,201500.0,2865.0,2855.0,2855.0,2865.0,2865.5,2855.5,2855.5,2865.5,2865.25,2855.25,2855.25,2865.25
2025-11-12 04:30:00,115200.0,2865.0,2861.5,2865.0,2864.0,2865.5,2862.5,2865.5,2864.5,2865.25,2862.0,2865.25,2864.25
2025-11-12 04:35:00,100700.0,2865.0,2860.5,2864.0,2860.5,2865.5,2861.0,2864.5,2861.0,2865.25,2860.75,2864.25,2860.75
2025-11-12 04:40:00,111400.0,2864.5,2860.5,2860.5,2863.0,2865.0,2861.0,2861.0,2863.5,2864.75,2860.75,2860.75,2863.25
2025-11-12 04:45:00,175300.0,2870.5,2862.5,2863.0,2869.0,2871.0,2863.0,2863.5,2869.5,2870.75,2862.75,2863.25,2869.25
2025-11-12 04:50:00,146200.0,2869.0,2864.0,2869.0,2865.0,2869.5,2864.5,2869.5,2866.0,2869.25,2864.25,2869.25,2865.5
2025-11-12 04:55:00,153200.0,2867.0,2861.5,2865.0,2861.5,2867.5,2862.0,2866.0,2862.0,2867.25,2861.75,2865.5,2861.75
2025-11-12 05:00:00,143600.0,2865.0,2861.5,2861.5,2862.5,2866.0,2862.0,2862.0,2863.5,2865.5,2861.75,2861.75,2863.0
2025-11-12 05:05:00,138000.0,2865.5,2861.5,2863.0,2864.0,2866.0,2862.0,2863.5,2864.5,2865.75,2861.75,2863.25,2864.25
2025-11-12 05:10:00,120700.0,2866.5,2863.0,2864.0,2864.5,2867.0,2863.5,2864.5,2865.0,2866.75,2863.25,2864.25,2864.75
2025-11-12 05:15:00,352900.0,2864.5,2856.0,2864.5,2859.5,2865.0,2856.5,2865.0,2860.5,2864.75,2856.25,2864.75,2860.0
2025-11-12 05:20:00,344500.0,2860.5,2851.0,2859.5,2851.5,2861.0,2852.0,2860.5,2852.5,2860.75,2851.5,2860.0,2852.0
2025-11-12 05:25:00,221700.0,2855.5,2851.0,2851.5,2852.5,2856.0,2851.5,2852.5,2853.0,2855.75,2851.25,2852.0,2852.75
2025-11-12 05:30:00,538700.0,2855.5,2846.0,2852.5,2848.5,2856.0,2846.5,2853.0,2849.0,2855.75,2846.25,2852.75,2848.75
2025-11-12 05:35:00,357100.0,2855.5,2844.5,2848.5,2845.5,2856.0,2845.0,2849.0,2846.5,2855.75,2844.75,2848.75,2846.0
2025-11-12 05:40:00,252300.0,2859.5,2845.5,2845.5,2859.0,2860.0,2846.0,2846.5,2860.0,2859.75,2845.75,2846.0,2859.5
2025-11-12 05:45:00,280300.0,2860.5,2851.5,2859.0,2853.0,2861.0,2852.0,2860.0,2853.5,2860.75,2851.75,2859.5,2853.25
2025-11-12 05:50:00,592800.0,2859.0,2848.5,2853.0,2850.5,2860.0,2849.0,2853.5,2851.0,2859.5,2848.75,2853.25,2850.75
2025-11-12 05:55:00,255900.0,2864.0,2850.5,2850.5,2863.5,2864.5,2851.0,2851.0,2864.0,2864.25,2850.75,2850.75,2863.75
2025-11-12 06:00:00,380300.0,2875.0,2863.5,2863.5,2871.0,2875.5,2864.0,2864.0,2871.5,2875.25,2863.75,2863.75,2871.25
2025-11-12 06:05:00,274200.0,2880.5,2868.0,2871.0,2875.0,2881.5,2869.0,2871.5,2876.0,2881.0,2868.5,2871.25,2875.5
2025-11-12 06:10:00,260800.0,2888.5,2875.0,2875.0,2886.0,2889.0,2875.5,2876.0,2887.0,2888.75,2875.25,2875.5,2886.5
2025-11-12 06:15:00,327800.0,2897.0,2881.0,2886.0,2895.5,2897.5,2881.5,2887.0,2896.0,2897.25,2881.25,2886.5,2895.75
2025-11-12 06:20:00,501400.0,2902.0,2889.5,2895.5,2900.0,2903.5,2890.5,2896.0,2902.5,2902.75,2890.0,2895.75,2901.25
2025-11-12 06:25:00,,2919.5,2890.5,2905.5,2905.0,2919.5,2891.0,2906.0,2905.5,2919.5,2890.75,2905.75,2905.25
2025-11-12 06:30:00,1472700.0,2905.0,2905.0,2905.0,2905.0,2905.5,2905.5,2905.5,2905.5,2905.25,2905.25,2905.25,2905.25
2025-11-13 00:00:00,1334000.0,2952.0,2917.0,2929.5,2948.5,2953.0,2919.0,2930.0,2949.0,2952.25,2918.0,2929.75,2948.75
2025-11-13 00:05:00,672700.0,2953.5,2941.5,2948.5,2948.5,2954.0,2942.0,2949.0,2949.5,2953.75,2941.75,2948.75,2949.0
2025-11-13 00:10:00,507600.0,2949.5,2935.0,2948.5,2940.0,2950.0,2935.5,2949.5,2940.5,2949.75,2935.25,2949.0,2940.25
2025-11-13 00:15:00,602100.0,2944.5,2906.5,2940.0,2918.0,2945.0,2907.0,2940.5,2918.5,2944.75,2906.75,2940.25,2918.25
2025-11-13 00:20:00,439600.0,2928.5,2917.5,2918.0,2923.0,2929.0,2918.0,2918.5,2923.5,2928.75,2917.75,2918.25,2923.25
2025-11-13 00:25:00,368400.0,2923.5,2909.5,2923.0,2914.0,2924.0,2910.0,2923.5,2915.0,2923.75,2909.75,2923.25,2914.5
2025-11-13 00:30:00,421000.0,2924.5,2909.0,2914.0,2912.5,2925.0,2909.5,2915.0,2913.0,2924.75,2909.25,2914.5,2912.75
2025-11-13 00:35:00,418700.0,2917.0,2902.0,2912.5,2916.5,2917.5,2902.5,2913.0,2917.5,2917.25,2902.25,2912.75,2917.0
2025-11-13 00:40:00,276200.0,2919.0,2911.0,2916.5,2916.5,2919.5,2911.5,2917.5,2917.5,2919.25,2911.25,2917.0,2917.0
2025-11-13 00:45:00,388200.0,2924.5,2903.5,2916.5,2920.0,2925.0,2904.0,2917.5,2920.5,2924.75,2903.75,2917.0,2920.25
2025-11-13 00:50:00,216700.0,2920.5,2911.0,2920.0,2915.0,2921.0,2911.5,2920.5,2915.5,2920.75,2911.25,2920.25,2915.25
2025-11-13 00:55:00,144200.0,2918.5,2911.5,2915.0,2915.5,2919.0,2912.0,2915.5,2916.0,2918.75,2911.75,2915.25,2915.75
2025-11-13 01:00:00,280500.0,2922.0,2910.5,2915.5,2919.0,2922.5,2911.0,2916.0,2920.0,2922.25,2910.75,2915.75,2919.5
2025-11-13 01:05:00,324700.0,2937.5,2918.5,2919.0,2937.0,2938.0,2919.0,2920.0,2938.0,2937.75,2918.75,2919.5,2937.5
2025-11-13 01:10:00,243900.0,2937.0,2928.5,2937.0,2932.5,2938.0,2929.0,2938.0,2933.0,2937.5,2928.75,2937.5,2932.75
2025-11-13 01:15:00,210900.0,2938.5,2930.5,2932.5,2932.5,2939.0,2931.5,2933.0,2933.0,2938.75,2931.0,2932.75,2932.75
2025-11-13 01:20:00,203200.0,2939.0,2931.0,2932.5,2936.5,2939.5,2932.0,2933.0,2937.5,2939.25,2931.5,2932.75,2937.0
2025-11-13 01:25:00,147200.0,2938.0,2933.0,2936.5,2933.0,2938.5,2933.5,2937.5,2933.5,2938.25,2933.25,2937.0,2933.25
2025-11-13 01:30:00,221300.0,2940.5,2931.5,2933.0,2939.0,2941.0,2932.0,2933.5,2940.0,2940.75,2931.75,2933.25,2939.5
2025-11-13 01:35:00,138500.0,2941.5,2936.0,2939.0,2940.0,2942.0,2937.0,2940.0,2941.0,2941.75,2936.5,2939.5,2940.5
2025-11-13 01:40:00,243600.0,2944.5,2939.5,2940.0,2943.0,2945.0,2940.5,2941.0,2943.5,2944.75,2940.0,2940.5,2943.25
2025-11-13 01:45:00,234900.0,2945.5,2934.0,2943.0,2937.5,2946.0,2934.5,2943.5,2938.0,2945.75,2934.25,2943.25,2937.75
2025-11-13 01:50:00,119800.0,2939.5,2934.0,2937.5,2939.5,2940.0,2934.5,2938.0,2940.0,2939.75,2934.25,2937.75,2939.75
2025-11-13 01:55:00,145600.0,2943.5,2938.0,2939.5,2943.5,2944.0,2938.5,2940.0,2944.0,2943.75,2938.25,2939.75,2943.75
2025-11-13 02:00:00,163900.0,2944.0,2937.5,2943.5,2940.0,2944.5,2938.0,2944.0,2941.0,2944.25,2937.75,2943.75,2940.5
2025-11-13 02:05:00,133100.0,2945.5,2939.0,2940.0,2945.0,2946.0,2939.5,2941.0,2945.5,2945.75,2939.25,2940.5,2945.25
2025-11-13 02:10:00,397700.0,2951.0,2942.0,2945.0,2946.5,2952.0,2943.0,2945.5,2947.5,2951.25,2942.5,2945.25,2947.0
2025-11-13 02:15:00,161800.0,2951.0,2946.5,2946.5,2949.0,2951.5,2947.5,2947.5,2949.5,2951.25,2947.0,2947.0,2949.25
2025-11-13 02:20:00,225800.0,2950.5,2938.5,2949.0,2943.0,2951.0,2939.0,2949.5,2943.5,2950.75,2938.75,2949.25,2943.25
2025-11-13 02:25:00,102500.0,2949.0,2943.0,2943.0,2948.5,2949.5,2943.5,2943.5,2949.0,2949.25,2943.25,2943.25,2948.75
2025-11-13 02:30:00,14100.0,2948.5,2948.5,2948.5,2948.5,2949.5,2949.5,2949.5,2949.5,2949.0,2949.0,2949.0,2949.0
2025-11-13 03:30:00,768100.0,2958.0,2941.5,2954.5,2952.5,2959.0,2942.0,2955.0,2953.0,2958.25,2941.75,2954.75,2952.75
2025-11-13 03:35:00,371600.0,2953.5,2945.0,2952.5,2949.0,2954.0,2945.5,2953.0,2949.5,2953.75,2945.25,2952.75,2949.25
2025-11-13 03:40:00,300900.0,2957.0,2947.0,2949.0,2952.5,2957.5,2947.5,2949.5,2953.5,2957.25,2947.25,2949.25,2953.0
2025-11-13 03:45:00,166400.0,2954.0,2949.0,2952.5,2951.0,2954.5,2949.5,2953.5,2951.5,2954.25,2949.25,2953.0,2951.25
2025-11-13 03:50:00,213200.0,2954.5,2946.0,2951.0,2954.5,2955.0,2946.5,2951.5,2955.0,2954.75,2946.25,2951.25,2954.75
2025-11-13 03:55:00,270100.0,2959.0,2953.5,2954.5,2956.5,2959.5,2954.0,2955.0,2957.0,2959.25,2953.75,2954.75,2956.75
2025-11-13 04:00:00,169200.0,2956.5,2949.5,2956.5,2951.5,2957.0,2950.0,2957.0,2952.0,2956.75,2949.75,2956.75,2951.75
2025-11-13 04:05:00,194600.0,2952.5,2946.5,2951.5,2947.0,2953.0,2947.0,2952.0,2947.5,2952.75,2946.75,2951.75,2947.25
2025-11-13 04:10:00,216300.0,2949.0,2942.0,2947.0,2942.0,2949.5,2942.5,2947.5,2942.5,2949.25,2942.25,2947.25,2942.25
2025-11-13 04:15:00,205400.0,2943.5,2937.0,2942.0,2943.5,2944.0,2938.0,2942.5,2944.0,2943.75,2937.5,2942.25,2943.75
2025-11-13 04:20:00,157900.0,2947.0,2942.0,2943.5,2946.5,2947.5,2942.5,2944.0,2947.0,2947.25,2942.25,2943.75,2946.75
2025-11-13 04:25:00,138100.0,2948.0,2942.0,2946.5,2942.5,2948.5,2942.5,2947.0,2943.0,2948.25,2942.25,2946.75,2942.75
2025-11-13 04:30:00,158300.0,2949.5,2941.0,2942.5,2948.5,2950.0,2942.0,2943.0,2949.0,2949.75,2941.5,2942.75,2948.75
2025-11-13 04:35:00,129900.0,2952.5,2948.5,2948.5,2952.5,2953.0,2949.0,2949.0,2953.0,2952.75,2948.75,2948.75,2952.75
2025-11-13 04:40:00,113800.0,2952.5,2949.0,2952.5,2952.5,2953.5,2949.5,2953.0,2953.0,2953.0,2949.25,2952.75,2952.75
2025-11-13 04:45:00,134500.0,2953.0,2948.5,2952.5,2950.0,2953.5,2949.0,2953.0,2950.5,2953.25,2948.75,2952.75,2950.25
2025-11-13 04:50:00,80000.0,2953.0,2949.5,2950.0,2950.5,2953.5,2950.0,2950.5,2951.0,2953.25,2949.75,2950.25,2950.75
2025-11-13 04:55:00,97100.0,2952.5,2949.5,2950.5,2949.5,2953.0,2950.0,2951.0,2950.0,2952.75,2949.75,2950.75,2949.75
2025-11-13 05:00:00,114300.0,2952.0,2947.0,2949.5,2948.5,2952.5,2948.0,2950.0,2949.0,2952.25,2947.5,2949.75,2948.75
2025-11-13 05:05:00,110600.0,2953.0,2947.0,2948.5,2952.0,2953.5,2947.5,2949.0,2952.5,2953.25,2947.25,2948.75,2952.25
2025-11-13 05:10:00,97000.0,2952.5,2948.5,2952.0,2949.5,2953.0,2949.0,2952.5,2950.0,2952.75,2948.75,2952.25,2949.75
2025-11-13 05:15:00,100200.0,2951.0,2946.0,2949.5,2948.0,2951.5,2946.5,2950.0,2948.5,2951.25,2946.25,2949.75,2948.25
2025-11-13 05:20:00,128100.0,2950.5,2944.0,2948.0,2944.0,2951.0,2944.5,2948.5,2945.0,2950.75,2944.25,2948.25,2944.5
2025-11-13 05:25:00,79900.0,2948.5,2943.0,2944.0,2944.5,2949.0,2944.0,2945.0,2945.5,2948.75,2943.5,2944.5,2945.0
2025-11-13 05:30:00,101300.0,2945.5,2942.5,2944.5,2943.5,2946.0,2943.0,2945.5,2944.0,2945.75,2942.75,2945.0,2943.75
2025-11-13 05:35:00,128300.0,2946.0,2940.5,2943.5,2943.0,2947.0,2941.0,2944.0,2943.5,2946.5,2940.75,2943.75,2943.25
2025-11-13 05:40:00,163800.0,2944.0,2937.0,2943.0,2937.0,2944.5,2937.5,2943.5,2938.0,2944.25,2937.25,2943.25,2937.5
2025-11-13 05:45:00,135200.0,2938.5,2934.5,2937.0,2935.5,2939.0,2935.0,2938.0,2936.5,2938.75,2934.75,2937.5,2936.0
2025-11-13 05:50:00,160800.0,2943.0,2935.5,2935.5,2942.0,2943.5,2936.0,2936.5,2942.5,2943.25,2935.75,2936.0,2942.25
2025-11-13 05:55:00,178400.0,2943.0,2938.5,2942.0,2939.5,2944.5,2939.0,2942.5,2940.0,2943.25,2938.75,2942.25,2939.75
2025-11-13 06:00:00,218600.0,2941.0,2935.0,2939.5,2939.0,2941.5,2935.5,2940.0,2940.0,2941.25,2935.25,2939.75,2939.5
2025-11-13 06:05:00,204900.0,2940.5,2931.0,2939.0,2937.5,2941.0,2931.5,2940.0,2938.0,2940.75,2931.25,2939.5,2937.75
2025-11-13 06:10:00,177200.0,2941.5,2937.0,2937.5,2938.5,2942.0,2938.0,2938.0,2939.5,2941.75,2937.5,2937.75,2939.0
2025-11-13 06:15:00,145200.0,2940.0,2934.0,2938.5,2937.5,2941.0,2934.5,2939.5,2938.5,2940.5,2934.25,2939.0,2938.0
2025-11-13 06:20:00,177200.0,2941.5,2937.5,2937.5,2940.0,2942.0,2938.0,2938.5,2941.0,2941.75,2937.75,2938.0,2940.5
2025-11-13 06:25:00,,2960.0,2936.0,2937.5,2945.5,2960.5,2936.5,2938.0,2946.0,2960.25,2936.25,2937.75,2945.75
2025-11-13 06:30:00,824500.0,2945.0,2945.0,2945.0,2945.0,2946.0,2946.0,2946.0,2946.0,2945.5,2945.5,2945.5,2945.5
