,9022.T,9022.T,9022.T,9022.T,9022.T,9022.T,9022.T,9022.T,9022.T,9022.T,9022.T,9022.T,9022.T
,ACVOL_UNS,BID_HIGH_1,BID_LOW_1,OPEN_BID,BID,ASK_HIGH_1,ASK_LOW_1,OPEN_ASK,ASK,MID_HIGH,MID_LOW,MID_OPEN,MID_PRICE
Timestamp,,,,,,,,,,,,,
2025-09-16 00:00:00,201500,4186,4164,4184,4180,4187,4169,4185,4182,4186.5,4166.5,4184.5,4181.0
2025-09-16 00:05:00,59800,4197,4177,4180,4196,4199,4179,4182,4197,4198.0,4178.0,4181.0,4196.5
2025-09-16 00:10:00,217700,4209,4194,4195,4207,4210,4195,4197,4208,4209.5,4194.5,4196.0,4207.5
2025-09-16 00:15:00,42600,4208,4190,4207,4195,4209,4192,4208,4197,4208.5,4191.0,4207.5,4196.0
2025-09-16 00:20:00,27500,4199,4187,4195,4197,4200,4189,4197,4198,4199.5,4188.0,4196.0,4197.5
2025-09-16 00:25:00,59900,4213,4194,4197,4212,4215,4196,4198,4213,4214.0,4195.0,4197.5,4212.5
2025-09-16 00:30:00,50400,4221,4206,4212,4212,4222,4208,4213,4214,4221.5,4207.0,4212.5,4213.0
2025-09-16 00:35:00,34600,4228,4212,4212,4226,4229,4213,4214,4227,4228.5,4212.5,4213.0,4226.5
2025-09-16 00:40:00,24200,4227,4216,4226,4220,4228,4217,4227,4221,4227.5,4216.5,4226.5,4220.5
2025-09-16 00:45:00,23600,4223,4217,4220,4217,4224,4218,4221,4218,4223.5,4217.5,4220.5,4217.5
2025-09-16 00:50:00,23700,4226,4217,4217,4225,4227,4218,4218,4226,4226.5,4217.5,4217.5,4225.5
2025-09-16 00:55:00,53400,4228,4221,4225,4228,4229,4223,4226,4229,4228.5,4222.0,4225.5,4228.5
2025-09-16 01:00:00,60100,4236,4228,4228,4235,4237,4229,4229,4237,4236.5,4228.5,4228.5,4236.0
2025-09-16 01:05:00,34500,4236,4224,4235,4235,4237,4225,4237,4236,4236.5,4224.5,4236.0,4235.5
2025-09-16 01:10:00,14500,4237,4234,4235,4235,4238,4235,4236,4236,4237.5,4234.5,4235.5,4235.5
2025-09-16 01:15:00,15300,4241,4234,4235,4240,4242,4235,4236,4241,4241.5,4234.5,4235.5,4240.5
2025-09-16 01:20:00,32900,4249,4239,4240,4249,4250,4240,4241,4250,4249.5,4239.5,4240.5,4249.5
2025-09-16 01:25:00,71000,4257,4248,4249,4253,4258,4249,4250,4254,4257.5,4248.5,4249.5,4253.5
2025-09-16 01:30:00,25000,4264,4251,4253,4264,4265,4252,4254,4265,4264.5,4251.5,4253.5,4264.5
2025-09-16 01:35:00,28800,4268,4259,4264,4265,4269,4260,4265,4267,4268.5,4259.5,4264.5,4266.0
2025-09-16 01:40:00,25000,4269,4262,4265,4263,4270,4263,4267,4265,4269.5,4262.5,4266.0,4264.0
2025-09-16 01:45:00,24800,4269,4262,4263,4267,4270,4263,4265,4269,4269.5,4262.5,4264.0,4268.0
2025-09-16 01:50:00,14600,4269,4263,4267,4264,4270,4264,4269,4265,4269.5,4263.5,4268.0,4264.5
2025-09-16 01:55:00,20100,4269,4263,4264,4266,4270,4264,4265,4268,4269.5,4263.5,4264.5,4267.0
2025-09-16 02:00:00,42600,4277,4265,4266,4270,4278,4266,4268,4271,4277.5,4265.5,4267.0,4270.5
2025-09-16 02:05:00,15500,4275,4268,4270,4272,4277,4269,4271,4273,4276.0,4268.5,4270.5,4272.5
2025-09-16 02:10:00,12400,4273,4269,4272,4270,4274,4270,4273,4271,4273.5,4269.5,4272.5,4270.5
2025-09-16 02:15:00,20100,4272,4265,4270,4265,4273,4267,4271,4267,4272.5,4266.0,4270.5,4266.0
2025-09-16 02:20:00,10800,4266,4261,4265,4266,4267,4262,4267,4267,4266.5,4261.5,4266.0,4266.5
2025-09-16 02:25:00,26100,4267,4258,4266,4259,4268,4260,4267,4261,4267.5,4259.0,4266.5,4260.0
2025-09-16 02:30:00,5800,4259,4259,4259,4259,4261,4261,4261,4261,4260.0,4260.0,4260.0,4260.0
2025-09-16 03:30:00,105800,4272,4260,4261,4263,4273,4262,4262,4264,4272.5,4261.0,4261.5,4263.5
2025-09-16 03:35:00,60200,4266,4250,4263,4251,4267,4252,4264,4253,4266.5,4251.0,4263.5,4252.0
2025-09-16 03:40:00,47600,4255,4249,4251,4254,4256,4251,4253,4255,4255.5,4250.0,4252.0,4254.5
2025-09-16 03:45:00,27500,4257,4249,4254,4250,4258,4250,4255,4251,4257.5,4249.5,4254.5,4250.5
2025-09-16 03:50:00,28200,4250,4238,4250,4239,4251,4240,4251,4240,4250.5,4239.0,4250.5,4239.5
2025-09-16 03:55:00,27100,4239,4232,4239,4234,4240,4234,4240,4235,4239.5,4233.0,4239.5,4234.5
2025-09-16 04:00:00,45100,4242,4233,4234,4242,4244,4234,4235,4243,4243.0,4233.5,4234.5,4242.5
2025-09-16 04:05:00,16700,4249,4241,4242,4248,4250,4242,4243,4249,4249.5,4241.5,4242.5,4248.5
2025-09-16 04:10:00,22200,4253,4245,4248,4247,4254,4247,4249,4248,4253.5,4246.0,4248.5,4247.5
2025-09-16 04:15:00,12000,4249,4244,4247,4249,4250,4245,4248,4250,4249.5,4244.5,4247.5,4249.5
2025-09-16 04:20:00,15600,4254,4249,4249,4252,4256,4250,4250,4253,4255.0,4249.5,4249.5,4252.5
2025-09-16 04:25:00,10400,4253,4249,4252,4251,4254,4250,4253,4252,4253.5,4249.5,4252.5,4251.5
2025-09-16 04:30:00,10000,4251,4245,4251,4247,4252,4246,4252,4248,4251.5,4245.5,4251.5,4247.5
2025-09-16 04:35:00,12000,4249,4244,4247,4247,4250,4245,4248,4248,4249.5,4244.5,4247.5,4247.5
2025-09-16 04:40:00,12100,4251,4247,4247,4248,4252,4248,4248,4250,4251.5,4247.5,4247.5,4249.0
2025-09-16 04:45:00,10300,4252,4248,4248,4251,4253,4249,4250,4252,4252.5,4248.5,4249.0,4251.5
2025-09-16 04:50:00,11100,4252,4245,4251,4246,4253,4246,4252,4247,4252.5,4245.5,4251.5,4246.5
2025-09-16 04:55:00,13500,4249,4245,4246,4246,4251,4247,4247,4247,4250.0,4246.0,4246.5,4246.5
2025-09-16 05:00:00,13800,4249,4245,4246,4246,4250,4246,4247,4247,4249.5,4245.5,4246.5,4246.5
2025-09-16 05:05:00,6000,4247,4245,4246,4245,4248,4246,4247,4246,4247.5,4245.5,4246.5,4245.5
2025-09-16 05:10:00,7600,4245,4244,4245,4244,4246,4245,4246,4245,4245.5,4244.5,4245.5,4244.5
2025-09-16 05:15:00,37600,4245,4239,4244,4244,4246,4240,4245,4245,4245.5,4239.5,4244.5,4244.5
2025-09-16 05:20:00,5900,4245,4241,4244,4244,4246,4242,4245,4245,4245.5,4241.5,4244.5,4244.5
2025-09-16 05:25:00,17300,4247,4242,4244,4244,4248,4243,4245,4245,4247.5,4242.5,4244.5,4244.5
2025-09-16 05:30:00,20000,4248,4242,4244,4243,4249,4243,4245,4245,4248.5,4242.5,4244.5,4244.0
2025-09-16 05:35:00,9400,4247,4243,4243,4246,4248,4245,4245,4247,4247.5,4244.0,4244.0,4246.5
2025-09-16 05:40:00,22700,4253,4245,4246,4252,4254,4246,4247,4253,4253.5,4245.5,4246.5,4252.5
2025-09-16 05:45:00,24200,4254,4252,4252,4254,4255,4253,4253,4255,4254.5,4252.5,4252.5,4254.5
2025-09-16 05:50:00,22600,4255,4248,4254,4249,4256,4249,4255,4251,4255.5,4248.5,4254.5,4250.0
2025-09-16 05:55:00,15700,4252,4249,4249,4249,4253,4250,4251,4250,4252.5,4249.5,4250.0,4249.5
2025-09-16 06:00:00,35400,4252,4246,4249,4246,4253,4247,4250,4247,4252.5,4246.5,4249.5,4246.5
2025-09-16 06:05:00,17900,4253,4245,4246,4252,4254,4246,4247,4253,4253.5,4245.5,4246.5,4252.5
2025-09-16 06:10:00,29200,4252,4246,4252,4246,4253,4247,4253,4247,4252.5,4246.5,4252.5,4246.5
2025-09-16 06:15:00,31800,4249,4244,4246,4245,4250,4245,4247,4246,4249.5,4244.5,4246.5,4245.5
2025-09-16 06:20:00,63200,4246,4236,4245,4236,4247,4237,4246,4237,4246.5,4236.5,4245.5,4236.5
2025-09-16 06:25:00,,4261,4225,4251,4244,4262,4226,4252,4245,4261.5,4225.5,4251.5,4244.5
2025-09-16 06:30:00,687300,4241,4241,4241,4241,4245,4245,4245,4245,4243.0,4243.0,4243.0,4243.0
2025-09-17 00:00:00,185800,4246,4229,4245,4242,4248,4231,4246,4243,4246.5,4230.0,4245.5,4242.5
2025-09-17 00:05:00,37600,4242,4224,4242,4230,4243,4226,4243,4231,4242.5,4225.0,4242.5,4230.5
2025-09-17 00:10:00,25200,4237,4225,4230,4237,4239,4227,4231,4238,4238.0,4226.0,4230.5,4237.5
2025-09-17 00:15:00,51500,4257,4229,4237,4256,4258,4230,4238,4257,4257.5,4229.5,4237.5,4256.5
2025-09-17 00:20:00,53900,4268,4255,4256,4261,4270,4256,4257,4263,4269.0,4255.5,4256.5,4262.0
2025-09-17 00:25:00,32600,4261,4253,4261,4256,4263,4254,4263,4257,4262.0,4253.5,4262.0,4256.5
2025-09-17 00:30:00,29000,4260,4250,4256,4260,4261,4252,4257,4261,4260.5,4251.0,4256.5,4260.5
2025-09-17 00:35:00,36700,4263,4254,4260,4263,4264,4255,4261,4264,4263.5,4254.5,4260.5,4263.5
2025-09-17 00:40:00,34500,4266,4258,4263,4265,4267,4259,4264,4267,4266.5,4258.5,4263.5,4266.0
2025-09-17 00:45:00,47700,4278,4265,4265,4278,4279,4266,4267,4279,4278.5,4265.5,4266.0,4278.5
2025-09-17 00:50:00,56300,4281,4276,4278,4279,4282,4277,4279,4280,4281.5,4276.5,4278.5,4279.5
2025-09-17 00:55:00,63300,4289,4277,4279,4279,4290,4278,4280,4280,4289.5,4277.5,4279.5,4279.5
2025-09-17 01:00:00,53300,4295,4279,4279,4295,4296,4280,4280,4296,4295.5,4279.5,4279.5,4295.5
2025-09-17 01:05:00,44200,4297,4292,4295,4294,4298,4293,4296,4295,4297.5,4292.5,4295.5,4294.5
2025-09-17 01:10:00,29200,4294,4288,4294,4292,4296,4289,4295,4293,4295.0,4288.5,4294.5,4292.5
2025-09-17 01:15:00,30500,4296,4291,4292,4294,4297,4292,4293,4295,4296.5,4291.5,4292.5,4294.5
2025-09-17 01:20:00,27000,4294,4287,4294,4290,4295,4288,4295,4291,4294.5,4287.5,4294.5,4290.5
2025-09-17 01:25:00,18200,4292,4289,4290,4290,4293,4290,4291,4291,4292.5,4289.5,4290.5,4290.5
2025-09-17 01:30:00,30900,4291,4282,4290,4286,4292,4283,4291,4287,4291.5,4282.5,4290.5,4286.5
2025-09-17 01:35:00,13800,4291,4286,4286,4290,4292,4287,4287,4291,4291.5,4286.5,4286.5,4290.5
2025-09-17 01:40:00,14500,4292,4289,4290,4291,4293,4290,4291,4292,4292.5,4289.5,4290.5,4291.5
2025-09-17 01:45:00,20400,4291,4288,4291,4288,4292,4289,4292,4289,4291.5,4288.5,4291.5,4288.5
2025-09-17 01:50:00,25300,4289,4283,4288,4283,4290,4284,4289,4284,4289.5,4283.5,4288.5,4283.5
2025-09-17 01:55:00,36000,4283,4274,4283,4275,4284,4275,4284,4277,4283.5,4274.5,4283.5,4276.0
2025-09-17 02:00:00,17700,4275,4273,4275,4275,4277,4274,4277,4276,4276.0,4273.5,4276.0,4275.5
2025-09-17 02:05:00,29200,4276,4268,4275,4272,4277,4270,4276,4273,4276.5,4269.0,4275.5,4272.5
2025-09-17 02:10:00,19900,4280,4272,4272,4277,4281,4273,4273,4278,4280.5,4272.5,4272.5,4277.5
2025-09-17 02:15:00,16800,4278,4270,4277,4274,4280,4271,4278,4275,4279.0,4270.5,4277.5,4274.5
2025-09-17 02:20:00,16300,4281,4274,4274,4281,4282,4275,4275,4282,4281.5,4274.5,4274.5,4281.5
2025-09-17 02:25:00,23800,4283,4280,4281,4282,4284,4281,4282,4284,4283.5,4280.5,4281.5,4283.0
2025-09-17 02:30:00,5200,4282,4282,4282,4282,4285,4285,4285,4285,4283.5,4283.5,4283.5,4283.5
2025-09-17 03:30:00,73000,4287,4279,4287,4282,4288,4280,4287,4283,4287.5,4279.5,4287.0,4282.5
2025-09-17 03:35:00,11400,4285,4282,4282,4284,4286,4283,4283,4285,4285.5,4282.5,4282.5,4284.5
2025-09-17 03:40:00,28600,4287,4283,4284,4284,4288,4284,4285,4285,4287.5,4283.5,4284.5,4284.5
2025-09-17 03:45:00,16500,4288,4284,4284,4286,4289,4285,4285,4287,4288.5,4284.5,4284.5,4286.5
2025-09-17 03:50:00,9800,4288,4286,4286,4288,4289,4287,4287,4289,4288.5,4286.5,4286.5,4288.5
2025-09-17 03:55:00,16300,4289,4286,4288,4287,4290,4287,4289,4288,4289.5,4286.5,4288.5,4287.5
2025-09-17 04:00:00,19100,4289,4285,4287,4285,4290,4286,4288,4286,4289.5,4285.5,4287.5,4285.5
2025-09-17 04:05:00,14700,4286,4283,4285,4286,4287,4284,4286,4287,4286.5,4283.5,4285.5,4286.5
2025-09-17 04:10:00,15400,4286,4284,4286,4284,4287,4285,4287,4285,4286.5,4284.5,4286.5,4284.5
2025-09-17 04:15:00,27900,4284,4273,4284,4273,4285,4274,4285,4274,4284.5,4273.5,4284.5,4273.5
2025-09-17 04:20:00,11600,4276,4272,4273,4274,4277,4273,4274,4275,4276.5,4272.5,4273.5,4274.5
2025-09-17 04:25:00,16400,4274,4270,4274,4270,4275,4271,4275,4271,4274.5,4270.5,4274.5,4270.5
2025-09-17 04:30:00,17000,4273,4269,4270,4269,4274,4270,4271,4270,4273.5,4269.5,4270.5,4269.5
2025-09-17 04:35:00,9800,4272,4269,4269,4272,4274,4270,4270,4273,4273.0,4269.5,4269.5,4272.5
2025-09-17 04:40:00,18100,4272,4267,4272,4268,4273,4268,4273,4269,4272.5,4267.5,4272.5,4268.5
2025-09-17 04:45:00,11800,4271,4268,4268,4271,4272,4269,4269,4272,4271.5,4268.5,4268.5,4271.5
2025-09-17 04:50:00,17300,4273,4269,4271,4272,4274,4270,4272,4274,4273.5,4269.5,4271.5,4273.0
2025-09-17 04:55:00,9000,4275,4272,4272,4272,4276,4273,4274,4273,4275.5,4272.5,4273.0,4272.5
2025-09-17 05:00:00,7900,4275,4272,4272,4275,4276,4273,4273,4276,4275.5,4272.5,4272.5,4275.5
2025-09-17 05:05:00,27300,4275,4267,4275,4268,4276,4268,4276,4269,4275.5,4267.5,4275.5,4268.5
2025-09-17 05:10:00,13200,4276,4268,4268,4275,4277,4269,4269,4276,4276.5,4268.5,4268.5,4275.5
2025-09-17 05:15:00,15500,4277,4275,4275,4276,4278,4276,4276,4277,4277.5,4275.5,4275.5,4276.5
2025-09-17 05:20:00,11400,4276,4275,4276,4276,4277,4276,4277,4277,4276.5,4275.5,4276.5,4276.5
2025-09-17 05:25:00,12900,4276,4274,4276,4275,4277,4275,4277,4276,4276.5,4274.5,4276.5,4275.5
2025-09-17 05:30:00,12100,4280,4275,4275,4280,4281,4276,4276,4281,4280.5,4275.5,4275.5,4280.5
2025-09-17 05:35:00,29600,4283,4278,4280,4282,4284,4279,4281,4283,4283.5,4278.5,4280.5,4282.5
2025-09-17 05:40:00,13700,4282,4279,4282,4280,4283,4280,4283,4281,4282.5,4279.5,4282.5,4280.5
2025-09-17 05:45:00,19400,4280,4276,4280,4279,4281,4277,4281,4280,4280.5,4276.5,4280.5,4279.5
2025-09-17 05:50:00,7500,4282,4279,4279,4282,4283,4280,4280,4283,4282.5,4279.5,4279.5,4282.5
2025-09-17 05:55:00,38100,4287,4282,4282,4282,4288,4283,4283,4284,4287.5,4282.5,4282.5,4283.0
2025-09-17 06:00:00,22300,4287,4282,4282,4283,4288,4283,4284,4284,4287.5,4282.5,4283.0,4283.5
2025-09-17 06:05:00,23300,4286,4282,4283,4282,4287,4283,4284,4283,4286.5,4282.5,4283.5,4282.5
2025-09-17 06:10:00,23200,4289,4281,4282,4288,4290,4282,4283,4289,4289.5,4281.5,4282.5,4288.5
2025-09-17 06:15:00,76000,4292,4286,4288,4286,4293,4287,4289,4287,4292.5,4286.5,4288.5,4286.5
2025-09-17 06:20:00,78400,4289,4285,4286,4289,4290,4286,4287,4290,4289.5,4285.5,4286.5,4289.5
2025-09-17 06:25:00,,4338,4287,4299,4289,4339,4288,4300,4290,4338.5,4287.5,4299.5,4289.5
2025-09-17 06:30:00,888300,4288,4288,4288,4288,4291,4291,4291,4291,4289.5,4289.5,4289.5,4289.5
2025-09-18 00:00:00,360200,4339,4296,4334,4307,4340,4298,4335,4310,4339.5,4297.0,4334.5,4308.5
2025-09-18 00:05:00,61400,4314,4301,4307,4310,4315,4302,4310,4312,4314.5,4301.5,4308.5,4311.0
2025-09-18 00:10:00,93500,4310,4279,4310,4282,4312,4280,4312,4283,4311.0,4279.5,4311.0,4282.5
2025-09-18 00:15:00,57100,4289,4272,4282,4281,4290,4273,4283,4282,4289.5,4272.5,4282.5,4281.5
2025-09-18 00:20:00,65600,4281,4270,4281,4270,4282,4271,4282,4272,4281.5,4270.5,4281.5,4271.0
2025-09-18 00:25:00,36600,4280,4268,4270,4279,4281,4269,4272,4281,4280.5,4268.5,4271.0,4280.0
2025-09-18 00:30:00,22800,4285,4278,4279,4284,4286,4279,4281,4286,4285.5,4278.5,4280.0,4285.0
2025-09-18 00:35:00,28200,4291,4282,4284,4287,4292,4284,4286,4289,4291.5,4283.0,4285.0,4288.0
2025-09-18 00:40:00,25900,4292,4287,4288,4290,4293,4288,4289,4291,4292.5,4287.5,4288.5,4290.5
2025-09-18 00:45:00,39100,4290,4281,4290,4281,4291,4282,4291,4282,4290.5,4281.5,4290.5,4281.5
2025-09-18 00:50:00,37100,4283,4270,4281,4270,4284,4271,4282,4271,4283.5,4270.5,4281.5,4270.5
2025-09-18 00:55:00,20900,4270,4264,4270,4265,4271,4265,4271,4266,4270.5,4264.5,4270.5,4265.5
2025-09-18 01:00:00,31700,4270,4260,4265,4270,4271,4262,4266,4271,4270.5,4261.0,4265.5,4270.5
2025-09-18 01:05:00,21200,4286,4270,4270,4284,4287,4271,4271,4286,4286.5,4270.5,4270.5,4285.0
2025-09-18 01:10:00,14500,4285,4281,4284,4284,4287,4282,4286,4285,4286.0,4281.5,4285.0,4284.5
2025-09-18 01:15:00,16500,4287,4281,4284,4281,4288,4282,4285,4282,4287.5,4281.5,4284.5,4281.5
2025-09-18 01:20:00,14800,4281,4278,4281,4280,4282,4279,4282,4281,4281.5,4278.5,4281.5,4280.5
2025-09-18 01:25:00,15800,4280,4270,4280,4271,4282,4272,4281,4272,4281.0,4271.0,4280.5,4271.5
2025-09-18 01:30:00,17700,4271,4265,4271,4265,4272,4267,4272,4267,4271.5,4266.0,4271.5,4266.0
2025-09-18 01:35:00,41900,4265,4255,4265,4258,4267,4256,4267,4259,4266.0,4255.5,4266.0,4258.5
2025-09-18 01:40:00,24100,4263,4256,4258,4260,4265,4257,4259,4261,4264.0,4256.5,4258.5,4260.5
2025-09-18 01:45:00,12400,4263,4259,4260,4261,4264,4260,4261,4262,4263.5,4259.5,4260.5,4261.5
2025-09-18 01:50:00,22300,4273,4261,4261,4273,4274,4262,4262,4274,4273.5,4261.5,4261.5,4273.5
2025-09-18 01:55:00,19700,4274,4269,4273,4269,4275,4270,4274,4270,4274.5,4269.5,4273.5,4269.5
2025-09-18 02:00:00,22800,4269,4262,4269,4262,4270,4263,4270,4263,4269.5,4262.5,4269.5,4262.5
2025-09-18 02:05:00,10700,4275,4262,4262,4275,4277,4263,4263,4277,4276.0,4262.5,4262.5,4276.0
2025-09-18 02:10:00,11100,4278,4274,4275,4277,4279,4275,4277,4278,4278.5,4274.5,4276.0,4277.5
2025-09-18 02:15:00,41000,4281,4274,4277,4280,4282,4276,4278,4281,4281.5,4275.0,4277.5,4280.5
2025-09-18 02:20:00,13200,4280,4276,4280,4277,4281,4277,4281,4278,4280.5,4276.5,4280.5,4277.5
2025-09-18 02:25:00,21000,4277,4272,4277,4277,4279,4273,4278,4278,4278.0,4272.5,4277.5,4277.5
2025-09-18 02:30:00,2700,4276,4276,4276,4276,4278,4278,4278,4278,4277.0,4277.0,4277.0,4277.0
2025-09-18 03:30:00,97200,4282,4255,4280,4256,4285,4256,4281,4257,4283.5,4255.5,4280.5,4256.5
2025-09-18 03:35:00,73700,4259,4233,4256,4233,4260,4234,4257,4234,4259.5,4233.5,4256.5,4233.5
2025-09-18 03:40:00,43600,4237,4227,4233,4233,4238,4228,4234,4234,4237.5,4227.5,4233.5,4233.5
2025-09-18 03:45:00,57700,4237,4227,4233,4229,4238,4229,4234,4231,4237.5,4228.5,4233.5,4230.0
2025-09-18 03:50:00,55000,4230,4218,4229,4223,4232,4219,4231,4225,4231.0,4218.5,4230.0,4224.0
2025-09-18 03:55:00,38600,4224,4212,4223,4212,4225,4214,4225,4214,4224.5,4213.0,4224.0,4213.0
2025-09-18 04:00:00,86900,4213,4192,4212,4195,4214,4194,4214,4196,4213.5,4193.0,4213.0,4195.5
2025-09-18 04:05:00,51100,4199,4188,4195,4196,4201,4190,4196,4197,4200.0,4189.0,4195.5,4196.5
2025-09-18 04:10:00,47300,4200,4192,4196,4193,4201,4193,4197,4194,4200.5,4192.5,4196.5,4193.5
2025-09-18 04:15:00,49400,4196,4179,4193,4180,4197,4181,4194,4181,4196.5,4180.0,4193.5,4180.5
2025-09-18 04:20:00,44000,4190,4176,4180,4189,4192,4178,4181,4190,4191.0,4177.0,4180.5,4189.5
2025-09-18 04:25:00,33600,4189,4177,4189,4178,4190,4179,4190,4179,4189.5,4178.0,4189.5,4178.5
2025-09-18 04:30:00,37600,4183,4172,4178,4180,4184,4174,4179,4181,4183.5,4173.0,4178.5,4180.5
2025-09-18 04:35:00,28700,4186,4177,4180,4186,4188,4178,4181,4188,4187.0,4177.5,4180.5,4187.0
2025-09-18 04:40:00,33000,4186,4175,4186,4178,4188,4176,4188,4179,4187.0,4175.5,4187.0,4178.5
2025-09-18 04:45:00,19700,4178,4174,4178,4174,4179,4175,4179,4175,4178.5,4174.5,4178.5,4174.5
2025-09-18 04:50:00,48400,4182,4171,4174,4180,4183,4172,4175,4181,4182.5,4171.5,4174.5,4180.5
2025-09-18 04:55:00,27100,4188,4180,4180,4185,4189,4181,4181,4186,4188.5,4180.5,4180.5,4185.5
2025-09-18 05:00:00,23700,4189,4185,4185,4187,4190,4186,4186,4188,4189.5,4185.5,4185.5,4187.5
2025-09-18 05:05:00,18100,4188,4186,4187,4187,4189,4187,4188,4188,4188.5,4186.5,4187.5,4187.5
2025-09-18 05:10:00,24900,4188,4183,4187,4187,4190,4184,4188,4188,4189.0,4183.5,4187.5,4187.5
2025-09-18 05:15:00,11500,4187,4184,4187,4186,4188,4185,4188,4187,4187.5,4184.5,4187.5,4186.5
2025-09-18 05:20:00,20100,4187,4183,4186,4187,4188,4184,4187,4188,4187.5,4183.5,4186.5,4187.5
2025-09-18 05:25:00,27300,4187,4180,4187,4183,4188,4181,4188,4184,4187.5,4180.5,4187.5,4183.5
2025-09-18 05:30:00,29700,4188,4181,4183,4187,4190,4182,4184,4189,4189.0,4181.5,4183.5,4188.0
2025-09-18 05:35:00,17200,4189,4184,4187,4188,4190,4185,4189,4189,4189.5,4184.5,4188.0,4188.5
2025-09-18 05:40:00,37200,4188,4179,4188,4180,4189,4180,4189,4181,4188.5,4179.5,4188.5,4180.5
2025-09-18 05:45:00,12000,4180,4178,4180,4179,4181,4179,4181,4180,4180.5,4178.5,4180.5,4179.5
2025-09-18 05:50:00,48500,4187,4176,4179,4187,4188,4177,4180,4188,4187.5,4176.5,4179.5,4187.5
2025-09-18 05:55:00,35600,4192,4185,4187,4191,4193,4186,4188,4193,4192.5,4185.5,4187.5,4192.0
2025-09-18 06:00:00,54800,4197,4184,4191,4184,4198,4185,4193,4185,4197.5,4184.5,4192.0,4184.5
2025-09-18 06:05:00,47000,4194,4184,4184,4190,4196,4185,4185,4191,4195.0,4184.5,4184.5,4190.5
2025-09-18 06:10:00,43000,4194,4186,4190,4186,4195,4187,4191,4187,4194.5,4186.5,4190.5,4186.5
2025-09-18 06:15:00,40600,4187,4182,4186,4184,4188,4183,4187,4185,4187.5,4182.5,4186.5,4184.5
2025-09-18 06:20:00,62600,4189,4182,4184,4182,4190,4183,4185,4184,4189.5,4182.5,4184.5,4183.0
2025-09-18 06:25:00,,4178,4032,4170,4178,4179,4033,4171,4179,4178.5,4032.5,4170.5,4178.5
2025-09-18 06:30:00,1097200,4177,4177,4177,4177,4180,4180,4180,4180,4178.5,4178.5,4178.5,4178.5
2025-09-19 00:00:00,272500,4177,4142,4175,4173,4178,4144,4176,4175,4177.5,4143.0,4175.5,4174.0
2025-09-19 00:05:00,69700,4194,4173,4173,4187,4196,4175,4175,4189,4195.0,4174.0,4174.0,4188.0
2025-09-19 00:10:00,111600,4208,4187,4187,4206,4209,4188,4189,4208,4208.5,4187.5,4188.0,4207.0
2025-09-19 00:15:00,42400,4208,4187,4206,4205,4209,4189,4208,4206,4208.5,4188.0,4207.0,4205.5
2025-09-19 00:20:00,39600,4218,4200,4205,4215,4219,4201,4206,4216,4218.5,4200.5,4205.5,4215.5
2025-09-19 00:25:00,37600,4226,4215,4215,4223,4227,4216,4216,4225,4226.5,4215.5,4215.5,4224.0
2025-09-19 00:30:00,54900,4226,4217,4223,4225,4227,4218,4225,4226,4226.5,4217.5,4224.0,4225.5
2025-09-19 00:35:00,18400,4227,4219,4225,4220,4229,4220,4226,4221,4228.0,4219.5,4225.5,4220.5
2025-09-19 00:40:00,14500,4223,4219,4220,4222,4224,4220,4221,4223,4223.5,4219.5,4220.5,4222.5
2025-09-19 00:45:00,15200,4223,4219,4222,4220,4224,4220,4223,4221,4223.5,4219.5,4222.5,4220.5
2025-09-19 00:50:00,23100,4224,4219,4220,4223,4225,4220,4221,4224,4224.5,4219.5,4220.5,4223.5
2025-09-19 00:55:00,11000,4224,4219,4223,4219,4225,4220,4224,4220,4224.5,4219.5,4223.5,4219.5
2025-09-19 01:00:00,19300,4223,4219,4219,4221,4224,4220,4220,4222,4223.5,4219.5,4219.5,4221.5
2025-09-19 01:05:00,11600,4224,4221,4221,4224,4225,4222,4222,4225,4224.5,4221.5,4221.5,4224.5
2025-09-19 01:10:00,23700,4229,4223,4224,4229,4230,4224,4225,4230,4229.5,4223.5,4224.5,4229.5
2025-09-19 01:15:00,21600,4231,4226,4229,4227,4232,4227,4230,4228,4231.5,4226.5,4229.5,4227.5
2025-09-19 01:20:00,9100,4227,4221,4227,4226,4228,4223,4228,4227,4227.5,4222.0,4227.5,4226.5
2025-09-19 01:25:00,17500,4227,4221,4226,4223,4228,4222,4227,4224,4227.5,4221.5,4226.5,4223.5
2025-09-19 01:30:00,16200,4227,4221,4223,4227,4228,4222,4224,4228,4227.5,4221.5,4223.5,4227.5
2025-09-19 01:35:00,12300,4229,4225,4227,4225,4230,4226,4228,4226,4229.5,4225.5,4227.5,4225.5
2025-09-19 01:40:00,16200,4228,4219,4225,4228,4229,4220,4226,4229,4228.5,4219.5,4225.5,4228.5
2025-09-19 01:45:00,9200,4229,4225,4228,4226,4230,4226,4229,4227,4229.5,4225.5,4228.5,4226.5
2025-09-19 01:50:00,6400,4228,4225,4226,4226,4229,4226,4227,4228,4228.5,4225.5,4226.5,4227.0
2025-09-19 01:55:00,8700,4229,4226,4226,4227,4230,4228,4228,4228,4229.5,4227.0,4227.0,4227.5
2025-09-19 02:00:00,8100,4227,4223,4227,4226,4228,4224,4228,4227,4227.5,4223.5,4227.5,4226.5
2025-09-19 02:05:00,9700,4226,4223,4226,4225,4227,4224,4227,4226,4226.5,4223.5,4226.5,4225.5
2025-09-19 02:10:00,11900,4229,4225,4225,4227,4230,4226,4226,4228,4229.5,4225.5,4225.5,4227.5
2025-09-19 02:15:00,14400,4228,4222,4227,4223,4229,4224,4228,4225,4228.5,4223.0,4227.5,4224.0
2025-09-19 02:20:00,10300,4226,4223,4223,4225,4227,4224,4225,4226,4226.5,4223.5,4224.0,4225.5
2025-09-19 02:25:00,22000,4226,4219,4225,4221,4227,4220,4226,4223,4226.5,4219.5,4225.5,4222.0
2025-09-19 02:30:00,22300,4221,4221,4221,4221,4224,4224,4224,4224,4222.5,4222.5,4222.5,4222.5
2025-09-19 03:30:00,58700,4234,4220,4223,4224,4235,4221,4223,4225,4234.5,4220.5,4223.0,4224.5
2025-09-19 03:35:00,16200,4232,4223,4224,4232,4233,4224,4225,4233,4232.5,4223.5,4224.5,4232.5
2025-09-19 03:40:00,19800,4232,4228,4232,4230,4233,4229,4233,4231,4232.5,4228.5,4232.5,4230.5
2025-09-19 03:45:00,56300,4239,4228,4230,4237,4240,4229,4231,4239,4239.5,4228.5,4230.5,4238.0
2025-09-19 03:50:00,29400,4240,4228,4237,4228,4241,4229,4239,4229,4240.5,4228.5,4238.0,4228.5
2025-09-19 03:55:00,54800,4228,4207,4228,4214,4229,4208,4229,4215,4228.5,4207.5,4228.5,4214.5
2025-09-19 04:00:00,83200,4217,4193,4214,4196,4218,4194,4215,4198,4217.5,4193.5,4214.5,4197.0
2025-09-19 04:05:00,34100,4199,4190,4196,4198,4201,4191,4198,4200,4200.0,4190.5,4197.0,4199.0
2025-09-19 04:10:00,25600,4204,4194,4198,4196,4206,4195,4200,4197,4205.0,4194.5,4199.0,4196.5
2025-09-19 04:15:00,33000,4203,4181,4196,4182,4205,4183,4197,4185,4204.0,4182.5,4196.5,4183.5
2025-09-19 04:20:00,30000,4188,4178,4183,4184,4189,4179,4185,4185,4188.5,4178.5,4184.0,4184.5
2025-09-19 04:25:00,22200,4189,4173,4184,4177,4191,4174,4185,4179,4190.0,4173.5,4184.5,4178.0
2025-09-19 04:30:00,36000,4193,4177,4177,4192,4194,4179,4179,4193,4193.5,4178.0,4178.0,4192.5
2025-09-19 04:35:00,32400,4191,4182,4191,4190,4193,4184,4193,4191,4192.0,4183.0,4192.0,4190.5
2025-09-19 04:40:00,18800,4194,4185,4190,4187,4195,4186,4191,4189,4194.5,4185.5,4190.5,4188.0
2025-09-19 04:45:00,11300,4194,4184,4187,4193,4195,4185,4189,4194,4194.5,4184.5,4188.0,4193.5
2025-09-19 04:50:00,18300,4194,4180,4193,4183,4195,4181,4194,4184,4194.5,4180.5,4193.5,4183.5
2025-09-19 04:55:00,13500,4188,4182,4183,4185,4190,4183,4184,4186,4189.0,4182.5,4183.5,4185.5
2025-09-19 05:00:00,8700,4187,4184,4185,4186,4188,4185,4186,4187,4187.5,4184.5,4185.5,4186.5
2025-09-19 05:05:00,16200,4190,4184,4186,4186,4191,4185,4187,4187,4190.5,4184.5,4186.5,4186.5
2025-09-19 05:10:00,10100,4189,4184,4186,4189,4190,4185,4187,4190,4189.5,4184.5,4186.5,4189.5
2025-09-19 05:15:00,9900,4189,4184,4189,4185,4190,4185,4190,4186,4189.5,4184.5,4189.5,4185.5
2025-09-19 05:20:00,9200,4188,4184,4185,4186,4190,4185,4186,4187,4189.0,4184.5,4185.5,4186.5
2025-09-19 05:25:00,13900,4189,4185,4186,4187,4190,4186,4187,4188,4189.5,4185.5,4186.5,4187.5
2025-09-19 05:30:00,18500,4188,4182,4187,4182,4189,4183,4188,4183,4188.5,4182.5,4187.5,4182.5
2025-09-19 05:35:00,29900,4184,4176,4182,4184,4185,4177,4183,4185,4184.5,4176.5,4182.5,4184.5
2025-09-19 05:40:00,33400,4185,4168,4184,4171,4186,4170,4185,4172,4185.5,4169.0,4184.5,4171.5
2025-09-19 05:45:00,13800,4176,4170,4171,4171,4177,4171,4172,4173,4176.5,4170.5,4171.5,4172.0
2025-09-19 05:50:00,14300,4175,4169,4171,4175,4176,4170,4173,4176,4175.5,4169.5,4172.0,4175.5
2025-09-19 05:55:00,35400,4184,4175,4175,4181,4185,4176,4176,4182,4184.5,4175.5,4175.5,4181.5
2025-09-19 06:00:00,29700,4183,4174,4181,4179,4184,4175,4182,4180,4183.5,4174.5,4181.5,4179.5
2025-09-19 06:05:00,28600,4179,4171,4179,4173,4180,4172,4180,4174,4179.5,4171.5,4179.5,4173.5
2025-09-19 06:10:00,36100,4174,4169,4173,4170,4175,4170,4174,4172,4174.5,4169.5,4173.5,4171.0
2025-09-19 06:15:00,47400,4171,4162,4170,4165,4172,4163,4172,4167,4171.5,4162.5,4171.0,4166.0
2025-09-19 06:20:00,108200,4166,4153,4165,4153,4167,4156,4167,4157,4166.5,4154.5,4166.0,4155.0
2025-09-19 06:25:00,,4242,4022,4061,4169,4243,4023,4062,4170,4242.5,4022.5,4061.5,4169.5
2025-09-19 06:30:00,2167200,4154,4154,4154,4154,4170,4170,4170,4170,4162.0,4162.0,4162.0,4162.0
2025-09-22 00:00:00,204500,4178,4111,4121,4177,4179,4116,4122,4179,4178.5,4113.5,4121.5,4178.0
2025-09-22 00:05:00,44400,4179,4166,4178,4177,4180,4167,4179,4179,4179.5,4166.5,4178.5,4178.0
2025-09-22 00:10:00,31800,4190,4172,4177,4188,4191,4173,4179,4190,4190.5,4172.5,4178.0,4189.0
2025-09-22 00:15:00,37500,4204,4185,4188,4203,4205,4186,4190,4205,4204.5,4185.5,4189.0,4204.0
2025-09-22 00:20:00,23000,4211,4196,4203,4198,4213,4198,4205,4199,4212.0,4197.0,4204.0,4198.5
2025-09-22 00:25:00,24100,4203,4188,4198,4192,4205,4189,4199,4194,4204.0,4188.5,4198.5,4193.0
2025-09-22 00:30:00,16600,4195,4184,4192,4188,4196,4185,4194,4190,4195.5,4184.5,4193.0,4189.0
2025-09-22 00:35:00,12700,4193,4183,4188,4188,4194,4185,4190,4189,4193.5,4184.0,4189.0,4188.5
2025-09-22 00:40:00,19500,4195,4185,4188,4188,4197,4186,4189,4189,4196.0,4185.5,4188.5,4188.5
2025-09-22 00:45:00,11400,4191,4184,4188,4188,4193,4186,4189,4189,4192.0,4185.0,4188.5,4188.5
2025-09-22 00:50:00,16800,4188,4178,4188,4184,4189,4180,4189,4186,4188.5,4179.0,4188.5,4185.0
2025-09-22 00:55:00,14700,4185,4171,4185,4174,4186,4172,4186,4175,4185.5,4171.5,4185.5,4174.5
2025-09-22 01:00:00,10400,4176,4170,4174,4174,4177,4172,4175,4176,4176.5,4171.0,4174.5,4175.0
2025-09-22 01:05:00,6800,4189,4174,4174,4189,4191,4175,4176,4190,4190.0,4174.5,4175.0,4189.5
2025-09-22 01:10:00,10300,4190,4182,4189,4182,4191,4184,4190,4184,4190.5,4183.0,4189.5,4183.0
2025-09-22 01:15:00,16000,4183,4171,4182,4172,4184,4173,4184,4173,4183.5,4172.0,4183.0,4172.5
2025-09-22 01:20:00,8500,4177,4170,4172,4176,4178,4171,4173,4178,4177.5,4170.5,4172.5,4177.0
2025-09-22 01:25:00,7300,4178,4171,4176,4173,4179,4172,4178,4174,4178.5,4171.5,4177.0,4173.5
2025-09-22 01:30:00,4700,4175,4171,4173,4174,4177,4172,4174,4175,4176.0,4171.5,4173.5,4174.5
2025-09-22 01:35:00,17000,4182,4174,4174,4175,4183,4175,4175,4177,4182.5,4174.5,4174.5,4176.0
2025-09-22 01:40:00,6600,4177,4172,4175,4175,4179,4173,4177,4177,4178.0,4172.5,4176.0,4176.0
2025-09-22 01:45:00,10500,4176,4163,4175,4163,4177,4164,4177,4165,4176.5,4163.5,4176.0,4164.0
2025-09-22 01:50:00,9800,4166,4159,4163,4166,4167,4160,4165,4167,4166.5,4159.5,4164.0,4166.5
2025-09-22 01:55:00,6800,4172,4165,4166,4171,4173,4166,4167,4173,4172.5,4165.5,4166.5,4172.0
2025-09-22 02:00:00,7700,4174,4170,4171,4171,4175,4171,4173,4172,4174.5,4170.5,4172.0,4171.5
2025-09-22 02:05:00,11600,4177,4168,4171,4177,4178,4169,4172,4178,4177.5,4168.5,4171.5,4177.5
2025-09-22 02:10:00,4200,4178,4176,4177,4176,4179,4177,4178,4177,4178.5,4176.5,4177.5,4176.5
2025-09-22 02:15:00,7200,4179,4176,4176,4176,4180,4177,4177,4177,4179.5,4176.5,4176.5,4176.5
2025-09-22 02:20:00,7800,4178,4173,4176,4175,4179,4174,4177,4177,4178.5,4173.5,4176.5,4176.0
2025-09-22 02:25:00,6600,4175,4169,4175,4172,4176,4170,4176,4174,4175.5,4169.5,4175.5,4173.0
2025-09-22 02:30:00,6100,4172,4172,4172,4172,4175,4175,4175,4175,4173.5,4173.5,4173.5,4173.5
2025-09-22 03:30:00,26600,4176,4170,4173,4173,4177,4172,4173,4174,4176.5,4171.0,4173.0,4173.5
2025-09-22 03:35:00,13700,4176,4171,4173,4175,4177,4172,4174,4177,4176.5,4171.5,4173.5,4176.0
2025-09-22 03:40:00,8500,4175,4171,4175,4174,4177,4172,4177,4176,4176.0,4171.5,4176.0,4175.0
2025-09-22 03:45:00,5300,4177,4173,4174,4175,4178,4174,4176,4176,4177.5,4173.5,4175.0,4175.5
2025-09-22 03:50:00,8800,4175,4169,4175,4172,4176,4170,4176,4173,4175.5,4169.5,4175.5,4172.5
2025-09-22 03:55:00,15900,4174,4170,4172,4171,4175,4171,4173,4173,4174.5,4170.5,4172.5,4172.0
2025-09-22 04:00:00,14900,4172,4169,4171,4169,4173,4170,4173,4170,4172.5,4169.5,4172.0,4169.5
2025-09-22 04:05:00,9500,4170,4168,4169,4169,4171,4169,4170,4170,4170.5,4168.5,4169.5,4169.5
2025-09-22 04:10:00,11200,4170,4166,4169,4168,4172,4167,4170,4169,4171.0,4166.5,4169.5,4168.5
2025-09-22 04:15:00,7100,4172,4168,4168,4170,4173,4169,4169,4172,4172.5,4168.5,4168.5,4171.0
2025-09-22 04:20:00,7900,4173,4168,4171,4168,4174,4169,4172,4170,4173.5,4168.5,4171.5,4169.0
2025-09-22 04:25:00,9100,4171,4167,4168,4168,4172,4168,4170,4169,4171.5,4167.5,4169.0,4168.5
2025-09-22 04:30:00,5700,4169,4167,4168,4167,4170,4168,4169,4168,4169.5,4167.5,4168.5,4167.5
2025-09-22 04:35:00,14500,4172,4167,4167,4170,4173,4168,4168,4172,4172.5,4167.5,4167.5,4171.0
2025-09-22 04:40:00,9800,4170,4168,4170,4170,4172,4169,4172,4171,4171.0,4168.5,4171.0,4170.5
2025-09-22 04:45:00,10800,4170,4166,4170,4166,4171,4167,4171,4167,4170.5,4166.5,4170.5,4166.5
2025-09-22 04:50:00,6600,4171,4166,4166,4171,4172,4167,4167,4172,4171.5,4166.5,4166.5,4171.5
2025-09-22 04:55:00,12700,4174,4170,4171,4173,4175,4171,4172,4174,4174.5,4170.5,4171.5,4173.5
2025-09-22 05:00:00,18000,4174,4170,4173,4173,4175,4171,4174,4174,4174.5,4170.5,4173.5,4173.5
2025-09-22 05:05:00,7000,4174,4171,4173,4173,4175,4172,4174,4175,4174.5,4171.5,4173.5,4174.0
2025-09-22 05:10:00,9900,4173,4171,4173,4172,4175,4172,4175,4173,4174.0,4171.5,4174.0,4172.5
2025-09-22 05:15:00,18800,4175,4167,4172,4167,4176,4168,4173,4168,4175.5,4167.5,4172.5,4167.5
2025-09-22 05:20:00,15100,4167,4163,4167,4163,4168,4164,4168,4164,4167.5,4163.5,4167.5,4163.5
2025-09-22 05:25:00,14100,4167,4163,4163,4164,4168,4164,4164,4165,4167.5,4163.5,4163.5,4164.5
2025-09-22 05:30:00,11300,4165,4163,4164,4164,4166,4164,4165,4165,4165.5,4163.5,4164.5,4164.5
2025-09-22 05:35:00,12100,4164,4162,4164,4163,4165,4163,4165,4164,4164.5,4162.5,4164.5,4163.5
2025-09-22 05:40:00,15400,4167,4163,4163,4166,4168,4164,4164,4167,4167.5,4163.5,4163.5,4166.5
2025-09-22 05:45:00,20400,4166,4162,4166,4164,4167,4163,4167,4165,4166.5,4162.5,4166.5,4164.5
2025-09-22 05:50:00,12200,4166,4164,4164,4165,4167,4165,4165,4166,4166.5,4164.5,4164.5,4165.5
2025-09-22 05:55:00,23800,4165,4160,4165,4160,4166,4161,4166,4161,4165.5,4160.5,4165.5,4160.5
2025-09-22 06:00:00,26300,4162,4156,4160,4157,4163,4157,4161,4158,4162.5,4156.5,4160.5,4157.5
2025-09-22 06:05:00,21600,4161,4156,4157,4156,4163,4157,4158,4157,4162.0,4156.5,4157.5,4156.5
2025-09-22 06:10:00,35300,4158,4150,4156,4150,4159,4151,4157,4152,4158.5,4150.5,4156.5,4151.0
2025-09-22 06:15:00,43000,4153,4142,4150,4144,4155,4144,4152,4145,4154.0,4143.0,4151.0,4144.5
2025-09-22 06:20:00,57900,4149,4143,4144,4148,4151,4144,4145,4150,4150.0,4143.5,4144.5,4149.0
2025-09-22 06:25:00,,4211,4156,4181,4156,4212,4157,4182,4157,4211.5,4156.5,4181.5,4156.5
2025-09-22 06:30:00,751600,4149,4149,4149,4149,4157,4157,4157,4157,4153.0,4153.0,4153.0,4153.0
2025-09-24 00:00:00,250000,4231,4172,4212,4172,4233,4173,4213,4174,4231.5,4172.5,4212.5,4173.0
2025-09-24 00:05:00,47100,4199,4166,4172,4197,4200,4168,4174,4198,4199.5,4167.0,4173.0,4197.5
2025-09-24 00:10:00,27800,4206,4187,4197,4204,4207,4188,4198,4206,4206.5,4187.5,4197.5,4205.0
2025-09-24 00:15:00,28400,4207,4186,4204,4188,4209,4188,4206,4189,4208.0,4187.0,4205.0,4188.5
2025-09-24 00:20:00,15200,4191,4183,4187,4184,4192,4184,4189,4185,4191.5,4183.5,4188.0,4184.5
2025-09-24 00:25:00,24300,4189,4180,4184,4186,4191,4182,4185,4187,4190.0,4181.0,4184.5,4186.5
2025-09-24 00:30:00,14600,4201,4184,4186,4199,4202,4185,4187,4201,4201.5,4184.5,4186.5,4200.0
2025-09-24 00:35:00,15200,4201,4188,4199,4193,4202,4189,4201,4194,4201.5,4188.5,4200.0,4193.5
2025-09-24 00:40:00,10800,4196,4190,4193,4195,4197,4191,4194,4196,4196.5,4190.5,4193.5,4195.5
2025-09-24 00:45:00,12200,4198,4193,4195,4193,4199,4194,4196,4195,4198.5,4193.5,4195.5,4194.0
2025-09-24 00:50:00,7400,4198,4192,4193,4197,4199,4193,4195,4198,4198.5,4192.5,4194.0,4197.5
2025-09-24 00:55:00,10300,4197,4190,4197,4193,4198,4191,4198,4194,4197.5,4190.5,4197.5,4193.5
2025-09-24 01:00:00,20800,4199,4190,4193,4193,4200,4192,4194,4194,4199.5,4191.0,4193.5,4193.5
2025-09-24 01:05:00,14300,4198,4192,4193,4198,4200,4193,4194,4199,4199.0,4192.5,4193.5,4198.5
2025-09-24 01:10:00,25700,4204,4198,4198,4202,4205,4199,4199,4204,4204.5,4198.5,4198.5,4203.0
2025-09-24 01:15:00,12600,4202,4194,4202,4195,4204,4195,4204,4196,4203.0,4194.5,4203.0,4195.5
2025-09-24 01:20:00,16300,4204,4195,4195,4201,4205,4196,4196,4203,4204.5,4195.5,4195.5,4202.0
2025-09-24 01:25:00,11300,4204,4199,4201,4204,4205,4200,4203,4205,4204.5,4199.5,4202.0,4204.5
2025-09-24 01:30:00,14400,4206,4195,4204,4195,4207,4196,4205,4196,4206.5,4195.5,4204.5,4195.5
2025-09-24 01:35:00,4800,4199,4195,4195,4196,4200,4196,4196,4197,4199.5,4195.5,4195.5,4196.5
2025-09-24 01:40:00,13100,4199,4191,4196,4198,4200,4192,4197,4199,4199.5,4191.5,4196.5,4198.5
2025-09-24 01:45:00,9500,4203,4196,4198,4203,4204,4197,4199,4204,4203.5,4196.5,4198.5,4203.5
2025-09-24 01:50:00,9000,4207,4199,4203,4206,4208,4200,4204,4207,4207.5,4199.5,4203.5,4206.5
2025-09-24 01:55:00,8200,4206,4203,4206,4203,4208,4204,4207,4204,4207.0,4203.5,4206.5,4203.5
2025-09-24 02:00:00,19200,4211,4202,4203,4205,4212,4203,4204,4206,4211.5,4202.5,4203.5,4205.5
2025-09-24 02:05:00,3800,4206,4204,4205,4204,4208,4205,4206,4205,4207.0,4204.5,4205.5,4204.5
2025-09-24 02:10:00,12700,4204,4198,4204,4203,4205,4199,4205,4204,4204.5,4198.5,4204.5,4203.5
2025-09-24 02:15:00,6800,4203,4198,4203,4203,4204,4200,4204,4204,4203.5,4199.0,4203.5,4203.5
2025-09-24 02:20:00,7600,4206,4202,4203,4205,4207,4203,4204,4207,4206.5,4202.5,4203.5,4206.0
2025-09-24 02:25:00,10100,4205,4198,4205,4198,4207,4199,4207,4200,4206.0,4198.5,4206.0,4199.0
2025-09-24 02:30:00,2500,4197,4197,4197,4197,4200,4200,4200,4200,4198.5,4198.5,4198.5,4198.5
2025-09-24 03:30:00,31700,4206,4199,4199,4206,4208,4200,4200,4208,4207.0,4199.5,4199.5,4207.0
2025-09-24 03:35:00,19400,4215,4206,4206,4215,4217,4208,4208,4216,4216.0,4207.0,4207.0,4215.5
2025-09-24 03:40:00,25400,4225,4215,4215,4224,4226,4216,4216,4225,4225.5,4215.5,4215.5,4224.5
2025-09-24 03:45:00,23000,4224,4216,4224,4218,4225,4218,4225,4219,4224.5,4217.5,4224.5,4218.5
2025-09-24 03:50:00,8900,4220,4215,4218,4215,4221,4216,4219,4216,4220.5,4215.5,4218.5,4215.5
2025-09-24 03:55:00,7400,4216,4211,4215,4213,4217,4212,4216,4214,4216.5,4211.5,4215.5,4213.5
2025-09-24 04:00:00,5900,4214,4211,4213,4211,4215,4212,4214,4212,4214.5,4211.5,4213.5,4211.5
2025-09-24 04:05:00,6700,4212,4203,4211,4203,4213,4204,4212,4204,4212.5,4203.5,4211.5,4203.5
2025-09-24 04:10:00,8700,4213,4203,4203,4213,4215,4204,4204,4214,4214.0,4203.5,4203.5,4213.5
2025-09-24 04:15:00,7100,4214,4210,4213,4211,4215,4211,4214,4212,4214.5,4210.5,4213.5,4211.5
2025-09-24 04:20:00,4400,4212,4210,4211,4211,4213,4212,4212,4213,4212.5,4211.0,4211.5,4212.0
2025-09-24 04:25:00,3200,4214,4211,4211,4212,4215,4213,4213,4213,4214.5,4212.0,4212.0,4212.5
2025-09-24 04:30:00,5700,4214,4211,4212,4213,4215,4212,4213,4214,4214.5,4211.5,4212.5,4213.5
2025-09-24 04:35:00,5900,4213,4209,4213,4210,4214,4210,4214,4211,4213.5,4209.5,4213.5,4210.5
2025-09-24 04:40:00,6200,4214,4210,4210,4214,4215,4211,4211,4215,4214.5,4210.5,4210.5,4214.5
2025-09-24 04:45:00,5000,4214,4212,4214,4213,4215,4213,4215,4214,4214.5,4212.5,4214.5,4213.5
2025-09-24 04:50:00,6400,4216,4213,4213,4215,4217,4214,4214,4216,4216.5,4213.5,4213.5,4215.5
2025-09-24 04:55:00,13700,4216,4212,4215,4213,4217,4213,4216,4214,4216.5,4212.5,4215.5,4213.5
2025-09-24 05:00:00,9700,4213,4204,4213,4205,4214,4205,4214,4207,4213.5,4204.5,4213.5,4206.0
2025-09-24 05:05:00,3600,4207,4205,4205,4206,4208,4207,4207,4207,4207.5,4206.0,4206.0,4206.5
2025-09-24 05:10:00,6100,4207,4204,4206,4204,4208,4205,4207,4205,4207.5,4204.5,4206.5,4204.5
2025-09-24 05:15:00,8400,4204,4201,4204,4203,4205,4202,4205,4204,4204.5,4201.5,4204.5,4203.5
2025-09-24 05:20:00,20200,4203,4200,4203,4200,4204,4201,4204,4202,4203.5,4200.5,4203.5,4201.0
2025-09-24 05:25:00,12400,4201,4195,4200,4195,4202,4196,4202,4196,4201.5,4195.5,4201.0,4195.5
2025-09-24 05:30:00,5300,4196,4194,4195,4196,4197,4195,4196,4197,4196.5,4194.5,4195.5,4196.5
2025-09-24 05:35:00,11600,4196,4190,4196,4195,4197,4191,4197,4196,4196.5,4190.5,4196.5,4195.5
2025-09-24 05:40:00,21800,4198,4194,4195,4194,4199,4195,4196,4196,4198.5,4194.5,4195.5,4195.0
2025-09-24 05:45:00,5400,4197,4194,4194,4196,4198,4195,4196,4197,4197.5,4194.5,4195.0,4196.5
2025-09-24 05:50:00,23400,4205,4196,4196,4202,4206,4197,4197,4203,4205.5,4196.5,4196.5,4202.5
2025-09-24 05:55:00,18600,4204,4199,4202,4199,4205,4200,4203,4200,4204.5,4199.5,4202.5,4199.5
2025-09-24 06:00:00,23900,4202,4198,4199,4202,4203,4199,4200,4203,4202.5,4198.5,4199.5,4202.5
2025-09-24 06:05:00,14500,4206,4201,4202,4205,4207,4202,4203,4206,4206.5,4201.5,4202.5,4205.5
2025-09-24 06:10:00,16000,4208,4204,4205,4206,4209,4205,4206,4207,4208.5,4204.5,4205.5,4206.5
2025-09-24 06:15:00,20300,4209,4205,4206,4209,4210,4206,4207,4210,4209.5,4205.5,4206.5,4209.5
2025-09-24 06:20:00,40300,4210,4202,4209,4203,4211,4203,4210,4204,4210.5,4202.5,4209.5,4203.5
2025-09-24 06:25:00,,4235,4195,4203,4213,4236,4196,4204,4214,4235.5,4195.5,4203.5,4213.5
2025-09-24 06:30:00,831800,4206,4206,4206,4206,4215,4215,4215,4215,4210.5,4210.5,4210.5,4210.5
2025-09-25 00:00:00,306600,4243,4225,4237,4225,4244,4226,4238,4226,4243.5,4225.5,4237.5,4225.5
2025-09-25 00:05:00,32300,4229,4216,4225,4223,4230,4218,4226,4225,4229.5,4217.0,4225.5,4224.0
2025-09-25 00:10:00,29900,4226,4213,4223,4226,4228,4215,4225,4227,4227.0,4214.0,4224.0,4226.5
2025-09-25 00:15:00,30600,4241,4226,4226,4238,4243,4227,4227,4239,4242.0,4226.5,4226.5,4238.5
2025-09-25 00:20:00,24300,4240,4232,4238,4238,4242,4233,4239,4239,4241.0,4232.5,4238.5,4238.5
2025-09-25 00:25:00,20600,4239,4229,4238,4233,4241,4230,4239,4235,4240.0,4229.5,4238.5,4234.0
2025-09-25 00:30:00,15900,4244,4232,4233,4243,4245,4234,4235,4244,4244.5,4233.0,4234.0,4243.5
2025-09-25 00:35:00,52400,4254,4238,4243,4253,4255,4239,4244,4254,4254.5,4238.5,4243.5,4253.5
2025-09-25 00:40:00,17500,4257,4250,4253,4253,4258,4251,4254,4255,4257.5,4250.5,4253.5,4254.0
2025-09-25 00:45:00,13000,4254,4247,4253,4254,4255,4248,4255,4255,4254.5,4247.5,4254.0,4254.5
2025-09-25 00:50:00,21200,4257,4250,4254,4257,4258,4251,4255,4258,4257.5,4250.5,4254.5,4257.5
2025-09-25 00:55:00,23200,4260,4248,4257,4248,4262,4249,4258,4250,4261.0,4248.5,4257.5,4249.0
2025-09-25 01:00:00,19600,4249,4236,4248,4238,4250,4237,4250,4239,4249.5,4236.5,4249.0,4238.5
2025-09-25 01:05:00,13700,4241,4234,4238,4234,4242,4235,4239,4236,4241.5,4234.5,4238.5,4235.0
2025-09-25 01:10:00,7200,4239,4231,4234,4238,4240,4232,4236,4240,4239.5,4231.5,4235.0,4239.0
2025-09-25 01:15:00,8100,4243,4238,4238,4242,4244,4239,4240,4244,4243.5,4238.5,4239.0,4243.0
2025-09-25 01:20:00,7200,4246,4242,4242,4243,4248,4243,4244,4245,4247.0,4242.5,4243.0,4244.0
2025-09-25 01:25:00,5100,4247,4243,4243,4246,4249,4244,4245,4248,4248.0,4243.5,4244.0,4247.0
2025-09-25 01:30:00,9800,4248,4244,4246,4246,4249,4246,4248,4247,4248.5,4245.0,4247.0,4246.5
2025-09-25 01:35:00,7900,4246,4240,4246,4240,4247,4241,4247,4242,4246.5,4240.5,4246.5,4241.0
2025-09-25 01:40:00,9700,4241,4232,4240,4234,4242,4234,4242,4235,4241.5,4233.0,4241.0,4234.5
2025-09-25 01:45:00,6900,4240,4232,4234,4240,4241,4233,4235,4241,4240.5,4232.5,4234.5,4240.5
2025-09-25 01:50:00,6200,4243,4239,4240,4241,4244,4240,4241,4243,4243.5,4239.5,4240.5,4242.0
2025-09-25 01:55:00,7300,4246,4241,4241,4244,4247,4242,4243,4245,4246.5,4241.5,4242.0,4244.5
2025-09-25 02:00:00,11000,4252,4244,4244,4251,4254,4245,4245,4253,4253.0,4244.5,4244.5,4252.0
2025-09-25 02:05:00,15300,4256,4250,4251,4250,4257,4251,4253,4252,4256.5,4250.5,4252.0,4251.0
2025-09-25 02:10:00,9600,4250,4238,4250,4239,4252,4240,4252,4240,4251.0,4239.0,4251.0,4239.5
2025-09-25 02:15:00,9300,4240,4234,4239,4238,4242,4235,4240,4239,4241.0,4234.5,4239.5,4238.5
2025-09-25 02:20:00,8900,4243,4237,4238,4243,4244,4238,4239,4244,4243.5,4237.5,4238.5,4243.5
2025-09-25 02:25:00,9500,4248,4242,4243,4246,4249,4243,4244,4248,4248.5,4242.5,4243.5,4247.0
2025-09-25 02:30:00,1400,4246,4246,4246,4246,4248,4248,4248,4248,4247.0,4247.0,4247.0,4247.0
2025-09-25 03:30:00,31600,4249,4231,4241,4233,4250,4232,4242,4234,4249.5,4231.5,4241.5,4233.5
2025-09-25 03:35:00,11600,4233,4223,4233,4224,4234,4224,4234,4226,4233.5,4223.5,4233.5,4225.0
2025-09-25 03:40:00,14100,4225,4217,4224,4219,4226,4219,4226,4221,4225.5,4218.0,4225.0,4220.0
2025-09-25 03:45:00,17500,4220,4207,4219,4209,4221,4209,4221,4211,4220.5,4208.0,4220.0,4210.0
2025-09-25 03:50:00,11900,4209,4202,4209,4203,4211,4203,4211,4204,4210.0,4202.5,4210.0,4203.5
2025-09-25 03:55:00,10300,4210,4202,4203,4210,4212,4203,4204,4212,4211.0,4202.5,4203.5,4211.0
2025-09-25 04:00:00,6600,4213,4210,4210,4210,4214,4211,4212,4212,4213.5,4210.5,4211.0,4211.0
2025-09-25 04:05:00,7800,4211,4205,4210,4210,4212,4206,4212,4211,4211.5,4205.5,4211.0,4210.5
2025-09-25 04:10:00,6000,4215,4210,4210,4215,4216,4211,4211,4216,4215.5,4210.5,4210.5,4215.5
2025-09-25 04:15:00,8000,4215,4211,4215,4212,4216,4213,4216,4213,4215.5,4212.0,4215.5,4212.5
2025-09-25 04:20:00,4900,4214,4211,4212,4214,4215,4212,4213,4215,4214.5,4211.5,4212.5,4214.5
2025-09-25 04:25:00,13200,4216,4211,4214,4211,4218,4212,4215,4212,4217.0,4211.5,4214.5,4211.5
2025-09-25 04:30:00,11800,4211,4205,4211,4206,4212,4206,4212,4207,4211.5,4205.5,4211.5,4206.5
2025-09-25 04:35:00,11200,4206,4201,4206,4202,4207,4202,4207,4203,4206.5,4201.5,4206.5,4202.5
2025-09-25 04:40:00,7900,4204,4202,4202,4203,4205,4203,4203,4204,4204.5,4202.5,4202.5,4203.5
2025-09-25 04:45:00,9000,4205,4202,4203,4202,4207,4203,4204,4204,4206.0,4202.5,4203.5,4203.0
2025-09-25 04:50:00,7300,4203,4200,4202,4200,4204,4201,4204,4201,4203.5,4200.5,4203.0,4200.5
2025-09-25 04:55:00,8900,4204,4200,4200,4203,4205,4201,4201,4204,4204.5,4200.5,4200.5,4203.5
2025-09-25 05:00:00,10300,4203,4200,4203,4203,4205,4201,4204,4204,4204.0,4200.5,4203.5,4203.5
2025-09-25 05:05:00,5500,4206,4203,4203,4206,4208,4204,4204,4207,4207.0,4203.5,4203.5,4206.5
2025-09-25 05:10:00,5300,4209,4206,4206,4207,4210,4207,4207,4208,4209.5,4206.5,4206.5,4207.5
2025-09-25 05:15:00,5900,4208,4206,4207,4208,4209,4207,4208,4209,4208.5,4206.5,4207.5,4208.5
2025-09-25 05:20:00,6900,4211,4208,4208,4209,4212,4209,4209,4210,4211.5,4208.5,4208.5,4209.5
2025-09-25 05:25:00,9600,4209,4206,4209,4206,4210,4207,4210,4207,4209.5,4206.5,4209.5,4206.5
2025-09-25 05:30:00,11400,4206,4199,4206,4201,4207,4200,4207,4202,4206.5,4199.5,4206.5,4201.5
2025-09-25 05:35:00,7500,4201,4197,4201,4200,4202,4198,4202,4201,4201.5,4197.5,4201.5,4200.5
2025-09-25 05:40:00,6900,4201,4197,4200,4201,4202,4198,4201,4202,4201.5,4197.5,4200.5,4201.5
2025-09-25 05:45:00,9000,4205,4201,4201,4202,4206,4202,4202,4203,4205.5,4201.5,4201.5,4202.5
2025-09-25 05:50:00,2100,4203,4202,4202,4203,4204,4203,4203,4204,4203.5,4202.5,4202.5,4203.5
2025-09-25 05:55:00,16300,4208,4202,4203,4208,4209,4203,4204,4209,4208.5,4202.5,4203.5,4208.5
2025-09-25 06:00:00,13500,4208,4204,4208,4207,4209,4205,4209,4208,4208.5,4204.5,4208.5,4207.5
2025-09-25 06:05:00,15800,4214,4207,4207,4212,4215,4208,4208,4213,4214.5,4207.5,4207.5,4212.5
2025-09-25 06:10:00,8300,4214,4211,4212,4214,4215,4212,4213,4215,4214.5,4211.5,4212.5,4214.5
2025-09-25 06:15:00,19200,4216,4211,4214,4214,4217,4212,4215,4215,4216.5,4211.5,4214.5,4214.5
2025-09-25 06:20:00,28900,4220,4214,4214,4215,4222,4215,4215,4217,4221.0,4214.5,4214.5,4216.0
2025-09-25 06:25:00,,4299,4222,4248,4223,4300,4223,4249,4224,4299.5,4222.5,4248.5,4223.5
2025-09-25 06:30:00,1181100,4219,4219,4219,4219,4224,4224,4224,4224,4221.5,4221.5,4221.5,4221.5
2025-09-26 00:00:00,116000,4249,4232,4246,4247,4250,4237,4246,4249,4249.5,4235.0,4246.0,4248.0
2025-09-26 00:05:00,47500,4261,4241,4247,4250,4262,4243,4249,4251,4261.5,4242.0,4248.0,4250.5
2025-09-26 00:10:00,29100,4261,4246,4250,4259,4262,4248,4251,4260,4261.5,4247.0,4250.5,4259.5
2025-09-26 00:15:00,27000,4266,4252,4259,4259,4267,4254,4260,4260,4266.5,4253.0,4259.5,4259.5
2025-09-26 00:20:00,17900,4261,4251,4259,4257,4262,4253,4260,4258,4261.5,4252.0,4259.5,4257.5
2025-09-26 00:25:00,14700,4261,4255,4257,4258,4263,4257,4258,4259,4262.0,4256.0,4257.5,4258.5
2025-09-26 00:30:00,20200,4266,4250,4258,4264,4267,4251,4259,4266,4266.5,4250.5,4258.5,4265.0
2025-09-26 00:35:00,29300,4269,4264,4264,4269,4270,4265,4266,4270,4269.5,4264.5,4265.0,4269.5
2025-09-26 00:40:00,12300,4269,4266,4269,4269,4270,4267,4270,4270,4269.5,4266.5,4269.5,4269.5
2025-09-26 00:45:00,29300,4274,4267,4269,4274,4275,4268,4270,4275,4274.5,4267.5,4269.5,4274.5
2025-09-26 00:50:00,15300,4277,4271,4274,4273,4278,4272,4275,4275,4277.5,4271.5,4274.5,4274.0
2025-09-26 00:55:00,12900,4278,4272,4273,4277,4279,4273,4275,4278,4278.5,4272.5,4274.0,4277.5
2025-09-26 01:00:00,12200,4277,4265,4277,4267,4278,4266,4278,4268,4277.5,4265.5,4277.5,4267.5
2025-09-26 01:05:00,10700,4272,4266,4267,4269,4273,4267,4268,4270,4272.5,4266.5,4267.5,4269.5
2025-09-26 01:10:00,7600,4274,4269,4269,4272,4275,4270,4270,4273,4274.5,4269.5,4269.5,4272.5
2025-09-26 01:15:00,11000,4276,4271,4272,4276,4277,4272,4273,4277,4276.5,4271.5,4272.5,4276.5
2025-09-26 01:20:00,9600,4276,4272,4276,4274,4277,4273,4277,4275,4276.5,4272.5,4276.5,4274.5
2025-09-26 01:25:00,9000,4274,4262,4274,4262,4275,4263,4275,4263,4274.5,4262.5,4274.5,4262.5
2025-09-26 01:30:00,12900,4267,4259,4262,4267,4268,4261,4263,4268,4267.5,4260.0,4262.5,4267.5
2025-09-26 01:35:00,7800,4275,4267,4267,4273,4277,4268,4268,4274,4276.0,4267.5,4267.5,4273.5
2025-09-26 01:40:00,14700,4278,4271,4273,4278,4279,4272,4274,4279,4278.5,4271.5,4273.5,4278.5
2025-09-26 01:45:00,8600,4278,4274,4278,4277,4279,4275,4279,4278,4278.5,4274.5,4278.5,4277.5
2025-09-26 01:50:00,12800,4279,4276,4277,4278,4280,4278,4278,4279,4279.5,4277.0,4277.5,4278.5
2025-09-26 01:55:00,8200,4278,4273,4278,4273,4279,4274,4279,4274,4278.5,4273.5,4278.5,4273.5
2025-09-26 02:00:00,6100,4273,4271,4273,4272,4275,4272,4274,4273,4274.0,4271.5,4273.5,4272.5
2025-09-26 02:05:00,10400,4277,4272,4272,4275,4278,4273,4273,4276,4277.5,4272.5,4272.5,4275.5
2025-09-26 02:10:00,12900,4278,4275,4275,4278,4279,4276,4276,4279,4278.5,4275.5,4275.5,4278.5
2025-09-26 02:15:00,10000,4279,4277,4278,4278,4280,4278,4279,4279,4279.5,4277.5,4278.5,4278.5
2025-09-26 02:20:00,7700,4278,4273,4278,4273,4279,4274,4279,4274,4278.5,4273.5,4278.5,4273.5
2025-09-26 02:25:00,8800,4273,4267,4273,4269,4274,4268,4274,4270,4273.5,4267.5,4273.5,4269.5
2025-09-26 02:30:00,2100,4268,4268,4268,4268,4270,4270,4270,4270,4269.0,4269.0,4269.0,4269.0
2025-09-26 03:30:00,39500,4276,4262,4266,4263,4278,4263,4268,4264,4277.0,4262.5,4267.0,4263.5
2025-09-26 03:35:00,10900,4266,4261,4263,4261,4268,4262,4264,4262,4267.0,4261.5,4263.5,4261.5
2025-09-26 03:40:00,11300,4262,4258,4261,4260,4264,4259,4262,4261,4263.0,4258.5,4261.5,4260.5
2025-09-26 03:45:00,9300,4263,4260,4260,4262,4264,4261,4261,4263,4263.5,4260.5,4260.5,4262.5
2025-09-26 03:50:00,10100,4263,4259,4262,4259,4264,4260,4263,4260,4263.5,4259.5,4262.5,4259.5
2025-09-26 03:55:00,5000,4260,4258,4259,4259,4261,4259,4260,4260,4260.5,4258.5,4259.5,4259.5
2025-09-26 04:00:00,20100,4261,4255,4259,4258,4262,4256,4260,4260,4261.5,4255.5,4259.5,4259.0
2025-09-26 04:05:00,10600,4263,4256,4258,4263,4264,4257,4260,4264,4263.5,4256.5,4259.0,4263.5
2025-09-26 04:10:00,7700,4267,4263,4263,4265,4268,4264,4264,4267,4267.5,4263.5,4263.5,4266.0
2025-09-26 04:15:00,6400,4269,4265,4265,4268,4270,4267,4267,4269,4269.5,4266.0,4266.0,4268.5
2025-09-26 04:20:00,10200,4269,4263,4268,4263,4270,4264,4269,4264,4269.5,4263.5,4268.5,4263.5
2025-09-26 04:25:00,6800,4263,4257,4263,4258,4264,4259,4264,4259,4263.5,4258.0,4263.5,4258.5
2025-09-26 04:30:00,9500,4259,4253,4258,4253,4260,4254,4259,4254,4259.5,4253.5,4258.5,4253.5
2025-09-26 04:35:00,8200,4262,4253,4253,4262,4263,4254,4254,4263,4262.5,4253.5,4253.5,4262.5
2025-09-26 04:40:00,7600,4263,4256,4261,4257,4265,4258,4263,4258,4264.0,4257.0,4262.0,4257.5
2025-09-26 04:45:00,9400,4257,4254,4257,4255,4258,4255,4258,4256,4257.5,4254.5,4257.5,4255.5
2025-09-26 04:50:00,3300,4257,4255,4255,4255,4258,4256,4256,4256,4257.5,4255.5,4255.5,4255.5
2025-09-26 04:55:00,16900,4255,4245,4255,4248,4256,4246,4256,4249,4255.5,4245.5,4255.5,4248.5
2025-09-26 05:00:00,10400,4250,4246,4248,4250,4252,4247,4249,4252,4251.0,4246.5,4248.5,4251.0
2025-09-26 05:05:00,5500,4253,4250,4250,4253,4255,4251,4252,4255,4254.0,4250.5,4251.0,4254.0
2025-09-26 05:10:00,9400,4256,4252,4253,4255,4257,4254,4255,4256,4256.5,4253.0,4254.0,4255.5
2025-09-26 05:15:00,8200,4255,4251,4255,4251,4256,4252,4256,4252,4255.5,4251.5,4255.5,4251.5
2025-09-26 05:20:00,7600,4251,4248,4251,4249,4252,4249,4252,4250,4251.5,4248.5,4251.5,4249.5
2025-09-26 05:25:00,8700,4250,4245,4249,4246,4251,4246,4250,4247,4250.5,4245.5,4249.5,4246.5
2025-09-26 05:30:00,10300,4247,4244,4246,4244,4249,4245,4247,4245,4248.0,4244.5,4246.5,4244.5
2025-09-26 05:35:00,18200,4244,4236,4244,4240,4245,4237,4245,4242,4244.5,4236.5,4244.5,4241.0
2025-09-26 05:40:00,9100,4243,4238,4240,4241,4244,4239,4242,4242,4243.5,4238.5,4241.0,4241.5
2025-09-26 05:45:00,11500,4246,4241,4241,4244,4247,4242,4242,4245,4246.5,4241.5,4241.5,4244.5
2025-09-26 05:50:00,11100,4245,4242,4244,4245,4247,4243,4245,4246,4246.0,4242.5,4244.5,4245.5
2025-09-26 05:55:00,16500,4251,4245,4245,4247,4252,4246,4246,4248,4251.5,4245.5,4245.5,4247.5
2025-09-26 06:00:00,19000,4251,4246,4247,4248,4252,4247,4248,4249,4251.5,4246.5,4247.5,4248.5
2025-09-26 06:05:00,15700,4253,4247,4248,4251,4254,4248,4249,4252,4253.5,4247.5,4248.5,4251.5
2025-09-26 06:10:00,27000,4251,4247,4251,4250,4252,4248,4252,4251,4251.5,4247.5,4251.5,4250.5
2025-09-26 06:15:00,27400,4258,4248,4250,4256,4259,4249,4251,4257,4258.5,4248.5,4250.5,4256.5
2025-09-26 06:20:00,61000,4273,4256,4256,4269,4274,4257,4257,4274,4273.5,4256.5,4256.5,4271.5
2025-09-26 06:25:00,,4279,4059,4098,4266,4280,4060,4099,4267,4279.5,4059.5,4098.5,4266.5
2025-09-26 06:30:00,1202200,4266,4266,4266,4266,4272,4272,4272,4272,4269.0,4269.0,4269.0,4269.0
2025-09-29 00:00:00,155100,4266,4226,4266,4248,4267,4228,4267,4250,4266.5,4227.5,4266.5,4249.0
2025-09-29 00:05:00,29600,4255,4240,4248,4243,4257,4241,4251,4244,4256.0,4240.5,4249.5,4243.5
2025-09-29 00:10:00,26700,4245,4232,4243,4232,4247,4233,4244,4234,4246.0,4232.5,4243.5,4233.0
2025-09-29 00:15:00,19600,4237,4229,4232,4230,4238,4230,4234,4232,4237.5,4229.5,4233.0,4231.0
2025-09-29 00:20:00,13900,4241,4227,4230,4239,4242,4228,4232,4241,4241.5,4227.5,4231.0,4240.0
2025-09-29 00:25:00,19200,4241,4222,4239,4225,4243,4223,4241,4227,4242.0,4222.5,4240.0,4226.0
2025-09-29 00:30:00,22200,4230,4215,4225,4219,4232,4216,4227,4221,4231.0,4215.5,4226.0,4220.0
2025-09-29 00:35:00,14200,4223,4216,4219,4218,4224,4217,4221,4219,4223.5,4216.5,4220.0,4218.5
2025-09-29 00:40:00,15700,4225,4215,4218,4223,4227,4216,4219,4225,4226.0,4215.5,4218.5,4224.0
2025-09-29 00:45:00,10500,4226,4219,4223,4219,4227,4220,4225,4221,4226.5,4219.5,4224.0,4220.0
2025-09-29 00:50:00,26100,4221,4210,4219,4210,4222,4211,4221,4212,4221.5,4210.5,4220.0,4211.0
2025-09-29 00:55:00,15700,4215,4206,4210,4206,4216,4207,4212,4208,4215.5,4206.5,4211.0,4207.0
2025-09-29 01:00:00,17100,4210,4205,4206,4210,4211,4206,4208,4211,4210.5,4205.5,4207.0,4210.5
2025-09-29 01:05:00,12200,4218,4205,4210,4215,4219,4206,4211,4216,4218.5,4205.5,4210.5,4215.5
2025-09-29 01:10:00,20600,4224,4211,4215,4224,4226,4212,4216,4225,4225.0,4211.5,4215.5,4224.5
2025-09-29 01:15:00,34800,4237,4223,4224,4228,4239,4224,4225,4229,4238.0,4223.5,4224.5,4228.5
2025-09-29 01:20:00,8600,4231,4223,4228,4229,4233,4224,4229,4231,4232.0,4223.5,4228.5,4230.0
2025-09-29 01:25:00,11100,4230,4225,4229,4225,4231,4226,4231,4226,4230.5,4225.5,4230.0,4225.5
2025-09-29 01:30:00,21300,4226,4220,4225,4225,4228,4221,4226,4226,4227.0,4220.5,4225.5,4225.5
2025-09-29 01:35:00,26900,4231,4222,4225,4223,4233,4223,4226,4224,4232.0,4222.5,4225.5,4223.5
2025-09-29 01:40:00,5800,4227,4221,4223,4227,4228,4222,4224,4228,4227.5,4221.5,4223.5,4227.5
2025-09-29 01:45:00,9000,4231,4226,4227,4226,4232,4227,4228,4227,4231.5,4226.5,4227.5,4226.5
2025-09-29 01:50:00,11800,4232,4226,4226,4231,4233,4227,4227,4232,4232.5,4226.5,4226.5,4231.5
2025-09-29 01:55:00,14100,4236,4230,4231,4235,4237,4231,4232,4237,4236.5,4230.5,4231.5,4236.0
2025-09-29 02:00:00,23300,4239,4226,4235,4231,4240,4227,4237,4233,4239.5,4226.5,4236.0,4232.0
2025-09-29 02:05:00,7900,4231,4220,4231,4221,4233,4222,4233,4222,4232.0,4221.0,4232.0,4221.5
2025-09-29 02:10:00,5700,4225,4220,4221,4224,4226,4221,4222,4225,4225.5,4220.5,4221.5,4224.5
2025-09-29 02:15:00,8600,4224,4215,4224,4221,4226,4216,4225,4223,4225.0,4215.5,4224.5,4222.0
2025-09-29 02:20:00,5500,4221,4217,4221,4218,4223,4218,4223,4219,4222.0,4217.5,4222.0,4218.5
2025-09-29 02:25:00,9800,4218,4205,4218,4205,4219,4207,4219,4207,4218.5,4206.0,4218.5,4206.0
2025-09-29 02:30:00,5500,4205,4205,4205,4205,4207,4207,4207,4207,4206.0,4206.0,4206.0,4206.0
2025-09-29 03:30:00,41500,4217,4202,4206,4202,4220,4203,4206,4203,4218.5,4202.5,4206.0,4202.5
2025-09-29 03:35:00,7100,4211,4202,4202,4210,4213,4203,4203,4212,4212.0,4202.5,4202.5,4211.0
2025-09-29 03:40:00,10900,4214,4208,4210,4214,4215,4209,4212,4215,4214.5,4208.5,4211.0,4214.5
2025-09-29 03:45:00,15100,4216,4212,4214,4213,4218,4213,4215,4215,4216.5,4212.5,4214.5,4214.0
2025-09-29 03:50:00,30600,4215,4198,4213,4199,4217,4199,4215,4200,4216.0,4198.5,4214.0,4199.5
2025-09-29 03:55:00,12400,4204,4197,4199,4204,4205,4198,4200,4205,4204.5,4197.5,4199.5,4204.5
2025-09-29 04:00:00,10600,4207,4203,4204,4205,4208,4204,4205,4206,4207.5,4203.5,4204.5,4205.5
2025-09-29 04:05:00,5300,4209,4205,4205,4206,4210,4206,4206,4207,4209.5,4205.5,4205.5,4206.5
2025-09-29 04:10:00,8800,4206,4201,4206,4201,4207,4202,4207,4202,4206.5,4201.5,4206.5,4201.5
2025-09-29 04:15:00,5700,4205,4200,4201,4204,4206,4201,4202,4205,4205.5,4200.5,4201.5,4204.5
2025-09-29 04:20:00,6200,4208,4203,4204,4204,4210,4204,4205,4206,4209.0,4203.5,4204.5,4205.0
2025-09-29 04:25:00,11400,4208,4203,4204,4204,4210,4204,4206,4206,4209.0,4203.5,4205.0,4205.0
2025-09-29 04:30:00,10200,4205,4199,4204,4200,4206,4200,4206,4201,4205.5,4199.5,4205.0,4200.5
2025-09-29 04:35:00,8800,4204,4198,4200,4204,4206,4199,4201,4206,4205.0,4198.5,4200.5,4205.0
2025-09-29 04:40:00,5400,4209,4203,4204,4208,4210,4204,4206,4209,4209.5,4203.5,4205.0,4208.5
2025-09-29 04:45:00,13500,4208,4204,4208,4207,4210,4205,4209,4208,4209.0,4204.5,4208.5,4207.5
2025-09-29 04:50:00,3300,4208,4204,4207,4206,4210,4205,4208,4207,4209.0,4204.5,4207.5,4206.5
2025-09-29 04:55:00,6400,4208,4204,4206,4207,4209,4205,4207,4208,4208.5,4204.5,4206.5,4207.5
2025-09-29 05:00:00,14300,4208,4203,4207,4203,4209,4204,4208,4205,4208.5,4203.5,4207.5,4204.0
2025-09-29 05:05:00,16200,4203,4195,4203,4196,4205,4196,4205,4197,4204.0,4195.5,4204.0,4196.5
2025-09-29 05:10:00,7800,4200,4195,4196,4197,4201,4196,4197,4198,4200.5,4195.5,4196.5,4197.5
2025-09-29 05:15:00,17000,4198,4192,4197,4196,4199,4193,4198,4197,4198.5,4192.5,4197.5,4196.5
2025-09-29 05:20:00,7700,4199,4193,4196,4199,4200,4194,4197,4200,4199.5,4193.5,4196.5,4199.5
2025-09-29 05:25:00,9300,4201,4198,4199,4200,4203,4199,4200,4201,4202.0,4198.5,4199.5,4200.5
2025-09-29 05:30:00,10000,4200,4196,4200,4198,4201,4197,4201,4199,4200.5,4196.5,4200.5,4198.5
2025-09-29 05:35:00,9500,4201,4196,4198,4197,4202,4197,4199,4198,4201.5,4196.5,4198.5,4197.5
2025-09-29 05:40:00,11500,4201,4196,4197,4199,4202,4197,4198,4200,4201.5,4196.5,4197.5,4199.5
2025-09-29 05:45:00,11100,4199,4194,4199,4194,4200,4195,4200,4196,4199.5,4194.5,4199.5,4195.0
2025-09-29 05:50:00,17700,4196,4191,4194,4192,4197,4192,4196,4194,4196.5,4191.5,4195.0,4193.0
2025-09-29 05:55:00,12400,4195,4192,4192,4192,4196,4193,4194,4194,4195.5,4192.5,4193.0,4193.0
2025-09-29 06:00:00,26600,4193,4190,4192,4190,4194,4191,4194,4192,4193.5,4190.5,4193.0,4191.0
2025-09-29 06:05:00,9500,4193,4190,4190,4192,4194,4191,4192,4193,4193.5,4190.5,4191.0,4192.5
2025-09-29 06:10:00,18000,4199,4191,4192,4196,4201,4192,4193,4198,4200.0,4191.5,4192.5,4197.0
2025-09-29 06:15:00,19800,4200,4193,4196,4194,4201,4194,4198,4195,4200.5,4193.5,4197.0,4194.5
2025-09-29 06:20:00,45200,4195,4185,4194,4187,4196,4187,4195,4190,4195.5,4186.0,4194.5,4188.5
2025-09-29 06:25:00,,4206,4015,4067,4193,4207,4016,4068,4194,4206.5,4015.5,4067.5,4193.5
2025-09-29 06:30:00,877000,4189,4189,4189,4189,4194,4194,4194,4194,4191.5,4191.5,4191.5,4191.5
2025-09-30 00:00:00,150000,4203,4168,4199,4183,4205,4169,4200,4185,4204.0,4168.5,4199.5,4184.0
2025-09-30 00:05:00,45000,4187,4173,4183,4179,4188,4174,4185,4181,4187.5,4173.5,4184.0,4180.0
2025-09-30 00:10:00,31100,4195,4179,4180,4192,4196,4180,4181,4193,4195.5,4179.5,4180.5,4192.5
2025-09-30 00:15:00,26900,4199,4191,4192,4195,4200,4192,4193,4196,4199.5,4191.5,4192.5,4195.5
2025-09-30 00:20:00,23700,4201,4189,4195,4192,4202,4190,4196,4193,4201.5,4189.5,4195.5,4192.5
2025-09-30 00:25:00,23500,4197,4188,4192,4192,4198,4190,4193,4194,4197.5,4189.0,4192.5,4193.0
2025-09-30 00:30:00,21700,4199,4184,4192,4185,4200,4185,4194,4186,4199.5,4184.5,4193.0,4185.5
2025-09-30 00:35:00,16200,4194,4185,4185,4190,4195,4186,4186,4192,4194.5,4185.5,4185.5,4191.0
2025-09-30 00:40:00,22100,4197,4190,4190,4192,4198,4191,4192,4193,4197.5,4190.5,4191.0,4192.5
2025-09-30 00:45:00,29500,4192,4180,4192,4188,4193,4181,4193,4189,4192.5,4180.5,4192.5,4188.5
2025-09-30 00:50:00,16100,4190,4178,4188,4185,4191,4180,4189,4186,4190.5,4179.0,4188.5,4185.5
2025-09-30 00:55:00,13300,4185,4178,4185,4180,4187,4179,4186,4181,4186.0,4178.5,4185.5,4180.5
2025-09-30 01:00:00,26800,4180,4170,4180,4175,4181,4171,4181,4176,4180.5,4170.5,4180.5,4175.5
2025-09-30 01:05:00,22800,4176,4166,4175,4167,4178,4167,4176,4168,4177.0,4166.5,4175.5,4167.5
2025-09-30 01:10:00,23100,4178,4167,4167,4177,4180,4168,4168,4178,4179.0,4167.5,4167.5,4177.5
2025-09-30 01:15:00,18500,4184,4177,4177,4181,4185,4178,4178,4183,4184.5,4177.5,4177.5,4182.0
2025-09-30 01:20:00,14200,4189,4181,4181,4183,4190,4182,4183,4184,4189.5,4181.5,4182.0,4183.5
2025-09-30 01:25:00,13300,4186,4177,4183,4179,4187,4178,4184,4180,4186.5,4177.5,4183.5,4179.5
2025-09-30 01:30:00,11600,4179,4173,4179,4175,4181,4174,4180,4176,4180.0,4173.5,4179.5,4175.5
2025-09-30 01:35:00,11700,4177,4172,4175,4175,4178,4173,4176,4176,4177.5,4172.5,4175.5,4175.5
2025-09-30 01:40:00,18100,4179,4172,4175,4178,4180,4173,4176,4179,4179.5,4172.5,4175.5,4178.5
2025-09-30 01:45:00,10500,4182,4174,4178,4177,4183,4175,4179,4178,4182.5,4174.5,4178.5,4177.5
2025-09-30 01:50:00,7300,4181,4176,4177,4180,4182,4177,4178,4181,4181.5,4176.5,4177.5,4180.5
2025-09-30 01:55:00,13700,4180,4176,4180,4178,4181,4177,4181,4179,4180.5,4176.5,4180.5,4178.5
2025-09-30 02:00:00,11400,4182,4177,4178,4181,4183,4178,4179,4182,4182.5,4177.5,4178.5,4181.5
2025-09-30 02:05:00,11000,4182,4174,4181,4174,4183,4175,4182,4176,4182.5,4174.5,4181.5,4175.0
2025-09-30 02:10:00,39600,4183,4174,4174,4182,4184,4176,4176,4183,4183.5,4175.0,4175.0,4182.5
2025-09-30 02:15:00,10800,4187,4180,4182,4182,4188,4182,4183,4183,4187.5,4181.0,4182.5,4182.5
2025-09-30 02:20:00,10900,4184,4180,4182,4181,4185,4182,4183,4182,4184.5,4181.0,4182.5,4181.5
2025-09-30 02:25:00,12600,4185,4180,4181,4181,4186,4181,4182,4184,4185.5,4180.5,4181.5,4182.5
2025-09-30 02:30:00,7200,4181,4181,4181,4181,4186,4186,4186,4186,4183.5,4183.5,4183.5,4183.5
2025-09-30 03:30:00,90000,4196,4176,4177,4192,4197,4177,4178,4193,4196.5,4176.5,4177.5,4192.5
2025-09-30 03:35:00,19600,4199,4192,4192,4198,4200,4193,4193,4199,4199.5,4192.5,4192.5,4198.5
2025-09-30 03:40:00,51600,4204,4198,4198,4201,4205,4199,4199,4202,4204.5,4198.5,4198.5,4201.5
2025-09-30 03:45:00,14800,4201,4195,4201,4197,4202,4196,4202,4199,4201.5,4195.5,4201.5,4198.0
2025-09-30 03:50:00,12800,4203,4195,4197,4203,4204,4197,4199,4204,4203.5,4196.0,4198.0,4203.5
2025-09-30 03:55:00,9500,4204,4203,4203,4204,4205,4204,4204,4205,4204.5,4203.5,4203.5,4204.5
2025-09-30 04:00:00,11600,4206,4202,4204,4203,4207,4203,4205,4204,4206.5,4202.5,4204.5,4203.5
2025-09-30 04:05:00,15100,4209,4203,4203,4209,4210,4204,4204,4210,4209.5,4203.5,4203.5,4209.5
2025-09-30 04:10:00,13100,4212,4208,4209,4209,4213,4209,4210,4210,4212.5,4208.5,4209.5,4209.5
2025-09-30 04:15:00,10500,4211,4208,4209,4210,4212,4209,4210,4211,4211.5,4208.5,4209.5,4210.5
2025-09-30 04:20:00,15000,4219,4209,4210,4219,4220,4210,4211,4220,4219.5,4209.5,4210.5,4219.5
2025-09-30 04:25:00,17400,4223,4214,4219,4217,4224,4215,4220,4218,4223.5,4214.5,4219.5,4217.5
2025-09-30 04:30:00,9800,4217,4215,4217,4217,4218,4216,4218,4218,4217.5,4215.5,4217.5,4217.5
2025-09-30 04:35:00,28100,4226,4217,4217,4222,4227,4218,4218,4224,4226.5,4217.5,4217.5,4223.0
2025-09-30 04:40:00,13800,4224,4220,4222,4224,4225,4221,4224,4225,4224.5,4220.5,4223.0,4224.5
2025-09-30 04:45:00,11500,4226,4220,4224,4221,4227,4222,4225,4222,4226.5,4221.0,4224.5,4221.5
2025-09-30 04:50:00,17900,4224,4218,4221,4222,4225,4219,4222,4223,4224.5,4218.5,4221.5,4222.5
2025-09-30 04:55:00,7600,4223,4220,4222,4221,4224,4221,4223,4222,4223.5,4220.5,4222.5,4221.5
2025-09-30 05:00:00,19500,4226,4219,4221,4225,4227,4220,4222,4226,4226.5,4219.5,4221.5,4225.5
2025-09-30 05:05:00,19900,4232,4224,4225,4232,4233,4225,4226,4233,4232.5,4224.5,4225.5,4232.5
2025-09-30 05:10:00,14700,4232,4227,4232,4227,4233,4228,4233,4228,4232.5,4227.5,4232.5,4227.5
2025-09-30 05:15:00,13600,4227,4220,4227,4221,4228,4221,4228,4223,4227.5,4220.5,4227.5,4222.0
2025-09-30 05:20:00,18200,4226,4221,4221,4222,4227,4222,4223,4223,4226.5,4221.5,4222.0,4222.5
2025-09-30 05:25:00,11700,4225,4222,4222,4223,4226,4223,4223,4224,4225.5,4222.5,4222.5,4223.5
2025-09-30 05:30:00,18600,4228,4223,4223,4227,4229,4224,4224,4228,4228.5,4223.5,4223.5,4227.5
2025-09-30 05:35:00,8400,4228,4223,4227,4224,4229,4225,4228,4225,4228.5,4224.0,4227.5,4224.5
2025-09-30 05:40:00,12300,4227,4223,4224,4224,4228,4224,4225,4226,4227.5,4223.5,4224.5,4225.0
2025-09-30 05:45:00,21900,4234,4224,4224,4233,4236,4226,4226,4234,4234.5,4225.0,4225.0,4233.5
2025-09-30 05:50:00,14800,4236,4231,4233,4236,4237,4232,4234,4237,4236.5,4231.5,4233.5,4236.5
2025-09-30 05:55:00,27800,4237,4232,4236,4237,4238,4233,4237,4238,4237.5,4232.5,4236.5,4237.5
2025-09-30 06:00:00,38500,4241,4235,4237,4236,4242,4236,4238,4238,4241.5,4235.5,4237.5,4237.0
2025-09-30 06:05:00,31000,4243,4234,4236,4241,4244,4236,4238,4242,4243.5,4235.0,4237.0,4241.5
2025-09-30 06:10:00,34000,4244,4239,4241,4243,4245,4240,4242,4245,4244.5,4239.5,4241.5,4244.0
2025-09-30 06:15:00,42700,4246,4243,4243,4244,4247,4244,4245,4245,4246.5,4243.5,4244.0,4244.5
2025-09-30 06:20:00,73300,4248,4238,4244,4238,4250,4240,4245,4240,4249.0,4239.0,4244.5,4239.0
2025-09-30 06:25:00,,4453,4242,4279,4242,4454,4243,4280,4243,4453.5,4242.5,4279.5,4242.5
2025-09-30 06:30:00,1546400,4242,4242,4242,4242,4244,4244,4244,4244,4243.0,4243.0,4243.0,4243.0
2025-10-01 00:00:00,165700,4242,4208,4242,4233,4243,4210,4243,4235,4242.5,4209.0,4242.5,4234.0
2025-10-01 00:05:00,52400,4238,4202,4233,4203,4239,4203,4235,4204,4238.5,4202.5,4234.0,4203.5
2025-10-01 00:10:00,48000,4212,4191,4203,4193,4215,4193,4204,4195,4213.5,4192.0,4203.5,4194.0
2025-10-01 00:15:00,28200,4199,4192,4193,4195,4200,4193,4195,4196,4199.5,4192.5,4194.0,4195.5
2025-10-01 00:20:00,24000,4199,4191,4195,4193,4200,4192,4196,4195,4199.5,4191.5,4195.5,4194.0
2025-10-01 00:25:00,22500,4194,4184,4193,4184,4196,4185,4195,4185,4195.0,4184.5,4194.0,4184.5
2025-10-01 00:30:00,19100,4205,4184,4184,4201,4207,4185,4185,4203,4206.0,4184.5,4184.5,4202.0
2025-10-01 00:35:00,15200,4203,4193,4201,4195,4204,4194,4203,4197,4203.5,4193.5,4202.0,4196.0
2025-10-01 00:40:00,25400,4202,4194,4195,4202,4205,4195,4197,4203,4203.5,4194.5,4196.0,4202.5
2025-10-01 00:45:00,12600,4212,4199,4202,4211,4213,4200,4203,4212,4212.5,4199.5,4202.5,4211.5
2025-10-01 00:50:00,9300,4214,4210,4211,4211,4215,4212,4212,4212,4214.5,4211.0,4211.5,4211.5
2025-10-01 00:55:00,19000,4218,4208,4211,4218,4219,4209,4212,4219,4218.5,4208.5,4211.5,4218.5
2025-10-01 01:00:00,17300,4222,4211,4218,4222,4223,4212,4219,4223,4222.5,4211.5,4218.5,4222.5
2025-10-01 01:05:00,14200,4222,4211,4222,4219,4223,4212,4223,4221,4222.5,4211.5,4222.5,4220.0
2025-10-01 01:10:00,20000,4222,4215,4219,4219,4224,4216,4221,4222,4223.0,4215.5,4220.0,4220.5
2025-10-01 01:15:00,9400,4220,4215,4219,4217,4222,4217,4222,4218,4220.5,4216.0,4220.5,4217.5
2025-10-01 01:20:00,20500,4217,4206,4217,4206,4218,4207,4218,4207,4217.5,4206.5,4217.5,4206.5
2025-10-01 01:25:00,21000,4208,4199,4206,4201,4209,4200,4207,4203,4208.5,4199.5,4206.5,4202.0
2025-10-01 01:30:00,27400,4206,4199,4201,4203,4207,4200,4203,4204,4206.5,4199.5,4202.0,4203.5
2025-10-01 01:35:00,30500,4214,4201,4203,4213,4215,4202,4204,4214,4214.5,4201.5,4203.5,4213.5
2025-10-01 01:40:00,14300,4219,4212,4213,4213,4221,4213,4214,4215,4220.0,4212.5,4213.5,4214.0
2025-10-01 01:45:00,13100,4213,4208,4213,4209,4215,4209,4215,4210,4214.0,4208.5,4214.0,4209.5
2025-10-01 01:50:00,18100,4221,4208,4209,4219,4222,4209,4210,4220,4221.5,4208.5,4209.5,4219.5
2025-10-01 01:55:00,11400,4219,4213,4219,4214,4221,4215,4221,4216,4220.0,4214.0,4220.0,4215.0
2025-10-01 02:00:00,14000,4220,4211,4214,4220,4222,4212,4216,4221,4221.0,4211.5,4215.0,4220.5
2025-10-01 02:05:00,9100,4220,4216,4220,4218,4221,4218,4221,4220,4220.5,4217.0,4220.5,4219.0
2025-10-01 02:10:00,11200,4218,4210,4218,4211,4220,4211,4220,4212,4219.0,4210.5,4219.0,4211.5
2025-10-01 02:15:00,14200,4214,4209,4211,4213,4215,4210,4212,4215,4214.5,4209.5,4211.5,4214.0
2025-10-01 02:20:00,9400,4217,4213,4213,4217,4218,4214,4215,4218,4217.5,4213.5,4214.0,4217.5
2025-10-01 02:25:00,13300,4218,4213,4217,4213,4219,4214,4218,4215,4218.5,4213.5,4217.5,4214.0
2025-10-01 02:30:00,1700,4213,4213,4213,4213,4215,4215,4215,4215,4214.0,4214.0,4214.0,4214.0
2025-10-01 03:30:00,55300,4210,4201,4206,4209,4212,4203,4207,4210,4210.5,4202.0,4206.5,4209.5
2025-10-01 03:35:00,26500,4224,4206,4209,4224,4225,4207,4210,4225,4224.5,4206.5,4209.5,4224.5
2025-10-01 03:40:00,31100,4228,4220,4224,4227,4229,4221,4225,4228,4228.5,4220.5,4224.5,4227.5
2025-10-01 03:45:00,18100,4229,4221,4227,4228,4230,4222,4228,4230,4229.5,4221.5,4227.5,4229.0
2025-10-01 03:50:00,11100,4237,4228,4228,4236,4238,4229,4230,4237,4237.5,4228.5,4229.0,4236.5
2025-10-01 03:55:00,11100,4237,4233,4236,4234,4238,4234,4237,4235,4237.5,4233.5,4236.5,4234.5
2025-10-01 04:00:00,16500,4244,4233,4234,4240,4245,4234,4235,4241,4244.5,4233.5,4234.5,4240.5
2025-10-01 04:05:00,10500,4240,4236,4240,4239,4241,4237,4241,4240,4240.5,4236.5,4240.5,4239.5
2025-10-01 04:10:00,15000,4243,4238,4239,4241,4244,4240,4240,4242,4243.5,4239.0,4239.5,4241.5
2025-10-01 04:15:00,14900,4245,4241,4241,4242,4246,4242,4242,4243,4245.5,4241.5,4241.5,4242.5
2025-10-01 04:20:00,10100,4246,4241,4242,4244,4247,4242,4243,4245,4246.5,4241.5,4242.5,4244.5
2025-10-01 04:25:00,16100,4246,4241,4244,4242,4247,4242,4245,4243,4246.5,4241.5,4244.5,4242.5
2025-10-01 04:30:00,17200,4244,4236,4242,4237,4245,4237,4243,4238,4244.5,4236.5,4242.5,4237.5
2025-10-01 04:35:00,15500,4237,4232,4237,4235,4238,4234,4238,4236,4237.5,4233.0,4237.5,4235.5
2025-10-01 04:40:00,19200,4238,4234,4235,4236,4239,4235,4236,4237,4238.5,4234.5,4235.5,4236.5
2025-10-01 04:45:00,14400,4242,4233,4236,4242,4243,4234,4237,4243,4242.5,4233.5,4236.5,4242.5
2025-10-01 04:50:00,10700,4242,4239,4242,4239,4243,4240,4243,4240,4242.5,4239.5,4242.5,4239.5
2025-10-01 04:55:00,10500,4239,4236,4239,4237,4240,4237,4240,4238,4239.5,4236.5,4239.5,4237.5
2025-10-01 05:00:00,12400,4239,4232,4237,4238,4240,4233,4238,4240,4239.5,4232.5,4237.5,4239.0
2025-10-01 05:05:00,10700,4239,4236,4238,4239,4241,4237,4240,4240,4240.0,4236.5,4239.0,4239.5
2025-10-01 05:10:00,20300,4249,4239,4239,4248,4250,4240,4240,4249,4249.5,4239.5,4239.5,4248.5
2025-10-01 05:15:00,13700,4249,4244,4248,4245,4250,4245,4249,4246,4249.5,4244.5,4248.5,4245.5
2025-10-01 05:20:00,21400,4245,4238,4245,4244,4246,4239,4246,4245,4245.5,4238.5,4245.5,4244.5
2025-10-01 05:25:00,17700,4247,4241,4244,4246,4248,4242,4245,4247,4247.5,4241.5,4244.5,4246.5
2025-10-01 05:30:00,12500,4248,4239,4246,4247,4249,4241,4247,4248,4248.5,4240.0,4246.5,4247.5
2025-10-01 05:35:00,10000,4248,4244,4247,4247,4249,4245,4248,4248,4248.5,4244.5,4247.5,4247.5
2025-10-01 05:40:00,16600,4248,4243,4247,4245,4249,4244,4248,4247,4248.5,4243.5,4247.5,4246.0
2025-10-01 05:45:00,39000,4255,4245,4245,4255,4256,4247,4247,4256,4255.5,4246.0,4246.0,4255.5
2025-10-01 05:50:00,24900,4255,4248,4255,4251,4256,4249,4256,4252,4255.5,4248.5,4255.5,4251.5
2025-10-01 05:55:00,24800,4251,4245,4251,4245,4253,4246,4252,4246,4252.0,4245.5,4251.5,4245.5
2025-10-01 06:00:00,21400,4246,4241,4245,4244,4248,4242,4246,4245,4247.0,4241.5,4245.5,4244.5
2025-10-01 06:05:00,28900,4250,4244,4244,4249,4251,4245,4245,4250,4250.5,4244.5,4244.5,4249.5
2025-10-01 06:10:00,23200,4251,4246,4249,4246,4252,4247,4250,4247,4251.5,4246.5,4249.5,4246.5
2025-10-01 06:15:00,32700,4248,4240,4246,4241,4249,4241,4247,4243,4248.5,4240.5,4246.5,4242.0
2025-10-01 06:20:00,50200,4242,4235,4241,4236,4243,4237,4243,4239,4242.5,4236.0,4242.0,4237.5
2025-10-01 06:25:00,,4242,4151,4223,4242,4243,4152,4224,4243,4242.5,4151.5,4223.5,4242.5
2025-10-01 06:30:00,994000,4236,4236,4236,4236,4246,4246,4246,4246,4241.0,4241.0,4241.0,4241.0
2025-10-02 00:00:00,177400,4247,4188,4234,4193,4250,4190,4235,4195,4248.5,4189.0,4234.5,4194.0
2025-10-02 00:05:00,54800,4193,4176,4193,4176,4195,4177,4195,4178,4194.0,4176.5,4194.0,4177.0
2025-10-02 00:10:00,33000,4190,4173,4176,4189,4191,4175,4178,4191,4190.5,4174.0,4177.0,4190.0
2025-10-02 00:15:00,31000,4212,4189,4189,4207,4213,4190,4191,4209,4212.5,4189.5,4190.0,4208.0
2025-10-02 00:20:00,23200,4212,4200,4207,4200,4213,4201,4209,4202,4212.5,4200.5,4208.0,4201.0
2025-10-02 00:25:00,22800,4205,4197,4200,4204,4206,4198,4202,4205,4205.5,4197.5,4201.0,4204.5
2025-10-02 00:30:00,25500,4206,4186,4204,4189,4207,4188,4205,4191,4206.5,4187.0,4204.5,4190.0
2025-10-02 00:35:00,22000,4194,4186,4189,4191,4196,4188,4191,4192,4195.0,4187.0,4190.0,4191.5
2025-10-02 00:40:00,25100,4194,4183,4191,4183,4196,4184,4192,4184,4195.0,4183.5,4191.5,4183.5
2025-10-02 00:45:00,28500,4191,4176,4183,4176,4192,4177,4184,4177,4191.5,4176.5,4183.5,4176.5
2025-10-02 00:50:00,26200,4185,4172,4176,4185,4186,4174,4177,4186,4185.5,4173.0,4176.5,4185.5
2025-10-02 00:55:00,20700,4191,4185,4185,4190,4192,4186,4186,4191,4191.5,4185.5,4185.5,4190.5
2025-10-02 01:00:00,30500,4191,4182,4190,4182,4192,4183,4191,4183,4191.5,4182.5,4190.5,4182.5
2025-10-02 01:05:00,22700,4194,4180,4182,4194,4195,4181,4183,4195,4194.5,4180.5,4182.5,4194.5
2025-10-02 01:10:00,15500,4195,4191,4194,4193,4196,4192,4195,4194,4195.5,4191.5,4194.5,4193.5
2025-10-02 01:15:00,20100,4203,4193,4193,4200,4204,4194,4194,4201,4203.5,4193.5,4193.5,4200.5
2025-10-02 01:20:00,16100,4203,4194,4200,4196,4204,4195,4201,4197,4203.5,4194.5,4200.5,4196.5
2025-10-02 01:25:00,11300,4197,4193,4196,4193,4198,4194,4197,4194,4197.5,4193.5,4196.5,4193.5
2025-10-02 01:30:00,16700,4194,4187,4193,4188,4195,4188,4194,4189,4194.5,4187.5,4193.5,4188.5
2025-10-02 01:35:00,14100,4201,4187,4188,4199,4202,4189,4189,4200,4201.5,4188.0,4188.5,4199.5
2025-10-02 01:40:00,16900,4203,4196,4199,4202,4204,4197,4200,4203,4203.5,4196.5,4199.5,4202.5
2025-10-02 01:45:00,12700,4202,4199,4202,4200,4203,4200,4203,4202,4202.5,4199.5,4202.5,4201.0
2025-10-02 01:50:00,11500,4205,4200,4200,4204,4206,4201,4202,4205,4205.5,4200.5,4201.0,4204.5
2025-10-02 01:55:00,10800,4205,4202,4204,4203,4206,4203,4205,4205,4205.5,4202.5,4204.5,4204.0
2025-10-02 02:00:00,14500,4212,4203,4203,4212,4214,4204,4205,4214,4213.0,4203.5,4204.0,4213.0
2025-10-02 02:05:00,14100,4213,4207,4212,4208,4214,4208,4214,4210,4213.5,4207.5,4213.0,4209.0
2025-10-02 02:10:00,14000,4208,4198,4208,4198,4210,4199,4210,4199,4209.0,4198.5,4209.0,4198.5
2025-10-02 02:15:00,11800,4203,4198,4198,4202,4204,4199,4199,4203,4203.5,4198.5,4198.5,4202.5
2025-10-02 02:20:00,13600,4206,4199,4202,4200,4207,4201,4203,4201,4206.5,4200.0,4202.5,4200.5
2025-10-02 02:25:00,11800,4203,4197,4200,4197,4204,4199,4201,4200,4203.5,4198.0,4200.5,4198.5
2025-10-02 02:30:00,2300,4196,4196,4196,4196,4200,4200,4200,4200,4198.0,4198.0,4198.0,4198.0
2025-10-02 03:30:00,55800,4202,4191,4191,4197,4203,4192,4192,4198,4202.5,4191.5,4191.5,4197.5
2025-10-02 03:35:00,13600,4200,4195,4197,4198,4201,4196,4198,4200,4200.5,4195.5,4197.5,4199.0
2025-10-02 03:40:00,15600,4203,4198,4198,4203,4204,4199,4200,4204,4203.5,4198.5,4199.0,4203.5
2025-10-02 03:45:00,16400,4212,4203,4203,4209,4213,4204,4204,4210,4212.5,4203.5,4203.5,4209.5
2025-10-02 03:50:00,15300,4214,4206,4209,4211,4215,4207,4210,4212,4214.5,4206.5,4209.5,4211.5
2025-10-02 03:55:00,14100,4222,4211,4211,4222,4224,4212,4212,4224,4223.0,4211.5,4211.5,4223.0
2025-10-02 04:00:00,13500,4227,4222,4222,4226,4228,4223,4224,4227,4227.5,4222.5,4223.0,4226.5
2025-10-02 04:05:00,12700,4226,4222,4226,4225,4227,4223,4227,4226,4226.5,4222.5,4226.5,4225.5
2025-10-02 04:10:00,15100,4228,4222,4225,4228,4229,4223,4226,4229,4228.5,4222.5,4225.5,4228.5
2025-10-02 04:15:00,11500,4232,4228,4228,4229,4233,4229,4229,4230,4232.5,4228.5,4228.5,4229.5
2025-10-02 04:20:00,16100,4234,4228,4229,4232,4235,4230,4230,4233,4234.5,4229.0,4229.5,4232.5
2025-10-02 04:25:00,11400,4238,4232,4232,4236,4239,4233,4233,4237,4238.5,4232.5,4232.5,4236.5
2025-10-02 04:30:00,7400,4236,4234,4236,4234,4237,4235,4237,4235,4236.5,4234.5,4236.5,4234.5
2025-10-02 04:35:00,14800,4238,4234,4234,4236,4239,4235,4235,4237,4238.5,4234.5,4234.5,4236.5
2025-10-02 04:40:00,12700,4241,4236,4236,4240,4242,4237,4237,4241,4241.5,4236.5,4236.5,4240.5
2025-10-02 04:45:00,9700,4241,4238,4240,4238,4242,4239,4241,4239,4241.5,4238.5,4240.5,4238.5
2025-10-02 04:50:00,12800,4238,4235,4238,4237,4239,4236,4239,4238,4238.5,4235.5,4238.5,4237.5
2025-10-02 04:55:00,10000,4239,4235,4237,4235,4240,4236,4238,4236,4239.5,4235.5,4237.5,4235.5
2025-10-02 05:00:00,28400,4239,4232,4235,4236,4240,4233,4236,4237,4239.5,4232.5,4235.5,4236.5
2025-10-02 05:05:00,10200,4236,4234,4236,4234,4238,4235,4237,4235,4237.0,4234.5,4236.5,4234.5
2025-10-02 05:10:00,11400,4236,4233,4234,4235,4237,4234,4235,4236,4236.5,4233.5,4234.5,4235.5
2025-10-02 05:15:00,13700,4235,4232,4235,4232,4236,4233,4236,4233,4235.5,4232.5,4235.5,4232.5
2025-10-02 05:20:00,7600,4233,4231,4232,4231,4234,4232,4233,4232,4233.5,4231.5,4232.5,4231.5
2025-10-02 05:25:00,19300,4240,4231,4231,4238,4241,4232,4232,4239,4240.5,4231.5,4231.5,4238.5
2025-10-02 05:30:00,17200,4243,4238,4238,4238,4244,4239,4239,4239,4243.5,4238.5,4238.5,4238.5
2025-10-02 05:35:00,5300,4241,4238,4238,4241,4242,4239,4239,4242,4241.5,4238.5,4238.5,4241.5
2025-10-02 05:40:00,16000,4243,4240,4241,4241,4244,4241,4242,4242,4243.5,4240.5,4241.5,4241.5
2025-10-02 05:45:00,14700,4244,4241,4241,4244,4245,4242,4242,4245,4244.5,4241.5,4241.5,4244.5
2025-10-02 05:50:00,34000,4245,4241,4244,4243,4246,4242,4245,4244,4245.5,4241.5,4244.5,4243.5
2025-10-02 05:55:00,33100,4244,4238,4243,4238,4245,4239,4244,4239,4244.5,4238.5,4243.5,4238.5
2025-10-02 06:00:00,31300,4240,4234,4238,4234,4241,4235,4239,4235,4240.5,4234.5,4238.5,4234.5
2025-10-02 06:05:00,39700,4234,4226,4234,4226,4235,4227,4235,4227,4234.5,4226.5,4234.5,4226.5
2025-10-02 06:10:00,33600,4228,4223,4226,4223,4229,4224,4227,4224,4228.5,4223.5,4226.5,4223.5
2025-10-02 06:15:00,58000,4225,4220,4223,4222,4226,4221,4224,4223,4225.5,4220.5,4223.5,4222.5
2025-10-02 06:20:00,82800,4224,4217,4222,4217,4226,4218,4223,4219,4225.0,4217.5,4222.5,4218.0
2025-10-02 06:25:00,,4210,4028,4028,4210,4211,4029,4029,4211,4210.5,4028.5,4028.5,4210.5
2025-10-02 06:30:00,1024200,4209,4209,4209,4209,4218,4218,4218,4218,4213.5,4213.5,4213.5,4213.5
2025-10-03 00:00:00,133800,4221,4191,4209,4198,4223,4197,4210,4199,4222.0,4196.0,4209.5,4198.5
2025-10-03 00:05:00,40300,4213,4196,4198,4213,4214,4197,4199,4214,4213.5,4196.5,4198.5,4213.5
2025-10-03 00:10:00,22400,4220,4193,4213,4194,4221,4195,4214,4196,4220.5,4194.0,4213.5,4195.0
2025-10-03 00:15:00,24400,4212,4192,4194,4211,4214,4194,4196,4213,4213.0,4193.0,4195.0,4212.0
2025-10-03 00:20:00,19000,4212,4198,4211,4204,4213,4200,4213,4206,4212.5,4199.0,4212.0,4205.0
2025-10-03 00:25:00,16600,4211,4198,4204,4208,4212,4199,4206,4210,4211.5,4198.5,4205.0,4209.0
2025-10-03 00:30:00,14600,4209,4198,4208,4201,4211,4199,4210,4203,4210.0,4198.5,4209.0,4202.0
2025-10-03 00:35:00,13400,4211,4200,4201,4206,4214,4201,4203,4207,4212.5,4200.5,4202.0,4206.5
2025-10-03 00:40:00,11400,4208,4202,4206,4207,4210,4204,4207,4209,4209.0,4203.0,4206.5,4208.0
2025-10-03 00:45:00,12600,4219,4204,4207,4217,4220,4205,4209,4219,4219.5,4204.5,4208.0,4218.0
2025-10-03 00:50:00,20000,4222,4215,4217,4222,4223,4217,4219,4223,4222.5,4216.0,4218.0,4222.5
2025-10-03 00:55:00,20600,4233,4222,4222,4231,4235,4223,4223,4233,4234.0,4222.5,4222.5,4232.0
2025-10-03 01:00:00,11700,4238,4231,4231,4231,4239,4232,4233,4232,4238.5,4231.5,4232.0,4231.5
2025-10-03 01:05:00,14400,4231,4224,4231,4226,4232,4226,4232,4227,4231.5,4225.0,4231.5,4226.5
2025-10-03 01:10:00,11400,4231,4226,4226,4227,4232,4228,4228,4229,4231.5,4227.0,4227.0,4228.0
2025-10-03 01:15:00,22500,4233,4223,4227,4229,4235,4224,4229,4231,4234.0,4223.5,4228.0,4230.0
2025-10-03 01:20:00,13900,4229,4222,4229,4227,4230,4224,4230,4228,4229.5,4223.0,4229.5,4227.5
2025-10-03 01:25:00,30900,4227,4221,4227,4224,4228,4222,4228,4225,4227.5,4221.5,4227.5,4224.5
2025-10-03 01:30:00,10500,4227,4221,4224,4226,4228,4222,4225,4228,4227.5,4221.5,4224.5,4227.0
2025-10-03 01:35:00,12000,4230,4223,4226,4227,4231,4224,4228,4228,4230.5,4223.5,4227.0,4227.5
2025-10-03 01:40:00,8600,4230,4225,4227,4228,4231,4226,4228,4230,4230.5,4225.5,4227.5,4229.0
2025-10-03 01:45:00,15400,4230,4225,4229,4228,4231,4226,4230,4229,4230.5,4225.5,4229.5,4228.5
2025-10-03 01:50:00,8600,4228,4221,4228,4222,4229,4222,4229,4223,4228.5,4221.5,4228.5,4222.5
2025-10-03 01:55:00,13800,4222,4215,4222,4219,4223,4216,4223,4221,4222.5,4215.5,4222.5,4220.0
2025-10-03 02:00:00,6200,4225,4218,4219,4223,4226,4219,4221,4224,4225.5,4218.5,4220.0,4223.5
2025-10-03 02:05:00,13300,4223,4214,4223,4221,4224,4216,4224,4222,4223.5,4215.0,4223.5,4221.5
2025-10-03 02:10:00,10600,4222,4214,4221,4215,4223,4215,4222,4216,4222.5,4214.5,4221.5,4215.5
2025-10-03 02:15:00,16200,4222,4215,4215,4219,4223,4216,4216,4221,4222.5,4215.5,4215.5,4220.0
2025-10-03 02:20:00,12400,4219,4216,4219,4217,4221,4217,4221,4218,4220.0,4216.5,4220.0,4217.5
2025-10-03 02:25:00,8600,4218,4215,4217,4215,4219,4216,4218,4217,4218.5,4215.5,4217.5,4216.0
2025-10-03 02:30:00,2200,4215,4215,4215,4215,4217,4217,4217,4217,4216.0,4216.0,4216.0,4216.0
2025-10-03 03:30:00,48000,4227,4208,4209,4221,4229,4209,4209,4223,4228.0,4209.0,4209.0,4222.0
2025-10-03 03:35:00,12900,4225,4219,4221,4223,4226,4220,4223,4224,4225.5,4219.5,4222.0,4223.5
2025-10-03 03:40:00,15800,4226,4220,4223,4224,4227,4221,4224,4226,4226.5,4220.5,4223.5,4225.0
2025-10-03 03:45:00,21700,4235,4224,4224,4233,4236,4226,4226,4235,4235.5,4225.0,4225.0,4234.0
2025-10-03 03:50:00,10400,4234,4225,4233,4231,4235,4227,4235,4232,4234.5,4226.0,4234.0,4231.5
2025-10-03 03:55:00,3500,4231,4226,4231,4226,4232,4227,4232,4227,4231.5,4226.5,4231.5,4226.5
2025-10-03 04:00:00,13500,4229,4225,4226,4229,4230,4226,4227,4230,4229.5,4225.5,4226.5,4229.5
2025-10-03 04:05:00,8300,4235,4229,4229,4234,4236,4230,4230,4235,4235.5,4229.5,4229.5,4234.5
2025-10-03 04:10:00,16800,4234,4227,4234,4227,4235,4228,4235,4228,4234.5,4227.5,4234.5,4227.5
2025-10-03 04:15:00,11800,4227,4223,4227,4223,4228,4224,4228,4224,4227.5,4223.5,4227.5,4223.5
2025-10-03 04:20:00,25200,4233,4223,4223,4232,4234,4224,4224,4233,4233.5,4223.5,4223.5,4232.5
2025-10-03 04:25:00,7100,4233,4230,4232,4230,4234,4231,4233,4232,4233.5,4230.5,4232.5,4231.0
2025-10-03 04:30:00,7300,4233,4230,4230,4233,4235,4231,4232,4235,4234.0,4230.5,4231.0,4234.0
2025-10-03 04:35:00,7800,4234,4232,4233,4233,4235,4233,4235,4234,4234.5,4232.5,4234.0,4233.5
2025-10-03 04:40:00,8100,4233,4228,4233,4232,4235,4230,4234,4233,4234.0,4229.0,4233.5,4232.5
2025-10-03 04:45:00,8400,4232,4229,4232,4229,4233,4230,4233,4230,4232.5,4229.5,4232.5,4229.5
2025-10-03 04:50:00,9700,4232,4228,4229,4232,4234,4229,4230,4233,4233.0,4228.5,4229.5,4232.5
2025-10-03 04:55:00,9000,4234,4228,4232,4229,4235,4230,4233,4230,4234.5,4229.0,4232.5,4229.5
2025-10-03 05:00:00,9700,4233,4229,4229,4232,4234,4230,4230,4233,4233.5,4229.5,4229.5,4232.5
2025-10-03 05:05:00,6900,4233,4229,4232,4229,4234,4230,4233,4230,4233.5,4229.5,4232.5,4229.5
2025-10-03 05:10:00,11400,4231,4227,4229,4231,4232,4229,4230,4232,4231.5,4228.0,4229.5,4231.5
2025-10-03 05:15:00,7700,4234,4231,4231,4233,4235,4232,4232,4234,4234.5,4231.5,4231.5,4233.5
2025-10-03 05:20:00,10500,4233,4230,4233,4232,4234,4231,4234,4233,4233.5,4230.5,4233.5,4232.5
2025-10-03 05:25:00,12600,4232,4230,4231,4231,4233,4231,4233,4232,4232.5,4230.5,4232.0,4231.5
2025-10-03 05:30:00,10700,4231,4229,4231,4230,4232,4231,4232,4231,4231.5,4230.0,4231.5,4230.5
2025-10-03 05:35:00,12500,4234,4230,4230,4231,4235,4231,4231,4232,4234.5,4230.5,4230.5,4231.5
2025-10-03 05:40:00,15800,4233,4230,4231,4232,4235,4231,4232,4233,4234.0,4230.5,4231.5,4232.5
2025-10-03 05:45:00,22200,4237,4232,4232,4235,4238,4233,4233,4236,4237.5,4232.5,4232.5,4235.5
2025-10-03 05:50:00,23000,4239,4235,4235,4239,4240,4236,4236,4240,4239.5,4235.5,4235.5,4239.5
2025-10-03 05:55:00,19700,4241,4238,4239,4239,4242,4239,4240,4240,4241.5,4238.5,4239.5,4239.5
2025-10-03 06:00:00,42300,4241,4237,4239,4239,4242,4238,4240,4240,4241.5,4237.5,4239.5,4239.5
2025-10-03 06:05:00,24700,4241,4237,4239,4241,4242,4238,4240,4242,4241.5,4237.5,4239.5,4241.5
2025-10-03 06:10:00,20000,4241,4234,4241,4235,4242,4235,4242,4236,4241.5,4234.5,4241.5,4235.5
2025-10-03 06:15:00,40900,4239,4232,4235,4238,4240,4234,4236,4239,4239.5,4233.0,4235.5,4238.5
2025-10-03 06:20:00,49600,4241,4237,4238,4238,4243,4238,4239,4240,4242.0,4237.5,4238.5,4239.0
2025-10-03 06:25:00,,4239,4110,4229,4238,4240,4111,4230,4239,4239.5,4110.5,4229.5,4238.5
2025-10-03 06:30:00,659600,4238,4238,4238,4238,4240,4240,4240,4240,4239.0,4239.0,4239.0,4239.0
2025-10-06 00:00:00,239000,4327,4281,4303,4293,4328,4283,4304,4295,4327.5,4282.5,4303.5,4294.0
2025-10-06 00:05:00,62300,4315,4277,4293,4306,4317,4278,4295,4308,4316.0,4277.5,4294.0,4307.0
2025-10-06 00:10:00,50900,4321,4299,4306,4314,4323,4302,4308,4316,4322.0,4301.0,4307.0,4315.0
2025-10-06 00:15:00,28500,4315,4288,4314,4294,4317,4291,4316,4295,4316.0,4289.5,4315.0,4294.5
2025-10-06 00:20:00,28700,4296,4285,4294,4287,4297,4287,4295,4289,4296.5,4286.0,4294.5,4288.0
2025-10-06 00:25:00,38900,4289,4272,4287,4276,4290,4273,4289,4277,4289.5,4272.5,4288.0,4276.5
2025-10-06 00:30:00,23400,4291,4274,4276,4287,4293,4276,4277,4289,4292.0,4275.0,4276.5,4288.0
2025-10-06 00:35:00,22000,4291,4277,4287,4277,4292,4278,4289,4279,4291.5,4277.5,4288.0,4278.0
2025-10-06 00:40:00,24700,4288,4275,4277,4283,4290,4277,4279,4285,4289.0,4276.0,4278.0,4284.0
2025-10-06 00:45:00,15500,4284,4273,4283,4282,4285,4274,4285,4283,4284.5,4273.5,4284.0,4282.5
2025-10-06 00:50:00,15300,4289,4281,4282,4288,4290,4283,4283,4289,4289.5,4282.0,4282.5,4288.5
2025-10-06 00:55:00,22100,4293,4284,4288,4288,4294,4286,4289,4289,4293.5,4285.0,4288.5,4288.5
2025-10-06 01:00:00,23400,4290,4281,4288,4287,4292,4282,4289,4288,4291.0,4281.5,4288.5,4287.5
2025-10-06 01:05:00,19100,4291,4279,4287,4281,4292,4280,4288,4282,4291.5,4279.5,4287.5,4281.5
2025-10-06 01:10:00,26900,4290,4281,4281,4286,4291,4282,4282,4287,4290.5,4281.5,4281.5,4286.5
2025-10-06 01:15:00,10400,4287,4282,4286,4287,4288,4283,4287,4288,4287.5,4282.5,4286.5,4287.5
2025-10-06 01:20:00,5600,4287,4274,4287,4274,4288,4275,4288,4275,4287.5,4274.5,4287.5,4274.5
2025-10-06 01:25:00,15600,4280,4274,4274,4279,4282,4275,4275,4280,4281.0,4274.5,4274.5,4279.5
2025-10-06 01:30:00,15800,4285,4279,4279,4284,4286,4280,4280,4285,4285.5,4279.5,4279.5,4284.5
2025-10-06 01:35:00,13400,4288,4283,4284,4285,4289,4284,4285,4287,4288.5,4283.5,4284.5,4286.0
2025-10-06 01:40:00,12500,4291,4286,4286,4289,4292,4287,4287,4291,4291.5,4286.5,4286.5,4290.0
2025-10-06 01:45:00,18200,4295,4289,4289,4291,4296,4290,4291,4293,4295.5,4289.5,4290.0,4292.0
2025-10-06 01:50:00,9300,4294,4290,4291,4294,4295,4291,4293,4295,4294.5,4290.5,4292.0,4294.5
2025-10-06 01:55:00,12300,4294,4285,4294,4286,4295,4286,4295,4287,4294.5,4285.5,4294.5,4286.5
2025-10-06 02:00:00,10600,4293,4286,4286,4293,4295,4287,4287,4294,4293.5,4286.5,4286.5,4293.5
2025-10-06 02:05:00,6900,4295,4290,4293,4290,4296,4291,4294,4292,4295.5,4290.5,4293.5,4291.0
2025-10-06 02:10:00,13000,4298,4290,4290,4296,4299,4291,4292,4297,4298.5,4290.5,4291.0,4296.5
2025-10-06 02:15:00,15300,4296,4290,4296,4293,4298,4291,4297,4294,4297.0,4290.5,4296.5,4293.5
2025-10-06 02:20:00,6200,4294,4289,4293,4289,4295,4290,4294,4290,4294.5,4289.5,4293.5,4289.5
2025-10-06 02:25:00,16600,4291,4285,4289,4286,4292,4287,4290,4288,4291.5,4286.5,4289.5,4287.0
2025-10-06 02:30:00,8500,4284,4284,4284,4284,4288,4288,4288,4288,4286.0,4286.0,4286.0,4286.0
2025-10-06 03:30:00,55700,4292,4278,4279,4287,4293,4279,4280,4288,4292.5,4278.5,4279.5,4287.5
2025-10-06 03:35:00,16700,4287,4275,4287,4281,4288,4276,4288,4283,4287.5,4275.5,4287.5,4282.0
2025-10-06 03:40:00,16700,4283,4278,4281,4281,4284,4279,4283,4282,4283.5,4278.5,4282.0,4281.5
2025-10-06 03:45:00,25200,4289,4280,4281,4288,4290,4281,4282,4290,4289.5,4280.5,4281.5,4289.0
2025-10-06 03:50:00,20000,4296,4288,4288,4293,4297,4289,4290,4294,4296.5,4288.5,4289.0,4293.5
2025-10-06 03:55:00,15100,4294,4284,4293,4286,4295,4286,4294,4287,4294.5,4285.0,4293.5,4286.5
2025-10-06 04:00:00,13100,4286,4276,4286,4277,4287,4278,4287,4279,4286.5,4277.0,4286.5,4278.0
2025-10-06 04:05:00,11700,4283,4277,4277,4283,4285,4278,4279,4285,4284.0,4277.5,4278.0,4284.0
2025-10-06 04:10:00,13300,4285,4281,4283,4285,4286,4283,4285,4286,4285.5,4282.5,4284.0,4285.5
2025-10-06 04:15:00,16300,4290,4285,4285,4287,4291,4286,4286,4288,4290.5,4285.5,4285.5,4287.5
2025-10-06 04:20:00,10700,4290,4285,4287,4285,4292,4286,4288,4286,4291.0,4285.5,4287.5,4285.5
2025-10-06 04:25:00,22600,4289,4279,4285,4288,4290,4280,4286,4289,4289.5,4279.5,4285.5,4288.5
2025-10-06 04:30:00,28700,4293,4287,4288,4291,4295,4288,4289,4293,4294.0,4287.5,4288.5,4292.0
2025-10-06 04:35:00,16100,4296,4291,4291,4295,4297,4292,4293,4296,4296.5,4291.5,4292.0,4295.5
2025-10-06 04:40:00,17500,4298,4293,4295,4294,4299,4294,4296,4296,4298.5,4293.5,4295.5,4295.0
2025-10-06 04:45:00,9400,4295,4293,4294,4294,4296,4294,4296,4295,4295.5,4293.5,4295.0,4294.5
2025-10-06 04:50:00,18500,4295,4291,4294,4291,4296,4292,4295,4292,4295.5,4291.5,4294.5,4291.5
2025-10-06 04:55:00,21600,4297,4291,4291,4297,4298,4292,4292,4298,4297.5,4291.5,4291.5,4297.5
2025-10-06 05:00:00,13500,4298,4292,4297,4298,4299,4294,4298,4299,4298.5,4293.0,4297.5,4298.5
2025-10-06 05:05:00,80100,4304,4296,4298,4303,4305,4297,4299,4305,4304.5,4296.5,4298.5,4304.0
2025-10-06 05:10:00,9000,4304,4301,4303,4301,4305,4302,4305,4302,4304.5,4301.5,4304.0,4301.5
2025-10-06 05:15:00,17200,4304,4298,4301,4303,4305,4300,4302,4304,4304.5,4299.0,4301.5,4303.5
2025-10-06 05:20:00,15000,4304,4301,4303,4302,4305,4302,4304,4304,4304.5,4301.5,4303.5,4303.0
2025-10-06 05:25:00,20100,4306,4302,4302,4305,4307,4304,4304,4306,4306.5,4303.0,4303.0,4305.5
2025-10-06 05:30:00,16600,4307,4302,4305,4306,4308,4303,4306,4307,4307.5,4302.5,4305.5,4306.5
2025-10-06 05:35:00,26500,4307,4305,4306,4307,4308,4306,4307,4308,4307.5,4305.5,4306.5,4307.5
2025-10-06 05:40:00,16800,4306,4303,4306,4304,4308,4304,4308,4305,4307.0,4303.5,4307.0,4304.5
2025-10-06 05:45:00,104200,4307,4287,4304,4304,4308,4301,4305,4305,4307.5,4296.5,4304.5,4304.5
2025-10-06 05:50:00,21300,4305,4299,4304,4302,4306,4300,4305,4303,4305.5,4299.5,4304.5,4302.5
2025-10-06 05:55:00,20000,4303,4296,4302,4296,4304,4297,4303,4297,4303.5,4296.5,4302.5,4296.5
2025-10-06 06:00:00,22600,4299,4294,4296,4296,4300,4295,4297,4297,4299.5,4294.5,4296.5,4296.5
2025-10-06 06:05:00,20800,4296,4293,4296,4295,4297,4294,4297,4296,4296.5,4293.5,4296.5,4295.5
2025-10-06 06:10:00,19000,4299,4295,4295,4297,4300,4296,4296,4298,4299.5,4295.5,4295.5,4297.5
2025-10-06 06:15:00,46900,4297,4284,4297,4285,4298,4285,4298,4286,4297.5,4284.5,4297.5,4285.5
2025-10-06 06:20:00,69700,4285,4274,4285,4275,4286,4276,4286,4277,4285.5,4275.0,4285.5,4276.0
2025-10-06 06:25:00,,4274,3814,4242,4272,4275,3815,4243,4273,4274.5,3814.5,4242.5,4272.5
2025-10-06 06:30:00,869100,4271,4271,4271,4271,4276,4276,4276,4276,4273.5,4273.5,4273.5,4273.5
2025-10-07 00:00:00,151000,4313,4280,4299,4289,4314,4283,4300,4291,4313.5,4282.0,4299.5,4290.0
2025-10-07 00:05:00,26900,4302,4283,4289,4284,4304,4284,4291,4285,4303.0,4283.5,4290.0,4284.5
2025-10-07 00:10:00,17200,4299,4284,4284,4295,4300,4285,4285,4297,4299.5,4284.5,4284.5,4296.0
2025-10-07 00:15:00,20500,4298,4289,4295,4290,4299,4291,4297,4292,4298.5,4290.0,4296.0,4291.0
2025-10-07 00:20:00,20900,4296,4286,4290,4292,4297,4288,4292,4293,4296.5,4287.0,4291.0,4292.5
2025-10-07 00:25:00,19800,4302,4287,4292,4297,4304,4289,4293,4298,4303.0,4288.0,4292.5,4297.5
2025-10-07 00:30:00,12800,4297,4285,4297,4285,4299,4286,4298,4287,4298.0,4285.5,4297.5,4286.0
2025-10-07 00:35:00,13400,4296,4285,4285,4295,4298,4286,4287,4297,4297.0,4285.5,4286.0,4296.0
2025-10-07 00:40:00,31400,4301,4295,4295,4300,4302,4296,4297,4302,4301.5,4295.5,4296.0,4301.0
2025-10-07 00:45:00,17600,4308,4299,4300,4303,4309,4300,4302,4304,4308.5,4299.5,4301.0,4303.5
2025-10-07 00:50:00,30400,4314,4303,4303,4311,4315,4304,4304,4313,4314.5,4303.5,4303.5,4312.0
2025-10-07 00:55:00,48200,4321,4310,4311,4320,4322,4311,4313,4322,4321.5,4310.5,4312.0,4321.0
2025-10-07 01:00:00,18200,4323,4318,4320,4320,4324,4320,4322,4321,4323.5,4319.0,4321.0,4320.5
2025-10-07 01:05:00,22100,4326,4320,4320,4323,4327,4321,4321,4324,4326.5,4320.5,4320.5,4323.5
2025-10-07 01:10:00,18400,4329,4323,4323,4328,4330,4324,4324,4329,4329.5,4323.5,4323.5,4328.5
2025-10-07 01:15:00,45800,4337,4327,4328,4336,4338,4328,4329,4337,4337.5,4327.5,4328.5,4336.5
2025-10-07 01:20:00,12600,4339,4330,4336,4331,4340,4332,4337,4333,4339.5,4331.0,4336.5,4332.0
2025-10-07 01:25:00,16600,4336,4328,4331,4335,4337,4330,4333,4336,4336.5,4329.0,4332.0,4335.5
2025-10-07 01:30:00,11400,4336,4330,4335,4331,4337,4331,4336,4332,4336.5,4330.5,4335.5,4331.5
2025-10-07 01:35:00,11100,4337,4329,4331,4337,4338,4330,4332,4338,4337.5,4329.5,4331.5,4337.5
2025-10-07 01:40:00,14900,4339,4332,4337,4333,4340,4334,4338,4334,4339.5,4333.0,4337.5,4333.5
2025-10-07 01:45:00,8000,4334,4328,4333,4328,4335,4329,4334,4330,4334.5,4328.5,4333.5,4329.0
2025-10-07 01:50:00,10700,4329,4322,4328,4322,4330,4323,4330,4323,4329.5,4322.5,4329.0,4322.5
2025-10-07 01:55:00,10100,4325,4318,4322,4325,4326,4320,4323,4326,4325.5,4319.0,4322.5,4325.5
2025-10-07 02:00:00,8900,4325,4318,4325,4319,4326,4319,4326,4321,4325.5,4318.5,4325.5,4320.0
2025-10-07 02:05:00,10000,4324,4319,4319,4324,4325,4320,4321,4325,4324.5,4319.5,4320.0,4324.5
2025-10-07 02:10:00,8600,4324,4320,4324,4322,4325,4321,4325,4323,4324.5,4320.5,4324.5,4322.5
2025-10-07 02:15:00,12400,4324,4320,4322,4320,4325,4322,4323,4322,4324.5,4321.0,4322.5,4321.0
2025-10-07 02:20:00,9200,4321,4318,4320,4319,4322,4319,4322,4320,4321.5,4318.5,4321.0,4319.5
2025-10-07 02:25:00,20000,4320,4316,4319,4320,4322,4318,4320,4321,4321.0,4317.0,4319.5,4320.5
2025-10-07 02:30:00,3200,4318,4318,4318,4318,4321,4321,4321,4321,4319.5,4319.5,4319.5,4319.5
2025-10-07 03:30:00,47300,4325,4315,4316,4319,4326,4317,4317,4321,4325.5,4316.5,4316.5,4320.0
2025-10-07 03:35:00,11600,4321,4317,4319,4319,4322,4318,4321,4320,4321.5,4317.5,4320.0,4319.5
2025-10-07 03:40:00,19100,4326,4318,4319,4326,4327,4320,4320,4327,4326.5,4319.0,4319.5,4326.5
2025-10-07 03:45:00,13000,4327,4324,4325,4325,4329,4325,4327,4327,4328.0,4324.5,4326.0,4326.0
2025-10-07 03:50:00,11800,4329,4323,4325,4323,4330,4325,4327,4325,4329.5,4324.0,4326.0,4324.0
2025-10-07 03:55:00,10100,4326,4321,4323,4323,4327,4322,4325,4324,4326.5,4321.5,4324.0,4323.5
2025-10-07 04:00:00,11100,4324,4320,4323,4323,4325,4321,4324,4324,4324.5,4320.5,4323.5,4323.5
2025-10-07 04:05:00,11800,4325,4320,4323,4321,4326,4322,4324,4322,4325.5,4321.0,4323.5,4321.5
2025-10-07 04:10:00,14200,4325,4319,4321,4324,4326,4320,4322,4326,4325.5,4319.5,4321.5,4325.0
2025-10-07 04:15:00,8100,4327,4323,4324,4324,4328,4324,4326,4325,4327.5,4323.5,4325.0,4324.5
2025-10-07 04:20:00,10600,4329,4324,4324,4328,4330,4325,4325,4329,4329.5,4324.5,4324.5,4328.5
2025-10-07 04:25:00,11400,4329,4326,4328,4329,4330,4327,4329,4330,4329.5,4326.5,4328.5,4329.5
2025-10-07 04:30:00,20900,4330,4322,4329,4322,4331,4323,4330,4323,4330.5,4322.5,4329.5,4322.5
2025-10-07 04:35:00,13000,4327,4321,4322,4327,4328,4322,4323,4328,4327.5,4321.5,4322.5,4327.5
2025-10-07 04:40:00,10100,4329,4327,4327,4327,4330,4328,4328,4329,4329.5,4327.5,4327.5,4328.0
2025-10-07 04:45:00,17900,4336,4327,4327,4335,4337,4328,4329,4337,4336.5,4327.5,4328.0,4336.0
2025-10-07 04:50:00,9800,4336,4332,4335,4333,4337,4333,4337,4334,4336.5,4332.5,4336.0,4333.5
2025-10-07 04:55:00,9600,4333,4330,4333,4331,4334,4331,4334,4333,4333.5,4330.5,4333.5,4332.0
2025-10-07 05:00:00,12700,4331,4327,4331,4329,4333,4328,4333,4330,4332.0,4327.5,4332.0,4329.5
2025-10-07 05:05:00,13100,4329,4322,4329,4323,4330,4323,4330,4324,4329.5,4322.5,4329.5,4323.5
2025-10-07 05:10:00,14200,4324,4320,4323,4323,4325,4322,4324,4324,4324.5,4321.0,4323.5,4323.5
2025-10-07 05:15:00,7800,4326,4323,4323,4326,4327,4324,4324,4327,4326.5,4323.5,4323.5,4326.5
2025-10-07 05:20:00,12400,4328,4324,4326,4324,4329,4325,4327,4326,4328.5,4324.5,4326.5,4325.0
2025-10-07 05:25:00,10500,4329,4324,4324,4329,4330,4325,4326,4330,4329.5,4324.5,4325.0,4329.5
2025-10-07 05:30:00,15200,4330,4325,4329,4328,4331,4327,4330,4329,4330.5,4326.0,4329.5,4328.5
2025-10-07 05:35:00,10000,4329,4326,4328,4328,4330,4327,4329,4329,4329.5,4326.5,4328.5,4328.5
2025-10-07 05:40:00,15400,4328,4324,4328,4325,4329,4325,4329,4327,4328.5,4324.5,4328.5,4326.0
2025-10-07 05:45:00,13600,4329,4324,4325,4325,4330,4326,4327,4326,4329.5,4325.0,4326.0,4325.5
2025-10-07 05:50:00,14400,4328,4325,4325,4328,4329,4327,4327,4329,4328.5,4326.0,4326.0,4328.5
2025-10-07 05:55:00,21400,4329,4319,4328,4321,4330,4321,4329,4323,4329.5,4320.0,4328.5,4322.0
2025-10-07 06:00:00,16300,4324,4320,4321,4323,4325,4321,4323,4324,4324.5,4320.5,4322.0,4323.5
2025-10-07 06:05:00,25400,4326,4320,4323,4326,4327,4322,4324,4327,4326.5,4321.0,4323.5,4326.5
2025-10-07 06:10:00,39100,4337,4324,4326,4337,4338,4325,4327,4338,4337.5,4324.5,4326.5,4337.5
2025-10-07 06:15:00,37400,4339,4332,4337,4336,4340,4333,4338,4337,4339.5,4332.5,4337.5,4336.5
2025-10-07 06:20:00,52200,4338,4333,4336,4333,4339,4334,4337,4335,4338.5,4333.5,4336.5,4334.0
2025-10-07 06:25:00,,4361,4305,4306,4347,4362,4306,4307,4348,4361.5,4305.5,4306.5,4347.5
2025-10-07 06:30:00,984600,4345,4345,4345,4345,4348,4348,4348,4348,4346.5,4346.5,4346.5,4346.5
2025-10-08 00:00:00,344400,4370,4311,4323,4357,4371,4324,4324,4359,4370.5,4323.5,4323.5,4358.0
2025-10-08 00:05:00,39800,4369,4346,4357,4369,4370,4348,4359,4370,4369.5,4347.0,4358.0,4369.5
2025-10-08 00:10:00,42400,4371,4352,4369,4358,4372,4354,4370,4360,4371.5,4353.0,4369.5,4359.0
2025-10-08 00:15:00,21600,4371,4358,4358,4365,4373,4360,4360,4366,4372.0,4359.0,4359.0,4365.5
2025-10-08 00:20:00,28600,4374,4364,4365,4370,4375,4365,4366,4373,4374.5,4364.5,4365.5,4371.5
2025-10-08 00:25:00,18700,4376,4368,4370,4376,4377,4370,4372,4377,4376.5,4369.0,4371.0,4376.5
2025-10-08 00:30:00,24400,4376,4365,4376,4374,4377,4367,4377,4376,4376.5,4366.0,4376.5,4375.0
2025-10-08 00:35:00,19300,4374,4362,4374,4362,4376,4363,4376,4364,4375.0,4362.5,4375.0,4363.0
2025-10-08 00:40:00,17400,4365,4357,4362,4357,4366,4358,4364,4358,4365.5,4357.5,4363.0,4357.5
2025-10-08 00:45:00,23300,4361,4349,4357,4351,4362,4350,4358,4353,4361.5,4349.5,4357.5,4352.0
2025-10-08 00:50:00,18900,4355,4343,4351,4349,4356,4345,4353,4351,4355.5,4344.0,4352.0,4350.0
2025-10-08 00:55:00,19100,4351,4336,4349,4341,4352,4337,4351,4342,4351.5,4336.5,4350.0,4341.5
2025-10-08 01:00:00,17600,4341,4330,4341,4334,4342,4331,4342,4335,4341.5,4330.5,4341.5,4334.5
2025-10-08 01:05:00,18000,4342,4329,4334,4341,4343,4330,4335,4343,4342.5,4329.5,4334.5,4342.0
2025-10-08 01:10:00,12800,4343,4334,4341,4337,4345,4335,4343,4339,4344.0,4334.5,4342.0,4338.0
2025-10-08 01:15:00,9800,4342,4335,4337,4339,4343,4336,4339,4341,4342.5,4335.5,4338.0,4340.0
2025-10-08 01:20:00,11700,4347,4339,4339,4347,4348,4340,4341,4348,4347.5,4339.5,4340.0,4347.5
2025-10-08 01:25:00,12100,4349,4344,4347,4347,4350,4345,4348,4348,4349.5,4344.5,4347.5,4347.5
2025-10-08 01:30:00,8900,4347,4341,4347,4342,4348,4342,4348,4343,4347.5,4341.5,4347.5,4342.5
2025-10-08 01:35:00,10600,4343,4338,4342,4339,4344,4339,4343,4340,4343.5,4338.5,4342.5,4339.5
2025-10-08 01:40:00,10900,4345,4337,4339,4344,4347,4338,4340,4346,4346.0,4337.5,4339.5,4345.0
2025-10-08 01:45:00,6300,4345,4340,4344,4343,4346,4341,4346,4344,4345.5,4340.5,4345.0,4343.5
2025-10-08 01:50:00,11200,4346,4341,4343,4345,4347,4342,4344,4346,4346.5,4341.5,4343.5,4345.5
2025-10-08 01:55:00,9600,4345,4338,4345,4344,4346,4339,4346,4346,4345.5,4338.5,4345.5,4345.0
2025-10-08 02:00:00,8500,4347,4341,4344,4345,4348,4342,4346,4346,4347.5,4341.5,4345.0,4345.5
2025-10-08 02:05:00,11500,4350,4343,4345,4350,4352,4344,4346,4351,4351.0,4343.5,4345.5,4350.5
2025-10-08 02:10:00,9700,4354,4349,4350,4354,4355,4350,4351,4355,4354.5,4349.5,4350.5,4354.5
2025-10-08 02:15:00,12200,4357,4354,4354,4356,4358,4355,4355,4357,4357.5,4354.5,4354.5,4356.5
2025-10-08 02:20:00,12000,4359,4355,4356,4356,4360,4356,4357,4357,4359.5,4355.5,4356.5,4356.5
2025-10-08 02:25:00,7500,4357,4354,4356,4357,4359,4355,4357,4359,4358.0,4354.5,4356.5,4358.0
2025-10-08 02:30:00,2900,4356,4356,4356,4356,4359,4359,4359,4359,4357.5,4357.5,4357.5,4357.5
2025-10-08 03:30:00,55400,4358,4343,4352,4343,4360,4344,4353,4344,4359.0,4343.5,4352.5,4343.5
2025-10-08 03:35:00,18200,4343,4334,4343,4338,4344,4336,4344,4339,4343.5,4335.0,4343.5,4338.5
2025-10-08 03:40:00,12300,4340,4336,4338,4336,4341,4337,4339,4338,4340.5,4336.5,4338.5,4337.0
2025-10-08 03:45:00,10700,4342,4336,4336,4337,4343,4338,4338,4338,4342.5,4337.0,4337.0,4337.5
2025-10-08 03:50:00,8300,4338,4334,4337,4334,4339,4335,4338,4335,4338.5,4334.5,4337.5,4334.5
2025-10-08 03:55:00,8000,4338,4333,4334,4338,4339,4334,4335,4339,4338.5,4333.5,4334.5,4338.5
2025-10-08 04:00:00,12000,4338,4333,4338,4334,4339,4334,4339,4335,4338.5,4333.5,4338.5,4334.5
2025-10-08 04:05:00,9000,4336,4333,4334,4335,4338,4334,4335,4336,4337.0,4333.5,4334.5,4335.5
2025-10-08 04:10:00,11500,4335,4328,4335,4328,4336,4329,4336,4329,4335.5,4328.5,4335.5,4328.5
2025-10-08 04:15:00,23800,4328,4321,4328,4326,4329,4323,4329,4327,4328.5,4322.0,4328.5,4326.5
2025-10-08 04:20:00,12500,4327,4322,4326,4326,4328,4323,4327,4327,4327.5,4322.5,4326.5,4326.5
2025-10-08 04:25:00,19000,4326,4321,4326,4326,4327,4322,4327,4327,4326.5,4321.5,4326.5,4326.5
2025-10-08 04:30:00,11300,4328,4323,4326,4328,4329,4324,4327,4329,4328.5,4323.5,4326.5,4328.5
2025-10-08 04:35:00,15500,4328,4326,4328,4327,4329,4327,4329,4328,4328.5,4326.5,4328.5,4327.5
2025-10-08 04:40:00,7700,4327,4326,4327,4326,4328,4327,4328,4327,4327.5,4326.5,4327.5,4326.5
2025-10-08 04:45:00,19900,4326,4321,4326,4324,4327,4322,4327,4325,4326.5,4321.5,4326.5,4324.5
2025-10-08 04:50:00,11600,4326,4322,4324,4326,4327,4323,4325,4327,4326.5,4322.5,4324.5,4326.5
2025-10-08 04:55:00,13500,4326,4322,4326,4324,4327,4323,4327,4325,4326.5,4322.5,4326.5,4324.5
2025-10-08 05:00:00,20200,4324,4317,4324,4319,4325,4318,4325,4321,4324.5,4317.5,4324.5,4320.0
2025-10-08 05:05:00,7700,4320,4318,4319,4320,4321,4319,4321,4321,4320.5,4318.5,4320.0,4320.5
2025-10-08 05:10:00,14300,4320,4315,4320,4318,4321,4316,4321,4319,4320.5,4315.5,4320.5,4318.5
2025-10-08 05:15:00,12300,4320,4316,4318,4316,4321,4317,4319,4317,4320.5,4316.5,4318.5,4316.5
2025-10-08 05:20:00,7900,4317,4315,4316,4316,4318,4316,4317,4317,4317.5,4315.5,4316.5,4316.5
2025-10-08 05:25:00,16700,4320,4316,4316,4319,4321,4317,4317,4320,4320.5,4316.5,4316.5,4319.5
2025-10-08 05:30:00,16300,4323,4318,4319,4320,4324,4319,4320,4321,4323.5,4318.5,4319.5,4320.5
2025-10-08 05:35:00,11600,4324,4319,4320,4324,4325,4320,4321,4325,4324.5,4319.5,4320.5,4324.5
2025-10-08 05:40:00,11300,4327,4323,4324,4324,4328,4324,4325,4325,4327.5,4323.5,4324.5,4324.5
2025-10-08 05:45:00,10600,4324,4321,4324,4322,4325,4322,4325,4323,4324.5,4321.5,4324.5,4322.5
2025-10-08 05:50:00,15200,4322,4319,4322,4321,4323,4320,4323,4322,4322.5,4319.5,4322.5,4321.5
2025-10-08 05:55:00,16400,4321,4317,4321,4317,4322,4318,4322,4319,4321.5,4317.5,4321.5,4318.0
2025-10-08 06:00:00,18100,4318,4308,4317,4309,4319,4309,4319,4310,4318.5,4308.5,4318.0,4309.5
2025-10-08 06:05:00,35900,4317,4308,4309,4316,4319,4309,4310,4317,4318.0,4308.5,4309.5,4316.5
2025-10-08 06:10:00,31600,4316,4313,4316,4314,4317,4314,4317,4315,4316.5,4313.5,4316.5,4314.5
2025-10-08 06:15:00,33100,4317,4313,4314,4315,4319,4314,4315,4317,4318.0,4313.5,4314.5,4316.0
2025-10-08 06:20:00,69900,4320,4309,4315,4318,4321,4310,4317,4321,4320.5,4309.5,4316.0,4319.5
2025-10-08 06:25:00,,4449,4327,4374,4327,4450,4328,4375,4328,4449.5,4327.5,4374.5,4327.5
2025-10-08 06:30:00,1221100,4315,4315,4315,4315,4329,4329,4329,4329,4322.0,4322.0,4322.0,4322.0
2025-10-09 00:00:00,164900,4349,4318,4349,4337,4350,4322,4350,4340,4349.5,4320.0,4349.5,4338.5
2025-10-09 00:05:00,23900,4344,4331,4337,4332,4345,4332,4340,4334,4344.5,4331.5,4338.5,4333.0
2025-10-09 00:10:00,27500,4338,4318,4332,4323,4339,4319,4334,4325,4338.5,4318.5,4333.0,4324.0
2025-10-09 00:15:00,20200,4327,4313,4323,4313,4329,4314,4325,4315,4327.5,4313.5,4324.0,4314.0
2025-10-09 00:20:00,22800,4314,4306,4313,4309,4316,4308,4315,4310,4315.0,4307.0,4314.0,4309.5
2025-10-09 00:25:00,20200,4324,4309,4309,4318,4325,4310,4310,4320,4324.5,4309.5,4309.5,4319.0
2025-10-09 00:30:00,17000,4320,4312,4318,4318,4322,4314,4320,4319,4321.0,4313.5,4319.0,4318.5
2025-10-09 00:35:00,19500,4324,4313,4318,4320,4325,4314,4319,4321,4324.5,4313.5,4318.5,4320.5
2025-10-09 00:40:00,26700,4319,4313,4319,4315,4321,4314,4321,4316,4320.0,4313.5,4320.0,4315.5
2025-10-09 00:45:00,15200,4317,4301,4315,4303,4318,4303,4316,4305,4317.5,4302.0,4315.5,4304.0
2025-10-09 00:50:00,26700,4305,4297,4303,4302,4306,4298,4305,4304,4305.5,4297.5,4304.0,4303.0
2025-10-09 00:55:00,14300,4314,4302,4302,4311,4315,4304,4304,4312,4314.5,4303.0,4303.0,4311.5
2025-10-09 01:00:00,13800,4320,4311,4311,4316,4322,4312,4312,4317,4321.0,4311.5,4311.5,4316.5
2025-10-09 01:05:00,10400,4323,4316,4316,4320,4324,4317,4317,4321,4323.5,4316.5,4316.5,4320.5
2025-10-09 01:10:00,12200,4328,4316,4320,4328,4330,4317,4321,4329,4329.0,4316.5,4320.5,4328.5
2025-10-09 01:15:00,8800,4328,4321,4328,4328,4330,4322,4329,4329,4329.0,4321.5,4328.5,4328.5
2025-10-09 01:20:00,12000,4329,4319,4328,4321,4330,4321,4329,4323,4329.5,4320.0,4328.5,4322.0
2025-10-09 01:25:00,5200,4325,4320,4321,4323,4326,4322,4323,4325,4325.5,4321.0,4322.0,4324.0
2025-10-09 01:30:00,26300,4332,4323,4323,4326,4333,4325,4325,4328,4332.5,4324.0,4324.0,4327.0
2025-10-09 01:35:00,14100,4331,4323,4326,4328,4333,4324,4328,4330,4332.0,4323.5,4327.0,4329.0
2025-10-09 01:40:00,8600,4329,4322,4328,4328,4330,4323,4330,4330,4329.5,4322.5,4329.0,4329.0
2025-10-09 01:45:00,12300,4336,4328,4328,4336,4338,4330,4330,4337,4337.0,4329.0,4329.0,4336.5
2025-10-09 01:50:00,6800,4336,4331,4336,4334,4337,4333,4337,4335,4336.5,4332.0,4336.5,4334.5
2025-10-09 01:55:00,18200,4339,4333,4334,4334,4340,4334,4335,4335,4339.5,4333.5,4334.5,4334.5
2025-10-09 02:00:00,8600,4336,4324,4334,4324,4337,4325,4335,4325,4336.5,4324.5,4334.5,4324.5
2025-10-09 02:05:00,13700,4325,4309,4324,4310,4326,4310,4325,4312,4325.5,4309.5,4324.5,4311.0
2025-10-09 02:10:00,7500,4314,4308,4310,4310,4315,4309,4312,4311,4314.5,4308.5,4311.0,4310.5
2025-10-09 02:15:00,4500,4310,4305,4310,4305,4312,4307,4311,4307,4311.0,4306.0,4310.5,4306.0
2025-10-09 02:20:00,11700,4309,4304,4306,4306,4311,4306,4307,4307,4310.0,4305.0,4306.5,4306.5
2025-10-09 02:25:00,9600,4307,4303,4306,4303,4308,4305,4307,4305,4307.5,4304.0,4306.5,4304.0
2025-10-09 02:30:00,1600,4303,4303,4303,4303,4305,4305,4305,4305,4304.0,4304.0,4304.0,4304.0
2025-10-09 03:30:00,38700,4310,4300,4300,4305,4312,4301,4301,4306,4311.0,4300.5,4300.5,4305.5
2025-10-09 03:35:00,12500,4308,4300,4305,4301,4309,4302,4306,4302,4308.5,4301.0,4305.5,4301.5
2025-10-09 03:40:00,12000,4308,4301,4301,4308,4309,4302,4302,4309,4308.5,4301.5,4301.5,4308.5
2025-10-09 03:45:00,5200,4310,4304,4308,4304,4312,4305,4309,4305,4311.0,4304.5,4308.5,4304.5
2025-10-09 03:50:00,6400,4305,4302,4304,4304,4306,4303,4305,4305,4305.5,4302.5,4304.5,4304.5
2025-10-09 03:55:00,5800,4306,4302,4304,4302,4307,4304,4305,4304,4306.5,4303.0,4304.5,4303.0
2025-10-09 04:00:00,5900,4306,4302,4302,4305,4307,4303,4304,4306,4306.5,4302.5,4303.0,4305.5
2025-10-09 04:05:00,7800,4311,4305,4305,4311,4312,4306,4306,4312,4311.5,4305.5,4305.5,4311.5
2025-10-09 04:10:00,10400,4316,4311,4311,4311,4319,4312,4312,4313,4317.5,4311.5,4311.5,4312.0
2025-10-09 04:15:00,5000,4318,4311,4311,4316,4319,4313,4313,4317,4318.5,4312.0,4312.0,4316.5
2025-10-09 04:20:00,5800,4319,4315,4316,4318,4320,4317,4317,4319,4319.5,4316.0,4316.5,4318.5
2025-10-09 04:25:00,10100,4329,4317,4318,4329,4330,4318,4319,4330,4329.5,4317.5,4318.5,4329.5
2025-10-09 04:30:00,13400,4329,4320,4329,4324,4330,4321,4330,4325,4329.5,4320.5,4329.5,4324.5
2025-10-09 04:35:00,8700,4325,4320,4324,4324,4326,4321,4325,4325,4325.5,4320.5,4324.5,4324.5
2025-10-09 04:40:00,1400,4326,4324,4324,4326,4328,4325,4325,4327,4327.0,4324.5,4324.5,4326.5
2025-10-09 04:45:00,7000,4327,4324,4326,4324,4328,4325,4327,4325,4327.5,4324.5,4326.5,4324.5
2025-10-09 04:50:00,12100,4328,4324,4324,4328,4329,4325,4325,4329,4328.5,4324.5,4324.5,4328.5
2025-10-09 04:55:00,8500,4330,4327,4328,4329,4331,4328,4329,4330,4330.5,4327.5,4328.5,4329.5
2025-10-09 05:00:00,7400,4336,4329,4329,4336,4337,4330,4330,4337,4336.5,4329.5,4329.5,4336.5
2025-10-09 05:05:00,6800,4337,4335,4336,4335,4338,4336,4337,4336,4337.5,4335.5,4336.5,4335.5
2025-10-09 05:10:00,11600,4337,4335,4335,4336,4338,4336,4336,4337,4337.5,4335.5,4335.5,4336.5
2025-10-09 05:15:00,21500,4340,4336,4336,4336,4342,4337,4337,4338,4341.0,4336.5,4336.5,4337.0
2025-10-09 05:20:00,3900,4338,4336,4336,4336,4340,4337,4338,4337,4339.0,4336.5,4337.0,4336.5
2025-10-09 05:25:00,7000,4336,4333,4336,4335,4337,4334,4337,4336,4336.5,4333.5,4336.5,4335.5
2025-10-09 05:30:00,4600,4337,4334,4335,4337,4338,4335,4336,4338,4337.5,4334.5,4335.5,4337.5
2025-10-09 05:35:00,11600,4338,4335,4337,4337,4339,4337,4338,4338,4338.5,4336.0,4337.5,4337.5
2025-10-09 05:40:00,7500,4337,4334,4337,4335,4338,4335,4338,4336,4337.5,4334.5,4337.5,4335.5
2025-10-09 05:45:00,17000,4339,4335,4335,4339,4341,4336,4336,4340,4340.0,4335.5,4335.5,4339.5
2025-10-09 05:50:00,13300,4339,4337,4339,4337,4340,4338,4340,4339,4339.5,4337.5,4339.5,4338.0
2025-10-09 05:55:00,17000,4338,4331,4337,4331,4339,4333,4339,4333,4338.5,4332.0,4338.0,4332.0
2025-10-09 06:00:00,12800,4334,4331,4331,4334,4336,4333,4333,4335,4335.0,4332.0,4332.0,4334.5
2025-10-09 06:05:00,12900,4340,4334,4334,4339,4341,4335,4335,4340,4340.5,4334.5,4334.5,4339.5
2025-10-09 06:10:00,19400,4345,4339,4339,4344,4346,4340,4340,4345,4345.5,4339.5,4339.5,4344.5
2025-10-09 06:15:00,26500,4344,4336,4344,4341,4345,4338,4345,4342,4344.5,4337.0,4344.5,4341.5
2025-10-09 06:20:00,52600,4349,4339,4341,4348,4350,4340,4342,4350,4349.5,4339.5,4341.5,4349.0
2025-10-09 06:25:00,,4362,4300,4328,4350,4363,4301,4329,4351,4362.5,4300.5,4328.5,4350.5
2025-10-09 06:30:00,881800,4344,4344,4344,4344,4351,4351,4351,4351,4347.5,4347.5,4347.5,4347.5
2025-10-10 00:00:00,399100,4306,4273,4297,4299,4310,4274,4298,4300,4306.5,4273.5,4297.5,4299.5
2025-10-10 00:05:00,52200,4306,4285,4299,4298,4308,4286,4300,4300,4307.0,4285.5,4299.5,4299.0
2025-10-10 00:10:00,28800,4300,4283,4298,4284,4302,4285,4300,4285,4301.0,4284.0,4299.0,4284.5
2025-10-10 00:15:00,30200,4286,4275,4284,4282,4287,4276,4285,4283,4286.5,4275.5,4284.5,4282.5
2025-10-10 00:20:00,17300,4286,4278,4282,4282,4288,4280,4283,4284,4287.0,4279.0,4282.5,4283.0
2025-10-10 00:25:00,26400,4283,4270,4282,4274,4284,4272,4284,4275,4283.5,4271.0,4283.0,4274.5
2025-10-10 00:30:00,24800,4279,4274,4274,4274,4280,4275,4275,4275,4279.5,4274.5,4274.5,4274.5
2025-10-10 00:35:00,28800,4276,4263,4274,4267,4277,4264,4275,4269,4276.5,4263.5,4274.5,4268.0
2025-10-10 00:40:00,21700,4278,4266,4268,4275,4279,4267,4269,4277,4278.5,4266.5,4268.5,4276.0
2025-10-10 00:45:00,14000,4281,4273,4275,4275,4282,4274,4277,4276,4281.5,4273.5,4276.0,4275.5
2025-10-10 00:50:00,18900,4281,4272,4275,4278,4282,4273,4276,4279,4281.5,4272.5,4275.5,4278.5
2025-10-10 00:55:00,16300,4285,4277,4278,4278,4287,4279,4279,4280,4286.0,4278.5,4278.5,4279.0
2025-10-10 01:00:00,22600,4289,4272,4278,4287,4290,4273,4280,4288,4289.5,4272.5,4279.0,4287.5
2025-10-10 01:05:00,12800,4289,4281,4287,4286,4290,4283,4288,4287,4289.5,4282.5,4287.5,4286.5
2025-10-10 01:10:00,13600,4289,4281,4286,4282,4290,4283,4287,4284,4289.5,4282.0,4286.5,4283.0
2025-10-10 01:15:00,12500,4286,4282,4282,4283,4287,4283,4284,4284,4286.5,4282.5,4283.0,4283.5
2025-10-10 01:20:00,22800,4286,4280,4283,4283,4288,4281,4284,4285,4287.0,4280.5,4283.5,4284.0
2025-10-10 01:25:00,12300,4286,4281,4283,4282,4287,4282,4284,4283,4286.5,4281.5,4283.5,4282.5
2025-10-10 01:30:00,10400,4285,4279,4282,4279,4286,4281,4283,4281,4285.5,4280.0,4282.5,4280.0
2025-10-10 01:35:00,23600,4285,4271,4279,4274,4287,4272,4281,4275,4285.5,4271.5,4280.0,4274.5
2025-10-10 01:40:00,16900,4276,4267,4274,4267,4277,4268,4275,4268,4276.5,4267.5,4274.5,4267.5
2025-10-10 01:45:00,29200,4270,4265,4267,4268,4271,4266,4268,4269,4270.5,4265.5,4267.5,4268.5
2025-10-10 01:50:00,10000,4273,4268,4268,4273,4274,4269,4269,4274,4273.5,4268.5,4268.5,4273.5
2025-10-10 01:55:00,15100,4273,4265,4273,4267,4274,4266,4274,4268,4273.5,4265.5,4273.5,4267.5
2025-10-10 02:00:00,13600,4267,4262,4267,4266,4268,4263,4268,4267,4267.5,4262.5,4267.5,4266.5
2025-10-10 02:05:00,16400,4272,4263,4266,4270,4274,4264,4267,4272,4273.0,4263.5,4266.5,4271.0
2025-10-10 02:10:00,13400,4273,4267,4270,4272,4275,4269,4272,4273,4274.0,4268.0,4271.0,4272.5
2025-10-10 02:15:00,13500,4275,4269,4272,4269,4276,4270,4273,4270,4275.5,4269.5,4272.5,4269.5
2025-10-10 02:20:00,8700,4274,4268,4269,4270,4275,4269,4270,4271,4274.5,4268.5,4269.5,4270.5
2025-10-10 02:25:00,12800,4270,4263,4270,4263,4271,4264,4271,4265,4270.5,4263.5,4270.5,4264.0
2025-10-10 02:30:00,4100,4262,4262,4262,4262,4265,4265,4265,4265,4263.5,4263.5,4263.5,4263.5
2025-10-10 03:30:00,79700,4284,4260,4260,4277,4285,4261,4261,4279,4284.5,4260.5,4260.5,4278.0
2025-10-10 03:35:00,30100,4285,4276,4277,4276,4286,4277,4279,4277,4285.5,4276.5,4278.0,4276.5
2025-10-10 03:40:00,17100,4277,4272,4275,4276,4278,4273,4277,4277,4277.5,4272.5,4276.0,4276.5
2025-10-10 03:45:00,32300,4278,4270,4276,4270,4280,4271,4277,4272,4279.0,4270.5,4276.5,4271.0
2025-10-10 03:50:00,13400,4273,4266,4270,4269,4275,4267,4272,4270,4274.0,4266.5,4271.0,4269.5
2025-10-10 03:55:00,29100,4276,4269,4269,4274,4277,4270,4270,4275,4276.5,4269.5,4269.5,4274.5
2025-10-10 04:00:00,20400,4278,4269,4274,4278,4279,4270,4275,4279,4278.5,4269.5,4274.5,4278.5
2025-10-10 04:05:00,10500,4280,4276,4278,4278,4281,4277,4279,4279,4280.5,4276.5,4278.5,4278.5
2025-10-10 04:10:00,10400,4282,4277,4278,4278,4283,4278,4279,4279,4282.5,4277.5,4278.5,4278.5
2025-10-10 04:15:00,11800,4279,4276,4278,4278,4280,4277,4279,4279,4279.5,4276.5,4278.5,4278.5
2025-10-10 04:20:00,17600,4281,4278,4278,4281,4282,4279,4279,4282,4281.5,4278.5,4278.5,4281.5
2025-10-10 04:25:00,11700,4281,4278,4281,4279,4282,4279,4282,4281,4281.5,4278.5,4281.5,4280.0
2025-10-10 04:30:00,9700,4281,4278,4279,4278,4282,4279,4281,4279,4281.5,4278.5,4280.0,4278.5
2025-10-10 04:35:00,7800,4280,4276,4278,4278,4281,4277,4279,4279,4280.5,4276.5,4278.5,4278.5
2025-10-10 04:40:00,7100,4281,4277,4278,4278,4282,4278,4279,4279,4281.5,4277.5,4278.5,4278.5
2025-10-10 04:45:00,11300,4281,4276,4278,4279,4282,4278,4279,4280,4281.5,4277.0,4278.5,4279.5
2025-10-10 04:50:00,11800,4280,4278,4279,4279,4281,4279,4280,4280,4280.5,4278.5,4279.5,4279.5
2025-10-10 04:55:00,10300,4279,4273,4279,4273,4280,4274,4280,4275,4279.5,4273.5,4279.5,4274.0
2025-10-10 05:00:00,19000,4278,4273,4273,4277,4279,4274,4275,4278,4278.5,4273.5,4274.0,4277.5
2025-10-10 05:05:00,12600,4282,4277,4277,4279,4283,4278,4278,4280,4282.5,4277.5,4277.5,4279.5
2025-10-10 05:10:00,10300,4281,4278,4279,4279,4282,4279,4280,4280,4281.5,4278.5,4279.5,4279.5
2025-10-10 05:15:00,8800,4282,4278,4279,4279,4283,4280,4280,4280,4282.5,4279.0,4279.5,4279.5
2025-10-10 05:20:00,5700,4280,4278,4279,4278,4281,4279,4280,4279,4280.5,4278.5,4279.5,4278.5
2025-10-10 05:25:00,25800,4282,4278,4278,4282,4284,4279,4279,4284,4283.0,4278.5,4278.5,4283.0
2025-10-10 05:30:00,14000,4287,4282,4282,4285,4288,4284,4284,4286,4287.5,4283.0,4283.0,4285.5
2025-10-10 05:35:00,11300,4285,4283,4285,4284,4286,4284,4286,4285,4285.5,4283.5,4285.5,4284.5
2025-10-10 05:40:00,13000,4285,4281,4284,4282,4286,4282,4285,4283,4285.5,4281.5,4284.5,4282.5
2025-10-10 05:45:00,9400,4285,4281,4282,4284,4286,4282,4283,4285,4285.5,4281.5,4282.5,4284.5
2025-10-10 05:50:00,14500,4287,4283,4284,4285,4288,4284,4285,4286,4287.5,4283.5,4284.5,4285.5
2025-10-10 05:55:00,21700,4285,4277,4285,4278,4286,4278,4286,4279,4285.5,4277.5,4285.5,4278.5
2025-10-10 06:00:00,16300,4280,4275,4278,4275,4281,4276,4279,4276,4280.5,4275.5,4278.5,4275.5
2025-10-10 06:05:00,18300,4276,4270,4275,4272,4277,4271,4276,4273,4276.5,4270.5,4275.5,4272.5
2025-10-10 06:10:00,34800,4273,4264,4272,4264,4274,4265,4273,4265,4273.5,4264.5,4272.5,4264.5
2025-10-10 06:15:00,39000,4269,4260,4264,4268,4270,4261,4265,4270,4269.5,4260.5,4264.5,4269.0
2025-10-10 06:20:00,50400,4273,4262,4268,4262,4274,4264,4270,4264,4273.5,4263.0,4269.0,4263.0
2025-10-10 06:25:00,,4272,4132,4221,4272,4273,4133,4222,4273,4272.5,4132.5,4221.5,4272.5
2025-10-10 06:30:00,1158400,4271,4271,4271,4271,4273,4273,4273,4273,4272.0,4272.0,4272.0,4272.0
2025-10-14 00:00:00,232700,4231,4193,4231,4199,4232,4198,4232,4200,4231.5,4197.5,4231.5,4199.5
2025-10-14 00:05:00,48700,4224,4197,4199,4223,4225,4199,4200,4225,4224.5,4198.0,4199.5,4224.0
2025-10-14 00:10:00,40300,4251,4220,4223,4240,4253,4221,4225,4242,4252.0,4220.5,4224.0,4241.0
2025-10-14 00:15:00,26900,4263,4240,4240,4259,4264,4242,4242,4261,4263.5,4241.0,4241.0,4260.0
2025-10-14 00:20:00,20400,4269,4259,4259,4269,4270,4260,4261,4270,4269.5,4259.5,4260.0,4269.5
2025-10-14 00:25:00,25300,4272,4266,4269,4268,4274,4267,4270,4270,4273.0,4266.5,4269.5,4269.0
2025-10-14 00:30:00,26400,4276,4262,4268,4262,4278,4263,4270,4263,4277.0,4262.5,4269.0,4262.5
2025-10-14 00:35:00,15300,4263,4252,4262,4255,4265,4253,4263,4257,4264.0,4252.5,4262.5,4256.0
2025-10-14 00:40:00,12700,4258,4250,4255,4256,4260,4251,4257,4257,4259.0,4250.5,4256.0,4256.5
2025-10-14 00:45:00,16000,4257,4244,4256,4247,4259,4246,4257,4249,4258.0,4245.0,4256.5,4248.0
2025-10-14 00:50:00,10300,4257,4246,4247,4255,4259,4247,4249,4256,4258.0,4246.5,4248.0,4255.5
2025-10-14 00:55:00,10200,4262,4252,4255,4259,4264,4253,4256,4261,4263.0,4252.5,4255.5,4260.0
2025-10-14 01:00:00,12400,4263,4253,4259,4259,4265,4255,4261,4261,4264.0,4254.0,4260.0,4260.0
2025-10-14 01:05:00,11700,4275,4259,4259,4275,4277,4260,4261,4277,4276.0,4259.5,4260.0,4276.0
2025-10-14 01:10:00,18900,4280,4273,4275,4280,4282,4275,4277,4281,4281.0,4274.0,4276.0,4280.5
2025-10-14 01:15:00,9500,4280,4269,4279,4270,4282,4270,4281,4271,4281.0,4269.5,4280.0,4270.5
2025-10-14 01:20:00,9700,4278,4270,4270,4275,4280,4271,4271,4276,4279.0,4270.5,4270.5,4275.5
2025-10-14 01:25:00,14000,4276,4268,4275,4269,4278,4269,4276,4271,4277.0,4268.5,4275.5,4270.0
2025-10-14 01:30:00,7200,4273,4268,4269,4269,4274,4269,4271,4270,4273.5,4268.5,4270.0,4269.5
2025-10-14 01:35:00,10700,4274,4263,4269,4268,4276,4264,4270,4270,4275.0,4263.5,4269.5,4269.0
2025-10-14 01:40:00,9000,4269,4260,4268,4266,4271,4262,4270,4268,4270.0,4261.0,4269.0,4267.0
2025-10-14 01:45:00,12000,4266,4258,4266,4261,4268,4259,4268,4263,4267.0,4258.5,4267.0,4262.0
2025-10-14 01:50:00,7800,4262,4255,4261,4258,4264,4257,4263,4260,4263.0,4256.0,4262.0,4259.0
2025-10-14 01:55:00,11200,4258,4249,4258,4252,4260,4251,4260,4254,4259.0,4250.0,4259.0,4253.0
2025-10-14 02:00:00,9100,4255,4248,4252,4253,4257,4249,4254,4255,4256.0,4248.5,4253.0,4254.0
2025-10-14 02:05:00,10200,4253,4246,4253,4251,4256,4248,4255,4253,4254.5,4247.0,4254.0,4252.0
2025-10-14 02:10:00,8100,4252,4248,4251,4248,4254,4249,4253,4249,4253.0,4248.5,4252.0,4248.5
2025-10-14 02:15:00,7100,4248,4243,4248,4247,4249,4244,4249,4248,4248.5,4243.5,4248.5,4247.5
2025-10-14 02:20:00,9300,4249,4244,4247,4246,4250,4245,4248,4247,4249.5,4244.5,4247.5,4246.5
2025-10-14 02:25:00,11500,4247,4238,4246,4238,4248,4239,4247,4241,4247.5,4238.5,4246.5,4239.5
2025-10-14 02:30:00,1300,,,,,,,,,,,,
2025-10-14 03:30:00,44200,4238,4225,4230,4226,4240,4227,4230,4228,4239.0,4226.0,4230.0,4227.0
2025-10-14 03:35:00,11700,4228,4221,4226,4222,4230,4222,4228,4224,4229.0,4221.5,4227.0,4223.0
2025-10-14 03:40:00,23800,4224,4217,4222,4221,4226,4219,4224,4223,4225.0,4218.0,4223.0,4222.0
2025-10-14 03:45:00,30100,4224,4217,4221,4221,4225,4220,4223,4222,4224.5,4218.5,4222.0,4221.5
2025-10-14 03:50:00,10300,4224,4219,4221,4220,4226,4220,4222,4222,4225.0,4219.5,4221.5,4221.0
2025-10-14 03:55:00,7600,4223,4220,4220,4222,4224,4221,4222,4224,4223.5,4220.5,4221.0,4223.0
2025-10-14 04:00:00,14100,4226,4220,4222,4222,4227,4221,4224,4223,4226.5,4220.5,4223.0,4222.5
2025-10-14 04:05:00,9600,4228,4220,4222,4226,4230,4221,4223,4227,4229.0,4220.5,4222.5,4226.5
2025-10-14 04:10:00,8700,4228,4223,4226,4226,4231,4224,4227,4227,4229.5,4223.5,4226.5,4226.5
2025-10-14 04:15:00,19500,4226,4211,4226,4214,4227,4213,4227,4216,4226.5,4212.0,4226.5,4215.0
2025-10-14 04:20:00,15400,4219,4207,4214,4219,4220,4208,4216,4220,4219.5,4207.5,4215.0,4219.5
2025-10-14 04:25:00,8200,4221,4213,4219,4219,4223,4215,4220,4220,4222.0,4214.0,4219.5,4219.5
2025-10-14 04:30:00,16200,4220,4209,4219,4217,4221,4210,4220,4219,4220.5,4209.5,4219.5,4218.0
2025-10-14 04:35:00,13700,4224,4213,4217,4217,4225,4214,4219,4219,4224.5,4213.5,4218.0,4218.0
2025-10-14 04:40:00,9700,4225,4214,4217,4225,4226,4215,4219,4226,4225.5,4214.5,4218.0,4225.5
2025-10-14 04:45:00,9100,4226,4220,4225,4222,4227,4221,4226,4223,4226.5,4220.5,4225.5,4222.5
2025-10-14 04:50:00,13100,4222,4217,4222,4219,4223,4218,4223,4220,4222.5,4217.5,4222.5,4219.5
2025-10-14 04:55:00,12800,4226,4219,4219,4224,4227,4220,4220,4226,4226.5,4219.5,4219.5,4225.0
2025-10-14 05:00:00,13200,4227,4220,4224,4222,4228,4221,4226,4223,4227.5,4220.5,4225.0,4222.5
2025-10-14 05:05:00,26800,4234,4222,4222,4232,4235,4223,4223,4233,4234.5,4222.5,4222.5,4232.5
2025-10-14 05:10:00,14700,4236,4230,4232,4230,4238,4231,4233,4231,4237.0,4230.5,4232.5,4230.5
2025-10-14 05:15:00,10000,4235,4228,4230,4235,4237,4229,4231,4236,4236.0,4228.5,4230.5,4235.5
2025-10-14 05:20:00,11100,4236,4232,4234,4234,4238,4233,4236,4235,4237.0,4232.5,4235.0,4234.5
2025-10-14 05:25:00,9900,4237,4231,4234,4235,4238,4232,4235,4236,4237.5,4231.5,4234.5,4235.5
2025-10-14 05:30:00,12600,4238,4232,4235,4232,4240,4233,4236,4233,4238.5,4232.5,4235.5,4232.5
2025-10-14 05:35:00,13200,4233,4222,4232,4224,4235,4223,4233,4225,4234.0,4222.5,4232.5,4224.5
2025-10-14 05:40:00,16200,4224,4218,4223,4219,4226,4220,4225,4220,4225.0,4219.0,4224.0,4219.5
2025-10-14 05:45:00,10300,4222,4215,4219,4220,4223,4216,4220,4222,4222.5,4215.5,4219.5,4221.0
2025-10-14 05:50:00,13800,4227,4216,4220,4223,4228,4217,4222,4224,4227.5,4216.5,4221.0,4223.5
2025-10-14 05:55:00,18700,4226,4219,4223,4223,4227,4220,4224,4225,4226.5,4219.5,4223.5,4224.0
2025-10-14 06:00:00,13600,4236,4223,4223,4234,4238,4224,4225,4235,4237.0,4223.5,4224.0,4234.5
2025-10-14 06:05:00,15300,4236,4230,4234,4230,4237,4231,4235,4232,4236.5,4230.5,4234.5,4231.0
2025-10-14 06:10:00,15900,4239,4231,4231,4237,4240,4232,4232,4239,4239.5,4231.5,4231.5,4238.0
2025-10-14 06:15:00,19400,4242,4236,4237,4242,4244,4237,4239,4243,4243.0,4236.5,4238.0,4242.5
2025-10-14 06:20:00,57400,4251,4240,4242,4251,4256,4243,4243,4255,4253.5,4241.5,4242.5,4253.0
2025-10-14 06:25:00,,4399,4241,4375,4265,4400,4242,4376,4266,4399.5,4241.5,4375.5,4265.5
2025-10-14 06:30:00,1046800,4255,4255,4255,4255,4267,4267,4267,4267,4261.0,4261.0,4261.0,4261.0
2025-10-15 00:00:00,197400,4298,4250,4250,4282,4299,4251,4251,4284,4298.5,4250.5,4250.5,4283.0
2025-10-15 00:05:00,38600,4293,4274,4282,4290,4294,4277,4284,4293,4293.5,4275.5,4283.0,4291.5
2025-10-15 00:10:00,29800,4293,4275,4290,4277,4294,4277,4293,4278,4293.5,4276.0,4291.5,4277.5
2025-10-15 00:15:00,22800,4289,4275,4277,4289,4290,4277,4278,4290,4289.5,4276.0,4277.5,4289.5
2025-10-15 00:20:00,17700,4289,4280,4289,4283,4290,4281,4290,4284,4289.5,4280.5,4289.5,4283.5
2025-10-15 00:25:00,15600,4293,4282,4283,4292,4295,4284,4284,4294,4294.0,4283.0,4283.5,4293.0
2025-10-15 00:30:00,20200,4295,4289,4292,4293,4297,4290,4294,4294,4296.0,4289.5,4293.0,4293.5
2025-10-15 00:35:00,15000,4295,4287,4293,4290,4297,4289,4294,4291,4296.0,4288.0,4293.5,4290.5
2025-10-15 00:40:00,10000,4295,4289,4290,4294,4297,4290,4291,4296,4296.0,4289.5,4290.5,4295.0
2025-10-15 00:45:00,51000,4301,4294,4294,4297,4303,4296,4296,4299,4302.0,4295.0,4295.0,4298.0
2025-10-15 00:50:00,17300,4306,4295,4297,4304,4307,4297,4299,4306,4306.5,4296.5,4298.0,4305.0
2025-10-15 00:55:00,10500,4304,4298,4304,4300,4306,4299,4306,4301,4305.0,4298.5,4305.0,4300.5
2025-10-15 01:00:00,13900,4300,4294,4300,4297,4301,4296,4301,4298,4300.5,4295.0,4300.5,4297.5
2025-10-15 01:05:00,9800,4300,4296,4297,4296,4302,4297,4298,4297,4301.0,4296.5,4297.5,4296.5
2025-10-15 01:10:00,13200,4301,4294,4296,4295,4303,4295,4297,4296,4302.0,4294.5,4296.5,4295.5
2025-10-15 01:15:00,8800,4300,4294,4295,4298,4301,4295,4296,4299,4300.5,4294.5,4295.5,4298.5
2025-10-15 01:20:00,17300,4305,4298,4298,4302,4307,4299,4299,4303,4306.0,4298.5,4298.5,4302.5
2025-10-15 01:25:00,9700,4304,4298,4302,4303,4305,4300,4303,4304,4304.5,4299.0,4302.5,4303.5
2025-10-15 01:30:00,16900,4310,4301,4303,4306,4311,4303,4304,4308,4310.5,4302.0,4303.5,4307.0
2025-10-15 01:35:00,10500,4310,4305,4306,4308,4311,4306,4308,4309,4310.5,4305.5,4307.0,4308.5
2025-10-15 01:40:00,8800,4312,4307,4308,4312,4313,4309,4309,4313,4312.5,4308.0,4308.5,4312.5
2025-10-15 01:45:00,7000,4312,4308,4312,4308,4313,4309,4313,4309,4312.5,4308.5,4312.5,4308.5
2025-10-15 01:50:00,9600,4309,4304,4308,4307,4310,4305,4309,4308,4309.5,4304.5,4308.5,4307.5
2025-10-15 01:55:00,6600,4309,4302,4307,4302,4310,4303,4308,4303,4309.5,4302.5,4307.5,4302.5
2025-10-15 02:00:00,9800,4305,4300,4302,4301,4306,4301,4303,4302,4305.5,4300.5,4302.5,4301.5
2025-10-15 02:05:00,8700,4302,4293,4301,4294,4303,4295,4302,4295,4302.5,4294.0,4301.5,4294.5
2025-10-15 02:10:00,8600,4299,4294,4294,4295,4300,4295,4295,4296,4299.5,4294.5,4294.5,4295.5
2025-10-15 02:15:00,10500,4297,4293,4295,4294,4298,4294,4296,4295,4297.5,4293.5,4295.5,4294.5
2025-10-15 02:20:00,9800,4299,4292,4294,4298,4300,4294,4295,4300,4299.5,4293.0,4294.5,4299.0
2025-10-15 02:25:00,7900,4299,4296,4298,4296,4300,4297,4300,4297,4299.5,4296.5,4299.0,4296.5
2025-10-15 02:30:00,2300,4296,4296,4296,4296,4298,4298,4298,4298,4297.0,4297.0,4297.0,4297.0
2025-10-15 03:30:00,46300,4300,4286,4297,4287,4302,4287,4298,4288,4300.5,4286.5,4297.5,4287.5
2025-10-15 03:35:00,12400,4292,4287,4287,4289,4293,4288,4288,4290,4292.5,4287.5,4287.5,4289.5
2025-10-15 03:40:00,10300,4291,4283,4289,4283,4292,4284,4290,4284,4291.5,4283.5,4289.5,4283.5
2025-10-15 03:45:00,13400,4285,4276,4283,4279,4286,4277,4284,4280,4285.5,4276.5,4283.5,4279.5
2025-10-15 03:50:00,13400,4280,4275,4279,4275,4281,4276,4280,4276,4280.5,4275.5,4279.5,4275.5
2025-10-15 03:55:00,8300,4280,4273,4275,4274,4281,4274,4276,4275,4280.5,4273.5,4275.5,4274.5
2025-10-15 04:00:00,12200,4277,4273,4274,4275,4279,4274,4275,4276,4278.0,4273.5,4274.5,4275.5
2025-10-15 04:05:00,6900,4277,4273,4275,4275,4278,4275,4276,4276,4277.5,4274.0,4275.5,4275.5
2025-10-15 04:10:00,18100,4279,4273,4275,4274,4280,4274,4276,4276,4279.5,4273.5,4275.5,4275.0
2025-10-15 04:15:00,5100,4276,4270,4274,4275,4277,4272,4276,4276,4276.5,4271.0,4275.0,4275.5
2025-10-15 04:20:00,6600,4276,4273,4275,4273,4277,4274,4276,4274,4276.5,4273.5,4275.5,4273.5
2025-10-15 04:25:00,10400,4276,4272,4273,4274,4277,4273,4274,4275,4276.5,4272.5,4273.5,4274.5
2025-10-15 04:30:00,9500,4276,4272,4274,4273,4277,4273,4275,4274,4276.5,4272.5,4274.5,4273.5
2025-10-15 04:35:00,16000,4282,4273,4273,4279,4283,4274,4274,4280,4282.5,4273.5,4273.5,4279.5
2025-10-15 04:40:00,7500,4279,4275,4279,4276,4281,4277,4280,4278,4280.0,4276.0,4279.5,4277.0
2025-10-15 04:45:00,7500,4279,4275,4277,4277,4280,4277,4278,4278,4279.5,4276.0,4277.5,4277.5
2025-10-15 04:50:00,9300,4279,4275,4277,4277,4280,4276,4278,4278,4279.5,4275.5,4277.5,4277.5
2025-10-15 04:55:00,9200,4278,4274,4277,4275,4280,4275,4278,4276,4279.0,4274.5,4277.5,4275.5
2025-10-15 05:00:00,18300,4280,4270,4275,4274,4281,4272,4276,4275,4280.5,4271.0,4275.5,4274.5
2025-10-15 05:05:00,8400,4276,4272,4274,4273,4277,4273,4275,4274,4276.5,4272.5,4274.5,4273.5
2025-10-15 05:10:00,12200,4276,4273,4273,4275,4277,4274,4274,4276,4276.5,4273.5,4273.5,4275.5
2025-10-15 05:15:00,9400,4277,4275,4275,4275,4279,4276,4276,4276,4278.0,4275.5,4275.5,4275.5
2025-10-15 05:20:00,7200,4279,4275,4275,4277,4280,4276,4276,4279,4279.5,4275.5,4275.5,4278.0
2025-10-15 05:25:00,14100,4277,4270,4277,4272,4279,4271,4279,4274,4278.0,4270.5,4278.0,4273.0
2025-10-15 05:30:00,25800,4278,4272,4272,4276,4280,4273,4274,4277,4279.0,4272.5,4273.0,4276.5
2025-10-15 05:35:00,14100,4281,4275,4276,4280,4283,4276,4277,4281,4282.0,4275.5,4276.5,4280.5
2025-10-15 05:40:00,15400,4282,4279,4280,4281,4283,4280,4281,4282,4282.5,4279.5,4280.5,4281.5
2025-10-15 05:45:00,16800,4282,4277,4281,4280,4283,4279,4282,4281,4282.5,4278.0,4281.5,4280.5
2025-10-15 05:50:00,18600,4283,4278,4280,4281,4284,4279,4281,4282,4283.5,4278.5,4280.5,4281.5
2025-10-15 05:55:00,15100,4281,4278,4281,4279,4282,4279,4282,4280,4281.5,4278.5,4281.5,4279.5
2025-10-15 06:00:00,14200,4281,4275,4279,4276,4282,4276,4280,4277,4281.5,4275.5,4279.5,4276.5
2025-10-15 06:05:00,20200,4278,4274,4276,4276,4279,4275,4277,4277,4278.5,4274.5,4276.5,4276.5
2025-10-15 06:10:00,17900,4282,4276,4276,4282,4283,4277,4277,4283,4282.5,4276.5,4276.5,4282.5
2025-10-15 06:15:00,29400,4289,4281,4282,4289,4291,4282,4283,4290,4290.0,4281.5,4282.5,4289.5
2025-10-15 06:20:00,43600,4290,4285,4289,4290,4291,4287,4290,4291,4290.5,4286.0,4289.5,4290.5
2025-10-15 06:25:00,,4399,4282,4304,4288,4400,4283,4305,4289,4399.5,4282.5,4304.5,4288.5
2025-10-15 06:30:00,988800,4287,4287,4287,4287,4289,4289,4289,4289,4288.0,4288.0,4288.0,4288.0
2025-10-16 00:00:00,144000,4315,4278,4292,4307,4317,4283,4293,4308,4316.0,4280.5,4292.5,4307.5
2025-10-16 00:05:00,30600,4318,4302,4307,4306,4320,4304,4308,4308,4318.5,4303.0,4307.5,4307.0
2025-10-16 00:10:00,28900,4312,4296,4306,4299,4313,4298,4308,4300,4312.5,4297.0,4307.0,4299.5
2025-10-16 00:15:00,14200,4313,4299,4299,4313,4314,4300,4300,4314,4313.5,4299.5,4299.5,4313.5
2025-10-16 00:20:00,15800,4314,4309,4313,4312,4316,4311,4314,4314,4315.0,4310.0,4313.5,4313.0
2025-10-16 00:25:00,26100,4323,4312,4312,4317,4324,4313,4314,4318,4323.5,4312.5,4313.0,4317.5
2025-10-16 00:30:00,13600,4316,4305,4316,4308,4318,4307,4318,4309,4317.0,4306.0,4317.0,4308.5
2025-10-16 00:35:00,16200,4314,4302,4308,4303,4315,4304,4309,4304,4314.5,4303.0,4308.5,4303.5
2025-10-16 00:40:00,16300,4310,4300,4303,4306,4311,4301,4304,4308,4310.5,4300.5,4303.5,4307.0
2025-10-16 00:45:00,15400,4313,4303,4306,4310,4315,4305,4308,4312,4314.0,4304.0,4307.0,4311.0
2025-10-16 00:50:00,9600,4311,4307,4310,4307,4313,4308,4312,4309,4312.0,4307.5,4311.0,4308.0
2025-10-16 00:55:00,18800,4309,4302,4307,4303,4310,4303,4309,4304,4309.5,4302.5,4308.0,4303.5
2025-10-16 01:00:00,12500,4309,4300,4303,4309,4310,4301,4304,4310,4309.5,4300.5,4303.5,4309.5
2025-10-16 01:05:00,12300,4309,4303,4309,4305,4310,4305,4310,4306,4309.5,4304.0,4309.5,4305.5
2025-10-16 01:10:00,10400,4305,4300,4305,4300,4306,4301,4306,4301,4305.5,4300.5,4305.5,4300.5
2025-10-16 01:15:00,10900,4307,4300,4300,4304,4308,4301,4301,4305,4307.5,4300.5,4300.5,4304.5
2025-10-16 01:20:00,15400,4305,4296,4304,4300,4306,4298,4305,4301,4305.5,4297.0,4304.5,4300.5
2025-10-16 01:25:00,10300,4302,4297,4300,4301,4303,4299,4301,4303,4302.5,4298.0,4300.5,4302.0
2025-10-16 01:30:00,7200,4304,4301,4301,4301,4305,4302,4303,4303,4304.5,4301.5,4302.0,4302.0
2025-10-16 01:35:00,10600,4302,4294,4301,4295,4303,4296,4303,4297,4302.5,4295.0,4302.0,4296.0
2025-10-16 01:40:00,8300,4298,4290,4295,4291,4299,4291,4297,4292,4298.5,4290.5,4296.0,4291.5
2025-10-16 01:45:00,7900,4293,4290,4291,4292,4294,4291,4292,4293,4293.5,4290.5,4291.5,4292.5
2025-10-16 01:50:00,11200,4294,4291,4292,4293,4296,4292,4293,4294,4295.0,4291.5,4292.5,4293.5
2025-10-16 01:55:00,5800,4297,4293,4293,4296,4299,4294,4294,4297,4298.0,4293.5,4293.5,4296.5
2025-10-16 02:00:00,11000,4300,4294,4296,4297,4302,4295,4297,4298,4301.0,4294.5,4296.5,4297.5
2025-10-16 02:05:00,6400,4299,4295,4297,4298,4300,4297,4298,4299,4299.5,4296.0,4297.5,4298.5
2025-10-16 02:10:00,7800,4299,4296,4298,4297,4300,4297,4299,4299,4299.5,4296.5,4298.5,4298.0
2025-10-16 02:15:00,4400,4301,4297,4297,4300,4302,4298,4299,4301,4301.5,4297.5,4298.0,4300.5
2025-10-16 02:20:00,8500,4302,4299,4300,4301,4303,4300,4301,4302,4302.5,4299.5,4300.5,4301.5
2025-10-16 02:25:00,6200,4301,4299,4301,4300,4302,4300,4302,4302,4301.5,4299.5,4301.5,4301.0
2025-10-16 02:30:00,2300,4298,4298,4298,4298,4302,4302,4302,4302,4300.0,4300.0,4300.0,4300.0
2025-10-16 03:30:00,36500,4299,4291,4298,4294,4302,4293,4299,4295,4300.5,4292.0,4298.5,4294.5
2025-10-16 03:35:00,13100,4295,4286,4294,4286,4296,4287,4295,4288,4295.5,4286.5,4294.5,4287.0
2025-10-16 03:40:00,10500,4286,4283,4286,4284,4288,4284,4288,4286,4287.0,4283.5,4287.0,4285.0
2025-10-16 03:45:00,14600,4287,4282,4284,4285,4288,4283,4286,4287,4287.5,4282.5,4285.0,4286.0
2025-10-16 03:50:00,11500,4291,4285,4285,4291,4292,4286,4287,4292,4291.5,4285.5,4286.0,4291.5
2025-10-16 03:55:00,9200,4297,4291,4291,4295,4298,4292,4292,4296,4297.5,4291.5,4291.5,4295.5
2025-10-16 04:00:00,6300,4297,4294,4295,4296,4298,4295,4296,4297,4297.5,4294.5,4295.5,4296.5
2025-10-16 04:05:00,7700,4296,4295,4296,4296,4297,4296,4297,4297,4296.5,4295.5,4296.5,4296.5
2025-10-16 04:10:00,8400,4299,4294,4296,4294,4300,4295,4297,4295,4299.5,4294.5,4296.5,4294.5
2025-10-16 04:15:00,6900,4296,4292,4294,4296,4297,4293,4295,4297,4296.5,4292.5,4294.5,4296.5
2025-10-16 04:20:00,10000,4298,4293,4296,4298,4299,4294,4297,4299,4298.5,4293.5,4296.5,4298.5
2025-10-16 04:25:00,8400,4298,4295,4298,4295,4299,4296,4299,4297,4298.5,4295.5,4298.5,4296.0
2025-10-16 04:30:00,10400,4299,4295,4295,4299,4300,4296,4297,4300,4299.5,4295.5,4296.0,4299.5
2025-10-16 04:35:00,15500,4301,4298,4299,4300,4302,4299,4300,4301,4301.5,4298.5,4299.5,4300.5
2025-10-16 04:40:00,7600,4301,4297,4300,4301,4302,4298,4301,4302,4301.5,4297.5,4300.5,4301.5
2025-10-16 04:45:00,11100,4302,4298,4301,4302,4303,4299,4302,4303,4302.5,4298.5,4301.5,4302.5
2025-10-16 04:50:00,12500,4304,4300,4302,4303,4305,4302,4303,4304,4304.5,4301.0,4302.5,4303.5
2025-10-16 04:55:00,31600,4313,4303,4303,4308,4314,4304,4304,4309,4313.5,4303.5,4303.5,4308.5
2025-10-16 05:00:00,6700,4311,4307,4307,4311,4313,4309,4309,4312,4312.0,4308.0,4308.0,4311.5
2025-10-16 05:05:00,8900,4314,4311,4311,4313,4315,4312,4312,4314,4314.5,4311.5,4311.5,4313.5
2025-10-16 05:10:00,7400,4314,4312,4313,4312,4315,4313,4314,4314,4314.5,4312.5,4313.5,4313.0
2025-10-16 05:15:00,10300,4314,4311,4312,4311,4315,4312,4314,4312,4314.5,4311.5,4313.0,4311.5
2025-10-16 05:20:00,6600,4311,4309,4311,4309,4312,4310,4312,4310,4311.5,4309.5,4311.5,4309.5
2025-10-16 05:25:00,10300,4311,4307,4309,4307,4312,4308,4310,4308,4311.5,4307.5,4309.5,4307.5
2025-10-16 05:30:00,10600,4312,4305,4307,4311,4313,4306,4308,4312,4312.5,4305.5,4307.5,4311.5
2025-10-16 05:35:00,6900,4312,4308,4311,4308,4313,4309,4312,4309,4312.5,4308.5,4311.5,4308.5
2025-10-16 05:40:00,6700,4311,4308,4308,4310,4312,4309,4309,4311,4311.5,4308.5,4308.5,4310.5
2025-10-16 05:45:00,9000,4313,4309,4310,4313,4314,4310,4311,4314,4313.5,4309.5,4310.5,4313.5
2025-10-16 05:50:00,14200,4313,4309,4313,4310,4314,4310,4314,4311,4313.5,4309.5,4313.5,4310.5
2025-10-16 05:55:00,12700,4312,4308,4310,4308,4313,4309,4311,4309,4312.5,4308.5,4310.5,4308.5
2025-10-16 06:00:00,15500,4308,4301,4308,4301,4309,4302,4309,4302,4308.5,4301.5,4308.5,4301.5
2025-10-16 06:05:00,18800,4303,4295,4301,4296,4304,4296,4302,4297,4303.5,4295.5,4301.5,4296.5
2025-10-16 06:10:00,8400,4301,4296,4296,4301,4302,4297,4297,4302,4301.5,4296.5,4296.5,4301.5
2025-10-16 06:15:00,48400,4312,4300,4301,4307,4313,4301,4302,4308,4312.5,4300.5,4301.5,4307.5
2025-10-16 06:20:00,59700,4310,4303,4307,4305,4311,4304,4308,4306,4310.5,4303.5,4307.5,4305.5
2025-10-16 06:25:00,,4323,4218,4300,4298,4324,4219,4301,4299,4323.5,4218.5,4300.5,4298.5
2025-10-16 06:30:00,793300,4297,4297,4297,4297,4305,4305,4305,4305,4301.0,4301.0,4301.0,4301.0
2025-10-17 00:00:00,226400,4304,4262,4279,4285,4305,4272,4279,4288,4304.5,4271.0,4279.0,4286.5
2025-10-17 00:05:00,44200,4289,4277,4285,4279,4291,4278,4288,4280,4290.0,4277.5,4286.5,4279.5
2025-10-17 00:10:00,37600,4291,4275,4279,4284,4292,4277,4280,4286,4291.5,4276.0,4279.5,4285.0
2025-10-17 00:15:00,39900,4293,4284,4284,4288,4295,4285,4286,4289,4294.0,4284.5,4285.0,4288.5
2025-10-17 00:20:00,28600,4294,4284,4288,4290,4295,4285,4289,4291,4294.5,4284.5,4288.5,4290.5
2025-10-17 00:25:00,27700,4296,4289,4290,4292,4297,4290,4291,4294,4296.5,4289.5,4290.5,4293.0
2025-10-17 00:30:00,22600,4294,4286,4292,4294,4295,4287,4294,4295,4294.5,4286.5,4293.0,4294.5
2025-10-17 00:35:00,15300,4294,4286,4294,4286,4295,4287,4295,4287,4294.5,4286.5,4294.5,4286.5
2025-10-17 00:40:00,22500,4291,4281,4286,4291,4292,4282,4287,4292,4291.5,4281.5,4286.5,4291.5
2025-10-17 00:45:00,15400,4293,4283,4291,4285,4295,4284,4292,4286,4294.0,4283.5,4291.5,4285.5
2025-10-17 00:50:00,17300,4286,4279,4285,4282,4287,4280,4286,4283,4286.5,4279.5,4285.5,4282.5
2025-10-17 00:55:00,46900,4283,4272,4282,4277,4284,4273,4283,4278,4283.5,4272.5,4282.5,4277.5
2025-10-17 01:00:00,16600,4285,4277,4277,4280,4287,4278,4278,4281,4286.0,4277.5,4277.5,4280.5
2025-10-17 01:05:00,10500,4283,4277,4280,4280,4284,4278,4281,4281,4283.5,4277.5,4280.5,4280.5
2025-10-17 01:10:00,12600,4281,4274,4280,4279,4282,4275,4281,4280,4281.5,4274.5,4280.5,4279.5
2025-10-17 01:15:00,9000,4279,4276,4279,4279,4280,4277,4280,4280,4279.5,4276.5,4279.5,4279.5
2025-10-17 01:20:00,18300,4287,4278,4279,4282,4288,4279,4280,4283,4287.5,4278.5,4279.5,4282.5
2025-10-17 01:25:00,11300,4282,4277,4282,4278,4283,4278,4283,4279,4282.5,4277.5,4282.5,4278.5
2025-10-17 01:30:00,13200,4278,4271,4278,4271,4279,4272,4279,4272,4278.5,4271.5,4278.5,4271.5
2025-10-17 01:35:00,19600,4272,4264,4271,4267,4273,4265,4272,4268,4272.5,4264.5,4271.5,4267.5
2025-10-17 01:40:00,17000,4272,4265,4267,4271,4273,4266,4268,4272,4272.5,4265.5,4267.5,4271.5
2025-10-17 01:45:00,8500,4272,4269,4271,4269,4273,4270,4272,4270,4272.5,4269.5,4271.5,4269.5
2025-10-17 01:50:00,35900,4270,4257,4269,4259,4271,4258,4270,4260,4270.5,4257.5,4269.5,4259.5
2025-10-17 01:55:00,13600,4259,4254,4259,4255,4260,4255,4260,4256,4259.5,4254.5,4259.5,4255.5
2025-10-17 02:00:00,11500,4259,4255,4255,4256,4260,4256,4256,4257,4259.5,4255.5,4255.5,4256.5
2025-10-17 02:05:00,17500,4257,4248,4256,4248,4258,4249,4257,4249,4257.5,4248.5,4256.5,4248.5
2025-10-17 02:10:00,26200,4248,4236,4248,4244,4249,4238,4249,4245,4248.5,4237.0,4248.5,4244.5
2025-10-17 02:15:00,22500,4246,4241,4244,4243,4247,4242,4245,4244,4246.5,4241.5,4244.5,4243.5
2025-10-17 02:20:00,37600,4257,4242,4243,4252,4258,4243,4244,4254,4257.5,4242.5,4243.5,4253.0
2025-10-17 02:25:00,8600,4253,4244,4252,4244,4254,4246,4254,4247,4253.5,4245.5,4253.0,4245.5
2025-10-17 02:30:00,3300,4244,4244,4244,4244,4247,4247,4247,4247,4245.5,4245.5,4245.5,4245.5
2025-10-17 03:30:00,70100,4243,4230,4232,4237,4248,4233,4233,4239,4243.5,4232.5,4232.5,4238.0
2025-10-17 03:35:00,35600,4237,4227,4237,4230,4239,4228,4239,4231,4238.0,4227.5,4238.0,4230.5
2025-10-17 03:40:00,30700,4231,4221,4230,4223,4232,4222,4231,4224,4231.5,4221.5,4230.5,4223.5
2025-10-17 03:45:00,44400,4229,4222,4223,4228,4230,4223,4224,4229,4229.5,4222.5,4223.5,4228.5
2025-10-17 03:50:00,49000,4230,4218,4228,4225,4232,4220,4229,4226,4231.0,4219.0,4228.5,4225.5
2025-10-17 03:55:00,10400,4230,4224,4225,4228,4231,4226,4226,4229,4230.5,4225.0,4225.5,4228.5
2025-10-17 04:00:00,8500,4232,4228,4228,4231,4233,4229,4229,4232,4232.5,4228.5,4228.5,4231.5
2025-10-17 04:05:00,22200,4236,4228,4231,4228,4237,4229,4232,4229,4236.5,4228.5,4231.5,4228.5
2025-10-17 04:10:00,8300,4229,4226,4228,4227,4230,4228,4229,4228,4229.5,4227.0,4228.5,4227.5
2025-10-17 04:15:00,15400,4227,4220,4227,4221,4228,4221,4228,4222,4227.5,4220.5,4227.5,4221.5
2025-10-17 04:20:00,14800,4222,4216,4221,4217,4223,4217,4222,4218,4222.5,4216.5,4221.5,4217.5
2025-10-17 04:25:00,11500,4218,4213,4217,4214,4219,4214,4218,4215,4218.5,4213.5,4217.5,4214.5
2025-10-17 04:30:00,12500,4214,4209,4214,4214,4215,4210,4215,4215,4214.5,4209.5,4214.5,4214.5
2025-10-17 04:35:00,11800,4219,4214,4214,4218,4221,4215,4215,4219,4220.0,4214.5,4214.5,4218.5
2025-10-17 04:40:00,9700,4218,4216,4218,4217,4219,4217,4219,4218,4218.5,4216.5,4218.5,4217.5
2025-10-17 04:45:00,6700,4217,4213,4217,4213,4218,4214,4218,4215,4217.5,4213.5,4217.5,4214.0
2025-10-17 04:50:00,10300,4214,4211,4213,4211,4215,4212,4215,4212,4214.5,4211.5,4214.0,4211.5
2025-10-17 04:55:00,13700,4214,4208,4211,4213,4215,4209,4212,4214,4214.5,4208.5,4211.5,4213.5
2025-10-17 05:00:00,11900,4214,4212,4213,4212,4215,4213,4214,4213,4214.5,4212.5,4213.5,4212.5
2025-10-17 05:05:00,10800,4215,4212,4212,4215,4216,4213,4213,4216,4215.5,4212.5,4212.5,4215.5
2025-10-17 05:10:00,9100,4217,4214,4215,4214,4218,4215,4216,4215,4217.5,4214.5,4215.5,4214.5
2025-10-17 05:15:00,14100,4215,4212,4214,4212,4217,4213,4215,4213,4216.0,4212.5,4214.5,4212.5
2025-10-17 05:20:00,13400,4220,4212,4212,4219,4221,4213,4213,4220,4220.5,4212.5,4212.5,4219.5
2025-10-17 05:25:00,21300,4225,4218,4219,4224,4227,4219,4220,4226,4226.0,4218.5,4219.5,4225.0
2025-10-17 05:30:00,12800,4226,4223,4224,4226,4227,4224,4226,4227,4226.5,4223.5,4225.0,4226.5
2025-10-17 05:35:00,11600,4227,4222,4226,4222,4228,4223,4227,4223,4227.5,4222.5,4226.5,4222.5
2025-10-17 05:40:00,16800,4226,4221,4222,4224,4228,4222,4223,4225,4227.0,4221.5,4222.5,4224.5
2025-10-17 05:45:00,8700,4225,4223,4224,4224,4226,4224,4225,4225,4225.5,4223.5,4224.5,4224.5
2025-10-17 05:50:00,22900,4225,4222,4224,4224,4227,4223,4225,4225,4226.0,4222.5,4224.5,4224.5
2025-10-17 05:55:00,16600,4226,4219,4224,4219,4227,4220,4225,4220,4226.5,4219.5,4224.5,4219.5
2025-10-17 06:00:00,26500,4226,4219,4219,4226,4227,4220,4220,4227,4226.5,4219.5,4219.5,4226.5
2025-10-17 06:05:00,18500,4228,4226,4226,4227,4230,4227,4227,4229,4229.0,4226.5,4226.5,4228.0
2025-10-17 06:10:00,27600,4228,4223,4227,4224,4229,4224,4228,4225,4228.5,4223.5,4227.5,4224.5
2025-10-17 06:15:00,35400,4224,4217,4224,4218,4225,4218,4225,4219,4224.5,4217.5,4224.5,4218.5
2025-10-17 06:20:00,60000,4219,4212,4218,4213,4220,4214,4219,4214,4219.5,4213.5,4218.5,4213.5
2025-10-17 06:25:00,,4222,3712,4171,4222,4223,3713,4172,4223,4222.5,3712.5,4171.5,4222.5
2025-10-17 06:30:00,1049500,4217,4217,4217,4217,4223,4223,4223,4223,4220.0,4220.0,4220.0,4220.0
2025-10-20 00:00:00,186000,4279,4255,4268,4259,4281,4257,4269,4261,4280.0,4256.0,4268.5,4260.0
2025-10-20 00:05:00,27200,4259,4248,4259,4255,4261,4250,4261,4256,4260.0,4249.0,4260.0,4255.5
2025-10-20 00:10:00,22300,4261,4252,4255,4261,4263,4254,4256,4263,4262.0,4253.0,4255.5,4262.0
2025-10-20 00:15:00,26600,4266,4257,4261,4261,4267,4259,4263,4263,4266.5,4258.0,4262.0,4262.0
2025-10-20 00:20:00,20200,4268,4258,4261,4268,4269,4259,4263,4269,4268.5,4258.5,4262.0,4268.5
2025-10-20 00:25:00,12900,4273,4265,4268,4273,4275,4266,4269,4275,4274.0,4265.5,4268.5,4274.0
2025-10-20 00:30:00,26000,4280,4271,4273,4277,4281,4273,4275,4279,4280.5,4272.0,4274.0,4278.0
2025-10-20 00:35:00,32600,4286,4277,4277,4284,4287,4278,4279,4286,4286.5,4277.5,4278.0,4285.0
2025-10-20 00:40:00,25000,4287,4280,4284,4280,4288,4281,4285,4281,4287.5,4280.5,4284.5,4280.5
2025-10-20 00:45:00,17100,4286,4279,4280,4281,4287,4280,4281,4282,4286.5,4279.5,4280.5,4281.5
2025-10-20 00:50:00,20200,4285,4280,4281,4284,4286,4281,4282,4285,4285.5,4280.5,4281.5,4284.5
2025-10-20 00:55:00,13100,4287,4283,4284,4283,4288,4284,4285,4285,4287.5,4283.5,4284.5,4284.0
2025-10-20 01:00:00,14100,4283,4277,4283,4279,4285,4278,4285,4280,4284.0,4277.5,4284.0,4279.5
2025-10-20 01:05:00,18500,4279,4272,4279,4277,4280,4273,4280,4278,4279.5,4272.5,4279.5,4277.5
2025-10-20 01:10:00,11900,4277,4269,4277,4269,4278,4270,4278,4270,4277.5,4269.5,4277.5,4269.5
2025-10-20 01:15:00,9600,4270,4261,4269,4262,4271,4263,4270,4263,4270.5,4262.0,4269.5,4262.5
2025-10-20 01:20:00,18500,4265,4259,4262,4263,4267,4260,4263,4265,4266.0,4259.5,4262.5,4264.0
2025-10-20 01:25:00,10300,4266,4261,4263,4263,4267,4262,4265,4264,4266.5,4261.5,4264.0,4263.5
2025-10-20 01:30:00,12300,4263,4260,4263,4262,4264,4261,4264,4263,4263.5,4260.5,4263.5,4262.5
2025-10-20 01:35:00,10300,4262,4256,4262,4257,4264,4257,4263,4258,4263.0,4256.5,4262.5,4257.5
2025-10-20 01:40:00,10500,4259,4256,4257,4259,4260,4257,4258,4260,4259.5,4256.5,4257.5,4259.5
2025-10-20 01:45:00,15000,4262,4259,4259,4262,4264,4260,4260,4263,4263.0,4259.5,4259.5,4262.5
2025-10-20 01:50:00,11100,4262,4259,4262,4262,4264,4260,4263,4263,4263.0,4259.5,4262.5,4262.5
2025-10-20 01:55:00,10500,4264,4260,4262,4261,4265,4261,4263,4262,4264.5,4260.5,4262.5,4261.5
2025-10-20 02:00:00,10400,4261,4259,4261,4261,4263,4260,4262,4263,4262.0,4259.5,4261.5,4262.0
2025-10-20 02:05:00,8800,4266,4261,4261,4262,4267,4263,4263,4263,4266.5,4262.0,4262.0,4262.5
2025-10-20 02:10:00,7400,4263,4259,4262,4262,4264,4260,4263,4263,4263.5,4259.5,4262.5,4262.5
2025-10-20 02:15:00,20600,4270,4262,4262,4268,4271,4263,4263,4269,4270.5,4262.5,4262.5,4268.5
2025-10-20 02:20:00,7800,4268,4264,4268,4265,4269,4266,4269,4266,4268.5,4265.0,4268.5,4265.5
2025-10-20 02:25:00,15100,4266,4262,4264,4264,4267,4263,4266,4266,4266.5,4262.5,4265.0,4265.0
2025-10-20 02:30:00,2400,4263,4263,4263,4263,4266,4266,4266,4266,4264.5,4264.5,4264.5,4264.5
2025-10-20 03:30:00,44500,4271,4260,4261,4270,4272,4261,4261,4271,4271.5,4261.0,4261.0,4270.5
2025-10-20 03:35:00,12900,4273,4268,4270,4269,4274,4269,4271,4270,4273.5,4268.5,4270.5,4269.5
2025-10-20 03:40:00,8300,4270,4268,4269,4270,4272,4269,4270,4272,4271.0,4268.5,4269.5,4271.0
2025-10-20 03:45:00,15000,4272,4268,4270,4271,4273,4270,4272,4272,4272.5,4269.0,4271.0,4271.5
2025-10-20 03:50:00,11500,4271,4267,4271,4267,4272,4268,4272,4269,4271.5,4267.5,4271.5,4268.0
2025-10-20 03:55:00,13500,4269,4265,4267,4266,4270,4266,4269,4267,4269.5,4265.5,4268.0,4266.5
2025-10-20 04:00:00,7100,4267,4265,4266,4266,4268,4266,4267,4267,4267.5,4265.5,4266.5,4266.5
2025-10-20 04:05:00,13400,4269,4266,4266,4268,4270,4267,4267,4270,4269.5,4266.5,4266.5,4269.0
2025-10-20 04:10:00,9900,4271,4267,4268,4271,4272,4269,4270,4272,4271.5,4268.0,4269.0,4271.5
2025-10-20 04:15:00,7700,4271,4269,4271,4269,4272,4270,4272,4271,4271.5,4269.5,4271.5,4270.0
2025-10-20 04:20:00,8900,4270,4266,4269,4266,4271,4267,4271,4267,4270.5,4266.5,4270.0,4266.5
2025-10-20 04:25:00,28700,4269,4263,4266,4268,4270,4264,4267,4270,4269.5,4263.5,4266.5,4269.0
2025-10-20 04:30:00,8700,4269,4264,4268,4264,4270,4265,4270,4265,4269.5,4264.5,4269.0,4264.5
2025-10-20 04:35:00,9400,4264,4259,4264,4259,4265,4260,4265,4260,4264.5,4259.5,4264.5,4259.5
2025-10-20 04:40:00,17200,4259,4254,4259,4256,4260,4255,4260,4257,4259.5,4254.5,4259.5,4256.5
2025-10-20 04:45:00,12600,4256,4254,4256,4255,4257,4255,4257,4256,4256.5,4254.5,4256.5,4255.5
2025-10-20 04:50:00,10600,4259,4255,4255,4258,4260,4256,4256,4260,4259.5,4255.5,4255.5,4259.0
2025-10-20 04:55:00,4400,4262,4258,4258,4261,4263,4259,4260,4263,4262.5,4258.5,4259.0,4262.0
2025-10-20 05:00:00,12400,4261,4258,4261,4259,4263,4259,4263,4261,4262.0,4258.5,4262.0,4260.0
2025-10-20 05:05:00,7100,4260,4256,4259,4256,4262,4257,4261,4257,4261.0,4256.5,4260.0,4256.5
2025-10-20 05:10:00,9700,4257,4255,4256,4255,4258,4257,4257,4257,4257.5,4256.0,4256.5,4256.0
2025-10-20 05:15:00,10500,4258,4255,4255,4257,4259,4256,4257,4258,4258.5,4255.5,4256.0,4257.5
2025-10-20 05:20:00,16000,4261,4256,4257,4260,4263,4258,4258,4262,4262.0,4257.0,4257.5,4261.0
2025-10-20 05:25:00,12200,4260,4257,4260,4258,4262,4258,4262,4259,4261.0,4257.5,4261.0,4258.5
2025-10-20 05:30:00,8600,4259,4257,4258,4257,4260,4258,4259,4258,4259.5,4257.5,4258.5,4257.5
2025-10-20 05:35:00,38700,4261,4255,4257,4259,4263,4256,4258,4260,4262.0,4255.5,4257.5,4259.5
2025-10-20 05:40:00,17800,4261,4258,4259,4260,4262,4260,4260,4262,4261.5,4259.0,4259.5,4261.0
2025-10-20 05:45:00,18000,4265,4260,4260,4265,4266,4262,4262,4266,4265.5,4261.0,4261.0,4265.5
2025-10-20 05:50:00,11200,4265,4264,4265,4265,4266,4265,4266,4266,4265.5,4264.5,4265.5,4265.5
2025-10-20 05:55:00,15000,4265,4263,4265,4263,4266,4264,4266,4264,4265.5,4263.5,4265.5,4263.5
2025-10-20 06:00:00,23700,4263,4260,4263,4262,4264,4261,4264,4263,4263.5,4260.5,4263.5,4262.5
2025-10-20 06:05:00,14900,4262,4258,4262,4258,4263,4259,4263,4259,4262.5,4258.5,4262.5,4258.5
2025-10-20 06:10:00,25900,4262,4257,4258,4261,4264,4258,4259,4262,4263.0,4257.5,4258.5,4261.5
2025-10-20 06:15:00,32600,4262,4257,4261,4260,4263,4258,4262,4261,4262.5,4257.5,4261.5,4260.5
2025-10-20 06:20:00,43300,4266,4259,4260,4261,4267,4260,4261,4263,4266.5,4259.5,4260.5,4262.0
2025-10-20 06:25:00,,4276,4100,4275,4254,4277,4101,4276,4255,4276.5,4100.5,4275.5,4254.5
2025-10-20 06:30:00,697100,4254,4254,4254,4254,4264,4264,4264,4264,4259.0,4259.0,4259.0,4259.0
2025-10-21 00:00:00,124500,4272,4247,4247,4263,4273,4248,4248,4265,4272.5,4247.5,4247.5,4264.0
2025-10-21 00:05:00,28100,4269,4262,4263,4268,4271,4263,4265,4269,4270.0,4262.5,4264.0,4268.5
2025-10-21 00:10:00,16000,4268,4255,4268,4255,4269,4256,4269,4256,4268.5,4255.5,4268.5,4255.5
2025-10-21 00:15:00,21500,4264,4253,4255,4264,4265,4254,4256,4265,4264.5,4253.5,4255.5,4264.5
2025-10-21 00:20:00,18700,4265,4254,4264,4256,4266,4255,4265,4257,4265.5,4254.5,4264.5,4256.5
2025-10-21 00:25:00,22400,4268,4255,4256,4264,4270,4256,4257,4266,4269.0,4255.5,4256.5,4265.0
2025-10-21 00:30:00,9400,4265,4260,4264,4261,4267,4261,4266,4262,4266.0,4260.5,4265.0,4261.5
2025-10-21 00:35:00,7400,4264,4261,4261,4261,4265,4262,4262,4263,4264.5,4261.5,4261.5,4262.0
2025-10-21 00:40:00,21000,4269,4261,4262,4263,4270,4263,4263,4264,4269.5,4262.0,4262.5,4263.5
2025-10-21 00:45:00,8800,4265,4260,4263,4265,4266,4261,4264,4266,4265.5,4260.5,4263.5,4265.5
2025-10-21 00:50:00,13700,4266,4259,4265,4259,4267,4260,4266,4261,4266.5,4259.5,4265.5,4260.0
2025-10-21 00:55:00,4800,4261,4259,4259,4261,4263,4261,4261,4262,4262.0,4260.0,4260.0,4261.5
2025-10-21 01:00:00,11900,4265,4261,4261,4264,4266,4262,4262,4265,4265.5,4261.5,4261.5,4264.5
2025-10-21 01:05:00,11800,4264,4258,4264,4259,4265,4259,4265,4260,4264.5,4258.5,4264.5,4259.5
2025-10-21 01:10:00,6200,4261,4258,4259,4258,4262,4259,4260,4259,4261.5,4258.5,4259.5,4258.5
2025-10-21 01:15:00,4000,4258,4254,4258,4255,4259,4255,4259,4256,4258.5,4254.5,4258.5,4255.5
2025-10-21 01:20:00,21900,4257,4254,4255,4257,4259,4255,4256,4258,4258.0,4254.5,4255.5,4257.5
2025-10-21 01:25:00,7400,4261,4257,4257,4259,4262,4258,4258,4261,4261.5,4257.5,4257.5,4260.0
2025-10-21 01:30:00,4000,4260,4258,4259,4258,4261,4259,4261,4259,4260.5,4258.5,4260.0,4258.5
2025-10-21 01:35:00,18000,4259,4255,4258,4257,4260,4256,4259,4258,4259.5,4255.5,4258.5,4257.5
2025-10-21 01:40:00,7900,4259,4257,4257,4257,4260,4258,4258,4258,4259.5,4257.5,4257.5,4257.5
2025-10-21 01:45:00,7600,4258,4256,4257,4257,4259,4257,4258,4258,4258.5,4256.5,4257.5,4257.5
2025-10-21 01:50:00,7800,4263,4256,4257,4263,4264,4258,4258,4264,4263.5,4257.0,4257.5,4263.5
2025-10-21 01:55:00,11300,4265,4262,4263,4263,4266,4263,4264,4264,4265.5,4262.5,4263.5,4263.5
2025-10-21 02:00:00,7600,4269,4263,4263,4269,4270,4264,4264,4270,4269.5,4263.5,4263.5,4269.5
2025-10-21 02:05:00,16700,4272,4268,4269,4270,4274,4269,4270,4272,4273.0,4268.5,4269.5,4271.0
2025-10-21 02:10:00,2600,4271,4269,4270,4269,4272,4270,4272,4270,4271.5,4269.5,4271.0,4269.5
2025-10-21 02:15:00,9700,4271,4266,4269,4271,4272,4268,4270,4272,4271.5,4267.0,4269.5,4271.5
2025-10-21 02:20:00,8800,4272,4270,4271,4271,4273,4271,4272,4272,4272.5,4270.5,4271.5,4271.5
2025-10-21 02:25:00,6500,4271,4269,4271,4269,4273,4271,4272,4271,4272.0,4270.0,4271.5,4270.0
2025-10-21 02:30:00,2200,4269,4269,4269,4269,4271,4271,4271,4271,4270.0,4270.0,4270.0,4270.0
2025-10-21 03:30:00,56100,4266,4255,4255,4258,4269,4256,4256,4259,4267.0,4255.5,4255.5,4258.5
2025-10-21 03:35:00,26800,4258,4243,4258,4243,4259,4244,4259,4244,4258.5,4243.5,4258.5,4243.5
2025-10-21 03:40:00,27400,4246,4237,4243,4239,4248,4238,4244,4240,4247.0,4237.5,4243.5,4239.5
2025-10-21 03:45:00,19800,4239,4232,4239,4234,4240,4233,4240,4236,4239.5,4232.5,4239.5,4235.0
2025-10-21 03:50:00,19400,4239,4232,4234,4233,4240,4233,4236,4235,4239.5,4232.5,4235.0,4234.0
2025-10-21 03:55:00,15400,4234,4228,4233,4232,4235,4229,4235,4233,4234.5,4228.5,4234.0,4232.5
2025-10-21 04:00:00,19800,4232,4218,4232,4219,4233,4219,4233,4220,4232.5,4218.5,4232.5,4219.5
2025-10-21 04:05:00,6900,4224,4219,4219,4222,4225,4220,4220,4223,4224.5,4219.5,4219.5,4222.5
2025-10-21 04:10:00,8500,4224,4219,4222,4224,4225,4220,4223,4225,4224.5,4219.5,4222.5,4224.5
2025-10-21 04:15:00,25700,4225,4220,4224,4222,4226,4221,4225,4223,4225.5,4220.5,4224.5,4222.5
2025-10-21 04:20:00,5000,4223,4221,4222,4221,4225,4222,4223,4222,4224.0,4221.5,4222.5,4221.5
2025-10-21 04:25:00,9000,4225,4221,4221,4223,4226,4222,4222,4224,4225.5,4221.5,4221.5,4223.5
2025-10-21 04:30:00,10400,4223,4219,4223,4223,4224,4220,4224,4224,4223.5,4219.5,4223.5,4223.5
2025-10-21 04:35:00,3600,4224,4221,4223,4223,4225,4222,4224,4225,4224.5,4221.5,4223.5,4224.0
2025-10-21 04:40:00,7000,4224,4221,4223,4221,4225,4222,4225,4222,4224.5,4221.5,4224.0,4221.5
2025-10-21 04:45:00,20500,4224,4216,4221,4216,4225,4217,4222,4218,4224.5,4216.5,4221.5,4217.0
2025-10-21 04:50:00,4200,4220,4215,4216,4219,4221,4216,4218,4220,4220.5,4215.5,4217.0,4219.5
2025-10-21 04:55:00,21500,4223,4215,4219,4221,4224,4216,4220,4222,4223.5,4215.5,4219.5,4221.5
2025-10-21 05:00:00,10200,4223,4217,4221,4222,4225,4218,4222,4224,4224.0,4217.5,4221.5,4223.0
2025-10-21 05:05:00,11100,4225,4220,4222,4222,4226,4221,4223,4223,4225.5,4220.5,4222.5,4222.5
2025-10-21 05:10:00,10100,4222,4214,4222,4214,4223,4215,4223,4215,4222.5,4214.5,4222.5,4214.5
2025-10-21 05:15:00,13500,4219,4212,4214,4212,4220,4213,4215,4213,4219.5,4212.5,4214.5,4212.5
2025-10-21 05:20:00,11500,4214,4205,4212,4205,4215,4206,4213,4206,4214.5,4205.5,4212.5,4205.5
2025-10-21 05:25:00,8100,4206,4204,4205,4205,4207,4205,4206,4206,4206.5,4204.5,4205.5,4205.5
2025-10-21 05:30:00,10000,4211,4204,4205,4207,4212,4205,4206,4208,4211.5,4204.5,4205.5,4207.5
2025-10-21 05:35:00,13400,4212,4205,4207,4210,4214,4206,4208,4211,4213.0,4205.5,4207.5,4210.5
2025-10-21 05:40:00,9000,4211,4207,4210,4207,4212,4208,4211,4208,4211.5,4207.5,4210.5,4207.5
2025-10-21 05:45:00,13100,4215,4206,4207,4214,4216,4207,4209,4215,4215.5,4206.5,4208.0,4214.5
2025-10-21 05:50:00,11900,4215,4211,4214,4215,4216,4212,4215,4216,4215.5,4211.5,4214.5,4215.5
2025-10-21 05:55:00,10600,4217,4213,4215,4217,4218,4214,4216,4218,4217.5,4213.5,4215.5,4217.5
2025-10-21 06:00:00,12500,4217,4213,4217,4213,4219,4214,4218,4214,4218.0,4213.5,4217.5,4213.5
2025-10-21 06:05:00,24300,4213,4208,4213,4208,4214,4209,4214,4209,4213.5,4208.5,4213.5,4208.5
2025-10-21 06:10:00,89100,4209,4182,4208,4183,4210,4183,4209,4185,4209.5,4182.5,4208.5,4184.0
2025-10-21 06:15:00,52500,4190,4183,4183,4187,4191,4184,4185,4188,4190.5,4183.5,4184.0,4187.5
2025-10-21 06:20:00,105200,4197,4187,4187,4195,4198,4188,4188,4197,4197.5,4187.5,4187.5,4196.0
2025-10-21 06:25:00,,4321,4208,4234,4208,4322,4209,4235,4209,4321.5,4208.5,4234.5,4208.5
2025-10-21 06:30:00,984200,4195,4195,4195,4195,4210,4210,4210,4210,4202.5,4202.5,4202.5,4202.5
2025-10-22 00:00:00,184300,4213,4191,4208,4199,4214,4192,4208,4200,4213.5,4191.5,4208.0,4199.5
2025-10-22 00:05:00,37800,4205,4193,4199,4196,4207,4195,4200,4198,4206.0,4194.5,4199.5,4197.0
2025-10-22 00:10:00,22100,4204,4196,4196,4203,4205,4197,4198,4204,4204.5,4196.5,4197.0,4203.5
2025-10-22 00:15:00,20900,4204,4198,4203,4203,4206,4199,4204,4204,4205.0,4198.5,4203.5,4203.5
2025-10-22 00:20:00,23000,4204,4192,4203,4192,4205,4193,4204,4194,4204.5,4192.5,4203.5,4193.0
2025-10-22 00:25:00,20800,4196,4186,4192,4194,4197,4187,4194,4195,4196.5,4186.5,4193.0,4194.5
2025-10-22 00:30:00,35900,4201,4176,4194,4183,4202,4179,4195,4185,4201.5,4177.5,4194.5,4184.0
2025-10-22 00:35:00,24100,4184,4176,4183,4182,4186,4177,4185,4183,4185.0,4176.5,4184.0,4182.5
2025-10-22 00:40:00,24100,4188,4182,4182,4186,4189,4183,4183,4187,4188.5,4182.5,4182.5,4186.5
2025-10-22 00:45:00,16400,4190,4185,4186,4187,4192,4186,4187,4188,4191.0,4185.5,4186.5,4187.5
2025-10-22 00:50:00,22600,4188,4182,4187,4184,4189,4183,4188,4185,4188.5,4182.5,4187.5,4184.5
2025-10-22 00:55:00,15000,4186,4180,4184,4181,4188,4181,4185,4182,4187.0,4180.5,4184.5,4181.5
2025-10-22 01:00:00,18700,4187,4180,4181,4185,4188,4181,4182,4186,4187.5,4180.5,4181.5,4185.5
2025-10-22 01:05:00,13600,4185,4179,4185,4179,4187,4180,4186,4180,4186.0,4179.5,4185.5,4179.5
2025-10-22 01:10:00,10400,4183,4177,4179,4181,4185,4179,4180,4182,4184.0,4178.0,4179.5,4181.5
2025-10-22 01:15:00,16100,4185,4178,4181,4179,4186,4179,4182,4180,4185.5,4178.5,4181.5,4179.5
2025-10-22 01:20:00,16200,4179,4173,4179,4178,4180,4174,4180,4179,4179.5,4173.5,4179.5,4178.5
2025-10-22 01:25:00,12200,4180,4175,4178,4180,4182,4177,4179,4181,4181.0,4176.0,4178.5,4180.5
2025-10-22 01:30:00,19600,4183,4178,4180,4180,4185,4179,4181,4182,4184.0,4178.5,4180.5,4181.0
2025-10-22 01:35:00,11100,4183,4179,4180,4182,4185,4180,4182,4183,4184.0,4179.5,4181.0,4182.5
2025-10-22 01:40:00,9900,4184,4181,4182,4183,4185,4182,4183,4184,4184.5,4181.5,4182.5,4183.5
2025-10-22 01:45:00,12300,4185,4182,4183,4185,4187,4183,4184,4186,4186.0,4182.5,4183.5,4185.5
2025-10-22 01:50:00,15400,4185,4180,4185,4180,4186,4181,4186,4182,4185.5,4180.5,4185.5,4181.0
2025-10-22 01:55:00,8400,4182,4179,4180,4181,4183,4180,4182,4183,4182.5,4179.5,4181.0,4182.0
2025-10-22 02:00:00,8800,4181,4179,4181,4179,4183,4180,4183,4180,4182.0,4179.5,4182.0,4179.5
2025-10-22 02:05:00,15200,4183,4179,4179,4183,4184,4180,4180,4184,4183.5,4179.5,4179.5,4183.5
2025-10-22 02:10:00,11500,4184,4182,4183,4183,4185,4183,4184,4184,4184.5,4182.5,4183.5,4183.5
2025-10-22 02:15:00,16100,4186,4181,4183,4181,4187,4182,4184,4183,4186.5,4181.5,4183.5,4182.0
2025-10-22 02:20:00,13600,4182,4178,4181,4178,4184,4179,4182,4180,4183.0,4178.5,4181.5,4179.0
2025-10-22 02:25:00,13300,4180,4173,4178,4173,4181,4175,4180,4175,4180.5,4174.0,4179.0,4174.0
2025-10-22 02:30:00,2200,4172,4172,4172,4172,4175,4175,4175,4175,4173.5,4173.5,4173.5,4173.5
2025-10-22 03:30:00,92000,4173,4160,4167,4168,4175,4162,4168,4170,4174.0,4161.0,4167.5,4169.0
2025-10-22 03:35:00,22700,4173,4168,4168,4173,4174,4169,4170,4174,4173.5,4168.5,4169.0,4173.5
2025-10-22 03:40:00,19800,4175,4171,4173,4174,4176,4173,4174,4175,4175.5,4172.0,4173.5,4174.5
2025-10-22 03:45:00,13500,4178,4171,4174,4178,4180,4173,4175,4180,4179.0,4172.0,4174.5,4179.0
2025-10-22 03:50:00,23500,4184,4178,4178,4184,4185,4179,4180,4185,4184.5,4178.5,4179.0,4184.5
2025-10-22 03:55:00,25300,4191,4184,4184,4190,4193,4185,4185,4192,4192.0,4184.5,4184.5,4191.0
2025-10-22 04:00:00,17500,4193,4189,4190,4192,4194,4190,4192,4193,4193.5,4189.5,4191.0,4192.5
2025-10-22 04:05:00,8800,4196,4192,4192,4196,4197,4193,4193,4197,4196.5,4192.5,4192.5,4196.5
2025-10-22 04:10:00,24000,4197,4191,4196,4191,4198,4192,4197,4192,4197.5,4191.5,4196.5,4191.5
2025-10-22 04:15:00,10700,4197,4191,4191,4195,4198,4192,4192,4197,4197.5,4191.5,4191.5,4196.0
2025-10-22 04:20:00,12400,4196,4195,4195,4195,4198,4196,4197,4197,4197.0,4195.5,4196.0,4196.0
2025-10-22 04:25:00,14100,4196,4193,4195,4194,4197,4194,4197,4195,4196.5,4193.5,4196.0,4194.5
2025-10-22 04:30:00,11000,4195,4192,4194,4193,4196,4193,4195,4194,4195.5,4192.5,4194.5,4193.5
2025-10-22 04:35:00,36500,4197,4193,4193,4195,4198,4194,4194,4196,4197.5,4193.5,4193.5,4195.5
2025-10-22 04:40:00,11300,4197,4194,4195,4197,4198,4195,4196,4198,4197.5,4194.5,4195.5,4197.5
2025-10-22 04:45:00,22400,4198,4196,4197,4196,4200,4197,4199,4198,4199.0,4196.5,4198.0,4197.0
2025-10-22 04:50:00,6500,4198,4195,4196,4195,4199,4196,4198,4196,4198.5,4195.5,4197.0,4195.5
2025-10-22 04:55:00,14100,4195,4191,4195,4193,4196,4193,4196,4194,4195.5,4192.0,4195.5,4193.5
2025-10-22 05:00:00,21300,4195,4191,4193,4193,4196,4192,4194,4194,4195.5,4191.5,4193.5,4193.5
2025-10-22 05:05:00,2900,4193,4193,4193,4193,4194,4194,4194,4194,4193.5,4193.5,4193.5,4193.5
2025-10-22 05:10:00,19100,4194,4190,4193,4190,4195,4191,4194,4191,4194.5,4190.5,4193.5,4190.5
2025-10-22 05:15:00,21400,4190,4185,4190,4185,4191,4186,4191,4186,4190.5,4185.5,4190.5,4185.5
2025-10-22 05:20:00,14200,4186,4183,4185,4185,4187,4184,4186,4186,4186.5,4183.5,4185.5,4185.5
2025-10-22 05:25:00,15300,4186,4182,4185,4182,4187,4183,4186,4183,4186.5,4182.5,4185.5,4182.5
2025-10-22 05:30:00,14700,4185,4181,4182,4184,4186,4182,4183,4185,4185.5,4181.5,4182.5,4184.5
2025-10-22 05:35:00,16500,4185,4181,4184,4181,4186,4182,4185,4182,4185.5,4181.5,4184.5,4181.5
2025-10-22 05:40:00,18200,4182,4178,4181,4178,4183,4179,4182,4179,4182.5,4178.5,4181.5,4178.5
2025-10-22 05:45:00,6700,4180,4178,4178,4180,4181,4179,4179,4181,4180.5,4178.5,4178.5,4180.5
2025-10-22 05:50:00,30200,4182,4180,4180,4181,4183,4181,4181,4182,4182.5,4180.5,4180.5,4181.5
2025-10-22 05:55:00,19700,4184,4179,4181,4184,4185,4180,4182,4185,4184.5,4179.5,4181.5,4184.5
2025-10-22 06:00:00,30900,4188,4184,4184,4185,4189,4185,4185,4186,4188.5,4184.5,4184.5,4185.5
2025-10-22 06:05:00,17100,4188,4183,4185,4188,4190,4184,4186,4189,4189.0,4183.5,4185.5,4188.5
2025-10-22 06:10:00,27900,4190,4188,4188,4190,4191,4189,4189,4191,4190.5,4188.5,4188.5,4190.5
2025-10-22 06:15:00,24700,4192,4189,4190,4192,4193,4190,4191,4193,4192.5,4189.5,4190.5,4192.5
2025-10-22 06:20:00,56400,4192,4181,4192,4181,4193,4182,4193,4182,4192.5,4181.5,4192.5,4181.5
2025-10-22 06:25:00,,4299,4175,4188,4190,4300,4176,4189,4191,4299.5,4175.5,4188.5,4190.5
2025-10-22 06:30:00,878000,4187,4187,4187,4187,4191,4191,4191,4191,4189.0,4189.0,4189.0,4189.0
2025-10-23 00:00:00,129200,4196,4177,4177,4194,4197,4178,4178,4196,4196.5,4177.5,4177.5,4195.0
2025-10-23 00:05:00,36300,4203,4188,4194,4197,4204,4190,4196,4200,4203.5,4189.0,4195.0,4198.5
2025-10-23 00:10:00,20200,4204,4192,4197,4196,4205,4194,4200,4198,4204.5,4193.0,4198.5,4197.0
2025-10-23 00:15:00,16700,4200,4193,4196,4195,4201,4194,4198,4197,4200.5,4193.5,4197.0,4196.0
2025-10-23 00:20:00,15400,4196,4184,4195,4184,4197,4186,4197,4186,4196.5,4185.0,4196.0,4185.0
2025-10-23 00:25:00,14800,4185,4177,4184,4180,4186,4178,4186,4182,4185.5,4177.5,4185.0,4181.0
2025-10-23 00:30:00,21100,4187,4179,4180,4185,4188,4180,4182,4186,4187.5,4179.5,4181.0,4185.5
2025-10-23 00:35:00,11400,4191,4185,4185,4191,4192,4186,4186,4192,4191.5,4185.5,4185.5,4191.5
2025-10-23 00:40:00,11000,4192,4186,4191,4190,4193,4187,4192,4191,4192.5,4186.5,4191.5,4190.5
2025-10-23 00:45:00,10000,4193,4187,4190,4193,4195,4188,4191,4195,4194.0,4187.5,4190.5,4194.0
2025-10-23 00:50:00,14000,4197,4193,4193,4196,4199,4194,4195,4197,4198.0,4193.5,4194.0,4196.5
2025-10-23 00:55:00,9500,4197,4194,4196,4195,4199,4195,4197,4197,4198.0,4194.5,4196.5,4196.0
2025-10-23 01:00:00,12300,4200,4195,4195,4199,4202,4196,4197,4201,4201.0,4195.5,4196.0,4200.0
2025-10-23 01:05:00,19100,4200,4193,4199,4194,4202,4194,4201,4196,4201.0,4193.5,4200.0,4195.0
2025-10-23 01:10:00,8800,4200,4193,4194,4199,4202,4194,4196,4201,4201.0,4193.5,4195.0,4200.0
2025-10-23 01:15:00,9600,4200,4196,4199,4199,4202,4197,4200,4201,4201.0,4196.5,4199.5,4200.0
2025-10-23 01:20:00,9300,4203,4199,4199,4203,4204,4201,4201,4204,4203.5,4200.0,4200.0,4203.5
2025-10-23 01:25:00,18800,4206,4200,4203,4206,4207,4201,4204,4207,4206.5,4200.5,4203.5,4206.5
2025-10-23 01:30:00,11000,4209,4205,4206,4207,4210,4206,4207,4209,4209.5,4205.5,4206.5,4208.0
2025-10-23 01:35:00,12200,4212,4207,4207,4208,4213,4208,4209,4210,4212.5,4207.5,4208.0,4209.0
2025-10-23 01:40:00,8700,4210,4207,4208,4210,4212,4208,4210,4212,4211.0,4207.5,4209.0,4211.0
2025-10-23 01:45:00,13100,4211,4207,4210,4208,4212,4208,4212,4209,4211.5,4207.5,4211.0,4208.5
2025-10-23 01:50:00,7200,4209,4204,4208,4208,4210,4205,4209,4209,4209.5,4204.5,4208.5,4208.5
2025-10-23 01:55:00,12000,4212,4207,4208,4210,4213,4208,4209,4213,4212.5,4207.5,4208.5,4211.5
2025-10-23 02:00:00,11700,4213,4210,4210,4213,4215,4211,4213,4214,4214.0,4210.5,4211.5,4213.5
2025-10-23 02:05:00,14900,4215,4213,4213,4213,4216,4214,4214,4215,4215.5,4213.5,4213.5,4214.0
2025-10-23 02:10:00,9100,4213,4210,4213,4212,4215,4211,4215,4213,4214.0,4210.5,4214.0,4212.5
2025-10-23 02:15:00,11800,4219,4211,4212,4217,4220,4212,4213,4218,4219.5,4211.5,4212.5,4217.5
2025-10-23 02:20:00,9400,4218,4216,4217,4216,4219,4217,4218,4218,4218.5,4216.5,4217.5,4217.0
2025-10-23 02:25:00,9100,4216,4212,4216,4212,4218,4213,4218,4214,4217.0,4212.5,4217.0,4213.0
2025-10-23 02:30:00,3700,4211,4211,4211,4211,4214,4214,4214,4214,4212.5,4212.5,4212.5,4212.5
2025-10-23 03:30:00,26100,4219,4210,4211,4218,4220,4212,4212,4220,4219.5,4211.0,4211.5,4219.0
2025-10-23 03:35:00,24200,4222,4217,4218,4221,4223,4218,4220,4223,4222.5,4217.5,4219.0,4222.0
2025-10-23 03:40:00,13500,4221,4217,4221,4220,4223,4218,4223,4222,4222.0,4217.5,4222.0,4221.0
2025-10-23 03:45:00,15300,4228,4220,4220,4228,4229,4221,4222,4229,4228.5,4220.5,4221.0,4228.5
2025-10-23 03:50:00,14600,4233,4228,4228,4231,4234,4229,4229,4233,4233.5,4228.5,4228.5,4232.0
2025-10-23 03:55:00,11500,4233,4229,4231,4232,4234,4230,4233,4233,4233.5,4229.5,4232.0,4232.5
2025-10-23 04:00:00,8800,4233,4230,4232,4233,4234,4231,4233,4234,4233.5,4230.5,4232.5,4233.5
2025-10-23 04:05:00,15000,4234,4230,4233,4233,4236,4231,4234,4235,4235.0,4230.5,4233.5,4234.0
2025-10-23 04:10:00,11700,4234,4230,4233,4233,4236,4231,4235,4235,4235.0,4230.5,4234.0,4234.0
2025-10-23 04:15:00,11500,4233,4230,4233,4232,4235,4231,4235,4233,4234.0,4230.5,4234.0,4232.5
2025-10-23 04:20:00,13500,4234,4232,4232,4232,4236,4233,4233,4233,4235.0,4232.5,4232.5,4232.5
2025-10-23 04:25:00,12100,4234,4230,4232,4232,4235,4231,4233,4233,4234.5,4230.5,4232.5,4232.5
2025-10-23 04:30:00,17300,4233,4226,4232,4227,4234,4227,4233,4228,4233.5,4226.5,4232.5,4227.5
2025-10-23 04:35:00,12500,4227,4223,4227,4224,4228,4224,4228,4225,4227.5,4223.5,4227.5,4224.5
2025-10-23 04:40:00,12700,4224,4220,4224,4221,4225,4221,4225,4222,4224.5,4220.5,4224.5,4221.5
2025-10-23 04:45:00,7500,4222,4220,4221,4221,4223,4221,4222,4222,4222.5,4220.5,4221.5,4221.5
2025-10-23 04:50:00,6900,4223,4221,4221,4222,4225,4222,4222,4224,4224.0,4221.5,4221.5,4223.0
2025-10-23 04:55:00,9000,4223,4221,4222,4221,4224,4222,4224,4223,4223.5,4221.5,4223.0,4222.0
2025-10-23 05:00:00,13600,4223,4218,4221,4218,4224,4219,4223,4220,4223.5,4218.5,4222.0,4219.0
2025-10-23 05:05:00,8500,4223,4218,4218,4223,4225,4219,4220,4224,4224.0,4218.5,4219.0,4223.5
2025-10-23 05:10:00,11200,4223,4219,4223,4220,4225,4220,4224,4221,4224.0,4219.5,4223.5,4220.5
2025-10-23 05:15:00,7900,4223,4220,4220,4222,4224,4221,4221,4223,4223.5,4220.5,4220.5,4222.5
2025-10-23 05:20:00,7700,4223,4221,4222,4222,4224,4222,4223,4223,4223.5,4221.5,4222.5,4222.5
2025-10-23 05:25:00,16100,4223,4217,4222,4218,4224,4218,4223,4219,4223.5,4217.5,4222.5,4218.5
2025-10-23 05:30:00,12400,4222,4218,4218,4222,4224,4219,4219,4224,4223.0,4218.5,4218.5,4223.0
2025-10-23 05:35:00,7900,4226,4221,4222,4226,4227,4222,4224,4227,4226.5,4221.5,4223.0,4226.5
2025-10-23 05:40:00,13800,4227,4225,4226,4226,4228,4226,4227,4227,4227.5,4225.5,4226.5,4226.5
2025-10-23 05:45:00,5100,4228,4226,4226,4228,4229,4227,4227,4229,4228.5,4226.5,4226.5,4228.5
2025-10-23 05:50:00,21800,4229,4227,4228,4228,4230,4228,4229,4229,4229.5,4227.5,4228.5,4228.5
2025-10-23 05:55:00,11100,4232,4228,4228,4232,4233,4229,4229,4233,4232.5,4228.5,4228.5,4232.5
2025-10-23 06:00:00,15800,4234,4231,4232,4234,4235,4232,4233,4235,4234.5,4231.5,4232.5,4234.5
2025-10-23 06:05:00,20500,4234,4231,4234,4231,4235,4232,4235,4232,4234.5,4231.5,4234.5,4231.5
2025-10-23 06:10:00,22200,4231,4224,4231,4226,4232,4225,4232,4227,4231.5,4224.5,4231.5,4226.5
2025-10-23 06:15:00,30400,4226,4221,4226,4221,4227,4222,4227,4222,4226.5,4221.5,4226.5,4221.5
2025-10-23 06:20:00,51300,4223,4218,4221,4222,4224,4219,4222,4224,4223.5,4218.5,4221.5,4223.0
2025-10-23 06:25:00,,4274,4188,4206,4235,4275,4189,4207,4236,4274.5,4188.5,4206.5,4235.5
2025-10-23 06:30:00,673700,4222,4222,4222,4222,4236,4236,4236,4236,4229.0,4229.0,4229.0,4229.0
2025-10-24 00:00:00,358300,4257,4221,4249,4232,4260,4223,4250,4234,4258.0,4222.0,4249.5,4233.0
2025-10-24 00:05:00,23000,4232,4216,4232,4219,4234,4217,4234,4221,4233.0,4216.5,4233.0,4220.0
2025-10-24 00:10:00,11300,4227,4219,4219,4226,4228,4220,4221,4228,4227.5,4219.5,4220.0,4227.0
2025-10-24 00:15:00,23800,4231,4219,4226,4219,4232,4220,4228,4221,4231.5,4219.5,4227.0,4220.0
2025-10-24 00:20:00,10600,4220,4215,4219,4219,4221,4217,4221,4220,4220.5,4216.0,4220.0,4219.5
2025-10-24 00:25:00,16500,4221,4213,4219,4213,4223,4215,4220,4215,4222.0,4214.0,4219.5,4214.0
2025-10-24 00:30:00,8300,4220,4213,4213,4220,4221,4214,4215,4221,4220.5,4213.5,4214.0,4220.5
2025-10-24 00:35:00,13800,4222,4216,4220,4218,4224,4217,4221,4220,4223.0,4216.5,4220.5,4219.0
2025-10-24 00:40:00,8500,4225,4218,4218,4223,4227,4220,4220,4225,4226.0,4219.0,4219.0,4224.0
2025-10-24 00:45:00,12400,4224,4218,4223,4223,4226,4219,4225,4225,4225.0,4218.5,4224.0,4224.0
2025-10-24 00:50:00,10000,4226,4221,4223,4221,4227,4222,4225,4222,4226.5,4221.5,4224.0,4221.5
2025-10-24 00:55:00,8900,4222,4217,4221,4220,4223,4218,4222,4222,4222.5,4217.5,4221.5,4221.0
2025-10-24 01:00:00,13900,4222,4217,4220,4222,4223,4219,4222,4223,4222.5,4218.0,4221.0,4222.5
2025-10-24 01:05:00,8900,4225,4221,4222,4223,4226,4222,4223,4225,4225.5,4221.5,4222.5,4224.0
2025-10-24 01:10:00,9600,4229,4222,4223,4228,4230,4223,4225,4229,4229.5,4222.5,4224.0,4228.5
2025-10-24 01:15:00,12300,4228,4221,4228,4222,4230,4223,4229,4223,4229.0,4222.0,4228.5,4222.5
2025-10-24 01:20:00,8900,4224,4220,4222,4221,4225,4221,4223,4222,4224.5,4220.5,4222.5,4221.5
2025-10-24 01:25:00,8200,4223,4219,4221,4223,4224,4220,4222,4224,4223.5,4219.5,4221.5,4223.5
2025-10-24 01:30:00,6200,4226,4222,4223,4224,4227,4223,4224,4225,4226.5,4222.5,4223.5,4224.5
2025-10-24 01:35:00,6400,4225,4222,4224,4222,4226,4223,4225,4223,4225.5,4222.5,4224.5,4222.5
2025-10-24 01:40:00,6300,4223,4219,4222,4223,4225,4220,4223,4225,4224.0,4219.5,4222.5,4224.0
2025-10-24 01:45:00,9400,4225,4221,4223,4222,4226,4222,4225,4223,4225.5,4221.5,4224.0,4222.5
2025-10-24 01:50:00,6000,4223,4220,4222,4222,4224,4221,4223,4224,4223.5,4220.5,4222.5,4223.0
2025-10-24 01:55:00,7300,4223,4220,4222,4222,4224,4221,4224,4224,4223.5,4220.5,4223.0,4223.0
2025-10-24 02:00:00,7500,4222,4219,4222,4220,4224,4220,4224,4221,4223.0,4219.5,4223.0,4220.5
2025-10-24 02:05:00,4300,4221,4219,4220,4221,4222,4220,4221,4222,4221.5,4219.5,4220.5,4221.5
2025-10-24 02:10:00,7900,4222,4219,4221,4220,4223,4220,4222,4221,4222.5,4219.5,4221.5,4220.5
2025-10-24 02:15:00,8100,4226,4220,4220,4226,4227,4221,4221,4227,4226.5,4220.5,4220.5,4226.5
2025-10-24 02:20:00,4700,4226,4221,4226,4221,4227,4222,4227,4222,4226.5,4221.5,4226.5,4221.5
2025-10-24 02:25:00,6300,4222,4220,4221,4221,4224,4222,4222,4223,4223.0,4221.0,4221.5,4222.0
2025-10-24 02:30:00,3400,4219,4219,4219,4219,4223,4223,4223,4223,4221.0,4221.0,4221.0,4221.0
2025-10-24 03:30:00,23900,4229,4221,4226,4224,4230,4224,4227,4225,4229.5,4223.5,4226.5,4224.5
2025-10-24 03:35:00,12700,4226,4224,4224,4225,4228,4225,4225,4227,4227.0,4224.5,4224.5,4226.0
2025-10-24 03:40:00,9100,4226,4223,4225,4225,4228,4224,4227,4226,4227.0,4223.5,4226.0,4225.5
2025-10-24 03:45:00,9300,4225,4221,4225,4222,4226,4222,4226,4223,4225.5,4221.5,4225.5,4222.5
2025-10-24 03:50:00,5100,4222,4220,4222,4221,4223,4221,4223,4223,4222.5,4220.5,4222.5,4222.0
2025-10-24 03:55:00,10400,4222,4217,4221,4218,4223,4218,4223,4219,4222.5,4217.5,4222.0,4218.5
2025-10-24 04:00:00,4900,4222,4218,4218,4220,4223,4219,4219,4221,4222.5,4218.5,4218.5,4220.5
2025-10-24 04:05:00,5400,4223,4220,4220,4222,4224,4221,4222,4223,4223.5,4220.5,4221.0,4222.5
2025-10-24 04:10:00,9700,4223,4218,4222,4219,4224,4219,4223,4220,4223.5,4218.5,4222.5,4219.5
2025-10-24 04:15:00,10600,4220,4218,4219,4219,4222,4219,4220,4220,4220.5,4218.5,4219.5,4219.5
2025-10-24 04:20:00,9000,4219,4215,4219,4215,4220,4216,4220,4216,4219.5,4215.5,4219.5,4215.5
2025-10-24 04:25:00,7300,4216,4214,4215,4215,4217,4215,4216,4216,4216.5,4214.5,4215.5,4215.5
2025-10-24 04:30:00,5900,4217,4214,4215,4215,4218,4215,4216,4216,4217.5,4214.5,4215.5,4215.5
2025-10-24 04:35:00,14800,4216,4212,4215,4213,4217,4213,4216,4214,4216.5,4212.5,4215.5,4213.5
2025-10-24 04:40:00,4300,4213,4211,4213,4211,4214,4212,4214,4212,4213.5,4211.5,4213.5,4211.5
2025-10-24 04:45:00,8700,4212,4210,4211,4210,4213,4211,4212,4212,4212.5,4210.5,4211.5,4211.0
2025-10-24 04:50:00,8600,4211,4208,4210,4209,4212,4210,4212,4210,4211.5,4209.0,4211.0,4209.5
2025-10-24 04:55:00,6800,4210,4208,4209,4208,4211,4209,4210,4209,4210.5,4208.5,4209.5,4208.5
2025-10-24 05:00:00,6200,4211,4208,4208,4210,4212,4209,4209,4211,4211.5,4208.5,4208.5,4210.5
2025-10-24 05:05:00,12600,4210,4203,4210,4203,4211,4204,4211,4204,4210.5,4203.5,4210.5,4203.5
2025-10-24 05:10:00,17000,4205,4199,4203,4201,4206,4200,4204,4203,4205.5,4199.5,4203.5,4202.0
2025-10-24 05:15:00,11800,4203,4198,4201,4199,4204,4199,4203,4200,4203.5,4198.5,4202.0,4199.5
2025-10-24 05:20:00,14000,4201,4198,4199,4199,4202,4199,4200,4201,4201.5,4198.5,4199.5,4200.0
2025-10-24 05:25:00,7700,4201,4198,4199,4198,4202,4199,4201,4199,4201.5,4198.5,4200.0,4198.5
2025-10-24 05:30:00,11500,4198,4194,4198,4195,4199,4195,4199,4196,4198.5,4194.5,4198.5,4195.5
2025-10-24 05:35:00,12500,4196,4193,4195,4194,4197,4194,4196,4195,4196.5,4193.5,4195.5,4194.5
2025-10-24 05:40:00,6600,4195,4193,4194,4194,4196,4194,4195,4195,4195.5,4193.5,4194.5,4194.5
2025-10-24 05:45:00,30500,4195,4190,4194,4192,4196,4192,4195,4193,4195.5,4191.0,4194.5,4192.5
2025-10-24 05:50:00,14000,4192,4189,4192,4189,4193,4190,4193,4191,4192.5,4189.5,4192.5,4190.0
2025-10-24 05:55:00,35000,4190,4181,4189,4184,4191,4183,4191,4185,4190.5,4182.0,4190.0,4184.5
2025-10-24 06:00:00,25600,4187,4184,4184,4185,4188,4185,4185,4187,4187.5,4184.5,4184.5,4186.0
2025-10-24 06:05:00,43400,4196,4185,4185,4195,4197,4186,4187,4197,4196.5,4185.5,4186.0,4196.0
2025-10-24 06:10:00,22500,4200,4195,4195,4198,4202,4197,4197,4199,4201.0,4196.0,4196.0,4198.5
2025-10-24 06:15:00,24100,4200,4196,4198,4199,4201,4197,4199,4200,4200.5,4196.5,4198.5,4199.5
2025-10-24 06:20:00,41200,4206,4197,4199,4205,4208,4198,4200,4207,4206.5,4197.5,4199.5,4206.0
2025-10-24 06:25:00,,4226,4173,4220,4188,4227,4174,4221,4189,4226.5,4173.5,4220.5,4188.5
2025-10-24 06:30:00,621500,4188,4188,4188,4188,4191,4191,4191,4191,4189.5,4189.5,4189.5,4189.5
2025-10-27 00:00:00,155800,4240,4223,4239,4230,4245,4225,4240,4231,4242.5,4224.0,4239.5,4230.5
2025-10-27 00:05:00,34900,4249,4229,4230,4244,4250,4231,4231,4245,4249.5,4230.0,4230.5,4244.5
2025-10-27 00:10:00,20400,4245,4239,4244,4244,4247,4240,4245,4246,4246.0,4239.5,4244.5,4245.0
2025-10-27 00:15:00,13600,4245,4238,4244,4238,4246,4239,4246,4239,4245.5,4238.5,4245.0,4238.5
2025-10-27 00:20:00,11400,4245,4237,4238,4244,4246,4238,4239,4246,4245.5,4237.5,4238.5,4245.0
2025-10-27 00:25:00,44300,4253,4244,4244,4249,4255,4245,4246,4251,4254.0,4244.5,4245.0,4250.0
2025-10-27 00:30:00,14600,4251,4244,4249,4245,4252,4245,4251,4246,4251.5,4244.5,4250.0,4245.5
2025-10-27 00:35:00,8500,4247,4242,4245,4245,4248,4243,4246,4246,4247.5,4242.5,4245.5,4245.5
2025-10-27 00:40:00,10300,4248,4244,4245,4247,4249,4245,4246,4249,4248.5,4244.5,4245.5,4248.0
2025-10-27 00:45:00,14500,4248,4238,4247,4240,4249,4240,4249,4241,4248.5,4239.0,4248.0,4240.5
2025-10-27 00:50:00,11800,4240,4233,4240,4235,4242,4234,4241,4237,4241.0,4233.5,4240.5,4236.0
2025-10-27 00:55:00,8300,4236,4232,4235,4233,4237,4233,4237,4235,4236.5,4232.5,4236.0,4234.0
2025-10-27 01:00:00,13200,4235,4225,4233,4228,4236,4226,4235,4230,4235.5,4225.5,4234.0,4229.0
2025-10-27 01:05:00,13100,4230,4223,4228,4224,4231,4224,4230,4226,4230.5,4223.5,4229.0,4225.0
2025-10-27 01:10:00,10500,4225,4218,4224,4218,4226,4219,4226,4220,4225.5,4218.5,4225.0,4219.0
2025-10-27 01:15:00,8800,4220,4216,4218,4219,4221,4217,4220,4221,4220.5,4216.5,4219.0,4220.0
2025-10-27 01:20:00,15600,4222,4214,4219,4215,4224,4215,4221,4216,4223.0,4214.5,4220.0,4215.5
2025-10-27 01:25:00,12700,4218,4214,4215,4215,4219,4215,4216,4216,4218.5,4214.5,4215.5,4215.5
2025-10-27 01:30:00,12400,4219,4215,4215,4219,4220,4216,4216,4220,4219.5,4215.5,4215.5,4219.5
2025-10-27 01:35:00,11900,4227,4218,4219,4227,4228,4219,4220,4228,4227.5,4218.5,4219.5,4227.5
2025-10-27 01:40:00,14700,4234,4225,4227,4234,4235,4227,4228,4235,4234.5,4226.0,4227.5,4234.5
2025-10-27 01:45:00,13900,4237,4233,4234,4236,4238,4234,4235,4238,4237.5,4233.5,4234.5,4237.0
2025-10-27 01:50:00,11000,4237,4234,4236,4236,4238,4235,4238,4237,4237.5,4234.5,4237.0,4236.5
2025-10-27 01:55:00,19900,4242,4233,4236,4242,4244,4234,4237,4243,4243.0,4233.5,4236.5,4242.5
2025-10-27 02:00:00,10400,4244,4239,4242,4242,4245,4240,4243,4243,4244.5,4239.5,4242.5,4242.5
2025-10-27 02:05:00,12100,4242,4236,4242,4239,4243,4237,4243,4240,4242.5,4236.5,4242.5,4239.5
2025-10-27 02:10:00,6500,4240,4236,4239,4236,4241,4237,4240,4237,4240.5,4236.5,4239.5,4236.5
2025-10-27 02:15:00,9900,4241,4236,4236,4238,4243,4237,4237,4240,4242.0,4236.5,4236.5,4239.0
2025-10-27 02:20:00,7500,4241,4237,4239,4241,4243,4238,4240,4243,4242.0,4237.5,4239.5,4242.0
2025-10-27 02:25:00,6200,4242,4241,4241,4242,4244,4242,4243,4244,4243.0,4241.5,4242.0,4243.0
2025-10-27 02:30:00,1900,4241,4241,4241,4241,4244,4244,4244,4244,4242.5,4242.5,4242.5,4242.5
2025-10-27 03:30:00,66000,4259,4241,4244,4258,4260,4245,4245,4260,4259.5,4243.0,4244.5,4259.0
2025-10-27 03:35:00,28600,4263,4258,4258,4258,4265,4259,4260,4259,4263.5,4258.5,4259.0,4258.5
2025-10-27 03:40:00,27100,4258,4249,4258,4251,4259,4251,4259,4252,4258.5,4250.5,4258.5,4251.5
2025-10-27 03:45:00,11000,4251,4243,4251,4244,4252,4244,4252,4245,4251.5,4243.5,4251.5,4244.5
2025-10-27 03:50:00,18000,4244,4234,4244,4234,4245,4235,4245,4235,4244.5,4234.5,4244.5,4234.5
2025-10-27 03:55:00,12200,4237,4231,4233,4236,4239,4232,4235,4237,4238.0,4231.5,4234.0,4236.5
2025-10-27 04:00:00,6900,4240,4236,4236,4240,4242,4237,4237,4242,4241.0,4236.5,4236.5,4241.0
2025-10-27 04:05:00,7000,4240,4234,4240,4234,4242,4235,4242,4235,4241.0,4234.5,4241.0,4234.5
2025-10-27 04:10:00,16200,4234,4226,4234,4227,4235,4228,4235,4228,4234.5,4227.0,4234.5,4227.5
2025-10-27 04:15:00,7400,4230,4226,4227,4229,4231,4227,4228,4231,4230.5,4226.5,4227.5,4230.0
2025-10-27 04:20:00,17800,4237,4229,4229,4233,4239,4230,4231,4234,4238.0,4229.5,4230.0,4233.5
2025-10-27 04:25:00,7400,4239,4233,4233,4239,4241,4234,4234,4240,4240.0,4233.5,4233.5,4239.5
2025-10-27 04:30:00,7200,4242,4239,4239,4242,4244,4240,4240,4243,4243.0,4239.5,4239.5,4242.5
2025-10-27 04:35:00,9400,4244,4241,4242,4241,4245,4242,4243,4242,4244.5,4241.5,4242.5,4241.5
2025-10-27 04:40:00,8200,4241,4239,4241,4239,4242,4240,4242,4240,4241.5,4239.5,4241.5,4239.5
2025-10-27 04:45:00,9000,4239,4236,4239,4236,4240,4237,4240,4237,4239.5,4236.5,4239.5,4236.5
2025-10-27 04:50:00,6800,4237,4235,4236,4237,4238,4237,4237,4238,4237.5,4236.0,4236.5,4237.5
2025-10-27 04:55:00,8600,4237,4233,4237,4233,4238,4234,4238,4234,4237.5,4233.5,4237.5,4233.5
2025-10-27 05:00:00,18600,4239,4231,4233,4239,4240,4232,4234,4240,4239.5,4231.5,4233.5,4239.5
2025-10-27 05:05:00,20200,4246,4238,4239,4244,4247,4239,4240,4245,4246.5,4238.5,4239.5,4244.5
2025-10-27 05:10:00,33600,4251,4243,4244,4244,4252,4244,4245,4245,4251.5,4243.5,4244.5,4244.5
2025-10-27 05:15:00,6500,4245,4244,4244,4244,4246,4245,4246,4245,4245.5,4244.5,4245.0,4244.5
2025-10-27 05:20:00,14800,4247,4244,4244,4247,4249,4245,4245,4248,4248.0,4244.5,4244.5,4247.5
2025-10-27 05:25:00,18800,4249,4246,4247,4247,4250,4247,4248,4248,4249.5,4246.5,4247.5,4247.5
2025-10-27 05:30:00,21500,4247,4241,4247,4243,4248,4242,4248,4244,4247.5,4241.5,4247.5,4243.5
2025-10-27 05:35:00,9900,4245,4243,4243,4244,4247,4244,4244,4245,4246.0,4243.5,4243.5,4244.5
2025-10-27 05:40:00,17100,4247,4243,4244,4247,4248,4244,4245,4248,4247.5,4243.5,4244.5,4247.5
2025-10-27 05:45:00,16300,4249,4247,4247,4247,4250,4248,4248,4248,4249.5,4247.5,4247.5,4247.5
2025-10-27 05:50:00,17700,4248,4245,4247,4246,4249,4247,4248,4247,4248.5,4246.0,4247.5,4246.5
2025-10-27 05:55:00,26600,4246,4240,4246,4243,4247,4241,4247,4244,4246.5,4240.5,4246.5,4243.5
2025-10-27 06:00:00,21400,4243,4236,4243,4237,4244,4237,4244,4238,4243.5,4236.5,4243.5,4237.5
2025-10-27 06:05:00,23100,4239,4233,4237,4235,4240,4234,4238,4237,4239.5,4233.5,4237.5,4236.0
2025-10-27 06:10:00,21800,4241,4235,4235,4240,4242,4236,4237,4241,4241.5,4235.5,4236.0,4240.5
2025-10-27 06:15:00,34000,4243,4240,4240,4240,4244,4241,4241,4242,4243.5,4240.5,4240.5,4241.0
2025-10-27 06:20:00,42400,4245,4240,4240,4240,4246,4241,4242,4242,4245.5,4240.5,4241.0,4241.0
2025-10-27 06:25:00,,4253,4112,4248,4221,4254,4113,4249,4222,4253.5,4112.5,4248.5,4221.5
2025-10-27 06:30:00,791900,4220,4220,4220,4220,4245,4245,4245,4245,4232.5,4232.5,4232.5,4232.5
2025-10-28 00:00:00,133800,4204,4185,4198,4202,4208,4187,4198,4204,4205.0,4186.0,4198.0,4203.0
2025-10-28 00:05:00,25500,4209,4195,4202,4207,4211,4197,4204,4209,4210.0,4196.0,4203.0,4208.0
2025-10-28 00:10:00,25600,4217,4206,4207,4212,4219,4208,4209,4214,4218.0,4207.0,4208.0,4213.0
2025-10-28 00:15:00,13700,4214,4202,4212,4206,4216,4203,4214,4208,4215.0,4202.5,4213.0,4207.0
2025-10-28 00:20:00,26200,4208,4195,4206,4201,4209,4196,4208,4202,4208.5,4195.5,4207.0,4201.5
2025-10-28 00:25:00,11700,4203,4194,4201,4194,4204,4195,4202,4195,4203.5,4194.5,4201.5,4194.5
2025-10-28 00:30:00,11800,4199,4191,4194,4193,4201,4192,4195,4195,4200.0,4191.5,4194.5,4194.0
2025-10-28 00:35:00,16700,4200,4191,4193,4192,4202,4192,4195,4194,4201.0,4191.5,4194.0,4193.0
2025-10-28 00:40:00,6600,4195,4191,4192,4192,4196,4192,4194,4193,4195.5,4191.5,4193.0,4192.5
2025-10-28 00:45:00,11500,4194,4190,4192,4192,4196,4191,4193,4193,4195.0,4190.5,4192.5,4192.5
2025-10-28 00:50:00,10600,4196,4190,4191,4190,4198,4191,4193,4191,4197.0,4190.5,4192.0,4190.5
2025-10-28 00:55:00,10900,4191,4183,4190,4183,4192,4184,4191,4184,4191.5,4183.5,4190.5,4183.5
2025-10-28 01:00:00,26600,4186,4180,4183,4183,4187,4181,4184,4184,4186.5,4180.5,4183.5,4183.5
2025-10-28 01:05:00,20200,4183,4175,4183,4176,4184,4176,4184,4178,4183.5,4175.5,4183.5,4177.0
2025-10-28 01:10:00,19200,4179,4171,4176,4178,4180,4172,4178,4180,4179.5,4171.5,4177.0,4179.0
2025-10-28 01:15:00,17500,4186,4177,4178,4184,4188,4178,4180,4185,4187.0,4177.5,4179.0,4184.5
2025-10-28 01:20:00,17400,4186,4176,4184,4179,4188,4177,4185,4180,4187.0,4176.5,4184.5,4179.5
2025-10-28 01:25:00,15000,4184,4178,4179,4184,4185,4179,4180,4185,4184.5,4178.5,4179.5,4184.5
2025-10-28 01:30:00,15500,4186,4183,4184,4183,4187,4184,4185,4184,4186.5,4183.5,4184.5,4183.5
2025-10-28 01:35:00,5800,4184,4177,4183,4177,4186,4178,4184,4179,4185.0,4177.5,4183.5,4178.0
2025-10-28 01:40:00,53900,4190,4177,4177,4187,4192,4178,4179,4188,4190.5,4177.5,4178.0,4187.5
2025-10-28 01:45:00,27000,4195,4185,4187,4195,4197,4186,4188,4197,4196.0,4185.5,4187.5,4196.0
2025-10-28 01:50:00,17100,4202,4195,4195,4196,4203,4196,4197,4197,4202.5,4195.5,4196.0,4196.5
2025-10-28 01:55:00,14600,4198,4195,4196,4196,4199,4196,4197,4198,4198.5,4195.5,4196.5,4197.0
2025-10-28 02:00:00,29100,4201,4192,4196,4192,4202,4193,4198,4194,4201.5,4192.5,4197.0,4193.0
2025-10-28 02:05:00,12000,4198,4191,4192,4192,4199,4193,4194,4193,4198.5,4192.0,4193.0,4192.5
2025-10-28 02:10:00,12100,4198,4190,4192,4193,4199,4191,4193,4194,4198.5,4190.5,4192.5,4193.5
2025-10-28 02:15:00,15400,4195,4190,4193,4193,4197,4191,4194,4194,4196.0,4190.5,4193.5,4193.5
2025-10-28 02:20:00,9300,4195,4191,4193,4195,4196,4193,4194,4196,4195.5,4192.0,4193.5,4195.5
2025-10-28 02:25:00,8900,4195,4191,4195,4191,4196,4192,4196,4192,4195.5,4191.5,4195.5,4191.5
2025-10-28 02:30:00,2100,4190,4190,4190,4190,4192,4192,4192,4192,4191.0,4191.0,4191.0,4191.0
2025-10-28 03:30:00,64100,4189,4178,4185,4189,4191,4179,4186,4190,4190.0,4178.5,4185.5,4189.5
2025-10-28 03:35:00,26700,4198,4188,4189,4197,4200,4189,4190,4198,4199.0,4188.5,4189.5,4197.5
2025-10-28 03:40:00,30900,4202,4196,4197,4200,4203,4197,4198,4202,4202.5,4196.5,4197.5,4201.0
2025-10-28 03:45:00,18400,4201,4193,4200,4195,4202,4195,4202,4196,4201.5,4194.0,4201.0,4195.5
2025-10-28 03:50:00,24400,4199,4192,4195,4192,4200,4193,4196,4194,4199.5,4192.5,4195.5,4193.0
2025-10-28 03:55:00,14600,4196,4191,4192,4195,4197,4193,4194,4197,4196.5,4192.0,4193.0,4196.0
2025-10-28 04:00:00,12100,4200,4195,4195,4197,4201,4196,4197,4198,4200.5,4195.5,4196.0,4197.5
2025-10-28 04:05:00,29300,4202,4196,4198,4196,4203,4197,4199,4198,4202.5,4196.5,4198.5,4197.0
2025-10-28 04:10:00,11800,4197,4192,4196,4194,4198,4193,4198,4195,4197.5,4192.5,4197.0,4194.5
2025-10-28 04:15:00,15800,4194,4187,4194,4188,4195,4188,4195,4190,4194.5,4187.5,4194.5,4189.0
2025-10-28 04:20:00,12700,4191,4188,4188,4190,4192,4189,4190,4191,4191.5,4188.5,4189.0,4190.5
2025-10-28 04:25:00,13000,4190,4185,4190,4187,4191,4186,4191,4188,4190.5,4185.5,4190.5,4187.5
2025-10-28 04:30:00,10600,4187,4182,4187,4183,4188,4184,4188,4184,4187.5,4183.0,4187.5,4183.5
2025-10-28 04:35:00,15900,4183,4175,4183,4177,4184,4176,4184,4178,4183.5,4175.5,4183.5,4177.5
2025-10-28 04:40:00,8100,4180,4176,4177,4176,4182,4177,4178,4177,4181.0,4176.5,4177.5,4176.5
2025-10-28 04:45:00,12400,4182,4176,4176,4182,4183,4177,4177,4183,4182.5,4176.5,4176.5,4182.5
2025-10-28 04:50:00,10500,4186,4180,4182,4185,4187,4181,4183,4186,4186.5,4180.5,4182.5,4185.5
2025-10-28 04:55:00,31800,4190,4184,4185,4189,4191,4186,4186,4190,4190.5,4185.0,4185.5,4189.5
2025-10-28 05:00:00,9800,4190,4185,4189,4188,4191,4186,4190,4189,4190.5,4185.5,4189.5,4188.5
2025-10-28 05:05:00,9000,4189,4186,4188,4188,4190,4187,4189,4189,4189.5,4186.5,4188.5,4188.5
2025-10-28 05:10:00,9200,4190,4188,4188,4188,4191,4189,4189,4189,4190.5,4188.5,4188.5,4188.5
2025-10-28 05:15:00,8600,4190,4187,4188,4188,4191,4188,4189,4189,4190.5,4187.5,4188.5,4188.5
2025-10-28 05:20:00,11200,4188,4183,4188,4183,4189,4184,4189,4184,4188.5,4183.5,4188.5,4183.5
2025-10-28 05:25:00,16700,4183,4176,4183,4176,4184,4177,4184,4177,4183.5,4176.5,4183.5,4176.5
2025-10-28 05:30:00,23900,4176,4169,4176,4170,4177,4170,4177,4171,4176.5,4169.5,4176.5,4170.5
2025-10-28 05:35:00,11500,4175,4168,4170,4175,4177,4169,4171,4177,4176.0,4168.5,4170.5,4176.0
2025-10-28 05:40:00,14000,4177,4173,4175,4177,4178,4175,4177,4178,4177.5,4174.0,4176.0,4177.5
2025-10-28 05:45:00,10300,4178,4175,4177,4178,4179,4176,4178,4179,4178.5,4175.5,4177.5,4178.5
2025-10-28 05:50:00,14000,4181,4177,4178,4179,4182,4178,4179,4181,4181.5,4177.5,4178.5,4180.0
2025-10-28 05:55:00,18900,4179,4173,4179,4176,4181,4174,4181,4177,4180.0,4173.5,4180.0,4176.5
2025-10-28 06:00:00,20100,4179,4174,4176,4176,4180,4175,4177,4178,4179.5,4174.5,4176.5,4177.0
2025-10-28 06:05:00,16700,4183,4176,4176,4182,4184,4178,4178,4184,4183.5,4177.0,4177.0,4183.0
2025-10-28 06:10:00,20000,4186,4182,4182,4184,4187,4183,4184,4185,4186.5,4182.5,4183.0,4184.5
2025-10-28 06:15:00,38000,4189,4178,4184,4179,4190,4179,4185,4180,4189.5,4178.5,4184.5,4179.5
2025-10-28 06:20:00,68900,4192,4178,4179,4185,4193,4180,4180,4187,4192.5,4179.0,4179.5,4186.0
2025-10-28 06:25:00,,4218,4142,4188,4182,4218,4143,4189,4183,4218.0,4142.5,4188.5,4182.5
2025-10-28 06:30:00,789700,4181,4181,4181,4181,4186,4186,4186,4186,4183.5,4183.5,4183.5,4183.5
2025-10-29 00:00:00,234500,4194,4133,4193,4133,4198,4135,4194,4135,4196.0,4134.0,4193.5,4134.0
2025-10-29 00:05:00,39400,4142,4125,4133,4132,4143,4126,4135,4133,4142.5,4125.5,4134.0,4132.5
2025-10-29 00:10:00,41100,4136,4123,4132,4131,4139,4124,4133,4133,4137.5,4123.5,4132.5,4132.0
2025-10-29 00:15:00,40400,4142,4124,4131,4141,4143,4125,4133,4143,4142.5,4124.5,4132.0,4142.0
2025-10-29 00:20:00,34900,4155,4139,4141,4154,4156,4140,4143,4156,4155.5,4139.5,4142.0,4155.0
2025-10-29 00:25:00,31100,4157,4148,4154,4153,4159,4149,4156,4155,4158.0,4148.5,4155.0,4154.0
2025-10-29 00:30:00,26200,4154,4135,4153,4139,4155,4137,4155,4140,4154.5,4136.0,4154.0,4139.5
2025-10-29 00:35:00,14900,4151,4139,4139,4150,4153,4140,4140,4152,4152.0,4139.5,4139.5,4151.0
2025-10-29 00:40:00,55000,4172,4150,4150,4167,4175,4151,4152,4169,4173.5,4150.5,4151.0,4168.0
2025-10-29 00:45:00,23100,4175,4166,4167,4172,4177,4168,4169,4173,4176.0,4167.0,4168.0,4172.5
2025-10-29 00:50:00,28200,4178,4169,4172,4171,4180,4170,4173,4172,4179.0,4169.5,4172.5,4171.5
2025-10-29 00:55:00,22600,4175,4167,4171,4172,4176,4168,4172,4175,4175.5,4167.5,4171.5,4173.5
2025-10-29 01:00:00,16800,4174,4168,4172,4173,4175,4169,4175,4175,4174.5,4168.5,4173.5,4174.0
2025-10-29 01:05:00,14200,4176,4172,4173,4174,4177,4173,4175,4175,4176.5,4172.5,4174.0,4174.5
2025-10-29 01:10:00,14400,4175,4171,4174,4173,4176,4172,4175,4174,4175.5,4171.5,4174.5,4173.5
2025-10-29 01:15:00,20900,4177,4172,4173,4175,4178,4173,4174,4177,4177.5,4172.5,4173.5,4176.0
2025-10-29 01:20:00,22400,4176,4161,4175,4161,4177,4162,4177,4162,4176.5,4161.5,4176.0,4161.5
2025-10-29 01:25:00,15600,4161,4152,4161,4155,4162,4153,4162,4156,4161.5,4152.5,4161.5,4155.5
2025-10-29 01:30:00,15400,4159,4148,4155,4151,4161,4150,4156,4153,4160.0,4149.0,4155.5,4152.0
2025-10-29 01:35:00,11400,4157,4150,4151,4154,4158,4151,4153,4155,4157.5,4150.5,4152.0,4154.5
2025-10-29 01:40:00,9200,4156,4151,4154,4151,4158,4152,4155,4153,4157.0,4151.5,4154.5,4152.0
2025-10-29 01:45:00,21000,4153,4146,4151,4152,4154,4147,4153,4153,4153.5,4146.5,4152.0,4152.5
2025-10-29 01:50:00,11400,4156,4149,4152,4155,4157,4150,4153,4156,4156.5,4149.5,4152.5,4155.5
2025-10-29 01:55:00,15700,4159,4155,4155,4159,4161,4156,4156,4160,4160.0,4155.5,4155.5,4159.5
2025-10-29 02:00:00,13900,4160,4156,4159,4158,4161,4157,4160,4159,4160.5,4156.5,4159.5,4158.5
2025-10-29 02:05:00,23300,4162,4157,4158,4161,4163,4159,4159,4162,4162.5,4158.0,4158.5,4161.5
2025-10-29 02:10:00,11000,4164,4159,4161,4162,4165,4161,4162,4163,4164.5,4160.0,4161.5,4162.5
2025-10-29 02:15:00,13300,4163,4158,4162,4159,4164,4160,4163,4160,4163.5,4159.0,4162.5,4159.5
2025-10-29 02:20:00,16700,4161,4155,4159,4161,4162,4156,4160,4162,4161.5,4155.5,4159.5,4161.5
2025-10-29 02:25:00,12800,4162,4159,4161,4160,4164,4161,4162,4161,4163.0,4160.0,4161.5,4160.5
2025-10-29 02:30:00,1600,4158,4158,4158,4158,4161,4161,4161,4161,4159.5,4159.5,4159.5,4159.5
2025-10-29 03:30:00,109400,4170,4155,4163,4158,4172,4156,4164,4159,4170.5,4155.5,4163.5,4158.5
2025-10-29 03:35:00,21600,4163,4156,4158,4156,4164,4157,4159,4157,4163.5,4156.5,4158.5,4156.5
2025-10-29 03:40:00,19300,4158,4154,4156,4156,4159,4155,4157,4158,4158.5,4154.5,4156.5,4157.0
2025-10-29 03:45:00,27100,4164,4154,4156,4160,4165,4156,4158,4162,4164.5,4155.0,4157.0,4161.0
2025-10-29 03:50:00,18400,4165,4160,4160,4163,4166,4162,4162,4164,4165.5,4161.0,4161.0,4163.5
2025-10-29 03:55:00,25600,4164,4158,4163,4162,4165,4159,4164,4164,4164.5,4158.5,4163.5,4163.0
2025-10-29 04:00:00,25500,4167,4155,4162,4155,4170,4157,4164,4157,4168.5,4156.0,4163.0,4156.0
2025-10-29 04:05:00,27500,4159,4151,4155,4152,4161,4152,4157,4153,4160.0,4151.5,4156.0,4152.5
2025-10-29 04:10:00,14400,4157,4150,4152,4157,4159,4151,4153,4159,4158.0,4150.5,4152.5,4158.0
2025-10-29 04:15:00,17600,4158,4154,4157,4157,4161,4156,4158,4158,4159.0,4155.0,4157.5,4157.5
2025-10-29 04:20:00,13600,4160,4157,4157,4159,4161,4158,4158,4161,4160.5,4157.5,4157.5,4160.0
2025-10-29 04:25:00,16300,4161,4157,4159,4160,4162,4159,4161,4161,4161.5,4158.0,4160.0,4160.5
2025-10-29 04:30:00,23800,4167,4160,4160,4167,4169,4161,4161,4168,4167.5,4160.5,4160.5,4167.5
2025-10-29 04:35:00,12500,4171,4167,4167,4169,4173,4168,4169,4170,4172.0,4167.5,4168.0,4169.5
2025-10-29 04:40:00,76600,4176,4168,4168,4174,4179,4169,4170,4176,4176.5,4168.5,4169.0,4175.0
2025-10-29 04:45:00,11900,4175,4172,4174,4173,4176,4173,4176,4174,4175.5,4172.5,4175.0,4173.5
2025-10-29 04:50:00,16100,4175,4171,4173,4174,4176,4172,4174,4175,4175.5,4171.5,4173.5,4174.5
2025-10-29 04:55:00,19400,4181,4174,4174,4177,4182,4175,4175,4178,4181.5,4174.5,4174.5,4177.5
2025-10-29 05:00:00,27300,4179,4170,4177,4170,4180,4171,4178,4171,4179.5,4170.5,4177.5,4170.5
2025-10-29 05:05:00,17900,4171,4165,4170,4171,4172,4166,4171,4172,4171.5,4165.5,4170.5,4171.5
2025-10-29 05:10:00,14800,4177,4170,4171,4174,4178,4171,4172,4175,4177.5,4170.5,4171.5,4174.5
2025-10-29 05:15:00,18700,4178,4171,4174,4175,4179,4172,4175,4176,4178.5,4171.5,4174.5,4175.5
2025-10-29 05:20:00,16800,4176,4168,4175,4169,4177,4169,4176,4170,4176.5,4168.5,4175.5,4169.5
2025-10-29 05:25:00,19100,4169,4163,4169,4163,4170,4164,4170,4164,4169.5,4163.5,4169.5,4163.5
2025-10-29 05:30:00,27400,4169,4163,4163,4167,4170,4164,4164,4168,4169.5,4163.5,4163.5,4167.5
2025-10-29 05:35:00,21000,4168,4163,4167,4165,4169,4164,4168,4166,4168.5,4163.5,4167.5,4165.5
2025-10-29 05:40:00,24500,4166,4157,4165,4159,4167,4159,4166,4160,4166.5,4158.0,4165.5,4159.5
2025-10-29 05:45:00,39300,4160,4153,4159,4157,4162,4154,4160,4159,4161.0,4153.5,4159.5,4158.0
2025-10-29 05:50:00,30500,4161,4156,4157,4159,4163,4157,4159,4160,4162.0,4156.5,4158.0,4159.5
2025-10-29 05:55:00,43100,4164,4156,4159,4156,4166,4157,4160,4158,4165.0,4156.5,4159.5,4157.0
2025-10-29 06:00:00,26200,4161,4154,4156,4154,4162,4155,4158,4155,4161.5,4154.5,4157.0,4154.5
2025-10-29 06:05:00,31900,4156,4151,4154,4154,4157,4152,4155,4155,4156.5,4151.5,4154.5,4154.5
2025-10-29 06:10:00,42700,4158,4152,4154,4158,4159,4153,4155,4159,4158.5,4152.5,4154.5,4158.5
2025-10-29 06:15:00,38700,4162,4154,4158,4154,4163,4155,4159,4155,4162.5,4154.5,4158.5,4154.5
2025-10-29 06:20:00,124800,4154,4120,4154,4121,4155,4121,4155,4127,4154.5,4120.5,4154.5,4124.0
2025-10-29 06:25:00,,4211,3958,4161,4134,4212,3959,4162,4135,4211.5,3958.5,4161.5,4134.5
2025-10-29 06:30:00,738000,4133,4133,4133,4133,4136,4136,4136,4136,4134.5,4134.5,4134.5,4134.5
2025-10-30 00:00:00,,4064,3946,3958,3994,4064,3947,3959,3994,4064.0,3946.5,3958.5,3994.0
2025-10-30 00:05:00,742100,3994,3885,3994,3909,3994,3889,3994,3910,3994.0,3887.5,3994.0,3909.5
2025-10-30 00:10:00,235200,3912,3871,3909,3871,3914,3873,3910,3874,3913.0,3872.0,3909.5,3872.5
2025-10-30 00:15:00,102900,3943,3870,3872,3921,3944,3872,3874,3924,3943.5,3871.0,3873.0,3922.5
2025-10-30 00:20:00,76300,3935,3904,3921,3929,3936,3905,3924,3931,3935.5,3904.5,3922.5,3930.0
2025-10-30 00:25:00,76000,3932,3898,3929,3904,3933,3899,3930,3905,3932.5,3898.5,3929.5,3904.5
2025-10-30 00:30:00,81500,3919,3897,3904,3900,3921,3899,3905,3902,3920.0,3898.0,3904.5,3901.0
2025-10-30 00:35:00,76900,3907,3888,3900,3889,3909,3889,3902,3891,3907.5,3888.5,3901.0,3890.0
2025-10-30 00:40:00,111700,3893,3876,3889,3884,3894,3878,3891,3885,3893.5,3877.0,3890.0,3884.5
2025-10-30 00:45:00,79500,3891,3876,3884,3879,3893,3877,3885,3880,3891.5,3876.5,3884.5,3879.5
2025-10-30 00:50:00,131200,3880,3865,3879,3874,3882,3868,3880,3876,3881.0,3867.0,3879.5,3875.0
2025-10-30 00:55:00,129300,3889,3872,3874,3886,3891,3874,3876,3888,3890.0,3873.0,3875.0,3887.0
2025-10-30 01:00:00,84600,3892,3867,3886,3869,3894,3869,3888,3870,3893.0,3868.0,3887.0,3869.5
2025-10-30 01:05:00,70900,3882,3867,3869,3880,3884,3868,3870,3881,3883.0,3867.5,3869.5,3880.5
2025-10-30 01:10:00,60800,3884,3865,3880,3869,3885,3866,3881,3870,3884.5,3865.5,3880.5,3869.5
2025-10-30 01:15:00,78500,3871,3856,3869,3856,3872,3857,3870,3858,3871.5,3856.5,3869.5,3857.0
2025-10-30 01:20:00,149100,3860,3848,3856,3853,3861,3849,3858,3855,3860.5,3848.5,3857.0,3854.0
2025-10-30 01:25:00,52800,3859,3851,3853,3853,3860,3852,3855,3855,3859.5,3851.5,3854.0,3854.0
2025-10-30 01:30:00,102200,3875,3853,3853,3869,3876,3855,3855,3871,3875.5,3854.0,3854.0,3870.0
2025-10-30 01:35:00,59700,3888,3869,3869,3880,3889,3870,3871,3882,3888.5,3869.5,3870.0,3881.0
2025-10-30 01:40:00,86500,3882,3868,3880,3869,3883,3869,3882,3871,3882.5,3868.5,3881.0,3870.0
2025-10-30 01:45:00,74800,3876,3858,3869,3863,3877,3860,3871,3864,3876.5,3859.0,3870.0,3863.5
2025-10-30 01:50:00,37500,3864,3856,3863,3858,3865,3857,3864,3860,3864.5,3856.5,3863.5,3859.0
2025-10-30 01:55:00,25300,3859,3853,3858,3853,3860,3854,3860,3854,3859.5,3853.5,3859.0,3853.5
2025-10-30 02:00:00,56900,3864,3851,3853,3852,3865,3852,3854,3853,3864.5,3851.5,3853.5,3852.5
2025-10-30 02:05:00,166600,3853,3840,3852,3850,3854,3844,3853,3852,3853.5,3842.5,3852.5,3851.0
2025-10-30 02:10:00,33000,3863,3847,3850,3862,3864,3848,3852,3863,3863.5,3847.5,3851.0,3862.5
2025-10-30 02:15:00,33100,3867,3850,3862,3853,3868,3851,3863,3854,3867.5,3850.5,3862.5,3853.5
2025-10-30 02:20:00,144500,3855,3835,3853,3836,3856,3837,3854,3838,3855.5,3836.5,3853.5,3837.0
2025-10-30 02:25:00,116300,3839,3825,3836,3825,3841,3826,3838,3828,3840.0,3825.5,3837.0,3826.5
2025-10-30 02:30:00,7400,3825,3825,3825,3825,3828,3828,3828,3828,3826.5,3826.5,3826.5,3826.5
2025-10-30 03:30:00,293800,3834,3816,3824,3833,3835,3817,3825,3835,3834.5,3816.5,3824.5,3834.0
2025-10-30 03:35:00,86800,3850,3832,3833,3847,3851,3833,3835,3848,3850.5,3832.5,3834.0,3847.5
2025-10-30 03:40:00,81200,3847,3834,3847,3838,3848,3835,3848,3840,3847.5,3834.5,3847.5,3839.0
2025-10-30 03:45:00,49400,3839,3833,3838,3834,3840,3834,3840,3835,3839.5,3833.5,3839.0,3834.5
2025-10-30 03:50:00,44400,3837,3831,3834,3832,3838,3832,3835,3834,3837.5,3831.5,3834.5,3833.0
2025-10-30 03:55:00,66400,3834,3830,3832,3834,3835,3831,3834,3835,3834.5,3830.5,3833.0,3834.5
2025-10-30 04:00:00,55200,3834,3821,3834,3821,3835,3823,3835,3823,3834.5,3822.0,3834.5,3822.0
2025-10-30 04:05:00,97900,3822,3807,3821,3808,3823,3808,3823,3809,3822.5,3807.5,3822.0,3808.5
2025-10-30 04:10:00,121600,3808,3798,3808,3804,3809,3799,3809,3805,3808.5,3798.5,3808.5,3804.5
2025-10-30 04:15:00,51600,3813,3801,3804,3810,3814,3802,3805,3811,3813.5,3801.5,3804.5,3810.5
2025-10-30 04:20:00,54300,3813,3800,3810,3801,3814,3801,3811,3803,3813.5,3800.5,3810.5,3802.0
2025-10-30 04:25:00,68900,3803,3796,3801,3800,3804,3797,3803,3801,3803.5,3796.5,3802.0,3800.5
2025-10-30 04:30:00,61500,3806,3796,3800,3806,3807,3797,3801,3807,3806.5,3796.5,3800.5,3806.5
2025-10-30 04:35:00,50000,3812,3805,3806,3806,3813,3806,3807,3807,3812.5,3805.5,3806.5,3806.5
2025-10-30 04:40:00,37900,3807,3800,3806,3800,3809,3801,3807,3801,3808.0,3800.5,3806.5,3800.5
2025-10-30 04:45:00,52200,3802,3797,3800,3798,3803,3798,3801,3799,3802.5,3797.5,3800.5,3798.5
2025-10-30 04:50:00,52000,3799,3795,3798,3797,3800,3796,3799,3798,3799.5,3795.5,3798.5,3797.5
2025-10-30 04:55:00,129300,3798,3789,3797,3792,3799,3790,3798,3793,3798.5,3789.5,3797.5,3792.5
2025-10-30 05:00:00,81500,3793,3787,3792,3789,3794,3788,3793,3790,3793.5,3787.5,3792.5,3789.5
2025-10-30 05:05:00,48400,3789,3785,3789,3788,3790,3786,3790,3790,3789.5,3785.5,3789.5,3789.0
2025-10-30 05:10:00,61500,3794,3787,3788,3787,3795,3788,3790,3789,3794.5,3787.5,3789.0,3788.0
2025-10-30 05:15:00,39700,3790,3786,3787,3786,3791,3787,3789,3788,3790.5,3786.5,3788.0,3787.0
2025-10-30 05:20:00,50100,3791,3785,3786,3789,3792,3786,3788,3790,3791.5,3785.5,3787.0,3789.5
2025-10-30 05:25:00,39700,3790,3787,3789,3788,3792,3788,3790,3789,3791.0,3787.5,3789.5,3788.5
2025-10-30 05:30:00,109000,3798,3784,3788,3794,3799,3785,3789,3796,3798.5,3784.5,3788.5,3795.0
2025-10-30 05:35:00,51700,3799,3792,3794,3798,3800,3793,3796,3799,3799.5,3792.5,3795.0,3798.5
2025-10-30 05:40:00,71700,3808,3796,3798,3807,3809,3797,3799,3809,3808.5,3796.5,3798.5,3808.0
2025-10-30 05:45:00,70800,3817,3807,3807,3807,3818,3808,3809,3809,3817.5,3807.5,3808.0,3808.0
2025-10-30 05:50:00,56700,3809,3803,3807,3808,3810,3804,3809,3809,3809.5,3803.5,3808.0,3808.5
2025-10-30 05:55:00,48300,3809,3803,3808,3805,3810,3805,3809,3807,3809.5,3804.0,3808.5,3806.0
2025-10-30 06:00:00,83800,3808,3799,3805,3806,3809,3800,3807,3807,3808.5,3799.5,3806.0,3806.5
2025-10-30 06:05:00,80400,3808,3802,3806,3807,3809,3803,3807,3808,3808.5,3802.5,3806.5,3807.5
2025-10-30 06:10:00,103400,3808,3800,3807,3804,3810,3801,3808,3805,3809.0,3800.5,3807.5,3804.5
2025-10-30 06:15:00,122700,3806,3799,3804,3802,3807,3800,3805,3804,3806.5,3799.5,3804.5,3803.0
2025-10-30 06:20:00,163800,3808,3795,3802,3795,3809,3796,3804,3797,3808.5,3795.5,3803.0,3796.0
2025-10-30 06:25:00,,3938,3720,3845,3792,3939,3721,3846,3793,3938.5,3720.5,3845.5,3792.5
2025-10-30 06:30:00,6319100,3792,3792,3792,3792,3795,3795,3795,3795,3793.5,3793.5,3793.5,3793.5
2025-10-31 00:00:00,467500,3795,3771,3794,3787,3799,3774,3795,3788,3796.5,3772.5,3794.5,3787.5
2025-10-31 00:05:00,135600,3808,3779,3787,3805,3810,3780,3788,3806,3809.0,3779.5,3787.5,3805.5
2025-10-31 00:10:00,112100,3814,3798,3805,3799,3815,3799,3806,3801,3814.5,3798.5,3805.5,3800.0
2025-10-31 00:15:00,98500,3828,3797,3799,3827,3829,3798,3801,3829,3828.5,3797.5,3800.0,3828.0
2025-10-31 00:20:00,100300,3843,3827,3827,3840,3844,3828,3829,3841,3843.5,3827.5,3828.0,3840.5
2025-10-31 00:25:00,59900,3842,3824,3840,3824,3843,3825,3841,3825,3842.5,3824.5,3840.5,3824.5
2025-10-31 00:30:00,59500,3833,3820,3824,3821,3834,3822,3825,3823,3833.5,3821.0,3824.5,3822.0
2025-10-31 00:35:00,50600,3832,3818,3821,3831,3833,3819,3823,3832,3832.5,3818.5,3822.0,3831.5
2025-10-31 00:40:00,45800,3832,3826,3831,3828,3833,3827,3832,3829,3832.5,3826.5,3831.5,3828.5
2025-10-31 00:45:00,27700,3839,3828,3828,3837,3840,3829,3829,3838,3839.5,3828.5,3828.5,3837.5
2025-10-31 00:50:00,85400,3843,3835,3837,3839,3844,3836,3838,3840,3843.5,3835.5,3837.5,3839.5
2025-10-31 00:55:00,74700,3840,3823,3839,3824,3841,3824,3840,3826,3840.5,3823.5,3839.5,3825.0
2025-10-31 01:00:00,40900,3827,3815,3824,3815,3828,3816,3826,3816,3827.5,3815.5,3825.0,3815.5
2025-10-31 01:05:00,45700,3826,3811,3815,3821,3827,3812,3816,3822,3826.5,3811.5,3815.5,3821.5
2025-10-31 01:10:00,75100,3823,3799,3821,3800,3824,3800,3822,3801,3823.5,3799.5,3821.5,3800.5
2025-10-31 01:15:00,28300,3802,3795,3800,3797,3803,3796,3801,3798,3802.5,3795.5,3800.5,3797.5
2025-10-31 01:20:00,39300,3798,3790,3797,3793,3799,3791,3798,3795,3798.5,3790.5,3797.5,3794.0
2025-10-31 01:25:00,43400,3801,3793,3793,3795,3802,3794,3795,3797,3801.5,3793.5,3794.0,3796.0
2025-10-31 01:30:00,28600,3801,3790,3795,3795,3802,3791,3797,3796,3801.5,3790.5,3796.0,3795.5
2025-10-31 01:35:00,31600,3809,3792,3795,3805,3810,3793,3796,3806,3809.5,3792.5,3795.5,3805.5
2025-10-31 01:40:00,51700,3810,3796,3805,3797,3811,3797,3806,3799,3810.5,3796.5,3805.5,3798.0
2025-10-31 01:45:00,58700,3798,3786,3797,3794,3799,3787,3799,3795,3798.5,3786.5,3798.0,3794.5
2025-10-31 01:50:00,38000,3801,3793,3794,3799,3802,3795,3795,3800,3801.5,3794.5,3794.5,3799.5
2025-10-31 01:55:00,18400,3804,3799,3799,3802,3805,3800,3800,3804,3804.5,3799.5,3799.5,3803.0
2025-10-31 02:00:00,21200,3804,3798,3802,3800,3805,3799,3804,3801,3804.5,3798.5,3803.0,3800.5
2025-10-31 02:05:00,24200,3804,3800,3800,3802,3805,3801,3801,3803,3804.5,3800.5,3800.5,3802.5
2025-10-31 02:10:00,24600,3804,3799,3802,3804,3805,3800,3803,3805,3804.5,3799.5,3802.5,3804.5
2025-10-31 02:15:00,29900,3816,3804,3804,3816,3817,3805,3805,3817,3816.5,3804.5,3804.5,3816.5
2025-10-31 02:20:00,36800,3819,3810,3816,3817,3820,3811,3817,3819,3819.5,3810.5,3816.5,3818.0
2025-10-31 02:25:00,27200,3818,3815,3817,3817,3820,3816,3819,3819,3819.0,3815.5,3818.0,3818.0
2025-10-31 02:30:00,2800,3816,3816,3816,3816,3819,3819,3819,3819,3817.5,3817.5,3817.5,3817.5
2025-10-31 03:30:00,212400,3844,3818,3823,3840,3845,3820,3824,3842,3844.5,3819.0,3823.5,3841.0
2025-10-31 03:35:00,45600,3847,3840,3840,3843,3848,3841,3842,3844,3847.5,3840.5,3841.0,3843.5
2025-10-31 03:40:00,40200,3847,3840,3843,3843,3848,3841,3844,3844,3847.5,3840.5,3843.5,3843.5
2025-10-31 03:45:00,40500,3846,3837,3843,3838,3847,3838,3844,3839,3846.5,3837.5,3843.5,3838.5
2025-10-31 03:50:00,27500,3838,3833,3837,3835,3839,3834,3839,3837,3838.5,3833.5,3838.0,3836.0
2025-10-31 03:55:00,29000,3836,3831,3835,3831,3837,3832,3837,3833,3836.5,3831.5,3836.0,3832.0
2025-10-31 04:00:00,22800,3837,3831,3831,3833,3838,3832,3833,3834,3837.5,3831.5,3832.0,3833.5
2025-10-31 04:05:00,29200,3834,3829,3833,3833,3835,3831,3834,3834,3834.5,3830.5,3833.5,3833.5
2025-10-31 04:10:00,19600,3833,3829,3833,3830,3834,3830,3834,3832,3833.5,3829.5,3833.5,3831.0
2025-10-31 04:15:00,25300,3838,3829,3830,3835,3839,3830,3832,3836,3838.5,3829.5,3831.0,3835.5
2025-10-31 04:20:00,30800,3836,3828,3835,3829,3837,3829,3836,3830,3836.5,3828.5,3835.5,3829.5
2025-10-31 04:25:00,48300,3829,3817,3829,3818,3830,3819,3830,3819,3829.5,3818.0,3829.5,3818.5
2025-10-31 04:30:00,60800,3821,3811,3818,3820,3822,3812,3819,3821,3821.5,3811.5,3818.5,3820.5
2025-10-31 04:35:00,44000,3833,3820,3820,3830,3834,3821,3821,3831,3833.5,3820.5,3820.5,3830.5
2025-10-31 04:40:00,28900,3831,3820,3830,3821,3832,3821,3831,3822,3831.5,3820.5,3830.5,3821.5
2025-10-31 04:45:00,27100,3824,3817,3821,3823,3825,3818,3822,3824,3824.5,3817.5,3821.5,3823.5
2025-10-31 04:50:00,24000,3830,3821,3823,3829,3831,3822,3824,3830,3830.5,3821.5,3823.5,3829.5
2025-10-31 04:55:00,46300,3834,3826,3829,3826,3835,3827,3830,3827,3834.5,3826.5,3829.5,3826.5
2025-10-31 05:00:00,26600,3826,3816,3826,3818,3828,3817,3827,3819,3827.0,3816.5,3826.5,3818.5
2025-10-31 05:05:00,27500,3821,3816,3818,3816,3822,3817,3819,3817,3821.5,3816.5,3818.5,3816.5
2025-10-31 05:10:00,19100,3820,3816,3816,3820,3821,3817,3817,3821,3820.5,3816.5,3816.5,3820.5
2025-10-31 05:15:00,40200,3822,3815,3820,3816,3823,3816,3821,3817,3822.5,3815.5,3820.5,3816.5
2025-10-31 05:20:00,14200,3817,3810,3816,3811,3818,3812,3817,3812,3817.5,3811.0,3816.5,3811.5
2025-10-31 05:25:00,25800,3814,3811,3811,3812,3815,3812,3812,3813,3814.5,3811.5,3811.5,3812.5
2025-10-31 05:30:00,44600,3813,3806,3812,3806,3814,3807,3813,3807,3813.5,3806.5,3812.5,3806.5
2025-10-31 05:35:00,44300,3807,3802,3806,3803,3808,3803,3807,3804,3807.5,3802.5,3806.5,3803.5
2025-10-31 05:40:00,89800,3804,3794,3803,3800,3805,3795,3804,3801,3804.5,3794.5,3803.5,3800.5
2025-10-31 05:45:00,54000,3801,3791,3800,3792,3802,3793,3801,3793,3801.5,3792.0,3800.5,3792.5
2025-10-31 05:50:00,61500,3793,3786,3792,3790,3794,3787,3793,3791,3793.5,3786.5,3792.5,3790.5
2025-10-31 05:55:00,49800,3794,3786,3790,3787,3795,3787,3791,3788,3794.5,3786.5,3790.5,3787.5
2025-10-31 06:00:00,47500,3789,3785,3787,3787,3790,3786,3788,3789,3789.5,3785.5,3787.5,3788.0
2025-10-31 06:05:00,48200,3787,3781,3787,3784,3789,3782,3789,3785,3788.0,3781.5,3788.0,3784.5
2025-10-31 06:10:00,52300,3788,3781,3784,3788,3789,3782,3785,3789,3788.5,3781.5,3784.5,3788.5
2025-10-31 06:15:00,76200,3791,3784,3788,3785,3792,3785,3789,3787,3791.5,3784.5,3788.5,3786.0
2025-10-31 06:20:00,139800,3786,3777,3785,3777,3787,3780,3787,3781,3786.5,3778.5,3786.0,3779.0
2025-10-31 06:25:00,,3837,3677,3824,3766,3838,3678,3825,3767,3837.5,3677.5,3824.5,3766.5
2025-10-31 06:30:00,2404200,3765,3765,3765,3765,3777,3777,3777,3777,3771.0,3771.0,3771.0,3771.0
2025-11-04 00:00:00,307100,3819,3776,3802,3786,3820,3778,3803,3788,3819.5,3777.0,3802.5,3787.0
2025-11-04 00:05:00,67500,3787,3756,3786,3760,3789,3758,3788,3762,3788.0,3757.0,3787.0,3761.0
2025-11-04 00:10:00,65100,3763,3746,3760,3748,3764,3747,3762,3749,3763.5,3746.5,3761.0,3748.5
2025-11-04 00:15:00,49800,3763,3747,3748,3763,3764,3748,3749,3764,3763.5,3747.5,3748.5,3763.5
2025-11-04 00:20:00,44800,3765,3752,3763,3759,3766,3754,3764,3761,3765.5,3753.0,3763.5,3760.0
2025-11-04 00:25:00,23400,3760,3754,3759,3756,3761,3755,3761,3757,3760.5,3754.5,3760.0,3756.5
2025-11-04 00:30:00,24100,3760,3753,3756,3757,3761,3754,3757,3758,3760.5,3753.5,3756.5,3757.5
2025-11-04 00:35:00,24900,3761,3754,3757,3755,3763,3755,3758,3756,3761.5,3754.5,3757.5,3755.5
2025-11-04 00:40:00,33600,3771,3755,3755,3767,3772,3756,3756,3768,3771.5,3755.5,3755.5,3767.5
2025-11-04 00:45:00,22900,3795,3764,3767,3794,3797,3765,3768,3796,3796.0,3764.5,3767.5,3795.0
2025-11-04 00:50:00,30500,3801,3788,3794,3801,3803,3789,3796,3802,3802.0,3788.5,3795.0,3801.5
2025-11-04 00:55:00,24400,3802,3793,3801,3799,3803,3794,3802,3800,3802.5,3793.5,3801.5,3799.5
2025-11-04 01:00:00,30500,3810,3799,3799,3803,3811,3800,3800,3804,3810.5,3799.5,3799.5,3803.5
2025-11-04 01:05:00,26600,3808,3801,3803,3805,3810,3802,3804,3807,3809.0,3801.5,3803.5,3806.0
2025-11-04 01:10:00,22100,3810,3801,3805,3809,3811,3802,3807,3811,3810.5,3801.5,3806.0,3810.0
2025-11-04 01:15:00,69800,3834,3808,3809,3830,3835,3810,3811,3831,3834.5,3809.0,3810.0,3830.5
2025-11-04 01:20:00,39000,3836,3827,3830,3829,3837,3829,3831,3830,3836.5,3828.0,3830.5,3829.5
2025-11-04 01:25:00,23900,3830,3817,3829,3821,3831,3818,3830,3822,3830.5,3817.5,3829.5,3821.5
2025-11-04 01:30:00,40000,3822,3812,3821,3812,3823,3814,3822,3814,3822.5,3813.0,3821.5,3813.0
2025-11-04 01:35:00,26600,3820,3812,3813,3817,3821,3813,3814,3818,3820.5,3812.5,3813.5,3817.5
2025-11-04 01:40:00,39200,3817,3790,3817,3791,3819,3792,3818,3792,3818.0,3791.0,3817.5,3791.5
2025-11-04 01:45:00,17600,3804,3791,3791,3804,3805,3792,3792,3805,3804.5,3791.5,3791.5,3804.5
2025-11-04 01:50:00,21600,3804,3794,3804,3794,3805,3795,3805,3796,3804.5,3794.5,3804.5,3795.0
2025-11-04 01:55:00,14800,3799,3793,3794,3798,3800,3794,3796,3799,3799.5,3793.5,3795.0,3798.5
2025-11-04 02:00:00,27200,3804,3793,3798,3796,3805,3794,3799,3797,3804.5,3793.5,3798.5,3796.5
2025-11-04 02:05:00,13400,3797,3794,3796,3795,3798,3795,3797,3796,3797.5,3794.5,3796.5,3795.5
2025-11-04 02:10:00,9900,3801,3795,3795,3801,3802,3796,3796,3802,3801.5,3795.5,3795.5,3801.5
2025-11-04 02:15:00,17600,3801,3793,3801,3797,3802,3794,3802,3798,3801.5,3793.5,3801.5,3797.5
2025-11-04 02:20:00,23200,3799,3789,3797,3790,3800,3790,3798,3791,3799.5,3789.5,3797.5,3790.5
2025-11-04 02:25:00,22200,3791,3786,3790,3787,3792,3787,3791,3789,3791.5,3786.5,3790.5,3788.0
2025-11-04 02:30:00,2600,3786,3786,3786,3786,3789,3789,3789,3789,3787.5,3787.5,3787.5,3787.5
2025-11-04 03:30:00,105600,3794,3783,3791,3789,3796,3784,3792,3790,3795.0,3783.5,3791.5,3789.5
2025-11-04 03:35:00,48100,3789,3767,3789,3768,3790,3768,3790,3769,3789.5,3767.5,3789.5,3768.5
2025-11-04 03:40:00,32500,3769,3758,3768,3764,3770,3759,3769,3765,3769.5,3758.5,3768.5,3764.5
2025-11-04 03:45:00,25700,3765,3761,3764,3764,3766,3762,3765,3765,3765.5,3761.5,3764.5,3764.5
2025-11-04 03:50:00,20700,3765,3758,3764,3760,3766,3759,3765,3761,3765.5,3758.5,3764.5,3760.5
2025-11-04 03:55:00,27700,3762,3752,3760,3752,3763,3753,3761,3753,3762.5,3752.5,3760.5,3752.5
2025-11-04 04:00:00,23500,3753,3750,3752,3750,3754,3751,3753,3751,3753.5,3750.5,3752.5,3750.5
2025-11-04 04:05:00,56800,3751,3740,3750,3742,3752,3741,3751,3743,3751.5,3740.5,3750.5,3742.5
2025-11-04 04:10:00,91700,3751,3736,3742,3745,3752,3738,3743,3746,3751.5,3737.0,3742.5,3745.5
2025-11-04 04:15:00,20800,3749,3742,3745,3745,3750,3743,3746,3746,3749.5,3742.5,3745.5,3745.5
2025-11-04 04:20:00,48500,3749,3740,3745,3745,3751,3741,3746,3746,3750.0,3740.5,3745.5,3745.5
2025-11-04 04:25:00,33900,3750,3741,3745,3750,3752,3743,3746,3751,3751.0,3742.0,3745.5,3750.5
2025-11-04 04:30:00,25600,3756,3748,3750,3754,3757,3749,3751,3755,3756.5,3748.5,3750.5,3754.5
2025-11-04 04:35:00,16900,3755,3749,3754,3750,3756,3750,3755,3751,3755.5,3749.5,3754.5,3750.5
2025-11-04 04:40:00,21100,3751,3748,3750,3749,3752,3749,3751,3750,3751.5,3748.5,3750.5,3749.5
2025-11-04 04:45:00,18000,3754,3749,3749,3752,3755,3750,3750,3753,3754.5,3749.5,3749.5,3752.5
2025-11-04 04:50:00,15100,3755,3752,3752,3753,3756,3753,3753,3754,3755.5,3752.5,3752.5,3753.5
2025-11-04 04:55:00,26000,3757,3751,3753,3752,3758,3752,3754,3753,3757.5,3751.5,3753.5,3752.5
2025-11-04 05:00:00,30100,3753,3748,3752,3749,3754,3749,3753,3751,3753.5,3748.5,3752.5,3750.0
2025-11-04 05:05:00,14500,3751,3749,3749,3751,3752,3751,3751,3752,3751.5,3750.0,3750.0,3751.5
2025-11-04 05:10:00,25000,3751,3745,3751,3748,3752,3746,3752,3749,3751.5,3745.5,3751.5,3748.5
2025-11-04 05:15:00,25300,3749,3745,3748,3747,3750,3746,3749,3749,3749.5,3745.5,3748.5,3748.0
2025-11-04 05:20:00,23600,3749,3742,3747,3742,3750,3743,3749,3743,3749.5,3742.5,3748.0,3742.5
2025-11-04 05:25:00,44500,3744,3739,3742,3741,3745,3740,3743,3742,3744.5,3739.5,3742.5,3741.5
2025-11-04 05:30:00,29300,3741,3737,3741,3738,3743,3738,3742,3740,3742.0,3737.5,3741.5,3739.0
2025-11-04 05:35:00,29000,3746,3737,3738,3737,3748,3738,3740,3738,3747.0,3737.5,3739.0,3737.5
2025-11-04 05:40:00,55500,3739,3733,3737,3738,3740,3734,3738,3739,3739.5,3733.5,3737.5,3738.5
2025-11-04 05:45:00,35700,3743,3738,3738,3743,3744,3739,3739,3744,3743.5,3738.5,3738.5,3743.5
2025-11-04 05:50:00,35800,3744,3740,3743,3740,3745,3741,3744,3741,3744.5,3740.5,3743.5,3740.5
2025-11-04 05:55:00,54000,3746,3739,3740,3746,3747,3740,3741,3747,3746.5,3739.5,3740.5,3746.5
2025-11-04 06:00:00,46100,3750,3744,3746,3749,3752,3745,3747,3750,3751.0,3744.5,3746.5,3749.5
2025-11-04 06:05:00,67900,3752,3742,3749,3744,3753,3743,3750,3745,3752.5,3742.5,3749.5,3744.5
2025-11-04 06:10:00,80900,3745,3737,3744,3738,3746,3738,3745,3739,3745.5,3737.5,3744.5,3738.5
2025-11-04 06:15:00,71100,3742,3737,3738,3737,3743,3738,3739,3738,3742.5,3737.5,3738.5,3737.5
2025-11-04 06:20:00,154900,3739,3730,3737,3733,3740,3731,3738,3736,3739.5,3730.5,3737.5,3734.5
2025-11-04 06:25:00,,3843,3716,3729,3760,3844,3717,3730,3761,3843.5,3716.5,3729.5,3760.5
2025-11-04 06:30:00,1698900,3751,3751,3751,3751,3761,3761,3761,3761,3756.0,3756.0,3756.0,3756.0
2025-11-05 00:00:00,402200,3862,3830,3859,3842,3864,3831,3860,3843,3862.5,3831.0,3859.5,3842.5
2025-11-05 00:05:00,105100,3853,3826,3842,3846,3854,3828,3843,3847,3853.5,3827.0,3842.5,3846.5
2025-11-05 00:10:00,71900,3846,3822,3845,3840,3847,3824,3847,3842,3846.5,3823.0,3846.0,3841.0
2025-11-05 00:15:00,84700,3855,3837,3840,3850,3856,3839,3842,3852,3855.5,3838.0,3841.0,3851.0
2025-11-05 00:20:00,60200,3861,3843,3850,3848,3862,3844,3852,3851,3861.5,3843.5,3851.0,3849.5
2025-11-05 00:25:00,31500,3851,3830,3848,3841,3853,3832,3851,3843,3852.0,3831.0,3849.5,3842.0
2025-11-05 00:30:00,31700,3858,3841,3841,3857,3859,3843,3843,3858,3858.5,3842.0,3842.0,3857.5
2025-11-05 00:35:00,48000,3863,3855,3857,3860,3864,3856,3858,3862,3863.5,3855.5,3857.5,3861.0
2025-11-05 00:40:00,43600,3868,3859,3860,3865,3869,3860,3862,3866,3868.5,3859.5,3861.0,3865.5
2025-11-05 00:45:00,42600,3869,3857,3865,3861,3870,3858,3866,3862,3869.5,3857.5,3865.5,3861.5
2025-11-05 00:50:00,16000,3866,3860,3861,3866,3868,3861,3862,3867,3867.0,3860.5,3861.5,3866.5
2025-11-05 00:55:00,67600,3878,3866,3866,3872,3880,3867,3867,3874,3879.0,3866.5,3866.5,3873.0
2025-11-05 01:00:00,50600,3877,3862,3872,3862,3879,3863,3874,3863,3878.0,3862.5,3873.0,3862.5
2025-11-05 01:05:00,30900,3876,3861,3862,3866,3877,3862,3863,3867,3876.5,3861.5,3862.5,3866.5
2025-11-05 01:10:00,81800,3873,3855,3866,3855,3874,3856,3867,3856,3873.5,3855.5,3866.5,3855.5
2025-11-05 01:15:00,36300,3860,3846,3855,3849,3861,3847,3856,3850,3860.5,3846.5,3855.5,3849.5
2025-11-05 01:20:00,58300,3852,3843,3849,3843,3854,3844,3850,3844,3853.0,3843.5,3849.5,3843.5
2025-11-05 01:25:00,44900,3847,3835,3843,3838,3849,3836,3844,3839,3848.0,3835.5,3843.5,3838.5
2025-11-05 01:30:00,41000,3850,3838,3838,3847,3852,3839,3839,3848,3850.5,3838.5,3838.5,3847.5
2025-11-05 01:35:00,80300,3854,3839,3847,3839,3855,3840,3848,3842,3854.5,3839.5,3847.5,3840.5
2025-11-05 01:40:00,42800,3851,3827,3839,3827,3852,3828,3842,3828,3851.5,3827.5,3840.5,3827.5
2025-11-05 01:45:00,22100,3840,3827,3827,3832,3841,3828,3828,3833,3840.5,3827.5,3827.5,3832.5
2025-11-05 01:50:00,26300,3838,3823,3832,3838,3840,3824,3833,3840,3839.0,3823.5,3832.5,3839.0
2025-11-05 01:55:00,14800,3839,3832,3838,3838,3840,3833,3840,3839,3839.5,3832.5,3839.0,3838.5
2025-11-05 02:00:00,59300,3839,3826,3838,3829,3841,3827,3839,3830,3840.0,3826.5,3838.5,3829.5
2025-11-05 02:05:00,32000,3839,3823,3829,3838,3840,3824,3830,3839,3839.5,3823.5,3829.5,3838.5
2025-11-05 02:10:00,34900,3844,3835,3838,3841,3845,3836,3839,3842,3844.5,3835.5,3838.5,3841.5
2025-11-05 02:15:00,17900,3841,3833,3841,3836,3843,3834,3842,3837,3842.0,3833.5,3841.5,3836.5
2025-11-05 02:20:00,28700,3840,3830,3836,3840,3841,3831,3837,3841,3840.5,3830.5,3836.5,3840.5
2025-11-05 02:25:00,27200,3844,3837,3840,3841,3845,3838,3841,3844,3844.5,3837.5,3840.5,3842.5
2025-11-05 02:30:00,6200,3841,3841,3841,3841,3846,3846,3846,3846,3843.5,3843.5,3843.5,3843.5
2025-11-05 03:30:00,237000,3886,3855,3868,3883,3888,3864,3869,3885,3887.0,3860.0,3868.5,3884.0
2025-11-05 03:35:00,69900,3887,3878,3883,3880,3888,3879,3885,3881,3887.5,3878.5,3884.0,3880.5
2025-11-05 03:40:00,43700,3883,3872,3880,3880,3884,3873,3881,3882,3883.5,3872.5,3880.5,3881.0
2025-11-05 03:45:00,120700,3896,3879,3880,3889,3897,3881,3882,3891,3896.5,3880.0,3881.0,3890.0
2025-11-05 03:50:00,66400,3901,3889,3889,3892,3902,3890,3891,3893,3901.5,3889.5,3890.0,3892.5
2025-11-05 03:55:00,28200,3895,3888,3892,3892,3896,3889,3893,3893,3895.5,3888.5,3892.5,3892.5
2025-11-05 04:00:00,37900,3902,3891,3892,3898,3903,3892,3893,3899,3902.5,3891.5,3892.5,3898.5
2025-11-05 04:05:00,17600,3899,3894,3898,3898,3900,3895,3899,3899,3899.5,3894.5,3898.5,3898.5
2025-11-05 04:10:00,70800,3914,3898,3898,3913,3915,3899,3899,3915,3914.5,3898.5,3898.5,3914.0
2025-11-05 04:15:00,37200,3916,3908,3913,3913,3918,3910,3915,3914,3917.0,3909.0,3914.0,3913.5
2025-11-05 04:20:00,34000,3918,3910,3913,3915,3919,3911,3914,3917,3918.5,3910.5,3913.5,3916.0
2025-11-05 04:25:00,24700,3918,3906,3915,3909,3919,3907,3917,3910,3918.5,3906.5,3916.0,3909.5
2025-11-05 04:30:00,23200,3915,3909,3909,3915,3917,3910,3910,3916,3916.0,3909.5,3909.5,3915.5
2025-11-05 04:35:00,27600,3915,3908,3915,3911,3916,3909,3916,3913,3915.5,3908.5,3915.5,3912.0
2025-11-05 04:40:00,24600,3916,3911,3911,3914,3917,3913,3913,3915,3916.5,3912.0,3912.0,3914.5
2025-11-05 04:45:00,23500,3917,3913,3914,3915,3918,3914,3915,3916,3917.5,3913.5,3914.5,3915.5
2025-11-05 04:50:00,25300,3917,3909,3915,3911,3918,3910,3916,3912,3917.5,3909.5,3915.5,3911.5
2025-11-05 04:55:00,19800,3914,3910,3911,3911,3915,3911,3912,3912,3914.5,3910.5,3911.5,3911.5
2025-11-05 05:00:00,24600,3913,3909,3911,3911,3914,3910,3912,3912,3913.5,3909.5,3911.5,3911.5
2025-11-05 05:05:00,34900,3913,3907,3911,3912,3914,3908,3912,3913,3913.5,3907.5,3911.5,3912.5
2025-11-05 05:10:00,29600,3913,3907,3912,3911,3914,3909,3913,3912,3913.5,3908.0,3912.5,3911.5
2025-11-05 05:15:00,35800,3912,3901,3911,3906,3913,3902,3912,3908,3912.5,3901.5,3911.5,3907.0
2025-11-05 05:20:00,21300,3906,3901,3906,3901,3908,3902,3908,3903,3907.0,3901.5,3907.0,3902.0
2025-11-05 05:25:00,34200,3905,3898,3901,3904,3906,3900,3903,3905,3905.5,3899.0,3902.0,3904.5
2025-11-05 05:30:00,31800,3908,3897,3904,3898,3909,3898,3905,3899,3908.5,3897.5,3904.5,3898.5
2025-11-05 05:35:00,22400,3901,3896,3898,3897,3902,3897,3899,3898,3901.5,3896.5,3898.5,3897.5
2025-11-05 05:40:00,67800,3900,3887,3897,3899,3901,3888,3898,3900,3900.5,3887.5,3897.5,3899.5
2025-11-05 05:45:00,44100,3905,3897,3899,3902,3906,3898,3900,3904,3905.5,3897.5,3899.5,3903.0
2025-11-05 05:50:00,46900,3911,3902,3902,3909,3912,3903,3904,3911,3911.5,3902.5,3903.0,3910.0
2025-11-05 05:55:00,39600,3912,3907,3909,3908,3913,3908,3911,3910,3912.5,3907.5,3910.0,3909.0
2025-11-05 06:00:00,45500,3913,3902,3908,3911,3914,3903,3910,3912,3913.5,3902.5,3909.0,3911.5
2025-11-05 06:05:00,40100,3912,3906,3911,3911,3914,3908,3912,3912,3913.0,3907.0,3911.5,3911.5
2025-11-05 06:10:00,85800,3920,3910,3911,3917,3922,3911,3912,3918,3921.0,3910.5,3911.5,3917.5
2025-11-05 06:15:00,72100,3927,3917,3917,3924,3929,3918,3918,3926,3928.0,3917.5,3917.5,3925.0
2025-11-05 06:20:00,122500,3928,3918,3924,3928,3930,3919,3926,3930,3929.0,3918.5,3925.0,3929.0
2025-11-05 06:25:00,,4274,3919,3921,3929,4275,3920,3922,3930,4274.5,3919.5,3921.5,3929.5
2025-11-05 06:30:00,1363700,3929,3929,3929,3929,3930,3930,3930,3930,3929.5,3929.5,3929.5,3929.5
2025-11-06 00:00:00,491600,3903,3860,3868,3891,3905,3867,3869,3892,3903.5,3865.0,3868.5,3891.5
2025-11-06 00:05:00,81300,3907,3890,3891,3897,3909,3891,3892,3898,3908.0,3890.5,3891.5,3897.5
2025-11-06 00:10:00,47500,3906,3888,3897,3904,3908,3890,3898,3906,3907.0,3889.5,3897.5,3905.0
2025-11-06 00:15:00,58900,3911,3892,3904,3898,3913,3893,3906,3899,3912.0,3892.5,3905.0,3898.5
2025-11-06 00:20:00,33600,3909,3896,3898,3908,3911,3898,3899,3910,3910.0,3897.0,3898.5,3909.0
2025-11-06 00:25:00,46400,3910,3901,3908,3909,3911,3902,3910,3910,3910.5,3901.5,3909.0,3909.5
2025-11-06 00:30:00,29000,3909,3903,3909,3905,3910,3904,3910,3906,3909.5,3903.5,3909.5,3905.5
2025-11-06 00:35:00,26600,3910,3904,3905,3909,3911,3905,3906,3910,3910.5,3904.5,3905.5,3909.5
2025-11-06 00:40:00,31500,3914,3908,3909,3908,3915,3909,3910,3909,3914.5,3908.5,3909.5,3908.5
2025-11-06 00:45:00,39700,3908,3903,3908,3906,3909,3904,3909,3907,3908.5,3903.5,3908.5,3906.5
2025-11-06 00:50:00,52200,3915,3903,3906,3912,3916,3904,3907,3913,3915.5,3903.5,3906.5,3912.5
2025-11-06 00:55:00,37300,3922,3912,3912,3920,3923,3913,3913,3921,3922.5,3912.5,3912.5,3920.5
2025-11-06 01:00:00,33500,3920,3912,3920,3913,3921,3913,3921,3914,3920.5,3912.5,3920.5,3913.5
2025-11-06 01:05:00,36400,3917,3909,3913,3913,3918,3910,3914,3915,3917.5,3909.5,3913.5,3914.0
2025-11-06 01:10:00,35800,3917,3909,3913,3915,3918,3910,3915,3916,3917.5,3909.5,3914.0,3915.5
2025-11-06 01:15:00,20100,3918,3914,3915,3918,3919,3915,3916,3919,3918.5,3914.5,3915.5,3918.5
2025-11-06 01:20:00,27900,3919,3915,3918,3917,3920,3916,3919,3918,3919.5,3915.5,3918.5,3917.5
2025-11-06 01:25:00,38700,3918,3906,3917,3909,3920,3907,3918,3910,3919.0,3906.5,3917.5,3909.5
2025-11-06 01:30:00,25300,3915,3905,3909,3911,3916,3906,3910,3912,3915.5,3905.5,3909.5,3911.5
2025-11-06 01:35:00,21300,3917,3911,3911,3916,3918,3912,3912,3917,3917.5,3911.5,3911.5,3916.5
2025-11-06 01:40:00,39700,3924,3916,3916,3919,3925,3917,3917,3920,3924.5,3916.5,3916.5,3919.5
2025-11-06 01:45:00,40700,3923,3915,3919,3918,3924,3916,3920,3919,3923.5,3915.5,3919.5,3918.5
2025-11-06 01:50:00,56700,3924,3914,3918,3918,3925,3916,3919,3919,3924.5,3915.0,3918.5,3918.5
2025-11-06 01:55:00,49200,3919,3913,3917,3915,3920,3915,3919,3916,3919.5,3914.0,3918.0,3915.5
2025-11-06 02:00:00,57400,3920,3914,3915,3918,3922,3915,3916,3919,3921.0,3914.5,3915.5,3918.5
2025-11-06 02:05:00,45300,3924,3917,3917,3917,3925,3918,3919,3918,3924.5,3917.5,3918.0,3917.5
2025-11-06 02:10:00,57200,3919,3911,3917,3917,3920,3912,3918,3919,3919.5,3911.5,3917.5,3918.0
2025-11-06 02:15:00,64300,3924,3916,3917,3920,3926,3917,3919,3921,3924.5,3916.5,3918.0,3920.5
2025-11-06 02:20:00,79100,3938,3919,3920,3933,3939,3920,3921,3934,3938.5,3919.5,3920.5,3933.5
2025-11-06 02:25:00,27400,3940,3929,3933,3936,3942,3930,3934,3938,3941.0,3929.5,3933.5,3937.0
2025-11-06 02:30:00,3200,3936,3936,3936,3936,3939,3939,3939,3939,3937.5,3937.5,3937.5,3937.5
2025-11-06 03:30:00,121500,3957,3930,3943,3952,3958,3932,3943,3953,3957.5,3931.0,3943.0,3952.5
2025-11-06 03:35:00,47000,3954,3945,3952,3949,3955,3946,3953,3950,3954.5,3945.5,3952.5,3949.5
2025-11-06 03:40:00,31300,3954,3946,3949,3950,3955,3947,3950,3951,3954.5,3946.5,3949.5,3950.5
2025-11-06 03:45:00,29600,3956,3948,3950,3956,3957,3949,3951,3957,3956.5,3948.5,3950.5,3956.5
2025-11-06 03:50:00,25100,3958,3952,3956,3954,3959,3954,3957,3955,3958.5,3953.0,3956.5,3954.5
2025-11-06 03:55:00,33900,3956,3951,3954,3953,3957,3952,3955,3954,3956.5,3951.5,3954.5,3953.5
2025-11-06 04:00:00,23200,3954,3950,3953,3950,3955,3951,3954,3951,3954.5,3950.5,3953.5,3950.5
2025-11-06 04:05:00,28700,3959,3950,3950,3956,3960,3951,3951,3957,3959.5,3950.5,3950.5,3956.5
2025-11-06 04:10:00,31700,3957,3952,3956,3957,3959,3953,3957,3958,3958.0,3952.5,3956.5,3957.5
2025-11-06 04:15:00,31500,3959,3955,3957,3957,3960,3956,3958,3958,3959.5,3955.5,3957.5,3957.5
2025-11-06 04:20:00,29100,3958,3948,3957,3951,3959,3949,3958,3952,3958.5,3948.5,3957.5,3951.5
2025-11-06 04:25:00,21300,3957,3951,3951,3956,3958,3952,3952,3957,3957.5,3951.5,3951.5,3956.5
2025-11-06 04:30:00,44300,3965,3956,3956,3965,3966,3957,3957,3966,3965.5,3956.5,3956.5,3965.5
2025-11-06 04:35:00,31200,3972,3965,3965,3970,3974,3966,3966,3972,3973.0,3965.5,3965.5,3971.0
2025-11-06 04:40:00,24500,3976,3969,3970,3976,3977,3970,3972,3977,3976.5,3969.5,3971.0,3976.5
2025-11-06 04:45:00,19300,3979,3976,3976,3977,3980,3977,3977,3978,3979.5,3976.5,3976.5,3977.5
2025-11-06 04:50:00,17900,3978,3975,3977,3977,3979,3976,3978,3978,3978.5,3975.5,3977.5,3977.5
2025-11-06 04:55:00,28400,3981,3975,3977,3977,3982,3976,3978,3978,3981.5,3975.5,3977.5,3977.5
2025-11-06 05:00:00,24600,3983,3973,3977,3982,3984,3975,3978,3983,3983.5,3974.0,3977.5,3982.5
2025-11-06 05:05:00,17700,3982,3978,3982,3978,3983,3979,3983,3979,3982.5,3978.5,3982.5,3978.5
2025-11-06 05:10:00,19500,3979,3975,3978,3976,3980,3976,3979,3977,3979.5,3975.5,3978.5,3976.5
2025-11-06 05:15:00,16100,3984,3976,3976,3982,3985,3977,3977,3983,3984.5,3976.5,3976.5,3982.5
2025-11-06 05:20:00,17300,3984,3980,3982,3981,3985,3982,3983,3982,3984.5,3981.0,3982.5,3981.5
2025-11-06 05:25:00,18200,3981,3977,3981,3979,3982,3978,3982,3980,3981.5,3977.5,3981.5,3979.5
2025-11-06 05:30:00,14800,3981,3979,3979,3981,3982,3980,3980,3982,3981.5,3979.5,3979.5,3981.5
2025-11-06 05:35:00,23100,3983,3977,3981,3978,3984,3978,3982,3979,3983.5,3977.5,3981.5,3978.5
2025-11-06 05:40:00,14800,3980,3976,3978,3979,3981,3977,3979,3980,3980.5,3976.5,3978.5,3979.5
2025-11-06 05:45:00,25900,3979,3973,3979,3977,3980,3974,3980,3978,3979.5,3973.5,3979.5,3977.5
2025-11-06 05:50:00,21400,3979,3974,3977,3975,3980,3975,3978,3976,3979.5,3974.5,3977.5,3975.5
2025-11-06 05:55:00,18300,3977,3972,3975,3975,3978,3973,3976,3976,3977.5,3972.5,3975.5,3975.5
2025-11-06 06:00:00,26700,3975,3968,3975,3975,3976,3970,3976,3976,3975.5,3969.0,3975.5,3975.5
2025-11-06 06:05:00,31200,3978,3972,3975,3974,3980,3973,3976,3975,3979.0,3972.5,3975.5,3974.5
2025-11-06 06:10:00,45300,3977,3973,3974,3975,3978,3974,3975,3977,3977.5,3973.5,3974.5,3976.0
2025-11-06 06:15:00,65000,3978,3968,3975,3977,3979,3969,3977,3979,3978.5,3968.5,3976.0,3978.0
2025-11-06 06:20:00,108700,3993,3976,3977,3992,3994,3978,3979,3993,3993.5,3977.0,3978.0,3992.5
2025-11-06 06:25:00,,4112,3989,4029,3989,4113,3990,4030,3990,4112.5,3989.5,4029.5,3989.5
2025-11-06 06:30:00,1245800,3985,3985,3985,3985,3991,3991,3991,3991,3988.0,3988.0,3988.0,3988.0
2025-11-07 00:00:00,341800,4062,4010,4024,4050,4063,4011,4025,4052,4062.5,4010.5,4024.5,4051.0
2025-11-07 00:05:00,89800,4059,4042,4050,4055,4060,4043,4052,4057,4059.5,4042.5,4051.0,4056.0
2025-11-07 00:10:00,81500,4058,4040,4055,4041,4059,4041,4057,4042,4058.5,4040.5,4056.0,4041.5
2025-11-07 00:15:00,68500,4046,4031,4041,4036,4047,4032,4042,4037,4046.5,4031.5,4041.5,4036.5
2025-11-07 00:20:00,52600,4042,4030,4036,4040,4043,4031,4037,4041,4042.5,4030.5,4036.5,4040.5
2025-11-07 00:25:00,35700,4040,4026,4040,4030,4041,4027,4041,4031,4040.5,4026.5,4040.5,4030.5
2025-11-07 00:30:00,62600,4036,4020,4030,4022,4037,4021,4031,4023,4036.5,4020.5,4030.5,4022.5
2025-11-07 00:35:00,35700,4023,4012,4022,4021,4024,4015,4023,4023,4023.5,4013.5,4022.5,4022.0
2025-11-07 00:40:00,28300,4023,4010,4021,4010,4024,4011,4022,4011,4023.5,4010.5,4021.5,4010.5
2025-11-07 00:45:00,35800,4015,4003,4010,4003,4016,4004,4011,4004,4015.5,4003.5,4010.5,4003.5
2025-11-07 00:50:00,44300,4011,4002,4003,4010,4012,4003,4004,4012,4011.5,4002.5,4003.5,4011.0
2025-11-07 00:55:00,27000,4012,4008,4010,4010,4013,4009,4012,4011,4012.5,4008.5,4011.0,4010.5
2025-11-07 01:00:00,34800,4010,4004,4010,4004,4011,4005,4011,4005,4010.5,4004.5,4010.5,4004.5
2025-11-07 01:05:00,49400,4006,3996,4004,3997,4007,3997,4005,3998,4006.5,3996.5,4004.5,3997.5
2025-11-07 01:10:00,43200,4005,3995,3997,4004,4006,3996,3998,4005,4005.5,3995.5,3997.5,4004.5
2025-11-07 01:15:00,37100,4006,3998,4004,4001,4007,4000,4005,4003,4006.5,3999.5,4004.5,4002.0
2025-11-07 01:20:00,28300,4013,3995,4001,4013,4014,3996,4003,4014,4013.5,3995.5,4002.0,4013.5
2025-11-07 01:25:00,23100,4014,4006,4013,4006,4015,4007,4014,4008,4014.5,4006.5,4013.5,4007.0
2025-11-07 01:30:00,28300,4009,4001,4006,4006,4010,4002,4007,4007,4009.5,4001.5,4006.5,4006.5
2025-11-07 01:35:00,39100,4023,4001,4006,4023,4024,4002,4007,4024,4023.5,4001.5,4006.5,4023.5
2025-11-07 01:40:00,23800,4027,4022,4023,4023,4028,4023,4024,4024,4027.5,4022.5,4023.5,4023.5
2025-11-07 01:45:00,85300,4026,4014,4023,4014,4027,4015,4024,4015,4026.5,4014.5,4023.5,4014.5
2025-11-07 01:50:00,16300,4015,4010,4013,4012,4016,4011,4015,4013,4015.5,4010.5,4014.0,4012.5
2025-11-07 01:55:00,18700,4016,4012,4012,4013,4017,4013,4013,4014,4016.5,4012.5,4012.5,4013.5
2025-11-07 02:00:00,27600,4013,4007,4013,4009,4014,4008,4014,4010,4013.5,4007.5,4013.5,4009.5
2025-11-07 02:05:00,15600,4014,4008,4009,4014,4015,4009,4010,4015,4014.5,4008.5,4009.5,4014.5
2025-11-07 02:10:00,24800,4018,4012,4014,4014,4019,4013,4015,4015,4018.5,4012.5,4014.5,4014.5
2025-11-07 02:15:00,132900,4018,4004,4014,4007,4019,4005,4015,4008,4018.5,4004.5,4014.5,4007.5
2025-11-07 02:20:00,21400,4008,4004,4007,4005,4009,4005,4008,4006,4008.5,4004.5,4007.5,4005.5
2025-11-07 02:25:00,32800,4008,4003,4005,4003,4009,4004,4006,4004,4008.5,4003.5,4005.5,4003.5
2025-11-07 02:30:00,3000,4003,4003,4003,4003,4006,4006,4006,4006,4004.5,4004.5,4004.5,4004.5
2025-11-07 03:30:00,88500,4007,3991,3997,4003,4009,3993,3998,4004,4008.0,3992.0,3997.5,4003.5
2025-11-07 03:35:00,61400,4006,3990,4003,3996,4007,3991,4004,3997,4006.5,3990.5,4003.5,3996.5
2025-11-07 03:40:00,43600,4004,3995,3996,4004,4005,3996,3997,4005,4004.5,3995.5,3996.5,4004.5
2025-11-07 03:45:00,40400,4011,4002,4004,4011,4012,4003,4005,4012,4011.5,4002.5,4004.5,4011.5
2025-11-07 03:50:00,49100,4021,4011,4011,4015,4022,4012,4012,4016,4021.5,4011.5,4011.5,4015.5
2025-11-07 03:55:00,27100,4018,4012,4015,4017,4019,4013,4016,4019,4018.5,4012.5,4015.5,4018.0
2025-11-07 04:00:00,32600,4021,4015,4017,4021,4022,4016,4019,4022,4021.5,4015.5,4018.0,4021.5
2025-11-07 04:05:00,31400,4021,4012,4021,4019,4022,4013,4022,4020,4021.5,4012.5,4021.5,4019.5
2025-11-07 04:10:00,33100,4020,4014,4019,4014,4021,4015,4020,4015,4020.5,4014.5,4019.5,4014.5
2025-11-07 04:15:00,26400,4018,4014,4014,4017,4019,4015,4015,4018,4018.5,4014.5,4014.5,4017.5
2025-11-07 04:20:00,26000,4019,4015,4017,4015,4020,4016,4018,4016,4019.5,4015.5,4017.5,4015.5
2025-11-07 04:25:00,27200,4017,4014,4015,4014,4018,4015,4016,4016,4017.5,4014.5,4015.5,4015.0
2025-11-07 04:30:00,17600,4016,4014,4014,4016,4017,4015,4016,4017,4016.5,4014.5,4015.0,4016.5
2025-11-07 04:35:00,36400,4019,4015,4016,4018,4020,4016,4017,4019,4019.5,4015.5,4016.5,4018.5
2025-11-07 04:40:00,26300,4022,4018,4018,4019,4023,4019,4019,4020,4022.5,4018.5,4018.5,4019.5
2025-11-07 04:45:00,25900,4023,4019,4019,4023,4024,4020,4020,4024,4023.5,4019.5,4019.5,4023.5
2025-11-07 04:50:00,35000,4027,4022,4023,4022,4028,4023,4024,4023,4027.5,4022.5,4023.5,4022.5
2025-11-07 04:55:00,33400,4028,4020,4022,4028,4029,4021,4023,4029,4028.5,4020.5,4022.5,4028.5
2025-11-07 05:00:00,37100,4033,4025,4028,4031,4034,4026,4029,4032,4033.5,4025.5,4028.5,4031.5
2025-11-07 05:05:00,29600,4034,4029,4031,4030,4035,4030,4032,4031,4034.5,4029.5,4031.5,4030.5
2025-11-07 05:10:00,25600,4030,4027,4030,4030,4031,4028,4031,4031,4030.5,4027.5,4030.5,4030.5
2025-11-07 05:15:00,28000,4036,4029,4030,4035,4037,4030,4031,4036,4036.5,4029.5,4030.5,4035.5
2025-11-07 05:20:00,30700,4038,4034,4035,4037,4039,4035,4036,4038,4038.5,4034.5,4035.5,4037.5
2025-11-07 05:25:00,36100,4041,4037,4037,4040,4042,4038,4038,4041,4041.5,4037.5,4037.5,4040.5
2025-11-07 05:30:00,55200,4041,4035,4040,4038,4042,4036,4041,4039,4041.5,4035.5,4040.5,4038.5
2025-11-07 05:35:00,50800,4043,4035,4038,4040,4044,4036,4039,4041,4043.5,4035.5,4038.5,4040.5
2025-11-07 05:40:00,27600,4043,4038,4040,4039,4044,4039,4041,4040,4043.5,4038.5,4040.5,4039.5
2025-11-07 05:45:00,38700,4041,4037,4039,4040,4042,4038,4040,4042,4041.5,4037.5,4039.5,4041.0
2025-11-07 05:50:00,32900,4044,4037,4040,4041,4045,4038,4042,4043,4044.5,4037.5,4041.0,4042.0
2025-11-07 05:55:00,36300,4052,4040,4041,4051,4053,4041,4043,4052,4052.5,4040.5,4042.0,4051.5
2025-11-07 06:00:00,55900,4060,4047,4051,4059,4061,4048,4052,4060,4060.5,4047.5,4051.5,4059.5
2025-11-07 06:05:00,72400,4068,4059,4059,4065,4069,4060,4060,4066,4068.5,4059.5,4059.5,4065.5
2025-11-07 06:10:00,53900,4065,4060,4065,4062,4066,4061,4066,4063,4065.5,4060.5,4065.5,4062.5
2025-11-07 06:15:00,88300,4073,4059,4062,4072,4074,4060,4063,4073,4073.5,4059.5,4062.5,4072.5
2025-11-07 06:20:00,161400,4084,4071,4072,4083,4086,4072,4073,4086,4084.5,4071.5,4072.5,4084.5
2025-11-07 06:25:00,,4299,4092,4099,4097,4300,4093,4100,4098,4299.5,4092.5,4099.5,4097.5
2025-11-07 06:30:00,1166400,4086,4086,4086,4086,4098,4098,4098,4098,4092.0,4092.0,4092.0,4092.0
2025-11-10 00:00:00,225700,4140,4109,4109,4124,4141,4110,4110,4126,4140.5,4109.5,4109.5,4125.0
2025-11-10 00:05:00,44800,4142,4122,4124,4140,4143,4124,4126,4142,4142.5,4123.0,4125.0,4141.0
2025-11-10 00:10:00,43300,4144,4128,4140,4128,4145,4129,4142,4130,4144.5,4128.5,4141.0,4129.0
2025-11-10 00:15:00,36100,4135,4126,4128,4133,4137,4128,4130,4135,4136.0,4127.0,4129.0,4134.0
2025-11-10 00:20:00,34400,4133,4124,4133,4128,4135,4125,4135,4130,4134.0,4124.5,4134.0,4129.0
2025-11-10 00:25:00,32800,4132,4122,4128,4125,4133,4124,4130,4126,4132.5,4123.0,4129.0,4125.5
2025-11-10 00:30:00,22000,4130,4120,4125,4121,4132,4122,4126,4122,4131.0,4121.0,4125.5,4121.5
2025-11-10 00:35:00,19700,4123,4118,4121,4119,4124,4119,4122,4121,4123.5,4118.5,4121.5,4120.0
2025-11-10 00:40:00,19500,4122,4115,4119,4119,4124,4116,4121,4121,4123.0,4115.5,4120.0,4120.0
2025-11-10 00:45:00,26100,4120,4107,4119,4107,4121,4109,4121,4109,4120.5,4108.0,4120.0,4108.0
2025-11-10 00:50:00,42300,4110,4094,4107,4099,4111,4096,4109,4100,4110.5,4095.0,4108.0,4099.5
2025-11-10 00:55:00,32500,4100,4090,4099,4094,4102,4091,4100,4095,4101.0,4090.5,4099.5,4094.5
2025-11-10 01:00:00,42300,4095,4080,4094,4086,4096,4081,4095,4087,4095.5,4080.5,4094.5,4086.5
2025-11-10 01:05:00,28200,4087,4076,4086,4082,4089,4077,4087,4084,4088.0,4076.5,4086.5,4083.0
2025-11-10 01:10:00,30200,4088,4079,4082,4083,4089,4080,4084,4084,4088.5,4079.5,4083.0,4083.5
2025-11-10 01:15:00,30600,4091,4083,4083,4087,4092,4084,4084,4088,4091.5,4083.5,4083.5,4087.5
2025-11-10 01:20:00,38300,4089,4081,4087,4085,4090,4083,4088,4087,4089.5,4082.0,4087.5,4086.0
2025-11-10 01:25:00,26100,4085,4073,4085,4074,4087,4074,4087,4075,4086.0,4073.5,4086.0,4074.5
2025-11-10 01:30:00,33600,4074,4060,4074,4060,4075,4061,4075,4061,4074.5,4060.5,4074.5,4060.5
2025-11-10 01:35:00,30700,4062,4054,4060,4058,4063,4055,4061,4059,4062.5,4054.5,4060.5,4058.5
2025-11-10 01:40:00,38600,4066,4058,4058,4062,4067,4059,4059,4064,4066.5,4058.5,4058.5,4063.0
2025-11-10 01:45:00,23800,4067,4062,4062,4063,4068,4063,4064,4064,4067.5,4062.5,4063.0,4063.5
2025-11-10 01:50:00,31400,4065,4060,4063,4063,4066,4062,4064,4064,4065.5,4061.0,4063.5,4063.5
2025-11-10 01:55:00,19300,4067,4063,4063,4065,4068,4064,4064,4066,4067.5,4063.5,4063.5,4065.5
2025-11-10 02:00:00,30000,4065,4056,4065,4061,4066,4057,4066,4062,4065.5,4056.5,4065.5,4061.5
2025-11-10 02:05:00,13100,4063,4060,4061,4062,4064,4061,4062,4063,4063.5,4060.5,4061.5,4062.5
2025-11-10 02:10:00,24400,4064,4060,4062,4064,4065,4061,4063,4065,4064.5,4060.5,4062.5,4064.5
2025-11-10 02:15:00,17100,4065,4059,4064,4059,4066,4060,4065,4060,4065.5,4059.5,4064.5,4059.5
2025-11-10 02:20:00,22900,4068,4057,4059,4067,4069,4058,4060,4069,4068.5,4057.5,4059.5,4068.0
2025-11-10 02:25:00,18100,4075,4067,4067,4075,4077,4068,4069,4077,4076.0,4067.5,4068.0,4076.0
2025-11-10 02:30:00,3700,4075,4075,4075,4075,4078,4078,4078,4078,4076.5,4076.5,4076.5,4076.5
2025-11-10 03:30:00,96600,4073,4062,4071,4073,4075,4064,4073,4074,4074.0,4063.0,4072.0,4073.5
2025-11-10 03:35:00,41200,4074,4069,4073,4074,4075,4070,4074,4075,4074.5,4069.5,4073.5,4074.5
2025-11-10 03:40:00,29000,4077,4072,4074,4077,4078,4073,4075,4078,4077.5,4072.5,4074.5,4077.5
2025-11-10 03:45:00,19500,4079,4076,4077,4076,4080,4077,4078,4077,4079.5,4076.5,4077.5,4076.5
2025-11-10 03:50:00,20100,4081,4076,4076,4081,4082,4077,4077,4082,4081.5,4076.5,4076.5,4081.5
2025-11-10 03:55:00,26800,4083,4078,4081,4079,4084,4079,4082,4080,4083.5,4078.5,4081.5,4079.5
2025-11-10 04:00:00,24900,4086,4078,4079,4086,4087,4079,4080,4087,4086.5,4078.5,4079.5,4086.5
2025-11-10 04:05:00,22300,4090,4085,4086,4088,4091,4086,4087,4089,4090.5,4085.5,4086.5,4088.5
2025-11-10 04:10:00,19400,4092,4087,4088,4090,4093,4088,4089,4091,4092.5,4087.5,4088.5,4090.5
2025-11-10 04:15:00,21700,4090,4086,4090,4087,4091,4087,4091,4088,4090.5,4086.5,4090.5,4087.5
2025-11-10 04:20:00,22700,4094,4086,4087,4093,4095,4087,4088,4094,4094.5,4086.5,4087.5,4093.5
2025-11-10 04:25:00,7800,4093,4093,4093,4093,4094,4094,4094,4094,4093.5,4093.5,4093.5,4093.5
2025-11-10 04:30:00,22100,4093,4092,4093,4093,4094,4093,4094,4094,4093.5,4092.5,4093.5,4093.5
2025-11-10 04:35:00,52400,4098,4092,4093,4096,4099,4093,4094,4097,4098.5,4092.5,4093.5,4096.5
2025-11-10 04:40:00,16500,4099,4096,4096,4099,4100,4097,4097,4100,4099.5,4096.5,4096.5,4099.5
2025-11-10 04:45:00,20000,4101,4099,4099,4100,4102,4100,4100,4101,4101.5,4099.5,4099.5,4100.5
2025-11-10 04:50:00,20900,4104,4098,4100,4103,4105,4099,4101,4104,4104.5,4098.5,4100.5,4103.5
2025-11-10 04:55:00,22500,4103,4099,4103,4099,4104,4100,4104,4100,4103.5,4099.5,4103.5,4099.5
2025-11-10 05:00:00,31700,4100,4095,4099,4097,4102,4096,4100,4098,4101.0,4095.5,4099.5,4097.5
2025-11-10 05:05:00,18600,4103,4096,4097,4103,4104,4097,4098,4104,4103.5,4096.5,4097.5,4103.5
2025-11-10 05:10:00,33000,4108,4103,4103,4108,4110,4104,4104,4109,4109.0,4103.5,4103.5,4108.5
2025-11-10 05:15:00,18100,4110,4106,4108,4106,4111,4107,4109,4107,4110.5,4106.5,4108.5,4106.5
2025-11-10 05:20:00,14100,4107,4105,4106,4107,4108,4106,4107,4108,4107.5,4105.5,4106.5,4107.5
2025-11-10 05:25:00,19300,4112,4107,4107,4111,4113,4108,4108,4112,4112.5,4107.5,4107.5,4111.5
2025-11-10 05:30:00,20700,4111,4109,4111,4110,4112,4110,4112,4111,4111.5,4109.5,4111.5,4110.5
2025-11-10 05:35:00,22500,4111,4108,4110,4109,4112,4109,4111,4110,4111.5,4108.5,4110.5,4109.5
2025-11-10 05:40:00,27600,4111,4106,4109,4110,4112,4107,4110,4111,4111.5,4106.5,4109.5,4110.5
2025-11-10 05:45:00,23800,4111,4107,4110,4107,4112,4108,4111,4109,4111.5,4107.5,4110.5,4108.0
2025-11-10 05:50:00,19800,4114,4107,4107,4113,4115,4108,4109,4114,4114.5,4107.5,4108.0,4113.5
2025-11-10 05:55:00,29800,4114,4110,4113,4114,4115,4111,4114,4115,4114.5,4110.5,4113.5,4114.5
2025-11-10 06:00:00,19100,4117,4113,4114,4115,4119,4114,4115,4116,4118.0,4113.5,4114.5,4115.5
2025-11-10 06:05:00,30600,4118,4115,4115,4116,4119,4116,4116,4117,4118.5,4115.5,4115.5,4116.5
2025-11-10 06:10:00,34200,4119,4114,4116,4117,4120,4115,4117,4118,4119.5,4114.5,4116.5,4117.5
2025-11-10 06:15:00,49600,4121,4117,4117,4120,4122,4118,4118,4121,4121.5,4117.5,4117.5,4120.5
2025-11-10 06:20:00,60100,4127,4119,4120,4126,4128,4120,4121,4127,4127.5,4119.5,4120.5,4126.5
2025-11-10 06:25:00,,4214,4113,4127,4128,4215,4114,4128,4129,4214.5,4113.5,4127.5,4128.5
2025-11-10 06:30:00,720300,4128,4128,4128,4128,4129,4129,4129,4129,4128.5,4128.5,4128.5,4128.5
2025-11-11 00:00:00,163500,4079,4031,4074,4038,4085,4034,4075,4041,4081.0,4032.5,4074.5,4039.5
2025-11-11 00:05:00,24100,4050,4033,4038,4045,4051,4035,4041,4047,4050.5,4034.0,4039.5,4046.0
2025-11-11 00:10:00,46200,4045,4017,4045,4018,4047,4018,4047,4020,4046.0,4017.5,4046.0,4019.0
2025-11-11 00:15:00,26000,4027,4017,4018,4020,4028,4018,4020,4022,4027.5,4017.5,4019.0,4021.0
2025-11-11 00:20:00,12800,4031,4020,4020,4031,4033,4022,4022,4032,4032.0,4021.0,4021.0,4031.5
2025-11-11 00:25:00,21600,4033,4026,4031,4032,4034,4027,4032,4034,4033.5,4026.5,4031.5,4033.0
2025-11-11 00:30:00,18000,4046,4032,4032,4037,4047,4034,4034,4039,4046.5,4033.0,4033.0,4038.0
2025-11-11 00:35:00,13600,4045,4037,4037,4041,4046,4038,4039,4043,4045.5,4037.5,4038.0,4042.0
2025-11-11 00:40:00,20400,4042,4030,4041,4030,4043,4031,4043,4031,4042.5,4030.5,4042.0,4030.5
2025-11-11 00:45:00,15300,4035,4028,4030,4030,4036,4030,4031,4032,4035.5,4029.0,4030.5,4031.0
2025-11-11 00:50:00,46600,4030,4015,4030,4016,4032,4016,4032,4017,4031.0,4015.5,4031.0,4016.5
2025-11-11 00:55:00,60800,4016,3994,4016,3995,4017,3995,4017,3997,4016.5,3994.5,4016.5,3996.0
2025-11-11 01:00:00,17300,3998,3992,3995,3994,3999,3994,3997,3995,3998.5,3993.0,3996.0,3994.5
2025-11-11 01:05:00,40500,3994,3983,3994,3986,3996,3985,3995,3988,3995.0,3984.0,3994.5,3987.0
2025-11-11 01:10:00,30300,3995,3983,3986,3994,3996,3984,3988,3995,3995.5,3983.5,3987.0,3994.5
2025-11-11 01:15:00,26400,3996,3985,3994,3985,3997,3986,3995,3987,3996.5,3985.5,3994.5,3986.0
2025-11-11 01:20:00,41900,3988,3976,3985,3983,3989,3978,3987,3985,3988.5,3977.0,3986.0,3984.0
2025-11-11 01:25:00,20000,3985,3978,3983,3979,3987,3979,3985,3981,3986.0,3978.5,3984.0,3980.0
2025-11-11 01:30:00,28400,3980,3967,3979,3968,3982,3969,3981,3969,3981.0,3968.0,3980.0,3968.5
2025-11-11 01:35:00,18100,3972,3967,3968,3969,3973,3968,3969,3971,3972.5,3967.5,3968.5,3970.0
2025-11-11 01:40:00,19200,3971,3962,3969,3970,3973,3964,3971,3972,3972.0,3963.0,3970.0,3971.0
2025-11-11 01:45:00,18100,3976,3970,3970,3971,3978,3971,3972,3973,3977.0,3970.5,3971.0,3972.0
2025-11-11 01:50:00,9400,3972,3967,3971,3968,3973,3968,3973,3969,3972.5,3967.5,3972.0,3968.5
2025-11-11 01:55:00,9800,3968,3965,3968,3966,3970,3966,3969,3967,3969.0,3965.5,3968.5,3966.5
2025-11-11 02:00:00,60600,3967,3950,3966,3950,3968,3952,3967,3952,3967.5,3951.0,3966.5,3951.0
2025-11-11 02:05:00,66700,3955,3944,3950,3955,3957,3946,3952,3956,3956.0,3945.0,3951.0,3955.5
2025-11-11 02:10:00,26800,3961,3953,3955,3957,3963,3954,3956,3958,3962.0,3953.5,3955.5,3957.5
2025-11-11 02:15:00,17300,3960,3951,3957,3955,3961,3953,3958,3956,3960.5,3952.0,3957.5,3955.5
2025-11-11 02:20:00,18000,3957,3950,3955,3950,3958,3951,3956,3952,3957.5,3950.5,3955.5,3951.0
2025-11-11 02:25:00,31400,3963,3950,3950,3963,3965,3951,3952,3965,3964.0,3950.5,3951.0,3964.0
2025-11-11 02:30:00,3900,3963,3963,3963,3963,3965,3965,3965,3965,3964.0,3964.0,3964.0,3964.0
2025-11-11 03:30:00,79200,3967,3950,3950,3961,3968,3951,3951,3962,3967.5,3950.5,3950.5,3961.5
2025-11-11 03:35:00,19800,3961,3951,3961,3954,3963,3953,3962,3955,3962.0,3952.0,3961.5,3954.5
2025-11-11 03:40:00,13200,3955,3952,3954,3952,3956,3953,3955,3954,3955.5,3952.5,3954.5,3953.0
2025-11-11 03:45:00,12100,3956,3952,3952,3955,3957,3953,3954,3957,3956.5,3952.5,3953.0,3956.0
2025-11-11 03:50:00,34200,3956,3945,3955,3945,3957,3946,3957,3946,3956.5,3945.5,3956.0,3945.5
2025-11-11 03:55:00,24000,3955,3945,3945,3955,3956,3946,3946,3956,3955.5,3945.5,3945.5,3955.5
2025-11-11 04:00:00,12200,3956,3952,3955,3956,3958,3953,3956,3957,3957.0,3952.5,3955.5,3956.5
2025-11-11 04:05:00,12800,3959,3956,3956,3957,3960,3957,3957,3958,3959.5,3956.5,3956.5,3957.5
2025-11-11 04:10:00,14000,3959,3953,3957,3954,3960,3954,3958,3955,3959.5,3953.5,3957.5,3954.5
2025-11-11 04:15:00,14500,3956,3953,3954,3955,3957,3954,3955,3956,3956.5,3953.5,3954.5,3955.5
2025-11-11 04:20:00,15100,3955,3952,3955,3953,3956,3954,3956,3955,3955.5,3953.0,3955.5,3954.0
2025-11-11 04:25:00,19900,3959,3953,3953,3955,3960,3954,3955,3956,3959.5,3953.5,3954.0,3955.5
2025-11-11 04:30:00,12900,3962,3955,3955,3962,3963,3956,3956,3963,3962.5,3955.5,3955.5,3962.5
2025-11-11 04:35:00,15600,3962,3958,3962,3960,3963,3959,3963,3961,3962.5,3958.5,3962.5,3960.5
2025-11-11 04:40:00,11100,3960,3957,3960,3959,3961,3959,3961,3960,3960.5,3958.0,3960.5,3959.5
2025-11-11 04:45:00,23600,3964,3959,3959,3959,3965,3960,3960,3960,3964.5,3959.5,3959.5,3959.5
2025-11-11 04:50:00,16100,3961,3957,3959,3958,3962,3958,3960,3959,3961.5,3957.5,3959.5,3958.5
2025-11-11 04:55:00,15900,3959,3955,3958,3955,3960,3956,3959,3956,3959.5,3955.5,3958.5,3955.5
2025-11-11 05:00:00,23200,3961,3954,3955,3961,3962,3955,3956,3962,3961.5,3954.5,3955.5,3961.5
2025-11-11 05:05:00,41700,3963,3953,3961,3963,3964,3954,3962,3964,3963.5,3953.5,3961.5,3963.5
2025-11-11 05:10:00,16100,3963,3959,3963,3961,3964,3960,3964,3962,3963.5,3959.5,3963.5,3961.5
2025-11-11 05:15:00,14700,3967,3960,3961,3965,3968,3961,3962,3966,3967.5,3960.5,3961.5,3965.5
2025-11-11 05:20:00,20000,3968,3960,3965,3963,3969,3961,3966,3964,3968.5,3960.5,3965.5,3963.5
2025-11-11 05:25:00,18800,3965,3961,3963,3963,3966,3962,3964,3964,3965.5,3961.5,3963.5,3963.5
2025-11-11 05:30:00,14900,3965,3963,3963,3964,3966,3964,3964,3965,3965.5,3963.5,3963.5,3964.5
2025-11-11 05:35:00,28600,3964,3959,3964,3960,3965,3960,3965,3961,3964.5,3959.5,3964.5,3960.5
2025-11-11 05:40:00,23700,3961,3958,3960,3958,3962,3959,3961,3959,3961.5,3958.5,3960.5,3958.5
2025-11-11 05:45:00,20500,3960,3956,3958,3958,3961,3957,3959,3959,3960.5,3956.5,3958.5,3958.5
2025-11-11 05:50:00,22700,3959,3954,3958,3955,3960,3956,3959,3956,3959.5,3955.0,3958.5,3955.5
2025-11-11 05:55:00,53600,3956,3952,3955,3954,3957,3954,3956,3955,3956.5,3953.0,3955.5,3954.5
2025-11-11 06:00:00,30600,3954,3950,3954,3953,3955,3951,3955,3954,3954.5,3950.5,3954.5,3953.5
2025-11-11 06:05:00,36600,3959,3953,3953,3954,3960,3954,3954,3956,3959.5,3953.5,3953.5,3955.0
2025-11-11 06:10:00,20900,3957,3954,3954,3954,3958,3955,3956,3955,3957.5,3954.5,3955.0,3954.5
2025-11-11 06:15:00,60800,3966,3954,3954,3965,3967,3955,3955,3966,3966.5,3954.5,3954.5,3965.5
2025-11-11 06:20:00,71700,3965,3958,3965,3961,3966,3959,3966,3963,3965.5,3958.5,3965.5,3962.0
2025-11-11 06:25:00,,3978,3929,3951,3960,3979,3930,3952,3961,3978.5,3929.5,3951.5,3960.5
2025-11-11 06:30:00,620000,3959,3959,3959,3959,3961,3961,3961,3961,3960.0,3960.0,3960.0,3960.0
2025-11-12 00:00:00,256900,4018,4000,4007,4016,4021,4002,4008,4017,4019.5,4001.0,4007.5,4016.5
2025-11-12 00:05:00,75500,4040,4016,4016,4039,4042,4017,4017,4041,4041.0,4016.5,4016.5,4040.0
2025-11-12 00:10:00,38600,4041,4027,4039,4027,4043,4028,4041,4029,4042.0,4027.5,4040.0,4028.0
2025-11-12 00:15:00,49400,4036,4024,4027,4034,4037,4026,4029,4036,4036.5,4025.5,4028.0,4035.0
2025-11-12 00:20:00,58000,4051,4032,4034,4049,4052,4034,4036,4051,4051.5,4033.0,4035.0,4050.0
2025-11-12 00:25:00,20900,4055,4048,4049,4052,4057,4049,4051,4054,4056.0,4048.5,4050.0,4053.0
2025-11-12 00:30:00,26500,4054,4037,4052,4043,4055,4038,4054,4045,4054.5,4037.5,4053.0,4044.0
2025-11-12 00:35:00,20600,4049,4042,4043,4046,4050,4043,4044,4048,4049.5,4042.5,4043.5,4047.0
2025-11-12 00:40:00,16300,4047,4037,4046,4040,4049,4038,4048,4041,4048.0,4037.5,4047.0,4040.5
2025-11-12 00:45:00,22400,4048,4038,4040,4038,4049,4039,4041,4039,4048.5,4038.5,4040.5,4038.5
2025-11-12 00:50:00,15100,4041,4029,4038,4039,4042,4031,4039,4040,4041.5,4030.0,4038.5,4039.5
2025-11-12 00:55:00,17200,4043,4037,4039,4040,4044,4039,4040,4042,4043.5,4038.0,4039.5,4041.0
2025-11-12 01:00:00,17900,4051,4038,4040,4050,4052,4040,4043,4052,4051.5,4039.0,4041.5,4051.0
2025-11-12 01:05:00,15000,4052,4047,4050,4048,4053,4048,4052,4049,4052.5,4047.5,4051.0,4048.5
2025-11-12 01:10:00,11300,4048,4044,4048,4046,4050,4045,4049,4048,4049.0,4044.5,4048.5,4047.0
2025-11-12 01:15:00,17500,4049,4038,4046,4039,4050,4040,4048,4040,4049.5,4039.0,4047.0,4039.5
2025-11-12 01:20:00,9300,4044,4039,4039,4043,4045,4040,4040,4044,4044.5,4039.5,4039.5,4043.5
2025-11-12 01:25:00,7900,4048,4042,4043,4047,4049,4043,4044,4049,4048.5,4042.5,4043.5,4048.0
2025-11-12 01:30:00,16400,4051,4046,4047,4047,4053,4047,4049,4048,4052.0,4046.5,4048.0,4047.5
2025-11-12 01:35:00,9500,4048,4044,4047,4045,4049,4046,4048,4047,4048.5,4045.0,4047.5,4046.0
2025-11-12 01:40:00,7900,4048,4045,4045,4045,4049,4046,4047,4046,4048.5,4045.5,4046.0,4045.5
2025-11-12 01:45:00,8200,4048,4041,4045,4042,4049,4042,4046,4043,4048.5,4041.5,4045.5,4042.5
2025-11-12 01:50:00,13500,4044,4038,4042,4038,4045,4039,4043,4040,4044.5,4038.5,4042.5,4039.0
2025-11-12 01:55:00,32700,4042,4036,4038,4039,4044,4038,4040,4040,4043.0,4037.5,4039.0,4039.5
2025-11-12 02:00:00,8600,4046,4039,4039,4043,4048,4040,4040,4045,4047.0,4039.5,4039.5,4044.0
2025-11-12 02:05:00,21900,4043,4034,4043,4040,4045,4035,4045,4042,4044.0,4034.5,4044.0,4041.0
2025-11-12 02:10:00,14800,4045,4039,4040,4044,4046,4040,4042,4045,4045.5,4039.5,4041.0,4044.5
2025-11-12 02:15:00,14600,4045,4042,4044,4044,4047,4043,4045,4046,4046.0,4042.5,4044.5,4045.0
2025-11-12 02:20:00,9600,4045,4041,4044,4042,4046,4042,4045,4043,4045.5,4041.5,4044.5,4042.5
2025-11-12 02:25:00,19600,4043,4039,4042,4042,4044,4040,4043,4044,4043.5,4039.5,4042.5,4043.0
2025-11-12 02:30:00,2400,4041,4041,4041,4041,4044,4044,4044,4044,4042.5,4042.5,4042.5,4042.5
2025-11-12 03:30:00,67100,4042,4029,4032,4041,4044,4033,4033,4042,4042.5,4031.0,4032.5,4041.5
2025-11-12 03:35:00,15300,4045,4040,4041,4043,4046,4041,4042,4045,4045.5,4040.5,4041.5,4044.0
2025-11-12 03:40:00,28600,4047,4043,4043,4046,4048,4044,4045,4048,4047.5,4043.5,4044.0,4047.0
2025-11-12 03:45:00,56900,4051,4046,4046,4047,4052,4047,4048,4048,4051.5,4046.5,4047.0,4047.5
2025-11-12 03:50:00,16900,4048,4043,4047,4045,4049,4045,4048,4046,4048.5,4044.0,4047.5,4045.5
2025-11-12 03:55:00,13400,4045,4041,4045,4042,4046,4042,4046,4043,4045.5,4041.5,4045.5,4042.5
2025-11-12 04:00:00,9700,4045,4042,4042,4044,4046,4043,4043,4045,4045.5,4042.5,4042.5,4044.5
2025-11-12 04:05:00,13600,4046,4042,4044,4042,4048,4043,4045,4044,4047.0,4042.5,4044.5,4043.0
2025-11-12 04:10:00,26800,4043,4035,4042,4039,4044,4036,4044,4040,4043.5,4035.5,4043.0,4039.5
2025-11-12 04:15:00,16800,4042,4036,4039,4037,4044,4037,4040,4039,4043.0,4036.5,4039.5,4038.0
2025-11-12 04:20:00,18600,4042,4036,4037,4040,4044,4037,4039,4041,4043.0,4036.5,4038.0,4040.5
2025-11-12 04:25:00,22000,4041,4036,4040,4038,4043,4038,4041,4039,4042.0,4037.0,4040.5,4038.5
2025-11-12 04:30:00,22500,4038,4031,4038,4033,4040,4033,4039,4035,4039.0,4032.0,4038.5,4034.0
2025-11-12 04:35:00,3500,4036,4033,4033,4036,4037,4034,4035,4037,4036.5,4033.5,4034.0,4036.5
2025-11-12 04:40:00,34400,4036,4023,4036,4027,4037,4027,4037,4029,4036.5,4025.5,4036.5,4028.0
2025-11-12 04:45:00,15300,4031,4027,4027,4031,4032,4028,4029,4032,4031.5,4027.5,4028.0,4031.5
2025-11-12 04:50:00,11500,4033,4029,4031,4033,4034,4030,4032,4034,4033.5,4029.5,4031.5,4033.5
2025-11-12 04:55:00,9700,4033,4030,4033,4031,4034,4031,4034,4033,4033.5,4030.5,4033.5,4032.0
2025-11-12 05:00:00,11900,4039,4031,4031,4038,4040,4032,4032,4040,4039.5,4031.5,4031.5,4039.0
2025-11-12 05:05:00,14000,4043,4038,4038,4039,4045,4039,4040,4040,4043.5,4038.5,4039.0,4039.5
2025-11-12 05:10:00,6800,4040,4037,4039,4040,4041,4038,4040,4041,4040.5,4037.5,4039.5,4040.5
2025-11-12 05:15:00,7400,4041,4039,4040,4040,4043,4040,4041,4041,4042.0,4039.5,4040.5,4040.5
2025-11-12 05:20:00,9400,4041,4035,4040,4036,4042,4037,4041,4037,4041.5,4036.0,4040.5,4036.5
2025-11-12 05:25:00,9600,4040,4035,4036,4038,4042,4037,4037,4040,4041.0,4036.0,4036.5,4039.0
2025-11-12 05:30:00,20500,4038,4027,4038,4029,4040,4029,4040,4031,4039.0,4028.0,4039.0,4030.0
2025-11-12 05:35:00,14300,4030,4020,4029,4021,4031,4022,4031,4023,4030.5,4021.0,4030.0,4022.0
2025-11-12 05:40:00,16400,4024,4016,4022,4020,4025,4017,4023,4022,4024.5,4016.5,4022.5,4021.0
2025-11-12 05:45:00,31900,4020,4013,4020,4013,4022,4015,4022,4015,4021.0,4014.0,4021.0,4014.0
2025-11-12 05:50:00,28100,4015,4004,4013,4006,4016,4007,4015,4008,4015.5,4006.0,4014.0,4007.0
2025-11-12 05:55:00,19400,4009,4005,4006,4006,4010,4006,4008,4007,4009.5,4005.5,4007.0,4006.5
2025-11-12 06:00:00,15600,4008,4005,4006,4006,4009,4006,4007,4008,4008.5,4005.5,4006.5,4007.0
2025-11-12 06:05:00,20100,4008,4003,4006,4005,4009,4004,4008,4006,4008.5,4003.5,4007.0,4005.5
2025-11-12 06:10:00,19800,4007,4004,4005,4005,4008,4006,4006,4007,4007.5,4005.0,4005.5,4006.0
2025-11-12 06:15:00,35900,4016,4005,4005,4014,4017,4007,4007,4015,4016.5,4006.0,4006.0,4014.5
2025-11-12 06:20:00,56300,4014,4003,4014,4004,4015,4005,4015,4007,4014.5,4004.5,4014.5,4005.5
2025-11-12 06:25:00,,4079,3966,3998,4027,4080,3967,3999,4028,4079.5,3966.5,3998.5,4027.5
2025-11-12 06:30:00,854800,4012,4012,4012,4012,4028,4028,4028,4028,4020.0,4020.0,4020.0,4020.0
2025-11-13 00:00:00,190800,4096,4041,4096,4049,4097,4043,4097,4050,4096.5,4042.0,4096.5,4049.5
2025-11-13 00:05:00,26300,4061,4044,4049,4060,4063,4046,4050,4062,4062.0,4045.0,4049.5,4061.0
2025-11-13 00:10:00,30100,4066,4050,4060,4055,4067,4053,4062,4057,4066.5,4051.5,4061.0,4056.0
2025-11-13 00:15:00,18800,4060,4046,4055,4048,4062,4048,4057,4050,4061.0,4047.0,4056.0,4049.0
2025-11-13 00:20:00,12300,4052,4045,4048,4045,4054,4046,4050,4046,4053.0,4045.5,4049.0,4045.5
2025-11-13 00:25:00,12300,4049,4041,4045,4047,4050,4042,4046,4048,4049.5,4041.5,4045.5,4047.5
2025-11-13 00:30:00,16600,4050,4042,4047,4049,4052,4043,4048,4050,4051.0,4042.5,4047.5,4049.5
2025-11-13 00:35:00,26400,4057,4047,4049,4051,4059,4048,4050,4052,4058.0,4047.5,4049.5,4051.5
2025-11-13 00:40:00,8200,4054,4050,4051,4052,4055,4051,4052,4053,4054.5,4050.5,4051.5,4052.5
2025-11-13 00:45:00,11600,4055,4043,4052,4045,4056,4045,4053,4047,4055.5,4044.0,4052.5,4046.0
2025-11-13 00:50:00,11200,4050,4044,4045,4045,4051,4046,4047,4047,4050.5,4045.0,4046.0,4046.0
2025-11-13 00:55:00,9700,4047,4042,4045,4046,4048,4043,4047,4047,4047.5,4042.5,4046.0,4046.5
2025-11-13 01:00:00,10900,4051,4044,4046,4050,4052,4045,4047,4051,4051.5,4044.5,4046.5,4050.5
2025-11-13 01:05:00,14200,4057,4050,4050,4056,4058,4051,4051,4057,4057.5,4050.5,4050.5,4056.5
2025-11-13 01:10:00,11900,4058,4052,4056,4054,4060,4053,4057,4056,4059.0,4052.5,4056.5,4055.0
2025-11-13 01:15:00,10800,4054,4048,4054,4051,4056,4049,4056,4052,4055.0,4048.5,4055.0,4051.5
2025-11-13 01:20:00,16900,4058,4048,4051,4056,4059,4049,4052,4057,4058.5,4048.5,4051.5,4056.5
2025-11-13 01:25:00,10600,4057,4052,4056,4054,4059,4053,4057,4055,4058.0,4052.5,4056.5,4054.5
2025-11-13 01:30:00,9100,4057,4054,4054,4056,4058,4055,4055,4058,4057.5,4054.5,4054.5,4057.0
2025-11-13 01:35:00,14700,4057,4048,4056,4049,4058,4050,4058,4050,4057.5,4049.0,4057.0,4049.5
2025-11-13 01:40:00,15000,4050,4046,4049,4049,4051,4048,4050,4051,4050.5,4047.0,4049.5,4050.0
2025-11-13 01:45:00,10000,4051,4048,4049,4050,4053,4050,4051,4052,4052.0,4049.0,4050.0,4051.0
2025-11-13 01:50:00,8700,4052,4050,4050,4051,4053,4051,4052,4052,4052.5,4050.5,4051.0,4051.5
2025-11-13 01:55:00,8600,4051,4048,4051,4048,4052,4049,4052,4049,4051.5,4048.5,4051.5,4048.5
2025-11-13 02:00:00,15000,4049,4044,4048,4046,4050,4045,4049,4047,4049.5,4044.5,4048.5,4046.5
2025-11-13 02:05:00,9900,4048,4043,4046,4044,4049,4044,4047,4045,4048.5,4043.5,4046.5,4044.5
2025-11-13 02:10:00,21200,4044,4037,4044,4038,4045,4038,4045,4040,4044.5,4037.5,4044.5,4039.0
2025-11-13 02:15:00,7200,4042,4038,4038,4041,4043,4040,4040,4042,4042.5,4039.0,4039.0,4041.5
2025-11-13 02:20:00,21800,4042,4036,4041,4037,4043,4037,4042,4039,4042.5,4036.5,4041.5,4038.0
2025-11-13 02:25:00,7600,4040,4037,4037,4037,4041,4038,4039,4038,4040.5,4037.5,4038.0,4037.5
2025-11-13 02:30:00,5300,4037,4037,4037,4037,4038,4038,4038,4038,4037.5,4037.5,4037.5,4037.5
2025-11-13 03:30:00,37300,4045,4035,4036,4044,4046,4037,4037,4046,4045.5,4036.5,4036.5,4045.0
2025-11-13 03:35:00,12100,4048,4044,4044,4046,4049,4045,4046,4047,4048.5,4044.5,4045.0,4046.5
2025-11-13 03:40:00,14200,4048,4044,4047,4046,4049,4046,4048,4047,4048.5,4045.0,4047.5,4046.5
2025-11-13 03:45:00,35500,4061,4045,4046,4060,4063,4046,4047,4061,4062.0,4045.5,4046.5,4060.5
2025-11-13 03:50:00,9300,4061,4058,4060,4061,4063,4060,4061,4062,4062.0,4059.0,4060.5,4061.5
2025-11-13 03:55:00,11200,4062,4059,4061,4061,4063,4060,4062,4062,4062.5,4059.5,4061.5,4061.5
2025-11-13 04:00:00,12700,4061,4057,4061,4058,4063,4058,4062,4059,4062.0,4057.5,4061.5,4058.5
2025-11-13 04:05:00,13500,4059,4055,4058,4055,4060,4057,4059,4057,4059.5,4056.0,4058.5,4056.0
2025-11-13 04:10:00,10100,4057,4055,4055,4056,4058,4056,4057,4058,4057.5,4055.5,4056.0,4057.0
2025-11-13 04:15:00,7400,4059,4056,4057,4058,4060,4057,4058,4059,4059.5,4056.5,4057.5,4058.5
2025-11-13 04:20:00,18600,4060,4057,4058,4059,4061,4058,4059,4060,4060.5,4057.5,4058.5,4059.5
2025-11-13 04:25:00,35700,4066,4059,4059,4064,4067,4060,4060,4066,4066.5,4059.5,4059.5,4065.0
2025-11-13 04:30:00,19800,4064,4056,4064,4057,4066,4058,4066,4059,4065.0,4057.0,4065.0,4058.0
2025-11-13 04:35:00,16800,4061,4057,4057,4058,4063,4058,4059,4059,4062.0,4057.5,4058.0,4058.5
2025-11-13 04:40:00,6600,4063,4058,4058,4062,4064,4059,4059,4064,4063.5,4058.5,4058.5,4063.0
2025-11-13 04:45:00,8100,4063,4062,4062,4062,4065,4063,4064,4064,4064.0,4062.5,4063.0,4063.0
2025-11-13 04:50:00,14700,4063,4060,4063,4061,4064,4062,4064,4063,4063.5,4061.0,4063.5,4062.0
2025-11-13 04:55:00,14900,4064,4061,4061,4062,4065,4063,4063,4063,4064.5,4062.0,4062.0,4062.5
2025-11-13 05:00:00,22400,4066,4061,4062,4064,4067,4062,4063,4066,4066.5,4061.5,4062.5,4065.0
2025-11-13 05:05:00,13900,4066,4063,4064,4064,4067,4064,4066,4066,4066.5,4063.5,4065.0,4065.0
2025-11-13 05:10:00,6700,4066,4063,4064,4066,4067,4064,4065,4067,4066.5,4063.5,4064.5,4066.5
2025-11-13 05:15:00,22200,4073,4065,4066,4071,4074,4066,4067,4073,4073.5,4065.5,4066.5,4072.0
2025-11-13 05:20:00,11800,4073,4070,4071,4071,4074,4071,4073,4073,4073.5,4070.5,4072.0,4072.0
2025-11-13 05:25:00,11800,4072,4069,4071,4070,4073,4070,4073,4072,4072.5,4069.5,4072.0,4071.0
2025-11-13 05:30:00,31800,4072,4069,4070,4070,4074,4070,4072,4072,4073.0,4069.5,4071.0,4071.0
2025-11-13 05:35:00,19100,4071,4065,4070,4065,4072,4066,4072,4066,4071.5,4065.5,4071.0,4065.5
2025-11-13 05:40:00,21700,4067,4064,4065,4067,4068,4065,4066,4068,4067.5,4064.5,4065.5,4067.5
2025-11-13 05:45:00,21800,4072,4067,4067,4067,4073,4068,4068,4069,4072.5,4067.5,4067.5,4068.0
2025-11-13 05:50:00,7800,4069,4067,4067,4069,4070,4069,4069,4070,4069.5,4068.0,4068.0,4069.5
2025-11-13 05:55:00,36300,4077,4069,4069,4077,4078,4070,4070,4078,4077.5,4069.5,4069.5,4077.5
2025-11-13 06:00:00,24100,4082,4076,4077,4081,4083,4077,4078,4083,4082.5,4076.5,4077.5,4082.0
2025-11-13 06:05:00,23100,4082,4078,4081,4079,4083,4079,4083,4081,4082.5,4078.5,4082.0,4080.0
2025-11-13 06:10:00,23800,4082,4078,4079,4080,4083,4079,4081,4082,4082.5,4078.5,4080.0,4081.0
2025-11-13 06:15:00,40900,4081,4075,4080,4079,4082,4077,4082,4081,4081.5,4076.0,4081.0,4080.0
2025-11-13 06:20:00,38300,4082,4079,4079,4080,4084,4080,4081,4083,4083.0,4079.5,4080.0,4081.5
2025-11-13 06:25:00,,4180,4080,4099,4080,4181,4081,4100,4081,4180.5,4080.5,4099.5,4080.5
2025-11-13 06:30:00,614900,4080,4080,4080,4080,4082,4082,4082,4082,4081.0,4081.0,4081.0,4081.0
