,9983.T,9983.T,9983.T,9983.T,9983.T,9983.T,9983.T,9983.T,9983.T,9983.T,9983.T,9983.T,9983.T
,ACVOL_UNS,BID_HIGH_1,BID_LOW_1,OPEN_BID,BID,ASK_HIGH_1,ASK_LOW_1,OPEN_ASK,ASK,MID_HIGH,MID_LOW,MID_OPEN,MID_PRICE
Timestamp,,,,,,,,,,,,,
2025-05-13 06:15:00,10200,49710,49670,49710,49690,49730,49680,49720,49710,49720,49675,49715,49700
2025-05-13 06:20:00,18600,49700,49600,49690,49640,49720,49610,49710,49650,49710,49605,49700,49645
2025-05-13 06:25:00,,49840,49000,49260,49500,49850,49010,49270,49510,49845,49005,49265,49505
2025-05-13 06:30:00,278600,49500,49500,49500,49500,49600,49600,49600,49600,49550,49550,49550,49550
2025-05-14 00:00:00,67100,49700,49380,49640,49570,49740,49420,49650,49590,49715,49400,49645,49580
2025-05-14 00:05:00,27700,49590,49420,49570,49440,49610,49440,49590,49470,49600,49430,49580,49455
2025-05-14 00:10:00,19300,49460,49310,49440,49330,49470,49330,49470,49360,49465,49320,49455,49345
2025-05-14 00:15:00,17000,49410,49310,49330,49400,49420,49330,49360,49420,49415,49320,49345,49410
2025-05-14 00:20:00,17800,49530,49370,49400,49370,49540,49380,49420,49390,49535,49375,49410,49380
2025-05-14 00:25:00,9700,49520,49360,49370,49500,49530,49370,49390,49520,49525,49365,49380,49510
2025-05-14 00:30:00,7300,49510,49420,49500,49430,49520,49430,49520,49450,49515,49425,49510,49440
2025-05-14 00:35:00,7700,49450,49400,49430,49410,49460,49420,49450,49430,49455,49410,49440,49420
2025-05-14 00:40:00,7800,49470,49410,49410,49470,49490,49420,49430,49490,49480,49415,49420,49480
2025-05-14 00:45:00,5400,49500,49440,49470,49470,49520,49450,49490,49480,49510,49445,49480,49475
2025-05-14 00:50:00,16500,49530,49400,49470,49400,49540,49410,49480,49410,49535,49405,49475,49405
2025-05-14 00:55:00,12000,49440,49360,49400,49380,49460,49370,49410,49400,49450,49365,49405,49390
2025-05-14 01:00:00,23300,49390,49210,49380,49210,49410,49220,49400,49230,49400,49215,49390,49220
2025-05-14 01:05:00,12500,49220,49120,49210,49160,49240,49130,49230,49170,49230,49125,49220,49165
2025-05-14 01:10:00,13300,49170,49040,49160,49090,49180,49050,49170,49100,49175,49045,49165,49095
2025-05-14 01:15:00,9200,49100,49060,49090,49080,49120,49080,49100,49090,49110,49070,49095,49085
2025-05-14 01:20:00,15400,49080,48960,49080,48960,49090,48970,49090,48970,49085,48965,49085,48965
2025-05-14 01:25:00,8300,48990,48910,48960,48920,49000,48930,48970,48930,48995,48920,48965,48925
2025-05-14 01:30:00,6600,48960,48900,48920,48960,48970,48910,48930,48970,48965,48905,48925,48965
2025-05-14 01:35:00,18100,48960,48850,48960,48940,48980,48870,48970,48960,48970,48860,48965,48950
2025-05-14 01:40:00,5600,49010,48910,48940,49000,49030,48930,48960,49010,49020,48920,48950,49005
2025-05-14 01:45:00,5100,49030,48980,49000,49010,49040,49000,49010,49030,49035,48990,49005,49020
2025-05-14 01:50:00,4600,49020,48950,49010,48980,49030,48960,49030,48990,49025,48955,49020,48985
2025-05-14 01:55:00,2700,49030,48980,48980,49010,49050,48990,48990,49020,49040,48985,48985,49015
2025-05-14 02:00:00,6900,49030,48930,49010,48950,49040,48950,49020,48970,49035,48940,49015,48960
2025-05-14 02:05:00,3600,48970,48910,48950,48910,48990,48920,48970,48930,48980,48915,48960,48920
2025-05-14 02:10:00,3500,48920,48900,48910,48900,48940,48910,48930,48910,48930,48905,48920,48905
2025-05-14 02:15:00,3800,48960,48900,48900,48950,48970,48910,48910,48970,48965,48905,48905,48960
2025-05-14 02:20:00,3300,48980,48940,48950,48970,49000,48960,48970,48990,48990,48950,48960,48980
2025-05-14 02:25:00,9900,48980,48860,48970,48880,48990,48880,48990,48910,48985,48870,48980,48895
2025-05-14 02:30:00,800,48880,48880,48880,48880,48920,48920,48920,48920,48900,48900,48900,48900
2025-05-14 03:30:00,15000,48990,48880,48880,48950,49000,48890,48890,48970,48995,48885,48885,48960
2025-05-14 03:35:00,5200,48970,48880,48950,48900,48980,48900,48960,48920,48975,48890,48955,48910
2025-05-14 03:40:00,8300,49060,48900,48900,49010,49070,48920,48920,49030,49065,48910,48910,49020
2025-05-14 03:45:00,3500,49050,49000,49010,49040,49070,49020,49030,49050,49060,49010,49020,49045
2025-05-14 03:50:00,4500,49060,49010,49040,49050,49070,49020,49050,49070,49065,49015,49045,49060
2025-05-14 03:55:00,7000,49060,48980,49050,48980,49070,49000,49070,49010,49065,48990,49060,48995
2025-05-14 04:00:00,3800,49030,48980,48980,49000,49040,49000,49010,49010,49035,48990,48995,49005
2025-05-14 04:05:00,10300,49070,48960,49000,49010,49080,48980,49010,49030,49075,48970,49005,49020
2025-05-14 04:10:00,3200,49060,49000,49010,49050,49070,49010,49030,49070,49065,49005,49020,49060
2025-05-14 04:15:00,5900,49090,49040,49050,49080,49100,49050,49070,49090,49095,49045,49060,49085
2025-05-14 04:20:00,3800,49100,49050,49080,49090,49110,49060,49090,49100,49105,49055,49085,49095
2025-05-14 04:25:00,3700,49100,49050,49090,49050,49110,49060,49100,49060,49105,49055,49095,49055
2025-05-14 04:30:00,2500,49070,49030,49040,49040,49080,49040,49060,49050,49075,49035,49050,49045
2025-05-14 04:35:00,5900,49080,49020,49040,49070,49090,49030,49050,49090,49085,49025,49045,49080
2025-05-14 04:40:00,6000,49100,49050,49070,49080,49110,49070,49090,49100,49105,49065,49080,49090
2025-05-14 04:45:00,5800,49120,49070,49080,49100,49130,49090,49100,49120,49125,49080,49090,49110
2025-05-14 04:50:00,5100,49140,49100,49100,49110,49150,49110,49120,49130,49145,49105,49110,49120
2025-05-14 04:55:00,3400,49110,49060,49110,49090,49130,49080,49130,49100,49120,49070,49120,49095
2025-05-14 05:00:00,8800,49130,49050,49090,49110,49140,49070,49100,49130,49135,49060,49095,49120
2025-05-14 05:05:00,4100,49120,49070,49110,49080,49130,49090,49130,49090,49125,49080,49120,49085
2025-05-14 05:10:00,8000,49080,49020,49080,49020,49090,49030,49090,49030,49085,49025,49085,49025
2025-05-14 05:15:00,3700,49070,49020,49020,49060,49080,49030,49030,49080,49075,49025,49025,49070
2025-05-14 05:20:00,4200,49060,49030,49060,49050,49080,49040,49080,49060,49070,49035,49070,49055
2025-05-14 05:25:00,2800,49060,49020,49050,49050,49070,49040,49060,49060,49065,49030,49055,49055
2025-05-14 05:30:00,9000,49100,49050,49050,49100,49110,49060,49060,49110,49105,49055,49055,49105
2025-05-14 05:35:00,7900,49150,49070,49100,49130,49160,49090,49110,49140,49155,49080,49105,49135
2025-05-14 05:40:00,3100,49130,49100,49130,49110,49150,49120,49140,49130,49140,49110,49135,49120
2025-05-14 05:45:00,2900,49120,49080,49110,49090,49130,49090,49130,49100,49125,49085,49120,49095
2025-05-14 05:50:00,3800,49120,49090,49090,49100,49130,49100,49100,49110,49125,49095,49095,49105
2025-05-14 05:55:00,3100,49110,49100,49100,49100,49120,49110,49110,49110,49115,49105,49105,49105
2025-05-14 06:00:00,7100,49140,49080,49100,49110,49150,49090,49120,49120,49145,49085,49110,49115
2025-05-14 06:05:00,4100,49130,49100,49110,49130,49150,49110,49130,49150,49140,49105,49120,49140
2025-05-14 06:10:00,7500,49150,49120,49130,49120,49160,49130,49150,49140,49155,49125,49140,49130
2025-05-14 06:15:00,3500,49130,49110,49120,49110,49150,49120,49140,49130,49140,49115,49130,49120
2025-05-14 06:20:00,12200,49120,49070,49110,49070,49130,49090,49130,49090,49125,49080,49120,49080
2025-05-14 06:25:00,,48960,44550,44550,48960,48970,44560,44560,48970,48965,44555,44555,48965
2025-05-14 06:30:00,249700,48960,48960,48960,48960,49000,49000,49000,49000,48980,48980,48980,48980
2025-05-15 00:00:00,87600,48400,48150,48400,48200,48410,48170,48410,48220,48405,48165,48405,48210
2025-05-15 00:05:00,46200,48220,47980,48200,48100,48230,48000,48220,48120,48225,47990,48210,48110
2025-05-15 00:10:00,20400,48110,47930,48100,48010,48120,47950,48120,48030,48115,47940,48110,48020
2025-05-15 00:15:00,12500,48110,48000,48010,48030,48120,48020,48030,48050,48115,48010,48020,48040
2025-05-15 00:20:00,26900,48090,47910,48030,47940,48100,47920,48050,47960,48095,47915,48040,47950
2025-05-15 00:25:00,14000,47950,47900,47940,47910,47970,47910,47960,47930,47955,47905,47950,47920
2025-05-15 00:30:00,11700,48020,47910,47910,47990,48030,47920,47930,48010,48025,47915,47920,48000
2025-05-15 00:35:00,9600,48070,47990,47990,48010,48080,48000,48010,48030,48075,47995,48000,48020
2025-05-15 00:40:00,8000,48080,48010,48010,48050,48100,48030,48030,48060,48090,48020,48020,48055
2025-05-15 00:45:00,8300,48100,48020,48050,48080,48120,48030,48060,48100,48110,48025,48055,48090
2025-05-15 00:50:00,18000,48130,47980,48080,47990,48140,47990,48100,48010,48135,47985,48090,48000
2025-05-15 00:55:00,14100,47990,47910,47990,47960,48010,47920,48010,47980,48000,47915,48000,47970
2025-05-15 01:00:00,5900,48000,47920,47960,47990,48010,47940,47990,48000,48005,47930,47975,47995
2025-05-15 01:05:00,7600,48030,47960,47990,47970,48040,47970,48000,48000,48035,47965,47995,47985
2025-05-15 01:10:00,7200,48060,47950,47970,48060,48080,47980,48000,48080,48070,47965,47985,48070
2025-05-15 01:15:00,7300,48110,48050,48060,48060,48120,48070,48080,48070,48115,48060,48070,48065
2025-05-15 01:20:00,4400,48070,48030,48060,48050,48080,48040,48070,48070,48075,48035,48065,48060
2025-05-15 01:25:00,2800,48070,48020,48050,48020,48090,48030,48070,48030,48080,48025,48060,48025
2025-05-15 01:30:00,2300,48040,48010,48020,48030,48050,48020,48030,48040,48045,48015,48025,48035
2025-05-15 01:35:00,10600,48030,47950,48030,47970,48040,47960,48040,47980,48035,47955,48035,47975
2025-05-15 01:40:00,15400,47970,47900,47970,47940,47980,47910,47980,47960,47975,47905,47975,47950
2025-05-15 01:45:00,4100,47980,47920,47940,47970,47990,47940,47960,47980,47985,47930,47950,47975
2025-05-15 01:50:00,10000,48070,47970,47970,48040,48090,47980,47980,48050,48080,47975,47975,48045
2025-05-15 01:55:00,10100,48100,48020,48040,48040,48110,48030,48050,48050,48105,48025,48045,48045
2025-05-15 02:00:00,4200,48040,47970,48040,47970,48050,47980,48050,47980,48045,47975,48045,47975
2025-05-15 02:05:00,5600,47970,47930,47970,47940,47990,47950,47980,47960,47980,47940,47975,47950
2025-05-15 02:10:00,3300,47970,47930,47940,47950,47980,47950,47950,47970,47975,47940,47945,47960
2025-05-15 02:15:00,3100,47960,47940,47950,47940,47980,47950,47970,47960,47970,47945,47960,47950
2025-05-15 02:20:00,5200,47990,47930,47940,47990,48000,47950,47960,48000,47995,47940,47950,47995
2025-05-15 02:25:00,4900,47990,47950,47990,47990,48000,47960,48000,48000,47995,47955,47995,47995
2025-05-15 02:30:00,6100,47990,47990,47990,47990,48000,48000,48000,48000,47995,47995,47995,47995
2025-05-15 03:30:00,28600,48040,47900,47950,47990,48060,47920,47960,48000,48050,47910,47955,47995
2025-05-15 03:35:00,5500,47990,47950,47990,47950,48000,47960,48000,47970,47995,47955,47995,47960
2025-05-15 03:40:00,4800,47990,47950,47950,47960,48000,47970,47970,47980,47995,47960,47960,47970
2025-05-15 03:45:00,6600,48030,47950,47960,48030,48040,47970,47980,48040,48035,47960,47970,48035
2025-05-15 03:50:00,6600,48070,48030,48030,48060,48080,48040,48040,48070,48075,48035,48035,48065
2025-05-15 03:55:00,4500,48070,48020,48060,48030,48080,48040,48080,48040,48075,48030,48070,48035
2025-05-15 04:00:00,7700,48100,48030,48030,48090,48110,48040,48040,48110,48105,48035,48035,48100
2025-05-15 04:05:00,4200,48100,48060,48090,48090,48110,48070,48110,48100,48105,48065,48100,48095
2025-05-15 04:10:00,5700,48120,48070,48090,48110,48130,48090,48100,48120,48125,48080,48095,48115
2025-05-15 04:15:00,11200,48180,48110,48110,48170,48200,48120,48120,48190,48190,48115,48115,48180
2025-05-15 04:20:00,7200,48200,48160,48170,48160,48210,48170,48190,48180,48205,48165,48180,48170
2025-05-15 04:25:00,4000,48210,48160,48160,48210,48220,48170,48180,48220,48215,48165,48170,48215
2025-05-15 04:30:00,5900,48260,48190,48210,48250,48270,48210,48220,48270,48265,48200,48215,48260
2025-05-15 04:35:00,6500,48280,48250,48250,48260,48290,48260,48270,48270,48285,48255,48260,48265
2025-05-15 04:40:00,3300,48280,48250,48260,48260,48290,48270,48270,48280,48285,48260,48265,48270
2025-05-15 04:45:00,3100,48280,48250,48260,48250,48290,48270,48280,48270,48285,48260,48270,48260
2025-05-15 04:50:00,4800,48260,48220,48250,48260,48270,48230,48270,48270,48265,48225,48260,48265
2025-05-15 04:55:00,11600,48340,48240,48260,48340,48350,48250,48270,48350,48345,48245,48265,48345
2025-05-15 05:00:00,5200,48340,48300,48340,48320,48350,48320,48350,48340,48345,48310,48345,48330
2025-05-15 05:05:00,7100,48340,48250,48320,48270,48350,48260,48340,48280,48345,48255,48330,48275
2025-05-15 05:10:00,4800,48270,48210,48270,48240,48290,48230,48280,48250,48280,48220,48275,48245
2025-05-15 05:15:00,2400,48290,48240,48240,48270,48300,48250,48250,48290,48295,48245,48245,48280
2025-05-15 05:20:00,3600,48280,48230,48270,48230,48300,48240,48290,48240,48290,48235,48280,48235
2025-05-15 05:25:00,3300,48260,48220,48230,48260,48280,48240,48240,48280,48270,48230,48235,48270
2025-05-15 05:30:00,7500,48330,48250,48260,48310,48340,48270,48280,48330,48335,48260,48270,48320
2025-05-15 05:35:00,4900,48310,48250,48310,48250,48330,48270,48320,48270,48320,48260,48315,48260
2025-05-15 05:40:00,2800,48290,48250,48250,48270,48300,48260,48270,48290,48295,48255,48260,48280
2025-05-15 05:45:00,8600,48290,48210,48270,48230,48310,48230,48290,48250,48300,48220,48280,48240
2025-05-15 05:50:00,4300,48250,48210,48230,48240,48270,48220,48250,48250,48260,48215,48240,48245
2025-05-15 05:55:00,3600,48280,48240,48240,48280,48290,48250,48250,48290,48285,48245,48245,48285
2025-05-15 06:00:00,9700,48330,48270,48280,48310,48340,48280,48290,48330,48335,48275,48285,48320
2025-05-15 06:05:00,6300,48320,48270,48310,48270,48330,48280,48330,48290,48325,48275,48320,48280
2025-05-15 06:10:00,3800,48310,48270,48270,48300,48320,48290,48290,48320,48315,48280,48280,48310
2025-05-15 06:15:00,15300,48430,48300,48300,48400,48440,48320,48320,48410,48435,48310,48310,48405
2025-05-15 06:20:00,12200,48400,48350,48400,48350,48420,48370,48410,48370,48410,48360,48405,48360
2025-05-15 06:25:00,,49900,48210,49520,48210,49900,48220,49530,48220,49900,48215,49525,48215
2025-05-15 06:30:00,184900,48210,48210,48210,48210,48310,48310,48310,48310,48260,48260,48260,48260
2025-05-16 00:00:00,52600,48400,48000,48000,48110,48410,48010,48010,48140,48405,48005,48005,48125
2025-05-16 00:05:00,12200,48230,48090,48110,48210,48250,48110,48140,48230,48240,48100,48125,48220
2025-05-16 00:10:00,4600,48240,48200,48210,48230,48260,48210,48230,48240,48250,48205,48220,48235
2025-05-16 00:15:00,19800,48430,48230,48230,48290,48450,48240,48240,48320,48440,48235,48235,48305
2025-05-16 00:20:00,11700,48320,48170,48290,48170,48340,48180,48320,48180,48330,48175,48305,48175
2025-05-16 00:25:00,4900,48230,48170,48170,48220,48250,48180,48190,48240,48240,48175,48180,48230
2025-05-16 00:30:00,6200,48270,48160,48220,48160,48280,48180,48240,48180,48275,48170,48230,48170
2025-05-16 00:35:00,7400,48200,48110,48160,48130,48210,48120,48180,48150,48205,48115,48170,48140
2025-05-16 00:40:00,7600,48140,48080,48130,48090,48160,48090,48150,48110,48150,48085,48140,48100
2025-05-16 00:45:00,9800,48090,48030,48090,48030,48110,48040,48110,48040,48100,48035,48100,48035
2025-05-16 00:50:00,9000,48070,48000,48020,48030,48080,48020,48040,48050,48075,48010,48030,48040
2025-05-16 00:55:00,4100,48050,48010,48030,48010,48060,48030,48050,48040,48055,48020,48040,48025
2025-05-16 01:00:00,7500,48060,48000,48010,48020,48080,48010,48040,48040,48070,48005,48025,48030
2025-05-16 01:05:00,5800,48040,48000,48020,48030,48060,48010,48040,48050,48050,48005,48030,48040
2025-05-16 01:10:00,5900,48090,48030,48030,48060,48100,48050,48050,48070,48095,48040,48040,48065
2025-05-16 01:15:00,3900,48090,48040,48060,48070,48100,48050,48070,48090,48095,48045,48065,48080
2025-05-16 01:20:00,15400,48230,48070,48070,48230,48240,48090,48090,48240,48235,48080,48080,48235
2025-05-16 01:25:00,14200,48350,48230,48230,48320,48360,48240,48240,48340,48355,48235,48235,48330
2025-05-16 01:30:00,8100,48330,48230,48320,48320,48340,48250,48340,48340,48335,48240,48330,48330
2025-05-16 01:35:00,20300,48460,48320,48320,48440,48470,48340,48340,48460,48465,48330,48330,48450
2025-05-16 01:40:00,16300,48500,48400,48440,48460,48510,48410,48460,48490,48505,48405,48450,48475
2025-05-16 01:45:00,10100,48530,48450,48460,48510,48540,48470,48480,48530,48535,48465,48470,48520
2025-05-16 01:50:00,17800,48620,48490,48510,48610,48630,48500,48530,48630,48625,48495,48520,48620
2025-05-16 01:55:00,8700,48620,48550,48610,48570,48630,48570,48630,48580,48625,48560,48620,48575
2025-05-16 02:00:00,7900,48600,48510,48570,48590,48620,48520,48580,48610,48610,48515,48575,48600
2025-05-16 02:05:00,11000,48690,48590,48590,48670,48700,48610,48610,48680,48695,48600,48600,48675
2025-05-16 02:10:00,6100,48680,48610,48670,48610,48690,48620,48680,48630,48685,48615,48675,48620
2025-05-16 02:15:00,5300,48640,48580,48610,48620,48650,48600,48620,48640,48645,48590,48615,48630
2025-05-16 02:20:00,6000,48680,48620,48620,48680,48690,48630,48640,48690,48685,48625,48630,48685
2025-05-16 02:25:00,15300,48750,48670,48680,48740,48780,48680,48690,48770,48765,48675,48685,48755
2025-05-16 02:30:00,4100,48740,48740,48740,48740,48780,48780,48780,48780,48760,48760,48760,48760
2025-05-16 03:30:00,30600,48900,48730,48800,48820,48920,48750,48810,48830,48910,48740,48805,48825
2025-05-16 03:35:00,7600,48890,48820,48830,48850,48900,48830,48840,48860,48895,48825,48835,48855
2025-05-16 03:40:00,15500,48950,48810,48850,48900,48970,48820,48860,48930,48960,48815,48855,48915
2025-05-16 03:45:00,8500,48960,48900,48900,48950,48970,48920,48930,48970,48965,48910,48915,48960
2025-05-16 03:50:00,9500,48960,48920,48950,48960,48980,48930,48970,48980,48970,48925,48960,48970
2025-05-16 03:55:00,12600,48980,48900,48960,48910,48990,48910,48980,48930,48985,48905,48970,48920
2025-05-16 04:00:00,15200,48990,48870,48910,48950,49000,48890,48930,48960,48995,48880,48920,48955
2025-05-16 04:05:00,10400,49000,48940,48950,48990,49010,48950,48960,49000,49005,48945,48955,48995
2025-05-16 04:10:00,14100,49080,48980,48990,49070,49090,48990,49000,49080,49085,48985,48995,49075
2025-05-16 04:15:00,13100,49130,49060,49070,49090,49140,49080,49080,49100,49135,49070,49075,49095
2025-05-16 04:20:00,10800,49100,49030,49090,49030,49110,49040,49100,49040,49105,49035,49095,49035
2025-05-16 04:25:00,4200,49040,49020,49030,49020,49050,49030,49040,49030,49045,49025,49035,49025
2025-05-16 04:30:00,8900,49070,48950,49020,48960,49080,48960,49030,48970,49075,48955,49025,48965
2025-05-16 04:35:00,7900,49010,48950,48960,48980,49020,48960,48970,48990,49015,48955,48965,48985
2025-05-16 04:40:00,2500,48990,48960,48980,48980,49000,48970,48990,48990,48995,48965,48985,48985
2025-05-16 04:45:00,7700,49040,48970,48980,49010,49050,48990,48990,49020,49045,48980,48985,49015
2025-05-16 04:50:00,4800,49020,48960,49010,48960,49030,48970,49020,48980,49025,48965,49015,48970
2025-05-16 04:55:00,5200,48970,48930,48960,48940,48990,48940,48980,48950,48980,48935,48970,48945
2025-05-16 05:00:00,6100,48970,48920,48940,48930,48980,48930,48950,48950,48975,48925,48945,48940
2025-05-16 05:05:00,7400,48940,48850,48930,48870,48950,48860,48950,48880,48945,48855,48940,48875
2025-05-16 05:10:00,5200,48900,48850,48870,48870,48920,48860,48880,48880,48910,48855,48875,48875
2025-05-16 05:15:00,5500,48870,48830,48870,48850,48880,48840,48880,48870,48875,48835,48875,48860
2025-05-16 05:20:00,5700,48860,48820,48850,48820,48870,48830,48870,48840,48865,48825,48860,48830
2025-05-16 05:25:00,5400,48870,48810,48820,48840,48880,48820,48840,48850,48875,48815,48830,48845
2025-05-16 05:30:00,5000,48890,48820,48840,48880,48900,48830,48850,48890,48895,48825,48845,48885
2025-05-16 05:35:00,11700,48880,48730,48880,48750,48890,48740,48890,48770,48885,48735,48885,48760
2025-05-16 05:40:00,4600,48800,48750,48750,48780,48810,48760,48770,48790,48805,48755,48760,48785
2025-05-16 05:45:00,3900,48800,48740,48780,48780,48810,48750,48790,48790,48805,48745,48785,48785
2025-05-16 05:50:00,4300,48820,48770,48780,48820,48830,48780,48790,48830,48825,48775,48785,48825
2025-05-16 05:55:00,5200,48820,48760,48820,48760,48830,48770,48830,48780,48825,48765,48825,48770
2025-05-16 06:00:00,6100,48800,48740,48760,48800,48820,48750,48780,48820,48810,48745,48770,48810
2025-05-16 06:05:00,11200,48890,48790,48800,48880,48900,48810,48820,48900,48895,48805,48810,48890
2025-05-16 06:10:00,9100,48890,48830,48880,48860,48900,48840,48900,48870,48895,48835,48890,48865
2025-05-16 06:15:00,10700,48920,48860,48860,48910,48940,48870,48870,48930,48930,48865,48865,48920
2025-05-16 06:20:00,14700,48920,48820,48910,48820,48940,48830,48930,48830,48930,48825,48920,48825
2025-05-16 06:25:00,,49000,47700,47790,49000,49010,47710,47790,49010,49005,47705,47790,49005
2025-05-16 06:30:00,161100,48880,48880,48880,48880,49010,49010,49010,49010,48945,48945,48945,48945
2025-05-19 00:00:00,54500,48820,48610,48610,48730,48840,48610,48610,48760,48830,48610,48610,48745
2025-05-19 00:05:00,16200,48800,48610,48730,48610,48810,48640,48760,48640,48805,48625,48745,48625
2025-05-19 00:10:00,16200,48630,48510,48610,48610,48650,48520,48640,48630,48640,48515,48625,48620
2025-05-19 00:15:00,9200,48610,48540,48610,48600,48640,48560,48630,48610,48625,48550,48620,48605
2025-05-19 00:20:00,15500,48620,48480,48600,48530,48630,48500,48610,48560,48625,48490,48605,48545
2025-05-19 00:25:00,4900,48570,48510,48530,48540,48590,48520,48560,48550,48580,48515,48545,48545
2025-05-19 00:30:00,9500,48620,48520,48540,48620,48640,48530,48550,48630,48625,48525,48545,48625
2025-05-19 00:35:00,8200,48660,48590,48620,48620,48670,48600,48630,48630,48665,48595,48625,48625
2025-05-19 00:40:00,9300,48620,48530,48620,48580,48630,48550,48630,48600,48625,48540,48625,48590
2025-05-19 00:45:00,11200,48720,48550,48580,48660,48740,48570,48600,48680,48730,48560,48590,48670
2025-05-19 00:50:00,4300,48680,48610,48660,48620,48690,48620,48680,48630,48685,48615,48670,48625
2025-05-19 00:55:00,6200,48620,48560,48620,48600,48630,48570,48630,48620,48625,48565,48625,48610
2025-05-19 01:00:00,2700,48660,48570,48610,48660,48680,48580,48620,48680,48670,48575,48615,48670
2025-05-19 01:05:00,2700,48670,48610,48660,48610,48680,48630,48680,48630,48675,48620,48670,48620
2025-05-19 01:10:00,3600,48620,48570,48610,48600,48640,48580,48620,48620,48630,48575,48615,48610
2025-05-19 01:15:00,4600,48660,48590,48600,48650,48680,48610,48620,48660,48670,48600,48610,48655
2025-05-19 01:20:00,3400,48670,48620,48650,48650,48680,48640,48660,48660,48675,48630,48655,48655
2025-05-19 01:25:00,5100,48700,48620,48650,48670,48710,48640,48660,48680,48705,48630,48655,48675
2025-05-19 01:30:00,5300,48770,48660,48670,48750,48780,48670,48680,48760,48775,48665,48675,48755
2025-05-19 01:35:00,15400,48860,48750,48750,48790,48880,48760,48760,48810,48870,48755,48755,48800
2025-05-19 01:40:00,10700,48790,48640,48790,48650,48810,48660,48810,48680,48800,48650,48800,48665
2025-05-19 01:45:00,11800,48690,48590,48650,48590,48700,48600,48680,48600,48695,48595,48665,48595
2025-05-19 01:50:00,5700,48650,48570,48590,48590,48670,48590,48600,48610,48660,48580,48595,48600
2025-05-19 01:55:00,17500,48600,48450,48590,48460,48620,48460,48610,48470,48610,48455,48600,48465
2025-05-19 02:00:00,11800,48460,48420,48460,48450,48480,48430,48470,48460,48470,48425,48465,48455
2025-05-19 02:05:00,4900,48460,48430,48450,48460,48480,48440,48460,48470,48470,48435,48455,48465
2025-05-19 02:10:00,10600,48510,48430,48460,48450,48520,48450,48470,48480,48515,48440,48465,48465
2025-05-19 02:15:00,8200,48530,48430,48450,48520,48550,48460,48480,48540,48540,48445,48465,48530
2025-05-19 02:20:00,5200,48540,48490,48520,48490,48550,48500,48540,48500,48545,48495,48530,48495
2025-05-19 02:25:00,3500,48490,48450,48490,48470,48500,48460,48500,48500,48495,48455,48495,48485
2025-05-19 02:30:00,2600,48470,48470,48470,48470,48500,48500,48500,48500,48485,48485,48485,48485
2025-05-19 03:30:00,32500,48420,48290,48410,48330,48450,48310,48430,48350,48435,48305,48420,48340
2025-05-19 03:35:00,9600,48330,48270,48330,48300,48350,48280,48350,48310,48340,48275,48340,48305
2025-05-19 03:40:00,7700,48330,48270,48300,48310,48340,48290,48310,48330,48335,48280,48305,48320
2025-05-19 03:45:00,4100,48330,48290,48310,48310,48340,48300,48330,48320,48335,48295,48320,48315
2025-05-19 03:50:00,8300,48310,48240,48310,48260,48320,48250,48320,48270,48315,48245,48315,48265
2025-05-19 03:55:00,3700,48260,48240,48260,48240,48270,48250,48270,48260,48265,48245,48265,48250
2025-05-19 04:00:00,3900,48260,48230,48240,48260,48270,48240,48260,48270,48265,48235,48250,48265
2025-05-19 04:05:00,4200,48280,48260,48260,48260,48290,48270,48270,48280,48285,48265,48265,48270
2025-05-19 04:10:00,5600,48270,48230,48260,48250,48280,48240,48280,48260,48275,48235,48270,48255
2025-05-19 04:15:00,1600,48250,48230,48250,48240,48260,48240,48260,48250,48255,48235,48255,48245
2025-05-19 04:20:00,1700,48250,48230,48240,48240,48260,48240,48250,48250,48255,48235,48245,48245
2025-05-19 04:25:00,4000,48270,48230,48240,48270,48280,48240,48250,48280,48275,48235,48245,48275
2025-05-19 04:30:00,3700,48310,48270,48270,48270,48320,48280,48280,48290,48315,48275,48275,48280
2025-05-19 04:35:00,2300,48280,48260,48270,48280,48300,48280,48290,48300,48290,48270,48280,48290
2025-05-19 04:40:00,1500,48290,48260,48280,48260,48300,48270,48300,48280,48295,48265,48290,48270
2025-05-19 04:45:00,2200,48270,48250,48260,48250,48290,48260,48280,48270,48280,48255,48270,48260
2025-05-19 04:50:00,3700,48260,48240,48250,48240,48270,48250,48270,48250,48265,48245,48260,48245
2025-05-19 04:55:00,4200,48280,48240,48240,48250,48290,48250,48250,48270,48285,48245,48245,48260
2025-05-19 05:00:00,4900,48290,48230,48250,48280,48300,48240,48270,48290,48295,48235,48260,48285
2025-05-19 05:05:00,5600,48300,48250,48280,48260,48320,48260,48290,48280,48310,48255,48285,48270
2025-05-19 05:10:00,20100,48430,48260,48260,48410,48450,48280,48280,48430,48440,48270,48270,48420
2025-05-19 05:15:00,8100,48430,48350,48410,48370,48440,48360,48430,48390,48435,48355,48420,48380
2025-05-19 05:20:00,7300,48390,48310,48370,48310,48400,48330,48390,48330,48395,48320,48380,48320
2025-05-19 05:25:00,6600,48340,48300,48310,48320,48350,48310,48330,48340,48345,48305,48320,48330
2025-05-19 05:30:00,11100,48360,48300,48330,48300,48380,48320,48340,48320,48370,48310,48335,48310
2025-05-19 05:35:00,7500,48390,48300,48300,48380,48410,48320,48320,48390,48400,48310,48310,48385
2025-05-19 05:40:00,8400,48430,48380,48380,48380,48440,48390,48390,48400,48435,48385,48385,48390
2025-05-19 05:45:00,5100,48410,48350,48380,48390,48430,48370,48400,48410,48420,48360,48390,48400
2025-05-19 05:50:00,3200,48410,48390,48390,48410,48420,48400,48410,48420,48415,48395,48400,48415
2025-05-19 05:55:00,5200,48410,48370,48410,48370,48420,48380,48420,48380,48415,48375,48415,48375
2025-05-19 06:00:00,7700,48420,48360,48370,48410,48430,48370,48380,48420,48425,48365,48375,48415
2025-05-19 06:05:00,6700,48420,48370,48410,48400,48440,48380,48420,48410,48430,48375,48415,48405
2025-05-19 06:10:00,5500,48410,48380,48400,48390,48420,48390,48410,48400,48415,48385,48405,48395
2025-05-19 06:15:00,13800,48390,48300,48390,48330,48400,48310,48400,48350,48395,48305,48395,48340
2025-05-19 06:20:00,9400,48390,48330,48330,48390,48400,48340,48350,48400,48395,48335,48340,48395
2025-05-19 06:25:00,,48470,46660,47270,48470,48480,46660,47280,48470,48475,46660,47275,48470
2025-05-19 06:30:00,189000,48400,48400,48400,48400,48480,48480,48480,48480,48440,48440,48440,48440
2025-05-20 00:00:00,63400,48680,48350,48680,48540,48690,48380,48690,48560,48685,48365,48685,48550
2025-05-20 00:05:00,31300,48770,48480,48540,48690,48790,48500,48560,48720,48780,48490,48550,48705
2025-05-20 00:10:00,16100,48770,48670,48690,48710,48790,48690,48720,48730,48780,48680,48705,48720
2025-05-20 00:15:00,15800,48750,48570,48710,48590,48770,48590,48730,48610,48760,48580,48720,48600
2025-05-20 00:20:00,17300,48750,48560,48590,48730,48770,48580,48610,48750,48760,48570,48600,48740
2025-05-20 00:25:00,10200,48770,48690,48730,48690,48780,48700,48750,48700,48775,48695,48740,48695
2025-05-20 00:30:00,8300,48750,48650,48690,48750,48770,48670,48700,48770,48760,48660,48695,48760
2025-05-20 00:35:00,20000,48820,48750,48750,48780,48830,48770,48770,48800,48825,48760,48760,48790
2025-05-20 00:40:00,5800,48780,48720,48780,48730,48800,48730,48800,48750,48790,48725,48790,48740
2025-05-20 00:45:00,6000,48780,48720,48730,48720,48790,48730,48750,48740,48785,48725,48740,48730
2025-05-20 00:50:00,6800,48730,48680,48720,48710,48740,48690,48740,48720,48735,48685,48730,48715
2025-05-20 00:55:00,6200,48710,48610,48710,48610,48720,48630,48720,48630,48715,48620,48715,48620
2025-05-20 01:00:00,13600,48610,48520,48610,48520,48630,48530,48630,48540,48620,48525,48620,48530
2025-05-20 01:05:00,8300,48570,48490,48520,48550,48590,48500,48540,48570,48580,48495,48530,48560
2025-05-20 01:10:00,5700,48580,48550,48550,48560,48600,48560,48570,48580,48590,48555,48560,48570
2025-05-20 01:15:00,12700,48570,48460,48560,48470,48580,48480,48580,48490,48575,48470,48570,48480
2025-05-20 01:20:00,5100,48500,48450,48470,48490,48510,48460,48490,48500,48505,48455,48480,48495
2025-05-20 01:25:00,6500,48490,48420,48490,48440,48500,48430,48500,48450,48495,48425,48495,48445
2025-05-20 01:30:00,10200,48440,48330,48440,48360,48460,48350,48450,48370,48450,48340,48445,48365
2025-05-20 01:35:00,5100,48390,48340,48360,48360,48400,48360,48370,48370,48395,48350,48365,48365
2025-05-20 01:40:00,3300,48370,48340,48360,48340,48380,48350,48370,48360,48375,48345,48365,48350
2025-05-20 01:45:00,13200,48420,48320,48340,48420,48450,48330,48360,48450,48435,48325,48350,48435
2025-05-20 01:50:00,4600,48440,48400,48420,48420,48450,48410,48450,48430,48445,48405,48435,48425
2025-05-20 01:55:00,2600,48420,48360,48420,48360,48430,48370,48430,48370,48425,48365,48425,48365
2025-05-20 02:00:00,3600,48360,48320,48360,48350,48380,48340,48370,48360,48370,48330,48365,48355
2025-05-20 02:05:00,4300,48360,48320,48350,48350,48370,48340,48360,48370,48365,48330,48355,48360
2025-05-20 02:10:00,2300,48370,48340,48350,48350,48380,48350,48370,48360,48375,48345,48360,48355
2025-05-20 02:15:00,5900,48360,48300,48350,48330,48370,48310,48360,48350,48365,48305,48355,48340
2025-05-20 02:20:00,4500,48360,48320,48330,48350,48370,48330,48350,48370,48365,48325,48340,48360
2025-05-20 02:25:00,9700,48350,48270,48350,48280,48370,48280,48370,48310,48360,48275,48360,48295
2025-05-20 02:30:00,3400,48280,48280,48280,48280,48320,48320,48320,48320,48300,48300,48300,48300
2025-05-20 03:30:00,28600,48250,48140,48240,48200,48270,48150,48250,48220,48260,48145,48245,48210
2025-05-20 03:35:00,12500,48190,48130,48190,48180,48220,48150,48220,48200,48205,48140,48205,48190
2025-05-20 03:40:00,7300,48210,48150,48180,48170,48230,48160,48200,48190,48220,48155,48190,48180
2025-05-20 03:45:00,7400,48190,48160,48170,48160,48210,48170,48190,48170,48200,48165,48180,48165
2025-05-20 03:50:00,5000,48170,48140,48160,48150,48180,48150,48170,48170,48175,48145,48165,48160
2025-05-20 03:55:00,6400,48170,48130,48150,48150,48180,48140,48170,48160,48175,48135,48160,48155
2025-05-20 04:00:00,12000,48170,48100,48150,48160,48180,48110,48170,48170,48175,48105,48160,48165
2025-05-20 04:05:00,2800,48160,48140,48160,48140,48180,48150,48170,48150,48170,48145,48165,48145
2025-05-20 04:10:00,7300,48170,48130,48140,48140,48180,48150,48150,48150,48175,48140,48145,48145
2025-05-20 04:15:00,3000,48150,48130,48140,48150,48160,48140,48150,48160,48155,48135,48145,48155
2025-05-20 04:20:00,3600,48150,48120,48150,48130,48160,48130,48160,48140,48155,48125,48155,48135
2025-05-20 04:25:00,6500,48130,48100,48130,48110,48140,48110,48140,48120,48135,48105,48135,48115
2025-05-20 04:30:00,5400,48140,48100,48110,48100,48150,48110,48120,48110,48145,48105,48115,48105
2025-05-20 04:35:00,4600,48170,48100,48100,48160,48180,48110,48110,48170,48175,48105,48105,48165
2025-05-20 04:40:00,3200,48160,48130,48160,48140,48170,48140,48170,48150,48165,48135,48165,48145
2025-05-20 04:45:00,4900,48180,48140,48140,48170,48190,48150,48150,48180,48185,48145,48145,48175
2025-05-20 04:50:00,3900,48190,48160,48170,48190,48200,48180,48180,48200,48195,48170,48175,48195
2025-05-20 04:55:00,4600,48190,48160,48190,48160,48200,48170,48200,48180,48195,48165,48195,48170
2025-05-20 05:00:00,4800,48180,48160,48160,48170,48190,48170,48180,48190,48185,48165,48170,48180
2025-05-20 05:05:00,6700,48210,48160,48170,48200,48220,48170,48190,48210,48215,48165,48180,48205
2025-05-20 05:10:00,7000,48240,48190,48200,48220,48250,48200,48210,48240,48245,48195,48205,48230
2025-05-20 05:15:00,5900,48260,48220,48220,48250,48270,48240,48240,48260,48265,48230,48230,48255
2025-05-20 05:20:00,4500,48250,48220,48250,48240,48260,48230,48260,48250,48255,48225,48255,48245
2025-05-20 05:25:00,4300,48250,48230,48240,48230,48270,48240,48250,48240,48260,48235,48245,48235
2025-05-20 05:30:00,7400,48240,48160,48230,48160,48250,48180,48240,48180,48245,48170,48235,48170
2025-05-20 05:35:00,5100,48180,48150,48160,48170,48190,48160,48180,48180,48185,48155,48170,48175
2025-05-20 05:40:00,5800,48180,48120,48170,48130,48190,48130,48180,48140,48185,48125,48175,48135
2025-05-20 05:45:00,23700,48130,48020,48130,48040,48140,48030,48140,48060,48135,48025,48135,48050
2025-05-20 05:50:00,8500,48070,48010,48040,48010,48090,48020,48060,48030,48080,48015,48050,48020
2025-05-20 05:55:00,24500,48020,47970,48010,47990,48040,47980,48030,48010,48030,47975,48020,48000
2025-05-20 06:00:00,12100,48050,47960,47990,48010,48070,47970,48010,48030,48060,47965,48000,48020
2025-05-20 06:05:00,12000,48010,47900,48010,47910,48030,47910,48030,47930,48020,47905,48020,47920
2025-05-20 06:10:00,9100,47970,47910,47910,47950,47980,47920,47930,47970,47975,47915,47920,47960
2025-05-20 06:15:00,7300,47970,47940,47950,47950,47980,47950,47970,47960,47975,47945,47960,47955
2025-05-20 06:20:00,11000,47960,47940,47950,47950,47980,47950,47960,47970,47970,47945,47955,47960
2025-05-20 06:25:00,,48000,45980,46500,48000,48010,45980,46510,48010,48005,45980,46505,48005
2025-05-20 06:30:00,193300,48000,48000,48000,48000,48010,48010,48010,48010,48005,48005,48005,48005
2025-05-21 00:00:00,54300,48040,47520,47540,47980,48060,47530,47550,48020,48050,47525,47545,48000
2025-05-21 00:05:00,10900,47980,47790,47980,47790,48020,47800,48020,47800,48000,47795,48000,47795
2025-05-21 00:10:00,13800,47890,47740,47790,47740,47900,47760,47800,47760,47895,47750,47795,47750
2025-05-21 00:15:00,12700,47750,47600,47740,47610,47770,47620,47760,47630,47760,47610,47750,47620
2025-05-21 00:20:00,10400,47670,47570,47610,47630,47690,47590,47630,47650,47680,47580,47620,47640
2025-05-21 00:25:00,5900,47630,47590,47630,47610,47650,47600,47650,47630,47640,47595,47640,47620
2025-05-21 00:30:00,8900,47670,47600,47610,47610,47680,47620,47630,47630,47675,47610,47620,47620
2025-05-21 00:35:00,3500,47640,47610,47610,47630,47660,47620,47630,47640,47650,47615,47620,47635
2025-05-21 00:40:00,7600,47670,47590,47630,47630,47690,47600,47640,47650,47680,47595,47635,47640
2025-05-21 00:45:00,8800,47780,47630,47630,47690,47790,47650,47650,47710,47785,47640,47640,47700
2025-05-21 00:50:00,7000,47710,47580,47690,47580,47730,47600,47710,47600,47720,47590,47700,47590
2025-05-21 00:55:00,12200,47600,47540,47580,47540,47610,47550,47600,47560,47605,47545,47590,47550
2025-05-21 01:00:00,15700,47570,47480,47540,47560,47580,47490,47560,47580,47575,47485,47550,47570
2025-05-21 01:05:00,4300,47590,47560,47560,47580,47610,47570,47580,47600,47600,47565,47570,47590
2025-05-21 01:10:00,3400,47610,47570,47580,47580,47620,47580,47600,47600,47615,47575,47590,47590
2025-05-21 01:15:00,3000,47580,47510,47580,47510,47600,47530,47600,47530,47590,47520,47590,47520
2025-05-21 01:20:00,4100,47540,47500,47510,47520,47550,47510,47530,47540,47545,47505,47520,47530
2025-05-21 01:25:00,3300,47570,47520,47520,47530,47580,47530,47540,47550,47575,47525,47530,47540
2025-05-21 01:30:00,6600,47530,47490,47530,47500,47550,47510,47550,47520,47540,47500,47540,47510
2025-05-21 01:35:00,4000,47550,47490,47500,47540,47560,47500,47520,47550,47555,47495,47510,47545
2025-05-21 01:40:00,2800,47570,47520,47540,47550,47580,47550,47550,47570,47575,47535,47545,47560
2025-05-21 01:45:00,2500,47550,47510,47550,47550,47570,47530,47570,47560,47560,47520,47560,47555
2025-05-21 01:50:00,1700,47570,47550,47550,47560,47590,47560,47560,47580,47580,47555,47555,47570
2025-05-21 01:55:00,2400,47560,47530,47560,47550,47580,47550,47580,47570,47570,47540,47570,47560
2025-05-21 02:00:00,4300,47590,47550,47550,47580,47600,47570,47570,47600,47595,47560,47560,47590
2025-05-21 02:05:00,4400,47580,47520,47580,47560,47600,47530,47600,47580,47590,47525,47590,47570
2025-05-21 02:10:00,5500,47640,47560,47560,47630,47650,47580,47580,47640,47645,47570,47570,47635
2025-05-21 02:15:00,4200,47630,47580,47630,47580,47640,47590,47640,47600,47635,47585,47635,47590
2025-05-21 02:20:00,5500,47620,47550,47580,47550,47640,47560,47600,47560,47630,47555,47590,47555
2025-05-21 02:25:00,3300,47570,47530,47550,47550,47590,47550,47560,47580,47580,47540,47555,47565
2025-05-21 02:30:00,10000,47540,47540,47540,47540,47580,47580,47580,47580,47560,47560,47560,47560
2025-05-21 03:30:00,41100,47480,47350,47470,47400,47520,47360,47480,47420,47495,47355,47475,47410
2025-05-21 03:35:00,6400,47430,47390,47400,47390,47440,47400,47420,47410,47435,47395,47410,47400
2025-05-21 03:40:00,3100,47420,47380,47390,47400,47430,47400,47410,47420,47425,47390,47400,47410
2025-05-21 03:45:00,3400,47450,47400,47400,47430,47470,47420,47420,47440,47460,47410,47410,47435
2025-05-21 03:50:00,4000,47460,47400,47420,47460,47470,47410,47440,47470,47465,47405,47430,47465
2025-05-21 03:55:00,4400,47490,47450,47460,47470,47500,47460,47470,47490,47495,47455,47465,47480
2025-05-21 04:00:00,3300,47490,47450,47470,47480,47500,47460,47490,47500,47495,47455,47480,47490
2025-05-21 04:05:00,3300,47510,47470,47480,47510,47520,47490,47500,47520,47515,47480,47490,47515
2025-05-21 04:10:00,2700,47510,47480,47510,47480,47530,47490,47520,47490,47520,47485,47515,47485
2025-05-21 04:15:00,4000,47480,47430,47480,47430,47490,47440,47490,47440,47485,47435,47485,47435
2025-05-21 04:20:00,5900,47440,47410,47430,47420,47450,47420,47440,47440,47445,47415,47435,47430
2025-05-21 04:25:00,4300,47440,47400,47420,47430,47450,47410,47440,47450,47445,47405,47430,47440
2025-05-21 04:30:00,2400,47480,47430,47430,47480,47490,47450,47450,47490,47485,47440,47440,47485
2025-05-21 04:35:00,5400,47520,47450,47470,47500,47530,47460,47490,47520,47525,47455,47480,47510
2025-05-21 04:40:00,4300,47500,47470,47500,47470,47520,47480,47520,47480,47510,47475,47510,47475
2025-05-21 04:45:00,3000,47470,47440,47470,47450,47480,47450,47480,47470,47475,47445,47475,47460
2025-05-21 04:50:00,5800,47470,47430,47460,47470,47480,47440,47470,47480,47475,47435,47465,47475
2025-05-21 04:55:00,2400,47470,47450,47470,47460,47480,47460,47480,47480,47475,47455,47475,47470
2025-05-21 05:00:00,4500,47490,47450,47460,47490,47510,47460,47480,47510,47500,47455,47470,47500
2025-05-21 05:05:00,3500,47510,47480,47490,47500,47520,47490,47510,47520,47515,47485,47500,47510
2025-05-21 05:10:00,3200,47510,47460,47500,47460,47520,47470,47520,47480,47515,47465,47510,47470
2025-05-21 05:15:00,3600,47470,47450,47460,47470,47480,47460,47480,47480,47475,47455,47470,47475
2025-05-21 05:20:00,3100,47500,47470,47470,47500,47510,47480,47480,47510,47505,47475,47475,47505
2025-05-21 05:25:00,3000,47500,47460,47500,47460,47510,47470,47510,47470,47505,47465,47505,47465
2025-05-21 05:30:00,2300,47460,47430,47460,47430,47470,47440,47470,47440,47465,47435,47465,47435
2025-05-21 05:35:00,10800,47430,47380,47430,47380,47440,47390,47440,47390,47435,47385,47435,47385
2025-05-21 05:40:00,8600,47390,47350,47380,47350,47400,47360,47390,47370,47395,47355,47385,47360
2025-05-21 05:45:00,3900,47360,47350,47350,47350,47380,47360,47370,47360,47370,47355,47360,47355
2025-05-21 05:50:00,8700,47370,47330,47350,47330,47380,47340,47360,47350,47375,47335,47355,47340
2025-05-21 05:55:00,16700,47340,47280,47330,47280,47350,47290,47350,47290,47345,47285,47340,47285
2025-05-21 06:00:00,8100,47290,47250,47280,47270,47300,47260,47290,47290,47295,47255,47285,47280
2025-05-21 06:05:00,7200,47270,47240,47270,47250,47290,47250,47290,47270,47280,47245,47280,47260
2025-05-21 06:10:00,6000,47300,47240,47250,47290,47310,47260,47270,47310,47305,47250,47260,47300
2025-05-21 06:15:00,7000,47290,47270,47290,47270,47310,47280,47310,47280,47300,47275,47300,47275
2025-05-21 06:20:00,15600,47360,47260,47270,47320,47370,47270,47280,47340,47365,47265,47275,47330
2025-05-21 06:25:00,,48190,47170,48080,47170,48200,47180,48090,47180,48195,47175,48085,47175
2025-05-21 06:30:00,230600,47170,47170,47170,47170,47280,47280,47280,47280,47225,47225,47225,47225
2025-05-22 00:00:00,83400,46820,46410,46820,46520,46820,46440,46820,46560,46820,46425,46820,46540
2025-05-22 00:05:00,14100,46610,46480,46520,46500,46630,46500,46560,46540,46615,46490,46540,46520
2025-05-22 00:10:00,17700,46590,46420,46500,46440,46620,46440,46540,46460,46600,46430,46520,46450
2025-05-22 00:15:00,21200,46580,46410,46440,46570,46600,46430,46460,46590,46590,46420,46450,46580
2025-05-22 00:20:00,14500,46650,46570,46570,46630,46670,46580,46590,46640,46660,46575,46580,46635
2025-05-22 00:25:00,18300,46710,46610,46630,46670,46740,46630,46640,46690,46725,46620,46635,46680
2025-05-22 00:30:00,13000,46770,46650,46670,46760,46780,46680,46690,46780,46775,46665,46680,46770
2025-05-22 00:35:00,13300,46880,46760,46760,46810,46890,46780,46780,46840,46885,46770,46770,46825
2025-05-22 00:40:00,9400,46820,46680,46810,46720,46840,46690,46830,46740,46825,46685,46820,46730
2025-05-22 00:45:00,5600,46830,46720,46720,46810,46850,46740,46740,46840,46840,46730,46730,46825
2025-05-22 00:50:00,4800,46840,46770,46820,46800,46850,46790,46840,46810,46845,46780,46830,46805
2025-05-22 00:55:00,6300,46880,46770,46800,46860,46900,46800,46810,46880,46890,46785,46805,46870
2025-05-22 01:00:00,7600,46910,46830,46860,46880,46920,46850,46880,46890,46915,46840,46870,46885
2025-05-22 01:05:00,9000,46930,46840,46870,46930,46950,46860,46890,46950,46940,46850,46880,46940
2025-05-22 01:10:00,6100,46980,46920,46930,46930,46990,46930,46950,46950,46985,46925,46940,46940
2025-05-22 01:15:00,8500,46930,46820,46930,46820,46950,46830,46950,46840,46940,46825,46940,46830
2025-05-22 01:20:00,6500,46910,46820,46820,46870,46930,46840,46840,46900,46915,46830,46830,46885
2025-05-22 01:25:00,6600,46870,46790,46870,46810,46900,46810,46900,46830,46885,46800,46885,46820
2025-05-22 01:30:00,4900,46850,46810,46810,46840,46880,46820,46830,46870,46865,46815,46820,46855
2025-05-22 01:35:00,7500,46850,46710,46840,46740,46880,46720,46870,46760,46865,46715,46855,46750
2025-05-22 01:40:00,4000,46770,46730,46740,46760,46790,46750,46760,46780,46780,46740,46750,46770
2025-05-22 01:45:00,6900,46770,46660,46760,46670,46780,46670,46780,46690,46775,46665,46770,46680
2025-05-22 01:50:00,4800,46670,46640,46670,46660,46690,46650,46690,46680,46680,46645,46680,46670
2025-05-22 01:55:00,4600,46670,46640,46660,46650,46680,46650,46680,46670,46675,46645,46670,46660
2025-05-22 02:00:00,4200,46690,46640,46650,46680,46700,46650,46670,46700,46695,46645,46660,46690
2025-05-22 02:05:00,7600,46810,46690,46690,46800,46820,46700,46700,46810,46815,46695,46695,46805
2025-05-22 02:10:00,4400,46800,46740,46800,46760,46810,46750,46810,46780,46805,46745,46805,46770
2025-05-22 02:15:00,2800,46780,46750,46760,46770,46800,46770,46780,46790,46790,46760,46770,46780
2025-05-22 02:20:00,1400,46780,46740,46770,46740,46800,46760,46790,46760,46790,46750,46780,46750
2025-05-22 02:25:00,5200,46760,46700,46740,46700,46770,46710,46760,46740,46765,46705,46750,46720
2025-05-22 02:30:00,19400,46700,46700,46700,46700,46750,46750,46750,46750,46725,46725,46725,46725
2025-05-22 03:30:00,20000,46750,46640,46750,46680,46770,46650,46760,46700,46760,46645,46755,46690
2025-05-22 03:35:00,17600,46690,46540,46680,46550,46710,46550,46700,46570,46700,46545,46690,46560
2025-05-22 03:40:00,6300,46620,46530,46550,46610,46640,46540,46570,46630,46630,46535,46560,46620
2025-05-22 03:45:00,4100,46630,46560,46610,46590,46640,46580,46630,46610,46635,46570,46620,46600
2025-05-22 03:50:00,3400,46600,46560,46590,46560,46620,46580,46610,46580,46610,46570,46600,46570
2025-05-22 03:55:00,6000,46600,46550,46560,46590,46610,46570,46580,46610,46605,46560,46570,46600
2025-05-22 04:00:00,3200,46590,46550,46590,46550,46610,46570,46610,46570,46600,46560,46600,46560
2025-05-22 04:05:00,4700,46570,46540,46550,46560,46590,46550,46570,46580,46580,46545,46560,46570
2025-05-22 04:10:00,3600,46580,46540,46560,46550,46590,46560,46590,46570,46585,46550,46575,46560
2025-05-22 04:15:00,9400,46550,46500,46550,46500,46570,46510,46570,46520,46560,46505,46560,46510
2025-05-22 04:20:00,4800,46540,46480,46500,46530,46550,46490,46520,46540,46545,46485,46510,46535
2025-05-22 04:25:00,2700,46540,46510,46530,46520,46560,46530,46540,46540,46550,46520,46535,46530
2025-05-22 04:30:00,7700,46650,46520,46520,46610,46660,46530,46540,46630,46655,46525,46530,46620
2025-05-22 04:35:00,4300,46660,46600,46620,46650,46670,46610,46630,46660,46665,46605,46625,46655
2025-05-22 04:40:00,3200,46650,46610,46650,46620,46660,46620,46660,46640,46655,46615,46655,46630
2025-05-22 04:45:00,4000,46680,46600,46620,46640,46690,46620,46640,46660,46685,46610,46630,46650
2025-05-22 04:50:00,5600,46690,46630,46640,46690,46700,46650,46660,46700,46695,46640,46650,46695
2025-05-22 04:55:00,5600,46740,46680,46690,46740,46750,46690,46700,46750,46745,46685,46695,46745
2025-05-22 05:00:00,5200,46740,46650,46740,46660,46750,46660,46750,46680,46745,46655,46745,46670
2025-05-22 05:05:00,4900,46770,46660,46660,46760,46780,46680,46690,46770,46775,46670,46675,46765
2025-05-22 05:10:00,4700,46790,46720,46760,46760,46810,46740,46770,46780,46800,46730,46765,46770
2025-05-22 05:15:00,1600,46780,46750,46760,46750,46800,46770,46780,46770,46785,46760,46770,46760
2025-05-22 05:20:00,4200,46790,46750,46750,46780,46810,46760,46760,46800,46800,46755,46755,46790
2025-05-22 05:25:00,6300,46860,46770,46780,46820,46880,46790,46800,46840,46870,46780,46790,46830
2025-05-22 05:30:00,2300,46860,46810,46820,46860,46870,46820,46840,46870,46865,46815,46830,46865
2025-05-22 05:35:00,7100,46890,46840,46860,46850,46900,46850,46870,46870,46895,46845,46865,46860
2025-05-22 05:40:00,4100,46850,46790,46850,46820,46870,46800,46870,46840,46860,46795,46860,46830
2025-05-22 05:45:00,6400,46840,46800,46820,46800,46860,46810,46840,46820,46850,46805,46830,46810
2025-05-22 05:50:00,6500,46850,46790,46800,46830,46860,46810,46820,46850,46855,46800,46810,46840
2025-05-22 05:55:00,5600,46840,46790,46830,46830,46860,46800,46850,46850,46850,46795,46840,46840
2025-05-22 06:00:00,7700,46830,46750,46830,46750,46850,46770,46850,46770,46840,46760,46840,46760
2025-05-22 06:05:00,6600,46760,46720,46750,46750,46780,46730,46770,46770,46770,46725,46760,46760
2025-05-22 06:10:00,7100,46760,46680,46750,46680,46770,46700,46770,46700,46765,46690,46760,46690
2025-05-22 06:15:00,8400,46700,46640,46680,46650,46720,46660,46700,46670,46710,46650,46690,46660
2025-05-22 06:20:00,13700,46670,46590,46650,46660,46690,46610,46670,46670,46680,46600,46660,46665
2025-05-22 06:25:00,,46660,46250,46380,46660,46670,46260,46390,46670,46665,46255,46385,46665
2025-05-22 06:30:00,169900,46650,46650,46650,46650,46690,46690,46690,46690,46670,46670,46670,46670
2025-05-23 00:00:00,61800,46980,46680,46710,46900,47000,46690,46710,46950,46985,46685,46710,46925
2025-05-23 00:05:00,11800,46920,46820,46900,46850,46950,46830,46950,46880,46935,46825,46925,46865
2025-05-23 00:10:00,13500,46970,46820,46850,46830,46980,46850,46880,46850,46975,46835,46865,46840
2025-05-23 00:15:00,9900,46940,46770,46830,46900,46950,46790,46850,46920,46945,46780,46840,46910
2025-05-23 00:20:00,4400,46930,46840,46910,46870,46950,46870,46920,46900,46940,46855,46915,46885
2025-05-23 00:25:00,4600,46910,46860,46870,46880,46930,46880,46900,46900,46920,46870,46885,46890
2025-05-23 00:30:00,11900,46970,46870,46880,46930,46990,46890,46900,46950,46980,46880,46890,46940
2025-05-23 00:35:00,11800,47030,46920,46930,46990,47050,46940,46950,47020,47040,46930,46940,47005
2025-05-23 00:40:00,5300,47000,46950,46990,46950,47030,46960,47020,46970,47015,46955,47005,46960
2025-05-23 00:45:00,6000,47060,46950,46950,47020,47070,46970,46970,47040,47065,46960,46960,47030
2025-05-23 00:50:00,3100,47050,47010,47020,47050,47070,47030,47040,47070,47060,47020,47030,47060
2025-05-23 00:55:00,7100,47110,47020,47050,47110,47130,47040,47070,47130,47120,47030,47060,47120
2025-05-23 01:00:00,7200,47150,47080,47110,47090,47170,47100,47130,47110,47160,47090,47120,47100
2025-05-23 01:05:00,3800,47090,47030,47090,47070,47110,47060,47110,47080,47100,47045,47100,47075
2025-05-23 01:10:00,4700,47140,47070,47070,47140,47150,47080,47080,47150,47145,47075,47075,47145
2025-05-23 01:15:00,5000,47170,47130,47140,47130,47190,47140,47150,47150,47180,47135,47145,47140
2025-05-23 01:20:00,9800,47210,47130,47130,47190,47230,47150,47150,47210,47220,47140,47140,47200
2025-05-23 01:25:00,6900,47290,47190,47190,47270,47300,47210,47210,47290,47295,47200,47200,47280
2025-05-23 01:30:00,8100,47320,47260,47270,47310,47340,47280,47290,47320,47330,47270,47280,47315
2025-05-23 01:35:00,6200,47320,47260,47310,47270,47340,47280,47320,47290,47330,47270,47315,47280
2025-05-23 01:40:00,12000,47360,47230,47270,47280,47370,47240,47290,47310,47365,47235,47280,47295
2025-05-23 01:45:00,5400,47280,47220,47280,47240,47310,47230,47310,47260,47295,47225,47295,47250
2025-05-23 01:50:00,4800,47240,47140,47240,47150,47260,47160,47260,47170,47250,47150,47250,47160
2025-05-23 01:55:00,5400,47200,47130,47150,47160,47210,47150,47160,47180,47205,47140,47155,47170
2025-05-23 02:00:00,6700,47230,47150,47160,47200,47250,47170,47180,47220,47240,47160,47170,47210
2025-05-23 02:05:00,2300,47250,47200,47200,47240,47270,47210,47220,47260,47260,47205,47210,47250
2025-05-23 02:10:00,4500,47290,47240,47240,47280,47300,47250,47260,47290,47295,47245,47250,47285
2025-05-23 02:15:00,1400,47280,47220,47280,47220,47300,47230,47290,47230,47290,47225,47285,47225
2025-05-23 02:20:00,3100,47220,47190,47220,47200,47240,47210,47230,47220,47225,47200,47225,47210
2025-05-23 02:25:00,3600,47270,47190,47200,47270,47290,47200,47210,47290,47280,47195,47205,47280
2025-05-23 02:30:00,10000,,,,,,,,,,,,
2025-05-23 03:30:00,30200,47160,47030,47160,47100,47220,47050,47160,47110,47185,47040,47160,47105
2025-05-23 03:35:00,4100,47100,47050,47100,47060,47120,47070,47110,47080,47110,47060,47105,47070
2025-05-23 03:40:00,6200,47070,47040,47060,47040,47090,47050,47080,47050,47080,47045,47070,47045
2025-05-23 03:45:00,3400,47110,47040,47040,47090,47120,47050,47050,47100,47115,47045,47045,47095
2025-05-23 03:50:00,5700,47130,47080,47090,47110,47140,47090,47100,47130,47135,47085,47095,47120
2025-05-23 03:55:00,5300,47110,47050,47110,47070,47130,47060,47130,47090,47120,47055,47120,47080
2025-05-23 04:00:00,9300,47070,46970,47070,46980,47080,46980,47080,47000,47075,46975,47075,46990
2025-05-23 04:05:00,5600,47050,46950,46980,47030,47060,46970,47000,47050,47055,46960,46990,47040
2025-05-23 04:10:00,3700,47080,47020,47030,47050,47090,47030,47050,47070,47085,47025,47040,47060
2025-05-23 04:15:00,1300,47080,47050,47060,47080,47090,47070,47070,47090,47085,47065,47065,47085
2025-05-23 04:20:00,4000,47110,47070,47080,47080,47120,47080,47090,47100,47115,47075,47085,47090
2025-05-23 04:25:00,5400,47080,46980,47080,46990,47100,46990,47100,47010,47090,46985,47090,47000
2025-05-23 04:30:00,4700,47020,46960,46990,47000,47030,46970,47010,47020,47025,46965,47000,47010
2025-05-23 04:35:00,4200,47000,46960,47000,46960,47020,46970,47020,46980,47010,46965,47010,46970
2025-05-23 04:40:00,2700,46970,46960,46960,46960,46990,46970,46980,46980,46980,46965,46970,46970
2025-05-23 04:45:00,6200,47000,46940,46960,46940,47010,46950,46980,46950,47005,46945,46970,46945
2025-05-23 04:50:00,5200,47000,46940,46940,46970,47010,46950,46950,46980,47005,46945,46945,46975
2025-05-23 04:55:00,2000,46990,46950,46970,46990,47010,46970,46980,47010,47000,46960,46975,47000
2025-05-23 05:00:00,3200,47000,46980,46990,47000,47020,46990,47010,47020,47010,46985,47000,47010
2025-05-23 05:05:00,5400,47030,46980,47000,47020,47040,47000,47020,47040,47035,46990,47010,47030
2025-05-23 05:10:00,4100,47030,46970,47020,46990,47040,46980,47040,47010,47035,46975,47030,47000
2025-05-23 05:15:00,2700,47010,46980,46990,47000,47030,47000,47010,47020,47020,46990,47000,47010
2025-05-23 05:20:00,2700,47040,47000,47000,47040,47050,47010,47020,47050,47045,47005,47010,47045
2025-05-23 05:25:00,4100,47070,47040,47040,47050,47080,47050,47050,47060,47075,47045,47045,47055
2025-05-23 05:30:00,3400,47070,47040,47050,47050,47080,47060,47060,47060,47075,47050,47055,47055
2025-05-23 05:35:00,4400,47070,47010,47050,47020,47080,47020,47060,47040,47075,47015,47055,47030
2025-05-23 05:40:00,3500,47050,47010,47020,47050,47070,47020,47040,47060,47060,47015,47030,47055
2025-05-23 05:45:00,4200,47070,47040,47050,47040,47090,47050,47060,47060,47080,47045,47055,47050
2025-05-23 05:50:00,4900,47050,46990,47040,47000,47060,47000,47060,47010,47055,46995,47050,47005
2025-05-23 05:55:00,7000,47030,46960,47000,47020,47050,46970,47010,47030,47040,46965,47005,47025
2025-05-23 06:00:00,9000,47070,47000,47020,47070,47090,47020,47030,47090,47080,47010,47025,47080
2025-05-23 06:05:00,6500,47070,46990,47070,46990,47090,47010,47090,47010,47080,47000,47080,47000
2025-05-23 06:10:00,10700,46990,46960,46990,46960,47010,46970,47010,46980,47000,46965,47000,46970
2025-05-23 06:15:00,6200,46960,46920,46960,46930,46980,46930,46980,46940,46970,46925,46970,46935
2025-05-23 06:20:00,8900,46940,46910,46930,46930,46950,46920,46940,46950,46945,46915,46935,46940
2025-05-23 06:25:00,,47070,45200,45550,47060,47080,45210,45560,47070,47075,45205,45555,47065
2025-05-23 06:30:00,173700,47010,47010,47010,47010,47080,47080,47080,47080,47045,47045,47045,47045
2025-05-26 00:00:00,35500,46980,46820,46880,46850,47020,46840,46890,46880,46995,46830,46885,46865
2025-05-26 00:05:00,8700,47060,46840,46840,47010,47080,46860,46880,47040,47065,46855,46860,47025
2025-05-26 00:10:00,6700,47040,46910,47010,46950,47070,46920,47040,46980,47055,46915,47025,46965
2025-05-26 00:15:00,7600,47080,46940,46950,47040,47100,46970,46980,47070,47090,46955,46965,47055
2025-05-26 00:20:00,2500,47070,47010,47040,47040,47090,47020,47070,47060,47080,47015,47055,47050
2025-05-26 00:25:00,5400,47110,47040,47040,47110,47120,47060,47060,47120,47115,47050,47050,47115
2025-05-26 00:30:00,5800,47130,47000,47110,47030,47140,47020,47120,47050,47135,47010,47115,47040
2025-05-26 00:35:00,2800,47110,47000,47030,47080,47120,47020,47050,47100,47115,47010,47040,47090
2025-05-26 00:40:00,3100,47110,47070,47080,47080,47130,47080,47100,47100,47120,47075,47090,47090
2025-05-26 00:45:00,11300,47170,47070,47080,47150,47190,47080,47100,47180,47180,47075,47090,47165
2025-05-26 00:50:00,8100,47180,47090,47150,47150,47190,47110,47180,47170,47185,47100,47165,47160
2025-05-26 00:55:00,4100,47170,47110,47150,47140,47190,47120,47170,47160,47180,47115,47160,47150
2025-05-26 01:00:00,4700,47140,47110,47140,47140,47160,47120,47160,47160,47150,47115,47150,47150
2025-05-26 01:05:00,3300,47150,47100,47140,47140,47160,47110,47160,47150,47155,47105,47150,47145
2025-05-26 01:10:00,15000,47250,47140,47140,47220,47270,47150,47150,47240,47260,47145,47145,47230
2025-05-26 01:15:00,6300,47230,47110,47220,47110,47250,47120,47240,47120,47235,47115,47230,47115
2025-05-26 01:20:00,5100,47110,47050,47110,47070,47130,47060,47120,47090,47120,47055,47115,47080
2025-05-26 01:25:00,4000,47080,47040,47070,47040,47110,47050,47090,47060,47095,47045,47080,47050
2025-05-26 01:30:00,3200,47080,47020,47040,47070,47100,47040,47060,47090,47090,47030,47050,47080
2025-05-26 01:35:00,3000,47120,47070,47070,47110,47130,47080,47090,47130,47125,47075,47080,47120
2025-05-26 01:40:00,1700,47130,47110,47110,47120,47140,47120,47130,47140,47135,47115,47120,47130
2025-05-26 01:45:00,6700,47180,47120,47120,47160,47190,47140,47140,47180,47185,47130,47130,47170
2025-05-26 01:50:00,2900,47160,47070,47160,47080,47180,47090,47180,47100,47170,47080,47170,47090
2025-05-26 01:55:00,3100,47080,47040,47080,47050,47100,47050,47100,47080,47090,47045,47090,47065
2025-05-26 02:00:00,1200,47060,47040,47050,47040,47080,47050,47080,47060,47065,47045,47065,47050
2025-05-26 02:05:00,3100,47050,47000,47040,47030,47070,47020,47060,47050,47060,47010,47050,47040
2025-05-26 02:10:00,6900,47030,46960,47030,46970,47060,46970,47060,46990,47045,46965,47045,46980
2025-05-26 02:15:00,6600,46970,46900,46970,46900,46980,46910,46980,46910,46975,46905,46975,46905
2025-05-26 02:20:00,4300,46900,46870,46900,46900,46920,46880,46910,46920,46910,46875,46905,46910
2025-05-26 02:25:00,8300,46900,46840,46900,46850,46920,46850,46920,46870,46910,46845,46910,46860
2025-05-26 02:30:00,9600,46840,46840,46840,46840,46870,46870,46870,46870,46855,46855,46855,46855
2025-05-26 03:30:00,27000,46860,46780,46850,46850,46870,46800,46860,46860,46865,46790,46855,46855
2025-05-26 03:35:00,3700,46890,46840,46850,46880,46900,46850,46860,46900,46895,46845,46855,46890
2025-05-26 03:40:00,7300,46900,46850,46880,46880,46920,46870,46900,46900,46910,46860,46890,46890
2025-05-26 03:45:00,2500,46900,46860,46880,46860,46910,46870,46900,46880,46905,46865,46890,46870
2025-05-26 03:50:00,4600,46870,46830,46860,46840,46890,46850,46880,46860,46875,46840,46870,46850
2025-05-26 03:55:00,2000,46850,46830,46840,46830,46870,46840,46860,46850,46860,46835,46850,46840
2025-05-26 04:00:00,2600,46840,46810,46830,46830,46850,46820,46850,46840,46845,46815,46840,46835
2025-05-26 04:05:00,2400,46860,46810,46830,46840,46870,46830,46840,46860,46865,46820,46835,46850
2025-05-26 04:10:00,2200,46840,46820,46840,46820,46860,46830,46860,46840,46850,46825,46850,46830
2025-05-26 04:15:00,3300,46820,46790,46820,46810,46840,46800,46840,46820,46830,46795,46830,46815
2025-05-26 04:20:00,1600,46830,46800,46810,46820,46840,46810,46820,46830,46835,46805,46815,46825
2025-05-26 04:25:00,900,46820,46810,46820,46820,46830,46820,46830,46830,46825,46815,46825,46825
2025-05-26 04:30:00,3400,46880,46810,46820,46870,46890,46820,46830,46890,46885,46815,46825,46880
2025-05-26 04:35:00,13600,46970,46860,46870,46950,46980,46880,46890,46970,46975,46870,46880,46960
2025-05-26 04:40:00,5000,46990,46950,46950,46960,47000,46960,46970,46980,46995,46955,46960,46970
2025-05-26 04:45:00,3500,47010,46950,46960,46990,47020,46970,46980,47010,47015,46965,46970,47000
2025-05-26 04:50:00,4600,47030,46990,46990,47020,47040,47010,47010,47030,47035,47000,47000,47025
2025-05-26 04:55:00,3400,47040,47000,47020,47010,47050,47010,47030,47030,47045,47005,47025,47020
2025-05-26 05:00:00,1700,47020,47010,47010,47010,47040,47020,47030,47020,47030,47015,47020,47015
2025-05-26 05:05:00,7600,47030,46880,47010,46900,47040,46900,47020,46910,47035,46895,47015,46905
2025-05-26 05:10:00,2100,46920,46900,46900,46920,46940,46910,46910,46940,46930,46905,46905,46930
2025-05-26 05:15:00,2500,46990,46920,46920,46970,47000,46940,46940,46990,46995,46930,46930,46980
2025-05-26 05:20:00,1600,46980,46950,46970,46970,46990,46970,46990,46990,46985,46960,46980,46980
2025-05-26 05:25:00,2300,46990,46950,46970,46970,47000,46970,46990,46990,46995,46960,46980,46980
2025-05-26 05:30:00,7800,47060,46960,46970,47050,47070,46980,46990,47070,47065,46970,46980,47060
2025-05-26 05:35:00,5300,47100,47050,47050,47070,47110,47070,47070,47080,47105,47060,47060,47075
2025-05-26 05:40:00,6600,47180,47070,47070,47150,47190,47080,47080,47160,47185,47075,47075,47155
2025-05-26 05:45:00,2800,47150,47100,47150,47100,47160,47110,47160,47120,47155,47105,47155,47110
2025-05-26 05:50:00,4000,47100,47070,47100,47070,47120,47090,47120,47090,47110,47080,47110,47080
2025-05-26 05:55:00,4900,47080,47010,47070,47030,47090,47030,47090,47050,47085,47020,47080,47040
2025-05-26 06:00:00,4900,47080,47010,47030,47070,47100,47020,47050,47090,47090,47015,47040,47080
2025-05-26 06:05:00,7600,47160,47070,47070,47150,47170,47090,47090,47160,47165,47080,47080,47155
2025-05-26 06:10:00,7900,47160,47060,47150,47090,47170,47070,47160,47110,47165,47065,47155,47100
2025-05-26 06:15:00,6000,47120,47060,47090,47060,47130,47070,47110,47080,47125,47065,47100,47070
2025-05-26 06:20:00,11700,47120,47060,47060,47080,47130,47080,47080,47100,47125,47070,47070,47090
2025-05-26 06:25:00,,47640,46560,46700,47150,47640,46570,46710,47160,47640,46565,46705,47155
2025-05-26 06:30:00,203800,47100,47100,47100,47100,47170,47170,47170,47170,47135,47135,47135,47135
2025-05-27 00:00:00,27000,47230,46960,47210,47040,47280,46980,47220,47080,47255,46970,47215,47060
2025-05-27 00:05:00,7200,47150,47040,47040,47120,47170,47080,47080,47160,47160,47060,47060,47140
2025-05-27 00:10:00,4900,47150,47090,47120,47100,47170,47100,47160,47130,47155,47095,47140,47115
2025-05-27 00:15:00,4300,47130,47030,47100,47090,47150,47050,47130,47100,47135,47045,47115,47095
2025-05-27 00:20:00,7700,47090,47000,47090,47020,47100,47010,47100,47040,47095,47005,47095,47030
2025-05-27 00:25:00,9600,47050,46980,47020,47010,47060,47000,47040,47030,47055,46990,47030,47020
2025-05-27 00:30:00,7700,47030,46940,47010,47000,47050,46950,47030,47010,47040,46945,47020,47005
2025-05-27 00:35:00,3100,47050,46990,47000,47030,47060,47000,47010,47050,47055,46995,47005,47040
2025-05-27 00:40:00,4100,47050,47000,47030,47010,47070,47010,47050,47040,47060,47005,47040,47025
2025-05-27 00:45:00,4500,47090,47010,47010,47090,47100,47040,47040,47100,47095,47025,47025,47095
2025-05-27 00:50:00,8300,47120,47040,47090,47110,47140,47060,47100,47130,47130,47050,47095,47120
2025-05-27 00:55:00,4400,47110,47030,47110,47070,47130,47050,47130,47090,47120,47040,47120,47080
2025-05-27 01:00:00,9000,47070,46950,47070,46950,47090,46960,47090,46980,47080,46955,47080,46965
2025-05-27 01:05:00,3200,46980,46930,46950,46940,47000,46940,46980,46950,46990,46935,46965,46945
2025-05-27 01:10:00,5300,46980,46910,46940,46910,46990,46930,46950,46940,46985,46920,46945,46925
2025-05-27 01:15:00,1700,46950,46910,46910,46920,46960,46930,46940,46940,46955,46920,46925,46930
2025-05-27 01:20:00,1300,46940,46920,46920,46930,46960,46930,46940,46950,46950,46925,46930,46940
2025-05-27 01:25:00,3300,46950,46900,46930,46930,46960,46910,46950,46950,46955,46905,46940,46940
2025-05-27 01:30:00,3800,46970,46930,46930,46930,46980,46940,46950,46950,46975,46935,46940,46940
2025-05-27 01:35:00,7100,46930,46870,46930,46900,46950,46880,46950,46920,46940,46875,46940,46910
2025-05-27 01:40:00,3900,46930,46880,46900,46890,46950,46900,46920,46900,46940,46890,46910,46895
2025-05-27 01:45:00,4100,46890,46860,46890,46870,46900,46870,46900,46880,46895,46865,46895,46875
2025-05-27 01:50:00,3600,46870,46850,46870,46850,46890,46860,46880,46870,46880,46855,46875,46860
2025-05-27 01:55:00,2900,46870,46840,46850,46850,46880,46850,46870,46870,46875,46845,46860,46860
2025-05-27 02:00:00,4800,46900,46840,46850,46890,46910,46850,46870,46900,46905,46845,46860,46895
2025-05-27 02:05:00,3200,46890,46840,46890,46880,46900,46860,46900,46900,46895,46850,46895,46890
2025-05-27 02:10:00,7400,46890,46810,46880,46820,46900,46820,46900,46840,46895,46815,46890,46830
2025-05-27 02:15:00,2200,46830,46810,46820,46820,46850,46820,46840,46830,46840,46815,46830,46825
2025-05-27 02:20:00,1400,46830,46820,46820,46820,46840,46830,46830,46830,46835,46825,46825,46825
2025-05-27 02:25:00,7500,46820,46780,46820,46780,46830,46790,46830,46800,46825,46785,46825,46790
2025-05-27 02:30:00,10400,46780,46780,46780,46780,46800,46800,46800,46800,46790,46790,46790,46790
2025-05-27 03:30:00,21100,46900,46770,46790,46860,46910,46790,46800,46870,46905,46780,46795,46865
2025-05-27 03:35:00,7500,46960,46850,46860,46950,46970,46870,46870,46960,46965,46860,46865,46955
2025-05-27 03:40:00,5200,46950,46910,46950,46920,46960,46920,46960,46940,46955,46915,46955,46930
2025-05-27 03:45:00,3100,46970,46920,46920,46960,46980,46930,46940,46980,46975,46925,46930,46970
2025-05-27 03:50:00,3700,46960,46920,46960,46940,46980,46940,46980,46950,46970,46930,46970,46945
2025-05-27 03:55:00,2600,46940,46900,46940,46910,46950,46910,46950,46930,46945,46905,46945,46920
2025-05-27 04:00:00,2500,46930,46890,46920,46920,46950,46900,46930,46930,46940,46895,46925,46925
2025-05-27 04:05:00,1900,46950,46910,46920,46950,46960,46920,46930,46960,46955,46915,46925,46955
2025-05-27 04:10:00,3400,46980,46940,46950,46970,46990,46950,46960,46990,46985,46945,46955,46980
2025-05-27 04:15:00,1200,46980,46940,46970,46940,46990,46950,46990,46950,46985,46945,46980,46945
2025-05-27 04:20:00,1900,46940,46920,46940,46920,46950,46930,46950,46940,46945,46925,46945,46930
2025-05-27 04:25:00,1400,46960,46920,46930,46960,46970,46940,46940,46970,46965,46930,46935,46965
2025-05-27 04:30:00,2400,46960,46920,46960,46940,46970,46930,46970,46950,46965,46925,46965,46945
2025-05-27 04:35:00,1000,46950,46940,46940,46940,46960,46950,46950,46950,46955,46945,46945,46945
2025-05-27 04:40:00,5900,47010,46940,46940,47010,47030,46950,46950,47030,47020,46945,46945,47020
2025-05-27 04:45:00,2600,47030,47000,47010,47030,47040,47010,47020,47040,47035,47005,47015,47035
2025-05-27 04:50:00,2100,47030,46970,47030,46980,47040,46990,47040,46990,47035,46980,47035,46985
2025-05-27 04:55:00,1700,47030,46980,46980,47030,47040,46990,46990,47040,47035,46985,46985,47035
2025-05-27 05:00:00,2600,47070,47030,47030,47060,47080,47040,47040,47070,47075,47035,47035,47065
2025-05-27 05:05:00,4700,47090,47050,47060,47070,47100,47060,47070,47090,47095,47055,47065,47080
2025-05-27 05:10:00,4100,47100,47070,47070,47100,47110,47090,47090,47110,47105,47080,47080,47105
2025-05-27 05:15:00,6800,47120,47080,47100,47120,47130,47090,47110,47130,47125,47085,47105,47125
2025-05-27 05:20:00,4200,47150,47110,47120,47140,47160,47120,47130,47160,47155,47115,47125,47150
2025-05-27 05:25:00,12800,47210,47140,47140,47200,47220,47150,47160,47210,47215,47145,47150,47205
2025-05-27 05:30:00,4100,47220,47200,47200,47200,47230,47210,47210,47210,47225,47205,47205,47205
2025-05-27 05:35:00,5100,47230,47200,47200,47220,47240,47210,47210,47240,47235,47205,47205,47230
2025-05-27 05:40:00,13000,47370,47230,47230,47310,47390,47240,47240,47330,47380,47235,47235,47320
2025-05-27 05:45:00,6800,47310,47240,47310,47260,47330,47250,47330,47280,47320,47245,47320,47270
2025-05-27 05:50:00,6300,47260,47200,47260,47210,47280,47220,47280,47220,47270,47210,47270,47215
2025-05-27 05:55:00,4600,47250,47210,47210,47230,47260,47220,47220,47250,47255,47215,47215,47240
2025-05-27 06:00:00,6300,47270,47210,47230,47270,47290,47220,47250,47290,47280,47215,47240,47280
2025-05-27 06:05:00,6300,47290,47220,47270,47270,47300,47230,47290,47290,47295,47225,47280,47280
2025-05-27 06:10:00,5100,47270,47230,47270,47250,47290,47240,47290,47270,47280,47235,47280,47260
2025-05-27 06:15:00,5900,47300,47250,47250,47290,47320,47260,47270,47310,47310,47255,47260,47300
2025-05-27 06:20:00,8900,47340,47280,47290,47320,47350,47290,47310,47340,47345,47285,47300,47330
2025-05-27 06:25:00,,47720,47240,47500,47290,47730,47250,47510,47300,47725,47245,47505,47295
2025-05-27 06:30:00,219500,47280,47280,47280,47280,47330,47330,47330,47330,47305,47305,47305,47305
2025-05-28 00:00:00,84900,47890,47650,47700,47760,47910,47700,47710,47790,47900,47675,47705,47775
2025-05-28 00:05:00,23200,47770,47610,47760,47640,47790,47640,47790,47670,47780,47625,47775,47655
2025-05-28 00:10:00,24300,47700,47580,47640,47630,47720,47600,47670,47660,47710,47595,47655,47645
2025-05-28 00:15:00,15900,47780,47620,47630,47620,47810,47640,47660,47640,47795,47630,47645,47630
2025-05-28 00:20:00,19400,47700,47540,47620,47540,47720,47560,47640,47570,47710,47550,47630,47555
2025-05-28 00:25:00,10000,47700,47540,47540,47670,47720,47560,47570,47690,47710,47550,47555,47680
2025-05-28 00:30:00,12400,47760,47660,47670,47740,47770,47680,47690,47750,47765,47670,47680,47745
2025-05-28 00:35:00,13200,47840,47740,47740,47780,47850,47750,47750,47800,47845,47745,47745,47790
2025-05-28 00:40:00,6300,47800,47730,47790,47760,47820,47750,47800,47780,47810,47740,47795,47770
2025-05-28 00:45:00,7300,47800,47660,47760,47660,47810,47680,47780,47680,47805,47670,47770,47670
2025-05-28 00:50:00,8000,47700,47610,47660,47620,47710,47620,47680,47640,47705,47615,47670,47630
2025-05-28 00:55:00,4800,47730,47620,47620,47690,47750,47640,47650,47710,47740,47630,47635,47700
2025-05-28 01:00:00,5700,47780,47690,47690,47770,47790,47710,47710,47790,47785,47700,47700,47780
2025-05-28 01:05:00,7100,47800,47740,47760,47790,47810,47760,47790,47800,47805,47750,47775,47795
2025-05-28 01:10:00,5600,47790,47720,47790,47720,47800,47730,47800,47730,47795,47725,47795,47725
2025-05-28 01:15:00,6900,47730,47630,47720,47640,47740,47640,47730,47660,47735,47635,47725,47650
2025-05-28 01:20:00,11100,47660,47530,47640,47530,47670,47540,47660,47540,47665,47535,47650,47535
2025-05-28 01:25:00,5700,47610,47530,47530,47540,47630,47540,47540,47550,47620,47535,47535,47545
2025-05-28 01:30:00,10400,47540,47390,47540,47430,47550,47410,47550,47450,47545,47400,47545,47440
2025-05-28 01:35:00,7600,47440,47320,47430,47340,47450,47330,47450,47360,47445,47325,47440,47350
2025-05-28 01:40:00,3500,47390,47330,47340,47350,47400,47360,47360,47360,47395,47345,47350,47355
2025-05-28 01:45:00,4300,47430,47350,47350,47430,47440,47360,47360,47440,47435,47355,47355,47435
2025-05-28 01:50:00,4400,47460,47370,47430,47370,47470,47380,47440,47390,47465,47375,47435,47380
2025-05-28 01:55:00,5900,47380,47320,47370,47380,47400,47330,47390,47400,47390,47325,47380,47390
2025-05-28 02:00:00,4300,47390,47310,47380,47330,47400,47320,47400,47350,47395,47315,47390,47340
2025-05-28 02:05:00,8300,47350,47270,47330,47330,47360,47280,47350,47350,47355,47275,47340,47340
2025-05-28 02:10:00,4600,47340,47290,47330,47290,47360,47300,47350,47300,47350,47295,47340,47295
2025-05-28 02:15:00,7600,47300,47240,47290,47270,47310,47250,47300,47290,47305,47245,47295,47280
2025-05-28 02:20:00,2700,47280,47240,47270,47270,47290,47250,47290,47290,47285,47245,47280,47280
2025-05-28 02:25:00,4600,47310,47260,47270,47280,47330,47270,47290,47320,47320,47265,47280,47300
2025-05-28 02:30:00,7700,47280,47280,47280,47280,47320,47320,47320,47320,47300,47300,47300,47300
2025-05-28 03:30:00,24900,47450,47370,47400,47390,47470,47380,47400,47410,47460,47375,47400,47400
2025-05-28 03:35:00,16100,47390,47220,47390,47290,47410,47240,47410,47320,47400,47230,47400,47305
2025-05-28 03:40:00,14000,47300,47150,47290,47190,47320,47170,47320,47200,47305,47160,47305,47195
2025-05-28 03:45:00,5300,47250,47190,47190,47230,47260,47200,47200,47250,47255,47195,47195,47240
2025-05-28 03:50:00,4800,47280,47210,47220,47250,47290,47230,47250,47260,47285,47220,47235,47255
2025-05-28 03:55:00,3200,47290,47240,47250,47290,47300,47250,47260,47300,47295,47245,47255,47295
2025-05-28 04:00:00,4400,47300,47250,47290,47260,47310,47270,47300,47280,47305,47260,47295,47270
2025-05-28 04:05:00,2500,47280,47230,47260,47270,47290,47240,47280,47280,47285,47235,47270,47275
2025-05-28 04:10:00,4000,47280,47230,47270,47230,47290,47240,47280,47250,47285,47235,47275,47240
2025-05-28 04:15:00,5300,47240,47180,47230,47200,47250,47190,47250,47220,47245,47185,47240,47210
2025-05-28 04:20:00,1700,47230,47190,47200,47220,47240,47200,47220,47240,47235,47195,47210,47230
2025-05-28 04:25:00,2800,47220,47200,47220,47200,47240,47210,47240,47220,47230,47205,47230,47210
2025-05-28 04:30:00,2300,47210,47190,47200,47200,47220,47200,47220,47220,47215,47195,47210,47210
2025-05-28 04:35:00,3100,47210,47190,47200,47200,47220,47200,47220,47210,47215,47195,47210,47205
2025-05-28 04:40:00,2500,47200,47180,47200,47200,47210,47190,47210,47210,47205,47185,47205,47205
2025-05-28 04:45:00,2800,47210,47180,47200,47190,47220,47190,47210,47210,47215,47185,47205,47200
2025-05-28 04:50:00,1100,47200,47190,47190,47200,47210,47200,47210,47210,47205,47195,47200,47205
2025-05-28 04:55:00,8000,47200,47130,47200,47150,47210,47150,47210,47160,47205,47140,47205,47155
2025-05-28 05:00:00,2100,47170,47140,47150,47160,47180,47150,47160,47170,47175,47145,47155,47165
2025-05-28 05:05:00,1800,47200,47150,47160,47200,47220,47160,47170,47210,47210,47155,47165,47205
2025-05-28 05:10:00,2500,47210,47170,47200,47210,47220,47180,47210,47220,47215,47175,47205,47215
2025-05-28 05:15:00,7900,47300,47190,47210,47290,47310,47200,47220,47310,47305,47195,47215,47300
2025-05-28 05:20:00,4900,47310,47260,47290,47310,47320,47280,47310,47320,47315,47270,47300,47315
2025-05-28 05:25:00,4500,47310,47270,47310,47300,47320,47290,47320,47310,47315,47280,47315,47305
2025-05-28 05:30:00,4100,47330,47280,47300,47300,47340,47290,47310,47320,47335,47285,47305,47310
2025-05-28 05:35:00,3400,47310,47270,47300,47270,47320,47280,47320,47290,47315,47275,47310,47280
2025-05-28 05:40:00,3500,47290,47240,47270,47290,47300,47250,47290,47300,47295,47245,47280,47295
2025-05-28 05:45:00,4100,47320,47280,47290,47310,47330,47300,47300,47330,47325,47290,47295,47320
2025-05-28 05:50:00,1900,47310,47280,47310,47290,47330,47290,47330,47310,47320,47285,47320,47300
2025-05-28 05:55:00,5800,47290,47240,47290,47280,47310,47250,47310,47300,47300,47245,47300,47290
2025-05-28 06:00:00,13800,47300,47190,47280,47240,47320,47200,47300,47260,47310,47195,47290,47250
2025-05-28 06:05:00,6000,47310,47240,47240,47300,47320,47250,47260,47320,47315,47245,47250,47310
2025-05-28 06:10:00,3700,47320,47290,47300,47290,47330,47300,47320,47300,47325,47295,47310,47295
2025-05-28 06:15:00,7400,47300,47240,47290,47250,47320,47250,47300,47270,47310,47245,47295,47260
2025-05-28 06:20:00,9900,47280,47230,47250,47230,47300,47240,47270,47240,47290,47235,47260,47235
2025-05-28 06:25:00,,47390,46320,47120,47290,47400,46320,47130,47300,47395,46320,47125,47295
2025-05-28 06:30:00,167200,47250,47250,47250,47250,47300,47300,47300,47300,47275,47275,47275,47275
2025-05-29 00:00:00,123400,48110,47680,47860,48110,48140,47710,47860,48140,48125,47695,47860,48125
2025-05-29 00:05:00,37800,48310,48070,48110,48130,48330,48090,48140,48160,48320,48085,48125,48145
2025-05-29 00:10:00,20400,48240,48120,48130,48140,48250,48130,48160,48160,48245,48125,48145,48150
2025-05-29 00:15:00,33100,48330,48060,48140,48170,48340,48070,48160,48180,48335,48065,48150,48175
2025-05-29 00:20:00,17300,48240,48100,48170,48180,48270,48110,48180,48200,48255,48105,48175,48190
2025-05-29 00:25:00,10900,48240,48100,48180,48220,48260,48120,48200,48240,48250,48110,48190,48230
2025-05-29 00:30:00,10300,48230,48090,48220,48150,48250,48110,48240,48180,48240,48100,48230,48165
2025-05-29 00:35:00,10500,48170,48080,48150,48090,48190,48100,48180,48110,48180,48090,48165,48100
2025-05-29 00:40:00,12900,48210,48090,48090,48190,48230,48110,48110,48200,48220,48100,48100,48195
2025-05-29 00:45:00,37100,48420,48190,48190,48400,48440,48200,48200,48420,48430,48195,48195,48410
2025-05-29 00:50:00,14600,48430,48320,48400,48430,48440,48340,48410,48440,48435,48330,48405,48435
2025-05-29 00:55:00,12300,48460,48390,48430,48460,48480,48400,48440,48470,48470,48395,48435,48465
2025-05-29 01:00:00,9400,48460,48340,48460,48360,48480,48360,48470,48380,48470,48350,48465,48370
2025-05-29 01:05:00,12200,48410,48210,48360,48220,48430,48230,48390,48240,48420,48220,48375,48230
2025-05-29 01:10:00,10900,48250,48190,48220,48240,48270,48200,48240,48260,48260,48195,48230,48250
2025-05-29 01:15:00,6800,48320,48220,48250,48230,48330,48240,48260,48250,48325,48230,48255,48240
2025-05-29 01:20:00,6200,48280,48200,48230,48200,48290,48220,48250,48230,48285,48210,48240,48215
2025-05-29 01:25:00,9400,48330,48170,48200,48300,48350,48190,48230,48320,48340,48180,48215,48310
2025-05-29 01:30:00,6200,48340,48230,48300,48340,48360,48260,48320,48360,48350,48245,48310,48350
2025-05-29 01:35:00,4600,48370,48340,48340,48360,48390,48360,48360,48380,48380,48350,48350,48370
2025-05-29 01:40:00,13400,48470,48360,48360,48410,48480,48380,48380,48440,48475,48370,48370,48425
2025-05-29 01:45:00,4600,48420,48360,48410,48400,48440,48390,48440,48420,48430,48375,48425,48410
2025-05-29 01:50:00,30900,48550,48400,48400,48540,48560,48410,48420,48560,48555,48405,48410,48550
2025-05-29 01:55:00,5700,48560,48500,48540,48500,48570,48510,48560,48520,48565,48505,48550,48510
2025-05-29 02:00:00,2900,48520,48490,48500,48490,48530,48500,48520,48510,48525,48495,48510,48500
2025-05-29 02:05:00,12500,48490,48360,48490,48410,48510,48380,48510,48420,48500,48370,48500,48415
2025-05-29 02:10:00,4600,48480,48400,48410,48460,48490,48420,48420,48480,48485,48410,48415,48470
2025-05-29 02:15:00,11100,48510,48420,48460,48510,48520,48460,48480,48520,48515,48440,48470,48515
2025-05-29 02:20:00,5900,48520,48460,48510,48460,48530,48480,48520,48480,48525,48470,48515,48470
2025-05-29 02:25:00,9300,48480,48400,48460,48430,48500,48420,48480,48470,48490,48410,48470,48450
2025-05-29 02:30:00,7100,48430,48430,48430,48430,48470,48470,48470,48470,48450,48450,48450,48450
2025-05-29 03:30:00,28700,48510,48380,48510,48460,48530,48400,48520,48480,48515,48390,48515,48470
2025-05-29 03:35:00,6300,48510,48430,48460,48430,48530,48460,48480,48460,48515,48445,48470,48445
2025-05-29 03:40:00,9400,48450,48380,48430,48380,48460,48390,48460,48410,48455,48385,48445,48395
2025-05-29 03:45:00,6200,48410,48360,48380,48360,48420,48380,48410,48380,48415,48370,48395,48370
2025-05-29 03:50:00,7000,48370,48320,48360,48330,48380,48330,48380,48350,48375,48325,48370,48340
2025-05-29 03:55:00,4100,48360,48330,48330,48360,48380,48340,48350,48380,48370,48335,48340,48370
2025-05-29 04:00:00,6400,48430,48360,48360,48400,48440,48380,48380,48420,48435,48370,48370,48410
2025-05-29 04:05:00,4400,48410,48360,48400,48400,48420,48370,48420,48420,48415,48365,48410,48410
2025-05-29 04:10:00,11600,48400,48270,48400,48290,48420,48280,48420,48310,48410,48275,48410,48300
2025-05-29 04:15:00,3600,48310,48270,48300,48270,48320,48280,48310,48280,48315,48275,48305,48275
2025-05-29 04:20:00,4200,48310,48270,48270,48290,48320,48280,48280,48310,48315,48275,48275,48300
2025-05-29 04:25:00,4600,48330,48270,48290,48300,48340,48290,48300,48320,48335,48280,48295,48310
2025-05-29 04:30:00,2700,48320,48290,48300,48300,48330,48310,48320,48320,48325,48300,48310,48310
2025-05-29 04:35:00,3200,48330,48300,48300,48320,48340,48310,48320,48340,48335,48305,48310,48330
2025-05-29 04:40:00,12300,48330,48220,48320,48240,48340,48240,48340,48270,48335,48230,48330,48255
2025-05-29 04:45:00,5600,48260,48200,48240,48240,48270,48210,48270,48260,48265,48205,48255,48250
2025-05-29 04:50:00,3000,48270,48230,48240,48260,48280,48250,48260,48280,48275,48240,48250,48270
2025-05-29 04:55:00,10400,48400,48260,48260,48400,48410,48280,48280,48410,48405,48270,48270,48405
2025-05-29 05:00:00,10000,48440,48380,48400,48430,48450,48400,48410,48440,48445,48390,48405,48435
2025-05-29 05:05:00,4400,48440,48410,48430,48430,48450,48430,48440,48450,48445,48420,48435,48440
2025-05-29 05:10:00,3100,48430,48390,48420,48420,48450,48410,48450,48440,48440,48400,48435,48430
2025-05-29 05:15:00,3500,48440,48420,48420,48440,48450,48440,48440,48450,48445,48430,48430,48445
2025-05-29 05:20:00,7600,48480,48440,48440,48450,48500,48450,48450,48460,48490,48445,48445,48455
2025-05-29 05:25:00,3100,48460,48430,48450,48440,48470,48440,48460,48450,48465,48435,48455,48445
2025-05-29 05:30:00,7900,48490,48440,48440,48470,48500,48450,48450,48480,48495,48445,48445,48475
2025-05-29 05:35:00,9800,48530,48470,48470,48520,48540,48480,48480,48540,48535,48475,48475,48530
2025-05-29 05:40:00,22800,48550,48440,48520,48520,48560,48490,48540,48530,48555,48475,48530,48525
2025-05-29 05:45:00,5000,48540,48510,48520,48510,48550,48520,48530,48530,48545,48515,48525,48520
2025-05-29 05:50:00,8100,48520,48440,48510,48510,48530,48460,48520,48530,48525,48450,48515,48520
2025-05-29 05:55:00,8500,48540,48500,48510,48530,48550,48510,48530,48540,48545,48505,48520,48535
2025-05-29 06:00:00,10800,48560,48510,48530,48540,48570,48530,48540,48550,48565,48520,48535,48545
2025-05-29 06:05:00,4000,48540,48520,48540,48520,48550,48540,48550,48540,48545,48530,48545,48530
2025-05-29 06:10:00,10100,48580,48520,48520,48580,48590,48540,48540,48590,48585,48530,48530,48585
2025-05-29 06:15:00,8000,48590,48560,48580,48570,48600,48580,48590,48580,48595,48570,48585,48575
2025-05-29 06:20:00,23200,48630,48560,48560,48620,48640,48570,48580,48640,48635,48565,48570,48630
2025-05-29 06:25:00,,50040,48590,48730,48600,50050,48600,48740,48610,50045,48595,48735,48605
2025-05-29 06:30:00,231500,48600,48600,48600,48600,48610,48610,48610,48610,48605,48605,48605,48605
2025-05-30 00:00:00,107600,47930,47690,47760,47790,47990,47740,47770,47820,47960,47715,47765,47805
2025-05-30 00:05:00,32200,47880,47700,47790,47700,47900,47720,47820,47720,47890,47710,47805,47710
2025-05-30 00:10:00,23500,47800,47680,47700,47750,47810,47700,47720,47770,47805,47690,47710,47760
2025-05-30 00:15:00,27000,47770,47650,47750,47690,47790,47660,47770,47720,47780,47655,47760,47705
2025-05-30 00:20:00,24100,47790,47620,47690,47650,47800,47630,47720,47670,47795,47625,47705,47660
2025-05-30 00:25:00,22700,47650,47560,47650,47590,47670,47580,47670,47610,47660,47570,47660,47600
2025-05-30 00:30:00,10300,47630,47560,47590,47610,47640,47580,47610,47640,47635,47570,47600,47625
2025-05-30 00:35:00,9500,47640,47580,47610,47600,47650,47590,47640,47630,47645,47585,47625,47615
2025-05-30 00:40:00,16100,47650,47560,47600,47610,47670,47570,47630,47630,47660,47565,47615,47620
2025-05-30 00:45:00,12300,47620,47540,47610,47560,47630,47550,47630,47580,47625,47545,47620,47570
2025-05-30 00:50:00,14100,47670,47540,47560,47570,47690,47560,47580,47590,47680,47550,47570,47580
2025-05-30 00:55:00,5400,47650,47560,47570,47650,47660,47590,47590,47660,47655,47575,47580,47655
2025-05-30 01:00:00,21100,47650,47500,47650,47520,47660,47510,47660,47530,47655,47505,47655,47525
2025-05-30 01:05:00,25900,47520,47400,47520,47400,47540,47420,47530,47420,47530,47410,47525,47410
2025-05-30 01:10:00,20100,47400,47320,47400,47350,47420,47330,47420,47360,47410,47325,47410,47355
2025-05-30 01:15:00,19500,47390,47320,47350,47340,47410,47330,47370,47360,47400,47325,47360,47350
2025-05-30 01:20:00,9900,47390,47310,47340,47370,47400,47330,47360,47390,47395,47320,47350,47380
2025-05-30 01:25:00,7900,47440,47360,47370,47410,47450,47380,47390,47430,47445,47370,47380,47420
2025-05-30 01:30:00,10500,47480,47410,47410,47430,47490,47420,47430,47460,47485,47415,47420,47445
2025-05-30 01:35:00,4400,47460,47420,47430,47440,47470,47430,47460,47460,47465,47425,47445,47450
2025-05-30 01:40:00,21200,47580,47440,47440,47560,47600,47450,47460,47580,47590,47445,47450,47570
2025-05-30 01:45:00,5900,47570,47520,47560,47520,47580,47540,47580,47540,47575,47530,47570,47530
2025-05-30 01:50:00,5400,47600,47520,47520,47590,47610,47540,47540,47610,47605,47530,47530,47600
2025-05-30 01:55:00,7400,47670,47590,47590,47650,47680,47610,47610,47670,47675,47600,47600,47660
2025-05-30 02:00:00,5300,47690,47650,47650,47670,47700,47670,47670,47680,47695,47660,47660,47675
2025-05-30 02:05:00,7500,47670,47600,47670,47640,47690,47610,47680,47650,47680,47605,47675,47645
2025-05-30 02:10:00,4300,47680,47630,47640,47660,47690,47650,47650,47670,47685,47640,47645,47665
2025-05-30 02:15:00,4000,47660,47610,47660,47660,47680,47630,47670,47670,47670,47620,47665,47665
2025-05-30 02:20:00,3000,47660,47630,47660,47640,47670,47650,47670,47660,47665,47640,47665,47650
2025-05-30 02:25:00,7900,47670,47630,47640,47640,47690,47640,47660,47670,47680,47635,47650,47655
2025-05-30 02:30:00,5800,47630,47630,47630,47630,47670,47670,47670,47670,47650,47650,47650,47650
2025-05-30 03:30:00,27000,47670,47550,47600,47640,47680,47570,47610,47660,47675,47560,47605,47650
2025-05-30 03:35:00,6000,47670,47610,47640,47620,47680,47630,47660,47640,47675,47620,47650,47630
2025-05-30 03:40:00,5700,47660,47620,47620,47630,47670,47640,47640,47640,47665,47630,47630,47635
2025-05-30 03:45:00,6600,47640,47600,47630,47610,47650,47610,47640,47630,47645,47605,47635,47620
2025-05-30 03:50:00,2700,47640,47600,47610,47620,47650,47620,47630,47640,47645,47615,47620,47630
2025-05-30 03:55:00,16000,47700,47590,47620,47680,47720,47600,47640,47700,47710,47595,47630,47690
2025-05-30 04:00:00,9000,47720,47650,47680,47660,47730,47670,47700,47680,47725,47660,47690,47670
2025-05-30 04:05:00,23800,47850,47650,47660,47840,47870,47670,47680,47870,47860,47660,47670,47855
2025-05-30 04:10:00,17700,47840,47730,47840,47820,47870,47760,47850,47840,47855,47745,47845,47830
2025-05-30 04:15:00,5400,47830,47790,47820,47810,47840,47800,47840,47820,47835,47795,47830,47815
2025-05-30 04:20:00,8400,47870,47800,47810,47830,47880,47820,47820,47850,47875,47810,47815,47840
2025-05-30 04:25:00,5300,47840,47780,47830,47800,47850,47790,47850,47820,47845,47785,47840,47810
2025-05-30 04:30:00,5500,47810,47730,47800,47790,47820,47750,47820,47810,47815,47740,47810,47800
2025-05-30 04:35:00,13400,47880,47790,47790,47840,47890,47810,47810,47860,47885,47800,47800,47850
2025-05-30 04:40:00,5700,47850,47810,47840,47820,47870,47820,47860,47830,47860,47815,47850,47825
2025-05-30 04:45:00,5900,47880,47810,47820,47880,47900,47830,47830,47900,47890,47820,47825,47890
2025-05-30 04:50:00,13800,47960,47870,47880,47940,47980,47880,47900,47950,47970,47875,47890,47945
2025-05-30 04:55:00,13700,48030,47880,47940,48020,48040,47900,47950,48030,48035,47890,47945,48025
2025-05-30 05:00:00,12400,48110,48010,48020,48110,48130,48020,48030,48130,48120,48015,48025,48120
2025-05-30 05:05:00,6200,48170,48080,48110,48170,48180,48100,48130,48180,48175,48090,48120,48175
2025-05-30 05:10:00,16100,48230,48160,48170,48220,48240,48170,48180,48230,48235,48165,48175,48225
2025-05-30 05:15:00,18700,48360,48220,48220,48360,48380,48230,48230,48370,48365,48225,48225,48365
2025-05-30 05:20:00,24100,48430,48310,48360,48320,48450,48330,48370,48340,48435,48320,48365,48330
2025-05-30 05:25:00,6800,48360,48300,48320,48360,48370,48320,48340,48370,48365,48310,48330,48365
2025-05-30 05:30:00,9700,48390,48320,48360,48370,48400,48340,48370,48390,48395,48330,48365,48380
2025-05-30 05:35:00,16200,48430,48300,48370,48370,48440,48310,48390,48380,48435,48305,48380,48375
2025-05-30 05:40:00,6900,48380,48300,48370,48320,48400,48320,48380,48340,48390,48310,48375,48330
2025-05-30 05:45:00,16900,48330,48200,48320,48230,48340,48220,48340,48250,48335,48215,48330,48240
2025-05-30 05:50:00,7700,48260,48200,48230,48240,48270,48210,48250,48250,48265,48205,48240,48245
2025-05-30 05:55:00,6200,48270,48230,48240,48260,48290,48250,48250,48280,48280,48240,48245,48270
2025-05-30 06:00:00,10000,48300,48220,48260,48260,48320,48240,48280,48280,48310,48230,48270,48270
2025-05-30 06:05:00,3600,48310,48250,48260,48290,48320,48270,48280,48310,48315,48265,48270,48300
2025-05-30 06:10:00,7100,48310,48260,48290,48260,48330,48270,48310,48270,48320,48265,48300,48265
2025-05-30 06:15:00,8200,48290,48240,48260,48250,48300,48250,48270,48270,48295,48245,48265,48260
2025-05-30 06:20:00,9700,48280,48250,48250,48270,48300,48270,48270,48290,48290,48260,48260,48280
2025-05-30 06:25:00,,48350,46840,47990,48350,48360,46850,48000,48360,48355,46845,47995,48355
2025-05-30 06:30:00,438800,48300,48300,48300,48300,48360,48360,48360,48360,48330,48330,48330,48330
2025-06-02 00:00:00,70500,47680,47480,47680,47520,47710,47500,47690,47540,47695,47490,47685,47530
2025-06-02 00:05:00,29200,47560,47480,47520,47500,47570,47510,47540,47520,47565,47495,47530,47510
2025-06-02 00:10:00,34400,47510,47330,47500,47390,47530,47350,47520,47410,47520,47340,47510,47400
2025-06-02 00:15:00,14100,47470,47370,47390,47440,47480,47390,47410,47460,47475,47380,47400,47450
2025-06-02 00:20:00,19300,47530,47440,47440,47530,47550,47460,47460,47550,47540,47450,47450,47540
2025-06-02 00:25:00,16700,47560,47460,47530,47460,47580,47470,47550,47490,47570,47465,47540,47475
2025-06-02 00:30:00,11300,47490,47410,47470,47450,47500,47430,47490,47470,47495,47420,47480,47460
2025-06-02 00:35:00,4700,47470,47430,47450,47440,47490,47450,47480,47460,47480,47440,47465,47450
2025-06-02 00:40:00,3400,47470,47430,47440,47440,47480,47450,47460,47460,47475,47440,47450,47450
2025-06-02 00:45:00,9800,47550,47430,47440,47510,47560,47450,47460,47520,47555,47440,47450,47515
2025-06-02 00:50:00,4900,47520,47460,47510,47520,47530,47480,47520,47530,47525,47470,47515,47525
2025-06-02 00:55:00,8000,47590,47500,47520,47580,47600,47520,47530,47600,47595,47510,47525,47590
2025-06-02 01:00:00,9000,47640,47570,47580,47630,47650,47590,47600,47650,47645,47580,47590,47640
2025-06-02 01:05:00,12000,47720,47600,47630,47670,47730,47610,47650,47690,47725,47605,47640,47680
2025-06-02 01:10:00,12400,47720,47660,47670,47710,47740,47680,47690,47730,47730,47670,47680,47720
2025-06-02 01:15:00,7500,47730,47680,47710,47700,47740,47700,47730,47720,47735,47690,47720,47710
2025-06-02 01:20:00,10500,47730,47650,47700,47670,47740,47660,47720,47690,47735,47655,47710,47680
2025-06-02 01:25:00,14300,47700,47600,47670,47640,47710,47610,47690,47660,47705,47605,47680,47650
2025-06-02 01:30:00,11700,47700,47600,47640,47640,47720,47620,47660,47650,47710,47610,47650,47645
2025-06-02 01:35:00,6500,47640,47600,47640,47600,47660,47610,47650,47620,47650,47605,47645,47610
2025-06-02 01:40:00,15500,47610,47470,47600,47490,47620,47490,47620,47500,47615,47480,47610,47495
2025-06-02 01:45:00,7300,47560,47480,47480,47550,47580,47490,47490,47560,47570,47485,47485,47555
2025-06-02 01:50:00,4200,47580,47540,47550,47540,47590,47550,47560,47560,47585,47545,47555,47550
2025-06-02 01:55:00,7000,47590,47540,47540,47570,47600,47550,47560,47590,47595,47545,47550,47580
2025-06-02 02:00:00,8200,47610,47540,47570,47560,47620,47560,47590,47580,47615,47550,47580,47570
2025-06-02 02:05:00,6500,47590,47510,47570,47540,47610,47530,47580,47570,47600,47520,47575,47555
2025-06-02 02:10:00,9800,47640,47540,47540,47570,47650,47560,47570,47590,47645,47550,47555,47580
2025-06-02 02:15:00,12800,47580,47470,47580,47550,47590,47480,47590,47570,47585,47475,47585,47560
2025-06-02 02:20:00,3400,47560,47540,47550,47550,47570,47550,47570,47570,47565,47545,47560,47560
2025-06-02 02:25:00,9600,47550,47500,47550,47520,47570,47520,47570,47540,47560,47510,47560,47530
2025-06-02 02:30:00,1900,47520,47520,47520,47520,47540,47540,47540,47540,47530,47530,47530,47530
2025-06-02 03:30:00,59200,47410,47290,47400,47340,47480,47300,47410,47360,47445,47295,47405,47350
2025-06-02 03:35:00,18200,47450,47340,47340,47400,47460,47350,47360,47420,47455,47345,47350,47410
2025-06-02 03:40:00,26800,47470,47390,47400,47450,47490,47410,47420,47460,47480,47400,47410,47455
2025-06-02 03:45:00,14400,47590,47440,47450,47580,47610,47460,47460,47590,47600,47450,47455,47585
2025-06-02 03:50:00,4500,47580,47530,47580,47540,47590,47550,47590,47560,47585,47540,47585,47550
2025-06-02 03:55:00,3500,47560,47530,47540,47540,47580,47540,47560,47560,47570,47535,47550,47550
2025-06-02 04:00:00,3800,47560,47520,47540,47530,47580,47540,47560,47550,47570,47535,47550,47540
2025-06-02 04:05:00,2300,47550,47520,47530,47540,47560,47540,47550,47560,47555,47530,47540,47550
2025-06-02 04:10:00,13800,47690,47540,47540,47670,47700,47560,47560,47690,47695,47550,47550,47680
2025-06-02 04:15:00,8600,47700,47670,47670,47690,47710,47680,47690,47700,47705,47675,47680,47695
2025-06-02 04:20:00,10200,47740,47690,47690,47720,47750,47700,47700,47730,47745,47695,47695,47725
2025-06-02 04:25:00,8200,47720,47660,47720,47670,47740,47680,47730,47680,47730,47670,47725,47675
2025-06-02 04:30:00,2700,47710,47660,47670,47710,47720,47680,47680,47720,47715,47670,47675,47715
2025-06-02 04:35:00,2500,47710,47690,47710,47700,47720,47700,47720,47720,47715,47695,47715,47710
2025-06-02 04:40:00,5800,47710,47670,47700,47680,47720,47680,47720,47700,47715,47675,47710,47690
2025-06-02 04:45:00,5700,47720,47680,47680,47720,47730,47690,47700,47730,47725,47685,47690,47725
2025-06-02 04:50:00,12800,47780,47690,47720,47770,47790,47710,47730,47790,47785,47700,47725,47780
2025-06-02 04:55:00,9300,47840,47770,47770,47840,47850,47780,47790,47850,47845,47775,47780,47845
2025-06-02 05:00:00,6600,47880,47810,47840,47810,47890,47830,47850,47830,47885,47820,47845,47820
2025-06-02 05:05:00,2900,47840,47810,47810,47840,47860,47820,47830,47850,47850,47815,47820,47845
2025-06-02 05:10:00,9800,47900,47830,47840,47860,47920,47850,47850,47870,47910,47840,47845,47865
2025-06-02 05:15:00,4600,47880,47850,47860,47860,47890,47860,47870,47880,47885,47855,47865,47870
2025-06-02 05:20:00,2200,47890,47860,47860,47890,47900,47880,47880,47900,47895,47870,47870,47895
2025-06-02 05:25:00,8800,47890,47810,47890,47810,47900,47830,47900,47830,47895,47820,47895,47820
2025-06-02 05:30:00,8400,47820,47770,47810,47810,47830,47780,47830,47820,47825,47775,47820,47815
2025-06-02 05:35:00,4200,47840,47780,47800,47840,47850,47800,47820,47850,47845,47790,47810,47845
2025-06-02 05:40:00,3600,47860,47830,47840,47850,47870,47840,47850,47870,47865,47835,47845,47860
2025-06-02 05:45:00,9300,47940,47840,47850,47940,47960,47860,47870,47960,47950,47850,47860,47950
2025-06-02 05:50:00,21600,48060,47930,47940,47990,48070,47950,47960,48000,48065,47940,47950,47995
2025-06-02 05:55:00,8200,48030,47990,47990,48030,48050,48000,48000,48040,48040,47995,47995,48035
2025-06-02 06:00:00,8200,48060,47980,48030,48030,48070,47990,48040,48040,48065,47985,48035,48035
2025-06-02 06:05:00,7500,48030,47990,48030,48000,48040,48000,48040,48010,48035,47995,48035,48005
2025-06-02 06:10:00,7000,48000,47920,48000,47920,48010,47930,48010,47930,48005,47925,48005,47925
2025-06-02 06:15:00,5900,47930,47900,47920,47910,47940,47910,47930,47920,47935,47905,47925,47915
2025-06-02 06:20:00,18200,47950,47880,47910,47890,47960,47900,47920,47920,47955,47890,47915,47905
2025-06-02 06:25:00,,47800,46500,46580,47800,47810,46510,46580,47800,47805,46505,46580,47800
2025-06-02 06:30:00,216700,47790,47790,47790,47790,47850,47850,47850,47850,47820,47820,47820,47820
2025-06-03 00:00:00,87800,48550,48190,48340,48500,48570,48210,48350,48530,48560,48200,48345,48515
2025-06-03 00:05:00,22100,48510,48340,48500,48380,48530,48360,48530,48400,48520,48350,48515,48390
2025-06-03 00:10:00,22900,48450,48280,48380,48400,48460,48300,48400,48430,48455,48290,48390,48415
2025-06-03 00:15:00,25100,48530,48390,48400,48500,48550,48410,48430,48520,48540,48400,48415,48510
2025-06-03 00:20:00,15200,48500,48390,48500,48460,48520,48400,48520,48480,48510,48395,48510,48470
2025-06-03 00:25:00,9800,48520,48410,48460,48510,48530,48430,48480,48530,48525,48420,48470,48520
2025-06-03 00:30:00,42800,48740,48510,48510,48720,48760,48520,48530,48740,48750,48515,48520,48730
2025-06-03 00:35:00,9500,48740,48660,48720,48700,48750,48680,48740,48720,48745,48675,48730,48710
2025-06-03 00:40:00,9600,48720,48640,48700,48650,48730,48660,48720,48680,48725,48650,48710,48665
2025-06-03 00:45:00,6500,48680,48620,48650,48680,48700,48640,48680,48700,48690,48630,48665,48690
2025-06-03 00:50:00,12300,48720,48640,48680,48710,48730,48660,48700,48720,48725,48650,48690,48715
2025-06-03 00:55:00,6000,48730,48670,48710,48720,48740,48690,48720,48740,48735,48680,48715,48730
2025-06-03 01:00:00,14500,48740,48550,48720,48590,48750,48570,48740,48620,48745,48560,48730,48605
2025-06-03 01:05:00,4600,48680,48580,48590,48650,48700,48600,48620,48670,48690,48590,48605,48660
2025-06-03 01:10:00,2700,48670,48640,48660,48660,48690,48660,48670,48680,48680,48650,48665,48670
2025-06-03 01:15:00,13200,48710,48620,48660,48690,48730,48640,48680,48720,48720,48630,48670,48705
2025-06-03 01:20:00,2400,48710,48670,48690,48680,48730,48690,48720,48700,48720,48680,48705,48690
2025-06-03 01:25:00,5200,48710,48650,48680,48670,48730,48660,48700,48680,48720,48655,48690,48675
2025-06-03 01:30:00,3000,48710,48670,48670,48700,48730,48680,48680,48710,48720,48675,48675,48705
2025-06-03 01:35:00,12600,48750,48700,48700,48740,48760,48710,48710,48750,48755,48705,48705,48745
2025-06-03 01:40:00,4500,48740,48690,48740,48720,48750,48710,48750,48740,48745,48700,48745,48730
2025-06-03 01:45:00,14000,48720,48600,48720,48630,48740,48630,48740,48650,48730,48615,48730,48640
2025-06-03 01:50:00,3100,48650,48620,48630,48640,48660,48640,48650,48660,48655,48630,48640,48650
2025-06-03 01:55:00,10300,48680,48570,48640,48600,48700,48590,48660,48610,48690,48580,48650,48605
2025-06-03 02:00:00,5100,48630,48550,48600,48590,48640,48560,48610,48600,48635,48555,48605,48595
2025-06-03 02:05:00,5700,48590,48530,48590,48530,48610,48540,48600,48560,48600,48535,48595,48545
2025-06-03 02:10:00,14500,48550,48430,48530,48430,48570,48450,48560,48450,48560,48440,48545,48440
2025-06-03 02:15:00,4900,48470,48420,48430,48460,48480,48440,48450,48480,48475,48430,48440,48470
2025-06-03 02:20:00,7100,48470,48420,48460,48460,48480,48440,48480,48480,48475,48430,48470,48470
2025-06-03 02:25:00,8700,48470,48410,48460,48460,48490,48420,48480,48490,48475,48415,48470,48475
2025-06-03 02:30:00,3100,48460,48460,48460,48460,48490,48490,48490,48490,48475,48475,48475,48475
2025-06-03 03:30:00,28500,48500,48360,48420,48420,48510,48390,48430,48450,48505,48375,48425,48435
2025-06-03 03:35:00,10600,48510,48420,48420,48440,48520,48430,48450,48460,48515,48425,48435,48450
2025-06-03 03:40:00,9600,48520,48430,48440,48510,48540,48450,48460,48530,48530,48440,48450,48520
2025-06-03 03:45:00,3700,48550,48510,48510,48510,48570,48520,48530,48530,48560,48515,48520,48520
2025-06-03 03:50:00,9100,48520,48410,48510,48420,48530,48420,48530,48440,48525,48415,48520,48430
2025-06-03 03:55:00,3000,48490,48420,48420,48450,48500,48430,48440,48470,48495,48425,48430,48460
2025-06-03 04:00:00,4100,48500,48440,48450,48450,48520,48460,48470,48460,48510,48450,48460,48455
2025-06-03 04:05:00,3900,48460,48430,48450,48430,48470,48440,48460,48450,48465,48435,48455,48440
2025-06-03 04:10:00,2500,48460,48430,48430,48450,48470,48450,48450,48460,48465,48440,48440,48455
2025-06-03 04:15:00,3500,48470,48420,48450,48420,48480,48430,48460,48440,48475,48425,48455,48430
2025-06-03 04:20:00,5300,48420,48370,48420,48390,48440,48390,48440,48410,48430,48380,48430,48400
2025-06-03 04:25:00,3900,48390,48370,48390,48390,48410,48380,48410,48410,48400,48375,48400,48400
2025-06-03 04:30:00,4000,48400,48350,48390,48360,48410,48360,48410,48370,48405,48355,48400,48365
2025-06-03 04:35:00,5300,48370,48340,48360,48350,48380,48350,48370,48370,48375,48345,48365,48360
2025-06-03 04:40:00,2300,48360,48340,48350,48350,48380,48350,48370,48360,48370,48345,48360,48355
2025-06-03 04:45:00,7200,48400,48350,48350,48350,48420,48360,48360,48360,48405,48355,48355,48355
2025-06-03 04:50:00,4200,48350,48300,48350,48300,48360,48310,48360,48320,48355,48305,48355,48310
2025-06-03 04:55:00,2300,48320,48300,48300,48320,48330,48310,48320,48330,48325,48305,48310,48325
2025-06-03 05:00:00,6100,48380,48310,48320,48350,48390,48320,48330,48370,48385,48315,48325,48360
2025-06-03 05:05:00,6500,48360,48280,48350,48280,48370,48290,48370,48290,48365,48285,48360,48285
2025-06-03 05:10:00,6100,48330,48280,48280,48320,48350,48290,48290,48340,48340,48285,48285,48330
2025-06-03 05:15:00,4300,48350,48310,48320,48330,48360,48330,48340,48340,48355,48320,48330,48335
2025-06-03 05:20:00,3800,48330,48300,48330,48310,48340,48310,48340,48320,48335,48305,48335,48315
2025-06-03 05:25:00,5100,48330,48270,48310,48320,48340,48280,48320,48340,48335,48275,48315,48330
2025-06-03 05:30:00,3100,48340,48310,48320,48320,48350,48330,48340,48340,48345,48320,48330,48330
2025-06-03 05:35:00,2800,48350,48310,48320,48320,48360,48330,48340,48340,48355,48320,48330,48330
2025-06-03 05:40:00,6700,48390,48320,48320,48390,48400,48330,48340,48400,48395,48325,48330,48395
2025-06-03 05:45:00,16000,48430,48360,48390,48370,48440,48370,48400,48390,48435,48365,48395,48380
2025-06-03 05:50:00,6400,48380,48300,48370,48320,48390,48310,48390,48340,48385,48305,48380,48330
2025-06-03 05:55:00,6500,48370,48320,48320,48350,48380,48330,48340,48370,48375,48325,48330,48360
2025-06-03 06:00:00,5300,48370,48310,48350,48320,48380,48320,48370,48340,48375,48315,48360,48330
2025-06-03 06:05:00,11900,48330,48260,48320,48310,48350,48280,48340,48330,48340,48270,48330,48320
2025-06-03 06:10:00,5200,48330,48300,48310,48320,48340,48310,48330,48340,48335,48305,48320,48330
2025-06-03 06:15:00,6200,48360,48320,48320,48350,48370,48330,48340,48370,48365,48325,48330,48360
2025-06-03 06:20:00,11700,48350,48280,48350,48320,48370,48290,48370,48350,48360,48285,48360,48335
2025-06-03 06:25:00,,48970,48160,48580,48190,48980,48170,48580,48200,48975,48165,48580,48195
2025-06-03 06:30:00,198600,48180,48180,48180,48180,48270,48270,48270,48270,48225,48225,48225,48225
2025-06-04 00:00:00,83900,48650,48240,48410,48610,48670,48270,48420,48630,48655,48255,48415,48620
2025-06-04 00:05:00,17800,48620,48510,48610,48580,48640,48530,48630,48600,48630,48520,48620,48590
2025-06-04 00:10:00,17600,48650,48530,48580,48540,48670,48560,48600,48560,48660,48545,48590,48550
2025-06-04 00:15:00,14000,48590,48470,48540,48500,48600,48480,48560,48530,48595,48475,48550,48515
2025-06-04 00:20:00,16000,48530,48360,48500,48400,48550,48380,48530,48420,48540,48370,48515,48410
2025-06-04 00:25:00,15200,48530,48350,48400,48500,48540,48370,48420,48520,48535,48360,48410,48510
2025-06-04 00:30:00,21600,48620,48410,48500,48610,48640,48430,48520,48630,48630,48420,48510,48620
2025-06-04 00:35:00,11100,48650,48580,48610,48640,48660,48600,48630,48650,48655,48590,48620,48645
2025-06-04 00:40:00,10100,48650,48540,48640,48570,48660,48550,48650,48590,48655,48545,48645,48580
2025-06-04 00:45:00,5400,48570,48530,48570,48560,48590,48540,48590,48570,48580,48535,48580,48565
2025-06-04 00:50:00,7000,48570,48520,48560,48570,48580,48530,48570,48580,48575,48525,48565,48575
2025-06-04 00:55:00,12600,48610,48480,48570,48570,48620,48490,48580,48590,48615,48485,48575,48580
2025-06-04 01:00:00,24200,48720,48560,48570,48690,48730,48590,48590,48710,48725,48575,48580,48700
2025-06-04 01:05:00,9300,48720,48660,48690,48660,48740,48670,48710,48680,48730,48665,48700,48670
2025-06-04 01:10:00,3500,48690,48640,48660,48690,48700,48660,48680,48700,48695,48650,48670,48695
2025-06-04 01:15:00,7600,48720,48630,48690,48630,48730,48650,48700,48650,48725,48640,48695,48640
2025-06-04 01:20:00,5400,48650,48610,48630,48620,48660,48620,48660,48630,48655,48615,48645,48625
2025-06-04 01:25:00,9300,48650,48550,48620,48650,48660,48570,48630,48660,48655,48560,48625,48655
2025-06-04 01:30:00,4400,48660,48570,48650,48570,48680,48580,48660,48580,48670,48575,48655,48575
2025-06-04 01:35:00,7600,48610,48530,48570,48590,48620,48550,48580,48610,48615,48540,48575,48600
2025-06-04 01:40:00,2100,48620,48590,48590,48610,48630,48600,48600,48620,48625,48595,48595,48615
2025-06-04 01:45:00,2100,48630,48590,48600,48600,48640,48610,48620,48610,48635,48600,48610,48605
2025-06-04 01:50:00,4700,48640,48590,48600,48620,48660,48610,48610,48640,48650,48600,48605,48630
2025-06-04 01:55:00,22600,48780,48610,48620,48780,48800,48630,48640,48800,48790,48620,48630,48790
2025-06-04 02:00:00,15700,48830,48740,48780,48810,48850,48760,48800,48820,48840,48750,48790,48815
2025-06-04 02:05:00,23600,48920,48790,48810,48910,48930,48800,48820,48930,48925,48795,48815,48920
2025-06-04 02:10:00,9000,48920,48840,48910,48880,48930,48850,48930,48900,48925,48845,48920,48890
2025-06-04 02:15:00,12700,48950,48870,48880,48920,48970,48880,48900,48940,48960,48875,48890,48930
2025-06-04 02:20:00,6000,48970,48920,48920,48960,48980,48940,48940,48970,48975,48930,48930,48965
2025-06-04 02:25:00,4400,48970,48940,48960,48960,48980,48950,48970,48970,48975,48945,48965,48965
2025-06-04 02:30:00,5600,48960,48960,48960,48960,48980,48980,48980,48980,48970,48970,48970,48970
2025-06-04 03:30:00,27500,48970,48850,48960,48910,48990,48870,48970,48920,48980,48860,48965,48915
2025-06-04 03:35:00,7400,48910,48820,48910,48850,48920,48830,48920,48870,48915,48825,48915,48860
2025-06-04 03:40:00,7600,48910,48830,48850,48890,48920,48850,48870,48900,48915,48845,48860,48895
2025-06-04 03:45:00,7100,48900,48820,48890,48820,48920,48830,48900,48830,48910,48825,48895,48825
2025-06-04 03:50:00,3700,48840,48810,48820,48810,48850,48820,48830,48830,48845,48815,48825,48820
2025-06-04 03:55:00,6400,48830,48790,48810,48790,48840,48800,48820,48810,48835,48795,48815,48800
2025-06-04 04:00:00,9400,48850,48760,48790,48810,48860,48770,48810,48830,48855,48765,48800,48820
2025-06-04 04:05:00,6300,48860,48770,48810,48850,48870,48790,48830,48870,48865,48780,48820,48860
2025-06-04 04:10:00,4000,48880,48850,48850,48860,48890,48870,48870,48870,48885,48860,48860,48865
2025-06-04 04:15:00,3200,48860,48820,48860,48830,48880,48840,48870,48850,48870,48830,48865,48840
2025-06-04 04:20:00,5400,48860,48820,48830,48840,48870,48830,48850,48860,48865,48825,48840,48850
2025-06-04 04:25:00,2500,48850,48820,48840,48820,48860,48830,48860,48830,48855,48825,48850,48825
2025-06-04 04:30:00,7000,48820,48760,48820,48760,48830,48780,48830,48780,48825,48770,48825,48770
2025-06-04 04:35:00,4400,48770,48740,48760,48760,48780,48750,48780,48770,48775,48745,48770,48765
2025-06-04 04:40:00,3000,48770,48750,48760,48760,48780,48760,48770,48770,48775,48755,48765,48765
2025-06-04 04:45:00,5900,48790,48750,48750,48770,48800,48760,48770,48780,48795,48755,48760,48775
2025-06-04 04:50:00,5700,48800,48760,48770,48780,48810,48770,48780,48790,48805,48765,48775,48785
2025-06-04 04:55:00,8800,48870,48780,48780,48840,48880,48790,48790,48860,48875,48785,48785,48850
2025-06-04 05:00:00,5500,48840,48800,48830,48810,48860,48820,48860,48830,48850,48810,48845,48820
2025-06-04 05:05:00,2500,48850,48810,48810,48820,48860,48830,48830,48840,48855,48820,48820,48830
2025-06-04 05:10:00,2300,48850,48810,48820,48830,48860,48830,48840,48840,48855,48820,48830,48835
2025-06-04 05:15:00,4800,48830,48770,48830,48780,48840,48790,48840,48790,48835,48780,48835,48785
2025-06-04 05:20:00,3200,48810,48770,48780,48790,48820,48790,48790,48810,48815,48780,48785,48800
2025-06-04 05:25:00,4800,48820,48790,48790,48820,48840,48810,48810,48840,48830,48800,48800,48830
2025-06-04 05:30:00,15300,48940,48810,48820,48900,48950,48820,48840,48920,48945,48815,48830,48910
2025-06-04 05:35:00,3600,48920,48890,48900,48890,48940,48900,48920,48910,48930,48895,48910,48900
2025-06-04 05:40:00,8800,48950,48890,48890,48940,48960,48910,48910,48960,48955,48900,48900,48950
2025-06-04 05:45:00,5500,48950,48910,48940,48930,48960,48920,48960,48950,48955,48915,48950,48940
2025-06-04 05:50:00,11300,48980,48930,48930,48970,48990,48950,48950,48980,48985,48940,48940,48975
2025-06-04 05:55:00,23200,49040,48950,48970,49040,49050,48970,48980,49050,49045,48960,48975,49045
2025-06-04 06:00:00,14700,49070,49030,49040,49030,49080,49040,49050,49060,49075,49035,49045,49045
2025-06-04 06:05:00,5200,49060,49020,49030,49020,49070,49030,49060,49030,49065,49025,49045,49025
2025-06-04 06:10:00,6100,49050,49020,49020,49050,49070,49030,49040,49070,49060,49025,49030,49060
2025-06-04 06:15:00,21900,49140,49050,49050,49090,49150,49070,49070,49110,49145,49060,49060,49100
2025-06-04 06:20:00,15900,49090,49030,49090,49070,49110,49050,49110,49080,49100,49040,49100,49075
2025-06-04 06:25:00,,50550,49060,49390,49060,50560,49070,49400,49070,50555,49065,49395,49065
2025-06-04 06:30:00,210100,49060,49060,49060,49060,49070,49070,49070,49070,49065,49065,49065,49065
2025-06-05 00:00:00,81000,48740,48450,48670,48520,48800,48480,48670,48560,48770,48465,48670,48540
2025-06-05 00:05:00,19300,48600,48510,48520,48540,48620,48530,48560,48570,48610,48520,48540,48555
2025-06-05 00:10:00,26400,48610,48500,48540,48600,48620,48510,48570,48620,48615,48505,48555,48610
2025-06-05 00:15:00,14800,48660,48560,48600,48590,48670,48570,48620,48610,48665,48565,48610,48600
2025-06-05 00:20:00,9000,48630,48550,48590,48630,48640,48560,48610,48640,48635,48555,48600,48635
2025-06-05 00:25:00,16600,48630,48480,48630,48510,48640,48500,48640,48540,48635,48490,48635,48525
2025-06-05 00:30:00,11400,48590,48470,48510,48540,48600,48490,48540,48560,48595,48480,48525,48550
2025-06-05 00:35:00,6700,48620,48530,48540,48610,48630,48540,48560,48630,48625,48535,48550,48620
2025-06-05 00:40:00,25300,48790,48610,48610,48750,48810,48620,48630,48780,48795,48615,48620,48765
2025-06-05 00:45:00,11700,48790,48720,48750,48750,48800,48740,48780,48770,48795,48730,48765,48760
2025-06-05 00:50:00,9700,48760,48690,48750,48730,48770,48700,48770,48740,48765,48695,48760,48735
2025-06-05 00:55:00,10200,48790,48730,48730,48750,48800,48740,48740,48760,48795,48735,48735,48755
2025-06-05 01:00:00,9900,48850,48740,48750,48850,48870,48750,48760,48870,48860,48745,48755,48860
2025-06-05 01:05:00,8900,48860,48810,48850,48830,48880,48820,48870,48850,48870,48815,48860,48840
2025-06-05 01:10:00,8100,48910,48800,48830,48900,48920,48820,48850,48920,48915,48810,48840,48910
2025-06-05 01:15:00,7000,48910,48830,48900,48830,48920,48840,48920,48850,48915,48835,48910,48840
2025-06-05 01:20:00,8100,48840,48770,48830,48820,48850,48780,48850,48830,48845,48775,48840,48825
2025-06-05 01:25:00,4500,48850,48790,48820,48820,48860,48810,48830,48840,48855,48800,48825,48830
2025-06-05 01:30:00,2100,48840,48800,48820,48800,48860,48810,48840,48820,48850,48805,48830,48810
2025-06-05 01:35:00,7900,48840,48760,48800,48830,48850,48770,48810,48840,48845,48765,48805,48835
2025-06-05 01:40:00,13200,48970,48810,48830,48900,48990,48840,48840,48920,48980,48825,48835,48910
2025-06-05 01:45:00,5300,48950,48900,48900,48910,48970,48910,48920,48920,48955,48905,48910,48915
2025-06-05 01:50:00,3400,48930,48880,48910,48880,48940,48890,48920,48900,48935,48885,48915,48890
2025-06-05 01:55:00,5000,48890,48850,48880,48890,48900,48860,48900,48900,48895,48855,48890,48895
2025-06-05 02:00:00,9700,48900,48790,48890,48800,48920,48800,48900,48810,48910,48795,48895,48805
2025-06-05 02:05:00,4600,48800,48770,48800,48770,48810,48780,48810,48790,48805,48775,48805,48780
2025-06-05 02:10:00,5900,48780,48720,48770,48730,48790,48730,48790,48750,48785,48725,48780,48740
2025-06-05 02:15:00,5600,48800,48720,48730,48800,48820,48730,48750,48820,48810,48725,48740,48810
2025-06-05 02:20:00,1600,48820,48780,48800,48820,48840,48800,48820,48830,48830,48790,48810,48825
2025-06-05 02:25:00,5300,48850,48800,48820,48820,48860,48810,48830,48860,48855,48805,48825,48840
2025-06-05 02:30:00,2600,48810,48810,48810,48810,48860,48860,48860,48860,48835,48835,48835,48835
2025-06-05 03:30:00,25600,48840,48740,48810,48810,48850,48770,48810,48830,48845,48755,48810,48820
2025-06-05 03:35:00,14600,48810,48710,48810,48740,48830,48730,48830,48760,48820,48720,48820,48750
2025-06-05 03:40:00,15800,48770,48580,48740,48620,48780,48600,48760,48640,48775,48590,48750,48630
2025-06-05 03:45:00,6200,48660,48580,48620,48660,48680,48610,48640,48680,48670,48595,48630,48670
2025-06-05 03:50:00,5400,48690,48610,48660,48620,48700,48620,48680,48640,48695,48615,48670,48630
2025-06-05 03:55:00,2900,48650,48610,48610,48630,48660,48630,48640,48650,48655,48625,48625,48640
2025-06-05 04:00:00,3500,48670,48620,48630,48640,48690,48640,48650,48660,48680,48630,48640,48650
2025-06-05 04:05:00,3300,48640,48600,48640,48600,48670,48610,48660,48620,48655,48605,48650,48610
2025-06-05 04:10:00,3100,48640,48600,48610,48620,48650,48620,48620,48630,48645,48610,48615,48625
2025-06-05 04:15:00,6300,48670,48600,48620,48650,48690,48620,48630,48670,48680,48610,48625,48660
2025-06-05 04:20:00,2700,48670,48620,48650,48640,48680,48640,48670,48650,48675,48630,48660,48645
2025-06-05 04:25:00,2200,48660,48630,48640,48660,48670,48640,48650,48670,48665,48635,48645,48665
2025-06-05 04:30:00,4600,48690,48640,48660,48660,48710,48650,48670,48680,48700,48645,48665,48670
2025-06-05 04:35:00,4900,48690,48640,48660,48640,48710,48650,48680,48650,48700,48645,48670,48645
2025-06-05 04:40:00,2600,48660,48610,48640,48610,48670,48620,48650,48630,48665,48615,48645,48620
2025-06-05 04:45:00,2900,48650,48610,48610,48620,48660,48630,48630,48640,48655,48620,48620,48630
2025-06-05 04:50:00,3400,48670,48620,48630,48630,48680,48640,48640,48650,48675,48630,48635,48640
2025-06-05 04:55:00,2600,48660,48620,48630,48640,48680,48640,48650,48660,48670,48630,48640,48650
2025-06-05 05:00:00,13600,48710,48580,48640,48710,48730,48600,48660,48720,48720,48590,48650,48715
2025-06-05 05:05:00,8500,48780,48710,48710,48760,48790,48720,48720,48780,48785,48715,48715,48770
2025-06-05 05:10:00,2100,48770,48730,48760,48740,48780,48750,48780,48760,48775,48740,48770,48750
2025-06-05 05:15:00,3600,48760,48730,48740,48750,48780,48740,48750,48770,48770,48735,48745,48760
2025-06-05 05:20:00,2100,48760,48740,48750,48740,48780,48760,48770,48760,48770,48750,48760,48750
2025-06-05 05:25:00,3800,48760,48720,48740,48750,48780,48730,48760,48770,48770,48725,48750,48760
2025-06-05 05:30:00,3400,48760,48710,48750,48710,48780,48730,48770,48730,48770,48720,48760,48720
2025-06-05 05:35:00,2400,48750,48710,48710,48740,48760,48730,48730,48760,48755,48720,48720,48750
2025-06-05 05:40:00,5800,48760,48720,48740,48720,48770,48730,48760,48740,48765,48725,48750,48730
2025-06-05 05:45:00,6600,48730,48680,48720,48730,48750,48700,48740,48750,48740,48690,48730,48740
2025-06-05 05:50:00,3700,48730,48690,48730,48720,48750,48710,48750,48740,48740,48700,48740,48730
2025-06-05 05:55:00,4600,48760,48720,48720,48760,48770,48730,48740,48770,48765,48725,48730,48765
2025-06-05 06:00:00,19800,48850,48700,48760,48840,48870,48710,48770,48870,48855,48705,48765,48855
2025-06-05 06:05:00,26600,48960,48830,48840,48950,48970,48860,48870,48970,48965,48845,48855,48960
2025-06-05 06:10:00,12100,48960,48830,48950,48850,48980,48850,48970,48870,48970,48840,48960,48860
2025-06-05 06:15:00,17800,48860,48640,48850,48650,48880,48650,48870,48660,48870,48645,48860,48655
2025-06-05 06:20:00,11000,48750,48620,48650,48740,48760,48630,48660,48760,48755,48625,48655,48750
2025-06-05 06:25:00,,48800,48480,48640,48690,48810,48490,48640,48700,48805,48485,48640,48695
2025-06-05 06:30:00,174800,48680,48680,48680,48680,48730,48730,48730,48730,48705,48705,48705,48705
2025-06-06 00:00:00,65900,48990,48390,48990,48400,49000,48410,49000,48420,48995,48400,48995,48410
2025-06-06 00:05:00,26900,48430,48280,48400,48430,48450,48290,48420,48450,48440,48285,48410,48440
2025-06-06 00:10:00,14600,48490,48360,48430,48460,48500,48380,48450,48480,48495,48370,48440,48470
2025-06-06 00:15:00,11400,48520,48460,48460,48480,48530,48480,48480,48500,48525,48470,48470,48490
2025-06-06 00:20:00,12900,48490,48380,48480,48380,48510,48400,48500,48400,48500,48390,48490,48390
2025-06-06 00:25:00,11200,48450,48350,48380,48390,48470,48370,48400,48410,48460,48360,48390,48400
2025-06-06 00:30:00,6700,48420,48330,48380,48330,48430,48340,48410,48340,48425,48335,48395,48335
2025-06-06 00:35:00,9700,48410,48310,48330,48390,48430,48320,48340,48410,48420,48315,48335,48400
2025-06-06 00:40:00,12700,48510,48390,48390,48470,48520,48410,48410,48490,48515,48400,48400,48480
2025-06-06 00:45:00,12000,48530,48450,48470,48500,48550,48460,48490,48510,48540,48455,48480,48505
2025-06-06 00:50:00,4300,48510,48470,48500,48510,48520,48490,48510,48520,48515,48480,48505,48515
2025-06-06 00:55:00,14200,48600,48490,48510,48600,48620,48510,48520,48620,48610,48500,48515,48610
2025-06-06 01:00:00,11000,48650,48600,48600,48620,48660,48610,48620,48640,48655,48605,48610,48630
2025-06-06 01:05:00,9500,48720,48620,48620,48680,48730,48640,48640,48690,48725,48630,48630,48685
2025-06-06 01:10:00,5300,48700,48640,48680,48700,48710,48650,48690,48710,48705,48645,48685,48705
2025-06-06 01:15:00,14100,48820,48700,48700,48780,48830,48710,48710,48800,48825,48705,48705,48790
2025-06-06 01:20:00,6400,48810,48760,48780,48770,48820,48770,48800,48790,48815,48765,48790,48780
2025-06-06 01:25:00,7400,48770,48700,48770,48720,48790,48710,48790,48730,48780,48705,48780,48725
2025-06-06 01:30:00,7000,48720,48650,48720,48670,48740,48680,48730,48690,48730,48665,48725,48680
2025-06-06 01:35:00,4100,48720,48680,48680,48710,48750,48690,48690,48720,48735,48685,48685,48715
2025-06-06 01:40:00,7000,48810,48710,48710,48810,48830,48720,48720,48820,48820,48715,48715,48815
2025-06-06 01:45:00,6300,48850,48800,48810,48810,48860,48820,48820,48820,48855,48810,48815,48815
2025-06-06 01:50:00,5000,48810,48720,48810,48720,48820,48730,48820,48740,48815,48725,48815,48730
2025-06-06 01:55:00,2200,48740,48720,48720,48730,48750,48730,48740,48750,48745,48725,48730,48740
2025-06-06 02:00:00,2900,48740,48720,48730,48720,48750,48730,48750,48740,48745,48725,48740,48730
2025-06-06 02:05:00,2300,48750,48720,48720,48730,48770,48740,48740,48740,48760,48730,48730,48735
2025-06-06 02:10:00,700,48730,48720,48730,48720,48740,48730,48740,48740,48735,48725,48735,48730
2025-06-06 02:15:00,4400,48800,48720,48720,48800,48820,48730,48740,48810,48810,48725,48730,48805
2025-06-06 02:20:00,11900,48900,48790,48790,48880,48910,48800,48810,48900,48905,48795,48800,48890
2025-06-06 02:25:00,6300,48890,48840,48880,48860,48900,48850,48900,48900,48895,48845,48890,48880
2025-06-06 02:30:00,5500,48840,48840,48840,48840,48900,48900,48900,48900,48870,48870,48870,48870
2025-06-06 03:30:00,20500,48830,48760,48810,48770,48860,48770,48840,48790,48840,48765,48825,48780
2025-06-06 03:35:00,3600,48790,48740,48770,48770,48810,48750,48790,48780,48800,48745,48780,48775
2025-06-06 03:40:00,7100,48780,48710,48770,48770,48800,48730,48780,48790,48790,48720,48775,48780
2025-06-06 03:45:00,7300,48780,48690,48770,48730,48790,48710,48790,48750,48785,48700,48780,48740
2025-06-06 03:50:00,2300,48750,48700,48730,48730,48760,48710,48750,48750,48755,48705,48740,48740
2025-06-06 03:55:00,5200,48740,48690,48730,48690,48750,48700,48750,48700,48745,48695,48740,48695
2025-06-06 04:00:00,5500,48740,48690,48690,48710,48750,48700,48700,48720,48745,48695,48695,48715
2025-06-06 04:05:00,2300,48720,48680,48710,48720,48730,48700,48720,48730,48725,48690,48715,48725
2025-06-06 04:10:00,6300,48760,48710,48710,48730,48770,48730,48730,48750,48765,48720,48720,48740
2025-06-06 04:15:00,1700,48730,48700,48730,48700,48750,48720,48750,48720,48740,48710,48740,48710
2025-06-06 04:20:00,2700,48710,48690,48700,48700,48720,48700,48720,48720,48715,48695,48710,48710
2025-06-06 04:25:00,1700,48710,48690,48700,48700,48730,48700,48720,48720,48720,48695,48710,48710
2025-06-06 04:30:00,2600,48700,48680,48700,48690,48710,48690,48710,48710,48705,48685,48705,48700
2025-06-06 04:35:00,3200,48740,48680,48690,48730,48760,48700,48710,48750,48750,48690,48700,48740
2025-06-06 04:40:00,5600,48790,48730,48730,48780,48800,48750,48750,48800,48795,48740,48740,48790
2025-06-06 04:45:00,5800,48800,48750,48780,48760,48810,48770,48800,48780,48805,48760,48790,48770
2025-06-06 04:50:00,4400,48800,48760,48760,48780,48810,48770,48780,48800,48805,48765,48770,48790
2025-06-06 04:55:00,3400,48810,48770,48780,48770,48820,48780,48800,48790,48815,48775,48790,48780
2025-06-06 05:00:00,14000,48900,48770,48770,48900,48910,48780,48790,48910,48905,48775,48780,48905
2025-06-06 05:05:00,2800,48910,48850,48900,48850,48920,48860,48910,48860,48915,48855,48905,48855
2025-06-06 05:10:00,5800,48850,48780,48850,48780,48860,48790,48860,48800,48855,48785,48855,48790
2025-06-06 05:15:00,3100,48790,48760,48780,48780,48800,48770,48800,48790,48795,48765,48790,48785
2025-06-06 05:20:00,1800,48790,48770,48780,48780,48800,48780,48790,48800,48795,48775,48785,48790
2025-06-06 05:25:00,1700,48790,48770,48780,48780,48800,48780,48800,48790,48795,48775,48790,48785
2025-06-06 05:30:00,4400,48790,48740,48780,48780,48800,48750,48790,48800,48795,48745,48785,48790
2025-06-06 05:35:00,2000,48790,48740,48780,48740,48800,48760,48800,48760,48795,48750,48790,48750
2025-06-06 05:40:00,4200,48770,48730,48750,48760,48780,48740,48760,48780,48775,48735,48755,48770
2025-06-06 05:45:00,1300,48770,48740,48760,48740,48780,48750,48780,48750,48775,48745,48770,48745
2025-06-06 05:50:00,2600,48760,48740,48740,48760,48780,48750,48750,48770,48770,48745,48745,48765
2025-06-06 05:55:00,8700,48840,48740,48760,48840,48860,48750,48770,48850,48850,48745,48765,48845
2025-06-06 06:00:00,6900,48850,48740,48840,48780,48860,48760,48850,48790,48855,48750,48845,48785
2025-06-06 06:05:00,3000,48780,48760,48780,48770,48800,48770,48790,48790,48790,48765,48785,48780
2025-06-06 06:10:00,3100,48790,48760,48770,48780,48800,48780,48790,48790,48795,48770,48780,48785
2025-06-06 06:15:00,8400,48810,48760,48780,48760,48820,48770,48790,48780,48815,48765,48785,48770
2025-06-06 06:20:00,10500,48790,48760,48760,48790,48800,48770,48780,48800,48795,48765,48770,48795
2025-06-06 06:25:00,,48820,48240,48450,48820,48830,48250,48460,48830,48825,48245,48455,48825
2025-06-06 06:30:00,151700,48790,48790,48790,48790,48830,48830,48830,48830,48810,48810,48810,48810
2025-06-09 00:00:00,100000,49570,49190,49370,49500,49590,49220,49380,49520,49580,49210,49375,49510
2025-06-09 00:05:00,30100,49580,49340,49500,49400,49590,49360,49520,49430,49585,49350,49510,49415
2025-06-09 00:10:00,16300,49450,49330,49400,49450,49470,49340,49430,49470,49460,49335,49415,49460
2025-06-09 00:15:00,13700,49460,49260,49460,49280,49470,49290,49470,49300,49465,49275,49465,49290
2025-06-09 00:20:00,13700,49340,49260,49280,49330,49360,49280,49300,49340,49350,49270,49290,49335
2025-06-09 00:25:00,20700,49340,49150,49330,49160,49350,49170,49340,49190,49345,49165,49335,49175
2025-06-09 00:30:00,18200,49180,49080,49160,49180,49190,49090,49190,49190,49185,49085,49175,49185
2025-06-09 00:35:00,15900,49240,49070,49180,49070,49250,49090,49190,49090,49245,49080,49185,49080
2025-06-09 00:40:00,7300,49100,49030,49070,49060,49120,49040,49090,49070,49110,49035,49080,49065
2025-06-09 00:45:00,11100,49150,49040,49060,49130,49160,49050,49070,49150,49155,49045,49065,49140
2025-06-09 00:50:00,7100,49170,49100,49130,49170,49190,49120,49150,49180,49180,49115,49140,49175
2025-06-09 00:55:00,4900,49180,49140,49170,49140,49190,49150,49180,49150,49185,49145,49175,49145
2025-06-09 01:00:00,10600,49190,49070,49140,49080,49200,49080,49150,49100,49195,49075,49145,49090
2025-06-09 01:05:00,7700,49140,49020,49080,49140,49150,49030,49100,49150,49145,49025,49090,49145
2025-06-09 01:10:00,4100,49160,49110,49140,49120,49180,49130,49150,49150,49170,49120,49145,49135
2025-06-09 01:15:00,4100,49120,49070,49120,49090,49150,49080,49150,49110,49135,49075,49135,49100
2025-06-09 01:20:00,2300,49100,49060,49090,49070,49110,49080,49110,49090,49105,49070,49100,49080
2025-06-09 01:25:00,4600,49100,49060,49070,49090,49110,49070,49090,49110,49105,49065,49080,49100
2025-06-09 01:30:00,5300,49170,49090,49090,49150,49180,49110,49110,49160,49175,49100,49100,49155
2025-06-09 01:35:00,3700,49160,49100,49150,49100,49170,49110,49160,49110,49165,49105,49155,49105
2025-06-09 01:40:00,1800,49130,49100,49100,49110,49140,49110,49110,49130,49135,49105,49105,49120
2025-06-09 01:45:00,9700,49210,49110,49110,49190,49220,49130,49130,49210,49215,49120,49120,49200
2025-06-09 01:50:00,1100,49200,49170,49200,49170,49210,49190,49210,49190,49205,49180,49205,49180
2025-06-09 01:55:00,1900,49210,49170,49170,49210,49220,49190,49190,49220,49215,49180,49180,49215
2025-06-09 02:00:00,3900,49230,49200,49210,49210,49240,49210,49220,49230,49235,49205,49215,49220
2025-06-09 02:05:00,1800,49220,49190,49210,49190,49230,49200,49230,49210,49225,49195,49220,49200
2025-06-09 02:10:00,8100,49200,49090,49190,49110,49210,49100,49210,49130,49205,49095,49200,49120
2025-06-09 02:15:00,3600,49130,49090,49110,49120,49140,49110,49130,49130,49135,49100,49120,49125
2025-06-09 02:20:00,7200,49120,49060,49120,49090,49130,49070,49130,49100,49125,49065,49125,49095
2025-06-09 02:25:00,3100,49100,49080,49090,49100,49120,49090,49100,49120,49110,49085,49095,49110
2025-06-09 02:30:00,5100,49100,49100,49100,49100,49120,49120,49120,49120,49110,49110,49110,49110
2025-06-09 03:30:00,19900,49130,49070,49130,49080,49130,49080,49130,49100,49130,49075,49130,49090
2025-06-09 03:35:00,23400,49110,48960,49080,49080,49120,48970,49100,49100,49115,48965,49090,49090
2025-06-09 03:40:00,3400,49090,49050,49090,49080,49110,49060,49100,49100,49100,49055,49095,49090
2025-06-09 03:45:00,2500,49110,49070,49080,49110,49120,49080,49090,49120,49115,49075,49085,49115
2025-06-09 03:50:00,3100,49120,49100,49110,49110,49130,49120,49120,49130,49125,49110,49115,49120
2025-06-09 03:55:00,6200,49160,49110,49110,49160,49170,49120,49130,49170,49165,49115,49120,49165
2025-06-09 04:00:00,2200,49160,49130,49160,49130,49170,49150,49170,49150,49165,49140,49165,49140
2025-06-09 04:05:00,6000,49180,49120,49130,49170,49190,49130,49150,49180,49185,49125,49140,49175
2025-06-09 04:10:00,4200,49170,49130,49170,49130,49180,49140,49180,49140,49175,49135,49175,49135
2025-06-09 04:15:00,3400,49140,49110,49130,49110,49160,49120,49140,49120,49150,49115,49135,49115
2025-06-09 04:20:00,6900,49110,49030,49110,49060,49120,49050,49120,49070,49115,49040,49115,49065
2025-06-09 04:25:00,5100,49100,49060,49060,49080,49110,49070,49070,49090,49105,49065,49065,49085
2025-06-09 04:30:00,5700,49120,49060,49080,49080,49130,49070,49090,49090,49125,49065,49085,49085
2025-06-09 04:35:00,7400,49120,49060,49080,49100,49140,49070,49090,49120,49125,49065,49085,49110
2025-06-09 04:40:00,3400,49110,49080,49100,49100,49120,49100,49120,49110,49115,49090,49110,49105
2025-06-09 04:45:00,1400,49110,49080,49100,49090,49120,49100,49110,49100,49115,49090,49105,49095
2025-06-09 04:50:00,2100,49100,49080,49090,49090,49120,49090,49100,49110,49110,49085,49095,49100
2025-06-09 04:55:00,6200,49140,49080,49090,49130,49160,49090,49110,49150,49150,49085,49100,49140
2025-06-09 05:00:00,8700,49130,49030,49130,49050,49150,49040,49150,49070,49140,49035,49140,49060
2025-06-09 05:05:00,5100,49060,49000,49050,49010,49070,49010,49070,49030,49065,49005,49060,49020
2025-06-09 05:10:00,1500,49020,49010,49010,49020,49030,49020,49030,49030,49025,49015,49020,49025
2025-06-09 05:15:00,5200,49020,48970,49020,48990,49030,48980,49030,49000,49025,48975,49025,48995
2025-06-09 05:20:00,2600,49000,48980,48990,49000,49020,48990,49000,49020,49010,48985,48995,49010
2025-06-09 05:25:00,3100,49010,48970,49000,48990,49020,48990,49020,49000,49015,48980,49010,48995
2025-06-09 05:30:00,10600,48990,48920,48990,48970,49010,48940,49000,48990,49000,48930,48995,48980
2025-06-09 05:35:00,3400,48980,48930,48970,48960,48990,48950,48990,48970,48985,48940,48980,48965
2025-06-09 05:40:00,4400,48980,48950,48960,48960,48990,48960,48970,48980,48985,48955,48965,48970
2025-06-09 05:45:00,1800,48980,48950,48970,48970,48990,48980,48980,48990,48985,48965,48975,48980
2025-06-09 05:50:00,4900,49010,48970,48970,49000,49020,48980,48990,49020,49015,48975,48980,49010
2025-06-09 05:55:00,3800,49030,49000,49000,49010,49040,49010,49020,49030,49035,49005,49010,49020
2025-06-09 06:00:00,9000,49020,48920,49010,48920,49030,48930,49030,48940,49025,48925,49020,48930
2025-06-09 06:05:00,5800,48960,48920,48920,48920,48970,48930,48940,48940,48965,48925,48930,48930
2025-06-09 06:10:00,3200,48930,48910,48920,48930,48950,48920,48940,48940,48940,48915,48930,48935
2025-06-09 06:15:00,8100,48950,48910,48930,48940,48970,48920,48940,48960,48960,48915,48935,48950
2025-06-09 06:20:00,9000,48950,48900,48940,48900,48970,48920,48960,48920,48960,48910,48950,48910
2025-06-09 06:25:00,,49370,48920,49170,48920,49380,48930,49180,48930,49375,48925,49175,48925
2025-06-09 06:30:00,155500,48910,48910,48910,48910,48940,48940,48940,48940,48925,48925,48925,48925
2025-06-10 00:00:00,52100,49060,48730,49060,48740,49070,48760,49070,48770,49065,48745,49065,48755
2025-06-10 00:05:00,26200,48760,48480,48740,48510,48780,48500,48770,48530,48770,48490,48755,48520
2025-06-10 00:10:00,20900,48600,48490,48510,48520,48610,48500,48530,48530,48605,48495,48520,48525
2025-06-10 00:15:00,11000,48580,48510,48520,48560,48600,48520,48530,48570,48590,48515,48525,48565
2025-06-10 00:20:00,10300,48690,48550,48560,48650,48700,48570,48570,48670,48695,48560,48565,48660
2025-06-10 00:25:00,5800,48650,48550,48650,48560,48670,48560,48670,48580,48660,48555,48660,48570
2025-06-10 00:30:00,5400,48590,48530,48560,48550,48600,48550,48580,48570,48595,48540,48570,48560
2025-06-10 00:35:00,5800,48630,48550,48550,48620,48640,48570,48570,48640,48635,48560,48560,48630
2025-06-10 00:40:00,6800,48690,48600,48620,48660,48710,48620,48640,48680,48700,48615,48630,48670
2025-06-10 00:45:00,3800,48690,48600,48660,48600,48700,48610,48680,48610,48695,48605,48670,48605
2025-06-10 00:50:00,3800,48630,48590,48600,48620,48650,48600,48610,48650,48640,48595,48605,48635
2025-06-10 00:55:00,3600,48640,48590,48620,48640,48660,48610,48650,48660,48650,48600,48635,48650
2025-06-10 01:00:00,5700,48740,48640,48640,48660,48750,48660,48660,48680,48745,48650,48650,48670
2025-06-10 01:05:00,4700,48690,48620,48660,48630,48700,48630,48680,48650,48695,48625,48670,48640
2025-06-10 01:10:00,5000,48640,48570,48630,48580,48650,48580,48650,48600,48645,48575,48640,48590
2025-06-10 01:15:00,4200,48610,48570,48580,48580,48630,48580,48600,48590,48620,48575,48590,48585
2025-06-10 01:20:00,4600,48610,48570,48580,48600,48630,48580,48590,48610,48620,48575,48585,48605
2025-06-10 01:25:00,5000,48670,48580,48600,48650,48680,48600,48610,48670,48675,48590,48605,48660
2025-06-10 01:30:00,7900,48760,48640,48650,48750,48770,48650,48670,48770,48765,48645,48660,48760
2025-06-10 01:35:00,17900,48880,48740,48750,48830,48900,48750,48770,48850,48890,48745,48760,48840
2025-06-10 01:40:00,13700,48950,48790,48830,48910,48960,48800,48850,48940,48955,48795,48840,48925
2025-06-10 01:45:00,6600,48920,48850,48910,48870,48940,48860,48940,48890,48930,48855,48925,48880
2025-06-10 01:50:00,3000,48870,48820,48870,48840,48890,48840,48890,48870,48880,48830,48880,48855
2025-06-10 01:55:00,3000,48860,48810,48840,48860,48880,48830,48870,48880,48870,48825,48855,48870
2025-06-10 02:00:00,5300,48890,48800,48860,48810,48900,48810,48880,48830,48895,48805,48870,48820
2025-06-10 02:05:00,9500,48810,48700,48810,48730,48830,48720,48830,48760,48820,48710,48820,48745
2025-06-10 02:10:00,7300,48770,48700,48730,48740,48780,48730,48760,48750,48775,48720,48745,48745
2025-06-10 02:15:00,4600,48790,48730,48740,48780,48800,48740,48750,48790,48795,48735,48745,48785
2025-06-10 02:20:00,2600,48790,48770,48780,48780,48800,48780,48790,48800,48795,48775,48785,48790
2025-06-10 02:25:00,2400,48790,48770,48780,48770,48800,48780,48800,48790,48795,48775,48790,48780
2025-06-10 02:30:00,2100,48770,48770,48770,48770,48800,48800,48800,48800,48785,48785,48785,48785
2025-06-10 03:30:00,16100,48800,48700,48780,48710,48820,48710,48800,48730,48810,48705,48790,48720
2025-06-10 03:35:00,3700,48740,48710,48710,48720,48750,48720,48730,48740,48745,48715,48720,48730
2025-06-10 03:40:00,5100,48770,48720,48720,48760,48780,48730,48740,48780,48775,48725,48730,48770
2025-06-10 03:45:00,7100,48810,48750,48760,48810,48820,48760,48780,48820,48815,48755,48770,48815
2025-06-10 03:50:00,5900,48840,48790,48800,48790,48850,48800,48820,48800,48845,48795,48810,48795
2025-06-10 03:55:00,6500,48790,48740,48790,48760,48800,48750,48800,48780,48795,48745,48795,48770
2025-06-10 04:00:00,4900,48780,48760,48760,48780,48800,48770,48780,48790,48790,48765,48770,48785
2025-06-10 04:05:00,3800,48790,48750,48780,48770,48800,48770,48790,48790,48795,48765,48785,48780
2025-06-10 04:10:00,2600,48790,48760,48770,48780,48800,48780,48790,48790,48795,48770,48780,48785
2025-06-10 04:15:00,2700,48780,48760,48780,48760,48790,48780,48790,48780,48785,48770,48785,48770
2025-06-10 04:20:00,3900,48780,48740,48760,48750,48790,48760,48780,48770,48785,48750,48770,48760
2025-06-10 04:25:00,1800,48760,48730,48750,48730,48770,48740,48770,48750,48765,48735,48760,48740
2025-06-10 04:30:00,8100,48750,48660,48730,48660,48760,48670,48750,48680,48755,48665,48740,48670
2025-06-10 04:35:00,5200,48700,48650,48660,48660,48720,48660,48680,48680,48710,48655,48670,48670
2025-06-10 04:40:00,8200,48690,48600,48660,48670,48700,48630,48680,48690,48695,48615,48670,48680
2025-06-10 04:45:00,2600,48680,48640,48670,48670,48700,48660,48690,48690,48690,48650,48680,48680
2025-06-10 04:50:00,3600,48670,48630,48670,48650,48690,48650,48690,48670,48680,48640,48680,48660
2025-06-10 04:55:00,3600,48670,48630,48650,48630,48680,48650,48670,48650,48675,48640,48660,48640
2025-06-10 05:00:00,3100,48640,48620,48630,48630,48650,48640,48650,48650,48645,48630,48640,48640
2025-06-10 05:05:00,4400,48650,48610,48630,48610,48660,48620,48650,48630,48655,48615,48640,48620
2025-06-10 05:10:00,5700,48630,48600,48610,48610,48650,48610,48630,48630,48640,48605,48620,48620
2025-06-10 05:15:00,14000,48610,48550,48610,48570,48630,48560,48630,48590,48620,48555,48620,48580
2025-06-10 05:20:00,31800,48570,48450,48570,48510,48590,48470,48590,48530,48580,48460,48580,48520
2025-06-10 05:25:00,16600,48530,48460,48510,48500,48550,48470,48530,48520,48540,48465,48520,48510
2025-06-10 05:30:00,23600,48500,48330,48500,48330,48520,48350,48520,48350,48510,48340,48510,48340
2025-06-10 05:35:00,20900,48540,48310,48330,48510,48550,48330,48350,48540,48545,48320,48340,48525
2025-06-10 05:40:00,2600,48510,48460,48510,48480,48540,48480,48540,48490,48525,48470,48525,48485
2025-06-10 05:45:00,9500,48480,48370,48480,48400,48490,48390,48490,48420,48485,48380,48485,48410
2025-06-10 05:50:00,2700,48410,48360,48400,48380,48420,48380,48420,48390,48415,48370,48410,48385
2025-06-10 05:55:00,11400,48440,48370,48380,48380,48460,48380,48390,48390,48445,48375,48385,48385
2025-06-10 06:00:00,5900,48440,48360,48380,48380,48450,48370,48390,48400,48445,48365,48385,48390
2025-06-10 06:05:00,4800,48430,48370,48380,48410,48450,48390,48400,48430,48440,48380,48390,48420
2025-06-10 06:10:00,5000,48410,48390,48410,48410,48430,48400,48430,48430,48420,48395,48420,48420
2025-06-10 06:15:00,10500,48430,48390,48410,48420,48450,48400,48430,48440,48440,48395,48420,48430
2025-06-10 06:20:00,15100,48480,48410,48420,48480,48490,48420,48440,48490,48485,48415,48430,48485
2025-06-10 06:25:00,,49440,48000,48130,48580,49450,48010,48140,48590,49445,48005,48135,48585
2025-06-10 06:30:00,315800,48550,48550,48550,48550,48600,48600,48600,48600,48575,48575,48575,48575
2025-06-11 00:00:00,63600,48860,48580,48840,48740,48880,48600,48850,48770,48870,48595,48845,48755
2025-06-11 00:05:00,22000,48790,48630,48740,48750,48800,48660,48770,48770,48795,48645,48755,48760
2025-06-11 00:10:00,23200,48770,48580,48750,48680,48790,48590,48770,48700,48780,48585,48760,48690
2025-06-11 00:15:00,15300,48770,48670,48670,48710,48790,48700,48700,48730,48780,48685,48685,48720
2025-06-11 00:20:00,20200,48720,48470,48710,48490,48740,48490,48730,48510,48730,48480,48720,48500
2025-06-11 00:25:00,11200,48500,48410,48490,48430,48510,48430,48510,48450,48505,48420,48500,48440
2025-06-11 00:30:00,16400,48430,48350,48430,48370,48450,48370,48450,48390,48440,48360,48440,48380
2025-06-11 00:35:00,21000,48400,48260,48370,48300,48420,48270,48390,48320,48410,48265,48380,48310
2025-06-11 00:40:00,8300,48330,48280,48300,48310,48350,48300,48320,48340,48335,48290,48310,48325
2025-06-11 00:45:00,14100,48320,48200,48310,48210,48340,48210,48340,48230,48330,48205,48325,48220
2025-06-11 00:50:00,9800,48260,48200,48210,48260,48270,48210,48230,48270,48265,48205,48220,48265
2025-06-11 00:55:00,9500,48330,48260,48260,48300,48340,48270,48270,48310,48335,48265,48265,48305
2025-06-11 01:00:00,4400,48340,48300,48300,48330,48350,48310,48310,48340,48345,48305,48305,48335
2025-06-11 01:05:00,5300,48370,48320,48330,48320,48380,48330,48340,48340,48375,48325,48335,48330
2025-06-11 01:10:00,4300,48380,48320,48320,48380,48390,48340,48340,48390,48385,48330,48330,48385
2025-06-11 01:15:00,8900,48430,48360,48380,48390,48440,48370,48390,48410,48435,48365,48385,48400
2025-06-11 01:20:00,4900,48430,48380,48390,48400,48440,48390,48410,48420,48435,48385,48400,48410
2025-06-11 01:25:00,8300,48420,48360,48400,48410,48430,48370,48420,48430,48425,48365,48410,48420
2025-06-11 01:30:00,5700,48450,48390,48410,48440,48470,48410,48430,48460,48460,48400,48420,48450
2025-06-11 01:35:00,6500,48450,48360,48440,48360,48470,48370,48450,48370,48460,48365,48445,48365
2025-06-11 01:40:00,4500,48400,48340,48360,48370,48410,48360,48370,48380,48405,48350,48365,48375
2025-06-11 01:45:00,5000,48450,48370,48370,48450,48460,48380,48380,48460,48455,48375,48375,48455
2025-06-11 01:50:00,19100,48530,48430,48450,48510,48550,48450,48460,48530,48540,48440,48455,48520
2025-06-11 01:55:00,14000,48620,48510,48510,48580,48630,48530,48530,48600,48625,48520,48520,48590
2025-06-11 02:00:00,4800,48590,48550,48580,48560,48600,48560,48600,48580,48595,48555,48590,48570
2025-06-11 02:05:00,4100,48580,48540,48560,48560,48600,48560,48580,48580,48590,48550,48570,48570
2025-06-11 02:10:00,6800,48560,48500,48560,48540,48570,48510,48570,48560,48565,48505,48565,48550
2025-06-11 02:15:00,3500,48550,48490,48540,48490,48560,48500,48560,48500,48555,48495,48550,48495
2025-06-11 02:20:00,4200,48500,48460,48490,48460,48520,48470,48500,48480,48510,48465,48495,48470
2025-06-11 02:25:00,3200,48510,48450,48460,48480,48530,48470,48480,48530,48520,48460,48470,48505
2025-06-11 02:30:00,3300,48480,48480,48480,48480,48530,48530,48530,48530,48505,48505,48505,48505
2025-06-11 03:30:00,18600,48470,48400,48400,48470,48480,48420,48420,48480,48475,48410,48410,48475
2025-06-11 03:35:00,3600,48480,48450,48470,48470,48490,48460,48480,48480,48485,48455,48475,48475
2025-06-11 03:40:00,3800,48490,48430,48470,48450,48500,48450,48480,48470,48495,48440,48475,48460
2025-06-11 03:45:00,4600,48450,48420,48450,48420,48470,48430,48470,48440,48460,48425,48460,48430
2025-06-11 03:50:00,2600,48430,48400,48420,48410,48440,48410,48440,48430,48435,48405,48430,48420
2025-06-11 03:55:00,1500,48420,48400,48410,48410,48430,48410,48430,48420,48425,48405,48420,48415
2025-06-11 04:00:00,2500,48430,48410,48410,48420,48440,48420,48420,48440,48435,48415,48415,48430
2025-06-11 04:05:00,4400,48430,48390,48420,48400,48440,48410,48440,48420,48435,48400,48430,48410
2025-06-11 04:10:00,1600,48420,48390,48400,48420,48430,48410,48420,48430,48425,48400,48410,48425
2025-06-11 04:15:00,2100,48450,48420,48420,48440,48470,48430,48430,48450,48460,48425,48425,48445
2025-06-11 04:20:00,2700,48440,48420,48440,48430,48460,48430,48450,48460,48450,48425,48445,48445
2025-06-11 04:25:00,3000,48460,48420,48430,48440,48470,48440,48460,48460,48465,48430,48445,48450
2025-06-11 04:30:00,800,48450,48430,48440,48440,48460,48450,48460,48450,48455,48440,48450,48445
2025-06-11 04:35:00,1400,48460,48430,48440,48460,48470,48440,48450,48470,48465,48435,48445,48465
2025-06-11 04:40:00,1900,48460,48450,48460,48460,48470,48460,48470,48470,48465,48455,48465,48465
2025-06-11 04:45:00,5300,48500,48450,48450,48500,48520,48470,48470,48510,48510,48460,48460,48505
2025-06-11 04:50:00,7900,48580,48500,48500,48560,48590,48510,48510,48580,48585,48505,48505,48570
2025-06-11 04:55:00,2800,48560,48520,48560,48520,48580,48530,48580,48530,48570,48525,48570,48525
2025-06-11 05:00:00,2200,48540,48510,48520,48530,48550,48520,48530,48540,48545,48515,48525,48535
2025-06-11 05:05:00,2900,48580,48530,48530,48570,48590,48540,48540,48590,48585,48535,48535,48580
2025-06-11 05:10:00,4800,48600,48570,48570,48590,48610,48580,48590,48600,48605,48575,48580,48595
2025-06-11 05:15:00,6300,48640,48590,48590,48610,48650,48600,48600,48630,48645,48595,48595,48620
2025-06-11 05:20:00,4600,48610,48520,48610,48520,48630,48530,48630,48540,48620,48525,48620,48530
2025-06-11 05:25:00,2400,48540,48520,48520,48530,48550,48530,48540,48550,48545,48525,48530,48540
2025-06-11 05:30:00,3100,48540,48510,48530,48520,48550,48520,48550,48530,48545,48515,48540,48525
2025-06-11 05:35:00,2400,48530,48500,48520,48510,48540,48510,48530,48520,48535,48505,48525,48515
2025-06-11 05:40:00,4900,48520,48480,48510,48510,48530,48490,48520,48520,48525,48485,48515,48515
2025-06-11 05:45:00,1900,48510,48490,48510,48500,48520,48500,48520,48510,48515,48495,48515,48505
2025-06-11 05:50:00,2600,48510,48480,48500,48500,48520,48490,48510,48510,48515,48485,48505,48505
2025-06-11 05:55:00,7900,48500,48410,48500,48410,48510,48420,48510,48430,48505,48415,48505,48420
2025-06-11 06:00:00,5600,48430,48390,48410,48420,48450,48410,48430,48430,48440,48400,48420,48425
2025-06-11 06:05:00,3900,48430,48390,48420,48400,48440,48410,48430,48410,48435,48400,48425,48405
2025-06-11 06:10:00,9400,48420,48370,48400,48370,48430,48380,48410,48380,48425,48375,48405,48375
2025-06-11 06:15:00,13400,48390,48320,48370,48390,48400,48340,48380,48400,48395,48330,48375,48395
2025-06-11 06:20:00,17800,48500,48350,48390,48450,48520,48370,48400,48470,48510,48360,48395,48460
2025-06-11 06:25:00,,48430,45250,48000,48430,48440,45260,48010,48440,48435,45255,48005,48435
2025-06-11 06:30:00,225400,48420,48420,48420,48420,48450,48450,48450,48450,48435,48435,48435,48435
2025-06-12 00:00:00,60800,48020,47850,48000,47950,48090,47870,48010,47980,48050,47860,48005,47965
2025-06-12 00:05:00,19500,47960,47800,47960,47860,47980,47810,47980,47880,47970,47805,47970,47870
2025-06-12 00:10:00,40800,47860,47620,47860,47640,47880,47630,47880,47660,47870,47625,47870,47650
2025-06-12 00:15:00,17600,47730,47580,47640,47730,47750,47590,47660,47750,47740,47585,47650,47740
2025-06-12 00:20:00,19000,47730,47550,47730,47550,47750,47570,47750,47570,47740,47560,47740,47560
2025-06-12 00:25:00,24600,47560,47460,47550,47480,47580,47480,47570,47500,47565,47470,47560,47490
2025-06-12 00:30:00,9200,47620,47480,47480,47560,47630,47500,47500,47580,47625,47490,47490,47570
2025-06-12 00:35:00,32200,47560,47360,47560,47450,47580,47380,47580,47480,47570,47370,47570,47465
2025-06-12 00:40:00,8700,47550,47420,47450,47540,47560,47450,47480,47560,47555,47435,47465,47550
2025-06-12 00:45:00,9500,47540,47450,47540,47460,47560,47470,47560,47470,47550,47460,47550,47465
2025-06-12 00:50:00,18500,47470,47380,47460,47450,47480,47390,47470,47470,47475,47385,47465,47460
2025-06-12 00:55:00,5900,47480,47440,47450,47450,47490,47450,47470,47470,47485,47445,47460,47460
2025-06-12 01:00:00,10500,47550,47450,47450,47520,47560,47470,47470,47550,47555,47460,47460,47535
2025-06-12 01:05:00,8000,47540,47500,47520,47500,47550,47510,47550,47530,47545,47505,47535,47515
2025-06-12 01:10:00,8800,47540,47460,47500,47480,47560,47480,47530,47500,47550,47470,47515,47490
2025-06-12 01:15:00,4500,47530,47460,47480,47530,47540,47480,47500,47540,47535,47475,47490,47535
2025-06-12 01:20:00,6700,47570,47510,47530,47530,47580,47530,47540,47550,47575,47520,47535,47540
2025-06-12 01:25:00,9400,47530,47430,47530,47460,47540,47450,47540,47470,47535,47440,47535,47465
2025-06-12 01:30:00,8200,47480,47430,47460,47460,47490,47440,47470,47470,47485,47435,47465,47465
2025-06-12 01:35:00,6400,47460,47420,47460,47430,47480,47430,47470,47440,47470,47425,47465,47435
2025-06-12 01:40:00,19000,47450,47380,47430,47390,47460,47390,47440,47410,47455,47385,47435,47400
2025-06-12 01:45:00,7100,47400,47360,47390,47360,47410,47370,47410,47380,47405,47365,47400,47370
2025-06-12 01:50:00,10000,47410,47350,47360,47370,47420,47360,47380,47400,47415,47355,47370,47385
2025-06-12 01:55:00,3500,47420,47370,47370,47410,47430,47400,47400,47430,47425,47385,47385,47420
2025-06-12 02:00:00,3800,47440,47410,47410,47420,47450,47430,47430,47430,47445,47420,47420,47425
2025-06-12 02:05:00,5200,47420,47370,47420,47370,47430,47380,47430,47390,47425,47375,47425,47380
2025-06-12 02:10:00,6700,47420,47350,47370,47400,47430,47360,47390,47410,47425,47355,47380,47405
2025-06-12 02:15:00,4900,47400,47350,47400,47360,47410,47360,47410,47370,47405,47355,47405,47365
2025-06-12 02:20:00,9900,47390,47340,47360,47380,47400,47360,47370,47400,47395,47350,47365,47390
2025-06-12 02:25:00,13900,47400,47310,47390,47330,47410,47330,47400,47350,47405,47320,47395,47340
2025-06-12 02:30:00,1900,47330,47330,47330,47330,47350,47350,47350,47350,47340,47340,47340,47340
2025-06-12 03:30:00,20200,47470,47370,47410,47460,47480,47410,47410,47470,47475,47390,47410,47465
2025-06-12 03:35:00,5600,47460,47410,47460,47430,47470,47420,47470,47440,47465,47415,47465,47435
2025-06-12 03:40:00,3200,47440,47410,47430,47420,47450,47420,47440,47430,47445,47415,47435,47425
2025-06-12 03:45:00,6800,47420,47360,47420,47360,47440,47370,47430,47370,47430,47365,47425,47365
2025-06-12 03:50:00,8600,47380,47330,47360,47350,47390,47340,47370,47360,47385,47335,47365,47355
2025-06-12 03:55:00,4300,47360,47340,47350,47350,47380,47350,47360,47370,47370,47345,47355,47360
2025-06-12 04:00:00,6300,47430,47330,47350,47420,47450,47340,47370,47450,47440,47335,47360,47435
2025-06-12 04:05:00,4000,47440,47390,47420,47400,47450,47400,47450,47420,47445,47395,47435,47410
2025-06-12 04:10:00,3800,47430,47400,47400,47410,47440,47420,47420,47420,47435,47410,47410,47415
2025-06-12 04:15:00,1700,47430,47410,47410,47420,47440,47420,47420,47430,47435,47415,47415,47425
2025-06-12 04:20:00,2300,47440,47420,47420,47420,47450,47430,47430,47430,47445,47425,47425,47425
2025-06-12 04:25:00,2800,47420,47390,47420,47390,47430,47400,47430,47400,47425,47395,47425,47395
2025-06-12 04:30:00,4400,47400,47360,47390,47390,47420,47370,47400,47410,47405,47365,47395,47400
2025-06-12 04:35:00,2100,47390,47360,47390,47370,47410,47370,47410,47380,47400,47365,47400,47375
2025-06-12 04:40:00,2400,47390,47370,47370,47370,47400,47380,47380,47390,47395,47375,47375,47380
2025-06-12 04:45:00,1300,47390,47370,47370,47380,47400,47380,47390,47390,47395,47375,47380,47385
2025-06-12 04:50:00,2400,47380,47360,47380,47360,47390,47370,47390,47380,47385,47365,47385,47370
2025-06-12 04:55:00,2800,47390,47360,47360,47380,47400,47380,47380,47400,47395,47370,47370,47390
2025-06-12 05:00:00,13200,47390,47340,47380,47340,47400,47360,47400,47360,47395,47350,47390,47350
2025-06-12 05:05:00,2200,47350,47340,47350,47340,47360,47350,47360,47350,47355,47345,47355,47345
2025-06-12 05:10:00,5400,47350,47330,47340,47340,47360,47340,47350,47360,47355,47335,47345,47350
2025-06-12 05:15:00,2700,47350,47340,47340,47340,47370,47350,47360,47350,47360,47345,47350,47345
2025-06-12 05:20:00,4700,47370,47340,47340,47360,47380,47350,47350,47370,47375,47345,47345,47365
2025-06-12 05:25:00,3300,47380,47360,47360,47370,47400,47370,47370,47390,47390,47365,47365,47380
2025-06-12 05:30:00,4500,47380,47350,47370,47370,47390,47360,47390,47380,47385,47355,47380,47375
2025-06-12 05:35:00,30700,47370,47290,47370,47310,47380,47300,47380,47330,47375,47295,47375,47320
2025-06-12 05:40:00,6300,47350,47310,47310,47310,47360,47320,47330,47320,47355,47315,47320,47315
2025-06-12 05:45:00,5400,47320,47280,47310,47290,47330,47290,47320,47310,47325,47285,47315,47300
2025-06-12 05:50:00,2900,47310,47290,47290,47300,47320,47310,47310,47320,47315,47300,47300,47310
2025-06-12 05:55:00,3200,47310,47290,47300,47310,47320,47300,47320,47320,47315,47295,47310,47315
2025-06-12 06:00:00,11400,47310,47260,47310,47260,47320,47270,47320,47280,47315,47265,47315,47270
2025-06-12 06:05:00,5200,47270,47250,47260,47260,47280,47260,47280,47270,47275,47255,47270,47265
2025-06-12 06:10:00,5800,47270,47250,47260,47260,47280,47260,47270,47270,47275,47255,47265,47265
2025-06-12 06:15:00,8000,47310,47260,47260,47310,47320,47270,47270,47320,47315,47265,47265,47315
2025-06-12 06:20:00,14700,47310,47250,47310,47260,47320,47260,47320,47270,47315,47255,47315,47265
2025-06-12 06:25:00,,47370,47140,47240,47180,47380,47150,47250,47190,47375,47145,47245,47185
2025-06-12 06:30:00,209100,47170,47170,47170,47170,47210,47210,47210,47210,47190,47190,47190,47190
2025-06-13 00:00:00,698000,47710,46890,47590,46890,47720,46900,47600,46920,47715,46895,47595,46905
2025-06-13 00:05:00,30900,46920,46690,46890,46700,46940,46710,46920,46720,46930,46700,46905,46710
2025-06-13 00:10:00,28700,46700,46600,46700,46690,46720,46620,46720,46710,46710,46610,46710,46700
2025-06-13 00:15:00,58700,46690,46280,46690,46290,46720,46300,46710,46320,46705,46295,46700,46305
2025-06-13 00:20:00,29400,46340,46180,46290,46270,46370,46190,46320,46280,46355,46185,46305,46275
2025-06-13 00:25:00,18700,46330,46200,46270,46250,46350,46220,46280,46280,46340,46210,46275,46265
2025-06-13 00:30:00,28500,46300,46120,46250,46190,46320,46140,46280,46220,46310,46130,46265,46205
2025-06-13 00:35:00,19900,46310,46130,46190,46130,46340,46150,46220,46150,46325,46140,46205,46140
2025-06-13 00:40:00,11800,46260,46120,46130,46200,46280,46130,46150,46230,46270,46125,46140,46215
2025-06-13 00:45:00,13600,46300,46180,46200,46240,46330,46200,46220,46250,46315,46195,46210,46245
2025-06-13 00:50:00,32700,46230,46010,46230,46100,46250,46020,46250,46130,46240,46015,46240,46115
2025-06-13 00:55:00,7700,46160,46100,46100,46110,46180,46120,46130,46140,46165,46110,46115,46125
2025-06-13 01:00:00,10500,46130,46060,46120,46070,46150,46070,46140,46080,46140,46065,46130,46075
2025-06-13 01:05:00,10700,46180,46050,46070,46160,46200,46070,46080,46190,46190,46060,46075,46175
2025-06-13 01:10:00,33100,46160,45960,46160,46010,46190,45980,46190,46020,46175,45970,46175,46015
2025-06-13 01:15:00,6600,46050,46000,46010,46020,46070,46010,46020,46050,46060,46005,46015,46035
2025-06-13 01:20:00,4800,46070,46000,46020,46020,46080,46020,46050,46040,46075,46010,46035,46030
2025-06-13 01:25:00,19900,46050,45880,46020,45890,46060,45890,46040,45900,46055,45885,46030,45895
2025-06-13 01:30:00,13500,45900,45810,45890,45880,45910,45820,45900,45900,45905,45815,45895,45890
2025-06-13 01:35:00,10300,45980,45860,45880,45960,46000,45880,45900,45990,45990,45870,45890,45975
2025-06-13 01:40:00,6200,46060,45920,45960,46060,46070,45940,45990,46070,46065,45930,45975,46065
2025-06-13 01:45:00,15300,46120,46000,46060,46070,46140,46020,46070,46090,46130,46015,46065,46080
2025-06-13 01:50:00,8400,46170,46060,46070,46140,46180,46070,46090,46160,46175,46065,46080,46150
2025-06-13 01:55:00,7800,46180,46080,46140,46080,46190,46090,46170,46110,46185,46085,46155,46095
2025-06-13 02:00:00,9600,46100,45980,46080,45980,46120,46010,46110,46010,46110,45995,46095,45995
2025-06-13 02:05:00,4400,46090,45960,45980,46070,46100,45970,46010,46100,46095,45965,45995,46085
2025-06-13 02:10:00,6100,46090,46020,46070,46030,46100,46030,46100,46060,46095,46025,46085,46045
2025-06-13 02:15:00,7300,46030,45950,46030,45960,46060,45960,46060,45980,46045,45955,46045,45970
2025-06-13 02:20:00,8100,45970,45910,45960,45910,46000,45920,45980,45930,45985,45915,45970,45920
2025-06-13 02:25:00,11200,45910,45850,45910,45850,45940,45870,45930,45890,45925,45865,45920,45870
2025-06-13 02:30:00,1000,45850,45850,45850,45850,45890,45890,45890,45890,45870,45870,45870,45870
2025-06-13 03:30:00,42700,46050,45830,45830,46050,46070,45840,45840,46070,46060,45835,45835,46060
2025-06-13 03:35:00,7200,46060,46000,46050,46050,46070,46020,46070,46070,46065,46010,46060,46060
2025-06-13 03:40:00,8500,46070,46010,46050,46040,46080,46030,46070,46050,46075,46020,46060,46045
2025-06-13 03:45:00,11500,46110,46010,46040,46030,46120,46030,46050,46060,46115,46025,46045,46045
2025-06-13 03:50:00,8900,46120,46030,46030,46110,46130,46050,46060,46130,46125,46045,46045,46120
2025-06-13 03:55:00,10600,46150,46090,46110,46140,46160,46120,46130,46160,46155,46105,46120,46150
2025-06-13 04:00:00,10200,46150,46070,46140,46120,46160,46080,46160,46130,46155,46075,46150,46125
2025-06-13 04:05:00,7000,46140,46100,46120,46140,46160,46120,46130,46160,46150,46110,46125,46150
2025-06-13 04:10:00,8600,46170,46120,46140,46140,46180,46130,46160,46160,46175,46125,46150,46150
2025-06-13 04:15:00,13900,46150,46060,46140,46080,46170,46070,46150,46100,46155,46065,46145,46090
2025-06-13 04:20:00,7400,46120,46030,46080,46030,46130,46050,46100,46050,46125,46040,46090,46040
2025-06-13 04:25:00,12400,46060,45970,46030,45980,46080,45980,46050,46000,46070,45975,46040,45990
2025-06-13 04:30:00,3000,46090,45980,45980,46090,46120,46000,46000,46110,46105,45990,45990,46100
2025-06-13 04:35:00,8200,46160,46050,46090,46110,46170,46080,46110,46130,46165,46065,46100,46120
2025-06-13 04:40:00,7300,46190,46100,46110,46170,46200,46120,46130,46180,46195,46115,46120,46175
2025-06-13 04:45:00,8000,46180,46120,46170,46140,46200,46130,46180,46160,46190,46125,46175,46150
2025-06-13 04:50:00,6700,46200,46140,46140,46180,46220,46160,46160,46200,46210,46150,46150,46190
2025-06-13 04:55:00,6400,46230,46180,46180,46200,46240,46190,46200,46210,46235,46185,46190,46205
2025-06-13 05:00:00,7800,46210,46140,46200,46190,46220,46150,46210,46210,46215,46145,46205,46200
2025-06-13 05:05:00,5500,46200,46150,46190,46150,46210,46160,46210,46170,46205,46155,46200,46160
2025-06-13 05:10:00,5600,46180,46130,46150,46170,46190,46140,46170,46180,46185,46135,46160,46175
2025-06-13 05:15:00,4400,46200,46150,46170,46190,46210,46160,46180,46200,46205,46155,46175,46195
2025-06-13 05:20:00,5900,46200,46140,46190,46150,46220,46150,46200,46170,46210,46145,46195,46160
2025-06-13 05:25:00,7400,46200,46150,46150,46160,46210,46170,46170,46170,46205,46160,46160,46165
2025-06-13 05:30:00,7300,46190,46150,46160,46170,46200,46160,46170,46180,46195,46155,46165,46175
2025-06-13 05:35:00,7200,46170,46130,46170,46140,46190,46140,46180,46150,46180,46135,46175,46145
2025-06-13 05:40:00,5300,46180,46140,46140,46170,46190,46150,46150,46180,46185,46145,46145,46175
2025-06-13 05:45:00,7800,46170,46100,46170,46100,46180,46110,46180,46110,46175,46105,46175,46105
2025-06-13 05:50:00,7100,46130,46080,46100,46130,46150,46100,46110,46140,46140,46090,46105,46135
2025-06-13 05:55:00,6200,46150,46100,46130,46130,46160,46120,46140,46140,46155,46110,46135,46135
2025-06-13 06:00:00,14800,46220,46110,46130,46180,46240,46130,46140,46200,46230,46120,46135,46190
2025-06-13 06:05:00,7800,46230,46180,46180,46180,46250,46200,46200,46210,46240,46190,46190,46195
2025-06-13 06:10:00,9600,46200,46130,46190,46140,46220,46140,46210,46150,46210,46135,46200,46145
2025-06-13 06:15:00,17600,46220,46140,46140,46220,46230,46160,46160,46230,46225,46150,46150,46225
2025-06-13 06:20:00,23800,46300,46210,46220,46290,46310,46220,46230,46310,46305,46215,46225,46300
2025-06-13 06:25:00,,47190,46070,46810,46420,47200,46070,46820,46430,47195,46070,46815,46425
2025-06-13 06:30:00,250600,46300,46300,46300,46300,46430,46430,46430,46430,46365,46365,46365,46365
2025-06-16 00:00:00,79900,47080,46720,46820,46970,47100,46750,46830,46990,47090,46740,46825,46980
2025-06-16 00:05:00,16100,46970,46770,46970,46810,46990,46790,46990,46840,46980,46780,46980,46825
2025-06-16 00:10:00,14200,46830,46730,46810,46810,46840,46740,46840,46830,46835,46735,46825,46820
2025-06-16 00:15:00,20000,46860,46710,46810,46740,46880,46720,46830,46760,46870,46715,46820,46750
2025-06-16 00:20:00,8900,46780,46700,46740,46750,46800,46710,46760,46760,46790,46705,46750,46755
2025-06-16 00:25:00,4900,46790,46720,46750,46790,46810,46740,46760,46810,46800,46730,46755,46800
2025-06-16 00:30:00,9900,46880,46720,46790,46880,46890,46730,46810,46890,46885,46725,46800,46885
2025-06-16 00:35:00,13100,46920,46810,46880,46910,46940,46830,46890,46930,46930,46820,46885,46920
2025-06-16 00:40:00,5300,46940,46860,46910,46880,46950,46880,46930,46890,46945,46870,46920,46885
2025-06-16 00:45:00,3500,46890,46840,46880,46880,46900,46850,46890,46900,46895,46845,46885,46890
2025-06-16 00:50:00,7100,46880,46810,46880,46880,46900,46820,46900,46890,46890,46815,46890,46885
2025-06-16 00:55:00,3300,46880,46820,46880,46820,46900,46840,46900,46840,46890,46830,46890,46830
2025-06-16 01:00:00,9000,46840,46710,46820,46760,46850,46720,46840,46780,46845,46715,46830,46770
2025-06-16 01:05:00,3900,46770,46710,46760,46760,46780,46730,46780,46780,46775,46720,46770,46770
2025-06-16 01:10:00,12900,46810,46660,46760,46680,46820,46680,46780,46690,46815,46670,46770,46685
2025-06-16 01:15:00,8000,46750,46650,46680,46720,46770,46660,46690,46740,46760,46655,46685,46730
2025-06-16 01:20:00,3700,46760,46690,46720,46730,46770,46700,46740,46750,46765,46695,46730,46740
2025-06-16 01:25:00,8400,46730,46610,46730,46610,46760,46620,46760,46630,46745,46615,46745,46620
2025-06-16 01:30:00,4100,46650,46600,46610,46610,46660,46610,46630,46630,46655,46605,46620,46620
2025-06-16 01:35:00,7400,46690,46610,46610,46670,46700,46620,46630,46690,46695,46615,46620,46680
2025-06-16 01:40:00,5700,46770,46670,46670,46750,46780,46680,46690,46760,46775,46675,46680,46755
2025-06-16 01:45:00,3600,46770,46730,46750,46750,46790,46750,46760,46780,46780,46740,46755,46765
2025-06-16 01:50:00,8600,46770,46640,46750,46690,46790,46660,46780,46710,46780,46650,46765,46700
2025-06-16 01:55:00,11000,46700,46550,46690,46580,46720,46560,46710,46600,46710,46555,46700,46590
2025-06-16 02:00:00,6700,46660,46570,46580,46610,46680,46580,46600,46620,46670,46575,46590,46615
2025-06-16 02:05:00,3600,46640,46610,46610,46640,46660,46620,46620,46650,46650,46615,46615,46645
2025-06-16 02:10:00,3200,46680,46620,46640,46680,46700,46630,46650,46690,46690,46625,46645,46685
2025-06-16 02:15:00,5300,46720,46680,46680,46690,46730,46690,46690,46700,46725,46685,46685,46695
2025-06-16 02:20:00,3200,46690,46660,46690,46670,46700,46670,46700,46690,46695,46665,46695,46680
2025-06-16 02:25:00,8000,46680,46620,46670,46640,46700,46630,46690,46660,46690,46625,46680,46650
2025-06-16 02:30:00,4500,46640,46640,46640,46640,46660,46660,46660,46660,46650,46650,46650,46650
2025-06-16 03:30:00,27200,46820,46700,46740,46720,46840,46710,46750,46740,46825,46705,46745,46730
2025-06-16 03:35:00,13100,46870,46720,46720,46860,46880,46740,46740,46880,46875,46730,46730,46870
2025-06-16 03:40:00,4600,46870,46820,46860,46820,46880,46830,46880,46840,46875,46825,46870,46830
2025-06-16 03:45:00,6200,46850,46810,46820,46830,46870,46820,46840,46850,46860,46815,46830,46840
2025-06-16 03:50:00,5700,46890,46830,46830,46880,46900,46840,46850,46900,46895,46835,46840,46890
2025-06-16 03:55:00,7600,46900,46850,46880,46860,46910,46870,46900,46880,46905,46860,46890,46870
2025-06-16 04:00:00,6400,46930,46860,46860,46930,46950,46890,46890,46950,46940,46875,46875,46940
2025-06-16 04:05:00,6700,46960,46930,46930,46950,46980,46950,46950,46970,46970,46940,46940,46960
2025-06-16 04:10:00,7600,46990,46950,46950,46980,47000,46970,46970,47000,46995,46960,46960,46990
2025-06-16 04:15:00,11000,47040,46970,46980,47020,47050,46980,47000,47040,47045,46975,46990,47030
2025-06-16 04:20:00,5600,47030,46970,47020,46970,47040,46980,47040,46980,47035,46975,47030,46975
2025-06-16 04:25:00,6800,47050,46960,46970,47050,47060,46970,46980,47060,47055,46965,46975,47055
2025-06-16 04:30:00,21100,47130,47050,47050,47060,47150,47060,47060,47070,47140,47055,47055,47065
2025-06-16 04:35:00,4400,47090,47040,47060,47050,47100,47060,47070,47070,47095,47050,47065,47060
2025-06-16 04:40:00,3300,47080,47050,47050,47070,47090,47070,47070,47090,47085,47060,47060,47080
2025-06-16 04:45:00,5900,47110,47070,47080,47080,47120,47080,47090,47090,47115,47075,47085,47085
2025-06-16 04:50:00,3200,47090,47060,47080,47080,47100,47070,47090,47090,47095,47065,47085,47085
2025-06-16 04:55:00,2100,47090,47070,47080,47070,47100,47080,47090,47080,47095,47075,47085,47075
2025-06-16 05:00:00,7000,47100,47060,47070,47080,47110,47070,47080,47090,47105,47065,47075,47085
2025-06-16 05:05:00,6300,47080,46980,47080,46990,47090,46990,47090,47010,47085,46985,47085,47000
2025-06-16 05:10:00,4700,47010,46940,46990,46950,47030,46950,47010,46960,47020,46945,47000,46955
2025-06-16 05:15:00,5400,46980,46940,46950,46940,46990,46950,46960,46950,46985,46945,46955,46945
2025-06-16 05:20:00,5500,46940,46900,46940,46920,46950,46910,46950,46930,46945,46905,46945,46925
2025-06-16 05:25:00,6400,46920,46850,46920,46880,46930,46870,46930,46890,46925,46860,46925,46885
2025-06-16 05:30:00,8200,46880,46800,46880,46850,46900,46810,46890,46860,46890,46805,46885,46855
2025-06-16 05:35:00,6900,46890,46840,46850,46850,46900,46850,46860,46860,46895,46845,46855,46855
2025-06-16 05:40:00,4700,46890,46840,46850,46890,46900,46850,46860,46900,46895,46845,46855,46895
2025-06-16 05:45:00,5900,46890,46850,46890,46880,46900,46860,46900,46900,46895,46855,46895,46890
2025-06-16 05:50:00,5800,46880,46850,46880,46870,46900,46860,46900,46880,46890,46855,46890,46875
2025-06-16 05:55:00,8200,46890,46860,46870,46870,46900,46870,46880,46890,46895,46865,46875,46880
2025-06-16 06:00:00,11200,46920,46870,46870,46880,46930,46890,46890,46890,46925,46880,46880,46885
2025-06-16 06:05:00,15800,46970,46840,46880,46970,46980,46850,46890,46980,46975,46845,46885,46975
2025-06-16 06:10:00,7600,46980,46920,46970,46940,46990,46930,46980,46960,46985,46925,46975,46950
2025-06-16 06:15:00,7900,46980,46930,46940,46950,46990,46950,46960,46960,46985,46940,46950,46955
2025-06-16 06:20:00,18000,47010,46930,46950,46940,47020,46940,46960,46960,47015,46935,46955,46950
2025-06-16 06:25:00,,47490,46890,47310,46890,47500,46900,47320,46900,47495,46895,47315,46895
2025-06-16 06:30:00,155300,46890,46890,46890,46890,46950,46950,46950,46950,46920,46920,46920,46920
2025-06-17 00:00:00,52900,46880,46460,46880,46530,46900,46490,46890,46560,46885,46475,46885,46545
2025-06-17 00:05:00,15900,46580,46420,46530,46550,46600,46440,46560,46570,46590,46430,46545,46560
2025-06-17 00:10:00,8900,46560,46470,46550,46520,46580,46480,46570,46540,46570,46475,46560,46530
2025-06-17 00:15:00,11500,46620,46490,46520,46610,46640,46510,46540,46640,46630,46500,46530,46625
2025-06-17 00:20:00,9600,46640,46550,46610,46560,46650,46560,46640,46580,46645,46555,46625,46570
2025-06-17 00:25:00,6100,46560,46490,46560,46490,46580,46500,46580,46510,46570,46495,46570,46500
2025-06-17 00:30:00,23900,46490,46370,46490,46410,46510,46380,46510,46430,46500,46375,46500,46420
2025-06-17 00:35:00,6200,46490,46410,46410,46430,46510,46420,46430,46460,46500,46415,46420,46445
2025-06-17 00:40:00,6500,46510,46430,46430,46500,46520,46460,46460,46520,46515,46445,46445,46510
2025-06-17 00:45:00,7700,46600,46500,46500,46600,46620,46510,46520,46620,46610,46505,46510,46610
2025-06-17 00:50:00,8200,46640,46550,46610,46550,46650,46570,46620,46570,46645,46560,46615,46560
2025-06-17 00:55:00,6400,46630,46550,46550,46610,46650,46560,46570,46630,46640,46555,46560,46620
2025-06-17 01:00:00,23600,46740,46600,46610,46610,46760,46610,46630,46630,46750,46605,46620,46620
2025-06-17 01:05:00,8600,46640,46500,46610,46500,46650,46510,46630,46520,46645,46505,46620,46510
2025-06-17 01:10:00,19000,46520,46400,46500,46460,46530,46420,46520,46480,46525,46410,46510,46470
2025-06-17 01:15:00,15700,46460,46360,46460,46380,46480,46370,46480,46390,46470,46365,46470,46385
2025-06-17 01:20:00,20200,46380,46270,46380,46270,46390,46280,46390,46290,46385,46275,46385,46280
2025-06-17 01:25:00,13000,46350,46270,46270,46310,46370,46290,46290,46330,46360,46280,46280,46320
2025-06-17 01:30:00,19300,46380,46280,46310,46360,46420,46290,46330,46380,46395,46285,46320,46370
2025-06-17 01:35:00,9400,46380,46270,46360,46350,46390,46280,46370,46360,46385,46275,46365,46355
2025-06-17 01:40:00,6300,46350,46270,46350,46330,46360,46290,46360,46350,46355,46280,46355,46340
2025-06-17 01:45:00,6000,46370,46320,46330,46370,46390,46330,46350,46380,46380,46325,46340,46375
2025-06-17 01:50:00,5800,46420,46360,46370,46420,46440,46370,46380,46430,46430,46365,46375,46425
2025-06-17 01:55:00,7500,46470,46410,46420,46460,46480,46420,46430,46480,46475,46415,46425,46470
2025-06-17 02:00:00,14300,46500,46430,46460,46460,46510,46440,46480,46470,46505,46435,46470,46465
2025-06-17 02:05:00,11500,46500,46440,46460,46490,46520,46460,46470,46510,46510,46450,46465,46500
2025-06-17 02:10:00,5300,46490,46430,46490,46430,46510,46440,46510,46450,46500,46435,46500,46440
2025-06-17 02:15:00,7100,46520,46430,46430,46450,46540,46440,46450,46480,46530,46435,46440,46465
2025-06-17 02:20:00,6300,46460,46380,46460,46380,46480,46390,46480,46400,46470,46385,46470,46390
2025-06-17 02:25:00,9100,46390,46310,46380,46330,46400,46330,46400,46340,46395,46320,46390,46335
2025-06-17 02:30:00,1800,46330,46330,46330,46330,46360,46360,46360,46360,46345,46345,46345,46345
2025-06-17 03:30:00,47400,46390,46200,46390,46240,46400,46210,46400,46260,46395,46205,46395,46250
2025-06-17 03:35:00,11100,46300,46240,46250,46300,46310,46260,46260,46310,46305,46250,46255,46305
2025-06-17 03:40:00,9900,46390,46290,46300,46390,46400,46300,46310,46400,46395,46295,46305,46395
2025-06-17 03:45:00,8000,46420,46340,46390,46420,46440,46350,46400,46440,46430,46345,46395,46430
2025-06-17 03:50:00,5400,46440,46410,46420,46430,46450,46420,46440,46440,46445,46415,46430,46435
2025-06-17 03:55:00,4900,46440,46400,46430,46400,46450,46420,46440,46420,46445,46410,46435,46410
2025-06-17 04:00:00,8600,46470,46400,46400,46450,46480,46410,46420,46460,46475,46405,46410,46455
2025-06-17 04:05:00,1400,46450,46430,46450,46440,46470,46450,46460,46460,46460,46440,46455,46450
2025-06-17 04:10:00,4500,46440,46400,46440,46410,46460,46410,46460,46430,46450,46405,46450,46420
2025-06-17 04:15:00,4600,46480,46410,46410,46460,46490,46420,46430,46480,46485,46415,46420,46470
2025-06-17 04:20:00,4200,46460,46410,46460,46410,46480,46420,46480,46420,46470,46415,46470,46415
2025-06-17 04:25:00,3900,46410,46370,46410,46390,46430,46380,46420,46400,46420,46375,46415,46395
2025-06-17 04:30:00,6800,46390,46360,46390,46380,46410,46370,46400,46400,46400,46365,46395,46390
2025-06-17 04:35:00,2500,46400,46350,46380,46350,46410,46370,46400,46370,46405,46360,46390,46360
2025-06-17 04:40:00,5100,46400,46350,46350,46390,46410,46370,46370,46400,46405,46360,46360,46395
2025-06-17 04:45:00,4800,46410,46360,46390,46360,46420,46380,46400,46380,46415,46370,46395,46370
2025-06-17 04:50:00,3200,46400,46360,46360,46390,46420,46370,46380,46410,46410,46365,46370,46400
2025-06-17 04:55:00,3500,46440,46390,46390,46400,46450,46410,46410,46410,46445,46400,46400,46405
2025-06-17 05:00:00,2500,46400,46380,46400,46390,46420,46390,46410,46400,46410,46385,46405,46395
2025-06-17 05:05:00,4000,46390,46350,46390,46360,46400,46360,46400,46370,46395,46355,46395,46365
2025-06-17 05:10:00,4500,46380,46360,46360,46370,46390,46370,46370,46380,46385,46365,46365,46375
2025-06-17 05:15:00,7500,46370,46310,46370,46310,46380,46320,46380,46320,46375,46315,46375,46315
2025-06-17 05:20:00,9500,46310,46250,46310,46250,46330,46260,46320,46260,46320,46255,46315,46255
2025-06-17 05:25:00,4700,46280,46250,46250,46260,46290,46260,46260,46270,46285,46255,46255,46265
2025-06-17 05:30:00,4500,46290,46260,46260,46260,46300,46270,46270,46270,46295,46265,46265,46265
2025-06-17 05:35:00,15800,46260,46200,46260,46200,46270,46210,46270,46220,46265,46205,46265,46210
2025-06-17 05:40:00,6900,46260,46200,46200,46230,46270,46220,46220,46250,46265,46210,46210,46240
2025-06-17 05:45:00,7300,46290,46230,46230,46290,46310,46240,46250,46310,46300,46235,46240,46300
2025-06-17 05:50:00,8000,46320,46250,46290,46260,46330,46270,46310,46280,46325,46260,46300,46270
2025-06-17 05:55:00,15200,46360,46260,46260,46320,46370,46270,46280,46340,46365,46265,46270,46330
2025-06-17 06:00:00,10600,46390,46310,46320,46380,46400,46330,46340,46400,46395,46325,46330,46390
2025-06-17 06:05:00,9300,46440,46380,46380,46430,46450,46390,46400,46440,46445,46385,46390,46435
2025-06-17 06:10:00,10200,46480,46430,46430,46480,46490,46440,46440,46490,46485,46435,46435,46485
2025-06-17 06:15:00,9900,46490,46460,46480,46460,46500,46470,46490,46480,46495,46465,46485,46470
2025-06-17 06:20:00,9400,46470,46420,46460,46420,46490,46430,46480,46430,46480,46425,46470,46425
2025-06-17 06:25:00,,46750,46170,46600,46400,46750,46180,46610,46410,46750,46175,46605,46405
2025-06-17 06:30:00,114900,46400,46400,46400,46400,46420,46420,46420,46420,46410,46410,46410,46410
2025-06-18 00:00:00,51700,46560,46120,46120,46530,46570,46130,46130,46550,46565,46125,46125,46540
2025-06-18 00:05:00,26800,46540,46390,46530,46510,46550,46410,46550,46530,46545,46400,46540,46520
2025-06-18 00:10:00,24000,46610,46470,46510,46610,46630,46500,46530,46630,46620,46485,46520,46620
2025-06-18 00:15:00,23100,46700,46610,46610,46690,46720,46630,46630,46710,46710,46620,46620,46700
2025-06-18 00:20:00,13100,46700,46550,46690,46650,46720,46570,46710,46670,46710,46560,46700,46660
2025-06-18 00:25:00,14400,46760,46640,46650,46720,46780,46670,46670,46740,46770,46655,46660,46730
2025-06-18 00:30:00,6900,46730,46640,46720,46670,46750,46660,46740,46700,46740,46650,46730,46685
2025-06-18 00:35:00,15600,46800,46670,46670,46760,46810,46700,46700,46780,46805,46685,46685,46770
2025-06-18 00:40:00,6100,46800,46760,46760,46780,46820,46770,46780,46800,46810,46765,46770,46790
2025-06-18 00:45:00,10300,46780,46670,46780,46730,46800,46680,46800,46750,46790,46675,46790,46740
2025-06-18 00:50:00,14200,46800,46650,46730,46770,46820,46670,46750,46790,46810,46660,46740,46780
2025-06-18 00:55:00,11700,46880,46770,46770,46810,46890,46790,46790,46840,46885,46780,46780,46825
2025-06-18 01:00:00,5900,46870,46800,46810,46810,46880,46820,46840,46820,46875,46810,46825,46815
2025-06-18 01:05:00,6000,46820,46760,46810,46780,46830,46780,46820,46800,46825,46770,46815,46790
2025-06-18 01:10:00,5400,46850,46770,46780,46850,46860,46790,46800,46860,46855,46780,46790,46855
2025-06-18 01:15:00,14200,46950,46820,46850,46920,46960,46840,46860,46940,46955,46830,46855,46930
2025-06-18 01:20:00,7600,46930,46830,46920,46830,46940,46840,46940,46850,46935,46835,46930,46840
2025-06-18 01:25:00,3000,46840,46800,46830,46820,46860,46820,46850,46840,46850,46810,46840,46830
2025-06-18 01:30:00,10300,46910,46820,46820,46870,46940,46840,46840,46890,46925,46830,46830,46880
2025-06-18 01:35:00,6400,46920,46850,46870,46920,46940,46870,46890,46940,46930,46860,46880,46930
2025-06-18 01:40:00,20000,47000,46920,46920,46990,47010,46940,46940,47010,47005,46930,46930,47000
2025-06-18 01:45:00,7300,47000,46910,46990,46930,47020,46930,47010,46950,47010,46920,47000,46940
2025-06-18 01:50:00,4400,46950,46900,46930,46950,46970,46920,46950,46970,46960,46910,46940,46960
2025-06-18 01:55:00,3100,46990,46940,46950,46960,47000,46960,46970,46980,46995,46955,46960,46970
2025-06-18 02:00:00,5600,46980,46930,46960,46970,46990,46940,46980,46980,46985,46935,46970,46975
2025-06-18 02:05:00,8500,47050,46970,46970,47050,47070,46980,46980,47060,47060,46975,46975,47055
2025-06-18 02:10:00,3900,47060,47030,47050,47030,47070,47040,47070,47050,47065,47035,47060,47040
2025-06-18 02:15:00,8400,47080,47010,47030,47060,47100,47020,47050,47070,47090,47015,47040,47065
2025-06-18 02:20:00,13700,47150,47040,47060,47120,47160,47050,47070,47140,47155,47045,47065,47130
2025-06-18 02:25:00,4800,47140,47110,47120,47120,47150,47120,47140,47150,47145,47115,47130,47135
2025-06-18 02:30:00,1100,47120,47120,47120,47120,47150,47150,47150,47150,47135,47135,47135,47135
2025-06-18 03:30:00,23000,47140,47040,47100,47120,47160,47060,47110,47140,47150,47050,47105,47130
2025-06-18 03:35:00,11600,47130,47050,47120,47120,47140,47070,47140,47140,47135,47060,47130,47130
2025-06-18 03:40:00,20800,47150,47040,47120,47050,47160,47050,47140,47070,47155,47045,47130,47060
2025-06-18 03:45:00,7400,47090,47040,47050,47080,47110,47050,47070,47100,47100,47045,47060,47090
2025-06-18 03:50:00,11000,47150,47080,47080,47150,47170,47090,47100,47170,47160,47085,47090,47160
2025-06-18 03:55:00,5700,47150,47100,47150,47120,47170,47120,47170,47140,47160,47110,47160,47130
2025-06-18 04:00:00,5900,47130,47070,47120,47100,47140,47090,47140,47110,47135,47080,47130,47105
2025-06-18 04:05:00,3700,47140,47090,47100,47140,47160,47100,47110,47160,47150,47095,47105,47150
2025-06-18 04:10:00,20800,47270,47140,47140,47260,47280,47150,47160,47280,47275,47145,47150,47270
2025-06-18 04:15:00,14900,47320,47260,47260,47300,47340,47270,47280,47320,47330,47265,47270,47310
2025-06-18 04:20:00,13000,47330,47280,47300,47290,47350,47290,47320,47310,47340,47285,47310,47300
2025-06-18 04:25:00,10700,47300,47250,47290,47290,47310,47260,47310,47310,47305,47255,47300,47300
2025-06-18 04:30:00,9500,47310,47250,47290,47270,47320,47260,47310,47290,47315,47255,47300,47280
2025-06-18 04:35:00,4000,47280,47250,47270,47280,47300,47270,47290,47300,47290,47260,47280,47290
2025-06-18 04:40:00,23700,47390,47270,47280,47370,47400,47290,47300,47390,47395,47280,47290,47380
2025-06-18 04:45:00,5400,47380,47340,47370,47370,47390,47350,47390,47380,47385,47345,47380,47375
2025-06-18 04:50:00,7900,47380,47330,47370,47330,47390,47350,47380,47350,47385,47340,47375,47340
2025-06-18 04:55:00,2700,47340,47320,47330,47330,47360,47340,47350,47350,47350,47330,47340,47340
2025-06-18 05:00:00,16600,47380,47280,47330,47380,47400,47300,47350,47390,47390,47290,47340,47385
2025-06-18 05:05:00,8800,47390,47320,47380,47340,47400,47330,47390,47360,47395,47325,47385,47350
2025-06-18 05:10:00,2300,47360,47330,47340,47350,47370,47340,47360,47360,47365,47335,47350,47355
2025-06-18 05:15:00,2900,47360,47350,47350,47350,47370,47360,47360,47360,47365,47355,47355,47355
2025-06-18 05:20:00,2200,47350,47330,47350,47340,47360,47340,47360,47350,47355,47335,47355,47345
2025-06-18 05:25:00,8100,47350,47300,47340,47320,47360,47310,47350,47330,47355,47305,47345,47325
2025-06-18 05:30:00,5700,47330,47310,47320,47310,47340,47320,47330,47330,47335,47315,47325,47320
2025-06-18 05:35:00,8400,47310,47250,47310,47270,47330,47260,47330,47290,47320,47255,47320,47280
2025-06-18 05:40:00,4000,47270,47240,47270,47240,47290,47250,47290,47260,47280,47245,47280,47250
2025-06-18 05:45:00,4100,47280,47240,47240,47260,47300,47250,47260,47270,47290,47245,47250,47265
2025-06-18 05:50:00,8000,47280,47220,47260,47260,47300,47230,47270,47280,47290,47225,47265,47270
2025-06-18 05:55:00,15500,47260,47190,47260,47220,47280,47200,47280,47240,47270,47195,47270,47230
2025-06-18 06:00:00,5800,47240,47190,47220,47210,47250,47200,47240,47230,47245,47195,47230,47220
2025-06-18 06:05:00,9600,47210,47080,47210,47120,47230,47090,47230,47140,47220,47085,47220,47130
2025-06-18 06:10:00,8400,47140,47070,47120,47070,47160,47080,47140,47090,47150,47075,47130,47080
2025-06-18 06:15:00,10400,47170,47070,47070,47140,47180,47090,47090,47160,47175,47080,47080,47150
2025-06-18 06:20:00,11200,47150,47110,47140,47140,47170,47130,47160,47150,47155,47120,47150,47145
2025-06-18 06:25:00,,47490,46760,46900,47310,47500,46770,46910,47320,47495,46765,46905,47315
2025-06-18 06:30:00,189400,47220,47220,47220,47220,47330,47330,47330,47330,47275,47275,47275,47275
2025-06-19 00:00:00,49000,47420,47130,47290,47170,47430,47170,47290,47200,47425,47150,47290,47185
2025-06-19 00:05:00,15900,47350,47170,47170,47320,47380,47200,47200,47350,47365,47185,47185,47335
2025-06-19 00:10:00,12800,47330,47270,47320,47280,47350,47290,47350,47300,47340,47280,47335,47290
2025-06-19 00:15:00,25600,47310,47020,47280,47030,47320,47040,47300,47060,47315,47030,47290,47045
2025-06-19 00:20:00,11400,47150,47010,47030,47070,47170,47030,47060,47090,47160,47020,47045,47080
2025-06-19 00:25:00,10400,47080,46980,47070,47010,47100,47000,47080,47030,47090,46990,47075,47020
2025-06-19 00:30:00,6200,47060,46970,47010,47020,47070,46990,47030,47040,47065,46980,47020,47030
2025-06-19 00:35:00,3500,47050,47000,47020,47020,47070,47010,47040,47030,47060,47005,47030,47025
2025-06-19 00:40:00,3300,47030,46990,47020,47000,47040,47000,47030,47010,47035,46995,47025,47005
2025-06-19 00:45:00,4900,47020,46970,47000,46980,47030,46980,47010,47000,47025,46975,47005,46990
2025-06-19 00:50:00,10000,47060,46960,46980,47040,47080,46970,47000,47070,47070,46965,46990,47055
2025-06-19 00:55:00,10900,47150,47030,47040,47050,47160,47040,47060,47070,47155,47035,47050,47060
2025-06-19 01:00:00,21500,47060,46850,47050,46850,47090,46870,47070,46870,47075,46860,47060,46860
2025-06-19 01:05:00,18200,46990,46810,46850,46980,47000,46830,46870,47000,46995,46820,46860,46990
2025-06-19 01:10:00,5500,47000,46950,46980,46980,47010,46970,47000,46990,47005,46960,46990,46985
2025-06-19 01:15:00,7000,47020,46970,46980,46970,47040,46990,46990,46990,47030,46980,46985,46980
2025-06-19 01:20:00,4300,46980,46920,46970,46930,46990,46930,46990,46950,46985,46925,46980,46940
2025-06-19 01:25:00,4700,47000,46920,46930,46990,47010,46950,46950,47010,47005,46935,46940,47000
2025-06-19 01:30:00,4700,47000,46970,46990,46970,47020,46980,47010,46980,47010,46975,47000,46975
2025-06-19 01:35:00,9500,47010,46920,46970,47010,47030,46940,46980,47030,47020,46930,46975,47020
2025-06-19 01:40:00,5900,47050,46950,47010,46950,47060,46960,47030,46970,47055,46955,47020,46960
2025-06-19 01:45:00,5500,47000,46930,46950,46940,47010,46950,46970,46950,47005,46940,46960,46945
2025-06-19 01:50:00,4200,46950,46920,46940,46950,46970,46940,46950,46960,46960,46930,46945,46955
2025-06-19 01:55:00,2800,46980,46940,46950,46940,47000,46950,46960,46960,46990,46945,46955,46950
2025-06-19 02:00:00,7100,47010,46930,46940,46990,47020,46950,46960,47010,47015,46940,46950,47000
2025-06-19 02:05:00,3100,47020,46970,46990,46970,47040,46990,47010,46990,47030,46980,47000,46980
2025-06-19 02:10:00,10000,47050,46950,46970,46960,47060,46960,46990,46980,47055,46955,46980,46970
2025-06-19 02:15:00,2000,47000,46960,46970,46990,47010,46980,46980,47010,47005,46970,46975,47000
2025-06-19 02:20:00,1300,47020,46990,46990,47010,47030,47010,47010,47020,47025,47000,47000,47015
2025-06-19 02:25:00,7000,47060,47010,47010,47050,47080,47020,47020,47070,47070,47015,47015,47060
2025-06-19 02:30:00,4500,47050,47050,47050,47050,47070,47070,47070,47070,47060,47060,47060,47060
2025-06-19 03:30:00,26900,47280,47100,47100,47220,47290,47140,47140,47250,47285,47120,47120,47235
2025-06-19 03:35:00,12300,47260,47170,47220,47190,47280,47180,47250,47200,47270,47175,47235,47195
2025-06-19 03:40:00,3100,47220,47170,47190,47210,47230,47180,47200,47220,47225,47175,47195,47215
2025-06-19 03:45:00,4600,47230,47150,47210,47150,47240,47160,47220,47160,47235,47155,47215,47155
2025-06-19 03:50:00,5000,47150,47070,47150,47070,47160,47080,47160,47090,47155,47075,47155,47080
2025-06-19 03:55:00,1500,47100,47070,47070,47080,47120,47080,47090,47090,47110,47075,47080,47085
2025-06-19 04:00:00,3100,47100,47080,47080,47100,47120,47090,47090,47110,47110,47085,47085,47105
2025-06-19 04:05:00,3700,47160,47090,47100,47160,47170,47100,47110,47170,47165,47095,47105,47165
2025-06-19 04:10:00,4500,47190,47160,47160,47170,47200,47170,47170,47190,47195,47165,47165,47180
2025-06-19 04:15:00,2700,47180,47160,47170,47160,47200,47180,47190,47180,47190,47170,47180,47170
2025-06-19 04:20:00,9300,47160,47040,47160,47050,47180,47050,47180,47070,47170,47045,47170,47060
2025-06-19 04:25:00,3400,47060,47020,47050,47040,47070,47040,47070,47060,47065,47030,47060,47050
2025-06-19 04:30:00,7600,47050,47010,47040,47010,47060,47020,47060,47030,47055,47015,47050,47020
2025-06-19 04:35:00,3300,47080,47010,47010,47080,47100,47030,47030,47090,47090,47020,47020,47085
2025-06-19 04:40:00,9300,47110,47080,47080,47090,47120,47090,47090,47110,47115,47085,47085,47100
2025-06-19 04:45:00,9200,47130,47080,47090,47080,47140,47090,47110,47090,47135,47085,47100,47085
2025-06-19 04:50:00,1900,47090,47050,47080,47050,47100,47070,47090,47070,47095,47060,47085,47060
2025-06-19 04:55:00,1800,47070,47050,47050,47060,47080,47070,47070,47070,47075,47060,47060,47065
2025-06-19 05:00:00,4400,47070,47020,47060,47070,47080,47030,47070,47080,47075,47025,47065,47075
2025-06-19 05:05:00,3100,47120,47070,47070,47110,47130,47080,47080,47120,47125,47075,47075,47115
2025-06-19 05:10:00,3300,47110,47050,47110,47060,47120,47070,47120,47080,47115,47060,47115,47070
2025-06-19 05:15:00,4300,47080,47040,47060,47040,47090,47050,47080,47060,47085,47045,47070,47050
2025-06-19 05:20:00,3100,47060,47030,47040,47050,47070,47040,47060,47070,47065,47035,47050,47060
2025-06-19 05:25:00,4000,47060,47020,47050,47040,47070,47030,47070,47050,47065,47025,47060,47045
2025-06-19 05:30:00,9600,47040,46960,47040,46970,47050,46980,47050,46980,47045,46970,47045,46975
2025-06-19 05:35:00,4300,47000,46960,46970,47000,47020,46970,46980,47010,47010,46965,46975,47005
2025-06-19 05:40:00,7400,47050,46980,47000,47000,47070,46990,47010,47020,47060,46985,47005,47010
2025-06-19 05:45:00,4000,47050,47000,47000,47040,47070,47020,47020,47060,47060,47010,47010,47050
2025-06-19 05:50:00,2600,47050,47030,47040,47040,47060,47040,47060,47050,47055,47035,47050,47045
2025-06-19 05:55:00,7700,47030,46990,47030,47000,47050,47010,47050,47020,47040,47000,47040,47010
2025-06-19 06:00:00,4300,47060,47000,47000,47050,47070,47020,47020,47070,47065,47010,47010,47060
2025-06-19 06:05:00,3500,47060,47020,47050,47040,47080,47040,47070,47060,47070,47030,47060,47050
2025-06-19 06:10:00,2700,47050,47020,47040,47020,47060,47030,47060,47030,47055,47025,47050,47025
2025-06-19 06:15:00,9200,47100,47020,47020,47070,47110,47030,47030,47080,47105,47025,47025,47075
2025-06-19 06:20:00,17000,47070,46980,47070,46980,47080,46990,47080,46990,47075,46985,47075,46985
2025-06-19 06:25:00,,47490,46860,47310,46880,47500,46870,47320,46890,47495,46865,47315,46885
2025-06-19 06:30:00,185200,46870,46870,46870,46870,47000,47000,47000,47000,46935,46935,46935,46935
2025-06-20 00:00:00,58400,46880,46550,46870,46600,46910,46580,46880,46620,46890,46565,46875,46610
2025-06-20 00:05:00,10500,46780,46600,46600,46770,46790,46620,46630,46790,46785,46610,46615,46780
2025-06-20 00:10:00,10900,46790,46670,46770,46670,46810,46680,46800,46680,46800,46675,46785,46675
2025-06-20 00:15:00,7900,46700,46640,46670,46650,46710,46660,46680,46670,46705,46650,46675,46660
2025-06-20 00:20:00,6800,46670,46620,46650,46620,46690,46630,46670,46640,46675,46625,46660,46630
2025-06-20 00:25:00,10100,46620,46530,46620,46550,46630,46550,46630,46570,46625,46540,46625,46560
2025-06-20 00:30:00,13900,46560,46460,46550,46490,46580,46480,46570,46510,46570,46470,46560,46500
2025-06-20 00:35:00,6300,46560,46470,46490,46480,46580,46490,46510,46490,46565,46480,46500,46485
2025-06-20 00:40:00,9600,46490,46380,46480,46430,46500,46400,46490,46450,46495,46390,46485,46440
2025-06-20 00:45:00,5100,46450,46390,46430,46400,46460,46410,46450,46420,46455,46400,46440,46410
2025-06-20 00:50:00,7500,46460,46360,46400,46460,46470,46370,46420,46470,46465,46365,46410,46465
2025-06-20 00:55:00,9000,46500,46380,46460,46400,46520,46390,46470,46410,46510,46385,46465,46405
2025-06-20 01:00:00,8200,46420,46330,46400,46400,46430,46350,46410,46410,46425,46340,46405,46405
2025-06-20 01:05:00,9500,46420,46330,46400,46330,46440,46340,46410,46350,46430,46335,46405,46340
2025-06-20 01:10:00,12100,46340,46260,46330,46300,46350,46270,46350,46310,46345,46265,46340,46305
2025-06-20 01:15:00,6100,46320,46270,46300,46270,46340,46280,46310,46290,46325,46275,46305,46280
2025-06-20 01:20:00,15600,46280,46150,46270,46150,46290,46160,46290,46160,46285,46155,46280,46155
2025-06-20 01:25:00,6600,46170,46120,46150,46140,46180,46130,46160,46160,46175,46125,46155,46150
2025-06-20 01:30:00,21500,46150,46020,46140,46030,46160,46040,46150,46060,46155,46030,46145,46045
2025-06-20 01:35:00,29200,46030,45920,46030,45940,46060,45930,46060,45950,46045,45925,46045,45945
2025-06-20 01:40:00,13600,46010,45940,45940,45950,46030,45950,45950,45970,46020,45945,45945,45960
2025-06-20 01:45:00,4400,46000,45950,45950,45980,46010,45960,45970,45990,46005,45955,45960,45985
2025-06-20 01:50:00,9500,46010,45930,45980,45940,46020,45940,45990,45950,46015,45935,45985,45945
2025-06-20 01:55:00,5700,45960,45910,45940,45920,45970,45920,45950,45930,45965,45915,45945,45925
2025-06-20 02:00:00,17500,45940,45860,45920,45920,45950,45870,45930,45940,45945,45865,45925,45930
2025-06-20 02:05:00,5800,45950,45880,45920,45910,45980,45900,45940,45930,45965,45890,45930,45920
2025-06-20 02:10:00,16500,45930,45810,45910,45840,45950,45820,45930,45850,45935,45815,45920,45845
2025-06-20 02:15:00,4000,45940,45820,45840,45940,45960,45840,45850,45960,45950,45830,45845,45950
2025-06-20 02:20:00,5000,45970,45910,45940,45960,45980,45920,45960,45980,45975,45915,45950,45970
2025-06-20 02:25:00,8100,46020,45950,45960,45960,46040,45970,45980,45980,46030,45960,45970,45970
2025-06-20 02:30:00,900,45960,45960,45960,45960,46010,46010,46010,46010,45985,45985,45985,45985
2025-06-20 03:30:00,16000,46070,45950,46070,45970,46080,45960,46070,45980,46075,45955,46070,45975
2025-06-20 03:35:00,10700,45990,45930,45970,45970,46000,45940,45980,45990,45995,45935,45975,45980
2025-06-20 03:40:00,6200,46040,45970,45970,46030,46050,45990,45990,46050,46045,45980,45980,46040
2025-06-20 03:45:00,11300,46110,46030,46030,46050,46120,46050,46050,46070,46115,46040,46040,46060
2025-06-20 03:50:00,9300,46110,46050,46050,46080,46120,46060,46070,46100,46115,46055,46060,46090
2025-06-20 03:55:00,7500,46100,46060,46080,46090,46110,46070,46100,46100,46105,46065,46090,46095
2025-06-20 04:00:00,9800,46140,46090,46090,46120,46150,46100,46100,46140,46145,46095,46095,46130
2025-06-20 04:05:00,8200,46140,46080,46120,46130,46150,46090,46140,46140,46145,46085,46130,46135
2025-06-20 04:10:00,14700,46130,45970,46130,45970,46140,45980,46140,45990,46135,45975,46135,45980
2025-06-20 04:15:00,10300,45990,45930,45980,45940,46010,45940,45990,45960,46000,45935,45985,45950
2025-06-20 04:20:00,9000,45970,45930,45940,45930,45980,45950,45960,45950,45975,45940,45950,45940
2025-06-20 04:25:00,6900,45980,45930,45930,45960,45990,45940,45950,45980,45985,45935,45940,45970
2025-06-20 04:30:00,6600,45990,45950,45960,45950,46000,45960,45980,45960,45995,45955,45970,45955
2025-06-20 04:35:00,6500,46080,45950,45950,46060,46090,45960,45960,46090,46085,45955,45955,46075
2025-06-20 04:40:00,7200,46090,46010,46060,46050,46100,46030,46090,46070,46095,46020,46075,46060
2025-06-20 04:45:00,4100,46080,46050,46050,46070,46090,46060,46070,46090,46085,46055,46060,46080
2025-06-20 04:50:00,6000,46130,46070,46080,46110,46150,46090,46090,46120,46140,46080,46085,46115
2025-06-20 04:55:00,6000,46140,46100,46110,46120,46150,46120,46120,46130,46145,46110,46115,46125
2025-06-20 05:00:00,6400,46140,46110,46120,46140,46150,46120,46130,46150,46145,46115,46125,46145
2025-06-20 05:05:00,7100,46170,46130,46140,46150,46180,46140,46150,46160,46175,46135,46145,46155
2025-06-20 05:10:00,6400,46160,46130,46150,46140,46170,46140,46170,46160,46165,46135,46160,46150
2025-06-20 05:15:00,7000,46180,46130,46140,46170,46190,46140,46160,46180,46185,46135,46150,46175
2025-06-20 05:20:00,6900,46170,46140,46170,46140,46190,46150,46180,46160,46180,46145,46175,46150
2025-06-20 05:25:00,8400,46150,46070,46140,46080,46160,46090,46160,46100,46155,46080,46150,46090
2025-06-20 05:30:00,6800,46110,46070,46080,46100,46120,46090,46100,46110,46115,46080,46090,46105
2025-06-20 05:35:00,7500,46110,46080,46100,46100,46120,46090,46110,46120,46115,46085,46105,46110
2025-06-20 05:40:00,5100,46110,46080,46100,46090,46120,46090,46120,46100,46115,46085,46110,46095
2025-06-20 05:45:00,5700,46090,46070,46090,46070,46110,46080,46100,46090,46100,46075,46095,46080
2025-06-20 05:50:00,8600,46100,46050,46070,46080,46120,46060,46090,46090,46110,46055,46080,46085
2025-06-20 05:55:00,12200,46140,46060,46080,46110,46150,46090,46090,46130,46145,46075,46085,46120
2025-06-20 06:00:00,12100,46160,46110,46110,46120,46170,46120,46130,46140,46165,46115,46120,46130
2025-06-20 06:05:00,8600,46140,46100,46120,46120,46150,46120,46140,46140,46145,46110,46130,46130
2025-06-20 06:10:00,14400,46160,46030,46120,46030,46170,46050,46140,46050,46165,46040,46130,46040
2025-06-20 06:15:00,14900,46100,46030,46030,46070,46120,46050,46050,46080,46110,46040,46040,46075
2025-06-20 06:20:00,20900,46110,46040,46070,46050,46130,46050,46080,46060,46115,46045,46075,46055
2025-06-20 06:25:00,,46790,45480,45990,46020,46800,45490,46000,46030,46795,45485,45995,46025
2025-06-20 06:30:00,401400,46020,46020,46020,46020,46060,46060,46060,46060,46040,46040,46040,46040
2025-06-23 00:00:00,59400,46180,45950,46130,46120,46230,45960,46130,46150,46205,45955,46130,46135
2025-06-23 00:05:00,18800,46200,46030,46120,46030,46230,46060,46150,46060,46215,46045,46135,46045
2025-06-23 00:10:00,10200,46150,46000,46030,46130,46170,46020,46060,46150,46160,46010,46045,46140
2025-06-23 00:15:00,15600,46250,46130,46130,46200,46260,46160,46160,46230,46255,46145,46145,46215
2025-06-23 00:20:00,8500,46200,46090,46200,46110,46220,46110,46220,46130,46210,46100,46210,46120
2025-06-23 00:25:00,4200,46210,46100,46110,46160,46220,46120,46130,46180,46215,46110,46120,46170
2025-06-23 00:30:00,6700,46170,46070,46160,46120,46180,46090,46180,46140,46175,46080,46170,46130
2025-06-23 00:35:00,7500,46210,46120,46120,46130,46220,46140,46140,46150,46215,46130,46130,46140
2025-06-23 00:40:00,9500,46220,46100,46130,46170,46230,46110,46150,46190,46225,46105,46140,46180
2025-06-23 00:45:00,5300,46240,46160,46170,46200,46250,46190,46190,46220,46245,46175,46180,46210
2025-06-23 00:50:00,4200,46240,46180,46200,46220,46250,46190,46210,46240,46245,46185,46205,46230
2025-06-23 00:55:00,5200,46250,46180,46220,46200,46260,46200,46240,46220,46255,46190,46230,46210
2025-06-23 01:00:00,4800,46220,46160,46200,46200,46230,46170,46220,46210,46225,46165,46210,46205
2025-06-23 01:05:00,2800,46220,46170,46200,46200,46230,46190,46210,46220,46225,46180,46205,46210
2025-06-23 01:10:00,6700,46230,46130,46200,46150,46250,46140,46220,46160,46240,46135,46210,46155
2025-06-23 01:15:00,2600,46170,46130,46150,46150,46180,46140,46160,46160,46175,46135,46155,46155
2025-06-23 01:20:00,6400,46220,46140,46150,46190,46230,46160,46160,46210,46225,46150,46155,46200
2025-06-23 01:25:00,1900,46190,46150,46190,46160,46210,46160,46210,46180,46200,46155,46200,46170
2025-06-23 01:30:00,3200,46210,46160,46160,46200,46220,46170,46180,46210,46215,46165,46170,46205
2025-06-23 01:35:00,4700,46210,46160,46200,46200,46220,46180,46210,46220,46215,46170,46205,46210
2025-06-23 01:40:00,7200,46200,46110,46200,46150,46220,46120,46220,46170,46210,46115,46210,46160
2025-06-23 01:45:00,3100,46170,46140,46150,46170,46200,46150,46170,46200,46185,46145,46160,46185
2025-06-23 01:50:00,5500,46220,46170,46170,46210,46230,46200,46200,46230,46225,46185,46185,46220
2025-06-23 01:55:00,5400,46260,46210,46210,46250,46270,46220,46230,46270,46265,46215,46220,46260
2025-06-23 02:00:00,4100,46290,46240,46250,46290,46300,46260,46270,46300,46295,46255,46260,46295
2025-06-23 02:05:00,8400,46350,46270,46290,46340,46360,46280,46300,46360,46355,46275,46295,46350
2025-06-23 02:10:00,7500,46360,46280,46340,46280,46380,46300,46360,46300,46370,46290,46350,46290
2025-06-23 02:15:00,2100,46300,46280,46280,46290,46310,46290,46300,46300,46305,46285,46290,46295
2025-06-23 02:20:00,2900,46310,46260,46290,46260,46320,46270,46300,46280,46315,46265,46295,46270
2025-06-23 02:25:00,3000,46290,46250,46260,46270,46300,46270,46280,46290,46295,46260,46270,46280
2025-06-23 02:30:00,9400,46270,46270,46270,46270,46290,46290,46290,46290,46280,46280,46280,46280
2025-06-23 03:30:00,26600,46410,46350,46390,46400,46430,46370,46400,46420,46420,46360,46395,46410
2025-06-23 03:35:00,3900,46410,46360,46400,46390,46420,46380,46420,46410,46415,46370,46410,46400
2025-06-23 03:40:00,4100,46390,46330,46390,46350,46410,46350,46410,46370,46400,46340,46400,46360
2025-06-23 03:45:00,3700,46390,46350,46350,46360,46400,46370,46370,46370,46395,46360,46360,46365
2025-06-23 03:50:00,2900,46370,46330,46360,46330,46380,46340,46370,46340,46375,46335,46365,46335
2025-06-23 03:55:00,6600,46370,46310,46330,46370,46390,46320,46340,46390,46380,46315,46335,46380
2025-06-23 04:00:00,7900,46400,46370,46370,46390,46420,46380,46390,46410,46410,46375,46380,46400
2025-06-23 04:05:00,2900,46420,46370,46390,46410,46430,46380,46410,46430,46425,46375,46400,46420
2025-06-23 04:10:00,2000,46420,46360,46420,46370,46430,46370,46430,46390,46425,46365,46425,46380
2025-06-23 04:15:00,3700,46430,46370,46370,46420,46440,46380,46390,46440,46435,46375,46380,46430
2025-06-23 04:20:00,7900,46450,46420,46420,46440,46460,46430,46440,46460,46455,46425,46430,46450
2025-06-23 04:25:00,9900,46470,46390,46440,46390,46480,46400,46460,46400,46475,46395,46450,46395
2025-06-23 04:30:00,1900,46420,46360,46390,46370,46430,46380,46400,46380,46425,46375,46395,46375
2025-06-23 04:35:00,2100,46370,46340,46370,46350,46380,46350,46380,46360,46375,46345,46375,46355
2025-06-23 04:40:00,3400,46380,46340,46350,46380,46390,46360,46360,46390,46385,46350,46355,46385
2025-06-23 04:45:00,2100,46380,46340,46380,46340,46400,46360,46390,46360,46390,46350,46385,46350
2025-06-23 04:50:00,1800,46360,46340,46340,46340,46370,46350,46360,46350,46365,46345,46350,46345
2025-06-23 04:55:00,4800,46370,46320,46340,46360,46390,46340,46350,46380,46380,46335,46345,46370
2025-06-23 05:00:00,3400,46360,46320,46360,46350,46380,46330,46380,46360,46370,46325,46370,46355
2025-06-23 05:05:00,2000,46360,46330,46350,46330,46380,46350,46360,46350,46370,46340,46355,46340
2025-06-23 05:10:00,1300,46360,46330,46330,46350,46370,46350,46350,46370,46365,46340,46340,46360
2025-06-23 05:15:00,3800,46400,46350,46350,46380,46410,46370,46370,46400,46405,46360,46360,46390
2025-06-23 05:20:00,2400,46380,46370,46380,46380,46400,46380,46400,46390,46390,46375,46390,46385
2025-06-23 05:25:00,1800,46380,46350,46380,46380,46400,46370,46390,46390,46390,46360,46385,46385
2025-06-23 05:30:00,1300,46380,46350,46380,46350,46390,46360,46390,46360,46385,46355,46385,46355
2025-06-23 05:35:00,2100,46370,46350,46350,46350,46380,46360,46360,46360,46375,46355,46355,46355
2025-06-23 05:40:00,1700,46370,46350,46350,46360,46380,46360,46360,46380,46375,46355,46355,46370
2025-06-23 05:45:00,3400,46390,46350,46360,46350,46400,46360,46380,46360,46395,46355,46370,46355
2025-06-23 05:50:00,2700,46360,46340,46350,46350,46380,46350,46360,46370,46370,46345,46355,46360
2025-06-23 05:55:00,4200,46380,46350,46350,46380,46400,46360,46370,46390,46390,46355,46360,46385
2025-06-23 06:00:00,5100,46390,46360,46380,46370,46400,46370,46390,46380,46395,46365,46385,46375
2025-06-23 06:05:00,3400,46390,46360,46370,46380,46400,46370,46380,46400,46395,46365,46375,46390
2025-06-23 06:10:00,11600,46440,46380,46380,46440,46450,46390,46400,46450,46445,46385,46390,46445
2025-06-23 06:15:00,21300,46560,46420,46440,46560,46580,46430,46450,46580,46570,46425,46445,46570
2025-06-23 06:20:00,15600,46590,46530,46560,46570,46600,46540,46580,46600,46595,46535,46570,46585
2025-06-23 06:25:00,,47250,46150,46970,46360,47260,46160,46980,46370,47255,46155,46975,46365
2025-06-23 06:30:00,145700,46360,46360,46360,46360,46490,46490,46490,46490,46425,46425,46425,46425
2025-06-24 00:00:00,85000,47020,46790,46940,46960,47050,46800,46950,46980,47035,46795,46945,46970
2025-06-24 00:05:00,45700,47310,46960,46960,47280,47330,46980,46980,47300,47320,46970,46970,47290
2025-06-24 00:10:00,28200,47360,47080,47280,47100,47380,47100,47300,47130,47370,47090,47290,47115
2025-06-24 00:15:00,13100,47140,47050,47100,47100,47150,47080,47130,47120,47145,47065,47115,47110
2025-06-24 00:20:00,14900,47110,46950,47100,47050,47120,46970,47120,47070,47115,46960,47110,47060
2025-06-24 00:25:00,6200,47090,47020,47050,47020,47100,47040,47070,47040,47095,47030,47060,47030
2025-06-24 00:30:00,13300,47030,46860,47020,46870,47040,46880,47040,46900,47035,46870,47030,46885
2025-06-24 00:35:00,8700,47010,46870,46870,46990,47020,46890,46900,47020,47015,46880,46885,47005
2025-06-24 00:40:00,7600,47000,46820,46990,46860,47020,46830,47020,46880,47010,46825,47005,46870
2025-06-24 00:45:00,14700,46860,46660,46860,46720,46880,46690,46880,46740,46870,46675,46870,46730
2025-06-24 00:50:00,6700,46740,46660,46730,46680,46760,46670,46740,46700,46750,46665,46735,46690
2025-06-24 00:55:00,8800,46700,46550,46680,46560,46720,46570,46710,46580,46710,46560,46695,46570
2025-06-24 01:00:00,5300,46640,46560,46560,46590,46650,46580,46580,46610,46645,46570,46570,46600
2025-06-24 01:05:00,4300,46700,46590,46590,46700,46710,46600,46610,46710,46705,46595,46600,46705
2025-06-24 01:10:00,4200,46720,46670,46700,46690,46730,46680,46710,46710,46725,46675,46705,46700
2025-06-24 01:15:00,7900,46700,46560,46690,46570,46710,46580,46710,46590,46705,46570,46700,46580
2025-06-24 01:20:00,7300,46720,46570,46570,46670,46740,46580,46590,46700,46730,46575,46580,46685
2025-06-24 01:25:00,2700,46670,46630,46670,46640,46700,46640,46700,46660,46685,46635,46685,46650
2025-06-24 01:30:00,2200,46700,46620,46640,46680,46720,46630,46660,46700,46710,46625,46650,46690
2025-06-24 01:35:00,2200,46720,46680,46680,46720,46740,46700,46700,46740,46730,46690,46690,46730
2025-06-24 01:40:00,6700,46790,46720,46720,46740,46800,46730,46740,46770,46795,46725,46730,46755
2025-06-24 01:45:00,7500,46870,46740,46740,46850,46880,46770,46770,46870,46875,46755,46755,46860
2025-06-24 01:50:00,6000,46910,46850,46850,46850,46920,46870,46880,46870,46915,46860,46865,46860
2025-06-24 01:55:00,3100,46910,46850,46850,46890,46920,46860,46870,46910,46915,46855,46860,46900
2025-06-24 02:00:00,4000,46900,46840,46890,46840,46910,46850,46910,46850,46905,46845,46900,46845
2025-06-24 02:05:00,9700,46840,46620,46840,46620,46860,46630,46850,46640,46850,46625,46845,46630
2025-06-24 02:10:00,7400,46670,46580,46620,46620,46680,46610,46640,46650,46675,46595,46630,46635
2025-06-24 02:15:00,8400,46650,46560,46620,46630,46660,46570,46650,46650,46655,46565,46635,46640
2025-06-24 02:20:00,2000,46640,46610,46630,46630,46660,46630,46650,46650,46645,46620,46640,46640
2025-06-24 02:25:00,10400,46710,46610,46630,46700,46760,46630,46650,46750,46735,46620,46640,46725
2025-06-24 02:30:00,13300,46690,46690,46690,46690,46750,46750,46750,46750,46720,46720,46720,46720
2025-06-24 03:30:00,29200,46850,46700,46720,46810,46860,46730,46730,46830,46855,46725,46725,46820
2025-06-24 03:35:00,7600,46840,46780,46810,46810,46860,46790,46830,46830,46850,46785,46820,46820
2025-06-24 03:40:00,8400,46860,46790,46810,46850,46870,46810,46830,46870,46865,46800,46820,46860
2025-06-24 03:45:00,9400,46900,46810,46850,46850,46910,46830,46870,46870,46905,46820,46860,46860
2025-06-24 03:50:00,4500,46870,46840,46850,46870,46890,46860,46870,46890,46880,46850,46860,46880
2025-06-24 03:55:00,4600,46890,46810,46870,46830,46900,46820,46890,46850,46895,46815,46880,46840
2025-06-24 04:00:00,3100,46860,46830,46830,46830,46870,46840,46850,46840,46865,46835,46840,46835
2025-06-24 04:05:00,3100,46840,46800,46830,46820,46850,46810,46840,46840,46845,46805,46835,46830
2025-06-24 04:10:00,3500,46830,46800,46820,46810,46850,46820,46840,46820,46840,46810,46830,46815
2025-06-24 04:15:00,4900,46820,46770,46810,46790,46840,46790,46820,46810,46825,46780,46815,46800
2025-06-24 04:20:00,1600,46810,46780,46790,46790,46820,46800,46810,46810,46815,46795,46800,46800
2025-06-24 04:25:00,1900,46830,46790,46790,46820,46850,46810,46810,46840,46840,46800,46800,46830
2025-06-24 04:30:00,4100,46830,46770,46820,46770,46850,46780,46840,46790,46840,46775,46830,46780
2025-06-24 04:35:00,2400,46780,46770,46770,46770,46800,46780,46790,46790,46790,46775,46780,46780
2025-06-24 04:40:00,2600,46820,46780,46780,46800,46830,46790,46790,46820,46825,46785,46785,46810
2025-06-24 04:45:00,1700,46830,46790,46800,46810,46840,46810,46820,46830,46835,46800,46810,46820
2025-06-24 04:50:00,2000,46850,46810,46810,46840,46860,46830,46830,46860,46855,46820,46820,46850
2025-06-24 04:55:00,4300,46850,46830,46840,46830,46860,46840,46850,46850,46855,46835,46845,46840
2025-06-24 05:00:00,4900,46890,46830,46830,46860,46900,46850,46850,46870,46895,46840,46840,46865
2025-06-24 05:05:00,3100,46900,46850,46860,46900,46910,46860,46870,46910,46905,46855,46865,46905
2025-06-24 05:10:00,3700,46910,46870,46900,46870,46920,46890,46910,46900,46915,46880,46905,46885
2025-06-24 05:15:00,1300,46890,46870,46870,46870,46900,46890,46900,46890,46895,46880,46885,46880
2025-06-24 05:20:00,2200,46870,46830,46870,46840,46890,46840,46890,46850,46880,46835,46880,46845
2025-06-24 05:25:00,2700,46890,46840,46840,46890,46900,46850,46850,46900,46895,46845,46845,46895
2025-06-24 05:30:00,6700,46940,46880,46890,46930,46950,46890,46900,46950,46945,46885,46895,46940
2025-06-24 05:35:00,7900,46980,46920,46940,46920,46990,46940,46950,46940,46985,46930,46945,46930
2025-06-24 05:40:00,9000,47000,46920,46920,46990,47010,46930,46940,47000,47005,46925,46930,46995
2025-06-24 05:45:00,6000,47000,46940,46990,46940,47020,46950,47000,46950,47010,46945,46995,46945
2025-06-24 05:50:00,4100,46940,46880,46940,46890,46960,46900,46950,46900,46950,46890,46945,46895
2025-06-24 05:55:00,4400,46940,46880,46890,46920,46950,46890,46900,46940,46945,46885,46895,46930
2025-06-24 06:00:00,7800,46930,46810,46920,46810,46940,46820,46940,46830,46935,46815,46930,46820
2025-06-24 06:05:00,6600,46890,46810,46820,46890,46900,46820,46830,46900,46895,46815,46825,46895
2025-06-24 06:10:00,7700,46900,46810,46890,46820,46910,46830,46900,46830,46905,46820,46895,46825
2025-06-24 06:15:00,6000,46820,46770,46820,46780,46830,46780,46830,46790,46825,46775,46825,46785
2025-06-24 06:20:00,22000,46780,46590,46780,46590,46790,46610,46790,46620,46785,46600,46785,46605
2025-06-24 06:25:00,,47390,44750,44940,46800,47400,44750,44950,46810,47395,44750,44945,46805
2025-06-24 06:30:00,276400,46680,46680,46680,46680,46820,46820,46820,46820,46750,46750,46750,46750
2025-06-25 00:00:00,121400,46360,45930,46360,45930,46370,45950,46370,45960,46365,45940,46365,45945
2025-06-25 00:05:00,22300,46050,45910,45930,45970,46080,45920,45960,45990,46060,45915,45945,45980
2025-06-25 00:10:00,26200,46160,45930,45970,46120,46180,45950,45990,46140,46170,45940,45980,46130
2025-06-25 00:15:00,18900,46200,46100,46120,46180,46210,46120,46140,46200,46205,46110,46130,46190
2025-06-25 00:20:00,22000,46270,46160,46190,46180,46280,46170,46200,46200,46275,46165,46195,46190
2025-06-25 00:25:00,20600,46320,46170,46180,46280,46330,46180,46200,46300,46325,46175,46190,46290
2025-06-25 00:30:00,15200,46340,46250,46280,46290,46350,46260,46300,46300,46345,46255,46290,46295
2025-06-25 00:35:00,8700,46310,46240,46290,46290,46330,46250,46300,46300,46320,46245,46295,46295
2025-06-25 00:40:00,9700,46360,46260,46290,46360,46370,46280,46300,46370,46365,46270,46295,46365
2025-06-25 00:45:00,5600,46360,46270,46360,46310,46370,46290,46370,46330,46365,46280,46365,46320
2025-06-25 00:50:00,8900,46390,46300,46310,46380,46410,46310,46330,46400,46400,46305,46320,46390
2025-06-25 00:55:00,7100,46400,46320,46380,46330,46410,46330,46390,46360,46405,46325,46385,46345
2025-06-25 01:00:00,4400,46390,46330,46330,46390,46400,46340,46350,46400,46395,46335,46340,46395
2025-06-25 01:05:00,10300,46460,46390,46390,46460,46480,46400,46400,46480,46470,46395,46395,46470
2025-06-25 01:10:00,12800,46560,46450,46460,46550,46590,46470,46480,46560,46575,46460,46470,46555
2025-06-25 01:15:00,7700,46570,46480,46550,46500,46590,46500,46560,46520,46580,46490,46555,46510
2025-06-25 01:20:00,8700,46540,46460,46500,46530,46550,46480,46520,46550,46545,46470,46510,46540
2025-06-25 01:25:00,4300,46570,46500,46530,46510,46580,46520,46550,46530,46575,46510,46540,46520
2025-06-25 01:30:00,7800,46600,46510,46510,46560,46610,46530,46530,46580,46605,46520,46520,46570
2025-06-25 01:35:00,7200,46630,46550,46560,46610,46640,46570,46580,46620,46635,46565,46570,46615
2025-06-25 01:40:00,7100,46610,46550,46610,46580,46620,46560,46620,46600,46615,46555,46615,46590
2025-06-25 01:45:00,5500,46670,46580,46580,46670,46680,46600,46600,46680,46675,46590,46590,46675
2025-06-25 01:50:00,6600,46730,46660,46670,46660,46750,46680,46680,46680,46740,46670,46675,46670
2025-06-25 01:55:00,3400,46670,46640,46660,46650,46690,46650,46680,46670,46680,46645,46670,46660
2025-06-25 02:00:00,8100,46730,46640,46650,46710,46750,46650,46670,46730,46740,46645,46660,46720
2025-06-25 02:05:00,3500,46720,46660,46710,46660,46730,46670,46730,46680,46725,46665,46720,46670
2025-06-25 02:10:00,4600,46690,46650,46660,46670,46710,46670,46670,46690,46700,46660,46665,46680
2025-06-25 02:15:00,6100,46720,46660,46670,46660,46730,46680,46690,46680,46725,46670,46680,46670
2025-06-25 02:20:00,13600,46700,46500,46660,46550,46720,46520,46680,46570,46710,46510,46670,46560
2025-06-25 02:25:00,8800,46560,46500,46550,46510,46570,46510,46570,46540,46565,46505,46560,46525
2025-06-25 02:30:00,7400,46500,46500,46500,46500,46540,46540,46540,46540,46520,46520,46520,46520
2025-06-25 03:30:00,24700,46650,46570,46610,46630,46670,46580,46620,46650,46660,46575,46615,46640
2025-06-25 03:35:00,6800,46680,46630,46630,46670,46690,46650,46650,46680,46685,46640,46640,46675
2025-06-25 03:40:00,7700,46680,46580,46670,46580,46690,46600,46680,46610,46685,46590,46675,46595
2025-06-25 03:45:00,5100,46590,46520,46590,46540,46610,46530,46610,46560,46600,46525,46600,46550
2025-06-25 03:50:00,5100,46570,46510,46540,46510,46580,46520,46560,46530,46575,46515,46550,46520
2025-06-25 03:55:00,5600,46540,46500,46510,46540,46560,46510,46530,46550,46550,46505,46520,46545
2025-06-25 04:00:00,5500,46540,46520,46540,46530,46560,46530,46550,46550,46550,46525,46545,46540
2025-06-25 04:05:00,6300,46530,46480,46530,46510,46550,46490,46550,46530,46540,46485,46540,46520
2025-06-25 04:10:00,3800,46580,46510,46510,46580,46600,46530,46530,46600,46590,46520,46520,46590
2025-06-25 04:15:00,3200,46590,46530,46580,46530,46600,46540,46600,46550,46595,46535,46590,46540
2025-06-25 04:20:00,5000,46550,46520,46530,46530,46560,46530,46550,46540,46555,46525,46540,46535
2025-06-25 04:25:00,2900,46560,46530,46530,46530,46570,46540,46540,46550,46565,46535,46535,46540
2025-06-25 04:30:00,3400,46550,46510,46530,46520,46560,46520,46550,46530,46555,46515,46540,46525
2025-06-25 04:35:00,600,46520,46520,46520,46520,46540,46530,46530,46530,46530,46525,46525,46525
2025-06-25 04:40:00,4000,46550,46510,46520,46540,46570,46530,46530,46560,46560,46520,46525,46550
2025-06-25 04:45:00,2000,46570,46540,46540,46570,46580,46560,46560,46580,46575,46550,46550,46575
2025-06-25 04:50:00,4800,46610,46560,46570,46610,46620,46570,46580,46620,46615,46565,46575,46615
2025-06-25 04:55:00,3600,46650,46600,46610,46640,46660,46610,46620,46650,46655,46605,46615,46645
2025-06-25 05:00:00,4800,46640,46600,46640,46630,46650,46610,46650,46640,46645,46605,46645,46635
2025-06-25 05:05:00,3900,46660,46620,46630,46620,46670,46630,46640,46640,46665,46625,46635,46630
2025-06-25 05:10:00,2600,46630,46600,46620,46630,46640,46620,46640,46640,46635,46615,46630,46635
2025-06-25 05:15:00,1100,46640,46610,46630,46610,46650,46620,46640,46630,46645,46615,46635,46620
2025-06-25 05:20:00,2900,46610,46580,46610,46580,46630,46590,46630,46590,46620,46585,46620,46585
2025-06-25 05:25:00,3200,46620,46580,46580,46600,46630,46590,46590,46610,46625,46585,46585,46605
2025-06-25 05:30:00,4500,46620,46570,46600,46600,46630,46590,46610,46620,46625,46580,46605,46610
2025-06-25 05:35:00,3700,46600,46540,46600,46540,46620,46550,46620,46550,46610,46545,46610,46545
2025-06-25 05:40:00,5100,46550,46510,46540,46510,46560,46520,46550,46520,46555,46515,46545,46515
2025-06-25 05:45:00,6000,46510,46480,46510,46500,46530,46500,46520,46520,46520,46490,46515,46510
2025-06-25 05:50:00,2000,46510,46480,46500,46480,46520,46490,46520,46490,46515,46485,46510,46485
2025-06-25 05:55:00,5500,46520,46470,46480,46510,46530,46480,46490,46530,46525,46475,46485,46520
2025-06-25 06:00:00,3800,46520,46490,46510,46490,46530,46500,46530,46500,46525,46495,46520,46495
2025-06-25 06:05:00,8400,46540,46490,46490,46510,46550,46500,46500,46540,46545,46495,46495,46525
2025-06-25 06:10:00,4600,46550,46500,46520,46520,46560,46520,46540,46540,46555,46510,46530,46530
2025-06-25 06:15:00,3800,46550,46520,46520,46540,46560,46530,46540,46560,46555,46525,46530,46550
2025-06-25 06:20:00,6600,46570,46530,46540,46560,46590,46540,46560,46580,46575,46535,46550,46570
2025-06-25 06:25:00,,46610,46320,46360,46560,46620,46330,46370,46560,46615,46325,46365,46560
2025-06-25 06:30:00,109200,46550,46550,46550,46550,46580,46580,46580,46580,46565,46565,46565,46565
2025-06-26 00:00:00,48600,46420,46190,46380,46190,46450,46200,46390,46210,46435,46195,46385,46200
2025-06-26 00:05:00,11500,46360,46170,46190,46340,46380,46180,46210,46360,46370,46175,46200,46350
2025-06-26 00:10:00,13900,46530,46310,46340,46470,46540,46320,46360,46500,46535,46315,46350,46485
2025-06-26 00:15:00,11200,46580,46470,46470,46520,46600,46500,46500,46540,46590,46485,46485,46530
2025-06-26 00:20:00,5300,46580,46500,46520,46570,46590,46510,46540,46590,46585,46505,46530,46580
2025-06-26 00:25:00,12900,46610,46460,46570,46500,46620,46480,46590,46530,46615,46470,46580,46515
2025-06-26 00:30:00,5200,46550,46490,46500,46530,46560,46500,46530,46560,46555,46495,46515,46545
2025-06-26 00:35:00,13700,46650,46530,46530,46640,46670,46550,46560,46660,46660,46545,46545,46650
2025-06-26 00:40:00,21300,46840,46620,46640,46830,46860,46630,46660,46860,46850,46625,46650,46845
2025-06-26 00:45:00,38600,47220,46780,46830,47220,47240,46800,46860,47230,47230,46790,46845,47225
2025-06-26 00:50:00,31900,47260,47130,47210,47250,47290,47160,47230,47260,47275,47145,47220,47255
2025-06-26 00:55:00,26900,47330,47210,47250,47250,47350,47230,47260,47270,47340,47220,47255,47260
2025-06-26 01:00:00,37900,47450,47170,47250,47450,47470,47190,47270,47470,47460,47180,47260,47460
2025-06-26 01:05:00,19100,47470,47330,47450,47370,47480,47360,47470,47400,47475,47345,47460,47385
2025-06-26 01:10:00,26800,47510,47360,47370,47490,47530,47380,47400,47500,47515,47370,47385,47495
2025-06-26 01:15:00,27600,47570,47470,47490,47480,47590,47480,47500,47500,47580,47475,47495,47490
2025-06-26 01:20:00,11600,47520,47430,47480,47490,47540,47460,47490,47510,47530,47445,47485,47500
2025-06-26 01:25:00,8700,47500,47460,47490,47500,47510,47480,47510,47510,47505,47470,47500,47505
2025-06-26 01:30:00,30300,47690,47490,47500,47680,47700,47500,47510,47700,47695,47495,47505,47690
2025-06-26 01:35:00,23000,47790,47680,47680,47780,47800,47700,47700,47790,47795,47690,47690,47785
2025-06-26 01:40:00,40800,47930,47750,47780,47900,47940,47770,47790,47910,47935,47760,47785,47905
2025-06-26 01:45:00,20400,47900,47790,47900,47800,47920,47800,47920,47820,47910,47795,47910,47810
2025-06-26 01:50:00,16000,47800,47680,47800,47680,47820,47690,47820,47700,47810,47685,47810,47690
2025-06-26 01:55:00,14500,47720,47640,47680,47660,47740,47650,47700,47670,47730,47645,47690,47665
2025-06-26 02:00:00,12800,47790,47650,47660,47750,47800,47660,47670,47770,47795,47655,47665,47760
2025-06-26 02:05:00,8600,47830,47740,47750,47810,47840,47750,47770,47830,47835,47745,47760,47820
2025-06-26 02:10:00,16400,47920,47810,47810,47920,47940,47830,47830,47930,47930,47820,47820,47925
2025-06-26 02:15:00,20700,47970,47860,47920,47930,47980,47880,47930,47940,47975,47870,47925,47935
2025-06-26 02:20:00,10900,47960,47900,47930,47930,47970,47920,47940,47950,47965,47910,47935,47940
2025-06-26 02:25:00,25300,47990,47910,47930,47950,48000,47920,47950,47970,47995,47915,47940,47960
2025-06-26 02:30:00,4800,47940,47940,47940,47940,47970,47970,47970,47970,47955,47955,47955,47955
2025-06-26 03:30:00,60300,48020,47870,47950,47890,48030,47890,47980,47910,48025,47880,47965,47900
2025-06-26 03:35:00,21100,48030,47880,47890,48030,48050,47890,47910,48050,48040,47885,47900,48040
2025-06-26 03:40:00,31300,48180,48020,48030,48130,48190,48030,48040,48150,48185,48025,48035,48140
2025-06-26 03:45:00,11000,48150,48070,48130,48090,48160,48090,48150,48100,48155,48080,48140,48095
2025-06-26 03:50:00,15500,48170,48090,48090,48100,48180,48100,48100,48110,48175,48095,48095,48105
2025-06-26 03:55:00,9300,48130,48050,48100,48080,48140,48070,48110,48090,48135,48060,48105,48085
2025-06-26 04:00:00,12100,48090,48070,48080,48090,48100,48080,48090,48100,48095,48075,48085,48095
2025-06-26 04:05:00,12100,48110,48040,48090,48040,48120,48060,48100,48060,48115,48050,48095,48050
2025-06-26 04:10:00,12500,48080,48000,48040,48070,48090,48010,48060,48090,48085,48005,48050,48080
2025-06-26 04:15:00,15000,48130,48060,48070,48060,48140,48080,48090,48080,48135,48070,48080,48070
2025-06-26 04:20:00,5700,48110,48060,48060,48110,48120,48070,48080,48120,48115,48065,48070,48115
2025-06-26 04:25:00,6600,48120,48070,48110,48080,48130,48080,48120,48090,48125,48075,48115,48085
2025-06-26 04:30:00,26700,48210,48080,48080,48210,48220,48090,48090,48220,48215,48085,48085,48215
2025-06-26 04:35:00,15900,48250,48200,48210,48210,48260,48210,48220,48220,48255,48205,48215,48215
2025-06-26 04:40:00,8300,48240,48210,48210,48230,48260,48220,48220,48240,48250,48215,48215,48235
2025-06-26 04:45:00,12700,48270,48200,48230,48210,48280,48220,48240,48220,48275,48210,48235,48215
2025-06-26 04:50:00,4000,48220,48200,48210,48200,48230,48210,48220,48210,48225,48205,48215,48205
2025-06-26 04:55:00,9300,48230,48200,48200,48210,48250,48210,48210,48230,48240,48205,48205,48220
2025-06-26 05:00:00,9600,48240,48210,48210,48230,48250,48220,48230,48250,48245,48215,48220,48240
2025-06-26 05:05:00,7500,48240,48200,48230,48200,48250,48210,48250,48220,48245,48205,48240,48210
2025-06-26 05:10:00,13800,48250,48170,48200,48230,48260,48180,48210,48250,48255,48175,48205,48240
2025-06-26 05:15:00,7200,48240,48200,48230,48220,48250,48210,48250,48230,48245,48205,48240,48225
2025-06-26 05:20:00,5300,48240,48210,48220,48220,48250,48230,48230,48230,48245,48220,48225,48225
2025-06-26 05:25:00,9000,48240,48210,48220,48230,48250,48220,48230,48240,48245,48215,48225,48235
2025-06-26 05:30:00,11800,48250,48220,48230,48230,48260,48230,48240,48250,48255,48225,48235,48240
2025-06-26 05:35:00,27600,48300,48220,48230,48280,48310,48230,48250,48300,48305,48225,48240,48290
2025-06-26 05:40:00,13200,48280,48220,48280,48230,48300,48240,48300,48250,48290,48230,48290,48240
2025-06-26 05:45:00,11700,48310,48230,48230,48270,48320,48250,48250,48290,48315,48240,48240,48280
2025-06-26 05:50:00,14100,48320,48240,48270,48250,48330,48260,48290,48270,48325,48250,48280,48260
2025-06-26 05:55:00,8400,48280,48220,48250,48240,48300,48230,48270,48260,48290,48225,48260,48250
2025-06-26 06:00:00,19200,48260,48180,48240,48250,48270,48200,48260,48270,48265,48190,48250,48260
2025-06-26 06:05:00,12100,48260,48180,48250,48210,48280,48190,48270,48220,48265,48185,48260,48215
2025-06-26 06:10:00,12800,48220,48180,48210,48190,48230,48190,48220,48200,48225,48185,48215,48195
2025-06-26 06:15:00,17500,48190,48120,48190,48170,48200,48130,48200,48190,48195,48125,48195,48180
2025-06-26 06:20:00,17600,48220,48140,48170,48140,48230,48150,48190,48150,48225,48145,48180,48145
2025-06-26 06:25:00,,48290,46100,47400,48290,48300,46110,47400,48300,48295,46105,47400,48295
2025-06-26 06:30:00,292500,48200,48200,48200,48200,48300,48300,48300,48300,48250,48250,48250,48250
2025-06-27 00:00:00,178000,49380,48800,48900,49100,49400,48880,48910,49130,49390,48840,48905,49115
2025-06-27 00:05:00,30400,49220,49020,49100,49030,49240,49030,49130,49060,49230,49025,49115,49045
2025-06-27 00:10:00,31900,49150,49010,49030,49030,49170,49030,49060,49060,49160,49020,49045,49045
2025-06-27 00:15:00,21000,49130,49000,49040,49110,49150,49010,49060,49130,49140,49005,49050,49120
2025-06-27 00:20:00,13300,49160,49100,49110,49120,49180,49110,49130,49140,49170,49105,49120,49130
2025-06-27 00:25:00,24300,49240,49110,49120,49210,49250,49140,49140,49240,49245,49125,49130,49225
2025-06-27 00:30:00,9900,49220,49180,49210,49210,49240,49190,49240,49230,49230,49185,49225,49220
2025-06-27 00:35:00,19500,49210,49070,49210,49120,49230,49090,49230,49150,49220,49080,49220,49135
2025-06-27 00:40:00,10400,49140,49040,49120,49090,49150,49060,49150,49100,49145,49050,49135,49095
2025-06-27 00:45:00,11800,49220,49070,49090,49180,49230,49090,49100,49200,49225,49080,49095,49190
2025-06-27 00:50:00,17800,49260,49160,49180,49230,49270,49170,49200,49240,49265,49165,49190,49235
2025-06-27 00:55:00,14400,49270,49180,49230,49210,49280,49190,49240,49220,49275,49185,49235,49215
2025-06-27 01:00:00,26200,49390,49200,49210,49370,49400,49220,49220,49390,49395,49210,49215,49380
2025-06-27 01:05:00,13200,49390,49270,49370,49280,49400,49290,49390,49310,49395,49280,49380,49295
2025-06-27 01:10:00,8700,49310,49200,49280,49220,49330,49220,49310,49240,49320,49210,49295,49230
2025-06-27 01:15:00,8200,49340,49220,49220,49270,49350,49240,49240,49290,49345,49230,49230,49280
2025-06-27 01:20:00,11400,49270,49140,49270,49190,49290,49150,49290,49220,49280,49145,49280,49205
2025-06-27 01:25:00,7100,49200,49140,49200,49180,49220,49150,49220,49200,49210,49145,49210,49190
2025-06-27 01:30:00,7600,49240,49150,49190,49230,49250,49160,49200,49250,49245,49155,49195,49240
2025-06-27 01:35:00,5700,49290,49200,49230,49200,49300,49220,49250,49230,49295,49210,49240,49215
2025-06-27 01:40:00,3100,49250,49200,49200,49210,49260,49210,49230,49230,49255,49205,49215,49220
2025-06-27 01:45:00,4600,49210,49160,49210,49200,49230,49180,49230,49220,49220,49170,49220,49210
2025-06-27 01:50:00,16600,49340,49150,49200,49340,49360,49160,49220,49360,49350,49155,49210,49350
2025-06-27 01:55:00,26500,49420,49340,49340,49360,49430,49350,49360,49380,49425,49345,49350,49370
2025-06-27 02:00:00,20600,49470,49350,49360,49450,49480,49370,49380,49470,49475,49360,49370,49460
2025-06-27 02:05:00,10000,49460,49380,49440,49430,49470,49390,49470,49450,49465,49385,49455,49440
2025-06-27 02:10:00,7100,49470,49400,49430,49470,49480,49410,49450,49480,49475,49405,49440,49475
2025-06-27 02:15:00,35900,49530,49460,49470,49500,49540,49470,49480,49520,49535,49465,49475,49510
2025-06-27 02:20:00,10600,49500,49320,49500,49350,49520,49340,49520,49380,49510,49330,49510,49365
2025-06-27 02:25:00,5300,49420,49340,49350,49380,49450,49380,49380,49440,49435,49360,49365,49410
2025-06-27 02:30:00,6200,49370,49370,49370,49370,49440,49440,49440,49440,49405,49405,49405,49405
2025-06-27 03:30:00,29300,49290,49160,49260,49230,49310,49190,49270,49260,49300,49175,49265,49245
2025-06-27 03:35:00,10100,49310,49240,49240,49280,49330,49260,49260,49310,49320,49250,49250,49295
2025-06-27 03:40:00,9200,49310,49250,49280,49260,49320,49260,49310,49280,49315,49255,49295,49270
2025-06-27 03:45:00,10100,49340,49250,49260,49330,49350,49260,49280,49340,49345,49255,49270,49335
2025-06-27 03:50:00,10200,49360,49270,49330,49280,49370,49290,49340,49300,49365,49280,49335,49290
2025-06-27 03:55:00,8900,49290,49210,49280,49250,49300,49220,49300,49270,49295,49215,49290,49260
2025-06-27 04:00:00,5900,49270,49220,49250,49260,49280,49240,49270,49280,49275,49230,49260,49270
2025-06-27 04:05:00,5400,49300,49250,49260,49270,49310,49270,49280,49290,49305,49260,49270,49280
2025-06-27 04:10:00,9000,49340,49270,49270,49310,49350,49290,49290,49330,49345,49280,49280,49320
2025-06-27 04:15:00,2900,49310,49250,49310,49250,49330,49270,49330,49270,49320,49260,49320,49260
2025-06-27 04:20:00,2900,49280,49240,49250,49250,49300,49260,49270,49260,49290,49250,49260,49255
2025-06-27 04:25:00,3100,49280,49250,49250,49260,49290,49260,49260,49280,49285,49255,49255,49270
2025-06-27 04:30:00,6400,49330,49260,49260,49310,49340,49270,49280,49330,49335,49265,49270,49320
2025-06-27 04:35:00,5800,49350,49310,49310,49350,49370,49330,49330,49360,49360,49320,49320,49355
2025-06-27 04:40:00,8300,49370,49260,49350,49260,49380,49270,49360,49280,49375,49265,49355,49270
2025-06-27 04:45:00,4900,49310,49260,49260,49280,49330,49270,49280,49300,49320,49265,49270,49290
2025-06-27 04:50:00,3100,49320,49260,49280,49260,49340,49270,49300,49270,49330,49265,49290,49265
2025-06-27 04:55:00,5500,49280,49220,49260,49220,49300,49230,49270,49230,49290,49225,49265,49225
2025-06-27 05:00:00,5600,49220,49200,49220,49210,49230,49210,49230,49220,49225,49205,49225,49215
2025-06-27 05:05:00,4400,49220,49190,49210,49190,49230,49200,49220,49210,49225,49195,49215,49200
2025-06-27 05:10:00,4600,49210,49160,49190,49210,49230,49170,49210,49230,49220,49165,49200,49220
2025-06-27 05:15:00,6600,49220,49160,49210,49170,49230,49170,49230,49190,49225,49165,49220,49180
2025-06-27 05:20:00,4700,49190,49140,49170,49150,49200,49150,49190,49170,49195,49145,49180,49160
2025-06-27 05:25:00,3200,49160,49140,49150,49150,49180,49150,49170,49170,49170,49145,49160,49160
2025-06-27 05:30:00,8200,49240,49150,49150,49190,49250,49170,49170,49200,49245,49160,49160,49195
2025-06-27 05:35:00,5700,49190,49130,49190,49140,49210,49140,49200,49160,49200,49135,49195,49150
2025-06-27 05:40:00,7600,49150,49080,49140,49080,49170,49090,49160,49090,49160,49085,49150,49085
2025-06-27 05:45:00,12400,49080,48950,49080,48990,49090,48970,49090,49000,49085,48960,49085,48995
2025-06-27 05:50:00,8400,49000,48950,48990,48970,49010,48960,49000,48990,49005,48955,48995,48980
2025-06-27 05:55:00,9800,49100,48970,48970,49070,49110,48980,48990,49080,49105,48975,48980,49075
2025-06-27 06:00:00,10800,49090,49010,49070,49030,49110,49020,49090,49050,49100,49015,49080,49040
2025-06-27 06:05:00,9600,49080,49030,49030,49080,49090,49050,49050,49090,49085,49040,49040,49085
2025-06-27 06:10:00,8100,49130,49060,49080,49120,49150,49090,49090,49140,49140,49075,49085,49130
2025-06-27 06:15:00,13700,49170,49070,49120,49070,49180,49080,49140,49090,49175,49075,49130,49080
2025-06-27 06:20:00,22000,49120,49040,49070,49050,49140,49080,49090,49120,49130,49070,49080,49085
2025-06-27 06:25:00,,49540,48300,48300,49160,49550,48310,48310,49170,49545,48305,48305,49165
2025-06-27 06:30:00,300900,49080,49080,49080,49080,49180,49180,49180,49180,49130,49130,49130,49130
2025-06-30 00:00:00,70400,49730,49500,49540,49550,49750,49530,49550,49570,49740,49515,49545,49560
2025-06-30 00:05:00,46600,49910,49530,49550,49820,49920,49550,49570,49850,49915,49540,49560,49835
2025-06-30 00:10:00,22600,49830,49700,49820,49700,49850,49710,49850,49720,49840,49705,49835,49710
2025-06-30 00:15:00,19900,49750,49570,49700,49570,49760,49590,49720,49590,49755,49580,49710,49580
2025-06-30 00:20:00,31600,49870,49570,49570,49790,49890,49580,49590,49820,49880,49575,49580,49805
2025-06-30 00:25:00,11300,49830,49750,49790,49800,49850,49770,49820,49820,49840,49760,49805,49810
2025-06-30 00:30:00,14500,49890,49770,49800,49810,49900,49780,49820,49830,49895,49775,49810,49820
2025-06-30 00:35:00,6900,49850,49780,49810,49850,49860,49800,49830,49860,49855,49790,49820,49855
2025-06-30 00:40:00,23300,49920,49800,49850,49890,49930,49810,49860,49910,49925,49805,49855,49900
2025-06-30 00:45:00,11400,49890,49790,49890,49810,49910,49810,49910,49830,49900,49800,49900,49820
2025-06-30 00:50:00,4800,49840,49800,49810,49830,49860,49810,49830,49850,49850,49805,49820,49840
2025-06-30 00:55:00,5700,49870,49800,49830,49840,49880,49820,49850,49850,49875,49810,49840,49845
2025-06-30 01:00:00,15000,49920,49770,49840,49860,49930,49780,49850,49880,49925,49775,49845,49870
2025-06-30 01:05:00,11100,49930,49840,49860,49910,49940,49850,49880,49930,49935,49845,49870,49920
2025-06-30 01:10:00,9600,49930,49830,49910,49880,49940,49850,49930,49900,49935,49840,49920,49890
2025-06-30 01:15:00,68400,50060,49840,49880,49980,50090,49860,49900,50000,50075,49850,49890,49990
2025-06-30 01:20:00,10600,50000,49890,49980,49950,50020,49910,50000,49970,50010,49900,49990,49960
2025-06-30 01:25:00,2800,49980,49940,49950,49960,50000,49950,49970,49980,49990,49945,49960,49970
2025-06-30 01:30:00,8800,50030,49960,49960,50010,50050,49980,49980,50030,50040,49970,49970,50020
2025-06-30 01:35:00,6400,50060,50000,50010,50000,50070,50010,50030,50020,50065,50005,50020,50010
2025-06-30 01:40:00,20800,50000,49870,50000,49870,50020,49880,50020,49900,50010,49875,50010,49885
2025-06-30 01:45:00,4800,49960,49860,49870,49930,49970,49880,49900,49940,49965,49870,49885,49935
2025-06-30 01:50:00,7500,49950,49810,49930,49840,49970,49830,49940,49860,49960,49820,49935,49850
2025-06-30 01:55:00,7800,49870,49810,49840,49870,49890,49820,49860,49890,49880,49815,49850,49880
2025-06-30 02:00:00,7200,49970,49870,49870,49950,49980,49890,49890,49970,49975,49880,49880,49960
2025-06-30 02:05:00,13000,50060,49950,49950,50050,50070,49970,49970,50060,50065,49960,49960,50055
2025-06-30 02:10:00,22500,50120,50050,50050,50100,50130,50060,50060,50120,50125,50055,50055,50110
2025-06-30 02:15:00,5700,50130,50090,50100,50130,50140,50110,50120,50140,50135,50100,50110,50135
2025-06-30 02:20:00,5900,50130,50090,50130,50090,50140,50100,50140,50100,50135,50095,50135,50095
2025-06-30 02:25:00,8000,50090,50000,50090,50020,50100,50020,50100,50040,50095,50015,50095,50030
2025-06-30 02:30:00,2500,50020,50020,50020,50020,50050,50050,50050,50050,50035,50035,50035,50035
2025-06-30 03:30:00,31900,50050,49830,49950,50030,50060,49850,50000,50050,50055,49840,49975,50040
2025-06-30 03:35:00,20600,50100,50000,50030,50010,50120,50030,50050,50030,50110,50015,50040,50020
2025-06-30 03:40:00,6700,50080,49990,50010,50020,50090,50010,50030,50040,50085,50000,50020,50030
2025-06-30 03:45:00,3900,50050,49990,50020,50030,50060,50010,50040,50050,50055,50000,50030,50040
2025-06-30 03:50:00,11400,50100,50030,50030,50060,50110,50050,50050,50080,50105,50040,50040,50070
2025-06-30 03:55:00,5700,50060,50020,50060,50050,50080,50030,50080,50060,50070,50025,50070,50055
2025-06-30 04:00:00,5900,50070,50030,50050,50030,50090,50040,50060,50050,50080,50035,50055,50040
2025-06-30 04:05:00,3900,50050,50020,50030,50020,50060,50030,50040,50040,50055,50025,50035,50030
2025-06-30 04:10:00,8100,50040,49980,50020,50020,50050,50010,50040,50040,50045,50000,50030,50030
2025-06-30 04:15:00,3900,50070,50020,50020,50060,50090,50040,50040,50070,50080,50030,50030,50065
2025-06-30 04:20:00,5400,50070,50030,50060,50060,50090,50040,50070,50080,50080,50035,50065,50070
2025-06-30 04:25:00,2100,50060,50030,50060,50040,50080,50040,50080,50050,50070,50035,50070,50045
2025-06-30 04:30:00,6700,50040,49970,50040,49990,50050,49980,50050,50000,50045,49975,50045,49995
2025-06-30 04:35:00,6900,49990,49940,49990,49950,50000,49960,50000,49970,49995,49950,49995,49960
2025-06-30 04:40:00,3300,49950,49930,49950,49950,49970,49940,49970,49960,49960,49935,49960,49955
2025-06-30 04:45:00,11500,49960,49860,49950,49870,49970,49870,49960,49890,49965,49865,49955,49880
2025-06-30 04:50:00,3800,49880,49850,49870,49880,49900,49860,49890,49900,49890,49855,49880,49890
2025-06-30 04:55:00,11000,49890,49820,49880,49870,49910,49830,49900,49880,49900,49825,49890,49875
2025-06-30 05:00:00,12600,49870,49750,49870,49760,49890,49760,49880,49790,49880,49755,49875,49775
2025-06-30 05:05:00,13800,49800,49700,49760,49750,49810,49710,49790,49760,49805,49705,49775,49755
2025-06-30 05:10:00,6800,49760,49700,49750,49740,49780,49720,49760,49760,49770,49710,49755,49750
2025-06-30 05:15:00,5600,49750,49630,49740,49650,49770,49660,49760,49680,49760,49645,49750,49665
2025-06-30 05:20:00,7900,49670,49610,49650,49630,49680,49630,49680,49650,49675,49620,49665,49640
2025-06-30 05:25:00,8000,49720,49630,49630,49720,49730,49640,49650,49730,49725,49635,49640,49725
2025-06-30 05:30:00,7400,49730,49630,49720,49630,49750,49640,49730,49650,49740,49635,49725,49640
2025-06-30 05:35:00,13200,49640,49400,49630,49420,49650,49430,49650,49430,49645,49415,49640,49425
2025-06-30 05:40:00,8600,49470,49400,49420,49410,49480,49410,49440,49430,49475,49405,49430,49420
2025-06-30 05:45:00,9400,49450,49380,49410,49410,49460,49400,49430,49430,49455,49390,49420,49420
2025-06-30 05:50:00,8500,49420,49300,49410,49300,49430,49310,49430,49310,49425,49305,49420,49305
2025-06-30 05:55:00,12400,49440,49300,49300,49410,49460,49310,49310,49430,49445,49305,49305,49420
2025-06-30 06:00:00,12200,49420,49320,49410,49380,49440,49340,49430,49400,49425,49330,49420,49390
2025-06-30 06:05:00,9900,49480,49380,49380,49400,49490,49390,49400,49420,49485,49385,49390,49410
2025-06-30 06:10:00,6300,49460,49400,49400,49410,49480,49410,49420,49430,49470,49405,49410,49420
2025-06-30 06:15:00,11800,49470,49410,49410,49440,49480,49420,49430,49450,49475,49415,49420,49445
2025-06-30 06:20:00,16000,49460,49400,49440,49440,49480,49410,49450,49470,49470,49405,49445,49455
2025-06-30 06:25:00,,49560,44250,48550,49510,49570,44260,48560,49520,49565,44255,48555,49515
2025-06-30 06:30:00,561300,49500,49500,49500,49500,49520,49520,49520,49520,49510,49510,49510,49510
2025-07-01 00:00:00,91200,49250,48620,49210,48650,49300,48650,49220,48670,49275,48635,49215,48660
2025-07-01 00:05:00,41100,48690,48380,48650,48390,48720,48400,48670,48410,48705,48390,48660,48400
2025-07-01 00:10:00,28400,48440,48230,48390,48300,48460,48240,48410,48320,48450,48235,48400,48310
2025-07-01 00:15:00,37200,48370,48210,48300,48210,48390,48230,48320,48240,48375,48220,48310,48225
2025-07-01 00:20:00,26400,48270,48160,48210,48240,48290,48180,48240,48270,48280,48175,48225,48255
2025-07-01 00:25:00,19500,48250,48120,48240,48150,48270,48130,48270,48170,48260,48125,48255,48160
2025-07-01 00:30:00,23600,48180,48050,48150,48090,48200,48060,48170,48100,48190,48055,48160,48095
2025-07-01 00:35:00,18000,48180,48080,48090,48180,48200,48100,48100,48200,48190,48090,48095,48190
2025-07-01 00:40:00,20000,48230,48090,48180,48170,48240,48110,48200,48190,48235,48100,48190,48180
2025-07-01 00:45:00,20500,48210,48080,48170,48080,48230,48100,48190,48100,48220,48090,48180,48090
2025-07-01 00:50:00,20400,48140,48020,48080,48080,48150,48030,48100,48100,48145,48025,48090,48090
2025-07-01 00:55:00,19800,48110,48000,48080,48030,48140,48020,48100,48060,48125,48010,48090,48045
2025-07-01 01:00:00,13200,48100,48020,48030,48070,48130,48030,48060,48090,48115,48025,48045,48080
2025-07-01 01:05:00,14100,48170,48070,48070,48170,48190,48090,48090,48190,48180,48080,48080,48180
2025-07-01 01:10:00,14700,48300,48140,48170,48280,48310,48160,48190,48300,48305,48150,48180,48290
2025-07-01 01:15:00,7500,48300,48200,48280,48270,48310,48230,48300,48290,48305,48215,48290,48280
2025-07-01 01:20:00,9700,48310,48190,48270,48190,48330,48210,48290,48210,48320,48200,48280,48200
2025-07-01 01:25:00,25800,48200,48070,48190,48080,48210,48090,48210,48100,48205,48080,48200,48090
2025-07-01 01:30:00,9500,48180,48050,48080,48180,48200,48070,48100,48200,48190,48060,48090,48190
2025-07-01 01:35:00,6800,48180,48070,48180,48080,48200,48080,48200,48100,48190,48075,48190,48090
2025-07-01 01:40:00,11300,48100,48020,48080,48050,48120,48030,48100,48070,48105,48025,48090,48060
2025-07-01 01:45:00,34900,48090,47960,48050,47990,48110,47970,48070,48010,48095,47965,48060,48000
2025-07-01 01:50:00,10200,48010,47960,47990,48010,48030,47970,48010,48020,48020,47965,48000,48015
2025-07-01 01:55:00,9800,48030,47960,48010,47990,48040,47970,48030,48010,48035,47965,48020,48000
2025-07-01 02:00:00,6000,48010,47980,47990,47980,48020,47990,48010,48000,48015,47985,48000,47990
2025-07-01 02:05:00,12900,47990,47950,47980,47960,48010,47960,48000,47970,48000,47955,47990,47965
2025-07-01 02:10:00,17100,47960,47870,47960,47870,47970,47880,47970,47880,47965,47875,47965,47875
2025-07-01 02:15:00,12500,47890,47860,47870,47860,47910,47870,47880,47880,47900,47865,47875,47870
2025-07-01 02:20:00,6200,47880,47840,47860,47870,47890,47850,47880,47880,47885,47845,47870,47875
2025-07-01 02:25:00,10800,47870,47820,47870,47820,47880,47840,47880,47840,47875,47830,47875,47830
2025-07-01 02:30:00,5100,47820,47820,47820,47820,47840,47840,47840,47840,47830,47830,47830,47830
2025-07-01 03:30:00,62600,47780,47600,47780,47600,47800,47610,47790,47630,47790,47605,47785,47615
2025-07-01 03:35:00,24100,47640,47550,47600,47610,47660,47560,47630,47630,47650,47555,47615,47620
2025-07-01 03:40:00,9700,47660,47600,47610,47640,47670,47620,47630,47650,47665,47610,47620,47645
2025-07-01 03:45:00,49600,47640,47480,47640,47610,47660,47490,47650,47630,47650,47485,47645,47620
2025-07-01 03:50:00,12700,47690,47610,47610,47660,47700,47620,47630,47680,47695,47615,47620,47670
2025-07-01 03:55:00,10700,47740,47660,47660,47730,47750,47680,47680,47750,47745,47670,47670,47740
2025-07-01 04:00:00,18700,47760,47650,47730,47720,47770,47670,47750,47740,47765,47660,47740,47730
2025-07-01 04:05:00,7600,47770,47710,47720,47750,47790,47720,47740,47760,47780,47715,47730,47755
2025-07-01 04:10:00,9700,47780,47730,47750,47730,47790,47750,47760,47750,47785,47740,47755,47740
2025-07-01 04:15:00,6500,47750,47690,47730,47750,47770,47700,47750,47770,47760,47695,47740,47760
2025-07-01 04:20:00,4000,47750,47700,47750,47720,47760,47710,47760,47740,47755,47705,47755,47730
2025-07-01 04:25:00,4400,47770,47700,47720,47750,47790,47720,47740,47770,47780,47710,47730,47760
2025-07-01 04:30:00,7000,47820,47750,47750,47820,47840,47770,47770,47840,47830,47760,47760,47830
2025-07-01 04:35:00,9000,47830,47790,47820,47810,47850,47800,47840,47830,47840,47795,47830,47820
2025-07-01 04:40:00,3600,47830,47790,47810,47810,47840,47810,47830,47830,47835,47800,47820,47820
2025-07-01 04:45:00,4100,47830,47790,47810,47820,47850,47800,47830,47830,47840,47795,47820,47825
2025-07-01 04:50:00,3400,47830,47780,47810,47780,47840,47790,47830,47790,47835,47785,47820,47785
2025-07-01 04:55:00,5000,47790,47760,47780,47780,47810,47770,47790,47790,47800,47765,47785,47785
2025-07-01 05:00:00,6000,47780,47730,47780,47730,47790,47740,47790,47750,47785,47735,47785,47740
2025-07-01 05:05:00,8000,47760,47690,47730,47720,47770,47700,47750,47750,47765,47695,47740,47735
2025-07-01 05:10:00,16800,47720,47610,47720,47650,47750,47640,47750,47660,47735,47635,47735,47655
2025-07-01 05:15:00,7200,47670,47610,47650,47630,47690,47630,47660,47650,47675,47620,47655,47640
2025-07-01 05:20:00,5000,47640,47600,47640,47600,47650,47610,47650,47620,47645,47605,47645,47610
2025-07-01 05:25:00,17800,47610,47530,47610,47530,47620,47550,47620,47550,47615,47540,47615,47540
2025-07-01 05:30:00,10400,47560,47500,47530,47530,47570,47510,47550,47540,47565,47505,47540,47535
2025-07-01 05:35:00,8100,47550,47500,47530,47530,47560,47510,47540,47550,47555,47505,47535,47540
2025-07-01 05:40:00,7400,47550,47500,47530,47540,47560,47510,47550,47560,47555,47505,47540,47550
2025-07-01 05:45:00,6900,47550,47500,47540,47510,47560,47510,47560,47530,47555,47505,47550,47520
2025-07-01 05:50:00,35300,47550,47440,47510,47440,47560,47450,47530,47460,47555,47445,47520,47450
2025-07-01 05:55:00,28600,47450,47330,47440,47440,47460,47350,47460,47450,47455,47345,47450,47445
2025-07-01 06:00:00,29100,47440,47270,47430,47350,47450,47280,47450,47370,47445,47275,47440,47360
2025-07-01 06:05:00,12500,47370,47300,47350,47350,47380,47310,47370,47370,47375,47305,47360,47360
2025-07-01 06:10:00,12900,47380,47310,47350,47320,47390,47330,47370,47340,47385,47320,47360,47330
2025-07-01 06:15:00,14100,47380,47320,47320,47370,47390,47330,47340,47390,47385,47325,47330,47380
2025-07-01 06:20:00,25400,47430,47360,47370,47420,47440,47380,47390,47440,47435,47370,47380,47430
2025-07-01 06:25:00,,47480,47000,47170,47450,47480,47010,47180,47460,47480,47005,47175,47455
2025-07-01 06:30:00,274700,47450,47450,47450,47450,47460,47460,47460,47460,47455,47455,47455,47455
2025-07-02 00:00:00,101700,47470,47030,47190,47260,47480,47040,47200,47290,47475,47035,47195,47275
2025-07-02 00:05:00,31700,47420,47200,47260,47390,47440,47210,47290,47430,47430,47205,47275,47410
2025-07-02 00:10:00,35300,47540,47380,47390,47500,47570,47400,47420,47530,47555,47390,47405,47515
2025-07-02 00:15:00,32400,47510,47230,47500,47270,47540,47250,47530,47300,47525,47240,47515,47285
2025-07-02 00:20:00,35100,47480,47160,47270,47430,47500,47170,47290,47450,47490,47165,47280,47440
2025-07-02 00:25:00,14700,47480,47400,47430,47400,47500,47410,47450,47420,47490,47405,47440,47410
2025-07-02 00:30:00,18100,47430,47310,47400,47420,47450,47320,47420,47440,47440,47315,47410,47430
2025-07-02 00:35:00,23200,47520,47400,47410,47510,47530,47420,47440,47530,47525,47410,47425,47520
2025-07-02 00:40:00,22700,47640,47480,47510,47630,47650,47490,47530,47650,47645,47485,47520,47640
2025-07-02 00:45:00,24900,47740,47600,47630,47730,47750,47610,47650,47750,47745,47605,47640,47740
2025-07-02 00:50:00,29500,47820,47650,47730,47780,47830,47680,47750,47800,47825,47665,47740,47790
2025-07-02 00:55:00,17300,47780,47690,47780,47700,47800,47710,47800,47720,47790,47700,47790,47710
2025-07-02 01:00:00,16100,47790,47650,47700,47790,47810,47660,47720,47810,47800,47655,47710,47800
2025-07-02 01:05:00,32400,47920,47700,47790,47900,47940,47720,47810,47910,47930,47710,47800,47905
2025-07-02 01:10:00,34600,47970,47870,47900,47920,47980,47880,47910,47940,47975,47875,47905,47930
2025-07-02 01:15:00,31400,48040,47890,47920,47890,48050,47900,47940,47920,48045,47895,47930,47905
2025-07-02 01:20:00,12800,47940,47850,47890,47870,47950,47860,47920,47900,47945,47855,47905,47885
2025-07-02 01:25:00,20800,47900,47800,47870,47870,47920,47820,47900,47890,47910,47810,47885,47880
2025-07-02 01:30:00,16800,47930,47780,47870,47800,47940,47790,47890,47820,47935,47785,47880,47810
2025-07-02 01:35:00,18400,47900,47750,47800,47760,47920,47770,47820,47770,47910,47760,47810,47765
2025-07-02 01:40:00,13300,47940,47760,47760,47930,47950,47770,47770,47950,47945,47765,47765,47940
2025-07-02 01:45:00,19500,48040,47910,47930,48040,48050,47920,47950,48050,48045,47915,47940,48045
2025-07-02 01:50:00,25400,48060,47960,48040,48050,48080,47970,48050,48070,48070,47965,48045,48060
2025-07-02 01:55:00,17600,48060,47880,48050,47880,48070,47900,48070,47900,48065,47890,48060,47890
2025-07-02 02:00:00,10800,47910,47840,47880,47850,47930,47850,47900,47860,47920,47845,47890,47855
2025-07-02 02:05:00,13600,47880,47810,47840,47830,47890,47820,47860,47850,47885,47815,47850,47840
2025-07-02 02:10:00,21300,47840,47590,47830,47590,47870,47600,47850,47620,47855,47595,47840,47605
2025-07-02 02:15:00,11400,47700,47590,47590,47610,47720,47600,47620,47630,47710,47595,47605,47620
2025-07-02 02:20:00,15600,47620,47550,47610,47590,47630,47560,47630,47620,47625,47555,47620,47605
2025-07-02 02:25:00,11400,47630,47580,47590,47610,47640,47590,47620,47630,47635,47585,47605,47620
2025-07-02 02:30:00,6200,47610,47610,47610,47610,47630,47630,47630,47630,47620,47620,47620,47620
2025-07-02 03:30:00,48600,47830,47630,47700,47790,47850,47640,47710,47810,47840,47635,47705,47800
2025-07-02 03:35:00,14600,47790,47670,47790,47730,47810,47680,47810,47750,47800,47675,47800,47740
2025-07-02 03:40:00,8300,47760,47700,47730,47760,47780,47710,47750,47780,47770,47705,47740,47770
2025-07-02 03:45:00,11600,47800,47730,47760,47780,47820,47740,47780,47800,47805,47735,47770,47790
2025-07-02 03:50:00,7200,47810,47750,47780,47770,47820,47760,47800,47790,47815,47755,47790,47780
2025-07-02 03:55:00,5100,47780,47730,47770,47740,47790,47740,47790,47760,47785,47735,47780,47750
2025-07-02 04:00:00,13500,47930,47740,47740,47900,47940,47760,47760,47910,47935,47750,47750,47905
2025-07-02 04:05:00,6600,47920,47880,47900,47900,47940,47900,47910,47910,47925,47890,47905,47905
2025-07-02 04:10:00,10000,47960,47880,47900,47960,47980,47890,47910,47980,47970,47885,47905,47970
2025-07-02 04:15:00,10200,47970,47900,47960,47900,47980,47920,47980,47920,47975,47910,47970,47910
2025-07-02 04:20:00,11500,48010,47900,47900,48010,48020,47910,47920,48020,48015,47905,47910,48015
2025-07-02 04:25:00,12100,48030,47980,48010,48000,48050,47990,48020,48020,48040,47985,48015,48010
2025-07-02 04:30:00,9100,48030,47960,48000,48020,48050,47980,48020,48040,48040,47970,48010,48030
2025-07-02 04:35:00,24100,48120,48020,48020,48090,48130,48030,48040,48110,48125,48025,48030,48100
2025-07-02 04:40:00,7400,48120,48070,48090,48110,48130,48080,48110,48120,48125,48075,48100,48115
2025-07-02 04:45:00,9300,48130,48080,48110,48090,48140,48090,48130,48110,48135,48085,48120,48100
2025-07-02 04:50:00,6600,48130,48090,48100,48100,48140,48110,48110,48120,48135,48100,48105,48110
2025-07-02 04:55:00,11000,48150,48100,48100,48130,48160,48120,48120,48150,48155,48110,48110,48140
2025-07-02 05:00:00,10300,48160,48100,48130,48150,48170,48110,48150,48160,48165,48105,48140,48155
2025-07-02 05:05:00,10100,48150,48080,48150,48080,48170,48100,48160,48100,48160,48090,48155,48090
2025-07-02 05:10:00,8400,48100,48030,48080,48040,48120,48050,48100,48050,48110,48040,48090,48045
2025-07-02 05:15:00,6200,48060,48030,48040,48030,48080,48040,48050,48050,48070,48035,48045,48040
2025-07-02 05:20:00,8900,48080,47990,48030,48000,48100,48010,48040,48020,48085,48000,48035,48010
2025-07-02 05:25:00,8300,48010,47930,48000,47960,48030,47950,48020,47980,48020,47940,48010,47970
2025-07-02 05:30:00,8100,48000,47920,47960,47990,48010,47930,47980,48010,48005,47925,47970,48000
2025-07-02 05:35:00,7300,48020,47970,48000,48020,48030,47980,48010,48030,48025,47975,48005,48025
2025-07-02 05:40:00,11300,48020,47960,48020,47990,48030,47980,48030,48010,48025,47970,48025,48000
2025-07-02 05:45:00,12100,48010,47920,47990,47970,48020,47930,48010,47990,48015,47925,48000,47980
2025-07-02 05:50:00,4400,47990,47940,47970,47950,48000,47950,47990,47970,47995,47945,47980,47960
2025-07-02 05:55:00,3500,47960,47930,47950,47960,47970,47940,47970,47970,47965,47935,47960,47965
2025-07-02 06:00:00,10500,48010,47960,47960,47990,48030,47970,47970,48010,48020,47965,47965,48000
2025-07-02 06:05:00,9800,48010,47920,47990,47960,48020,47940,48010,47980,48015,47930,48000,47970
2025-07-02 06:10:00,9300,48010,47950,47960,48010,48020,47960,47980,48020,48015,47955,47970,48015
2025-07-02 06:15:00,15400,48060,48010,48010,48040,48070,48020,48020,48060,48065,48015,48015,48050
2025-07-02 06:20:00,17800,48060,48010,48040,48060,48080,48020,48060,48080,48070,48015,48050,48070
2025-07-02 06:25:00,,48190,47380,47500,48020,48200,47390,47510,48020,48195,47385,47505,48020
2025-07-02 06:30:00,393400,48010,48010,48010,48010,48040,48040,48040,48040,48025,48025,48025,48025
2025-07-03 00:00:00,93600,48520,48170,48520,48270,48530,48220,48530,48310,48525,48195,48525,48290
2025-07-03 00:05:00,124200,48720,48220,48270,48640,48740,48240,48310,48650,48730,48230,48290,48645
2025-07-03 00:10:00,58700,48640,48230,48640,48320,48670,48250,48650,48350,48655,48240,48645,48335
2025-07-03 00:15:00,32300,48360,48200,48320,48350,48380,48220,48350,48370,48370,48210,48335,48360
2025-07-03 00:20:00,28000,48410,48220,48350,48240,48420,48240,48370,48270,48415,48230,48360,48255
2025-07-03 00:25:00,29800,48310,48160,48240,48210,48330,48170,48270,48240,48320,48165,48255,48225
2025-07-03 00:30:00,27300,48430,48180,48210,48430,48440,48210,48240,48440,48435,48195,48225,48435
2025-07-03 00:35:00,27700,48460,48350,48430,48370,48470,48370,48440,48390,48465,48360,48435,48380
2025-07-03 00:40:00,18600,48500,48320,48370,48420,48510,48330,48390,48430,48505,48325,48380,48425
2025-07-03 00:45:00,10600,48450,48370,48420,48430,48460,48380,48430,48450,48455,48375,48425,48440
2025-07-03 00:50:00,17400,48450,48270,48440,48380,48480,48290,48450,48400,48465,48285,48445,48390
2025-07-03 00:55:00,15200,48490,48380,48380,48460,48500,48400,48400,48480,48495,48390,48390,48470
2025-07-03 01:00:00,7700,48460,48390,48460,48400,48480,48400,48480,48420,48470,48395,48470,48410
2025-07-03 01:05:00,13400,48490,48360,48400,48460,48500,48380,48420,48490,48495,48370,48410,48475
2025-07-03 01:10:00,19800,48600,48440,48460,48460,48610,48460,48490,48470,48605,48450,48475,48465
2025-07-03 01:15:00,8900,48460,48370,48460,48370,48470,48380,48470,48400,48465,48375,48465,48385
2025-07-03 01:20:00,15600,48370,48230,48370,48290,48400,48250,48400,48310,48385,48240,48385,48300
2025-07-03 01:25:00,15200,48380,48230,48290,48380,48400,48240,48310,48400,48390,48235,48300,48390
2025-07-03 01:30:00,11800,48380,48240,48380,48300,48400,48250,48400,48320,48390,48245,48390,48310
2025-07-03 01:35:00,10200,48340,48260,48300,48280,48360,48280,48320,48300,48350,48270,48310,48290
2025-07-03 01:40:00,20200,48300,48120,48280,48140,48320,48130,48300,48160,48310,48125,48290,48150
2025-07-03 01:45:00,14100,48180,48070,48140,48100,48200,48080,48160,48120,48190,48075,48150,48110
2025-07-03 01:50:00,4300,48140,48090,48100,48120,48160,48110,48120,48140,48150,48100,48110,48130
2025-07-03 01:55:00,3700,48140,48110,48120,48130,48160,48120,48140,48150,48150,48115,48130,48140
2025-07-03 02:00:00,7400,48150,48100,48130,48110,48170,48110,48150,48130,48160,48105,48140,48120
2025-07-03 02:05:00,4000,48150,48100,48110,48140,48170,48110,48130,48170,48160,48105,48120,48155
2025-07-03 02:10:00,7900,48220,48130,48140,48190,48240,48150,48170,48210,48230,48140,48155,48200
2025-07-03 02:15:00,7100,48250,48170,48190,48230,48270,48190,48210,48250,48260,48180,48200,48240
2025-07-03 02:20:00,8500,48280,48190,48240,48220,48290,48210,48250,48240,48285,48200,48245,48230
2025-07-03 02:25:00,5700,48250,48210,48220,48230,48270,48220,48240,48260,48255,48215,48230,48245
2025-07-03 02:30:00,6300,48230,48230,48230,48230,48260,48260,48260,48260,48245,48245,48245,48245
2025-07-03 03:30:00,27300,48230,48120,48230,48150,48240,48140,48240,48160,48235,48130,48235,48155
2025-07-03 03:35:00,11400,48280,48130,48150,48220,48290,48140,48160,48230,48285,48135,48155,48225
2025-07-03 03:40:00,9200,48250,48180,48220,48250,48260,48190,48230,48260,48255,48185,48225,48255
2025-07-03 03:45:00,5800,48270,48210,48250,48220,48280,48230,48260,48240,48275,48220,48255,48230
2025-07-03 03:50:00,3100,48240,48210,48220,48210,48250,48220,48240,48230,48245,48215,48230,48220
2025-07-03 03:55:00,6400,48230,48170,48210,48220,48250,48190,48230,48240,48240,48180,48220,48230
2025-07-03 04:00:00,11400,48300,48220,48220,48270,48310,48240,48240,48290,48305,48230,48230,48280
2025-07-03 04:05:00,8300,48290,48230,48270,48240,48300,48240,48290,48260,48295,48235,48280,48250
2025-07-03 04:10:00,5000,48280,48220,48240,48230,48290,48230,48260,48240,48285,48225,48250,48235
2025-07-03 04:15:00,7300,48230,48180,48230,48190,48250,48200,48240,48220,48240,48190,48235,48205
2025-07-03 04:20:00,1900,48220,48180,48190,48210,48230,48190,48220,48230,48225,48185,48205,48220
2025-07-03 04:25:00,7300,48220,48170,48210,48180,48230,48190,48230,48200,48225,48180,48220,48190
2025-07-03 04:30:00,15600,48180,48080,48180,48110,48200,48100,48200,48140,48190,48090,48190,48125
2025-07-03 04:35:00,7600,48160,48110,48110,48130,48180,48120,48140,48160,48165,48115,48125,48145
2025-07-03 04:40:00,6600,48220,48140,48140,48210,48240,48160,48160,48230,48230,48150,48150,48220
2025-07-03 04:45:00,5300,48210,48170,48210,48190,48230,48190,48230,48200,48220,48180,48220,48195
2025-07-03 04:50:00,4400,48210,48170,48190,48170,48220,48180,48200,48180,48215,48175,48195,48175
2025-07-03 04:55:00,4900,48190,48150,48170,48160,48200,48160,48180,48170,48195,48155,48175,48165
2025-07-03 05:00:00,9900,48160,48060,48160,48060,48170,48070,48170,48080,48165,48065,48165,48070
2025-07-03 05:05:00,15500,48080,47970,48060,47970,48100,47980,48080,47990,48090,47975,48070,47980
2025-07-03 05:10:00,11700,47990,47940,47970,47960,48000,47950,47990,47980,47995,47945,47980,47970
2025-07-03 05:15:00,8300,47980,47930,47960,47930,47990,47940,47980,47950,47985,47935,47970,47940
2025-07-03 05:20:00,6200,47950,47900,47930,47950,47960,47910,47950,47960,47955,47905,47940,47955
2025-07-03 05:25:00,6900,47990,47900,47950,47900,48000,47910,47960,47910,47995,47905,47955,47905
2025-07-03 05:30:00,7800,47900,47870,47900,47880,47920,47890,47910,47900,47905,47880,47905,47890
2025-07-03 05:35:00,16000,47880,47800,47880,47810,47900,47810,47900,47830,47890,47805,47890,47820
2025-07-03 05:40:00,8400,47870,47780,47810,47870,47880,47790,47830,47880,47875,47785,47820,47875
2025-07-03 05:45:00,9900,47880,47760,47870,47760,47900,47770,47880,47770,47890,47765,47875,47765
2025-07-03 05:50:00,5900,47790,47740,47760,47780,47800,47760,47770,47790,47795,47750,47765,47785
2025-07-03 05:55:00,7500,47810,47760,47780,47790,47820,47770,47790,47800,47815,47765,47785,47795
2025-07-03 06:00:00,9000,47840,47770,47790,47840,47850,47790,47810,47850,47845,47780,47800,47845
2025-07-03 06:05:00,10300,47860,47770,47840,47770,47870,47780,47850,47790,47865,47775,47845,47780
2025-07-03 06:10:00,16600,47820,47710,47770,47720,47830,47720,47790,47740,47825,47715,47780,47730
2025-07-03 06:15:00,14700,47760,47680,47720,47750,47790,47700,47740,47770,47775,47690,47730,47760
2025-07-03 06:20:00,17500,47760,47710,47750,47710,47780,47730,47770,47740,47770,47720,47760,47725
2025-07-03 06:25:00,,48760,46300,46320,47940,48770,46310,46330,47950,48765,46305,46325,47945
2025-07-03 06:30:00,960900,47900,47900,47900,47900,47950,47950,47950,47950,47925,47925,47925,47925
2025-07-04 00:00:00,79600,48100,47800,47820,47940,48120,47810,47830,47980,48110,47805,47825,47960
2025-07-04 00:05:00,31900,47950,47700,47950,47760,47980,47730,47980,47780,47965,47715,47965,47770
2025-07-04 00:10:00,24900,47760,47590,47760,47620,47790,47600,47780,47640,47775,47595,47770,47630
2025-07-04 00:15:00,28300,47680,47540,47620,47610,47690,47550,47640,47630,47685,47545,47630,47620
2025-07-04 00:20:00,18700,47670,47550,47610,47640,47690,47570,47630,47660,47680,47560,47620,47650
2025-07-04 00:25:00,15800,47710,47630,47640,47630,47730,47650,47660,47650,47720,47640,47650,47640
2025-07-04 00:30:00,14600,47680,47620,47630,47630,47690,47640,47650,47660,47685,47630,47640,47645
2025-07-04 00:35:00,11800,47720,47610,47630,47720,47750,47620,47660,47740,47735,47615,47645,47730
2025-07-04 00:40:00,23900,47730,47500,47720,47500,47750,47510,47740,47510,47740,47505,47730,47505
2025-07-04 00:45:00,21800,47580,47430,47500,47550,47590,47440,47510,47570,47585,47435,47505,47560
2025-07-04 00:50:00,9000,47600,47490,47550,47570,47610,47520,47570,47590,47605,47505,47560,47580
2025-07-04 00:55:00,12400,47700,47570,47570,47620,47720,47590,47590,47640,47710,47580,47580,47630
2025-07-04 01:00:00,7700,47680,47590,47620,47640,47690,47610,47640,47670,47685,47600,47630,47655
2025-07-04 01:05:00,4900,47660,47600,47640,47620,47680,47610,47670,47630,47670,47605,47655,47625
2025-07-04 01:10:00,10600,47620,47530,47620,47580,47640,47540,47630,47600,47630,47535,47625,47590
2025-07-04 01:15:00,3800,47620,47570,47580,47610,47640,47580,47600,47630,47630,47575,47590,47620
2025-07-04 01:20:00,13200,47640,47580,47610,47590,47650,47600,47630,47620,47645,47590,47620,47605
2025-07-04 01:25:00,10800,47600,47520,47590,47520,47620,47530,47620,47530,47610,47525,47605,47525
2025-07-04 01:30:00,7400,47630,47520,47520,47600,47650,47530,47530,47620,47640,47525,47525,47610
2025-07-04 01:35:00,5000,47630,47580,47600,47620,47640,47600,47620,47640,47635,47590,47610,47630
2025-07-04 01:40:00,9100,47710,47620,47620,47670,47720,47630,47640,47680,47715,47625,47630,47675
2025-07-04 01:45:00,3700,47690,47650,47670,47670,47700,47660,47680,47690,47695,47655,47675,47680
2025-07-04 01:50:00,2500,47680,47650,47670,47680,47700,47660,47690,47690,47690,47655,47680,47685
2025-07-04 01:55:00,12000,47690,47560,47680,47560,47700,47570,47690,47580,47695,47565,47685,47570
2025-07-04 02:00:00,3000,47610,47560,47560,47610,47630,47580,47580,47630,47620,47570,47570,47620
2025-07-04 02:05:00,7100,47610,47530,47610,47590,47630,47560,47630,47610,47620,47545,47620,47600
2025-07-04 02:10:00,4900,47600,47520,47600,47540,47610,47540,47610,47560,47605,47530,47605,47550
2025-07-04 02:15:00,3700,47550,47530,47540,47530,47570,47540,47560,47540,47560,47535,47550,47535
2025-07-04 02:20:00,3000,47560,47530,47530,47540,47570,47540,47540,47550,47565,47535,47535,47545
2025-07-04 02:25:00,7300,47580,47530,47540,47540,47600,47540,47550,47560,47590,47535,47545,47550
2025-07-04 02:30:00,3000,47540,47540,47540,47540,47560,47560,47560,47560,47550,47550,47550,47550
2025-07-04 03:30:00,24700,47620,47500,47550,47510,47630,47510,47560,47530,47625,47505,47555,47520
2025-07-04 03:35:00,11100,47530,47480,47510,47490,47540,47490,47530,47500,47535,47485,47520,47495
2025-07-04 03:40:00,8800,47520,47450,47490,47500,47530,47460,47500,47520,47525,47455,47495,47510
2025-07-04 03:45:00,4700,47510,47460,47500,47470,47520,47470,47520,47490,47515,47465,47510,47480
2025-07-04 03:50:00,3500,47500,47470,47470,47470,47510,47480,47490,47480,47505,47475,47480,47475
2025-07-04 03:55:00,6400,47510,47450,47470,47510,47520,47470,47480,47520,47515,47460,47475,47515
2025-07-04 04:00:00,4400,47530,47490,47510,47500,47550,47500,47520,47510,47540,47495,47515,47505
2025-07-04 04:05:00,3300,47520,47480,47500,47480,47540,47490,47510,47490,47530,47485,47505,47485
2025-07-04 04:10:00,6500,47480,47450,47480,47460,47490,47460,47490,47480,47485,47455,47485,47470
2025-07-04 04:15:00,3800,47490,47460,47460,47480,47510,47490,47490,47500,47500,47475,47475,47490
2025-07-04 04:20:00,3900,47480,47450,47480,47450,47500,47460,47500,47470,47490,47455,47490,47460
2025-07-04 04:25:00,12500,47460,47420,47450,47460,47470,47430,47470,47470,47465,47425,47460,47465
2025-07-04 04:30:00,3300,47470,47440,47460,47450,47490,47450,47470,47460,47480,47445,47465,47455
2025-07-04 04:35:00,4700,47460,47440,47450,47450,47470,47450,47460,47470,47465,47445,47455,47460
2025-07-04 04:40:00,14500,47460,47400,47450,47440,47470,47410,47470,47450,47465,47405,47460,47445
2025-07-04 04:45:00,7300,47510,47440,47440,47470,47520,47450,47450,47490,47515,47445,47445,47480
2025-07-04 04:50:00,9700,47580,47470,47470,47550,47590,47480,47490,47570,47585,47475,47480,47560
2025-07-04 04:55:00,6000,47610,47550,47550,47610,47630,47570,47570,47620,47620,47560,47560,47615
2025-07-04 05:00:00,12600,47690,47610,47610,47680,47700,47620,47620,47690,47695,47615,47615,47685
2025-07-04 05:05:00,6400,47680,47590,47680,47590,47700,47610,47690,47610,47690,47600,47685,47600
2025-07-04 05:10:00,3800,47660,47590,47590,47660,47670,47600,47610,47670,47665,47595,47600,47665
2025-07-04 05:15:00,4200,47670,47590,47660,47600,47680,47610,47670,47610,47675,47600,47665,47605
2025-07-04 05:20:00,2700,47640,47600,47600,47630,47650,47610,47610,47640,47645,47605,47605,47635
2025-07-04 05:25:00,2900,47640,47620,47630,47630,47650,47630,47640,47650,47645,47625,47635,47640
2025-07-04 05:30:00,8700,47660,47600,47630,47600,47680,47610,47650,47620,47670,47605,47640,47610
2025-07-04 05:35:00,5300,47630,47570,47600,47620,47640,47580,47620,47640,47635,47575,47610,47630
2025-07-04 05:40:00,4300,47670,47620,47620,47660,47680,47640,47640,47670,47675,47630,47630,47665
2025-07-04 05:45:00,4300,47660,47630,47660,47640,47670,47640,47670,47650,47665,47635,47665,47645
2025-07-04 05:50:00,4300,47650,47620,47640,47630,47660,47630,47650,47650,47655,47625,47645,47640
2025-07-04 05:55:00,5900,47650,47610,47630,47620,47660,47620,47650,47640,47655,47615,47640,47630
2025-07-04 06:00:00,5400,47640,47600,47620,47610,47650,47610,47640,47630,47645,47605,47630,47620
2025-07-04 06:05:00,6000,47620,47580,47610,47590,47630,47590,47630,47600,47625,47585,47620,47595
2025-07-04 06:10:00,8500,47630,47570,47590,47610,47640,47590,47600,47620,47635,47580,47595,47615
2025-07-04 06:15:00,9200,47620,47580,47610,47610,47640,47590,47620,47620,47630,47585,47615,47615
2025-07-04 06:20:00,10400,47620,47550,47610,47550,47630,47560,47620,47570,47625,47555,47615,47560
2025-07-04 06:25:00,,47660,43150,43150,47660,47670,43160,43160,47670,47665,43155,43155,47665
2025-07-04 06:30:00,336000,47600,47600,47600,47600,47670,47670,47670,47670,47635,47635,47635,47635
2025-07-07 00:00:00,49000,47610,47330,47600,47330,47660,47350,47610,47350,47630,47340,47605,47340
2025-07-07 00:05:00,16500,47460,47320,47330,47430,47480,47330,47350,47450,47470,47325,47340,47440
2025-07-07 00:10:00,18100,47620,47430,47430,47580,47630,47450,47450,47600,47625,47440,47440,47590
2025-07-07 00:15:00,10500,47590,47470,47580,47510,47600,47500,47600,47530,47595,47485,47590,47520
2025-07-07 00:20:00,14100,47620,47490,47510,47590,47640,47520,47530,47610,47630,47505,47520,47600
2025-07-07 00:25:00,9700,47610,47500,47590,47530,47630,47520,47610,47550,47620,47510,47600,47540
2025-07-07 00:30:00,12900,47650,47500,47530,47620,47660,47510,47550,47640,47655,47505,47540,47630
2025-07-07 00:35:00,12400,47630,47540,47620,47550,47640,47560,47640,47570,47635,47550,47630,47560
2025-07-07 00:40:00,15000,47720,47550,47550,47680,47740,47560,47560,47700,47730,47555,47555,47690
2025-07-07 00:45:00,10700,47760,47670,47680,47760,47780,47700,47700,47780,47770,47685,47690,47770
2025-07-07 00:50:00,23100,47850,47750,47760,47780,47860,47770,47780,47790,47855,47760,47770,47785
2025-07-07 00:55:00,7800,47790,47720,47780,47770,47810,47740,47800,47790,47800,47730,47790,47780
2025-07-07 01:00:00,7600,47790,47700,47770,47710,47810,47710,47790,47730,47800,47705,47780,47720
2025-07-07 01:05:00,11700,47710,47610,47710,47690,47730,47630,47730,47710,47720,47625,47720,47700
2025-07-07 01:10:00,10300,47740,47650,47690,47650,47750,47670,47710,47670,47745,47660,47700,47660
2025-07-07 01:15:00,5900,47760,47650,47650,47750,47770,47670,47670,47770,47765,47660,47660,47760
2025-07-07 01:20:00,9100,47750,47650,47750,47680,47770,47670,47770,47700,47760,47660,47760,47690
2025-07-07 01:25:00,2800,47730,47670,47680,47700,47740,47690,47700,47720,47735,47680,47690,47710
2025-07-07 01:30:00,10600,47810,47690,47700,47750,47830,47710,47720,47770,47820,47700,47710,47760
2025-07-07 01:35:00,5000,47790,47700,47750,47700,47800,47720,47770,47730,47795,47710,47760,47715
2025-07-07 01:40:00,4500,47730,47700,47710,47700,47750,47710,47730,47720,47740,47705,47720,47710
2025-07-07 01:45:00,4300,47750,47690,47700,47730,47770,47710,47710,47750,47760,47700,47705,47740
2025-07-07 01:50:00,4500,47760,47710,47730,47730,47770,47730,47750,47760,47765,47725,47740,47745
2025-07-07 01:55:00,4200,47740,47700,47730,47710,47760,47710,47760,47730,47750,47705,47745,47720
2025-07-07 02:00:00,5400,47730,47680,47710,47690,47750,47690,47730,47710,47740,47685,47720,47700
2025-07-07 02:05:00,4600,47730,47680,47690,47730,47750,47700,47710,47750,47740,47690,47700,47740
2025-07-07 02:10:00,4800,47780,47730,47730,47780,47790,47750,47750,47790,47785,47740,47740,47785
2025-07-07 02:15:00,11500,47850,47750,47780,47830,47860,47780,47790,47850,47855,47765,47785,47840
2025-07-07 02:20:00,4500,47850,47790,47830,47800,47860,47800,47850,47830,47855,47795,47840,47815
2025-07-07 02:25:00,3600,47840,47800,47800,47810,47850,47820,47830,47830,47845,47810,47815,47820
2025-07-07 02:30:00,3800,47810,47810,47810,47810,47830,47830,47830,47830,47820,47820,47820,47820
2025-07-07 03:30:00,16300,47820,47780,47820,47780,47840,47790,47820,47800,47825,47785,47820,47790
2025-07-07 03:35:00,29200,47930,47770,47780,47870,47940,47780,47800,47890,47935,47775,47790,47880
2025-07-07 03:40:00,5000,47880,47850,47870,47870,47890,47860,47890,47890,47885,47855,47880,47880
2025-07-07 03:45:00,8100,47890,47840,47870,47850,47910,47850,47890,47870,47900,47845,47880,47860
2025-07-07 03:50:00,3200,47860,47820,47850,47830,47880,47840,47870,47850,47870,47830,47860,47840
2025-07-07 03:55:00,7600,47890,47820,47830,47870,47900,47830,47850,47890,47895,47825,47840,47880
2025-07-07 04:00:00,5500,47890,47860,47870,47880,47900,47880,47890,47900,47895,47870,47880,47890
2025-07-07 04:05:00,3800,47890,47830,47880,47860,47900,47840,47900,47880,47895,47835,47890,47870
2025-07-07 04:10:00,2000,47890,47860,47860,47890,47900,47870,47880,47900,47895,47865,47870,47895
2025-07-07 04:15:00,5000,47910,47870,47890,47890,47920,47880,47900,47900,47915,47875,47895,47895
2025-07-07 04:20:00,2900,47890,47870,47890,47890,47910,47880,47900,47900,47900,47875,47895,47895
2025-07-07 04:25:00,4500,47900,47870,47890,47880,47910,47880,47900,47900,47905,47875,47895,47890
2025-07-07 04:30:00,11500,47960,47880,47880,47950,47970,47890,47900,47960,47965,47885,47890,47955
2025-07-07 04:35:00,5900,47950,47900,47950,47930,47960,47910,47960,47940,47955,47905,47955,47935
2025-07-07 04:40:00,5000,47930,47870,47930,47870,47940,47880,47940,47880,47935,47875,47935,47875
2025-07-07 04:45:00,7700,47880,47820,47870,47820,47900,47830,47880,47840,47890,47825,47875,47830
2025-07-07 04:50:00,1900,47840,47810,47820,47830,47850,47830,47840,47840,47845,47820,47830,47835
2025-07-07 04:55:00,11500,47830,47700,47830,47700,47840,47710,47840,47710,47835,47705,47835,47705
2025-07-07 05:00:00,8100,47700,47660,47700,47660,47710,47670,47710,47680,47705,47665,47705,47670
2025-07-07 05:05:00,9300,47660,47600,47660,47640,47680,47610,47680,47660,47670,47605,47670,47650
2025-07-07 05:10:00,5200,47670,47630,47640,47630,47680,47640,47660,47640,47675,47635,47650,47635
2025-07-07 05:15:00,4800,47640,47610,47630,47620,47650,47630,47640,47630,47645,47620,47635,47625
2025-07-07 05:20:00,3300,47630,47610,47620,47620,47640,47620,47630,47630,47635,47615,47625,47625
2025-07-07 05:25:00,10000,47620,47570,47620,47590,47630,47590,47630,47610,47625,47580,47625,47600
2025-07-07 05:30:00,4100,47600,47580,47590,47600,47610,47590,47610,47610,47605,47585,47600,47605
2025-07-07 05:35:00,4900,47630,47600,47600,47610,47640,47610,47610,47620,47635,47605,47605,47615
2025-07-07 05:40:00,3800,47650,47600,47610,47650,47670,47610,47620,47670,47660,47605,47615,47660
2025-07-07 05:45:00,3400,47670,47620,47650,47640,47690,47640,47670,47660,47680,47630,47660,47650
2025-07-07 05:50:00,5700,47690,47640,47640,47670,47700,47650,47660,47680,47695,47645,47650,47675
2025-07-07 05:55:00,5400,47670,47610,47670,47620,47680,47620,47680,47630,47675,47615,47675,47625
2025-07-07 06:00:00,7900,47640,47610,47620,47630,47650,47620,47630,47650,47645,47615,47625,47640
2025-07-07 06:05:00,5500,47650,47620,47630,47650,47670,47630,47650,47670,47660,47625,47640,47660
2025-07-07 06:10:00,4600,47650,47630,47650,47630,47670,47640,47670,47640,47660,47635,47660,47635
2025-07-07 06:15:00,12500,47640,47560,47630,47590,47650,47580,47640,47600,47645,47570,47635,47595
2025-07-07 06:20:00,13300,47620,47580,47590,47610,47650,47590,47600,47640,47630,47585,47595,47625
2025-07-07 06:25:00,,47690,47180,47340,47550,47700,47190,47350,47560,47695,47185,47345,47555
2025-07-07 06:30:00,163200,47550,47550,47550,47550,47560,47560,47560,47560,47555,47555,47555,47555
2025-07-08 00:00:00,75600,47860,47600,47790,47800,47870,47640,47800,47820,47865,47630,47795,47810
2025-07-08 00:05:00,33500,47870,47630,47800,47740,47890,47640,47820,47760,47880,47635,47810,47750
2025-07-08 00:10:00,18900,47860,47670,47740,47760,47870,47680,47760,47790,47865,47675,47750,47775
2025-07-08 00:15:00,16200,47770,47660,47760,47710,47800,47670,47790,47730,47785,47665,47775,47720
2025-07-08 00:20:00,15100,47820,47640,47710,47650,47830,47650,47730,47670,47825,47645,47720,47660
2025-07-08 00:25:00,12100,47660,47590,47650,47650,47670,47600,47670,47660,47665,47595,47660,47655
2025-07-08 00:30:00,11100,47700,47610,47650,47610,47710,47630,47660,47630,47705,47620,47655,47620
2025-07-08 00:35:00,29600,47910,47610,47610,47900,47920,47630,47630,47920,47915,47620,47620,47910
2025-07-08 00:40:00,14900,47950,47860,47900,47860,47960,47880,47920,47880,47955,47870,47910,47870
2025-07-08 00:45:00,11200,47950,47830,47860,47840,47960,47840,47880,47870,47955,47835,47870,47855
2025-07-08 00:50:00,9300,47900,47790,47840,47870,47930,47810,47870,47900,47915,47800,47855,47885
2025-07-08 00:55:00,8500,47880,47730,47870,47730,47910,47740,47900,47760,47895,47735,47885,47745
2025-07-08 01:00:00,8500,47860,47730,47730,47850,47890,47750,47760,47870,47875,47740,47745,47860
2025-07-08 01:05:00,6800,47890,47810,47850,47810,47910,47830,47870,47830,47900,47820,47860,47820
2025-07-08 01:10:00,7800,47890,47780,47810,47890,47900,47800,47830,47900,47895,47790,47820,47895
2025-07-08 01:15:00,9500,47900,47800,47890,47810,47910,47820,47900,47830,47905,47810,47895,47820
2025-07-08 01:20:00,9400,47810,47690,47810,47710,47840,47700,47830,47720,47825,47695,47820,47715
2025-07-08 01:25:00,6200,47710,47640,47710,47680,47720,47650,47720,47700,47715,47645,47715,47690
2025-07-08 01:30:00,8400,47740,47660,47680,47730,47750,47670,47700,47750,47745,47665,47690,47740
2025-07-08 01:35:00,4500,47740,47680,47730,47680,47750,47690,47750,47700,47745,47685,47740,47690
2025-07-08 01:40:00,12100,47680,47580,47680,47590,47700,47590,47700,47600,47690,47585,47690,47595
2025-07-08 01:45:00,9900,47600,47550,47590,47590,47610,47570,47600,47610,47605,47560,47595,47600
2025-07-08 01:50:00,4900,47630,47580,47590,47600,47640,47590,47610,47620,47635,47585,47600,47610
2025-07-08 01:55:00,8100,47610,47540,47600,47590,47620,47550,47620,47600,47615,47545,47610,47595
2025-07-08 02:00:00,5400,47620,47570,47590,47610,47630,47580,47600,47630,47625,47575,47595,47620
2025-07-08 02:05:00,5800,47660,47580,47610,47590,47670,47590,47630,47600,47665,47585,47620,47595
2025-07-08 02:10:00,2300,47610,47580,47590,47590,47630,47590,47600,47620,47620,47585,47595,47605
2025-07-08 02:15:00,4800,47690,47590,47590,47680,47700,47610,47620,47690,47695,47605,47605,47685
2025-07-08 02:20:00,8100,47730,47680,47680,47700,47750,47690,47690,47720,47740,47685,47685,47710
2025-07-08 02:25:00,6300,47770,47700,47700,47740,47780,47710,47720,47760,47775,47705,47710,47750
2025-07-08 02:30:00,8700,47740,47740,47740,47740,47780,47780,47780,47780,47760,47760,47760,47760
2025-07-08 03:30:00,32400,47900,47760,47780,47870,47910,47780,47790,47890,47905,47770,47785,47880
2025-07-08 03:35:00,8600,47890,47820,47870,47860,47900,47840,47890,47890,47895,47830,47880,47875
2025-07-08 03:40:00,5600,47900,47830,47860,47860,47910,47840,47890,47880,47905,47835,47875,47870
2025-07-08 03:45:00,6800,47860,47770,47860,47770,47870,47780,47870,47790,47865,47775,47865,47780
2025-07-08 03:50:00,4300,47770,47700,47770,47710,47790,47710,47790,47720,47780,47705,47780,47715
2025-07-08 03:55:00,5300,47750,47690,47710,47740,47760,47700,47720,47750,47755,47695,47715,47745
2025-07-08 04:00:00,5300,47740,47660,47740,47670,47760,47670,47750,47690,47750,47665,47745,47680
2025-07-08 04:05:00,3300,47690,47660,47670,47670,47700,47670,47690,47680,47695,47665,47680,47675
2025-07-08 04:10:00,3500,47690,47650,47670,47680,47700,47660,47680,47690,47695,47655,47675,47685
2025-07-08 04:15:00,8900,47680,47590,47680,47620,47690,47600,47690,47640,47685,47595,47685,47630
2025-07-08 04:20:00,5600,47630,47580,47620,47600,47650,47590,47640,47620,47640,47585,47630,47610
2025-07-08 04:25:00,6300,47660,47600,47600,47650,47670,47620,47620,47670,47665,47610,47610,47660
2025-07-08 04:30:00,3500,47670,47640,47650,47650,47690,47650,47670,47660,47680,47645,47660,47655
2025-07-08 04:35:00,5100,47690,47640,47650,47640,47700,47650,47660,47660,47695,47645,47655,47650
2025-07-08 04:40:00,4900,47650,47600,47640,47610,47670,47610,47660,47620,47660,47605,47650,47615
2025-07-08 04:45:00,2700,47650,47610,47610,47650,47660,47620,47620,47660,47655,47615,47615,47655
2025-07-08 04:50:00,5700,47670,47630,47650,47670,47680,47640,47660,47680,47675,47635,47655,47675
2025-07-08 04:55:00,2600,47670,47630,47670,47650,47680,47640,47680,47660,47675,47635,47675,47655
2025-07-08 05:00:00,6600,47700,47650,47650,47690,47710,47660,47660,47700,47705,47655,47655,47695
2025-07-08 05:05:00,5900,47710,47660,47690,47660,47720,47670,47700,47670,47715,47665,47695,47665
2025-07-08 05:10:00,2500,47670,47650,47660,47650,47680,47660,47670,47670,47675,47655,47665,47660
2025-07-08 05:15:00,5000,47660,47620,47650,47630,47670,47630,47670,47640,47665,47625,47660,47635
2025-07-08 05:20:00,6200,47650,47610,47630,47650,47660,47620,47640,47660,47655,47615,47635,47655
2025-07-08 05:25:00,3000,47650,47620,47650,47620,47660,47630,47660,47630,47655,47625,47655,47625
2025-07-08 05:30:00,8100,47650,47580,47620,47590,47660,47590,47630,47600,47655,47585,47625,47595
2025-07-08 05:35:00,4900,47610,47570,47590,47570,47620,47580,47600,47580,47615,47575,47595,47575
2025-07-08 05:40:00,3600,47610,47570,47570,47580,47620,47580,47580,47590,47615,47575,47575,47585
2025-07-08 05:45:00,4000,47630,47580,47580,47630,47640,47590,47590,47640,47635,47585,47585,47635
2025-07-08 05:50:00,6800,47660,47620,47630,47650,47670,47630,47640,47670,47665,47625,47635,47660
2025-07-08 05:55:00,4100,47670,47650,47650,47670,47680,47660,47670,47680,47675,47655,47660,47675
2025-07-08 06:00:00,10400,47690,47650,47670,47680,47700,47660,47680,47700,47695,47655,47675,47690
2025-07-08 06:05:00,7700,47690,47660,47680,47680,47700,47670,47700,47690,47695,47665,47690,47685
2025-07-08 06:10:00,6800,47710,47670,47680,47670,47720,47680,47690,47680,47715,47675,47685,47675
2025-07-08 06:15:00,13400,47740,47660,47670,47720,47750,47670,47680,47730,47745,47665,47675,47725
2025-07-08 06:20:00,24600,47720,47560,47720,47570,47730,47610,47730,47640,47725,47585,47725,47605
2025-07-08 06:25:00,,47990,47310,47570,47520,48000,47320,47580,47530,47995,47315,47575,47525
2025-07-08 06:30:00,560900,47510,47510,47510,47510,47560,47560,47560,47560,47535,47535,47535,47535
2025-07-09 00:00:00,77400,47750,47350,47750,47380,47780,47370,47760,47400,47755,47360,47755,47390
2025-07-09 00:05:00,26000,47590,47360,47380,47520,47620,47370,47400,47550,47605,47365,47390,47535
2025-07-09 00:10:00,17000,47520,47360,47520,47390,47550,47370,47550,47410,47535,47365,47535,47400
2025-07-09 00:15:00,19300,47420,47340,47390,47390,47430,47350,47410,47410,47425,47345,47400,47400
2025-07-09 00:20:00,8500,47420,47350,47390,47380,47430,47370,47410,47390,47425,47360,47400,47385
2025-07-09 00:25:00,8900,47480,47370,47380,47410,47500,47390,47390,47440,47490,47380,47385,47425
2025-07-09 00:30:00,9700,47430,47350,47410,47370,47450,47370,47440,47400,47440,47360,47425,47385
2025-07-09 00:35:00,11300,47400,47330,47370,47330,47420,47350,47400,47350,47410,47340,47385,47340
2025-07-09 00:40:00,12200,47370,47260,47330,47260,47380,47270,47350,47280,47375,47265,47340,47270
2025-07-09 00:45:00,12400,47290,47200,47270,47210,47310,47210,47280,47220,47300,47205,47275,47215
2025-07-09 00:50:00,12000,47280,47180,47210,47250,47300,47190,47220,47280,47290,47185,47215,47265
2025-07-09 00:55:00,7800,47270,47170,47250,47190,47280,47180,47280,47200,47275,47175,47265,47195
2025-07-09 01:00:00,5400,47250,47190,47190,47210,47260,47200,47200,47240,47255,47195,47195,47225
2025-07-09 01:05:00,4700,47260,47200,47210,47240,47280,47210,47240,47260,47265,47205,47225,47250
2025-07-09 01:10:00,5000,47270,47210,47240,47210,47290,47220,47260,47230,47275,47215,47250,47220
2025-07-09 01:15:00,19800,47210,47020,47210,47020,47220,47030,47220,47040,47215,47025,47215,47030
2025-07-09 01:20:00,14500,47090,47000,47020,47020,47110,47010,47040,47040,47100,47005,47030,47030
2025-07-09 01:25:00,22300,47040,46900,47020,46920,47050,46910,47040,46940,47045,46905,47030,46930
2025-07-09 01:30:00,9900,46940,46880,46920,46900,46960,46890,46940,46910,46950,46885,46930,46905
2025-07-09 01:35:00,8600,46980,46900,46900,46970,46990,46910,46910,46980,46985,46905,46905,46975
2025-07-09 01:40:00,4000,46970,46920,46960,46920,46990,46930,46980,46940,46980,46925,46970,46930
2025-07-09 01:45:00,8400,46950,46880,46920,46900,46960,46900,46940,46920,46955,46890,46930,46910
2025-07-09 01:50:00,9400,46930,46850,46900,46870,46940,46860,46930,46890,46935,46855,46915,46880
2025-07-09 01:55:00,5300,46890,46830,46870,46830,46900,46840,46890,46840,46895,46835,46880,46835
2025-07-09 02:00:00,6900,46880,46810,46830,46870,46890,46820,46840,46890,46885,46815,46835,46880
2025-07-09 02:05:00,5500,46880,46840,46870,46880,46900,46860,46890,46890,46890,46850,46880,46885
2025-07-09 02:10:00,3500,46890,46860,46880,46870,46900,46870,46890,46890,46895,46865,46885,46880
2025-07-09 02:15:00,5700,46910,46850,46880,46860,46930,46860,46890,46870,46920,46855,46885,46865
2025-07-09 02:20:00,15200,46990,46860,46860,46970,47000,46870,46870,46990,46995,46865,46865,46980
2025-07-09 02:25:00,4900,46980,46920,46970,46930,46990,46950,46990,46960,46985,46935,46980,46945
2025-07-09 02:30:00,5200,46930,46930,46930,46930,46960,46960,46960,46960,46945,46945,46945,46945
2025-07-09 03:30:00,25600,47110,46920,46950,47110,47130,46940,46960,47130,47120,46930,46955,47120
2025-07-09 03:35:00,11600,47110,47030,47110,47070,47130,47040,47130,47090,47120,47035,47120,47080
2025-07-09 03:40:00,6300,47110,47060,47070,47080,47120,47070,47090,47090,47115,47065,47080,47085
2025-07-09 03:45:00,6700,47170,47060,47080,47150,47180,47080,47090,47170,47175,47070,47085,47160
2025-07-09 03:50:00,5700,47160,47070,47150,47070,47170,47090,47170,47090,47165,47080,47160,47080
2025-07-09 03:55:00,3300,47090,47060,47070,47090,47100,47070,47090,47100,47095,47065,47080,47095
2025-07-09 04:00:00,4200,47120,47060,47090,47080,47130,47070,47100,47100,47125,47065,47095,47090
2025-07-09 04:05:00,6500,47120,47040,47080,47100,47140,47050,47100,47110,47130,47045,47090,47105
2025-07-09 04:10:00,3200,47120,47070,47100,47100,47140,47090,47110,47120,47130,47080,47105,47110
2025-07-09 04:15:00,1600,47140,47100,47100,47120,47150,47120,47120,47140,47145,47110,47110,47130
2025-07-09 04:20:00,4700,47140,47090,47120,47140,47160,47100,47140,47150,47145,47095,47130,47145
2025-07-09 04:25:00,6800,47190,47110,47140,47190,47200,47130,47150,47200,47195,47120,47145,47195
2025-07-09 04:30:00,6900,47210,47160,47190,47170,47220,47170,47200,47190,47215,47165,47195,47180
2025-07-09 04:35:00,3200,47200,47150,47170,47190,47220,47170,47190,47210,47210,47160,47180,47200
2025-07-09 04:40:00,3600,47220,47190,47190,47210,47230,47200,47210,47220,47225,47195,47200,47215
2025-07-09 04:45:00,5100,47210,47170,47210,47170,47220,47180,47220,47180,47215,47175,47215,47175
2025-07-09 04:50:00,4900,47170,47130,47170,47150,47190,47140,47180,47160,47180,47135,47175,47155
2025-07-09 04:55:00,4000,47170,47130,47150,47130,47180,47140,47160,47150,47175,47135,47155,47140
2025-07-09 05:00:00,2600,47160,47130,47130,47140,47170,47140,47150,47160,47165,47135,47140,47150
2025-07-09 05:05:00,7900,47160,47120,47140,47120,47170,47130,47160,47140,47165,47125,47150,47130
2025-07-09 05:10:00,6100,47190,47120,47120,47170,47200,47130,47140,47180,47195,47125,47130,47175
2025-07-09 05:15:00,5100,47190,47130,47170,47150,47200,47140,47180,47160,47195,47135,47175,47155
2025-07-09 05:20:00,3000,47160,47150,47150,47150,47180,47160,47160,47160,47170,47155,47155,47155
2025-07-09 05:25:00,7100,47160,47120,47150,47130,47170,47130,47160,47140,47165,47125,47155,47135
2025-07-09 05:30:00,3800,47160,47130,47130,47130,47170,47140,47140,47150,47165,47135,47135,47140
2025-07-09 05:35:00,3000,47180,47130,47130,47140,47190,47150,47150,47160,47185,47140,47140,47150
2025-07-09 05:40:00,4200,47180,47130,47140,47150,47200,47140,47160,47180,47190,47135,47150,47165
2025-07-09 05:45:00,2100,47160,47130,47150,47130,47180,47140,47180,47150,47170,47135,47165,47140
2025-07-09 05:50:00,6300,47140,47090,47130,47100,47150,47100,47150,47110,47145,47095,47140,47105
2025-07-09 05:55:00,4200,47170,47090,47100,47170,47180,47110,47110,47180,47175,47100,47105,47175
2025-07-09 06:00:00,4600,47180,47130,47170,47130,47190,47140,47180,47150,47185,47135,47175,47140
2025-07-09 06:05:00,7800,47130,47080,47130,47100,47150,47090,47150,47110,47140,47085,47140,47105
2025-07-09 06:10:00,7800,47100,47040,47100,47060,47110,47050,47110,47070,47105,47045,47105,47065
2025-07-09 06:15:00,6200,47100,47050,47060,47090,47110,47060,47070,47100,47105,47055,47065,47095
2025-07-09 06:20:00,9600,47120,47060,47090,47100,47130,47070,47100,47130,47125,47065,47095,47115
2025-07-09 06:25:00,,47190,46200,47000,47150,47200,46210,47010,47160,47195,46205,47005,47155
2025-07-09 06:30:00,272200,47110,47110,47110,47110,47160,47160,47160,47160,47135,47135,47135,47135
2025-07-10 00:00:00,76700,47380,46960,47340,47300,47400,46990,47350,47330,47390,46975,47345,47315
2025-07-10 00:05:00,33100,47290,46940,47290,47040,47330,46960,47330,47060,47310,46950,47310,47050
2025-07-10 00:10:00,16200,47150,46990,47040,46990,47180,47010,47070,47020,47165,47000,47055,47005
2025-07-10 00:15:00,10800,47070,46960,46990,47010,47080,46980,47020,47030,47075,46970,47005,47020
2025-07-10 00:20:00,15000,47030,46920,47010,47020,47040,46940,47030,47040,47035,46930,47020,47030
2025-07-10 00:25:00,9100,47050,46980,47020,46990,47070,46990,47040,47000,47060,46985,47030,46995
2025-07-10 00:30:00,11500,47070,46960,46990,47060,47080,46980,47000,47080,47075,46970,46995,47070
2025-07-10 00:35:00,12800,47200,47050,47060,47200,47210,47060,47080,47210,47205,47055,47070,47205
2025-07-10 00:40:00,6600,47200,47100,47200,47160,47210,47120,47210,47180,47205,47110,47205,47170
2025-07-10 00:45:00,8700,47180,47090,47160,47090,47200,47110,47180,47120,47190,47100,47170,47105
2025-07-10 00:50:00,13800,47110,46970,47090,46970,47140,46990,47120,46990,47125,46980,47105,46980
2025-07-10 00:55:00,8900,47060,46960,46970,47050,47070,46990,46990,47070,47065,46975,46980,47060
2025-07-10 01:00:00,6600,47060,46990,47050,47020,47080,47010,47070,47040,47070,47000,47060,47030
2025-07-10 01:05:00,20500,47020,46880,47020,46910,47040,46890,47040,46930,47030,46885,47030,46920
2025-07-10 01:10:00,8900,47010,46880,46910,47010,47040,46910,46930,47040,47025,46895,46920,47025
2025-07-10 01:15:00,17300,47160,46990,47010,47120,47170,47010,47040,47130,47165,47000,47025,47125
2025-07-10 01:20:00,5300,47120,47070,47120,47100,47140,47080,47130,47130,47125,47075,47125,47115
2025-07-10 01:25:00,8500,47150,47080,47100,47120,47160,47100,47130,47140,47155,47090,47115,47130
2025-07-10 01:30:00,12500,47230,47120,47120,47160,47250,47140,47140,47180,47240,47130,47130,47170
2025-07-10 01:35:00,3900,47180,47120,47160,47150,47200,47130,47180,47160,47190,47125,47170,47155
2025-07-10 01:40:00,4200,47170,47120,47150,47150,47180,47130,47160,47180,47175,47125,47155,47165
2025-07-10 01:45:00,2700,47170,47130,47150,47160,47180,47150,47180,47180,47175,47140,47165,47170
2025-07-10 01:50:00,4300,47180,47130,47160,47130,47200,47150,47180,47150,47190,47140,47170,47140
2025-07-10 01:55:00,5900,47140,47070,47130,47100,47160,47080,47150,47130,47145,47075,47140,47115
2025-07-10 02:00:00,4500,47180,47070,47100,47170,47200,47090,47130,47190,47190,47080,47115,47180
2025-07-10 02:05:00,3600,47180,47120,47170,47120,47200,47130,47190,47130,47190,47125,47180,47125
2025-07-10 02:10:00,4500,47150,47100,47120,47130,47170,47120,47130,47150,47155,47110,47125,47140
2025-07-10 02:15:00,3100,47160,47110,47130,47130,47180,47120,47150,47150,47170,47115,47140,47140
2025-07-10 02:20:00,6500,47190,47120,47130,47170,47200,47130,47150,47200,47195,47125,47140,47185
2025-07-10 02:25:00,4300,47170,47130,47170,47160,47200,47140,47200,47180,47185,47135,47185,47170
2025-07-10 02:30:00,2700,47160,47160,47160,47160,47180,47180,47180,47180,47170,47170,47170,47170
2025-07-10 03:30:00,31200,47300,47040,47170,47110,47320,47050,47180,47150,47310,47045,47175,47130
2025-07-10 03:35:00,8300,47140,47040,47110,47040,47160,47070,47150,47070,47145,47055,47130,47055
2025-07-10 03:40:00,4600,47090,47040,47040,47080,47120,47060,47070,47100,47105,47055,47055,47090
2025-07-10 03:45:00,2200,47090,47060,47080,47090,47110,47070,47100,47100,47100,47065,47090,47095
2025-07-10 03:50:00,5500,47090,47040,47090,47060,47110,47060,47100,47070,47100,47050,47095,47065
2025-07-10 03:55:00,9900,47080,46970,47060,46970,47090,46990,47070,46990,47085,46980,47065,46980
2025-07-10 04:00:00,6100,47000,46950,46970,46990,47030,46970,46990,47000,47010,46960,46980,46995
2025-07-10 04:05:00,8000,46990,46920,46990,46930,47000,46940,47000,46950,46995,46930,46995,46940
2025-07-10 04:10:00,3500,47000,46930,46930,46990,47010,46950,46950,47000,47005,46940,46940,46995
2025-07-10 04:15:00,6300,47030,46980,46990,47000,47050,47000,47000,47010,47040,46990,46995,47005
2025-07-10 04:20:00,4900,47040,46990,47000,47020,47060,47010,47010,47040,47050,47000,47005,47030
2025-07-10 04:25:00,6600,47070,47020,47020,47050,47080,47040,47040,47070,47075,47030,47030,47060
2025-07-10 04:30:00,4300,47060,47010,47060,47040,47070,47030,47070,47060,47065,47020,47065,47050
2025-07-10 04:35:00,4700,47040,46970,47040,46970,47060,46980,47060,46980,47050,46975,47050,46975
2025-07-10 04:40:00,9700,46970,46910,46970,46920,46990,46920,46980,46940,46980,46915,46975,46930
2025-07-10 04:45:00,28200,46920,46750,46920,46760,46950,46760,46940,46780,46935,46755,46930,46770
2025-07-10 04:50:00,12700,46830,46720,46760,46800,46860,46740,46780,46820,46845,46730,46770,46810
2025-07-10 04:55:00,9700,46800,46700,46800,46730,46820,46710,46820,46750,46810,46705,46810,46740
2025-07-10 05:00:00,11200,46770,46720,46730,46750,46780,46730,46750,46760,46775,46725,46740,46755
2025-07-10 05:05:00,6600,46770,46720,46740,46730,46780,46730,46760,46760,46775,46725,46750,46745
2025-07-10 05:10:00,5400,46770,46700,46740,46710,46780,46710,46760,46730,46775,46705,46750,46720
2025-07-10 05:15:00,13100,46720,46660,46710,46680,46730,46670,46730,46690,46725,46665,46720,46685
2025-07-10 05:20:00,5100,46680,46650,46680,46660,46690,46660,46690,46670,46685,46655,46685,46665
2025-07-10 05:25:00,6400,46700,46650,46660,46680,46710,46660,46670,46710,46705,46655,46665,46695
2025-07-10 05:30:00,7900,46740,46680,46680,46730,46750,46690,46710,46750,46745,46685,46695,46740
2025-07-10 05:35:00,7300,46750,46710,46730,46740,46760,46720,46750,46760,46755,46715,46740,46750
2025-07-10 05:40:00,7900,46770,46720,46740,46740,46780,46730,46760,46760,46775,46725,46750,46750
2025-07-10 05:45:00,4200,46740,46700,46740,46710,46760,46720,46760,46730,46750,46710,46750,46720
2025-07-10 05:50:00,6700,46760,46690,46710,46720,46770,46700,46730,46740,46765,46695,46720,46730
2025-07-10 05:55:00,14300,46840,46720,46720,46800,46850,46740,46740,46820,46845,46730,46730,46810
2025-07-10 06:00:00,9400,46820,46750,46800,46760,46830,46760,46820,46770,46825,46755,46810,46765
2025-07-10 06:05:00,13400,46780,46720,46760,46780,46800,46740,46770,46800,46790,46730,46765,46790
2025-07-10 06:10:00,8200,46820,46760,46780,46820,46830,46780,46800,46830,46825,46770,46790,46825
2025-07-10 06:15:00,12700,46880,46800,46820,46830,46890,46810,46830,46850,46885,46805,46825,46840
2025-07-10 06:20:00,28700,46990,46830,46830,46910,47000,46850,46850,46950,46995,46840,46840,46930
2025-07-10 06:25:00,,48820,46460,48820,46740,48830,46470,48830,46750,48825,46465,48825,46745
2025-07-10 06:30:00,485000,46730,46730,46730,46730,46840,46840,46840,46840,46785,46785,46785,46785
2025-07-11 00:00:00,613200,46140,44310,45500,44670,46350,44370,45510,44750,46200,44345,45505,44710
2025-07-11 00:05:00,138600,44710,44310,44670,44420,44760,44340,44750,44470,44725,44325,44710,44445
2025-07-11 00:10:00,152700,44450,44160,44420,44180,44470,44180,44470,44210,44455,44175,44445,44195
2025-07-11 00:15:00,118500,44290,44020,44180,44080,44320,44030,44210,44100,44305,44025,44195,44090
2025-07-11 00:20:00,175700,44130,43810,44080,43810,44150,43830,44100,43830,44140,43820,44090,43820
2025-07-11 00:25:00,121100,44020,43780,43810,43910,44030,43800,43830,43930,44025,43790,43820,43920
2025-07-11 00:30:00,71200,44010,43830,43910,43970,44040,43840,43930,44000,44025,43835,43920,43985
2025-07-11 00:35:00,77100,43990,43810,43970,43870,44000,43830,44000,43890,43995,43820,43985,43880
2025-07-11 00:40:00,45000,43970,43850,43870,43860,43990,43860,43890,43880,43980,43855,43880,43870
2025-07-11 00:45:00,69200,44080,43850,43870,44040,44100,43860,43880,44050,44090,43855,43875,44045
2025-07-11 00:50:00,48300,44080,43990,44040,44020,44090,44010,44050,44040,44085,44000,44045,44030
2025-07-11 00:55:00,84300,44170,43970,44020,43990,44180,43990,44040,44010,44175,43980,44030,44000
2025-07-11 01:00:00,55700,44030,43900,43990,43910,44050,43910,44010,43930,44040,43905,44000,43920
2025-07-11 01:05:00,49500,43950,43870,43910,43890,43970,43880,43930,43900,43960,43875,43920,43895
2025-07-11 01:10:00,68500,43910,43820,43890,43840,43930,43830,43900,43850,43920,43825,43895,43845
2025-07-11 01:15:00,36000,43880,43810,43840,43820,43900,43820,43850,43840,43890,43815,43845,43830
2025-07-11 01:20:00,34700,43860,43800,43820,43840,43870,43810,43840,43850,43865,43805,43830,43845
2025-07-11 01:25:00,35200,43870,43810,43840,43820,43880,43820,43850,43840,43875,43815,43845,43830
2025-07-11 01:30:00,32500,43850,43810,43820,43820,43870,43820,43840,43840,43860,43815,43830,43830
2025-07-11 01:35:00,38000,43870,43800,43820,43840,43880,43810,43840,43860,43875,43805,43830,43850
2025-07-11 01:40:00,21400,43840,43810,43840,43820,43860,43820,43860,43840,43850,43815,43850,43830
2025-07-11 01:45:00,137900,43830,43640,43830,43700,43840,43660,43840,43710,43835,43650,43835,43705
2025-07-11 01:50:00,49100,43700,43600,43700,43600,43710,43610,43710,43620,43705,43605,43705,43610
2025-07-11 01:55:00,33200,43630,43580,43600,43600,43640,43590,43620,43610,43635,43585,43610,43605
2025-07-11 02:00:00,28000,43670,43580,43600,43580,43680,43590,43610,43590,43675,43585,43605,43585
2025-07-11 02:05:00,49600,43580,43500,43580,43530,43590,43510,43590,43550,43585,43505,43585,43540
2025-07-11 02:10:00,18500,43590,43520,43530,43520,43600,43530,43550,43530,43595,43525,43540,43525
2025-07-11 02:15:00,24700,43620,43520,43520,43610,43640,43530,43530,43630,43630,43525,43525,43620
2025-07-11 02:20:00,26000,43680,43610,43610,43640,43700,43620,43630,43650,43690,43615,43620,43645
2025-07-11 02:25:00,25100,43640,43530,43640,43580,43670,43540,43650,43600,43655,43535,43645,43590
2025-07-11 02:30:00,35200,43570,43570,43570,43570,43600,43600,43600,43600,43585,43585,43585,43585
2025-07-11 03:30:00,164300,43730,43480,43730,43660,43750,43500,43740,43680,43740,43490,43735,43670
2025-07-11 03:35:00,34400,43670,43520,43660,43530,43680,43530,43680,43540,43675,43525,43670,43535
2025-07-11 03:40:00,34800,43630,43520,43530,43590,43640,43540,43540,43610,43635,43530,43535,43600
2025-07-11 03:45:00,15100,43620,43550,43590,43620,43630,43570,43610,43630,43625,43560,43600,43625
2025-07-11 03:50:00,20700,43680,43620,43620,43630,43700,43630,43630,43650,43690,43625,43625,43640
2025-07-11 03:55:00,19400,43690,43630,43640,43680,43700,43640,43650,43700,43695,43635,43645,43690
2025-07-11 04:00:00,20000,43680,43610,43680,43610,43700,43620,43700,43630,43690,43615,43690,43620
2025-07-11 04:05:00,30400,43620,43550,43610,43610,43630,43560,43630,43620,43625,43555,43620,43615
2025-07-11 04:10:00,12900,43630,43570,43610,43580,43640,43580,43620,43590,43635,43575,43615,43585
2025-07-11 04:15:00,11000,43580,43560,43580,43570,43590,43570,43590,43580,43585,43565,43585,43575
2025-07-11 04:20:00,11300,43610,43570,43570,43590,43620,43580,43580,43600,43615,43575,43575,43595
2025-07-11 04:25:00,16500,43670,43590,43590,43670,43680,43600,43600,43680,43675,43595,43595,43675
2025-07-11 04:30:00,11000,43670,43610,43670,43640,43680,43620,43680,43650,43675,43615,43675,43645
2025-07-11 04:35:00,43900,43760,43640,43640,43700,43770,43650,43650,43720,43765,43645,43645,43710
2025-07-11 04:40:00,17100,43710,43670,43700,43690,43730,43680,43720,43710,43720,43675,43710,43700
2025-07-11 04:45:00,13500,43690,43650,43690,43670,43710,43660,43710,43680,43700,43655,43700,43675
2025-07-11 04:50:00,18500,43700,43630,43670,43630,43710,43640,43680,43650,43705,43635,43675,43640
2025-07-11 04:55:00,8300,43650,43620,43630,43640,43660,43640,43650,43650,43655,43630,43640,43645
2025-07-11 05:00:00,12300,43690,43640,43640,43660,43700,43650,43650,43670,43695,43645,43645,43665
2025-07-11 05:05:00,19400,43730,43660,43660,43730,43740,43670,43670,43740,43735,43665,43665,43735
2025-07-11 05:10:00,24000,43790,43710,43730,43730,43800,43730,43740,43750,43795,43720,43735,43740
2025-07-11 05:15:00,15400,43730,43700,43730,43710,43750,43710,43750,43720,43740,43705,43740,43715
2025-07-11 05:20:00,14600,43740,43710,43710,43730,43750,43720,43720,43740,43745,43715,43715,43735
2025-07-11 05:25:00,15000,43740,43700,43730,43720,43750,43710,43740,43730,43745,43705,43735,43725
2025-07-11 05:30:00,18500,43760,43710,43720,43760,43770,43720,43730,43770,43765,43715,43725,43765
2025-07-11 05:35:00,12400,43780,43750,43760,43760,43790,43770,43770,43770,43785,43760,43765,43765
2025-07-11 05:40:00,53100,43760,43630,43760,43640,43770,43640,43770,43660,43765,43635,43765,43650
2025-07-11 05:45:00,16900,43640,43610,43640,43620,43660,43620,43660,43630,43650,43615,43650,43625
2025-07-11 05:50:00,16400,43630,43610,43620,43620,43640,43620,43630,43630,43635,43615,43625,43625
2025-07-11 05:55:00,68100,43620,43510,43620,43510,43630,43520,43630,43520,43625,43515,43625,43515
2025-07-11 06:00:00,32500,43560,43500,43510,43530,43570,43510,43520,43540,43565,43505,43515,43535
2025-07-11 06:05:00,17100,43560,43530,43530,43540,43580,43540,43540,43550,43570,43535,43535,43545
2025-07-11 06:10:00,18100,43550,43510,43540,43510,43560,43520,43550,43520,43555,43515,43545,43515
2025-07-11 06:15:00,21300,43540,43510,43510,43530,43550,43520,43520,43540,43545,43515,43515,43535
2025-07-11 06:20:00,40600,43570,43520,43530,43550,43580,43530,43540,43570,43575,43525,43535,43560
2025-07-11 06:25:00,,44070,43500,43620,43500,44080,43510,43630,43510,44075,43505,43625,43505
2025-07-11 06:30:00,293100,43500,43500,43500,43500,43530,43530,43530,43530,43515,43515,43515,43515
2025-07-14 00:00:00,191600,43650,43260,43530,43590,43670,43290,43540,43620,43660,43275,43535,43605
2025-07-14 00:05:00,69000,43740,43530,43590,43710,43750,43540,43620,43740,43745,43535,43605,43725
2025-07-14 00:10:00,45600,43780,43690,43710,43730,43810,43710,43740,43760,43795,43700,43725,43745
2025-07-14 00:15:00,38000,43790,43650,43730,43730,43800,43660,43760,43750,43795,43655,43745,43740
2025-07-14 00:20:00,40400,43900,43730,43730,43880,43910,43750,43750,43900,43905,43740,43740,43890
2025-07-14 00:25:00,78800,44030,43890,43890,43950,44050,43900,43900,43970,44040,43895,43895,43960
2025-07-14 00:30:00,45800,44040,43940,43950,43970,44050,43950,43970,43980,44045,43945,43960,43975
2025-07-14 00:35:00,35200,44000,43900,43970,43960,44010,43910,43980,43980,44005,43905,43975,43970
2025-07-14 00:40:00,43400,43970,43780,43960,43780,43980,43790,43980,43800,43975,43785,43970,43790
2025-07-14 00:45:00,22000,43890,43750,43780,43870,43900,43770,43800,43880,43895,43760,43790,43875
2025-07-14 00:50:00,18600,43960,43860,43870,43880,43970,43870,43880,43900,43965,43865,43875,43890
2025-07-14 00:55:00,14700,43930,43860,43880,43890,43940,43880,43900,43910,43935,43870,43890,43900
2025-07-14 01:00:00,20400,43950,43840,43890,43900,43960,43850,43910,43920,43955,43845,43900,43910
2025-07-14 01:05:00,27000,43910,43730,43900,43730,43930,43740,43920,43750,43920,43735,43910,43740
2025-07-14 01:10:00,33300,43780,43530,43730,43570,43800,43540,43750,43590,43785,43535,43740,43580
2025-07-14 01:15:00,21900,43710,43570,43570,43650,43720,43590,43590,43670,43715,43580,43580,43660
2025-07-14 01:20:00,16500,43700,43610,43650,43610,43720,43620,43670,43620,43710,43615,43660,43615
2025-07-14 01:25:00,19800,43620,43570,43610,43600,43630,43580,43620,43610,43625,43575,43615,43605
2025-07-14 01:30:00,9000,43630,43570,43600,43600,43640,43580,43610,43610,43635,43575,43605,43605
2025-07-14 01:35:00,13400,43630,43580,43600,43620,43640,43600,43610,43640,43635,43590,43605,43630
2025-07-14 01:40:00,10300,43660,43600,43620,43620,43670,43620,43640,43630,43665,43610,43630,43625
2025-07-14 01:45:00,19600,43750,43620,43620,43720,43760,43630,43630,43740,43755,43625,43625,43730
2025-07-14 01:50:00,6800,43740,43710,43720,43720,43750,43720,43740,43730,43745,43715,43730,43725
2025-07-14 01:55:00,10000,43720,43670,43720,43690,43740,43680,43730,43710,43725,43675,43725,43700
2025-07-14 02:00:00,7900,43700,43640,43690,43670,43720,43660,43710,43690,43710,43650,43700,43680
2025-07-14 02:05:00,5800,43680,43630,43670,43630,43700,43640,43690,43640,43690,43635,43680,43635
2025-07-14 02:10:00,6600,43630,43610,43630,43620,43640,43620,43640,43630,43635,43615,43635,43625
2025-07-14 02:15:00,5900,43630,43610,43620,43630,43650,43620,43630,43640,43640,43615,43625,43635
2025-07-14 02:20:00,8000,43660,43600,43630,43650,43670,43610,43640,43670,43665,43605,43635,43660
2025-07-14 02:25:00,8400,43680,43630,43650,43660,43700,43650,43670,43690,43690,43640,43660,43675
2025-07-14 02:30:00,8000,43660,43660,43660,43660,43700,43700,43700,43700,43680,43680,43680,43680
2025-07-14 03:30:00,49400,43850,43630,43690,43810,43870,43650,43700,43820,43860,43640,43695,43815
2025-07-14 03:35:00,25400,43950,43800,43810,43940,43960,43820,43820,43960,43955,43810,43815,43950
2025-07-14 03:40:00,15400,43950,43890,43950,43900,43960,43900,43960,43920,43955,43895,43955,43910
2025-07-14 03:45:00,17100,43920,43850,43900,43870,43930,43870,43920,43880,43925,43860,43910,43875
2025-07-14 03:50:00,14700,43930,43820,43870,43920,43950,43830,43880,43930,43940,43825,43875,43925
2025-07-14 03:55:00,11200,43940,43870,43920,43890,43950,43890,43930,43900,43945,43880,43925,43895
2025-07-14 04:00:00,14400,43900,43820,43890,43820,43910,43830,43900,43830,43905,43825,43895,43825
2025-07-14 04:05:00,9300,43900,43810,43820,43900,43910,43820,43830,43910,43905,43815,43825,43905
2025-07-14 04:10:00,9200,43930,43880,43900,43880,43950,43890,43910,43900,43940,43885,43905,43890
2025-07-14 04:15:00,6200,43890,43860,43880,43880,43900,43870,43900,43900,43895,43865,43890,43890
2025-07-14 04:20:00,19300,43950,43880,43880,43930,43970,43900,43900,43940,43960,43890,43890,43935
2025-07-14 04:25:00,29200,44000,43930,43930,43990,44010,43940,43940,44000,44005,43935,43935,43995
2025-07-14 04:30:00,17600,44020,43990,43990,44000,44030,44000,44010,44020,44025,43995,44000,44010
2025-07-14 04:35:00,58700,44100,43980,44000,44020,44110,44000,44020,44040,44105,43990,44010,44030
2025-07-14 04:40:00,9100,44020,43990,44020,44010,44040,44000,44040,44020,44030,43995,44030,44015
2025-07-14 04:45:00,6300,44020,43990,44010,44000,44030,44000,44020,44010,44025,43995,44015,44005
2025-07-14 04:50:00,9000,44020,43990,44000,44010,44030,44000,44010,44020,44025,43995,44005,44015
2025-07-14 04:55:00,28700,44020,43980,44010,44000,44030,43990,44020,44020,44025,43985,44015,44010
2025-07-14 05:00:00,15700,44070,44000,44000,44050,44080,44010,44020,44060,44075,44005,44010,44055
2025-07-14 05:05:00,7900,44080,44030,44040,44070,44090,44040,44060,44080,44085,44035,44050,44075
2025-07-14 05:10:00,8500,44070,44040,44070,44060,44080,44050,44080,44070,44075,44045,44075,44065
2025-07-14 05:15:00,18500,44130,44050,44060,44110,44140,44060,44070,44130,44135,44055,44065,44120
2025-07-14 05:20:00,11200,44130,44070,44110,44110,44140,44080,44130,44120,44135,44075,44120,44115
2025-07-14 05:25:00,10900,44140,44100,44110,44120,44150,44120,44120,44130,44145,44110,44115,44125
2025-07-14 05:30:00,7500,44130,44110,44120,44120,44140,44120,44130,44130,44135,44115,44125,44125
2025-07-14 05:35:00,15800,44170,44120,44120,44150,44180,44130,44130,44160,44175,44125,44125,44155
2025-07-14 05:40:00,15300,44150,44100,44150,44110,44160,44110,44160,44120,44155,44105,44155,44115
2025-07-14 05:45:00,14600,44120,44060,44110,44060,44140,44070,44120,44070,44130,44065,44115,44065
2025-07-14 05:50:00,17800,44060,44010,44060,44030,44070,44020,44070,44050,44065,44015,44065,44040
2025-07-14 05:55:00,12600,44110,44030,44030,44070,44120,44040,44050,44090,44115,44035,44040,44080
2025-07-14 06:00:00,13100,44090,44030,44070,44070,44100,44040,44090,44080,44095,44035,44080,44075
2025-07-14 06:05:00,10600,44080,44040,44070,44040,44090,44050,44080,44050,44085,44045,44075,44045
2025-07-14 06:10:00,19000,44060,43990,44040,44000,44070,44000,44050,44020,44065,43995,44045,44010
2025-07-14 06:15:00,22600,44080,44000,44000,44060,44100,44010,44020,44070,44090,44005,44010,44065
2025-07-14 06:20:00,17900,44070,44030,44060,44050,44090,44050,44070,44070,44075,44040,44065,44060
2025-07-14 06:25:00,,44670,44070,44200,44130,44680,44080,44210,44140,44675,44075,44205,44135
2025-07-14 06:30:00,268500,44100,44100,44100,44100,44150,44150,44150,44150,44125,44125,44125,44125
2025-07-15 00:00:00,100200,44360,44160,44360,44280,44390,44170,44370,44310,44375,44165,44365,44295
2025-07-15 00:05:00,76100,44510,44240,44280,44430,44520,44260,44310,44440,44515,44250,44295,44435
2025-07-15 00:10:00,45700,44460,44320,44430,44420,44470,44330,44440,44440,44465,44325,44435,44430
2025-07-15 00:15:00,55600,44570,44420,44420,44510,44580,44440,44440,44520,44575,44430,44430,44515
2025-07-15 00:20:00,23400,44550,44460,44510,44510,44560,44480,44520,44530,44555,44470,44515,44520
2025-07-15 00:25:00,37100,44510,44370,44510,44380,44530,44390,44530,44390,44520,44380,44520,44385
2025-07-15 00:30:00,20700,44420,44320,44380,44330,44430,44330,44390,44360,44425,44325,44385,44345
2025-07-15 00:35:00,23000,44360,44280,44330,44350,44380,44290,44360,44370,44370,44285,44345,44360
2025-07-15 00:40:00,23200,44350,44220,44350,44260,44370,44230,44370,44290,44360,44225,44360,44275
2025-07-15 00:45:00,24000,44400,44260,44260,44370,44420,44290,44290,44390,44410,44275,44275,44380
2025-07-15 00:50:00,11200,44420,44360,44370,44400,44430,44380,44390,44420,44425,44375,44380,44410
2025-07-15 00:55:00,10700,44410,44330,44400,44350,44420,44340,44420,44370,44415,44335,44410,44360
2025-07-15 01:00:00,7900,44360,44300,44350,44320,44370,44320,44370,44340,44365,44310,44360,44330
2025-07-15 01:05:00,8300,44360,44320,44320,44320,44380,44330,44340,44340,44370,44325,44330,44330
2025-07-15 01:10:00,8700,44380,44310,44320,44370,44390,44330,44340,44390,44385,44320,44330,44380
2025-07-15 01:15:00,5000,44380,44340,44370,44350,44390,44350,44390,44360,44385,44345,44380,44355
2025-07-15 01:20:00,7700,44380,44340,44350,44380,44400,44350,44360,44400,44390,44345,44355,44390
2025-07-15 01:25:00,8100,44390,44350,44380,44380,44400,44370,44400,44390,44395,44360,44390,44385
2025-07-15 01:30:00,8100,44390,44350,44380,44350,44400,44360,44390,44370,44395,44355,44385,44360
2025-07-15 01:35:00,9400,44430,44350,44350,44430,44440,44370,44370,44440,44435,44360,44360,44435
2025-07-15 01:40:00,24400,44550,44410,44430,44540,44560,44430,44440,44560,44555,44420,44435,44550
2025-07-15 01:45:00,30400,44580,44500,44540,44570,44590,44520,44560,44590,44585,44510,44550,44580
2025-07-15 01:50:00,41600,44690,44570,44570,44670,44700,44590,44590,44690,44695,44580,44580,44680
2025-07-15 01:55:00,15800,44670,44560,44670,44560,44690,44570,44690,44580,44680,44565,44680,44570
2025-07-15 02:00:00,17900,44600,44520,44560,44530,44610,44540,44580,44550,44605,44530,44570,44540
2025-07-15 02:05:00,12000,44610,44530,44530,44560,44630,44540,44550,44580,44620,44535,44540,44570
2025-07-15 02:10:00,6600,44610,44550,44560,44580,44630,44560,44580,44600,44620,44555,44570,44590
2025-07-15 02:15:00,19000,44660,44540,44580,44560,44680,44560,44600,44570,44670,44550,44590,44565
2025-07-15 02:20:00,9100,44560,44530,44560,44540,44570,44540,44570,44550,44565,44535,44565,44545
2025-07-15 02:25:00,18500,44610,44500,44540,44600,44630,44510,44550,44630,44615,44505,44545,44615
2025-07-15 02:30:00,2900,44600,44600,44600,44600,44630,44630,44630,44630,44615,44615,44615,44615
2025-07-15 03:30:00,89100,44730,44440,44580,44690,44750,44460,44590,44720,44740,44450,44585,44705
2025-07-15 03:35:00,19000,44740,44690,44690,44730,44750,44710,44710,44740,44745,44700,44700,44735
2025-07-15 03:40:00,16700,44730,44630,44730,44640,44740,44640,44740,44660,44735,44635,44735,44650
2025-07-15 03:45:00,12100,44650,44570,44640,44600,44670,44580,44660,44610,44660,44575,44650,44605
2025-07-15 03:50:00,10800,44600,44540,44600,44570,44610,44550,44610,44590,44605,44545,44605,44580
2025-07-15 03:55:00,13100,44630,44560,44570,44620,44650,44570,44590,44650,44640,44565,44580,44635
2025-07-15 04:00:00,10100,44640,44580,44620,44630,44650,44600,44650,44650,44645,44590,44635,44640
2025-07-15 04:05:00,4300,44630,44600,44630,44620,44650,44610,44650,44630,44640,44605,44640,44625
2025-07-15 04:10:00,9200,44630,44590,44620,44590,44640,44600,44630,44600,44635,44595,44625,44595
2025-07-15 04:15:00,6500,44600,44590,44590,44600,44610,44600,44600,44610,44605,44595,44595,44605
2025-07-15 04:20:00,6900,44610,44580,44600,44600,44620,44590,44610,44610,44615,44585,44605,44605
2025-07-15 04:25:00,5900,44610,44590,44600,44600,44620,44600,44610,44610,44615,44595,44605,44605
2025-07-15 04:30:00,9600,44610,44590,44600,44600,44620,44600,44610,44610,44615,44595,44605,44605
2025-07-15 04:35:00,10900,44620,44590,44600,44600,44630,44610,44610,44620,44625,44600,44605,44610
2025-07-15 04:40:00,12500,44600,44570,44600,44580,44620,44580,44620,44590,44610,44575,44610,44585
2025-07-15 04:45:00,13200,44600,44550,44580,44580,44610,44560,44590,44600,44605,44555,44585,44590
2025-07-15 04:50:00,4000,44590,44580,44580,44580,44600,44590,44600,44600,44595,44585,44590,44590
2025-07-15 04:55:00,7400,44600,44580,44590,44600,44610,44590,44600,44610,44605,44585,44595,44605
2025-07-15 05:00:00,21300,44660,44590,44600,44650,44670,44610,44610,44670,44665,44600,44605,44660
2025-07-15 05:05:00,8500,44650,44620,44650,44620,44670,44630,44670,44640,44660,44625,44660,44630
2025-07-15 05:10:00,10200,44660,44620,44620,44650,44670,44630,44640,44670,44665,44625,44630,44660
2025-07-15 05:15:00,6400,44660,44640,44660,44640,44670,44650,44670,44650,44665,44645,44665,44645
2025-07-15 05:20:00,5700,44670,44640,44640,44650,44680,44650,44650,44660,44675,44645,44645,44655
2025-07-15 05:25:00,14500,44680,44650,44650,44670,44690,44660,44660,44680,44685,44655,44655,44675
2025-07-15 05:30:00,9600,44670,44650,44660,44660,44680,44660,44670,44680,44675,44655,44665,44670
2025-07-15 05:35:00,11700,44690,44660,44660,44680,44700,44670,44680,44700,44695,44665,44670,44690
2025-07-15 05:40:00,11200,44690,44660,44680,44670,44700,44670,44700,44680,44695,44665,44690,44675
2025-07-15 05:45:00,9000,44680,44660,44670,44670,44690,44670,44680,44680,44685,44665,44675,44675
2025-07-15 05:50:00,13600,44690,44670,44670,44680,44700,44680,44680,44690,44695,44675,44675,44685
2025-07-15 05:55:00,10500,44690,44670,44680,44690,44700,44680,44690,44700,44695,44675,44685,44695
2025-07-15 06:00:00,17400,44720,44690,44690,44720,44730,44700,44700,44730,44725,44695,44695,44725
2025-07-15 06:05:00,12800,44730,44710,44720,44710,44740,44720,44730,44720,44735,44715,44725,44715
2025-07-15 06:10:00,21200,44710,44640,44710,44680,44730,44650,44720,44700,44720,44645,44715,44690
2025-07-15 06:15:00,17700,44710,44650,44680,44700,44720,44670,44700,44710,44715,44660,44690,44705
2025-07-15 06:20:00,60500,44810,44700,44700,44800,44820,44710,44710,44820,44815,44705,44705,44810
2025-07-15 06:25:00,,45600,44550,44630,44910,45600,44560,44640,44920,45600,44555,44635,44915
2025-07-15 06:30:00,366400,44900,44900,44900,44900,44930,44930,44930,44930,44915,44915,44915,44915
2025-07-16 00:00:00,122100,44890,44480,44880,44500,44900,44500,44890,44530,44895,44490,44885,44515
2025-07-16 00:05:00,41300,44520,44360,44500,44490,44540,44380,44530,44510,44530,44370,44515,44500
2025-07-16 00:10:00,53000,44490,44290,44490,44300,44510,44300,44510,44320,44500,44295,44500,44310
2025-07-16 00:15:00,40200,44340,44260,44300,44310,44360,44280,44320,44330,44350,44270,44310,44320
2025-07-16 00:20:00,33900,44450,44310,44310,44410,44460,44330,44330,44430,44455,44320,44320,44420
2025-07-16 00:25:00,17400,44430,44330,44410,44390,44440,44350,44430,44410,44435,44340,44420,44400
2025-07-16 00:30:00,18700,44500,44390,44390,44470,44510,44400,44410,44490,44505,44395,44400,44480
2025-07-16 00:35:00,19000,44540,44470,44470,44510,44550,44490,44490,44530,44545,44480,44480,44520
2025-07-16 00:40:00,13600,44560,44480,44510,44530,44570,44490,44530,44550,44565,44485,44520,44540
2025-07-16 00:45:00,19400,44540,44410,44530,44420,44560,44420,44550,44440,44550,44415,44540,44430
2025-07-16 00:50:00,13800,44560,44410,44420,44530,44570,44420,44440,44550,44565,44415,44430,44540
2025-07-16 00:55:00,10200,44580,44520,44530,44540,44590,44530,44550,44550,44585,44525,44540,44545
2025-07-16 01:00:00,19600,44560,44490,44540,44530,44580,44500,44550,44550,44570,44495,44545,44540
2025-07-16 01:05:00,8300,44560,44520,44530,44530,44570,44530,44550,44540,44565,44525,44540,44535
2025-07-16 01:10:00,10900,44560,44510,44530,44540,44570,44520,44540,44560,44565,44515,44535,44550
2025-07-16 01:15:00,18700,44630,44530,44540,44590,44640,44550,44560,44610,44635,44540,44550,44600
2025-07-16 01:20:00,6600,44600,44550,44590,44550,44620,44560,44610,44570,44610,44555,44600,44560
2025-07-16 01:25:00,12500,44560,44500,44550,44500,44570,44510,44570,44510,44565,44505,44560,44505
2025-07-16 01:30:00,25700,44500,44370,44500,44370,44520,44380,44510,44380,44510,44375,44505,44375
2025-07-16 01:35:00,15200,44480,44370,44370,44460,44500,44380,44380,44480,44490,44375,44375,44470
2025-07-16 01:40:00,8500,44500,44460,44460,44480,44510,44480,44480,44500,44505,44470,44470,44490
2025-07-16 01:45:00,12900,44570,44480,44480,44560,44580,44490,44500,44580,44575,44485,44490,44570
2025-07-16 01:50:00,18600,44590,44530,44570,44530,44600,44540,44580,44540,44595,44535,44575,44535
2025-07-16 01:55:00,17500,44530,44430,44530,44450,44550,44450,44540,44470,44540,44440,44535,44460
2025-07-16 02:00:00,12000,44480,44430,44450,44460,44490,44440,44470,44480,44485,44435,44460,44470
2025-07-16 02:05:00,10400,44470,44410,44460,44410,44490,44430,44480,44430,44480,44420,44470,44420
2025-07-16 02:10:00,7200,44460,44400,44410,44400,44480,44420,44430,44420,44470,44410,44420,44410
2025-07-16 02:15:00,6600,44440,44400,44400,44410,44450,44410,44420,44430,44445,44405,44410,44420
2025-07-16 02:20:00,5000,44420,44400,44410,44410,44430,44410,44430,44430,44425,44405,44420,44420
2025-07-16 02:25:00,16200,44420,44380,44410,44380,44430,44390,44430,44400,44425,44385,44420,44390
2025-07-16 02:30:00,7300,44380,44380,44380,44380,44400,44400,44400,44400,44390,44390,44390,44390
2025-07-16 03:30:00,39700,44450,44350,44390,44430,44470,44360,44400,44440,44460,44355,44395,44435
2025-07-16 03:35:00,18600,44500,44430,44430,44480,44510,44440,44440,44500,44505,44435,44435,44490
2025-07-16 03:40:00,11600,44520,44470,44480,44510,44530,44480,44500,44530,44525,44475,44490,44520
2025-07-16 03:45:00,11000,44540,44480,44510,44530,44550,44490,44530,44540,44545,44485,44520,44535
2025-07-16 03:50:00,12800,44550,44460,44530,44460,44560,44480,44540,44480,44555,44470,44535,44470
2025-07-16 03:55:00,8700,44480,44420,44460,44460,44490,44440,44480,44470,44485,44430,44470,44465
2025-07-16 04:00:00,6000,44520,44450,44460,44520,44540,44460,44470,44540,44530,44455,44465,44530
2025-07-16 04:05:00,37100,44660,44500,44520,44640,44670,44520,44540,44650,44665,44510,44530,44645
2025-07-16 04:10:00,11300,44680,44620,44640,44630,44690,44640,44650,44650,44685,44630,44645,44640
2025-07-16 04:15:00,10800,44630,44570,44630,44590,44650,44580,44650,44610,44640,44575,44640,44600
2025-07-16 04:20:00,8400,44640,44580,44590,44620,44650,44590,44610,44640,44645,44585,44600,44630
2025-07-16 04:25:00,10200,44630,44570,44620,44600,44640,44580,44640,44610,44635,44575,44630,44605
2025-07-16 04:30:00,12300,44690,44600,44600,44690,44700,44610,44610,44700,44695,44605,44605,44695
2025-07-16 04:35:00,12000,44710,44680,44690,44690,44720,44690,44700,44700,44715,44685,44695,44695
2025-07-16 04:40:00,6800,44690,44650,44690,44650,44700,44660,44700,44670,44695,44655,44695,44660
2025-07-16 04:45:00,7500,44690,44650,44650,44690,44710,44660,44660,44710,44700,44655,44655,44700
2025-07-16 04:50:00,6200,44700,44650,44690,44650,44710,44660,44710,44670,44705,44655,44700,44660
2025-07-16 04:55:00,11000,44710,44650,44660,44700,44720,44660,44670,44710,44715,44655,44665,44705
2025-07-16 05:00:00,24100,44730,44630,44700,44670,44740,44640,44710,44690,44735,44635,44705,44680
2025-07-16 05:05:00,18500,44770,44660,44670,44770,44780,44680,44690,44780,44775,44670,44680,44775
2025-07-16 05:10:00,11800,44800,44760,44770,44770,44810,44770,44780,44780,44805,44765,44775,44775
2025-07-16 05:15:00,11300,44790,44730,44770,44730,44800,44740,44780,44740,44795,44735,44775,44735
2025-07-16 05:20:00,10200,44750,44700,44730,44700,44760,44710,44740,44720,44755,44705,44735,44710
2025-07-16 05:25:00,19400,44710,44590,44700,44660,44720,44600,44720,44670,44715,44595,44710,44665
2025-07-16 05:30:00,8000,44680,44640,44660,44640,44700,44650,44670,44660,44690,44645,44665,44650
2025-07-16 05:35:00,10100,44650,44540,44640,44550,44670,44560,44660,44570,44660,44550,44650,44560
2025-07-16 05:40:00,9000,44600,44540,44550,44560,44610,44550,44570,44570,44605,44545,44560,44565
2025-07-16 05:45:00,8800,44620,44540,44560,44620,44630,44550,44570,44630,44625,44545,44565,44625
2025-07-16 05:50:00,8600,44640,44590,44620,44590,44650,44600,44630,44610,44645,44595,44625,44600
2025-07-16 05:55:00,11800,44620,44580,44590,44600,44630,44600,44610,44620,44625,44590,44600,44610
2025-07-16 06:00:00,14400,44630,44560,44600,44570,44640,44570,44620,44590,44635,44565,44610,44580
2025-07-16 06:05:00,10600,44590,44540,44570,44570,44600,44550,44590,44580,44595,44545,44580,44575
2025-07-16 06:10:00,8300,44580,44540,44570,44540,44590,44550,44580,44550,44585,44545,44575,44545
2025-07-16 06:15:00,10400,44540,44500,44540,44500,44550,44510,44550,44520,44545,44505,44545,44510
2025-07-16 06:20:00,26000,44590,44500,44500,44590,44600,44520,44520,44600,44595,44510,44510,44595
2025-07-16 06:25:00,,44870,44300,44790,44510,44870,44310,44800,44520,44870,44305,44795,44515
2025-07-16 06:30:00,255400,44510,44510,44510,44510,44530,44530,44530,44530,44520,44520,44520,44520
2025-07-17 00:00:00,75600,44310,44090,44190,44210,44320,44110,44200,44240,44315,44105,44195,44225
2025-07-17 00:05:00,42500,44230,44070,44220,44070,44250,44080,44240,44080,44240,44075,44230,44075
2025-07-17 00:10:00,29300,44140,44010,44070,44010,44160,44020,44080,44020,44150,44015,44075,44015
2025-07-17 00:15:00,43600,44060,43930,44010,44020,44070,43940,44020,44040,44065,43935,44015,44030
2025-07-17 00:20:00,15400,44070,44000,44020,44060,44080,44020,44040,44070,44075,44015,44030,44065
2025-07-17 00:25:00,18100,44170,44050,44060,44170,44190,44060,44070,44190,44180,44055,44065,44180
2025-07-17 00:30:00,15100,44210,44140,44170,44190,44220,44150,44190,44210,44215,44145,44180,44200
2025-07-17 00:35:00,8900,44190,44120,44190,44170,44210,44140,44210,44190,44200,44130,44200,44180
2025-07-17 00:40:00,15800,44250,44160,44170,44250,44270,44180,44190,44260,44260,44170,44180,44255
2025-07-17 00:45:00,13500,44270,44170,44250,44220,44280,44180,44260,44240,44275,44175,44255,44230
2025-07-17 00:50:00,18900,44350,44220,44230,44330,44370,44240,44240,44340,44360,44230,44235,44335
2025-07-17 00:55:00,13700,44350,44230,44330,44230,44360,44250,44340,44250,44355,44240,44335,44240
2025-07-17 01:00:00,13000,44330,44190,44230,44190,44350,44200,44250,44210,44340,44195,44240,44200
2025-07-17 01:05:00,8300,44280,44190,44190,44230,44300,44200,44210,44250,44290,44195,44200,44240
2025-07-17 01:10:00,5900,44260,44200,44230,44210,44270,44220,44250,44230,44265,44210,44240,44220
2025-07-17 01:15:00,11700,44220,44130,44210,44200,44240,44150,44230,44220,44230,44140,44220,44210
2025-07-17 01:20:00,6100,44250,44190,44200,44230,44260,44200,44220,44250,44255,44195,44210,44240
2025-07-17 01:25:00,6200,44250,44190,44230,44200,44260,44200,44250,44220,44255,44195,44240,44210
2025-07-17 01:30:00,5600,44200,44150,44200,44150,44220,44160,44220,44160,44210,44155,44210,44155
2025-07-17 01:35:00,13900,44180,44120,44150,44140,44190,44130,44160,44160,44185,44125,44155,44150
2025-07-17 01:40:00,4300,44150,44130,44140,44130,44170,44150,44160,44160,44160,44140,44150,44145
2025-07-17 01:45:00,5600,44150,44110,44130,44130,44160,44120,44160,44140,44155,44115,44145,44135
2025-07-17 01:50:00,7300,44170,44110,44130,44150,44190,44120,44140,44170,44180,44115,44135,44160
2025-07-17 01:55:00,2800,44180,44140,44150,44140,44190,44150,44170,44160,44185,44145,44160,44150
2025-07-17 02:00:00,5500,44140,44100,44140,44100,44160,44110,44160,44120,44150,44105,44150,44110
2025-07-17 02:05:00,8000,44110,44080,44100,44080,44140,44090,44120,44100,44125,44085,44110,44090
2025-07-17 02:10:00,7900,44100,44050,44080,44070,44110,44060,44100,44090,44105,44055,44090,44080
2025-07-17 02:15:00,13500,44180,44060,44070,44170,44200,44070,44090,44190,44190,44065,44080,44180
2025-07-17 02:20:00,9100,44200,44150,44170,44200,44220,44170,44190,44220,44210,44160,44180,44210
2025-07-17 02:25:00,6200,44220,44200,44200,44210,44240,44210,44220,44230,44230,44205,44210,44220
2025-07-17 02:30:00,800,44210,44210,44210,44210,44230,44230,44230,44230,44220,44220,44220,44220
2025-07-17 03:30:00,28100,44290,44210,44230,44270,44300,44220,44240,44290,44295,44215,44235,44280
2025-07-17 03:35:00,20800,44370,44260,44270,44350,44380,44280,44290,44370,44375,44270,44280,44360
2025-07-17 03:40:00,15300,44390,44350,44360,44370,44400,44360,44370,44390,44395,44355,44365,44380
2025-07-17 03:45:00,5300,44380,44360,44370,44370,44390,44370,44390,44380,44385,44365,44380,44375
2025-07-17 03:50:00,13300,44430,44370,44370,44370,44440,44380,44380,44380,44435,44375,44375,44375
2025-07-17 03:55:00,6700,44410,44370,44370,44390,44430,44380,44380,44400,44420,44375,44375,44395
2025-07-17 04:00:00,4600,44390,44360,44390,44380,44400,44370,44400,44400,44395,44365,44395,44390
2025-07-17 04:05:00,18400,44470,44380,44380,44420,44480,44390,44400,44440,44475,44385,44390,44430
2025-07-17 04:10:00,6700,44460,44420,44420,44450,44480,44440,44440,44470,44470,44430,44430,44460
2025-07-17 04:15:00,4000,44470,44450,44450,44460,44480,44460,44470,44470,44475,44455,44460,44465
2025-07-17 04:20:00,11900,44510,44460,44460,44490,44520,44470,44470,44500,44515,44465,44465,44495
2025-07-17 04:25:00,5900,44490,44450,44490,44450,44500,44460,44500,44460,44495,44455,44495,44455
2025-07-17 04:30:00,3900,44460,44440,44450,44440,44480,44450,44460,44460,44470,44445,44455,44450
2025-07-17 04:35:00,7700,44510,44440,44440,44490,44520,44450,44460,44500,44515,44445,44450,44495
2025-07-17 04:40:00,6000,44530,44490,44490,44530,44550,44500,44500,44550,44540,44495,44495,44540
2025-07-17 04:45:00,4100,44540,44520,44540,44530,44550,44530,44550,44540,44545,44525,44545,44535
2025-07-17 04:50:00,1600,44530,44520,44530,44520,44550,44530,44540,44530,44540,44525,44535,44525
2025-07-17 04:55:00,7300,44530,44480,44520,44510,44540,44500,44530,44530,44535,44490,44525,44520
2025-07-17 05:00:00,9200,44550,44500,44510,44540,44560,44510,44530,44560,44555,44505,44520,44550
2025-07-17 05:05:00,6200,44570,44520,44540,44520,44590,44530,44560,44530,44580,44525,44550,44525
2025-07-17 05:10:00,6300,44520,44450,44520,44460,44540,44470,44530,44470,44530,44460,44525,44465
2025-07-17 05:15:00,6000,44500,44450,44460,44480,44510,44460,44470,44500,44505,44455,44465,44490
2025-07-17 05:20:00,4600,44510,44480,44480,44500,44520,44490,44500,44520,44515,44485,44490,44510
2025-07-17 05:25:00,5900,44520,44450,44510,44470,44530,44470,44520,44490,44525,44460,44515,44480
2025-07-17 05:30:00,14100,44510,44420,44470,44440,44530,44440,44490,44460,44520,44435,44480,44450
2025-07-17 05:35:00,5500,44470,44440,44440,44470,44490,44450,44460,44480,44480,44445,44450,44475
2025-07-17 05:40:00,5600,44470,44450,44470,44460,44480,44460,44480,44480,44475,44455,44475,44470
2025-07-17 05:45:00,4100,44470,44440,44460,44450,44480,44450,44480,44460,44475,44445,44470,44455
2025-07-17 05:50:00,12000,44480,44420,44450,44420,44490,44430,44460,44430,44485,44425,44455,44425
2025-07-17 05:55:00,10500,44440,44400,44420,44420,44450,44410,44430,44430,44445,44405,44425,44425
2025-07-17 06:00:00,8600,44480,44420,44420,44480,44500,44430,44430,44500,44490,44425,44425,44490
2025-07-17 06:05:00,10900,44520,44440,44480,44450,44530,44450,44500,44470,44525,44445,44490,44460
2025-07-17 06:10:00,19000,44570,44450,44450,44550,44580,44460,44470,44560,44575,44455,44460,44555
2025-07-17 06:15:00,12700,44560,44530,44550,44540,44570,44550,44560,44560,44565,44540,44555,44550
2025-07-17 06:20:00,14600,44540,44500,44540,44510,44560,44510,44560,44540,44550,44505,44550,44525
2025-07-17 06:25:00,,44520,44160,44330,44520,44530,44170,44340,44530,44525,44165,44335,44525
2025-07-17 06:30:00,156400,44510,44510,44510,44510,44530,44530,44530,44530,44520,44520,44520,44520
2025-07-18 00:00:00,134100,45200,44790,44790,45020,45220,44800,44800,45040,45210,44795,44795,45030
2025-07-18 00:05:00,30700,45030,44900,45020,44970,45050,44910,45040,44980,45040,44905,45030,44975
2025-07-18 00:10:00,22200,44980,44900,44970,44940,45000,44910,44980,44960,44990,44905,44975,44950
2025-07-18 00:15:00,18800,44970,44920,44940,44960,44990,44930,44960,44980,44980,44925,44950,44970
2025-07-18 00:20:00,30000,45070,44940,44950,45030,45080,44950,44980,45050,45075,44945,44965,45040
2025-07-18 00:25:00,19800,45080,44990,45030,45040,45090,45000,45050,45060,45085,44995,45040,45050
2025-07-18 00:30:00,11800,45040,44960,45040,44970,45060,44970,45060,44990,45050,44965,45050,44980
2025-07-18 00:35:00,13100,44970,44920,44970,44960,44990,44940,44990,44970,44980,44930,44980,44965
2025-07-18 00:40:00,14800,45000,44930,44960,44930,45010,44940,44970,44940,45005,44935,44965,44935
2025-07-18 00:45:00,13000,44970,44890,44930,44920,44980,44900,44940,44940,44975,44895,44935,44930
2025-07-18 00:50:00,22000,44940,44750,44920,44810,44950,44770,44940,44820,44945,44760,44930,44815
2025-07-18 00:55:00,20300,44940,44800,44810,44920,44950,44820,44820,44940,44945,44810,44815,44930
2025-07-18 01:00:00,15600,45000,44900,44920,44990,45010,44910,44940,45010,45005,44905,44930,45000
2025-07-18 01:05:00,9400,45000,44910,44990,44920,45010,44930,45010,44930,45005,44920,45000,44925
2025-07-18 01:10:00,11600,44990,44890,44920,44990,45000,44900,44930,45000,44995,44895,44925,44995
2025-07-18 01:15:00,7700,45000,44940,44990,44940,45010,44950,45000,44950,45005,44945,44995,44945
2025-07-18 01:20:00,6500,44940,44900,44940,44920,44950,44910,44950,44940,44945,44905,44945,44930
2025-07-18 01:25:00,7000,44930,44870,44920,44880,44940,44890,44940,44900,44935,44880,44930,44890
2025-07-18 01:30:00,10500,44890,44830,44880,44860,44900,44840,44900,44880,44895,44835,44890,44870
2025-07-18 01:35:00,2900,44890,44860,44860,44890,44900,44870,44880,44900,44895,44865,44870,44895
2025-07-18 01:40:00,8600,44930,44870,44890,44870,44940,44890,44900,44890,44935,44880,44895,44880
2025-07-18 01:45:00,5400,44880,44840,44870,44840,44890,44850,44890,44860,44885,44845,44880,44850
2025-07-18 01:50:00,3300,44860,44820,44840,44820,44870,44830,44860,44840,44865,44825,44850,44830
2025-07-18 01:55:00,5700,44870,44820,44820,44850,44880,44840,44840,44870,44875,44830,44830,44860
2025-07-18 02:00:00,7900,44910,44850,44850,44890,44930,44860,44870,44900,44920,44855,44860,44895
2025-07-18 02:05:00,4600,44920,44890,44890,44910,44930,44900,44900,44920,44925,44895,44895,44915
2025-07-18 02:10:00,7400,44960,44910,44910,44940,44970,44920,44920,44950,44965,44915,44915,44945
2025-07-18 02:15:00,7100,44960,44920,44940,44950,44970,44930,44950,44960,44965,44925,44945,44955
2025-07-18 02:20:00,7500,44960,44850,44950,44870,44970,44860,44960,44890,44965,44855,44955,44880
2025-07-18 02:25:00,3900,44880,44850,44870,44870,44900,44860,44890,44900,44890,44855,44880,44885
2025-07-18 02:30:00,14700,44860,44860,44860,44860,44900,44900,44900,44900,44880,44880,44880,44880
2025-07-18 03:30:00,26400,44870,44820,44850,44830,44880,44830,44870,44850,44875,44825,44860,44840
2025-07-18 03:35:00,11100,44850,44810,44830,44830,44860,44820,44850,44850,44855,44815,44840,44840
2025-07-18 03:40:00,11000,44850,44810,44830,44830,44860,44820,44850,44850,44855,44815,44840,44840
2025-07-18 03:45:00,9800,44830,44780,44830,44800,44850,44790,44850,44810,44840,44785,44840,44805
2025-07-18 03:50:00,6800,44810,44780,44800,44800,44820,44790,44810,44810,44815,44785,44805,44805
2025-07-18 03:55:00,8400,44850,44790,44800,44840,44860,44800,44810,44860,44855,44795,44805,44850
2025-07-18 04:00:00,17100,44840,44770,44840,44780,44860,44780,44860,44790,44850,44775,44850,44785
2025-07-18 04:05:00,12100,44870,44770,44780,44840,44880,44790,44790,44860,44875,44780,44785,44850
2025-07-18 04:10:00,7000,44890,44840,44840,44850,44900,44860,44860,44860,44895,44850,44850,44855
2025-07-18 04:15:00,4900,44850,44820,44850,44820,44870,44830,44860,44840,44860,44825,44855,44830
2025-07-18 04:20:00,15300,44820,44740,44820,44760,44840,44750,44840,44780,44830,44745,44830,44770
2025-07-18 04:25:00,18700,44770,44640,44760,44670,44780,44650,44780,44690,44775,44645,44770,44680
2025-07-18 04:30:00,7100,44710,44650,44670,44700,44720,44660,44690,44720,44715,44655,44680,44710
2025-07-18 04:35:00,9000,44750,44700,44700,44700,44760,44710,44720,44720,44755,44705,44710,44710
2025-07-18 04:40:00,5500,44710,44660,44700,44670,44720,44670,44720,44680,44715,44665,44710,44675
2025-07-18 04:45:00,8800,44670,44620,44670,44630,44680,44630,44680,44640,44675,44625,44675,44635
2025-07-18 04:50:00,3300,44670,44630,44630,44660,44680,44640,44640,44670,44675,44635,44635,44665
2025-07-18 04:55:00,3100,44660,44640,44660,44640,44670,44650,44670,44650,44665,44645,44665,44645
2025-07-18 05:00:00,5100,44650,44610,44640,44630,44660,44620,44650,44650,44655,44615,44645,44640
2025-07-18 05:05:00,3600,44660,44610,44630,44610,44670,44620,44650,44620,44665,44615,44640,44615
2025-07-18 05:10:00,11400,44610,44540,44610,44550,44620,44550,44620,44560,44615,44545,44615,44555
2025-07-18 05:15:00,5800,44560,44530,44550,44550,44580,44540,44560,44560,44570,44535,44555,44555
2025-07-18 05:20:00,2600,44550,44520,44550,44530,44560,44530,44560,44540,44555,44525,44555,44535
2025-07-18 05:25:00,9600,44540,44500,44530,44500,44550,44510,44540,44520,44545,44505,44535,44510
2025-07-18 05:30:00,14300,44500,44460,44500,44460,44520,44480,44520,44480,44510,44470,44510,44470
2025-07-18 05:35:00,5900,44460,44430,44460,44430,44480,44440,44480,44450,44470,44435,44470,44440
2025-07-18 05:40:00,8800,44450,44410,44430,44410,44470,44420,44450,44420,44460,44415,44440,44415
2025-07-18 05:45:00,10800,44410,44370,44410,44380,44420,44380,44420,44400,44415,44375,44415,44390
2025-07-18 05:50:00,5900,44410,44370,44380,44370,44420,44380,44400,44390,44415,44375,44390,44380
2025-07-18 05:55:00,7100,44380,44350,44370,44360,44400,44360,44390,44380,44390,44355,44380,44370
2025-07-18 06:00:00,11400,44390,44300,44360,44300,44410,44310,44380,44320,44400,44305,44370,44310
2025-07-18 06:05:00,7600,44350,44300,44300,44350,44360,44320,44320,44360,44355,44310,44310,44355
2025-07-18 06:10:00,9200,44410,44350,44350,44400,44420,44360,44360,44410,44415,44355,44355,44405
2025-07-18 06:15:00,5100,44420,44400,44400,44410,44430,44410,44410,44420,44425,44405,44405,44415
2025-07-18 06:20:00,11700,44410,44380,44410,44390,44430,44390,44420,44410,44420,44385,44415,44400
2025-07-18 06:25:00,,44450,44000,44350,44310,44460,44010,44360,44320,44455,44005,44355,44315
2025-07-18 06:30:00,142900,44310,44310,44310,44310,44380,44380,44380,44380,44345,44345,44345,44345
2025-07-22 00:00:00,105900,44360,43970,44300,44360,44380,43980,44300,44380,44370,43975,44300,44370
2025-07-22 00:05:00,33600,44610,44350,44360,44590,44630,44370,44380,44600,44620,44360,44370,44595
2025-07-22 00:10:00,32000,44710,44570,44590,44700,44720,44590,44600,44720,44715,44580,44595,44710
2025-07-22 00:15:00,51600,44990,44690,44700,44950,45000,44700,44720,44970,44995,44695,44710,44960
2025-07-22 00:20:00,37400,45030,44930,44950,44970,45040,44940,44970,44990,45035,44935,44960,44980
2025-07-22 00:25:00,23800,44980,44850,44970,44960,44990,44860,44990,44980,44985,44855,44980,44970
2025-07-22 00:30:00,16100,44980,44870,44960,44880,45000,44880,44980,44890,44990,44875,44970,44885
2025-07-22 00:35:00,23600,44940,44730,44880,44730,44950,44740,44890,44750,44945,44735,44885,44740
2025-07-22 00:40:00,24200,44740,44590,44730,44620,44750,44600,44750,44640,44745,44595,44740,44630
2025-07-22 00:45:00,17200,44720,44590,44620,44590,44750,44600,44640,44610,44735,44595,44630,44600
2025-07-22 00:50:00,18900,44600,44450,44590,44480,44610,44470,44610,44500,44605,44460,44600,44490
2025-07-22 00:55:00,16700,44480,44360,44480,44360,44500,44380,44500,44390,44490,44370,44490,44375
2025-07-22 01:00:00,10300,44440,44360,44360,44430,44450,44370,44390,44450,44445,44365,44375,44440
2025-07-22 01:05:00,12900,44520,44430,44430,44500,44530,44450,44450,44510,44525,44440,44440,44505
2025-07-22 01:10:00,13700,44560,44480,44500,44560,44580,44490,44510,44580,44570,44485,44505,44570
2025-07-22 01:15:00,13600,44570,44420,44560,44420,44580,44440,44580,44440,44575,44430,44570,44430
2025-07-22 01:20:00,15600,44540,44420,44420,44510,44550,44430,44440,44530,44545,44425,44430,44520
2025-07-22 01:25:00,8300,44530,44490,44510,44510,44550,44500,44540,44530,44540,44495,44525,44520
2025-07-22 01:30:00,11600,44540,44460,44510,44520,44550,44480,44530,44530,44545,44470,44520,44525
2025-07-22 01:35:00,11100,44600,44520,44520,44590,44620,44530,44530,44600,44610,44525,44525,44595
2025-07-22 01:40:00,12100,44650,44580,44590,44650,44660,44590,44600,44660,44655,44585,44595,44655
2025-07-22 01:45:00,25000,44770,44630,44650,44730,44780,44640,44660,44740,44775,44635,44655,44735
2025-07-22 01:50:00,13300,44730,44610,44730,44630,44740,44620,44740,44650,44735,44615,44735,44640
2025-07-22 01:55:00,5900,44670,44600,44630,44660,44680,44610,44650,44680,44675,44605,44640,44670
2025-07-22 02:00:00,7700,44670,44620,44660,44620,44680,44630,44680,44640,44675,44625,44670,44630
2025-07-22 02:05:00,6100,44620,44580,44620,44590,44640,44590,44640,44610,44630,44585,44630,44600
2025-07-22 02:10:00,6900,44620,44570,44590,44570,44630,44580,44610,44580,44625,44575,44600,44575
2025-07-22 02:15:00,6900,44590,44550,44570,44570,44600,44560,44580,44580,44595,44555,44575,44575
2025-07-22 02:20:00,4800,44590,44560,44570,44560,44600,44570,44580,44580,44595,44565,44575,44570
2025-07-22 02:25:00,13900,44570,44510,44560,44530,44590,44530,44580,44550,44580,44520,44570,44540
2025-07-22 02:30:00,15900,44530,44530,44530,44530,44560,44560,44560,44560,44545,44545,44545,44545
2025-07-22 03:30:00,43500,44490,44390,44490,44420,44500,44410,44500,44440,44495,44400,44495,44430
2025-07-22 03:35:00,19400,44460,44340,44420,44390,44470,44350,44440,44410,44465,44345,44430,44400
2025-07-22 03:40:00,8600,44430,44380,44390,44390,44440,44390,44400,44400,44435,44385,44395,44395
2025-07-22 03:45:00,16000,44410,44310,44390,44380,44420,44320,44400,44390,44415,44315,44395,44385
2025-07-22 03:50:00,7700,44440,44370,44380,44410,44450,44380,44390,44430,44445,44375,44385,44420
2025-07-22 03:55:00,6400,44420,44380,44410,44380,44440,44390,44430,44390,44430,44385,44420,44385
2025-07-22 04:00:00,8200,44390,44340,44380,44370,44410,44350,44390,44380,44400,44345,44385,44375
2025-07-22 04:05:00,6500,44380,44340,44370,44350,44390,44350,44380,44360,44385,44345,44375,44355
2025-07-22 04:10:00,6700,44360,44320,44350,44350,44370,44330,44360,44360,44365,44325,44355,44355
2025-07-22 04:15:00,8400,44370,44310,44350,44370,44380,44320,44360,44380,44375,44315,44355,44375
2025-07-22 04:20:00,4300,44380,44350,44370,44360,44390,44360,44380,44370,44385,44355,44375,44365
2025-07-22 04:25:00,8000,44410,44350,44360,44380,44420,44360,44370,44390,44415,44355,44365,44385
2025-07-22 04:30:00,4200,44400,44360,44380,44370,44420,44370,44390,44390,44410,44365,44385,44380
2025-07-22 04:35:00,6200,44400,44370,44370,44390,44420,44390,44390,44400,44410,44380,44380,44395
2025-07-22 04:40:00,6400,44400,44370,44390,44370,44410,44380,44400,44380,44405,44375,44395,44375
2025-07-22 04:45:00,12600,44380,44310,44370,44350,44390,44320,44380,44360,44385,44315,44375,44355
2025-07-22 04:50:00,3000,44370,44350,44350,44350,44380,44360,44360,44370,44375,44355,44355,44360
2025-07-22 04:55:00,3600,44360,44340,44350,44350,44370,44350,44370,44360,44365,44345,44360,44355
2025-07-22 05:00:00,10500,44350,44300,44350,44320,44360,44310,44360,44330,44355,44305,44355,44325
2025-07-22 05:05:00,4400,44340,44310,44320,44320,44350,44320,44330,44330,44345,44315,44325,44325
2025-07-22 05:10:00,10200,44330,44290,44320,44310,44340,44300,44330,44330,44335,44295,44325,44320
2025-07-22 05:15:00,15000,44310,44160,44310,44190,44330,44170,44330,44210,44320,44165,44320,44200
2025-07-22 05:20:00,4200,44210,44180,44190,44180,44220,44190,44210,44200,44215,44185,44200,44190
2025-07-22 05:25:00,7000,44190,44150,44180,44170,44200,44160,44200,44190,44195,44155,44190,44180
2025-07-22 05:30:00,5000,44180,44150,44180,44180,44200,44160,44190,44190,44190,44155,44185,44185
2025-07-22 05:35:00,4200,44180,44150,44180,44150,44190,44160,44190,44160,44185,44155,44185,44155
2025-07-22 05:40:00,8000,44180,44130,44150,44130,44190,44140,44160,44150,44185,44135,44155,44140
2025-07-22 05:45:00,5600,44180,44130,44130,44180,44190,44150,44150,44190,44185,44140,44140,44185
2025-07-22 05:50:00,7700,44230,44180,44180,44220,44240,44190,44190,44240,44235,44185,44185,44230
2025-07-22 05:55:00,11300,44300,44200,44220,44280,44310,44210,44240,44300,44305,44205,44230,44290
2025-07-22 06:00:00,7300,44300,44260,44280,44270,44310,44270,44300,44290,44305,44265,44290,44280
2025-07-22 06:05:00,11200,44350,44270,44270,44340,44360,44290,44290,44360,44355,44280,44280,44350
2025-07-22 06:10:00,10900,44400,44340,44340,44370,44410,44360,44360,44390,44405,44350,44350,44380
2025-07-22 06:15:00,10700,44410,44350,44370,44410,44420,44370,44390,44420,44415,44360,44380,44415
2025-07-22 06:20:00,11300,44410,44390,44410,44400,44430,44400,44420,44420,44420,44395,44415,44410
2025-07-22 06:25:00,,45190,44350,44720,44430,45200,44360,44730,44440,45195,44355,44725,44435
2025-07-22 06:30:00,200600,44410,44410,44410,44410,44440,44440,44440,44440,44425,44425,44425,44425
2025-07-23 00:00:00,172100,46040,45140,46040,45750,46050,45140,46050,45780,46045,45140,46045,45765
2025-07-23 00:05:00,193700,46360,45630,45750,46360,46380,45650,45780,46370,46365,45640,45765,46365
2025-07-23 00:10:00,116400,46390,46130,46360,46250,46400,46140,46370,46280,46395,46135,46365,46265
2025-07-23 00:15:00,59300,46340,46020,46250,46030,46350,46030,46290,46040,46345,46025,46270,46035
2025-07-23 00:20:00,44900,46190,45990,46030,46160,46200,46000,46040,46190,46195,45995,46035,46175
2025-07-23 00:25:00,48400,46320,46130,46160,46270,46330,46140,46190,46290,46325,46135,46175,46280
2025-07-23 00:30:00,44100,46360,46260,46270,46330,46370,46280,46290,46350,46365,46270,46280,46340
2025-07-23 00:35:00,113400,46580,46290,46330,46390,46600,46300,46350,46410,46585,46295,46340,46400
2025-07-23 00:40:00,66700,46640,46380,46390,46600,46660,46400,46410,46620,46650,46395,46400,46610
2025-07-23 00:45:00,43300,46730,46500,46600,46710,46750,46520,46620,46730,46740,46510,46610,46720
2025-07-23 00:50:00,34600,46710,46490,46710,46610,46730,46510,46730,46630,46720,46500,46720,46620
2025-07-23 00:55:00,33100,46710,46530,46610,46610,46720,46540,46630,46630,46715,46535,46620,46620
2025-07-23 01:00:00,26000,46690,46540,46610,46580,46700,46550,46630,46600,46695,46545,46620,46590
2025-07-23 01:05:00,28300,46600,46460,46580,46500,46620,46480,46600,46520,46605,46470,46590,46510
2025-07-23 01:10:00,23200,46670,46500,46500,46640,46690,46510,46520,46660,46680,46505,46510,46650
2025-07-23 01:15:00,18300,46690,46550,46640,46560,46700,46570,46660,46580,46695,46560,46650,46570
2025-07-23 01:20:00,22800,46570,46480,46560,46560,46580,46500,46580,46570,46575,46490,46570,46565
2025-07-23 01:25:00,16700,46640,46510,46560,46540,46650,46530,46570,46560,46645,46520,46565,46550
2025-07-23 01:30:00,34200,46700,46520,46540,46650,46710,46540,46560,46680,46705,46530,46550,46665
2025-07-23 01:35:00,17400,46680,46510,46650,46530,46690,46520,46670,46550,46685,46515,46660,46540
2025-07-23 01:40:00,16800,46630,46490,46530,46630,46650,46500,46550,46650,46640,46495,46540,46640
2025-07-23 01:45:00,19900,46680,46590,46630,46660,46690,46610,46650,46690,46685,46600,46640,46675
2025-07-23 01:50:00,22400,46700,46620,46660,46660,46710,46640,46690,46680,46705,46630,46675,46670
2025-07-23 01:55:00,30000,46730,46640,46660,46710,46740,46660,46680,46730,46735,46650,46670,46720
2025-07-23 02:00:00,15500,46730,46670,46710,46690,46740,46680,46730,46710,46735,46675,46720,46700
2025-07-23 02:05:00,17600,46720,46640,46690,46650,46730,46650,46710,46670,46725,46645,46700,46660
2025-07-23 02:10:00,11600,46680,46640,46650,46640,46700,46650,46670,46650,46690,46645,46660,46645
2025-07-23 02:15:00,29600,46700,46560,46640,46630,46710,46570,46650,46650,46705,46565,46645,46640
2025-07-23 02:20:00,71700,46870,46610,46630,46850,46880,46630,46650,46860,46875,46620,46640,46855
2025-07-23 02:25:00,27800,46930,46820,46850,46870,46940,46840,46860,46900,46935,46830,46855,46885
2025-07-23 02:30:00,19700,46870,46870,46870,46870,46920,46920,46920,46920,46895,46895,46895,46895
2025-07-23 03:30:00,67900,46950,46830,46910,46880,46960,46850,46920,46910,46955,46840,46915,46895
2025-07-23 03:35:00,26500,46910,46720,46880,46860,46920,46730,46910,46880,46915,46725,46895,46870
2025-07-23 03:40:00,10400,46890,46820,46860,46870,46900,46840,46880,46890,46895,46830,46870,46880
2025-07-23 03:45:00,19800,46950,46850,46870,46940,46960,46860,46890,46960,46955,46855,46880,46950
2025-07-23 03:50:00,16500,46970,46920,46940,46940,46980,46930,46960,46950,46975,46925,46950,46945
2025-07-23 03:55:00,23200,46960,46850,46940,46860,46970,46860,46950,46870,46965,46855,46945,46865
2025-07-23 04:00:00,8200,46940,46850,46860,46920,46950,46870,46870,46930,46945,46860,46865,46925
2025-07-23 04:05:00,8300,46930,46870,46920,46870,46940,46880,46930,46890,46935,46875,46925,46880
2025-07-23 04:10:00,9200,46880,46800,46870,46800,46890,46810,46880,46810,46885,46805,46875,46805
2025-07-23 04:15:00,11600,46820,46750,46800,46750,46830,46760,46810,46760,46825,46755,46805,46755
2025-07-23 04:20:00,11800,46750,46680,46750,46700,46760,46690,46760,46720,46755,46685,46755,46710
2025-07-23 04:25:00,7400,46750,46700,46700,46730,46760,46720,46720,46750,46755,46710,46710,46740
2025-07-23 04:30:00,16800,46820,46730,46730,46780,46830,46750,46750,46800,46825,46740,46740,46790
2025-07-23 04:35:00,7500,46800,46750,46780,46770,46820,46760,46800,46790,46810,46755,46790,46780
2025-07-23 04:40:00,8300,46840,46770,46770,46830,46850,46790,46790,46850,46845,46780,46780,46840
2025-07-23 04:45:00,7500,46840,46810,46830,46810,46860,46820,46850,46820,46850,46815,46840,46815
2025-07-23 04:50:00,11300,46850,46780,46810,46840,46860,46800,46830,46850,46855,46790,46820,46845
2025-07-23 04:55:00,23300,46950,46840,46840,46910,46960,46850,46850,46930,46955,46845,46845,46920
2025-07-23 05:00:00,10000,46950,46900,46910,46900,46960,46910,46930,46920,46955,46905,46920,46910
2025-07-23 05:05:00,6900,46940,46890,46900,46920,46950,46900,46920,46940,46945,46895,46910,46930
2025-07-23 05:10:00,13800,46970,46920,46920,46950,46980,46940,46940,46960,46975,46930,46930,46955
2025-07-23 05:15:00,12100,46970,46900,46950,46950,46980,46910,46960,46960,46975,46905,46955,46955
2025-07-23 05:20:00,47100,47030,46940,46950,47030,47040,46960,46960,47040,47035,46950,46955,47035
2025-07-23 05:25:00,27400,47130,47010,47030,47120,47140,47030,47040,47140,47135,47020,47035,47130
2025-07-23 05:30:00,14800,47120,47050,47120,47080,47140,47060,47140,47100,47130,47055,47130,47090
2025-07-23 05:35:00,19400,47160,47080,47080,47110,47180,47090,47100,47120,47170,47085,47090,47115
2025-07-23 05:40:00,30400,47200,47070,47110,47070,47210,47090,47120,47090,47205,47080,47115,47080
2025-07-23 05:45:00,9700,47150,47070,47070,47130,47160,47090,47090,47150,47155,47080,47080,47140
2025-07-23 05:50:00,12500,47180,47120,47130,47130,47190,47140,47150,47140,47185,47130,47140,47135
2025-07-23 05:55:00,18000,47130,47040,47130,47050,47140,47050,47140,47060,47135,47045,47135,47055
2025-07-23 06:00:00,21100,47130,47040,47050,47110,47140,47050,47060,47120,47135,47045,47055,47115
2025-07-23 06:05:00,20100,47170,47100,47110,47160,47180,47110,47120,47180,47175,47105,47115,47170
2025-07-23 06:10:00,27000,47210,47110,47160,47110,47220,47130,47180,47130,47215,47120,47170,47120
2025-07-23 06:15:00,20100,47170,47060,47110,47120,47190,47070,47130,47130,47180,47065,47120,47125
2025-07-23 06:20:00,30000,47120,47050,47120,47060,47140,47070,47130,47090,47130,47060,47125,47075
2025-07-23 06:25:00,,46890,45520,45520,46880,46900,45530,45530,46890,46895,45525,45525,46885
2025-07-23 06:30:00,407200,46880,46880,46880,46880,47000,47000,47000,47000,46940,46940,46940,46940
2025-07-24 00:00:00,167300,47980,47510,47930,47670,48000,47540,47940,47700,47990,47525,47935,47685
2025-07-24 00:05:00,80700,47980,47610,47670,47660,47990,47640,47700,47680,47985,47625,47685,47670
2025-07-24 00:10:00,28200,47750,47650,47660,47730,47770,47670,47680,47740,47760,47660,47670,47735
2025-07-24 00:15:00,26900,47760,47620,47730,47620,47770,47630,47740,47640,47765,47625,47735,47630
2025-07-24 00:20:00,30100,47680,47550,47620,47640,47700,47560,47640,47650,47690,47555,47630,47645
2025-07-24 00:25:00,22200,47680,47600,47640,47670,47690,47610,47650,47690,47685,47605,47645,47680
2025-07-24 00:30:00,25000,47780,47600,47670,47750,47790,47610,47690,47760,47785,47605,47680,47755
2025-07-24 00:35:00,23500,47860,47750,47750,47800,47870,47760,47760,47830,47865,47755,47755,47815
2025-07-24 00:40:00,15600,47820,47770,47800,47790,47840,47780,47830,47810,47830,47775,47815,47800
2025-07-24 00:45:00,17500,47870,47770,47790,47870,47880,47780,47810,47880,47875,47775,47800,47875
2025-07-24 00:50:00,16500,47890,47810,47870,47830,47900,47830,47880,47850,47895,47820,47875,47840
2025-07-24 00:55:00,24500,47930,47830,47830,47920,47940,47850,47850,47940,47935,47840,47840,47930
2025-07-24 01:00:00,61100,48050,47920,47920,48030,48060,47940,47940,48040,48055,47930,47930,48035
2025-07-24 01:05:00,21900,48080,48020,48030,48060,48090,48030,48040,48080,48085,48025,48035,48070
2025-07-24 01:10:00,52700,48170,48050,48060,48170,48190,48060,48080,48180,48180,48055,48070,48175
2025-07-24 01:15:00,40000,48290,48120,48170,48290,48300,48130,48180,48300,48295,48125,48175,48295
2025-07-24 01:20:00,44900,48390,48260,48290,48370,48400,48280,48300,48390,48395,48270,48295,48380
2025-07-24 01:25:00,30600,48420,48310,48370,48340,48440,48330,48390,48370,48430,48320,48380,48355
2025-07-24 01:30:00,22300,48400,48310,48340,48350,48410,48320,48370,48370,48405,48315,48355,48360
2025-07-24 01:35:00,12900,48390,48330,48350,48350,48400,48340,48370,48360,48395,48335,48360,48355
2025-07-24 01:40:00,17600,48370,48280,48350,48290,48380,48300,48360,48310,48375,48290,48355,48300
2025-07-24 01:45:00,21800,48300,48110,48290,48160,48320,48140,48310,48170,48310,48125,48300,48165
2025-07-24 01:50:00,16400,48280,48160,48160,48260,48290,48170,48170,48270,48285,48165,48165,48265
2025-07-24 01:55:00,17100,48360,48240,48260,48330,48370,48250,48270,48350,48365,48245,48265,48340
2025-07-24 02:00:00,10400,48370,48300,48330,48310,48380,48320,48350,48330,48375,48310,48340,48320
2025-07-24 02:05:00,9100,48310,48250,48310,48250,48330,48260,48330,48260,48320,48255,48320,48255
2025-07-24 02:10:00,12900,48250,48170,48250,48170,48260,48190,48260,48190,48255,48180,48255,48180
2025-07-24 02:15:00,9600,48210,48150,48170,48180,48220,48160,48190,48210,48215,48155,48180,48195
2025-07-24 02:20:00,8100,48200,48150,48180,48190,48210,48160,48210,48200,48205,48155,48195,48195
2025-07-24 02:25:00,9700,48250,48180,48190,48230,48260,48190,48210,48250,48255,48185,48200,48240
2025-07-24 02:30:00,10400,48230,48230,48230,48230,48250,48250,48250,48250,48240,48240,48240,48240
2025-07-24 03:30:00,59800,48320,48140,48290,48280,48330,48160,48300,48300,48325,48155,48295,48290
2025-07-24 03:35:00,21900,48360,48280,48280,48340,48370,48300,48300,48360,48365,48290,48290,48350
2025-07-24 03:40:00,17600,48370,48240,48340,48240,48390,48250,48360,48260,48380,48245,48350,48250
2025-07-24 03:45:00,33200,48240,48050,48240,48080,48260,48060,48260,48100,48250,48055,48250,48090
2025-07-24 03:50:00,13900,48190,48070,48080,48170,48200,48090,48100,48180,48195,48080,48090,48175
2025-07-24 03:55:00,14500,48230,48140,48170,48180,48240,48160,48180,48200,48235,48150,48175,48190
2025-07-24 04:00:00,6500,48190,48130,48180,48190,48210,48140,48200,48200,48200,48135,48190,48195
2025-07-24 04:05:00,10600,48220,48150,48190,48160,48230,48170,48200,48180,48225,48160,48195,48170
2025-07-24 04:10:00,7500,48180,48130,48160,48150,48190,48140,48180,48160,48185,48135,48170,48155
2025-07-24 04:15:00,9100,48160,48100,48150,48100,48170,48110,48160,48120,48165,48105,48155,48110
2025-07-24 04:20:00,21300,48110,48020,48100,48050,48120,48040,48120,48060,48115,48030,48110,48055
2025-07-24 04:25:00,13400,48100,48020,48050,48090,48110,48030,48060,48100,48105,48025,48055,48095
2025-07-24 04:30:00,10000,48110,48060,48090,48110,48120,48070,48100,48120,48115,48065,48095,48115
2025-07-24 04:35:00,8400,48130,48080,48110,48100,48150,48090,48120,48120,48140,48085,48115,48110
2025-07-24 04:40:00,5900,48150,48100,48100,48120,48160,48110,48120,48130,48155,48105,48110,48125
2025-07-24 04:45:00,8900,48170,48120,48120,48160,48180,48130,48130,48170,48175,48125,48125,48165
2025-07-24 04:50:00,12500,48180,48130,48160,48170,48190,48140,48170,48180,48185,48135,48165,48175
2025-07-24 04:55:00,14800,48220,48160,48170,48160,48230,48170,48180,48170,48225,48165,48175,48165
2025-07-24 05:00:00,14700,48200,48150,48160,48170,48210,48160,48170,48180,48205,48155,48165,48175
2025-07-24 05:05:00,7800,48170,48140,48170,48150,48180,48150,48180,48160,48175,48145,48175,48155
2025-07-24 05:10:00,7200,48150,48100,48150,48110,48160,48110,48160,48130,48155,48105,48155,48120
2025-07-24 05:15:00,11000,48160,48090,48110,48090,48170,48100,48130,48110,48165,48095,48120,48100
2025-07-24 05:20:00,9800,48120,48080,48090,48090,48150,48090,48110,48110,48135,48085,48100,48100
2025-07-24 05:25:00,10300,48100,48070,48090,48090,48110,48080,48110,48100,48105,48075,48100,48095
2025-07-24 05:30:00,12000,48130,48070,48090,48110,48140,48080,48100,48120,48135,48075,48095,48115
2025-07-24 05:35:00,14400,48140,48110,48110,48120,48150,48120,48120,48140,48145,48115,48115,48130
2025-07-24 05:40:00,14300,48170,48120,48120,48150,48180,48130,48140,48160,48175,48125,48130,48155
2025-07-24 05:45:00,21800,48220,48130,48150,48210,48230,48140,48160,48220,48225,48135,48155,48215
2025-07-24 05:50:00,12100,48230,48180,48210,48210,48250,48190,48220,48220,48240,48185,48215,48215
2025-07-24 05:55:00,10400,48230,48180,48210,48180,48240,48190,48220,48190,48235,48185,48215,48185
2025-07-24 06:00:00,16700,48250,48170,48180,48250,48260,48180,48190,48260,48255,48175,48185,48255
2025-07-24 06:05:00,12100,48250,48180,48250,48200,48260,48190,48260,48210,48255,48185,48255,48205
2025-07-24 06:10:00,8500,48200,48160,48200,48190,48210,48170,48210,48200,48205,48165,48205,48195
2025-07-24 06:15:00,24000,48200,48070,48190,48070,48210,48090,48200,48090,48205,48080,48195,48080
2025-07-24 06:20:00,27100,48100,47990,48070,47990,48120,48000,48090,48010,48110,47995,48080,48000
2025-07-24 06:25:00,,48120,47070,47580,48010,48130,47070,47590,48020,48125,47070,47585,48015
2025-07-24 06:30:00,329900,48000,48000,48000,48000,48020,48020,48020,48020,48010,48010,48010,48010
2025-07-25 00:00:00,84600,48180,47600,47600,48070,48200,47610,47610,48100,48190,47605,47605,48085
2025-07-25 00:05:00,53300,48360,47960,48070,48270,48380,47980,48100,48300,48365,47970,48085,48285
2025-07-25 00:10:00,16000,48320,48220,48270,48290,48330,48250,48300,48320,48325,48235,48285,48305
2025-07-25 00:15:00,27100,48340,48170,48290,48230,48350,48190,48320,48250,48345,48180,48305,48240
2025-07-25 00:20:00,33700,48420,48220,48230,48360,48430,48240,48250,48370,48425,48230,48240,48365
2025-07-25 00:25:00,19800,48360,48170,48360,48220,48370,48180,48370,48240,48365,48175,48365,48230
2025-07-25 00:30:00,17700,48230,48070,48220,48130,48240,48080,48240,48150,48235,48075,48230,48140
2025-07-25 00:35:00,12200,48170,48040,48130,48060,48180,48050,48150,48080,48175,48045,48140,48070
2025-07-25 00:40:00,9100,48110,48040,48060,48040,48120,48050,48080,48060,48115,48045,48070,48050
2025-07-25 00:45:00,9500,48120,48040,48040,48080,48130,48060,48060,48100,48125,48050,48050,48090
2025-07-25 00:50:00,8500,48140,48070,48080,48090,48150,48080,48100,48120,48145,48075,48090,48105
2025-07-25 00:55:00,9300,48150,48090,48090,48120,48170,48100,48120,48140,48160,48095,48105,48130
2025-07-25 01:00:00,11100,48140,48040,48120,48080,48160,48050,48140,48100,48150,48045,48130,48090
2025-07-25 01:05:00,5700,48110,48040,48080,48090,48120,48050,48100,48110,48115,48045,48090,48100
2025-07-25 01:10:00,3500,48110,48060,48090,48070,48120,48080,48110,48080,48115,48070,48100,48075
2025-07-25 01:15:00,13500,48130,48030,48070,48120,48140,48040,48080,48140,48135,48035,48075,48130
2025-07-25 01:20:00,9200,48160,48080,48120,48080,48170,48090,48140,48100,48165,48085,48130,48090
2025-07-25 01:25:00,4700,48090,48050,48080,48070,48110,48070,48100,48080,48100,48060,48090,48075
2025-07-25 01:30:00,16800,48080,47990,48070,48020,48090,48000,48080,48040,48085,47995,48075,48030
2025-07-25 01:35:00,15900,48040,47900,48020,47920,48050,47910,48040,47940,48045,47905,48030,47930
2025-07-25 01:40:00,5500,48010,47920,47920,47970,48020,47930,47940,47990,48015,47925,47930,47980
2025-07-25 01:45:00,11700,47980,47870,47980,47880,47990,47880,47990,47900,47985,47875,47985,47890
2025-07-25 01:50:00,7700,47890,47830,47880,47850,47900,47840,47900,47860,47895,47835,47890,47855
2025-07-25 01:55:00,4600,47890,47850,47850,47890,47900,47860,47860,47900,47895,47855,47855,47895
2025-07-25 02:00:00,8400,47900,47820,47890,47820,47910,47830,47900,47840,47905,47825,47895,47830
2025-07-25 02:05:00,5800,47830,47800,47820,47800,47840,47810,47840,47810,47835,47805,47830,47805
2025-07-25 02:10:00,8700,47870,47770,47800,47860,47880,47780,47810,47880,47875,47775,47805,47870
2025-07-25 02:15:00,3900,47880,47840,47860,47870,47890,47850,47880,47880,47885,47845,47870,47875
2025-07-25 02:20:00,4200,47870,47820,47870,47840,47890,47840,47880,47860,47880,47830,47875,47850
2025-07-25 02:25:00,6700,47880,47820,47840,47830,47890,47840,47860,47870,47885,47830,47850,47850
2025-07-25 02:30:00,9300,47820,47820,47820,47820,47870,47870,47870,47870,47845,47845,47845,47845
2025-07-25 03:30:00,27000,47890,47810,47820,47810,47910,47820,47860,47830,47900,47815,47840,47820
2025-07-25 03:35:00,9300,47810,47760,47810,47760,47830,47770,47830,47780,47820,47765,47820,47770
2025-07-25 03:40:00,7000,47780,47750,47760,47780,47800,47760,47780,47790,47790,47755,47770,47785
2025-07-25 03:45:00,9200,47780,47710,47780,47720,47790,47720,47790,47730,47785,47715,47785,47725
2025-07-25 03:50:00,6700,47760,47710,47720,47710,47770,47720,47730,47730,47765,47715,47725,47720
2025-07-25 03:55:00,4700,47730,47700,47710,47720,47740,47720,47730,47740,47735,47710,47720,47730
2025-07-25 04:00:00,15600,47720,47600,47720,47630,47740,47610,47740,47650,47730,47605,47730,47640
2025-07-25 04:05:00,4400,47640,47610,47620,47620,47650,47620,47650,47640,47645,47615,47635,47630
2025-07-25 04:10:00,6500,47670,47620,47620,47650,47680,47630,47640,47660,47675,47625,47630,47655
2025-07-25 04:15:00,6800,47720,47640,47650,47710,47730,47650,47660,47730,47725,47645,47655,47720
2025-07-25 04:20:00,7800,47720,47680,47710,47710,47730,47690,47730,47730,47725,47685,47720,47720
2025-07-25 04:25:00,4700,47730,47670,47710,47690,47740,47680,47730,47700,47735,47675,47720,47695
2025-07-25 04:30:00,8800,47690,47640,47690,47640,47710,47650,47700,47660,47700,47645,47695,47650
2025-07-25 04:35:00,19200,47640,47530,47640,47540,47660,47540,47660,47560,47650,47535,47650,47550
2025-07-25 04:40:00,16100,47550,47470,47540,47470,47560,47480,47560,47480,47555,47475,47550,47475
2025-07-25 04:45:00,13600,47470,47380,47470,47430,47480,47400,47480,47440,47475,47390,47475,47435
2025-07-25 04:50:00,5100,47470,47400,47420,47450,47480,47420,47440,47480,47475,47410,47430,47465
2025-07-25 04:55:00,7100,47460,47400,47450,47400,47480,47410,47480,47420,47470,47405,47465,47410
2025-07-25 05:00:00,6500,47440,47380,47410,47440,47450,47390,47420,47450,47445,47385,47415,47445
2025-07-25 05:05:00,6000,47490,47440,47440,47440,47500,47450,47450,47450,47495,47445,47445,47445
2025-07-25 05:10:00,2000,47470,47430,47440,47470,47480,47440,47450,47480,47475,47435,47445,47475
2025-07-25 05:15:00,4900,47500,47470,47470,47490,47510,47480,47480,47500,47505,47475,47475,47495
2025-07-25 05:20:00,7000,47500,47430,47490,47440,47510,47440,47500,47460,47505,47435,47495,47450
2025-07-25 05:25:00,3500,47460,47430,47440,47430,47480,47440,47460,47450,47470,47435,47450,47440
2025-07-25 05:30:00,10200,47440,47390,47430,47390,47450,47400,47450,47400,47445,47395,47440,47395
2025-07-25 05:35:00,3800,47430,47390,47390,47430,47440,47400,47400,47440,47435,47395,47395,47435
2025-07-25 05:40:00,6100,47430,47390,47430,47390,47440,47400,47440,47400,47435,47395,47435,47395
2025-07-25 05:45:00,5700,47450,47390,47390,47440,47460,47400,47400,47460,47455,47395,47395,47450
2025-07-25 05:50:00,7200,47500,47440,47440,47480,47510,47450,47460,47490,47505,47445,47450,47485
2025-07-25 05:55:00,7100,47480,47410,47480,47420,47500,47420,47490,47440,47490,47415,47485,47430
2025-07-25 06:00:00,17700,47470,47340,47420,47340,47480,47350,47440,47360,47475,47345,47430,47350
2025-07-25 06:05:00,5200,47380,47340,47340,47370,47400,47350,47360,47380,47390,47345,47350,47375
2025-07-25 06:10:00,5800,47390,47360,47370,47390,47400,47370,47380,47400,47395,47365,47375,47395
2025-07-25 06:15:00,10700,47430,47370,47390,47370,47450,47380,47400,47380,47440,47375,47395,47375
2025-07-25 06:20:00,23100,47390,47290,47370,47290,47400,47310,47380,47310,47395,47300,47375,47300
2025-07-25 06:25:00,,47790,47240,47250,47410,47800,47250,47260,47420,47795,47245,47255,47415
2025-07-25 06:30:00,254500,47400,47400,47400,47400,47430,47430,47430,47430,47415,47415,47415,47415
2025-07-28 00:00:00,84400,47990,47660,47750,47700,48000,47700,47760,47740,47995,47680,47755,47720
2025-07-28 00:05:00,35500,47700,47310,47700,47310,47740,47330,47740,47330,47720,47320,47720,47320
2025-07-28 00:10:00,17000,47450,47300,47310,47410,47470,47330,47330,47440,47460,47315,47320,47425
2025-07-28 00:15:00,25800,47590,47400,47410,47540,47610,47420,47440,47560,47595,47410,47425,47550
2025-07-28 00:20:00,8400,47580,47520,47540,47550,47600,47540,47560,47570,47590,47530,47550,47560
2025-07-28 00:25:00,6500,47600,47520,47550,47550,47610,47530,47570,47580,47605,47525,47560,47565
2025-07-28 00:30:00,7400,47570,47510,47550,47530,47590,47520,47580,47560,47580,47515,47565,47545
2025-07-28 00:35:00,9200,47620,47520,47530,47540,47630,47550,47560,47560,47625,47535,47545,47550
2025-07-28 00:40:00,9200,47540,47470,47540,47470,47560,47480,47550,47490,47550,47475,47545,47480
2025-07-28 00:45:00,6000,47500,47430,47470,47430,47510,47440,47490,47450,47505,47435,47480,47440
2025-07-28 00:50:00,4900,47450,47400,47430,47400,47460,47410,47450,47430,47455,47405,47440,47415
2025-07-28 00:55:00,14500,47450,47290,47400,47310,47460,47300,47430,47320,47455,47295,47415,47315
2025-07-28 01:00:00,13900,47320,47260,47310,47270,47340,47270,47320,47290,47330,47265,47315,47280
2025-07-28 01:05:00,7100,47360,47260,47270,47340,47370,47270,47290,47360,47365,47265,47280,47350
2025-07-28 01:10:00,4600,47370,47290,47340,47320,47380,47300,47360,47340,47375,47295,47350,47330
2025-07-28 01:15:00,7600,47380,47290,47320,47300,47400,47300,47340,47330,47390,47295,47330,47315
2025-07-28 01:20:00,4100,47360,47300,47310,47310,47380,47310,47330,47330,47365,47305,47320,47320
2025-07-28 01:25:00,5400,47330,47280,47310,47320,47340,47290,47330,47340,47335,47285,47320,47330
2025-07-28 01:30:00,13700,47340,47240,47320,47240,47350,47260,47340,47260,47345,47250,47330,47250
2025-07-28 01:35:00,41300,47250,47060,47240,47140,47270,47070,47260,47170,47260,47065,47250,47155
2025-07-28 01:40:00,7600,47180,47100,47140,47120,47190,47110,47170,47140,47185,47105,47155,47130
2025-07-28 01:45:00,3400,47160,47090,47120,47120,47170,47100,47140,47140,47165,47095,47130,47130
2025-07-28 01:50:00,4900,47150,47070,47120,47080,47160,47080,47140,47100,47155,47075,47130,47090
2025-07-28 01:55:00,8900,47100,47020,47080,47050,47110,47030,47100,47060,47105,47025,47090,47055
2025-07-28 02:00:00,16100,47050,46960,47050,46990,47070,46980,47060,47010,47060,46970,47055,47000
2025-07-28 02:05:00,4800,47010,46960,46990,46990,47030,46970,47010,47010,47020,46965,47000,47000
2025-07-28 02:10:00,6000,47000,46960,46990,46970,47020,46980,47010,46990,47005,46970,47000,46980
2025-07-28 02:15:00,7900,46970,46900,46970,46910,46990,46910,46990,46930,46980,46905,46980,46920
2025-07-28 02:20:00,4000,46940,46910,46910,46940,46950,46930,46930,46950,46945,46920,46920,46945
2025-07-28 02:25:00,6000,46950,46910,46940,46910,46960,46920,46950,46920,46955,46915,46945,46915
2025-07-28 02:30:00,5800,46910,46910,46910,46910,46930,46930,46930,46930,46920,46920,46920,46920
2025-07-28 03:30:00,28900,47050,46990,47000,47040,47080,47000,47000,47060,47065,46995,47000,47050
2025-07-28 03:35:00,8700,47080,47000,47040,47060,47090,47010,47060,47080,47085,47005,47050,47070
2025-07-28 03:40:00,8800,47090,47020,47060,47050,47100,47030,47080,47070,47095,47025,47070,47060
2025-07-28 03:45:00,6300,47050,46960,47050,47000,47070,46980,47070,47020,47060,46970,47060,47010
2025-07-28 03:50:00,5400,47080,46990,47000,47060,47090,47010,47020,47080,47085,47000,47010,47070
2025-07-28 03:55:00,6500,47070,47010,47060,47020,47080,47020,47080,47040,47075,47015,47070,47030
2025-07-28 04:00:00,3300,47080,47020,47020,47060,47090,47030,47040,47080,47085,47025,47030,47070
2025-07-28 04:05:00,6400,47090,47030,47060,47050,47110,47050,47080,47060,47100,47040,47070,47055
2025-07-28 04:10:00,4300,47060,47020,47050,47020,47080,47030,47060,47040,47070,47025,47055,47030
2025-07-28 04:15:00,5800,47020,46980,47020,46980,47040,46990,47040,47000,47030,46985,47030,46990
2025-07-28 04:20:00,5000,47000,46960,46980,46960,47020,46970,47000,46970,47010,46965,46990,46965
2025-07-28 04:25:00,7600,47010,46960,46960,46980,47020,46970,46970,47000,47015,46965,46965,46990
2025-07-28 04:30:00,3200,47020,46980,46980,47000,47050,46990,47000,47020,47035,46985,46990,47010
2025-07-28 04:35:00,2800,47000,46980,47000,46990,47020,46990,47020,47010,47010,46985,47010,47000
2025-07-28 04:40:00,6300,47020,46970,46990,47000,47040,46980,47010,47010,47030,46975,47000,47005
2025-07-28 04:45:00,6700,47000,46950,47000,46960,47010,46960,47010,46970,47005,46955,47005,46965
2025-07-28 04:50:00,4300,47010,46960,46960,46980,47020,46970,46970,47000,47015,46965,46965,46990
2025-07-28 04:55:00,2200,46990,46970,46980,46970,47000,46980,47000,46980,46995,46975,46990,46975
2025-07-28 05:00:00,4800,47000,46970,46970,46980,47010,46980,46980,46990,47005,46975,46975,46985
2025-07-28 05:05:00,4000,47010,46970,46980,46990,47020,46990,46990,47010,47015,46980,46985,47000
2025-07-28 05:10:00,3700,47010,46980,46990,46990,47020,46990,47010,47010,47015,46985,47000,47000
2025-07-28 05:15:00,2500,47010,46980,46990,47000,47020,47000,47010,47010,47015,46990,47000,47005
2025-07-28 05:20:00,10600,47060,46990,47000,47010,47070,47010,47010,47030,47065,47000,47005,47020
2025-07-28 05:25:00,4100,47040,47000,47010,47010,47050,47020,47030,47030,47045,47010,47020,47020
2025-07-28 05:30:00,8900,47020,46960,47010,46970,47030,46970,47030,46980,47025,46965,47020,46975
2025-07-28 05:35:00,12300,46980,46930,46970,46970,46990,46940,46980,46990,46985,46935,46975,46980
2025-07-28 05:40:00,3800,47000,46970,46970,46990,47010,46980,46990,47000,47005,46975,46980,46995
2025-07-28 05:45:00,4300,47010,46960,46990,46970,47030,46980,47000,46990,47020,46970,46995,46980
2025-07-28 05:50:00,5200,46980,46930,46970,46940,47000,46940,46990,46950,46990,46935,46980,46945
2025-07-28 05:55:00,6200,46990,46940,46940,46980,47000,46950,46950,46990,46995,46945,46945,46985
2025-07-28 06:00:00,2900,46990,46950,46980,46990,47000,46960,46990,47000,46995,46955,46985,46995
2025-07-28 06:05:00,7300,47030,46980,46990,47010,47040,46990,47000,47030,47035,46985,46995,47020
2025-07-28 06:10:00,7600,47070,47010,47010,47070,47080,47030,47030,47080,47075,47020,47020,47075
2025-07-28 06:15:00,12400,47120,47050,47070,47110,47130,47060,47080,47130,47125,47055,47075,47120
2025-07-28 06:20:00,16300,47140,47060,47110,47070,47150,47080,47130,47090,47145,47070,47120,47080
2025-07-28 06:25:00,,47040,46660,46850,47040,47050,46670,46850,47050,47045,46665,46850,47045
2025-07-28 06:30:00,146300,47040,47040,47040,47040,47080,47080,47080,47080,47060,47060,47060,47060
2025-07-29 00:00:00,60200,47080,46750,46800,46980,47100,46780,46810,47000,47085,46765,46805,46990
2025-07-29 00:05:00,9600,47000,46860,46980,46870,47010,46880,47000,46890,47005,46870,46990,46880
2025-07-29 00:10:00,10700,46960,46820,46870,46850,46980,46840,46890,46890,46970,46830,46880,46870
2025-07-29 00:15:00,8600,46920,46850,46850,46890,46940,46860,46880,46910,46930,46855,46865,46900
2025-07-29 00:20:00,6300,46920,46880,46890,46900,46930,46890,46910,46920,46925,46885,46900,46910
2025-07-29 00:25:00,13100,47010,46880,46900,46960,47030,46900,46920,46970,47020,46890,46910,46965
2025-07-29 00:30:00,9200,46970,46860,46960,46900,46990,46880,46970,46930,46980,46870,46965,46915
2025-07-29 00:35:00,10600,47010,46900,46900,46910,47030,46920,46930,46920,47020,46910,46915,46915
2025-07-29 00:40:00,10600,46950,46870,46910,46870,46960,46880,46920,46890,46955,46875,46915,46880
2025-07-29 00:45:00,17900,46870,46770,46870,46770,46890,46790,46890,46790,46880,46780,46880,46780
2025-07-29 00:50:00,10900,46820,46740,46770,46740,46830,46750,46790,46750,46825,46745,46780,46745
2025-07-29 00:55:00,8300,46880,46740,46740,46870,46890,46750,46750,46890,46885,46745,46745,46880
2025-07-29 01:00:00,4700,46880,46820,46870,46820,46890,46830,46890,46840,46885,46825,46880,46830
2025-07-29 01:05:00,5900,46820,46760,46820,46780,46840,46780,46840,46800,46830,46770,46830,46790
2025-07-29 01:10:00,4800,46810,46760,46780,46790,46830,46770,46800,46810,46820,46765,46790,46800
2025-07-29 01:15:00,3400,46830,46790,46790,46800,46840,46800,46810,46810,46835,46795,46800,46805
2025-07-29 01:20:00,14700,46800,46710,46800,46730,46810,46720,46810,46750,46805,46715,46805,46740
2025-07-29 01:25:00,11900,46750,46640,46730,46650,46770,46650,46750,46660,46760,46645,46740,46655
2025-07-29 01:30:00,6700,46690,46630,46650,46680,46700,46640,46660,46700,46695,46635,46655,46690
2025-07-29 01:35:00,21700,46880,46680,46680,46800,46890,46690,46700,46820,46885,46685,46690,46810
2025-07-29 01:40:00,4800,46830,46750,46800,46790,46850,46760,46820,46800,46840,46755,46810,46795
2025-07-29 01:45:00,3500,46820,46760,46790,46790,46830,46780,46800,46810,46825,46770,46795,46800
2025-07-29 01:50:00,12600,46900,46770,46790,46890,46920,46780,46810,46910,46910,46775,46800,46900
2025-07-29 01:55:00,7000,46930,46800,46890,46800,46940,46820,46910,46820,46935,46810,46900,46810
2025-07-29 02:00:00,4900,46820,46760,46800,46800,46830,46780,46820,46820,46825,46770,46810,46810
2025-07-29 02:05:00,3600,46820,46760,46800,46760,46830,46770,46820,46780,46825,46765,46810,46770
2025-07-29 02:10:00,4300,46760,46720,46760,46740,46780,46740,46780,46760,46770,46730,46770,46750
2025-07-29 02:15:00,14400,46750,46650,46740,46660,46760,46660,46760,46670,46755,46655,46750,46665
2025-07-29 02:20:00,4300,46680,46650,46660,46660,46700,46660,46670,46680,46685,46655,46665,46670
2025-07-29 02:25:00,15000,46660,46570,46660,46580,46680,46590,46680,46610,46670,46580,46670,46595
2025-07-29 02:30:00,10300,46580,46580,46580,46580,46620,46620,46620,46620,46600,46600,46600,46600
2025-07-29 03:30:00,25600,46700,46630,46640,46640,46740,46640,46640,46650,46710,46635,46640,46645
2025-07-29 03:35:00,3900,46660,46630,46640,46630,46670,46640,46650,46640,46665,46635,46645,46635
2025-07-29 03:40:00,18300,46750,46600,46630,46690,46760,46610,46640,46720,46755,46605,46635,46705
2025-07-29 03:45:00,3200,46720,46660,46690,46680,46740,46680,46720,46690,46730,46670,46705,46685
2025-07-29 03:50:00,5500,46680,46630,46680,46650,46690,46650,46690,46670,46685,46640,46685,46660
2025-07-29 03:55:00,1600,46710,46650,46650,46680,46720,46670,46670,46700,46715,46660,46660,46690
2025-07-29 04:00:00,3300,46700,46680,46680,46680,46720,46690,46700,46700,46710,46685,46690,46690
2025-07-29 04:05:00,2100,46680,46640,46680,46640,46700,46650,46700,46650,46690,46645,46690,46645
2025-07-29 04:10:00,5700,46650,46620,46640,46640,46670,46630,46650,46660,46660,46625,46645,46650
2025-07-29 04:15:00,1800,46660,46630,46640,46630,46670,46640,46660,46650,46665,46635,46650,46640
2025-07-29 04:20:00,3800,46640,46610,46630,46640,46650,46630,46650,46650,46645,46620,46640,46645
2025-07-29 04:25:00,2400,46640,46610,46640,46630,46650,46630,46650,46650,46645,46620,46645,46640
2025-07-29 04:30:00,1900,46630,46620,46630,46620,46650,46630,46650,46640,46640,46625,46640,46630
2025-07-29 04:35:00,9200,46630,46580,46620,46590,46640,46590,46640,46610,46635,46585,46630,46600
2025-07-29 04:40:00,16300,46590,46510,46590,46510,46610,46520,46610,46530,46600,46515,46600,46520
2025-07-29 04:45:00,11400,46520,46480,46510,46500,46530,46490,46520,46510,46525,46485,46515,46505
2025-07-29 04:50:00,4800,46560,46500,46500,46560,46570,46510,46510,46570,46565,46505,46505,46565
2025-07-29 04:55:00,3300,46570,46540,46560,46560,46580,46550,46570,46570,46575,46545,46565,46565
2025-07-29 05:00:00,3400,46560,46530,46560,46530,46570,46540,46570,46540,46565,46535,46565,46535
2025-07-29 05:05:00,2100,46550,46530,46530,46540,46560,46540,46540,46560,46555,46535,46535,46550
2025-07-29 05:10:00,2900,46550,46530,46540,46540,46570,46540,46560,46550,46560,46535,46550,46545
2025-07-29 05:15:00,3700,46540,46510,46540,46530,46550,46520,46550,46540,46545,46515,46545,46535
2025-07-29 05:20:00,2700,46570,46530,46530,46550,46580,46550,46550,46570,46575,46540,46540,46560
2025-07-29 05:25:00,5400,46550,46510,46550,46520,46570,46520,46570,46530,46560,46515,46560,46525
2025-07-29 05:30:00,2700,46540,46520,46520,46530,46550,46530,46530,46540,46545,46525,46525,46535
2025-07-29 05:35:00,4300,46540,46520,46530,46530,46550,46530,46540,46550,46545,46525,46535,46540
2025-07-29 05:40:00,4100,46580,46530,46530,46570,46590,46550,46550,46580,46585,46540,46540,46575
2025-07-29 05:45:00,9700,46660,46560,46570,46660,46670,46580,46580,46670,46665,46570,46575,46665
2025-07-29 05:50:00,4800,46670,46640,46660,46650,46680,46650,46670,46660,46675,46645,46665,46655
2025-07-29 05:55:00,9300,46670,46630,46650,46660,46680,46640,46660,46680,46675,46635,46655,46670
2025-07-29 06:00:00,7100,46710,46660,46660,46700,46720,46670,46680,46710,46715,46665,46670,46705
2025-07-29 06:05:00,14500,46770,46690,46700,46730,46780,46700,46710,46750,46775,46695,46705,46740
2025-07-29 06:10:00,4500,46760,46720,46730,46750,46780,46730,46750,46770,46770,46725,46740,46760
2025-07-29 06:15:00,10600,46780,46700,46750,46730,46790,46720,46770,46750,46785,46710,46760,46740
2025-07-29 06:20:00,11200,46790,46730,46730,46770,46810,46750,46750,46780,46800,46740,46740,46775
2025-07-29 06:25:00,,46830,46450,46500,46820,46840,46460,46510,46830,46835,46455,46505,46825
2025-07-29 06:30:00,266300,46810,46810,46810,46810,46830,46830,46830,46830,46820,46820,46820,46820
2025-07-30 00:00:00,63300,46840,46630,46710,46650,46850,46660,46720,46680,46845,46645,46715,46665
2025-07-30 00:05:00,11700,46670,46530,46650,46550,46680,46540,46680,46570,46675,46535,46665,46560
2025-07-30 00:10:00,21500,46570,46400,46550,46450,46580,46410,46570,46480,46575,46405,46560,46465
2025-07-30 00:15:00,25200,46490,46300,46450,46330,46500,46310,46480,46350,46495,46305,46465,46340
2025-07-30 00:20:00,10800,46410,46320,46330,46380,46430,46330,46350,46400,46420,46325,46340,46390
2025-07-30 00:25:00,8200,46440,46360,46380,46380,46450,46370,46400,46400,46445,46365,46390,46390
2025-07-30 00:30:00,7000,46410,46340,46380,46410,46430,46350,46400,46430,46420,46345,46390,46420
2025-07-30 00:35:00,5400,46440,46350,46410,46360,46450,46360,46430,46380,46445,46355,46420,46370
2025-07-30 00:40:00,16200,46360,46240,46360,46270,46380,46250,46380,46280,46370,46245,46370,46275
2025-07-30 00:45:00,8100,46280,46230,46270,46280,46290,46240,46290,46290,46285,46235,46280,46285
2025-07-30 00:50:00,5800,46320,46270,46270,46290,46340,46280,46290,46310,46330,46275,46280,46300
2025-07-30 00:55:00,6400,46340,46280,46290,46280,46350,46290,46310,46300,46345,46285,46300,46290
2025-07-30 01:00:00,4000,46330,46270,46280,46300,46340,46280,46300,46330,46335,46275,46290,46315
2025-07-30 01:05:00,4100,46350,46270,46300,46330,46360,46290,46330,46340,46355,46280,46315,46335
2025-07-30 01:10:00,5100,46370,46300,46330,46340,46380,46320,46340,46360,46375,46310,46335,46350
2025-07-30 01:15:00,7300,46340,46260,46340,46260,46370,46270,46360,46280,46355,46265,46350,46270
2025-07-30 01:20:00,14500,46270,46210,46260,46240,46290,46220,46280,46260,46280,46215,46270,46250
2025-07-30 01:25:00,4000,46260,46210,46240,46230,46270,46220,46260,46240,46265,46215,46250,46235
2025-07-30 01:30:00,16500,46230,46120,46230,46150,46240,46130,46240,46160,46235,46125,46235,46155
2025-07-30 01:35:00,7900,46190,46120,46150,46120,46200,46130,46160,46140,46195,46125,46155,46130
2025-07-30 01:40:00,4700,46170,46120,46120,46160,46190,46130,46140,46170,46180,46125,46130,46165
2025-07-30 01:45:00,5500,46230,46160,46160,46230,46250,46170,46170,46240,46240,46165,46165,46235
2025-07-30 01:50:00,5100,46260,46180,46230,46190,46270,46190,46240,46210,46265,46185,46235,46200
2025-07-30 01:55:00,1800,46250,46180,46190,46240,46260,46200,46210,46260,46255,46190,46200,46250
2025-07-30 02:00:00,4100,46280,46220,46240,46220,46290,46230,46260,46240,46285,46225,46250,46230
2025-07-30 02:05:00,3500,46240,46190,46220,46190,46250,46200,46240,46200,46245,46195,46230,46195
2025-07-30 02:10:00,2900,46230,46190,46190,46220,46240,46200,46200,46240,46235,46195,46195,46230
2025-07-30 02:15:00,4700,46270,46220,46220,46240,46280,46230,46240,46250,46275,46225,46230,46245
2025-07-30 02:20:00,3400,46250,46210,46240,46220,46270,46220,46250,46240,46260,46215,46245,46230
2025-07-30 02:25:00,6700,46230,46200,46220,46210,46250,46210,46240,46240,46240,46205,46230,46225
2025-07-30 02:30:00,5700,46210,46210,46210,46210,46250,46250,46250,46250,46230,46230,46230,46230
2025-07-30 03:30:00,24300,46200,46130,46200,46150,46230,46150,46230,46170,46215,46140,46215,46160
2025-07-30 03:35:00,7800,46220,46150,46150,46210,46240,46160,46170,46220,46230,46155,46160,46215
2025-07-30 03:40:00,4200,46230,46190,46210,46200,46240,46200,46220,46210,46235,46195,46215,46205
2025-07-30 03:45:00,3700,46210,46180,46200,46190,46220,46200,46210,46210,46215,46190,46205,46200
2025-07-30 03:50:00,4700,46200,46170,46190,46180,46220,46190,46210,46200,46210,46180,46200,46190
2025-07-30 03:55:00,3100,46180,46160,46180,46170,46210,46170,46200,46180,46195,46165,46190,46175
2025-07-30 04:00:00,6000,46200,46160,46170,46190,46210,46180,46180,46210,46205,46170,46175,46200
2025-07-30 04:05:00,3800,46210,46180,46190,46200,46220,46190,46210,46220,46215,46185,46200,46210
2025-07-30 04:10:00,2100,46210,46190,46200,46200,46220,46210,46220,46220,46215,46205,46210,46210
2025-07-30 04:15:00,2800,46210,46180,46200,46190,46220,46190,46220,46210,46215,46185,46210,46200
2025-07-30 04:20:00,2500,46230,46190,46190,46210,46240,46210,46210,46230,46235,46200,46200,46220
2025-07-30 04:25:00,1800,46220,46180,46210,46180,46230,46190,46230,46200,46225,46185,46220,46190
2025-07-30 04:30:00,3600,46200,46170,46180,46170,46220,46180,46200,46190,46210,46175,46190,46180
2025-07-30 04:35:00,3600,46190,46170,46170,46180,46210,46180,46190,46200,46200,46175,46180,46190
2025-07-30 04:40:00,6500,46180,46160,46180,46170,46200,46170,46200,46180,46190,46165,46190,46175
2025-07-30 04:45:00,3100,46180,46150,46170,46150,46190,46160,46180,46160,46185,46155,46175,46155
2025-07-30 04:50:00,3500,46180,46150,46150,46170,46190,46160,46160,46180,46185,46155,46155,46175
2025-07-30 04:55:00,2300,46170,46150,46170,46160,46180,46160,46180,46170,46175,46155,46175,46165
2025-07-30 05:00:00,12000,46160,46130,46160,46140,46180,46140,46170,46160,46170,46135,46165,46150
2025-07-30 05:05:00,11600,46140,46110,46140,46120,46160,46120,46160,46130,46150,46115,46150,46125
2025-07-30 05:10:00,18700,46120,46070,46120,46070,46140,46080,46130,46090,46130,46075,46125,46080
2025-07-30 05:15:00,6600,46110,46050,46070,46100,46120,46060,46090,46110,46115,46055,46080,46105
2025-07-30 05:20:00,2100,46110,46090,46100,46100,46120,46100,46110,46110,46115,46095,46105,46105
2025-07-30 05:25:00,7500,46160,46100,46100,46150,46170,46110,46110,46160,46165,46105,46105,46155
2025-07-30 05:30:00,5700,46180,46140,46150,46140,46190,46150,46160,46160,46185,46145,46155,46150
2025-07-30 05:35:00,3200,46180,46140,46140,46170,46190,46150,46150,46190,46185,46145,46145,46180
2025-07-30 05:40:00,3500,46190,46160,46170,46170,46200,46170,46190,46190,46195,46165,46180,46180
2025-07-30 05:45:00,7100,46220,46160,46170,46220,46230,46170,46190,46230,46225,46165,46180,46225
2025-07-30 05:50:00,4300,46240,46200,46220,46230,46250,46220,46230,46240,46245,46210,46225,46235
2025-07-30 05:55:00,8100,46280,46230,46230,46240,46290,46240,46240,46260,46285,46235,46235,46250
2025-07-30 06:00:00,5800,46260,46200,46240,46200,46270,46220,46260,46220,46265,46210,46250,46210
2025-07-30 06:05:00,5300,46220,46170,46200,46200,46230,46190,46220,46210,46225,46180,46210,46205
2025-07-30 06:10:00,4900,46210,46180,46200,46200,46230,46190,46210,46220,46220,46185,46205,46210
2025-07-30 06:15:00,7000,46210,46170,46200,46170,46220,46180,46220,46190,46215,46175,46210,46180
2025-07-30 06:20:00,7200,46190,46170,46170,46170,46200,46180,46190,46180,46195,46175,46180,46175
2025-07-30 06:25:00,,46250,44830,45660,46240,46260,44840,45660,46250,46255,44835,45660,46245
2025-07-30 06:30:00,199300,46180,46180,46180,46180,46260,46260,46260,46260,46220,46220,46220,46220
2025-07-31 00:00:00,43500,46270,46160,46250,46230,46310,46170,46260,46240,46290,46165,46255,46235
2025-07-31 00:05:00,16500,46250,46050,46230,46120,46260,46070,46240,46150,46255,46060,46235,46135
2025-07-31 00:10:00,8900,46190,46080,46120,46080,46200,46090,46150,46100,46195,46085,46135,46090
2025-07-31 00:15:00,10800,46220,46070,46080,46180,46230,46090,46100,46190,46225,46080,46090,46185
2025-07-31 00:20:00,7300,46200,46150,46180,46170,46210,46160,46190,46180,46205,46155,46185,46175
2025-07-31 00:25:00,6900,46190,46120,46170,46130,46210,46140,46180,46150,46200,46130,46175,46140
2025-07-31 00:30:00,8200,46180,46120,46140,46150,46190,46130,46150,46180,46185,46125,46145,46165
2025-07-31 00:35:00,10700,46260,46150,46150,46210,46280,46170,46180,46240,46270,46160,46165,46225
2025-07-31 00:40:00,8400,46270,46170,46210,46230,46280,46190,46240,46250,46275,46180,46225,46240
2025-07-31 00:45:00,9000,46240,46120,46230,46130,46250,46130,46250,46140,46245,46125,46240,46135
2025-07-31 00:50:00,15600,46130,46050,46130,46060,46140,46060,46140,46080,46135,46055,46135,46070
2025-07-31 00:55:00,13200,46070,46000,46060,46010,46080,46010,46080,46030,46075,46005,46070,46020
2025-07-31 01:00:00,23800,46010,45930,46010,45990,46030,45940,46030,46000,46020,45935,46020,45995
2025-07-31 01:05:00,11800,46110,45990,45990,46100,46120,46000,46000,46120,46115,45995,45995,46110
2025-07-31 01:10:00,6600,46110,46070,46100,46070,46120,46080,46120,46080,46115,46075,46110,46075
2025-07-31 01:15:00,6000,46110,46070,46070,46090,46120,46080,46080,46110,46115,46075,46075,46100
2025-07-31 01:20:00,6200,46140,46090,46100,46130,46150,46100,46110,46140,46145,46095,46105,46135
2025-07-31 01:25:00,6200,46180,46130,46130,46160,46190,46140,46140,46180,46185,46135,46135,46170
2025-07-31 01:30:00,12700,46220,46130,46160,46210,46230,46140,46180,46230,46225,46135,46170,46220
2025-07-31 01:35:00,19500,46340,46210,46210,46310,46350,46220,46230,46320,46345,46215,46220,46315
2025-07-31 01:40:00,6800,46330,46280,46310,46300,46340,46290,46320,46320,46335,46285,46315,46310
2025-07-31 01:45:00,7700,46340,46280,46300,46330,46350,46290,46320,46340,46345,46285,46310,46335
2025-07-31 01:50:00,5100,46330,46280,46330,46300,46350,46290,46340,46320,46340,46285,46335,46310
2025-07-31 01:55:00,3800,46330,46280,46300,46280,46340,46290,46320,46300,46335,46285,46310,46290
2025-07-31 02:00:00,10700,46380,46280,46280,46370,46390,46290,46300,46390,46385,46285,46290,46380
2025-07-31 02:05:00,6100,46410,46330,46370,46370,46430,46340,46390,46380,46420,46335,46380,46375
2025-07-31 02:10:00,3100,46400,46360,46370,46360,46420,46380,46380,46380,46410,46370,46375,46370
2025-07-31 02:15:00,4700,46360,46310,46360,46310,46380,46320,46380,46330,46370,46315,46370,46320
2025-07-31 02:20:00,5400,46320,46280,46310,46300,46350,46300,46330,46320,46335,46290,46320,46310
2025-07-31 02:25:00,5300,46320,46270,46300,46300,46340,46290,46320,46340,46330,46280,46310,46320
2025-07-31 02:30:00,8800,46300,46300,46300,46300,46350,46350,46350,46350,46325,46325,46325,46325
2025-07-31 03:30:00,33400,46310,46160,46310,46190,46340,46170,46320,46210,46320,46165,46315,46200
2025-07-31 03:35:00,7800,46250,46170,46190,46250,46270,46180,46210,46270,46260,46175,46200,46260
2025-07-31 03:40:00,15000,46270,46150,46250,46160,46280,46160,46270,46190,46275,46155,46260,46175
2025-07-31 03:45:00,3800,46220,46160,46160,46180,46240,46180,46190,46200,46230,46170,46175,46190
2025-07-31 03:50:00,3800,46220,46180,46180,46220,46240,46190,46200,46240,46230,46185,46190,46230
2025-07-31 03:55:00,2400,46250,46210,46220,46220,46260,46220,46240,46240,46255,46215,46230,46230
2025-07-31 04:00:00,4900,46260,46200,46220,46260,46280,46210,46240,46280,46270,46205,46230,46270
2025-07-31 04:05:00,3700,46280,46250,46260,46270,46300,46270,46280,46290,46290,46265,46270,46280
2025-07-31 04:10:00,4100,46280,46250,46270,46260,46290,46260,46290,46280,46285,46255,46280,46270
2025-07-31 04:15:00,2300,46260,46240,46260,46260,46280,46250,46280,46280,46270,46245,46270,46270
2025-07-31 04:20:00,4500,46300,46260,46260,46260,46320,46270,46280,46280,46310,46265,46270,46270
2025-07-31 04:25:00,6500,46310,46250,46260,46260,46320,46260,46280,46280,46315,46255,46270,46270
2025-07-31 04:30:00,6000,46270,46220,46260,46260,46290,46240,46280,46280,46280,46230,46270,46270
2025-07-31 04:35:00,1400,46280,46260,46260,46260,46290,46270,46280,46280,46285,46265,46270,46270
2025-07-31 04:40:00,3600,46300,46250,46260,46280,46310,46260,46280,46290,46305,46255,46270,46285
2025-07-31 04:45:00,6600,46340,46280,46280,46340,46360,46290,46290,46360,46350,46285,46285,46350
2025-07-31 04:50:00,6300,46390,46330,46340,46380,46400,46350,46360,46400,46395,46340,46350,46390
2025-07-31 04:55:00,4200,46390,46340,46380,46360,46400,46360,46400,46380,46395,46350,46390,46370
2025-07-31 05:00:00,6100,46360,46310,46360,46340,46380,46330,46380,46360,46370,46320,46370,46350
2025-07-31 05:05:00,5100,46390,46320,46340,46370,46400,46340,46360,46390,46395,46330,46350,46380
2025-07-31 05:10:00,3300,46370,46350,46370,46350,46390,46360,46390,46370,46380,46355,46380,46360
2025-07-31 05:15:00,4400,46380,46340,46350,46360,46390,46350,46370,46370,46385,46345,46360,46365
2025-07-31 05:20:00,6200,46400,46350,46360,46390,46410,46360,46370,46410,46405,46355,46365,46400
2025-07-31 05:25:00,4700,46400,46370,46390,46370,46410,46380,46400,46390,46405,46375,46395,46380
2025-07-31 05:30:00,1800,46380,46340,46370,46340,46390,46360,46390,46360,46385,46350,46380,46350
2025-07-31 05:35:00,4700,46370,46330,46340,46370,46390,46350,46360,46390,46380,46340,46350,46380
2025-07-31 05:40:00,3800,46410,46370,46370,46400,46420,46380,46390,46410,46415,46375,46380,46405
2025-07-31 05:45:00,2000,46400,46380,46400,46400,46420,46400,46410,46410,46410,46390,46405,46405
2025-07-31 05:50:00,5900,46420,46360,46400,46370,46430,46370,46410,46390,46425,46365,46405,46380
2025-07-31 05:55:00,6800,46450,46370,46370,46440,46460,46380,46390,46460,46455,46375,46380,46450
2025-07-31 06:00:00,6600,46480,46440,46440,46460,46490,46460,46460,46480,46485,46450,46450,46470
2025-07-31 06:05:00,6900,46510,46460,46460,46460,46520,46470,46480,46480,46515,46465,46470,46470
2025-07-31 06:10:00,3500,46460,46410,46460,46430,46480,46430,46480,46440,46470,46420,46470,46435
2025-07-31 06:15:00,4800,46460,46420,46430,46430,46470,46440,46440,46450,46465,46430,46435,46440
2025-07-31 06:20:00,9000,46450,46400,46430,46440,46470,46410,46450,46460,46460,46405,46440,46450
2025-07-31 06:25:00,,46740,46090,46730,46380,46750,46100,46740,46390,46745,46095,46735,46385
2025-07-31 06:30:00,297500,46370,46370,46370,46370,46390,46390,46390,46390,46380,46380,46380,46380
2025-08-01 00:00:00,76100,46600,46350,46400,46500,46620,46390,46410,46520,46605,46375,46405,46510
2025-08-01 00:05:00,36900,46620,46470,46500,46590,46630,46500,46520,46610,46625,46485,46510,46600
2025-08-01 00:10:00,37500,46690,46580,46590,46640,46700,46600,46610,46660,46695,46590,46600,46650
2025-08-01 00:15:00,29100,46820,46550,46640,46750,46830,46580,46660,46770,46825,46565,46650,46760
2025-08-01 00:20:00,12100,46830,46750,46750,46760,46840,46770,46770,46780,46835,46760,46760,46770
2025-08-01 00:25:00,14100,46760,46640,46760,46670,46780,46650,46780,46690,46770,46645,46770,46680
2025-08-01 00:30:00,13100,46780,46670,46670,46730,46790,46680,46690,46750,46785,46675,46680,46740
2025-08-01 00:35:00,12900,46750,46640,46730,46670,46770,46660,46750,46690,46760,46650,46740,46680
2025-08-01 00:40:00,11000,46790,46670,46670,46720,46800,46680,46690,46750,46795,46675,46680,46735
2025-08-01 00:45:00,8600,46720,46630,46720,46640,46750,46640,46750,46660,46735,46635,46735,46650
2025-08-01 00:50:00,12500,46660,46560,46640,46630,46690,46580,46660,46650,46675,46570,46650,46640
2025-08-01 00:55:00,8200,46750,46630,46630,46700,46760,46640,46650,46720,46755,46635,46640,46710
2025-08-01 01:00:00,6600,46790,46690,46700,46780,46800,46710,46720,46800,46795,46705,46710,46790
2025-08-01 01:05:00,13600,46820,46740,46780,46770,46830,46750,46800,46790,46825,46745,46790,46780
2025-08-01 01:10:00,6600,46770,46740,46770,46760,46790,46750,46790,46770,46780,46745,46780,46765
2025-08-01 01:15:00,19400,46860,46730,46760,46860,46880,46750,46770,46880,46870,46740,46765,46870
2025-08-01 01:20:00,9900,46930,46820,46860,46910,46940,46840,46880,46930,46935,46830,46870,46920
2025-08-01 01:25:00,14800,47020,46900,46910,46980,47030,46920,46930,46990,47025,46910,46920,46985
2025-08-01 01:30:00,7100,47030,46960,46980,47010,47040,46970,46990,47030,47035,46965,46985,47020
2025-08-01 01:35:00,9200,47030,46970,47010,47010,47040,46980,47030,47020,47035,46975,47020,47015
2025-08-01 01:40:00,8300,47020,46970,47010,46970,47030,46990,47020,46990,47025,46980,47015,46980
2025-08-01 01:45:00,6700,47020,46960,46970,46980,47030,46970,46990,46990,47025,46965,46980,46985
2025-08-01 01:50:00,6200,46980,46890,46980,46930,46990,46910,46990,46950,46985,46900,46985,46940
2025-08-01 01:55:00,5000,47010,46920,46930,46970,47020,46940,46950,46990,47015,46930,46940,46980
2025-08-01 02:00:00,6500,47020,46960,46970,47010,47030,46970,46990,47030,47025,46965,46980,47020
2025-08-01 02:05:00,4400,47020,46960,47010,46980,47030,46980,47030,47000,47025,46970,47020,46990
2025-08-01 02:10:00,2900,46990,46950,46980,46960,47000,46960,47000,46980,46995,46955,46990,46970
2025-08-01 02:15:00,3200,46970,46920,46960,46940,46990,46930,46980,46960,46980,46925,46970,46950
2025-08-01 02:20:00,1400,46980,46940,46940,46960,47000,46960,46960,46980,46990,46950,46950,46970
2025-08-01 02:25:00,2900,46970,46930,46960,46930,46990,46950,46980,46950,46980,46940,46970,46940
2025-08-01 02:30:00,1800,46930,46930,46930,46930,46950,46950,46950,46950,46940,46940,46940,46940
2025-08-01 03:30:00,31900,47110,46960,46960,47100,47120,46960,46960,47110,47115,46960,46960,47105
2025-08-01 03:35:00,7300,47110,47030,47100,47110,47120,47040,47110,47120,47115,47035,47105,47115
2025-08-01 03:40:00,5000,47110,47060,47110,47070,47120,47080,47120,47090,47115,47070,47115,47080
2025-08-01 03:45:00,3900,47080,47040,47070,47050,47090,47050,47090,47070,47085,47045,47080,47060
2025-08-01 03:50:00,4200,47100,47050,47050,47080,47110,47070,47070,47090,47105,47060,47060,47085
2025-08-01 03:55:00,3600,47090,47060,47080,47070,47110,47070,47090,47090,47100,47065,47085,47080
2025-08-01 04:00:00,7000,47070,46980,47070,46990,47090,47000,47090,47010,47080,46990,47080,47000
2025-08-01 04:05:00,3800,47030,46980,46990,46980,47050,46990,47010,46990,47040,46985,47000,46985
2025-08-01 04:10:00,6500,47050,46970,46980,47020,47060,46980,47000,47040,47055,46975,46990,47030
2025-08-01 04:15:00,7700,47090,47020,47020,47080,47100,47030,47040,47100,47095,47025,47030,47090
2025-08-01 04:20:00,2100,47080,47050,47080,47060,47100,47060,47100,47070,47090,47055,47090,47065
2025-08-01 04:25:00,4300,47070,47030,47060,47060,47080,47040,47070,47080,47075,47035,47065,47070
2025-08-01 04:30:00,4400,47080,47050,47060,47070,47090,47070,47080,47090,47085,47060,47070,47080
2025-08-01 04:35:00,6500,47100,47050,47070,47090,47120,47070,47090,47110,47110,47060,47080,47100
2025-08-01 04:40:00,8400,47120,47090,47090,47110,47130,47100,47110,47130,47125,47095,47100,47120
2025-08-01 04:45:00,4200,47120,47050,47110,47050,47130,47060,47130,47070,47125,47055,47120,47060
2025-08-01 04:50:00,3400,47070,47040,47050,47070,47090,47050,47070,47080,47080,47045,47060,47075
2025-08-01 04:55:00,4100,47070,47020,47070,47040,47080,47030,47080,47050,47075,47025,47075,47045
2025-08-01 05:00:00,1500,47050,47030,47040,47040,47060,47040,47050,47050,47055,47035,47045,47045
2025-08-01 05:05:00,3700,47040,47010,47040,47020,47050,47020,47050,47040,47045,47015,47045,47030
2025-08-01 05:10:00,8700,47030,46940,47020,46980,47040,46960,47040,47000,47035,46950,47030,46990
2025-08-01 05:15:00,2700,47020,46970,46980,46990,47030,46990,47000,47010,47025,46980,46990,47000
2025-08-01 05:20:00,4400,47050,46980,46990,47050,47060,47000,47010,47060,47055,46990,47000,47055
2025-08-01 05:25:00,5100,47070,47030,47050,47040,47080,47040,47060,47060,47075,47035,47055,47050
2025-08-01 05:30:00,4500,47080,47040,47040,47060,47090,47050,47060,47080,47085,47045,47050,47070
2025-08-01 05:35:00,3900,47060,47020,47060,47030,47070,47030,47070,47040,47065,47025,47065,47035
2025-08-01 05:40:00,5700,47060,47000,47030,47010,47070,47020,47040,47020,47065,47010,47035,47015
2025-08-01 05:45:00,3400,47010,46950,47010,46960,47020,46970,47020,46970,47015,46960,47015,46965
2025-08-01 05:50:00,8300,47000,46940,46960,47000,47020,46950,46970,47020,47010,46945,46965,47010
2025-08-01 05:55:00,2800,47020,46980,47000,47010,47030,47000,47020,47020,47025,46990,47010,47015
2025-08-01 06:00:00,4200,47030,47000,47010,47030,47040,47010,47020,47040,47035,47005,47015,47035
2025-08-01 06:05:00,4300,47030,46990,47030,47000,47040,47000,47040,47020,47035,46995,47035,47010
2025-08-01 06:10:00,5900,47000,46950,47000,46950,47020,46960,47020,46970,47010,46955,47010,46960
2025-08-01 06:15:00,7800,47030,46950,46950,47020,47040,46970,46970,47040,47035,46960,46960,47030
2025-08-01 06:20:00,10200,47030,47000,47020,47020,47050,47010,47040,47040,47035,47005,47030,47030
2025-08-01 06:25:00,,47970,46900,47700,46910,47980,46910,47710,46920,47975,46905,47705,46915
2025-08-01 06:30:00,166100,46910,46910,46910,46910,47030,47030,47030,47030,46970,46970,46970,46970
2025-08-04 00:00:00,85700,46210,45450,45640,45470,46210,45480,45650,45500,46210,45470,45645,45485
2025-08-04 00:05:00,33400,45680,45470,45470,45660,45690,45490,45500,45690,45685,45480,45485,45675
2025-08-04 00:10:00,32500,45810,45630,45660,45700,45820,45650,45690,45720,45815,45640,45675,45710
2025-08-04 00:15:00,24000,45710,45510,45700,45530,45720,45520,45720,45550,45715,45515,45710,45540
2025-08-04 00:20:00,54100,45530,45330,45530,45360,45550,45340,45550,45370,45540,45335,45540,45365
2025-08-04 00:25:00,40500,45480,45280,45360,45300,45490,45290,45370,45320,45485,45285,45365,45310
2025-08-04 00:30:00,20000,45400,45280,45300,45310,45410,45290,45320,45330,45405,45285,45310,45320
2025-08-04 00:35:00,17100,45360,45280,45310,45330,45370,45300,45330,45350,45365,45290,45320,45340
2025-08-04 00:40:00,30900,45340,45200,45330,45200,45350,45210,45350,45210,45345,45205,45340,45205
2025-08-04 00:45:00,17900,45270,45200,45200,45220,45280,45210,45210,45230,45275,45205,45205,45225
2025-08-04 00:50:00,20700,45250,45180,45220,45220,45270,45190,45230,45240,45260,45185,45225,45230
2025-08-04 00:55:00,25600,45220,45120,45220,45170,45240,45140,45240,45190,45230,45130,45230,45180
2025-08-04 01:00:00,11800,45270,45160,45170,45200,45280,45170,45190,45220,45275,45165,45180,45210
2025-08-04 01:05:00,31300,45220,45020,45210,45020,45230,45040,45220,45040,45225,45030,45215,45030
2025-08-04 01:10:00,14100,45080,45010,45020,45040,45090,45020,45040,45060,45085,45015,45030,45050
2025-08-04 01:15:00,47300,45060,44980,45040,45060,45070,44990,45060,45070,45065,44985,45050,45065
2025-08-04 01:20:00,12900,45100,45030,45060,45050,45120,45040,45070,45070,45110,45035,45065,45060
2025-08-04 01:25:00,7000,45140,45050,45050,45110,45150,45070,45070,45120,45145,45060,45060,45115
2025-08-04 01:30:00,11000,45140,45070,45110,45080,45150,45090,45130,45100,45145,45080,45120,45090
2025-08-04 01:35:00,22900,45150,45030,45080,45110,45160,45050,45100,45120,45155,45040,45090,45115
2025-08-04 01:40:00,9800,45130,45030,45110,45090,45140,45050,45120,45110,45135,45040,45115,45100
2025-08-04 01:45:00,7700,45130,45060,45090,45130,45150,45070,45110,45150,45140,45065,45100,45140
2025-08-04 01:50:00,8800,45140,45050,45130,45050,45150,45060,45150,45070,45145,45055,45140,45060
2025-08-04 01:55:00,11200,45080,45030,45050,45050,45090,45040,45070,45070,45085,45035,45060,45060
2025-08-04 02:00:00,5100,45090,45050,45050,45060,45110,45060,45070,45080,45100,45055,45060,45070
2025-08-04 02:05:00,5000,45100,45050,45060,45090,45120,45060,45080,45110,45110,45055,45070,45100
2025-08-04 02:10:00,8700,45170,45080,45090,45140,45180,45100,45110,45160,45175,45090,45100,45150
2025-08-04 02:15:00,8700,45200,45130,45140,45150,45210,45140,45160,45160,45205,45135,45150,45155
2025-08-04 02:20:00,3700,45190,45150,45150,45170,45200,45160,45160,45190,45195,45155,45155,45180
2025-08-04 02:25:00,12900,45220,45160,45170,45170,45230,45170,45190,45190,45225,45165,45180,45180
2025-08-04 02:30:00,7700,45170,45170,45170,45170,45210,45210,45210,45210,45190,45190,45190,45190
2025-08-04 03:30:00,34200,45300,45220,45250,45290,45310,45240,45260,45300,45305,45230,45255,45295
2025-08-04 03:35:00,24500,45400,45270,45290,45390,45410,45280,45300,45410,45405,45275,45295,45400
2025-08-04 03:40:00,23300,45490,45380,45390,45470,45500,45400,45410,45490,45495,45390,45400,45480
2025-08-04 03:45:00,14600,45520,45470,45470,45510,45530,45480,45490,45520,45525,45475,45480,45515
2025-08-04 03:50:00,16000,45530,45450,45510,45480,45540,45460,45520,45490,45535,45455,45515,45485
2025-08-04 03:55:00,15800,45580,45480,45480,45560,45590,45490,45490,45580,45585,45485,45485,45570
2025-08-04 04:00:00,16200,45560,45420,45560,45450,45580,45430,45580,45470,45570,45425,45570,45460
2025-08-04 04:05:00,6700,45470,45420,45450,45450,45480,45430,45470,45470,45475,45425,45460,45460
2025-08-04 04:10:00,7100,45450,45410,45450,45410,45470,45420,45470,45420,45460,45415,45460,45415
2025-08-04 04:15:00,6900,45460,45410,45410,45420,45470,45420,45420,45440,45465,45415,45415,45430
2025-08-04 04:20:00,10300,45450,45400,45420,45410,45470,45410,45440,45420,45460,45405,45430,45415
2025-08-04 04:25:00,6300,45440,45410,45410,45420,45450,45420,45420,45440,45445,45415,45415,45430
2025-08-04 04:30:00,8500,45460,45410,45420,45430,45470,45420,45440,45450,45465,45415,45430,45440
2025-08-04 04:35:00,5200,45490,45430,45430,45490,45500,45440,45450,45500,45495,45435,45440,45495
2025-08-04 04:40:00,5900,45500,45460,45480,45490,45510,45480,45500,45500,45505,45470,45490,45495
2025-08-04 04:45:00,5600,45510,45480,45490,45490,45520,45500,45500,45500,45515,45490,45495,45495
2025-08-04 04:50:00,5900,45510,45470,45490,45480,45520,45480,45500,45490,45515,45475,45495,45485
2025-08-04 04:55:00,5700,45480,45450,45480,45480,45490,45460,45490,45490,45485,45455,45485,45485
2025-08-04 05:00:00,6700,45510,45470,45480,45490,45520,45480,45490,45510,45515,45475,45485,45500
2025-08-04 05:05:00,2800,45500,45470,45490,45480,45510,45480,45510,45490,45505,45475,45500,45485
2025-08-04 05:10:00,3500,45480,45460,45480,45460,45490,45470,45490,45480,45485,45465,45485,45470
2025-08-04 05:15:00,5400,45470,45440,45460,45460,45480,45450,45480,45470,45475,45445,45470,45465
2025-08-04 05:20:00,5100,45500,45460,45460,45500,45510,45470,45470,45510,45505,45465,45465,45505
2025-08-04 05:25:00,2200,45500,45480,45500,45500,45510,45490,45510,45510,45505,45485,45505,45505
2025-08-04 05:30:00,11100,45550,45480,45500,45540,45560,45500,45510,45560,45555,45490,45505,45550
2025-08-04 05:35:00,7100,45570,45530,45540,45560,45580,45550,45560,45570,45575,45540,45550,45565
2025-08-04 05:40:00,6000,45580,45540,45560,45540,45590,45550,45570,45550,45585,45545,45565,45545
2025-08-04 05:45:00,3200,45560,45540,45540,45550,45570,45550,45550,45570,45565,45545,45545,45560
2025-08-04 05:50:00,3300,45570,45550,45550,45560,45580,45560,45570,45570,45575,45555,45560,45565
2025-08-04 05:55:00,6500,45560,45530,45560,45540,45570,45540,45570,45550,45565,45535,45565,45545
2025-08-04 06:00:00,14000,45590,45530,45540,45550,45600,45540,45550,45560,45595,45535,45545,45555
2025-08-04 06:05:00,8100,45560,45530,45550,45550,45570,45550,45560,45560,45565,45540,45555,45555
2025-08-04 06:10:00,10000,45550,45520,45550,45520,45560,45530,45560,45540,45555,45525,45555,45530
2025-08-04 06:15:00,16900,45550,45500,45530,45500,45560,45510,45540,45510,45555,45505,45535,45505
2025-08-04 06:20:00,20400,45500,45420,45500,45420,45510,45440,45510,45440,45505,45430,45505,45430
2025-08-04 06:25:00,,46910,45510,46110,45510,46920,45510,46120,45520,46915,45510,46115,45515
2025-08-04 06:30:00,207700,45470,45470,45470,45470,45520,45520,45520,45520,45495,45495,45495,45495
2025-08-05 00:00:00,99500,46150,45800,45890,45970,46180,45830,45900,45990,46165,45815,45895,45980
2025-08-05 00:05:00,30700,46050,45860,45970,46010,46080,45870,46000,46040,46065,45865,45985,46025
2025-08-05 00:10:00,20900,46030,45830,46010,45850,46050,45850,46040,45880,46040,45840,46025,45865
2025-08-05 00:15:00,22100,45880,45720,45850,45790,45910,45730,45880,45820,45895,45725,45865,45805
2025-08-05 00:20:00,11400,45820,45740,45790,45770,45840,45750,45820,45800,45830,45745,45805,45785
2025-08-05 00:25:00,12000,45840,45730,45770,45750,45860,45740,45810,45770,45850,45735,45790,45760
2025-08-05 00:30:00,8500,45790,45730,45750,45750,45810,45740,45770,45770,45800,45735,45760,45760
2025-08-05 00:35:00,15400,45910,45740,45750,45850,45920,45750,45770,45870,45915,45745,45760,45860
2025-08-05 00:40:00,7900,45880,45830,45850,45880,45900,45840,45870,45890,45890,45835,45860,45885
2025-08-05 00:45:00,13600,45970,45880,45880,45900,45980,45890,45890,45920,45975,45885,45885,45910
2025-08-05 00:50:00,12500,45900,45750,45900,45770,45920,45770,45920,45800,45910,45760,45910,45785
2025-08-05 00:55:00,10000,45790,45720,45770,45740,45810,45730,45800,45750,45800,45725,45785,45745
2025-08-05 01:00:00,13800,45750,45640,45740,45650,45760,45660,45750,45670,45755,45650,45745,45660
2025-08-05 01:05:00,8700,45700,45610,45650,45680,45720,45620,45670,45700,45710,45615,45660,45690
2025-08-05 01:10:00,9300,45680,45580,45680,45620,45700,45600,45700,45640,45690,45590,45690,45630
2025-08-05 01:15:00,15300,45630,45460,45620,45510,45640,45470,45640,45540,45635,45465,45630,45525
2025-08-05 01:20:00,10400,45530,45440,45510,45460,45560,45450,45540,45480,45545,45445,45525,45470
2025-08-05 01:25:00,11700,45480,45410,45460,45420,45500,45430,45480,45440,45490,45425,45470,45430
2025-08-05 01:30:00,6100,45460,45410,45420,45420,45480,45420,45440,45440,45470,45415,45430,45430
2025-08-05 01:35:00,4500,45470,45420,45420,45460,45480,45440,45440,45480,45475,45430,45430,45470
2025-08-05 01:40:00,10500,45550,45460,45460,45490,45570,45470,45480,45510,45560,45465,45470,45500
2025-08-05 01:45:00,7200,45510,45450,45490,45500,45520,45470,45510,45520,45515,45460,45500,45510
2025-08-05 01:50:00,4900,45520,45480,45500,45510,45540,45490,45520,45540,45525,45485,45510,45525
2025-08-05 01:55:00,3300,45550,45510,45510,45510,45570,45520,45540,45530,45560,45515,45525,45520
2025-08-05 02:00:00,6500,45580,45510,45510,45580,45590,45530,45530,45590,45585,45520,45520,45585
2025-08-05 02:05:00,4200,45580,45540,45580,45550,45600,45550,45590,45570,45590,45545,45585,45560
2025-08-05 02:10:00,5100,45560,45500,45550,45510,45570,45510,45570,45530,45565,45505,45560,45520
2025-08-05 02:15:00,5400,45510,45450,45510,45490,45540,45460,45530,45510,45525,45455,45520,45500
2025-08-05 02:20:00,3100,45530,45480,45490,45520,45550,45490,45510,45540,45540,45485,45500,45530
2025-08-05 02:25:00,3700,45530,45500,45520,45510,45550,45520,45540,45530,45540,45515,45530,45520
2025-08-05 02:30:00,1300,45500,45500,45500,45500,45530,45530,45530,45530,45515,45515,45515,45515
2025-08-05 03:30:00,32700,45510,45380,45480,45440,45530,45390,45510,45460,45515,45385,45495,45450
2025-08-05 03:35:00,7100,45500,45410,45440,45440,45510,45430,45460,45450,45505,45420,45450,45445
2025-08-05 03:40:00,7100,45460,45400,45440,45400,45470,45410,45450,45420,45465,45405,45445,45410
2025-08-05 03:45:00,5600,45450,45390,45400,45420,45460,45400,45420,45430,45455,45395,45410,45425
2025-08-05 03:50:00,3300,45460,45420,45420,45430,45480,45430,45430,45450,45470,45425,45425,45440
2025-08-05 03:55:00,7700,45430,45380,45430,45390,45460,45400,45450,45410,45445,45390,45440,45400
2025-08-05 04:00:00,3800,45460,45380,45390,45460,45480,45390,45410,45470,45470,45385,45400,45465
2025-08-05 04:05:00,4100,45490,45460,45460,45470,45500,45470,45470,45490,45495,45465,45465,45480
2025-08-05 04:10:00,2900,45480,45460,45470,45470,45500,45470,45490,45490,45485,45465,45480,45480
2025-08-05 04:15:00,5300,45510,45460,45470,45460,45520,45470,45490,45480,45515,45465,45480,45470
2025-08-05 04:20:00,1800,45460,45430,45460,45450,45480,45440,45480,45460,45470,45435,45470,45455
2025-08-05 04:25:00,1900,45470,45450,45450,45460,45490,45460,45460,45480,45480,45455,45455,45470
2025-08-05 04:30:00,3100,45500,45460,45460,45480,45510,45470,45480,45500,45505,45465,45470,45490
2025-08-05 04:35:00,6500,45490,45420,45480,45420,45500,45430,45500,45440,45495,45425,45490,45430
2025-08-05 04:40:00,18500,45420,45320,45420,45320,45440,45330,45440,45330,45430,45325,45430,45325
2025-08-05 04:45:00,13200,45320,45260,45320,45270,45330,45270,45330,45290,45325,45265,45325,45280
2025-08-05 04:50:00,6700,45310,45240,45270,45300,45320,45250,45290,45320,45315,45245,45280,45310
2025-08-05 04:55:00,5000,45340,45290,45300,45340,45360,45300,45320,45350,45350,45295,45310,45345
2025-08-05 05:00:00,3300,45350,45300,45340,45340,45360,45320,45350,45360,45355,45310,45345,45350
2025-08-05 05:05:00,2700,45360,45340,45340,45350,45380,45360,45360,45370,45370,45350,45350,45360
2025-08-05 05:10:00,4100,45390,45350,45350,45360,45400,45360,45370,45370,45395,45355,45360,45365
2025-08-05 05:15:00,1700,45380,45350,45360,45370,45400,45370,45370,45390,45390,45360,45365,45380
2025-08-05 05:20:00,6900,45430,45370,45370,45380,45440,45380,45390,45400,45435,45375,45380,45390
2025-08-05 05:25:00,3800,45380,45340,45380,45360,45400,45350,45400,45380,45390,45345,45390,45370
2025-08-05 05:30:00,1700,45370,45350,45360,45370,45380,45370,45380,45380,45375,45360,45370,45375
2025-08-05 05:35:00,4200,45380,45350,45370,45360,45390,45370,45380,45380,45385,45360,45375,45370
2025-08-05 05:40:00,2900,45400,45360,45360,45400,45410,45380,45380,45410,45405,45370,45370,45405
2025-08-05 05:45:00,3500,45400,45370,45400,45370,45410,45380,45410,45390,45405,45375,45405,45380
2025-08-05 05:50:00,3200,45420,45370,45370,45410,45430,45390,45390,45430,45425,45380,45380,45420
2025-08-05 05:55:00,4300,45420,45360,45410,45370,45430,45370,45430,45380,45425,45365,45420,45375
2025-08-05 06:00:00,7700,45380,45320,45370,45330,45390,45340,45380,45340,45385,45330,45375,45335
2025-08-05 06:05:00,7700,45330,45290,45330,45320,45340,45300,45340,45330,45335,45295,45335,45325
2025-08-05 06:10:00,5600,45350,45310,45320,45320,45370,45320,45330,45340,45360,45315,45325,45330
2025-08-05 06:15:00,7500,45350,45310,45320,45320,45360,45320,45340,45330,45355,45315,45330,45325
2025-08-05 06:20:00,17100,45350,45300,45320,45310,45360,45310,45330,45320,45355,45305,45325,45315
2025-08-05 06:25:00,,45160,43950,44870,45160,45170,43960,44880,45170,45165,43955,44875,45165
2025-08-05 06:30:00,276100,45160,45160,45160,45160,45290,45290,45290,45290,45225,45225,45225,45225
2025-08-06 00:00:00,58500,45340,45050,45050,45270,45360,45060,45060,45300,45350,45055,45055,45285
2025-08-06 00:05:00,24500,45420,45270,45270,45310,45440,45280,45300,45330,45430,45275,45285,45320
2025-08-06 00:10:00,16800,45460,45310,45310,45450,45480,45330,45330,45470,45470,45320,45320,45460
2025-08-06 00:15:00,17700,45490,45390,45450,45480,45500,45400,45470,45500,45495,45395,45460,45490
2025-08-06 00:20:00,10800,45490,45410,45480,45470,45500,45430,45500,45490,45495,45420,45490,45480
2025-08-06 00:25:00,11700,45480,45320,45470,45330,45490,45330,45490,45340,45485,45325,45480,45335
2025-08-06 00:30:00,24100,45330,45190,45330,45200,45340,45210,45340,45220,45335,45200,45335,45210
2025-08-06 00:35:00,7100,45310,45200,45210,45280,45330,45210,45220,45290,45315,45205,45215,45285
2025-08-06 00:40:00,3200,45280,45250,45280,45280,45300,45270,45290,45300,45290,45260,45285,45290
2025-08-06 00:45:00,6100,45300,45230,45280,45270,45320,45240,45300,45290,45310,45235,45290,45280
2025-08-06 00:50:00,6000,45320,45260,45270,45300,45340,45280,45290,45320,45330,45270,45280,45310
2025-08-06 00:55:00,7700,45390,45300,45300,45340,45400,45320,45320,45360,45395,45310,45310,45350
2025-08-06 01:00:00,5200,45370,45320,45340,45330,45380,45330,45360,45350,45375,45325,45350,45340
2025-08-06 01:05:00,2900,45350,45290,45330,45290,45360,45300,45350,45300,45355,45295,45340,45295
2025-08-06 01:10:00,3300,45340,45280,45290,45330,45350,45300,45300,45340,45345,45290,45295,45335
2025-08-06 01:15:00,3000,45350,45300,45330,45330,45360,45320,45340,45350,45355,45310,45335,45340
2025-08-06 01:20:00,11800,45340,45200,45330,45210,45350,45220,45350,45230,45345,45210,45340,45220
2025-08-06 01:25:00,13400,45230,45150,45210,45150,45240,45160,45230,45160,45235,45155,45220,45155
2025-08-06 01:30:00,7600,45250,45150,45150,45210,45280,45170,45170,45230,45265,45160,45160,45220
2025-08-06 01:35:00,8800,45210,45140,45210,45170,45230,45160,45230,45190,45220,45150,45220,45180
2025-08-06 01:40:00,9300,45270,45160,45170,45170,45280,45190,45190,45190,45275,45175,45180,45180
2025-08-06 01:45:00,5600,45220,45160,45170,45210,45240,45180,45190,45230,45230,45170,45180,45220
2025-08-06 01:50:00,6900,45260,45210,45210,45210,45270,45220,45230,45230,45265,45215,45220,45220
2025-08-06 01:55:00,7300,45340,45210,45210,45340,45360,45230,45230,45360,45350,45220,45220,45350
2025-08-06 02:00:00,6800,45360,45310,45340,45330,45380,45330,45360,45350,45365,45320,45350,45340
2025-08-06 02:05:00,19800,45500,45320,45330,45490,45510,45340,45350,45510,45505,45330,45340,45500
2025-08-06 02:10:00,7000,45500,45440,45490,45480,45510,45460,45500,45490,45505,45450,45495,45485
2025-08-06 02:15:00,3400,45490,45450,45480,45460,45500,45460,45490,45480,45495,45455,45485,45470
2025-08-06 02:20:00,3300,45470,45420,45460,45450,45490,45430,45480,45470,45480,45425,45470,45460
2025-08-06 02:25:00,6600,45490,45440,45450,45470,45510,45460,45470,45500,45500,45450,45460,45485
2025-08-06 02:30:00,8500,45460,45460,45460,45460,45500,45500,45500,45500,45480,45480,45480,45480
2025-08-06 03:30:00,21800,45470,45370,45380,45430,45480,45380,45390,45450,45475,45375,45385,45440
2025-08-06 03:35:00,4000,45440,45360,45430,45360,45460,45380,45450,45380,45450,45370,45440,45370
2025-08-06 03:40:00,7200,45380,45290,45360,45320,45390,45300,45380,45330,45385,45295,45370,45325
2025-08-06 03:45:00,3100,45380,45310,45320,45350,45400,45330,45330,45380,45390,45320,45325,45365
2025-08-06 03:50:00,3000,45400,45350,45350,45390,45420,45370,45380,45400,45410,45360,45365,45395
2025-08-06 03:55:00,4000,45430,45380,45390,45390,45440,45400,45400,45410,45435,45390,45395,45400
2025-08-06 04:00:00,3300,45410,45370,45390,45400,45420,45380,45410,45420,45415,45375,45400,45410
2025-08-06 04:05:00,3500,45430,45380,45400,45420,45440,45390,45410,45440,45435,45385,45405,45430
2025-08-06 04:10:00,3400,45420,45340,45420,45360,45440,45350,45440,45370,45430,45345,45430,45365
2025-08-06 04:15:00,3300,45370,45320,45360,45340,45380,45330,45370,45350,45375,45325,45365,45345
2025-08-06 04:20:00,4900,45370,45320,45340,45330,45380,45330,45350,45340,45375,45325,45345,45335
2025-08-06 04:25:00,13200,45340,45210,45330,45230,45350,45220,45340,45250,45345,45215,45335,45240
2025-08-06 04:30:00,5000,45310,45230,45230,45270,45320,45250,45250,45300,45315,45240,45240,45285
2025-08-06 04:35:00,3700,45300,45250,45270,45250,45310,45270,45300,45270,45305,45260,45285,45260
2025-08-06 04:40:00,3400,45270,45250,45250,45250,45290,45260,45270,45270,45275,45255,45260,45260
2025-08-06 04:45:00,2700,45280,45250,45250,45270,45300,45270,45270,45280,45290,45260,45260,45275
2025-08-06 04:50:00,2500,45280,45240,45270,45250,45290,45250,45280,45260,45285,45245,45275,45255
2025-08-06 04:55:00,2500,45260,45230,45250,45230,45280,45250,45260,45250,45270,45240,45255,45240
2025-08-06 05:00:00,2400,45260,45230,45230,45230,45270,45240,45250,45240,45265,45235,45240,45235
2025-08-06 05:05:00,10000,45230,45180,45230,45190,45250,45200,45240,45210,45240,45190,45235,45200
2025-08-06 05:10:00,1300,45200,45180,45190,45190,45210,45200,45210,45200,45205,45190,45200,45195
2025-08-06 05:15:00,5900,45190,45150,45190,45150,45200,45160,45200,45160,45195,45155,45195,45155
2025-08-06 05:20:00,9800,45160,45100,45150,45120,45180,45110,45160,45130,45170,45105,45155,45125
2025-08-06 05:25:00,3600,45140,45110,45120,45110,45150,45120,45130,45120,45145,45115,45125,45115
2025-08-06 05:30:00,5000,45200,45110,45110,45170,45220,45120,45120,45190,45210,45115,45115,45180
2025-08-06 05:35:00,3600,45210,45170,45170,45200,45220,45180,45190,45220,45215,45175,45180,45210
2025-08-06 05:40:00,2600,45200,45180,45200,45180,45220,45190,45220,45190,45210,45185,45210,45185
2025-08-06 05:45:00,6900,45240,45180,45180,45220,45250,45190,45190,45240,45245,45185,45185,45230
2025-08-06 05:50:00,3000,45260,45220,45220,45220,45280,45240,45240,45240,45270,45230,45230,45230
2025-08-06 05:55:00,3800,45230,45170,45220,45190,45240,45180,45240,45210,45235,45175,45230,45200
2025-08-06 06:00:00,2900,45240,45180,45190,45230,45250,45190,45210,45250,45245,45185,45200,45240
2025-08-06 06:05:00,3400,45250,45220,45230,45230,45260,45230,45250,45250,45255,45225,45240,45240
2025-08-06 06:10:00,4300,45270,45230,45230,45250,45280,45240,45250,45260,45275,45235,45240,45255
2025-08-06 06:15:00,6400,45270,45240,45250,45260,45280,45250,45260,45270,45275,45245,45255,45265
2025-08-06 06:20:00,8100,45280,45250,45260,45260,45290,45260,45270,45270,45285,45255,45265,45265
2025-08-06 06:25:00,,45490,45170,45440,45190,45500,45180,45450,45200,45495,45175,45445,45195
2025-08-06 06:30:00,155200,45180,45180,45180,45180,45250,45250,45250,45250,45215,45215,45215,45215
2025-08-07 00:00:00,53500,45370,45110,45130,45240,45400,45130,45140,45270,45385,45120,45135,45255
2025-08-07 00:05:00,24000,45320,45190,45240,45270,45350,45210,45270,45300,45335,45200,45255,45285
2025-08-07 00:10:00,12300,45370,45260,45270,45350,45390,45280,45300,45370,45380,45270,45285,45360
2025-08-07 00:15:00,17800,45450,45330,45350,45410,45460,45350,45370,45440,45455,45340,45360,45425
2025-08-07 00:20:00,9100,45410,45280,45410,45330,45440,45300,45440,45360,45425,45290,45425,45345
2025-08-07 00:25:00,9700,45460,45330,45330,45440,45470,45350,45360,45460,45465,45340,45345,45450
2025-08-07 00:30:00,4900,45450,45380,45440,45380,45470,45390,45460,45410,45460,45385,45450,45395
2025-08-07 00:35:00,11200,45470,45380,45380,45450,45480,45390,45410,45480,45475,45385,45395,45465
2025-08-07 00:40:00,13700,45460,45320,45450,45320,45480,45330,45480,45330,45465,45325,45465,45325
2025-08-07 00:45:00,7900,45370,45300,45320,45360,45390,45310,45330,45380,45380,45305,45325,45370
2025-08-07 00:50:00,16700,45490,45320,45360,45360,45500,45340,45380,45370,45495,45330,45370,45365
2025-08-07 00:55:00,8600,45430,45280,45360,45420,45450,45290,45370,45440,45440,45285,45365,45430
2025-08-07 01:00:00,2000,45430,45360,45420,45370,45450,45380,45440,45390,45440,45370,45430,45380
2025-08-07 01:05:00,5800,45370,45300,45370,45310,45390,45310,45390,45330,45380,45305,45380,45320
2025-08-07 01:10:00,5300,45410,45300,45310,45360,45430,45310,45330,45390,45420,45305,45320,45375
2025-08-07 01:15:00,3000,45410,45340,45360,45400,45420,45360,45390,45420,45415,45355,45375,45410
2025-08-07 01:20:00,19300,45540,45400,45400,45500,45550,45420,45420,45520,45545,45410,45410,45510
2025-08-07 01:25:00,6000,45510,45430,45500,45480,45530,45440,45520,45500,45520,45435,45510,45490
2025-08-07 01:30:00,9500,45560,45480,45480,45550,45570,45490,45500,45570,45565,45485,45490,45560
2025-08-07 01:35:00,5500,45570,45540,45550,45560,45590,45550,45570,45580,45580,45545,45560,45570
2025-08-07 01:40:00,16900,45690,45560,45560,45680,45700,45570,45580,45700,45695,45565,45570,45690
2025-08-07 01:45:00,6400,45710,45660,45680,45700,45720,45670,45700,45720,45715,45665,45690,45710
2025-08-07 01:50:00,4800,45710,45650,45700,45650,45720,45670,45720,45680,45715,45660,45710,45665
2025-08-07 01:55:00,4400,45680,45650,45650,45680,45700,45660,45680,45690,45690,45655,45665,45685
2025-08-07 02:00:00,4600,45710,45660,45680,45700,45720,45680,45690,45720,45715,45670,45685,45710
2025-08-07 02:05:00,4700,45740,45700,45700,45730,45750,45720,45720,45750,45745,45710,45710,45740
2025-08-07 02:10:00,8900,45780,45730,45730,45780,45790,45750,45750,45790,45785,45740,45740,45785
2025-08-07 02:15:00,7400,45800,45730,45780,45740,45810,45750,45790,45760,45805,45740,45785,45750
2025-08-07 02:20:00,2500,45760,45720,45740,45730,45770,45740,45760,45760,45765,45730,45750,45745
2025-08-07 02:25:00,2500,45730,45710,45730,45710,45760,45720,45760,45740,45745,45715,45745,45725
2025-08-07 02:30:00,3700,45710,45710,45710,45710,45740,45740,45740,45740,45725,45725,45725,45725
2025-08-07 03:30:00,44700,45710,45450,45710,45580,45730,45530,45710,45590,45715,45495,45710,45585
2025-08-07 03:35:00,6700,45610,45520,45580,45570,45620,45540,45590,45580,45615,45530,45585,45575
2025-08-07 03:40:00,4300,45560,45480,45560,45560,45580,45490,45580,45570,45570,45485,45570,45565
2025-08-07 03:45:00,7000,45570,45480,45560,45490,45580,45500,45570,45510,45575,45490,45565,45500
2025-08-07 03:50:00,4600,45500,45470,45490,45480,45520,45480,45510,45490,45510,45475,45500,45485
2025-08-07 03:55:00,4000,45530,45480,45480,45510,45550,45490,45490,45530,45540,45485,45485,45520
2025-08-07 04:00:00,2500,45520,45470,45510,45480,45540,45480,45530,45490,45530,45475,45520,45485
2025-08-07 04:05:00,4400,45520,45470,45480,45500,45540,45490,45490,45520,45530,45480,45485,45510
2025-08-07 04:10:00,2800,45510,45480,45500,45500,45530,45500,45520,45520,45520,45490,45510,45510
2025-08-07 04:15:00,7700,45500,45450,45500,45470,45520,45460,45520,45480,45510,45455,45510,45475
2025-08-07 04:20:00,2800,45470,45420,45470,45430,45480,45430,45480,45460,45475,45425,45475,45445
2025-08-07 04:25:00,7000,45440,45380,45430,45400,45460,45390,45460,45420,45445,45385,45445,45410
2025-08-07 04:30:00,3200,45400,45360,45400,45370,45420,45370,45420,45390,45410,45365,45410,45380
2025-08-07 04:35:00,4600,45380,45340,45370,45360,45390,45350,45390,45370,45385,45345,45380,45365
2025-08-07 04:40:00,2300,45360,45340,45360,45340,45370,45350,45370,45370,45365,45345,45365,45355
2025-08-07 04:45:00,8000,45350,45290,45340,45290,45370,45300,45370,45300,45360,45295,45355,45295
2025-08-07 04:50:00,5500,45290,45230,45290,45230,45300,45240,45300,45250,45295,45235,45295,45240
2025-08-07 04:55:00,1400,45270,45230,45230,45260,45280,45250,45250,45270,45275,45240,45240,45265
2025-08-07 05:00:00,9200,45310,45210,45260,45260,45330,45220,45270,45290,45320,45215,45265,45275
2025-08-07 05:05:00,2000,45320,45250,45260,45310,45330,45270,45290,45330,45325,45265,45275,45320
2025-08-07 05:10:00,3500,45330,45260,45310,45280,45340,45280,45320,45290,45335,45275,45315,45285
2025-08-07 05:15:00,1900,45300,45260,45280,45280,45310,45270,45290,45300,45305,45265,45285,45290
2025-08-07 05:20:00,2500,45320,45280,45280,45310,45340,45290,45300,45330,45330,45285,45290,45320
2025-08-07 05:25:00,1800,45320,45300,45310,45310,45330,45310,45330,45330,45325,45305,45320,45320
2025-08-07 05:30:00,1200,45320,45300,45310,45320,45330,45320,45330,45330,45325,45310,45320,45325
2025-08-07 05:35:00,6800,45350,45270,45320,45270,45360,45280,45330,45280,45355,45275,45325,45275
2025-08-07 05:40:00,3400,45290,45250,45270,45280,45300,45260,45280,45290,45295,45255,45275,45285
2025-08-07 05:45:00,4300,45290,45230,45280,45280,45300,45240,45290,45300,45295,45235,45285,45290
2025-08-07 05:50:00,3200,45280,45240,45280,45250,45300,45250,45300,45260,45290,45245,45290,45255
2025-08-07 05:55:00,2100,45270,45240,45250,45250,45280,45250,45260,45270,45275,45245,45255,45260
2025-08-07 06:00:00,3100,45280,45240,45250,45250,45300,45250,45270,45270,45290,45245,45260,45260
2025-08-07 06:05:00,13600,45260,45180,45250,45210,45270,45190,45270,45230,45265,45185,45260,45220
2025-08-07 06:10:00,7900,45230,45160,45220,45170,45250,45180,45230,45180,45240,45170,45225,45175
2025-08-07 06:15:00,11900,45170,45130,45170,45160,45180,45140,45180,45180,45175,45135,45175,45170
2025-08-07 06:20:00,9300,45170,45150,45160,45170,45190,45160,45180,45180,45180,45155,45170,45175
2025-08-07 06:25:00,,45200,44000,44000,45150,45210,44010,44010,45160,45205,44005,44005,45155
2025-08-07 06:30:00,204000,45150,45150,45150,45150,45190,45190,45190,45190,45170,45170,45170,45170
2025-08-08 00:00:00,444600,47490,45300,46900,45580,47500,45430,46900,45610,47495,45425,46900,45595
2025-08-08 00:05:00,59400,45880,45540,45580,45870,45890,45560,45610,45890,45885,45550,45595,45880
2025-08-08 00:10:00,42700,46070,45820,45870,46030,46080,45830,45890,46060,46075,45825,45880,46045
2025-08-08 00:15:00,44500,46240,46030,46030,46070,46260,46040,46060,46100,46250,46035,46045,46085
2025-08-08 00:20:00,15300,46070,45960,46070,45970,46100,45970,46100,46000,46085,45965,46085,45985
2025-08-08 00:25:00,32600,46080,45900,45970,46020,46100,45910,46000,46040,46090,45905,45985,46030
2025-08-08 00:30:00,13900,46090,45990,46020,46030,46100,46000,46040,46050,46095,45995,46030,46040
2025-08-08 00:35:00,20900,46180,46010,46030,46170,46190,46020,46050,46180,46185,46015,46040,46175
2025-08-08 00:40:00,19500,46220,46120,46170,46160,46230,46130,46180,46180,46225,46125,46175,46170
2025-08-08 00:45:00,12100,46230,46130,46160,46200,46240,46150,46180,46220,46235,46140,46170,46210
2025-08-08 00:50:00,13600,46200,46090,46200,46160,46220,46100,46220,46170,46210,46095,46210,46165
2025-08-08 00:55:00,26300,46340,46160,46160,46320,46350,46170,46170,46340,46345,46165,46165,46330
2025-08-08 01:00:00,28400,46440,46300,46320,46350,46460,46310,46340,46360,46450,46305,46330,46355
2025-08-08 01:05:00,17000,46360,46180,46350,46200,46380,46190,46360,46210,46370,46185,46355,46205
2025-08-08 01:10:00,10400,46240,46160,46200,46210,46250,46180,46210,46230,46245,46170,46205,46220
2025-08-08 01:15:00,10100,46250,46140,46210,46200,46260,46150,46230,46220,46255,46145,46220,46210
2025-08-08 01:20:00,16400,46410,46200,46200,46410,46430,46210,46220,46430,46420,46205,46210,46420
2025-08-08 01:25:00,11600,46420,46320,46410,46400,46430,46340,46430,46430,46425,46330,46420,46415
2025-08-08 01:30:00,9500,46440,46390,46400,46420,46450,46400,46430,46440,46445,46395,46415,46430
2025-08-08 01:35:00,19500,46490,46380,46420,46450,46500,46390,46440,46470,46495,46385,46430,46460
2025-08-08 01:40:00,27500,46500,46340,46450,46340,46510,46350,46470,46360,46505,46345,46460,46350
2025-08-08 01:45:00,14700,46540,46340,46340,46520,46550,46350,46360,46530,46545,46345,46350,46525
2025-08-08 01:50:00,20700,46590,46470,46520,46510,46600,46490,46530,46520,46595,46480,46525,46515
2025-08-08 01:55:00,9500,46540,46410,46510,46410,46550,46420,46520,46420,46545,46415,46515,46415
2025-08-08 02:00:00,6100,46410,46340,46410,46360,46420,46350,46420,46380,46415,46345,46415,46370
2025-08-08 02:05:00,7400,46370,46300,46360,46370,46390,46310,46380,46380,46380,46305,46370,46375
2025-08-08 02:10:00,4700,46410,46350,46370,46380,46430,46370,46380,46400,46420,46360,46375,46390
2025-08-08 02:15:00,4800,46400,46320,46380,46320,46410,46330,46400,46340,46405,46325,46390,46330
2025-08-08 02:20:00,18700,46520,46320,46320,46480,46530,46340,46340,46500,46525,46330,46330,46490
2025-08-08 02:25:00,9400,46520,46430,46480,46460,46530,46450,46500,46490,46525,46440,46490,46475
2025-08-08 02:30:00,10500,46460,46460,46460,46460,46510,46510,46510,46510,46485,46485,46485,46485
2025-08-08 03:30:00,38500,46510,46380,46380,46450,46530,46390,46390,46470,46520,46385,46385,46460
2025-08-08 03:35:00,10700,46490,46420,46450,46450,46500,46430,46470,46480,46495,46425,46460,46465
2025-08-08 03:40:00,4900,46480,46450,46450,46470,46490,46460,46480,46480,46485,46455,46465,46475
2025-08-08 03:45:00,18700,46570,46460,46470,46550,46580,46480,46480,46560,46575,46470,46475,46555
2025-08-08 03:50:00,7200,46560,46510,46550,46560,46570,46520,46560,46570,46565,46515,46555,46565
2025-08-08 03:55:00,22500,46610,46490,46560,46580,46620,46500,46570,46600,46615,46495,46565,46590
2025-08-08 04:00:00,8900,46600,46460,46580,46460,46610,46470,46600,46480,46605,46465,46590,46470
2025-08-08 04:05:00,2800,46530,46460,46460,46510,46550,46480,46480,46520,46540,46470,46470,46515
2025-08-08 04:10:00,4600,46570,46510,46510,46560,46580,46520,46520,46570,46575,46515,46515,46565
2025-08-08 04:15:00,3300,46560,46500,46560,46530,46570,46510,46570,46550,46565,46505,46565,46540
2025-08-08 04:20:00,4300,46530,46470,46530,46500,46550,46480,46550,46510,46540,46475,46540,46505
2025-08-08 04:25:00,3100,46500,46480,46500,46500,46520,46490,46510,46510,46510,46485,46505,46505
2025-08-08 04:30:00,6600,46520,46450,46500,46460,46540,46460,46510,46470,46530,46455,46505,46465
2025-08-08 04:35:00,4400,46480,46430,46460,46470,46490,46440,46470,46490,46485,46435,46465,46480
2025-08-08 04:40:00,5600,46510,46460,46470,46490,46520,46470,46490,46500,46515,46465,46480,46495
2025-08-08 04:45:00,6000,46520,46470,46490,46470,46530,46480,46510,46490,46525,46475,46500,46480
2025-08-08 04:50:00,12000,46480,46350,46470,46360,46500,46370,46490,46380,46490,46360,46480,46370
2025-08-08 04:55:00,10200,46370,46230,46360,46250,46390,46250,46380,46270,46380,46245,46370,46260
2025-08-08 05:00:00,8800,46420,46250,46250,46410,46440,46260,46260,46430,46430,46255,46255,46420
2025-08-08 05:05:00,3300,46450,46400,46410,46450,46470,46420,46430,46470,46460,46410,46420,46460
2025-08-08 05:10:00,8700,46500,46430,46450,46460,46510,46450,46460,46480,46505,46440,46455,46470
2025-08-08 05:15:00,7000,46500,46430,46460,46430,46510,46440,46480,46450,46505,46435,46470,46440
2025-08-08 05:20:00,4900,46450,46410,46430,46420,46460,46420,46450,46440,46455,46415,46440,46430
2025-08-08 05:25:00,4800,46430,46400,46420,46400,46440,46410,46440,46420,46435,46405,46430,46410
2025-08-08 05:30:00,5700,46460,46400,46400,46430,46480,46420,46420,46450,46470,46410,46410,46440
2025-08-08 05:35:00,3800,46460,46430,46430,46450,46470,46450,46450,46470,46465,46440,46440,46460
2025-08-08 05:40:00,5400,46450,46430,46450,46440,46470,46440,46470,46450,46460,46435,46460,46445
2025-08-08 05:45:00,4800,46460,46430,46440,46430,46470,46440,46450,46440,46465,46435,46445,46435
2025-08-08 05:50:00,8000,46430,46360,46430,46410,46450,46380,46440,46430,46440,46375,46435,46420
2025-08-08 05:55:00,5200,46420,46380,46420,46390,46440,46400,46430,46410,46430,46390,46425,46400
2025-08-08 06:00:00,11600,46410,46310,46390,46320,46420,46320,46410,46330,46415,46315,46400,46325
2025-08-08 06:05:00,13500,46330,46200,46320,46220,46340,46210,46330,46230,46335,46205,46325,46225
2025-08-08 06:10:00,14600,46230,46180,46220,46190,46240,46200,46230,46210,46235,46190,46225,46200
2025-08-08 06:15:00,13700,46200,46110,46190,46110,46210,46120,46210,46120,46205,46115,46200,46115
2025-08-08 06:20:00,21400,46200,46110,46110,46200,46220,46120,46120,46220,46210,46115,46115,46210
2025-08-08 06:25:00,,46280,44750,44800,46280,46290,44760,44810,46290,46285,44755,44805,46285
2025-08-08 06:30:00,232600,46220,46220,46220,46220,46290,46290,46290,46290,46255,46255,46255,46255
2025-08-12 00:00:00,132100,47180,46550,46980,47130,47190,46580,46990,47150,47185,46565,46985,47140
2025-08-12 00:05:00,33800,47190,47020,47130,47090,47200,47050,47150,47110,47195,47035,47140,47100
2025-08-12 00:10:00,37500,47260,47020,47090,47240,47270,47040,47110,47270,47265,47030,47100,47255
2025-08-12 00:15:00,51000,47560,47210,47240,47500,47570,47230,47270,47510,47565,47220,47255,47505
2025-08-12 00:20:00,41700,47710,47470,47500,47700,47720,47490,47510,47720,47715,47480,47505,47710
2025-08-12 00:25:00,31800,47790,47610,47700,47770,47800,47620,47720,47790,47795,47615,47710,47780
2025-08-12 00:30:00,43700,47980,47750,47770,47960,47990,47760,47790,47970,47985,47755,47780,47965
2025-08-12 00:35:00,70000,48080,47770,47960,47800,48100,47790,47970,47830,48090,47780,47965,47815
2025-08-12 00:40:00,43400,47800,47470,47800,47560,47830,47490,47830,47590,47815,47480,47815,47575
2025-08-12 00:45:00,20000,47760,47520,47560,47760,47780,47540,47590,47780,47770,47530,47575,47770
2025-08-12 00:50:00,21800,47860,47700,47760,47810,47880,47710,47780,47830,47865,47705,47770,47820
2025-08-12 00:55:00,69000,48160,47770,47810,48140,48180,47780,47830,48160,48170,47775,47820,48150
2025-08-12 01:00:00,29400,48190,48050,48140,48080,48200,48060,48150,48090,48195,48055,48145,48085
2025-08-12 01:05:00,15100,48140,48030,48080,48050,48150,48050,48090,48070,48145,48040,48085,48060
2025-08-12 01:10:00,19300,48120,47990,48050,48050,48130,48000,48070,48070,48125,47995,48060,48060
2025-08-12 01:15:00,14500,48140,48030,48050,48120,48150,48050,48070,48130,48145,48040,48060,48125
2025-08-12 01:20:00,31200,48220,48110,48120,48210,48230,48130,48130,48230,48225,48120,48125,48220
2025-08-12 01:25:00,26500,48280,48200,48210,48250,48290,48210,48230,48280,48285,48205,48220,48265
2025-08-12 01:30:00,28100,48330,48220,48250,48320,48340,48230,48280,48330,48335,48225,48265,48325
2025-08-12 01:35:00,41000,48470,48320,48320,48370,48480,48330,48330,48390,48475,48325,48325,48380
2025-08-12 01:40:00,63100,48540,48360,48370,48480,48550,48370,48390,48500,48545,48365,48380,48490
2025-08-12 01:45:00,14500,48490,48370,48480,48370,48500,48380,48500,48380,48495,48375,48490,48375
2025-08-12 01:50:00,15000,48430,48310,48370,48320,48440,48320,48380,48350,48435,48315,48375,48335
2025-08-12 01:55:00,8300,48430,48320,48320,48410,48450,48330,48350,48430,48440,48325,48335,48420
2025-08-12 02:00:00,12100,48410,48320,48410,48330,48430,48330,48430,48350,48420,48325,48420,48340
2025-08-12 02:05:00,16500,48390,48270,48330,48280,48400,48290,48350,48290,48395,48285,48340,48285
2025-08-12 02:10:00,10000,48320,48250,48280,48270,48330,48270,48290,48280,48325,48260,48285,48275
2025-08-12 02:15:00,16800,48420,48270,48270,48410,48430,48280,48280,48430,48425,48275,48275,48420
2025-08-12 02:20:00,6600,48410,48330,48410,48330,48430,48360,48430,48360,48420,48345,48420,48345
2025-08-12 02:25:00,8800,48360,48300,48330,48310,48370,48320,48360,48340,48365,48310,48345,48325
2025-08-12 02:30:00,4000,48310,48310,48310,48310,48360,48360,48360,48360,48335,48335,48335,48335
2025-08-12 03:30:00,44700,48420,48290,48370,48290,48440,48310,48380,48310,48430,48300,48375,48300
2025-08-12 03:35:00,20100,48440,48280,48290,48420,48450,48300,48310,48450,48445,48295,48300,48435
2025-08-12 03:40:00,7100,48440,48400,48420,48420,48450,48420,48450,48430,48445,48410,48435,48425
2025-08-12 03:45:00,14900,48450,48400,48420,48440,48460,48410,48430,48450,48455,48405,48425,48445
2025-08-12 03:50:00,16300,48470,48370,48440,48460,48480,48380,48450,48480,48475,48375,48445,48470
2025-08-12 03:55:00,8700,48470,48400,48460,48440,48480,48420,48480,48470,48475,48410,48470,48455
2025-08-12 04:00:00,11100,48490,48450,48450,48490,48500,48460,48470,48500,48495,48455,48460,48495
2025-08-12 04:05:00,9600,48490,48450,48490,48470,48500,48460,48500,48480,48495,48455,48495,48475
2025-08-12 04:10:00,4400,48480,48460,48470,48460,48500,48470,48480,48480,48490,48465,48475,48470
2025-08-12 04:15:00,8300,48480,48430,48460,48430,48500,48440,48480,48460,48490,48435,48470,48445
2025-08-12 04:20:00,6300,48460,48420,48430,48460,48480,48440,48460,48480,48470,48430,48445,48470
2025-08-12 04:25:00,12000,48480,48420,48460,48420,48490,48440,48480,48440,48485,48430,48470,48430
2025-08-12 04:30:00,11000,48420,48350,48420,48410,48440,48360,48440,48430,48430,48355,48430,48420
2025-08-12 04:35:00,6800,48430,48370,48410,48370,48450,48390,48430,48390,48440,48380,48420,48380
2025-08-12 04:40:00,8200,48380,48330,48370,48340,48400,48340,48390,48350,48385,48335,48380,48345
2025-08-12 04:45:00,11000,48380,48330,48340,48370,48400,48340,48350,48390,48390,48335,48345,48380
2025-08-12 04:50:00,5700,48380,48340,48370,48360,48390,48350,48390,48380,48385,48345,48380,48370
2025-08-12 04:55:00,15300,48440,48360,48360,48420,48450,48370,48380,48430,48445,48365,48370,48425
2025-08-12 05:00:00,45200,48420,48140,48420,48280,48430,48160,48430,48300,48425,48150,48425,48290
2025-08-12 05:05:00,19000,48440,48270,48270,48380,48450,48290,48300,48400,48445,48280,48285,48390
2025-08-12 05:10:00,9000,48420,48370,48380,48400,48430,48390,48400,48420,48425,48380,48390,48410
2025-08-12 05:15:00,7600,48410,48370,48400,48400,48430,48380,48420,48410,48420,48375,48410,48405
2025-08-12 05:20:00,17800,48420,48330,48400,48380,48430,48350,48420,48410,48425,48340,48410,48395
2025-08-12 05:25:00,8200,48420,48370,48380,48380,48430,48390,48410,48400,48425,48380,48395,48390
2025-08-12 05:30:00,11000,48380,48320,48380,48320,48400,48330,48400,48340,48390,48325,48390,48330
2025-08-12 05:35:00,11500,48390,48300,48320,48300,48400,48310,48340,48320,48395,48305,48330,48310
2025-08-12 05:40:00,10800,48330,48260,48300,48300,48340,48280,48320,48320,48335,48270,48310,48310
2025-08-12 05:45:00,9400,48320,48240,48300,48240,48330,48250,48320,48260,48325,48245,48310,48250
2025-08-12 05:50:00,10700,48270,48200,48250,48210,48280,48210,48260,48230,48275,48205,48255,48220
2025-08-12 05:55:00,10700,48300,48210,48210,48280,48310,48220,48220,48290,48305,48215,48215,48285
2025-08-12 06:00:00,8800,48290,48260,48280,48270,48300,48270,48290,48280,48295,48265,48285,48275
2025-08-12 06:05:00,8300,48290,48220,48270,48240,48300,48240,48280,48260,48295,48230,48275,48250
2025-08-12 06:10:00,12000,48240,48150,48240,48170,48260,48160,48260,48180,48250,48155,48250,48175
2025-08-12 06:15:00,20400,48170,48060,48170,48090,48180,48070,48180,48100,48175,48065,48175,48095
2025-08-12 06:20:00,19900,48150,48080,48090,48080,48160,48090,48100,48100,48155,48085,48095,48090
2025-08-12 06:25:00,,48290,45840,45840,48110,48300,45850,45850,48120,48295,45845,45845,48115
2025-08-12 06:30:00,220900,48110,48110,48110,48110,48120,48120,48120,48120,48115,48115,48115,48115
2025-08-13 00:00:00,184800,49160,48680,48730,48990,49200,48740,48740,49030,49180,48715,48735,49010
2025-08-13 00:05:00,41500,49040,48900,48990,48920,49050,48920,49030,48950,49045,48910,49010,48935
2025-08-13 00:10:00,39600,49050,48880,48920,49010,49060,48910,48950,49020,49055,48895,48935,49015
2025-08-13 00:15:00,43800,49070,48850,49010,48930,49080,48880,49020,48960,49075,48865,49015,48945
2025-08-13 00:20:00,28300,48940,48770,48930,48820,48960,48790,48940,48840,48950,48780,48935,48830
2025-08-13 00:25:00,22000,48870,48750,48820,48750,48890,48760,48840,48770,48880,48755,48830,48760
2025-08-13 00:30:00,20000,48780,48660,48750,48720,48800,48680,48770,48740,48790,48670,48760,48730
2025-08-13 00:35:00,20900,48770,48620,48720,48730,48780,48640,48740,48760,48775,48630,48730,48745
2025-08-13 00:40:00,18900,48780,48690,48730,48690,48790,48700,48760,48710,48785,48695,48745,48700
2025-08-13 00:45:00,21100,48810,48680,48690,48750,48820,48690,48710,48770,48815,48685,48700,48760
2025-08-13 00:50:00,11100,48810,48750,48750,48790,48820,48770,48770,48810,48815,48760,48760,48800
2025-08-13 00:55:00,15600,48850,48790,48790,48810,48870,48800,48810,48830,48860,48795,48800,48820
2025-08-13 01:00:00,15700,48840,48720,48810,48840,48850,48740,48830,48850,48845,48730,48820,48845
2025-08-13 01:05:00,13000,48870,48800,48840,48810,48880,48810,48850,48830,48875,48805,48845,48820
2025-08-13 01:10:00,8000,48870,48800,48810,48830,48880,48810,48830,48850,48875,48805,48820,48840
2025-08-13 01:15:00,10100,48840,48730,48830,48730,48850,48740,48850,48750,48845,48735,48840,48740
2025-08-13 01:20:00,8100,48780,48720,48730,48770,48790,48730,48750,48790,48785,48725,48740,48780
2025-08-13 01:25:00,14500,48850,48750,48770,48820,48860,48760,48790,48850,48855,48755,48780,48835
2025-08-13 01:30:00,8300,48870,48810,48820,48850,48880,48830,48850,48870,48875,48820,48835,48860
2025-08-13 01:35:00,9700,48880,48850,48850,48860,48900,48860,48870,48880,48890,48855,48860,48870
2025-08-13 01:40:00,4600,48860,48830,48860,48860,48880,48840,48880,48870,48870,48835,48870,48865
2025-08-13 01:45:00,8800,48860,48750,48860,48750,48880,48770,48870,48770,48870,48760,48865,48760
2025-08-13 01:50:00,7600,48840,48750,48750,48830,48860,48770,48780,48840,48850,48760,48765,48835
2025-08-13 01:55:00,4200,48870,48810,48830,48840,48880,48830,48840,48860,48875,48820,48835,48850
2025-08-13 02:00:00,6700,48840,48760,48840,48790,48860,48780,48860,48810,48850,48770,48850,48800
2025-08-13 02:05:00,4100,48800,48750,48790,48790,48810,48770,48810,48810,48805,48760,48800,48800
2025-08-13 02:10:00,5700,48840,48790,48790,48830,48850,48810,48810,48840,48845,48800,48800,48835
2025-08-13 02:15:00,6800,48850,48810,48830,48830,48860,48820,48840,48840,48855,48815,48835,48835
2025-08-13 02:20:00,10300,48830,48720,48830,48750,48840,48740,48840,48770,48835,48730,48835,48760
2025-08-13 02:25:00,5700,48830,48750,48750,48800,48850,48760,48770,48830,48840,48755,48760,48815
2025-08-13 02:30:00,3000,48800,48800,48800,48800,48830,48830,48830,48830,48815,48815,48815,48815
2025-08-13 03:30:00,21600,48800,48730,48770,48760,48810,48740,48770,48780,48805,48735,48770,48770
2025-08-13 03:35:00,6100,48790,48750,48760,48780,48800,48760,48780,48790,48795,48755,48770,48785
2025-08-13 03:40:00,7900,48790,48720,48780,48740,48800,48740,48800,48760,48795,48730,48790,48750
2025-08-13 03:45:00,10600,48750,48700,48740,48740,48770,48710,48760,48760,48760,48705,48750,48750
2025-08-13 03:50:00,10900,48810,48740,48740,48770,48820,48760,48760,48790,48815,48750,48750,48780
2025-08-13 03:55:00,3800,48780,48750,48770,48760,48800,48760,48790,48780,48790,48755,48780,48770
2025-08-13 04:00:00,14300,48770,48660,48760,48660,48790,48670,48780,48680,48780,48665,48770,48670
2025-08-13 04:05:00,7100,48710,48660,48660,48690,48730,48670,48680,48700,48720,48665,48670,48695
2025-08-13 04:10:00,5100,48700,48670,48690,48680,48720,48690,48700,48700,48710,48680,48695,48690
2025-08-13 04:15:00,5000,48730,48680,48680,48720,48740,48700,48700,48740,48735,48690,48690,48730
2025-08-13 04:20:00,3800,48740,48710,48720,48730,48750,48730,48740,48740,48745,48720,48730,48735
2025-08-13 04:25:00,4100,48750,48720,48730,48740,48760,48730,48740,48760,48755,48725,48735,48750
2025-08-13 04:30:00,16800,48830,48740,48740,48830,48850,48750,48760,48840,48840,48745,48750,48835
2025-08-13 04:35:00,10000,48860,48810,48830,48810,48880,48820,48840,48830,48870,48815,48835,48820
2025-08-13 04:40:00,6700,48840,48810,48810,48840,48860,48820,48830,48860,48850,48815,48820,48850
2025-08-13 04:45:00,27600,48980,48840,48840,48940,48990,48860,48860,48960,48985,48850,48850,48950
2025-08-13 04:50:00,19900,48970,48870,48940,48880,48980,48890,48960,48890,48975,48880,48950,48885
2025-08-13 04:55:00,7600,48910,48870,48880,48870,48920,48880,48890,48880,48915,48875,48885,48875
2025-08-13 05:00:00,9100,48930,48860,48870,48890,48950,48870,48880,48910,48940,48865,48875,48900
2025-08-13 05:05:00,8600,48910,48870,48890,48890,48920,48890,48910,48910,48915,48880,48900,48900
2025-08-13 05:10:00,10800,48900,48850,48890,48880,48910,48870,48910,48900,48905,48860,48900,48890
2025-08-13 05:15:00,4900,48890,48820,48880,48820,48900,48830,48900,48830,48895,48825,48890,48825
2025-08-13 05:20:00,7900,48850,48790,48820,48800,48860,48800,48830,48820,48855,48795,48825,48810
2025-08-13 05:25:00,7100,48880,48800,48800,48840,48900,48810,48820,48860,48890,48805,48810,48850
2025-08-13 05:30:00,6600,48890,48840,48840,48880,48900,48850,48860,48900,48895,48845,48850,48890
2025-08-13 05:35:00,11000,48920,48880,48880,48890,48930,48890,48900,48910,48925,48885,48890,48900
2025-08-13 05:40:00,12400,48890,48790,48890,48870,48910,48800,48910,48890,48900,48795,48900,48880
2025-08-13 05:45:00,14900,48900,48850,48870,48860,48920,48860,48890,48880,48910,48855,48880,48870
2025-08-13 05:50:00,7100,48860,48800,48860,48820,48880,48810,48880,48840,48870,48805,48870,48830
2025-08-13 05:55:00,13500,48820,48760,48820,48760,48840,48770,48840,48780,48830,48765,48830,48770
2025-08-13 06:00:00,17200,48790,48660,48760,48660,48800,48670,48780,48680,48795,48665,48770,48670
2025-08-13 06:05:00,12600,48720,48650,48660,48700,48730,48660,48680,48720,48725,48655,48670,48710
2025-08-13 06:10:00,10100,48740,48680,48700,48730,48750,48700,48720,48750,48745,48690,48710,48740
2025-08-13 06:15:00,9700,48730,48680,48730,48680,48750,48690,48740,48700,48740,48685,48735,48690
2025-08-13 06:20:00,14800,48740,48670,48680,48720,48750,48690,48700,48740,48745,48680,48690,48730
2025-08-13 06:25:00,,48990,48400,48840,48630,49000,48410,48840,48640,48995,48405,48840,48635
2025-08-13 06:30:00,329300,48630,48630,48630,48630,48650,48650,48650,48650,48640,48640,48640,48640
2025-08-14 00:00:00,89000,48070,47630,47720,48000,48100,47700,47730,48030,48085,47670,47725,48015
2025-08-14 00:05:00,23100,48120,47950,48000,47970,48150,47970,48030,47980,48135,47960,48015,47975
2025-08-14 00:10:00,19200,47980,47850,47970,47930,48000,47860,47980,47950,47990,47855,47975,47940
2025-08-14 00:15:00,15000,47980,47890,47930,47960,48000,47910,47950,47980,47990,47900,47940,47970
2025-08-14 00:20:00,16600,48000,47870,47960,47910,48020,47880,47980,47930,48010,47875,47970,47920
2025-08-14 00:25:00,15000,47940,47860,47910,47880,47950,47870,47930,47910,47945,47865,47920,47895
2025-08-14 00:30:00,22300,47940,47740,47880,47780,47960,47760,47910,47800,47950,47750,47895,47790
2025-08-14 00:35:00,9900,47840,47740,47780,47820,47850,47750,47800,47840,47845,47745,47790,47830
2025-08-14 00:40:00,9800,47920,47810,47820,47880,47940,47830,47840,47900,47930,47820,47830,47890
2025-08-14 00:45:00,27600,48000,47850,47880,47980,48020,47870,47900,48000,48010,47865,47890,47990
2025-08-14 00:50:00,16300,48020,47910,47980,47980,48030,47930,48000,48000,48025,47920,47990,47990
2025-08-14 00:55:00,20300,48130,47960,47980,48070,48140,47980,48000,48090,48135,47975,47990,48080
2025-08-14 01:00:00,13200,48160,48070,48070,48100,48170,48090,48090,48120,48165,48080,48080,48110
2025-08-14 01:05:00,9600,48120,48020,48100,48020,48130,48030,48120,48040,48125,48025,48110,48030
2025-08-14 01:10:00,18700,48020,47860,48020,47860,48040,47870,48040,47880,48030,47865,48030,47870
2025-08-14 01:15:00,27400,47860,47710,47860,47720,47880,47720,47880,47740,47870,47715,47870,47730
2025-08-14 01:20:00,18400,47760,47650,47720,47760,47770,47670,47740,47770,47765,47660,47730,47765
2025-08-14 01:25:00,10700,47860,47720,47760,47850,47870,47740,47770,47870,47865,47730,47765,47860
2025-08-14 01:30:00,6200,47860,47800,47850,47820,47870,47820,47870,47840,47865,47810,47860,47830
2025-08-14 01:35:00,9300,47900,47810,47820,47880,47920,47830,47840,47900,47910,47825,47830,47890
2025-08-14 01:40:00,5600,47920,47860,47880,47890,47930,47880,47900,47910,47925,47870,47890,47900
2025-08-14 01:45:00,13800,47900,47770,47890,47790,47920,47780,47910,47820,47910,47775,47900,47805
2025-08-14 01:50:00,5400,47850,47780,47790,47790,47870,47790,47820,47810,47860,47785,47805,47800
2025-08-14 01:55:00,5900,47790,47740,47790,47780,47810,47750,47810,47790,47800,47745,47800,47785
2025-08-14 02:00:00,5100,47800,47730,47770,47730,47810,47740,47790,47750,47805,47735,47780,47740
2025-08-14 02:05:00,6000,47770,47700,47730,47750,47780,47710,47750,47770,47775,47705,47740,47760
2025-08-14 02:10:00,4800,47810,47740,47750,47780,47820,47760,47770,47790,47815,47750,47760,47785
2025-08-14 02:15:00,4200,47840,47770,47780,47830,47850,47790,47790,47840,47845,47780,47785,47835
2025-08-14 02:20:00,3000,47830,47770,47830,47800,47840,47790,47840,47820,47835,47780,47835,47810
2025-08-14 02:25:00,3500,47850,47800,47800,47800,47870,47820,47820,47820,47860,47810,47810,47810
2025-08-14 02:30:00,2900,47790,47790,47790,47790,47820,47820,47820,47820,47805,47805,47805,47805
2025-08-14 03:30:00,54100,47740,47510,47730,47510,47780,47520,47740,47520,47755,47515,47735,47515
2025-08-14 03:35:00,23700,47520,47430,47510,47440,47540,47440,47520,47470,47530,47435,47515,47455
2025-08-14 03:40:00,21000,47440,47370,47440,47390,47470,47380,47470,47400,47455,47375,47455,47395
2025-08-14 03:45:00,6900,47430,47370,47390,47410,47450,47390,47400,47430,47440,47380,47395,47420
2025-08-14 03:50:00,4700,47460,47410,47410,47430,47480,47420,47420,47440,47470,47415,47415,47435
2025-08-14 03:55:00,7200,47430,47370,47430,47420,47450,47380,47440,47440,47440,47375,47435,47430
2025-08-14 04:00:00,4800,47430,47390,47420,47390,47440,47400,47440,47410,47435,47395,47430,47400
2025-08-14 04:05:00,8100,47490,47390,47390,47490,47500,47400,47410,47500,47495,47395,47400,47495
2025-08-14 04:10:00,15000,47510,47450,47490,47490,47520,47460,47500,47500,47515,47455,47495,47495
2025-08-14 04:15:00,6000,47500,47480,47490,47480,47510,47490,47500,47500,47505,47485,47495,47490
2025-08-14 04:20:00,5300,47490,47410,47480,47420,47500,47420,47500,47440,47495,47415,47490,47430
2025-08-14 04:25:00,3300,47430,47400,47420,47420,47450,47410,47440,47440,47440,47405,47430,47430
2025-08-14 04:30:00,5300,47460,47410,47420,47460,47470,47420,47440,47470,47465,47415,47430,47465
2025-08-14 04:35:00,5300,47480,47430,47460,47430,47490,47440,47470,47450,47485,47435,47465,47440
2025-08-14 04:40:00,1900,47450,47430,47430,47450,47460,47440,47450,47460,47455,47435,47440,47455
2025-08-14 04:45:00,6800,47450,47400,47450,47410,47460,47410,47460,47420,47455,47405,47455,47415
2025-08-14 04:50:00,2800,47450,47410,47410,47440,47460,47420,47420,47450,47455,47415,47415,47445
2025-08-14 04:55:00,3900,47460,47420,47440,47430,47470,47430,47450,47450,47465,47425,47445,47440
2025-08-14 05:00:00,2600,47460,47430,47430,47450,47470,47450,47450,47470,47465,47440,47440,47460
2025-08-14 05:05:00,3100,47470,47440,47450,47440,47480,47450,47470,47460,47475,47445,47460,47450
2025-08-14 05:10:00,4500,47480,47440,47440,47480,47490,47450,47460,47490,47485,47445,47450,47485
2025-08-14 05:15:00,4500,47490,47460,47480,47470,47500,47470,47490,47490,47495,47465,47485,47480
2025-08-14 05:20:00,2300,47470,47450,47470,47460,47490,47460,47480,47480,47480,47455,47475,47470
2025-08-14 05:25:00,3500,47490,47460,47460,47480,47500,47470,47480,47500,47495,47465,47470,47490
2025-08-14 05:30:00,8600,47500,47460,47480,47460,47510,47470,47500,47480,47505,47465,47490,47470
2025-08-14 05:35:00,5200,47460,47420,47460,47440,47480,47440,47480,47460,47470,47430,47470,47450
2025-08-14 05:40:00,4400,47450,47420,47440,47430,47460,47430,47460,47440,47455,47425,47450,47435
2025-08-14 05:45:00,5800,47440,47400,47430,47400,47450,47410,47440,47410,47445,47405,47435,47405
2025-08-14 05:50:00,4400,47410,47390,47400,47410,47420,47400,47410,47420,47415,47395,47405,47415
2025-08-14 05:55:00,6300,47460,47410,47410,47440,47470,47420,47420,47460,47465,47415,47415,47450
2025-08-14 06:00:00,4700,47440,47420,47440,47430,47460,47430,47450,47440,47450,47425,47445,47435
2025-08-14 06:05:00,4300,47430,47410,47430,47410,47440,47420,47440,47430,47435,47415,47435,47420
2025-08-14 06:10:00,9500,47420,47380,47410,47380,47430,47390,47430,47390,47425,47385,47420,47385
2025-08-14 06:15:00,7300,47420,47380,47380,47420,47440,47390,47390,47440,47430,47385,47385,47430
2025-08-14 06:20:00,15000,47430,47360,47420,47360,47440,47370,47440,47380,47435,47365,47430,47370
2025-08-14 06:25:00,,48030,47350,48020,47370,48040,47360,48030,47380,48035,47355,48025,47375
2025-08-14 06:30:00,190700,47370,47370,47370,47370,47380,47380,47380,47380,47375,47375,47375,47375
2025-08-15 00:00:00,71900,47910,47500,47500,47740,47910,47510,47510,47770,47910,47505,47505,47755
2025-08-15 00:05:00,15800,47760,47550,47740,47550,47780,47580,47770,47580,47765,47565,47755,47565
2025-08-15 00:10:00,18000,47730,47530,47550,47730,47750,47560,47580,47750,47740,47545,47565,47740
2025-08-15 00:15:00,17700,47770,47600,47730,47600,47790,47610,47750,47610,47780,47605,47740,47605
2025-08-15 00:20:00,10000,47700,47590,47600,47660,47720,47610,47610,47680,47710,47600,47605,47670
2025-08-15 00:25:00,10000,47720,47650,47660,47700,47730,47660,47680,47720,47725,47655,47670,47710
2025-08-15 00:30:00,29000,47920,47690,47700,47870,47930,47720,47720,47890,47925,47705,47710,47880
2025-08-15 00:35:00,11100,47900,47840,47870,47880,47920,47850,47890,47900,47910,47845,47880,47890
2025-08-15 00:40:00,6300,47890,47830,47880,47880,47910,47850,47900,47900,47900,47840,47890,47890
2025-08-15 00:45:00,10900,47940,47840,47880,47870,47950,47860,47900,47900,47945,47850,47890,47885
2025-08-15 00:50:00,4000,47910,47860,47870,47880,47920,47880,47900,47890,47915,47870,47885,47885
2025-08-15 00:55:00,6500,47910,47840,47870,47890,47920,47860,47890,47910,47915,47850,47880,47900
2025-08-15 01:00:00,9400,47930,47860,47890,47860,47940,47880,47910,47890,47935,47870,47900,47875
2025-08-15 01:05:00,22200,48050,47860,47860,47980,48060,47870,47890,48000,48055,47865,47875,47990
2025-08-15 01:10:00,4800,47990,47930,47980,47980,48000,47940,48000,48000,47995,47935,47990,47990
2025-08-15 01:15:00,4400,47980,47950,47980,47960,48000,47960,48000,47980,47990,47955,47990,47970
2025-08-15 01:20:00,5400,47980,47930,47960,47940,48000,47950,47980,47960,47990,47940,47970,47950
2025-08-15 01:25:00,6600,47950,47860,47940,47870,47970,47870,47960,47890,47960,47865,47950,47880
2025-08-15 01:30:00,10500,47870,47830,47870,47860,47890,47840,47890,47880,47880,47835,47880,47870
2025-08-15 01:35:00,5400,47880,47820,47860,47820,47890,47830,47880,47840,47885,47825,47870,47830
2025-08-15 01:40:00,10000,47830,47750,47820,47780,47850,47760,47840,47800,47840,47755,47830,47790
2025-08-15 01:45:00,3400,47820,47760,47780,47810,47840,47780,47800,47840,47830,47770,47790,47825
2025-08-15 01:50:00,4500,47830,47770,47810,47790,47840,47790,47840,47810,47835,47780,47825,47800
2025-08-15 01:55:00,4000,47810,47760,47790,47780,47820,47770,47810,47800,47815,47765,47800,47790
2025-08-15 02:00:00,3400,47810,47760,47780,47800,47820,47770,47800,47820,47815,47765,47790,47810
2025-08-15 02:05:00,3500,47840,47800,47800,47830,47850,47820,47820,47850,47845,47810,47810,47840
2025-08-15 02:10:00,23800,47930,47830,47830,47880,47950,47840,47850,47900,47940,47835,47840,47890
2025-08-15 02:15:00,4500,47880,47830,47880,47860,47900,47850,47900,47890,47890,47840,47890,47875
2025-08-15 02:20:00,3600,47890,47850,47860,47890,47910,47870,47890,47900,47900,47860,47875,47895
2025-08-15 02:25:00,6700,47930,47870,47880,47900,47940,47890,47900,47930,47935,47880,47890,47915
2025-08-15 02:30:00,14600,47900,47900,47900,47900,47930,47930,47930,47930,47915,47915,47915,47915
2025-08-15 03:30:00,26700,48040,47920,47940,48020,48050,47940,47940,48030,48045,47935,47940,48025
2025-08-15 03:35:00,16900,48130,48010,48020,48100,48140,48030,48030,48120,48135,48020,48025,48110
2025-08-15 03:40:00,5800,48120,48070,48100,48100,48130,48090,48120,48120,48125,48080,48110,48110
2025-08-15 03:45:00,14300,48190,48090,48100,48140,48200,48110,48120,48150,48195,48100,48110,48145
2025-08-15 03:50:00,14200,48170,48080,48140,48140,48180,48090,48150,48160,48175,48085,48145,48150
2025-08-15 03:55:00,12700,48260,48140,48140,48250,48280,48150,48160,48260,48270,48145,48150,48255
2025-08-15 04:00:00,17300,48380,48230,48250,48360,48390,48250,48260,48380,48385,48240,48255,48370
2025-08-15 04:05:00,13400,48380,48300,48360,48340,48400,48310,48380,48360,48385,48305,48370,48350
2025-08-15 04:10:00,14000,48420,48340,48340,48390,48440,48360,48360,48410,48430,48350,48350,48400
2025-08-15 04:15:00,35100,48660,48390,48390,48650,48670,48410,48410,48660,48665,48400,48400,48655
2025-08-15 04:20:00,13400,48740,48640,48650,48730,48750,48660,48660,48740,48745,48650,48655,48735
2025-08-15 04:25:00,26900,48890,48730,48730,48850,48900,48740,48740,48870,48895,48735,48735,48860
2025-08-15 04:30:00,81000,49260,48830,48850,49240,49290,48840,48870,49260,49275,48835,48860,49250
2025-08-15 04:35:00,65700,49430,49220,49240,49240,49450,49230,49260,49270,49440,49225,49250,49255
2025-08-15 04:40:00,40100,49400,49240,49240,49280,49410,49250,49270,49310,49405,49245,49255,49295
2025-08-15 04:45:00,25600,49320,49150,49280,49200,49340,49170,49310,49220,49330,49160,49295,49210
2025-08-15 04:50:00,21000,49230,49120,49200,49120,49240,49140,49220,49140,49235,49130,49210,49130
2025-08-15 04:55:00,15300,49200,49110,49120,49110,49210,49120,49140,49140,49205,49115,49130,49125
2025-08-15 05:00:00,16900,49230,49110,49110,49170,49240,49130,49130,49190,49235,49120,49120,49180
2025-08-15 05:05:00,26000,49230,49040,49170,49150,49250,49050,49190,49170,49240,49045,49180,49160
2025-08-15 05:10:00,9500,49180,49120,49150,49150,49190,49130,49170,49170,49185,49125,49160,49160
2025-08-15 05:15:00,13100,49240,49150,49150,49230,49250,49170,49170,49250,49245,49160,49160,49240
2025-08-15 05:20:00,15700,49250,49170,49230,49220,49260,49180,49250,49230,49255,49175,49240,49225
2025-08-15 05:25:00,10600,49220,49090,49220,49110,49230,49100,49230,49120,49225,49095,49225,49115
2025-08-15 05:30:00,6700,49180,49110,49110,49140,49190,49120,49120,49150,49185,49115,49115,49145
2025-08-15 05:35:00,10800,49160,49100,49140,49130,49170,49110,49150,49150,49165,49105,49145,49140
2025-08-15 05:40:00,10500,49140,49070,49130,49090,49150,49080,49150,49110,49145,49075,49140,49100
2025-08-15 05:45:00,8600,49110,49070,49090,49070,49120,49080,49110,49090,49115,49075,49100,49080
2025-08-15 05:50:00,8000,49090,49050,49070,49080,49100,49070,49090,49090,49095,49060,49080,49085
2025-08-15 05:55:00,15400,49120,49050,49080,49110,49130,49070,49090,49130,49125,49060,49085,49120
2025-08-15 06:00:00,17900,49150,49010,49110,49020,49170,49030,49130,49030,49160,49020,49120,49025
2025-08-15 06:05:00,16500,49070,48910,49020,49050,49090,48930,49030,49070,49075,48925,49025,49060
2025-08-15 06:10:00,9300,49090,49040,49050,49060,49100,49050,49070,49080,49095,49045,49060,49070
2025-08-15 06:15:00,16000,49170,49020,49060,49160,49180,49040,49080,49170,49175,49030,49070,49165
2025-08-15 06:20:00,23700,49230,49160,49160,49170,49240,49170,49170,49180,49235,49165,49165,49175
2025-08-15 06:25:00,,49290,48720,48810,49230,49300,48730,48820,49240,49295,48725,48815,49235
2025-08-15 06:30:00,168600,49190,49190,49190,49190,49240,49240,49240,49240,49215,49215,49215,49215
2025-08-18 00:00:00,59800,49200,48980,49190,49140,49240,49010,49190,49170,49220,48995,49190,49155
2025-08-18 00:05:00,36200,49430,49080,49140,49410,49440,49100,49170,49440,49435,49090,49155,49425
2025-08-18 00:10:00,117000,50100,49380,49410,50020,50120,49420,49440,50050,50110,49400,49425,50035
2025-08-18 00:15:00,67800,50070,49710,50020,49710,50080,49720,50050,49730,50075,49715,50035,49720
2025-08-18 00:20:00,35600,50010,49540,49710,49980,50020,49550,49740,50010,50015,49545,49725,49995
2025-08-18 00:25:00,24500,50020,49870,49980,49950,50030,49890,50010,49970,50025,49880,49995,49960
2025-08-18 00:30:00,27000,49950,49720,49950,49720,49970,49740,49970,49750,49960,49730,49960,49735
2025-08-18 00:35:00,27500,49730,49530,49720,49530,49750,49540,49750,49540,49735,49535,49735,49535
2025-08-18 00:40:00,34700,49660,49430,49530,49440,49680,49450,49540,49470,49665,49440,49535,49455
2025-08-18 00:45:00,30100,49480,49110,49440,49120,49500,49130,49470,49150,49490,49120,49455,49135
2025-08-18 00:50:00,21500,49270,49100,49120,49260,49280,49120,49150,49280,49275,49110,49135,49270
2025-08-18 00:55:00,20000,49410,49250,49260,49390,49420,49270,49280,49410,49415,49260,49270,49400
2025-08-18 01:00:00,17500,49440,49280,49390,49400,49450,49300,49410,49420,49445,49295,49400,49410
2025-08-18 01:05:00,10200,49470,49370,49400,49440,49480,49380,49420,49470,49475,49375,49410,49455
2025-08-18 01:10:00,8700,49510,49430,49440,49440,49520,49450,49470,49460,49515,49440,49455,49450
2025-08-18 01:15:00,8600,49570,49440,49440,49550,49590,49460,49460,49570,49580,49450,49450,49560
2025-08-18 01:20:00,23100,49740,49550,49550,49680,49750,49560,49570,49700,49745,49555,49560,49690
2025-08-18 01:25:00,18600,49830,49640,49680,49810,49840,49660,49700,49830,49835,49650,49690,49820
2025-08-18 01:30:00,21600,49880,49740,49810,49740,49890,49750,49830,49760,49885,49745,49820,49750
2025-08-18 01:35:00,20600,49880,49720,49740,49830,49900,49730,49760,49860,49890,49725,49750,49845
2025-08-18 01:40:00,15200,49890,49790,49830,49870,49900,49800,49860,49880,49895,49795,49845,49875
2025-08-18 01:45:00,11100,49870,49700,49870,49790,49890,49710,49880,49800,49880,49705,49875,49795
2025-08-18 01:50:00,8600,49810,49720,49790,49760,49820,49740,49800,49780,49815,49730,49795,49770
2025-08-18 01:55:00,8400,49770,49680,49760,49730,49780,49700,49780,49740,49775,49690,49770,49735
2025-08-18 02:00:00,13000,49870,49730,49730,49850,49880,49740,49740,49860,49875,49735,49735,49855
2025-08-18 02:05:00,8800,49890,49840,49850,49870,49900,49850,49870,49890,49895,49845,49860,49880
2025-08-18 02:10:00,21900,49970,49870,49870,49930,49980,49890,49890,49950,49975,49880,49880,49940
2025-08-18 02:15:00,27100,50000,49930,49930,49950,50020,49950,49950,49970,50010,49940,49940,49960
2025-08-18 02:20:00,6800,49990,49950,49950,49980,50010,49960,49970,50000,50000,49955,49960,49990
2025-08-18 02:25:00,38900,50120,49980,49980,50040,50130,49990,50000,50070,50125,49985,49990,50055
2025-08-18 02:30:00,5900,50040,50040,50040,50040,50110,50110,50110,50110,50075,50075,50075,50075
2025-08-18 03:30:00,31900,50090,49930,50090,49940,50100,49940,50100,49960,50095,49935,50095,49950
2025-08-18 03:35:00,11200,50000,49880,49940,49920,50010,49900,49960,49940,50005,49890,49950,49930
2025-08-18 03:40:00,13800,50010,49880,49920,49920,50020,49900,49940,49930,50015,49890,49930,49925
2025-08-18 03:45:00,4900,49970,49910,49920,49970,49990,49930,49930,49990,49980,49920,49925,49980
2025-08-18 03:50:00,7100,50010,49960,49970,49970,50030,49970,49990,49980,50020,49965,49980,49975
2025-08-18 03:55:00,3500,49970,49950,49970,49950,49980,49960,49980,49960,49975,49955,49975,49955
2025-08-18 04:00:00,15600,49960,49850,49950,49860,49980,49860,49960,49880,49970,49855,49955,49870
2025-08-18 04:05:00,9800,49900,49820,49860,49830,49910,49830,49880,49850,49905,49825,49870,49840
2025-08-18 04:10:00,9700,49870,49790,49830,49790,49880,49800,49850,49810,49875,49795,49840,49800
2025-08-18 04:15:00,10600,49860,49760,49790,49840,49870,49780,49810,49850,49865,49770,49800,49845
2025-08-18 04:20:00,10600,49920,49830,49840,49900,49930,49840,49850,49920,49925,49835,49845,49910
2025-08-18 04:25:00,11900,49960,49890,49900,49950,49970,49900,49920,49970,49965,49895,49910,49960
2025-08-18 04:30:00,9500,49990,49930,49950,49930,50000,49940,49970,49950,49995,49935,49960,49940
2025-08-18 04:35:00,6600,49930,49830,49930,49830,49950,49840,49950,49840,49940,49835,49940,49835
2025-08-18 04:40:00,9100,49850,49790,49830,49820,49860,49810,49840,49840,49855,49800,49835,49830
2025-08-18 04:45:00,7500,49840,49790,49820,49800,49850,49810,49840,49810,49845,49800,49830,49805
2025-08-18 04:50:00,7600,49810,49760,49800,49800,49830,49780,49810,49820,49820,49770,49805,49810
2025-08-18 04:55:00,13100,49890,49790,49800,49890,49900,49810,49820,49900,49895,49800,49810,49895
2025-08-18 05:00:00,10900,49960,49860,49890,49940,49970,49880,49900,49960,49965,49870,49895,49950
2025-08-18 05:05:00,8900,49990,49920,49940,49960,50000,49940,49960,49980,49995,49930,49950,49970
2025-08-18 05:10:00,6300,49980,49940,49960,49950,49990,49950,49980,49970,49985,49945,49970,49960
2025-08-18 05:15:00,4800,49970,49920,49950,49920,49980,49940,49970,49940,49975,49930,49960,49930
2025-08-18 05:20:00,4500,49940,49900,49920,49900,49960,49910,49940,49910,49945,49905,49930,49905
2025-08-18 05:25:00,2600,49910,49880,49900,49880,49920,49890,49910,49890,49915,49885,49905,49885
2025-08-18 05:30:00,8800,49890,49830,49880,49870,49900,49840,49890,49880,49895,49835,49885,49875
2025-08-18 05:35:00,5200,49890,49850,49870,49850,49900,49860,49880,49870,49895,49855,49875,49860
2025-08-18 05:40:00,3300,49860,49830,49850,49830,49870,49840,49870,49850,49865,49835,49860,49840
2025-08-18 05:45:00,7600,49910,49820,49830,49900,49920,49830,49850,49920,49915,49825,49840,49910
2025-08-18 05:50:00,5700,49910,49860,49900,49900,49920,49880,49920,49910,49915,49870,49910,49905
2025-08-18 05:55:00,9600,49960,49890,49900,49930,49970,49900,49910,49940,49965,49895,49905,49935
2025-08-18 06:00:00,9600,49930,49820,49930,49830,49940,49840,49940,49840,49935,49830,49935,49835
2025-08-18 06:05:00,8600,49830,49780,49830,49800,49840,49790,49840,49820,49835,49785,49835,49810
2025-08-18 06:10:00,7100,49860,49800,49800,49850,49880,49810,49820,49860,49870,49805,49810,49855
2025-08-18 06:15:00,7300,49860,49810,49850,49830,49870,49830,49860,49850,49865,49820,49855,49840
2025-08-18 06:20:00,15000,49860,49800,49830,49840,49870,49820,49850,49870,49865,49810,49840,49855
2025-08-18 06:25:00,,49860,48210,49240,49860,49870,48220,49250,49870,49865,48215,49245,49865
2025-08-18 06:30:00,175000,49850,49850,49850,49850,49870,49870,49870,49870,49860,49860,49860,49860
2025-08-19 00:00:00,65700,50080,49750,50080,49800,50090,49770,50090,49820,50085,49760,50085,49810
2025-08-19 00:05:00,15900,49800,49680,49800,49710,49830,49700,49820,49740,49815,49690,49810,49725
2025-08-19 00:10:00,15200,49750,49610,49710,49630,49770,49630,49740,49650,49760,49620,49725,49640
2025-08-19 00:15:00,15200,49660,49560,49630,49650,49670,49580,49650,49670,49665,49570,49640,49660
2025-08-19 00:20:00,11000,49680,49610,49650,49650,49690,49630,49670,49660,49685,49620,49660,49655
2025-08-19 00:25:00,16900,49670,49480,49650,49510,49680,49500,49670,49530,49675,49490,49660,49520
2025-08-19 00:30:00,12900,49650,49500,49510,49540,49660,49510,49530,49560,49655,49505,49520,49550
2025-08-19 00:35:00,15000,49570,49460,49540,49500,49590,49470,49560,49520,49580,49465,49550,49510
2025-08-19 00:40:00,13200,49540,49410,49500,49480,49560,49420,49520,49500,49550,49415,49510,49490
2025-08-19 00:45:00,9800,49530,49460,49480,49490,49540,49480,49500,49520,49535,49470,49490,49505
2025-08-19 00:50:00,6900,49530,49430,49500,49470,49550,49450,49520,49480,49540,49440,49510,49475
2025-08-19 00:55:00,7900,49490,49400,49470,49400,49510,49410,49490,49420,49500,49405,49480,49410
2025-08-19 01:00:00,12200,49510,49390,49400,49500,49530,49400,49420,49520,49515,49395,49410,49510
2025-08-19 01:05:00,11900,49510,49420,49500,49450,49520,49430,49520,49470,49515,49425,49510,49460
2025-08-19 01:10:00,16400,49470,49310,49450,49320,49490,49320,49470,49330,49480,49315,49460,49325
2025-08-19 01:15:00,6300,49420,49320,49320,49390,49430,49330,49330,49420,49425,49325,49325,49405
2025-08-19 01:20:00,19500,49540,49390,49390,49500,49550,49410,49420,49520,49545,49400,49405,49510
2025-08-19 01:25:00,11100,49500,49370,49500,49370,49520,49380,49520,49390,49510,49375,49510,49380
2025-08-19 01:30:00,9100,49440,49360,49370,49410,49450,49370,49390,49440,49445,49365,49380,49425
2025-08-19 01:35:00,4700,49430,49380,49420,49380,49450,49390,49440,49400,49440,49385,49430,49390
2025-08-19 01:40:00,10600,49470,49370,49380,49470,49490,49380,49390,49490,49480,49375,49385,49480
2025-08-19 01:45:00,5600,49500,49430,49470,49450,49510,49440,49490,49470,49505,49435,49480,49460
2025-08-19 01:50:00,8400,49450,49380,49450,49410,49470,49390,49470,49430,49460,49385,49460,49420
2025-08-19 01:55:00,4000,49460,49410,49410,49430,49470,49430,49430,49450,49465,49420,49420,49440
2025-08-19 02:00:00,4000,49480,49410,49430,49450,49490,49420,49450,49460,49485,49415,49440,49455
2025-08-19 02:05:00,8100,49500,49430,49450,49460,49510,49450,49460,49480,49505,49440,49455,49470
2025-08-19 02:10:00,5600,49510,49440,49460,49490,49520,49450,49480,49510,49515,49445,49470,49500
2025-08-19 02:15:00,12800,49570,49490,49490,49530,49590,49510,49510,49550,49575,49500,49500,49540
2025-08-19 02:20:00,2900,49550,49490,49530,49500,49560,49510,49550,49510,49555,49500,49540,49505
2025-08-19 02:25:00,7400,49530,49480,49490,49520,49550,49490,49510,49550,49540,49485,49500,49535
2025-08-19 02:30:00,4300,49490,49490,49490,49490,49550,49550,49550,49550,49520,49520,49520,49520
2025-08-19 03:30:00,17500,49480,49340,49430,49350,49500,49360,49440,49370,49485,49350,49435,49360
2025-08-19 03:35:00,18300,49360,49260,49360,49260,49380,49270,49370,49280,49370,49265,49365,49270
2025-08-19 03:40:00,18300,49270,49190,49260,49250,49280,49210,49280,49270,49275,49200,49270,49260
2025-08-19 03:45:00,8600,49260,49210,49250,49220,49280,49220,49260,49230,49270,49215,49255,49225
2025-08-19 03:50:00,7400,49220,49170,49220,49180,49230,49180,49230,49200,49225,49175,49225,49190
2025-08-19 03:55:00,6800,49260,49180,49180,49250,49270,49200,49200,49260,49265,49190,49190,49255
2025-08-19 04:00:00,4000,49250,49230,49250,49240,49260,49240,49260,49250,49255,49235,49255,49245
2025-08-19 04:05:00,4900,49300,49240,49240,49300,49310,49250,49250,49310,49305,49245,49245,49305
2025-08-19 04:10:00,5400,49320,49270,49300,49270,49330,49280,49310,49290,49325,49275,49305,49280
2025-08-19 04:15:00,8900,49270,49210,49270,49270,49290,49220,49290,49280,49280,49215,49280,49275
2025-08-19 04:20:00,4800,49270,49220,49260,49230,49280,49240,49280,49250,49275,49230,49270,49240
2025-08-19 04:25:00,4400,49270,49230,49230,49260,49280,49260,49260,49270,49275,49245,49245,49265
2025-08-19 04:30:00,3800,49280,49240,49260,49260,49290,49250,49270,49270,49285,49245,49265,49265
2025-08-19 04:35:00,12500,49260,49160,49260,49190,49270,49170,49270,49210,49265,49165,49265,49200
2025-08-19 04:40:00,3500,49230,49190,49190,49220,49240,49210,49210,49240,49235,49200,49200,49230
2025-08-19 04:45:00,4900,49270,49220,49220,49250,49280,49230,49240,49260,49275,49225,49230,49255
2025-08-19 04:50:00,2900,49250,49220,49250,49230,49260,49230,49260,49250,49255,49225,49255,49240
2025-08-19 04:55:00,4700,49240,49190,49230,49190,49250,49200,49250,49210,49245,49195,49240,49200
2025-08-19 05:00:00,4500,49220,49180,49200,49200,49230,49190,49210,49210,49225,49185,49205,49205
2025-08-19 05:05:00,3700,49210,49170,49200,49170,49220,49180,49210,49180,49215,49175,49205,49175
2025-08-19 05:10:00,8900,49170,49120,49170,49120,49190,49130,49180,49140,49180,49125,49175,49130
2025-08-19 05:15:00,3900,49190,49120,49120,49170,49200,49130,49140,49190,49195,49125,49130,49180
2025-08-19 05:20:00,3100,49180,49160,49170,49180,49200,49170,49190,49190,49190,49165,49180,49185
2025-08-19 05:25:00,6300,49240,49180,49180,49230,49250,49190,49190,49240,49245,49185,49185,49235
2025-08-19 05:30:00,4200,49250,49220,49230,49220,49260,49230,49240,49230,49255,49225,49235,49225
2025-08-19 05:35:00,2800,49220,49180,49220,49190,49230,49200,49230,49210,49225,49190,49225,49200
2025-08-19 05:40:00,3500,49190,49160,49190,49180,49210,49170,49210,49190,49200,49165,49200,49185
2025-08-19 05:45:00,5800,49180,49140,49180,49150,49190,49150,49190,49170,49185,49145,49185,49160
2025-08-19 05:50:00,3700,49170,49130,49150,49140,49190,49140,49170,49150,49180,49135,49160,49145
2025-08-19 05:55:00,5400,49160,49130,49140,49160,49170,49140,49150,49170,49165,49135,49145,49165
2025-08-19 06:00:00,6800,49160,49110,49160,49130,49170,49120,49170,49140,49165,49115,49165,49135
2025-08-19 06:05:00,3700,49160,49120,49130,49160,49170,49130,49140,49170,49165,49125,49135,49165
2025-08-19 06:10:00,7000,49160,49100,49160,49120,49170,49110,49170,49140,49165,49105,49165,49130
2025-08-19 06:15:00,13100,49130,49080,49120,49100,49150,49090,49140,49120,49140,49085,49130,49110
2025-08-19 06:20:00,13700,49130,49100,49100,49110,49140,49110,49120,49140,49135,49105,49110,49125
2025-08-19 06:25:00,,49390,47160,47160,49240,49400,47170,47170,49250,49395,47165,47165,49245
2025-08-19 06:30:00,238000,49150,49150,49150,49150,49250,49250,49250,49250,49200,49200,49200,49200
2025-08-20 00:00:00,94800,49370,48950,48950,49130,49380,48960,48960,49150,49375,48955,48955,49140
2025-08-20 00:05:00,27700,49410,49130,49130,49320,49430,49140,49150,49350,49420,49135,49140,49335
2025-08-20 00:10:00,41400,49650,49310,49320,49580,49670,49340,49350,49610,49660,49325,49335,49595
2025-08-20 00:15:00,17300,49640,49510,49580,49560,49650,49530,49610,49580,49645,49525,49595,49570
2025-08-20 00:20:00,18100,49560,49330,49560,49420,49580,49350,49580,49440,49570,49340,49570,49430
2025-08-20 00:25:00,14300,49420,49280,49420,49350,49440,49290,49440,49370,49430,49285,49430,49360
2025-08-20 00:30:00,10700,49420,49340,49350,49390,49430,49370,49370,49410,49425,49355,49360,49400
2025-08-20 00:35:00,9700,49410,49260,49390,49270,49430,49280,49410,49280,49420,49270,49400,49275
2025-08-20 00:40:00,13100,49350,49240,49270,49280,49380,49260,49280,49300,49365,49250,49275,49290
2025-08-20 00:45:00,6700,49320,49250,49280,49270,49340,49270,49300,49290,49325,49260,49290,49280
2025-08-20 00:50:00,18500,49290,49080,49270,49110,49310,49100,49290,49130,49300,49090,49280,49120
2025-08-20 00:55:00,17800,49130,49010,49110,49040,49140,49030,49130,49060,49135,49020,49120,49050
2025-08-20 01:00:00,26300,49080,48930,49040,49020,49100,48940,49060,49040,49090,48935,49050,49030
2025-08-20 01:05:00,9500,49060,48970,49020,49010,49080,48990,49040,49020,49070,48980,49030,49015
2025-08-20 01:10:00,19000,49210,48970,49010,49190,49220,48980,49020,49210,49215,48975,49015,49200
2025-08-20 01:15:00,7400,49190,49080,49190,49140,49210,49090,49210,49170,49200,49085,49200,49155
2025-08-20 01:20:00,6500,49200,49100,49140,49100,49210,49120,49170,49130,49205,49110,49155,49115
2025-08-20 01:25:00,15800,49110,48990,49100,48990,49130,49000,49130,49010,49120,48995,49115,49000
2025-08-20 01:30:00,11200,49090,48960,48990,49070,49100,48970,49010,49090,49095,48965,49000,49080
2025-08-20 01:35:00,7100,49140,49030,49070,49100,49150,49060,49090,49120,49145,49045,49080,49110
2025-08-20 01:40:00,4600,49120,49070,49100,49100,49140,49080,49120,49120,49130,49075,49110,49110
2025-08-20 01:45:00,9900,49250,49070,49100,49220,49260,49090,49120,49240,49255,49080,49110,49230
2025-08-20 01:50:00,5400,49220,49170,49220,49210,49240,49180,49240,49220,49230,49175,49230,49215
2025-08-20 01:55:00,5300,49210,49110,49200,49110,49220,49130,49220,49130,49215,49120,49210,49120
2025-08-20 02:00:00,12000,49130,49010,49110,49050,49140,49030,49130,49070,49135,49020,49120,49060
2025-08-20 02:05:00,7000,49100,49020,49050,49030,49120,49030,49080,49040,49110,49025,49065,49035
2025-08-20 02:10:00,4100,49080,49020,49030,49060,49090,49030,49040,49080,49085,49025,49035,49070
2025-08-20 02:15:00,3400,49120,49040,49060,49120,49150,49050,49080,49150,49135,49045,49070,49135
2025-08-20 02:20:00,2700,49130,49080,49130,49080,49150,49090,49150,49100,49140,49085,49140,49090
2025-08-20 02:25:00,3900,49110,49060,49080,49110,49130,49080,49100,49130,49120,49070,49090,49120
2025-08-20 02:30:00,1300,49110,49110,49110,49110,49140,49140,49140,49140,49125,49125,49125,49125
2025-08-20 03:30:00,22400,49060,48910,49020,48920,49080,48920,49030,48930,49065,48915,49025,48925
2025-08-20 03:35:00,15900,48920,48870,48920,48880,48930,48880,48930,48900,48925,48875,48925,48890
2025-08-20 03:40:00,8800,48940,48880,48880,48920,48960,48900,48900,48940,48950,48890,48890,48930
2025-08-20 03:45:00,6600,48970,48900,48920,48950,48990,48910,48950,48980,48980,48905,48935,48965
2025-08-20 03:50:00,13700,48950,48860,48950,48870,48980,48870,48980,48890,48965,48865,48965,48880
2025-08-20 03:55:00,10600,48950,48860,48870,48880,48960,48870,48890,48900,48955,48865,48880,48890
2025-08-20 04:00:00,5500,48900,48860,48880,48900,48920,48870,48900,48910,48910,48865,48890,48905
2025-08-20 04:05:00,5700,48940,48890,48900,48910,48960,48910,48910,48920,48950,48900,48905,48915
2025-08-20 04:10:00,6700,48970,48910,48910,48970,48990,48920,48920,48990,48980,48915,48915,48980
2025-08-20 04:15:00,11700,49050,48970,48970,49040,49070,48980,48990,49060,49060,48975,48980,49050
2025-08-20 04:20:00,5200,49050,48970,49040,48980,49060,48980,49060,49000,49055,48975,49050,48990
2025-08-20 04:25:00,3100,48990,48950,48980,48970,49000,48960,49000,48990,48995,48955,48990,48980
2025-08-20 04:30:00,9800,48970,48870,48970,48880,48990,48880,48990,48890,48980,48875,48980,48885
2025-08-20 04:35:00,8700,48880,48830,48880,48840,48890,48840,48890,48850,48885,48835,48885,48845
2025-08-20 04:40:00,5100,48910,48840,48840,48890,48940,48850,48850,48900,48925,48845,48845,48895
2025-08-20 04:45:00,2500,48910,48870,48890,48900,48930,48880,48900,48910,48920,48875,48895,48905
2025-08-20 04:50:00,5100,48910,48870,48900,48870,48920,48880,48910,48880,48915,48875,48905,48875
2025-08-20 04:55:00,3200,48910,48870,48870,48900,48920,48880,48880,48910,48915,48875,48875,48905
2025-08-20 05:00:00,3500,48900,48850,48900,48850,48910,48860,48910,48880,48905,48855,48905,48865
2025-08-20 05:05:00,21400,49000,48850,48850,48940,49020,48870,48880,48960,49005,48860,48865,48950
2025-08-20 05:10:00,4000,48990,48940,48940,48960,49000,48950,48960,48990,48995,48945,48950,48975
2025-08-20 05:15:00,2400,48970,48930,48960,48950,48990,48950,48990,48970,48980,48945,48975,48960
2025-08-20 05:20:00,1800,48970,48940,48950,48960,48980,48960,48970,48970,48975,48950,48960,48965
2025-08-20 05:25:00,3500,48960,48920,48960,48930,48970,48930,48970,48940,48965,48925,48965,48935
2025-08-20 05:30:00,1900,48930,48900,48930,48930,48950,48930,48950,48940,48940,48915,48940,48935
2025-08-20 05:35:00,3000,48960,48920,48930,48950,48970,48930,48940,48960,48965,48925,48935,48955
2025-08-20 05:40:00,4400,48980,48950,48950,48950,48990,48960,48960,48970,48985,48955,48955,48960
2025-08-20 05:45:00,7500,48990,48950,48950,48980,49000,48960,48970,48990,48995,48955,48960,48985
2025-08-20 05:50:00,9000,49000,48970,48980,48980,49010,48980,48990,48990,49005,48975,48985,48985
2025-08-20 05:55:00,11500,49000,48970,48980,48970,49010,48980,48990,48990,49005,48975,48985,48980
2025-08-20 06:00:00,9300,48990,48950,48970,48950,49000,48960,48990,48970,48995,48955,48980,48960
2025-08-20 06:05:00,6200,48970,48910,48950,48920,48980,48920,48970,48940,48975,48915,48960,48930
2025-08-20 06:10:00,4200,48940,48910,48920,48930,48950,48920,48940,48950,48945,48915,48930,48940
2025-08-20 06:15:00,15100,48930,48850,48930,48870,48950,48860,48950,48890,48940,48855,48940,48880
2025-08-20 06:20:00,11900,48960,48870,48870,48960,48980,48890,48890,48980,48970,48880,48880,48970
2025-08-20 06:25:00,,48980,46500,47000,48980,48980,46510,47010,48980,48980,46505,47005,48980
2025-08-20 06:30:00,292500,48950,48950,48950,48950,48990,48990,48990,48990,48970,48970,48970,48970
2025-08-21 00:00:00,61600,48880,48600,48800,48650,48970,48620,48810,48680,48925,48610,48805,48665
2025-08-21 00:05:00,20600,48770,48600,48650,48710,48790,48620,48680,48730,48780,48615,48665,48720
2025-08-21 00:10:00,7900,48730,48660,48710,48690,48750,48680,48730,48720,48740,48670,48720,48705
2025-08-21 00:15:00,11400,48840,48680,48690,48820,48850,48710,48720,48840,48845,48695,48705,48830
2025-08-21 00:20:00,6600,48840,48770,48820,48770,48850,48780,48840,48780,48845,48775,48830,48775
2025-08-21 00:25:00,11100,48910,48760,48770,48910,48930,48780,48780,48930,48920,48770,48775,48920
2025-08-21 00:30:00,7000,48970,48900,48910,48960,48980,48920,48930,48970,48975,48910,48920,48965
2025-08-21 00:35:00,7800,48960,48780,48960,48800,48970,48800,48970,48820,48965,48790,48965,48810
2025-08-21 00:40:00,6200,48840,48790,48800,48790,48850,48800,48820,48820,48845,48795,48810,48805
2025-08-21 00:45:00,6900,48860,48760,48790,48760,48870,48770,48820,48780,48865,48765,48805,48770
2025-08-21 00:50:00,10500,48760,48620,48760,48620,48780,48630,48780,48640,48770,48625,48770,48630
2025-08-21 00:55:00,21400,48650,48500,48620,48520,48670,48510,48640,48540,48660,48505,48630,48530
2025-08-21 01:00:00,13300,48530,48460,48520,48490,48550,48480,48540,48510,48540,48470,48530,48500
2025-08-21 01:05:00,8600,48620,48460,48490,48580,48630,48480,48510,48600,48625,48470,48500,48590
2025-08-21 01:10:00,3900,48630,48570,48590,48570,48650,48580,48600,48590,48640,48575,48595,48580
2025-08-21 01:15:00,4100,48610,48560,48570,48580,48620,48580,48590,48600,48615,48570,48580,48590
2025-08-21 01:20:00,4600,48620,48550,48580,48610,48630,48560,48600,48630,48625,48555,48590,48620
2025-08-21 01:25:00,4800,48640,48600,48610,48610,48650,48620,48630,48630,48645,48610,48620,48620
2025-08-21 01:30:00,5400,48620,48540,48610,48590,48640,48560,48640,48600,48630,48550,48625,48595
2025-08-21 01:35:00,4500,48670,48580,48590,48640,48680,48590,48600,48660,48675,48585,48595,48650
2025-08-21 01:40:00,2400,48680,48620,48640,48620,48690,48640,48660,48640,48685,48630,48650,48630
2025-08-21 01:45:00,3400,48680,48620,48620,48670,48690,48640,48640,48680,48685,48630,48630,48675
2025-08-21 01:50:00,6400,48760,48650,48670,48750,48770,48670,48680,48770,48765,48665,48675,48760
2025-08-21 01:55:00,4700,48830,48750,48750,48780,48840,48760,48770,48790,48835,48755,48760,48785
2025-08-21 02:00:00,4100,48810,48770,48780,48780,48820,48780,48790,48800,48815,48775,48785,48790
2025-08-21 02:05:00,4400,48780,48750,48780,48780,48800,48760,48800,48790,48790,48755,48790,48785
2025-08-21 02:10:00,6000,48880,48780,48780,48830,48900,48790,48790,48840,48890,48785,48785,48835
2025-08-21 02:15:00,4900,48830,48760,48830,48780,48840,48770,48840,48800,48835,48765,48835,48790
2025-08-21 02:20:00,1100,48810,48770,48780,48770,48830,48780,48800,48780,48820,48775,48790,48775
2025-08-21 02:25:00,2600,48780,48710,48770,48720,48800,48730,48780,48740,48785,48725,48775,48730
2025-08-21 02:30:00,1400,48720,48720,48720,48720,48740,48740,48740,48740,48730,48730,48730,48730
2025-08-21 03:30:00,19600,48740,48670,48730,48680,48740,48690,48740,48700,48740,48685,48735,48690
2025-08-21 03:35:00,6200,48690,48610,48680,48660,48700,48620,48700,48690,48695,48615,48690,48675
2025-08-21 03:40:00,2000,48710,48660,48670,48690,48720,48680,48690,48700,48715,48675,48680,48695
2025-08-21 03:45:00,4500,48750,48690,48690,48720,48760,48700,48700,48740,48755,48695,48695,48730
2025-08-21 03:50:00,3800,48740,48680,48720,48680,48760,48690,48740,48700,48750,48685,48730,48690
2025-08-21 03:55:00,3100,48700,48620,48680,48630,48720,48630,48700,48640,48710,48625,48690,48635
2025-08-21 04:00:00,4400,48630,48590,48630,48610,48650,48610,48640,48630,48640,48600,48635,48620
2025-08-21 04:05:00,9100,48630,48560,48610,48560,48640,48570,48630,48580,48635,48565,48620,48570
2025-08-21 04:10:00,3500,48570,48540,48560,48550,48580,48550,48580,48570,48575,48545,48570,48560
2025-08-21 04:15:00,2200,48580,48550,48550,48570,48590,48570,48570,48580,48585,48560,48560,48575
2025-08-21 04:20:00,4000,48600,48560,48570,48590,48610,48570,48580,48610,48605,48565,48575,48600
2025-08-21 04:25:00,5700,48600,48550,48590,48550,48620,48560,48610,48560,48610,48555,48600,48555
2025-08-21 04:30:00,6500,48610,48530,48550,48600,48620,48540,48560,48620,48615,48535,48555,48610
2025-08-21 04:35:00,1600,48640,48600,48600,48640,48650,48620,48620,48650,48645,48610,48610,48645
2025-08-21 04:40:00,6200,48680,48620,48640,48670,48690,48630,48650,48680,48685,48625,48645,48675
2025-08-21 04:45:00,3900,48690,48650,48670,48660,48700,48670,48680,48680,48695,48660,48675,48670
2025-08-21 04:50:00,3200,48670,48640,48660,48640,48690,48650,48680,48650,48675,48645,48670,48645
2025-08-21 04:55:00,4800,48640,48600,48640,48610,48650,48620,48650,48620,48645,48610,48645,48615
2025-08-21 05:00:00,5300,48620,48580,48610,48600,48630,48600,48620,48620,48625,48590,48615,48610
2025-08-21 05:05:00,2100,48600,48560,48600,48580,48620,48570,48620,48590,48610,48565,48610,48585
2025-08-21 05:10:00,4500,48600,48550,48580,48590,48610,48560,48590,48600,48605,48555,48585,48595
2025-08-21 05:15:00,5400,48610,48570,48590,48600,48630,48580,48600,48620,48620,48575,48595,48610
2025-08-21 05:20:00,3000,48600,48570,48600,48580,48620,48580,48620,48590,48610,48575,48610,48585
2025-08-21 05:25:00,9700,48590,48530,48580,48530,48600,48540,48590,48540,48595,48535,48585,48535
2025-08-21 05:30:00,4500,48550,48520,48530,48540,48570,48530,48540,48560,48560,48525,48535,48550
2025-08-21 05:35:00,2000,48550,48530,48540,48530,48570,48540,48560,48540,48560,48535,48550,48535
2025-08-21 05:40:00,4100,48560,48510,48530,48550,48570,48530,48540,48560,48565,48520,48535,48555
2025-08-21 05:45:00,2900,48560,48530,48550,48540,48570,48540,48560,48550,48565,48535,48555,48545
2025-08-21 05:50:00,3000,48580,48530,48540,48580,48590,48540,48550,48590,48585,48535,48545,48585
2025-08-21 05:55:00,10400,48600,48560,48580,48590,48610,48580,48590,48600,48605,48570,48585,48595
2025-08-21 06:00:00,21100,48640,48580,48590,48640,48650,48590,48600,48650,48645,48585,48595,48645
2025-08-21 06:05:00,13600,48740,48630,48640,48690,48750,48640,48650,48710,48745,48635,48645,48700
2025-08-21 06:10:00,10800,48750,48690,48690,48740,48760,48710,48710,48760,48755,48700,48700,48750
2025-08-21 06:15:00,14400,48790,48740,48740,48790,48810,48750,48760,48810,48800,48745,48750,48800
2025-08-21 06:20:00,26100,48910,48760,48790,48850,48920,48770,48810,48890,48915,48765,48800,48870
2025-08-21 06:25:00,,50080,48810,49490,48830,50090,48820,49500,48830,50085,48815,49495,48830
2025-08-21 06:30:00,272600,48810,48810,48810,48810,48850,48850,48850,48850,48830,48830,48830,48830
2025-08-22 00:00:00,44900,48800,48470,48800,48690,48820,48470,48800,48720,48805,48470,48800,48705
2025-08-22 00:05:00,16000,48820,48690,48690,48780,48840,48710,48720,48810,48830,48700,48705,48795
2025-08-22 00:10:00,12900,48790,48520,48780,48530,48820,48550,48800,48560,48805,48535,48790,48545
2025-08-22 00:15:00,25000,48540,48400,48530,48440,48560,48410,48560,48470,48550,48405,48545,48455
2025-08-22 00:20:00,6200,48510,48430,48450,48510,48520,48440,48470,48520,48515,48435,48460,48515
2025-08-22 00:25:00,22800,48530,48310,48510,48370,48540,48330,48520,48380,48535,48325,48515,48375
2025-08-22 00:30:00,7500,48420,48340,48370,48360,48440,48360,48380,48380,48430,48350,48375,48370
2025-08-22 00:35:00,3200,48420,48360,48360,48410,48430,48380,48380,48420,48425,48370,48370,48415
2025-08-22 00:40:00,5000,48470,48400,48410,48430,48480,48420,48420,48440,48475,48410,48415,48435
2025-08-22 00:45:00,5800,48490,48420,48430,48450,48510,48440,48440,48470,48500,48430,48435,48460
2025-08-22 00:50:00,4200,48460,48410,48450,48420,48480,48420,48470,48440,48470,48415,48460,48430
2025-08-22 00:55:00,5000,48500,48410,48420,48480,48510,48430,48440,48500,48505,48420,48430,48490
2025-08-22 01:00:00,4400,48480,48420,48480,48440,48500,48430,48500,48460,48490,48425,48490,48450
2025-08-22 01:05:00,9300,48440,48340,48440,48340,48470,48350,48460,48360,48455,48345,48450,48350
2025-08-22 01:10:00,3200,48410,48340,48340,48380,48430,48360,48360,48400,48420,48350,48350,48390
2025-08-22 01:15:00,5600,48460,48360,48380,48380,48470,48370,48400,48400,48465,48365,48390,48390
2025-08-22 01:20:00,2800,48400,48370,48380,48380,48410,48380,48400,48400,48405,48375,48390,48390
2025-08-22 01:25:00,2500,48420,48380,48380,48410,48440,48390,48400,48430,48430,48385,48390,48420
2025-08-22 01:30:00,6200,48440,48340,48410,48340,48460,48350,48430,48360,48450,48345,48420,48350
2025-08-22 01:35:00,3600,48400,48340,48340,48390,48410,48360,48360,48410,48405,48350,48350,48400
2025-08-22 01:40:00,2100,48410,48360,48390,48400,48430,48370,48410,48420,48420,48365,48400,48410
2025-08-22 01:45:00,2800,48400,48350,48400,48350,48420,48360,48420,48380,48410,48355,48410,48365
2025-08-22 01:50:00,2400,48410,48350,48350,48390,48430,48380,48380,48410,48420,48365,48365,48400
2025-08-22 01:55:00,1500,48400,48380,48390,48390,48410,48390,48410,48410,48405,48385,48400,48400
2025-08-22 02:00:00,1400,48400,48370,48390,48380,48410,48380,48410,48400,48405,48375,48400,48390
2025-08-22 02:05:00,3200,48430,48370,48380,48430,48440,48390,48390,48440,48435,48385,48385,48435
2025-08-22 02:10:00,4500,48480,48420,48430,48470,48490,48440,48440,48490,48485,48430,48435,48480
2025-08-22 02:15:00,6600,48500,48450,48470,48470,48510,48470,48490,48490,48505,48460,48480,48480
2025-08-22 02:20:00,2400,48470,48380,48470,48390,48490,48390,48490,48410,48480,48385,48480,48400
2025-08-22 02:25:00,3900,48420,48370,48390,48400,48440,48380,48410,48420,48430,48375,48400,48410
2025-08-22 02:30:00,1400,48400,48400,48400,48400,48420,48420,48420,48420,48410,48410,48410,48410
2025-08-22 03:30:00,20800,48410,48310,48410,48320,48440,48320,48440,48330,48425,48315,48425,48325
2025-08-22 03:35:00,15600,48330,48280,48320,48300,48340,48290,48330,48310,48335,48285,48325,48305
2025-08-22 03:40:00,8400,48320,48240,48300,48240,48330,48250,48310,48250,48325,48245,48305,48245
2025-08-22 03:45:00,3400,48280,48240,48240,48280,48290,48250,48250,48290,48285,48245,48245,48285
2025-08-22 03:50:00,3100,48290,48260,48280,48280,48300,48270,48290,48300,48295,48265,48285,48290
2025-08-22 03:55:00,5700,48280,48250,48280,48250,48300,48260,48300,48270,48290,48255,48290,48260
2025-08-22 04:00:00,3300,48270,48250,48250,48250,48280,48260,48270,48270,48275,48255,48260,48260
2025-08-22 04:05:00,4200,48300,48240,48250,48300,48310,48250,48270,48310,48305,48245,48260,48305
2025-08-22 04:10:00,1400,48300,48270,48300,48270,48310,48280,48310,48290,48305,48275,48305,48280
2025-08-22 04:15:00,1900,48290,48270,48270,48280,48300,48280,48290,48290,48295,48275,48280,48285
2025-08-22 04:20:00,7200,48390,48280,48280,48360,48400,48290,48290,48380,48395,48285,48285,48370
2025-08-22 04:25:00,3000,48380,48320,48360,48370,48390,48350,48380,48380,48385,48335,48370,48375
2025-08-22 04:30:00,2700,48370,48340,48370,48360,48380,48360,48380,48380,48375,48350,48375,48370
2025-08-22 04:35:00,3200,48370,48330,48360,48350,48380,48350,48380,48360,48375,48340,48370,48355
2025-08-22 04:40:00,2900,48360,48320,48350,48330,48380,48330,48360,48350,48370,48325,48355,48340
2025-08-22 04:45:00,3000,48380,48330,48330,48370,48390,48340,48350,48390,48385,48335,48340,48380
2025-08-22 04:50:00,2000,48390,48370,48380,48390,48400,48390,48390,48400,48395,48380,48385,48395
2025-08-22 04:55:00,3700,48420,48390,48390,48390,48430,48400,48400,48410,48425,48395,48395,48400
2025-08-22 05:00:00,4200,48420,48380,48390,48420,48430,48400,48410,48430,48425,48390,48400,48425
2025-08-22 05:05:00,3200,48430,48410,48420,48410,48440,48420,48430,48420,48435,48415,48425,48415
2025-08-22 05:10:00,4200,48420,48380,48410,48380,48430,48390,48420,48390,48425,48385,48415,48385
2025-08-22 05:15:00,2300,48400,48370,48380,48390,48420,48380,48390,48400,48410,48375,48385,48395
2025-08-22 05:20:00,2200,48410,48390,48390,48400,48420,48400,48400,48410,48415,48395,48395,48405
2025-08-22 05:25:00,2600,48410,48390,48400,48400,48430,48410,48410,48420,48420,48400,48405,48410
2025-08-22 05:30:00,2300,48410,48390,48400,48390,48420,48400,48410,48400,48415,48395,48405,48395
2025-08-22 05:35:00,3100,48400,48380,48390,48400,48420,48390,48400,48410,48410,48385,48395,48405
2025-08-22 05:40:00,4100,48400,48360,48400,48370,48410,48380,48410,48380,48405,48370,48405,48375
2025-08-22 05:45:00,2200,48390,48370,48370,48380,48400,48380,48380,48400,48395,48375,48375,48390
2025-08-22 05:50:00,6300,48450,48370,48380,48450,48460,48390,48400,48460,48455,48380,48390,48455
2025-08-22 05:55:00,2400,48450,48410,48450,48440,48460,48430,48460,48460,48455,48420,48455,48450
2025-08-22 06:00:00,3200,48440,48380,48440,48380,48460,48390,48460,48390,48450,48385,48450,48385
2025-08-22 06:05:00,3400,48410,48370,48380,48370,48420,48380,48390,48390,48415,48375,48385,48380
2025-08-22 06:10:00,4300,48380,48340,48370,48350,48390,48350,48390,48370,48385,48345,48380,48360
2025-08-22 06:15:00,3400,48360,48340,48350,48350,48380,48350,48380,48360,48370,48345,48365,48355
2025-08-22 06:20:00,12000,48370,48300,48350,48300,48380,48310,48360,48320,48375,48305,48355,48310
2025-08-22 06:25:00,,49770,48350,48480,48430,49770,48360,48480,48440,49770,48355,48480,48435
2025-08-22 06:30:00,117000,48400,48400,48400,48400,48440,48440,48440,48440,48420,48420,48420,48420
2025-08-25 00:00:00,93200,49410,48870,48980,49410,49420,48890,48980,49420,49415,48880,48980,49415
2025-08-25 00:05:00,37900,49410,49190,49410,49240,49430,49210,49420,49260,49415,49200,49415,49250
2025-08-25 00:10:00,16400,49290,49170,49240,49230,49320,49180,49260,49250,49305,49175,49250,49240
2025-08-25 00:15:00,21300,49370,49220,49230,49350,49380,49240,49250,49370,49375,49230,49240,49360
2025-08-25 00:20:00,15800,49370,49130,49350,49160,49380,49140,49370,49190,49375,49135,49360,49175
2025-08-25 00:25:00,10100,49220,49120,49160,49190,49250,49130,49190,49200,49235,49125,49175,49195
2025-08-25 00:30:00,7000,49210,49120,49190,49180,49220,49130,49200,49190,49215,49125,49195,49185
2025-08-25 00:35:00,11600,49190,49050,49180,49060,49210,49060,49190,49080,49200,49055,49185,49070
2025-08-25 00:40:00,9200,49090,48980,49060,49000,49110,48990,49080,49020,49095,48985,49070,49010
2025-08-25 00:45:00,13700,49000,48830,49000,48840,49020,48840,49020,48860,49010,48835,49010,48850
2025-08-25 00:50:00,12500,48900,48780,48840,48880,48910,48800,48860,48900,48905,48790,48850,48890
2025-08-25 00:55:00,12200,48890,48710,48880,48750,48900,48720,48900,48770,48895,48715,48890,48760
2025-08-25 01:00:00,11600,48800,48660,48750,48750,48830,48670,48770,48770,48815,48665,48760,48760
2025-08-25 01:05:00,8700,48780,48670,48750,48720,48790,48680,48770,48740,48785,48675,48760,48730
2025-08-25 01:10:00,8500,48750,48640,48730,48640,48770,48650,48740,48660,48760,48645,48735,48650
2025-08-25 01:15:00,8300,48660,48580,48640,48580,48680,48590,48660,48600,48670,48585,48650,48590
2025-08-25 01:20:00,6800,48720,48580,48580,48700,48740,48600,48610,48720,48725,48595,48595,48710
2025-08-25 01:25:00,13300,48830,48690,48700,48770,48840,48700,48720,48790,48835,48695,48710,48780
2025-08-25 01:30:00,5500,48820,48730,48770,48810,48830,48740,48790,48830,48825,48735,48780,48820
2025-08-25 01:35:00,6700,48820,48750,48810,48770,48830,48760,48830,48790,48825,48755,48820,48780
2025-08-25 01:40:00,6900,48830,48730,48770,48790,48840,48740,48790,48810,48835,48735,48780,48800
2025-08-25 01:45:00,2000,48800,48740,48790,48740,48810,48760,48810,48760,48805,48750,48800,48750
2025-08-25 01:50:00,8400,48840,48710,48740,48820,48850,48720,48760,48840,48845,48715,48750,48830
2025-08-25 01:55:00,5100,48850,48780,48820,48820,48860,48800,48840,48830,48855,48790,48830,48825
2025-08-25 02:00:00,4700,48860,48790,48820,48810,48870,48800,48830,48820,48865,48795,48825,48815
2025-08-25 02:05:00,6100,48810,48750,48810,48790,48820,48770,48820,48810,48815,48760,48815,48800
2025-08-25 02:10:00,3000,48820,48750,48790,48790,48830,48770,48810,48810,48825,48760,48800,48800
2025-08-25 02:15:00,6300,48870,48760,48790,48860,48880,48780,48810,48870,48875,48770,48800,48865
2025-08-25 02:20:00,5100,48890,48810,48860,48830,48900,48830,48870,48840,48895,48820,48865,48835
2025-08-25 02:25:00,5400,48860,48770,48830,48820,48880,48780,48840,48850,48865,48775,48835,48835
2025-08-25 02:30:00,5300,48820,48820,48820,48820,48850,48850,48850,48850,48835,48835,48835,48835
2025-08-25 03:30:00,31800,48790,48590,48790,48650,48800,48610,48800,48670,48795,48600,48795,48660
2025-08-25 03:35:00,21800,48660,48430,48650,48460,48670,48440,48670,48480,48665,48435,48660,48470
2025-08-25 03:40:00,14500,48460,48340,48460,48380,48480,48360,48480,48400,48470,48350,48470,48390
2025-08-25 03:45:00,4100,48400,48350,48380,48380,48410,48360,48400,48400,48405,48355,48390,48390
2025-08-25 03:50:00,6800,48390,48340,48380,48370,48400,48350,48400,48390,48395,48345,48390,48380
2025-08-25 03:55:00,6900,48450,48370,48370,48440,48460,48380,48390,48460,48455,48375,48380,48450
2025-08-25 04:00:00,6200,48510,48440,48440,48490,48520,48450,48460,48510,48515,48445,48450,48500
2025-08-25 04:05:00,5400,48500,48450,48490,48490,48510,48470,48510,48510,48505,48460,48500,48500
2025-08-25 04:10:00,7600,48570,48480,48490,48560,48580,48500,48510,48580,48575,48495,48500,48570
2025-08-25 04:15:00,6500,48600,48550,48560,48560,48610,48560,48580,48580,48605,48555,48570,48570
2025-08-25 04:20:00,5100,48600,48550,48560,48560,48620,48570,48580,48580,48610,48560,48570,48570
2025-08-25 04:25:00,6300,48560,48520,48560,48540,48580,48530,48580,48550,48570,48525,48570,48545
2025-08-25 04:30:00,4200,48560,48500,48540,48500,48570,48510,48550,48510,48565,48505,48545,48505
2025-08-25 04:35:00,5800,48550,48490,48500,48520,48570,48500,48510,48540,48560,48495,48505,48530
2025-08-25 04:40:00,1900,48540,48510,48530,48530,48550,48520,48540,48550,48545,48515,48535,48540
2025-08-25 04:45:00,2400,48540,48500,48540,48520,48550,48510,48550,48540,48545,48505,48545,48530
2025-08-25 04:50:00,1700,48530,48510,48520,48520,48550,48520,48540,48530,48540,48515,48530,48525
2025-08-25 04:55:00,2100,48550,48520,48520,48540,48560,48530,48530,48550,48555,48525,48525,48545
2025-08-25 05:00:00,5800,48540,48480,48540,48490,48550,48490,48550,48500,48545,48485,48545,48495
2025-08-25 05:05:00,3100,48530,48480,48490,48490,48540,48490,48500,48510,48535,48485,48495,48500
2025-08-25 05:10:00,4100,48550,48490,48490,48540,48560,48500,48510,48560,48555,48495,48500,48550
2025-08-25 05:15:00,4600,48560,48530,48540,48550,48580,48540,48560,48560,48565,48535,48550,48555
2025-08-25 05:20:00,4300,48560,48500,48550,48510,48570,48520,48560,48530,48565,48510,48555,48520
2025-08-25 05:25:00,2500,48520,48500,48510,48520,48540,48510,48530,48540,48530,48505,48520,48530
2025-08-25 05:30:00,3800,48550,48500,48520,48540,48560,48510,48540,48550,48555,48505,48530,48545
2025-08-25 05:35:00,3500,48560,48530,48540,48560,48580,48540,48550,48570,48570,48535,48545,48565
2025-08-25 05:40:00,3800,48590,48550,48560,48590,48600,48570,48570,48600,48595,48560,48565,48595
2025-08-25 05:45:00,7900,48610,48550,48590,48570,48620,48570,48600,48590,48615,48560,48595,48580
2025-08-25 05:50:00,10800,48660,48550,48570,48650,48670,48560,48590,48670,48665,48555,48580,48660
2025-08-25 05:55:00,6900,48720,48650,48650,48700,48730,48670,48670,48710,48725,48660,48660,48705
2025-08-25 06:00:00,9600,48710,48600,48700,48630,48720,48610,48710,48650,48715,48605,48705,48640
2025-08-25 06:05:00,6600,48640,48560,48630,48600,48650,48580,48650,48620,48645,48570,48640,48610
2025-08-25 06:10:00,5000,48600,48560,48600,48570,48620,48570,48620,48590,48610,48565,48610,48580
2025-08-25 06:15:00,5900,48570,48550,48570,48570,48590,48560,48590,48580,48580,48555,48580,48575
2025-08-25 06:20:00,8200,48610,48550,48570,48600,48620,48560,48580,48620,48615,48555,48575,48610
2025-08-25 06:25:00,,48650,48350,48460,48510,48660,48360,48470,48520,48655,48355,48465,48515
2025-08-25 06:30:00,104300,48510,48510,48510,48510,48610,48610,48610,48610,48560,48560,48560,48560
2025-08-26 00:00:00,62900,48220,47850,48220,47850,48300,47870,48220,47880,48255,47860,48220,47865
2025-08-26 00:05:00,20500,48140,47800,47850,48120,48150,47820,47880,48140,48145,47810,47865,48130
2025-08-26 00:10:00,12900,48190,48120,48120,48140,48200,48140,48140,48160,48195,48130,48130,48150
2025-08-26 00:15:00,14800,48320,48130,48140,48160,48340,48140,48160,48170,48330,48135,48150,48165
2025-08-26 00:20:00,10600,48160,48000,48160,48030,48170,48020,48170,48050,48165,48010,48165,48040
2025-08-26 00:25:00,12000,48070,47980,48020,48000,48080,48000,48050,48020,48075,47990,48035,48010
2025-08-26 00:30:00,25700,48030,47820,48000,47890,48050,47830,48020,47910,48040,47825,48010,47900
2025-08-26 00:35:00,49900,47890,47510,47890,47540,47920,47530,47910,47560,47905,47520,47900,47550
2025-08-26 00:40:00,32100,47580,47410,47540,47460,47590,47420,47560,47480,47585,47415,47550,47470
2025-08-26 00:45:00,35200,47500,47300,47460,47440,47520,47310,47480,47470,47505,47305,47470,47455
2025-08-26 00:50:00,14900,47540,47440,47440,47540,47550,47460,47470,47550,47545,47455,47455,47545
2025-08-26 00:55:00,9100,47580,47530,47540,47550,47590,47540,47550,47560,47585,47535,47545,47555
2025-08-26 01:00:00,9200,47600,47510,47550,47590,47610,47530,47560,47600,47605,47520,47555,47595
2025-08-26 01:05:00,11900,47670,47560,47590,47640,47680,47580,47600,47660,47675,47570,47595,47650
2025-08-26 01:10:00,10600,47730,47620,47640,47720,47740,47640,47660,47730,47735,47630,47650,47725
2025-08-26 01:15:00,7200,47730,47670,47720,47710,47740,47690,47730,47720,47735,47680,47725,47715
2025-08-26 01:20:00,6600,47710,47650,47710,47670,47740,47660,47720,47690,47725,47655,47715,47680
2025-08-26 01:25:00,6800,47680,47620,47670,47660,47690,47630,47690,47680,47685,47625,47680,47670
2025-08-26 01:30:00,5100,47720,47650,47660,47690,47730,47670,47680,47710,47725,47660,47670,47700
2025-08-26 01:35:00,4800,47700,47650,47690,47700,47720,47660,47710,47720,47710,47655,47700,47710
2025-08-26 01:40:00,2700,47730,47690,47700,47700,47740,47710,47720,47720,47735,47700,47710,47710
2025-08-26 01:45:00,2200,47720,47690,47700,47710,47730,47710,47720,47720,47725,47700,47710,47715
2025-08-26 01:50:00,6300,47720,47630,47710,47650,47730,47640,47720,47670,47725,47635,47715,47660
2025-08-26 01:55:00,1500,47660,47630,47650,47630,47680,47650,47670,47650,47670,47640,47660,47640
2025-08-26 02:00:00,4700,47710,47630,47630,47670,47730,47640,47650,47680,47720,47635,47640,47675
2025-08-26 02:05:00,2500,47730,47670,47670,47720,47740,47680,47680,47740,47735,47675,47675,47730
2025-08-26 02:10:00,3100,47740,47690,47720,47690,47750,47700,47740,47710,47745,47695,47730,47700
2025-08-26 02:15:00,1800,47720,47690,47690,47720,47730,47700,47710,47730,47725,47695,47700,47725
2025-08-26 02:20:00,3000,47730,47700,47720,47700,47740,47710,47730,47720,47735,47705,47725,47710
2025-08-26 02:25:00,2700,47710,47680,47700,47680,47720,47690,47720,47700,47715,47685,47710,47690
2025-08-26 02:30:00,3700,47680,47680,47680,47680,47700,47700,47700,47700,47690,47690,47690,47690
2025-08-26 03:30:00,44400,47580,47480,47580,47520,47620,47500,47590,47530,47600,47490,47585,47525
2025-08-26 03:35:00,5700,47640,47500,47520,47640,47650,47520,47530,47650,47645,47510,47525,47645
2025-08-26 03:40:00,6300,47700,47640,47640,47700,47710,47650,47650,47710,47705,47645,47645,47705
2025-08-26 03:45:00,2100,47700,47670,47700,47680,47710,47690,47710,47700,47705,47685,47705,47690
2025-08-26 03:50:00,11100,47770,47680,47680,47730,47780,47690,47700,47750,47775,47685,47690,47740
2025-08-26 03:55:00,4000,47750,47710,47730,47750,47760,47730,47750,47760,47755,47720,47740,47755
2025-08-26 04:00:00,10700,47810,47750,47750,47770,47830,47760,47760,47790,47820,47755,47755,47780
2025-08-26 04:05:00,3000,47800,47740,47770,47740,47810,47750,47790,47750,47805,47745,47780,47745
2025-08-26 04:10:00,1300,47760,47720,47740,47720,47780,47730,47760,47730,47770,47725,47750,47725
2025-08-26 04:15:00,2500,47750,47720,47720,47720,47760,47730,47730,47740,47755,47725,47725,47730
2025-08-26 04:20:00,1800,47740,47700,47720,47740,47760,47710,47730,47750,47750,47705,47725,47745
2025-08-26 04:25:00,3200,47740,47700,47740,47720,47750,47710,47750,47740,47745,47705,47745,47730
2025-08-26 04:30:00,1400,47740,47710,47720,47740,47760,47730,47740,47760,47750,47720,47730,47750
2025-08-26 04:35:00,2400,47740,47700,47740,47700,47760,47710,47760,47720,47750,47705,47750,47710
2025-08-26 04:40:00,4100,47720,47680,47700,47680,47730,47690,47720,47690,47725,47685,47710,47685
2025-08-26 04:45:00,1900,47710,47680,47680,47710,47720,47690,47690,47720,47715,47685,47685,47715
2025-08-26 04:50:00,2700,47710,47680,47710,47690,47720,47700,47720,47710,47715,47690,47715,47700
2025-08-26 04:55:00,700,47700,47690,47690,47700,47710,47700,47710,47710,47705,47695,47700,47705
2025-08-26 05:00:00,3100,47730,47700,47700,47730,47740,47710,47710,47740,47735,47705,47705,47735
2025-08-26 05:05:00,3800,47770,47730,47730,47760,47780,47740,47740,47770,47775,47735,47735,47765
2025-08-26 05:10:00,2300,47770,47740,47760,47760,47780,47750,47770,47770,47775,47745,47765,47765
2025-08-26 05:15:00,1700,47760,47720,47760,47720,47770,47740,47770,47740,47765,47730,47765,47730
2025-08-26 05:20:00,3700,47730,47700,47720,47710,47740,47710,47740,47720,47735,47705,47730,47715
2025-08-26 05:25:00,2100,47720,47700,47710,47710,47730,47710,47720,47730,47725,47705,47715,47720
2025-08-26 05:30:00,2700,47730,47700,47710,47720,47750,47720,47730,47730,47740,47710,47720,47725
2025-08-26 05:35:00,1200,47720,47700,47720,47710,47730,47710,47730,47720,47725,47705,47725,47715
2025-08-26 05:40:00,2600,47750,47710,47710,47750,47760,47720,47720,47760,47755,47715,47715,47755
2025-08-26 05:45:00,2600,47760,47720,47750,47730,47770,47740,47760,47750,47765,47730,47755,47740
2025-08-26 05:50:00,1200,47740,47720,47730,47720,47750,47730,47740,47740,47745,47725,47735,47730
2025-08-26 05:55:00,2800,47760,47720,47720,47750,47770,47740,47740,47760,47765,47730,47730,47755
2025-08-26 06:00:00,3100,47770,47740,47750,47770,47780,47760,47760,47780,47775,47750,47755,47775
2025-08-26 06:05:00,4800,47780,47760,47770,47760,47790,47770,47780,47780,47785,47765,47775,47770
2025-08-26 06:10:00,2400,47770,47750,47760,47760,47790,47760,47780,47770,47780,47755,47770,47765
2025-08-26 06:15:00,8400,47780,47730,47760,47740,47790,47750,47770,47750,47785,47740,47765,47745
2025-08-26 06:20:00,9800,47750,47700,47740,47730,47760,47720,47750,47740,47755,47715,47745,47735
2025-08-26 06:25:00,,49090,47680,47890,47800,49090,47690,47900,47810,49090,47685,47895,47805
2025-08-26 06:30:00,252600,47750,47750,47750,47750,47820,47820,47820,47820,47785,47785,47785,47785
2025-08-27 00:00:00,53600,47990,47750,47890,47760,48000,47780,47900,47780,47995,47765,47895,47770
2025-08-27 00:05:00,16100,47760,47660,47760,47690,47780,47680,47780,47700,47770,47670,47770,47695
2025-08-27 00:10:00,13500,47820,47690,47690,47790,47830,47700,47700,47810,47825,47695,47695,47800
2025-08-27 00:15:00,9800,47830,47680,47790,47710,47840,47700,47810,47730,47835,47690,47800,47720
2025-08-27 00:20:00,10000,47730,47630,47710,47640,47740,47640,47730,47650,47735,47635,47720,47645
2025-08-27 00:25:00,9200,47650,47580,47640,47590,47670,47590,47650,47600,47660,47585,47645,47595
2025-08-27 00:30:00,12900,47710,47580,47590,47670,47730,47590,47600,47690,47720,47585,47595,47680
2025-08-27 00:35:00,9000,47690,47560,47670,47570,47710,47570,47690,47600,47700,47565,47680,47585
2025-08-27 00:40:00,6800,47590,47550,47570,47560,47600,47560,47600,47580,47595,47555,47585,47570
2025-08-27 00:45:00,2000,47590,47550,47560,47590,47600,47560,47580,47600,47595,47555,47570,47595
2025-08-27 00:50:00,6200,47620,47540,47590,47540,47630,47550,47600,47550,47625,47545,47595,47545
2025-08-27 00:55:00,5100,47630,47540,47540,47630,47640,47550,47550,47640,47635,47545,47545,47635
2025-08-27 01:00:00,9600,47670,47570,47630,47570,47690,47590,47640,47590,47675,47580,47635,47580
2025-08-27 01:05:00,3500,47650,47570,47570,47610,47660,47580,47590,47620,47655,47575,47580,47615
2025-08-27 01:10:00,3700,47640,47580,47610,47630,47650,47600,47620,47640,47645,47590,47615,47635
2025-08-27 01:15:00,2500,47630,47590,47630,47610,47640,47600,47640,47620,47635,47595,47635,47615
2025-08-27 01:20:00,1600,47640,47610,47610,47630,47650,47620,47620,47640,47645,47615,47615,47635
2025-08-27 01:25:00,3900,47640,47570,47630,47570,47650,47580,47640,47580,47645,47575,47635,47575
2025-08-27 01:30:00,7300,47590,47540,47570,47580,47600,47550,47580,47590,47595,47545,47575,47585
2025-08-27 01:35:00,5000,47590,47520,47580,47540,47600,47530,47590,47550,47595,47525,47585,47545
2025-08-27 01:40:00,3900,47620,47530,47540,47610,47630,47540,47550,47620,47625,47535,47545,47615
2025-08-27 01:45:00,7700,47680,47580,47610,47670,47690,47600,47620,47690,47685,47590,47615,47680
2025-08-27 01:50:00,2700,47680,47660,47670,47670,47690,47670,47690,47690,47685,47665,47680,47680
2025-08-27 01:55:00,3300,47670,47600,47670,47660,47690,47620,47690,47680,47680,47610,47680,47670
2025-08-27 02:00:00,4200,47660,47580,47660,47590,47680,47590,47680,47610,47670,47585,47670,47600
2025-08-27 02:05:00,2000,47600,47580,47590,47600,47610,47590,47610,47610,47605,47585,47600,47605
2025-08-27 02:10:00,1500,47610,47590,47600,47600,47630,47600,47610,47610,47620,47595,47605,47605
2025-08-27 02:15:00,2700,47650,47600,47600,47630,47670,47610,47610,47650,47660,47605,47605,47640
2025-08-27 02:20:00,3400,47690,47630,47630,47680,47700,47640,47650,47690,47695,47635,47640,47685
2025-08-27 02:25:00,8800,47760,47680,47680,47690,47770,47690,47690,47710,47765,47685,47685,47700
2025-08-27 02:30:00,1500,47670,47670,47670,47670,47710,47710,47710,47710,47690,47690,47690,47690
2025-08-27 03:30:00,12300,47720,47610,47640,47710,47730,47630,47650,47720,47725,47625,47645,47715
2025-08-27 03:35:00,5700,47750,47660,47710,47660,47760,47670,47720,47680,47755,47665,47715,47670
2025-08-27 03:40:00,5200,47670,47610,47660,47610,47690,47620,47680,47620,47680,47615,47670,47615
2025-08-27 03:45:00,12500,47610,47560,47610,47570,47630,47570,47620,47590,47620,47565,47615,47580
2025-08-27 03:50:00,7300,47580,47530,47570,47530,47600,47540,47590,47550,47590,47535,47580,47540
2025-08-27 03:55:00,3900,47580,47530,47530,47570,47590,47540,47550,47590,47585,47535,47540,47580
2025-08-27 04:00:00,1800,47600,47570,47570,47570,47610,47590,47590,47590,47605,47580,47580,47580
2025-08-27 04:05:00,3500,47580,47550,47570,47570,47590,47560,47590,47580,47585,47555,47580,47575
2025-08-27 04:10:00,800,47570,47560,47570,47570,47580,47570,47580,47580,47575,47565,47575,47575
2025-08-27 04:15:00,2800,47570,47550,47570,47570,47580,47560,47580,47580,47575,47555,47575,47575
2025-08-27 04:20:00,3700,47570,47530,47570,47530,47580,47540,47580,47540,47575,47535,47575,47535
2025-08-27 04:25:00,5900,47540,47510,47530,47520,47550,47520,47540,47530,47545,47515,47535,47525
2025-08-27 04:30:00,2500,47540,47510,47520,47520,47550,47520,47530,47530,47545,47515,47525,47525
2025-08-27 04:35:00,8900,47520,47500,47520,47510,47530,47510,47530,47520,47525,47505,47525,47515
2025-08-27 04:40:00,15900,47520,47480,47510,47500,47530,47490,47520,47510,47525,47485,47515,47505
2025-08-27 04:45:00,1500,47510,47500,47500,47500,47520,47510,47510,47520,47515,47505,47505,47510
2025-08-27 04:50:00,2100,47550,47500,47500,47540,47560,47510,47520,47560,47555,47505,47510,47550
2025-08-27 04:55:00,2600,47560,47540,47540,47550,47570,47550,47560,47560,47565,47545,47550,47555
2025-08-27 05:00:00,3000,47570,47540,47550,47550,47590,47550,47560,47570,47580,47545,47555,47560
2025-08-27 05:05:00,1900,47560,47520,47550,47520,47570,47530,47570,47530,47565,47525,47560,47525
2025-08-27 05:10:00,1100,47550,47520,47520,47540,47560,47530,47530,47560,47555,47525,47525,47550
2025-08-27 05:15:00,12700,47540,47470,47540,47490,47560,47480,47560,47500,47550,47475,47550,47495
2025-08-27 05:20:00,2100,47490,47470,47490,47470,47500,47480,47500,47480,47495,47475,47495,47475
2025-08-27 05:25:00,1500,47490,47470,47470,47490,47510,47480,47480,47500,47500,47475,47475,47495
2025-08-27 05:30:00,1700,47520,47490,47490,47520,47530,47500,47500,47530,47525,47495,47495,47525
2025-08-27 05:35:00,2200,47540,47520,47520,47530,47550,47530,47530,47540,47545,47525,47525,47535
2025-08-27 05:40:00,2000,47550,47530,47530,47550,47560,47540,47540,47560,47555,47535,47535,47555
2025-08-27 05:45:00,1900,47550,47520,47550,47520,47560,47530,47560,47530,47555,47525,47555,47525
2025-08-27 05:50:00,2100,47530,47510,47520,47520,47540,47520,47530,47530,47535,47515,47525,47525
2025-08-27 05:55:00,3300,47520,47490,47520,47490,47530,47500,47530,47500,47525,47495,47525,47495
2025-08-27 06:00:00,3400,47510,47480,47490,47480,47520,47490,47500,47500,47515,47485,47495,47490
2025-08-27 06:05:00,3700,47490,47470,47480,47470,47510,47480,47500,47480,47500,47475,47490,47475
2025-08-27 06:10:00,3500,47500,47460,47470,47490,47510,47470,47480,47500,47505,47465,47475,47495
2025-08-27 06:15:00,3900,47500,47480,47490,47500,47510,47490,47500,47510,47505,47485,47495,47505
2025-08-27 06:20:00,10500,47520,47480,47500,47490,47540,47500,47510,47500,47525,47490,47505,47495
2025-08-27 06:25:00,,47410,47030,47410,47330,47420,47040,47420,47340,47415,47035,47415,47335
2025-08-27 06:30:00,108900,47330,47330,47330,47330,47500,47500,47500,47500,47415,47415,47415,47415
2025-08-28 00:00:00,61600,47370,46850,47050,47220,47390,46900,47060,47260,47380,46875,47055,47240
2025-08-28 00:05:00,16300,47310,47150,47220,47160,47350,47170,47260,47190,47330,47160,47240,47175
2025-08-28 00:10:00,17100,47270,47080,47160,47270,47290,47100,47190,47290,47280,47090,47175,47280
2025-08-28 00:15:00,9700,47270,47110,47270,47160,47290,47130,47290,47190,47280,47120,47280,47175
2025-08-28 00:20:00,11800,47190,47040,47160,47090,47220,47060,47190,47120,47205,47050,47175,47105
2025-08-28 00:25:00,6400,47170,47060,47090,47140,47190,47080,47120,47170,47175,47070,47105,47155
2025-08-28 00:30:00,11600,47300,47100,47140,47260,47320,47130,47170,47280,47310,47115,47155,47270
2025-08-28 00:35:00,12100,47470,47240,47260,47430,47480,47260,47280,47460,47475,47250,47270,47445
2025-08-28 00:40:00,12100,47500,47370,47430,47370,47520,47380,47450,47400,47510,47375,47440,47385
2025-08-28 00:45:00,5600,47380,47280,47370,47280,47400,47300,47400,47300,47390,47290,47385,47290
2025-08-28 00:50:00,9300,47330,47240,47280,47240,47350,47250,47300,47260,47340,47245,47290,47250
2025-08-28 00:55:00,3000,47270,47220,47240,47230,47290,47230,47260,47250,47280,47225,47250,47240
2025-08-28 01:00:00,4900,47260,47200,47230,47220,47270,47210,47250,47240,47265,47205,47240,47230
2025-08-28 01:05:00,7300,47230,47120,47220,47120,47250,47140,47240,47140,47240,47130,47230,47130
2025-08-28 01:10:00,3700,47160,47110,47120,47140,47170,47140,47140,47160,47165,47125,47130,47150
2025-08-28 01:15:00,9100,47150,47060,47140,47080,47160,47080,47160,47100,47155,47070,47150,47090
2025-08-28 01:20:00,8500,47150,47080,47080,47080,47180,47090,47100,47100,47165,47085,47090,47090
2025-08-28 01:25:00,4500,47100,47060,47080,47070,47120,47070,47100,47080,47110,47065,47090,47075
2025-08-28 01:30:00,6100,47100,47030,47070,47100,47120,47040,47080,47120,47110,47035,47075,47110
2025-08-28 01:35:00,5500,47170,47100,47100,47150,47180,47110,47120,47160,47175,47105,47110,47155
2025-08-28 01:40:00,4800,47170,47140,47150,47160,47190,47150,47160,47170,47180,47145,47155,47165
2025-08-28 01:45:00,5000,47160,47080,47160,47080,47170,47090,47170,47100,47165,47085,47165,47090
2025-08-28 01:50:00,7300,47170,47080,47080,47160,47190,47090,47100,47170,47180,47085,47090,47165
2025-08-28 01:55:00,2600,47170,47130,47150,47140,47180,47150,47170,47160,47175,47140,47160,47150
2025-08-28 02:00:00,2200,47150,47120,47140,47140,47160,47130,47160,47150,47155,47125,47150,47145
2025-08-28 02:05:00,3700,47170,47110,47140,47120,47180,47120,47150,47140,47175,47115,47145,47130
2025-08-28 02:10:00,2700,47190,47120,47120,47150,47200,47140,47140,47170,47195,47130,47130,47160
2025-08-28 02:15:00,1200,47170,47130,47150,47130,47190,47150,47170,47150,47180,47140,47160,47140
2025-08-28 02:20:00,1100,47150,47130,47130,47150,47160,47140,47150,47160,47155,47135,47140,47155
2025-08-28 02:25:00,5800,47150,47080,47140,47090,47160,47090,47160,47130,47155,47085,47150,47110
2025-08-28 02:30:00,1800,47090,47090,47090,47090,47130,47130,47130,47130,47110,47110,47110,47110
2025-08-28 03:30:00,13900,47160,47100,47120,47140,47180,47120,47120,47170,47165,47115,47120,47155
2025-08-28 03:35:00,3700,47180,47140,47140,47170,47190,47160,47170,47190,47185,47150,47155,47180
2025-08-28 03:40:00,5000,47240,47160,47170,47230,47250,47180,47190,47250,47245,47170,47180,47240
2025-08-28 03:45:00,2300,47240,47210,47230,47220,47260,47220,47250,47240,47250,47215,47240,47230
2025-08-28 03:50:00,3000,47230,47200,47220,47210,47240,47210,47240,47230,47235,47205,47230,47220
2025-08-28 03:55:00,5400,47270,47200,47210,47230,47280,47210,47230,47250,47275,47205,47220,47240
2025-08-28 04:00:00,4700,47240,47150,47230,47150,47260,47160,47240,47170,47245,47155,47235,47160
2025-08-28 04:05:00,2700,47180,47140,47150,47150,47190,47160,47170,47170,47185,47150,47160,47160
2025-08-28 04:10:00,1600,47170,47130,47150,47160,47180,47140,47170,47170,47175,47135,47160,47165
2025-08-28 04:15:00,1500,47160,47130,47160,47140,47180,47150,47170,47150,47170,47140,47165,47145
2025-08-28 04:20:00,3000,47160,47110,47140,47160,47170,47120,47150,47170,47165,47115,47145,47165
2025-08-28 04:25:00,3900,47220,47160,47160,47210,47230,47170,47170,47220,47225,47165,47165,47215
2025-08-28 04:30:00,3000,47220,47170,47210,47190,47230,47190,47220,47210,47225,47180,47215,47200
2025-08-28 04:35:00,3800,47240,47180,47190,47210,47250,47200,47210,47230,47245,47190,47200,47220
2025-08-28 04:40:00,1700,47210,47200,47210,47200,47230,47210,47230,47210,47220,47205,47220,47205
2025-08-28 04:45:00,2400,47210,47190,47200,47210,47220,47200,47210,47220,47215,47195,47205,47215
2025-08-28 04:50:00,5800,47250,47210,47210,47250,47270,47220,47220,47260,47260,47215,47215,47255
2025-08-28 04:55:00,1900,47250,47210,47250,47240,47260,47230,47260,47250,47255,47225,47255,47245
2025-08-28 05:00:00,5000,47240,47190,47240,47200,47250,47200,47250,47220,47245,47195,47245,47210
2025-08-28 05:05:00,2000,47210,47170,47200,47180,47230,47180,47220,47190,47220,47175,47210,47185
2025-08-28 05:10:00,2500,47200,47170,47180,47170,47210,47180,47190,47190,47205,47175,47185,47180
2025-08-28 05:15:00,1500,47200,47170,47170,47190,47210,47190,47190,47210,47205,47180,47180,47200
2025-08-28 05:20:00,3000,47220,47180,47190,47200,47230,47190,47210,47210,47225,47185,47200,47205
2025-08-28 05:25:00,4900,47210,47140,47200,47140,47220,47150,47210,47160,47215,47145,47205,47150
2025-08-28 05:30:00,3900,47210,47140,47140,47190,47230,47150,47160,47210,47220,47145,47150,47200
2025-08-28 05:35:00,2600,47200,47160,47200,47200,47210,47180,47210,47210,47205,47170,47205,47205
2025-08-28 05:40:00,2300,47200,47170,47200,47180,47210,47180,47210,47200,47205,47175,47205,47190
2025-08-28 05:45:00,1900,47200,47170,47180,47190,47210,47180,47200,47200,47205,47175,47190,47195
2025-08-28 05:50:00,3200,47200,47170,47190,47190,47210,47180,47200,47210,47205,47175,47195,47200
2025-08-28 05:55:00,2700,47200,47170,47190,47180,47210,47190,47210,47200,47205,47180,47200,47190
2025-08-28 06:00:00,4900,47190,47150,47180,47150,47200,47160,47200,47160,47195,47155,47190,47155
2025-08-28 06:05:00,9800,47150,47080,47150,47090,47160,47100,47160,47100,47155,47090,47155,47095
2025-08-28 06:10:00,5100,47100,47080,47090,47100,47120,47090,47100,47110,47110,47085,47095,47105
2025-08-28 06:15:00,5500,47100,47080,47100,47100,47120,47090,47110,47110,47110,47085,47105,47105
2025-08-28 06:20:00,9500,47160,47090,47100,47160,47180,47100,47110,47170,47170,47095,47105,47165
2025-08-28 06:25:00,,47090,46740,46800,47090,47100,46750,46810,47100,47095,46745,46805,47095
2025-08-28 06:30:00,258200,47080,47080,47080,47080,47130,47130,47130,47130,47105,47105,47105,47105
2025-08-29 00:00:00,81500,47380,46900,47380,46990,47390,46930,47380,47020,47385,46915,47380,47005
2025-08-29 00:05:00,35200,46990,46750,46990,46840,47020,46790,47020,46860,47005,46770,47005,46850
2025-08-29 00:10:00,17300,46860,46700,46840,46700,46870,46710,46860,46720,46865,46705,46850,46710
2025-08-29 00:15:00,16400,46880,46660,46700,46850,46890,46690,46720,46870,46885,46675,46710,46860
2025-08-29 00:20:00,6100,46860,46780,46850,46800,46870,46800,46870,46830,46865,46790,46860,46815
2025-08-29 00:25:00,7900,46910,46800,46800,46810,46930,46830,46830,46830,46920,46815,46815,46820
2025-08-29 00:30:00,8900,46810,46770,46810,46780,46830,46780,46830,46800,46820,46775,46820,46790
2025-08-29 00:35:00,8300,46850,46780,46780,46820,46860,46800,46800,46840,46855,46790,46790,46830
2025-08-29 00:40:00,7500,46820,46740,46820,46740,46830,46750,46830,46750,46825,46745,46825,46745
2025-08-29 00:45:00,11600,46810,46730,46740,46770,46820,46740,46750,46800,46815,46735,46745,46785
2025-08-29 00:50:00,6300,46800,46710,46770,46710,46810,46720,46800,46720,46805,46715,46785,46715
2025-08-29 00:55:00,5900,46780,46710,46710,46770,46800,46720,46720,46790,46790,46715,46715,46780
2025-08-29 01:00:00,3100,46800,46750,46770,46750,46810,46760,46790,46760,46805,46755,46780,46755
2025-08-29 01:05:00,6700,46760,46700,46750,46710,46770,46710,46760,46730,46765,46705,46755,46720
2025-08-29 01:10:00,10200,46710,46680,46710,46690,46730,46690,46730,46710,46720,46685,46720,46700
2025-08-29 01:15:00,4400,46750,46690,46690,46720,46760,46700,46710,46740,46755,46695,46700,46730
2025-08-29 01:20:00,8800,46720,46650,46720,46650,46740,46660,46740,46670,46730,46655,46730,46660
2025-08-29 01:25:00,8200,46670,46610,46660,46620,46680,46620,46670,46640,46675,46615,46665,46630
2025-08-29 01:30:00,6400,46630,46600,46620,46610,46650,46610,46640,46630,46640,46605,46630,46620
2025-08-29 01:35:00,2900,46630,46600,46610,46600,46650,46610,46630,46620,46640,46605,46620,46610
2025-08-29 01:40:00,10000,46610,46570,46600,46590,46620,46580,46620,46610,46615,46575,46610,46600
2025-08-29 01:45:00,3900,46600,46570,46590,46580,46620,46590,46610,46590,46610,46580,46600,46585
2025-08-29 01:50:00,4300,46630,46570,46580,46610,46640,46580,46590,46630,46635,46575,46585,46620
2025-08-29 01:55:00,5700,46610,46570,46610,46580,46630,46580,46630,46600,46620,46575,46620,46590
2025-08-29 02:00:00,12800,46590,46510,46580,46520,46600,46520,46600,46530,46595,46515,46590,46525
2025-08-29 02:05:00,3700,46570,46520,46520,46550,46590,46530,46530,46560,46580,46525,46525,46555
2025-08-29 02:10:00,3800,46580,46540,46550,46560,46600,46550,46560,46580,46590,46545,46555,46570
2025-08-29 02:15:00,7200,46570,46500,46570,46510,46580,46510,46580,46530,46575,46505,46575,46520
2025-08-29 02:20:00,2300,46540,46510,46510,46510,46560,46520,46530,46520,46550,46515,46520,46515
2025-08-29 02:25:00,20200,46510,46440,46510,46450,46520,46450,46520,46470,46515,46445,46515,46460
2025-08-29 02:30:00,6500,46450,46450,46450,46450,46480,46480,46480,46480,46465,46465,46465,46465
2025-08-29 03:30:00,23400,46620,46490,46500,46570,46630,46520,46520,46590,46625,46505,46510,46580
2025-08-29 03:35:00,6100,46630,46570,46570,46610,46650,46590,46590,46620,46640,46580,46580,46615
2025-08-29 03:40:00,5400,46630,46560,46610,46560,46640,46570,46620,46570,46635,46565,46615,46565
2025-08-29 03:45:00,8000,46580,46520,46560,46570,46600,46530,46570,46590,46585,46525,46565,46580
2025-08-29 03:50:00,3600,46590,46540,46570,46540,46610,46550,46590,46560,46600,46545,46580,46550
2025-08-29 03:55:00,2900,46550,46520,46540,46540,46560,46530,46560,46550,46555,46525,46550,46545
2025-08-29 04:00:00,4800,46540,46510,46540,46510,46550,46520,46550,46520,46545,46515,46545,46515
2025-08-29 04:05:00,3200,46540,46500,46510,46530,46550,46510,46520,46540,46545,46505,46515,46535
2025-08-29 04:10:00,3800,46570,46530,46530,46560,46590,46540,46540,46580,46580,46535,46535,46570
2025-08-29 04:15:00,3200,46590,46550,46560,46590,46600,46560,46580,46600,46595,46555,46570,46595
2025-08-29 04:20:00,2400,46590,46560,46590,46580,46600,46570,46600,46590,46595,46565,46595,46585
2025-08-29 04:25:00,1300,46590,46560,46580,46560,46600,46570,46590,46570,46595,46565,46585,46565
2025-08-29 04:30:00,3500,46580,46550,46560,46550,46590,46560,46570,46570,46585,46555,46565,46560
2025-08-29 04:35:00,3200,46560,46540,46550,46550,46570,46550,46570,46570,46565,46545,46560,46560
2025-08-29 04:40:00,5200,46560,46510,46550,46510,46580,46520,46570,46520,46570,46515,46560,46515
2025-08-29 04:45:00,4500,46520,46500,46510,46500,46530,46510,46520,46520,46525,46505,46515,46510
2025-08-29 04:50:00,7100,46520,46490,46500,46490,46530,46500,46520,46510,46525,46495,46510,46500
2025-08-29 04:55:00,4200,46500,46490,46490,46490,46510,46500,46510,46510,46505,46495,46500,46500
2025-08-29 05:00:00,3800,46510,46480,46500,46500,46530,46490,46510,46520,46520,46485,46505,46510
2025-08-29 05:05:00,1400,46530,46500,46500,46520,46540,46520,46520,46530,46535,46510,46510,46525
2025-08-29 05:10:00,2000,46530,46510,46520,46510,46540,46520,46530,46520,46535,46515,46525,46515
2025-08-29 05:15:00,1700,46520,46510,46510,46510,46530,46520,46520,46530,46525,46515,46515,46520
2025-08-29 05:20:00,1800,46520,46510,46510,46510,46530,46520,46530,46520,46525,46515,46520,46515
2025-08-29 05:25:00,7400,46510,46470,46510,46480,46520,46480,46520,46490,46515,46475,46515,46485
2025-08-29 05:30:00,1900,46500,46470,46480,46500,46510,46480,46490,46510,46505,46475,46485,46505
2025-08-29 05:35:00,1800,46500,46490,46500,46500,46510,46500,46510,46510,46505,46495,46505,46505
2025-08-29 05:40:00,2900,46520,46500,46500,46520,46530,46510,46510,46530,46525,46505,46505,46525
2025-08-29 05:45:00,2600,46530,46510,46520,46530,46550,46530,46530,46550,46540,46520,46525,46540
2025-08-29 05:50:00,4200,46550,46520,46530,46520,46560,46530,46550,46530,46555,46525,46540,46525
2025-08-29 05:55:00,3200,46530,46510,46520,46510,46540,46520,46530,46520,46535,46515,46525,46515
2025-08-29 06:00:00,5000,46550,46510,46510,46540,46560,46520,46520,46550,46555,46515,46515,46545
2025-08-29 06:05:00,4900,46540,46510,46540,46520,46550,46520,46550,46540,46545,46515,46545,46530
2025-08-29 06:10:00,7200,46530,46510,46520,46510,46540,46520,46540,46530,46535,46515,46530,46520
2025-08-29 06:15:00,8400,46540,46510,46510,46530,46550,46520,46530,46540,46545,46515,46520,46535
2025-08-29 06:20:00,14000,46580,46530,46530,46560,46600,46540,46540,46580,46585,46535,46535,46570
2025-08-29 06:25:00,,47590,46520,47560,46520,47600,46530,47570,46530,47595,46525,47565,46525
2025-08-29 06:30:00,186100,46510,46510,46510,46510,46560,46560,46560,46560,46535,46535,46535,46535
2025-09-01 00:00:00,73600,46530,46220,46290,46470,46560,46240,46300,46510,46545,46230,46295,46490
2025-09-01 00:05:00,13300,46520,46360,46470,46430,46550,46400,46510,46450,46530,46380,46490,46440
2025-09-01 00:10:00,13400,46700,46430,46430,46600,46710,46450,46450,46630,46705,46440,46440,46615
2025-09-01 00:15:00,9800,46620,46500,46600,46550,46650,46510,46630,46580,46635,46505,46615,46565
2025-09-01 00:20:00,13700,46590,46480,46550,46500,46620,46500,46580,46520,46605,46490,46565,46510
2025-09-01 00:25:00,11100,46520,46410,46500,46440,46540,46420,46520,46450,46530,46415,46510,46445
2025-09-01 00:30:00,12300,46440,46230,46440,46230,46450,46250,46450,46250,46445,46240,46445,46240
2025-09-01 00:35:00,12800,46300,46200,46230,46290,46310,46210,46250,46300,46305,46205,46240,46295
2025-09-01 00:40:00,7400,46370,46260,46290,46360,46380,46270,46300,46380,46375,46265,46295,46370
2025-09-01 00:45:00,4500,46390,46330,46360,46350,46400,46350,46380,46370,46395,46345,46370,46360
2025-09-01 00:50:00,3400,46350,46310,46350,46310,46370,46330,46370,46330,46360,46320,46360,46320
2025-09-01 00:55:00,4400,46410,46310,46310,46400,46420,46330,46330,46420,46415,46320,46320,46410
2025-09-01 01:00:00,4800,46410,46320,46400,46370,46420,46340,46420,46380,46415,46330,46410,46375
2025-09-01 01:05:00,4500,46440,46320,46370,46430,46450,46340,46380,46450,46445,46330,46375,46440
2025-09-01 01:10:00,7500,46490,46390,46430,46440,46500,46400,46450,46460,46495,46395,46440,46450
2025-09-01 01:15:00,2100,46460,46420,46440,46420,46470,46430,46460,46430,46465,46425,46450,46425
2025-09-01 01:20:00,6100,46420,46320,46420,46330,46440,46330,46430,46340,46430,46325,46425,46335
2025-09-01 01:25:00,3900,46370,46320,46330,46330,46390,46330,46340,46340,46380,46325,46335,46335
2025-09-01 01:30:00,3000,46370,46320,46330,46320,46380,46330,46340,46340,46375,46325,46335,46330
2025-09-01 01:35:00,49600,46320,45910,46320,45910,46330,45930,46330,45930,46325,45920,46325,45920
2025-09-01 01:40:00,24600,45970,45800,45910,45930,45990,45810,45930,45960,45980,45805,45920,45945
2025-09-01 01:45:00,10700,45970,45870,45930,45890,45980,45880,45960,45920,45975,45875,45945,45905
2025-09-01 01:50:00,16900,45890,45750,45890,45820,45920,45770,45920,45840,45905,45760,45905,45830
2025-09-01 01:55:00,5000,45870,45810,45820,45840,45890,45820,45840,45860,45880,45815,45830,45850
2025-09-01 02:00:00,6500,45870,45800,45840,45820,45890,45810,45860,45840,45880,45805,45850,45830
2025-09-01 02:05:00,4400,45850,45800,45820,45810,45860,45810,45840,45840,45855,45805,45830,45825
2025-09-01 02:10:00,6700,45840,45790,45810,45820,45850,45800,45840,45830,45845,45795,45825,45825
2025-09-01 02:15:00,4800,45820,45770,45820,45770,45840,45790,45830,45800,45830,45780,45825,45785
2025-09-01 02:20:00,6100,45790,45740,45770,45770,45800,45750,45800,45780,45795,45745,45785,45775
2025-09-01 02:25:00,17300,45800,45690,45770,45700,45810,45700,45780,45710,45805,45695,45775,45705
2025-09-01 02:30:00,9600,45700,45700,45700,45700,45720,45720,45720,45720,45710,45710,45710,45710
2025-09-01 03:30:00,30100,45820,45720,45790,45790,45840,45740,45800,45820,45830,45730,45795,45805
2025-09-01 03:35:00,11700,45850,45760,45790,45770,45870,45770,45820,45790,45860,45765,45805,45780
2025-09-01 03:40:00,5700,45870,45770,45770,45800,45880,45790,45790,45820,45875,45780,45780,45810
2025-09-01 03:45:00,3300,45870,45770,45810,45860,45880,45790,45820,45880,45875,45780,45815,45870
2025-09-01 03:50:00,6600,45880,45840,45860,45870,45890,45860,45880,45880,45885,45850,45870,45875
2025-09-01 03:55:00,4200,45920,45870,45870,45920,45940,45880,45880,45940,45930,45875,45875,45930
2025-09-01 04:00:00,4600,45930,45870,45920,45910,45950,45880,45940,45930,45940,45875,45930,45920
2025-09-01 04:05:00,3500,45960,45900,45910,45950,45970,45910,45930,45970,45965,45905,45920,45960
2025-09-01 04:10:00,4800,45960,45910,45950,45920,45980,45920,45970,45940,45970,45915,45960,45930
2025-09-01 04:15:00,3900,45950,45900,45920,45920,45960,45920,45940,45950,45955,45910,45930,45935
2025-09-01 04:20:00,5400,46030,45930,45930,46000,46040,45950,45950,46010,46035,45940,45940,46005
2025-09-01 04:25:00,4300,46090,46000,46000,46060,46100,46010,46010,46080,46095,46005,46005,46070
2025-09-01 04:30:00,5500,46060,45980,46060,46000,46080,45990,46080,46020,46070,45985,46070,46010
2025-09-01 04:35:00,5500,46010,45940,46000,45960,46020,45950,46020,45970,46015,45945,46010,45965
2025-09-01 04:40:00,2400,45980,45940,45960,45970,45990,45960,45970,45990,45985,45950,45965,45980
2025-09-01 04:45:00,5000,46060,45970,45970,46050,46080,45990,45990,46070,46070,45980,45980,46060
2025-09-01 04:50:00,3200,46070,46040,46050,46060,46090,46050,46070,46080,46080,46045,46060,46070
2025-09-01 04:55:00,3900,46070,46030,46060,46030,46080,46040,46080,46060,46075,46035,46070,46045
2025-09-01 05:00:00,3800,46070,46030,46030,46050,46080,46050,46060,46070,46075,46040,46045,46060
2025-09-01 05:05:00,2000,46080,46040,46050,46070,46090,46060,46070,46090,46085,46050,46060,46080
2025-09-01 05:10:00,2900,46090,46060,46070,46080,46100,46080,46090,46090,46095,46070,46080,46085
2025-09-01 05:15:00,1500,46090,46060,46080,46070,46100,46070,46090,46080,46095,46065,46085,46075
2025-09-01 05:20:00,3400,46110,46070,46070,46090,46120,46080,46080,46110,46115,46075,46075,46100
2025-09-01 05:25:00,4200,46120,46070,46090,46100,46130,46080,46110,46130,46125,46075,46100,46115
2025-09-01 05:30:00,5400,46100,46030,46100,46040,46130,46040,46130,46060,46115,46035,46115,46050
2025-09-01 05:35:00,2700,46090,46030,46040,46080,46110,46040,46060,46100,46100,46035,46050,46090
2025-09-01 05:40:00,2500,46110,46080,46080,46100,46120,46100,46100,46110,46115,46090,46090,46105
2025-09-01 05:45:00,2400,46110,46080,46100,46100,46120,46090,46110,46120,46115,46085,46105,46110
2025-09-01 05:50:00,7700,46180,46100,46100,46180,46200,46120,46120,46200,46190,46110,46110,46190
2025-09-01 05:55:00,6900,46210,46150,46180,46150,46220,46160,46200,46170,46215,46155,46190,46160
2025-09-01 06:00:00,6000,46170,46100,46150,46100,46190,46110,46170,46120,46180,46105,46160,46110
2025-09-01 06:05:00,7400,46130,46050,46110,46090,46140,46070,46120,46100,46135,46060,46115,46095
2025-09-01 06:10:00,6400,46110,46030,46090,46040,46120,46040,46100,46050,46115,46035,46095,46045
2025-09-01 06:15:00,5200,46090,46020,46040,46080,46100,46040,46050,46100,46095,46030,46045,46090
2025-09-01 06:20:00,10700,46100,46050,46080,46080,46120,46060,46100,46090,46110,46055,46090,46085
2025-09-01 06:25:00,,46970,46110,46840,46200,46980,46120,46840,46210,46975,46115,46840,46205
2025-09-01 06:30:00,166900,46200,46200,46200,46200,46220,46220,46220,46220,46210,46210,46210,46210
2025-09-02 00:00:00,53300,46630,46300,46320,46600,46640,46320,46320,46620,46635,46315,46320,46610
2025-09-02 00:05:00,11500,46600,46510,46600,46550,46620,46540,46620,46580,46610,46525,46610,46565
2025-09-02 00:10:00,13200,46620,46430,46550,46510,46630,46450,46580,46530,46625,46440,46565,46520
2025-09-02 00:15:00,12300,46520,46390,46510,46390,46530,46400,46530,46400,46525,46395,46520,46395
2025-09-02 00:20:00,7300,46430,46350,46390,46380,46440,46370,46400,46400,46435,46360,46395,46390
2025-09-02 00:25:00,4000,46460,46370,46380,46440,46480,46390,46400,46450,46470,46380,46390,46445
2025-09-02 00:30:00,6500,46500,46440,46440,46460,46510,46450,46450,46490,46505,46445,46445,46475
2025-09-02 00:35:00,2700,46490,46440,46460,46450,46500,46460,46480,46470,46495,46450,46470,46460
2025-09-02 00:40:00,7800,46460,46360,46450,46420,46470,46380,46470,46440,46465,46370,46460,46430
2025-09-02 00:45:00,21000,46670,46420,46420,46610,46680,46440,46440,46640,46675,46430,46430,46625
2025-09-02 00:50:00,7100,46630,46580,46610,46590,46640,46590,46640,46610,46635,46585,46625,46600
2025-09-02 00:55:00,5400,46600,46530,46590,46600,46620,46540,46610,46620,46610,46535,46600,46610
2025-09-02 01:00:00,8800,46670,46590,46600,46600,46680,46610,46620,46620,46675,46600,46610,46610
2025-09-02 01:05:00,3500,46650,46580,46600,46630,46670,46590,46620,46650,46660,46585,46610,46640
2025-09-02 01:10:00,2900,46650,46610,46630,46630,46660,46630,46650,46650,46655,46620,46640,46640
2025-09-02 01:15:00,5700,46670,46610,46630,46610,46680,46630,46650,46640,46675,46620,46640,46625
2025-09-02 01:20:00,3100,46620,46560,46610,46560,46640,46570,46630,46570,46630,46565,46620,46565
2025-09-02 01:25:00,4000,46580,46530,46560,46550,46590,46540,46570,46570,46585,46535,46565,46560
2025-09-02 01:30:00,24800,46760,46550,46550,46640,46770,46560,46580,46670,46765,46555,46565,46655
2025-09-02 01:35:00,3600,46700,46620,46640,46690,46710,46630,46670,46710,46705,46625,46655,46700
2025-09-02 01:40:00,7400,46750,46640,46690,46640,46770,46650,46710,46650,46760,46645,46700,46645
2025-09-02 01:45:00,5300,46690,46620,46640,46640,46700,46630,46650,46650,46695,46625,46645,46645
2025-09-02 01:50:00,6800,46640,46560,46640,46570,46650,46570,46650,46590,46645,46565,46645,46580
2025-09-02 01:55:00,11600,46590,46430,46570,46430,46600,46440,46590,46450,46595,46435,46580,46440
2025-09-02 02:00:00,10800,46440,46340,46430,46410,46460,46360,46450,46420,46450,46350,46440,46415
2025-09-02 02:05:00,5000,46450,46370,46410,46380,46460,46390,46420,46400,46455,46380,46415,46390
2025-09-02 02:10:00,2200,46420,46380,46380,46410,46440,46400,46400,46420,46430,46390,46390,46415
2025-09-02 02:15:00,2000,46430,46390,46410,46420,46440,46410,46420,46440,46435,46400,46415,46430
2025-09-02 02:20:00,1400,46450,46410,46420,46450,46460,46430,46440,46460,46455,46425,46430,46455
2025-09-02 02:25:00,6200,46580,46450,46450,46550,46590,46460,46460,46580,46585,46455,46455,46565
2025-09-02 02:30:00,7700,46550,46550,46550,46550,46580,46580,46580,46580,46565,46565,46565,46565
2025-09-02 03:30:00,20300,46590,46400,46590,46430,46600,46410,46600,46450,46595,46405,46595,46440
2025-09-02 03:35:00,5100,46490,46430,46430,46470,46500,46440,46450,46500,46495,46435,46440,46485
2025-09-02 03:40:00,8100,46560,46470,46470,46550,46590,46500,46500,46560,46575,46485,46485,46555
2025-09-02 03:45:00,8200,46640,46550,46550,46610,46650,46560,46560,46640,46645,46555,46555,46625
2025-09-02 03:50:00,4300,46620,46570,46610,46600,46640,46580,46640,46610,46625,46575,46625,46605
2025-09-02 03:55:00,4400,46610,46580,46600,46600,46620,46590,46610,46610,46615,46585,46605,46605
2025-09-02 04:00:00,3700,46620,46590,46600,46610,46640,46600,46610,46620,46630,46595,46605,46615
2025-09-02 04:05:00,4400,46610,46540,46610,46540,46630,46550,46620,46550,46620,46545,46615,46545
2025-09-02 04:10:00,3000,46540,46520,46540,46530,46550,46530,46550,46540,46545,46525,46545,46535
2025-09-02 04:15:00,3000,46560,46520,46530,46520,46570,46540,46540,46540,46565,46530,46535,46530
2025-09-02 04:20:00,4600,46520,46480,46520,46480,46540,46490,46540,46500,46530,46485,46530,46490
2025-09-02 04:25:00,3600,46490,46460,46480,46460,46500,46470,46500,46470,46495,46465,46490,46465
2025-09-02 04:30:00,2600,46480,46440,46460,46460,46490,46460,46470,46470,46485,46455,46465,46465
2025-09-02 04:35:00,16400,46480,46380,46460,46390,46490,46390,46470,46400,46485,46385,46465,46395
2025-09-02 04:40:00,4200,46450,46380,46390,46450,46460,46390,46400,46460,46455,46385,46395,46455
2025-09-02 04:45:00,2400,46450,46410,46440,46430,46460,46420,46460,46450,46455,46415,46450,46440
2025-09-02 04:50:00,2000,46440,46400,46430,46410,46450,46410,46450,46430,46445,46405,46440,46420
2025-09-02 04:55:00,1700,46420,46400,46410,46400,46440,46410,46430,46410,46430,46405,46420,46405
2025-09-02 05:00:00,11200,46400,46320,46390,46350,46410,46330,46410,46370,46405,46325,46400,46360
2025-09-02 05:05:00,9300,46350,46240,46350,46250,46370,46250,46370,46260,46360,46245,46360,46255
2025-09-02 05:10:00,5400,46290,46220,46250,46280,46300,46230,46260,46300,46295,46225,46255,46290
2025-09-02 05:15:00,2800,46310,46250,46280,46250,46320,46270,46300,46270,46315,46260,46290,46260
2025-09-02 05:20:00,2300,46270,46230,46250,46270,46290,46240,46270,46290,46280,46235,46260,46280
2025-09-02 05:25:00,2400,46290,46260,46270,46280,46300,46270,46290,46300,46295,46265,46280,46290
2025-09-02 05:30:00,4400,46340,46280,46280,46340,46350,46290,46300,46350,46345,46285,46290,46345
2025-09-02 05:35:00,4300,46390,46330,46340,46370,46400,46340,46350,46400,46395,46335,46345,46385
2025-09-02 05:40:00,7100,46430,46360,46370,46390,46440,46380,46390,46410,46435,46375,46380,46400
2025-09-02 05:45:00,6700,46450,46390,46390,46440,46460,46400,46410,46460,46455,46395,46400,46450
2025-09-02 05:50:00,5600,46460,46380,46450,46390,46470,46400,46460,46410,46465,46395,46455,46400
2025-09-02 05:55:00,2300,46430,46390,46390,46430,46450,46400,46410,46440,46440,46395,46400,46435
2025-09-02 06:00:00,5000,46470,46420,46430,46460,46480,46440,46440,46480,46475,46430,46435,46470
2025-09-02 06:05:00,5200,46490,46460,46460,46460,46510,46470,46480,46480,46500,46465,46470,46470
2025-09-02 06:10:00,4100,46470,46410,46460,46410,46480,46420,46480,46430,46475,46415,46470,46420
2025-09-02 06:15:00,4600,46430,46380,46410,46400,46440,46400,46430,46420,46435,46395,46420,46410
2025-09-02 06:20:00,19900,46450,46370,46400,46410,46470,46380,46420,46440,46460,46375,46410,46425
2025-09-02 06:25:00,,46750,46160,46370,46430,46760,46170,46380,46440,46755,46165,46375,46435
2025-09-02 06:30:00,131100,46430,46430,46430,46430,46450,46450,46450,46450,46440,46440,46440,46440
2025-09-03 00:00:00,62100,46260,45980,46160,46260,46280,46020,46170,46270,46270,46000,46165,46265
2025-09-03 00:05:00,18600,46340,46190,46260,46270,46360,46200,46270,46300,46345,46195,46265,46285
2025-09-03 00:10:00,13000,46340,46170,46270,46330,46360,46180,46300,46350,46350,46175,46285,46340
2025-09-03 00:15:00,9900,46410,46300,46330,46310,46420,46320,46350,46330,46415,46310,46340,46320
2025-09-03 00:20:00,9500,46350,46280,46310,46310,46370,46290,46330,46340,46360,46285,46320,46325
2025-09-03 00:25:00,17800,46520,46310,46310,46500,46530,46340,46340,46520,46525,46325,46325,46510
2025-09-03 00:30:00,14800,46590,46500,46500,46580,46600,46520,46520,46600,46595,46510,46510,46590
2025-09-03 00:35:00,11700,46610,46530,46580,46580,46630,46550,46600,46600,46620,46540,46590,46590
2025-09-03 00:40:00,12400,46590,46450,46580,46550,46600,46460,46600,46570,46595,46455,46590,46560
2025-09-03 00:45:00,8300,46550,46470,46550,46480,46570,46480,46570,46490,46560,46475,46560,46485
2025-09-03 00:50:00,6800,46560,46480,46480,46560,46580,46490,46490,46570,46570,46485,46485,46565
2025-09-03 00:55:00,4800,46580,46550,46560,46580,46590,46560,46570,46590,46585,46555,46565,46585
2025-09-03 01:00:00,13100,46650,46570,46580,46620,46660,46580,46590,46630,46655,46575,46585,46625
2025-09-03 01:05:00,11600,46670,46590,46620,46670,46690,46600,46630,46690,46680,46595,46625,46680
2025-09-03 01:10:00,24600,46780,46660,46670,46750,46790,46670,46690,46770,46785,46665,46680,46760
2025-09-03 01:15:00,11300,46810,46680,46750,46800,46820,46700,46770,46820,46815,46690,46760,46810
2025-09-03 01:20:00,8800,46830,46770,46800,46810,46840,46790,46820,46830,46835,46780,46810,46820
2025-09-03 01:25:00,9700,46830,46770,46810,46820,46840,46780,46830,46840,46835,46775,46820,46830
2025-09-03 01:30:00,19800,46890,46730,46820,46750,46900,46750,46840,46770,46895,46740,46830,46760
2025-09-03 01:35:00,5200,46820,46750,46750,46820,46840,46770,46770,46830,46825,46760,46760,46825
2025-09-03 01:40:00,13100,46920,46820,46820,46880,46930,46830,46830,46900,46925,46825,46825,46890
2025-09-03 01:45:00,12800,46960,46850,46880,46950,46980,46860,46900,46970,46970,46855,46890,46960
2025-09-03 01:50:00,22300,47000,46890,46950,46910,47010,46900,46970,46940,47005,46895,46960,46925
2025-09-03 01:55:00,5900,46960,46910,46910,46930,46980,46930,46940,46950,46970,46925,46925,46940
2025-09-03 02:00:00,9200,46940,46820,46930,46840,46950,46830,46950,46850,46945,46825,46940,46845
2025-09-03 02:05:00,6600,46840,46790,46840,46830,46850,46800,46850,46850,46845,46795,46845,46840
2025-09-03 02:10:00,8400,46990,46830,46830,46990,47000,46850,46850,47000,46995,46840,46840,46995
2025-09-03 02:15:00,11900,47070,46970,46990,47060,47080,46990,47000,47070,47075,46980,46995,47065
2025-09-03 02:20:00,7300,47070,46990,47060,46990,47080,47000,47070,47000,47075,46995,47065,46995
2025-09-03 02:25:00,6200,47010,46950,46990,46950,47030,46960,47000,46980,47020,46955,46995,46965
2025-09-03 02:30:00,4700,46950,46950,46950,46950,46980,46980,46980,46980,46965,46965,46965,46965
2025-09-03 03:30:00,28300,46890,46760,46890,46770,46950,46780,46900,46780,46920,46770,46895,46775
2025-09-03 03:35:00,15400,46770,46620,46770,46670,46790,46630,46780,46680,46780,46625,46775,46675
2025-09-03 03:40:00,17800,46690,46570,46670,46640,46700,46580,46680,46660,46695,46575,46675,46650
2025-09-03 03:45:00,7500,46660,46600,46640,46640,46670,46620,46660,46660,46665,46610,46650,46650
2025-09-03 03:50:00,8100,46650,46550,46640,46580,46660,46570,46660,46600,46655,46560,46650,46590
2025-09-03 03:55:00,6700,46630,46560,46580,46600,46650,46580,46600,46610,46640,46575,46590,46605
2025-09-03 04:00:00,3400,46620,46570,46600,46570,46630,46580,46610,46590,46625,46575,46605,46580
2025-09-03 04:05:00,10700,46690,46550,46570,46620,46710,46560,46590,46630,46695,46555,46580,46625
2025-09-03 04:10:00,10900,46620,46520,46620,46520,46630,46540,46630,46540,46625,46530,46625,46530
2025-09-03 04:15:00,6200,46570,46510,46520,46530,46590,46530,46540,46540,46580,46520,46530,46535
2025-09-03 04:20:00,6300,46540,46500,46530,46500,46560,46510,46540,46520,46550,46505,46535,46510
2025-09-03 04:25:00,5800,46500,46470,46500,46490,46520,46480,46520,46500,46510,46475,46510,46495
2025-09-03 04:30:00,6100,46510,46460,46490,46490,46520,46470,46500,46500,46515,46465,46495,46495
2025-09-03 04:35:00,5500,46520,46480,46490,46500,46530,46490,46500,46520,46525,46485,46495,46510
2025-09-03 04:40:00,4300,46510,46470,46500,46490,46520,46490,46520,46510,46515,46480,46510,46500
2025-09-03 04:45:00,3900,46530,46480,46490,46520,46540,46490,46510,46540,46535,46485,46500,46530
2025-09-03 04:50:00,5500,46520,46490,46520,46490,46540,46500,46540,46500,46530,46495,46530,46495
2025-09-03 04:55:00,2400,46550,46490,46490,46550,46560,46500,46500,46560,46555,46495,46495,46555
2025-09-03 05:00:00,7100,46550,46510,46550,46510,46560,46520,46560,46530,46555,46515,46555,46520
2025-09-03 05:05:00,5300,46520,46470,46510,46480,46530,46480,46530,46500,46525,46475,46520,46490
2025-09-03 05:10:00,5800,46530,46470,46480,46510,46540,46480,46490,46530,46535,46475,46485,46520
2025-09-03 05:15:00,5200,46600,46510,46510,46580,46610,46530,46530,46600,46605,46520,46520,46590
2025-09-03 05:20:00,5900,46600,46550,46590,46570,46610,46560,46600,46580,46605,46555,46595,46575
2025-09-03 05:25:00,4000,46580,46530,46570,46580,46590,46540,46590,46590,46585,46535,46580,46585
2025-09-03 05:30:00,4500,46620,46580,46580,46600,46630,46590,46590,46620,46625,46585,46585,46610
2025-09-03 05:35:00,5400,46620,46580,46600,46620,46630,46590,46620,46630,46625,46585,46610,46625
2025-09-03 05:40:00,2300,46620,46590,46620,46600,46630,46600,46630,46610,46625,46595,46625,46605
2025-09-03 05:45:00,5100,46600,46510,46600,46520,46610,46530,46610,46530,46605,46520,46605,46525
2025-09-03 05:50:00,3300,46580,46510,46520,46550,46590,46530,46530,46570,46585,46520,46525,46560
2025-09-03 05:55:00,5800,46600,46550,46550,46590,46610,46560,46570,46600,46605,46555,46560,46595
2025-09-03 06:00:00,6800,46630,46580,46590,46590,46640,46590,46600,46600,46635,46585,46595,46595
2025-09-03 06:05:00,7400,46610,46530,46590,46550,46630,46540,46600,46570,46620,46535,46595,46560
2025-09-03 06:10:00,6100,46610,46550,46550,46550,46620,46560,46570,46560,46615,46555,46560,46555
2025-09-03 06:15:00,12000,46550,46450,46550,46500,46560,46470,46560,46520,46555,46460,46555,46510
2025-09-03 06:20:00,10600,46580,46500,46500,46570,46590,46510,46520,46590,46585,46505,46510,46580
2025-09-03 06:25:00,,47180,46400,46530,46660,47190,46410,46540,46670,47185,46405,46535,46665
2025-09-03 06:30:00,175600,46600,46600,46600,46600,46670,46670,46670,46670,46635,46635,46635,46635
2025-09-04 00:00:00,88000,47140,46670,46830,47120,47150,46680,46830,47140,47145,46675,46830,47130
2025-09-04 00:05:00,56900,47380,47080,47120,47270,47400,47100,47140,47290,47390,47090,47130,47280
2025-09-04 00:10:00,39100,47530,47270,47270,47520,47540,47280,47290,47530,47535,47275,47280,47525
2025-09-04 00:15:00,70300,47780,47480,47520,47740,47800,47490,47530,47760,47790,47485,47525,47750
2025-09-04 00:20:00,30400,47760,47580,47740,47590,47770,47590,47760,47620,47765,47585,47750,47605
2025-09-04 00:25:00,27400,47730,47580,47590,47710,47740,47590,47610,47730,47735,47585,47600,47720
2025-09-04 00:30:00,39300,47780,47620,47710,47760,47790,47640,47730,47780,47785,47630,47720,47770
2025-09-04 00:35:00,48000,47940,47760,47760,47930,47950,47780,47780,47950,47945,47770,47770,47940
2025-09-04 00:40:00,43300,48020,47820,47930,47840,48030,47850,47950,47850,48025,47835,47940,47845
2025-09-04 00:45:00,35300,48070,47830,47840,48050,48090,47840,47850,48070,48080,47835,47845,48060
2025-09-04 00:50:00,16700,48060,47940,48050,47960,48070,47950,48070,47970,48065,47945,48060,47965
2025-09-04 00:55:00,12700,47970,47900,47960,47920,47980,47910,47970,47940,47975,47905,47965,47930
2025-09-04 01:00:00,10700,47920,47830,47920,47890,47940,47840,47940,47900,47930,47835,47930,47895
2025-09-04 01:05:00,4700,47890,47850,47890,47850,47900,47860,47900,47870,47895,47855,47895,47860
2025-09-04 01:10:00,15900,47930,47760,47850,47780,47950,47780,47870,47790,47940,47770,47860,47785
2025-09-04 01:15:00,7500,47900,47780,47780,47890,47920,47790,47790,47920,47910,47785,47785,47905
2025-09-04 01:20:00,6200,47900,47780,47900,47800,47920,47790,47920,47820,47910,47785,47910,47810
2025-09-04 01:25:00,8200,47800,47730,47800,47750,47820,47740,47820,47770,47810,47735,47810,47760
2025-09-04 01:30:00,10000,47790,47710,47750,47770,47810,47720,47770,47790,47800,47715,47760,47780
2025-09-04 01:35:00,14300,47770,47600,47770,47640,47790,47620,47790,47670,47780,47610,47780,47655
2025-09-04 01:40:00,5400,47710,47640,47640,47660,47730,47670,47670,47680,47720,47655,47655,47670
2025-09-04 01:45:00,8600,47680,47580,47660,47580,47690,47590,47680,47590,47685,47585,47670,47585
2025-09-04 01:50:00,14200,47590,47480,47580,47490,47600,47500,47590,47510,47595,47490,47585,47500
2025-09-04 01:55:00,14500,47490,47380,47490,47440,47510,47390,47510,47460,47500,47385,47500,47450
2025-09-04 02:00:00,7800,47580,47440,47440,47560,47590,47450,47460,47570,47585,47445,47450,47565
2025-09-04 02:05:00,5600,47630,47530,47560,47600,47650,47550,47570,47610,47640,47540,47565,47605
2025-09-04 02:10:00,7800,47650,47590,47600,47640,47660,47610,47610,47660,47655,47600,47605,47650
2025-09-04 02:15:00,4700,47670,47640,47640,47640,47680,47650,47660,47660,47675,47645,47650,47650
2025-09-04 02:20:00,7200,47740,47640,47640,47730,47750,47650,47660,47740,47745,47645,47650,47735
2025-09-04 02:25:00,12400,47840,47710,47730,47780,47850,47730,47740,47810,47845,47720,47735,47795
2025-09-04 02:30:00,2600,47780,47780,47780,47780,47820,47820,47820,47820,47800,47800,47800,47800
2025-09-04 03:30:00,32100,47840,47610,47840,47660,47860,47640,47850,47670,47850,47625,47845,47665
2025-09-04 03:35:00,5800,47710,47650,47660,47670,47720,47660,47670,47690,47715,47655,47665,47680
2025-09-04 03:40:00,6400,47670,47600,47670,47640,47690,47610,47690,47660,47680,47605,47680,47650
2025-09-04 03:45:00,3300,47660,47630,47640,47630,47670,47640,47660,47650,47665,47635,47650,47640
2025-09-04 03:50:00,6800,47670,47610,47630,47670,47690,47620,47650,47690,47680,47615,47640,47680
2025-09-04 03:55:00,3800,47710,47650,47670,47650,47720,47660,47690,47670,47715,47655,47680,47660
2025-09-04 04:00:00,6300,47780,47640,47650,47780,47800,47650,47670,47790,47790,47645,47660,47785
2025-09-04 04:05:00,3600,47780,47700,47780,47720,47800,47710,47800,47740,47790,47705,47790,47730
2025-09-04 04:10:00,3500,47750,47710,47720,47710,47760,47720,47740,47720,47755,47715,47730,47715
2025-09-04 04:15:00,6000,47720,47630,47710,47650,47740,47640,47720,47680,47730,47635,47715,47665
2025-09-04 04:20:00,2900,47690,47650,47650,47680,47710,47670,47680,47690,47700,47660,47665,47685
2025-09-04 04:25:00,2800,47710,47650,47680,47700,47720,47670,47690,47720,47715,47660,47685,47710
2025-09-04 04:30:00,8000,47780,47700,47700,47760,47790,47720,47720,47770,47785,47710,47710,47765
2025-09-04 04:35:00,3100,47760,47720,47760,47750,47780,47740,47780,47770,47770,47730,47770,47760
2025-09-04 04:40:00,8600,47790,47730,47750,47780,47800,47750,47770,47800,47795,47740,47760,47790
2025-09-04 04:45:00,8100,47810,47770,47780,47800,47830,47780,47800,47810,47820,47775,47790,47805
2025-09-04 04:50:00,9100,47870,47790,47800,47860,47880,47810,47810,47870,47875,47800,47805,47865
2025-09-04 04:55:00,8200,47890,47840,47860,47850,47900,47860,47870,47870,47895,47850,47865,47860
2025-09-04 05:00:00,3300,47890,47850,47850,47870,47900,47860,47870,47880,47895,47855,47860,47875
2025-09-04 05:05:00,15400,47940,47870,47870,47930,47950,47880,47880,47950,47945,47875,47875,47940
2025-09-04 05:10:00,5600,47960,47920,47930,47940,47970,47930,47950,47950,47965,47925,47940,47945
2025-09-04 05:15:00,16800,47990,47940,47940,47980,48000,47950,47950,47990,47995,47945,47945,47985
2025-09-04 05:20:00,18400,48010,47950,47980,47960,48020,47970,47990,47970,48015,47960,47985,47965
2025-09-04 05:25:00,5400,47990,47960,47960,47980,48000,47970,47970,47990,47995,47965,47965,47985
2025-09-04 05:30:00,7900,48020,47960,47980,47970,48030,47970,47990,47980,48025,47965,47985,47975
2025-09-04 05:35:00,4800,47990,47960,47970,47970,48000,47980,47980,47980,47995,47970,47975,47975
2025-09-04 05:40:00,11500,48010,47930,47970,47940,48020,47940,47980,47960,48015,47935,47975,47950
2025-09-04 05:45:00,5200,47980,47930,47940,47970,48000,47940,47960,47990,47990,47935,47950,47980
2025-09-04 05:50:00,9900,48020,47950,47970,47990,48030,47970,47990,48000,48025,47960,47980,47995
2025-09-04 05:55:00,7800,47980,47920,47980,47920,48000,47930,48000,47930,47990,47925,47990,47925
2025-09-04 06:00:00,8500,47970,47890,47920,47960,47980,47900,47930,47980,47975,47895,47925,47970
2025-09-04 06:05:00,10200,47970,47840,47960,47850,47980,47860,47980,47860,47975,47850,47970,47855
2025-09-04 06:10:00,7900,47870,47810,47850,47820,47880,47820,47860,47830,47875,47815,47855,47825
2025-09-04 06:15:00,10100,47830,47790,47820,47790,47840,47800,47830,47800,47835,47795,47825,47795
2025-09-04 06:20:00,21700,47820,47730,47790,47730,47840,47740,47800,47750,47830,47735,47795,47740
2025-09-04 06:25:00,,47940,47400,47430,47810,47950,47410,47440,47820,47945,47405,47435,47815
2025-09-04 06:30:00,141700,47780,47780,47780,47780,47820,47820,47820,47820,47800,47800,47800,47800
2025-09-05 00:00:00,241200,49120,48400,48930,48960,49130,48460,48940,48990,49125,48435,48935,48975
2025-09-05 00:05:00,45600,49090,48810,48960,48930,49100,48830,48990,48960,49095,48825,48975,48945
2025-09-05 00:10:00,38800,48940,48720,48930,48750,48970,48740,48960,48780,48955,48730,48945,48765
2025-09-05 00:15:00,24200,48820,48680,48760,48800,48830,48690,48780,48820,48825,48685,48770,48810
2025-09-05 00:20:00,26700,48800,48600,48800,48660,48820,48610,48820,48670,48810,48605,48810,48665
2025-09-05 00:25:00,17400,48810,48660,48660,48800,48820,48670,48670,48820,48815,48665,48665,48810
2025-09-05 00:30:00,30400,48960,48780,48800,48810,48970,48790,48820,48820,48965,48785,48810,48815
2025-09-05 00:35:00,14800,48910,48780,48810,48820,48920,48790,48820,48840,48915,48785,48815,48830
2025-09-05 00:40:00,22500,48820,48490,48820,48490,48840,48500,48840,48510,48830,48495,48830,48500
2025-09-05 00:45:00,15200,48560,48450,48490,48500,48580,48470,48510,48520,48570,48460,48500,48510
2025-09-05 00:50:00,16000,48600,48440,48500,48440,48610,48450,48520,48460,48605,48445,48510,48450
2025-09-05 00:55:00,9500,48480,48390,48440,48470,48500,48400,48460,48480,48490,48395,48450,48475
2025-09-05 01:00:00,7700,48490,48410,48470,48430,48500,48420,48480,48460,48495,48415,48475,48445
2025-09-05 01:05:00,9700,48450,48350,48430,48400,48460,48370,48460,48420,48455,48360,48445,48410
2025-09-05 01:10:00,7100,48480,48400,48400,48460,48500,48420,48420,48480,48490,48410,48410,48470
2025-09-05 01:15:00,13600,48580,48460,48460,48550,48590,48470,48480,48560,48585,48465,48470,48555
2025-09-05 01:20:00,8300,48610,48510,48550,48510,48620,48520,48560,48530,48615,48515,48555,48520
2025-09-05 01:25:00,6700,48570,48480,48510,48560,48580,48500,48520,48570,48575,48490,48515,48565
2025-09-05 01:30:00,3600,48580,48520,48560,48530,48600,48530,48570,48550,48590,48525,48565,48540
2025-09-05 01:35:00,6800,48630,48510,48530,48630,48650,48520,48550,48650,48640,48515,48540,48640
2025-09-05 01:40:00,5500,48640,48550,48630,48550,48650,48570,48650,48570,48645,48560,48640,48560
2025-09-05 01:45:00,3000,48560,48510,48550,48520,48590,48530,48570,48530,48575,48520,48560,48525
2025-09-05 01:50:00,4200,48540,48470,48520,48530,48550,48490,48530,48540,48545,48480,48525,48535
2025-09-05 01:55:00,4000,48570,48530,48530,48530,48580,48540,48540,48550,48575,48535,48535,48540
2025-09-05 02:00:00,8900,48530,48410,48530,48490,48560,48420,48550,48500,48545,48415,48540,48495
2025-09-05 02:05:00,7300,48490,48380,48490,48390,48510,48390,48510,48410,48500,48385,48500,48400
2025-09-05 02:10:00,14900,48400,48250,48390,48260,48420,48260,48410,48280,48410,48255,48400,48270
2025-09-05 02:15:00,5700,48370,48260,48260,48330,48380,48280,48280,48350,48375,48270,48270,48340
2025-09-05 02:20:00,4100,48330,48300,48330,48320,48350,48310,48350,48340,48340,48305,48340,48330
2025-09-05 02:25:00,6400,48360,48300,48320,48300,48370,48310,48340,48310,48365,48305,48330,48305
2025-09-05 02:30:00,5900,48290,48290,48290,48290,48310,48310,48310,48310,48300,48300,48300,48300
2025-09-05 03:30:00,31000,48340,48190,48260,48200,48350,48200,48260,48220,48345,48195,48260,48210
2025-09-05 03:35:00,6900,48290,48190,48200,48270,48300,48210,48220,48290,48295,48200,48210,48280
2025-09-05 03:40:00,9000,48380,48270,48270,48370,48390,48290,48290,48380,48385,48280,48280,48375
2025-09-05 03:45:00,4900,48370,48270,48370,48310,48380,48290,48380,48320,48375,48280,48375,48315
2025-09-05 03:50:00,2900,48330,48300,48310,48300,48340,48310,48330,48310,48335,48305,48320,48305
2025-09-05 03:55:00,4100,48310,48250,48300,48310,48320,48260,48310,48320,48315,48255,48305,48315
2025-09-05 04:00:00,2600,48320,48280,48310,48280,48330,48290,48320,48300,48325,48285,48315,48290
2025-09-05 04:05:00,5800,48280,48210,48280,48230,48300,48220,48300,48240,48290,48215,48290,48235
2025-09-05 04:10:00,4800,48230,48170,48230,48180,48240,48180,48240,48190,48235,48175,48235,48185
2025-09-05 04:15:00,8300,48180,48120,48180,48160,48190,48130,48190,48170,48185,48125,48185,48165
2025-09-05 04:20:00,3300,48180,48140,48160,48150,48190,48150,48170,48170,48185,48145,48165,48160
2025-09-05 04:25:00,4400,48180,48120,48150,48120,48190,48130,48170,48140,48185,48125,48160,48130
2025-09-05 04:30:00,5600,48130,48090,48120,48120,48140,48100,48140,48140,48135,48095,48130,48130
2025-09-05 04:35:00,2900,48160,48110,48120,48160,48180,48130,48140,48180,48170,48120,48130,48170
2025-09-05 04:40:00,7100,48220,48160,48160,48190,48230,48170,48180,48210,48225,48165,48170,48200
2025-09-05 04:45:00,2200,48200,48150,48190,48160,48220,48160,48210,48170,48210,48155,48200,48165
2025-09-05 04:50:00,4800,48160,48100,48160,48140,48170,48110,48170,48150,48165,48105,48165,48145
2025-09-05 04:55:00,3400,48170,48130,48140,48140,48180,48150,48150,48150,48175,48145,48145,48145
2025-09-05 05:00:00,3400,48170,48130,48140,48170,48180,48150,48150,48180,48175,48140,48145,48175
2025-09-05 05:05:00,6200,48250,48170,48170,48250,48260,48180,48180,48260,48255,48175,48175,48255
2025-09-05 05:10:00,2100,48250,48230,48250,48250,48260,48240,48260,48260,48255,48235,48255,48255
2025-09-05 05:15:00,2800,48270,48240,48250,48250,48280,48260,48260,48260,48275,48250,48255,48255
2025-09-05 05:20:00,2900,48270,48240,48250,48260,48280,48260,48260,48270,48275,48250,48255,48265
2025-09-05 05:25:00,8500,48260,48210,48260,48240,48270,48220,48270,48250,48265,48215,48265,48245
2025-09-05 05:30:00,3100,48260,48230,48240,48240,48270,48240,48250,48250,48265,48235,48245,48245
2025-09-05 05:35:00,2000,48250,48220,48240,48250,48270,48230,48250,48270,48260,48225,48245,48260
2025-09-05 05:40:00,2900,48270,48230,48250,48230,48280,48250,48270,48250,48275,48240,48260,48240
2025-09-05 05:45:00,3000,48260,48210,48230,48260,48270,48220,48250,48270,48265,48215,48240,48265
2025-09-05 05:50:00,7200,48280,48250,48260,48270,48300,48270,48270,48280,48290,48260,48265,48275
2025-09-05 05:55:00,5100,48310,48270,48270,48290,48320,48280,48280,48300,48315,48275,48275,48295
2025-09-05 06:00:00,5200,48300,48230,48290,48240,48310,48250,48300,48260,48305,48245,48295,48250
2025-09-05 06:05:00,3200,48260,48230,48240,48260,48280,48240,48260,48280,48270,48235,48250,48270
2025-09-05 06:10:00,4300,48300,48250,48260,48280,48310,48270,48280,48300,48305,48260,48270,48290
2025-09-05 06:15:00,5600,48300,48260,48280,48290,48310,48270,48300,48300,48305,48265,48290,48295
2025-09-05 06:20:00,33200,48420,48290,48290,48410,48470,48300,48300,48470,48440,48295,48295,48440
2025-09-05 06:25:00,,48870,48480,48740,48480,48880,48490,48750,48490,48875,48485,48745,48485
2025-09-05 06:30:00,142700,48460,48460,48460,48460,48490,48490,48490,48490,48475,48475,48475,48475
2025-09-08 00:00:00,107100,49350,49010,49280,49220,49360,49040,49280,49240,49355,49025,49280,49230
2025-09-08 00:05:00,151100,49830,49210,49220,49580,49850,49230,49240,49610,49840,49220,49230,49595
2025-09-08 00:10:00,73400,49860,49460,49580,49620,49870,49480,49610,49650,49865,49475,49595,49635
2025-09-08 00:15:00,30000,49800,49600,49620,49740,49820,49620,49650,49770,49810,49610,49635,49755
2025-09-08 00:20:00,37900,49790,49610,49740,49750,49800,49630,49770,49770,49795,49620,49755,49760
2025-09-08 00:25:00,52900,49890,49740,49750,49810,49900,49750,49770,49830,49895,49745,49760,49820
2025-09-08 00:30:00,38300,49960,49740,49810,49910,49980,49750,49830,49930,49970,49745,49820,49920
2025-09-08 00:35:00,24400,49980,49840,49910,49840,49990,49850,49930,49850,49985,49845,49920,49845
2025-09-08 00:40:00,23200,49980,49830,49840,49920,49990,49840,49850,49940,49985,49835,49845,49930
2025-09-08 00:45:00,19200,49940,49860,49920,49920,49950,49870,49940,49930,49945,49865,49930,49925
2025-09-08 00:50:00,13500,49940,49830,49910,49830,49950,49840,49930,49840,49945,49835,49920,49835
2025-09-08 00:55:00,13500,49910,49800,49830,49900,49920,49810,49840,49920,49915,49805,49835,49910
2025-09-08 01:00:00,15000,49930,49770,49900,49800,49940,49780,49920,49820,49935,49775,49910,49810
2025-09-08 01:05:00,10800,49900,49800,49800,49810,49920,49820,49820,49830,49910,49810,49810,49820
2025-09-08 01:10:00,11400,49860,49760,49810,49770,49890,49770,49830,49790,49875,49765,49820,49780
2025-09-08 01:15:00,7600,49790,49730,49770,49750,49800,49740,49790,49770,49795,49735,49780,49760
2025-09-08 01:20:00,21800,49770,49550,49750,49570,49790,49560,49770,49580,49780,49555,49760,49575
2025-09-08 01:25:00,11300,49710,49570,49570,49690,49720,49580,49580,49700,49715,49575,49575,49695
2025-09-08 01:30:00,7700,49740,49670,49690,49730,49750,49680,49700,49750,49745,49675,49695,49740
2025-09-08 01:35:00,7300,49790,49720,49730,49770,49800,49730,49750,49790,49795,49725,49740,49780
2025-09-08 01:40:00,6800,49780,49650,49770,49650,49790,49670,49790,49670,49785,49660,49780,49660
2025-09-08 01:45:00,4000,49690,49620,49660,49620,49700,49640,49670,49640,49695,49630,49665,49630
2025-09-08 01:50:00,8000,49700,49620,49620,49660,49710,49640,49640,49680,49705,49630,49630,49670
2025-09-08 01:55:00,13300,49660,49570,49660,49590,49680,49580,49680,49610,49670,49575,49670,49600
2025-09-08 02:00:00,7700,49610,49510,49590,49520,49630,49530,49610,49540,49620,49520,49600,49530
2025-09-08 02:05:00,9100,49570,49500,49520,49550,49580,49510,49540,49560,49575,49505,49530,49555
2025-09-08 02:10:00,7000,49550,49480,49550,49490,49570,49490,49560,49500,49560,49485,49555,49495
2025-09-08 02:15:00,11700,49500,49350,49490,49360,49510,49360,49500,49370,49505,49355,49495,49365
2025-09-08 02:20:00,14700,49360,49260,49360,49310,49370,49280,49370,49320,49365,49270,49365,49315
2025-09-08 02:25:00,6400,49320,49280,49310,49300,49340,49290,49320,49330,49330,49285,49315,49315
2025-09-08 02:30:00,3600,49300,49300,49300,49300,49340,49340,49340,49340,49320,49320,49320,49320
2025-09-08 03:30:00,22300,49370,49300,49320,49350,49390,49310,49330,49370,49380,49305,49325,49360
2025-09-08 03:35:00,6300,49390,49340,49350,49370,49400,49350,49370,49380,49395,49345,49360,49375
2025-09-08 03:40:00,9800,49370,49260,49370,49270,49390,49270,49380,49290,49380,49265,49375,49280
2025-09-08 03:45:00,8900,49370,49260,49270,49350,49380,49270,49290,49370,49375,49265,49280,49360
2025-09-08 03:50:00,7100,49370,49290,49350,49290,49380,49300,49370,49310,49375,49295,49360,49300
2025-09-08 03:55:00,7000,49300,49220,49290,49240,49320,49240,49310,49260,49310,49230,49300,49250
2025-09-08 04:00:00,5300,49280,49210,49240,49210,49290,49220,49260,49230,49285,49215,49250,49220
2025-09-08 04:05:00,11300,49220,49150,49210,49150,49240,49160,49230,49170,49230,49155,49220,49160
2025-09-08 04:10:00,7500,49160,49100,49150,49150,49170,49110,49170,49160,49165,49105,49160,49155
2025-09-08 04:15:00,4700,49150,49100,49150,49110,49160,49110,49160,49120,49155,49105,49155,49115
2025-09-08 04:20:00,10900,49130,49090,49110,49120,49140,49100,49120,49130,49135,49095,49115,49125
2025-09-08 04:25:00,6200,49130,49060,49120,49100,49140,49070,49130,49110,49135,49065,49125,49105
2025-09-08 04:30:00,10000,49130,49090,49100,49100,49140,49100,49110,49110,49135,49095,49105,49105
2025-09-08 04:35:00,6500,49130,49060,49100,49070,49140,49070,49110,49080,49135,49065,49105,49075
2025-09-08 04:40:00,3500,49110,49060,49070,49070,49120,49070,49080,49090,49115,49065,49075,49080
2025-09-08 04:45:00,13400,49230,49060,49070,49210,49240,49070,49090,49230,49235,49065,49080,49220
2025-09-08 04:50:00,8600,49220,49140,49210,49150,49230,49160,49230,49170,49225,49150,49220,49160
2025-09-08 04:55:00,9200,49250,49150,49150,49210,49260,49160,49170,49230,49255,49155,49160,49220
2025-09-08 05:00:00,8000,49240,49150,49200,49230,49260,49160,49230,49240,49250,49155,49215,49235
2025-09-08 05:05:00,12200,49330,49230,49230,49300,49340,49240,49240,49310,49335,49235,49235,49305
2025-09-08 05:10:00,5500,49310,49240,49300,49240,49320,49250,49310,49250,49315,49245,49305,49245
2025-09-08 05:15:00,5200,49290,49240,49240,49260,49300,49250,49250,49280,49295,49245,49245,49270
2025-09-08 05:20:00,3800,49280,49250,49260,49250,49290,49260,49280,49260,49285,49255,49270,49255
2025-09-08 05:25:00,4300,49280,49220,49250,49230,49290,49230,49260,49240,49285,49225,49255,49235
2025-09-08 05:30:00,4900,49230,49190,49230,49210,49250,49210,49240,49230,49240,49200,49235,49220
2025-09-08 05:35:00,4700,49210,49160,49210,49180,49230,49180,49230,49200,49220,49170,49220,49190
2025-09-08 05:40:00,9500,49210,49100,49190,49130,49230,49110,49200,49140,49220,49105,49195,49135
2025-09-08 05:45:00,4700,49140,49100,49130,49120,49150,49110,49140,49140,49145,49105,49135,49130
2025-09-08 05:50:00,5000,49180,49120,49120,49180,49190,49140,49140,49190,49185,49130,49130,49185
2025-09-08 05:55:00,4900,49180,49110,49180,49130,49190,49130,49190,49150,49185,49125,49185,49140
2025-09-08 06:00:00,17100,49280,49130,49130,49230,49290,49140,49150,49240,49285,49135,49140,49235
2025-09-08 06:05:00,8400,49240,49170,49230,49180,49260,49180,49240,49200,49250,49175,49235,49190
2025-09-08 06:10:00,4400,49220,49170,49180,49220,49240,49180,49200,49230,49230,49175,49190,49225
2025-09-08 06:15:00,7500,49230,49190,49220,49220,49240,49200,49230,49230,49235,49195,49225,49225
2025-09-08 06:20:00,12000,49240,49200,49220,49230,49250,49210,49230,49250,49245,49205,49225,49240
2025-09-08 06:25:00,,49490,49150,49430,49170,49500,49160,49440,49180,49495,49155,49435,49175
2025-09-08 06:30:00,246100,49170,49170,49170,49170,49240,49240,49240,49240,49205,49205,49205,49205
2025-09-09 00:00:00,91700,49830,49480,49830,49590,49840,49500,49830,49610,49835,49490,49830,49600
2025-09-09 00:05:00,32500,49680,49480,49590,49620,49700,49500,49610,49650,49690,49490,49600,49635
2025-09-09 00:10:00,37600,49690,49470,49620,49680,49710,49480,49640,49700,49700,49475,49630,49690
2025-09-09 00:15:00,21800,49690,49450,49680,49510,49700,49460,49700,49530,49695,49455,49690,49520
2025-09-09 00:20:00,23200,49510,49360,49510,49390,49530,49370,49530,49410,49520,49365,49520,49400
2025-09-09 00:25:00,12700,49400,49220,49390,49250,49420,49230,49410,49260,49405,49225,49400,49255
2025-09-09 00:30:00,24300,49260,49130,49250,49190,49270,49150,49260,49210,49265,49140,49255,49200
2025-09-09 00:35:00,18400,49210,49060,49190,49060,49220,49070,49210,49080,49215,49065,49200,49070
2025-09-09 00:40:00,10000,49170,49060,49060,49130,49180,49070,49080,49150,49175,49065,49070,49140
2025-09-09 00:45:00,17100,49220,49120,49130,49200,49230,49140,49150,49220,49225,49130,49140,49210
2025-09-09 00:50:00,22200,49430,49200,49200,49430,49450,49210,49220,49450,49440,49205,49210,49440
2025-09-09 00:55:00,16400,49470,49330,49430,49330,49480,49340,49450,49350,49475,49335,49440,49340
2025-09-09 01:00:00,14000,49340,49230,49330,49240,49350,49240,49350,49260,49345,49235,49340,49250
2025-09-09 01:05:00,10300,49240,49150,49240,49180,49260,49160,49260,49190,49250,49155,49250,49185
2025-09-09 01:10:00,12600,49180,49070,49180,49070,49190,49080,49190,49080,49185,49075,49185,49075
2025-09-09 01:15:00,30000,49070,48850,49070,48850,49080,48860,49080,48870,49075,48855,49075,48860
2025-09-09 01:20:00,22000,48850,48730,48850,48770,48870,48740,48870,48790,48860,48735,48860,48780
2025-09-09 01:25:00,13900,48820,48700,48770,48820,48830,48710,48790,48830,48825,48705,48780,48825
2025-09-09 01:30:00,17300,48860,48750,48820,48770,48870,48770,48830,48780,48865,48760,48825,48775
2025-09-09 01:35:00,17000,48810,48710,48770,48710,48820,48720,48780,48720,48815,48715,48775,48715
2025-09-09 01:40:00,23300,48740,48620,48710,48730,48760,48630,48720,48740,48750,48625,48715,48735
2025-09-09 01:45:00,12000,48770,48680,48730,48710,48790,48700,48740,48730,48780,48690,48735,48720
2025-09-09 01:50:00,8700,48750,48660,48710,48700,48760,48670,48730,48720,48755,48665,48720,48710
2025-09-09 01:55:00,6000,48730,48650,48700,48680,48740,48670,48720,48700,48735,48660,48710,48690
2025-09-09 02:00:00,7100,48700,48600,48680,48620,48710,48610,48700,48630,48705,48605,48690,48625
2025-09-09 02:05:00,8800,48690,48610,48620,48650,48700,48620,48630,48670,48695,48615,48625,48660
2025-09-09 02:10:00,7600,48650,48590,48650,48600,48670,48600,48670,48610,48660,48595,48660,48605
2025-09-09 02:15:00,8700,48610,48550,48600,48610,48620,48560,48610,48620,48615,48555,48605,48615
2025-09-09 02:20:00,5500,48620,48570,48610,48600,48630,48590,48620,48620,48625,48580,48615,48610
2025-09-09 02:25:00,6600,48600,48550,48600,48560,48620,48560,48620,48580,48610,48555,48610,48570
2025-09-09 02:30:00,1000,48560,48560,48560,48560,48580,48580,48580,48580,48570,48570,48570,48570
2025-09-09 03:30:00,25700,48660,48520,48550,48570,48680,48540,48560,48590,48670,48530,48555,48580
2025-09-09 03:35:00,15900,48650,48530,48570,48570,48670,48540,48590,48590,48660,48535,48580,48580
2025-09-09 03:40:00,7200,48670,48570,48570,48650,48680,48580,48590,48670,48675,48575,48580,48660
2025-09-09 03:45:00,6900,48680,48610,48660,48660,48690,48630,48670,48680,48685,48620,48665,48670
2025-09-09 03:50:00,7200,48690,48610,48660,48610,48700,48620,48680,48630,48695,48615,48670,48620
2025-09-09 03:55:00,2900,48670,48610,48610,48650,48680,48630,48630,48670,48675,48620,48620,48660
2025-09-09 04:00:00,11400,48690,48610,48650,48640,48710,48620,48670,48660,48700,48615,48660,48650
2025-09-09 04:05:00,3000,48650,48620,48640,48620,48660,48630,48660,48630,48655,48625,48650,48625
2025-09-09 04:10:00,1700,48630,48610,48620,48630,48650,48630,48630,48650,48640,48620,48625,48640
2025-09-09 04:15:00,5400,48710,48630,48630,48690,48720,48640,48650,48700,48715,48635,48640,48695
2025-09-09 04:20:00,6800,48740,48690,48690,48730,48750,48700,48700,48740,48745,48695,48695,48735
2025-09-09 04:25:00,4300,48730,48700,48730,48700,48740,48710,48740,48720,48735,48705,48735,48710
2025-09-09 04:30:00,2300,48720,48700,48700,48710,48730,48710,48720,48720,48725,48705,48710,48715
2025-09-09 04:35:00,4100,48730,48690,48710,48700,48740,48700,48720,48710,48735,48695,48715,48705
2025-09-09 04:40:00,2100,48710,48690,48700,48700,48720,48700,48710,48720,48715,48695,48705,48710
2025-09-09 04:45:00,4900,48710,48670,48700,48710,48720,48690,48720,48720,48715,48680,48710,48715
2025-09-09 04:50:00,12700,48810,48710,48710,48810,48830,48720,48720,48830,48820,48715,48715,48820
2025-09-09 04:55:00,6100,48820,48750,48810,48760,48830,48760,48830,48780,48825,48755,48820,48770
2025-09-09 05:00:00,5900,48770,48680,48760,48690,48780,48700,48780,48710,48775,48690,48770,48700
2025-09-09 05:05:00,5800,48700,48660,48690,48660,48710,48670,48700,48680,48705,48665,48695,48670
2025-09-09 05:10:00,5200,48680,48650,48660,48650,48700,48660,48680,48670,48690,48655,48670,48660
2025-09-09 05:15:00,5400,48660,48600,48650,48610,48670,48610,48670,48620,48665,48605,48660,48615
2025-09-09 05:20:00,28900,48610,48380,48610,48510,48620,48390,48620,48520,48615,48385,48615,48515
2025-09-09 05:25:00,6000,48520,48430,48510,48490,48540,48460,48520,48500,48525,48445,48515,48495
2025-09-09 05:30:00,6900,48550,48490,48490,48510,48560,48500,48500,48530,48555,48495,48495,48520
2025-09-09 05:35:00,14200,48510,48410,48510,48430,48530,48430,48530,48450,48520,48420,48520,48440
2025-09-09 05:40:00,4400,48500,48430,48430,48480,48510,48450,48450,48490,48505,48440,48440,48485
2025-09-09 05:45:00,9400,48560,48470,48470,48540,48570,48480,48490,48550,48565,48475,48480,48545
2025-09-09 05:50:00,4400,48570,48520,48540,48550,48590,48530,48550,48570,48580,48525,48545,48560
2025-09-09 05:55:00,7200,48610,48550,48550,48580,48630,48560,48570,48600,48620,48555,48560,48590
2025-09-09 06:00:00,6600,48590,48510,48580,48520,48600,48530,48600,48540,48595,48520,48590,48530
2025-09-09 06:05:00,5800,48550,48480,48520,48510,48560,48500,48540,48530,48555,48490,48530,48520
2025-09-09 06:10:00,3600,48510,48480,48510,48500,48530,48490,48530,48520,48520,48485,48520,48510
2025-09-09 06:15:00,5800,48510,48470,48500,48500,48520,48480,48520,48520,48515,48475,48510,48510
2025-09-09 06:20:00,12400,48500,48430,48500,48430,48520,48440,48520,48440,48510,48435,48510,48435
2025-09-09 06:25:00,,49190,47000,47000,48400,49200,47010,47010,48400,49195,47005,47005,48400
2025-09-09 06:30:00,198800,48390,48390,48390,48390,48420,48420,48420,48420,48405,48405,48405,48405
2025-09-10 00:00:00,50800,48510,48050,48510,48050,48520,48060,48520,48070,48515,48055,48515,48060
2025-09-10 00:05:00,32600,48100,47790,48050,47800,48110,47810,48070,47830,48105,47800,48060,47815
2025-09-10 00:10:00,25300,47970,47790,47800,47950,47990,47810,47830,47970,47980,47800,47815,47960
2025-09-10 00:15:00,17500,48130,47900,47950,48090,48150,47910,47970,48110,48140,47905,47960,48100
2025-09-10 00:20:00,17200,48150,48070,48090,48080,48160,48090,48110,48100,48155,48080,48100,48090
2025-09-10 00:25:00,12800,48100,48000,48080,48040,48110,48010,48100,48060,48105,48005,48090,48050
2025-09-10 00:30:00,9100,48120,47980,48040,48110,48140,48010,48060,48130,48130,47995,48050,48120
2025-09-10 00:35:00,14100,48210,48030,48110,48200,48230,48040,48130,48220,48220,48035,48120,48210
2025-09-10 00:40:00,9000,48210,48080,48200,48140,48230,48100,48220,48160,48220,48090,48210,48150
2025-09-10 00:45:00,5100,48190,48110,48140,48170,48200,48120,48160,48190,48195,48115,48150,48180
2025-09-10 00:50:00,6300,48190,48090,48170,48110,48200,48100,48190,48140,48195,48095,48180,48125
2025-09-10 00:55:00,7500,48120,48020,48110,48060,48140,48030,48140,48080,48125,48025,48125,48070
2025-09-10 01:00:00,15500,48080,47940,48060,47970,48090,47950,48080,47990,48085,47945,48070,47980
2025-09-10 01:05:00,4800,47980,47920,47970,47920,48000,47930,47990,47940,47990,47925,47980,47930
2025-09-10 01:10:00,4200,47990,47920,47920,47960,48000,47940,47940,47980,47995,47930,47930,47970
2025-09-10 01:15:00,8400,48030,47920,47960,47940,48050,47930,47980,47960,48040,47925,47970,47950
2025-09-10 01:20:00,10400,47940,47860,47940,47870,47960,47870,47960,47890,47950,47865,47950,47880
2025-09-10 01:25:00,10800,47930,47820,47870,47900,47950,47830,47890,47920,47940,47825,47880,47910
2025-09-10 01:30:00,11700,48030,47850,47900,47950,48050,47870,47920,47970,48040,47860,47910,47960
2025-09-10 01:35:00,6200,47970,47920,47950,47960,48000,47930,47980,47980,47985,47925,47965,47970
2025-09-10 01:40:00,5300,48030,47960,47960,48000,48050,47970,47980,48020,48040,47965,47970,48010
2025-09-10 01:45:00,5100,48070,47980,48000,48060,48090,48000,48020,48080,48080,47990,48010,48070
2025-09-10 01:50:00,2700,48060,48000,48060,48010,48080,48020,48080,48030,48070,48010,48070,48020
2025-09-10 01:55:00,1700,48040,48000,48010,48040,48050,48020,48030,48050,48045,48010,48020,48045
2025-09-10 02:00:00,1800,48040,48010,48040,48020,48050,48030,48050,48030,48045,48025,48045,48025
2025-09-10 02:05:00,6300,48080,48020,48020,48050,48090,48030,48030,48070,48085,48025,48025,48060
2025-09-10 02:10:00,2300,48060,48000,48050,48040,48070,48020,48070,48050,48065,48010,48060,48045
2025-09-10 02:15:00,4600,48090,48030,48040,48060,48100,48050,48050,48070,48095,48040,48045,48065
2025-09-10 02:20:00,6100,48120,48060,48060,48120,48140,48070,48070,48140,48130,48065,48065,48130
2025-09-10 02:25:00,5700,48130,48050,48120,48060,48140,48070,48140,48080,48135,48060,48130,48070
2025-09-10 02:30:00,5600,48060,48060,48060,48060,48090,48090,48090,48090,48075,48075,48075,48075
2025-09-10 03:30:00,14300,48130,48060,48130,48080,48140,48090,48140,48100,48135,48075,48135,48090
2025-09-10 03:35:00,4200,48090,48050,48080,48050,48100,48060,48100,48070,48095,48055,48090,48060
2025-09-10 03:40:00,13200,48180,48040,48050,48170,48190,48050,48070,48190,48185,48045,48060,48180
2025-09-10 03:45:00,10000,48250,48150,48170,48240,48260,48160,48180,48250,48255,48155,48175,48245
2025-09-10 03:50:00,6900,48280,48210,48240,48250,48290,48230,48250,48260,48285,48220,48245,48255
2025-09-10 03:55:00,8500,48310,48250,48250,48300,48330,48260,48260,48320,48320,48255,48255,48310
2025-09-10 04:00:00,4400,48340,48290,48300,48330,48350,48310,48320,48350,48345,48300,48310,48340
2025-09-10 04:05:00,5600,48340,48230,48320,48250,48350,48250,48350,48270,48345,48240,48335,48260
2025-09-10 04:10:00,2200,48280,48240,48250,48260,48290,48250,48270,48270,48285,48245,48260,48265
2025-09-10 04:15:00,1400,48290,48250,48260,48290,48300,48260,48270,48300,48295,48255,48265,48295
2025-09-10 04:20:00,5800,48300,48220,48290,48220,48310,48230,48300,48230,48305,48225,48295,48225
2025-09-10 04:25:00,3700,48230,48190,48220,48200,48240,48200,48230,48210,48235,48195,48225,48205
2025-09-10 04:30:00,3800,48230,48200,48200,48210,48240,48210,48220,48230,48235,48205,48210,48220
2025-09-10 04:35:00,2500,48230,48210,48210,48230,48250,48220,48230,48240,48240,48215,48220,48235
2025-09-10 04:40:00,2000,48240,48230,48230,48230,48250,48240,48240,48240,48245,48235,48235,48235
2025-09-10 04:45:00,1700,48230,48200,48230,48220,48240,48220,48240,48230,48235,48210,48235,48225
2025-09-10 04:50:00,2000,48230,48190,48220,48200,48240,48210,48230,48210,48235,48200,48225,48205
2025-09-10 04:55:00,4100,48270,48200,48200,48260,48280,48210,48210,48270,48275,48205,48205,48265
2025-09-10 05:00:00,2800,48260,48230,48260,48230,48270,48240,48270,48240,48265,48235,48265,48235
2025-09-10 05:05:00,6200,48230,48150,48230,48190,48250,48170,48240,48200,48240,48160,48235,48195
2025-09-10 05:10:00,5600,48190,48120,48190,48150,48200,48140,48200,48160,48195,48130,48195,48155
2025-09-10 05:15:00,2500,48180,48150,48150,48170,48190,48160,48160,48190,48185,48155,48155,48180
2025-09-10 05:20:00,2600,48190,48150,48170,48190,48210,48160,48190,48210,48200,48155,48180,48200
2025-09-10 05:25:00,3700,48200,48170,48190,48190,48220,48180,48210,48210,48210,48175,48200,48200
2025-09-10 05:30:00,10300,48250,48190,48190,48190,48260,48200,48210,48200,48255,48195,48200,48195
2025-09-10 05:35:00,2200,48200,48160,48190,48200,48210,48170,48200,48210,48205,48165,48195,48205
2025-09-10 05:40:00,4700,48240,48200,48200,48210,48260,48210,48210,48230,48250,48205,48205,48220
2025-09-10 05:45:00,1500,48240,48210,48210,48220,48250,48220,48230,48230,48245,48215,48220,48225
2025-09-10 05:50:00,2600,48240,48170,48220,48180,48250,48180,48230,48200,48245,48175,48225,48190
2025-09-10 05:55:00,3500,48190,48130,48180,48160,48200,48150,48200,48180,48195,48140,48190,48170
2025-09-10 06:00:00,1900,48160,48130,48160,48130,48180,48140,48180,48140,48170,48135,48170,48135
2025-09-10 06:05:00,5100,48170,48120,48130,48170,48180,48130,48140,48180,48175,48125,48135,48175
2025-09-10 06:10:00,4100,48180,48150,48170,48150,48190,48160,48180,48170,48185,48155,48175,48160
2025-09-10 06:15:00,4000,48160,48130,48150,48150,48170,48140,48170,48170,48165,48135,48160,48160
2025-09-10 06:20:00,15600,48270,48150,48150,48270,48280,48160,48170,48280,48275,48155,48160,48275
2025-09-10 06:25:00,,48290,46480,46790,48280,48300,46490,46800,48290,48295,46485,46795,48285
2025-09-10 06:30:00,409700,48270,48270,48270,48270,48290,48290,48290,48290,48280,48280,48280,48280
2025-09-11 00:00:00,99900,47920,47530,47780,47530,47950,47570,47790,47570,47930,47550,47785,47550
2025-09-11 00:05:00,37900,47680,47500,47530,47510,47700,47510,47570,47530,47690,47505,47550,47520
2025-09-11 00:10:00,18300,47560,47500,47510,47540,47580,47510,47530,47570,47570,47505,47520,47555
2025-09-11 00:15:00,22700,47640,47540,47540,47580,47650,47560,47560,47600,47645,47550,47550,47590
2025-09-11 00:20:00,17100,47600,47510,47580,47510,47610,47520,47600,47530,47605,47515,47590,47520
2025-09-11 00:25:00,36000,47540,47450,47510,47460,47550,47470,47530,47470,47545,47460,47520,47465
2025-09-11 00:30:00,17300,47510,47430,47460,47460,47520,47440,47470,47480,47515,47435,47465,47470
2025-09-11 00:35:00,19300,47630,47460,47460,47620,47640,47480,47480,47640,47635,47470,47470,47630
2025-09-11 00:40:00,9400,47620,47550,47620,47580,47640,47560,47640,47590,47630,47555,47630,47585
2025-09-11 00:45:00,7700,47630,47570,47580,47620,47640,47580,47590,47630,47635,47575,47585,47625
2025-09-11 00:50:00,9700,47660,47590,47620,47610,47670,47600,47630,47630,47665,47595,47625,47620
2025-09-11 00:55:00,18600,47750,47610,47610,47740,47760,47630,47630,47750,47755,47620,47620,47745
2025-09-11 01:00:00,18300,47860,47700,47740,47860,47870,47710,47750,47870,47865,47705,47745,47865
2025-09-11 01:05:00,20200,47930,47810,47860,47870,47940,47830,47870,47890,47935,47820,47865,47880
2025-09-11 01:10:00,13300,47920,47790,47870,47880,47930,47800,47890,47890,47925,47795,47880,47885
2025-09-11 01:15:00,12700,47880,47750,47880,47780,47900,47770,47890,47800,47890,47765,47885,47790
2025-09-11 01:20:00,9100,47820,47700,47780,47710,47850,47710,47800,47730,47835,47705,47790,47720
2025-09-11 01:25:00,10100,47730,47660,47710,47660,47750,47670,47730,47680,47740,47665,47720,47670
2025-09-11 01:30:00,5900,47700,47650,47660,47670,47720,47660,47680,47680,47710,47655,47670,47675
2025-09-11 01:35:00,6800,47740,47660,47670,47720,47750,47670,47680,47740,47745,47665,47675,47730
2025-09-11 01:40:00,7600,47780,47720,47720,47730,47800,47730,47740,47750,47790,47725,47730,47740
2025-09-11 01:45:00,2600,47750,47720,47730,47750,47770,47740,47750,47760,47760,47730,47740,47755
2025-09-11 01:50:00,5400,47760,47720,47750,47750,47780,47730,47760,47760,47770,47725,47755,47755
2025-09-11 01:55:00,4400,47760,47730,47750,47730,47780,47740,47760,47740,47770,47735,47755,47735
2025-09-11 02:00:00,7700,47750,47690,47730,47690,47770,47700,47740,47700,47760,47695,47735,47695
2025-09-11 02:05:00,3500,47720,47680,47690,47710,47740,47690,47700,47730,47730,47685,47695,47720
2025-09-11 02:10:00,7300,47740,47670,47710,47730,47750,47680,47730,47750,47745,47675,47720,47740
2025-09-11 02:15:00,5000,47780,47710,47730,47720,47790,47730,47750,47740,47785,47720,47740,47730
2025-09-11 02:20:00,7400,47760,47670,47720,47670,47780,47680,47740,47690,47770,47675,47730,47680
2025-09-11 02:25:00,4900,47740,47670,47670,47700,47760,47690,47690,47730,47750,47680,47680,47715
2025-09-11 02:30:00,5700,47680,47680,47680,47680,47730,47730,47730,47730,47705,47705,47705,47705
2025-09-11 03:30:00,20900,47770,47680,47680,47760,47790,47690,47690,47780,47780,47685,47685,47770
2025-09-11 03:35:00,10700,47820,47730,47760,47730,47830,47740,47780,47740,47825,47735,47770,47735
2025-09-11 03:40:00,8400,47810,47720,47730,47800,47830,47730,47740,47810,47820,47725,47735,47805
2025-09-11 03:45:00,17200,47870,47800,47800,47830,47880,47810,47810,47850,47875,47805,47805,47840
2025-09-11 03:50:00,5400,47840,47770,47830,47770,47850,47780,47850,47780,47845,47775,47840,47775
2025-09-11 03:55:00,4900,47770,47690,47770,47700,47790,47710,47780,47710,47780,47700,47775,47705
2025-09-11 04:00:00,5700,47710,47670,47700,47680,47720,47680,47710,47690,47715,47675,47705,47685
2025-09-11 04:05:00,7300,47700,47670,47680,47690,47710,47680,47690,47710,47705,47675,47685,47700
2025-09-11 04:10:00,7100,47760,47680,47690,47760,47780,47690,47710,47770,47770,47685,47700,47765
2025-09-11 04:15:00,3700,47760,47700,47760,47700,47770,47710,47770,47710,47765,47705,47765,47705
2025-09-11 04:20:00,16300,47710,47620,47700,47630,47720,47630,47710,47650,47715,47625,47705,47640
2025-09-11 04:25:00,11000,47630,47580,47630,47600,47650,47590,47650,47620,47640,47585,47640,47610
2025-09-11 04:30:00,8300,47610,47570,47600,47590,47630,47590,47620,47610,47620,47580,47610,47600
2025-09-11 04:35:00,6500,47610,47570,47590,47580,47630,47580,47610,47600,47620,47575,47600,47590
2025-09-11 04:40:00,11100,47590,47510,47580,47530,47600,47520,47600,47550,47595,47515,47590,47540
2025-09-11 04:45:00,4200,47560,47520,47530,47520,47570,47530,47550,47540,47565,47525,47540,47530
2025-09-11 04:50:00,13500,47550,47500,47520,47520,47560,47520,47540,47530,47555,47510,47530,47525
2025-09-11 04:55:00,5000,47540,47510,47520,47510,47550,47520,47530,47530,47545,47515,47525,47520
2025-09-11 05:00:00,4700,47540,47500,47510,47500,47550,47510,47530,47520,47545,47505,47520,47510
2025-09-11 05:05:00,3500,47570,47500,47500,47550,47580,47520,47520,47570,47575,47510,47510,47560
2025-09-11 05:10:00,19600,47620,47500,47550,47560,47630,47510,47570,47580,47625,47505,47560,47570
2025-09-11 05:15:00,30600,47610,47460,47560,47580,47630,47470,47580,47600,47620,47465,47570,47590
2025-09-11 05:20:00,8500,47630,47520,47580,47630,47640,47530,47600,47640,47635,47525,47590,47635
2025-09-11 05:25:00,4400,47640,47610,47630,47620,47650,47620,47640,47640,47645,47615,47635,47630
2025-09-11 05:30:00,10700,47730,47610,47620,47720,47740,47620,47640,47740,47735,47615,47630,47730
2025-09-11 05:35:00,8800,47740,47690,47720,47720,47750,47700,47740,47730,47745,47695,47730,47725
2025-09-11 05:40:00,4500,47740,47700,47720,47730,47750,47720,47730,47750,47745,47710,47725,47740
2025-09-11 05:45:00,7000,47760,47710,47730,47740,47770,47730,47750,47760,47765,47720,47740,47750
2025-09-11 05:50:00,10100,47780,47730,47740,47780,47790,47740,47750,47790,47785,47735,47745,47785
2025-09-11 05:55:00,6800,47780,47730,47780,47780,47790,47740,47790,47790,47785,47735,47785,47785
2025-09-11 06:00:00,12900,47810,47760,47780,47790,47820,47770,47790,47800,47815,47765,47785,47795
2025-09-11 06:05:00,21100,47900,47790,47790,47890,47920,47800,47800,47920,47910,47795,47795,47905
2025-09-11 06:10:00,7600,47910,47880,47890,47890,47920,47900,47920,47900,47915,47890,47905,47895
2025-09-11 06:15:00,11200,47900,47860,47890,47890,47920,47870,47900,47910,47910,47865,47895,47900
2025-09-11 06:20:00,12000,47940,47890,47890,47920,47950,47910,47910,47940,47945,47900,47900,47930
2025-09-11 06:25:00,,48150,47400,47560,47940,48160,47410,47570,47950,48155,47405,47565,47945
2025-09-11 06:30:00,205100,47940,47940,47940,47940,47960,47960,47960,47960,47950,47950,47950,47950
2025-09-12 00:00:00,765000,49990,48650,49490,48690,50000,48650,49500,48720,49995,48650,49495,48705
2025-09-12 00:05:00,43000,48820,48450,48690,48470,48850,48460,48720,48490,48835,48455,48705,48480
2025-09-12 00:10:00,26800,48580,48400,48470,48560,48600,48420,48490,48570,48590,48410,48480,48565
2025-09-12 00:15:00,36200,48780,48520,48560,48760,48800,48540,48570,48780,48790,48530,48565,48770
2025-09-12 00:20:00,23700,48870,48690,48760,48850,48880,48710,48780,48870,48875,48700,48770,48860
2025-09-12 00:25:00,24200,48970,48800,48850,48860,48980,48810,48870,48880,48975,48805,48860,48870
2025-09-12 00:30:00,22000,48930,48740,48860,48900,48940,48750,48880,48920,48935,48745,48870,48910
2025-09-12 00:35:00,29400,48960,48740,48900,48820,48970,48750,48920,48840,48965,48745,48910,48830
2025-09-12 00:40:00,13900,48830,48650,48820,48700,48850,48670,48840,48720,48840,48660,48830,48710
2025-09-12 00:45:00,12300,48700,48510,48700,48530,48730,48530,48730,48550,48715,48520,48715,48540
2025-09-12 00:50:00,8300,48620,48500,48530,48530,48640,48510,48550,48540,48630,48505,48540,48535
2025-09-12 00:55:00,6700,48620,48500,48530,48500,48630,48510,48550,48520,48625,48505,48540,48510
2025-09-12 01:00:00,16700,48510,48320,48500,48340,48530,48340,48520,48350,48520,48335,48510,48345
2025-09-12 01:05:00,7200,48480,48320,48340,48460,48490,48340,48350,48470,48485,48330,48345,48465
2025-09-12 01:10:00,8200,48510,48430,48460,48470,48530,48450,48470,48490,48520,48440,48465,48480
2025-09-12 01:15:00,7400,48510,48450,48470,48490,48520,48460,48490,48510,48515,48455,48480,48500
2025-09-12 01:20:00,6600,48530,48490,48490,48520,48540,48500,48510,48540,48535,48495,48500,48530
2025-09-12 01:25:00,13400,48550,48470,48520,48550,48560,48490,48540,48560,48555,48480,48530,48555
2025-09-12 01:30:00,12000,48600,48440,48550,48570,48620,48460,48560,48590,48610,48450,48555,48580
2025-09-12 01:35:00,3400,48590,48500,48570,48570,48600,48530,48590,48580,48595,48515,48580,48575
2025-09-12 01:40:00,11600,48720,48550,48570,48720,48740,48570,48580,48730,48730,48560,48575,48725
2025-09-12 01:45:00,4100,48740,48690,48720,48730,48750,48700,48730,48750,48745,48695,48725,48740
2025-09-12 01:50:00,4200,48740,48650,48730,48650,48750,48660,48750,48660,48745,48655,48740,48655
2025-09-12 01:55:00,4700,48660,48620,48650,48650,48670,48630,48660,48660,48665,48625,48655,48655
2025-09-12 02:00:00,6700,48660,48570,48650,48610,48670,48580,48660,48620,48665,48575,48655,48615
2025-09-12 02:05:00,13100,48610,48420,48610,48460,48620,48430,48620,48470,48615,48425,48615,48465
2025-09-12 02:10:00,5600,48530,48440,48460,48500,48550,48460,48470,48530,48540,48450,48465,48515
2025-09-12 02:15:00,16600,48520,48400,48500,48500,48540,48410,48530,48520,48530,48405,48515,48510
2025-09-12 02:20:00,6200,48520,48440,48500,48500,48530,48450,48520,48520,48525,48445,48510,48510
2025-09-12 02:25:00,6100,48520,48420,48500,48450,48530,48430,48520,48460,48525,48425,48510,48455
2025-09-12 02:30:00,3300,48450,48450,48450,48450,48470,48470,48470,48470,48460,48460,48460,48460
2025-09-12 03:30:00,22300,48600,48450,48470,48560,48620,48480,48500,48580,48610,48470,48485,48570
2025-09-12 03:35:00,13400,48570,48430,48560,48430,48590,48450,48580,48450,48580,48440,48570,48440
2025-09-12 03:40:00,3900,48490,48420,48430,48470,48500,48430,48450,48480,48495,48425,48440,48475
2025-09-12 03:45:00,7000,48510,48460,48470,48470,48520,48470,48480,48490,48515,48465,48475,48480
2025-09-12 03:50:00,6200,48510,48450,48470,48450,48520,48460,48490,48470,48515,48455,48480,48460
2025-09-12 03:55:00,6000,48480,48430,48450,48470,48490,48440,48470,48490,48485,48435,48460,48480
2025-09-12 04:00:00,6900,48490,48430,48470,48440,48510,48440,48490,48450,48500,48435,48480,48445
2025-09-12 04:05:00,11200,48560,48440,48440,48530,48570,48450,48450,48550,48565,48445,48445,48540
2025-09-12 04:10:00,8500,48530,48470,48530,48520,48550,48490,48550,48540,48540,48480,48540,48530
2025-09-12 04:15:00,3200,48530,48480,48520,48510,48550,48500,48540,48520,48540,48490,48530,48515
2025-09-12 04:20:00,8200,48570,48500,48510,48560,48580,48510,48520,48580,48575,48505,48515,48570
2025-09-12 04:25:00,6300,48570,48510,48560,48570,48580,48530,48580,48580,48575,48520,48570,48575
2025-09-12 04:30:00,3900,48580,48550,48570,48580,48590,48570,48580,48590,48585,48560,48575,48585
2025-09-12 04:35:00,9400,48630,48570,48580,48630,48640,48580,48590,48640,48635,48575,48585,48635
2025-09-12 04:40:00,7300,48660,48620,48630,48650,48670,48630,48640,48660,48665,48625,48635,48655
2025-09-12 04:45:00,3300,48650,48610,48650,48610,48660,48620,48660,48620,48655,48615,48655,48615
2025-09-12 04:50:00,3900,48610,48590,48610,48600,48620,48600,48620,48620,48615,48595,48615,48610
2025-09-12 04:55:00,6300,48610,48510,48600,48520,48630,48520,48620,48530,48620,48515,48610,48525
2025-09-12 05:00:00,5400,48560,48500,48520,48560,48580,48510,48530,48580,48570,48505,48525,48570
2025-09-12 05:05:00,2800,48590,48560,48560,48590,48600,48570,48580,48600,48595,48565,48570,48595
2025-09-12 05:10:00,4100,48590,48520,48590,48520,48600,48530,48600,48530,48595,48525,48595,48525
2025-09-12 05:15:00,4200,48520,48500,48520,48500,48530,48510,48530,48510,48525,48505,48525,48505
2025-09-12 05:20:00,6900,48530,48500,48500,48520,48550,48510,48510,48530,48540,48505,48505,48525
2025-09-12 05:25:00,3800,48520,48490,48520,48500,48540,48500,48530,48520,48530,48495,48525,48510
2025-09-12 05:30:00,4700,48530,48500,48500,48520,48540,48520,48520,48530,48535,48510,48510,48525
2025-09-12 05:35:00,3900,48520,48490,48520,48520,48530,48500,48530,48530,48525,48495,48525,48525
2025-09-12 05:40:00,5000,48530,48460,48520,48460,48540,48470,48530,48470,48535,48465,48525,48465
2025-09-12 05:45:00,5600,48490,48460,48460,48490,48500,48470,48470,48500,48495,48465,48465,48495
2025-09-12 05:50:00,4300,48490,48460,48490,48470,48510,48470,48500,48490,48500,48465,48495,48480
2025-09-12 05:55:00,5100,48500,48460,48470,48500,48510,48470,48490,48510,48505,48465,48480,48505
2025-09-12 06:00:00,5400,48530,48480,48500,48480,48540,48490,48510,48510,48535,48485,48505,48495
2025-09-12 06:05:00,8700,48500,48410,48480,48420,48520,48430,48510,48430,48510,48420,48495,48425
2025-09-12 06:10:00,11800,48420,48390,48420,48390,48440,48400,48430,48410,48430,48395,48425,48400
2025-09-12 06:15:00,5600,48430,48390,48390,48430,48450,48410,48410,48450,48440,48400,48400,48440
2025-09-12 06:20:00,18000,48440,48360,48430,48410,48450,48370,48450,48430,48445,48365,48440,48420
2025-09-12 06:25:00,,48320,41500,47150,48320,48330,41500,47150,48330,48325,41500,47150,48325
2025-09-12 06:30:00,269800,48310,48310,48310,48310,48340,48340,48340,48340,48325,48325,48325,48325
2025-09-16 00:00:00,89000,48090,47600,48010,47650,48120,47610,48010,47670,48100,47605,48010,47660
2025-09-16 00:05:00,32400,47710,47580,47650,47640,47720,47600,47670,47650,47715,47590,47660,47645
2025-09-16 00:10:00,26700,47720,47540,47640,47700,47730,47560,47650,47720,47725,47550,47645,47710
2025-09-16 00:15:00,45200,47700,47480,47700,47560,47720,47490,47720,47580,47710,47485,47710,47570
2025-09-16 00:20:00,25400,47570,47420,47560,47440,47580,47430,47580,47450,47575,47425,47570,47445
2025-09-16 00:25:00,15700,47570,47430,47440,47550,47580,47450,47450,47560,47575,47440,47445,47555
2025-09-16 00:30:00,12300,47550,47420,47550,47470,47570,47430,47560,47490,47560,47425,47555,47480
2025-09-16 00:35:00,12000,47580,47470,47470,47560,47590,47490,47490,47570,47585,47480,47480,47565
2025-09-16 00:40:00,10800,47560,47470,47560,47490,47570,47480,47570,47500,47565,47475,47565,47495
2025-09-16 00:45:00,9900,47490,47450,47490,47470,47510,47460,47510,47480,47500,47455,47500,47475
2025-09-16 00:50:00,17400,47480,47410,47470,47410,47490,47420,47480,47430,47485,47415,47475,47420
2025-09-16 00:55:00,36400,47430,47340,47410,47340,47440,47350,47430,47360,47435,47345,47420,47350
2025-09-16 01:00:00,15400,47430,47330,47340,47430,47460,47340,47360,47450,47445,47335,47350,47440
2025-09-16 01:05:00,7800,47480,47420,47430,47480,47490,47440,47450,47490,47485,47435,47440,47485
2025-09-16 01:10:00,7600,47500,47460,47480,47500,47510,47480,47490,47510,47505,47470,47485,47505
2025-09-16 01:15:00,10900,47560,47490,47500,47520,47570,47510,47510,47530,47565,47500,47505,47525
2025-09-16 01:20:00,4700,47550,47500,47520,47540,47560,47520,47530,47550,47555,47510,47525,47545
2025-09-16 01:25:00,10400,47560,47430,47540,47440,47570,47460,47550,47460,47565,47445,47545,47450
2025-09-16 01:30:00,9300,47520,47430,47440,47500,47530,47440,47460,47520,47525,47435,47450,47510
2025-09-16 01:35:00,9100,47560,47490,47500,47540,47570,47500,47520,47560,47565,47495,47510,47550
2025-09-16 01:40:00,9800,47580,47500,47540,47560,47590,47520,47560,47580,47585,47510,47550,47570
2025-09-16 01:45:00,8500,47560,47460,47560,47480,47580,47480,47580,47500,47570,47470,47570,47490
2025-09-16 01:50:00,7600,47580,47480,47480,47550,47590,47500,47500,47560,47585,47490,47490,47555
2025-09-16 01:55:00,13100,47630,47550,47550,47600,47640,47560,47560,47620,47635,47555,47555,47610
2025-09-16 02:00:00,10100,47670,47550,47600,47630,47680,47570,47620,47640,47675,47560,47610,47635
2025-09-16 02:05:00,6000,47680,47630,47630,47680,47690,47640,47640,47690,47685,47635,47635,47685
2025-09-16 02:10:00,7900,47720,47670,47680,47720,47730,47680,47690,47730,47725,47675,47685,47725
2025-09-16 02:15:00,6400,47720,47680,47720,47690,47730,47700,47730,47700,47725,47690,47725,47695
2025-09-16 02:20:00,5100,47710,47660,47690,47660,47720,47670,47700,47670,47715,47665,47695,47665
2025-09-16 02:25:00,7100,47710,47630,47660,47710,47720,47640,47670,47720,47715,47635,47665,47715
2025-09-16 02:30:00,3800,47710,47710,47710,47710,47720,47720,47720,47720,47715,47715,47715,47715
2025-09-16 03:30:00,53300,47950,47740,47740,47930,47960,47750,47750,47940,47955,47745,47745,47935
2025-09-16 03:35:00,12400,47940,47830,47930,47870,47950,47840,47940,47880,47945,47835,47935,47875
2025-09-16 03:40:00,8300,47880,47800,47870,47820,47890,47820,47880,47830,47885,47815,47875,47825
2025-09-16 03:45:00,11300,47840,47740,47820,47800,47860,47760,47830,47810,47850,47750,47825,47805
2025-09-16 03:50:00,8000,47800,47720,47800,47730,47810,47730,47810,47750,47805,47725,47805,47740
2025-09-16 03:55:00,7100,47760,47700,47730,47730,47780,47710,47750,47750,47765,47705,47740,47740
2025-09-16 04:00:00,5100,47740,47700,47730,47700,47750,47710,47750,47720,47745,47705,47740,47710
2025-09-16 04:05:00,4900,47770,47700,47700,47740,47790,47710,47720,47760,47780,47705,47710,47750
2025-09-16 04:10:00,4900,47760,47690,47740,47700,47770,47700,47760,47710,47765,47695,47750,47705
2025-09-16 04:15:00,6300,47810,47700,47700,47810,47820,47710,47710,47820,47815,47705,47705,47815
2025-09-16 04:20:00,7000,47840,47800,47810,47810,47850,47810,47820,47830,47845,47805,47815,47820
2025-09-16 04:25:00,4100,47840,47800,47810,47830,47850,47810,47830,47840,47845,47805,47820,47835
2025-09-16 04:30:00,3700,47820,47770,47820,47800,47840,47780,47840,47810,47830,47775,47830,47805
2025-09-16 04:35:00,3000,47800,47750,47800,47760,47810,47760,47810,47770,47805,47755,47805,47765
2025-09-16 04:40:00,5400,47790,47750,47760,47760,47800,47770,47770,47770,47795,47760,47765,47765
2025-09-16 04:45:00,3300,47760,47720,47760,47730,47770,47730,47770,47740,47765,47725,47765,47735
2025-09-16 04:50:00,4700,47730,47700,47730,47710,47740,47710,47740,47720,47735,47705,47735,47715
2025-09-16 04:55:00,5800,47750,47710,47710,47730,47760,47720,47720,47740,47755,47715,47715,47735
2025-09-16 05:00:00,8000,47730,47660,47730,47700,47740,47670,47740,47710,47735,47665,47735,47705
2025-09-16 05:05:00,2700,47710,47680,47700,47680,47720,47690,47710,47690,47715,47685,47705,47685
2025-09-16 05:10:00,2900,47710,47680,47680,47700,47720,47690,47690,47710,47715,47685,47685,47705
2025-09-16 05:15:00,3500,47710,47690,47700,47690,47730,47700,47710,47710,47720,47695,47705,47700
2025-09-16 05:20:00,2900,47710,47690,47690,47700,47720,47700,47710,47710,47715,47695,47700,47705
2025-09-16 05:25:00,1900,47700,47690,47700,47700,47720,47700,47710,47710,47710,47695,47705,47705
2025-09-16 05:30:00,5300,47700,47650,47700,47660,47710,47660,47710,47670,47705,47655,47705,47665
2025-09-16 05:35:00,2100,47670,47650,47660,47660,47680,47660,47670,47670,47675,47655,47665,47665
2025-09-16 05:40:00,6600,47660,47610,47660,47640,47670,47630,47670,47650,47665,47620,47665,47645
2025-09-16 05:45:00,2600,47660,47630,47640,47650,47670,47640,47650,47670,47665,47635,47645,47660
2025-09-16 05:50:00,5400,47670,47630,47650,47660,47680,47650,47670,47670,47675,47640,47660,47665
2025-09-16 05:55:00,3800,47670,47630,47660,47660,47690,47640,47670,47680,47680,47635,47665,47670
2025-09-16 06:00:00,7500,47690,47610,47660,47610,47700,47620,47680,47630,47695,47615,47670,47620
2025-09-16 06:05:00,16200,47610,47500,47610,47500,47630,47510,47630,47510,47620,47505,47620,47505
2025-09-16 06:10:00,19400,47500,47440,47500,47440,47510,47450,47510,47450,47505,47445,47505,47445
2025-09-16 06:15:00,10600,47460,47420,47440,47440,47470,47430,47450,47450,47465,47425,47445,47445
2025-09-16 06:20:00,14300,47460,47400,47440,47410,47470,47410,47450,47430,47465,47405,47445,47420
2025-09-16 06:25:00,,47600,47300,47600,47360,47610,47310,47610,47370,47605,47305,47605,47365
2025-09-16 06:30:00,176000,47350,47350,47350,47350,47430,47430,47430,47430,47390,47390,47390,47390
2025-09-17 00:00:00,95000,47010,46800,46990,46960,47120,46820,47000,46980,47060,46810,46995,46970
2025-09-17 00:05:00,23800,47000,46870,46960,46890,47010,46890,46980,46910,47005,46880,46970,46900
2025-09-17 00:10:00,16700,46960,46860,46890,46940,46970,46870,46910,46960,46965,46865,46900,46950
2025-09-17 00:15:00,30100,46960,46830,46940,46850,46980,46840,46960,46860,46970,46835,46950,46855
2025-09-17 00:20:00,21700,46860,46810,46850,46810,46880,46830,46860,46830,46870,46820,46855,46820
2025-09-17 00:25:00,30100,46840,46760,46810,46790,46850,46770,46830,46820,46845,46765,46820,46805
2025-09-17 00:30:00,21300,46790,46740,46790,46750,46820,46750,46810,46760,46805,46745,46800,46755
2025-09-17 00:35:00,15500,46810,46720,46750,46790,46830,46740,46760,46810,46820,46730,46755,46800
2025-09-17 00:40:00,12500,46850,46790,46790,46830,46860,46810,46810,46850,46855,46800,46800,46840
2025-09-17 00:45:00,15000,46890,46780,46820,46880,46900,46800,46850,46900,46895,46795,46835,46890
2025-09-17 00:50:00,9400,46890,46830,46880,46870,46900,46850,46900,46880,46895,46840,46890,46875
2025-09-17 00:55:00,9200,46890,46850,46870,46850,46900,46860,46880,46870,46895,46855,46875,46860
2025-09-17 01:00:00,29100,46970,46850,46850,46910,46990,46870,46870,46920,46980,46860,46860,46915
2025-09-17 01:05:00,7500,46940,46880,46910,46920,46960,46900,46920,46940,46945,46890,46915,46930
2025-09-17 01:10:00,5300,46940,46900,46910,46910,46950,46910,46940,46930,46945,46905,46925,46920
2025-09-17 01:15:00,15600,47010,46910,46910,47010,47020,46930,46930,47020,47015,46920,46920,47015
2025-09-17 01:20:00,25400,47160,47000,47010,47160,47180,47020,47020,47180,47170,47010,47015,47170
2025-09-17 01:25:00,10700,47210,47140,47160,47190,47230,47160,47180,47210,47220,47150,47170,47200
2025-09-17 01:30:00,13900,47250,47190,47190,47220,47260,47200,47210,47250,47255,47195,47200,47235
2025-09-17 01:35:00,11800,47340,47210,47220,47340,47350,47230,47250,47350,47345,47220,47235,47345
2025-09-17 01:40:00,8900,47380,47310,47340,47330,47390,47320,47350,47350,47385,47315,47345,47340
2025-09-17 01:45:00,16100,47470,47330,47330,47440,47480,47340,47350,47460,47475,47335,47340,47450
2025-09-17 01:50:00,5700,47450,47390,47440,47400,47460,47400,47460,47410,47455,47395,47450,47405
2025-09-17 01:55:00,10000,47420,47320,47400,47350,47430,47330,47410,47360,47425,47325,47405,47355
2025-09-17 02:00:00,6400,47420,47340,47350,47390,47430,47350,47360,47400,47425,47345,47355,47395
2025-09-17 02:05:00,5100,47410,47380,47390,47410,47430,47390,47400,47420,47420,47385,47395,47415
2025-09-17 02:10:00,8600,47430,47360,47410,47420,47440,47370,47420,47430,47435,47365,47415,47425
2025-09-17 02:15:00,6300,47440,47360,47420,47380,47450,47380,47430,47390,47445,47370,47425,47385
2025-09-17 02:20:00,6200,47420,47370,47380,47400,47430,47380,47390,47420,47425,47375,47385,47410
2025-09-17 02:25:00,5000,47430,47390,47400,47390,47440,47410,47420,47420,47435,47400,47410,47405
2025-09-17 02:30:00,5100,47380,47380,47380,47380,47420,47420,47420,47420,47400,47400,47400,47400
2025-09-17 03:30:00,29700,47440,47350,47380,47420,47450,47370,47390,47440,47445,47360,47385,47430
2025-09-17 03:35:00,26700,47540,47420,47420,47470,47550,47440,47440,47480,47545,47430,47430,47475
2025-09-17 03:40:00,5500,47500,47450,47470,47490,47520,47460,47480,47500,47510,47455,47475,47495
2025-09-17 03:45:00,5000,47510,47480,47490,47490,47530,47490,47500,47510,47520,47485,47495,47500
2025-09-17 03:50:00,5200,47520,47490,47490,47500,47530,47500,47510,47520,47525,47495,47500,47510
2025-09-17 03:55:00,5600,47530,47500,47500,47510,47540,47510,47520,47530,47535,47505,47510,47520
2025-09-17 04:00:00,5200,47510,47480,47510,47510,47530,47490,47530,47520,47520,47485,47520,47515
2025-09-17 04:05:00,4900,47520,47480,47510,47510,47530,47500,47520,47530,47525,47490,47515,47520
2025-09-17 04:10:00,6100,47520,47470,47510,47480,47530,47480,47530,47510,47525,47475,47520,47495
2025-09-17 04:15:00,6600,47490,47420,47480,47470,47510,47440,47500,47490,47495,47430,47490,47480
2025-09-17 04:20:00,14600,47560,47470,47470,47530,47570,47480,47490,47550,47565,47475,47480,47540
2025-09-17 04:25:00,6300,47550,47450,47530,47450,47560,47460,47550,47460,47555,47455,47540,47455
2025-09-17 04:30:00,4900,47500,47450,47450,47460,47520,47460,47460,47470,47510,47455,47455,47465
2025-09-17 04:35:00,7700,47520,47450,47450,47500,47540,47460,47470,47520,47530,47455,47460,47510
2025-09-17 04:40:00,2200,47530,47500,47510,47500,47540,47510,47520,47510,47535,47505,47515,47505
2025-09-17 04:45:00,8400,47570,47500,47500,47560,47580,47510,47510,47580,47575,47505,47505,47570
2025-09-17 04:50:00,10100,47620,47560,47560,47610,47630,47570,47580,47620,47625,47565,47570,47615
2025-09-17 04:55:00,4400,47610,47560,47610,47580,47620,47570,47620,47600,47615,47565,47615,47590
2025-09-17 05:00:00,4200,47600,47570,47580,47580,47620,47580,47600,47590,47610,47575,47590,47585
2025-09-17 05:05:00,3000,47580,47560,47580,47570,47590,47570,47590,47580,47585,47565,47585,47575
2025-09-17 05:10:00,6700,47570,47520,47570,47540,47580,47540,47580,47560,47575,47530,47575,47550
2025-09-17 05:15:00,4200,47540,47500,47540,47510,47560,47510,47560,47530,47550,47505,47550,47520
2025-09-17 05:20:00,4800,47530,47460,47510,47460,47550,47480,47530,47480,47540,47470,47520,47470
2025-09-17 05:25:00,4800,47470,47440,47470,47450,47480,47450,47480,47460,47475,47445,47475,47455
2025-09-17 05:30:00,3800,47470,47440,47450,47470,47490,47450,47460,47480,47480,47445,47455,47475
2025-09-17 05:35:00,5800,47490,47450,47470,47480,47510,47470,47480,47500,47500,47460,47475,47490
2025-09-17 05:40:00,1900,47490,47450,47480,47470,47500,47470,47500,47490,47495,47460,47490,47480
2025-09-17 05:45:00,5300,47490,47450,47470,47480,47510,47460,47480,47500,47500,47455,47475,47490
2025-09-17 05:50:00,3600,47500,47470,47480,47490,47510,47480,47500,47500,47505,47475,47490,47495
2025-09-17 05:55:00,2200,47490,47460,47490,47460,47500,47470,47500,47470,47495,47465,47495,47465
2025-09-17 06:00:00,9000,47520,47460,47460,47510,47530,47470,47470,47520,47525,47465,47465,47515
2025-09-17 06:05:00,7000,47520,47460,47510,47480,47530,47470,47520,47490,47525,47465,47515,47485
2025-09-17 06:10:00,5300,47490,47460,47480,47470,47510,47480,47490,47480,47500,47475,47485,47475
2025-09-17 06:15:00,10700,47490,47450,47470,47480,47500,47460,47480,47500,47495,47455,47475,47490
2025-09-17 06:20:00,9200,47490,47450,47480,47470,47500,47470,47500,47480,47495,47460,47490,47475
2025-09-17 06:25:00,,47570,47400,47510,47570,47580,47410,47520,47580,47575,47405,47515,47575
2025-09-17 06:30:00,165600,47500,47500,47500,47500,47590,47590,47590,47590,47545,47545,47545,47545
2025-09-18 00:00:00,67000,47790,47450,47710,47520,47800,47460,47710,47550,47795,47455,47710,47535
2025-09-18 00:05:00,17600,47540,47380,47520,47450,47560,47400,47550,47480,47550,47390,47535,47465
2025-09-18 00:10:00,16100,47460,47350,47450,47400,47480,47360,47480,47420,47470,47355,47465,47410
2025-09-18 00:15:00,11000,47470,47370,47400,47430,47490,47380,47420,47460,47480,47375,47410,47445
2025-09-18 00:20:00,13300,47450,47360,47430,47370,47470,47370,47460,47390,47460,47365,47445,47380
2025-09-18 00:25:00,12100,47500,47350,47380,47480,47510,47360,47390,47500,47505,47355,47385,47490
2025-09-18 00:30:00,11800,47580,47460,47480,47570,47590,47480,47500,47580,47585,47470,47490,47575
2025-09-18 00:35:00,9200,47600,47480,47570,47580,47620,47500,47580,47590,47610,47490,47575,47585
2025-09-18 00:40:00,6900,47650,47580,47580,47620,47670,47590,47590,47640,47660,47585,47585,47630
2025-09-18 00:45:00,8100,47620,47500,47620,47520,47640,47510,47640,47530,47630,47505,47630,47525
2025-09-18 00:50:00,9900,47530,47400,47520,47440,47540,47420,47530,47460,47535,47410,47525,47450
2025-09-18 00:55:00,4500,47510,47430,47440,47500,47520,47450,47460,47510,47515,47440,47450,47505
2025-09-18 01:00:00,10500,47630,47490,47500,47580,47640,47510,47510,47590,47635,47500,47505,47585
2025-09-18 01:05:00,6700,47630,47570,47580,47620,47640,47580,47590,47640,47635,47575,47585,47630
2025-09-18 01:10:00,4200,47630,47590,47620,47620,47640,47610,47640,47640,47635,47600,47630,47630
2025-09-18 01:15:00,15400,47760,47610,47620,47750,47770,47630,47640,47760,47765,47620,47630,47755
2025-09-18 01:20:00,13600,47760,47700,47750,47740,47770,47710,47760,47750,47765,47705,47755,47745
2025-09-18 01:25:00,7200,47760,47710,47740,47740,47770,47730,47750,47750,47765,47720,47745,47745
2025-09-18 01:30:00,5000,47770,47710,47740,47720,47780,47720,47750,47730,47775,47715,47745,47725
2025-09-18 01:35:00,11100,47730,47660,47720,47690,47740,47670,47730,47710,47735,47665,47725,47700
2025-09-18 01:40:00,3200,47710,47680,47690,47700,47720,47690,47700,47720,47715,47685,47695,47710
2025-09-18 01:45:00,9500,47730,47660,47700,47660,47750,47670,47720,47670,47740,47665,47710,47665
2025-09-18 01:50:00,3000,47680,47630,47660,47650,47690,47640,47670,47660,47685,47635,47665,47655
2025-09-18 01:55:00,4300,47710,47640,47650,47700,47720,47650,47660,47710,47715,47645,47655,47705
2025-09-18 02:00:00,5600,47740,47690,47700,47730,47750,47700,47710,47750,47745,47695,47705,47740
2025-09-18 02:05:00,5500,47740,47680,47730,47730,47750,47700,47750,47740,47745,47690,47740,47735
2025-09-18 02:10:00,8000,47760,47690,47730,47750,47770,47720,47740,47760,47765,47710,47735,47755
2025-09-18 02:15:00,3800,47760,47690,47740,47730,47770,47710,47760,47740,47765,47700,47750,47735
2025-09-18 02:20:00,2500,47750,47700,47720,47730,47770,47720,47740,47750,47760,47710,47730,47740
2025-09-18 02:25:00,6800,47770,47730,47730,47750,47780,47740,47750,47770,47775,47735,47740,47760
2025-09-18 02:30:00,8600,47750,47750,47750,47750,47770,47770,47770,47770,47760,47760,47760,47760
2025-09-18 03:30:00,40300,47880,47750,47790,47880,47890,47770,47800,47890,47885,47765,47795,47885
2025-09-18 03:35:00,13700,47910,47830,47880,47900,47920,47840,47890,47920,47915,47835,47885,47910
2025-09-18 03:40:00,8500,47900,47830,47900,47840,47920,47850,47920,47860,47910,47840,47910,47850
2025-09-18 03:45:00,8100,47910,47810,47840,47910,47920,47820,47860,47920,47915,47815,47850,47915
2025-09-18 03:50:00,9800,47950,47890,47910,47950,47970,47900,47920,47960,47960,47895,47915,47955
2025-09-18 03:55:00,6500,47960,47910,47950,47940,47970,47930,47960,47960,47965,47920,47955,47950
2025-09-18 04:00:00,18300,48040,47920,47940,48030,48050,47940,47960,48050,48045,47930,47950,48040
2025-09-18 04:05:00,9200,48070,48020,48030,48050,48080,48030,48050,48060,48075,48025,48040,48055
2025-09-18 04:10:00,11700,48120,48050,48050,48120,48130,48060,48060,48130,48125,48055,48055,48125
2025-09-18 04:15:00,6000,48130,48050,48120,48050,48140,48070,48130,48070,48135,48060,48125,48060
2025-09-18 04:20:00,7700,48060,47980,48050,47990,48070,47990,48070,48000,48065,47985,48060,47995
2025-09-18 04:25:00,3500,48000,47980,47990,47980,48020,47990,48000,48000,48010,47985,47995,47990
2025-09-18 04:30:00,6400,48000,47950,47980,47950,48020,47960,48000,47960,48005,47955,47990,47955
2025-09-18 04:35:00,6200,47950,47890,47950,47930,47960,47910,47960,47940,47955,47900,47955,47935
2025-09-18 04:40:00,4500,47960,47910,47930,47940,47970,47920,47940,47970,47965,47915,47935,47955
2025-09-18 04:45:00,3500,47960,47890,47940,47890,47970,47900,47970,47900,47965,47895,47955,47895
2025-09-18 04:50:00,6900,47910,47860,47890,47910,47920,47870,47900,47920,47915,47865,47895,47915
2025-09-18 04:55:00,6500,47970,47900,47910,47950,47980,47910,47930,47960,47975,47905,47920,47955
2025-09-18 05:00:00,7400,48030,47930,47950,48030,48050,47940,47960,48050,48040,47935,47955,48040
2025-09-18 05:05:00,5800,48040,48000,48030,48000,48050,48010,48050,48010,48045,48005,48040,48005
2025-09-18 05:10:00,5600,48030,47990,48000,47990,48040,48000,48010,48010,48035,47995,48005,48000
2025-09-18 05:15:00,2900,48010,47970,47990,47980,48020,47980,48010,48000,48015,47975,48000,47990
2025-09-18 05:20:00,4000,47990,47950,47970,47960,48010,47960,48000,47980,48000,47955,47985,47970
2025-09-18 05:25:00,5000,47980,47910,47960,47950,47990,47930,47980,47970,47985,47920,47970,47960
2025-09-18 05:30:00,5500,47990,47940,47950,47990,48000,47960,47970,48000,47995,47950,47960,47995
2025-09-18 05:35:00,6600,48020,47960,47990,48020,48030,47980,48000,48030,48025,47970,47995,48025
2025-09-18 05:40:00,3900,48030,47970,48020,47970,48040,47980,48030,47980,48035,47975,48025,47975
2025-09-18 05:45:00,4600,47980,47930,47970,47950,48000,47940,47980,47960,47990,47935,47975,47955
2025-09-18 05:50:00,3500,47990,47950,47950,47960,48000,47970,47970,47970,47995,47960,47960,47965
2025-09-18 05:55:00,3800,47990,47940,47960,47940,48000,47960,47970,47960,47995,47950,47965,47950
2025-09-18 06:00:00,6200,48010,47950,47950,47970,48020,47960,47960,47980,48015,47955,47955,47975
2025-09-18 06:05:00,7500,47970,47870,47970,47890,47990,47890,47980,47910,47980,47880,47975,47900
2025-09-18 06:10:00,5000,47920,47860,47890,47910,47940,47880,47910,47920,47930,47870,47900,47915
2025-09-18 06:15:00,17000,47980,47860,47910,47960,48000,47880,47920,47970,47990,47870,47915,47965
2025-09-18 06:20:00,10800,47990,47930,47960,47970,48000,47940,47970,47990,47995,47935,47965,47980
2025-09-18 06:25:00,,47870,47330,47460,47870,47880,47330,47460,47880,47875,47330,47460,47875
2025-09-18 06:30:00,134600,47870,47870,47870,47870,47970,47970,47970,47970,47920,47920,47920,47920
2025-09-19 00:00:00,94600,48490,47980,48190,48290,48500,48000,48200,48310,48495,47990,48195,48300
2025-09-19 00:05:00,30400,48380,48120,48290,48220,48390,48130,48310,48250,48385,48125,48300,48235
2025-09-19 00:10:00,16400,48290,48120,48220,48200,48310,48150,48240,48220,48300,48135,48230,48210
2025-09-19 00:15:00,18900,48220,47970,48200,48090,48230,47990,48220,48100,48225,47980,48210,48095
2025-09-19 00:20:00,12900,48100,47940,48090,47950,48110,47950,48100,47970,48105,47945,48095,47960
2025-09-19 00:25:00,10200,48050,47950,47950,47970,48080,47970,47970,47990,48065,47960,47960,47980
2025-09-19 00:30:00,9200,48040,47930,47970,47980,48060,47950,47990,48000,48050,47940,47980,47990
2025-09-19 00:35:00,13800,47990,47800,47990,47830,48000,47820,48000,47840,47995,47810,47995,47835
2025-09-19 00:40:00,7900,47850,47780,47830,47800,47860,47800,47840,47810,47855,47795,47835,47805
2025-09-19 00:45:00,9400,47800,47730,47800,47780,47810,47750,47810,47800,47805,47740,47805,47790
2025-09-19 00:50:00,6700,47840,47750,47780,47820,47850,47760,47800,47830,47845,47755,47790,47825
2025-09-19 00:55:00,7700,47840,47790,47820,47810,47860,47800,47830,47820,47850,47795,47825,47815
2025-09-19 01:00:00,6400,47890,47810,47810,47870,47900,47820,47820,47890,47895,47815,47815,47880
2025-09-19 01:05:00,4500,47910,47850,47870,47870,47920,47860,47890,47890,47915,47855,47880,47880
2025-09-19 01:10:00,10300,47950,47850,47870,47930,47960,47870,47890,47950,47955,47860,47880,47940
2025-09-19 01:15:00,8700,47940,47810,47930,47840,47960,47820,47950,47860,47950,47815,47940,47850
2025-09-19 01:20:00,2800,47860,47820,47850,47850,47870,47830,47860,47860,47865,47825,47855,47855
2025-09-19 01:25:00,6500,47880,47810,47850,47830,47900,47830,47860,47850,47890,47820,47855,47840
2025-09-19 01:30:00,3800,47870,47800,47830,47820,47880,47810,47850,47840,47875,47805,47840,47830
2025-09-19 01:35:00,13900,47830,47690,47820,47690,47840,47700,47840,47710,47835,47695,47830,47700
2025-09-19 01:40:00,5700,47750,47650,47690,47740,47770,47660,47710,47760,47760,47655,47700,47750
2025-09-19 01:45:00,2900,47750,47700,47740,47720,47770,47710,47760,47730,47760,47705,47750,47725
2025-09-19 01:50:00,3200,47740,47700,47720,47700,47750,47710,47730,47710,47745,47705,47725,47705
2025-09-19 01:55:00,9400,47730,47620,47700,47650,47740,47630,47710,47670,47735,47625,47705,47660
2025-09-19 02:00:00,4600,47660,47620,47650,47620,47670,47630,47670,47630,47665,47625,47660,47625
2025-09-19 02:05:00,3500,47620,47600,47620,47610,47640,47610,47630,47630,47630,47605,47625,47620
2025-09-19 02:10:00,5600,47670,47610,47610,47630,47680,47630,47640,47650,47675,47625,47625,47640
2025-09-19 02:15:00,5500,47660,47610,47630,47610,47670,47620,47650,47620,47665,47615,47640,47615
2025-09-19 02:20:00,6500,47610,47580,47610,47610,47630,47600,47620,47630,47620,47590,47615,47620
2025-09-19 02:25:00,5900,47620,47580,47610,47590,47630,47600,47630,47610,47625,47590,47620,47600
2025-09-19 02:30:00,1900,47590,47590,47590,47590,47610,47610,47610,47610,47600,47600,47600,47600
2025-09-19 03:30:00,39000,47560,47320,47560,47320,47610,47340,47560,47350,47560,47335,47560,47335
2025-09-19 03:35:00,12100,47450,47320,47320,47360,47470,47340,47350,47380,47455,47330,47335,47370
2025-09-19 03:40:00,14900,47380,47250,47360,47300,47390,47290,47380,47320,47385,47270,47370,47310
2025-09-19 03:45:00,115400,47480,46580,47300,46950,47530,46600,47320,47000,47505,46595,47310,46975
2025-09-19 03:50:00,51600,47160,46820,46960,46830,47200,46850,47000,46850,47180,46835,46980,46840
2025-09-19 03:55:00,53000,46830,46510,46830,46610,46850,46520,46850,46640,46840,46515,46840,46625
2025-09-19 04:00:00,143000,46650,45900,46610,45930,46680,45920,46640,45950,46665,45910,46625,45940
2025-09-19 04:05:00,119200,46180,45540,45930,45560,46210,45550,45950,45580,46190,45545,45940,45570
2025-09-19 04:10:00,143600,45550,45200,45550,45300,45580,45220,45580,45320,45565,45210,45565,45310
2025-09-19 04:15:00,187400,45320,44910,45300,45080,45340,44940,45320,45100,45330,44925,45310,45090
2025-09-19 04:20:00,115900,45410,45070,45080,45200,45440,45090,45100,45230,45420,45080,45090,45215
2025-09-19 04:25:00,125100,45730,45170,45200,45590,45750,45190,45230,45610,45740,45180,45215,45600
2025-09-19 04:30:00,84900,45680,45310,45590,45620,45710,45360,45610,45640,45695,45350,45600,45630
2025-09-19 04:35:00,51700,45640,45450,45620,45590,45650,45460,45640,45610,45645,45455,45630,45600
2025-09-19 04:40:00,48400,45700,45560,45590,45580,45710,45580,45610,45600,45705,45570,45600,45590
2025-09-19 04:45:00,56500,45880,45530,45580,45840,45910,45550,45600,45860,45895,45540,45590,45850
2025-09-19 04:50:00,71700,45880,45660,45840,45730,45920,45680,45850,45750,45890,45670,45845,45740
2025-09-19 04:55:00,53400,45790,45640,45730,45750,45800,45660,45750,45770,45795,45650,45740,45760
2025-09-19 05:00:00,47400,45970,45710,45750,45960,45980,45720,45770,45980,45975,45715,45760,45970
2025-09-19 05:05:00,64900,46150,45950,45960,46130,46180,45960,45980,46150,46165,45955,45970,46140
2025-09-19 05:10:00,48600,46260,46100,46130,46240,46270,46110,46150,46250,46265,46105,46140,46245
2025-09-19 05:15:00,24100,46290,46150,46240,46250,46300,46160,46250,46270,46295,46155,46245,46260
2025-09-19 05:20:00,30000,46280,46160,46250,46230,46290,46170,46270,46250,46285,46165,46260,46240
2025-09-19 05:25:00,40700,46280,46040,46230,46050,46290,46060,46250,46070,46285,46050,46240,46060
2025-09-19 05:30:00,51000,46080,45860,46040,45860,46100,45880,46070,45880,46090,45870,46055,45870
2025-09-19 05:35:00,33300,45950,45810,45860,45910,45970,45850,45880,45940,45960,45830,45870,45925
2025-09-19 05:40:00,19100,45920,45820,45910,45830,45940,45840,45940,45850,45930,45830,45925,45840
2025-09-19 05:45:00,29900,45850,45710,45830,45740,45870,45730,45850,45770,45860,45720,45840,45755
2025-09-19 05:50:00,21100,45840,45710,45740,45830,45860,45720,45770,45840,45850,45715,45755,45835
2025-09-19 05:55:00,23700,45940,45830,45830,45860,45960,45840,45840,45880,45950,45835,45835,45870
2025-09-19 06:00:00,24300,45920,45810,45860,45840,45930,45830,45880,45860,45925,45820,45870,45850
2025-09-19 06:05:00,13400,45880,45820,45840,45860,45890,45830,45860,45870,45885,45825,45850,45865
2025-09-19 06:10:00,19600,45890,45830,45860,45840,45900,45840,45870,45860,45895,45835,45865,45850
2025-09-19 06:15:00,24700,45890,45800,45840,45840,45900,45820,45860,45850,45895,45810,45850,45845
2025-09-19 06:20:00,35100,45910,45830,45840,45860,45920,45850,45850,45890,45915,45840,45845,45875
2025-09-19 06:25:00,,49890,45710,49820,45710,49900,45720,49820,45720,49895,45715,49820,45715
2025-09-19 06:30:00,638200,45710,45710,45710,45710,45750,45750,45750,45750,45730,45730,45730,45730
2025-09-22 00:00:00,125700,46490,46180,46490,46220,46500,46200,46500,46230,46495,46190,46495,46225
2025-09-22 00:05:00,25800,46330,46200,46220,46200,46340,46210,46240,46220,46335,46205,46230,46210
2025-09-22 00:10:00,35100,46320,46100,46200,46280,46330,46120,46220,46300,46325,46110,46210,46290
2025-09-22 00:15:00,35000,46440,46230,46280,46390,46450,46260,46300,46420,46445,46245,46290,46405
2025-09-22 00:20:00,17300,46430,46340,46390,46370,46440,46360,46420,46380,46435,46350,46405,46375
2025-09-22 00:25:00,50300,46480,46320,46370,46460,46490,46330,46380,46470,46485,46325,46375,46465
2025-09-22 00:30:00,18100,46480,46340,46460,46420,46490,46360,46470,46430,46485,46350,46465,46425
2025-09-22 00:35:00,13500,46490,46410,46420,46480,46500,46430,46430,46500,46495,46420,46425,46490
2025-09-22 00:40:00,12100,46480,46380,46480,46400,46500,46390,46500,46410,46490,46385,46490,46405
2025-09-22 00:45:00,13800,46400,46290,46400,46320,46420,46300,46410,46340,46410,46295,46405,46330
2025-09-22 00:50:00,11600,46380,46270,46320,46370,46390,46280,46340,46390,46385,46275,46330,46380
2025-09-22 00:55:00,8900,46370,46210,46370,46210,46390,46220,46390,46220,46380,46215,46380,46215
2025-09-22 01:00:00,8900,46340,46200,46210,46340,46350,46210,46220,46350,46345,46205,46215,46345
2025-09-22 01:05:00,16600,46450,46340,46340,46450,46460,46350,46350,46460,46455,46345,46345,46455
2025-09-22 01:10:00,7300,46450,46350,46440,46380,46460,46370,46460,46400,46455,46360,46450,46390
2025-09-22 01:15:00,8400,46410,46310,46380,46340,46430,46320,46400,46350,46420,46315,46390,46345
2025-09-22 01:20:00,8600,46350,46290,46340,46320,46370,46300,46350,46340,46360,46295,46345,46330
2025-09-22 01:25:00,12100,46320,46210,46320,46240,46340,46220,46340,46250,46330,46215,46330,46245
2025-09-22 01:30:00,12500,46250,46170,46240,46180,46270,46190,46250,46200,46260,46180,46245,46190
2025-09-22 01:35:00,7100,46200,46150,46180,46150,46220,46170,46200,46170,46210,46160,46190,46160
2025-09-22 01:40:00,9400,46150,46100,46150,46110,46170,46120,46170,46130,46160,46110,46160,46120
2025-09-22 01:45:00,12200,46140,46060,46110,46060,46150,46070,46130,46080,46145,46065,46120,46070
2025-09-22 01:50:00,6000,46130,46050,46060,46110,46140,46060,46080,46130,46135,46055,46070,46120
2025-09-22 01:55:00,5500,46150,46110,46110,46110,46160,46120,46130,46120,46155,46115,46120,46115
2025-09-22 02:00:00,6300,46170,46110,46110,46160,46180,46120,46120,46180,46175,46115,46115,46170
2025-09-22 02:05:00,5800,46170,46110,46160,46110,46180,46120,46180,46130,46175,46115,46170,46120
2025-09-22 02:10:00,7600,46160,46100,46110,46120,46170,46120,46130,46130,46165,46110,46120,46125
2025-09-22 02:15:00,4700,46150,46100,46120,46110,46160,46120,46130,46130,46155,46110,46125,46120
2025-09-22 02:20:00,7300,46130,46080,46110,46100,46140,46090,46130,46110,46135,46085,46120,46105
2025-09-22 02:25:00,17100,46190,46090,46100,46100,46200,46100,46110,46120,46195,46095,46105,46110
2025-09-22 02:30:00,8300,46100,46100,46100,46100,46120,46120,46120,46120,46110,46110,46110,46110
2025-09-22 03:30:00,91000,46690,46110,46120,46650,46710,46140,46150,46670,46700,46130,46135,46660
2025-09-22 03:35:00,16600,46670,46580,46660,46600,46680,46600,46670,46610,46675,46590,46665,46605
2025-09-22 03:40:00,23200,46600,46500,46600,46520,46610,46520,46610,46540,46605,46510,46605,46530
2025-09-22 03:45:00,15900,46640,46520,46520,46630,46650,46540,46540,46640,46645,46530,46530,46635
2025-09-22 03:50:00,7100,46650,46610,46630,46640,46660,46620,46640,46650,46655,46615,46635,46645
2025-09-22 03:55:00,11300,46680,46610,46640,46680,46690,46620,46660,46690,46685,46615,46650,46685
2025-09-22 04:00:00,22500,46820,46660,46680,46800,46830,46670,46690,46810,46825,46665,46685,46805
2025-09-22 04:05:00,14700,46800,46660,46790,46700,46820,46670,46810,46720,46810,46665,46800,46710
2025-09-22 04:10:00,10600,46700,46610,46700,46640,46720,46620,46720,46660,46710,46615,46710,46650
2025-09-22 04:15:00,5900,46680,46620,46640,46640,46690,46630,46660,46650,46685,46625,46650,46645
2025-09-22 04:20:00,7900,46680,46620,46640,46670,46690,46630,46650,46680,46685,46625,46645,46675
2025-09-22 04:25:00,5700,46680,46640,46670,46640,46700,46650,46680,46650,46690,46645,46675,46645
2025-09-22 04:30:00,4500,46650,46610,46640,46640,46670,46620,46650,46660,46660,46615,46645,46650
2025-09-22 04:35:00,3000,46660,46640,46640,46660,46680,46650,46660,46670,46670,46645,46650,46665
2025-09-22 04:40:00,6700,46700,46640,46660,46690,46710,46650,46670,46710,46705,46645,46665,46700
2025-09-22 04:45:00,13300,46700,46580,46690,46580,46720,46590,46710,46590,46710,46585,46700,46585
2025-09-22 04:50:00,10900,46620,46550,46580,46580,46640,46560,46590,46590,46630,46555,46585,46585
2025-09-22 04:55:00,6700,46590,46570,46580,46570,46600,46580,46590,46580,46595,46575,46585,46575
2025-09-22 05:00:00,8900,46580,46550,46570,46570,46600,46560,46580,46580,46590,46555,46575,46575
2025-09-22 05:05:00,11900,46570,46540,46570,46550,46590,46550,46580,46570,46580,46545,46575,46560
2025-09-22 05:10:00,15100,46550,46480,46550,46500,46570,46490,46570,46510,46560,46485,46560,46505
2025-09-22 05:15:00,14400,46590,46490,46500,46520,46610,46510,46510,46540,46600,46500,46505,46530
2025-09-22 05:20:00,8000,46570,46510,46520,46540,46580,46520,46540,46550,46575,46515,46530,46545
2025-09-22 05:25:00,7200,46550,46510,46540,46550,46560,46520,46550,46560,46555,46515,46545,46555
2025-09-22 05:30:00,14300,46590,46540,46550,46560,46600,46550,46560,46580,46595,46545,46555,46570
2025-09-22 05:35:00,10200,46600,46560,46560,46590,46610,46580,46580,46600,46605,46570,46570,46595
2025-09-22 05:40:00,6000,46590,46560,46590,46580,46600,46570,46600,46590,46595,46565,46595,46585
2025-09-22 05:45:00,5800,46600,46570,46580,46590,46610,46580,46590,46600,46605,46575,46585,46595
2025-09-22 05:50:00,8200,46610,46570,46590,46600,46620,46590,46600,46610,46615,46580,46595,46605
2025-09-22 05:55:00,10700,46610,46580,46600,46590,46620,46600,46610,46600,46615,46590,46605,46595
2025-09-22 06:00:00,10800,46610,46550,46590,46590,46620,46560,46600,46600,46615,46555,46595,46595
2025-09-22 06:05:00,9000,46600,46580,46590,46580,46620,46590,46600,46590,46610,46585,46595,46585
2025-09-22 06:10:00,9200,46610,46580,46580,46590,46620,46590,46590,46600,46615,46585,46585,46595
2025-09-22 06:15:00,13100,46610,46560,46590,46560,46620,46570,46600,46570,46615,46565,46595,46565
2025-09-22 06:20:00,24600,46640,46540,46560,46600,46650,46560,46570,46610,46645,46550,46565,46605
2025-09-22 06:25:00,,46760,46460,46610,46600,46770,46460,46610,46610,46765,46460,46610,46605
2025-09-22 06:30:00,241100,46590,46590,46590,46590,46610,46610,46610,46610,46600,46600,46600,46600
2025-09-24 00:00:00,133900,46720,45900,46350,45980,46750,45910,46360,46000,46735,45905,46355,45990
2025-09-24 00:05:00,32500,45990,45810,45980,45840,46010,45820,46000,45850,46000,45815,45990,45845
2025-09-24 00:10:00,46900,45900,45730,45840,45860,45920,45740,45850,45870,45910,45735,45845,45865
2025-09-24 00:15:00,20900,45970,45810,45860,45910,45980,45820,45870,45930,45975,45815,45865,45920
2025-09-24 00:20:00,16400,45940,45850,45910,45890,45950,45860,45930,45920,45945,45855,45920,45905
2025-09-24 00:25:00,25700,45930,45830,45900,45830,45940,45840,45920,45840,45935,45835,45910,45835
2025-09-24 00:30:00,35800,45830,45770,45830,45780,45840,45780,45840,45790,45835,45775,45835,45785
2025-09-24 00:35:00,18000,45850,45770,45780,45820,45870,45780,45790,45830,45860,45775,45785,45825
2025-09-24 00:40:00,11300,45820,45770,45820,45780,45830,45780,45830,45800,45825,45775,45825,45790
2025-09-24 00:45:00,15100,45840,45760,45780,45800,45850,45770,45800,45820,45845,45765,45790,45810
2025-09-24 00:50:00,7600,45860,45770,45800,45840,45870,45780,45820,45860,45865,45775,45810,45850
2025-09-24 00:55:00,10100,45860,45780,45840,45790,45870,45790,45860,45800,45865,45785,45850,45795
2025-09-24 01:00:00,40400,45850,45750,45790,45810,45860,45760,45800,45830,45855,45755,45795,45820
2025-09-24 01:05:00,10800,45840,45770,45810,45790,45850,45790,45830,45810,45845,45780,45820,45800
2025-09-24 01:10:00,7100,45820,45780,45790,45780,45830,45790,45810,45790,45825,45785,45800,45785
2025-09-24 01:15:00,16000,45790,45750,45780,45760,45800,45760,45790,45780,45795,45755,45785,45770
2025-09-24 01:20:00,16900,45780,45720,45760,45720,45790,45730,45780,45740,45785,45725,45770,45730
2025-09-24 01:25:00,8100,45790,45720,45720,45790,45800,45730,45740,45800,45795,45725,45730,45795
2025-09-24 01:30:00,8500,45790,45740,45790,45770,45800,45750,45800,45780,45795,45745,45795,45775
2025-09-24 01:35:00,25100,45900,45770,45770,45790,45910,45780,45780,45810,45905,45775,45775,45800
2025-09-24 01:40:00,8500,45860,45790,45790,45850,45870,45810,45810,45870,45865,45800,45800,45860
2025-09-24 01:45:00,8300,45910,45830,45850,45830,45920,45850,45870,45850,45915,45840,45860,45840
2025-09-24 01:50:00,14000,45840,45740,45830,45770,45850,45750,45850,45790,45845,45745,45840,45780
2025-09-24 01:55:00,4000,45770,45750,45770,45750,45790,45760,45790,45760,45780,45755,45780,45755
2025-09-24 02:00:00,15100,45750,45710,45750,45730,45770,45720,45760,45740,45760,45715,45755,45735
2025-09-24 02:05:00,6500,45740,45710,45730,45710,45750,45720,45740,45720,45745,45715,45735,45715
2025-09-24 02:10:00,33300,45720,45670,45710,45670,45730,45680,45720,45690,45725,45675,45715,45680
2025-09-24 02:15:00,7200,45670,45650,45670,45670,45690,45660,45690,45680,45680,45655,45680,45675
2025-09-24 02:20:00,5000,45660,45650,45660,45650,45680,45660,45680,45660,45670,45655,45670,45655
2025-09-24 02:25:00,13300,45650,45630,45650,45630,45660,45640,45660,45640,45655,45635,45655,45635
2025-09-24 02:30:00,9800,45620,45620,45620,45620,45640,45640,45640,45640,45630,45630,45630,45630
2025-09-24 03:30:00,35300,45650,45600,45620,45630,45670,45610,45630,45650,45660,45605,45625,45640
2025-09-24 03:35:00,12500,45730,45630,45630,45720,45740,45640,45650,45730,45735,45635,45640,45725
2025-09-24 03:40:00,21400,45850,45720,45720,45850,45860,45730,45730,45860,45855,45725,45725,45855
2025-09-24 03:45:00,14600,45860,45740,45850,45760,45870,45750,45860,45780,45865,45745,45855,45770
2025-09-24 03:50:00,9200,45770,45700,45760,45700,45780,45710,45780,45720,45775,45705,45770,45710
2025-09-24 03:55:00,4800,45710,45700,45700,45710,45720,45710,45720,45720,45715,45705,45710,45715
2025-09-24 04:00:00,8000,45740,45700,45710,45720,45750,45720,45720,45740,45745,45710,45715,45730
2025-09-24 04:05:00,12300,45730,45650,45720,45650,45740,45660,45740,45670,45735,45655,45730,45660
2025-09-24 04:10:00,6900,45670,45620,45650,45650,45680,45640,45670,45670,45675,45630,45660,45660
2025-09-24 04:15:00,8800,45660,45630,45650,45630,45670,45640,45670,45640,45665,45635,45660,45635
2025-09-24 04:20:00,5400,45660,45620,45630,45660,45670,45630,45640,45670,45665,45625,45635,45665
2025-09-24 04:25:00,4200,45700,45660,45660,45690,45710,45670,45670,45700,45705,45665,45665,45695
2025-09-24 04:30:00,4600,45700,45680,45690,45690,45710,45690,45700,45700,45705,45685,45695,45695
2025-09-24 04:35:00,4900,45700,45650,45690,45680,45710,45660,45700,45690,45705,45655,45695,45685
2025-09-24 04:40:00,6100,45720,45670,45680,45720,45730,45680,45690,45730,45725,45675,45685,45725
2025-09-24 04:45:00,5500,45730,45710,45720,45720,45740,45720,45730,45730,45735,45715,45725,45725
2025-09-24 04:50:00,4900,45740,45710,45720,45710,45750,45720,45730,45720,45745,45715,45725,45715
2025-09-24 04:55:00,3700,45740,45710,45710,45740,45750,45720,45720,45750,45745,45715,45715,45745
2025-09-24 05:00:00,10000,45750,45710,45740,45740,45760,45720,45750,45750,45755,45715,45745,45745
2025-09-24 05:05:00,4700,45740,45720,45740,45720,45750,45730,45750,45740,45745,45725,45745,45730
2025-09-24 05:10:00,10800,45770,45700,45720,45760,45780,45720,45740,45780,45775,45710,45730,45770
2025-09-24 05:15:00,8400,45770,45710,45760,45770,45780,45730,45780,45780,45775,45720,45770,45775
2025-09-24 05:20:00,4000,45780,45740,45770,45740,45790,45750,45780,45750,45785,45745,45775,45745
2025-09-24 05:25:00,3800,45750,45730,45740,45750,45760,45740,45750,45760,45755,45735,45745,45755
2025-09-24 05:30:00,6900,45770,45740,45750,45740,45780,45750,45760,45760,45775,45745,45755,45750
2025-09-24 05:35:00,5700,45750,45710,45740,45710,45760,45730,45760,45730,45755,45720,45750,45720
2025-09-24 05:40:00,4600,45740,45710,45710,45730,45750,45720,45730,45740,45745,45715,45720,45735
2025-09-24 05:45:00,10100,45800,45730,45730,45780,45810,45740,45740,45800,45805,45735,45735,45790
2025-09-24 05:50:00,8100,45790,45750,45780,45760,45800,45760,45800,45770,45795,45755,45790,45765
2025-09-24 05:55:00,7000,45770,45740,45760,45740,45780,45750,45770,45760,45775,45745,45765,45750
2025-09-24 06:00:00,7400,45760,45740,45740,45750,45770,45750,45760,45770,45765,45745,45750,45760
2025-09-24 06:05:00,13700,45800,45740,45750,45750,45810,45750,45770,45760,45805,45745,45760,45755
2025-09-24 06:10:00,10100,45790,45740,45750,45780,45800,45760,45760,45800,45795,45750,45755,45790
2025-09-24 06:15:00,19600,45810,45780,45780,45780,45820,45790,45800,45800,45815,45785,45790,45790
2025-09-24 06:20:00,15500,45810,45760,45780,45760,45820,45780,45800,45780,45815,45770,45790,45770
2025-09-24 06:25:00,,46990,45680,46870,45680,47000,45690,46870,45690,46995,45685,46870,45685
2025-09-24 06:30:00,274500,45680,45680,45680,45680,45740,45740,45740,45740,45710,45710,45710,45710
2025-09-25 00:00:00,77800,46060,45800,45970,45940,46080,45880,45980,45960,46070,45855,45975,45950
2025-09-25 00:05:00,30800,45960,45740,45940,45820,45980,45750,45960,45840,45970,45745,45950,45830
2025-09-25 00:10:00,15200,45830,45680,45820,45710,45850,45710,45840,45730,45835,45695,45830,45720
2025-09-25 00:15:00,13300,45710,45610,45710,45620,45730,45620,45730,45640,45720,45615,45720,45630
2025-09-25 00:20:00,16600,45670,45570,45620,45670,45690,45580,45640,45690,45680,45575,45630,45680
2025-09-25 00:25:00,8500,45670,45570,45670,45630,45700,45580,45690,45650,45685,45575,45680,45640
2025-09-25 00:30:00,7700,45670,45600,45630,45660,45680,45620,45650,45680,45675,45615,45640,45670
2025-09-25 00:35:00,14600,45730,45630,45660,45650,45750,45640,45680,45670,45740,45635,45670,45660
2025-09-25 00:40:00,12300,45660,45530,45650,45540,45670,45550,45670,45560,45665,45540,45660,45550
2025-09-25 00:45:00,13200,45560,45500,45540,45510,45580,45510,45560,45530,45570,45505,45550,45520
2025-09-25 00:50:00,6100,45560,45510,45510,45560,45570,45520,45530,45570,45565,45515,45520,45565
2025-09-25 00:55:00,7600,45570,45500,45560,45500,45580,45510,45570,45510,45575,45505,45565,45505
2025-09-25 01:00:00,11800,45530,45500,45500,45510,45540,45510,45510,45530,45535,45505,45505,45520
2025-09-25 01:05:00,8900,45520,45480,45510,45490,45530,45490,45530,45500,45525,45485,45520,45495
2025-09-25 01:10:00,7200,45510,45470,45490,45510,45520,45480,45500,45520,45515,45475,45495,45515
2025-09-25 01:15:00,4900,45540,45490,45510,45540,45550,45510,45520,45550,45545,45500,45515,45545
2025-09-25 01:20:00,5100,45580,45520,45540,45580,45590,45540,45550,45590,45585,45530,45545,45585
2025-09-25 01:25:00,8300,45650,45580,45580,45620,45660,45590,45590,45640,45655,45585,45585,45630
2025-09-25 01:30:00,4100,45650,45610,45620,45610,45660,45620,45640,45620,45655,45615,45630,45615
2025-09-25 01:35:00,5300,45610,45580,45610,45580,45630,45590,45620,45590,45620,45585,45615,45585
2025-09-25 01:40:00,3400,45580,45550,45580,45570,45590,45560,45590,45590,45585,45555,45585,45580
2025-09-25 01:45:00,4700,45600,45560,45570,45570,45610,45570,45590,45590,45605,45565,45580,45580
2025-09-25 01:50:00,5100,45580,45540,45570,45560,45590,45550,45590,45580,45585,45545,45580,45570
2025-09-25 01:55:00,4100,45610,45550,45560,45610,45620,45560,45580,45620,45615,45555,45570,45615
2025-09-25 02:00:00,3700,45620,45570,45610,45570,45640,45580,45620,45590,45630,45575,45615,45580
2025-09-25 02:05:00,5700,45580,45530,45570,45550,45590,45550,45590,45570,45585,45540,45580,45560
2025-09-25 02:10:00,2300,45570,45550,45550,45550,45590,45560,45570,45570,45580,45555,45560,45560
2025-09-25 02:15:00,3700,45550,45510,45550,45530,45570,45520,45570,45540,45560,45515,45560,45535
2025-09-25 02:20:00,1300,45530,45520,45530,45530,45550,45530,45540,45540,45540,45525,45535,45535
2025-09-25 02:25:00,3000,45550,45520,45530,45520,45560,45530,45540,45540,45555,45525,45535,45530
2025-09-25 02:30:00,3700,45510,45510,45510,45510,45550,45550,45550,45550,45530,45530,45530,45530
2025-09-25 03:30:00,38700,45530,45460,45510,45480,45550,45470,45550,45490,45540,45465,45530,45485
2025-09-25 03:35:00,6500,45490,45460,45480,45460,45500,45470,45490,45480,45495,45465,45485,45470
2025-09-25 03:40:00,9500,45470,45460,45460,45460,45480,45470,45480,45470,45475,45465,45470,45465
2025-09-25 03:45:00,28800,45460,45430,45460,45430,45470,45440,45470,45440,45465,45435,45465,45435
2025-09-25 03:50:00,17400,45430,45380,45430,45380,45440,45390,45440,45400,45435,45385,45435,45390
2025-09-25 03:55:00,13300,45410,45370,45380,45390,45420,45380,45400,45400,45415,45375,45390,45395
2025-09-25 04:00:00,1900,45390,45380,45390,45380,45400,45390,45400,45390,45395,45385,45395,45385
2025-09-25 04:05:00,8600,45420,45380,45380,45420,45430,45390,45400,45430,45425,45385,45390,45425
2025-09-25 04:10:00,4100,45420,45390,45420,45400,45430,45410,45430,45410,45425,45400,45425,45405
2025-09-25 04:15:00,10300,45460,45390,45400,45440,45470,45400,45410,45450,45465,45395,45405,45445
2025-09-25 04:20:00,4600,45460,45430,45440,45460,45470,45440,45450,45470,45465,45435,45445,45465
2025-09-25 04:25:00,5800,45480,45450,45460,45450,45490,45460,45470,45460,45485,45455,45465,45455
2025-09-25 04:30:00,4500,45460,45440,45450,45440,45470,45450,45460,45450,45465,45445,45455,45445
2025-09-25 04:35:00,4200,45450,45410,45440,45420,45460,45430,45460,45430,45455,45420,45450,45425
2025-09-25 04:40:00,8700,45420,45380,45420,45380,45430,45390,45430,45390,45425,45385,45425,45385
2025-09-25 04:45:00,8000,45380,45360,45380,45380,45390,45370,45390,45390,45385,45365,45385,45385
2025-09-25 04:50:00,12700,45380,45330,45380,45330,45390,45340,45390,45350,45385,45335,45385,45340
2025-09-25 04:55:00,4600,45350,45320,45330,45340,45370,45340,45350,45360,45360,45330,45340,45350
2025-09-25 05:00:00,5800,45350,45320,45340,45350,45360,45330,45360,45360,45355,45325,45350,45355
2025-09-25 05:05:00,3500,45360,45340,45350,45340,45370,45350,45360,45360,45365,45345,45355,45350
2025-09-25 05:10:00,9300,45400,45340,45340,45370,45410,45360,45360,45390,45405,45350,45350,45380
2025-09-25 05:15:00,9400,45400,45350,45370,45390,45410,45370,45390,45400,45405,45360,45380,45395
2025-09-25 05:20:00,6100,45400,45360,45390,45390,45410,45380,45400,45400,45405,45370,45395,45395
2025-09-25 05:25:00,4100,45400,45370,45390,45380,45410,45390,45400,45400,45405,45380,45395,45390
2025-09-25 05:30:00,2400,45390,45380,45380,45380,45400,45390,45400,45390,45395,45385,45390,45385
2025-09-25 05:35:00,3900,45400,45380,45380,45400,45410,45390,45390,45410,45405,45385,45385,45405
2025-09-25 05:40:00,6600,45400,45370,45400,45370,45410,45380,45410,45390,45405,45375,45405,45380
2025-09-25 05:45:00,5300,45380,45360,45370,45360,45400,45370,45390,45370,45390,45365,45380,45365
2025-09-25 05:50:00,5400,45400,45360,45360,45370,45410,45370,45370,45390,45405,45365,45365,45380
2025-09-25 05:55:00,6100,45380,45360,45370,45370,45390,45370,45390,45380,45385,45365,45380,45375
2025-09-25 06:00:00,4900,45380,45360,45370,45370,45390,45370,45380,45380,45385,45365,45375,45375
2025-09-25 06:05:00,6200,45390,45360,45370,45380,45400,45370,45380,45390,45395,45365,45375,45385
2025-09-25 06:10:00,7900,45390,45380,45380,45390,45410,45390,45390,45400,45400,45385,45385,45395
2025-09-25 06:15:00,24200,45410,45370,45390,45380,45420,45390,45400,45390,45415,45380,45395,45385
2025-09-25 06:20:00,16400,45420,45380,45380,45390,45440,45390,45390,45410,45430,45385,45385,45400
2025-09-25 06:25:00,,46290,45380,45990,45380,46300,45390,46000,45390,46295,45385,45995,45385
2025-09-25 06:30:00,473700,45380,45380,45380,45380,45410,45410,45410,45410,45395,45395,45395,45395
2025-09-26 00:00:00,96600,45350,45100,45200,45180,45370,45110,45210,45190,45360,45105,45205,45185
2025-09-26 00:05:00,40600,45200,45020,45180,45080,45210,45030,45190,45100,45205,45025,45185,45090
2025-09-26 00:10:00,19000,45130,45020,45080,45080,45140,45040,45100,45100,45135,45035,45090,45090
2025-09-26 00:15:00,12100,45150,45050,45080,45130,45160,45070,45100,45150,45155,45060,45090,45140
2025-09-26 00:20:00,17700,45290,45120,45130,45280,45300,45130,45150,45300,45295,45125,45140,45290
2025-09-26 00:25:00,16700,45360,45260,45280,45340,45380,45280,45300,45360,45370,45270,45290,45350
2025-09-26 00:30:00,10500,45350,45230,45340,45310,45360,45240,45360,45330,45355,45235,45350,45320
2025-09-26 00:35:00,16500,45440,45310,45310,45430,45450,45320,45330,45450,45445,45315,45320,45440
2025-09-26 00:40:00,13300,45470,45410,45430,45420,45480,45420,45450,45440,45475,45415,45440,45430
2025-09-26 00:45:00,14300,45570,45410,45420,45570,45590,45430,45440,45580,45580,45420,45430,45575
2025-09-26 00:50:00,12400,45580,45510,45570,45530,45590,45530,45580,45540,45585,45520,45575,45535
2025-09-26 00:55:00,5000,45560,45520,45530,45530,45580,45530,45540,45540,45570,45525,45535,45535
2025-09-26 01:00:00,9400,45540,45470,45530,45470,45550,45480,45540,45490,45545,45475,45535,45480
2025-09-26 01:05:00,5500,45540,45470,45470,45510,45550,45490,45490,45520,45545,45480,45480,45515
2025-09-26 01:10:00,11900,45610,45500,45510,45560,45620,45520,45520,45570,45615,45510,45515,45565
2025-09-26 01:15:00,5300,45580,45550,45560,45550,45590,45570,45570,45570,45585,45560,45565,45560
2025-09-26 01:20:00,2800,45560,45510,45550,45520,45580,45530,45570,45540,45570,45520,45560,45530
2025-09-26 01:25:00,4700,45550,45480,45520,45530,45570,45490,45540,45540,45560,45485,45530,45535
2025-09-26 01:30:00,6200,45610,45530,45530,45610,45620,45540,45540,45620,45615,45535,45535,45615
2025-09-26 01:35:00,10700,45650,45610,45610,45620,45660,45620,45620,45640,45655,45615,45615,45630
2025-09-26 01:40:00,5800,45640,45600,45620,45640,45650,45610,45640,45650,45645,45605,45630,45645
2025-09-26 01:45:00,7400,45660,45590,45640,45620,45670,45600,45650,45640,45665,45595,45645,45630
2025-09-26 01:50:00,6900,45670,45590,45620,45650,45680,45600,45640,45660,45675,45595,45630,45655
2025-09-26 01:55:00,4700,45650,45590,45650,45600,45670,45600,45660,45610,45660,45595,45655,45605
2025-09-26 02:00:00,3700,45620,45570,45600,45590,45630,45590,45610,45600,45625,45580,45605,45595
2025-09-26 02:05:00,2100,45590,45570,45590,45580,45600,45590,45600,45600,45595,45580,45595,45590
2025-09-26 02:10:00,26700,45670,45570,45580,45650,45680,45580,45600,45660,45675,45575,45590,45655
2025-09-26 02:15:00,5200,45670,45630,45650,45630,45680,45640,45660,45650,45675,45635,45655,45640
2025-09-26 02:20:00,3700,45660,45620,45640,45630,45670,45630,45650,45650,45665,45625,45645,45640
2025-09-26 02:25:00,6000,45660,45610,45630,45640,45670,45620,45640,45670,45665,45615,45635,45655
2025-09-26 02:30:00,5200,45630,45630,45630,45630,45670,45670,45670,45670,45650,45650,45650,45650
2025-09-26 03:30:00,37300,45790,45610,45640,45750,45800,45640,45650,45770,45795,45625,45645,45760
2025-09-26 03:35:00,9200,45790,45720,45760,45770,45800,45740,45770,45790,45795,45730,45765,45780
2025-09-26 03:40:00,8700,45770,45710,45770,45720,45790,45720,45790,45730,45780,45715,45780,45725
2025-09-26 03:45:00,6800,45760,45710,45720,45750,45770,45730,45730,45760,45765,45720,45725,45755
2025-09-26 03:50:00,5000,45760,45720,45750,45730,45770,45740,45760,45750,45765,45730,45755,45740
2025-09-26 03:55:00,23200,45870,45730,45730,45840,45880,45750,45750,45850,45875,45740,45740,45845
2025-09-26 04:00:00,20300,45840,45710,45840,45780,45850,45730,45850,45790,45845,45720,45845,45785
2025-09-26 04:05:00,9600,45840,45760,45780,45830,45850,45780,45790,45840,45845,45770,45785,45835
2025-09-26 04:10:00,10500,45880,45820,45830,45880,45890,45830,45840,45890,45885,45825,45835,45885
2025-09-26 04:15:00,10600,45900,45860,45880,45870,45910,45870,45890,45880,45905,45865,45885,45875
2025-09-26 04:20:00,5000,45870,45810,45870,45820,45880,45830,45880,45830,45875,45820,45875,45825
2025-09-26 04:25:00,5700,45820,45790,45820,45800,45830,45800,45830,45810,45825,45795,45825,45805
2025-09-26 04:30:00,7600,45840,45800,45800,45840,45850,45810,45810,45850,45845,45805,45805,45845
2025-09-26 04:35:00,6900,45890,45840,45840,45870,45900,45850,45850,45880,45895,45845,45845,45875
2025-09-26 04:40:00,6000,45910,45870,45870,45890,45920,45880,45880,45910,45915,45875,45875,45900
2025-09-26 04:45:00,6400,45900,45830,45890,45830,45910,45840,45910,45840,45905,45835,45900,45835
2025-09-26 04:50:00,4400,45860,45830,45830,45830,45870,45840,45840,45840,45865,45835,45835,45835
2025-09-26 04:55:00,9900,45840,45730,45830,45740,45850,45750,45840,45760,45845,45740,45835,45750
2025-09-26 05:00:00,7500,45820,45730,45740,45810,45830,45750,45760,45820,45825,45740,45750,45815
2025-09-26 05:05:00,4200,45810,45770,45810,45790,45830,45780,45820,45800,45820,45775,45815,45795
2025-09-26 05:10:00,5000,45820,45790,45790,45810,45840,45800,45800,45830,45830,45795,45795,45820
2025-09-26 05:15:00,2800,45820,45790,45810,45800,45830,45800,45830,45810,45825,45795,45820,45805
2025-09-26 05:20:00,3100,45800,45770,45800,45790,45820,45790,45810,45810,45810,45780,45805,45800
2025-09-26 05:25:00,2200,45800,45780,45790,45800,45820,45790,45810,45820,45810,45785,45800,45810
2025-09-26 05:30:00,6300,45820,45780,45800,45790,45840,45790,45820,45800,45830,45785,45810,45795
2025-09-26 05:35:00,7800,45820,45760,45790,45820,45830,45780,45800,45830,45825,45770,45795,45825
2025-09-26 05:40:00,4600,45840,45810,45820,45830,45850,45820,45830,45840,45845,45815,45825,45835
2025-09-26 05:45:00,10400,45860,45830,45830,45840,45880,45840,45840,45850,45870,45835,45835,45845
2025-09-26 05:50:00,6600,45840,45800,45840,45810,45850,45810,45850,45830,45845,45805,45845,45820
2025-09-26 05:55:00,4300,45850,45800,45810,45830,45860,45810,45830,45840,45855,45805,45820,45835
2025-09-26 06:00:00,6000,45850,45790,45830,45790,45860,45800,45840,45800,45855,45795,45835,45795
2025-09-26 06:05:00,6400,45810,45780,45790,45800,45820,45790,45800,45810,45815,45785,45795,45805
2025-09-26 06:10:00,9100,45820,45780,45800,45820,45830,45790,45810,45830,45825,45785,45805,45825
2025-09-26 06:15:00,13700,45840,45790,45820,45810,45850,45810,45830,45820,45845,45800,45825,45815
2025-09-26 06:20:00,30700,45870,45780,45810,45780,45880,45790,45820,45790,45875,45785,45815,45785
2025-09-26 06:25:00,,45580,42350,43470,45580,45590,42360,43480,45590,45585,42355,43475,45585
2025-09-26 06:30:00,529900,45580,45580,45580,45580,45680,45680,45680,45680,45630,45630,45630,45630
2025-09-29 00:00:00,77800,45540,45110,45330,45210,45580,45120,45340,45230,45560,45115,45335,45220
2025-09-29 00:05:00,34100,45270,45110,45210,45190,45290,45130,45230,45210,45280,45120,45220,45200
2025-09-29 00:10:00,40300,45210,45030,45190,45080,45220,45040,45220,45090,45215,45035,45205,45085
2025-09-29 00:15:00,25700,45090,45010,45080,45030,45100,45020,45090,45040,45095,45015,45085,45035
2025-09-29 00:20:00,16000,45150,45030,45030,45120,45160,45040,45040,45130,45155,45035,45035,45125
2025-09-29 00:25:00,15500,45130,45020,45120,45060,45150,45040,45130,45070,45140,45030,45125,45065
2025-09-29 00:30:00,14400,45080,45020,45060,45030,45090,45030,45070,45040,45085,45025,45065,45035
2025-09-29 00:35:00,9800,45070,45010,45030,45030,45080,45030,45040,45040,45075,45020,45035,45035
2025-09-29 00:40:00,48700,45050,44950,45030,45050,45060,44970,45040,45060,45055,44960,45035,45055
2025-09-29 00:45:00,11400,45070,44990,45050,44990,45080,45000,45060,45000,45075,44995,45055,44995
2025-09-29 00:50:00,7300,45020,44990,44990,44990,45030,45000,45000,45000,45025,44995,44995,44995
2025-09-29 00:55:00,11300,45030,44980,44990,44990,45040,44990,45000,45000,45035,44985,44995,44995
2025-09-29 01:00:00,16200,45000,44940,44990,44970,45010,44950,45000,44980,45005,44945,44995,44975
2025-09-29 01:05:00,8000,45000,44960,44970,44970,45010,44970,44980,44980,45005,44965,44975,44975
2025-09-29 01:10:00,13700,45030,44930,44970,45020,45040,44940,44980,45030,45035,44935,44975,45025
2025-09-29 01:15:00,6200,45030,44970,45020,44970,45040,44980,45030,44980,45035,44975,45025,44975
2025-09-29 01:20:00,11300,44970,44920,44970,44930,44980,44930,44980,44950,44975,44925,44975,44940
2025-09-29 01:25:00,5300,44950,44920,44930,44930,44960,44940,44950,44940,44955,44930,44940,44935
2025-09-29 01:30:00,11800,44950,44910,44930,44940,44960,44920,44940,44950,44955,44915,44935,44945
2025-09-29 01:35:00,6500,44980,44920,44940,44930,44990,44930,44950,44940,44985,44925,44945,44935
2025-09-29 01:40:00,17700,44960,44900,44930,44950,44970,44910,44940,44970,44965,44905,44935,44960
2025-09-29 01:45:00,8300,44980,44940,44950,44950,44990,44950,44970,44970,44985,44945,44960,44960
2025-09-29 01:50:00,7600,45010,44950,44950,44980,45020,44960,44970,45000,45015,44955,44960,44990
2025-09-29 01:55:00,4700,44990,44960,44980,44990,45010,44970,45000,45000,45000,44965,44990,44995
2025-09-29 02:00:00,7800,44990,44930,44990,44950,45010,44950,45000,44970,45000,44940,44995,44960
2025-09-29 02:05:00,2700,44970,44930,44950,44930,44990,44940,44970,44940,44980,44935,44960,44935
2025-09-29 02:10:00,4100,44940,44910,44930,44930,44950,44920,44940,44940,44945,44915,44935,44935
2025-09-29 02:15:00,6100,44940,44900,44930,44900,44950,44910,44940,44910,44945,44905,44935,44905
2025-09-29 02:20:00,8900,44910,44890,44900,44900,44920,44900,44910,44910,44915,44895,44905,44905
2025-09-29 02:25:00,4800,44920,44890,44900,44900,44930,44900,44910,44920,44925,44895,44905,44910
2025-09-29 02:30:00,13000,44890,44890,44890,44890,44920,44920,44920,44920,44905,44905,44905,44905
2025-09-29 03:30:00,36700,45060,44920,44920,45050,45070,44920,44920,45070,45065,44920,44920,45060
2025-09-29 03:35:00,16900,45160,45060,45060,45160,45170,45070,45070,45170,45165,45065,45065,45165
2025-09-29 03:40:00,17900,45270,45150,45160,45260,45290,45170,45170,45280,45280,45160,45165,45270
2025-09-29 03:45:00,15900,45280,45170,45260,45190,45290,45180,45280,45200,45285,45175,45270,45195
2025-09-29 03:50:00,6700,45220,45150,45180,45160,45230,45160,45200,45170,45225,45155,45190,45165
2025-09-29 03:55:00,6700,45230,45150,45160,45220,45240,45160,45170,45240,45235,45155,45165,45230
2025-09-29 04:00:00,8800,45260,45200,45220,45250,45270,45210,45240,45270,45265,45205,45230,45260
2025-09-29 04:05:00,7600,45280,45230,45250,45240,45290,45240,45270,45250,45285,45235,45260,45245
2025-09-29 04:10:00,5300,45270,45230,45240,45260,45280,45240,45250,45270,45275,45235,45245,45265
2025-09-29 04:15:00,4400,45260,45190,45260,45210,45270,45200,45270,45230,45265,45195,45265,45220
2025-09-29 04:20:00,3200,45230,45200,45210,45200,45250,45210,45230,45210,45240,45205,45220,45205
2025-09-29 04:25:00,4800,45210,45180,45200,45200,45220,45190,45210,45210,45215,45185,45205,45205
2025-09-29 04:30:00,8500,45260,45200,45200,45210,45270,45210,45210,45230,45265,45205,45205,45220
2025-09-29 04:35:00,3800,45210,45190,45210,45190,45230,45200,45230,45210,45220,45195,45220,45200
2025-09-29 04:40:00,2600,45210,45190,45190,45190,45220,45210,45210,45210,45215,45200,45200,45200
2025-09-29 04:45:00,4700,45200,45170,45190,45170,45210,45180,45210,45180,45205,45175,45200,45175
2025-09-29 04:50:00,4600,45200,45170,45170,45200,45210,45180,45180,45210,45205,45175,45175,45205
2025-09-29 04:55:00,3700,45200,45160,45200,45170,45210,45170,45210,45180,45205,45165,45205,45175
2025-09-29 05:00:00,8700,45170,45140,45170,45150,45180,45150,45180,45170,45175,45145,45175,45160
2025-09-29 05:05:00,4800,45150,45120,45150,45120,45170,45130,45170,45140,45160,45125,45160,45130
2025-09-29 05:10:00,6100,45170,45120,45120,45140,45180,45130,45140,45160,45175,45125,45130,45150
2025-09-29 05:15:00,4200,45180,45140,45140,45180,45190,45150,45160,45190,45185,45145,45150,45185
2025-09-29 05:20:00,4400,45210,45180,45180,45200,45230,45190,45190,45210,45220,45185,45185,45205
2025-09-29 05:25:00,7400,45240,45200,45200,45210,45260,45210,45210,45220,45250,45205,45205,45215
2025-09-29 05:30:00,7400,45220,45200,45210,45210,45240,45210,45220,45220,45230,45205,45215,45215
2025-09-29 05:35:00,6900,45220,45170,45210,45190,45230,45190,45220,45200,45225,45180,45215,45195
2025-09-29 05:40:00,7200,45240,45180,45190,45240,45250,45200,45200,45250,45245,45190,45195,45245
2025-09-29 05:45:00,4300,45240,45190,45240,45190,45250,45200,45250,45200,45245,45195,45245,45195
2025-09-29 05:50:00,4700,45190,45170,45190,45170,45200,45180,45200,45180,45195,45175,45195,45175
2025-09-29 05:55:00,6200,45170,45140,45170,45140,45180,45150,45180,45150,45175,45145,45175,45145
2025-09-29 06:00:00,8400,45200,45140,45140,45170,45210,45150,45150,45190,45205,45145,45145,45180
2025-09-29 06:05:00,6300,45200,45170,45180,45190,45210,45180,45190,45200,45205,45175,45185,45195
2025-09-29 06:10:00,10000,45190,45150,45190,45150,45200,45160,45200,45170,45195,45155,45195,45160
2025-09-29 06:15:00,11600,45160,45120,45150,45120,45170,45130,45170,45130,45165,45125,45160,45125
2025-09-29 06:20:00,15000,45150,45110,45120,45130,45160,45120,45130,45150,45155,45115,45125,45140
2025-09-29 06:25:00,,46800,45200,45490,45380,46810,45200,45490,45390,46805,45200,45490,45385
2025-09-29 06:30:00,416100,45230,45230,45230,45230,45390,45390,45390,45390,45310,45310,45310,45310
2025-09-30 00:00:00,120900,45110,44850,45000,44920,45150,44860,45010,44940,45130,44855,45005,44930
2025-09-30 00:05:00,27100,44970,44850,44920,44890,44980,44860,44940,44910,44975,44855,44930,44900
2025-09-30 00:10:00,23100,44970,44830,44890,44870,44980,44840,44910,44890,44975,44835,44900,44880
2025-09-30 00:15:00,34400,44950,44810,44870,44870,44970,44840,44890,44880,44960,44825,44880,44875
2025-09-30 00:20:00,32400,44880,44750,44870,44750,44900,44760,44880,44770,44890,44755,44875,44760
2025-09-30 00:25:00,14000,44850,44750,44750,44810,44860,44770,44770,44830,44855,44760,44760,44820
2025-09-30 00:30:00,12400,44870,44800,44810,44800,44880,44810,44830,44810,44875,44805,44820,44805
2025-09-30 00:35:00,13900,44850,44760,44800,44770,44870,44770,44810,44790,44860,44765,44805,44780
2025-09-30 00:40:00,6200,44810,44770,44770,44800,44820,44790,44790,44820,44815,44780,44780,44810
2025-09-30 00:45:00,13900,44930,44800,44800,44910,44940,44810,44820,44930,44935,44805,44810,44920
2025-09-30 00:50:00,10000,44940,44850,44920,44880,44950,44860,44930,44890,44945,44855,44925,44885
2025-09-30 00:55:00,6200,44890,44850,44880,44850,44910,44860,44890,44870,44900,44855,44885,44860
2025-09-30 01:00:00,6500,44910,44850,44850,44870,44920,44860,44870,44880,44915,44855,44860,44875
2025-09-30 01:05:00,14900,44870,44800,44870,44800,44890,44810,44880,44810,44875,44805,44875,44805
2025-09-30 01:10:00,8900,44850,44780,44800,44840,44860,44790,44810,44850,44855,44785,44805,44845
2025-09-30 01:15:00,21900,45030,44840,44840,44990,45040,44850,44850,45020,45035,44845,44845,45005
2025-09-30 01:20:00,11000,45070,44960,44990,45020,45080,44980,45020,45040,45075,44970,45005,45030
2025-09-30 01:25:00,8600,45080,45000,45020,45060,45090,45020,45040,45080,45085,45015,45030,45070
2025-09-30 01:30:00,6300,45090,45040,45060,45070,45100,45050,45080,45080,45095,45045,45070,45075
2025-09-30 01:35:00,10400,45120,45050,45070,45070,45130,45070,45080,45090,45125,45060,45075,45080
2025-09-30 01:40:00,7000,45090,45020,45070,45070,45100,45040,45090,45090,45095,45030,45080,45080
2025-09-30 01:45:00,9300,45140,45060,45070,45140,45150,45070,45090,45150,45145,45065,45080,45145
2025-09-30 01:50:00,10000,45160,45100,45140,45140,45170,45110,45150,45150,45165,45105,45145,45145
2025-09-30 01:55:00,6200,45140,45040,45140,45050,45150,45050,45150,45070,45145,45045,45145,45060
2025-09-30 02:00:00,8500,45060,45000,45050,45010,45080,45020,45070,45030,45065,45010,45060,45020
2025-09-30 02:05:00,8900,45090,45000,45010,45060,45100,45010,45030,45080,45095,45005,45020,45070
2025-09-30 02:10:00,2100,45080,45040,45060,45040,45090,45050,45080,45060,45085,45045,45070,45050
2025-09-30 02:15:00,2700,45080,45030,45040,45040,45090,45050,45060,45050,45085,45040,45050,45045
2025-09-30 02:20:00,10200,45050,44980,45040,45020,45060,44990,45050,45040,45055,44985,45045,45030
2025-09-30 02:25:00,7000,45020,44960,45020,44960,45040,44970,45040,44990,45030,44965,45030,44975
2025-09-30 02:30:00,5800,44960,44960,44960,44960,45000,45000,45000,45000,44980,44980,44980,44980
2025-09-30 03:30:00,34600,45160,45000,45000,45120,45170,45010,45010,45140,45165,45005,45005,45130
2025-09-30 03:35:00,6900,45140,45100,45120,45110,45160,45120,45140,45130,45150,45110,45130,45120
2025-09-30 03:40:00,10500,45140,45080,45110,45110,45160,45090,45130,45130,45150,45085,45120,45120
2025-09-30 03:45:00,2600,45130,45100,45110,45100,45140,45110,45130,45120,45135,45105,45120,45110
2025-09-30 03:50:00,2900,45110,45090,45100,45100,45120,45100,45120,45110,45115,45095,45110,45105
2025-09-30 03:55:00,6400,45150,45100,45100,45130,45160,45110,45110,45150,45155,45105,45105,45140
2025-09-30 04:00:00,1900,45130,45110,45130,45120,45150,45120,45150,45130,45140,45115,45140,45125
2025-09-30 04:05:00,5900,45160,45110,45120,45150,45170,45120,45130,45160,45165,45115,45125,45155
2025-09-30 04:10:00,5900,45170,45140,45140,45150,45180,45160,45160,45170,45175,45150,45150,45160
2025-09-30 04:15:00,2200,45150,45130,45150,45130,45170,45140,45170,45140,45160,45135,45160,45135
2025-09-30 04:20:00,1200,45140,45130,45130,45130,45150,45140,45140,45140,45145,45135,45135,45135
2025-09-30 04:25:00,4200,45160,45120,45130,45120,45170,45130,45140,45130,45165,45125,45135,45125
2025-09-30 04:30:00,3300,45160,45100,45120,45160,45170,45110,45130,45170,45165,45105,45125,45165
2025-09-30 04:35:00,9700,45220,45150,45160,45210,45240,45170,45170,45220,45230,45160,45165,45215
2025-09-30 04:40:00,4600,45230,45200,45210,45200,45240,45210,45220,45220,45235,45205,45215,45210
2025-09-30 04:45:00,3700,45230,45200,45200,45200,45250,45210,45220,45220,45240,45205,45210,45210
2025-09-30 04:50:00,3800,45220,45180,45200,45190,45230,45190,45220,45200,45225,45185,45210,45195
2025-09-30 04:55:00,4500,45190,45130,45190,45130,45200,45140,45200,45150,45195,45135,45195,45140
2025-09-30 05:00:00,6000,45130,45080,45130,45100,45140,45100,45140,45120,45135,45090,45135,45110
2025-09-30 05:05:00,4900,45180,45100,45100,45170,45190,45110,45120,45190,45185,45105,45110,45180
2025-09-30 05:10:00,3900,45180,45140,45170,45170,45190,45160,45190,45190,45185,45155,45180,45180
2025-09-30 05:15:00,2500,45180,45130,45170,45130,45190,45140,45190,45140,45185,45135,45180,45135
2025-09-30 05:20:00,3600,45140,45120,45130,45130,45150,45130,45140,45140,45145,45125,45135,45135
2025-09-30 05:25:00,6300,45130,45080,45130,45080,45140,45090,45140,45090,45135,45085,45135,45085
2025-09-30 05:30:00,3200,45120,45080,45080,45100,45130,45090,45090,45110,45125,45085,45085,45105
2025-09-30 05:35:00,3300,45100,45080,45100,45090,45120,45090,45110,45100,45110,45085,45105,45095
2025-09-30 05:40:00,7100,45120,45060,45090,45070,45130,45080,45100,45080,45125,45070,45095,45075
2025-09-30 05:45:00,3400,45090,45060,45070,45070,45110,45070,45080,45090,45100,45065,45075,45080
2025-09-30 05:50:00,4900,45080,45050,45070,45050,45090,45060,45090,45070,45085,45055,45080,45060
2025-09-30 05:55:00,5600,45050,45010,45050,45020,45070,45020,45070,45030,45060,45015,45060,45025
2025-09-30 06:00:00,18200,45020,44920,45020,44930,45030,44930,45030,44950,45025,44925,45025,44940
2025-09-30 06:05:00,7900,44970,44920,44930,44950,44980,44940,44950,44970,44975,44930,44940,44960
2025-09-30 06:10:00,7800,44960,44920,44960,44920,44970,44930,44970,44930,44965,44925,44965,44925
2025-09-30 06:15:00,6900,44930,44900,44920,44900,44940,44910,44930,44920,44935,44905,44925,44910
2025-09-30 06:20:00,16300,44950,44900,44900,44950,44980,44910,44920,44980,44965,44905,44910,44965
2025-09-30 06:25:00,,45040,44750,44850,45040,45050,44760,44860,45050,45045,44755,44855,45045
2025-09-30 06:30:00,416800,45000,45000,45000,45000,45050,45050,45050,45050,45025,45025,45025,45025
2025-10-01 00:00:00,86500,44980,44680,44740,44850,44990,44700,44750,44870,44985,44695,44745,44860
2025-10-01 00:05:00,19800,44870,44710,44850,44760,44900,44730,44870,44770,44885,44725,44860,44765
2025-10-01 00:10:00,15900,44870,44740,44760,44860,44880,44750,44770,44880,44875,44745,44765,44870
2025-10-01 00:15:00,23600,44930,44850,44860,44850,44940,44860,44880,44870,44935,44855,44870,44860
2025-10-01 00:20:00,15100,44880,44780,44850,44880,44890,44800,44870,44890,44885,44790,44860,44885
2025-10-01 00:25:00,11500,44900,44800,44870,44800,44910,44810,44890,44810,44905,44805,44880,44805
2025-10-01 00:30:00,17900,44830,44760,44800,44770,44850,44780,44810,44790,44840,44770,44805,44780
2025-10-01 00:35:00,11100,44880,44750,44770,44830,44890,44760,44790,44850,44885,44755,44780,44840
2025-10-01 00:40:00,10500,44930,44830,44830,44920,44950,44850,44850,44940,44940,44840,44840,44930
2025-10-01 00:45:00,4800,44930,44850,44920,44850,44940,44860,44940,44870,44935,44855,44930,44860
2025-10-01 00:50:00,7100,44890,44810,44850,44890,44910,44820,44870,44910,44900,44815,44860,44900
2025-10-01 00:55:00,6300,44900,44810,44890,44850,44920,44820,44910,44870,44910,44815,44900,44860
2025-10-01 01:00:00,4500,44860,44810,44850,44820,44870,44820,44870,44840,44865,44815,44860,44830
2025-10-01 01:05:00,6100,44860,44810,44820,44860,44870,44820,44840,44870,44865,44815,44830,44865
2025-10-01 01:10:00,4900,44860,44810,44860,44840,44870,44820,44870,44860,44865,44815,44865,44850
2025-10-01 01:15:00,3700,44880,44820,44840,44830,44890,44830,44860,44850,44885,44825,44850,44840
2025-10-01 01:20:00,8800,44850,44780,44830,44850,44870,44800,44850,44870,44860,44790,44840,44860
2025-10-01 01:25:00,5600,44860,44800,44850,44820,44870,44810,44870,44840,44865,44805,44860,44830
2025-10-01 01:30:00,13600,44940,44810,44820,44860,44950,44820,44840,44880,44945,44815,44830,44870
2025-10-01 01:35:00,7300,44930,44850,44860,44910,44940,44870,44880,44930,44935,44860,44870,44920
2025-10-01 01:40:00,10500,44990,44890,44910,44970,45000,44910,44930,44990,44995,44900,44920,44980
2025-10-01 01:45:00,16100,45030,44930,44970,44950,45040,44940,44990,44970,45035,44935,44980,44960
2025-10-01 01:50:00,13100,45090,44940,44950,45090,45100,44960,44970,45100,45095,44950,44960,45095
2025-10-01 01:55:00,7800,45100,45000,45090,45010,45110,45020,45100,45030,45105,45010,45095,45020
2025-10-01 02:00:00,8600,45050,44930,45010,44980,45060,44950,45030,45000,45055,44945,45020,44990
2025-10-01 02:05:00,4700,45070,44970,44980,45050,45080,44980,45000,45060,45075,44975,44990,45055
2025-10-01 02:10:00,3000,45070,45010,45050,45030,45080,45030,45060,45050,45075,45020,45055,45040
2025-10-01 02:15:00,8900,45040,44930,45030,44940,45050,44940,45050,44960,45045,44935,45040,44950
2025-10-01 02:20:00,2600,44990,44940,44940,44940,45000,44950,44960,44960,44995,44945,44950,44950
2025-10-01 02:25:00,4400,44950,44910,44940,44940,44970,44930,44960,44960,44960,44920,44950,44950
2025-10-01 02:30:00,13200,44930,44930,44930,44930,44960,44960,44960,44960,44945,44945,44945,44945
2025-10-01 03:30:00,43600,44980,44800,44970,44820,44990,44820,44970,44830,44985,44810,44970,44825
2025-10-01 03:35:00,12700,44860,44770,44820,44770,44870,44780,44830,44780,44865,44775,44825,44775
2025-10-01 03:40:00,13400,44780,44730,44770,44750,44800,44750,44780,44760,44790,44740,44775,44755
2025-10-01 03:45:00,22300,44750,44680,44750,44720,44760,44690,44760,44740,44755,44685,44755,44730
2025-10-01 03:50:00,7300,44760,44720,44720,44750,44770,44730,44740,44760,44765,44725,44730,44755
2025-10-01 03:55:00,15700,44820,44720,44750,44810,44830,44730,44760,44830,44825,44725,44755,44820
2025-10-01 04:00:00,6800,44820,44720,44810,44750,44840,44730,44840,44760,44825,44725,44825,44755
2025-10-01 04:05:00,3800,44760,44720,44750,44740,44780,44730,44760,44760,44770,44725,44755,44750
2025-10-01 04:10:00,3300,44790,44740,44740,44770,44800,44760,44760,44790,44795,44750,44750,44780
2025-10-01 04:15:00,5500,44830,44770,44770,44810,44840,44780,44790,44820,44835,44775,44780,44815
2025-10-01 04:20:00,6200,44840,44790,44810,44830,44850,44800,44820,44850,44845,44795,44815,44840
2025-10-01 04:25:00,4400,44880,44820,44830,44870,44890,44840,44850,44890,44885,44830,44840,44880
2025-10-01 04:30:00,9700,44950,44850,44870,44940,44970,44860,44880,44950,44960,44855,44875,44945
2025-10-01 04:35:00,2700,44950,44860,44940,44870,44960,44880,44950,44880,44955,44870,44945,44875
2025-10-01 04:40:00,5000,44890,44830,44870,44880,44910,44840,44880,44900,44900,44835,44875,44890
2025-10-01 04:45:00,4500,44930,44870,44880,44930,44940,44890,44900,44940,44935,44880,44890,44935
2025-10-01 04:50:00,4100,44940,44860,44930,44890,44950,44880,44940,44900,44945,44870,44935,44895
2025-10-01 04:55:00,3200,44890,44860,44890,44860,44910,44870,44900,44880,44900,44865,44895,44870
2025-10-01 05:00:00,7200,44930,44830,44860,44930,44950,44840,44880,44950,44940,44835,44870,44940
2025-10-01 05:05:00,6400,44980,44910,44930,44980,44990,44920,44950,44990,44985,44915,44940,44985
2025-10-01 05:10:00,8700,45040,44980,44980,44990,45050,44990,44990,45010,45045,44985,44985,45000
2025-10-01 05:15:00,4200,45000,44930,44990,44950,45010,44940,45010,44960,45005,44935,45000,44955
2025-10-01 05:20:00,5700,44960,44910,44950,44940,44970,44920,44960,44960,44965,44915,44955,44950
2025-10-01 05:25:00,4400,44960,44930,44940,44940,44970,44940,44960,44960,44965,44935,44950,44950
2025-10-01 05:30:00,4000,44980,44920,44940,44970,44990,44930,44960,44980,44985,44925,44950,44975
2025-10-01 05:35:00,4000,44980,44940,44970,44980,44990,44950,44980,44990,44985,44945,44975,44985
2025-10-01 05:40:00,6600,45010,44960,44980,44980,45020,44970,44990,45000,45015,44965,44985,44990
2025-10-01 05:45:00,7800,45080,44970,44980,45080,45090,44990,44990,45090,45085,44980,44985,45085
2025-10-01 05:50:00,12700,45130,45060,45080,45130,45140,45070,45090,45140,45135,45065,45085,45135
2025-10-01 05:55:00,23400,45210,45100,45130,45180,45230,45120,45140,45190,45220,45110,45135,45185
2025-10-01 06:00:00,22100,45320,45170,45180,45320,45340,45180,45190,45330,45330,45175,45185,45325
2025-10-01 06:05:00,18100,45340,45250,45320,45330,45350,45270,45330,45340,45345,45265,45325,45335
2025-10-01 06:10:00,10800,45330,45250,45330,45280,45340,45260,45340,45290,45335,45255,45335,45285
2025-10-01 06:15:00,22600,45390,45270,45280,45350,45400,45280,45300,45370,45395,45275,45290,45360
2025-10-01 06:20:00,16400,45380,45340,45350,45340,45400,45350,45370,45350,45390,45345,45360,45345
2025-10-01 06:25:00,,45290,44640,45240,45290,45300,44640,45250,45300,45295,44640,45245,45295
2025-10-01 06:30:00,239100,45280,45280,45280,45280,45310,45310,45310,45310,45295,45295,45295,45295
2025-10-02 00:00:00,129000,45700,45360,45700,45610,45710,45390,45710,45620,45705,45375,45705,45615
2025-10-02 00:05:00,38700,45610,45340,45600,45520,45630,45360,45620,45540,45620,45350,45610,45530
2025-10-02 00:10:00,14600,45590,45480,45520,45520,45600,45500,45540,45550,45595,45490,45530,45535
2025-10-02 00:15:00,26700,45640,45520,45520,45600,45650,45530,45550,45630,45645,45525,45535,45615
2025-10-02 00:20:00,22200,45620,45440,45600,45470,45640,45450,45630,45490,45630,45445,45615,45480
2025-10-02 00:25:00,10200,45490,45420,45470,45480,45510,45440,45490,45490,45500,45435,45480,45485
2025-10-02 00:30:00,18600,45540,45440,45480,45540,45550,45450,45490,45550,45545,45445,45485,45545
2025-10-02 00:35:00,17600,45560,45510,45540,45530,45580,45530,45550,45550,45570,45520,45545,45540
2025-10-02 00:40:00,14600,45590,45480,45530,45560,45600,45500,45550,45570,45595,45495,45540,45565
2025-10-02 00:45:00,15900,45620,45520,45560,45550,45640,45530,45570,45570,45630,45525,45565,45560
2025-10-02 00:50:00,11700,45620,45530,45550,45550,45630,45550,45570,45570,45625,45540,45560,45560
2025-10-02 00:55:00,5800,45590,45540,45550,45570,45600,45550,45570,45590,45595,45545,45560,45580
2025-10-02 01:00:00,7300,45620,45540,45570,45610,45630,45550,45590,45620,45625,45545,45580,45615
2025-10-02 01:05:00,26800,45730,45600,45610,45720,45740,45610,45620,45730,45735,45605,45615,45725
2025-10-02 01:10:00,16200,45770,45580,45720,45580,45790,45590,45730,45600,45780,45585,45725,45590
2025-10-02 01:15:00,7800,45620,45560,45580,45580,45640,45570,45600,45600,45630,45565,45590,45590
2025-10-02 01:20:00,7900,45590,45520,45580,45530,45600,45530,45600,45550,45595,45525,45590,45540
2025-10-02 01:25:00,7400,45620,45530,45530,45560,45640,45540,45550,45570,45630,45535,45540,45565
2025-10-02 01:30:00,11100,45590,45520,45560,45570,45600,45530,45570,45580,45595,45525,45565,45575
2025-10-02 01:35:00,14100,45570,45450,45570,45480,45580,45470,45580,45500,45575,45460,45575,45490
2025-10-02 01:40:00,8300,45510,45460,45480,45490,45530,45480,45500,45500,45515,45470,45490,45495
2025-10-02 01:45:00,9500,45510,45450,45490,45510,45530,45460,45500,45520,45520,45455,45495,45515
2025-10-02 01:50:00,10000,45530,45460,45510,45490,45540,45480,45520,45510,45535,45470,45515,45500
2025-10-02 01:55:00,4300,45500,45450,45500,45460,45510,45460,45510,45470,45505,45455,45505,45465
2025-10-02 02:00:00,5500,45470,45410,45460,45440,45480,45430,45470,45450,45475,45425,45465,45445
2025-10-02 02:05:00,20800,45450,45300,45440,45320,45470,45310,45450,45340,45460,45305,45445,45330
2025-10-02 02:10:00,21800,45340,45210,45320,45210,45350,45220,45340,45230,45345,45215,45330,45220
2025-10-02 02:15:00,9200,45270,45200,45210,45230,45290,45210,45230,45250,45275,45205,45220,45240
2025-10-02 02:20:00,10000,45260,45130,45230,45140,45270,45140,45250,45150,45265,45135,45240,45145
2025-10-02 02:25:00,12500,45170,45130,45140,45130,45190,45140,45150,45150,45180,45135,45145,45140
2025-10-02 02:30:00,10500,45120,45120,45120,45120,45150,45150,45150,45150,45135,45135,45135,45135
2025-10-02 03:30:00,39400,45260,45110,45150,45180,45280,45130,45150,45190,45270,45120,45150,45185
2025-10-02 03:35:00,20000,45210,45090,45180,45100,45230,45100,45190,45110,45220,45095,45185,45105
2025-10-02 03:40:00,19000,45130,45050,45100,45050,45140,45060,45110,45060,45135,45055,45105,45055
2025-10-02 03:45:00,29200,45070,44910,45050,44950,45080,44920,45060,44970,45075,44915,45055,44960
2025-10-02 03:50:00,16700,44950,44800,44950,44820,44970,44810,44970,44830,44960,44805,44960,44825
2025-10-02 03:55:00,14300,44920,44800,44820,44890,44930,44810,44830,44910,44925,44805,44825,44900
2025-10-02 04:00:00,13100,44900,44830,44890,44870,44920,44850,44910,44890,44910,44840,44900,44880
2025-10-02 04:05:00,11600,44940,44870,44870,44920,44950,44880,44890,44930,44945,44875,44880,44925
2025-10-02 04:10:00,8100,44930,44850,44920,44860,44940,44860,44930,44870,44935,44855,44925,44865
2025-10-02 04:15:00,11400,44880,44820,44860,44830,44900,44830,44870,44850,44890,44825,44865,44840
2025-10-02 04:20:00,5200,44860,44820,44830,44860,44870,44830,44850,44870,44865,44825,44840,44865
2025-10-02 04:25:00,6400,44920,44850,44860,44910,44930,44870,44870,44930,44925,44860,44865,44920
2025-10-02 04:30:00,9600,44920,44850,44910,44870,44930,44870,44930,44890,44925,44860,44920,44880
2025-10-02 04:35:00,3300,44900,44870,44870,44890,44910,44880,44890,44900,44905,44875,44880,44895
2025-10-02 04:40:00,7900,44940,44880,44890,44920,44950,44890,44900,44940,44945,44885,44895,44930
2025-10-02 04:45:00,5600,44970,44920,44920,44970,44980,44940,44940,44980,44975,44930,44930,44975
2025-10-02 04:50:00,34300,45040,44960,44970,45010,45050,44970,44980,45020,45045,44965,44975,45015
2025-10-02 04:55:00,14600,45040,44990,45010,45000,45050,45000,45020,45010,45045,44995,45015,45005
2025-10-02 05:00:00,23800,45130,44970,45000,45100,45150,44980,45010,45120,45140,44975,45005,45110
2025-10-02 05:05:00,12600,45110,45000,45100,45000,45120,45010,45120,45010,45115,45005,45110,45005
2025-10-02 05:10:00,11000,45010,44980,45000,44980,45020,44990,45010,44990,45015,44985,45005,44985
2025-10-02 05:15:00,8800,44990,44920,44980,44940,45000,44940,44990,44950,44995,44930,44985,44945
2025-10-02 05:20:00,8600,44940,44900,44940,44900,44950,44910,44950,44920,44945,44905,44945,44910
2025-10-02 05:25:00,9700,44920,44880,44900,44910,44940,44890,44920,44930,44930,44885,44910,44920
2025-10-02 05:30:00,5200,44930,44900,44910,44910,44940,44910,44930,44930,44935,44905,44920,44920
2025-10-02 05:35:00,6000,44920,44890,44910,44900,44930,44900,44930,44920,44925,44895,44920,44910
2025-10-02 05:40:00,4200,44940,44900,44900,44930,44950,44910,44920,44940,44945,44905,44910,44935
2025-10-02 05:45:00,6200,44960,44920,44930,44930,44970,44930,44940,44940,44965,44925,44935,44935
2025-10-02 05:50:00,6800,44950,44920,44930,44930,44960,44930,44940,44940,44955,44925,44935,44935
2025-10-02 05:55:00,9400,44940,44900,44930,44900,44950,44910,44940,44920,44945,44905,44935,44910
2025-10-02 06:00:00,10800,44900,44850,44900,44880,44920,44860,44920,44890,44910,44855,44910,44885
2025-10-02 06:05:00,6700,44890,44850,44880,44880,44900,44870,44890,44890,44895,44860,44885,44885
2025-10-02 06:10:00,14000,44920,44870,44880,44890,44930,44890,44890,44910,44925,44880,44885,44900
2025-10-02 06:15:00,12000,44910,44870,44890,44890,44920,44880,44910,44900,44915,44875,44900,44895
2025-10-02 06:20:00,30300,44900,44820,44890,44830,44920,44830,44900,44840,44910,44825,44895,44835
2025-10-02 06:25:00,,44990,44080,44410,44800,45000,44080,44420,44810,44995,44080,44415,44805
2025-10-02 06:30:00,232500,44800,44800,44800,44800,44820,44820,44820,44820,44810,44810,44810,44810
2025-10-03 00:00:00,132100,44840,44380,44730,44760,44860,44440,44740,44780,44850,44425,44735,44770
2025-10-03 00:05:00,37300,44960,44720,44760,44880,44980,44730,44780,44910,44970,44725,44770,44895
2025-10-03 00:10:00,31400,45010,44750,44880,44760,45020,44780,44900,44780,45015,44765,44890,44770
2025-10-03 00:15:00,24500,44780,44620,44760,44680,44800,44630,44780,44700,44790,44625,44770,44690
2025-10-03 00:20:00,23100,44700,44550,44680,44570,44710,44560,44700,44590,44705,44555,44690,44580
2025-10-03 00:25:00,10100,44610,44550,44570,44600,44630,44560,44590,44620,44620,44555,44580,44610
2025-10-03 00:30:00,9600,44650,44560,44600,44610,44670,44570,44620,44630,44660,44565,44610,44620
2025-10-03 00:35:00,16600,44690,44600,44610,44650,44700,44620,44630,44660,44695,44610,44620,44655
2025-10-03 00:40:00,9800,44670,44610,44650,44660,44680,44620,44660,44680,44675,44615,44655,44670
2025-10-03 00:45:00,12900,44750,44620,44660,44730,44760,44630,44680,44750,44755,44625,44670,44740
2025-10-03 00:50:00,12700,44780,44720,44730,44740,44790,44730,44750,44760,44785,44725,44740,44750
2025-10-03 00:55:00,9500,44850,44730,44740,44850,44870,44740,44760,44860,44860,44735,44750,44855
2025-10-03 01:00:00,13900,44870,44730,44850,44770,44880,44740,44860,44790,44875,44735,44855,44780
2025-10-03 01:05:00,21600,44830,44680,44770,44730,44840,44700,44790,44740,44835,44695,44780,44735
2025-10-03 01:10:00,14000,44910,44730,44730,44850,44920,44740,44740,44870,44915,44735,44735,44860
2025-10-03 01:15:00,15600,44950,44820,44850,44920,44960,44840,44870,44930,44955,44830,44860,44925
2025-10-03 01:20:00,8500,44920,44820,44920,44830,44940,44830,44930,44850,44930,44825,44925,44840
2025-10-03 01:25:00,11900,44910,44800,44830,44890,44920,44810,44850,44910,44915,44805,44840,44900
2025-10-03 01:30:00,31500,45020,44870,44890,45000,45030,44880,44910,45010,45025,44875,44900,45005
2025-10-03 01:35:00,17200,45060,44990,45000,44990,45070,45000,45010,45000,45065,44995,45005,44995
2025-10-03 01:40:00,14800,44990,44810,44990,44870,45000,44830,45000,44880,44995,44820,44995,44875
2025-10-03 01:45:00,4500,44920,44860,44870,44870,44940,44880,44880,44890,44930,44870,44875,44880
2025-10-03 01:50:00,6000,44880,44830,44870,44870,44890,44840,44890,44890,44885,44835,44880,44880
2025-10-03 01:55:00,8000,44910,44840,44870,44890,44930,44850,44890,44910,44920,44845,44880,44900
2025-10-03 02:00:00,8100,45020,44890,44890,44990,45030,44910,44910,45000,45025,44900,44900,44995
2025-10-03 02:05:00,8800,44990,44910,44990,44940,45010,44930,45000,44960,45000,44920,44995,44950
2025-10-03 02:10:00,8100,44940,44820,44940,44870,44960,44830,44960,44890,44950,44825,44950,44880
2025-10-03 02:15:00,3600,44920,44870,44870,44910,44940,44890,44890,44920,44930,44880,44880,44915
2025-10-03 02:20:00,4400,44910,44860,44910,44860,44920,44880,44920,44880,44915,44870,44915,44870
2025-10-03 02:25:00,9400,44870,44780,44860,44780,44890,44800,44880,44800,44880,44790,44870,44790
2025-10-03 02:30:00,11900,44780,44780,44780,44780,44810,44810,44810,44810,44795,44795,44795,44795
2025-10-03 03:30:00,37400,45060,44820,44880,45020,45070,44860,44890,45030,45065,44850,44885,45025
2025-10-03 03:35:00,17100,45130,45020,45020,45080,45140,45030,45030,45100,45135,45025,45025,45090
2025-10-03 03:40:00,8500,45120,45030,45080,45030,45130,45040,45100,45050,45125,45035,45090,45040
2025-10-03 03:45:00,9300,45050,44980,45030,45010,45060,45000,45050,45030,45055,44990,45040,45020
2025-10-03 03:50:00,5400,45020,44980,45010,45020,45040,44990,45030,45030,45030,44985,45020,45025
2025-10-03 03:55:00,14200,45050,44980,45020,45030,45100,44990,45030,45040,45060,44985,45025,45035
2025-10-03 04:00:00,10600,45040,44980,45030,45000,45050,44990,45040,45010,45045,44985,45035,45005
2025-10-03 04:05:00,3800,45040,44990,45000,45030,45050,45000,45010,45050,45045,44995,45005,45040
2025-10-03 04:10:00,5100,45070,45030,45030,45030,45080,45040,45050,45040,45075,45035,45040,45035
2025-10-03 04:15:00,2900,45040,45010,45030,45020,45050,45020,45040,45040,45045,45015,45035,45030
2025-10-03 04:20:00,10900,45100,45020,45030,45090,45110,45040,45040,45100,45105,45030,45035,45095
2025-10-03 04:25:00,4900,45120,45080,45090,45110,45130,45100,45100,45120,45125,45090,45095,45115
2025-10-03 04:30:00,9800,45180,45090,45110,45170,45190,45100,45130,45180,45185,45095,45120,45175
2025-10-03 04:35:00,4300,45170,45140,45160,45150,45190,45160,45180,45170,45180,45150,45170,45160
2025-10-03 04:40:00,4300,45160,45120,45150,45130,45170,45130,45170,45140,45165,45125,45160,45135
2025-10-03 04:45:00,5900,45180,45120,45130,45180,45190,45130,45140,45190,45185,45125,45135,45185
2025-10-03 04:50:00,7800,45210,45160,45180,45180,45220,45170,45190,45190,45215,45165,45185,45185
2025-10-03 04:55:00,7900,45180,45100,45180,45120,45190,45110,45190,45130,45185,45105,45185,45125
2025-10-03 05:00:00,6400,45150,45110,45120,45150,45160,45120,45130,45160,45155,45115,45125,45155
2025-10-03 05:05:00,5400,45200,45130,45150,45150,45210,45140,45160,45160,45205,45135,45155,45155
2025-10-03 05:10:00,5500,45200,45150,45150,45180,45210,45160,45160,45190,45205,45155,45155,45185
2025-10-03 05:15:00,7100,45190,45130,45180,45180,45200,45140,45190,45190,45195,45135,45185,45185
2025-10-03 05:20:00,7800,45210,45150,45180,45200,45220,45160,45190,45220,45215,45155,45185,45210
2025-10-03 05:25:00,6400,45240,45200,45200,45240,45250,45220,45220,45250,45245,45210,45210,45245
2025-10-03 05:30:00,14000,45330,45240,45240,45310,45340,45250,45250,45320,45335,45245,45245,45315
2025-10-03 05:35:00,10200,45370,45310,45310,45310,45380,45320,45320,45320,45375,45315,45315,45315
2025-10-03 05:40:00,6400,45340,45300,45310,45300,45350,45310,45320,45320,45345,45305,45315,45310
2025-10-03 05:45:00,6600,45360,45300,45300,45320,45370,45320,45320,45340,45365,45310,45310,45330
2025-10-03 05:50:00,5600,45380,45320,45320,45380,45390,45340,45340,45390,45385,45330,45330,45385
2025-10-03 05:55:00,9700,45380,45320,45380,45320,45390,45330,45390,45330,45385,45325,45385,45325
2025-10-03 06:00:00,8900,45350,45310,45320,45330,45370,45320,45330,45340,45360,45315,45325,45335
2025-10-03 06:05:00,7800,45340,45280,45330,45320,45350,45290,45340,45330,45345,45285,45335,45325
2025-10-03 06:10:00,9700,45340,45280,45320,45320,45350,45290,45330,45330,45345,45285,45325,45325
2025-10-03 06:15:00,11700,45360,45300,45320,45360,45370,45310,45330,45370,45365,45305,45325,45365
2025-10-03 06:20:00,12300,45360,45320,45360,45330,45370,45340,45370,45350,45365,45330,45365,45340
2025-10-03 06:25:00,,45450,44610,44780,45450,45460,44620,44790,45460,45455,44615,44785,45455
2025-10-03 06:30:00,158200,45400,45400,45400,45400,45470,45470,45470,45470,45435,45435,45435,45435
2025-10-06 00:00:00,,47410,46160,47190,46860,47410,46160,47200,46860,47410,46160,47195,46860
2025-10-06 00:05:00,334700,47720,46860,46860,47580,47770,46860,46860,47610,47745,46860,46860,47595
2025-10-06 00:10:00,160200,47820,47380,47580,47690,47840,47400,47610,47720,47830,47395,47595,47705
2025-10-06 00:15:00,97900,47900,47660,47690,47890,47920,47670,47720,47910,47910,47665,47705,47900
2025-10-06 00:20:00,61900,47890,47450,47890,47490,47910,47480,47910,47510,47900,47465,47900,47500
2025-10-06 00:25:00,84700,47520,47360,47490,47450,47540,47380,47510,47470,47530,47375,47500,47460
2025-10-06 00:30:00,48600,47530,47420,47450,47510,47550,47450,47470,47530,47540,47440,47460,47520
2025-10-06 00:35:00,39000,47670,47500,47510,47640,47690,47520,47530,47660,47680,47510,47520,47650
2025-10-06 00:40:00,57100,47890,47630,47640,47860,47900,47650,47660,47880,47895,47640,47650,47870
2025-10-06 00:45:00,32300,47870,47640,47860,47790,47890,47650,47880,47810,47880,47645,47870,47800
2025-10-06 00:50:00,25100,47860,47780,47790,47810,47870,47800,47810,47830,47865,47790,47800,47820
2025-10-06 00:55:00,18400,47820,47620,47810,47670,47830,47630,47830,47680,47825,47625,47820,47675
2025-10-06 01:00:00,20400,47730,47610,47670,47710,47750,47630,47680,47730,47740,47620,47675,47720
2025-10-06 01:05:00,20500,47810,47670,47710,47720,47830,47680,47730,47740,47820,47675,47720,47730
2025-10-06 01:10:00,20500,47850,47720,47720,47790,47860,47740,47740,47810,47855,47730,47730,47800
2025-10-06 01:15:00,11100,47820,47700,47790,47770,47830,47720,47810,47800,47825,47710,47800,47785
2025-10-06 01:20:00,21500,47780,47640,47770,47670,47800,47650,47800,47680,47790,47645,47785,47675
2025-10-06 01:25:00,15200,47730,47640,47660,47720,47750,47660,47680,47740,47740,47650,47670,47730
2025-10-06 01:30:00,12900,47740,47630,47720,47710,47750,47640,47740,47730,47745,47635,47730,47720
2025-10-06 01:35:00,15000,47790,47670,47710,47770,47800,47690,47730,47800,47795,47685,47720,47785
2025-10-06 01:40:00,43100,47930,47770,47770,47870,47940,47800,47800,47890,47935,47785,47785,47880
2025-10-06 01:45:00,15800,47940,47850,47870,47870,47950,47870,47890,47880,47945,47860,47880,47875
2025-10-06 01:50:00,12500,47870,47790,47870,47790,47890,47800,47880,47810,47880,47795,47875,47800
2025-10-06 01:55:00,14800,47790,47680,47790,47680,47810,47690,47810,47700,47800,47685,47800,47690
2025-10-06 02:00:00,9000,47810,47680,47680,47760,47830,47700,47700,47790,47820,47690,47690,47775
2025-10-06 02:05:00,7400,47800,47720,47760,47730,47810,47740,47790,47740,47805,47730,47775,47735
2025-10-06 02:10:00,8600,47780,47680,47730,47730,47790,47690,47740,47750,47785,47685,47735,47740
2025-10-06 02:15:00,5700,47740,47680,47730,47700,47770,47690,47750,47710,47755,47685,47740,47705
2025-10-06 02:20:00,6500,47750,47690,47700,47740,47760,47710,47710,47750,47755,47700,47705,47745
2025-10-06 02:25:00,8200,47750,47660,47740,47660,47760,47680,47750,47690,47755,47670,47745,47675
2025-10-06 02:30:00,7200,47660,47660,47660,47660,47690,47690,47690,47690,47675,47675,47675,47675
2025-10-06 03:30:00,45500,47610,47500,47600,47560,47650,47520,47610,47570,47630,47510,47605,47565
2025-10-06 03:35:00,28400,47560,47380,47560,47480,47570,47390,47570,47500,47565,47385,47565,47490
2025-10-06 03:40:00,19300,47490,47400,47480,47430,47500,47440,47500,47460,47495,47425,47490,47445
2025-10-06 03:45:00,16400,47500,47420,47430,47490,47510,47430,47460,47500,47505,47425,47445,47495
2025-10-06 03:50:00,23100,47630,47490,47490,47580,47640,47500,47500,47600,47635,47495,47495,47590
2025-10-06 03:55:00,9500,47600,47490,47580,47500,47620,47510,47600,47520,47610,47500,47590,47510
2025-10-06 04:00:00,21100,47540,47420,47500,47420,47550,47430,47520,47450,47545,47425,47510,47435
2025-10-06 04:05:00,10800,47490,47420,47420,47470,47500,47440,47450,47500,47495,47430,47435,47485
2025-10-06 04:10:00,6600,47530,47470,47470,47510,47550,47490,47500,47530,47540,47480,47485,47520
2025-10-06 04:15:00,7100,47530,47490,47510,47500,47550,47500,47530,47520,47540,47495,47520,47510
2025-10-06 04:20:00,7100,47580,47500,47500,47540,47590,47510,47520,47560,47585,47505,47510,47550
2025-10-06 04:25:00,13700,47600,47510,47540,47600,47610,47520,47560,47610,47605,47515,47550,47605
2025-10-06 04:30:00,10500,47650,47600,47600,47600,47660,47610,47610,47610,47655,47605,47605,47605
2025-10-06 04:35:00,10600,47650,47600,47600,47640,47670,47620,47620,47650,47660,47610,47610,47645
2025-10-06 04:40:00,15300,47710,47640,47640,47680,47720,47650,47660,47690,47715,47645,47650,47685
2025-10-06 04:45:00,6900,47730,47670,47680,47730,47740,47690,47690,47740,47735,47680,47685,47735
2025-10-06 04:50:00,12600,47760,47730,47730,47740,47770,47740,47740,47750,47765,47735,47735,47745
2025-10-06 04:55:00,6600,47750,47690,47740,47690,47760,47700,47750,47710,47755,47695,47745,47700
2025-10-06 05:00:00,9900,47720,47640,47690,47720,47730,47660,47710,47730,47725,47650,47700,47725
2025-10-06 05:05:00,8000,47740,47710,47720,47710,47750,47720,47730,47730,47745,47715,47725,47720
2025-10-06 05:10:00,6500,47740,47680,47710,47680,47750,47690,47730,47690,47745,47685,47720,47685
2025-10-06 05:15:00,11600,47770,47640,47680,47740,47780,47660,47690,47760,47775,47650,47685,47750
2025-10-06 05:20:00,9300,47790,47730,47740,47770,47800,47740,47760,47790,47795,47735,47750,47780
2025-10-06 05:25:00,19900,47830,47770,47770,47790,47840,47780,47790,47810,47835,47775,47780,47800
2025-10-06 05:30:00,11100,47870,47790,47790,47870,47880,47810,47810,47880,47875,47800,47800,47875
2025-10-06 05:35:00,18400,47940,47860,47870,47930,47950,47870,47880,47940,47945,47865,47875,47935
2025-10-06 05:40:00,11800,47930,47890,47930,47930,47940,47900,47940,47940,47935,47895,47935,47935
2025-10-06 05:45:00,20000,47970,47910,47930,47930,47980,47930,47940,47940,47975,47920,47935,47935
2025-10-06 05:50:00,8800,47930,47880,47930,47910,47950,47890,47940,47930,47940,47885,47935,47920
2025-10-06 05:55:00,10600,47930,47880,47910,47890,47940,47890,47920,47900,47935,47885,47915,47895
2025-10-06 06:00:00,14300,47940,47840,47890,47900,47950,47850,47900,47910,47945,47845,47895,47905
2025-10-06 06:05:00,9200,47910,47870,47900,47900,47920,47880,47910,47920,47915,47875,47905,47910
2025-10-06 06:10:00,15300,47940,47890,47900,47920,47950,47910,47920,47930,47945,47900,47910,47925
2025-10-06 06:15:00,15000,47920,47860,47920,47880,47930,47880,47930,47900,47925,47870,47925,47890
2025-10-06 06:20:00,21100,47890,47830,47880,47880,47900,47840,47900,47890,47895,47835,47890,47885
2025-10-06 06:25:00,,47990,47210,47360,47710,48000,47220,47370,47720,47995,47215,47365,47715
2025-10-06 06:30:00,363900,47710,47710,47710,47710,47800,47800,47800,47800,47755,47755,47755,47755
2025-10-07 00:00:00,118000,47550,47210,47270,47250,47590,47250,47280,47270,47570,47235,47275,47260
2025-10-07 00:05:00,33900,47410,47200,47250,47380,47430,47210,47270,47400,47420,47205,47260,47390
2025-10-07 00:10:00,29800,47480,47350,47380,47460,47490,47360,47400,47490,47485,47355,47390,47475
2025-10-07 00:15:00,37800,47600,47450,47460,47570,47610,47460,47490,47590,47605,47455,47475,47580
2025-10-07 00:20:00,23400,47640,47460,47570,47460,47650,47470,47590,47470,47645,47465,47580,47465
2025-10-07 00:25:00,24600,47520,47400,47460,47490,47530,47410,47470,47510,47525,47405,47465,47500
2025-10-07 00:30:00,16200,47530,47380,47490,47400,47540,47410,47510,47410,47535,47395,47500,47405
2025-10-07 00:35:00,20400,47410,47280,47400,47380,47420,47290,47410,47400,47415,47285,47405,47390
2025-10-07 00:40:00,31900,47530,47380,47380,47380,47540,47390,47400,47400,47535,47385,47390,47390
2025-10-07 00:45:00,16500,47450,47310,47380,47310,47460,47320,47400,47330,47455,47315,47390,47320
2025-10-07 00:50:00,18300,47350,47260,47310,47310,47370,47270,47330,47330,47360,47265,47320,47320
2025-10-07 00:55:00,11900,47380,47270,47310,47380,47400,47280,47330,47390,47390,47275,47320,47385
2025-10-07 01:00:00,12600,47460,47350,47380,47380,47470,47370,47390,47400,47465,47360,47385,47390
2025-10-07 01:05:00,7100,47400,47330,47380,47360,47420,47350,47400,47370,47410,47340,47390,47365
2025-10-07 01:10:00,9800,47370,47310,47360,47360,47380,47330,47370,47380,47375,47320,47365,47370
2025-10-07 01:15:00,9100,47360,47290,47360,47320,47380,47300,47380,47340,47370,47295,47370,47330
2025-10-07 01:20:00,10700,47330,47260,47320,47320,47340,47270,47340,47330,47335,47265,47330,47325
2025-10-07 01:25:00,10000,47400,47300,47310,47380,47420,47320,47330,47400,47410,47310,47320,47390
2025-10-07 01:30:00,10600,47460,47380,47380,47430,47470,47400,47400,47440,47465,47390,47390,47435
2025-10-07 01:35:00,8700,47460,47380,47430,47430,47470,47390,47440,47450,47465,47385,47435,47440
2025-10-07 01:40:00,6400,47440,47370,47440,47390,47450,47380,47450,47410,47445,47375,47445,47400
2025-10-07 01:45:00,4400,47410,47350,47390,47400,47420,47370,47410,47420,47415,47365,47400,47410
2025-10-07 01:50:00,6500,47440,47400,47410,47420,47450,47410,47420,47430,47445,47405,47415,47425
2025-10-07 01:55:00,18800,47410,47260,47410,47330,47430,47280,47430,47340,47420,47270,47420,47335
2025-10-07 02:00:00,8700,47350,47270,47330,47350,47360,47280,47340,47360,47355,47275,47335,47355
2025-10-07 02:05:00,10700,47430,47340,47350,47420,47440,47360,47360,47440,47435,47350,47355,47430
2025-10-07 02:10:00,11600,47480,47370,47420,47400,47490,47390,47440,47410,47485,47380,47430,47405
2025-10-07 02:15:00,10600,47490,47380,47400,47460,47500,47400,47410,47480,47495,47390,47405,47470
2025-10-07 02:20:00,4000,47490,47420,47460,47470,47500,47430,47480,47480,47495,47425,47470,47475
2025-10-07 02:25:00,10400,47490,47450,47470,47470,47500,47470,47480,47490,47495,47460,47475,47480
2025-10-07 02:30:00,3300,47460,47460,47460,47460,47490,47490,47490,47490,47475,47475,47475,47475
2025-10-07 03:30:00,92900,47620,47340,47540,47350,47630,47350,47550,47360,47625,47345,47545,47355
2025-10-07 03:35:00,16700,47430,47320,47350,47390,47440,47330,47360,47410,47435,47325,47355,47400
2025-10-07 03:40:00,27400,47490,47370,47390,47460,47500,47380,47410,47480,47495,47375,47400,47470
2025-10-07 03:45:00,14300,47490,47390,47470,47430,47500,47400,47480,47450,47495,47395,47475,47440
2025-10-07 03:50:00,21400,47510,47350,47430,47370,47520,47380,47450,47380,47515,47365,47440,47375
2025-10-07 03:55:00,21300,47380,47280,47370,47310,47400,47290,47380,47330,47390,47285,47375,47320
2025-10-07 04:00:00,21100,47320,47220,47310,47240,47330,47230,47330,47260,47325,47225,47320,47250
2025-10-07 04:05:00,19700,47260,47160,47240,47180,47270,47170,47260,47190,47265,47165,47250,47185
2025-10-07 04:10:00,16200,47200,47150,47180,47160,47210,47160,47190,47170,47205,47155,47185,47165
2025-10-07 04:15:00,12800,47200,47130,47160,47200,47210,47140,47170,47210,47205,47135,47165,47205
2025-10-07 04:20:00,14000,47240,47180,47200,47230,47250,47200,47210,47250,47245,47190,47205,47240
2025-10-07 04:25:00,21200,47240,47090,47230,47100,47250,47110,47250,47110,47245,47100,47240,47105
2025-10-07 04:30:00,23000,47130,46960,47100,46970,47140,46970,47110,46980,47135,46965,47105,46975
2025-10-07 04:35:00,11600,47010,46920,46970,47010,47020,46940,46980,47020,47015,46930,46975,47015
2025-10-07 04:40:00,5400,47070,47010,47010,47070,47090,47020,47020,47080,47080,47015,47015,47075
2025-10-07 04:45:00,9400,47120,47070,47070,47120,47140,47080,47080,47130,47130,47075,47075,47125
2025-10-07 04:50:00,13400,47170,47110,47120,47110,47180,47120,47130,47120,47175,47115,47125,47115
2025-10-07 04:55:00,6800,47150,47110,47110,47140,47160,47120,47120,47160,47155,47115,47115,47150
2025-10-07 05:00:00,10100,47160,47120,47140,47130,47170,47140,47150,47150,47165,47130,47145,47140
2025-10-07 05:05:00,9600,47130,47070,47130,47080,47150,47090,47150,47100,47140,47080,47140,47090
2025-10-07 05:10:00,7900,47100,47050,47080,47060,47110,47060,47100,47070,47105,47055,47090,47065
2025-10-07 05:15:00,9800,47100,47030,47060,47080,47120,47050,47070,47100,47110,47040,47065,47090
2025-10-07 05:20:00,9300,47160,47080,47080,47100,47180,47090,47100,47120,47170,47085,47090,47110
2025-10-07 05:25:00,11300,47130,47100,47100,47120,47150,47110,47120,47140,47140,47105,47110,47130
2025-10-07 05:30:00,16500,47200,47090,47120,47200,47210,47110,47140,47210,47205,47100,47130,47205
2025-10-07 05:35:00,9800,47220,47140,47200,47180,47230,47150,47210,47200,47225,47145,47205,47190
2025-10-07 05:40:00,9900,47220,47180,47180,47180,47230,47190,47200,47200,47225,47185,47190,47190
2025-10-07 05:45:00,19000,47210,47140,47180,47200,47230,47160,47200,47210,47220,47150,47190,47205
2025-10-07 05:50:00,26500,47290,47190,47200,47270,47300,47210,47210,47290,47295,47200,47205,47280
2025-10-07 05:55:00,20100,47310,47180,47270,47220,47320,47190,47290,47240,47315,47185,47280,47230
2025-10-07 06:00:00,20300,47280,47150,47220,47160,47300,47160,47240,47180,47290,47155,47230,47170
2025-10-07 06:05:00,15600,47190,47090,47170,47130,47200,47110,47180,47150,47195,47100,47175,47140
2025-10-07 06:10:00,20600,47170,47110,47130,47170,47180,47120,47150,47180,47175,47115,47140,47175
2025-10-07 06:15:00,22400,47230,47150,47170,47210,47240,47170,47180,47220,47235,47160,47175,47215
2025-10-07 06:20:00,31200,47250,47170,47210,47180,47270,47190,47220,47200,47260,47180,47215,47190
2025-10-07 06:25:00,,47290,45000,45290,47090,47300,45010,45300,47100,47295,45005,45295,47095
2025-10-07 06:30:00,307900,47090,47090,47090,47090,47150,47150,47150,47150,47120,47120,47120,47120
2025-10-08 00:00:00,96600,47470,47120,47120,47350,47480,47120,47120,47360,47475,47120,47120,47355
2025-10-08 00:05:00,27400,47370,47140,47350,47240,47390,47160,47360,47250,47380,47155,47355,47245
2025-10-08 00:10:00,28100,47250,46990,47240,46990,47280,47000,47250,47010,47265,46995,47245,47000
2025-10-08 00:15:00,21700,47040,46950,46990,47000,47070,46970,47010,47020,47055,46965,47000,47010
2025-10-08 00:20:00,30400,47110,46930,47000,46940,47120,46950,47020,46960,47115,46940,47010,46950
2025-10-08 00:25:00,19800,46980,46830,46940,46880,47000,46850,46960,46900,46985,46840,46950,46890
2025-10-08 00:30:00,16800,46950,46810,46880,46890,46970,46820,46900,46910,46960,46815,46890,46900
2025-10-08 00:35:00,11100,46970,46880,46890,46910,46980,46890,46910,46930,46975,46885,46900,46920
2025-10-08 00:40:00,27900,46930,46780,46910,46800,46940,46800,46930,46820,46935,46790,46920,46810
2025-10-08 00:45:00,14600,46860,46790,46800,46810,46870,46800,46820,46820,46865,46795,46810,46815
2025-10-08 00:50:00,10200,46880,46780,46810,46830,46890,46790,46820,46850,46885,46785,46815,46840
2025-10-08 00:55:00,22100,46920,46810,46830,46900,46930,46830,46850,46910,46925,46820,46840,46905
2025-10-08 01:00:00,18200,46990,46870,46900,46970,47000,46890,46910,46990,46995,46880,46905,46980
2025-10-08 01:05:00,11300,46980,46900,46970,46950,46990,46920,46990,46960,46985,46910,46980,46955
2025-10-08 01:10:00,7200,46990,46940,46950,46970,47000,46950,46960,46990,46995,46945,46955,46980
2025-10-08 01:15:00,7600,46970,46920,46970,46950,46980,46930,46980,46970,46975,46925,46975,46960
2025-10-08 01:20:00,9600,46990,46860,46950,46870,47000,46880,46970,46880,46995,46870,46960,46875
2025-10-08 01:25:00,7200,46890,46830,46870,46860,46900,46840,46880,46870,46895,46835,46875,46865
2025-10-08 01:30:00,7400,46920,46840,46850,46860,46940,46860,46870,46880,46930,46850,46860,46870
2025-10-08 01:35:00,4800,46950,46850,46860,46900,46970,46870,46880,46910,46960,46860,46870,46905
2025-10-08 01:40:00,15900,46950,46900,46900,46950,46970,46910,46910,46970,46960,46905,46905,46960
2025-10-08 01:45:00,9100,47070,46940,46950,47060,47080,46960,46970,47070,47075,46950,46960,47065
2025-10-08 01:50:00,4100,47060,47010,47060,47030,47070,47020,47070,47050,47065,47015,47065,47040
2025-10-08 01:55:00,3400,47040,46980,47030,47000,47050,46990,47050,47010,47045,46985,47040,47005
2025-10-08 02:00:00,5400,47010,46930,47000,46950,47020,46950,47010,46970,47015,46940,47005,46960
2025-10-08 02:05:00,3600,46990,46940,46950,46980,47000,46960,46970,47000,46995,46950,46960,46990
2025-10-08 02:10:00,4300,47030,46960,46980,47030,47050,46980,47000,47050,47040,46970,46990,47040
2025-10-08 02:15:00,15100,47090,47030,47030,47080,47100,47050,47050,47100,47095,47040,47040,47090
2025-10-08 02:20:00,9600,47100,47060,47080,47080,47110,47080,47100,47090,47105,47070,47090,47085
2025-10-08 02:25:00,7500,47100,47010,47070,47010,47110,47020,47090,47040,47105,47015,47080,47025
2025-10-08 02:30:00,3700,47010,47010,47010,47010,47040,47040,47040,47040,47025,47025,47025,47025
2025-10-08 03:30:00,30700,47110,46980,47000,47010,47120,47010,47010,47030,47115,47000,47005,47020
2025-10-08 03:35:00,17500,47010,46910,47010,46930,47030,46920,47030,46950,47020,46915,47020,46940
2025-10-08 03:40:00,9700,47050,46930,46930,47030,47060,46950,46950,47050,47055,46940,46940,47040
2025-10-08 03:45:00,6900,47110,47030,47030,47100,47120,47050,47050,47110,47115,47040,47040,47105
2025-10-08 03:50:00,9100,47120,47050,47100,47050,47130,47060,47110,47070,47125,47055,47105,47060
2025-10-08 03:55:00,6100,47070,47020,47050,47040,47080,47040,47070,47060,47075,47030,47060,47050
2025-10-08 04:00:00,13000,47110,47030,47040,47110,47120,47040,47060,47120,47115,47035,47050,47115
2025-10-08 04:05:00,14200,47180,47110,47110,47180,47190,47120,47120,47190,47185,47115,47115,47185
2025-10-08 04:10:00,11700,47190,47130,47180,47180,47200,47140,47190,47190,47195,47135,47185,47185
2025-10-08 04:15:00,14000,47190,47110,47180,47180,47200,47130,47190,47190,47195,47120,47185,47185
2025-10-08 04:20:00,12600,47240,47170,47180,47210,47250,47190,47190,47230,47245,47180,47185,47220
2025-10-08 04:25:00,4600,47210,47150,47210,47180,47230,47160,47230,47190,47220,47155,47220,47185
2025-10-08 04:30:00,4300,47180,47150,47170,47170,47190,47170,47190,47180,47185,47160,47180,47175
2025-10-08 04:35:00,4200,47180,47150,47170,47160,47190,47160,47180,47170,47185,47155,47175,47165
2025-10-08 04:40:00,5300,47180,47150,47160,47160,47190,47160,47170,47180,47185,47155,47165,47170
2025-10-08 04:45:00,4800,47190,47150,47170,47160,47200,47160,47180,47170,47195,47155,47175,47165
2025-10-08 04:50:00,6900,47190,47160,47160,47180,47200,47170,47170,47190,47195,47165,47165,47185
2025-10-08 04:55:00,3500,47180,47130,47180,47140,47200,47140,47200,47150,47190,47135,47190,47145
2025-10-08 05:00:00,5300,47140,47060,47140,47080,47150,47080,47150,47090,47145,47070,47145,47085
2025-10-08 05:05:00,7600,47130,47070,47080,47110,47150,47080,47090,47130,47140,47075,47085,47120
2025-10-08 05:10:00,3000,47120,47090,47110,47090,47140,47100,47130,47100,47130,47095,47120,47095
2025-10-08 05:15:00,2700,47100,47060,47090,47070,47110,47070,47100,47080,47105,47065,47095,47075
2025-10-08 05:20:00,5300,47070,47040,47070,47040,47090,47050,47080,47060,47080,47045,47075,47050
2025-10-08 05:25:00,10800,47120,47040,47040,47100,47140,47060,47060,47110,47130,47050,47050,47105
2025-10-08 05:30:00,6800,47100,47050,47100,47060,47110,47060,47110,47070,47105,47055,47105,47065
2025-10-08 05:35:00,6500,47100,47050,47050,47090,47110,47060,47070,47110,47105,47055,47060,47100
2025-10-08 05:40:00,4400,47100,47080,47090,47090,47110,47090,47110,47110,47105,47085,47100,47100
2025-10-08 05:45:00,9000,47100,47020,47090,47020,47110,47030,47110,47030,47105,47025,47100,47025
2025-10-08 05:50:00,9500,47060,47010,47020,47020,47080,47020,47030,47030,47070,47015,47025,47025
2025-10-08 05:55:00,17400,47030,46930,47020,46940,47050,46940,47030,46950,47040,46935,47025,46945
2025-10-08 06:00:00,12900,46980,46910,46940,46910,46990,46920,46950,46920,46985,46915,46945,46915
2025-10-08 06:05:00,19700,46920,46850,46910,46880,46930,46870,46920,46900,46925,46860,46915,46890
2025-10-08 06:10:00,13100,46880,46820,46880,46820,46900,46830,46900,46830,46890,46825,46890,46825
2025-10-08 06:15:00,25200,46810,46730,46810,46740,46830,46740,46830,46750,46820,46735,46820,46745
2025-10-08 06:20:00,23700,46760,46690,46740,46720,46770,46700,46750,46740,46765,46695,46745,46730
2025-10-08 06:25:00,,47130,45390,46180,46710,47140,45400,46190,46720,47135,45395,46185,46715
2025-10-08 06:30:00,383400,46700,46700,46700,46700,46720,46720,46720,46720,46710,46710,46710,46710
2025-10-09 00:00:00,136300,47000,46480,46910,46590,47030,46490,46920,46620,47015,46485,46915,46605
2025-10-09 00:05:00,30000,46930,46510,46590,46930,46960,46520,46620,46950,46945,46515,46605,46940
2025-10-09 00:10:00,19600,46930,46640,46930,46710,46960,46670,46950,46730,46940,46655,46940,46720
2025-10-09 00:15:00,26400,46970,46670,46710,46900,46990,46710,46730,46920,46980,46690,46720,46910
2025-10-09 00:20:00,17700,46950,46780,46900,46780,46980,46800,46920,46800,46965,46790,46910,46790
2025-10-09 00:25:00,27200,46950,46760,46780,46850,46960,46780,46800,46870,46955,46770,46790,46860
2025-10-09 00:30:00,12400,46940,46830,46850,46940,46950,46850,46870,46950,46945,46840,46860,46945
2025-10-09 00:35:00,21600,46970,46860,46940,46890,46980,46870,46950,46900,46975,46865,46945,46895
2025-10-09 00:40:00,11600,46900,46820,46890,46840,46920,46830,46900,46860,46910,46825,46895,46850
2025-10-09 00:45:00,14700,46890,46790,46840,46820,46900,46810,46860,46840,46895,46800,46850,46830
2025-10-09 00:50:00,15800,46890,46770,46820,46830,46910,46780,46840,46850,46900,46775,46830,46840
2025-10-09 00:55:00,8300,46900,46830,46830,46860,46910,46850,46850,46880,46905,46840,46840,46870
2025-10-09 01:00:00,23000,46980,46860,46860,46930,46990,46880,46880,46950,46985,46870,46870,46940
2025-10-09 01:05:00,10500,46960,46870,46930,46890,46980,46890,46950,46900,46970,46880,46940,46895
2025-10-09 01:10:00,12700,46940,46780,46890,46930,46950,46790,46900,46950,46945,46785,46895,46940
2025-10-09 01:15:00,25400,47020,46850,46930,46980,47040,46860,46950,47000,47030,46855,46940,46990
2025-10-09 01:20:00,18400,47040,46970,46980,47010,47050,46990,47000,47030,47045,46980,46990,47020
2025-10-09 01:25:00,16900,47060,46910,47010,46920,47070,46930,47030,46940,47065,46920,47020,46930
2025-10-09 01:30:00,13700,46960,46860,46910,46930,46980,46880,46940,46950,46970,46870,46925,46940
2025-10-09 01:35:00,11100,47020,46920,46930,47020,47030,46940,46950,47030,47025,46930,46940,47025
2025-10-09 01:40:00,10300,47060,47000,47020,47060,47070,47010,47030,47070,47065,47005,47025,47065
2025-10-09 01:45:00,11800,47080,47000,47060,47010,47090,47010,47070,47030,47085,47005,47065,47020
2025-10-09 01:50:00,6000,47060,47000,47010,47050,47070,47020,47020,47070,47065,47010,47015,47060
2025-10-09 01:55:00,10700,47130,47050,47050,47120,47140,47070,47070,47140,47135,47060,47060,47130
2025-10-09 02:00:00,14800,47160,47050,47120,47070,47170,47070,47140,47080,47165,47060,47130,47075
2025-10-09 02:05:00,12900,47070,46920,47060,46950,47080,46950,47080,46970,47075,46935,47070,46960
2025-10-09 02:10:00,5100,47030,46930,46950,47020,47040,46940,46970,47040,47035,46935,46960,47030
2025-10-09 02:15:00,10200,47110,47020,47020,47090,47130,47040,47040,47110,47120,47030,47030,47100
2025-10-09 02:20:00,16300,47120,47050,47100,47070,47130,47070,47110,47090,47125,47060,47105,47080
2025-10-09 02:25:00,20200,47130,47060,47070,47100,47140,47070,47090,47120,47135,47065,47080,47110
2025-10-09 02:30:00,5100,47100,47100,47100,47100,47130,47130,47130,47130,47115,47115,47115,47115
2025-10-09 03:30:00,39600,47200,47070,47130,47100,47220,47110,47130,47120,47205,47095,47130,47110
2025-10-09 03:35:00,12200,47140,47090,47100,47140,47150,47110,47120,47150,47145,47100,47110,47145
2025-10-09 03:40:00,27500,47290,47140,47140,47270,47300,47150,47150,47280,47295,47145,47145,47275
2025-10-09 03:45:00,11500,47300,47230,47270,47260,47320,47250,47280,47280,47310,47240,47275,47270
2025-10-09 03:50:00,9600,47270,47210,47270,47210,47280,47220,47280,47220,47275,47215,47275,47215
2025-10-09 03:55:00,21400,47300,47200,47210,47290,47310,47210,47220,47310,47305,47205,47215,47300
2025-10-09 04:00:00,17600,47370,47280,47290,47360,47380,47290,47310,47370,47375,47285,47300,47365
2025-10-09 04:05:00,42500,47610,47360,47360,47610,47620,47370,47370,47620,47615,47365,47365,47615
2025-10-09 04:10:00,29500,47710,47580,47610,47680,47730,47600,47620,47690,47720,47590,47615,47685
2025-10-09 04:15:00,20900,47770,47620,47680,47760,47780,47640,47690,47780,47775,47630,47685,47770
2025-10-09 04:20:00,18800,47770,47700,47760,47710,47780,47710,47780,47720,47775,47705,47770,47715
2025-10-09 04:25:00,22300,47770,47700,47710,47710,47780,47710,47720,47730,47775,47705,47715,47720
2025-10-09 04:30:00,18500,47780,47660,47710,47700,47790,47680,47730,47710,47785,47675,47720,47705
2025-10-09 04:35:00,12800,47790,47700,47700,47790,47800,47710,47710,47800,47795,47705,47705,47795
2025-10-09 04:40:00,15900,47800,47730,47790,47730,47810,47740,47800,47740,47805,47735,47795,47735
2025-10-09 04:45:00,9900,47790,47720,47730,47770,47800,47730,47740,47780,47795,47725,47735,47775
2025-10-09 04:50:00,19700,47840,47770,47770,47830,47850,47780,47780,47840,47845,47775,47775,47835
2025-10-09 04:55:00,25100,47890,47810,47830,47890,47900,47830,47840,47900,47895,47820,47835,47895
2025-10-09 05:00:00,20300,47900,47810,47890,47810,47910,47820,47900,47820,47905,47815,47895,47815
2025-10-09 05:05:00,12200,47840,47780,47810,47800,47850,47790,47820,47820,47845,47785,47815,47810
2025-10-09 05:10:00,21100,47850,47690,47800,47690,47860,47710,47820,47710,47855,47700,47810,47700
2025-10-09 05:15:00,14800,47790,47690,47690,47730,47810,47700,47710,47750,47800,47695,47700,47740
2025-10-09 05:20:00,10800,47760,47710,47730,47760,47770,47730,47750,47770,47765,47720,47740,47765
2025-10-09 05:25:00,13100,47810,47710,47760,47800,47820,47730,47770,47810,47815,47720,47765,47805
2025-10-09 05:30:00,15900,47820,47760,47800,47810,47840,47770,47810,47820,47830,47765,47805,47815
2025-10-09 05:35:00,17200,47870,47780,47810,47860,47890,47790,47820,47870,47880,47785,47815,47865
2025-10-09 05:40:00,13000,47880,47830,47860,47840,47890,47840,47870,47860,47885,47835,47865,47850
2025-10-09 05:45:00,23100,47880,47780,47840,47790,47890,47790,47860,47810,47885,47785,47850,47800
2025-10-09 05:50:00,13500,47800,47760,47790,47780,47820,47770,47810,47790,47810,47765,47800,47785
2025-10-09 05:55:00,11400,47810,47770,47780,47800,47820,47780,47790,47810,47815,47775,47785,47805
2025-10-09 06:00:00,27800,47910,47800,47800,47900,47920,47810,47810,47920,47915,47805,47805,47910
2025-10-09 06:05:00,25400,47940,47890,47900,47930,47950,47900,47920,47940,47945,47895,47910,47935
2025-10-09 06:10:00,59000,48070,47930,47930,48060,48100,47940,47940,48070,48085,47935,47935,48065
2025-10-09 06:15:00,25500,48100,48050,48060,48100,48110,48070,48070,48110,48105,48060,48065,48105
2025-10-09 06:20:00,54900,48230,48080,48100,48160,48240,48090,48110,48180,48235,48085,48105,48170
2025-10-09 06:25:00,,48490,46480,46920,48280,48500,46490,46930,48290,48495,46485,46925,48285
2025-10-09 06:30:00,375400,48280,48280,48280,48280,48290,48290,48290,48290,48285,48285,48285,48285
2025-10-10 00:00:00,,51510,48990,50990,49690,51520,48990,51000,49690,51515,48990,50995,49690
2025-10-10 00:05:00,911200,51100,49690,49690,50680,51140,49690,49690,50710,51120,49690,49690,50695
2025-10-10 00:10:00,437100,51920,50060,50680,51290,51990,50100,50710,51310,51950,50085,50695,51300
2025-10-10 00:15:00,198800,51650,51010,51290,51460,51680,51080,51310,51490,51665,51045,51300,51475
2025-10-10 00:20:00,116100,51500,50910,51460,51180,51520,50940,51500,51220,51510,50925,51480,51200
2025-10-10 00:25:00,86200,51270,50800,51180,50870,51300,50820,51210,50900,51285,50810,51195,50885
2025-10-10 00:30:00,135400,51180,50650,50870,51170,51200,50670,50900,51190,51185,50665,50885,51180
2025-10-10 00:35:00,77000,51270,51000,51170,51050,51280,51020,51190,51060,51275,51010,51180,51055
2025-10-10 00:40:00,55400,51190,51040,51050,51080,51200,51060,51060,51090,51195,51055,51055,51085
2025-10-10 00:45:00,53700,51170,50970,51080,51140,51190,50980,51090,51160,51180,50975,51085,51150
2025-10-10 00:50:00,91800,51330,50950,51140,51280,51340,50990,51160,51290,51335,50975,51150,51285
2025-10-10 00:55:00,63700,51400,51060,51280,51350,51410,51080,51290,51360,51405,51070,51285,51355
2025-10-10 01:00:00,93800,51560,51110,51350,51520,51580,51130,51360,51540,51570,51120,51355,51530
2025-10-10 01:05:00,142000,51890,51520,51520,51720,51900,51540,51540,51730,51895,51530,51530,51725
2025-10-10 01:10:00,89000,51940,51680,51720,51910,51950,51690,51730,51940,51945,51685,51725,51925
2025-10-10 01:15:00,158200,52080,51900,51910,52060,52090,51910,51940,52070,52085,51905,51925,52065
2025-10-10 01:20:00,141500,52180,51600,52060,51880,52190,51620,52070,51910,52185,51615,52065,51895
2025-10-10 01:25:00,78800,51900,51560,51880,51760,51920,51570,51910,51770,51910,51565,51895,51765
2025-10-10 01:30:00,35300,51800,51660,51760,51670,51810,51670,51770,51680,51805,51665,51765,51675
2025-10-10 01:35:00,87800,51680,51140,51670,51240,51700,51160,51680,51260,51690,51150,51675,51250
2025-10-10 01:40:00,48600,51390,51140,51240,51320,51400,51160,51260,51330,51395,51150,51250,51325
2025-10-10 01:45:00,45600,51530,51300,51320,51310,51550,51320,51330,51320,51535,51315,51325,51315
2025-10-10 01:50:00,27000,51450,51230,51310,51360,51460,51250,51320,51380,51455,51240,51315,51370
2025-10-10 01:55:00,33900,51520,51330,51360,51410,51540,51350,51380,51430,51525,51340,51370,51420
2025-10-10 02:00:00,27500,51410,51220,51410,51270,51430,51240,51430,51290,51420,51230,51420,51280
2025-10-10 02:05:00,29700,51420,51210,51270,51390,51440,51230,51300,51400,51430,51220,51285,51395
2025-10-10 02:10:00,18300,51400,51280,51390,51330,51420,51300,51400,51360,51410,51295,51395,51345
2025-10-10 02:15:00,22500,51430,51230,51330,51290,51450,51250,51360,51300,51440,51240,51345,51295
2025-10-10 02:20:00,16300,51380,51280,51290,51370,51390,51290,51300,51380,51385,51285,51295,51375
2025-10-10 02:25:00,22400,51380,51300,51360,51310,51400,51310,51380,51350,51390,51305,51370,51330
2025-10-10 02:30:00,7200,51310,51310,51310,51310,51350,51350,51350,51350,51330,51330,51330,51330
2025-10-10 03:30:00,76500,51380,51220,51250,51260,51400,51230,51260,51270,51390,51225,51255,51265
2025-10-10 03:35:00,47700,51260,51060,51260,51170,51270,51090,51270,51190,51265,51075,51265,51180
2025-10-10 03:40:00,34600,51280,51140,51170,51200,51300,51160,51190,51210,51290,51150,51180,51205
2025-10-10 03:45:00,47900,51420,51020,51200,51370,51430,51050,51210,51390,51425,51035,51205,51380
2025-10-10 03:50:00,28000,51480,51310,51370,51430,51490,51330,51390,51450,51485,51320,51380,51440
2025-10-10 03:55:00,17000,51440,51300,51430,51420,51450,51310,51450,51440,51445,51305,51440,51430
2025-10-10 04:00:00,20900,51490,51410,51420,51450,51500,51430,51440,51460,51495,51420,51430,51455
2025-10-10 04:05:00,14900,51470,51320,51450,51330,51480,51330,51460,51340,51475,51325,51455,51335
2025-10-10 04:10:00,12800,51380,51260,51330,51290,51400,51270,51340,51300,51390,51265,51335,51295
2025-10-10 04:15:00,15600,51380,51260,51290,51360,51400,51270,51300,51370,51390,51265,51295,51365
2025-10-10 04:20:00,7800,51390,51320,51360,51340,51400,51340,51370,51360,51395,51330,51365,51350
2025-10-10 04:25:00,10900,51350,51280,51340,51290,51360,51300,51360,51300,51355,51290,51350,51295
2025-10-10 04:30:00,10300,51330,51250,51290,51260,51350,51260,51300,51280,51340,51255,51295,51270
2025-10-10 04:35:00,17300,51390,51260,51260,51380,51400,51270,51280,51390,51395,51265,51270,51385
2025-10-10 04:40:00,8000,51410,51320,51380,51320,51420,51340,51390,51340,51415,51330,51385,51330
2025-10-10 04:45:00,9600,51360,51280,51320,51340,51380,51290,51340,51350,51370,51285,51330,51345
2025-10-10 04:50:00,23800,51450,51290,51340,51430,51470,51300,51350,51450,51460,51295,51345,51440
2025-10-10 04:55:00,25300,51470,51380,51430,51430,51480,51410,51450,51450,51475,51395,51440,51440
2025-10-10 05:00:00,39200,51580,51400,51430,51450,51590,51410,51450,51460,51585,51405,51440,51455
2025-10-10 05:05:00,16200,51570,51400,51450,51550,51580,51420,51460,51560,51575,51410,51455,51555
2025-10-10 05:10:00,24100,51640,51550,51550,51580,51650,51560,51560,51590,51645,51555,51555,51585
2025-10-10 05:15:00,14300,51600,51510,51580,51560,51610,51530,51590,51570,51605,51520,51585,51565
2025-10-10 05:20:00,13100,51570,51450,51560,51450,51580,51460,51570,51460,51575,51455,51565,51455
2025-10-10 05:25:00,20400,51470,51340,51450,51350,51480,51360,51460,51360,51475,51350,51455,51355
2025-10-10 05:30:00,11700,51390,51330,51350,51340,51400,51340,51360,51350,51395,51335,51355,51345
2025-10-10 05:35:00,14800,51380,51290,51340,51340,51400,51300,51350,51360,51390,51295,51345,51350
2025-10-10 05:40:00,13400,51350,51260,51340,51260,51360,51270,51360,51270,51355,51265,51350,51265
2025-10-10 05:45:00,11100,51360,51260,51260,51330,51370,51270,51270,51350,51365,51265,51265,51340
2025-10-10 05:50:00,11000,51370,51300,51340,51330,51380,51320,51350,51340,51375,51310,51345,51335
2025-10-10 05:55:00,16900,51330,51250,51320,51310,51340,51270,51340,51330,51335,51260,51330,51320
2025-10-10 06:00:00,23800,51450,51310,51310,51450,51460,51320,51330,51460,51455,51315,51320,51455
2025-10-10 06:05:00,12500,51460,51340,51450,51350,51480,51350,51460,51370,51470,51345,51455,51360
2025-10-10 06:10:00,28200,51460,51310,51350,51460,51480,51320,51370,51480,51470,51315,51360,51470
2025-10-10 06:15:00,17800,51470,51400,51460,51460,51480,51420,51480,51470,51475,51410,51470,51465
2025-10-10 06:20:00,31100,51470,51350,51460,51410,51480,51370,51470,51430,51475,51360,51465,51420
2025-10-10 06:25:00,,51490,49450,49760,51490,51500,49450,49770,51500,51495,49450,49765,51495
2025-10-10 06:30:00,317300,51420,51420,51420,51420,51500,51500,51500,51500,51460,51460,51460,51460
2025-10-14 00:00:00,263500,51660,50800,51390,51150,51690,50820,51400,51170,51675,50810,51395,51160
2025-10-14 00:05:00,73500,51310,50970,51150,51020,51330,50980,51170,51040,51320,50975,51160,51030
2025-10-14 00:10:00,45800,51310,50960,51020,51210,51330,50970,51040,51240,51320,50965,51030,51225
2025-10-14 00:15:00,35500,51460,51160,51210,51380,51480,51170,51230,51400,51470,51165,51220,51390
2025-10-14 00:20:00,41800,51570,51300,51380,51350,51590,51330,51400,51370,51580,51315,51390,51360
2025-10-14 00:25:00,26700,51570,51340,51360,51520,51590,51360,51370,51540,51580,51355,51365,51530
2025-10-14 00:30:00,27000,51530,51300,51520,51400,51550,51310,51540,51430,51540,51305,51530,51415
2025-10-14 00:35:00,21300,51560,51390,51400,51500,51570,51420,51430,51520,51565,51405,51415,51510
2025-10-14 00:40:00,16200,51510,51420,51500,51470,51520,51440,51520,51490,51515,51430,51510,51480
2025-10-14 00:45:00,30600,51590,51350,51470,51490,51610,51370,51490,51510,51600,51360,51480,51500
2025-10-14 00:50:00,17600,51570,51450,51490,51470,51580,51460,51510,51490,51575,51455,51500,51480
2025-10-14 00:55:00,24400,51480,51320,51480,51430,51490,51330,51490,51450,51485,51325,51485,51440
2025-10-14 01:00:00,32500,51520,51300,51430,51310,51540,51320,51450,51330,51530,51310,51440,51320
2025-10-14 01:05:00,39200,51660,51290,51310,51510,51670,51300,51330,51530,51665,51295,51320,51520
2025-10-14 01:10:00,26700,51700,51510,51510,51600,51730,51530,51530,51620,51715,51520,51520,51610
2025-10-14 01:15:00,16900,51630,51460,51600,51470,51650,51470,51620,51490,51640,51465,51610,51480
2025-10-14 01:20:00,17000,51520,51400,51470,51430,51530,51420,51490,51450,51525,51410,51480,51440
2025-10-14 01:25:00,9200,51470,51400,51430,51440,51490,51410,51450,51460,51480,51405,51440,51450
2025-10-14 01:30:00,14400,51560,51430,51440,51550,51580,51450,51460,51570,51570,51440,51450,51560
2025-10-14 01:35:00,21000,51650,51480,51550,51520,51670,51500,51570,51540,51660,51490,51560,51530
2025-10-14 01:40:00,19500,51670,51480,51520,51650,51690,51500,51540,51660,51680,51490,51530,51655
2025-10-14 01:45:00,19400,51710,51560,51650,51660,51720,51590,51660,51670,51715,51575,51655,51665
2025-10-14 01:50:00,23500,51790,51620,51660,51770,51810,51640,51670,51780,51800,51630,51665,51775
2025-10-14 01:55:00,21600,51940,51740,51770,51870,51950,51760,51780,51890,51945,51750,51775,51880
2025-10-14 02:00:00,19000,51910,51770,51870,51860,51940,51780,51890,51880,51920,51775,51880,51870
2025-10-14 02:05:00,8400,51860,51770,51860,51840,51880,51790,51880,51850,51870,51780,51870,51845
2025-10-14 02:10:00,14000,51980,51820,51840,51930,51990,51830,51860,51950,51985,51825,51850,51940
2025-10-14 02:15:00,40200,52020,51850,51930,51980,52040,51870,51950,52000,52030,51860,51940,51990
2025-10-14 02:20:00,10300,52010,51890,51980,51930,52030,51910,52000,51940,52020,51905,51990,51935
2025-10-14 02:25:00,17400,51950,51740,51930,51750,51960,51750,51940,51780,51955,51745,51935,51765
2025-10-14 02:30:00,2900,51750,51750,51750,51750,51780,51780,51780,51780,51765,51765,51765,51765
2025-10-14 03:30:00,60100,52000,51640,51730,51980,52020,51660,51740,52000,52010,51650,51735,51990
2025-10-14 03:35:00,36300,52160,51960,51980,52130,52170,51970,52000,52150,52165,51965,51990,52140
2025-10-14 03:40:00,39100,52240,52000,52130,52030,52270,52020,52150,52050,52255,52010,52140,52040
2025-10-14 03:45:00,13300,52080,52010,52030,52030,52090,52030,52050,52040,52085,52020,52040,52035
2025-10-14 03:50:00,28200,52050,51710,52030,51740,52070,51730,52040,51760,52060,51725,52035,51750
2025-10-14 03:55:00,21100,51780,51680,51740,51710,51790,51690,51750,51720,51785,51685,51745,51715
2025-10-14 04:00:00,26700,51710,51460,51710,51510,51730,51480,51720,51530,51715,51470,51715,51520
2025-10-14 04:05:00,19500,51540,51370,51510,51400,51560,51380,51540,51420,51550,51375,51525,51410
2025-10-14 04:10:00,17600,51480,51350,51400,51420,51490,51360,51420,51440,51485,51355,51410,51430
2025-10-14 04:15:00,72900,51430,51000,51420,51230,51440,51010,51440,51250,51435,51005,51430,51240
2025-10-14 04:20:00,30600,51320,51160,51230,51210,51340,51170,51250,51230,51330,51165,51240,51220
2025-10-14 04:25:00,26600,51320,51210,51210,51240,51340,51220,51230,51260,51325,51215,51220,51250
2025-10-14 04:30:00,37400,51350,51160,51240,51340,51370,51170,51260,51360,51355,51165,51250,51350
2025-10-14 04:35:00,23200,51350,51230,51350,51280,51360,51250,51360,51300,51355,51240,51355,51290
2025-10-14 04:40:00,21400,51370,51190,51280,51330,51380,51210,51300,51350,51375,51200,51290,51340
2025-10-14 04:45:00,17600,51430,51300,51330,51320,51440,51310,51350,51340,51435,51305,51340,51330
2025-10-14 04:50:00,18400,51360,51220,51320,51310,51370,51240,51340,51320,51365,51230,51330,51315
2025-10-14 04:55:00,16500,51410,51300,51310,51370,51420,51310,51320,51390,51415,51305,51315,51380
2025-10-14 05:00:00,11800,51450,51370,51370,51440,51460,51380,51390,51460,51455,51375,51380,51450
2025-10-14 05:05:00,21400,51580,51390,51440,51580,51600,51410,51460,51590,51590,51400,51450,51585
2025-10-14 05:10:00,24500,51590,51470,51580,51530,51600,51500,51590,51550,51595,51485,51585,51540
2025-10-14 05:15:00,18300,51650,51510,51530,51620,51660,51530,51550,51630,51655,51520,51540,51625
2025-10-14 05:20:00,13500,51630,51540,51610,51580,51640,51550,51630,51600,51635,51545,51620,51590
2025-10-14 05:25:00,19500,51600,51510,51580,51550,51620,51520,51600,51570,51610,51515,51590,51560
2025-10-14 05:30:00,18500,51620,51400,51550,51420,51630,51410,51570,51430,51625,51405,51560,51425
2025-10-14 05:35:00,22500,51430,51160,51420,51200,51440,51170,51430,51210,51435,51165,51425,51205
2025-10-14 05:40:00,17100,51220,51100,51200,51150,51240,51120,51210,51180,51230,51110,51205,51165
2025-10-14 05:45:00,26000,51160,50980,51150,51080,51180,51000,51180,51100,51170,50990,51165,51090
2025-10-14 05:50:00,14000,51180,51060,51080,51170,51200,51080,51100,51190,51190,51070,51090,51180
2025-10-14 05:55:00,21700,51220,51040,51170,51200,51240,51050,51200,51230,51230,51045,51185,51215
2025-10-14 06:00:00,22400,51340,51100,51200,51340,51360,51120,51230,51360,51350,51110,51215,51350
2025-10-14 06:05:00,27200,51500,51280,51340,51400,51520,51300,51360,51410,51510,51295,51350,51405
2025-10-14 06:10:00,18200,51490,51340,51390,51480,51520,51360,51410,51500,51505,51350,51400,51490
2025-10-14 06:15:00,17400,51490,51370,51480,51400,51510,51390,51500,51420,51500,51380,51490,51410
2025-10-14 06:20:00,36500,51450,51180,51400,51190,51470,51230,51420,51270,51455,51205,51410,51230
2025-10-14 06:25:00,,52100,50370,50500,51470,52110,50370,50510,51480,52105,50370,50505,51475
2025-10-14 06:30:00,321300,51260,51260,51260,51260,51480,51480,51480,51480,51370,51370,51370,51370
2025-10-15 00:00:00,112400,51680,51150,51440,51670,51700,51170,51440,51700,51690,51160,51440,51685
2025-10-15 00:05:00,38000,51730,51260,51670,51320,51750,51280,51700,51350,51740,51270,51685,51335
2025-10-15 00:10:00,33500,51330,51160,51320,51170,51350,51170,51350,51190,51335,51165,51335,51180
2025-10-15 00:15:00,37200,51170,51000,51170,51020,51200,51010,51190,51050,51185,51005,51180,51035
2025-10-15 00:20:00,21500,51130,51000,51020,51080,51150,51010,51050,51100,51140,51005,51035,51090
2025-10-15 00:25:00,46100,51440,51030,51080,51380,51460,51050,51100,51410,51450,51040,51090,51395
2025-10-15 00:30:00,14900,51430,51320,51380,51320,51440,51340,51410,51350,51435,51330,51395,51335
2025-10-15 00:35:00,13900,51450,51320,51320,51390,51460,51330,51340,51420,51455,51325,51330,51405
2025-10-15 00:40:00,20600,51590,51350,51390,51530,51600,51370,51410,51550,51595,51360,51400,51540
2025-10-15 00:45:00,15000,51570,51400,51530,51540,51580,51420,51550,51560,51575,51410,51540,51550
2025-10-15 00:50:00,14100,51550,51390,51540,51390,51570,51410,51560,51410,51560,51400,51550,51400
2025-10-15 00:55:00,16500,51390,51250,51390,51310,51410,51260,51410,51330,51400,51255,51400,51320
2025-10-15 01:00:00,10300,51390,51300,51310,51380,51410,51320,51330,51400,51400,51310,51320,51390
2025-10-15 01:05:00,5800,51420,51350,51380,51360,51450,51360,51400,51390,51435,51355,51390,51375
2025-10-15 01:10:00,7100,51470,51350,51360,51450,51490,51370,51390,51460,51475,51360,51375,51455
2025-10-15 01:15:00,9700,51560,51390,51450,51560,51580,51420,51460,51580,51570,51410,51455,51570
2025-10-15 01:20:00,10000,51560,51490,51560,51530,51580,51510,51580,51550,51570,51500,51570,51540
2025-10-15 01:25:00,7500,51530,51470,51530,51490,51550,51480,51550,51500,51540,51475,51540,51495
2025-10-15 01:30:00,9800,51550,51450,51490,51500,51570,51460,51500,51520,51560,51455,51495,51510
2025-10-15 01:35:00,4400,51550,51470,51500,51470,51560,51480,51520,51480,51555,51475,51510,51475
2025-10-15 01:40:00,4300,51510,51450,51470,51470,51520,51470,51480,51490,51515,51460,51475,51480
2025-10-15 01:45:00,4000,51540,51470,51470,51490,51560,51490,51490,51510,51550,51480,51480,51500
2025-10-15 01:50:00,5600,51550,51470,51490,51480,51560,51490,51510,51490,51555,51480,51500,51485
2025-10-15 01:55:00,6700,51480,51360,51480,51370,51490,51380,51490,51400,51485,51370,51485,51385
2025-10-15 02:00:00,12000,51530,51360,51370,51510,51550,51370,51400,51520,51540,51365,51385,51515
2025-10-15 02:05:00,10100,51580,51470,51510,51530,51590,51490,51520,51550,51585,51480,51515,51540
2025-10-15 02:10:00,18700,51710,51530,51530,51710,51720,51550,51550,51720,51715,51540,51540,51715
2025-10-15 02:15:00,12600,51780,51700,51710,51760,51790,51720,51720,51770,51785,51710,51715,51765
2025-10-15 02:20:00,19400,51880,51750,51760,51840,51900,51770,51770,51850,51890,51760,51765,51845
2025-10-15 02:25:00,15700,51990,51840,51840,51920,52000,51850,51850,51940,51995,51845,51845,51930
2025-10-15 02:30:00,6300,51920,51920,51920,51920,51940,51940,51940,51940,51930,51930,51930,51930
2025-10-15 03:30:00,78700,52260,51950,51950,52160,52270,51990,52000,52170,52265,51970,51975,52165
2025-10-15 03:35:00,26300,52300,52130,52160,52210,52320,52140,52170,52230,52310,52135,52165,52220
2025-10-15 03:40:00,18000,52300,52210,52210,52260,52320,52220,52230,52280,52310,52215,52220,52270
2025-10-15 03:45:00,23600,52290,52160,52260,52200,52300,52170,52280,52230,52295,52165,52270,52215
2025-10-15 03:50:00,10800,52260,52170,52200,52250,52280,52180,52230,52270,52270,52175,52215,52260
2025-10-15 03:55:00,6900,52260,52200,52250,52250,52270,52220,52270,52270,52265,52210,52260,52260
2025-10-15 04:00:00,31400,52410,52240,52250,52400,52430,52250,52270,52420,52415,52245,52260,52410
2025-10-15 04:05:00,22500,52470,52370,52400,52440,52480,52400,52420,52460,52475,52385,52410,52450
2025-10-15 04:10:00,17200,52470,52380,52440,52410,52480,52400,52460,52430,52475,52390,52450,52420
2025-10-15 04:15:00,11600,52460,52380,52410,52450,52480,52400,52430,52460,52470,52390,52420,52455
2025-10-15 04:20:00,54700,52680,52450,52450,52660,52690,52460,52460,52680,52685,52455,52455,52670
2025-10-15 04:25:00,28000,52820,52640,52660,52780,52840,52650,52680,52800,52830,52645,52670,52790
2025-10-15 04:30:00,21900,52810,52620,52780,52670,52830,52640,52800,52680,52820,52635,52790,52675
2025-10-15 04:35:00,17900,52750,52660,52670,52720,52760,52680,52680,52730,52755,52670,52675,52725
2025-10-15 04:40:00,14200,52720,52610,52720,52640,52740,52620,52730,52660,52730,52615,52725,52650
2025-10-15 04:45:00,11000,52690,52600,52640,52610,52710,52610,52660,52620,52700,52605,52650,52615
2025-10-15 04:50:00,19600,52620,52480,52610,52510,52630,52500,52620,52520,52625,52490,52615,52515
2025-10-15 04:55:00,16500,52560,52480,52510,52490,52570,52500,52520,52510,52565,52490,52515,52500
2025-10-15 05:00:00,39600,52550,52350,52490,52410,52570,52360,52510,52430,52555,52355,52500,52420
2025-10-15 05:05:00,9500,52500,52410,52410,52420,52530,52420,52430,52440,52515,52415,52420,52430
2025-10-15 05:10:00,11800,52640,52420,52420,52640,52650,52440,52440,52650,52645,52430,52430,52645
2025-10-15 05:15:00,16600,52650,52500,52640,52540,52660,52520,52650,52560,52655,52510,52645,52550
2025-10-15 05:20:00,11700,52580,52520,52540,52540,52610,52530,52560,52560,52590,52525,52550,52550
2025-10-15 05:25:00,12400,52540,52410,52540,52430,52560,52430,52560,52440,52550,52420,52550,52435
2025-10-15 05:30:00,6500,52500,52390,52430,52490,52510,52400,52440,52500,52505,52395,52435,52495
2025-10-15 05:35:00,7100,52500,52440,52490,52490,52510,52460,52500,52500,52505,52450,52495,52495
2025-10-15 05:40:00,8500,52490,52420,52490,52420,52500,52440,52500,52440,52495,52430,52495,52430
2025-10-15 05:45:00,8100,52470,52400,52420,52460,52480,52410,52440,52470,52475,52405,52430,52465
2025-10-15 05:50:00,7200,52520,52450,52460,52460,52530,52470,52470,52480,52525,52460,52465,52470
2025-10-15 05:55:00,6200,52470,52430,52460,52450,52480,52440,52480,52460,52475,52435,52470,52455
2025-10-15 06:00:00,12300,52510,52410,52450,52420,52520,52420,52460,52430,52515,52415,52455,52425
2025-10-15 06:05:00,13000,52430,52330,52420,52360,52440,52340,52430,52370,52435,52335,52425,52365
2025-10-15 06:10:00,12200,52420,52330,52360,52360,52430,52350,52370,52380,52425,52340,52365,52370
2025-10-15 06:15:00,11600,52370,52300,52360,52310,52380,52310,52380,52320,52375,52305,52370,52315
2025-10-15 06:20:00,24500,52450,52300,52310,52430,52460,52310,52320,52450,52455,52305,52315,52440
2025-10-15 06:25:00,,52450,50000,50440,52450,52460,50010,50450,52460,52455,50005,50445,52455
2025-10-15 06:30:00,290800,52440,52440,52440,52440,52460,52460,52460,52460,52450,52450,52450,52450
2025-10-16 00:00:00,147400,53610,52950,53490,53000,53650,52960,53500,53030,53630,52955,53495,53015
2025-10-16 00:05:00,36200,53050,52720,53000,52770,53080,52730,53030,52790,53065,52725,53015,52780
2025-10-16 00:10:00,40400,52790,52420,52770,52450,52810,52430,52790,52470,52795,52425,52780,52460
2025-10-16 00:15:00,29000,52510,52360,52450,52440,52530,52380,52470,52460,52520,52370,52460,52450
2025-10-16 00:20:00,25100,52490,52350,52440,52430,52510,52370,52460,52450,52500,52360,52450,52440
2025-10-16 00:25:00,20600,52510,52350,52430,52360,52530,52370,52450,52380,52515,52365,52440,52370
2025-10-16 00:30:00,22000,52530,52320,52360,52520,52550,52330,52380,52540,52540,52325,52370,52530
2025-10-16 00:35:00,20200,52600,52500,52520,52560,52610,52520,52540,52570,52605,52510,52530,52565
2025-10-16 00:40:00,14400,52560,52430,52560,52450,52570,52440,52570,52460,52565,52435,52565,52455
2025-10-16 00:45:00,14000,52520,52400,52450,52400,52540,52410,52460,52410,52530,52405,52455,52405
2025-10-16 00:50:00,27700,52400,52150,52400,52160,52410,52160,52410,52190,52405,52155,52405,52175
2025-10-16 00:55:00,10500,52290,52130,52160,52220,52310,52150,52180,52230,52300,52140,52170,52225
2025-10-16 01:00:00,12800,52370,52200,52220,52370,52390,52220,52230,52390,52380,52210,52225,52380
2025-10-16 01:05:00,8100,52390,52310,52370,52350,52400,52320,52390,52360,52395,52315,52380,52355
2025-10-16 01:10:00,22300,52350,52130,52350,52130,52370,52150,52360,52150,52360,52140,52355,52140
2025-10-16 01:15:00,12300,52240,52100,52130,52170,52250,52110,52150,52190,52245,52105,52140,52180
2025-10-16 01:20:00,16100,52170,52050,52170,52120,52190,52060,52190,52130,52180,52055,52180,52125
2025-10-16 01:25:00,9500,52170,52100,52120,52110,52180,52120,52130,52130,52175,52110,52125,52120
2025-10-16 01:30:00,9600,52120,52060,52110,52090,52140,52080,52130,52110,52130,52070,52120,52100
2025-10-16 01:35:00,8700,52100,52040,52090,52080,52120,52050,52100,52090,52110,52045,52095,52085
2025-10-16 01:40:00,5900,52100,52020,52080,52030,52110,52030,52090,52040,52105,52025,52085,52035
2025-10-16 01:45:00,26800,52050,51850,52030,51910,52060,51870,52040,51920,52055,51860,52035,51915
2025-10-16 01:50:00,6800,51970,51860,51910,51880,51980,51870,51920,51900,51975,51865,51915,51890
2025-10-16 01:55:00,7400,52040,51870,51880,51950,52050,51890,51900,51960,52045,51880,51890,51955
2025-10-16 02:00:00,5500,51960,51870,51950,51890,51980,51880,51960,51900,51970,51875,51955,51895
2025-10-16 02:05:00,8000,51970,51840,51890,51970,51990,51850,51900,51990,51980,51845,51895,51980
2025-10-16 02:10:00,13900,52050,51970,51970,52030,52070,51990,51990,52040,52060,51980,51980,52035
2025-10-16 02:15:00,7600,52070,52000,52030,52060,52080,52020,52040,52080,52075,52010,52035,52070
2025-10-16 02:20:00,7200,52100,52040,52070,52040,52130,52060,52080,52060,52115,52050,52075,52050
2025-10-16 02:25:00,7800,52090,52000,52040,52050,52100,52020,52060,52090,52095,52010,52050,52070
2025-10-16 02:30:00,4000,52050,52050,52050,52050,52090,52090,52090,52090,52070,52070,52070,52070
2025-10-16 03:30:00,29000,52160,52050,52090,52050,52180,52060,52180,52070,52170,52055,52135,52060
2025-10-16 03:35:00,11500,52100,52030,52050,52030,52120,52040,52070,52040,52110,52035,52060,52035
2025-10-16 03:40:00,8700,52040,51970,52030,52000,52050,51980,52040,52010,52045,51975,52035,52005
2025-10-16 03:45:00,10100,52000,51900,52000,51910,52010,51910,52010,51920,52005,51905,52005,51915
2025-10-16 03:50:00,7200,51960,51900,51910,51930,51970,51910,51920,51940,51965,51905,51915,51935
2025-10-16 03:55:00,13700,52010,51900,51930,52000,52030,51920,51940,52020,52020,51910,51935,52010
2025-10-16 04:00:00,12100,52110,52000,52000,52070,52120,52020,52020,52080,52115,52010,52010,52075
2025-10-16 04:05:00,8900,52130,52050,52070,52090,52140,52070,52080,52120,52135,52060,52075,52105
2025-10-16 04:10:00,5400,52130,52080,52090,52110,52140,52100,52120,52120,52135,52090,52105,52115
2025-10-16 04:15:00,6300,52150,52100,52110,52130,52160,52110,52120,52150,52155,52105,52115,52140
2025-10-16 04:20:00,5200,52130,52040,52130,52060,52150,52060,52150,52070,52140,52050,52140,52065
2025-10-16 04:25:00,5900,52110,52060,52060,52070,52130,52070,52070,52080,52120,52065,52065,52075
2025-10-16 04:30:00,4100,52120,52060,52070,52110,52130,52080,52080,52130,52125,52070,52075,52120
2025-10-16 04:35:00,2800,52110,52080,52110,52090,52120,52090,52120,52100,52115,52085,52115,52095
2025-10-16 04:40:00,6300,52150,52090,52090,52140,52160,52100,52100,52160,52155,52095,52095,52150
2025-10-16 04:45:00,5600,52160,52130,52140,52140,52170,52150,52160,52150,52165,52140,52150,52145
2025-10-16 04:50:00,6000,52170,52130,52140,52150,52180,52140,52150,52160,52175,52135,52145,52155
2025-10-16 04:55:00,6300,52200,52130,52150,52190,52210,52150,52160,52200,52205,52140,52155,52195
2025-10-16 05:00:00,4700,52200,52130,52190,52130,52220,52140,52200,52150,52210,52135,52195,52140
2025-10-16 05:05:00,6200,52200,52130,52130,52190,52210,52140,52150,52200,52205,52135,52140,52195
2025-10-16 05:10:00,3500,52190,52150,52190,52180,52210,52170,52200,52190,52200,52160,52195,52185
2025-10-16 05:15:00,4800,52180,52150,52180,52150,52200,52160,52190,52170,52190,52155,52185,52160
2025-10-16 05:20:00,4300,52180,52150,52150,52160,52200,52160,52170,52170,52190,52155,52160,52165
2025-10-16 05:25:00,4100,52170,52140,52160,52150,52180,52150,52170,52160,52175,52145,52165,52155
2025-10-16 05:30:00,14400,52240,52140,52150,52190,52250,52150,52160,52210,52245,52145,52155,52200
2025-10-16 05:35:00,4200,52190,52100,52190,52110,52210,52110,52210,52120,52200,52105,52200,52115
2025-10-16 05:40:00,5500,52140,52110,52110,52140,52160,52120,52120,52160,52150,52115,52115,52150
2025-10-16 05:45:00,7900,52180,52110,52140,52170,52200,52130,52160,52190,52190,52120,52150,52180
2025-10-16 05:50:00,12100,52220,52130,52170,52180,52230,52140,52190,52190,52225,52135,52180,52185
2025-10-16 05:55:00,4200,52200,52170,52180,52180,52210,52190,52190,52190,52205,52180,52185,52185
2025-10-16 06:00:00,12300,52240,52160,52180,52230,52250,52180,52190,52240,52245,52170,52185,52235
2025-10-16 06:05:00,16400,52270,52150,52230,52160,52280,52170,52240,52180,52275,52160,52235,52170
2025-10-16 06:10:00,9800,52180,52140,52160,52170,52200,52150,52180,52180,52190,52145,52170,52175
2025-10-16 06:15:00,14700,52270,52150,52170,52250,52290,52160,52180,52270,52280,52155,52175,52260
2025-10-16 06:20:00,19100,52340,52250,52250,52310,52350,52260,52270,52320,52345,52255,52260,52315
2025-10-16 06:25:00,,52500,51000,51850,52170,52510,51010,51860,52180,52505,51005,51855,52175
2025-10-16 06:30:00,267100,52160,52160,52160,52160,52230,52230,52230,52230,52195,52195,52195,52195
2025-10-17 00:00:00,137800,51860,51140,51290,51800,51900,51150,51300,51830,51880,51145,51295,51815
2025-10-17 00:05:00,27600,51810,51520,51800,51560,51840,51550,51840,51590,51825,51535,51820,51575
2025-10-17 00:10:00,16100,51720,51550,51560,51640,51740,51570,51590,51660,51730,51560,51575,51650
2025-10-17 00:15:00,18200,51840,51610,51640,51820,51870,51630,51660,51840,51855,51620,51650,51830
2025-10-17 00:20:00,17800,51960,51810,51820,51930,51980,51830,51840,51950,51970,51820,51830,51940
2025-10-17 00:25:00,13900,51950,51810,51920,51830,51960,51830,51950,51860,51955,51820,51935,51845
2025-10-17 00:30:00,11100,51960,51810,51830,51950,51980,51830,51860,51970,51970,51820,51845,51960
2025-10-17 00:35:00,14000,51970,51850,51950,51960,51980,51860,51970,51980,51975,51855,51960,51970
2025-10-17 00:40:00,16200,52150,51930,51960,52050,52170,51940,51980,52060,52160,51935,51970,52055
2025-10-17 00:45:00,13000,52090,51970,52050,51980,52110,51990,52060,52000,52100,51980,52055,51990
2025-10-17 00:50:00,10000,52130,51950,51990,52130,52140,51960,52000,52140,52135,51955,51995,52135
2025-10-17 00:55:00,20000,52300,52130,52130,52240,52320,52140,52140,52260,52310,52135,52135,52250
2025-10-17 01:00:00,15100,52350,52220,52240,52310,52360,52240,52260,52330,52355,52230,52250,52320
2025-10-17 01:05:00,21600,52470,52310,52310,52440,52480,52330,52330,52460,52475,52320,52320,52450
2025-10-17 01:10:00,30800,52560,52370,52440,52430,52570,52400,52460,52450,52565,52385,52450,52440
2025-10-17 01:15:00,12000,52500,52420,52430,52430,52510,52440,52450,52450,52505,52430,52440,52440
2025-10-17 01:20:00,14100,52440,52370,52430,52410,52460,52380,52450,52430,52450,52375,52440,52420
2025-10-17 01:25:00,14300,52440,52220,52410,52220,52460,52240,52430,52250,52450,52230,52420,52235
2025-10-17 01:30:00,8800,52310,52200,52220,52260,52340,52220,52250,52280,52325,52210,52235,52270
2025-10-17 01:35:00,6900,52310,52220,52260,52260,52330,52240,52280,52280,52320,52235,52270,52270
2025-10-17 01:40:00,8800,52410,52250,52260,52380,52430,52260,52280,52400,52420,52255,52270,52390
2025-10-17 01:45:00,7300,52470,52360,52380,52430,52480,52380,52400,52440,52475,52370,52390,52435
2025-10-17 01:50:00,7800,52430,52280,52430,52300,52440,52290,52440,52320,52435,52285,52435,52310
2025-10-17 01:55:00,9100,52340,52230,52300,52310,52370,52250,52320,52340,52355,52240,52310,52325
2025-10-17 02:00:00,6300,52350,52260,52310,52270,52360,52280,52340,52290,52355,52270,52325,52280
2025-10-17 02:05:00,8800,52300,52200,52270,52240,52330,52210,52290,52260,52310,52205,52280,52250
2025-10-17 02:10:00,6600,52300,52210,52240,52280,52310,52240,52260,52290,52305,52225,52250,52285
2025-10-17 02:15:00,5000,52300,52230,52280,52270,52310,52240,52290,52280,52305,52235,52285,52275
2025-10-17 02:20:00,9000,52300,52170,52260,52170,52310,52180,52280,52180,52305,52175,52270,52175
2025-10-17 02:25:00,5200,52200,52160,52170,52160,52220,52170,52180,52190,52210,52165,52175,52175
2025-10-17 02:30:00,1300,52160,52160,52160,52160,52190,52190,52190,52190,52175,52175,52175,52175
2025-10-17 03:30:00,34900,52130,51950,52050,52010,52160,52000,52050,52030,52145,51980,52050,52020
2025-10-17 03:35:00,23700,52010,51790,52010,51850,52040,51800,52030,51870,52025,51795,52020,51860
2025-10-17 03:40:00,9700,51960,51850,51850,51920,51980,51860,51870,51940,51970,51855,51860,51930
2025-10-17 03:45:00,12600,52050,51880,51920,51880,52060,51890,51930,51900,52055,51885,51925,51890
2025-10-17 03:50:00,21700,51890,51710,51880,51810,51900,51730,51900,51830,51895,51720,51890,51820
2025-10-17 03:55:00,7600,51920,51800,51820,51820,51940,51820,51830,51840,51930,51810,51825,51830
2025-10-17 04:00:00,5800,51870,51810,51820,51810,51880,51820,51840,51830,51875,51815,51830,51820
2025-10-17 04:05:00,9800,51810,51690,51810,51690,51840,51710,51830,51720,51825,51700,51820,51705
2025-10-17 04:10:00,13300,51730,51650,51690,51660,51750,51660,51720,51680,51740,51655,51705,51670
2025-10-17 04:15:00,7300,51700,51650,51660,51680,51720,51660,51680,51690,51710,51655,51670,51685
2025-10-17 04:20:00,14100,51700,51610,51680,51660,51710,51620,51690,51680,51705,51615,51685,51670
2025-10-17 04:25:00,6000,51720,51660,51660,51680,51730,51670,51670,51700,51725,51665,51665,51690
2025-10-17 04:30:00,5500,51710,51650,51680,51660,51730,51660,51700,51670,51720,51655,51690,51665
2025-10-17 04:35:00,3800,51680,51640,51660,51660,51690,51650,51680,51670,51685,51645,51670,51665
2025-10-17 04:40:00,5800,51660,51610,51660,51610,51690,51630,51670,51630,51675,51620,51665,51620
2025-10-17 04:45:00,12400,51650,51550,51610,51550,51660,51560,51630,51560,51655,51555,51620,51555
2025-10-17 04:50:00,7100,51620,51540,51550,51600,51630,51560,51560,51610,51625,51550,51555,51605
2025-10-17 04:55:00,4800,51610,51530,51600,51540,51620,51540,51610,51560,51615,51535,51605,51550
2025-10-17 05:00:00,3100,51560,51520,51540,51540,51580,51530,51560,51560,51570,51525,51550,51550
2025-10-17 05:05:00,3600,51570,51530,51540,51560,51580,51550,51560,51580,51575,51540,51550,51570
2025-10-17 05:10:00,6700,51570,51510,51560,51520,51580,51530,51580,51540,51575,51520,51570,51530
2025-10-17 05:15:00,10100,51590,51460,51520,51470,51600,51480,51540,51480,51595,51470,51530,51475
2025-10-17 05:20:00,10200,51650,51460,51460,51600,51670,51470,51480,51620,51660,51465,51470,51610
2025-10-17 05:25:00,2800,51610,51580,51600,51580,51620,51590,51620,51600,51615,51585,51610,51590
2025-10-17 05:30:00,8400,51590,51530,51580,51570,51610,51540,51600,51590,51600,51535,51590,51580
2025-10-17 05:35:00,6100,51600,51520,51570,51520,51620,51530,51590,51540,51610,51525,51580,51530
2025-10-17 05:40:00,4800,51580,51510,51520,51570,51600,51530,51530,51580,51590,51520,51525,51575
2025-10-17 05:45:00,7200,51610,51540,51570,51610,51630,51550,51580,51630,51620,51545,51575,51620
2025-10-17 05:50:00,6200,51660,51570,51610,51650,51670,51580,51630,51670,51665,51575,51620,51660
2025-10-17 05:55:00,11800,51730,51640,51650,51640,51740,51650,51670,51660,51735,51645,51660,51650
2025-10-17 06:00:00,6600,51740,51640,51640,51730,51750,51650,51660,51740,51745,51645,51650,51735
2025-10-17 06:05:00,5700,51740,51670,51730,51680,51750,51690,51740,51700,51745,51685,51735,51690
2025-10-17 06:10:00,8300,51680,51530,51680,51530,51700,51540,51700,51540,51690,51535,51690,51535
2025-10-17 06:15:00,11900,51530,51450,51530,51460,51540,51470,51540,51470,51535,51460,51535,51465
2025-10-17 06:20:00,26400,51470,51330,51460,51360,51480,51350,51470,51380,51475,51340,51465,51370
2025-10-17 06:25:00,,51700,48500,48500,51570,51710,48510,48510,51580,51705,48505,48505,51575
2025-10-17 06:30:00,266600,51420,51420,51420,51420,51590,51590,51590,51590,51505,51505,51505,51505
2025-10-20 00:00:00,70700,52640,52140,52600,52360,52640,52210,52610,52390,52640,52180,52605,52375
2025-10-20 00:05:00,21800,52500,52270,52360,52410,52510,52290,52390,52440,52505,52280,52375,52425
2025-10-20 00:10:00,27800,52670,52410,52410,52560,52690,52430,52440,52580,52680,52420,52425,52570
2025-10-20 00:15:00,38800,52810,52530,52560,52760,52840,52550,52580,52780,52820,52540,52570,52770
2025-10-20 00:20:00,17000,52760,52620,52760,52720,52790,52640,52780,52740,52775,52630,52770,52730
2025-10-20 00:25:00,25300,52860,52660,52720,52720,52870,52680,52740,52740,52865,52670,52730,52730
2025-10-20 00:30:00,48400,53050,52700,52720,52970,53070,52710,52740,52990,53060,52705,52730,52980
2025-10-20 00:35:00,41200,53270,52970,52970,53250,53290,52990,52990,53270,53280,52980,52980,53260
2025-10-20 00:40:00,64600,53530,53210,53250,53450,53550,53220,53270,53470,53540,53215,53260,53460
2025-10-20 00:45:00,33500,53570,53420,53450,53560,53580,53450,53470,53580,53575,53435,53460,53570
2025-10-20 00:50:00,34200,53680,53470,53560,53650,53700,53490,53580,53670,53690,53480,53570,53660
2025-10-20 00:55:00,23800,53670,53480,53650,53580,53680,53500,53670,53600,53675,53490,53660,53590
2025-10-20 01:00:00,19800,53650,53480,53580,53600,53670,53500,53600,53620,53660,53490,53590,53610
2025-10-20 01:05:00,19400,53670,53530,53600,53640,53680,53550,53620,53660,53675,53540,53610,53650
2025-10-20 01:10:00,10000,53640,53470,53640,53470,53660,53480,53660,53480,53650,53475,53650,53475
2025-10-20 01:15:00,13800,53620,53460,53470,53620,53630,53470,53480,53630,53625,53465,53475,53625
2025-10-20 01:20:00,11200,53680,53550,53620,53550,53690,53570,53630,53570,53685,53560,53625,53560
2025-10-20 01:25:00,8200,53600,53500,53540,53530,53610,53520,53550,53550,53605,53510,53545,53540
2025-10-20 01:30:00,6600,53570,53500,53530,53520,53580,53520,53550,53540,53575,53510,53540,53530
2025-10-20 01:35:00,15600,53640,53500,53520,53510,53650,53510,53540,53530,53645,53505,53530,53520
2025-10-20 01:40:00,21800,53680,53460,53510,53640,53690,53470,53530,53660,53685,53465,53520,53650
2025-10-20 01:45:00,7800,53650,53550,53640,53560,53670,53570,53660,53580,53660,53560,53650,53570
2025-10-20 01:50:00,7900,53560,53480,53560,53510,53580,53490,53580,53520,53570,53485,53570,53515
2025-10-20 01:55:00,6500,53510,53420,53510,53440,53530,53440,53530,53460,53520,53430,53520,53450
2025-10-20 02:00:00,11600,53580,53440,53440,53550,53600,53460,53460,53570,53590,53450,53450,53560
2025-10-20 02:05:00,5200,53560,53480,53550,53560,53570,53520,53570,53570,53565,53500,53560,53565
2025-10-20 02:10:00,10100,53610,53530,53560,53590,53620,53550,53570,53610,53615,53540,53565,53600
2025-10-20 02:15:00,12800,53620,53520,53590,53590,53630,53530,53610,53610,53625,53525,53600,53600
2025-10-20 02:20:00,3600,53590,53530,53590,53570,53610,53550,53610,53580,53600,53540,53600,53575
2025-10-20 02:25:00,12100,53660,53550,53570,53640,53680,53570,53580,53660,53670,53560,53575,53650
2025-10-20 02:30:00,2500,53640,53640,53640,53640,53670,53670,53670,53670,53655,53655,53655,53655
2025-10-20 03:30:00,45900,53820,53670,53690,53710,53830,53690,53700,53720,53825,53685,53695,53715
2025-10-20 03:35:00,17100,53770,53700,53710,53750,53780,53720,53720,53770,53775,53710,53715,53760
2025-10-20 03:40:00,15800,53820,53630,53750,53640,53830,53650,53770,53650,53825,53640,53760,53645
2025-10-20 03:45:00,14800,53800,53640,53640,53740,53820,53650,53650,53760,53810,53645,53645,53750
2025-10-20 03:50:00,11300,53770,53580,53740,53630,53780,53600,53760,53640,53775,53590,53750,53635
2025-10-20 03:55:00,17000,53630,53460,53630,53460,53650,53470,53640,53470,53640,53465,53635,53465
2025-10-20 04:00:00,14100,53550,53410,53460,53540,53560,53420,53470,53560,53555,53415,53465,53550
2025-10-20 04:05:00,13300,53650,53540,53540,53590,53670,53560,53560,53610,53660,53550,53550,53600
2025-10-20 04:10:00,10100,53600,53510,53590,53570,53620,53530,53610,53580,53610,53520,53600,53575
2025-10-20 04:15:00,10000,53570,53460,53570,53480,53580,53470,53580,53500,53575,53465,53575,53490
2025-10-20 04:20:00,3000,53520,53480,53480,53520,53530,53500,53500,53530,53525,53490,53490,53525
2025-10-20 04:25:00,6500,53550,53480,53520,53500,53560,53500,53530,53520,53555,53490,53525,53510
2025-10-20 04:30:00,11000,53510,53410,53500,53420,53520,53420,53520,53430,53515,53415,53510,53425
2025-10-20 04:35:00,8600,53440,53350,53420,53350,53450,53360,53430,53360,53445,53355,53425,53355
2025-10-20 04:40:00,8900,53350,53270,53350,53330,53370,53280,53360,53340,53360,53275,53355,53335
2025-10-20 04:45:00,6500,53330,53220,53330,53230,53340,53240,53340,53250,53335,53230,53335,53240
2025-10-20 04:50:00,8800,53360,53230,53230,53360,53370,53250,53250,53370,53365,53240,53240,53365
2025-10-20 04:55:00,6300,53370,53330,53360,53350,53390,53350,53370,53360,53380,53340,53365,53355
2025-10-20 05:00:00,6000,53350,53270,53350,53310,53360,53290,53360,53330,53355,53280,53355,53320
2025-10-20 05:05:00,6200,53400,53300,53310,53400,53420,53320,53330,53420,53410,53310,53320,53410
2025-10-20 05:10:00,4400,53410,53370,53400,53370,53420,53380,53420,53380,53415,53375,53410,53375
2025-10-20 05:15:00,7000,53420,53350,53370,53360,53430,53360,53390,53380,53425,53355,53380,53370
2025-10-20 05:20:00,7200,53440,53350,53360,53400,53450,53360,53370,53410,53445,53355,53365,53405
2025-10-20 05:25:00,5800,53460,53390,53400,53460,53480,53400,53410,53480,53470,53395,53405,53470
2025-10-20 05:30:00,7800,53480,53430,53460,53460,53500,53440,53480,53470,53490,53435,53470,53465
2025-10-20 05:35:00,10000,53500,53440,53460,53470,53510,53460,53470,53490,53505,53450,53465,53480
2025-10-20 05:40:00,7400,53540,53460,53480,53530,53550,53480,53490,53550,53545,53470,53485,53540
2025-10-20 05:45:00,13800,53630,53530,53540,53630,53640,53540,53550,53640,53635,53535,53545,53635
2025-10-20 05:50:00,12300,53650,53570,53630,53610,53660,53590,53640,53620,53655,53580,53635,53615
2025-10-20 05:55:00,12300,53670,53580,53610,53660,53680,53590,53620,53680,53675,53585,53615,53670
2025-10-20 06:00:00,9700,53660,53560,53660,53590,53680,53570,53680,53610,53670,53565,53670,53600
2025-10-20 06:05:00,13300,53600,53500,53590,53540,53610,53530,53610,53560,53605,53515,53600,53550
2025-10-20 06:10:00,9400,53560,53520,53540,53540,53570,53540,53560,53550,53565,53530,53550,53545
2025-10-20 06:15:00,11900,53560,53500,53540,53510,53570,53510,53550,53520,53565,53505,53545,53515
2025-10-20 06:20:00,21600,53570,53490,53510,53550,53580,53500,53520,53570,53575,53495,53515,53560
2025-10-20 06:25:00,,55160,53080,53150,53540,55170,53090,53160,53550,55165,53085,53155,53545
2025-10-20 06:30:00,241600,53540,53540,53540,53540,53560,53560,53560,53560,53550,53550,53550,53550
2025-10-21 00:00:00,122900,54550,53980,53990,54280,54580,54000,54000,54300,54565,53995,53995,54290
2025-10-21 00:05:00,65500,54620,54160,54280,54500,54630,54190,54310,54530,54625,54175,54295,54515
2025-10-21 00:10:00,42300,54740,54510,54510,54590,54750,54520,54530,54610,54745,54515,54520,54600
2025-10-21 00:15:00,30400,54590,54280,54590,54320,54610,54310,54610,54340,54600,54295,54600,54330
2025-10-21 00:20:00,24500,54330,54070,54320,54170,54340,54090,54340,54180,54335,54080,54330,54175
2025-10-21 00:25:00,19200,54280,54080,54170,54250,54300,54120,54190,54270,54290,54100,54180,54260
2025-10-21 00:30:00,16200,54270,54150,54250,54170,54300,54170,54270,54200,54285,54160,54260,54185
2025-10-21 00:35:00,19900,54360,54130,54170,54300,54380,54150,54200,54320,54370,54140,54185,54310
2025-10-21 00:40:00,16000,54430,54210,54300,54380,54450,54230,54320,54390,54440,54220,54310,54385
2025-10-21 00:45:00,14900,54530,54310,54380,54470,54540,54330,54390,54490,54535,54320,54385,54480
2025-10-21 00:50:00,10200,54540,54410,54470,54540,54550,54420,54480,54550,54545,54415,54475,54545
2025-10-21 00:55:00,17400,54560,54450,54540,54480,54580,54460,54550,54510,54570,54455,54545,54495
2025-10-21 01:00:00,35500,54770,54480,54480,54740,54780,54490,54510,54760,54775,54485,54495,54750
2025-10-21 01:05:00,21700,54820,54690,54740,54760,54840,54710,54760,54780,54830,54700,54750,54770
2025-10-21 01:10:00,12000,54780,54640,54760,54640,54800,54650,54780,54650,54790,54645,54770,54645
2025-10-21 01:15:00,9900,54700,54640,54640,54690,54730,54660,54660,54710,54715,54650,54650,54700
2025-10-21 01:20:00,20900,54800,54670,54690,54730,54820,54690,54710,54760,54805,54680,54700,54745
2025-10-21 01:25:00,6400,54760,54700,54730,54740,54770,54720,54760,54760,54765,54710,54745,54750
2025-10-21 01:30:00,12800,54780,54690,54740,54700,54790,54710,54760,54720,54785,54700,54750,54710
2025-10-21 01:35:00,4400,54760,54700,54700,54750,54780,54720,54720,54770,54770,54710,54710,54760
2025-10-21 01:40:00,12900,54830,54750,54750,54820,54840,54770,54770,54840,54835,54760,54760,54830
2025-10-21 01:45:00,10000,54830,54750,54830,54760,54840,54770,54840,54780,54835,54760,54835,54770
2025-10-21 01:50:00,9000,54770,54690,54760,54710,54790,54710,54780,54720,54780,54700,54770,54715
2025-10-21 01:55:00,5100,54750,54690,54710,54740,54770,54710,54720,54760,54760,54700,54715,54750
2025-10-21 02:00:00,6800,54770,54720,54740,54740,54780,54750,54760,54750,54775,54735,54750,54745
2025-10-21 02:05:00,2000,54750,54720,54730,54750,54770,54740,54750,54770,54760,54730,54740,54760
2025-10-21 02:10:00,8800,54780,54730,54750,54770,54800,54740,54770,54790,54790,54735,54760,54780
2025-10-21 02:15:00,19800,54880,54770,54770,54860,54890,54790,54790,54870,54885,54780,54780,54865
2025-10-21 02:20:00,18200,54900,54830,54860,54870,54910,54850,54870,54890,54905,54845,54865,54880
2025-10-21 02:25:00,6900,54890,54840,54870,54860,54900,54850,54890,54880,54895,54845,54880,54870
2025-10-21 02:30:00,3500,54860,54860,54860,54860,54880,54880,54880,54880,54870,54870,54870,54870
2025-10-21 03:30:00,87000,55030,54860,54900,54970,55040,54900,54910,54980,55035,54880,54905,54975
2025-10-21 03:35:00,20300,55000,54880,54970,54910,55010,54890,54980,54930,55005,54885,54975,54920
2025-10-21 03:40:00,20100,54930,54750,54910,54870,54950,54770,54930,54890,54940,54760,54920,54880
2025-10-21 03:45:00,16600,54930,54830,54870,54920,54940,54850,54900,54940,54935,54840,54885,54930
2025-10-21 03:50:00,29700,54990,54850,54920,54900,55000,54870,54940,54920,54995,54860,54930,54910
2025-10-21 03:55:00,10400,54920,54850,54900,54880,54940,54870,54920,54890,54930,54860,54910,54885
2025-10-21 04:00:00,9600,54910,54840,54880,54870,54920,54860,54890,54890,54915,54850,54885,54880
2025-10-21 04:05:00,6300,54910,54850,54870,54900,54930,54870,54890,54920,54915,54860,54880,54910
2025-10-21 04:10:00,14900,54910,54800,54900,54830,54920,54820,54920,54850,54915,54810,54910,54840
2025-10-21 04:15:00,7500,54880,54810,54830,54820,54900,54830,54850,54830,54890,54820,54840,54825
2025-10-21 04:20:00,6000,54840,54790,54820,54820,54860,54800,54830,54840,54850,54795,54825,54830
2025-10-21 04:25:00,4700,54830,54800,54820,54810,54850,54810,54840,54830,54840,54805,54830,54820
2025-10-21 04:30:00,11900,54840,54760,54810,54770,54860,54780,54830,54790,54850,54770,54820,54780
2025-10-21 04:35:00,4900,54790,54750,54770,54760,54800,54760,54790,54770,54795,54755,54780,54765
2025-10-21 04:40:00,5800,54800,54740,54760,54790,54820,54750,54770,54810,54810,54745,54765,54800
2025-10-21 04:45:00,19900,54890,54740,54790,54750,54900,54760,54810,54770,54895,54750,54800,54760
2025-10-21 04:50:00,11300,54860,54700,54750,54780,54880,54720,54770,54800,54870,54710,54760,54790
2025-10-21 04:55:00,39900,54840,54620,54780,54680,54860,54630,54800,54710,54850,54625,54790,54695
2025-10-21 05:00:00,17400,54810,54670,54680,54780,54830,54680,54710,54800,54820,54675,54695,54790
2025-10-21 05:05:00,18900,54830,54690,54780,54810,54840,54710,54800,54830,54835,54700,54790,54820
2025-10-21 05:10:00,10000,54850,54750,54810,54780,54860,54770,54830,54800,54855,54760,54820,54790
2025-10-21 05:15:00,12400,54900,54780,54780,54840,54920,54800,54800,54860,54910,54790,54790,54850
2025-10-21 05:20:00,5100,54870,54800,54840,54810,54890,54820,54860,54820,54880,54810,54850,54815
2025-10-21 05:25:00,7300,54830,54770,54810,54800,54840,54780,54820,54810,54835,54775,54815,54805
2025-10-21 05:30:00,9400,54820,54710,54800,54710,54840,54730,54810,54730,54830,54720,54805,54720
2025-10-21 05:35:00,12200,54710,54650,54710,54670,54730,54660,54730,54690,54720,54655,54720,54680
2025-10-21 05:40:00,13000,54750,54660,54670,54720,54760,54670,54690,54730,54755,54665,54680,54725
2025-10-21 05:45:00,13600,54840,54700,54720,54830,54850,54720,54730,54840,54845,54710,54725,54835
2025-10-21 05:50:00,21800,54860,54770,54830,54770,54870,54790,54840,54790,54865,54780,54835,54780
2025-10-21 05:55:00,15000,54800,54730,54770,54770,54820,54750,54780,54780,54810,54740,54775,54775
2025-10-21 06:00:00,18400,54770,54610,54770,54660,54790,54630,54780,54680,54780,54620,54775,54670
2025-10-21 06:05:00,21700,54660,54400,54660,54440,54680,54420,54680,54460,54670,54410,54670,54450
2025-10-21 06:10:00,18000,54550,54430,54440,54470,54560,54450,54460,54490,54555,54440,54450,54480
2025-10-21 06:15:00,17700,54510,54410,54470,54460,54520,54420,54490,54470,54515,54415,54480,54465
2025-10-21 06:20:00,22000,54530,54400,54460,54400,54540,54430,54470,54450,54535,54415,54465,54425
2025-10-21 06:25:00,,54780,53460,54200,54540,54780,53470,54210,54550,54780,53465,54205,54545
2025-10-21 06:30:00,205600,54500,54500,54500,54500,54550,54550,54550,54550,54525,54525,54525,54525
2025-10-22 00:00:00,104500,55110,54360,54360,55020,55130,54370,54370,55050,55120,54365,54365,55035
2025-10-22 00:05:00,31000,55090,54730,55020,54910,55100,54750,55050,54940,55095,54745,55035,54925
2025-10-22 00:10:00,49200,55170,54850,54910,55140,55180,54870,54940,55170,55175,54860,54925,55155
2025-10-22 00:15:00,21800,55140,55000,55140,55080,55170,55030,55170,55100,55155,55015,55155,55090
2025-10-22 00:20:00,26300,55210,55080,55080,55200,55220,55090,55100,55220,55215,55085,55090,55210
2025-10-22 00:25:00,22900,55200,54980,55200,54990,55220,54990,55220,55000,55210,54985,55210,54995
2025-10-22 00:30:00,19500,55020,54840,54990,54890,55050,54860,55000,54910,55035,54855,54995,54900
2025-10-22 00:35:00,14400,54910,54770,54890,54850,54930,54790,54910,54860,54920,54780,54900,54855
2025-10-22 00:40:00,19300,54970,54830,54850,54910,55000,54850,54860,54930,54985,54840,54855,54920
2025-10-22 00:45:00,14200,55020,54890,54910,54980,55030,54910,54930,55000,55025,54905,54920,54990
2025-10-22 00:50:00,12300,55030,54920,54980,55020,55040,54940,55000,55030,55035,54930,54990,55025
2025-10-22 00:55:00,23700,55090,54840,55020,54870,55100,54870,55030,54890,55095,54855,55025,54880
2025-10-22 01:00:00,11500,54890,54780,54870,54820,54900,54800,54890,54840,54895,54790,54880,54830
2025-10-22 01:05:00,14900,54830,54710,54820,54770,54840,54730,54840,54790,54835,54720,54830,54780
2025-10-22 01:10:00,16500,54800,54600,54770,54600,54810,54620,54790,54620,54805,54610,54780,54610
2025-10-22 01:15:00,21900,54640,54400,54600,54420,54660,54420,54620,54440,54650,54410,54610,54430
2025-10-22 01:20:00,17300,54550,54380,54420,54520,54560,54400,54440,54540,54555,54390,54430,54530
2025-10-22 01:25:00,20500,54530,54320,54520,54420,54550,54340,54540,54440,54535,54330,54530,54430
2025-10-22 01:30:00,10800,54440,54350,54420,54410,54450,54370,54440,54430,54445,54360,54430,54420
2025-10-22 01:35:00,12300,54430,54330,54410,54390,54440,54350,54430,54410,54435,54340,54420,54400
2025-10-22 01:40:00,6000,54450,54340,54380,54370,54460,54360,54410,54390,54455,54350,54395,54380
2025-10-22 01:45:00,9700,54480,54330,54370,54470,54490,54350,54390,54490,54485,54340,54380,54480
2025-10-22 01:50:00,11300,54590,54400,54470,54420,54600,54410,54490,54440,54595,54405,54480,54430
2025-10-22 01:55:00,7000,54460,54390,54420,54450,54480,54410,54440,54460,54465,54400,54430,54455
2025-10-22 02:00:00,3200,54450,54410,54450,54420,54470,54440,54460,54440,54460,54425,54455,54430
2025-10-22 02:05:00,8400,54550,54400,54420,54530,54570,54410,54440,54550,54560,54405,54430,54540
2025-10-22 02:10:00,4500,54590,54530,54530,54580,54610,54540,54550,54590,54600,54535,54540,54585
2025-10-22 02:15:00,9000,54650,54580,54580,54640,54680,54600,54600,54660,54660,54590,54590,54650
2025-10-22 02:20:00,6600,54720,54630,54640,54720,54740,54640,54660,54730,54730,54635,54650,54725
2025-10-22 02:25:00,6700,54720,54610,54720,54640,54730,54640,54730,54660,54725,54625,54725,54650
2025-10-22 02:30:00,2600,54640,54640,54640,54640,54660,54660,54660,54660,54650,54650,54650,54650
2025-10-22 03:30:00,20900,54740,54580,54700,54680,54760,54600,54730,54700,54750,54590,54715,54690
2025-10-22 03:35:00,5700,54720,54620,54680,54630,54740,54650,54700,54650,54730,54635,54690,54640
2025-10-22 03:40:00,5800,54770,54620,54630,54750,54780,54650,54660,54770,54775,54635,54645,54760
2025-10-22 03:45:00,12400,54900,54750,54750,54870,54910,54770,54770,54890,54905,54760,54760,54880
2025-10-22 03:50:00,9000,54950,54870,54870,54940,54960,54880,54890,54950,54955,54875,54880,54945
2025-10-22 03:55:00,21200,55020,54940,54940,54970,55030,54950,54950,54980,55025,54945,54945,54975
2025-10-22 04:00:00,20000,55060,54950,54970,54970,55080,54960,54980,54990,55070,54955,54975,54980
2025-10-22 04:05:00,7200,55030,54970,54970,54980,55040,54980,54990,54990,55035,54975,54980,54985
2025-10-22 04:10:00,12700,55060,54970,54980,55020,55070,54990,54990,55030,55065,54980,54985,55025
2025-10-22 04:15:00,22300,55160,55020,55020,55130,55180,55030,55030,55160,55170,55025,55025,55145
2025-10-22 04:20:00,22700,55240,55130,55130,55170,55250,55160,55160,55190,55245,55145,55145,55180
2025-10-22 04:25:00,8900,55190,55120,55170,55120,55200,55140,55190,55140,55195,55130,55180,55130
2025-10-22 04:30:00,18100,55260,55120,55120,55250,55270,55140,55140,55260,55265,55130,55130,55255
2025-10-22 04:35:00,14700,55290,55200,55250,55230,55300,55220,55260,55250,55295,55210,55255,55240
2025-10-22 04:40:00,5400,55240,55200,55230,55220,55260,55220,55250,55230,55250,55210,55240,55225
2025-10-22 04:45:00,9600,55240,55180,55220,55230,55250,55200,55230,55250,55245,55190,55225,55240
2025-10-22 04:50:00,6400,55240,55150,55220,55160,55250,55170,55250,55170,55245,55160,55235,55165
2025-10-22 04:55:00,4700,55220,55160,55160,55210,55230,55170,55170,55220,55225,55165,55165,55215
2025-10-22 05:00:00,6300,55260,55200,55210,55260,55270,55220,55220,55270,55265,55210,55215,55265
2025-10-22 05:05:00,6500,55280,55230,55260,55250,55290,55250,55270,55270,55285,55240,55265,55260
2025-10-22 05:10:00,3600,55280,55220,55250,55230,55290,55230,55270,55240,55285,55225,55260,55235
2025-10-22 05:15:00,2900,55230,55170,55230,55180,55250,55180,55240,55200,55240,55175,55235,55190
2025-10-22 05:20:00,4100,55230,55180,55180,55210,55240,55190,55200,55220,55235,55185,55190,55215
2025-10-22 05:25:00,8000,55290,55190,55210,55290,55300,55200,55230,55300,55295,55195,55220,55295
2025-10-22 05:30:00,23200,55380,55280,55280,55380,55400,55300,55300,55390,55390,55290,55290,55385
2025-10-22 05:35:00,10800,55420,55350,55380,55350,55430,55360,55390,55370,55425,55355,55385,55360
2025-10-22 05:40:00,5200,55390,55330,55350,55330,55400,55350,55370,55350,55395,55340,55360,55340
2025-10-22 05:45:00,2000,55380,55330,55330,55360,55390,55340,55350,55370,55385,55335,55340,55365
2025-10-22 05:50:00,6600,55380,55320,55360,55380,55390,55330,55370,55390,55385,55325,55365,55385
2025-10-22 05:55:00,12800,55440,55360,55380,55400,55450,55370,55390,55420,55445,55365,55385,55410
2025-10-22 06:00:00,9900,55470,55370,55400,55450,55480,55380,55420,55460,55475,55375,55410,55455
2025-10-22 06:05:00,38100,55590,55430,55450,55520,55600,55450,55460,55530,55595,55440,55455,55525
2025-10-22 06:10:00,8100,55550,55500,55520,55520,55560,55510,55530,55530,55555,55505,55525,55525
2025-10-22 06:15:00,11600,55580,55470,55520,55570,55590,55490,55530,55590,55585,55480,55525,55580
2025-10-22 06:20:00,20500,55570,55450,55570,55450,55590,55460,55590,55470,55580,55455,55580,55460
2025-10-22 06:25:00,,56010,55460,55850,55460,56020,55470,55860,55470,56015,55465,55855,55465
2025-10-22 06:30:00,166700,55460,55460,55460,55460,55480,55480,55480,55480,55470,55470,55470,55470
2025-10-23 00:00:00,117200,55880,55210,55790,55300,55950,55250,55800,55330,55915,55235,55795,55315
2025-10-23 00:05:00,36600,55720,55300,55300,55590,55730,55320,55320,55620,55725,55310,55310,55605
2025-10-23 00:10:00,21000,55600,55330,55590,55360,55620,55340,55620,55390,55610,55335,55605,55375
2025-10-23 00:15:00,22900,55490,55240,55360,55480,55500,55260,55390,55500,55495,55250,55375,55490
2025-10-23 00:20:00,19200,55560,55320,55480,55330,55570,55340,55500,55360,55565,55330,55490,55345
2025-10-23 00:25:00,16800,55340,55200,55330,55210,55360,55220,55360,55230,55350,55210,55345,55220
2025-10-23 00:30:00,20100,55230,55070,55210,55120,55250,55080,55230,55130,55240,55075,55220,55125
2025-10-23 00:35:00,11400,55170,55040,55120,55090,55200,55060,55130,55110,55185,55050,55125,55100
2025-10-23 00:40:00,14100,55100,55000,55090,55040,55130,55010,55110,55060,55115,55005,55100,55050
2025-10-23 00:45:00,18500,55040,54900,55040,54960,55070,54910,55070,54990,55055,54905,55055,54975
2025-10-23 00:50:00,13300,55080,54940,54960,55000,55090,54960,54990,55020,55085,54950,54975,55010
2025-10-23 00:55:00,15000,55060,54920,55000,55040,55080,54940,55020,55060,55070,54930,55010,55050
2025-10-23 01:00:00,11800,55160,55000,55040,55130,55180,55020,55060,55140,55170,55010,55050,55135
2025-10-23 01:05:00,11000,55130,54960,55130,54960,55140,54980,55140,54980,55135,54970,55135,54970
2025-10-23 01:10:00,12300,55060,54940,54960,54970,55080,54950,54980,55000,55065,54945,54970,54985
2025-10-23 01:15:00,6500,54980,54900,54970,54960,55010,54910,55000,54980,54995,54905,54985,54970
2025-10-23 01:20:00,8500,55100,54960,54960,55070,55110,54980,54980,55090,55105,54970,54970,55080
2025-10-23 01:25:00,5400,55100,55040,55070,55080,55110,55050,55090,55100,55105,55045,55080,55090
2025-10-23 01:30:00,7100,55160,55060,55080,55140,55170,55070,55100,55160,55165,55065,55090,55150
2025-10-23 01:35:00,8500,55190,55080,55150,55120,55200,55090,55160,55140,55195,55085,55155,55130
2025-10-23 01:40:00,3400,55180,55110,55120,55150,55190,55130,55140,55180,55185,55120,55130,55165
2025-10-23 01:45:00,12300,55180,55000,55150,55000,55190,55010,55180,55020,55185,55005,55165,55010
2025-10-23 01:50:00,10900,55010,54900,55000,55010,55030,54910,55020,55030,55020,54905,55010,55020
2025-10-23 01:55:00,5400,55030,54950,55010,55010,55050,54970,55030,55030,55040,54960,55020,55020
2025-10-23 02:00:00,7000,55030,54970,55010,55010,55040,54980,55030,55030,55035,54975,55020,55020
2025-10-23 02:05:00,5400,55040,54980,55010,54980,55050,54990,55030,55000,55045,54985,55020,54990
2025-10-23 02:10:00,7000,54980,54940,54980,54950,55000,54950,55000,54960,54990,54945,54990,54955
2025-10-23 02:15:00,9100,54990,54900,54950,54990,55010,54910,54960,55000,55000,54905,54955,54995
2025-10-23 02:20:00,2300,55010,54980,54990,55010,55030,54990,55010,55030,55020,54985,55000,55020
2025-10-23 02:25:00,3300,55040,54980,55010,54980,55050,54990,55030,54990,55045,54985,55020,54985
2025-10-23 02:30:00,2700,54980,54980,54980,54980,54990,54990,54990,54990,54985,54985,54985,54985
2025-10-23 03:30:00,34300,55270,54970,54990,55250,55290,54990,55000,55270,55280,54980,54995,55260
2025-10-23 03:35:00,4200,55250,55210,55250,55210,55270,55220,55270,55220,55260,55215,55260,55215
2025-10-23 03:40:00,11600,55210,54970,55210,54980,55230,54980,55220,54990,55220,54975,55215,54985
2025-10-23 03:45:00,15900,54980,54880,54980,54940,55000,54890,54990,54960,54990,54885,54985,54950
2025-10-23 03:50:00,4800,55010,54930,54940,55010,55030,54950,54960,55030,55020,54940,54950,55020
2025-10-23 03:55:00,7700,55120,55010,55010,55060,55130,55020,55030,55080,55125,55015,55020,55070
2025-10-23 04:00:00,7200,55130,55060,55060,55110,55150,55070,55080,55130,55140,55065,55070,55120
2025-10-23 04:05:00,9400,55150,55100,55110,55130,55160,55110,55130,55150,55155,55105,55120,55140
2025-10-23 04:10:00,6300,55150,55100,55130,55100,55170,55110,55150,55120,55160,55105,55140,55110
2025-10-23 04:15:00,8200,55100,55030,55100,55050,55120,55050,55120,55070,55110,55040,55110,55060
2025-10-23 04:20:00,2900,55130,55050,55050,55100,55140,55070,55070,55120,55135,55060,55060,55110
2025-10-23 04:25:00,1900,55120,55060,55100,55060,55140,55070,55120,55070,55130,55065,55110,55065
2025-10-23 04:30:00,5500,55060,55010,55060,55030,55070,55030,55070,55040,55065,55020,55065,55035
2025-10-23 04:35:00,1800,55060,55020,55020,55040,55080,55040,55040,55060,55070,55030,55030,55050
2025-10-23 04:40:00,7300,55040,54930,55040,54960,55060,54940,55060,54980,55050,54935,55050,54970
2025-10-23 04:45:00,3500,54970,54920,54970,54950,54980,54930,54980,54960,54975,54925,54975,54955
2025-10-23 04:50:00,4200,54970,54930,54950,54940,54980,54950,54960,54950,54975,54940,54955,54945
2025-10-23 04:55:00,4600,54970,54940,54940,54940,54990,54950,54950,54960,54980,54945,54945,54950
2025-10-23 05:00:00,5300,54990,54920,54940,54930,55010,54930,54960,54940,55000,54925,54950,54935
2025-10-23 05:05:00,7900,54940,54880,54930,54920,54950,54900,54940,54940,54945,54890,54935,54930
2025-10-23 05:10:00,4700,55040,54920,54920,55030,55050,54930,54940,55050,55045,54925,54930,55040
2025-10-23 05:15:00,5400,55080,55020,55040,55070,55090,55040,55050,55090,55085,55030,55045,55080
2025-10-23 05:20:00,3500,55110,55060,55070,55100,55120,55080,55090,55120,55115,55070,55080,55110
2025-10-23 05:25:00,3500,55100,55060,55100,55070,55120,55070,55120,55090,55110,55065,55110,55080
2025-10-23 05:30:00,4500,55100,55030,55070,55040,55110,55050,55090,55050,55105,55040,55080,55045
2025-10-23 05:35:00,5400,55100,55020,55030,55100,55110,55040,55050,55110,55105,55030,55040,55105
2025-10-23 05:40:00,10900,55180,55100,55100,55150,55190,55110,55110,55170,55185,55105,55105,55160
2025-10-23 05:45:00,5000,55190,55120,55150,55180,55200,55140,55160,55190,55195,55130,55155,55185
2025-10-23 05:50:00,11800,55260,55160,55180,55250,55270,55170,55190,55260,55265,55165,55185,55255
2025-10-23 05:55:00,10900,55290,55230,55250,55280,55300,55240,55260,55290,55295,55235,55255,55285
2025-10-23 06:00:00,6400,55320,55280,55280,55290,55330,55290,55290,55310,55325,55285,55285,55300
2025-10-23 06:05:00,8800,55340,55280,55290,55300,55350,55290,55310,55320,55345,55285,55300,55310
2025-10-23 06:10:00,6100,55310,55260,55300,55280,55330,55280,55320,55290,55320,55270,55310,55285
2025-10-23 06:15:00,7200,55290,55250,55280,55270,55300,55270,55290,55290,55295,55260,55285,55280
2025-10-23 06:20:00,20100,55290,55220,55270,55290,55300,55240,55290,55300,55295,55230,55280,55295
2025-10-23 06:25:00,,55400,53000,53500,55340,55410,53010,53510,55350,55405,53005,53505,55345
2025-10-23 06:30:00,199200,55280,55280,55280,55280,55350,55350,55350,55350,55315,55315,55315,55315
2025-10-24 00:00:00,93800,55940,55310,55810,55320,55950,55330,55820,55360,55945,55320,55815,55340
2025-10-24 00:05:00,25300,55620,55320,55320,55470,55650,55350,55360,55490,55630,55335,55340,55480
2025-10-24 00:10:00,25500,55740,55450,55470,55710,55770,55470,55490,55740,55755,55460,55480,55725
2025-10-24 00:15:00,19800,55740,55510,55710,55520,55760,55540,55740,55550,55750,55530,55725,55535
2025-10-24 00:20:00,11200,55580,55410,55520,55460,55610,55420,55550,55480,55590,55415,55535,55470
2025-10-24 00:25:00,11900,55490,55350,55460,55400,55510,55370,55480,55410,55500,55360,55470,55405
2025-10-24 00:30:00,6300,55460,55390,55400,55430,55480,55400,55410,55440,55470,55395,55405,55435
2025-10-24 00:35:00,6400,55520,55410,55430,55460,55540,55420,55440,55480,55530,55415,55435,55470
2025-10-24 00:40:00,11800,55650,55460,55460,55630,55660,55470,55470,55650,55655,55465,55465,55640
2025-10-24 00:45:00,6400,55630,55570,55620,55600,55650,55580,55650,55620,55640,55575,55635,55610
2025-10-24 00:50:00,4200,55630,55550,55600,55550,55640,55560,55620,55570,55635,55555,55610,55560
2025-10-24 00:55:00,5500,55620,55520,55550,55570,55630,55540,55570,55590,55625,55530,55560,55580
2025-10-24 01:00:00,14400,55720,55560,55570,55660,55740,55580,55590,55680,55730,55570,55580,55670
2025-10-24 01:05:00,8200,55660,55560,55660,55620,55680,55570,55680,55640,55670,55565,55670,55630
2025-10-24 01:10:00,7000,55650,55520,55620,55520,55670,55540,55640,55540,55660,55530,55630,55530
2025-10-24 01:15:00,6200,55620,55510,55520,55560,55640,55530,55540,55570,55630,55520,55530,55565
2025-10-24 01:20:00,5800,55650,55550,55560,55620,55670,55570,55570,55640,55660,55560,55565,55630
2025-10-24 01:25:00,6300,55640,55530,55620,55530,55650,55540,55640,55540,55645,55535,55630,55535
2025-10-24 01:30:00,5400,55590,55510,55530,55570,55610,55520,55540,55590,55600,55515,55535,55580
2025-10-24 01:35:00,6900,55600,55470,55560,55500,55610,55490,55590,55520,55605,55480,55575,55510
2025-10-24 01:40:00,4600,55570,55470,55500,55560,55590,55480,55510,55580,55580,55475,55505,55570
2025-10-24 01:45:00,4800,55620,55560,55560,55560,55640,55570,55580,55580,55630,55565,55570,55570
2025-10-24 01:50:00,9200,55680,55560,55560,55670,55690,55580,55580,55680,55685,55570,55570,55675
2025-10-24 01:55:00,15400,55720,55610,55670,55700,55740,55620,55680,55720,55730,55615,55675,55710
2025-10-24 02:00:00,9000,55720,55650,55700,55650,55740,55670,55720,55670,55730,55660,55710,55660
2025-10-24 02:05:00,4300,55680,55580,55650,55600,55700,55600,55670,55620,55685,55590,55660,55610
2025-10-24 02:10:00,3100,55640,55580,55600,55580,55650,55600,55620,55600,55645,55590,55610,55590
2025-10-24 02:15:00,3200,55600,55550,55580,55590,55610,55570,55600,55610,55605,55560,55590,55600
2025-10-24 02:20:00,3000,55650,55590,55590,55630,55670,55610,55610,55650,55660,55600,55600,55640
2025-10-24 02:25:00,4700,55660,55600,55630,55610,55680,55610,55650,55630,55670,55605,55640,55620
2025-10-24 02:30:00,3500,55600,55600,55600,55600,55630,55630,55630,55630,55615,55615,55615,55615
2025-10-24 03:30:00,18100,55700,55570,55600,55630,55720,55580,55650,55660,55710,55575,55625,55645
2025-10-24 03:35:00,6300,55710,55620,55630,55690,55730,55640,55660,55710,55720,55630,55645,55700
2025-10-24 03:40:00,4700,55710,55640,55690,55660,55720,55660,55710,55680,55715,55650,55700,55670
2025-10-24 03:45:00,9800,55670,55520,55660,55550,55690,55540,55680,55560,55680,55530,55670,55555
2025-10-24 03:50:00,7000,55550,55490,55550,55510,55560,55500,55560,55530,55555,55495,55555,55520
2025-10-24 03:55:00,4300,55530,55490,55510,55500,55550,55500,55530,55510,55540,55495,55520,55505
2025-10-24 04:00:00,2900,55500,55480,55500,55500,55520,55490,55510,55520,55510,55485,55505,55510
2025-10-24 04:05:00,4400,55600,55500,55500,55570,55620,55520,55520,55590,55610,55510,55510,55580
2025-10-24 04:10:00,2200,55600,55550,55570,55590,55610,55570,55590,55600,55605,55560,55580,55595
2025-10-24 04:15:00,6800,55610,55560,55590,55580,55630,55570,55600,55600,55620,55565,55595,55590
2025-10-24 04:20:00,4900,55650,55580,55580,55610,55660,55600,55600,55630,55655,55590,55590,55620
2025-10-24 04:25:00,3800,55660,55600,55610,55640,55670,55620,55630,55660,55665,55610,55620,55650
2025-10-24 04:30:00,11700,55700,55640,55640,55650,55710,55660,55660,55670,55705,55650,55650,55660
2025-10-24 04:35:00,5100,55690,55630,55650,55660,55700,55640,55680,55680,55695,55635,55665,55670
2025-10-24 04:40:00,3400,55680,55630,55660,55660,55690,55650,55680,55680,55685,55640,55670,55670
2025-10-24 04:45:00,3400,55670,55650,55660,55660,55680,55660,55680,55680,55675,55655,55670,55670
2025-10-24 04:50:00,9000,55710,55660,55660,55700,55730,55680,55680,55720,55720,55670,55670,55710
2025-10-24 04:55:00,3800,55710,55660,55700,55670,55720,55670,55720,55690,55715,55665,55710,55680
2025-10-24 05:00:00,3800,55710,55640,55670,55640,55720,55650,55690,55660,55715,55645,55680,55650
2025-10-24 05:05:00,4700,55640,55560,55640,55560,55660,55570,55660,55570,55650,55565,55650,55565
2025-10-24 05:10:00,15700,55560,55350,55560,55370,55580,55370,55570,55390,55570,55360,55565,55380
2025-10-24 05:15:00,6200,55420,55320,55370,55410,55430,55340,55390,55430,55425,55330,55380,55420
2025-10-24 05:20:00,7500,55460,55390,55410,55400,55470,55400,55430,55420,55465,55395,55420,55410
2025-10-24 05:25:00,7800,55410,55330,55410,55370,55420,55350,55420,55390,55415,55340,55415,55380
2025-10-24 05:30:00,5100,55400,55340,55370,55370,55420,55350,55390,55380,55410,55345,55380,55375
2025-10-24 05:35:00,2100,55390,55360,55370,55360,55400,55370,55380,55370,55395,55365,55375,55365
2025-10-24 05:40:00,10600,55510,55350,55360,55510,55530,55360,55370,55530,55520,55355,55365,55520
2025-10-24 05:45:00,7200,55550,55500,55510,55540,55570,55510,55530,55560,55560,55505,55520,55550
2025-10-24 05:50:00,4500,55540,55500,55540,55510,55560,55510,55560,55520,55550,55505,55550,55515
2025-10-24 05:55:00,8000,55580,55500,55510,55570,55600,55510,55520,55580,55590,55505,55515,55575
2025-10-24 06:00:00,7000,55570,55480,55570,55510,55580,55500,55580,55530,55575,55490,55575,55520
2025-10-24 06:05:00,4800,55560,55480,55510,55480,55570,55490,55530,55490,55565,55485,55520,55485
2025-10-24 06:10:00,4800,55480,55430,55480,55440,55490,55440,55490,55450,55485,55435,55485,55445
2025-10-24 06:15:00,5900,55470,55430,55440,55440,55480,55440,55450,55450,55475,55435,55445,55445
2025-10-24 06:20:00,14200,55510,55430,55440,55480,55520,55440,55450,55490,55515,55435,55445,55485
2025-10-24 06:25:00,,55800,55090,55730,55340,55800,55100,55740,55350,55800,55095,55735,55345
2025-10-24 06:30:00,160400,55340,55340,55340,55340,55470,55470,55470,55470,55405,55405,55405,55405
2025-10-27 00:00:00,81600,56040,55650,55890,55900,56070,55720,55900,55940,56055,55685,55895,55920
2025-10-27 00:05:00,28200,56050,55770,55900,56040,56060,55800,55940,56060,56055,55790,55920,56050
2025-10-27 00:10:00,56400,56410,56030,56040,56410,56420,56050,56060,56420,56415,56040,56050,56415
2025-10-27 00:15:00,32200,56470,56320,56410,56380,56480,56340,56420,56400,56475,56335,56415,56390
2025-10-27 00:20:00,16200,56430,56310,56380,56380,56440,56330,56390,56400,56435,56320,56385,56390
2025-10-27 00:25:00,26800,56530,56370,56380,56490,56540,56380,56400,56520,56535,56375,56390,56505
2025-10-27 00:30:00,25300,56580,56480,56490,56550,56600,56500,56520,56570,56590,56490,56505,56560
2025-10-27 00:35:00,28200,56730,56520,56550,56730,56750,56550,56570,56740,56740,56535,56560,56735
2025-10-27 00:40:00,30000,56770,56560,56730,56580,56780,56570,56740,56590,56775,56565,56735,56585
2025-10-27 00:45:00,15400,56730,56560,56580,56640,56740,56590,56600,56670,56735,56575,56590,56655
2025-10-27 00:50:00,40900,57000,56620,56640,56910,57020,56640,56670,56930,57010,56630,56655,56920
2025-10-27 00:55:00,19400,56910,56620,56910,56640,56930,56640,56930,56660,56920,56630,56920,56650
2025-10-27 01:00:00,25900,56700,56510,56640,56520,56740,56540,56660,56550,56720,56525,56650,56535
2025-10-27 01:05:00,13300,56650,56470,56520,56590,56700,56490,56550,56600,56675,56480,56535,56595
2025-10-27 01:10:00,16000,56590,56370,56590,56420,56600,56380,56600,56450,56595,56375,56595,56435
2025-10-27 01:15:00,9400,56580,56370,56420,56570,56600,56390,56450,56600,56590,56380,56435,56585
2025-10-27 01:20:00,9200,56720,56570,56570,56720,56740,56590,56600,56740,56730,56585,56585,56730
2025-10-27 01:25:00,8800,56770,56620,56720,56690,56780,56630,56740,56720,56775,56625,56730,56705
2025-10-27 01:30:00,8800,56810,56670,56690,56780,56820,56700,56720,56800,56815,56685,56705,56790
2025-10-27 01:35:00,11100,56940,56780,56780,56910,56950,56790,56800,56920,56945,56785,56790,56915
2025-10-27 01:40:00,12200,56960,56860,56910,56950,56970,56890,56930,56960,56965,56875,56920,56955
2025-10-27 01:45:00,21600,57010,56920,56950,56970,57030,56950,56970,56990,57020,56935,56960,56980
2025-10-27 01:50:00,11400,56970,56810,56970,56810,56990,56820,56990,56830,56980,56815,56980,56820
2025-10-27 01:55:00,5400,56910,56780,56810,56900,56920,56800,56830,56920,56915,56790,56820,56910
2025-10-27 02:00:00,4500,56900,56830,56900,56840,56920,56850,56920,56860,56910,56840,56910,56850
2025-10-27 02:05:00,6700,56850,56780,56840,56840,56880,56800,56860,56850,56865,56790,56850,56845
2025-10-27 02:10:00,6000,56840,56730,56840,56730,56850,56740,56850,56760,56845,56735,56845,56745
2025-10-27 02:15:00,5500,56890,56720,56730,56850,56910,56740,56760,56870,56900,56730,56745,56860
2025-10-27 02:20:00,5400,56920,56850,56850,56880,56930,56860,56870,56890,56925,56855,56860,56885
2025-10-27 02:25:00,7400,56880,56800,56880,56820,56910,56820,56890,56850,56895,56810,56885,56835
2025-10-27 02:30:00,2200,56820,56820,56820,56820,56860,56860,56860,56860,56840,56840,56840,56840
2025-10-27 03:30:00,26700,57010,56870,56880,56900,57020,56890,56970,56920,57015,56880,56925,56910
2025-10-27 03:35:00,8000,56930,56870,56900,56880,56940,56890,56920,56900,56935,56880,56910,56890
2025-10-27 03:40:00,9900,56900,56730,56880,56770,56920,56740,56900,56790,56910,56735,56890,56780
2025-10-27 03:45:00,7100,56800,56720,56770,56730,56810,56740,56790,56760,56805,56730,56780,56745
2025-10-27 03:50:00,13900,56750,56620,56740,56620,56770,56630,56760,56640,56760,56625,56750,56630
2025-10-27 03:55:00,14500,56620,56490,56620,56580,56640,56500,56640,56600,56630,56495,56630,56590
2025-10-27 04:00:00,7400,56660,56570,56580,56580,56680,56590,56600,56600,56670,56580,56590,56590
2025-10-27 04:05:00,12900,56580,56450,56580,56480,56600,56480,56600,56500,56590,56475,56590,56490
2025-10-27 04:10:00,4400,56500,56470,56480,56480,56520,56480,56500,56490,56510,56475,56490,56485
2025-10-27 04:15:00,7200,56520,56420,56480,56480,56530,56440,56490,56510,56525,56435,56485,56495
2025-10-27 04:20:00,11400,56610,56480,56490,56560,56620,56500,56510,56580,56615,56495,56500,56570
2025-10-27 04:25:00,12100,56650,56530,56560,56630,56660,56550,56580,56650,56655,56540,56570,56640
2025-10-27 04:30:00,4900,56660,56620,56630,56630,56670,56630,56660,56650,56665,56625,56645,56640
2025-10-27 04:35:00,4300,56640,56590,56630,56610,56650,56600,56650,56630,56645,56595,56640,56620
2025-10-27 04:40:00,2300,56620,56590,56610,56620,56650,56600,56630,56630,56635,56595,56620,56625
2025-10-27 04:45:00,4700,56620,56530,56620,56530,56630,56540,56630,56550,56625,56535,56625,56540
2025-10-27 04:50:00,2700,56590,56520,56530,56570,56610,56540,56550,56590,56600,56530,56540,56580
2025-10-27 04:55:00,5500,56590,56540,56570,56560,56610,56560,56590,56580,56600,56550,56580,56570
2025-10-27 05:00:00,5700,56610,56520,56560,56580,56620,56540,56580,56600,56615,56530,56570,56590
2025-10-27 05:05:00,2700,56600,56560,56580,56590,56610,56580,56600,56610,56605,56570,56590,56600
2025-10-27 05:10:00,2300,56600,56580,56590,56590,56620,56600,56610,56610,56610,56590,56600,56600
2025-10-27 05:15:00,3900,56610,56560,56590,56580,56620,56590,56610,56600,56615,56575,56600,56590
2025-10-27 05:20:00,3100,56600,56550,56580,56550,56620,56560,56600,56570,56605,56555,56590,56560
2025-10-27 05:25:00,10200,56550,56470,56550,56510,56570,56490,56570,56520,56560,56480,56560,56515
2025-10-27 05:30:00,4000,56570,56510,56510,56570,56590,56520,56520,56580,56580,56515,56515,56575
2025-10-27 05:35:00,4100,56610,56550,56570,56610,56630,56570,56580,56620,56620,56565,56575,56615
2025-10-27 05:40:00,10300,56650,56550,56610,56620,56670,56570,56620,56640,56660,56560,56615,56630
2025-10-27 05:45:00,5300,56680,56620,56620,56620,56690,56640,56640,56640,56685,56630,56630,56630
2025-10-27 05:50:00,3400,56640,56590,56620,56600,56650,56610,56640,56610,56645,56600,56630,56605
2025-10-27 05:55:00,3300,56630,56600,56600,56600,56640,56610,56610,56620,56635,56605,56605,56610
2025-10-27 06:00:00,5900,56650,56590,56600,56640,56670,56610,56620,56650,56660,56600,56610,56645
2025-10-27 06:05:00,6400,56660,56630,56640,56650,56670,56650,56650,56670,56665,56640,56645,56660
2025-10-27 06:10:00,8900,56690,56630,56660,56690,56700,56640,56670,56700,56695,56635,56665,56695
2025-10-27 06:15:00,24200,56760,56680,56690,56740,56780,56700,56700,56760,56770,56690,56695,56750
2025-10-27 06:20:00,16800,56860,56740,56740,56860,56880,56750,56760,56880,56870,56745,56750,56870
2025-10-27 06:25:00,,57790,56540,57360,56620,57800,56550,57370,56630,57795,56545,57365,56625
2025-10-27 06:30:00,189500,56620,56620,56620,56620,56640,56640,56640,56640,56630,56630,56630,56630
2025-10-28 00:00:00,80200,56970,56380,56970,56460,56980,56410,56970,56490,56970,56395,56970,56475
2025-10-28 00:05:00,35400,56490,56260,56460,56280,56520,56280,56490,56300,56505,56270,56475,56290
2025-10-28 00:10:00,31100,56330,56140,56280,56280,56340,56150,56300,56310,56335,56145,56290,56295
2025-10-28 00:15:00,16300,56350,56150,56280,56200,56360,56170,56310,56230,56355,56160,56295,56215
2025-10-28 00:20:00,11100,56350,56200,56200,56320,56360,56230,56230,56350,56355,56215,56215,56335
2025-10-28 00:25:00,15500,56330,56150,56320,56160,56350,56170,56350,56190,56340,56160,56335,56175
2025-10-28 00:30:00,14100,56180,56080,56170,56080,56200,56100,56190,56100,56190,56090,56180,56090
2025-10-28 00:35:00,7500,56230,56080,56080,56160,56240,56090,56100,56190,56235,56085,56090,56175
2025-10-28 00:40:00,30300,56170,56000,56160,56050,56190,56010,56190,56070,56180,56005,56175,56060
2025-10-28 00:45:00,7500,56110,56040,56050,56070,56130,56060,56070,56100,56120,56050,56060,56085
2025-10-28 00:50:00,14100,56300,56070,56070,56290,56320,56100,56100,56320,56310,56085,56085,56305
2025-10-28 00:55:00,8600,56340,56220,56290,56270,56350,56250,56310,56300,56345,56235,56300,56285
2025-10-28 01:00:00,5800,56300,56130,56270,56140,56310,56140,56300,56160,56305,56135,56285,56150
2025-10-28 01:05:00,7900,56150,56050,56140,56130,56160,56070,56160,56150,56155,56060,56150,56140
2025-10-28 01:10:00,5700,56130,56060,56130,56090,56150,56080,56150,56100,56140,56070,56140,56095
2025-10-28 01:15:00,3100,56130,56060,56090,56060,56150,56070,56110,56070,56140,56065,56100,56065
2025-10-28 01:20:00,8300,56070,56010,56060,56010,56090,56020,56070,56030,56080,56015,56065,56020
2025-10-28 01:25:00,13800,56030,55950,56010,55950,56040,55960,56020,55960,56035,55955,56015,55955
2025-10-28 01:30:00,9400,56010,55900,55950,55970,56020,55910,55960,55990,56015,55905,55955,55980
2025-10-28 01:35:00,6400,55990,55900,55970,55910,56020,55910,55990,55920,56005,55905,55980,55915
2025-10-28 01:40:00,3400,55920,55890,55910,55900,55950,55900,55920,55920,55935,55895,55915,55910
2025-10-28 01:45:00,5400,55950,55890,55900,55910,55980,55910,55920,55930,55965,55905,55910,55920
2025-10-28 01:50:00,10200,56000,55850,55910,55850,56010,55860,55940,55870,56005,55855,55925,55860
2025-10-28 01:55:00,9800,55850,55730,55850,55770,55860,55750,55860,55790,55855,55740,55855,55780
2025-10-28 02:00:00,8500,55830,55730,55770,55790,55850,55740,55790,55810,55840,55735,55780,55800
2025-10-28 02:05:00,3200,55820,55750,55790,55760,55830,55770,55810,55780,55825,55760,55800,55770
2025-10-28 02:10:00,2600,55830,55750,55760,55810,55850,55780,55790,55830,55835,55765,55775,55820
2025-10-28 02:15:00,8500,55840,55790,55810,55820,55880,55800,55830,55840,55860,55795,55820,55830
2025-10-28 02:20:00,6900,55920,55820,55830,55900,55930,55840,55840,55910,55925,55835,55835,55905
2025-10-28 02:25:00,5600,55930,55860,55900,55930,55940,55880,55910,55940,55935,55870,55905,55935
2025-10-28 02:30:00,5200,55920,55920,55920,55920,55940,55940,55940,55940,55930,55930,55930,55930
2025-10-28 03:30:00,22700,55980,55840,55920,55880,56010,55850,55920,55910,55990,55845,55920,55895
2025-10-28 03:35:00,7900,56030,55870,55880,56020,56050,55890,55910,56030,56040,55880,55895,56025
2025-10-28 03:40:00,12900,56140,56020,56020,56100,56150,56030,56030,56120,56145,56025,56025,56110
2025-10-28 03:45:00,6900,56120,56070,56100,56080,56140,56080,56120,56100,56130,56075,56110,56090
2025-10-28 03:50:00,6200,56100,56030,56080,56100,56120,56050,56100,56110,56110,56040,56090,56105
2025-10-28 03:55:00,6700,56160,56070,56100,56120,56170,56100,56110,56130,56165,56085,56105,56125
2025-10-28 04:00:00,5500,56140,56070,56120,56100,56150,56080,56130,56120,56145,56075,56125,56110
2025-10-28 04:05:00,3700,56110,56080,56100,56090,56120,56090,56120,56110,56115,56085,56110,56100
2025-10-28 04:10:00,5300,56130,56020,56090,56120,56150,56040,56110,56150,56140,56030,56100,56135
2025-10-28 04:15:00,5600,56120,56000,56120,56010,56150,56020,56140,56030,56135,56010,56130,56020
2025-10-28 04:20:00,4300,56060,56000,56010,56030,56080,56020,56030,56060,56070,56010,56020,56045
2025-10-28 04:25:00,3800,56080,56000,56030,56000,56100,56010,56060,56020,56090,56005,56045,56010
2025-10-28 04:30:00,7100,56070,55970,56000,56020,56090,55990,56020,56040,56080,55980,56010,56030
2025-10-28 04:35:00,7500,56030,55920,56020,55940,56050,55940,56040,55960,56040,55930,56030,55950
2025-10-28 04:40:00,9600,56000,55840,55940,55860,56010,55850,55960,55890,56005,55845,55950,55875
2025-10-28 04:45:00,7900,55920,55810,55860,55870,55930,55820,55890,55890,55925,55815,55875,55880
2025-10-28 04:50:00,6700,55950,55850,55870,55870,55960,55860,55890,55890,55955,55855,55880,55880
2025-10-28 04:55:00,5400,55930,55860,55870,55860,55960,55880,55900,55880,55940,55870,55885,55870
2025-10-28 05:00:00,8400,55870,55780,55860,55780,55890,55790,55880,55800,55880,55785,55870,55790
2025-10-28 05:05:00,10400,55800,55740,55780,55790,55810,55750,55800,55810,55805,55745,55790,55800
2025-10-28 05:10:00,4000,55870,55780,55790,55840,55890,55810,55810,55860,55880,55795,55800,55850
2025-10-28 05:15:00,3500,55860,55810,55840,55840,55890,55840,55860,55860,55875,55825,55850,55850
2025-10-28 05:20:00,6900,55840,55720,55840,55720,55860,55730,55860,55740,55850,55725,55850,55730
2025-10-28 05:25:00,6400,55770,55710,55720,55760,55800,55720,55740,55780,55785,55715,55730,55770
2025-10-28 05:30:00,4200,55860,55760,55760,55850,55880,55770,55780,55870,55870,55765,55770,55860
2025-10-28 05:35:00,4400,55920,55830,55850,55910,55940,55860,55870,55920,55930,55845,55860,55915
2025-10-28 05:40:00,8100,55960,55900,55910,55930,55980,55910,55920,55940,55970,55905,55915,55935
2025-10-28 05:45:00,6300,55950,55900,55930,55930,55970,55910,55940,55950,55960,55905,55935,55940
2025-10-28 05:50:00,3800,55940,55860,55930,55890,55960,55880,55950,55900,55950,55870,55940,55895
2025-10-28 05:55:00,6800,55900,55840,55890,55900,55920,55860,55900,55920,55910,55850,55895,55910
2025-10-28 06:00:00,8500,55900,55800,55900,55830,55920,55820,55920,55850,55910,55810,55910,55840
2025-10-28 06:05:00,8300,55980,55830,55830,55960,55990,55850,55850,55990,55985,55840,55840,55975
2025-10-28 06:10:00,7300,56010,55930,55960,55960,56020,55950,55990,55980,56015,55940,55975,55970
2025-10-28 06:15:00,7600,55960,55850,55950,55860,55980,55860,55980,55870,55970,55855,55965,55865
2025-10-28 06:20:00,12300,55890,55770,55860,55830,55920,55790,55870,55840,55905,55780,55865,55835
2025-10-28 06:25:00,,56290,55450,56180,55940,56300,55450,56190,55950,56295,55450,56185,55945
2025-10-28 06:30:00,145600,55830,55830,55830,55830,55960,55960,55960,55960,55895,55895,55895,55895
2025-10-29 00:00:00,100200,56040,55230,56040,55280,56050,55280,56050,55330,56045,55255,56045,55305
2025-10-29 00:05:00,33400,55410,55160,55280,55300,55440,55210,55330,55350,55425,55185,55305,55325
2025-10-29 00:10:00,53300,55340,54900,55300,54960,55370,54910,55350,54990,55355,54905,55325,54975
2025-10-29 00:15:00,71800,54960,54640,54960,54800,54990,54660,54990,54830,54975,54655,54975,54815
2025-10-29 00:20:00,30600,55090,54750,54800,55010,55130,54790,54830,55040,55110,54770,54815,55025
2025-10-29 00:25:00,20700,55180,55000,55010,55110,55200,55030,55040,55130,55190,55015,55025,55120
2025-10-29 00:30:00,26900,55300,55090,55110,55220,55310,55100,55130,55250,55305,55095,55120,55235
2025-10-29 00:35:00,17100,55380,55210,55220,55360,55390,55240,55250,55380,55385,55225,55235,55370
2025-10-29 00:40:00,15200,55430,55310,55360,55330,55440,55320,55380,55360,55435,55315,55370,55345
2025-10-29 00:45:00,13000,55340,55260,55330,55290,55370,55270,55360,55310,55355,55265,55345,55300
2025-10-29 00:50:00,19100,55310,55180,55290,55240,55330,55200,55310,55270,55320,55190,55300,55255
2025-10-29 00:55:00,9600,55350,55200,55240,55290,55380,55220,55270,55330,55360,55210,55255,55310
2025-10-29 01:00:00,9900,55310,55170,55290,55220,55330,55180,55330,55230,55320,55175,55310,55225
2025-10-29 01:05:00,9600,55370,55220,55220,55370,55400,55230,55230,55390,55385,55225,55225,55380
2025-10-29 01:10:00,11200,55440,55360,55370,55370,55450,55370,55390,55400,55445,55365,55380,55385
2025-10-29 01:15:00,20200,55500,55350,55370,55410,55520,55370,55400,55430,55510,55360,55385,55420
2025-10-29 01:20:00,15300,55500,55300,55410,55310,55520,55320,55430,55320,55510,55310,55420,55315
2025-10-29 01:25:00,6500,55370,55270,55310,55370,55400,55280,55330,55390,55385,55275,55320,55380
2025-10-29 01:30:00,7300,55530,55360,55370,55380,55540,55390,55390,55400,55535,55380,55380,55390
2025-10-29 01:35:00,10700,55390,55240,55390,55290,55420,55260,55400,55300,55405,55250,55395,55295
2025-10-29 01:40:00,14200,55510,55290,55290,55360,55540,55300,55300,55380,55525,55295,55295,55370
2025-10-29 01:45:00,7200,55460,55330,55360,55460,55490,55350,55380,55480,55475,55340,55370,55470
2025-10-29 01:50:00,9300,55460,55300,55460,55320,55480,55330,55480,55350,55470,55320,55470,55335
2025-10-29 01:55:00,6500,55450,55320,55320,55350,55470,55350,55350,55380,55460,55335,55335,55365
2025-10-29 02:00:00,6400,55410,55310,55350,55370,55440,55340,55380,55390,55425,55325,55365,55380
2025-10-29 02:05:00,8500,55470,55340,55370,55430,55480,55350,55390,55460,55475,55345,55380,55445
2025-10-29 02:10:00,10100,55530,55430,55430,55430,55540,55440,55460,55450,55535,55435,55445,55440
2025-10-29 02:15:00,8700,55460,55400,55430,55420,55480,55420,55450,55440,55470,55410,55440,55430
2025-10-29 02:20:00,3500,55440,55400,55410,55410,55460,55420,55440,55440,55450,55410,55425,55425
2025-10-29 02:25:00,6700,55440,55320,55410,55330,55480,55340,55440,55350,55460,55330,55425,55340
2025-10-29 02:30:00,1300,55330,55330,55330,55330,55350,55350,55350,55350,55340,55340,55340,55340
2025-10-29 03:30:00,24700,55450,55270,55310,55330,55480,55310,55330,55350,55465,55290,55320,55340
2025-10-29 03:35:00,6200,55410,55330,55330,55370,55430,55340,55350,55390,55420,55335,55340,55380
2025-10-29 03:40:00,10100,55430,55300,55370,55310,55450,55320,55390,55330,55440,55310,55380,55320
2025-10-29 03:45:00,10100,55420,55260,55310,55400,55440,55280,55330,55420,55425,55270,55320,55410
2025-10-29 03:50:00,7700,55430,55310,55400,55340,55450,55320,55420,55360,55440,55315,55410,55350
2025-10-29 03:55:00,4500,55350,55270,55340,55340,55380,55300,55360,55350,55365,55285,55350,55345
2025-10-29 04:00:00,6200,55390,55320,55340,55350,55420,55340,55350,55360,55405,55330,55345,55355
2025-10-29 04:05:00,3900,55390,55330,55350,55340,55400,55340,55360,55360,55395,55335,55355,55350
2025-10-29 04:10:00,6000,55360,55280,55340,55330,55380,55300,55360,55350,55370,55290,55350,55340
2025-10-29 04:15:00,3400,55360,55320,55330,55320,55380,55330,55350,55340,55370,55325,55340,55330
2025-10-29 04:20:00,4200,55420,55320,55320,55410,55430,55340,55340,55430,55425,55330,55330,55420
2025-10-29 04:25:00,5200,55470,55400,55410,55450,55480,55430,55430,55470,55475,55415,55420,55460
2025-10-29 04:30:00,6500,55480,55330,55450,55360,55500,55350,55470,55380,55490,55340,55460,55370
2025-10-29 04:35:00,2000,55410,55350,55360,55400,55420,55380,55380,55420,55415,55365,55370,55410
2025-10-29 04:40:00,2600,55430,55380,55400,55430,55450,55410,55420,55440,55440,55395,55410,55435
2025-10-29 04:45:00,5000,55430,55360,55430,55400,55450,55370,55440,55420,55440,55365,55435,55410
2025-10-29 04:50:00,5400,55400,55300,55400,55310,55420,55320,55420,55330,55410,55310,55410,55320
2025-10-29 04:55:00,3200,55360,55300,55310,55340,55370,55320,55330,55360,55365,55310,55320,55350
2025-10-29 05:00:00,6400,55460,55330,55340,55430,55480,55360,55360,55440,55470,55345,55350,55435
2025-10-29 05:05:00,3500,55470,55420,55430,55470,55480,55430,55440,55480,55475,55425,55435,55475
2025-10-29 05:10:00,11400,55660,55460,55470,55660,55680,55480,55480,55680,55670,55470,55475,55670
2025-10-29 05:15:00,16400,55670,55580,55660,55660,55690,55590,55680,55680,55680,55585,55670,55670
2025-10-29 05:20:00,11300,55690,55610,55660,55610,55700,55630,55680,55630,55695,55620,55670,55620
2025-10-29 05:25:00,12900,55640,55570,55610,55630,55650,55580,55630,55650,55645,55575,55620,55640
2025-10-29 05:30:00,15700,55740,55590,55630,55710,55750,55600,55650,55730,55745,55595,55640,55720
2025-10-29 05:35:00,8400,55760,55690,55710,55700,55770,55700,55730,55720,55765,55695,55720,55710
2025-10-29 05:40:00,7200,55700,55550,55700,55560,55720,55560,55720,55570,55710,55555,55710,55565
2025-10-29 05:45:00,9000,55570,55470,55560,55480,55600,55480,55570,55500,55585,55475,55565,55490
2025-10-29 05:50:00,14000,55570,55480,55480,55570,55600,55490,55500,55590,55585,55485,55490,55580
2025-10-29 05:55:00,7700,55570,55490,55570,55500,55590,55500,55590,55520,55580,55495,55580,55510
2025-10-29 06:00:00,10900,55520,55430,55490,55470,55550,55450,55520,55490,55535,55440,55505,55480
2025-10-29 06:05:00,10200,55480,55400,55470,55420,55500,55410,55490,55440,55485,55405,55480,55430
2025-10-29 06:10:00,9900,55500,55400,55420,55500,55520,55440,55440,55520,55510,55420,55430,55510
2025-10-29 06:15:00,11700,55520,55370,55500,55400,55540,55380,55520,55410,55530,55375,55510,55405
2025-10-29 06:20:00,16900,55420,55340,55390,55400,55430,55350,55410,55420,55425,55345,55400,55410
2025-10-29 06:25:00,,55960,55050,55200,55470,55970,55060,55210,55470,55965,55055,55205,55470
2025-10-29 06:30:00,180100,55410,55410,55410,55410,55480,55480,55480,55480,55445,55445,55445,55445
2025-10-30 00:00:00,129500,54800,54100,54670,54110,54960,54120,54680,54170,54870,54110,54675,54140
2025-10-30 00:05:00,46200,54540,54100,54100,54230,54570,54140,54170,54270,54555,54120,54135,54250
2025-10-30 00:10:00,34400,54520,54180,54230,54510,54550,54210,54270,54540,54535,54195,54250,54525
2025-10-30 00:15:00,33200,54650,54470,54510,54500,54680,54500,54540,54530,54665,54485,54525,54515
2025-10-30 00:20:00,35400,54640,54370,54500,54580,54660,54400,54530,54610,54650,54385,54515,54595
2025-10-30 00:25:00,30000,54640,54430,54580,54510,54680,54460,54600,54540,54660,54445,54590,54525
2025-10-30 00:30:00,25700,54670,54510,54510,54580,54690,54530,54540,54610,54680,54520,54525,54595
2025-10-30 00:35:00,26800,54630,54350,54580,54350,54660,54360,54610,54370,54645,54355,54595,54360
2025-10-30 00:40:00,36400,54360,54170,54350,54240,54390,54190,54370,54280,54375,54180,54360,54260
2025-10-30 00:45:00,29500,54390,54200,54240,54330,54400,54210,54280,54360,54395,54205,54260,54345
2025-10-30 00:50:00,16700,54420,54280,54330,54330,54440,54300,54360,54360,54430,54290,54345,54345
2025-10-30 00:55:00,16900,54500,54280,54330,54440,54510,54310,54360,54460,54505,54295,54345,54450
2025-10-30 01:00:00,23400,54520,54210,54440,54240,54540,54230,54460,54270,54525,54220,54450,54255
2025-10-30 01:05:00,34200,54600,54170,54240,54560,54630,54180,54270,54600,54610,54175,54255,54580
2025-10-30 01:10:00,8100,54610,54420,54560,54420,54640,54440,54600,54450,54625,54435,54580,54435
2025-10-30 01:15:00,9100,54470,54330,54430,54410,54500,54340,54450,54440,54485,54335,54440,54425
2025-10-30 01:20:00,14300,54620,54400,54410,54580,54640,54420,54440,54600,54630,54410,54425,54590
2025-10-30 01:25:00,13900,54850,54580,54580,54780,54870,54600,54600,54800,54860,54590,54590,54790
2025-10-30 01:30:00,29900,54930,54690,54770,54910,54950,54710,54800,54930,54940,54700,54785,54920
2025-10-30 01:35:00,20100,55060,54850,54910,54880,55070,54880,54930,54890,55065,54870,54920,54885
2025-10-30 01:40:00,14300,54880,54680,54880,54720,54890,54710,54890,54750,54885,54695,54885,54735
2025-10-30 01:45:00,7500,54840,54680,54720,54680,54860,54690,54750,54700,54845,54685,54735,54690
2025-10-30 01:50:00,4400,54730,54640,54680,54650,54750,54650,54700,54680,54740,54645,54690,54665
2025-10-30 01:55:00,3800,54690,54610,54650,54670,54720,54640,54680,54690,54705,54630,54665,54680
2025-10-30 02:00:00,4800,54730,54650,54670,54660,54740,54660,54700,54680,54735,54655,54685,54670
2025-10-30 02:05:00,8300,54770,54630,54660,54760,54780,54640,54680,54780,54775,54635,54670,54770
2025-10-30 02:10:00,4200,54760,54660,54760,54670,54780,54680,54780,54690,54770,54670,54770,54680
2025-10-30 02:15:00,3200,54720,54660,54670,54660,54740,54680,54690,54680,54730,54670,54680,54670
2025-10-30 02:20:00,12600,54690,54600,54660,54610,54700,54610,54680,54620,54695,54605,54670,54615
2025-10-30 02:25:00,9600,54670,54550,54610,54620,54680,54570,54620,54650,54675,54560,54615,54635
2025-10-30 02:30:00,1400,54600,54600,54600,54600,54650,54650,54650,54650,54625,54625,54625,54625
2025-10-30 03:30:00,25700,54830,54550,54570,54760,54850,54570,54570,54780,54840,54560,54570,54770
2025-10-30 03:35:00,10700,54860,54720,54760,54740,54870,54730,54780,54770,54865,54725,54770,54755
2025-10-30 03:40:00,9100,54810,54650,54740,54740,54820,54680,54770,54770,54815,54670,54755,54755
2025-10-30 03:45:00,6400,54850,54710,54740,54830,54860,54730,54770,54850,54855,54725,54755,54840
2025-10-30 03:50:00,5800,54830,54750,54830,54770,54850,54770,54850,54790,54840,54760,54840,54780
2025-10-30 03:55:00,6100,54850,54750,54770,54830,54870,54760,54790,54850,54860,54755,54780,54840
2025-10-30 04:00:00,10900,54840,54680,54830,54720,54870,54690,54850,54750,54855,54685,54840,54735
2025-10-30 04:05:00,10400,54710,54510,54710,54530,54750,54550,54750,54550,54730,54535,54730,54540
2025-10-30 04:10:00,42000,54530,54100,54530,54210,54550,54110,54550,54230,54540,54105,54540,54220
2025-10-30 04:15:00,9600,54390,54110,54210,54310,54420,54140,54240,54360,54405,54125,54225,54335
2025-10-30 04:20:00,8800,54390,54200,54310,54200,54410,54210,54360,54230,54400,54205,54335,54215
2025-10-30 04:25:00,9700,54360,54200,54200,54290,54380,54230,54230,54320,54370,54215,54215,54305
2025-10-30 04:30:00,8200,54430,54290,54290,54400,54450,54310,54320,54430,54440,54300,54305,54415
2025-10-30 04:35:00,22000,54700,54400,54400,54560,54730,54440,54440,54590,54710,54420,54420,54575
2025-10-30 04:40:00,7700,54580,54410,54550,54440,54630,54430,54590,54470,54605,54420,54570,54455
2025-10-30 04:45:00,5000,54510,54410,54440,54490,54540,54440,54470,54520,54520,54430,54455,54505
2025-10-30 04:50:00,6800,54630,54460,54490,54480,54640,54480,54520,54520,54635,54470,54505,54500
2025-10-30 04:55:00,6700,54510,54370,54480,54480,54520,54400,54520,54510,54515,54385,54500,54495
2025-10-30 05:00:00,9400,54590,54460,54480,54570,54620,54490,54510,54610,54600,54475,54495,54590
2025-10-30 05:05:00,5100,54650,54530,54570,54550,54680,54570,54610,54570,54665,54555,54590,54560
2025-10-30 05:10:00,6600,54580,54480,54550,54560,54610,54500,54570,54590,54595,54490,54560,54575
2025-10-30 05:15:00,4800,54580,54480,54560,54550,54610,54500,54600,54580,54590,54495,54580,54565
2025-10-30 05:20:00,4400,54620,54520,54550,54590,54650,54570,54580,54630,54635,54545,54565,54610
2025-10-30 05:25:00,5200,54650,54580,54590,54590,54680,54610,54640,54620,54665,54595,54615,54605
2025-10-30 05:30:00,6600,54660,54580,54590,54660,54690,54600,54620,54690,54675,54590,54605,54675
2025-10-30 05:35:00,8000,54730,54610,54660,54720,54750,54620,54690,54750,54740,54615,54675,54735
2025-10-30 05:40:00,8300,54810,54700,54720,54770,54840,54720,54750,54790,54825,54715,54735,54780
2025-10-30 05:45:00,6200,54820,54750,54770,54790,54840,54780,54790,54820,54825,54765,54780,54805
2025-10-30 05:50:00,7000,54840,54750,54790,54770,54850,54770,54810,54790,54845,54760,54800,54780
2025-10-30 05:55:00,9600,54850,54770,54780,54810,54860,54790,54790,54830,54855,54785,54785,54820
2025-10-30 06:00:00,10200,54840,54690,54810,54700,54860,54710,54830,54720,54850,54700,54820,54710
2025-10-30 06:05:00,8100,54710,54610,54690,54660,54730,54630,54720,54680,54720,54620,54705,54670
2025-10-30 06:10:00,9200,54700,54540,54660,54590,54720,54580,54680,54620,54710,54560,54670,54605
2025-10-30 06:15:00,12900,54690,54530,54590,54550,54720,54550,54620,54580,54700,54540,54605,54565
2025-10-30 06:20:00,30000,54570,54330,54550,54340,54600,54420,54580,54430,54585,54380,54565,54385
2025-10-30 06:25:00,,54740,54030,54070,54500,54740,54040,54080,54510,54740,54035,54075,54505
2025-10-30 06:30:00,218900,54450,54450,54450,54450,54520,54520,54520,54520,54485,54485,54485,54485
2025-10-31 00:00:00,69900,54830,54410,54810,54570,54830,54460,54820,54610,54830,54435,54815,54590
2025-10-31 00:05:00,30600,54950,54520,54570,54940,54980,54550,54610,54970,54965,54535,54590,54955
2025-10-31 00:10:00,44500,55330,54940,54950,55320,55350,54970,54970,55340,55340,54955,54960,55330
2025-10-31 00:15:00,30600,55650,55240,55320,55630,55680,55250,55340,55650,55665,55245,55330,55640
2025-10-31 00:20:00,25400,55800,55630,55630,55720,55810,55640,55650,55750,55805,55635,55640,55735
2025-10-31 00:25:00,33200,55970,55720,55720,55820,55980,55740,55750,55840,55975,55730,55735,55830
2025-10-31 00:30:00,19800,55870,55660,55820,55690,55900,55680,55840,55720,55885,55670,55830,55705
2025-10-31 00:35:00,12700,55770,55640,55690,55720,55800,55650,55720,55740,55785,55645,55705,55730
2025-10-31 00:40:00,10600,55790,55680,55720,55740,55800,55710,55740,55760,55795,55695,55730,55750
2025-10-31 00:45:00,23700,55930,55720,55750,55920,55960,55740,55760,55950,55945,55730,55755,55935
2025-10-31 00:50:00,22700,56000,55850,55920,55880,56020,55880,55950,55900,56005,55870,55935,55890
2025-10-31 00:55:00,11500,55990,55820,55880,55980,56000,55840,55900,56000,55995,55830,55890,55990
2025-10-31 01:00:00,11300,56040,55850,55980,55870,56060,55860,56000,55900,56050,55855,55990,55885
2025-10-31 01:05:00,14800,56000,55850,55870,55860,56010,55870,55900,55900,56005,55860,55885,55880
2025-10-31 01:10:00,16900,56000,55850,55860,55930,56020,55870,55900,55960,56010,55865,55880,55945
2025-10-31 01:15:00,14600,55960,55780,55930,55780,55990,55790,55970,55790,55975,55785,55950,55785
2025-10-31 01:20:00,7200,55940,55780,55780,55900,55950,55790,55790,55920,55945,55785,55785,55910
2025-10-31 01:25:00,6700,55960,55890,55900,55920,55970,55900,55920,55950,55965,55895,55910,55935
2025-10-31 01:30:00,6700,56020,55910,55920,55960,56030,55940,55950,55970,56025,55925,55935,55965
2025-10-31 01:35:00,14000,56060,55910,55960,56060,56080,55920,55980,56080,56070,55915,55970,56070
2025-10-31 01:40:00,13300,56080,55970,56060,56060,56100,56000,56080,56090,56090,55985,56070,56075
2025-10-31 01:45:00,14900,56120,56000,56060,56040,56150,56010,56090,56060,56135,56005,56075,56050
2025-10-31 01:50:00,17800,56180,56040,56040,56100,56190,56050,56060,56120,56185,56045,56050,56110
2025-10-31 01:55:00,14000,56100,55850,56100,55870,56120,55870,56120,55910,56110,55860,56110,55890
2025-10-31 02:00:00,6100,55960,55840,55870,55930,55970,55850,55910,55950,55965,55845,55890,55940
2025-10-31 02:05:00,5800,55980,55850,55930,55900,56000,55870,55950,55920,55990,55860,55940,55910
2025-10-31 02:10:00,4600,55970,55870,55890,55970,56000,55880,55920,56000,55985,55875,55905,55985
2025-10-31 02:15:00,10100,56080,55970,55980,56060,56100,55980,56000,56090,56085,55975,55990,56075
2025-10-31 02:20:00,13800,56150,56040,56060,56090,56160,56050,56080,56110,56155,56045,56070,56100
2025-10-31 02:25:00,6900,56100,55970,56090,56060,56120,56010,56120,56080,56110,55990,56105,56070
2025-10-31 02:30:00,800,,,,,,,,,,,,
2025-10-31 03:30:00,32800,56090,55940,56070,56070,56110,55960,56100,56090,56095,55950,56085,56080
2025-10-31 03:35:00,24700,56220,56070,56070,56210,56230,56090,56090,56230,56225,56080,56080,56220
2025-10-31 03:40:00,42500,56510,56210,56210,56420,56540,56230,56230,56450,56520,56220,56220,56435
2025-10-31 03:45:00,13600,56470,56370,56420,56390,56480,56400,56450,56410,56475,56385,56435,56400
2025-10-31 03:50:00,11600,56440,56360,56390,56420,56450,56380,56420,56440,56445,56370,56405,56430
2025-10-31 03:55:00,7400,56420,56300,56420,56320,56440,56310,56440,56340,56430,56305,56430,56330
2025-10-31 04:00:00,8300,56360,56240,56320,56250,56380,56250,56340,56270,56370,56245,56330,56260
2025-10-31 04:05:00,5300,56280,56220,56250,56240,56300,56250,56270,56250,56290,56235,56260,56245
2025-10-31 04:10:00,7300,56260,56200,56240,56260,56280,56210,56250,56280,56270,56205,56245,56270
2025-10-31 04:15:00,12100,56420,56240,56260,56410,56430,56270,56280,56430,56425,56255,56270,56420
2025-10-31 04:20:00,6600,56440,56370,56410,56420,56450,56380,56430,56440,56445,56375,56420,56430
2025-10-31 04:25:00,9500,56470,56390,56420,56420,56480,56400,56430,56440,56475,56395,56425,56430
2025-10-31 04:30:00,5900,56440,56400,56420,56420,56450,56420,56440,56440,56445,56415,56430,56430
2025-10-31 04:35:00,6500,56470,56380,56420,56430,56480,56400,56440,56450,56475,56390,56430,56440
2025-10-31 04:40:00,5100,56450,56370,56430,56380,56480,56390,56450,56400,56465,56385,56440,56390
2025-10-31 04:45:00,10900,56480,56340,56380,56440,56490,56350,56400,56470,56485,56345,56390,56455
2025-10-31 04:50:00,17100,56570,56430,56440,56570,56590,56460,56470,56590,56580,56445,56455,56580
2025-10-31 04:55:00,11700,56620,56540,56570,56570,56630,56550,56590,56580,56625,56545,56580,56575
2025-10-31 05:00:00,11200,56580,56380,56570,56390,56600,56390,56580,56420,56590,56385,56575,56405
2025-10-31 05:05:00,4100,56440,56390,56390,56430,56470,56400,56420,56450,56455,56395,56405,56440
2025-10-31 05:10:00,15200,56480,56320,56430,56430,56490,56350,56450,56450,56485,56335,56440,56440
2025-10-31 05:15:00,6500,56490,56390,56430,56440,56510,56420,56450,56460,56500,56405,56440,56450
2025-10-31 05:20:00,4900,56440,56350,56440,56360,56460,56370,56460,56380,56450,56360,56450,56370
2025-10-31 05:25:00,6100,56390,56330,56360,56370,56400,56340,56380,56380,56395,56335,56370,56375
2025-10-31 05:30:00,6300,56470,56370,56370,56460,56490,56380,56380,56480,56480,56375,56375,56470
2025-10-31 05:35:00,5100,56460,56390,56460,56430,56490,56420,56480,56450,56475,56405,56470,56440
2025-10-31 05:40:00,3900,56470,56410,56430,56460,56480,56430,56450,56470,56475,56420,56440,56465
2025-10-31 05:45:00,6900,56480,56400,56450,56450,56490,56420,56470,56480,56485,56410,56460,56465
2025-10-31 05:50:00,5600,56460,56360,56460,56390,56480,56370,56480,56410,56470,56365,56470,56400
2025-10-31 05:55:00,7300,56430,56360,56390,56370,56450,56380,56400,56390,56440,56370,56395,56380
2025-10-31 06:00:00,13400,56480,56350,56370,56470,56500,56360,56390,56500,56490,56355,56380,56485
2025-10-31 06:05:00,10700,56510,56420,56470,56420,56520,56430,56500,56440,56515,56425,56485,56430
2025-10-31 06:10:00,5600,56480,56370,56420,56450,56490,56400,56440,56460,56485,56385,56430,56455
2025-10-31 06:15:00,8900,56450,56370,56450,56380,56470,56380,56460,56390,56460,56375,56455,56385
2025-10-31 06:20:00,16000,56490,56380,56380,56440,56500,56390,56390,56480,56495,56385,56385,56460
2025-10-31 06:25:00,,56660,56040,56180,56660,56670,56050,56180,56670,56665,56045,56180,56665
2025-10-31 06:30:00,207400,56480,56480,56480,56480,56670,56670,56670,56670,56575,56575,56575,56575
2025-11-04 00:00:00,92800,55970,55290,55390,55760,56000,55300,55390,55790,55985,55295,55390,55775
2025-11-04 00:05:00,34300,56130,55720,55760,56000,56170,55770,55790,56020,56145,55745,55775,56010
2025-11-04 00:10:00,39100,56050,55580,56000,55610,56080,55610,56030,55650,56065,55595,56015,55630
2025-11-04 00:15:00,17200,55800,55580,55600,55760,55810,55620,55650,55800,55805,55600,55625,55780
2025-11-04 00:20:00,20300,55760,55520,55760,55560,55800,55540,55800,55600,55780,55530,55780,55580
2025-11-04 00:25:00,28200,55560,55250,55560,55250,55600,55280,55600,55280,55580,55265,55580,55265
2025-11-04 00:30:00,19300,55300,55150,55250,55190,55320,55170,55280,55230,55305,55160,55265,55210
2025-11-04 00:35:00,11000,55330,55190,55200,55310,55340,55210,55230,55340,55335,55205,55215,55325
2025-11-04 00:40:00,13700,55350,55160,55310,55170,55360,55180,55340,55200,55355,55170,55325,55185
2025-11-04 00:45:00,11300,55360,55160,55170,55310,55380,55190,55190,55330,55365,55175,55180,55320
2025-11-04 00:50:00,12100,55340,55190,55310,55220,55360,55210,55330,55250,55350,55200,55320,55235
2025-11-04 00:55:00,18900,55220,55070,55220,55130,55250,55080,55250,55150,55235,55075,55235,55140
2025-11-04 01:00:00,10400,55260,55120,55130,55220,55270,55140,55150,55240,55265,55135,55140,55230
2025-11-04 01:05:00,16700,55360,55220,55220,55320,55380,55240,55240,55350,55370,55230,55230,55335
2025-11-04 01:10:00,10200,55470,55250,55320,55460,55490,55260,55350,55480,55480,55255,55335,55470
2025-11-04 01:15:00,12800,55600,55420,55460,55590,55620,55450,55480,55620,55610,55435,55470,55605
2025-11-04 01:20:00,20300,55760,55590,55600,55700,55780,55620,55620,55720,55765,55605,55610,55710
2025-11-04 01:25:00,14900,55740,55600,55700,55670,55760,55620,55720,55680,55750,55610,55710,55675
2025-11-04 01:30:00,8600,55690,55600,55670,55650,55700,55620,55680,55670,55695,55610,55675,55660
2025-11-04 01:35:00,12500,55710,55650,55650,55680,55730,55670,55680,55700,55720,55660,55665,55690
2025-11-04 01:40:00,7200,55690,55600,55680,55620,55700,55620,55700,55640,55695,55610,55690,55630
2025-11-04 01:45:00,4100,55680,55610,55620,55660,55690,55630,55640,55680,55685,55620,55630,55670
2025-11-04 01:50:00,14200,55710,55640,55660,55680,55730,55650,55680,55700,55720,55645,55670,55690
2025-11-04 01:55:00,19500,55740,55620,55680,55660,55760,55650,55700,55690,55750,55635,55690,55675
2025-11-04 02:00:00,4900,55710,55620,55660,55630,55740,55640,55690,55650,55725,55630,55675,55640
2025-11-04 02:05:00,5300,55690,55620,55630,55680,55710,55640,55650,55700,55700,55630,55640,55690
2025-11-04 02:10:00,12400,55800,55680,55680,55760,55810,55700,55700,55790,55805,55690,55690,55775
2025-11-04 02:15:00,6200,55780,55720,55760,55770,55800,55740,55790,55790,55785,55730,55775,55780
2025-11-04 02:20:00,5100,55790,55710,55770,55730,55800,55730,55790,55750,55795,55720,55780,55740
2025-11-04 02:25:00,8800,55800,55720,55730,55760,55820,55740,55750,55780,55810,55730,55740,55770
2025-11-04 02:30:00,1700,55760,55760,55760,55760,55780,55780,55780,55780,55770,55770,55770,55770
2025-11-04 03:30:00,25800,55720,55600,55710,55650,55760,55630,55720,55680,55740,55615,55715,55665
2025-11-04 03:35:00,9400,55660,55550,55650,55600,55690,55570,55680,55630,55675,55560,55665,55615
2025-11-04 03:40:00,9600,55610,55490,55600,55490,55630,55500,55630,55510,55620,55495,55615,55500
2025-11-04 03:45:00,12000,55580,55460,55490,55550,55600,55470,55510,55590,55590,55465,55500,55570
2025-11-04 03:50:00,4000,55590,55540,55540,55560,55600,55560,55590,55590,55595,55550,55565,55575
2025-11-04 03:55:00,4000,55560,55470,55560,55470,55590,55490,55590,55500,55575,55480,55575,55485
2025-11-04 04:00:00,8200,55500,55400,55480,55400,55520,55410,55500,55410,55510,55405,55490,55405
2025-11-04 04:05:00,6800,55450,55350,55400,55430,55460,55360,55410,55450,55455,55355,55405,55440
2025-11-04 04:10:00,11600,55470,55380,55430,55440,55480,55390,55450,55460,55475,55385,55440,55450
2025-11-04 04:15:00,4800,55550,55440,55440,55520,55570,55470,55470,55540,55560,55455,55455,55530
2025-11-04 04:20:00,4100,55550,55490,55520,55540,55560,55510,55540,55560,55555,55500,55530,55550
2025-11-04 04:25:00,10900,55580,55490,55540,55550,55600,55500,55560,55570,55590,55495,55550,55560
2025-11-04 04:30:00,12000,55590,55510,55550,55540,55610,55540,55570,55560,55595,55525,55560,55550
2025-11-04 04:35:00,4700,55540,55470,55540,55510,55560,55500,55560,55530,55550,55490,55550,55520
2025-11-04 04:40:00,4100,55570,55500,55510,55550,55580,55520,55530,55570,55575,55515,55520,55560
2025-11-04 04:45:00,3500,55560,55500,55550,55520,55580,55530,55570,55540,55570,55520,55560,55530
2025-11-04 04:50:00,17900,55520,55410,55520,55430,55550,55420,55540,55450,55530,55415,55530,55440
2025-11-04 04:55:00,5800,55540,55430,55430,55510,55560,55450,55450,55530,55550,55440,55440,55520
2025-11-04 05:00:00,3700,55520,55440,55510,55440,55540,55450,55530,55470,55530,55445,55520,55455
2025-11-04 05:05:00,4700,55490,55410,55440,55490,55510,55420,55470,55510,55500,55415,55455,55500
2025-11-04 05:10:00,4300,55540,55490,55490,55500,55550,55510,55510,55520,55545,55500,55500,55510
2025-11-04 05:15:00,5300,55550,55500,55500,55530,55570,55510,55520,55550,55560,55505,55510,55540
2025-11-04 05:20:00,10800,55600,55530,55530,55560,55610,55550,55550,55570,55605,55540,55540,55565
2025-11-04 05:25:00,4300,55570,55500,55560,55510,55580,55530,55570,55540,55575,55515,55565,55525
2025-11-04 05:30:00,5900,55530,55480,55510,55510,55550,55490,55540,55530,55540,55485,55525,55520
2025-11-04 05:35:00,5900,55560,55490,55510,55530,55580,55500,55530,55550,55570,55495,55520,55540
2025-11-04 05:40:00,14400,55540,55360,55530,55470,55560,55380,55550,55500,55550,55370,55540,55485
2025-11-04 05:45:00,4400,55530,55410,55480,55470,55540,55440,55500,55480,55535,55425,55490,55475
2025-11-04 05:50:00,7600,55500,55410,55470,55470,55510,55440,55480,55490,55505,55425,55475,55480
2025-11-04 05:55:00,6100,55490,55410,55470,55420,55510,55430,55490,55450,55500,55420,55480,55435
2025-11-04 06:00:00,9900,55550,55410,55420,55510,55570,55440,55450,55530,55560,55425,55435,55520
2025-11-04 06:05:00,8100,55570,55460,55510,55460,55580,55480,55540,55480,55575,55470,55525,55470
2025-11-04 06:10:00,9700,55560,55440,55460,55520,55580,55460,55480,55550,55570,55450,55470,55535
2025-11-04 06:15:00,11300,55550,55420,55520,55420,55570,55440,55550,55440,55560,55430,55535,55430
2025-11-04 06:20:00,15900,55440,55340,55420,55340,55450,55360,55440,55360,55445,55350,55430,55350
2025-11-04 06:25:00,,56250,50990,56190,55030,56260,51000,56200,55040,56255,50995,56195,55035
2025-11-04 06:30:00,655700,55020,55020,55020,55020,55190,55190,55190,55190,55105,55105,55105,55105
2025-11-05 00:00:00,,57030,56030,56090,57030,57030,56030,56100,57030,57030,56030,56095,57030
2025-11-05 00:05:00,278500,57030,55020,57030,56950,57040,55030,57030,57000,57030,55025,57030,56975
2025-11-05 00:10:00,50200,56950,56440,56950,56700,57000,56480,56980,56740,56965,56460,56965,56720
2025-11-05 00:15:00,46200,56880,56630,56700,56700,56920,56670,56740,56740,56895,56650,56720,56720
2025-11-05 00:20:00,23300,56710,56340,56700,56390,56750,56370,56720,56420,56725,56360,56710,56405
2025-11-05 00:25:00,29200,56390,56180,56390,56320,56420,56200,56420,56360,56405,56195,56405,56340
2025-11-05 00:30:00,24300,56690,56320,56320,56640,56700,56350,56360,56660,56695,56335,56340,56650
2025-11-05 00:35:00,17400,56680,56400,56640,56410,56700,56430,56660,56440,56690,56420,56650,56425
2025-11-05 00:40:00,20600,56520,56190,56410,56520,56540,56200,56440,56540,56530,56195,56425,56530
2025-11-05 00:45:00,22000,56550,56280,56520,56470,56580,56320,56550,56500,56565,56300,56535,56485
2025-11-05 00:50:00,11100,56560,56430,56470,56500,56580,56460,56500,56520,56570,56445,56485,56510
2025-11-05 00:55:00,8300,56520,56390,56490,56410,56540,56410,56520,56440,56530,56400,56505,56425
2025-11-05 01:00:00,23100,56470,56000,56410,56020,56500,56020,56450,56040,56485,56010,56430,56030
2025-11-05 01:05:00,17500,56230,55970,56020,56220,56260,55990,56040,56260,56245,55980,56030,56240
2025-11-05 01:10:00,17300,56360,56170,56230,56310,56370,56210,56260,56340,56365,56190,56245,56325
2025-11-05 01:15:00,22100,56430,56050,56310,56110,56470,56070,56340,56130,56450,56060,56325,56120
2025-11-05 01:20:00,20500,56180,56060,56110,56130,56200,56080,56120,56160,56190,56070,56115,56145
2025-11-05 01:25:00,19300,56240,56020,56130,56090,56260,56030,56160,56120,56250,56025,56145,56105
2025-11-05 01:30:00,38200,56220,55640,56090,55920,56240,55690,56120,55950,56230,55665,56105,55935
2025-11-05 01:35:00,26300,56120,55640,55920,55730,56150,55670,55950,55760,56135,55655,55935,55745
2025-11-05 01:40:00,27200,55950,55660,55730,55780,55990,55710,55760,55810,55970,55685,55745,55795
2025-11-05 01:45:00,26500,56150,55730,55780,56090,56180,55750,55810,56120,56165,55740,55795,56105
2025-11-05 01:50:00,16300,56150,55940,56090,56070,56170,55960,56120,56110,56160,55950,56105,56090
2025-11-05 01:55:00,20400,56270,55950,56070,56240,56290,55960,56110,56260,56280,55955,56090,56250
2025-11-05 02:00:00,17300,56280,56010,56240,56160,56290,56040,56260,56190,56285,56025,56250,56175
2025-11-05 02:05:00,23300,56300,56110,56160,56240,56320,56140,56190,56270,56310,56125,56175,56255
2025-11-05 02:10:00,14300,56250,56020,56240,56150,56280,56050,56270,56180,56265,56035,56255,56165
2025-11-05 02:15:00,9400,56160,56010,56150,56040,56190,56020,56180,56060,56175,56015,56165,56050
2025-11-05 02:20:00,24200,56040,55560,56040,55750,56060,55570,56060,55780,56050,55565,56050,55765
2025-11-05 02:25:00,16700,55790,55470,55740,55500,55820,55490,55780,55550,55805,55480,55760,55525
2025-11-05 02:30:00,2200,55500,55500,55500,55500,55570,55570,55570,55570,55535,55535,55535,55535
2025-11-05 03:30:00,52000,56110,55710,56110,55820,56140,55740,56110,55840,56120,55725,56110,55830
2025-11-05 03:35:00,28100,55810,55220,55810,55270,55840,55250,55840,55310,55825,55235,55825,55290
2025-11-05 03:40:00,21600,55460,55270,55270,55400,55500,55310,55310,55440,55480,55290,55290,55420
2025-11-05 03:45:00,28700,55810,55330,55400,55800,55840,55340,55440,55830,55825,55335,55420,55815
2025-11-05 03:50:00,18800,55810,55560,55800,55610,55830,55600,55830,55640,55820,55590,55815,55625
2025-11-05 03:55:00,13500,55630,55460,55610,55520,55650,55500,55640,55550,55640,55485,55625,55535
2025-11-05 04:00:00,16000,55660,55430,55520,55480,55690,55450,55550,55510,55675,55440,55535,55495
2025-11-05 04:05:00,12600,55490,55350,55480,55430,55520,55380,55510,55470,55505,55365,55495,55450
2025-11-05 04:10:00,9300,55550,55370,55430,55450,55580,55400,55470,55490,55565,55385,55450,55470
2025-11-05 04:15:00,16300,55460,55370,55460,55390,55490,55390,55490,55410,55475,55380,55475,55400
2025-11-05 04:20:00,14200,55580,55390,55390,55540,55600,55410,55410,55570,55590,55400,55400,55555
2025-11-05 04:25:00,7200,55620,55500,55540,55550,55640,55530,55570,55570,55630,55515,55555,55560
2025-11-05 04:30:00,8800,55560,55410,55540,55430,55570,55420,55570,55460,55565,55415,55555,55445
2025-11-05 04:35:00,8600,55520,55420,55430,55460,55530,55440,55460,55480,55525,55430,55445,55470
2025-11-05 04:40:00,7800,55610,55450,55460,55540,55630,55470,55480,55570,55615,55460,55470,55555
2025-11-05 04:45:00,8200,55710,55500,55540,55700,55720,55530,55570,55720,55715,55520,55555,55710
2025-11-05 04:50:00,17800,55730,55520,55700,55560,55760,55540,55720,55590,55745,55535,55710,55575
2025-11-05 04:55:00,8400,55600,55460,55560,55470,55620,55490,55600,55490,55610,55475,55580,55480
2025-11-05 05:00:00,7800,55520,55450,55460,55460,55550,55470,55490,55480,55535,55460,55475,55470
2025-11-05 05:05:00,13800,55640,55360,55460,55630,55650,55370,55480,55650,55645,55365,55470,55640
2025-11-05 05:10:00,14100,55870,55630,55630,55830,55900,55650,55650,55870,55885,55640,55640,55850
2025-11-05 05:15:00,15800,56000,55820,55830,55960,56020,55870,55870,55990,56010,55845,55850,55975
2025-11-05 05:20:00,11400,56020,55900,55960,55970,56030,55920,55990,56000,56025,55910,55975,55985
2025-11-05 05:25:00,9600,55970,55830,55970,55910,56000,55860,56000,55940,55985,55850,55985,55925
2025-11-05 05:30:00,7800,55980,55750,55910,55750,55990,55770,55940,55780,55985,55760,55925,55765
2025-11-05 05:35:00,7400,55780,55690,55760,55700,55790,55710,55780,55720,55785,55700,55770,55710
2025-11-05 05:40:00,10100,55810,55680,55700,55750,55830,55700,55720,55770,55820,55690,55710,55760
2025-11-05 05:45:00,11300,55790,55620,55750,55680,55800,55650,55770,55700,55795,55635,55760,55690
2025-11-05 05:50:00,11000,55780,55590,55680,55780,55800,55620,55700,55800,55790,55610,55690,55790
2025-11-05 05:55:00,11000,55840,55700,55780,55810,55860,55710,55800,55830,55850,55705,55790,55820
2025-11-05 06:00:00,10400,55840,55720,55800,55760,55860,55760,55830,55790,55850,55745,55815,55775
2025-11-05 06:05:00,13200,55790,55680,55760,55770,55820,55700,55790,55790,55805,55690,55775,55780
2025-11-05 06:10:00,16400,55930,55730,55770,55900,55950,55760,55790,55930,55940,55745,55780,55915
2025-11-05 06:15:00,30600,56200,55900,55900,56150,56220,55930,55930,56160,56210,55915,55915,56155
2025-11-05 06:20:00,23400,56190,56080,56150,56130,56200,56100,56160,56150,56195,56090,56155,56140
2025-11-05 06:25:00,,57190,53000,53200,56130,57200,53010,53210,56140,57195,53005,53205,56135
2025-11-05 06:30:00,464700,56120,56120,56120,56120,56140,56140,56140,56140,56130,56130,56130,56130
2025-11-06 00:00:00,135700,57100,56200,56830,56950,57130,56240,56840,56980,57110,56225,56835,56965
2025-11-06 00:05:00,55900,57070,56780,56950,56950,57100,56800,56980,56970,57085,56790,56965,56960
2025-11-06 00:10:00,50400,57150,56810,56950,56870,57170,56850,56970,56880,57160,56830,56960,56875
2025-11-06 00:15:00,20700,57010,56810,56870,56890,57040,56840,56890,56910,57025,56825,56880,56900
2025-11-06 00:20:00,33400,57060,56870,56890,56930,57090,56900,56910,56970,57075,56885,56900,56950
2025-11-06 00:25:00,32900,57020,56650,56930,56820,57040,56690,56970,56840,57030,56670,56950,56830
2025-11-06 00:30:00,15400,56980,56790,56820,56880,57000,56830,56840,56900,56990,56810,56830,56890
2025-11-06 00:35:00,14600,57040,56860,56870,57020,57050,56870,56900,57040,57045,56865,56885,57030
2025-11-06 00:40:00,15000,57060,56870,57020,56880,57080,56900,57040,56900,57070,56885,57030,56890
2025-11-06 00:45:00,11500,56940,56800,56880,56800,56960,56810,56900,56820,56950,56805,56890,56810
2025-11-06 00:50:00,19000,56820,56660,56800,56690,56840,56690,56820,56720,56830,56675,56810,56705
2025-11-06 00:55:00,12300,56930,56700,56700,56810,56950,56710,56720,56840,56935,56705,56710,56825
2025-11-06 01:00:00,10900,56840,56620,56810,56620,56860,56630,56840,56650,56850,56625,56825,56635
2025-11-06 01:05:00,8300,56710,56550,56620,56620,56730,56580,56640,56650,56720,56565,56630,56635
2025-11-06 01:10:00,9900,56900,56610,56610,56830,56920,56640,56650,56850,56905,56625,56630,56840
2025-11-06 01:15:00,12800,56960,56830,56830,56850,56970,56860,56860,56870,56965,56845,56845,56860
2025-11-06 01:20:00,14600,56940,56760,56850,56790,56970,56770,56870,56820,56955,56765,56860,56805
2025-11-06 01:25:00,11200,56840,56640,56790,56690,56870,56660,56820,56720,56855,56650,56805,56705
2025-11-06 01:30:00,12900,56800,56580,56680,56800,56820,56590,56720,56820,56810,56585,56700,56810
2025-11-06 01:35:00,14900,56960,56750,56800,56860,56970,56780,56820,56890,56965,56765,56810,56875
2025-11-06 01:40:00,7300,56900,56820,56860,56880,56910,56840,56890,56900,56905,56830,56875,56890
2025-11-06 01:45:00,5900,56930,56820,56880,56840,56950,56840,56900,56860,56940,56830,56890,56850
2025-11-06 01:50:00,4200,56870,56780,56840,56780,56890,56800,56860,56800,56880,56790,56850,56790
2025-11-06 01:55:00,10800,56950,56760,56770,56950,56970,56780,56800,56970,56960,56770,56785,56960
2025-11-06 02:00:00,10300,56960,56830,56950,56860,56970,56850,56970,56870,56965,56845,56960,56865
2025-11-06 02:05:00,12300,56990,56830,56860,56940,57000,56850,56880,56960,56995,56840,56870,56950
2025-11-06 02:10:00,9800,56950,56780,56940,56810,56970,56810,56960,56840,56960,56795,56950,56825
2025-11-06 02:15:00,8600,56980,56800,56810,56970,56990,56830,56840,56990,56985,56815,56825,56980
2025-11-06 02:20:00,18200,57010,56910,56970,56980,57020,56940,56990,57010,57015,56925,56980,56995
2025-11-06 02:25:00,14100,57040,56960,56980,56970,57050,56980,57010,57020,57045,56970,56995,56995
2025-11-06 02:30:00,1500,56970,56970,56970,56970,57020,57020,57020,57020,56995,56995,56995,56995
2025-11-06 03:30:00,66700,57310,57090,57100,57110,57340,57120,57120,57130,57320,57110,57110,57120
2025-11-06 03:35:00,12700,57210,57060,57110,57140,57230,57080,57130,57170,57220,57070,57120,57155
2025-11-06 03:40:00,11200,57200,57130,57140,57170,57210,57140,57170,57190,57205,57135,57155,57180
2025-11-06 03:45:00,10100,57190,57090,57170,57180,57210,57120,57200,57200,57200,57105,57185,57190
2025-11-06 03:50:00,18000,57190,56880,57180,56900,57200,56900,57200,56930,57195,56890,57190,56915
2025-11-06 03:55:00,16500,56950,56720,56900,56890,56980,56730,56930,56910,56965,56725,56915,56900
2025-11-06 04:00:00,13800,57040,56850,56890,57020,57060,56870,56910,57040,57050,56865,56900,57030
2025-11-06 04:05:00,9700,57060,56930,57020,56980,57070,56960,57040,57000,57065,56945,57030,56990
2025-11-06 04:10:00,11700,57070,56930,56980,57060,57090,56940,57000,57090,57080,56935,56990,57075
2025-11-06 04:15:00,12700,57180,57030,57060,57150,57190,57050,57090,57160,57185,57045,57075,57155
2025-11-06 04:20:00,7900,57190,57110,57150,57130,57200,57130,57160,57160,57195,57120,57155,57145
2025-11-06 04:25:00,6600,57180,57120,57130,57130,57190,57140,57160,57150,57185,57130,57145,57140
2025-11-06 04:30:00,7000,57170,57110,57130,57120,57190,57130,57150,57130,57180,57120,57140,57125
2025-11-06 04:35:00,8400,57130,57010,57120,57050,57140,57020,57130,57060,57135,57015,57125,57055
2025-11-06 04:40:00,15200,57270,57040,57050,57270,57290,57060,57060,57290,57280,57050,57055,57280
2025-11-06 04:45:00,6500,57270,57180,57270,57190,57290,57190,57290,57210,57280,57185,57280,57200
2025-11-06 04:50:00,6100,57250,57180,57190,57230,57260,57200,57210,57250,57255,57190,57200,57240
2025-11-06 04:55:00,8400,57270,57170,57230,57210,57280,57180,57250,57220,57275,57175,57240,57215
2025-11-06 05:00:00,7200,57210,57140,57210,57140,57220,57150,57220,57150,57215,57145,57215,57145
2025-11-06 05:05:00,5500,57190,57140,57140,57190,57200,57150,57150,57200,57195,57145,57145,57195
2025-11-06 05:10:00,10800,57190,57110,57190,57160,57200,57120,57200,57170,57195,57115,57195,57165
2025-11-06 05:15:00,5500,57190,57160,57160,57180,57200,57170,57170,57200,57195,57165,57165,57190
2025-11-06 05:20:00,5400,57210,57120,57180,57140,57220,57130,57200,57150,57215,57125,57190,57145
2025-11-06 05:25:00,8800,57140,57020,57140,57050,57150,57030,57150,57060,57145,57025,57145,57055
2025-11-06 05:30:00,8100,57100,57020,57050,57090,57120,57030,57060,57110,57110,57025,57055,57100
2025-11-06 05:35:00,9700,57100,56950,57090,56950,57110,56960,57110,56960,57105,56955,57100,56955
2025-11-06 05:40:00,10200,56950,56870,56950,56900,56970,56880,56960,56920,56960,56875,56955,56910
2025-11-06 05:45:00,7400,56960,56900,56900,56920,56970,56920,56920,56950,56965,56910,56910,56935
2025-11-06 05:50:00,10300,56960,56820,56920,56830,56970,56840,56940,56850,56965,56830,56930,56840
2025-11-06 05:55:00,8100,56910,56800,56830,56900,56930,56810,56850,56920,56920,56805,56840,56910
2025-11-06 06:00:00,10600,56990,56880,56900,56900,57000,56890,56920,56920,56995,56885,56910,56910
2025-11-06 06:05:00,11600,56930,56710,56900,56710,56940,56730,56920,56740,56935,56720,56910,56725
2025-11-06 06:10:00,10100,56850,56700,56710,56800,56860,56710,56740,56820,56855,56705,56725,56810
2025-11-06 06:15:00,19800,56970,56800,56800,56930,56990,56820,56820,56960,56980,56810,56810,56945
2025-11-06 06:20:00,20200,56930,56670,56930,56680,56960,56680,56960,56700,56945,56675,56945,56690
2025-11-06 06:25:00,,57900,56400,57240,56580,57910,56410,57250,56590,57905,56405,57245,56585
2025-11-06 06:30:00,204700,56560,56560,56560,56560,56630,56630,56630,56630,56595,56595,56595,56595
2025-11-07 00:00:00,131600,57350,56000,56620,57210,57370,56010,56630,57260,57360,56005,56625,57235
2025-11-07 00:05:00,55400,57470,57170,57210,57200,57480,57190,57260,57220,57475,57180,57235,57210
2025-11-07 00:10:00,24900,57320,57120,57200,57240,57350,57150,57220,57280,57335,57135,57210,57260
2025-11-07 00:15:00,19000,57370,57110,57240,57350,57400,57130,57290,57370,57385,57120,57265,57360
2025-11-07 00:20:00,42700,57520,57300,57350,57430,57540,57320,57370,57460,57525,57310,57360,57445
2025-11-07 00:25:00,19600,57510,57400,57430,57490,57520,57420,57460,57500,57515,57410,57445,57495
2025-11-07 00:30:00,21500,57550,57410,57490,57490,57560,57440,57500,57510,57555,57425,57495,57500
2025-11-07 00:35:00,17700,57490,57230,57490,57330,57510,57250,57510,57350,57500,57240,57500,57340
2025-11-07 00:40:00,10300,57390,57220,57330,57370,57400,57230,57350,57400,57395,57225,57340,57385
2025-11-07 00:45:00,12000,57430,57220,57370,57240,57450,57240,57400,57270,57440,57230,57385,57255
2025-11-07 00:50:00,10600,57300,57170,57230,57270,57320,57180,57270,57290,57310,57175,57250,57280
2025-11-07 00:55:00,16400,57270,57030,57270,57030,57300,57050,57290,57050,57285,57040,57280,57040
2025-11-07 01:00:00,15900,57110,56920,57030,57020,57120,56930,57050,57050,57115,56925,57040,57035
2025-11-07 01:05:00,14900,57030,56730,57020,56730,57060,56750,57050,56760,57040,56740,57035,56745
2025-11-07 01:10:00,11300,56970,56710,56730,56930,56980,56740,56770,56950,56975,56725,56750,56940
2025-11-07 01:15:00,7800,57010,56860,56930,56880,57030,56900,56950,56900,57015,56885,56940,56890
2025-11-07 01:20:00,9000,56960,56780,56880,56960,56980,56790,56900,56980,56970,56785,56890,56970
2025-11-07 01:25:00,6300,57060,56900,56960,56970,57070,56930,56980,57010,57065,56915,56970,56990
2025-11-07 01:30:00,9500,57060,56880,56970,56910,57070,56910,57010,56940,57065,56895,56990,56925
2025-11-07 01:35:00,9200,57100,56850,56910,57090,57110,56860,56940,57110,57105,56855,56925,57100
2025-11-07 01:40:00,5100,57100,57010,57090,57060,57120,57040,57110,57090,57110,57025,57100,57075
2025-11-07 01:45:00,10500,57280,57060,57060,57260,57290,57070,57090,57270,57285,57065,57075,57265
2025-11-07 01:50:00,4400,57260,57160,57260,57210,57280,57180,57270,57230,57270,57170,57265,57220
2025-11-07 01:55:00,3300,57260,57170,57210,57190,57270,57200,57230,57210,57265,57185,57220,57200
2025-11-07 02:00:00,6300,57200,56990,57190,56990,57220,57010,57210,57020,57210,57000,57200,57005
2025-11-07 02:05:00,5400,57040,56960,56990,57020,57060,56970,57020,57050,57050,56965,57005,57035
2025-11-07 02:10:00,5800,57040,56900,57020,56910,57060,56910,57050,56930,57050,56905,57035,56920
2025-11-07 02:15:00,3700,56950,56850,56910,56870,56970,56860,56930,56890,56955,56855,56920,56880
2025-11-07 02:20:00,9500,56920,56750,56870,56810,56930,56770,56890,56840,56925,56760,56880,56825
2025-11-07 02:25:00,4700,56900,56790,56810,56880,56920,56820,56840,56920,56910,56805,56825,56900
2025-11-07 02:30:00,1300,,,,,,,,,,,,
2025-11-07 03:30:00,25300,57000,56770,56890,56790,57020,56800,56890,56810,57010,56785,56890,56800
2025-11-07 03:35:00,9400,56960,56790,56790,56910,56980,56810,56810,56950,56970,56800,56800,56930
2025-11-07 03:40:00,5000,56980,56900,56910,56940,57000,56930,56950,56950,56990,56915,56930,56945
2025-11-07 03:45:00,9100,56990,56880,56940,56960,57000,56900,56950,56990,56995,56890,56945,56975
2025-11-07 03:50:00,3900,56960,56880,56960,56900,56990,56910,56990,56930,56975,56895,56975,56915
2025-11-07 03:55:00,4200,56950,56870,56900,56910,56960,56890,56930,56930,56955,56880,56915,56920
2025-11-07 04:00:00,18900,56910,56610,56910,56730,56930,56640,56930,56750,56920,56625,56920,56740
2025-11-07 04:05:00,5000,56810,56690,56730,56740,56830,56720,56750,56770,56820,56705,56740,56755
2025-11-07 04:10:00,5800,56770,56650,56750,56730,56790,56680,56770,56760,56780,56665,56760,56745
2025-11-07 04:15:00,37600,57360,56720,56730,57330,57370,56750,56760,57360,57365,56735,56745,57345
2025-11-07 04:20:00,15000,57380,57260,57330,57350,57390,57300,57360,57380,57385,57280,57345,57365
2025-11-07 04:25:00,14900,57360,57060,57350,57080,57380,57090,57380,57100,57370,57075,57365,57090
2025-11-07 04:30:00,5400,57130,57030,57080,57130,57140,57050,57100,57140,57135,57045,57090,57135
2025-11-07 04:35:00,10400,57210,57030,57130,57030,57230,57040,57140,57060,57220,57035,57135,57045
2025-11-07 04:40:00,5100,57080,57020,57030,57030,57100,57030,57060,57060,57090,57025,57045,57045
2025-11-07 04:45:00,11000,57190,57030,57030,57180,57210,57050,57060,57210,57200,57040,57045,57195
2025-11-07 04:50:00,4400,57230,57130,57180,57130,57250,57140,57210,57150,57240,57135,57195,57140
2025-11-07 04:55:00,5400,57240,57130,57130,57230,57260,57150,57150,57240,57250,57140,57140,57235
2025-11-07 05:00:00,8300,57240,57160,57230,57180,57260,57180,57240,57210,57250,57170,57235,57195
2025-11-07 05:05:00,13700,57330,57170,57180,57280,57340,57200,57210,57310,57335,57185,57195,57295
2025-11-07 05:10:00,7100,57290,57180,57280,57240,57310,57210,57310,57260,57300,57195,57295,57250
2025-11-07 05:15:00,9000,57360,57240,57240,57340,57380,57250,57260,57360,57370,57245,57250,57350
2025-11-07 05:20:00,5700,57370,57310,57340,57330,57380,57320,57360,57350,57375,57315,57350,57340
2025-11-07 05:25:00,7400,57350,57220,57330,57220,57360,57240,57350,57240,57355,57230,57340,57230
2025-11-07 05:30:00,6000,57320,57220,57220,57310,57330,57240,57240,57330,57325,57230,57230,57320
2025-11-07 05:35:00,4500,57330,57280,57310,57290,57350,57290,57330,57300,57340,57285,57320,57295
2025-11-07 05:40:00,4000,57340,57280,57290,57320,57350,57300,57300,57340,57345,57290,57295,57330
2025-11-07 05:45:00,6000,57340,57220,57320,57220,57350,57230,57340,57240,57345,57225,57330,57230
2025-11-07 05:50:00,6000,57230,57150,57220,57170,57250,57170,57240,57180,57240,57165,57230,57175
2025-11-07 05:55:00,7800,57260,57160,57170,57250,57270,57170,57180,57270,57265,57165,57175,57260
2025-11-07 06:00:00,11800,57310,57190,57250,57190,57320,57200,57270,57210,57315,57195,57260,57200
2025-11-07 06:05:00,11000,57320,57170,57190,57290,57330,57180,57210,57310,57325,57175,57200,57300
2025-11-07 06:10:00,9000,57310,57240,57290,57240,57330,57260,57320,57270,57320,57250,57305,57255
2025-11-07 06:15:00,15400,57280,57210,57240,57240,57300,57220,57270,57270,57290,57215,57255,57255
2025-11-07 06:20:00,16300,57310,57220,57240,57310,57340,57240,57270,57340,57325,57230,57255,57325
2025-11-07 06:25:00,,58980,56970,58980,57210,58990,56980,58990,57220,58985,56975,58985,57215
2025-11-07 06:30:00,223500,57210,57210,57210,57210,57320,57320,57320,57320,57265,57265,57265,57265
2025-11-10 00:00:00,80300,57480,57000,57000,57160,57550,57010,57010,57210,57515,57005,57005,57185
2025-11-10 00:05:00,22000,57290,57070,57160,57260,57300,57100,57210,57300,57295,57090,57185,57280
2025-11-10 00:10:00,11900,57310,57200,57260,57280,57340,57240,57290,57300,57325,57220,57275,57290
2025-11-10 00:15:00,19300,57420,57230,57280,57360,57440,57250,57300,57400,57430,57240,57290,57380
2025-11-10 00:20:00,12000,57410,57210,57360,57230,57430,57230,57400,57260,57420,57220,57380,57245
2025-11-10 00:25:00,13300,57240,57130,57230,57160,57260,57140,57240,57180,57250,57135,57235,57170
2025-11-10 00:30:00,9200,57310,57110,57160,57270,57330,57120,57180,57290,57320,57115,57170,57280
2025-11-10 00:35:00,7900,57350,57260,57270,57290,57370,57280,57290,57320,57360,57270,57280,57305
2025-11-10 00:40:00,9100,57370,57220,57290,57360,57380,57240,57320,57380,57375,57230,57305,57370
2025-11-10 00:45:00,8300,57390,57290,57360,57340,57400,57300,57380,57370,57395,57295,57370,57355
2025-11-10 00:50:00,8500,57390,57300,57350,57340,57400,57320,57370,57370,57395,57310,57360,57355
2025-11-10 00:55:00,9100,57340,57170,57340,57210,57370,57190,57370,57240,57355,57180,57355,57225
2025-11-10 01:00:00,7800,57250,57130,57210,57170,57290,57150,57230,57200,57270,57140,57220,57185
2025-11-10 01:05:00,3700,57270,57160,57170,57270,57290,57180,57200,57290,57280,57170,57185,57280
2025-11-10 01:10:00,6900,57310,57180,57270,57310,57330,57210,57290,57330,57320,57195,57280,57320
2025-11-10 01:15:00,14000,57430,57300,57310,57370,57450,57330,57330,57400,57440,57315,57320,57385
2025-11-10 01:20:00,7500,57460,57370,57370,57450,57470,57400,57400,57470,57465,57385,57385,57460
2025-11-10 01:25:00,8200,57490,57380,57460,57410,57500,57400,57470,57440,57495,57390,57465,57425
2025-11-10 01:30:00,21400,57690,57400,57410,57670,57700,57430,57450,57690,57695,57415,57430,57680
2025-11-10 01:35:00,8000,57750,57620,57670,57650,57760,57640,57690,57680,57755,57630,57680,57665
2025-11-10 01:40:00,6000,57680,57570,57650,57620,57690,57590,57680,57650,57685,57580,57665,57635
2025-11-10 01:45:00,5200,57680,57610,57620,57650,57690,57620,57650,57680,57685,57615,57635,57665
2025-11-10 01:50:00,10600,57760,57650,57650,57730,57770,57670,57680,57750,57765,57660,57665,57740
2025-11-10 01:55:00,12700,57840,57720,57730,57820,57850,57730,57750,57830,57845,57725,57740,57825
2025-11-10 02:00:00,11100,57870,57730,57820,57860,57890,57750,57830,57890,57875,57740,57825,57875
2025-11-10 02:05:00,9900,57910,57770,57870,57860,57930,57800,57890,57890,57920,57785,57880,57875
2025-11-10 02:10:00,5800,57940,57840,57860,57920,57950,57860,57890,57940,57945,57850,57875,57930
2025-11-10 02:15:00,6300,57940,57810,57920,57810,57960,57830,57940,57830,57950,57820,57930,57820
2025-11-10 02:20:00,5200,57840,57780,57810,57780,57870,57790,57820,57800,57855,57785,57815,57790
2025-11-10 02:25:00,3800,57820,57780,57780,57780,57850,57800,57800,57820,57835,57790,57790,57800
2025-11-10 02:30:00,2900,,,,,,,,,,,,
2025-11-10 03:30:00,23500,57780,57590,57780,57680,57790,57600,57790,57700,57785,57595,57785,57690
2025-11-10 03:35:00,10700,57740,57590,57680,57610,57750,57610,57700,57630,57745,57600,57690,57620
2025-11-10 03:40:00,12800,57730,57540,57610,57720,57750,57550,57630,57740,57740,57545,57620,57730
2025-11-10 03:45:00,19200,57840,57700,57720,57770,57850,57720,57740,57790,57845,57710,57730,57780
2025-11-10 03:50:00,15200,57930,57770,57770,57890,57940,57790,57790,57920,57935,57780,57780,57905
2025-11-10 03:55:00,8300,57900,57790,57890,57810,57920,57810,57920,57830,57910,57800,57905,57820
2025-11-10 04:00:00,11100,57850,57720,57810,57740,57860,57740,57840,57760,57855,57730,57825,57750
2025-11-10 04:05:00,5900,57840,57740,57740,57780,57860,57760,57760,57810,57850,57750,57750,57795
2025-11-10 04:10:00,11400,57810,57660,57780,57670,57830,57670,57810,57700,57815,57665,57795,57685
2025-11-10 04:15:00,3000,57680,57630,57670,57670,57710,57650,57700,57690,57695,57645,57685,57680
2025-11-10 04:20:00,4100,57680,57610,57670,57650,57690,57620,57690,57670,57685,57615,57680,57660
2025-11-10 04:25:00,3700,57660,57620,57650,57620,57680,57640,57680,57640,57670,57630,57665,57630
2025-11-10 04:30:00,5200,57690,57610,57620,57640,57710,57630,57650,57660,57700,57620,57635,57650
2025-11-10 04:35:00,4700,57730,57620,57640,57720,57750,57640,57660,57730,57735,57630,57650,57725
2025-11-10 04:40:00,4200,57780,57680,57720,57770,57790,57700,57730,57780,57785,57695,57725,57775
2025-11-10 04:45:00,9500,57890,57770,57770,57880,57900,57780,57780,57900,57895,57775,57775,57890
2025-11-10 04:50:00,13100,57920,57870,57880,57890,57930,57890,57900,57900,57925,57880,57890,57895
2025-11-10 04:55:00,6100,57890,57830,57890,57850,57910,57850,57900,57870,57900,57840,57895,57860
2025-11-10 05:00:00,5500,57930,57850,57850,57870,57940,57870,57870,57890,57935,57860,57860,57880
2025-11-10 05:05:00,4900,57920,57860,57870,57900,57930,57870,57890,57910,57925,57865,57880,57905
2025-11-10 05:10:00,6400,57930,57870,57900,57900,57940,57890,57910,57910,57935,57880,57905,57905
2025-11-10 05:15:00,3400,57910,57880,57900,57890,57920,57890,57910,57900,57915,57885,57905,57895
2025-11-10 05:20:00,4800,57910,57840,57890,57910,57920,57850,57900,57920,57915,57845,57895,57915
2025-11-10 05:25:00,6500,57950,57900,57910,57950,57960,57910,57920,57960,57955,57905,57915,57955
2025-11-10 05:30:00,5600,57960,57930,57950,57950,57970,57940,57960,57960,57965,57935,57955,57955
2025-11-10 05:35:00,6700,57970,57920,57950,57950,57990,57930,57960,57970,57980,57925,57955,57960
2025-11-10 05:40:00,3600,57970,57920,57950,57960,57990,57940,57970,57970,57980,57930,57960,57965
2025-11-10 05:45:00,15700,58010,57950,57960,57970,58020,57970,57970,57980,58015,57960,57965,57975
2025-11-10 05:50:00,7400,58020,57970,57970,58010,58030,57980,57980,58030,58025,57975,57975,58020
2025-11-10 05:55:00,10300,58040,57960,58010,58020,58050,57980,58030,58040,58045,57970,58020,58030
2025-11-10 06:00:00,10100,58080,58010,58020,58070,58100,58030,58040,58100,58090,58020,58030,58085
2025-11-10 06:05:00,12400,58110,58070,58070,58080,58120,58080,58090,58100,58115,58075,58080,58090
2025-11-10 06:10:00,10800,58120,58070,58080,58090,58130,58080,58100,58110,58125,58075,58090,58100
2025-11-10 06:15:00,14800,58100,58050,58090,58080,58120,58070,58110,58090,58110,58060,58100,58085
2025-11-10 06:20:00,16400,58160,58050,58080,58150,58190,58070,58090,58190,58175,58060,58085,58170
2025-11-10 06:25:00,,58990,58180,58290,58220,59000,58190,58300,58230,58995,58185,58295,58225
2025-11-10 06:30:00,170000,58200,58200,58200,58200,58240,58240,58240,58240,58220,58220,58220,58220
2025-11-11 00:00:00,96400,59600,59020,59560,59410,59650,59060,59570,59440,59625,59040,59565,59425
2025-11-11 00:05:00,66400,59820,59330,59410,59530,59840,59360,59440,59560,59830,59345,59425,59545
2025-11-11 00:10:00,53900,59550,59200,59530,59250,59580,59220,59560,59280,59565,59210,59545,59265
2025-11-11 00:15:00,30400,59570,59250,59250,59490,59580,59280,59280,59520,59575,59265,59265,59505
2025-11-11 00:20:00,22500,59570,59370,59490,59560,59590,59400,59520,59580,59580,59385,59505,59570
2025-11-11 00:25:00,20000,59600,59430,59550,59440,59630,59460,59580,59480,59615,59445,59565,59460
2025-11-11 00:30:00,11300,59520,59330,59440,59400,59540,59350,59480,59410,59525,59340,59460,59405
2025-11-11 00:35:00,10800,59530,59360,59390,59490,59550,59390,59410,59510,59540,59375,59400,59500
2025-11-11 00:40:00,10500,59580,59470,59490,59480,59590,59480,59510,59500,59585,59475,59500,59490
2025-11-11 00:45:00,24400,59490,59130,59480,59150,59510,59150,59500,59180,59500,59140,59490,59165
2025-11-11 00:50:00,30200,59190,58830,59150,58880,59210,58850,59180,58900,59195,58840,59165,58890
2025-11-11 00:55:00,16000,58980,58780,58880,58810,59000,58800,58900,58850,58990,58795,58890,58830
2025-11-11 01:00:00,13400,58970,58740,58810,58930,59000,58760,58840,58950,58985,58755,58825,58940
2025-11-11 01:05:00,9500,58990,58870,58930,58910,59020,58890,58950,58930,59000,58880,58940,58920
2025-11-11 01:10:00,7700,58970,58800,58910,58920,58980,58840,58930,58950,58975,58825,58920,58935
2025-11-11 01:15:00,6600,58930,58800,58920,58830,58960,58810,58950,58860,58945,58805,58935,58845
2025-11-11 01:20:00,11500,58850,58640,58830,58670,58880,58670,58860,58700,58865,58660,58845,58685
2025-11-11 01:25:00,6400,58820,58670,58670,58790,58840,58700,58700,58810,58830,58685,58685,58800
2025-11-11 01:30:00,7300,58800,58680,58790,58680,58810,58710,58810,58710,58805,58695,58800,58695
2025-11-11 01:35:00,11000,58690,58540,58680,58640,58720,58560,58710,58660,58705,58550,58695,58650
2025-11-11 01:40:00,4800,58680,58520,58640,58660,58690,58540,58660,58680,58685,58530,58650,58670
2025-11-11 01:45:00,3200,58660,58590,58660,58640,58680,58610,58680,58670,58670,58600,58670,58655
2025-11-11 01:50:00,4400,58720,58640,58640,58720,58750,58660,58670,58750,58735,58650,58655,58735
2025-11-11 01:55:00,3900,58730,58650,58720,58660,58750,58680,58750,58690,58740,58670,58735,58675
2025-11-11 02:00:00,11200,58670,58480,58660,58480,58690,58500,58690,58500,58680,58490,58675,58490
2025-11-11 02:05:00,3900,58600,58470,58480,58600,58630,58490,58500,58630,58615,58480,58490,58615
2025-11-11 02:10:00,4800,58700,58590,58600,58670,58720,58620,58630,58700,58710,58605,58615,58685
2025-11-11 02:15:00,5400,58690,58560,58670,58580,58710,58590,58700,58610,58700,58575,58685,58595
2025-11-11 02:20:00,2000,58640,58570,58580,58580,58650,58600,58610,58600,58645,58585,58595,58590
2025-11-11 02:25:00,5200,58630,58500,58580,58530,58640,58530,58600,58560,58635,58515,58590,58545
2025-11-11 02:30:00,1800,58530,58530,58530,58530,58560,58560,58560,58560,58545,58545,58545,58545
2025-11-11 03:30:00,21400,58610,58440,58530,58550,58630,58470,58540,58580,58620,58460,58535,58565
2025-11-11 03:35:00,5700,58650,58500,58550,58580,58670,58540,58580,58600,58660,58520,58565,58590
2025-11-11 03:40:00,11700,58700,58490,58580,58670,58730,58520,58600,58700,58715,58505,58590,58685
2025-11-11 03:45:00,7300,58730,58630,58660,58720,58740,58640,58700,58740,58735,58635,58680,58730
2025-11-11 03:50:00,9100,58720,58630,58700,58680,58740,58640,58740,58720,58725,58635,58720,58700
2025-11-11 03:55:00,10600,58770,58650,58680,58710,58790,58670,58710,58740,58780,58660,58695,58725
2025-11-11 04:00:00,9600,58730,58580,58710,58590,58760,58600,58740,58620,58745,58590,58725,58605
2025-11-11 04:05:00,5700,58660,58570,58590,58620,58670,58580,58620,58650,58665,58575,58605,58635
2025-11-11 04:10:00,5200,58620,58510,58620,58610,58650,58530,58650,58630,58635,58520,58635,58620
2025-11-11 04:15:00,2600,58640,58580,58610,58600,58650,58610,58630,58630,58645,58595,58620,58615
2025-11-11 04:20:00,5300,58660,58600,58600,58640,58680,58610,58630,58660,58670,58605,58615,58650
2025-11-11 04:25:00,6400,58660,58580,58640,58630,58680,58590,58660,58650,58670,58585,58650,58640
2025-11-11 04:30:00,5200,58730,58610,58630,58710,58740,58640,58650,58720,58735,58625,58640,58715
2025-11-11 04:35:00,1500,58710,58690,58710,58690,58740,58700,58720,58710,58725,58695,58715,58700
2025-11-11 04:40:00,6500,58730,58640,58690,58680,58740,58660,58720,58690,58735,58650,58705,58685
2025-11-11 04:45:00,21100,58750,58650,58680,58730,58770,58680,58690,58760,58755,58665,58685,58745
2025-11-11 04:50:00,3000,58730,58620,58730,58620,58760,58640,58750,58650,58745,58630,58740,58635
2025-11-11 04:55:00,10000,58640,58560,58620,58610,58670,58570,58650,58640,58655,58565,58635,58625
2025-11-11 05:00:00,7900,58660,58560,58610,58570,58680,58570,58630,58600,58670,58565,58620,58585
2025-11-11 05:05:00,8600,58600,58410,58570,58430,58630,58420,58600,58440,58615,58415,58585,58435
2025-11-11 05:10:00,10600,58540,58380,58430,58540,58560,58400,58440,58550,58545,58390,58435,58545
2025-11-11 05:15:00,5800,58650,58530,58530,58610,58680,58550,58550,58630,58665,58540,58540,58620
2025-11-11 05:20:00,6100,58610,58530,58610,58580,58640,58550,58630,58600,58625,58540,58620,58590
2025-11-11 05:25:00,7200,58650,58550,58580,58620,58670,58580,58590,58650,58660,58565,58585,58635
2025-11-11 05:30:00,6100,58700,58620,58620,58700,58730,58640,58650,58720,58715,58630,58635,58710
2025-11-11 05:35:00,8300,58750,58670,58700,58740,58770,58690,58720,58760,58755,58680,58710,58750
2025-11-11 05:40:00,5200,58750,58680,58740,58680,58770,58710,58760,58720,58760,58695,58750,58700
2025-11-11 05:45:00,6600,58750,58670,58680,58750,58770,58700,58720,58770,58760,58685,58700,58760
2025-11-11 05:50:00,7500,58750,58570,58750,58580,58770,58580,58770,58600,58760,58575,58760,58590
2025-11-11 05:55:00,7800,58580,58500,58570,58550,58600,58510,58600,58580,58590,58505,58585,58565
2025-11-11 06:00:00,8600,58630,58480,58550,58530,58660,58500,58580,58550,58645,58490,58565,58540
2025-11-11 06:05:00,10600,58600,58480,58530,58560,58620,58510,58550,58580,58610,58495,58540,58570
2025-11-11 06:10:00,8100,58660,58550,58560,58640,58680,58580,58580,58670,58670,58570,58570,58655
2025-11-11 06:15:00,7400,58650,58570,58640,58640,58670,58590,58670,58660,58660,58580,58655,58650
2025-11-11 06:20:00,11300,58670,58580,58640,58620,58690,58600,58660,58660,58680,58590,58650,58640
2025-11-11 06:25:00,,58770,58160,58770,58630,58780,58170,58770,58640,58775,58165,58770,58635
2025-11-11 06:30:00,91200,58630,58630,58630,58630,58640,58640,58640,58640,58635,58635,58635,58635
2025-11-12 00:00:00,116000,59760,58990,58990,59520,59780,59000,59000,59550,59770,58995,58995,59535
2025-11-12 00:05:00,37800,59560,59130,59520,59470,59590,59190,59550,59500,59575,59165,59535,59485
2025-11-12 00:10:00,19500,59510,59330,59470,59390,59520,59370,59490,59430,59515,59355,59480,59410
2025-11-12 00:15:00,22900,59550,59390,59390,59430,59580,59420,59430,59460,59565,59405,59410,59445
2025-11-12 00:20:00,22000,59480,59250,59430,59310,59500,59280,59460,59350,59490,59265,59445,59330
2025-11-12 00:25:00,23100,59440,59070,59310,59070,59450,59080,59360,59100,59445,59075,59335,59085
2025-11-12 00:30:00,15000,59130,58850,59070,58860,59160,58870,59100,58890,59145,58860,59085,58875
2025-11-12 00:35:00,15700,58900,58740,58860,58890,58920,58750,58890,58900,58910,58745,58875,58895
2025-11-12 00:40:00,14800,58920,58680,58890,58730,58940,58690,58900,58760,58925,58685,58895,58745
2025-11-12 00:45:00,7500,58810,58680,58730,58750,58820,58700,58760,58770,58815,58695,58745,58760
2025-11-12 00:50:00,9300,58790,58640,58750,58730,58810,58660,58770,58740,58800,58650,58760,58735
2025-11-12 00:55:00,6000,58800,58710,58730,58710,58820,58740,58760,58750,58810,58725,58745,58730
2025-11-12 01:00:00,8300,58770,58660,58710,58720,58790,58690,58750,58750,58780,58675,58730,58735
2025-11-12 01:05:00,13600,58830,58630,58720,58640,58840,58650,58750,58660,58835,58640,58735,58650
2025-11-12 01:10:00,11200,58650,58450,58640,58490,58670,58470,58660,58520,58660,58465,58650,58505
2025-11-12 01:15:00,9800,58600,58450,58490,58580,58620,58470,58520,58610,58610,58460,58505,58595
2025-11-12 01:20:00,5000,58610,58540,58580,58580,58640,58550,58610,58600,58625,58545,58595,58590
2025-11-12 01:25:00,7400,58660,58580,58580,58610,58670,58600,58600,58640,58665,58590,58590,58625
2025-11-12 01:30:00,6100,58640,58480,58610,58550,58670,58490,58640,58580,58655,58485,58625,58565
2025-11-12 01:35:00,2600,58570,58520,58550,58530,58580,58540,58580,58550,58575,58530,58565,58540
2025-11-12 01:40:00,3500,58550,58480,58530,58530,58570,58500,58550,58550,58560,58490,58540,58540
2025-11-12 01:45:00,6000,58550,58470,58530,58510,58580,58490,58550,58530,58565,58480,58540,58520
2025-11-12 01:50:00,5900,58610,58510,58510,58580,58640,58530,58530,58610,58625,58520,58520,58595
2025-11-12 01:55:00,3700,58610,58550,58580,58560,58630,58570,58610,58580,58620,58560,58595,58570
2025-11-12 02:00:00,8300,58680,58550,58560,58650,58700,58570,58570,58660,58690,58560,58565,58655
2025-11-12 02:05:00,12900,58850,58650,58650,58810,58870,58670,58670,58840,58860,58660,58660,58825
2025-11-12 02:10:00,4000,58830,58740,58810,58750,58850,58760,58830,58770,58840,58755,58820,58760
2025-11-12 02:15:00,4700,58790,58720,58750,58760,58800,58740,58770,58780,58795,58730,58760,58770
2025-11-12 02:20:00,7000,58830,58700,58760,58820,58840,58720,58780,58840,58835,58710,58770,58830
2025-11-12 02:25:00,5200,58840,58780,58820,58840,58860,58810,58840,58860,58850,58795,58830,58850
2025-11-12 02:30:00,1200,58840,58840,58840,58840,58860,58860,58860,58860,58850,58850,58850,58850
2025-11-12 03:30:00,44300,58720,58450,58490,58680,58770,58470,58490,58700,58725,58460,58490,58690
2025-11-12 03:35:00,10400,58760,58640,58680,58750,58780,58670,58700,58780,58770,58660,58690,58765
2025-11-12 03:40:00,13200,58890,58740,58750,58870,58900,58760,58770,58890,58895,58755,58760,58880
2025-11-12 03:45:00,8600,58920,58860,58870,58870,58930,58870,58890,58900,58925,58865,58880,58885
2025-11-12 03:50:00,4400,58880,58770,58870,58790,58900,58800,58890,58810,58890,58785,58880,58800
2025-11-12 03:55:00,5200,58800,58740,58790,58780,58810,58760,58810,58800,58805,58750,58800,58790
2025-11-12 04:00:00,10300,58780,58550,58770,58550,58800,58570,58800,58570,58790,58560,58785,58560
2025-11-12 04:05:00,17800,58550,58350,58550,58520,58570,58390,58570,58540,58560,58370,58560,58530
2025-11-12 04:10:00,10000,58550,58400,58520,58450,58560,58420,58540,58490,58555,58410,58530,58470
2025-11-12 04:15:00,5900,58540,58440,58450,58440,58560,58470,58480,58470,58550,58455,58465,58455
2025-11-12 04:20:00,7300,58500,58420,58440,58490,58520,58440,58470,58500,58510,58430,58455,58495
2025-11-12 04:25:00,4700,58520,58450,58490,58520,58540,58470,58500,58540,58530,58460,58495,58530
2025-11-12 04:30:00,4800,58560,58510,58510,58550,58580,58530,58540,58570,58570,58525,58525,58560
2025-11-12 04:35:00,5400,58580,58530,58550,58570,58590,58540,58570,58580,58585,58535,58560,58575
2025-11-12 04:40:00,5600,58590,58540,58570,58540,58600,58550,58580,58560,58595,58545,58575,58550
2025-11-12 04:45:00,3400,58590,58530,58540,58570,58600,58550,58560,58580,58595,58540,58550,58575
2025-11-12 04:50:00,3200,58580,58540,58560,58570,58590,58560,58580,58590,58585,58550,58570,58580
2025-11-12 04:55:00,4900,58580,58520,58580,58520,58590,58530,58590,58530,58585,58525,58585,58525
2025-11-12 05:00:00,5600,58570,58520,58520,58560,58590,58530,58530,58590,58580,58525,58525,58575
2025-11-12 05:05:00,1800,58570,58530,58560,58530,58590,58540,58580,58550,58580,58535,58570,58540
2025-11-12 05:10:00,5600,58580,58530,58530,58580,58600,58550,58550,58590,58590,58540,58540,58585
2025-11-12 05:15:00,4300,58580,58500,58580,58500,58590,58520,58590,58520,58585,58510,58585,58510
2025-11-12 05:20:00,7000,58510,58470,58500,58500,58540,58480,58520,58520,58520,58475,58510,58510
2025-11-12 05:25:00,3700,58520,58480,58500,58480,58540,58500,58520,58500,58530,58490,58510,58490
2025-11-12 05:30:00,8600,58600,58480,58480,58560,58610,58500,58500,58580,58605,58490,58490,58570
2025-11-12 05:35:00,8800,58560,58460,58560,58470,58580,58480,58580,58490,58570,58470,58570,58480
2025-11-12 05:40:00,9900,58490,58360,58470,58360,58510,58370,58490,58380,58500,58365,58480,58370
2025-11-12 05:45:00,8200,58370,58310,58360,58320,58390,58320,58390,58340,58380,58315,58375,58330
2025-11-12 05:50:00,8000,58340,58270,58320,58270,58350,58280,58340,58290,58345,58275,58330,58280
2025-11-12 05:55:00,5400,58320,58270,58270,58310,58340,58290,58290,58340,58330,58280,58280,58325
2025-11-12 06:00:00,11300,58370,58280,58310,58290,58390,58300,58340,58300,58380,58290,58325,58295
2025-11-12 06:05:00,5300,58290,58270,58290,58270,58310,58290,58300,58290,58300,58280,58295,58280
2025-11-12 06:10:00,13700,58300,58130,58270,58220,58310,58150,58290,58250,58305,58140,58280,58235
2025-11-12 06:15:00,9100,58300,58220,58220,58270,58310,58240,58250,58280,58305,58230,58235,58275
2025-11-12 06:20:00,17300,58280,58150,58270,58200,58300,58170,58280,58240,58290,58165,58275,58220
2025-11-12 06:25:00,,58070,53000,56000,57970,58080,53010,56010,57980,58075,53005,56005,57975
2025-11-12 06:30:00,243500,57970,57970,57970,57970,58000,58000,58000,58000,57985,57985,57985,57985
2025-11-13 00:00:00,85900,57720,57270,57390,57460,57800,57330,57390,57490,57760,57300,57390,57475
2025-11-13 00:05:00,23700,57600,57430,57460,57560,57620,57450,57490,57580,57605,57440,57475,57570
2025-11-13 00:10:00,17500,57640,57530,57560,57560,57660,57540,57580,57580,57650,57535,57570,57570
2025-11-13 00:15:00,16900,57750,57560,57560,57740,57770,57580,57580,57760,57760,57570,57570,57750
2025-11-13 00:20:00,14400,57790,57610,57740,57610,57800,57620,57760,57640,57795,57615,57750,57625
2025-11-13 00:25:00,17600,57660,57380,57610,57430,57680,57400,57640,57460,57670,57390,57625,57445
2025-11-13 00:30:00,9900,57610,57430,57430,57580,57630,57440,57460,57600,57620,57435,57445,57590
2025-11-13 00:35:00,11500,57580,57430,57580,57500,57600,57450,57600,57530,57590,57440,57590,57515
2025-11-13 00:40:00,4900,57510,57400,57510,57460,57530,57430,57530,57490,57520,57415,57520,57475
2025-11-13 00:45:00,8900,57460,57390,57460,57390,57490,57400,57490,57400,57475,57395,57475,57395
2025-11-13 00:50:00,9700,57520,57390,57390,57500,57530,57400,57400,57520,57525,57395,57395,57510
2025-11-13 00:55:00,5900,57530,57420,57500,57480,57540,57440,57520,57490,57535,57430,57510,57485
2025-11-13 01:00:00,7600,57560,57430,57480,57540,57580,57470,57490,57560,57570,57450,57485,57550
2025-11-13 01:05:00,11900,57680,57540,57540,57650,57700,57560,57560,57670,57690,57550,57550,57660
2025-11-13 01:10:00,7600,57680,57560,57650,57610,57700,57580,57670,57640,57690,57570,57660,57625
2025-11-13 01:15:00,8600,57610,57490,57610,57500,57640,57500,57640,57530,57625,57495,57625,57515
2025-11-13 01:20:00,7900,57510,57400,57510,57400,57530,57410,57530,57420,57520,57405,57520,57410
2025-11-13 01:25:00,7900,57460,57380,57400,57450,57480,57400,57420,57470,57470,57390,57410,57460
2025-11-13 01:30:00,4100,57460,57410,57450,57450,57480,57430,57470,57460,57470,57420,57460,57455
2025-11-13 01:35:00,3700,57470,57430,57450,57450,57480,57440,57460,57470,57475,57435,57455,57460
2025-11-13 01:40:00,7500,57620,57450,57450,57580,57630,57470,57470,57600,57625,57460,57460,57590
2025-11-13 01:45:00,3700,57580,57490,57580,57490,57600,57510,57600,57520,57590,57500,57590,57505
2025-11-13 01:50:00,7700,57520,57420,57490,57430,57540,57430,57520,57450,57530,57425,57505,57440
2025-11-13 01:55:00,8400,57440,57360,57430,57360,57460,57370,57450,57370,57450,57365,57440,57365
2025-11-13 02:00:00,9500,57400,57350,57360,57360,57420,57360,57370,57370,57405,57355,57365,57365
2025-11-13 02:05:00,12400,57370,57310,57360,57320,57390,57320,57370,57340,57380,57315,57365,57330
2025-11-13 02:10:00,3800,57370,57300,57320,57350,57380,57320,57340,57360,57375,57310,57330,57355
2025-11-13 02:15:00,7400,57410,57350,57350,57390,57430,57360,57360,57400,57420,57355,57355,57395
2025-11-13 02:20:00,14500,57390,57280,57390,57310,57410,57290,57400,57330,57395,57285,57395,57320
2025-11-13 02:25:00,9000,57310,57210,57310,57240,57330,57220,57330,57270,57320,57215,57320,57255
2025-11-13 02:30:00,1600,57240,57240,57240,57240,57270,57270,57270,57270,57255,57255,57255,57255
2025-11-13 03:30:00,36100,57260,57030,57080,57040,57280,57040,57090,57060,57270,57035,57085,57050
2025-11-13 03:35:00,9300,57140,57040,57040,57120,57150,57050,57060,57150,57145,57045,57050,57135
2025-11-13 03:40:00,8000,57190,57070,57130,57100,57200,57080,57150,57110,57195,57075,57140,57105
2025-11-13 03:45:00,5800,57180,57100,57100,57150,57200,57110,57110,57160,57190,57105,57105,57155
2025-11-13 03:50:00,9800,57240,57140,57150,57230,57250,57150,57160,57240,57245,57145,57155,57235
2025-11-13 03:55:00,8800,57310,57220,57230,57250,57320,57230,57240,57260,57315,57225,57235,57255
2025-11-13 04:00:00,6400,57290,57200,57250,57260,57300,57220,57260,57280,57295,57210,57255,57270
2025-11-13 04:05:00,5200,57290,57250,57260,57260,57300,57260,57280,57270,57295,57255,57270,57265
2025-11-13 04:10:00,9600,57260,57120,57260,57160,57270,57130,57270,57170,57265,57125,57265,57165
2025-11-13 04:15:00,5000,57170,57100,57160,57110,57190,57110,57170,57130,57180,57105,57165,57120
2025-11-13 04:20:00,10300,57190,57100,57110,57170,57210,57120,57130,57200,57200,57110,57120,57185
2025-11-13 04:25:00,2900,57200,57150,57170,57150,57210,57170,57200,57170,57205,57160,57185,57160
2025-11-13 04:30:00,5700,57170,57130,57150,57140,57180,57140,57170,57150,57175,57135,57160,57145
2025-11-13 04:35:00,10800,57160,57060,57140,57060,57170,57070,57150,57080,57165,57065,57145,57070
2025-11-13 04:40:00,10100,57190,57060,57060,57160,57210,57080,57080,57180,57200,57070,57070,57170
2025-11-13 04:45:00,12300,57260,57160,57160,57250,57270,57180,57180,57260,57265,57170,57170,57255
2025-11-13 04:50:00,9100,57270,57180,57250,57180,57280,57190,57260,57210,57275,57185,57255,57195
2025-11-13 04:55:00,3700,57190,57130,57180,57130,57210,57140,57210,57150,57200,57135,57195,57140
2025-11-13 05:00:00,6000,57160,57120,57130,57140,57180,57130,57150,57160,57170,57125,57140,57150
2025-11-13 05:05:00,5500,57160,57130,57150,57150,57180,57150,57160,57170,57170,57140,57155,57160
2025-11-13 05:10:00,4800,57170,57110,57150,57110,57190,57120,57170,57130,57180,57115,57160,57120
2025-11-13 05:15:00,5900,57120,57080,57110,57100,57130,57090,57130,57110,57125,57085,57120,57105
2025-11-13 05:20:00,5100,57100,57060,57100,57060,57120,57070,57110,57070,57110,57065,57105,57065
2025-11-13 05:25:00,10400,57070,57030,57060,57050,57090,57040,57070,57060,57080,57035,57065,57055
2025-11-13 05:30:00,4100,57080,57040,57050,57070,57090,57050,57060,57090,57085,57045,57055,57080
2025-11-13 05:35:00,5100,57100,57050,57070,57090,57120,57060,57090,57100,57110,57055,57080,57095
2025-11-13 05:40:00,4000,57120,57080,57080,57110,57140,57100,57100,57130,57130,57090,57090,57120
2025-11-13 05:45:00,5800,57110,57030,57110,57030,57130,57040,57130,57050,57120,57035,57120,57040
2025-11-13 05:50:00,14300,57040,57000,57030,57020,57060,57010,57050,57040,57050,57005,57040,57030
2025-11-13 05:55:00,4900,57060,57020,57020,57060,57080,57030,57040,57070,57070,57025,57030,57065
2025-11-13 06:00:00,5300,57070,57020,57060,57030,57090,57030,57070,57050,57080,57025,57065,57040
2025-11-13 06:05:00,11900,57050,56970,57030,57010,57060,56980,57050,57030,57055,56975,57040,57020
2025-11-13 06:10:00,4200,57020,56980,57010,56980,57030,57000,57030,57000,57025,56990,57020,56990
2025-11-13 06:15:00,8200,56990,56950,56980,56970,57000,56960,57000,56990,56995,56955,56990,56980
2025-11-13 06:20:00,11800,57010,56920,56970,56940,57020,56930,56990,56970,57015,56925,56980,56955
2025-11-13 06:25:00,,57020,55520,56830,57020,57030,55530,56830,57030,57025,55525,56830,57025
2025-11-13 06:30:00,109400,57000,57000,57000,57000,57030,57030,57030,57030,57015,57015,57015,57015
2025-11-14 00:00:00,432400,57640,56200,57050,56860,57700,56330,57060,56890,57670,56270,57055,56875
2025-11-14 00:05:00,32200,57190,56840,56860,56850,57200,56850,56890,56880,57195,56845,56875,56865
2025-11-14 00:10:00,31000,57230,56680,56850,56950,57260,56710,56880,56980,57245,56695,56865,56965
2025-11-14 00:15:00,27400,57290,56910,56950,57230,57330,56930,56980,57260,57310,56925,56965,57245
2025-11-14 00:20:00,26500,57330,57100,57230,57100,57350,57130,57260,57130,57340,57115,57245,57115
2025-11-14 00:25:00,14200,57110,56930,57100,56940,57140,56950,57130,56980,57125,56940,57115,56960
2025-11-14 00:30:00,16500,56950,56780,56930,56850,56980,56800,56980,56880,56965,56790,56955,56865
2025-11-14 00:35:00,16300,56850,56700,56850,56760,56890,56730,56880,56790,56870,56715,56865,56775
2025-11-14 00:40:00,21400,56770,56600,56760,56620,56800,56640,56790,56650,56785,56625,56775,56635
2025-11-14 00:45:00,20600,56630,56370,56620,56520,56660,56380,56650,56550,56645,56375,56635,56535
2025-11-14 00:50:00,12300,56650,56510,56510,56630,56660,56520,56550,56660,56655,56515,56530,56645
2025-11-14 00:55:00,14500,56730,56600,56630,56700,56750,56620,56660,56730,56740,56610,56645,56715
2025-11-14 01:00:00,11000,56820,56660,56700,56760,56830,56680,56730,56780,56825,56670,56715,56770
2025-11-14 01:05:00,19100,57110,56750,56760,57110,57130,56780,56780,57130,57120,56765,56770,57120
2025-11-14 01:10:00,12600,57230,57090,57110,57180,57240,57110,57130,57200,57235,57100,57120,57190
2025-11-14 01:15:00,19800,57310,57150,57180,57200,57330,57170,57200,57230,57320,57160,57190,57215
2025-11-14 01:20:00,11200,57250,57040,57200,57050,57270,57060,57230,57070,57260,57050,57215,57060
2025-11-14 01:25:00,6900,57110,56970,57050,56990,57120,56990,57070,57000,57115,56980,57060,56995
2025-11-14 01:30:00,5600,57070,56970,56990,57040,57100,56980,57000,57080,57085,56975,56995,57060
2025-11-14 01:35:00,4300,57060,56920,57040,56920,57090,56950,57080,56950,57075,56935,57060,56935
2025-11-14 01:40:00,4100,57000,56920,56920,56990,57010,56940,56950,57010,57005,56935,56935,57000
2025-11-14 01:45:00,4500,57000,56880,56990,56920,57010,56900,57010,56950,57005,56890,57000,56935
2025-11-14 01:50:00,3800,56960,56830,56920,56830,56990,56850,56950,56860,56975,56840,56935,56845
2025-11-14 01:55:00,4500,56860,56750,56830,56760,56880,56770,56860,56790,56865,56760,56845,56775
2025-11-14 02:00:00,5300,56850,56760,56770,56810,56870,56770,56790,56830,56855,56765,56780,56820
2025-11-14 02:05:00,4400,56930,56810,56810,56860,56940,56830,56830,56890,56935,56820,56820,56875
2025-11-14 02:10:00,9400,56900,56800,56860,56800,56930,56820,56890,56820,56915,56810,56875,56810
2025-11-14 02:15:00,4200,56890,56780,56800,56850,56920,56790,56820,56870,56905,56785,56810,56860
2025-11-14 02:20:00,5500,56870,56760,56850,56850,56890,56780,56870,56870,56880,56770,56860,56860
2025-11-14 02:25:00,2700,56850,56770,56850,56770,56870,56790,56870,56820,56860,56780,56860,56795
2025-11-14 02:30:00,2600,,,,,,,,,,,,
2025-11-14 03:30:00,17200,56870,56670,56800,56750,56900,56700,56830,56770,56885,56685,56815,56760
2025-11-14 03:35:00,3300,56790,56700,56750,56700,56810,56720,56770,56720,56800,56710,56760,56710
2025-11-14 03:40:00,8800,56710,56650,56700,56670,56730,56670,56720,56690,56720,56660,56710,56680
2025-11-14 03:45:00,6000,56800,56670,56670,56780,56810,56690,56690,56790,56805,56680,56680,56785
2025-11-14 03:50:00,5100,56830,56700,56780,56700,56850,56710,56790,56720,56840,56705,56785,56710
2025-11-14 03:55:00,7700,56730,56640,56700,56730,56760,56660,56720,56760,56745,56650,56710,56745
2025-11-14 04:00:00,4600,56790,56700,56740,56730,56820,56710,56760,56750,56805,56705,56750,56740
2025-11-14 04:05:00,2500,56730,56690,56720,56720,56750,56700,56750,56730,56740,56695,56735,56725
2025-11-14 04:10:00,3000,56740,56700,56710,56720,56750,56720,56730,56730,56745,56710,56720,56725
2025-11-14 04:15:00,3000,56730,56660,56720,56720,56750,56680,56730,56740,56740,56670,56725,56730
2025-11-14 04:20:00,3200,56730,56660,56720,56660,56740,56680,56740,56680,56735,56670,56730,56670
2025-11-14 04:25:00,4400,56670,56630,56660,56650,56690,56650,56680,56670,56680,56640,56670,56660
2025-11-14 04:30:00,5900,56740,56620,56650,56730,56750,56630,56670,56750,56745,56625,56660,56740
2025-11-14 04:35:00,5800,56740,56680,56730,56730,56750,56700,56750,56750,56745,56690,56740,56740
2025-11-14 04:40:00,5900,56790,56680,56730,56770,56800,56700,56750,56790,56795,56690,56740,56780
2025-11-14 04:45:00,7800,56900,56770,56780,56880,56920,56790,56790,56900,56910,56780,56785,56890
2025-11-14 04:50:00,3700,56910,56860,56880,56880,56930,56880,56890,56900,56920,56870,56885,56890
2025-11-14 04:55:00,6800,56910,56800,56880,56810,56930,56810,56900,56820,56920,56805,56890,56815
2025-11-14 05:00:00,5600,56900,56720,56810,56870,56910,56730,56820,56880,56905,56725,56815,56875
2025-11-14 05:05:00,5500,56900,56810,56870,56850,56910,56830,56880,56860,56905,56820,56875,56855
2025-11-14 05:10:00,5500,56860,56770,56840,56820,56880,56790,56860,56840,56870,56780,56850,56830
2025-11-14 05:15:00,4800,56860,56770,56820,56770,56880,56790,56840,56790,56865,56780,56830,56780
2025-11-14 05:20:00,6200,56850,56770,56770,56850,56860,56780,56790,56860,56855,56775,56780,56855
2025-11-14 05:25:00,4300,56890,56810,56850,56830,56900,56820,56860,56850,56895,56815,56855,56840
2025-11-14 05:30:00,6200,56850,56780,56830,56800,56870,56790,56840,56830,56860,56785,56835,56815
2025-11-14 05:35:00,6000,56840,56760,56800,56830,56850,56780,56830,56850,56845,56770,56815,56840
2025-11-14 05:40:00,6800,56950,56830,56830,56950,56970,56840,56850,56960,56960,56835,56840,56955
2025-11-14 05:45:00,6800,56990,56930,56950,56950,57000,56940,56960,56970,56995,56935,56955,56960
2025-11-14 05:50:00,5500,56970,56890,56950,56910,56980,56900,56970,56930,56975,56895,56960,56920
2025-11-14 05:55:00,7400,56910,56840,56910,56890,56930,56860,56930,56900,56920,56850,56920,56895
2025-11-14 06:00:00,10900,56880,56750,56880,56770,56900,56770,56900,56800,56890,56760,56890,56785
2025-11-14 06:05:00,9900,56820,56670,56770,56670,56850,56680,56790,56680,56835,56675,56780,56675
2025-11-14 06:10:00,10900,56700,56630,56670,56650,56710,56640,56680,56670,56705,56635,56675,56660
2025-11-14 06:15:00,10300,56700,56620,56650,56640,56710,56640,56670,56650,56705,56630,56660,56645
2025-11-14 06:20:00,14900,56690,56630,56640,56660,56700,56640,56650,56690,56695,56635,56645,56675
2025-11-14 06:25:00,,56500,54990,55810,56500,56510,55000,55820,56510,56505,54995,55815,56505
2025-11-14 06:30:00,233200,56500,56500,56500,56500,56540,56540,56540,56540,56520,56520,56520,56520
2025-11-17 00:00:00,,55500,54500,55000,54500,55500,54500,55010,54500,55500,54500,55005,54500
2025-11-17 00:05:00,249300,54500,52620,54500,52820,54500,52670,54500,52880,54500,52645,54500,52850
2025-11-17 00:10:00,68400,53620,52720,52820,53460,53670,52800,52880,53500,53645,52760,52850,53480
2025-11-17 00:15:00,35900,53970,53440,53460,53950,54000,53500,53500,54000,53985,53470,53480,53975
2025-11-17 00:20:00,29300,53950,53590,53950,53740,54000,53640,54000,53760,53975,53615,53975,53750
2025-11-17 00:25:00,20100,53870,53670,53740,53780,53890,53720,53760,53810,53875,53695,53750,53795
2025-11-17 00:30:00,44200,54320,53700,53780,54310,54340,53740,53810,54330,54330,53720,53795,54320
2025-11-17 00:35:00,27000,54390,54090,54310,54340,54400,54130,54330,54390,54395,54110,54320,54365
2025-11-17 00:40:00,22300,54400,54060,54340,54150,54410,54100,54390,54180,54405,54080,54365,54165
2025-11-17 00:45:00,25100,54680,54150,54150,54570,54720,54170,54180,54600,54695,54160,54165,54585
2025-11-17 00:50:00,16300,54580,54350,54570,54360,54610,54380,54600,54380,54595,54365,54585,54370
2025-11-17 00:55:00,19500,54360,54000,54360,54000,54380,54020,54380,54040,54370,54015,54370,54020
2025-11-17 01:00:00,31800,54010,53570,54000,53570,54040,53590,54040,53590,54025,53580,54020,53580
2025-11-17 01:05:00,21600,53750,53560,53570,53650,53760,53580,53590,53670,53755,53570,53580,53660
2025-11-17 01:10:00,12700,53770,53620,53650,53700,53780,53650,53670,53740,53775,53635,53660,53720
2025-11-17 01:15:00,12600,53940,53700,53700,53890,53950,53720,53740,53900,53945,53710,53720,53895
2025-11-17 01:20:00,10200,53900,53680,53890,53680,53920,53710,53900,53710,53910,53695,53895,53695
2025-11-17 01:25:00,29400,53960,53640,53680,53800,53970,53650,53710,53830,53965,53645,53695,53815
2025-11-17 01:30:00,7200,53830,53700,53800,53740,53870,53720,53830,53750,53850,53710,53815,53745
2025-11-17 01:35:00,10700,53830,53690,53740,53810,53850,53710,53750,53830,53835,53700,53745,53820
2025-11-17 01:40:00,16600,53810,53600,53810,53660,53830,53620,53830,53680,53820,53615,53820,53670
2025-11-17 01:45:00,36100,53740,53460,53660,53540,53780,53520,53680,53570,53760,53495,53670,53555
2025-11-17 01:50:00,24500,53580,53370,53540,53420,53610,53400,53570,53440,53595,53385,53555,53430
2025-11-17 01:55:00,25000,53430,53190,53420,53230,53450,53200,53440,53240,53440,53195,53430,53235
2025-11-17 02:00:00,16600,53400,53220,53230,53400,53410,53240,53240,53410,53405,53235,53235,53405
2025-11-17 02:05:00,17900,53500,53350,53390,53410,53510,53370,53410,53430,53505,53360,53400,53420
2025-11-17 02:10:00,11900,53510,53350,53410,53400,53530,53360,53430,53420,53520,53355,53420,53410
2025-11-17 02:15:00,9000,53440,53310,53400,53340,53480,53330,53420,53370,53455,53325,53410,53355
2025-11-17 02:20:00,10600,53360,53210,53340,53230,53370,53220,53370,53260,53365,53215,53355,53245
2025-11-17 02:25:00,11300,53230,53160,53230,53160,53260,53190,53260,53220,53245,53175,53245,53190
2025-11-17 02:30:00,7400,53150,53150,53150,53150,53220,53220,53220,53220,53185,53185,53185,53185
2025-11-17 03:30:00,43800,53560,53270,53430,53540,53580,53430,53430,53560,53570,53370,53430,53550
2025-11-17 03:35:00,27900,53730,53490,53540,53490,53770,53500,53560,53520,53750,53495,53550,53505
2025-11-17 03:40:00,20600,53600,53460,53490,53470,53630,53480,53520,53500,53615,53470,53505,53485
2025-11-17 03:45:00,6700,53540,53450,53470,53520,53560,53470,53500,53540,53550,53460,53485,53530
2025-11-17 03:50:00,10300,53640,53480,53520,53550,53650,53510,53540,53580,53645,53495,53530,53565
2025-11-17 03:55:00,12600,53580,53470,53550,53540,53610,53500,53580,53570,53595,53485,53565,53555
2025-11-17 04:00:00,8600,53580,53480,53540,53540,53590,53510,53570,53560,53585,53495,53555,53550
2025-11-17 04:05:00,4200,53580,53540,53540,53560,53600,53550,53560,53580,53590,53545,53550,53570
2025-11-17 04:10:00,6200,53570,53510,53560,53530,53590,53520,53580,53550,53580,53515,53570,53540
2025-11-17 04:15:00,7000,53550,53470,53530,53510,53570,53490,53550,53530,53560,53480,53540,53520
2025-11-17 04:20:00,7600,53580,53510,53510,53550,53590,53530,53530,53570,53585,53520,53520,53560
2025-11-17 04:25:00,6400,53560,53520,53550,53540,53580,53540,53570,53550,53570,53530,53560,53545
2025-11-17 04:30:00,7200,53560,53500,53540,53540,53580,53520,53550,53550,53570,53510,53545,53545
2025-11-17 04:35:00,8400,53590,53510,53540,53520,53600,53530,53550,53530,53595,53520,53545,53525
2025-11-17 04:40:00,5400,53550,53500,53520,53510,53570,53520,53530,53530,53560,53510,53525,53520
2025-11-17 04:45:00,15100,53540,53400,53510,53420,53550,53410,53530,53440,53545,53405,53520,53430
2025-11-17 04:50:00,7600,53470,53410,53420,53460,53480,53430,53440,53480,53475,53420,53430,53470
2025-11-17 04:55:00,9100,53490,53420,53460,53420,53500,53440,53480,53440,53495,53430,53470,53430
2025-11-17 05:00:00,5200,53460,53410,53420,53410,53490,53430,53440,53430,53475,53420,53430,53420
2025-11-17 05:05:00,7800,53450,53400,53410,53400,53460,53410,53430,53420,53455,53405,53420,53410
2025-11-17 05:10:00,7700,53530,53400,53400,53530,53550,53420,53420,53550,53540,53410,53410,53540
2025-11-17 05:15:00,19000,53590,53440,53530,53490,53600,53460,53550,53510,53595,53450,53540,53500
2025-11-17 05:20:00,9500,53530,53460,53490,53520,53540,53480,53510,53540,53535,53470,53500,53530
2025-11-17 05:25:00,16800,53610,53450,53520,53500,53630,53470,53540,53530,53620,53460,53530,53515
2025-11-17 05:30:00,6200,53560,53480,53500,53510,53580,53490,53530,53530,53565,53485,53515,53520
2025-11-17 05:35:00,9900,53510,53410,53510,53470,53530,53420,53530,53490,53520,53415,53520,53480
2025-11-17 05:40:00,8000,53560,53470,53480,53530,53580,53490,53490,53540,53570,53485,53485,53535
2025-11-17 05:45:00,7100,53550,53500,53530,53530,53570,53510,53540,53560,53560,53505,53535,53545
2025-11-17 05:50:00,8600,53640,53510,53530,53640,53650,53540,53560,53650,53645,53525,53545,53645
2025-11-17 05:55:00,12500,53640,53560,53640,53570,53650,53570,53650,53590,53645,53565,53645,53580
2025-11-17 06:00:00,12900,53660,53530,53570,53530,53680,53540,53590,53540,53670,53535,53580,53535
2025-11-17 06:05:00,14800,53640,53480,53530,53610,53650,53500,53540,53620,53645,53490,53535,53615
2025-11-17 06:10:00,12800,53640,53580,53600,53600,53650,53600,53620,53630,53645,53590,53610,53615
2025-11-17 06:15:00,10700,53660,53600,53600,53630,53670,53630,53630,53640,53665,53615,53615,53635
2025-11-17 06:20:00,25500,53830,53620,53630,53770,53850,53630,53640,53800,53840,53625,53635,53785
2025-11-17 06:25:00,,54700,53370,54580,53500,54710,53370,54580,53510,54705,53370,54580,53505
2025-11-17 06:30:00,341500,53500,53500,53500,53500,53700,53700,53700,53700,53600,53600,53600,53600
2025-11-18 00:00:00,114800,54260,53700,53910,53920,54310,53830,53910,53950,54280,53805,53910,53935
2025-11-18 00:05:00,26800,53990,53760,53920,53870,54000,53800,53950,53910,53995,53780,53935,53890
2025-11-18 00:10:00,21800,53880,53670,53870,53710,53920,53690,53920,53750,53900,53680,53895,53730
2025-11-18 00:15:00,31200,53710,53350,53710,53490,53750,53370,53750,53520,53730,53360,53730,53505
2025-11-18 00:20:00,14000,53590,53470,53480,53500,53600,53480,53520,53530,53595,53475,53500,53515
2025-11-18 00:25:00,21500,53550,53360,53500,53370,53570,53390,53520,53400,53560,53375,53510,53385
2025-11-18 00:30:00,22000,53470,53160,53370,53170,53490,53180,53400,53200,53480,53175,53385,53185
2025-11-18 00:35:00,11400,53320,53160,53170,53270,53350,53170,53200,53290,53335,53165,53185,53280
2025-11-18 00:40:00,15900,53300,53020,53270,53030,53330,53040,53290,53050,53315,53030,53280,53040
2025-11-18 00:45:00,25800,53410,53030,53030,53380,53450,53050,53050,53420,53425,53040,53040,53400
2025-11-18 00:50:00,18900,53610,53360,53380,53510,53620,53390,53420,53540,53615,53385,53400,53525
2025-11-18 00:55:00,7400,53540,53370,53510,53370,53560,53380,53540,53400,53550,53375,53525,53385
2025-11-18 01:00:00,12300,53410,53210,53370,53390,53430,53230,53400,53420,53420,53225,53385,53405
2025-11-18 01:05:00,11700,53470,53300,53390,53360,53490,53320,53420,53390,53480,53310,53405,53375
2025-11-18 01:10:00,6700,53430,53290,53360,53330,53450,53310,53390,53370,53440,53300,53375,53350
2025-11-18 01:15:00,11600,53400,53310,53330,53400,53420,53320,53370,53420,53410,53315,53350,53410
2025-11-18 01:20:00,4700,53400,53330,53400,53330,53420,53340,53420,53360,53410,53335,53410,53345
2025-11-18 01:25:00,5000,53370,53260,53330,53290,53400,53280,53360,53310,53385,53270,53345,53300
2025-11-18 01:30:00,5400,53310,53250,53290,53280,53320,53270,53310,53310,53315,53265,53300,53295
2025-11-18 01:35:00,5500,53390,53270,53280,53280,53410,53280,53310,53310,53400,53275,53295,53295
2025-11-18 01:40:00,5000,53380,53280,53280,53320,53400,53300,53310,53350,53390,53290,53295,53335
2025-11-18 01:45:00,8800,53390,53270,53320,53360,53410,53290,53350,53380,53400,53280,53335,53370
2025-11-18 01:50:00,7400,53430,53340,53370,53400,53460,53360,53380,53430,53445,53350,53375,53415
2025-11-18 01:55:00,8700,53410,53260,53390,53280,53440,53280,53430,53310,53420,53270,53410,53295
2025-11-18 02:00:00,6200,53330,53240,53280,53250,53350,53260,53310,53280,53340,53250,53295,53265
2025-11-18 02:05:00,7700,53250,53180,53250,53250,53280,53200,53280,53270,53265,53190,53265,53260
2025-11-18 02:10:00,4600,53290,53180,53250,53200,53300,53200,53270,53230,53295,53190,53260,53215
2025-11-18 02:15:00,4500,53250,53170,53200,53220,53270,53180,53230,53250,53255,53175,53215,53235
2025-11-18 02:20:00,4000,53320,53210,53220,53220,53340,53240,53250,53250,53330,53225,53235,53235
2025-11-18 02:25:00,3900,53290,53200,53220,53250,53320,53220,53250,53280,53305,53210,53235,53265
2025-11-18 02:30:00,3500,53250,53250,53250,53250,53310,53310,53310,53310,53280,53280,53280,53280
2025-11-18 03:30:00,35000,53330,53100,53100,53320,53350,53110,53110,53350,53340,53105,53105,53335
2025-11-18 03:35:00,11200,53400,53280,53320,53370,53420,53310,53350,53390,53410,53295,53335,53380
2025-11-18 03:40:00,11400,53410,53270,53370,53310,53420,53290,53390,53330,53415,53280,53380,53320
2025-11-18 03:45:00,6500,53350,53260,53310,53290,53360,53270,53330,53310,53355,53265,53320,53300
2025-11-18 03:50:00,9800,53340,53250,53290,53310,53350,53280,53310,53320,53345,53265,53300,53315
2025-11-18 03:55:00,9400,53360,53280,53310,53360,53380,53300,53320,53380,53370,53290,53315,53370
2025-11-18 04:00:00,6900,53360,53280,53360,53280,53380,53300,53380,53310,53370,53290,53370,53295
2025-11-18 04:05:00,5500,53330,53270,53280,53310,53350,53290,53310,53330,53340,53280,53295,53320
2025-11-18 04:10:00,5700,53390,53260,53310,53360,53400,53280,53330,53380,53395,53270,53320,53370
2025-11-18 04:15:00,13100,53390,53180,53360,53210,53400,53190,53390,53230,53395,53185,53375,53220
2025-11-18 04:20:00,14500,53240,53090,53210,53190,53260,53100,53230,53220,53250,53095,53220,53205
2025-11-18 04:25:00,5700,53230,53140,53190,53140,53250,53160,53220,53160,53240,53150,53205,53150
2025-11-18 04:30:00,12000,53300,53140,53140,53220,53320,53160,53160,53240,53310,53150,53150,53230
2025-11-18 04:35:00,4200,53260,53180,53220,53260,53290,53200,53240,53290,53275,53190,53230,53275
2025-11-18 04:40:00,6600,53320,53200,53260,53290,53330,53230,53290,53320,53325,53215,53275,53305
2025-11-18 04:45:00,5900,53370,53280,53290,53350,53390,53290,53320,53380,53380,53285,53305,53365
2025-11-18 04:50:00,17100,53500,53350,53350,53490,53510,53380,53380,53510,53505,53365,53365,53500
2025-11-18 04:55:00,6400,53510,53440,53490,53440,53520,53460,53510,53460,53515,53450,53500,53450
2025-11-18 05:00:00,9900,53440,53190,53440,53260,53470,53200,53460,53280,53455,53195,53450,53270
2025-11-18 05:05:00,6600,53420,53260,53260,53310,53440,53280,53280,53340,53425,53270,53270,53325
2025-11-18 05:10:00,8300,53500,53310,53310,53430,53510,53330,53340,53470,53505,53320,53325,53450
2025-11-18 05:15:00,7800,53480,53360,53430,53470,53500,53390,53470,53500,53490,53375,53450,53485
2025-11-18 05:20:00,9300,53520,53430,53470,53510,53530,53470,53500,53530,53525,53450,53485,53520
2025-11-18 05:25:00,10300,53530,53410,53510,53430,53540,53430,53530,53450,53535,53420,53520,53440
2025-11-18 05:30:00,9600,53540,53420,53430,53530,53560,53450,53450,53550,53550,53435,53440,53540
2025-11-18 05:35:00,8000,53540,53400,53520,53430,53560,53410,53550,53450,53550,53405,53535,53440
2025-11-18 05:40:00,5900,53490,53390,53430,53460,53510,53410,53450,53490,53500,53400,53440,53475
2025-11-18 05:45:00,9200,53520,53460,53460,53490,53540,53490,53490,53510,53530,53475,53475,53500
2025-11-18 05:50:00,7800,53520,53470,53490,53510,53540,53490,53510,53530,53530,53480,53500,53520
2025-11-18 05:55:00,8400,53530,53470,53510,53480,53540,53490,53530,53510,53535,53480,53520,53495
2025-11-18 06:00:00,12600,53540,53430,53490,53500,53550,53460,53510,53520,53545,53445,53500,53510
2025-11-18 06:05:00,18900,53620,53470,53500,53610,53630,53490,53530,53630,53625,53480,53515,53620
2025-11-18 06:10:00,13900,53660,53540,53610,53660,53680,53560,53630,53680,53670,53550,53620,53670
2025-11-18 06:15:00,16300,53730,53650,53660,53700,53750,53660,53680,53730,53740,53655,53670,53715
2025-11-18 06:20:00,21900,53720,53570,53700,53570,53730,53600,53730,53670,53725,53595,53715,53620
2025-11-18 06:25:00,,55760,53340,55410,53520,55760,53350,55420,53530,55760,53345,55415,53525
2025-11-18 06:30:00,345200,53510,53510,53510,53510,53580,53580,53580,53580,53545,53545,53545,53545
2025-11-19 00:00:00,202800,54830,53870,53870,54780,54840,53880,53880,54810,54835,53875,53875,54795
2025-11-19 00:05:00,100700,54810,54380,54780,54610,54840,54410,54810,54650,54825,54400,54795,54630
2025-11-19 00:10:00,93100,54800,54530,54610,54620,54830,54560,54650,54650,54810,54550,54630,54635
2025-11-19 00:15:00,65900,54750,54400,54620,54460,54780,54420,54650,54500,54760,54410,54635,54480
2025-11-19 00:20:00,35400,54580,54270,54460,54280,54610,54290,54500,54310,54595,54285,54480,54295
2025-11-19 00:25:00,30600,54280,54050,54270,54150,54310,54070,54310,54180,54295,54060,54290,54165
2025-11-19 00:30:00,42700,54310,53970,54150,54090,54350,54000,54180,54130,54330,53985,54165,54110
2025-11-19 00:35:00,21300,54130,54020,54090,54080,54150,54040,54130,54110,54140,54030,54110,54095
2025-11-19 00:40:00,23600,54140,53960,54080,54040,54150,53980,54110,54070,54145,53970,54095,54055
2025-11-19 00:45:00,29800,54040,53730,54040,53780,54070,53750,54070,53810,54055,53740,54055,53795
2025-11-19 00:50:00,25200,53780,53500,53780,53610,53810,53510,53810,53640,53795,53505,53795,53625
2025-11-19 00:55:00,20500,53950,53590,53610,53920,53960,53600,53640,53950,53955,53595,53625,53935
2025-11-19 01:00:00,15900,53980,53820,53930,53880,53990,53840,53950,53910,53985,53835,53940,53895
2025-11-19 01:05:00,12000,53950,53770,53880,53840,53970,53790,53910,53880,53960,53785,53895,53860
2025-11-19 01:10:00,20200,54010,53820,53840,53920,54040,53830,53880,53950,54025,53825,53860,53935
2025-11-19 01:15:00,10500,53980,53860,53920,53900,53990,53890,53950,53920,53985,53880,53935,53910
2025-11-19 01:20:00,10700,54020,53870,53900,53930,54030,53900,53920,53970,54025,53890,53910,53950
2025-11-19 01:25:00,10400,54000,53900,53930,53940,54010,53920,53960,53970,54005,53915,53945,53955
2025-11-19 01:30:00,14400,54040,53920,53940,54000,54050,53950,53970,54040,54045,53935,53955,54020
2025-11-19 01:35:00,9300,54040,53920,54000,53940,54060,53950,54030,53950,54050,53935,54015,53945
2025-11-19 01:40:00,16000,54220,53940,53940,54210,54250,53950,53950,54240,54235,53945,53945,54225
2025-11-19 01:45:00,10500,54320,54200,54210,54230,54350,54230,54240,54250,54335,54215,54225,54240
2025-11-19 01:50:00,9000,54250,54160,54230,54200,54260,54180,54250,54230,54255,54175,54240,54215
2025-11-19 01:55:00,9900,54250,54140,54200,54220,54270,54160,54230,54240,54260,54150,54215,54230
2025-11-19 02:00:00,13500,54360,54220,54220,54300,54370,54240,54240,54330,54365,54230,54230,54315
2025-11-19 02:05:00,8200,54360,54280,54300,54330,54370,54300,54330,54360,54365,54290,54315,54345
2025-11-19 02:10:00,7200,54370,54320,54330,54350,54380,54340,54360,54360,54375,54330,54345,54355
2025-11-19 02:15:00,11000,54420,54330,54350,54360,54440,54350,54360,54390,54425,54340,54355,54375
2025-11-19 02:20:00,12700,54410,54250,54360,54410,54420,54280,54390,54420,54415,54265,54375,54415
2025-11-19 02:25:00,11600,54460,54350,54410,54400,54470,54390,54420,54450,54465,54370,54415,54425
2025-11-19 02:30:00,6600,54400,54400,54400,54400,54490,54490,54490,54490,54445,54445,54445,54445
2025-11-19 03:30:00,51900,54540,54150,54540,54280,54540,54180,54540,54310,54540,54180,54540,54295
2025-11-19 03:35:00,16500,54440,54270,54280,54410,54450,54290,54310,54420,54445,54285,54295,54415
2025-11-19 03:40:00,11500,54420,54330,54410,54410,54430,54340,54420,54420,54425,54335,54415,54415
2025-11-19 03:45:00,25200,54580,54390,54410,54480,54590,54410,54420,54510,54585,54400,54415,54495
2025-11-19 03:50:00,20600,54540,54350,54480,54460,54560,54370,54490,54490,54550,54365,54485,54475
2025-11-19 03:55:00,9900,54490,54360,54460,54380,54510,54380,54490,54390,54500,54370,54475,54385
2025-11-19 04:00:00,11300,54450,54310,54380,54440,54460,54350,54390,54460,54455,54330,54385,54450
2025-11-19 04:05:00,12200,54490,54400,54440,54420,54500,54430,54460,54430,54495,54420,54450,54425
2025-11-19 04:10:00,13100,54560,54410,54420,54550,54570,54430,54430,54570,54565,54420,54425,54560
2025-11-19 04:15:00,13600,54590,54530,54550,54570,54600,54550,54570,54590,54595,54540,54560,54580
2025-11-19 04:20:00,14700,54600,54390,54570,54420,54610,54410,54590,54440,54605,54405,54580,54430
2025-11-19 04:25:00,12500,54490,54380,54420,54400,54510,54390,54440,54420,54500,54385,54430,54410
2025-11-19 04:30:00,23100,54410,54100,54400,54110,54430,54110,54420,54140,54420,54105,54410,54125
2025-11-19 04:35:00,14400,54130,54000,54110,54050,54150,54030,54140,54060,54135,54015,54125,54055
2025-11-19 04:40:00,7600,54120,54030,54050,54050,54130,54050,54060,54070,54125,54045,54055,54060
2025-11-19 04:45:00,11500,54100,53970,54050,54010,54120,53990,54070,54030,54110,53980,54060,54020
2025-11-19 04:50:00,9800,54100,53990,54010,53990,54110,54010,54030,54020,54105,54005,54020,54005
2025-11-19 04:55:00,15600,54000,53730,53990,53750,54030,53750,54020,53780,54015,53740,54005,53765
2025-11-19 05:00:00,19300,53780,53630,53750,53640,53800,53650,53780,53670,53785,53640,53765,53655
2025-11-19 05:05:00,17700,53750,53580,53640,53710,53770,53600,53670,53740,53760,53590,53655,53725
2025-11-19 05:10:00,9100,53780,53650,53710,53770,53790,53670,53740,53790,53785,53665,53725,53780
2025-11-19 05:15:00,6200,53780,53690,53770,53710,53790,53710,53780,53730,53785,53700,53775,53720
2025-11-19 05:20:00,9400,53820,53710,53710,53730,53840,53730,53730,53760,53830,53720,53720,53745
2025-11-19 05:25:00,12700,53740,53560,53730,53570,53760,53580,53760,53600,53750,53570,53745,53585
2025-11-19 05:30:00,11800,53610,53500,53570,53570,53630,53520,53600,53580,53620,53510,53585,53575
2025-11-19 05:35:00,27100,53570,53390,53570,53470,53580,53400,53580,53490,53575,53395,53575,53480
2025-11-19 05:40:00,16100,53470,53310,53470,53400,53490,53330,53490,53420,53480,53320,53480,53410
2025-11-19 05:45:00,8600,53480,53370,53400,53470,53500,53390,53420,53490,53490,53380,53410,53480
2025-11-19 05:50:00,16500,53610,53470,53470,53500,53630,53490,53490,53530,53620,53480,53480,53515
2025-11-19 05:55:00,9800,53580,53430,53500,53470,53590,53440,53530,53500,53585,53435,53515,53485
2025-11-19 06:00:00,13900,53550,53410,53470,53450,53570,53440,53500,53470,53555,53425,53485,53460
2025-11-19 06:05:00,11100,53540,53440,53450,53500,53550,53460,53470,53530,53545,53450,53460,53515
2025-11-19 06:10:00,10700,53540,53460,53500,53460,53550,53480,53530,53480,53545,53470,53515,53470
2025-11-19 06:15:00,20000,53690,53450,53470,53630,53700,53470,53480,53640,53695,53460,53475,53635
2025-11-19 06:20:00,24000,53650,53560,53630,53610,53670,53580,53640,53640,53660,53570,53635,53625
2025-11-19 06:25:00,,63520,53850,61490,53860,63520,53860,61500,53870,63520,53855,61495,53865
2025-11-19 06:30:00,492900,53640,53640,53640,53640,53880,53880,53880,53880,53760,53760,53760,53760
2025-11-20 00:00:00,123600,54410,53900,54410,54140,54420,53930,54420,54180,54415,53915,54415,54160
2025-11-20 00:05:00,64800,54460,53800,54140,53830,54470,53840,54180,53850,54465,53825,54160,53840
2025-11-20 00:10:00,48800,54580,53800,53830,54500,54610,53840,53860,54540,54595,53820,53845,54520
2025-11-20 00:15:00,27600,54780,54400,54500,54700,54800,54440,54530,54730,54790,54420,54515,54715
2025-11-20 00:20:00,14700,54770,54650,54700,54690,54790,54680,54740,54730,54780,54665,54720,54710
2025-11-20 00:25:00,15600,54800,54650,54700,54750,54810,54670,54730,54780,54805,54660,54715,54765
2025-11-20 00:30:00,35100,55100,54720,54750,55080,55110,54750,54780,55100,55105,54735,54765,55090
2025-11-20 00:35:00,23100,55320,55070,55080,55260,55340,55080,55100,55290,55325,55075,55090,55275
2025-11-20 00:40:00,23800,55350,55060,55260,55070,55380,55080,55290,55100,55365,55070,55275,55085
2025-11-20 00:45:00,14400,55090,54930,55070,54950,55130,54950,55100,54990,55105,54940,55085,54970
2025-11-20 00:50:00,12000,54980,54790,54950,54970,55000,54840,54990,55000,54990,54815,54970,54985
2025-11-20 00:55:00,11900,54980,54760,54970,54770,55000,54790,55000,54800,54990,54775,54985,54785
2025-11-20 01:00:00,14300,54800,54660,54770,54800,54830,54690,54800,54830,54815,54675,54785,54815
2025-11-20 01:05:00,12200,55020,54800,54800,55020,55050,54830,54830,55050,55035,54815,54815,55035
2025-11-20 01:10:00,11200,55140,54990,55020,55070,55150,55010,55050,55100,55145,55000,55035,55085
2025-11-20 01:15:00,4200,55140,55000,55090,55010,55150,55020,55100,55040,55145,55010,55095,55025
2025-11-20 01:20:00,2800,55010,54910,55000,54950,55040,54940,55040,54970,55025,54925,55020,54960
2025-11-20 01:25:00,5000,54970,54850,54950,54970,54990,54860,54970,54990,54980,54855,54960,54980
2025-11-20 01:30:00,3400,54990,54910,54970,54930,55000,54940,54990,54960,54995,54925,54980,54945
2025-11-20 01:35:00,2800,54950,54870,54930,54900,54980,54900,54960,54940,54965,54885,54945,54920
2025-11-20 01:40:00,5700,55030,54900,54900,54970,55060,54940,54940,54990,55045,54920,54920,54980
2025-11-20 01:45:00,2500,54990,54910,54970,54910,55000,54940,54990,54950,54995,54925,54980,54930
2025-11-20 01:50:00,6600,55010,54910,54910,54950,55030,54950,54950,54980,55020,54930,54930,54965
2025-11-20 01:55:00,15800,55000,54840,54950,54920,55030,54850,54980,54960,55015,54845,54965,54940
2025-11-20 02:00:00,5000,55000,54850,54920,54880,55030,54890,54960,54890,55015,54870,54940,54885
2025-11-20 02:05:00,6500,54940,54840,54880,54880,54970,54860,54890,54910,54955,54850,54885,54895
2025-11-20 02:10:00,6300,54970,54870,54880,54940,54980,54890,54910,54960,54975,54880,54895,54950
2025-11-20 02:15:00,6000,55050,54910,54940,55010,55070,54950,54960,55040,55060,54935,54950,55025
2025-11-20 02:20:00,4400,55030,54940,55010,54950,55040,54960,55040,54970,55035,54950,55025,54960
2025-11-20 02:25:00,3000,54960,54900,54950,54900,54980,54910,54980,54970,54970,54905,54965,54935
2025-11-20 02:30:00,800,54900,54900,54900,54900,54970,54970,54970,54970,54935,54935,54935,54935
2025-11-20 03:30:00,34800,55210,55080,55190,55100,55240,55110,55200,55140,55225,55105,55195,55120
2025-11-20 03:35:00,12000,55180,54960,55100,54970,55190,54980,55140,55010,55185,54975,55120,54990
2025-11-20 03:40:00,8600,55120,54960,54970,55080,55140,54990,55010,55120,55125,54980,54990,55100
2025-11-20 03:45:00,17700,55100,54780,55100,54880,55120,54790,55120,54920,55110,54785,55110,54900
2025-11-20 03:50:00,7800,54940,54800,54880,54880,54960,54810,54920,54900,54950,54805,54900,54890
2025-11-20 03:55:00,15200,54880,54610,54880,54710,54900,54620,54900,54740,54890,54615,54890,54725
2025-11-20 04:00:00,7300,54830,54650,54710,54790,54840,54690,54750,54820,54835,54670,54730,54805
2025-11-20 04:05:00,6100,54820,54660,54790,54720,54850,54700,54820,54750,54835,54680,54805,54735
2025-11-20 04:10:00,5200,54790,54630,54720,54630,54820,54660,54750,54660,54805,54645,54735,54645
2025-11-20 04:15:00,4900,54640,54560,54630,54610,54660,54590,54660,54640,54645,54575,54645,54625
2025-11-20 04:20:00,4200,54740,54600,54610,54690,54750,54630,54640,54710,54745,54615,54625,54700
2025-11-20 04:25:00,2300,54700,54610,54680,54630,54720,54630,54710,54660,54710,54620,54695,54645
2025-11-20 04:30:00,3400,54750,54630,54630,54730,54770,54650,54660,54760,54760,54645,54645,54745
2025-11-20 04:35:00,2300,54750,54730,54730,54740,54770,54750,54760,54760,54760,54740,54745,54750
2025-11-20 04:40:00,4100,54800,54720,54740,54760,54820,54740,54760,54780,54810,54730,54750,54770
2025-11-20 04:45:00,3700,54830,54740,54760,54750,54840,54760,54780,54780,54835,54750,54770,54765
2025-11-20 04:50:00,3600,54760,54670,54740,54690,54790,54680,54780,54710,54775,54675,54760,54700
2025-11-20 04:55:00,3400,54780,54660,54690,54780,54810,54680,54710,54810,54795,54670,54700,54795
2025-11-20 05:00:00,3700,54810,54710,54780,54780,54820,54740,54810,54800,54815,54725,54795,54790
2025-11-20 05:05:00,3600,54810,54760,54780,54770,54830,54780,54800,54790,54820,54770,54790,54780
2025-11-20 05:10:00,7100,54770,54670,54770,54680,54790,54690,54790,54700,54780,54680,54780,54690
2025-11-20 05:15:00,5600,54710,54650,54680,54680,54730,54670,54700,54700,54720,54660,54690,54690
2025-11-20 05:20:00,3000,54750,54670,54680,54670,54770,54690,54700,54690,54760,54680,54690,54680
2025-11-20 05:25:00,6100,54680,54610,54660,54610,54690,54630,54690,54630,54685,54620,54675,54620
2025-11-20 05:30:00,5800,54640,54530,54610,54600,54660,54550,54630,54620,54650,54545,54620,54610
2025-11-20 05:35:00,5800,54600,54500,54600,54510,54620,54510,54620,54530,54610,54505,54610,54520
2025-11-20 05:40:00,3500,54550,54510,54510,54550,54580,54530,54530,54570,54565,54520,54520,54560
2025-11-20 05:45:00,7200,54560,54400,54550,54400,54580,54410,54570,54420,54570,54405,54560,54410
2025-11-20 05:50:00,7200,54410,54340,54400,54400,54430,54350,54420,54410,54420,54345,54410,54405
2025-11-20 05:55:00,6500,54440,54370,54390,54430,54450,54380,54400,54450,54445,54375,54395,54440
2025-11-20 06:00:00,6300,54440,54380,54430,54420,54450,54390,54450,54440,54445,54385,54440,54430
2025-11-20 06:05:00,6700,54490,54400,54420,54450,54500,54420,54440,54470,54495,54410,54430,54460
2025-11-20 06:10:00,6200,54550,54440,54450,54450,54560,54460,54470,54480,54555,54450,54460,54465
2025-11-20 06:15:00,10000,54450,54350,54450,54360,54480,54360,54480,54380,54465,54355,54465,54370
2025-11-20 06:20:00,13900,54390,54320,54360,54350,54420,54340,54380,54380,54405,54335,54370,54365
2025-11-20 06:25:00,,56300,54610,56240,54610,56310,54620,56250,54620,56305,54615,56245,54615
2025-11-20 06:30:00,278000,54380,54380,54380,54380,54620,54620,54620,54620,54500,54500,54500,54500
2025-11-21 00:00:00,141000,54380,53210,53210,54150,54400,53210,53220,54210,54385,53210,53215,54180
2025-11-21 00:05:00,34900,54400,54100,54150,54230,54450,54130,54210,54260,54420,54120,54180,54245
2025-11-21 00:10:00,32700,54510,54160,54230,54220,54540,54180,54260,54260,54525,54170,54245,54240
2025-11-21 00:15:00,30200,54780,54220,54220,54750,54800,54250,54260,54790,54790,54240,54240,54770
2025-11-21 00:20:00,18700,54800,54330,54760,54450,54820,54370,54790,54490,54810,54350,54775,54470
2025-11-21 00:25:00,9100,54510,54380,54460,54400,54530,54410,54490,54430,54520,54395,54475,54415
2025-11-21 00:30:00,16500,54470,54270,54410,54460,54500,54300,54430,54490,54485,54285,54420,54475
2025-11-21 00:35:00,6400,54520,54380,54450,54390,54530,54410,54490,54420,54525,54395,54470,54405
2025-11-21 00:40:00,11100,54400,54230,54390,54250,54430,54260,54420,54290,54410,54245,54405,54270
2025-11-21 00:45:00,11000,54500,54250,54250,54410,54510,54280,54290,54450,54505,54265,54270,54430
2025-11-21 00:50:00,10200,54570,54400,54410,54470,54590,54440,54450,54510,54580,54420,54430,54490
2025-11-21 00:55:00,6900,54520,54340,54470,54380,54530,54360,54510,54400,54525,54350,54490,54390
2025-11-21 01:00:00,8800,54410,54300,54380,54380,54420,54310,54400,54410,54415,54305,54390,54395
2025-11-21 01:05:00,4800,54510,54350,54380,54450,54520,54380,54410,54480,54515,54370,54395,54465
2025-11-21 01:10:00,3200,54480,54380,54450,54460,54500,54410,54480,54490,54490,54395,54465,54475
2025-11-21 01:15:00,10700,54680,54450,54460,54670,54690,54480,54490,54690,54685,54465,54475,54680
2025-11-21 01:20:00,17200,54960,54680,54680,54880,54980,54690,54690,54900,54970,54685,54685,54890
2025-11-21 01:25:00,14800,54970,54870,54880,54900,54990,54900,54910,54930,54980,54885,54895,54915
2025-11-21 01:30:00,12200,54970,54870,54900,54940,55000,54900,54930,54970,54985,54890,54915,54955
2025-11-21 01:35:00,16900,55090,54760,54940,55090,55120,54780,54970,55120,55105,54770,54955,55105
2025-11-21 01:40:00,9500,55090,54910,55090,54910,55120,54930,55120,54940,55105,54920,55105,54925
2025-11-21 01:45:00,6900,54950,54850,54910,54910,54980,54870,54940,54950,54965,54860,54925,54930
2025-11-21 01:50:00,4900,54970,54830,54910,54890,54980,54860,54950,54920,54975,54850,54930,54905
2025-11-21 01:55:00,6800,54910,54780,54880,54840,54930,54800,54920,54860,54915,54795,54900,54850
2025-11-21 02:00:00,5200,54900,54810,54830,54870,54920,54840,54860,54900,54910,54825,54845,54885
2025-11-21 02:05:00,9700,54950,54820,54870,54850,54960,54860,54900,54870,54955,54840,54885,54860
2025-11-21 02:10:00,6700,54880,54760,54850,54770,54900,54770,54870,54800,54890,54765,54860,54785
2025-11-21 02:15:00,4500,54890,54770,54770,54850,54900,54800,54800,54890,54895,54785,54785,54870
2025-11-21 02:20:00,6400,54860,54670,54850,54790,54890,54700,54880,54820,54870,54685,54865,54805
2025-11-21 02:25:00,3200,54880,54770,54790,54780,54890,54800,54820,54830,54885,54785,54805,54805
2025-11-21 02:30:00,5300,54770,54770,54770,54770,54830,54830,54830,54830,54800,54800,54800,54800
2025-11-21 03:30:00,32000,54980,54780,54830,54860,55050,54800,54920,54890,55015,54790,54875,54875
2025-11-21 03:35:00,22400,55070,54810,54860,54890,55090,54830,54890,54920,55080,54820,54875,54905
2025-11-21 03:40:00,12700,54960,54720,54890,54950,54980,54750,54920,54970,54965,54740,54905,54960
2025-11-21 03:45:00,12900,54990,54910,54940,54930,55010,54940,54970,54960,55000,54930,54955,54945
2025-11-21 03:50:00,11400,54950,54770,54930,54810,54960,54780,54960,54840,54955,54775,54945,54825
2025-11-21 03:55:00,7500,54820,54670,54810,54760,54840,54710,54840,54790,54830,54690,54825,54775
2025-11-21 04:00:00,7000,54760,54630,54760,54630,54790,54650,54790,54660,54775,54640,54775,54645
2025-11-21 04:05:00,7700,54760,54610,54630,54720,54780,54630,54660,54760,54770,54620,54645,54740
2025-11-21 04:10:00,4900,54810,54700,54720,54720,54830,54730,54760,54750,54820,54715,54740,54735
2025-11-21 04:15:00,9100,54720,54630,54720,54720,54750,54660,54750,54750,54735,54650,54735,54735
2025-11-21 04:20:00,4200,54780,54700,54720,54740,54790,54740,54750,54770,54785,54720,54735,54755
2025-11-21 04:25:00,11400,54880,54700,54740,54870,54900,54720,54770,54900,54890,54710,54755,54885
2025-11-21 04:30:00,7400,54910,54730,54870,54810,54930,54750,54900,54830,54920,54745,54885,54820
2025-11-21 04:35:00,4100,54800,54720,54800,54720,54830,54740,54830,54750,54815,54730,54815,54735
2025-11-21 04:40:00,5300,54740,54620,54720,54620,54770,54640,54750,54640,54750,54630,54735,54630
2025-11-21 04:45:00,8900,54660,54550,54620,54590,54670,54570,54640,54610,54665,54560,54630,54600
2025-11-21 04:50:00,9000,54630,54510,54590,54620,54650,54520,54610,54640,54640,54515,54600,54630
2025-11-21 04:55:00,9700,54890,54620,54620,54880,54900,54640,54640,54900,54895,54630,54630,54890
2025-11-21 05:00:00,6300,54930,54850,54880,54870,54940,54880,54900,54900,54935,54865,54890,54885
2025-11-21 05:05:00,5000,54900,54830,54870,54830,54930,54840,54900,54870,54915,54835,54885,54850
2025-11-21 05:10:00,8500,54910,54810,54830,54820,54930,54830,54870,54840,54920,54820,54850,54830
2025-11-21 05:15:00,6100,54920,54810,54820,54880,54930,54830,54840,54900,54925,54820,54830,54890
2025-11-21 05:20:00,6800,54930,54880,54880,54930,54950,54900,54900,54950,54940,54890,54890,54940
2025-11-21 05:25:00,5900,54930,54820,54930,54830,54950,54840,54950,54850,54940,54830,54940,54840
2025-11-21 05:30:00,6000,54860,54770,54830,54780,54880,54790,54850,54790,54870,54780,54840,54785
2025-11-21 05:35:00,8200,54780,54620,54780,54690,54800,54650,54790,54700,54790,54635,54785,54695
2025-11-21 05:40:00,6700,54690,54580,54690,54640,54710,54600,54700,54660,54700,54590,54695,54650
2025-11-21 05:45:00,6100,54720,54620,54640,54690,54740,54640,54660,54720,54730,54630,54650,54705
2025-11-21 05:50:00,4400,54740,54670,54690,54690,54750,54700,54720,54720,54745,54685,54705,54705
2025-11-21 05:55:00,7600,54790,54690,54690,54780,54800,54710,54720,54790,54795,54700,54705,54785
2025-11-21 06:00:00,11400,54890,54740,54780,54850,54900,54770,54790,54880,54895,54755,54785,54865
2025-11-21 06:05:00,8700,54890,54760,54850,54790,54910,54780,54880,54820,54900,54775,54865,54805
2025-11-21 06:10:00,11100,54880,54790,54790,54860,54890,54810,54820,54870,54885,54800,54805,54865
2025-11-21 06:15:00,12400,54920,54860,54860,54880,54930,54870,54870,54900,54925,54865,54865,54890
2025-11-21 06:20:00,21100,55040,54870,54880,54990,55050,54890,54900,55010,55045,54880,54890,55000
2025-11-21 06:25:00,,56140,53070,56140,54800,56140,53080,56140,54810,56140,53075,56140,54805
2025-11-21 06:30:00,465700,54790,54790,54790,54790,54940,54940,54940,54940,54865,54865,54865,54865
2025-11-25 00:00:00,126200,56240,55160,56240,55230,56250,55190,56250,55250,56245,55175,56245,55240
2025-11-25 00:05:00,35800,55300,54900,55230,54950,55350,54930,55250,54980,55305,54915,55240,54965
2025-11-25 00:10:00,23800,55190,54920,54950,55170,55230,54940,54980,55200,55210,54930,54965,55185
2025-11-25 00:15:00,15800,55190,54930,55170,55030,55200,54980,55200,55060,55195,54955,55185,55045
2025-11-25 00:20:00,29600,55090,54700,55030,54830,55130,54720,55060,54860,55110,54710,55045,54845
2025-11-25 00:25:00,18000,54940,54710,54830,54930,54960,54720,54860,54960,54950,54715,54845,54945
2025-11-25 00:30:00,17100,55090,54920,54930,55020,55100,54960,54960,55050,55095,54940,54945,55035
2025-11-25 00:35:00,11800,55110,54990,55020,55090,55140,55000,55050,55120,55125,54995,55035,55105
2025-11-25 00:40:00,10600,55110,54980,55090,54990,55130,55010,55120,55010,55120,54995,55105,55000
2025-11-25 00:45:00,10200,55050,54910,54990,54970,55100,54930,55010,55000,55075,54920,55000,54985
2025-11-25 00:50:00,16800,55120,54770,54970,55100,55140,54780,54990,55120,55130,54775,54980,55110
2025-11-25 00:55:00,6900,55120,55030,55100,55070,55140,55050,55120,55080,55130,55040,55110,55075
2025-11-25 01:00:00,8700,55110,54950,55070,55100,55130,54970,55080,55120,55120,54960,55075,55110
2025-11-25 01:05:00,11200,55140,55050,55100,55130,55150,55060,55120,55140,55145,55055,55110,55135
2025-11-25 01:10:00,13600,55380,55120,55130,55370,55400,55140,55150,55400,55390,55130,55140,55385
2025-11-25 01:15:00,15300,55440,55150,55370,55220,55450,55170,55400,55230,55445,55160,55385,55225
2025-11-25 01:20:00,5700,55310,55220,55220,55250,55330,55230,55230,55280,55320,55225,55225,55265
2025-11-25 01:25:00,5800,55370,55220,55250,55280,55380,55250,55280,55310,55375,55235,55265,55295
2025-11-25 01:30:00,8500,55340,55210,55280,55260,55350,55220,55310,55290,55345,55215,55295,55275
2025-11-25 01:35:00,5700,55300,55230,55260,55260,55320,55250,55290,55290,55310,55240,55275,55275
2025-11-25 01:40:00,20100,55590,55220,55260,55550,55600,55240,55290,55570,55595,55230,55275,55560
2025-11-25 01:45:00,9800,55610,55410,55550,55480,55620,55420,55570,55500,55615,55415,55560,55490
2025-11-25 01:50:00,8100,55640,55470,55480,55610,55650,55490,55500,55630,55645,55480,55490,55620
2025-11-25 01:55:00,8400,55690,55590,55610,55600,55700,55610,55630,55620,55695,55600,55620,55610
2025-11-25 02:00:00,12700,55680,55450,55590,55640,55690,55460,55620,55670,55685,55455,55605,55655
2025-11-25 02:05:00,5700,55660,55520,55640,55580,55680,55550,55670,55610,55670,55535,55655,55595
2025-11-25 02:10:00,6600,55640,55540,55580,55560,55660,55570,55610,55600,55650,55555,55595,55580
2025-11-25 02:15:00,11100,55710,55550,55560,55590,55720,55580,55600,55620,55715,55565,55580,55605
2025-11-25 02:20:00,7600,55620,55470,55590,55480,55640,55500,55620,55500,55630,55485,55605,55490
2025-11-25 02:25:00,5900,55480,55370,55480,55380,55520,55400,55510,55410,55500,55385,55495,55395
2025-11-25 02:30:00,5600,,,,,,,,,,,,
2025-11-25 03:30:00,28200,55650,55380,55640,55430,55650,55420,55640,55450,55650,55400,55640,55440
2025-11-25 03:35:00,12800,55630,55420,55430,55600,55650,55440,55450,55630,55640,55430,55440,55615
2025-11-25 03:40:00,17400,55730,55590,55600,55690,55740,55620,55630,55700,55735,55610,55615,55695
2025-11-25 03:45:00,11600,55710,55640,55690,55680,55720,55660,55700,55710,55715,55655,55695,55695
2025-11-25 03:50:00,12500,55750,55620,55680,55730,55760,55640,55710,55760,55755,55630,55695,55745
2025-11-25 03:55:00,14200,55810,55690,55730,55810,55830,55720,55760,55830,55820,55705,55745,55820
2025-11-25 04:00:00,20600,55930,55800,55820,55870,55950,55830,55830,55890,55935,55815,55825,55880
2025-11-25 04:05:00,9900,55890,55770,55870,55770,55910,55790,55890,55800,55900,55780,55880,55785
2025-11-25 04:10:00,21100,55770,55590,55770,55670,55800,55610,55800,55690,55785,55600,55785,55680
2025-11-25 04:15:00,8200,55770,55660,55660,55660,55780,55690,55690,55690,55775,55675,55675,55675
2025-11-25 04:20:00,9600,55690,55560,55660,55650,55710,55580,55690,55670,55700,55570,55675,55660
2025-11-25 04:25:00,5500,55690,55620,55640,55680,55710,55650,55670,55700,55700,55635,55655,55690
2025-11-25 04:30:00,9300,55780,55660,55670,55750,55800,55690,55700,55770,55790,55675,55685,55760
2025-11-25 04:35:00,3900,55760,55710,55760,55760,55790,55720,55770,55770,55775,55715,55765,55765
2025-11-25 04:40:00,7200,55780,55620,55760,55630,55800,55640,55780,55660,55790,55630,55770,55645
2025-11-25 04:45:00,5000,55700,55630,55630,55680,55720,55660,55660,55710,55710,55645,55645,55695
2025-11-25 04:50:00,5400,55700,55630,55680,55690,55720,55660,55700,55710,55705,55645,55690,55700
2025-11-25 04:55:00,5200,55730,55670,55690,55710,55740,55680,55710,55730,55735,55675,55700,55720
2025-11-25 05:00:00,5600,55740,55650,55710,55710,55750,55670,55730,55730,55745,55660,55720,55720
2025-11-25 05:05:00,4900,55720,55680,55710,55690,55740,55700,55730,55720,55730,55690,55720,55705
2025-11-25 05:10:00,4600,55730,55680,55690,55720,55740,55690,55720,55730,55735,55685,55705,55725
2025-11-25 05:15:00,7600,55750,55700,55720,55720,55760,55720,55730,55740,55755,55710,55725,55730
2025-11-25 05:20:00,8700,55780,55690,55720,55740,55790,55720,55740,55760,55785,55705,55730,55750
2025-11-25 05:25:00,3400,55760,55720,55740,55760,55780,55750,55760,55770,55770,55735,55750,55765
2025-11-25 05:30:00,11100,55880,55760,55760,55840,55890,55770,55770,55850,55885,55765,55765,55845
2025-11-25 05:35:00,9500,55860,55700,55840,55740,55870,55760,55850,55770,55865,55735,55845,55755
2025-11-25 05:40:00,5100,55770,55720,55740,55720,55780,55740,55770,55750,55775,55730,55755,55735
2025-11-25 05:45:00,5100,55760,55690,55720,55740,55780,55710,55750,55770,55770,55700,55735,55755
2025-11-25 05:50:00,9800,55740,55640,55740,55640,55760,55670,55760,55670,55750,55655,55750,55655
2025-11-25 05:55:00,7700,55710,55640,55640,55660,55720,55660,55670,55690,55715,55650,55655,55675
2025-11-25 06:00:00,7600,55790,55650,55670,55780,55810,55670,55690,55800,55800,55660,55680,55790
2025-11-25 06:05:00,7600,55820,55780,55780,55820,55840,55800,55800,55840,55830,55790,55790,55830
2025-11-25 06:10:00,9300,55830,55740,55820,55760,55850,55770,55840,55780,55840,55755,55830,55770
2025-11-25 06:15:00,11800,55820,55750,55760,55800,55830,55760,55780,55830,55825,55755,55770,55815
2025-11-25 06:20:00,25700,55860,55780,55800,55830,55900,55810,55830,55900,55870,55795,55815,55865
2025-11-25 06:25:00,,57340,52880,53660,55980,57350,52890,53670,55990,57345,52885,53665,55985
2025-11-25 06:30:00,287500,55920,55920,55920,55920,55990,55990,55990,55990,55955,55955,55955,55955
2025-11-26 00:00:00,67100,55940,55510,55810,55510,55990,55530,55820,55530,55965,55520,55815,55520
2025-11-26 00:05:00,26100,55970,55500,55510,55870,55980,55520,55530,55910,55975,55510,55520,55890
2025-11-26 00:10:00,24100,56020,55800,55870,55830,56060,55820,55910,55850,56035,55810,55890,55840
2025-11-26 00:15:00,11600,55890,55760,55820,55760,55900,55770,55850,55800,55895,55765,55835,55780
2025-11-26 00:20:00,9700,55930,55760,55770,55900,55940,55790,55800,55920,55935,55775,55785,55910
2025-11-26 00:25:00,6500,55970,55850,55900,55850,55980,55860,55920,55880,55975,55855,55910,55865
2025-11-26 00:30:00,11900,56010,55780,55850,55960,56030,55800,55880,55980,56020,55790,55865,55970
2025-11-26 00:35:00,4600,55980,55920,55960,55960,56000,55950,55980,55990,55990,55935,55970,55975
2025-11-26 00:40:00,12100,56100,55900,55960,56100,56120,55910,55990,56120,56110,55905,55975,56110
2025-11-26 00:45:00,17500,56270,56070,56100,56270,56300,56080,56120,56300,56285,56075,56110,56285
2025-11-26 00:50:00,18200,56520,56260,56270,56400,56540,56290,56300,56420,56530,56275,56285,56410
2025-11-26 00:55:00,8600,56400,56230,56400,56240,56420,56250,56420,56280,56410,56240,56410,56260
2025-11-26 01:00:00,8100,56360,56200,56250,56350,56390,56220,56280,56380,56375,56210,56265,56365
2025-11-26 01:05:00,5600,56420,56280,56350,56420,56450,56300,56380,56450,56435,56290,56365,56435
2025-11-26 01:10:00,28400,56580,56410,56420,56480,56620,56430,56450,56520,56585,56420,56435,56500
2025-11-26 01:15:00,9300,56630,56470,56490,56580,56650,56500,56520,56600,56640,56485,56505,56590
2025-11-26 01:20:00,9500,56600,56450,56580,56580,56630,56460,56600,56600,56615,56455,56590,56590
2025-11-26 01:25:00,9100,56670,56560,56580,56580,56700,56580,56590,56600,56685,56570,56585,56590
2025-11-26 01:30:00,27200,56660,56400,56580,56420,56670,56450,56600,56460,56665,56425,56590,56440
2025-11-26 01:35:00,14200,56490,56310,56420,56420,56510,56370,56460,56460,56500,56340,56440,56440
2025-11-26 01:40:00,10900,56680,56420,56420,56640,56700,56440,56460,56680,56690,56430,56440,56660
2025-11-26 01:45:00,5500,56650,56550,56640,56580,56680,56590,56680,56610,56665,56570,56660,56595
2025-11-26 01:50:00,6100,56640,56530,56580,56580,56650,56550,56610,56610,56645,56540,56595,56595
2025-11-26 01:55:00,3800,56630,56540,56580,56550,56640,56570,56610,56570,56635,56555,56595,56560
2025-11-26 02:00:00,6300,56670,56520,56550,56650,56690,56550,56570,56670,56680,56535,56560,56660
2025-11-26 02:05:00,11000,56740,56580,56650,56720,56750,56610,56670,56750,56745,56595,56660,56735
2025-11-26 02:10:00,7100,56770,56650,56720,56690,56780,56680,56750,56730,56775,56665,56735,56710
2025-11-26 02:15:00,5500,56750,56660,56690,56730,56770,56680,56720,56750,56760,56670,56705,56740
2025-11-26 02:20:00,6400,56760,56650,56730,56720,56790,56670,56750,56750,56775,56660,56740,56735
2025-11-26 02:25:00,3500,56730,56650,56710,56670,56760,56670,56750,56730,56745,56665,56730,56700
2025-11-26 02:30:00,5800,56670,56670,56670,56670,56730,56730,56730,56730,56700,56700,56700,56700
2025-11-26 03:30:00,34400,56930,56700,56790,56900,56940,56790,56800,56920,56935,56750,56795,56910
2025-11-26 03:35:00,36500,57190,56900,56910,57170,57200,56920,56920,57190,57195,56910,56915,57180
2025-11-26 03:40:00,12800,57200,57050,57170,57050,57230,57070,57190,57070,57215,57060,57180,57060
2025-11-26 03:45:00,13300,57070,56960,57050,57030,57100,56970,57070,57040,57085,56965,57060,57035
2025-11-26 03:50:00,7600,57030,56910,57030,56920,57040,56920,57040,56940,57035,56915,57035,56930
2025-11-26 03:55:00,5900,56970,56910,56920,56960,56990,56930,56940,56970,56975,56920,56930,56965
2025-11-26 04:00:00,6300,57000,56940,56960,56980,57010,56960,56970,57000,57005,56950,56965,56990
2025-11-26 04:05:00,5600,56990,56890,56980,56910,57010,56900,57000,56930,57000,56895,56990,56920
2025-11-26 04:10:00,7300,56970,56870,56910,56960,56990,56880,56930,56990,56980,56875,56920,56975
2025-11-26 04:15:00,6900,56980,56840,56960,56910,56990,56850,56990,56930,56985,56845,56975,56920
2025-11-26 04:20:00,4500,56990,56890,56910,56950,57000,56920,56930,56970,56995,56905,56920,56960
2025-11-26 04:25:00,7800,57010,56940,56950,56970,57020,56960,56970,56990,57015,56950,56960,56980
2025-11-26 04:30:00,8000,57030,56930,56970,56990,57040,56940,56990,57010,57035,56935,56980,57000
2025-11-26 04:35:00,5200,56990,56890,56990,56890,57010,56900,57010,56910,57000,56895,57000,56900
2025-11-26 04:40:00,3300,56910,56890,56890,56900,56940,56900,56910,56920,56925,56895,56900,56910
2025-11-26 04:45:00,4900,56950,56890,56900,56940,56970,56910,56920,56960,56955,56900,56910,56950
2025-11-26 04:50:00,8700,57030,56940,56940,57020,57040,56960,56960,57030,57035,56950,56950,57025
2025-11-26 04:55:00,4600,57030,56940,57020,56950,57040,56960,57030,56970,57035,56950,57025,56960
2025-11-26 05:00:00,4200,56990,56940,56950,56940,57010,56950,56970,56960,57000,56945,56960,56950
2025-11-26 05:05:00,5800,57020,56940,56940,56990,57030,56950,56960,57010,57025,56945,56950,57000
2025-11-26 05:10:00,5700,57020,56950,56990,56960,57040,56980,57010,56990,57030,56965,57000,56975
2025-11-26 05:15:00,4500,56970,56920,56960,56930,56990,56930,56990,56950,56980,56925,56975,56940
2025-11-26 05:20:00,8800,57010,56910,56940,56960,57020,56930,56950,56990,57015,56920,56945,56975
2025-11-26 05:25:00,3900,57000,56960,56960,56990,57020,56990,56990,57010,57010,56975,56975,57000
2025-11-26 05:30:00,4900,57020,56970,56990,57000,57030,57000,57000,57020,57025,56985,56995,57010
2025-11-26 05:35:00,4000,57010,56970,57000,56980,57030,56980,57020,57000,57020,56975,57010,56990
2025-11-26 05:40:00,2800,57000,56970,56980,56980,57010,56990,57000,57000,57005,56980,56990,56990
2025-11-26 05:45:00,5000,56990,56940,56980,56940,57010,56950,56990,56960,57000,56945,56985,56950
2025-11-26 05:50:00,4300,56950,56910,56940,56950,56980,56920,56960,56970,56965,56915,56950,56960
2025-11-26 05:55:00,5400,56970,56930,56950,56930,56980,56950,56970,56950,56975,56940,56960,56940
2025-11-26 06:00:00,13500,56970,56800,56930,56800,56980,56810,56950,56830,56975,56805,56940,56815
2025-11-26 06:05:00,9300,56840,56760,56810,56840,56860,56780,56830,56860,56850,56770,56820,56850
2025-11-26 06:10:00,7000,56890,56840,56840,56880,56910,56860,56860,56900,56900,56850,56850,56890
2025-11-26 06:15:00,6200,56910,56840,56880,56860,56920,56850,56900,56870,56915,56845,56890,56865
2025-11-26 06:20:00,14400,56890,56800,56860,56870,56900,56810,56870,56900,56895,56805,56865,56885
2025-11-26 06:25:00,,58600,55760,56640,56980,58610,55770,56650,56990,58605,55765,56645,56985
2025-11-26 06:30:00,251600,56980,56980,56980,56980,56990,56990,56990,56990,56985,56985,56985,56985
2025-11-27 00:00:00,83500,57280,56740,57040,57030,57350,56780,57050,57070,57315,56770,57045,57050
2025-11-27 00:05:00,15300,57040,56920,57030,56970,57070,56930,57070,57000,57055,56925,57050,56985
2025-11-27 00:10:00,12100,57040,56800,56970,56860,57070,56830,57000,56890,57055,56815,56985,56875
2025-11-27 00:15:00,10400,56970,56840,56860,56870,56990,56850,56890,56900,56975,56845,56875,56885
2025-11-27 00:20:00,7200,56940,56820,56870,56820,56960,56840,56900,56840,56950,56830,56885,56830
2025-11-27 00:25:00,7100,56920,56820,56820,56870,56950,56850,56850,56890,56935,56835,56835,56880
2025-11-27 00:30:00,6400,56940,56860,56870,56920,56960,56880,56890,56960,56950,56870,56880,56940
2025-11-27 00:35:00,8600,57010,56910,56920,56910,57030,56920,56960,56940,57015,56915,56940,56925
2025-11-27 00:40:00,4200,56960,56880,56910,56950,56970,56900,56940,56970,56965,56890,56925,56960
2025-11-27 00:45:00,16500,57190,56950,56950,57150,57200,56970,56970,57180,57195,56960,56960,57165
2025-11-27 00:50:00,10500,57200,57050,57150,57070,57210,57090,57180,57100,57205,57070,57165,57085
2025-11-27 00:55:00,4500,57070,57020,57070,57040,57100,57040,57100,57060,57085,57035,57085,57050
2025-11-27 01:00:00,6000,57080,56990,57040,57050,57100,57010,57060,57060,57090,57000,57050,57055
2025-11-27 01:05:00,5200,57070,57000,57050,57010,57100,57010,57060,57040,57085,57005,57055,57025
2025-11-27 01:10:00,3800,57090,56990,57010,56990,57100,57000,57040,57000,57095,56995,57025,56995
2025-11-27 01:15:00,7500,57060,56930,56980,57030,57090,56960,57000,57060,57075,56945,56990,57045
2025-11-27 01:20:00,3300,57080,56980,57030,57050,57100,57010,57060,57070,57090,56995,57045,57060
2025-11-27 01:25:00,1700,57080,57000,57050,57060,57090,57030,57070,57080,57085,57015,57060,57070
2025-11-27 01:30:00,2400,57080,57030,57060,57080,57100,57060,57080,57100,57090,57045,57070,57090
2025-11-27 01:35:00,6100,57170,57060,57080,57170,57190,57090,57100,57190,57180,57075,57090,57180
2025-11-27 01:40:00,4000,57180,57110,57170,57130,57200,57130,57190,57150,57190,57120,57180,57140
2025-11-27 01:45:00,2900,57150,57050,57130,57050,57160,57070,57150,57090,57155,57060,57140,57070
2025-11-27 01:50:00,2700,57090,57010,57050,57080,57130,57030,57090,57110,57110,57020,57070,57095
2025-11-27 01:55:00,3200,57110,57000,57080,57050,57130,57030,57120,57080,57120,57015,57100,57065
2025-11-27 02:00:00,3800,57060,56960,57050,56960,57100,56980,57080,56990,57080,56970,57065,56975
2025-11-27 02:05:00,6400,57000,56920,56960,56950,57030,56940,56990,56970,57015,56930,56975,56960
2025-11-27 02:10:00,2500,56950,56910,56950,56910,56970,56920,56970,56920,56960,56915,56960,56915
2025-11-27 02:15:00,4500,56940,56880,56910,56910,56960,56900,56920,56930,56950,56890,56915,56920
2025-11-27 02:20:00,2800,57000,56910,56910,56960,57010,56930,56930,56980,57005,56920,56920,56970
2025-11-27 02:25:00,3300,56990,56950,56960,56980,57010,56970,56980,57010,57000,56960,56970,56995
2025-11-27 02:30:00,5700,56980,56980,56980,56980,57030,57030,57030,57030,57005,57005,57005,57005
2025-11-27 03:30:00,25900,56940,56760,56880,56820,56980,56770,56890,56840,56960,56765,56885,56830
2025-11-27 03:35:00,4600,56850,56780,56820,56850,56880,56800,56840,56880,56865,56790,56830,56865
2025-11-27 03:40:00,1800,56870,56830,56850,56830,56890,56840,56880,56860,56875,56835,56865,56845
2025-11-27 03:45:00,4300,56840,56750,56830,56790,56860,56760,56860,56810,56850,56755,56845,56800
2025-11-27 03:50:00,5200,56850,56780,56790,56820,56870,56810,56810,56840,56860,56795,56800,56830
2025-11-27 03:55:00,6700,56850,56800,56820,56850,56870,56820,56840,56870,56860,56815,56830,56860
2025-11-27 04:00:00,3500,56880,56800,56850,56800,56890,56820,56870,56830,56885,56810,56860,56815
2025-11-27 04:05:00,3500,56880,56800,56800,56880,56900,56830,56840,56890,56890,56815,56820,56885
2025-11-27 04:10:00,3800,56890,56830,56880,56850,56900,56850,56890,56870,56895,56840,56885,56860
2025-11-27 04:15:00,900,56850,56820,56850,56820,56870,56830,56870,56840,56860,56825,56860,56830
2025-11-27 04:20:00,3300,56880,56820,56820,56860,56900,56840,56840,56880,56890,56830,56830,56870
2025-11-27 04:25:00,900,56880,56860,56860,56870,56900,56870,56880,56890,56890,56865,56870,56880
2025-11-27 04:30:00,1200,56880,56850,56870,56860,56900,56870,56890,56880,56890,56860,56880,56870
2025-11-27 04:35:00,2400,56900,56850,56860,56900,56920,56870,56880,56920,56910,56860,56870,56910
2025-11-27 04:40:00,1800,56910,56890,56900,56910,56930,56900,56910,56930,56920,56895,56905,56920
2025-11-27 04:45:00,7800,56970,56900,56910,56950,56990,56920,56930,56970,56980,56910,56920,56960
2025-11-27 04:50:00,2100,56980,56940,56950,56960,57000,56960,56980,56970,56990,56950,56965,56965
2025-11-27 04:55:00,1100,56970,56950,56960,56970,56990,56970,56970,56990,56980,56960,56965,56980
2025-11-27 05:00:00,5100,57020,56970,56970,57000,57040,56980,56990,57010,57030,56975,56980,57005
2025-11-27 05:05:00,2900,57010,56960,57000,56980,57040,56980,57010,57000,57025,56970,57005,56990
2025-11-27 05:10:00,2100,57030,56980,56980,57000,57040,57000,57000,57010,57035,56990,56990,57005
2025-11-27 05:15:00,1800,57000,56960,57000,56970,57010,56980,57010,56980,57005,56975,57005,56975
2025-11-27 05:20:00,2700,57000,56930,56970,56970,57010,56950,56980,56990,57005,56945,56975,56980
2025-11-27 05:25:00,5500,57050,56970,56970,57000,57070,56980,56990,57010,57060,56975,56980,57005
2025-11-27 05:30:00,3000,57020,56980,57000,57020,57030,57000,57010,57030,57025,56990,57005,57025
2025-11-27 05:35:00,3700,57070,57010,57020,57060,57090,57020,57030,57070,57080,57015,57025,57065
2025-11-27 05:40:00,3100,57090,57030,57060,57030,57110,57040,57070,57040,57100,57035,57065,57035
2025-11-27 05:45:00,3200,57080,57030,57030,57050,57090,57040,57040,57070,57085,57035,57035,57060
2025-11-27 05:50:00,2600,57050,57010,57050,57010,57070,57030,57070,57030,57060,57020,57060,57020
2025-11-27 05:55:00,2500,57040,57010,57010,57030,57060,57020,57030,57050,57050,57015,57020,57040
2025-11-27 06:00:00,3300,57060,57020,57030,57040,57070,57040,57050,57060,57065,57035,57040,57050
2025-11-27 06:05:00,3200,57050,57020,57040,57050,57070,57030,57060,57070,57060,57025,57050,57060
2025-11-27 06:10:00,5500,57080,57010,57050,57020,57090,57030,57070,57040,57085,57025,57060,57030
2025-11-27 06:15:00,6300,57080,57000,57030,57050,57100,57030,57040,57060,57090,57015,57035,57055
2025-11-27 06:20:00,6300,57090,57040,57050,57080,57100,57060,57060,57100,57095,57050,57055,57090
2025-11-27 06:25:00,,57320,56880,56950,57260,57330,56890,56960,57270,57325,56885,56955,57265
2025-11-27 06:30:00,103400,57100,57100,57100,57100,57270,57270,57270,57270,57185,57185,57185,57185
2025-11-28 00:00:00,37900,57250,56950,57000,57000,57260,56990,57010,57040,57255,56970,57005,57020
2025-11-28 00:05:00,11500,57060,56920,57000,56930,57090,56940,57040,56960,57075,56930,57020,56945
2025-11-28 00:10:00,9400,57100,56930,56930,56960,57110,56940,56960,56990,57105,56935,56945,56975
2025-11-28 00:15:00,6700,57090,56960,56960,57080,57110,56990,56990,57110,57100,56975,56975,57095
2025-11-28 00:20:00,8900,57140,57060,57080,57060,57150,57080,57110,57090,57145,57070,57095,57075
2025-11-28 00:25:00,6200,57100,57000,57060,57080,57110,57010,57090,57110,57105,57005,57075,57095
2025-11-28 00:30:00,3600,57110,57040,57080,57050,57130,57060,57110,57080,57120,57055,57095,57065
2025-11-28 00:35:00,5500,57130,57050,57060,57120,57150,57070,57080,57140,57140,57060,57070,57130
2025-11-28 00:40:00,3000,57130,57080,57120,57100,57140,57100,57140,57120,57135,57090,57130,57110
2025-11-28 00:45:00,3700,57100,57050,57100,57080,57130,57060,57120,57100,57115,57055,57110,57090
2025-11-28 00:50:00,3100,57100,57040,57080,57070,57120,57050,57100,57090,57110,57045,57090,57080
2025-11-28 00:55:00,6900,57110,57010,57070,57050,57130,57020,57090,57060,57120,57015,57080,57055
2025-11-28 01:00:00,17800,57050,56820,57050,56830,57070,56830,57070,56850,57060,56825,57060,56840
2025-11-28 01:05:00,4300,56930,56830,56830,56890,56940,56850,56850,56910,56935,56840,56840,56900
2025-11-28 01:10:00,3900,56920,56870,56890,56910,56950,56880,56910,56930,56935,56875,56900,56920
2025-11-28 01:15:00,3900,56970,56880,56910,56890,56990,56900,56930,56910,56980,56890,56920,56900
2025-11-28 01:20:00,3600,56930,56860,56890,56890,56950,56890,56910,56920,56940,56875,56900,56905
2025-11-28 01:25:00,2500,56930,56860,56890,56870,56950,56890,56920,56890,56935,56875,56905,56880
2025-11-28 01:30:00,13800,56870,56700,56870,56710,56890,56710,56890,56740,56880,56705,56880,56725
2025-11-28 01:35:00,12100,56720,56620,56710,56620,56750,56640,56740,56640,56735,56630,56725,56630
2025-11-28 01:40:00,4700,56710,56600,56620,56690,56720,56620,56640,56710,56715,56615,56630,56700
2025-11-28 01:45:00,2800,56700,56630,56690,56670,56720,56650,56710,56690,56710,56645,56700,56680
2025-11-28 01:50:00,4200,56680,56620,56670,56650,56700,56630,56690,56690,56685,56625,56680,56670
2025-11-28 01:55:00,2000,56670,56620,56660,56620,56690,56630,56690,56640,56680,56625,56675,56630
2025-11-28 02:00:00,3200,56680,56620,56620,56650,56690,56640,56640,56670,56685,56630,56630,56660
2025-11-28 02:05:00,3500,56740,56650,56650,56740,56770,56670,56670,56770,56755,56660,56660,56755
2025-11-28 02:10:00,3400,56770,56720,56740,56720,56790,56730,56770,56740,56780,56725,56755,56730
2025-11-28 02:15:00,3600,56750,56690,56720,56710,56770,56710,56740,56740,56755,56700,56730,56725
2025-11-28 02:20:00,3400,56760,56690,56710,56740,56780,56710,56740,56780,56770,56700,56725,56760
2025-11-28 02:25:00,4200,56830,56720,56750,56810,56850,56750,56780,56850,56840,56735,56765,56830
2025-11-28 02:30:00,2900,56800,56800,56800,56800,56850,56850,56850,56850,56825,56825,56825,56825
2025-11-28 03:30:00,15900,56780,56670,56760,56700,56830,56690,56830,56720,56800,56680,56795,56710
2025-11-28 03:35:00,5500,56720,56660,56700,56690,56730,56680,56720,56710,56725,56670,56710,56700
2025-11-28 03:40:00,3700,56770,56690,56690,56760,56780,56710,56710,56780,56775,56700,56700,56770
2025-11-28 03:45:00,2500,56800,56740,56760,56790,56820,56760,56780,56810,56810,56750,56770,56800
2025-11-28 03:50:00,3800,56820,56790,56790,56800,56840,56800,56810,56820,56830,56795,56800,56810
2025-11-28 03:55:00,3300,56830,56790,56800,56810,56840,56800,56820,56830,56835,56795,56810,56820
2025-11-28 04:00:00,8000,56950,56810,56810,56930,56960,56830,56830,56950,56955,56820,56820,56940
2025-11-28 04:05:00,4700,56940,56870,56930,56880,56960,56890,56950,56890,56950,56880,56940,56885
2025-11-28 04:10:00,4400,56890,56830,56880,56830,56900,56840,56890,56850,56895,56835,56885,56840
2025-11-28 04:15:00,2100,56830,56790,56830,56820,56850,56810,56850,56840,56840,56800,56840,56830
2025-11-28 04:20:00,2600,56830,56750,56810,56770,56840,56770,56840,56790,56835,56760,56825,56780
2025-11-28 04:25:00,3600,56850,56770,56770,56840,56870,56780,56790,56860,56855,56775,56780,56850
2025-11-28 04:30:00,3700,56840,56780,56840,56820,56860,56790,56860,56830,56850,56785,56850,56825
2025-11-28 04:35:00,4100,56860,56790,56820,56850,56870,56810,56830,56860,56865,56800,56825,56855
2025-11-28 04:40:00,9200,56990,56850,56850,56920,57000,56860,56860,56940,56995,56855,56855,56930
2025-11-28 04:45:00,4000,56920,56810,56920,56830,56940,56830,56940,56850,56930,56820,56930,56840
2025-11-28 04:50:00,2500,56840,56800,56830,56810,56860,56810,56850,56830,56850,56805,56840,56820
2025-11-28 04:55:00,5100,56900,56810,56810,56860,56920,56830,56830,56870,56910,56820,56820,56865
2025-11-28 05:00:00,3600,56900,56860,56860,56900,56920,56870,56870,56920,56910,56865,56865,56910
2025-11-28 05:05:00,2700,56900,56830,56900,56850,56920,56860,56920,56870,56910,56845,56910,56860
2025-11-28 05:10:00,4600,56940,56850,56850,56920,56950,56870,56870,56940,56945,56860,56860,56930
2025-11-28 05:15:00,2800,56920,56860,56920,56860,56940,56870,56940,56880,56930,56865,56930,56870
2025-11-28 05:20:00,2300,56900,56860,56860,56890,56920,56870,56880,56910,56910,56865,56870,56900
2025-11-28 05:25:00,3800,56930,56890,56890,56930,56950,56900,56910,56950,56940,56895,56900,56940
2025-11-28 05:30:00,4100,56950,56870,56930,56870,56960,56900,56950,56900,56955,56885,56940,56885
2025-11-28 05:35:00,3100,56920,56870,56870,56910,56950,56900,56900,56920,56935,56885,56885,56915
2025-11-28 05:40:00,3000,56920,56860,56910,56860,56930,56870,56920,56880,56925,56865,56915,56870
2025-11-28 05:45:00,2400,56870,56840,56860,56840,56890,56850,56880,56860,56880,56845,56870,56850
2025-11-28 05:50:00,2700,56870,56840,56840,56840,56890,56850,56860,56850,56880,56845,56850,56845
2025-11-28 05:55:00,3600,56870,56820,56840,56850,56880,56830,56850,56870,56875,56825,56845,56860
2025-11-28 06:00:00,4700,56900,56850,56850,56900,56920,56860,56870,56920,56910,56855,56860,56910
2025-11-28 06:05:00,6300,56900,56840,56900,56850,56920,56850,56920,56860,56910,56845,56910,56855
2025-11-28 06:10:00,9600,56860,56800,56850,56860,56880,56820,56860,56870,56870,56810,56855,56865
2025-11-28 06:15:00,8600,56920,56860,56860,56920,56940,56870,56870,56940,56930,56865,56865,56930
2025-11-28 06:20:00,11000,56940,56840,56920,56890,56950,56850,56940,56920,56945,56845,56930,56905
2025-11-28 06:25:00,,58090,57130,57330,57130,58100,57140,57340,57140,58095,57135,57335,57135
2025-11-28 06:30:00,160900,57000,57000,57000,57000,57140,57140,57140,57140,57070,57070,57070,57070
2025-12-01 00:00:00,70100,57170,56470,57170,56520,57180,56500,57180,56550,57175,56485,57175,56535
2025-12-01 00:05:00,16500,56600,56400,56520,56430,56620,56420,56550,56470,56610,56410,56535,56450
2025-12-01 00:10:00,16400,56600,56380,56430,56590,56620,56400,56480,56620,56610,56390,56455,56605
2025-12-01 00:15:00,18100,56840,56560,56590,56710,56850,56600,56620,56740,56845,56585,56605,56725
2025-12-01 00:20:00,15900,56930,56670,56710,56920,56950,56680,56740,56940,56940,56675,56725,56930
2025-12-01 00:25:00,8600,56940,56730,56920,56740,56950,56750,56940,56770,56945,56740,56930,56755
2025-12-01 00:30:00,9000,56760,56650,56740,56650,56790,56660,56770,56680,56770,56655,56755,56665
2025-12-01 00:35:00,7200,56810,56650,56650,56800,56820,56660,56680,56820,56815,56655,56665,56810
2025-12-01 00:40:00,9000,56800,56630,56800,56640,56820,56650,56820,56670,56810,56640,56810,56655
2025-12-01 00:45:00,11200,56640,56530,56640,56620,56670,56540,56670,56640,56655,56535,56655,56630
2025-12-01 00:50:00,9500,56630,56440,56620,56460,56660,56460,56640,56490,56645,56450,56630,56475
2025-12-01 00:55:00,7100,56510,56400,56460,56470,56520,56420,56490,56500,56515,56410,56475,56485
2025-12-01 01:00:00,5400,56530,56410,56470,56530,56550,56430,56500,56550,56540,56420,56485,56540
2025-12-01 01:05:00,15100,56570,56360,56520,56360,56590,56380,56550,56390,56580,56370,56535,56375
2025-12-01 01:10:00,14600,56370,56260,56360,56330,56400,56280,56390,56360,56385,56275,56375,56345
2025-12-01 01:15:00,5500,56450,56300,56330,56400,56480,56320,56360,56420,56465,56310,56345,56410
2025-12-01 01:20:00,5100,56430,56350,56400,56350,56450,56360,56420,56370,56440,56355,56410,56360
2025-12-01 01:25:00,6700,56430,56350,56350,56400,56460,56360,56370,56430,56445,56355,56360,56415
2025-12-01 01:30:00,2700,56490,56370,56400,56450,56500,56400,56430,56480,56495,56385,56415,56465
2025-12-01 01:35:00,3900,56510,56420,56450,56470,56540,56450,56480,56490,56525,56435,56465,56480
2025-12-01 01:40:00,4100,56540,56440,56470,56480,56550,56450,56490,56510,56545,56445,56480,56495
2025-12-01 01:45:00,2400,56520,56470,56480,56500,56540,56480,56510,56530,56530,56475,56495,56515
2025-12-01 01:50:00,4800,56520,56420,56500,56440,56550,56450,56530,56460,56535,56435,56515,56450
2025-12-01 01:55:00,2400,56530,56440,56440,56500,56550,56460,56460,56530,56540,56450,56450,56515
2025-12-01 02:00:00,3000,56510,56410,56500,56410,56530,56430,56530,56430,56520,56420,56515,56420
2025-12-01 02:05:00,8600,56420,56300,56410,56320,56450,56320,56430,56340,56430,56310,56420,56330
2025-12-01 02:10:00,6600,56320,56210,56320,56210,56340,56220,56340,56230,56330,56215,56330,56220
2025-12-01 02:15:00,4300,56240,56200,56210,56200,56260,56210,56230,56220,56250,56205,56220,56210
2025-12-01 02:20:00,3200,56250,56180,56200,56210,56260,56190,56220,56230,56255,56185,56210,56220
2025-12-01 02:25:00,4200,56240,56190,56210,56210,56260,56210,56230,56240,56250,56200,56220,56225
2025-12-01 02:30:00,4300,56210,56210,56210,56210,56250,56250,56250,56250,56230,56230,56230,56230
2025-12-01 03:30:00,23300,56190,56040,56150,56050,56220,56070,56200,56070,56205,56055,56175,56060
2025-12-01 03:35:00,11300,56070,55970,56040,55970,56090,55980,56070,55990,56080,55975,56055,55980
2025-12-01 03:40:00,9900,55990,55910,55970,55910,56010,55920,55980,55930,56000,55915,55975,55920
2025-12-01 03:45:00,7900,56000,55900,55920,55980,56030,55910,55930,56010,56015,55905,55925,55995
2025-12-01 03:50:00,5200,56010,55900,55980,55900,56020,55920,56010,55920,56015,55910,55995,55910
2025-12-01 03:55:00,7500,55930,55880,55900,55920,55950,55890,55920,55940,55940,55885,55910,55930
2025-12-01 04:00:00,4400,55910,55880,55910,55890,55940,55890,55940,55920,55925,55885,55925,55905
2025-12-01 04:05:00,2500,55940,55890,55890,55890,55950,55900,55920,55910,55945,55895,55905,55900
2025-12-01 04:10:00,6100,55910,55860,55890,55880,55920,55870,55910,55910,55915,55865,55900,55895
2025-12-01 04:15:00,5200,55930,55880,55880,55890,55950,55900,55910,55920,55940,55890,55895,55905
2025-12-01 04:20:00,6100,55890,55800,55890,55800,55920,55810,55920,55820,55905,55805,55905,55810
2025-12-01 04:25:00,4500,55900,55800,55810,55890,55920,55810,55820,55920,55910,55805,55815,55905
2025-12-01 04:30:00,5600,55900,55800,55890,55840,55920,55810,55920,55860,55910,55805,55905,55850
2025-12-01 04:35:00,1900,55850,55810,55840,55840,55870,55820,55860,55860,55855,55815,55850,55850
2025-12-01 04:40:00,3900,55870,55800,55840,55810,55880,55820,55860,55830,55875,55810,55850,55820
2025-12-01 04:45:00,4300,55840,55790,55810,55840,55860,55800,55830,55860,55850,55795,55820,55850
2025-12-01 04:50:00,4500,55850,55780,55840,55800,55870,55800,55860,55830,55860,55790,55850,55815
2025-12-01 04:55:00,8800,55810,55740,55800,55740,55830,55750,55830,55760,55820,55745,55815,55750
2025-12-01 05:00:00,5800,55740,55680,55740,55690,55770,55690,55760,55710,55755,55685,55750,55700
2025-12-01 05:05:00,3800,55730,55680,55690,55710,55740,55690,55710,55720,55735,55685,55700,55715
2025-12-01 05:10:00,4400,55770,55700,55710,55720,55790,55720,55720,55750,55780,55715,55715,55735
2025-12-01 05:15:00,5300,55760,55700,55720,55750,55770,55720,55750,55770,55765,55710,55735,55760
2025-12-01 05:20:00,4000,55770,55730,55750,55760,55800,55740,55770,55780,55785,55735,55760,55770
2025-12-01 05:25:00,8300,55810,55740,55760,55740,55830,55750,55780,55760,55820,55745,55770,55750
2025-12-01 05:30:00,13300,55790,55690,55740,55770,55810,55700,55760,55800,55800,55695,55750,55785
2025-12-01 05:35:00,4400,55770,55700,55770,55720,55800,55720,55800,55740,55785,55710,55785,55730
2025-12-01 05:40:00,4300,55760,55720,55720,55760,55770,55740,55740,55770,55765,55730,55730,55765
2025-12-01 05:45:00,4400,55780,55750,55760,55770,55800,55770,55770,55790,55790,55760,55765,55780
2025-12-01 05:50:00,7700,55850,55770,55770,55850,55870,55790,55790,55860,55860,55780,55780,55855
2025-12-01 05:55:00,6100,55950,55840,55850,55940,55960,55850,55860,55950,55955,55845,55855,55945
2025-12-01 06:00:00,9000,55980,55900,55940,55900,55990,55910,55950,55920,55985,55905,55945,55910
2025-12-01 06:05:00,5100,55950,55850,55900,55940,55960,55870,55920,55960,55955,55860,55910,55950
2025-12-01 06:10:00,11500,56000,55930,55940,56000,56010,55950,55960,56010,56005,55945,55950,56005
2025-12-01 06:15:00,12000,56190,55990,56000,56180,56200,56000,56010,56200,56195,55995,56005,56190
2025-12-01 06:20:00,15100,56190,56120,56180,56160,56210,56140,56200,56180,56200,56130,56190,56170
2025-12-01 06:25:00,,57640,54800,56620,55950,57650,54810,56630,55960,57645,54805,56625,55955
2025-12-01 06:30:00,183700,55950,55950,55950,55950,56100,56100,56100,56100,56025,56025,56025,56025
2025-12-02 00:00:00,57900,56740,56200,56390,56590,56760,56350,56400,56630,56750,56295,56395,56610
2025-12-02 00:05:00,14200,56690,56450,56590,56550,56720,56480,56630,56570,56705,56465,56610,56560
2025-12-02 00:10:00,17600,56750,56550,56550,56660,56770,56570,56570,56710,56755,56560,56560,56685
2025-12-02 00:15:00,19200,56900,56660,56660,56900,56930,56700,56710,56930,56915,56680,56685,56915
2025-12-02 00:20:00,15300,56970,56820,56900,56920,56980,56850,56930,56960,56975,56835,56915,56940
2025-12-02 00:25:00,12900,56950,56820,56920,56920,56980,56840,56960,56950,56965,56835,56940,56935
2025-12-02 00:30:00,6800,56940,56820,56930,56850,56960,56830,56950,56870,56950,56825,56940,56860
2025-12-02 00:35:00,7000,56940,56820,56850,56830,56960,56840,56870,56850,56950,56830,56860,56840
2025-12-02 00:40:00,7900,56840,56780,56830,56810,56860,56790,56850,56830,56850,56785,56840,56820
2025-12-02 00:45:00,10500,56820,56730,56810,56740,56840,56740,56830,56770,56830,56735,56820,56755
2025-12-02 00:50:00,8900,56850,56740,56740,56800,56880,56760,56770,56830,56860,56750,56755,56815
2025-12-02 00:55:00,3100,56830,56780,56800,56800,56850,56800,56830,56820,56835,56790,56815,56810
2025-12-02 01:00:00,4900,56840,56760,56800,56810,56860,56770,56820,56840,56850,56765,56810,56825
2025-12-02 01:05:00,4500,56870,56770,56810,56840,56890,56800,56840,56860,56880,56785,56825,56850
2025-12-02 01:10:00,5400,56900,56820,56840,56870,56910,56840,56860,56890,56905,56830,56850,56880
2025-12-02 01:15:00,4300,56900,56840,56870,56840,56920,56850,56900,56860,56910,56845,56885,56850
2025-12-02 01:20:00,4600,56830,56730,56830,56790,56860,56750,56860,56800,56845,56740,56845,56795
2025-12-02 01:25:00,3300,56860,56780,56790,56810,56880,56800,56800,56840,56870,56790,56795,56825
2025-12-02 01:30:00,2900,56860,56800,56810,56850,56880,56820,56840,56870,56870,56810,56825,56860
2025-12-02 01:35:00,3600,56900,56800,56850,56840,56910,56830,56870,56870,56905,56815,56860,56855
2025-12-02 01:40:00,4100,56890,56780,56840,56880,56910,56800,56870,56890,56895,56790,56855,56885
2025-12-02 01:45:00,23600,57040,56880,56880,56950,57050,56890,56890,56970,57045,56885,56885,56960
2025-12-02 01:50:00,2000,56970,56910,56950,56950,56990,56940,56970,56970,56980,56925,56960,56960
2025-12-02 01:55:00,5900,57010,56920,56950,56920,57030,56940,56970,56940,57020,56930,56960,56930
2025-12-02 02:00:00,3700,56930,56870,56920,56920,56950,56890,56940,56950,56940,56880,56930,56935
2025-12-02 02:05:00,2400,56930,56880,56920,56880,56960,56900,56950,56910,56945,56890,56935,56895
2025-12-02 02:10:00,6400,56880,56800,56880,56810,56910,56820,56910,56830,56895,56810,56895,56820
2025-12-02 02:15:00,2100,56860,56810,56810,56810,56870,56830,56830,56840,56865,56820,56820,56825
2025-12-02 02:20:00,5800,56810,56720,56810,56730,56850,56730,56840,56740,56830,56725,56825,56735
2025-12-02 02:25:00,6000,56730,56690,56730,56730,56750,56700,56740,56740,56740,56695,56735,56735
2025-12-02 02:30:00,5000,56730,56730,56730,56730,56750,56750,56750,56750,56740,56740,56740,56740
2025-12-02 03:30:00,17800,56680,56570,56650,56610,56720,56600,56660,56640,56700,56585,56655,56625
2025-12-02 03:35:00,7400,56620,56500,56610,56580,56650,56510,56640,56610,56635,56505,56625,56595
2025-12-02 03:40:00,5000,56740,56560,56580,56720,56750,56580,56610,56750,56745,56570,56595,56735
2025-12-02 03:45:00,4500,56740,56690,56720,56720,56760,56710,56750,56740,56750,56700,56735,56730
2025-12-02 03:50:00,6900,56820,56720,56720,56800,56830,56740,56740,56820,56825,56730,56730,56810
2025-12-02 03:55:00,4500,56860,56770,56800,56770,56880,56790,56820,56800,56870,56780,56810,56785
2025-12-02 04:00:00,2500,56830,56750,56770,56800,56850,56760,56800,56830,56835,56755,56785,56815
2025-12-02 04:05:00,1600,56820,56760,56800,56780,56830,56790,56830,56800,56825,56775,56815,56790
2025-12-02 04:10:00,1300,56780,56760,56780,56770,56800,56770,56800,56790,56790,56765,56790,56780
2025-12-02 04:15:00,2900,56800,56770,56770,56790,56810,56780,56790,56810,56805,56775,56780,56800
2025-12-02 04:20:00,1600,56810,56770,56790,56770,56820,56790,56810,56790,56815,56780,56800,56780
2025-12-02 04:25:00,2500,56790,56750,56770,56760,56800,56760,56790,56790,56795,56755,56780,56775
2025-12-02 04:30:00,1800,56820,56760,56760,56820,56840,56790,56790,56840,56830,56775,56775,56830
2025-12-02 04:35:00,5100,56890,56810,56820,56850,56900,56840,56840,56870,56895,56825,56830,56860
2025-12-02 04:40:00,1800,56860,56810,56850,56830,56870,56830,56870,56860,56865,56820,56860,56845
2025-12-02 04:45:00,2500,56890,56830,56830,56850,56900,56850,56860,56870,56895,56840,56845,56860
2025-12-02 04:50:00,2300,56880,56830,56850,56870,56900,56860,56870,56890,56890,56845,56860,56880
2025-12-02 04:55:00,4500,56910,56860,56870,56890,56920,56880,56890,56920,56915,56870,56880,56905
2025-12-02 05:00:00,1500,56920,56890,56890,56920,56930,56910,56920,56930,56925,56900,56905,56925
2025-12-02 05:05:00,2100,56920,56870,56920,56890,56930,56890,56930,56920,56925,56880,56925,56905
2025-12-02 05:10:00,2700,56920,56890,56890,56910,56940,56910,56920,56940,56930,56905,56905,56925
2025-12-02 05:15:00,6000,56980,56910,56910,56970,56990,56940,56940,56990,56985,56925,56925,56980
2025-12-02 05:20:00,5200,57000,56970,56970,56980,57010,56980,56990,57000,57005,56975,56980,56990
2025-12-02 05:25:00,2600,56990,56960,56980,56980,57010,56980,57000,57000,57000,56970,56990,56990
2025-12-02 05:30:00,4000,57010,56970,56980,57000,57020,56990,57000,57010,57015,56980,56990,57005
2025-12-02 05:35:00,1800,57000,56960,57000,56960,57010,56970,57010,56970,57005,56965,57005,56965
2025-12-02 05:40:00,2600,56970,56920,56960,56930,56980,56940,56970,56950,56975,56935,56965,56940
2025-12-02 05:45:00,3200,56990,56930,56930,56960,57000,56960,56960,56980,56995,56945,56945,56970
2025-12-02 05:50:00,1600,56970,56940,56960,56950,57000,56960,56980,56960,56985,56950,56970,56955
2025-12-02 05:55:00,1500,56950,56940,56950,56950,56970,56950,56960,56970,56960,56945,56955,56960
2025-12-02 06:00:00,5100,56990,56950,56950,56970,57010,56960,56970,56990,57000,56955,56960,56980
2025-12-02 06:05:00,2900,56980,56940,56970,56960,57000,56950,56990,56980,56990,56945,56980,56970
2025-12-02 06:10:00,7900,57020,56940,56960,57000,57030,56960,56980,57020,57025,56950,56970,57010
2025-12-02 06:15:00,7300,57010,56930,57000,56940,57020,56950,57020,56950,57015,56940,57010,56945
2025-12-02 06:20:00,8200,57000,56930,56940,56990,57020,56940,56950,57020,57010,56935,56945,57005
2025-12-02 06:25:00,,56950,55250,55250,56950,56950,55260,55260,56950,56950,55255,55255,56950
2025-12-02 06:30:00,229800,56940,56940,56940,56940,57000,57000,57000,57000,56970,56970,56970,56970
2025-12-03 00:00:00,81900,57320,56950,57320,57160,57320,56960,57320,57190,57320,56955,57320,57175
2025-12-03 00:05:00,33800,57240,56790,57160,56790,57270,56810,57190,56820,57255,56800,57175,56805
2025-12-03 00:10:00,31900,56810,56460,56790,56630,56830,56480,56820,56660,56820,56470,56805,56645
2025-12-03 00:15:00,16100,56870,56600,56630,56790,56890,56630,56660,56810,56880,56615,56645,56800
2025-12-03 00:20:00,14600,56790,56560,56790,56640,56810,56590,56810,56680,56800,56575,56800,56660
2025-12-03 00:25:00,9800,56700,56580,56640,56610,56730,56600,56680,56640,56715,56590,56660,56625
2025-12-03 00:30:00,6800,56700,56570,56610,56650,56710,56590,56640,56690,56705,56580,56625,56670
2025-12-03 00:35:00,7000,56790,56650,56650,56770,56810,56680,56690,56800,56800,56665,56670,56785
2025-12-03 00:40:00,7500,56860,56750,56770,56810,56880,56780,56800,56830,56870,56765,56785,56820
2025-12-03 00:45:00,3900,56830,56760,56810,56800,56850,56780,56820,56820,56840,56770,56815,56810
2025-12-03 00:50:00,8100,56810,56660,56800,56670,56840,56700,56820,56700,56825,56680,56810,56685
2025-12-03 00:55:00,5000,56710,56640,56670,56670,56730,56660,56700,56700,56720,56650,56685,56685
2025-12-03 01:00:00,6400,56810,56650,56670,56660,56830,56670,56700,56690,56820,56660,56685,56675
2025-12-03 01:05:00,7800,56760,56610,56660,56690,56770,56630,56690,56720,56765,56620,56675,56705
2025-12-03 01:10:00,2800,56720,56650,56690,56670,56740,56670,56720,56700,56730,56660,56705,56685
2025-12-03 01:15:00,8600,56730,56580,56670,56590,56740,56590,56700,56620,56735,56585,56685,56605
2025-12-03 01:20:00,3400,56670,56580,56600,56580,56690,56600,56620,56600,56680,56590,56610,56590
2025-12-03 01:25:00,6600,56580,56500,56580,56530,56600,56510,56600,56550,56590,56505,56590,56540
2025-12-03 01:30:00,5500,56660,56520,56530,56660,56680,56550,56550,56680,56670,56535,56540,56670
2025-12-03 01:35:00,3500,56700,56580,56660,56590,56720,56600,56680,56600,56710,56590,56670,56595
2025-12-03 01:40:00,4800,56590,56520,56590,56590,56600,56540,56600,56600,56595,56535,56595,56595
2025-12-03 01:45:00,3900,56620,56540,56590,56540,56640,56560,56600,56570,56630,56550,56595,56555
2025-12-03 01:50:00,1500,56570,56540,56540,56540,56590,56550,56570,56570,56580,56545,56555,56555
2025-12-03 01:55:00,16200,56540,56380,56540,56390,56570,56400,56570,56410,56555,56390,56555,56400
2025-12-03 02:00:00,5000,56460,56380,56390,56390,56480,56410,56410,56410,56470,56395,56400,56400
2025-12-03 02:05:00,5200,56420,56340,56390,56400,56440,56360,56410,56420,56430,56350,56400,56410
2025-12-03 02:10:00,9700,56610,56410,56410,56580,56650,56420,56420,56600,56630,56415,56415,56590
2025-12-03 02:15:00,5100,56620,56570,56580,56610,56650,56590,56610,56650,56635,56580,56595,56630
2025-12-03 02:20:00,4300,56630,56570,56610,56600,56650,56600,56640,56610,56640,56585,56625,56605
2025-12-03 02:25:00,3200,56640,56600,56600,56610,56650,56610,56610,56640,56645,56605,56605,56625
2025-12-03 02:30:00,2500,56610,56610,56610,56610,56640,56640,56640,56640,56625,56625,56625,56625
2025-12-03 03:30:00,13800,56600,56500,56600,56600,56640,56530,56610,56620,56615,56515,56605,56610
2025-12-03 03:35:00,10500,56760,56600,56600,56730,56780,56620,56620,56750,56770,56610,56610,56740
2025-12-03 03:40:00,5900,56750,56610,56730,56620,56770,56630,56750,56650,56760,56620,56740,56635
2025-12-03 03:45:00,5800,56750,56620,56620,56710,56760,56650,56650,56740,56755,56635,56635,56725
2025-12-03 03:50:00,9300,56780,56680,56710,56720,56800,56710,56740,56740,56790,56695,56725,56730
2025-12-03 03:55:00,4200,56720,56630,56720,56670,56740,56660,56740,56690,56730,56645,56730,56680
2025-12-03 04:00:00,2000,56730,56670,56670,56720,56740,56690,56690,56740,56735,56680,56680,56730
2025-12-03 04:05:00,2200,56720,56670,56720,56690,56740,56690,56740,56710,56730,56680,56730,56700
2025-12-03 04:10:00,1100,56690,56630,56690,56630,56710,56650,56710,56650,56700,56640,56700,56640
2025-12-03 04:15:00,5600,56670,56580,56630,56650,56690,56600,56650,56680,56680,56590,56640,56665
2025-12-03 04:20:00,2100,56700,56620,56650,56630,56710,56640,56680,56650,56705,56630,56665,56640
2025-12-03 04:25:00,2400,56640,56590,56630,56630,56660,56610,56650,56650,56650,56605,56640,56640
2025-12-03 04:30:00,2200,56650,56620,56630,56630,56670,56640,56650,56660,56660,56630,56640,56645
2025-12-03 04:35:00,2900,56660,56600,56630,56620,56670,56630,56660,56640,56665,56615,56645,56630
2025-12-03 04:40:00,1900,56650,56610,56620,56620,56670,56630,56640,56640,56660,56620,56630,56630
2025-12-03 04:45:00,5400,56660,56590,56620,56610,56670,56600,56640,56630,56665,56595,56630,56620
2025-12-03 04:50:00,6200,56720,56610,56610,56700,56730,56630,56630,56730,56725,56620,56620,56715
2025-12-03 04:55:00,3200,56740,56670,56700,56710,56760,56690,56730,56730,56750,56680,56715,56720
2025-12-03 05:00:00,3600,56750,56710,56710,56750,56770,56720,56740,56760,56760,56715,56725,56755
2025-12-03 05:05:00,3200,56750,56680,56750,56680,56770,56700,56760,56710,56760,56690,56755,56695
2025-12-03 05:10:00,2500,56740,56680,56680,56690,56750,56710,56710,56710,56745,56695,56695,56700
2025-12-03 05:15:00,1400,56720,56690,56690,56710,56740,56710,56710,56730,56730,56700,56700,56720
2025-12-03 05:20:00,1100,56720,56690,56700,56700,56740,56710,56730,56720,56730,56700,56715,56710
2025-12-03 05:25:00,3200,56710,56660,56700,56680,56730,56670,56720,56710,56715,56665,56710,56695
2025-12-03 05:30:00,5700,56730,56670,56680,56680,56740,56700,56710,56710,56735,56685,56695,56695
2025-12-03 05:35:00,4300,56730,56670,56680,56710,56740,56690,56710,56740,56735,56685,56695,56725
2025-12-03 05:40:00,4900,56720,56610,56710,56630,56740,56620,56740,56660,56730,56615,56725,56645
2025-12-03 05:45:00,6700,56650,56540,56630,56540,56670,56550,56660,56560,56660,56545,56645,56550
2025-12-03 05:50:00,6600,56560,56420,56540,56420,56570,56440,56560,56440,56565,56430,56550,56430
2025-12-03 05:55:00,5400,56550,56420,56420,56540,56570,56440,56440,56560,56560,56430,56430,56550
2025-12-03 06:00:00,9000,56570,56510,56540,56520,56590,56530,56560,56550,56575,56520,56550,56535
2025-12-03 06:05:00,4000,56520,56480,56520,56500,56540,56490,56540,56520,56530,56485,56530,56510
2025-12-03 06:10:00,5100,56580,56500,56500,56550,56590,56520,56520,56580,56585,56510,56510,56565
2025-12-03 06:15:00,6000,56570,56510,56550,56520,56580,56520,56580,56530,56575,56515,56565,56525
2025-12-03 06:20:00,8600,56530,56500,56520,56530,56550,56520,56530,56550,56540,56510,56525,56540
2025-12-03 06:25:00,,57320,55810,55950,56570,57330,55820,55960,56580,57325,55815,55955,56575
2025-12-03 06:30:00,135300,56550,56550,56550,56550,56580,56580,56580,56580,56565,56565,56565,56565
2025-12-04 00:00:00,60300,56670,56210,56630,56550,56690,56230,56640,56590,56675,56220,56635,56570
2025-12-04 00:05:00,31600,56860,56510,56550,56850,56880,56540,56590,56880,56870,56525,56570,56865
2025-12-04 00:10:00,24900,56950,56700,56850,56840,56980,56720,56880,56880,56965,56710,56865,56860
2025-12-04 00:15:00,14300,56930,56780,56840,56790,56960,56800,56880,56820,56945,56790,56860,56805
2025-12-04 00:20:00,13700,56840,56700,56780,56720,56870,56730,56820,56760,56855,56715,56800,56740
2025-12-04 00:25:00,13000,56980,56690,56720,56960,57000,56720,56760,56990,56990,56705,56740,56975
2025-12-04 00:30:00,19600,57110,56940,56960,56990,57130,56970,56990,57010,57120,56960,56975,57000
2025-12-04 00:35:00,9600,57020,56920,56990,57010,57040,56940,57010,57030,57030,56930,57000,57020
2025-12-04 00:40:00,13500,57070,56970,57010,57050,57090,56980,57030,57080,57080,56975,57020,57065
2025-12-04 00:45:00,7000,57060,56940,57050,56960,57080,56970,57080,56980,57065,56955,57065,56970
2025-12-04 00:50:00,12400,56980,56790,56960,56790,57000,56810,56980,56810,56990,56800,56970,56800
2025-12-04 00:55:00,11300,56990,56780,56790,56950,57010,56800,56810,56990,57000,56790,56800,56970
2025-12-04 01:00:00,7600,57050,56950,56950,57020,57070,56960,56990,57040,57060,56955,56970,57030
2025-12-04 01:05:00,8700,57090,57020,57020,57060,57100,57040,57040,57080,57095,57030,57030,57070
2025-12-04 01:10:00,9300,57140,57040,57060,57130,57150,57050,57080,57150,57145,57045,57070,57140
2025-12-04 01:15:00,30000,57420,57110,57130,57360,57440,57140,57150,57390,57430,57125,57140,57375
2025-12-04 01:20:00,15800,57520,57360,57360,57420,57550,57390,57390,57450,57535,57375,57375,57435
2025-12-04 01:25:00,7700,57480,57370,57420,57440,57490,57390,57440,57460,57485,57380,57430,57450
2025-12-04 01:30:00,6300,57480,57350,57440,57450,57490,57360,57460,57490,57485,57355,57450,57470
2025-12-04 01:35:00,5000,57480,57370,57450,57400,57490,57380,57490,57430,57485,57375,57470,57415
2025-12-04 01:40:00,6900,57450,57370,57400,57380,57480,57390,57430,57400,57465,57380,57415,57390
2025-12-04 01:45:00,2800,57410,57370,57380,57400,57440,57390,57400,57430,57425,57380,57390,57415
2025-12-04 01:50:00,8000,57440,57310,57400,57320,57460,57330,57430,57350,57450,57320,57415,57335
2025-12-04 01:55:00,3900,57340,57270,57320,57300,57360,57300,57350,57330,57345,57285,57335,57315
2025-12-04 02:00:00,6300,57300,57250,57300,57260,57330,57270,57330,57280,57315,57260,57315,57270
2025-12-04 02:05:00,11200,57260,57150,57260,57210,57280,57160,57280,57220,57270,57155,57270,57215
2025-12-04 02:10:00,3400,57230,57160,57210,57170,57240,57180,57220,57190,57235,57170,57215,57180
2025-12-04 02:15:00,4800,57240,57160,57160,57210,57250,57190,57190,57240,57245,57175,57175,57225
2025-12-04 02:20:00,4000,57210,57150,57210,57180,57240,57160,57240,57190,57225,57155,57225,57185
2025-12-04 02:25:00,7300,57180,57140,57180,57150,57200,57150,57190,57180,57190,57145,57185,57165
2025-12-04 02:30:00,6300,57150,57150,57150,57150,57200,57200,57200,57200,57175,57175,57175,57175
2025-12-04 03:30:00,22100,57180,57050,57110,57110,57190,57080,57120,57130,57185,57065,57115,57120
2025-12-04 03:35:00,4800,57140,57070,57110,57120,57160,57080,57140,57140,57150,57075,57125,57130
2025-12-04 03:40:00,5100,57180,57120,57120,57160,57200,57140,57140,57180,57190,57130,57130,57170
2025-12-04 03:45:00,9000,57250,57160,57160,57250,57270,57180,57180,57270,57260,57170,57170,57260
2025-12-04 03:50:00,6400,57310,57240,57250,57250,57330,57260,57270,57280,57320,57250,57260,57265
2025-12-04 03:55:00,5800,57260,57190,57250,57200,57280,57220,57280,57220,57270,57205,57265,57210
2025-12-04 04:00:00,6000,57270,57200,57200,57220,57280,57210,57220,57240,57275,57205,57210,57230
2025-12-04 04:05:00,5200,57280,57220,57220,57220,57300,57230,57240,57250,57290,57225,57230,57235
2025-12-04 04:10:00,2000,57270,57220,57220,57270,57280,57250,57250,57280,57275,57235,57235,57275
2025-12-04 04:15:00,4300,57290,57230,57270,57250,57300,57240,57280,57270,57295,57235,57275,57260
2025-12-04 04:20:00,4600,57250,57160,57250,57170,57270,57180,57270,57180,57260,57170,57260,57175
2025-12-04 04:25:00,4300,57210,57160,57160,57190,57230,57170,57180,57210,57220,57165,57170,57200
2025-12-04 04:30:00,3900,57230,57170,57190,57220,57240,57180,57210,57240,57235,57175,57200,57230
2025-12-04 04:35:00,3800,57270,57200,57220,57270,57280,57220,57240,57280,57275,57210,57230,57275
2025-12-04 04:40:00,5600,57300,57250,57270,57290,57320,57260,57280,57310,57310,57255,57275,57300
2025-12-04 04:45:00,4100,57310,57190,57290,57190,57330,57200,57310,57210,57320,57195,57300,57200
2025-12-04 04:50:00,5000,57280,57170,57190,57280,57310,57180,57210,57300,57295,57175,57200,57290
2025-12-04 04:55:00,2900,57310,57270,57280,57310,57320,57290,57300,57320,57315,57280,57290,57315
2025-12-04 05:00:00,9200,57370,57280,57310,57350,57380,57300,57320,57370,57375,57290,57315,57360
2025-12-04 05:05:00,4800,57390,57340,57350,57380,57400,57350,57370,57400,57395,57345,57360,57390
2025-12-04 05:10:00,16500,57480,57370,57380,57460,57500,57390,57400,57480,57490,57380,57390,57470
2025-12-04 05:15:00,3500,57480,57420,57460,57450,57490,57430,57480,57470,57485,57425,57470,57460
2025-12-04 05:20:00,15100,57490,57430,57450,57450,57500,57450,57470,57460,57495,57440,57460,57455
2025-12-04 05:25:00,4000,57460,57420,57450,57430,57470,57430,57460,57450,57465,57425,57455,57440
2025-12-04 05:30:00,10700,57530,57430,57430,57530,57540,57450,57450,57540,57535,57440,57440,57535
2025-12-04 05:35:00,17600,57580,57410,57530,57500,57600,57440,57540,57520,57590,57425,57535,57510
2025-12-04 05:40:00,3500,57550,57480,57500,57490,57570,57500,57520,57510,57555,57490,57510,57500
2025-12-04 05:45:00,10600,57620,57490,57490,57600,57630,57500,57510,57620,57625,57495,57500,57610
2025-12-04 05:50:00,5100,57600,57540,57600,57570,57620,57560,57620,57600,57610,57550,57610,57585
2025-12-04 05:55:00,6000,57630,57570,57570,57610,57650,57590,57600,57640,57640,57580,57585,57625
2025-12-04 06:00:00,19700,57750,57610,57610,57720,57760,57630,57640,57740,57755,57620,57625,57730
2025-12-04 06:05:00,13400,57820,57700,57720,57800,57830,57730,57740,57820,57825,57715,57730,57810
2025-12-04 06:10:00,8100,57830,57790,57800,57830,57850,57800,57820,57850,57840,57795,57810,57840
2025-12-04 06:15:00,9900,57870,57800,57830,57800,57890,57820,57850,57830,57875,57810,57840,57815
2025-12-04 06:20:00,18800,57900,57780,57800,57900,57920,57790,57830,57920,57910,57785,57815,57910
2025-12-04 06:25:00,,59950,57990,57990,58090,59960,58000,58000,58100,59955,57995,57995,58095
2025-12-04 06:30:00,222700,57950,57950,57950,57950,58100,58100,58100,58100,58025,58025,58025,58025
2025-12-05 00:00:00,83400,57650,57050,57350,57140,57780,57070,57360,57170,57705,57060,57355,57155
2025-12-05 00:05:00,30800,57210,56910,57140,56920,57260,56930,57170,56950,57230,56920,57155,56935
2025-12-05 00:10:00,28200,56960,56770,56920,56900,57000,56790,56950,56920,56980,56780,56935,56910
2025-12-05 00:15:00,12600,57050,56880,56900,56950,57090,56910,56920,56980,57070,56895,56910,56965
2025-12-05 00:20:00,6400,56990,56900,56950,56950,57020,56930,56990,56980,57005,56915,56970,56965
2025-12-05 00:25:00,3800,57000,56930,56950,56960,57020,56950,56980,56990,57010,56940,56965,56975
2025-12-05 00:30:00,6800,57020,56910,56960,56960,57040,56930,56990,57000,57030,56925,56975,56980
2025-12-05 00:35:00,6200,56980,56920,56960,56940,57000,56940,57000,56980,56990,56930,56980,56960
2025-12-05 00:40:00,7100,57040,56920,56940,56990,57050,56940,56980,57030,57045,56930,56960,57010
2025-12-05 00:45:00,6400,57000,56950,56990,56980,57030,56970,57030,57020,57015,56960,57010,57000
2025-12-05 00:50:00,17000,57000,56860,56980,56870,57020,56870,57020,56890,57010,56865,57000,56880
2025-12-05 00:55:00,5600,56940,56850,56860,56910,56970,56880,56890,56940,56955,56865,56875,56925
2025-12-05 01:00:00,10100,56960,56820,56910,56840,56970,56840,56940,56880,56965,56835,56925,56860
2025-12-05 01:05:00,13100,56930,56760,56840,56780,56960,56780,56880,56800,56945,56770,56860,56790
2025-12-05 01:10:00,5000,56820,56750,56780,56790,56840,56760,56800,56820,56830,56755,56790,56805
2025-12-05 01:15:00,4400,56800,56750,56790,56770,56820,56760,56820,56800,56810,56755,56805,56785
2025-12-05 01:20:00,5700,56800,56710,56770,56710,56820,56730,56800,56730,56810,56720,56785,56720
2025-12-05 01:25:00,7400,56770,56690,56710,56750,56790,56700,56730,56780,56780,56695,56720,56765
2025-12-05 01:30:00,5000,56780,56700,56750,56720,56790,56710,56780,56750,56785,56705,56765,56735
2025-12-05 01:35:00,3300,56770,56680,56720,56750,56790,56700,56750,56790,56780,56690,56735,56770
2025-12-05 01:40:00,2000,56770,56730,56750,56750,56790,56750,56790,56780,56780,56740,56770,56765
2025-12-05 01:45:00,2500,56820,56720,56750,56810,56840,56740,56780,56820,56825,56730,56765,56815
2025-12-05 01:50:00,2600,56810,56730,56810,56760,56820,56750,56820,56780,56815,56740,56815,56770
2025-12-05 01:55:00,2600,56780,56730,56760,56760,56800,56740,56780,56790,56790,56735,56770,56775
2025-12-05 02:00:00,3600,56790,56710,56760,56770,56820,56720,56790,56800,56805,56715,56775,56785
2025-12-05 02:05:00,3100,56810,56740,56770,56740,56830,56760,56790,56770,56820,56750,56780,56755
2025-12-05 02:10:00,1600,56780,56740,56740,56780,56800,56760,56770,56800,56790,56750,56755,56790
2025-12-05 02:15:00,3500,56820,56760,56780,56800,56840,56770,56800,56830,56830,56765,56790,56815
2025-12-05 02:20:00,6100,56860,56780,56800,56850,56880,56810,56830,56880,56870,56795,56815,56865
2025-12-05 02:25:00,4100,56880,56830,56850,56860,56900,56860,56880,56890,56890,56850,56865,56875
2025-12-05 02:30:00,700,56860,56860,56860,56860,56890,56890,56890,56890,56875,56875,56875,56875
2025-12-05 03:30:00,29300,56820,56640,56780,56690,56860,56660,56790,56710,56840,56650,56785,56700
2025-12-05 03:35:00,10300,56690,56600,56690,56620,56710,56610,56710,56650,56700,56605,56700,56635
2025-12-05 03:40:00,15600,56630,56530,56620,56540,56650,56540,56650,56560,56635,56535,56635,56550
2025-12-05 03:45:00,16100,56540,56460,56540,56520,56560,56470,56560,56550,56550,56465,56550,56535
2025-12-05 03:50:00,3400,56570,56500,56520,56510,56580,56530,56550,56530,56575,56515,56535,56520
2025-12-05 03:55:00,2900,56560,56500,56510,56500,56570,56510,56530,56520,56565,56505,56520,56510
2025-12-05 04:00:00,4500,56580,56500,56500,56570,56590,56520,56520,56590,56585,56510,56510,56580
2025-12-05 04:05:00,9000,56680,56550,56570,56650,56700,56570,56590,56670,56690,56560,56580,56660
2025-12-05 04:10:00,7000,56760,56650,56650,56730,56770,56670,56670,56750,56765,56660,56660,56740
2025-12-05 04:15:00,4000,56740,56640,56730,56660,56750,56660,56750,56680,56745,56650,56740,56670
2025-12-05 04:20:00,1600,56690,56610,56660,56610,56710,56630,56670,56640,56700,56620,56665,56625
2025-12-05 04:25:00,6800,56650,56520,56610,56610,56670,56550,56640,56640,56655,56540,56625,56625
2025-12-05 04:30:00,1500,56610,56540,56610,56560,56640,56580,56640,56590,56625,56560,56625,56575
2025-12-05 04:35:00,1400,56580,56550,56560,56550,56620,56570,56590,56570,56595,56560,56575,56560
2025-12-05 04:40:00,4300,56560,56510,56550,56550,56590,56520,56570,56580,56575,56515,56560,56565
2025-12-05 04:45:00,2000,56600,56550,56550,56590,56620,56570,56590,56600,56610,56560,56570,56595
2025-12-05 04:50:00,2100,56600,56580,56580,56590,56620,56590,56610,56610,56610,56585,56595,56600
2025-12-05 04:55:00,3200,56640,56590,56590,56610,56650,56610,56610,56620,56645,56600,56600,56615
2025-12-05 05:00:00,2700,56610,56550,56610,56580,56640,56570,56620,56610,56625,56560,56615,56595
2025-12-05 05:05:00,3300,56640,56580,56580,56620,56660,56590,56610,56640,56650,56585,56595,56630
2025-12-05 05:10:00,3100,56670,56600,56620,56650,56680,56620,56640,56670,56675,56610,56630,56660
2025-12-05 05:15:00,2400,56670,56620,56650,56630,56680,56640,56670,56650,56675,56630,56660,56640
2025-12-05 05:20:00,7000,56700,56580,56630,56590,56730,56600,56650,56610,56710,56590,56640,56600
2025-12-05 05:25:00,1800,56630,56580,56580,56630,56650,56600,56610,56650,56640,56590,56595,56640
2025-12-05 05:30:00,2400,56670,56610,56630,56660,56690,56640,56650,56690,56680,56625,56640,56675
2025-12-05 05:35:00,2800,56670,56600,56660,56600,56690,56620,56690,56620,56675,56610,56675,56610
2025-12-05 05:40:00,6000,56610,56540,56600,56550,56620,56560,56620,56570,56615,56550,56610,56560
2025-12-05 05:45:00,4000,56570,56530,56550,56550,56590,56550,56570,56570,56580,56540,56560,56560
2025-12-05 05:50:00,4100,56560,56520,56550,56520,56580,56540,56570,56540,56570,56530,56560,56530
2025-12-05 05:55:00,5600,56570,56520,56520,56550,56590,56530,56540,56560,56580,56525,56530,56555
2025-12-05 06:00:00,13600,56550,56470,56540,56500,56570,56480,56560,56510,56560,56475,56550,56505
2025-12-05 06:05:00,4200,56500,56460,56500,56460,56510,56470,56510,56470,56505,56465,56505,56465
2025-12-05 06:10:00,3200,56490,56460,56460,56470,56510,56470,56470,56480,56500,56465,56465,56475
2025-12-05 06:15:00,9300,56550,56470,56470,56510,56570,56480,56480,56530,56555,56475,56475,56520
2025-12-05 06:20:00,16300,56640,56510,56510,56640,56670,56530,56530,56670,56655,56520,56520,56655
2025-12-05 06:25:00,,58100,56740,56940,56740,58100,56740,56950,56740,58100,56740,56945,56740
2025-12-05 06:30:00,198300,56700,56700,56700,56700,56750,56750,56750,56750,56725,56725,56725,56725
2025-12-08 00:00:00,61800,56670,56000,56640,56080,56690,56020,56640,56120,56680,56010,56640,56100
2025-12-08 00:05:00,27400,56120,55950,56080,55970,56150,55970,56120,56020,56135,55960,56100,55995
2025-12-08 00:10:00,18200,56020,55870,55980,55880,56060,55880,56020,55910,56040,55875,56000,55895
2025-12-08 00:15:00,12700,56050,55880,55880,56050,56080,55910,55910,56070,56065,55895,55895,56060
2025-12-08 00:20:00,10100,56060,55950,56060,56040,56080,55960,56070,56060,56070,55955,56065,56050
2025-12-08 00:25:00,12200,56200,56010,56020,56150,56210,56040,56060,56170,56205,56025,56040,56160
2025-12-08 00:30:00,10800,56320,56090,56150,56280,56340,56120,56170,56310,56330,56105,56160,56295
2025-12-08 00:35:00,7300,56320,56190,56280,56250,56340,56220,56310,56290,56330,56205,56295,56270
2025-12-08 00:40:00,8000,56370,56230,56250,56370,56390,56250,56290,56390,56380,56240,56270,56380
2025-12-08 00:45:00,10400,56530,56360,56360,56520,56560,56380,56390,56540,56545,56375,56375,56530
2025-12-08 00:50:00,12500,56630,56460,56520,56620,56650,56490,56540,56640,56640,56475,56530,56630
2025-12-08 00:55:00,6500,56660,56580,56620,56610,56690,56610,56640,56630,56675,56600,56630,56620
2025-12-08 01:00:00,5700,56640,56580,56610,56620,56670,56590,56640,56650,56650,56585,56625,56635
2025-12-08 01:05:00,6200,56640,56560,56620,56580,56650,56580,56640,56590,56645,56570,56630,56585
2025-12-08 01:10:00,7500,56670,56550,56580,56610,56690,56570,56590,56630,56680,56560,56585,56620
2025-12-08 01:15:00,2800,56630,56570,56610,56570,56650,56590,56630,56600,56640,56580,56620,56585
2025-12-08 01:20:00,3300,56630,56530,56570,56530,56650,56550,56600,56550,56640,56540,56585,56540
2025-12-08 01:25:00,3300,56570,56520,56530,56550,56600,56530,56550,56580,56580,56525,56540,56565
2025-12-08 01:30:00,2700,56570,56520,56550,56550,56600,56530,56570,56580,56585,56525,56560,56565
2025-12-08 01:35:00,2500,56570,56510,56550,56520,56600,56530,56580,56540,56585,56520,56565,56530
2025-12-08 01:40:00,2400,56590,56520,56520,56540,56620,56530,56540,56570,56605,56525,56530,56555
2025-12-08 01:45:00,2900,56620,56530,56540,56620,56650,56550,56570,56650,56635,56540,56555,56635
2025-12-08 01:50:00,2100,56630,56550,56620,56580,56650,56570,56650,56610,56640,56565,56635,56595
2025-12-08 01:55:00,900,56600,56560,56580,56580,56630,56590,56610,56600,56615,56575,56595,56590
2025-12-08 02:00:00,1400,56620,56570,56580,56610,56630,56580,56600,56620,56625,56575,56590,56615
2025-12-08 02:05:00,2600,56610,56570,56610,56580,56630,56600,56620,56600,56620,56585,56615,56590
2025-12-08 02:10:00,2300,56600,56510,56580,56530,56620,56530,56600,56550,56610,56520,56590,56540
2025-12-08 02:15:00,2300,56550,56510,56530,56530,56570,56530,56550,56560,56555,56520,56540,56545
2025-12-08 02:20:00,2800,56570,56530,56530,56550,56600,56550,56560,56580,56585,56540,56545,56565
2025-12-08 02:25:00,3100,56580,56530,56550,56540,56600,56560,56580,56560,56590,56545,56565,56550
2025-12-08 02:30:00,3200,56530,56530,56530,56530,56580,56580,56580,56580,56555,56555,56555,56555
2025-12-08 03:30:00,21400,56570,56380,56570,56380,56580,56400,56570,56400,56570,56390,56570,56390
2025-12-08 03:35:00,4400,56440,56380,56380,56400,56450,56400,56400,56420,56445,56390,56390,56410
2025-12-08 03:40:00,6500,56410,56360,56400,56370,56430,56380,56420,56390,56420,56370,56410,56380
2025-12-08 03:45:00,6800,56400,56240,56370,56240,56430,56250,56390,56270,56415,56245,56380,56255
2025-12-08 03:50:00,7800,56330,56240,56260,56300,56360,56260,56270,56320,56345,56250,56265,56310
2025-12-08 03:55:00,4600,56320,56260,56300,56290,56330,56290,56320,56310,56325,56275,56310,56300
2025-12-08 04:00:00,2500,56310,56270,56290,56300,56340,56300,56310,56320,56325,56290,56300,56310
2025-12-08 04:05:00,3200,56300,56270,56300,56270,56320,56280,56320,56290,56310,56275,56310,56280
2025-12-08 04:10:00,2500,56300,56270,56270,56290,56320,56280,56290,56310,56310,56275,56280,56300
2025-12-08 04:15:00,2700,56310,56260,56280,56290,56340,56280,56310,56310,56325,56270,56295,56300
2025-12-08 04:20:00,2000,56320,56280,56290,56310,56340,56300,56310,56330,56330,56290,56300,56320
2025-12-08 04:25:00,4100,56350,56280,56310,56330,56360,56310,56330,56350,56355,56300,56320,56340
2025-12-08 04:30:00,6200,56400,56310,56330,56360,56430,56320,56350,56380,56415,56315,56340,56370
2025-12-08 04:35:00,2500,56360,56330,56360,56330,56380,56340,56380,56350,56370,56335,56370,56340
2025-12-08 04:40:00,2200,56350,56310,56330,56310,56370,56320,56350,56330,56360,56315,56340,56320
2025-12-08 04:45:00,2800,56420,56310,56310,56420,56440,56330,56330,56430,56430,56320,56320,56425
2025-12-08 04:50:00,2600,56420,56370,56420,56400,56440,56390,56430,56420,56430,56385,56425,56410
2025-12-08 04:55:00,2300,56400,56350,56400,56360,56420,56370,56420,56370,56410,56360,56410,56365
2025-12-08 05:00:00,2600,56360,56310,56360,56320,56370,56330,56370,56340,56365,56325,56365,56330
2025-12-08 05:05:00,2300,56340,56310,56320,56310,56360,56320,56340,56330,56350,56315,56330,56320
2025-12-08 05:10:00,2400,56320,56300,56310,56300,56340,56310,56330,56320,56330,56305,56320,56310
2025-12-08 05:15:00,2400,56320,56300,56300,56300,56330,56310,56320,56320,56325,56305,56310,56310
2025-12-08 05:20:00,3500,56310,56260,56300,56260,56330,56270,56320,56280,56320,56265,56310,56270
2025-12-08 05:25:00,4200,56270,56200,56260,56210,56290,56220,56280,56220,56280,56210,56270,56215
2025-12-08 05:30:00,8200,56210,56150,56210,56180,56230,56160,56220,56200,56220,56155,56215,56190
2025-12-08 05:35:00,3200,56200,56150,56180,56180,56210,56160,56200,56200,56205,56155,56190,56190
2025-12-08 05:40:00,3000,56210,56180,56180,56180,56220,56200,56200,56200,56215,56190,56190,56190
2025-12-08 05:45:00,3000,56200,56170,56180,56180,56220,56190,56200,56190,56210,56180,56190,56185
2025-12-08 05:50:00,5100,56180,56120,56180,56120,56210,56130,56190,56140,56195,56125,56185,56130
2025-12-08 05:55:00,3100,56150,56120,56120,56120,56170,56130,56140,56130,56160,56125,56130,56125
2025-12-08 06:00:00,9600,56130,56000,56120,56010,56140,56010,56130,56030,56135,56005,56125,56020
2025-12-08 06:05:00,7100,56120,56000,56010,56090,56140,56010,56030,56100,56130,56005,56020,56095
2025-12-08 06:10:00,7300,56180,56090,56090,56180,56210,56100,56100,56200,56195,56095,56095,56190
2025-12-08 06:15:00,5900,56230,56160,56170,56230,56240,56180,56200,56240,56235,56175,56185,56235
2025-12-08 06:20:00,11800,56270,56210,56230,56260,56290,56220,56240,56280,56280,56215,56235,56270
2025-12-08 06:25:00,,56260,55730,56000,56150,56270,55740,56010,56160,56265,55735,56005,56155
2025-12-08 06:30:00,138200,56150,56150,56150,56150,56220,56220,56220,56220,56185,56185,56185,56185
2025-12-09 00:00:00,62600,55740,55470,55550,55650,55790,55500,55560,55680,55755,55485,55555,55665
2025-12-09 00:05:00,11600,55770,55560,55650,55600,55790,55580,55680,55630,55775,55570,55665,55615
2025-12-09 00:10:00,18200,55650,55410,55600,55440,55670,55430,55630,55460,55660,55420,55615,55450
2025-12-09 00:15:00,7900,55520,55420,55430,55450,55540,55430,55460,55470,55530,55425,55445,55460
2025-12-09 00:20:00,15600,55490,55380,55450,55380,55510,55390,55470,55390,55495,55385,55460,55385
2025-12-09 00:25:00,8500,55450,55370,55380,55380,55480,55380,55390,55400,55465,55375,55385,55390
2025-12-09 00:30:00,6200,55480,55380,55380,55430,55500,55400,55400,55440,55490,55390,55390,55435
2025-12-09 00:35:00,12200,55450,55310,55430,55310,55480,55320,55440,55330,55465,55315,55435,55320
2025-12-09 00:40:00,5700,55360,55300,55310,55340,55380,55310,55330,55370,55370,55305,55320,55355
2025-12-09 00:45:00,7600,55460,55300,55340,55390,55470,55310,55370,55410,55465,55305,55355,55400
2025-12-09 00:50:00,6000,55470,55380,55390,55400,55480,55400,55410,55420,55475,55390,55400,55410
2025-12-09 00:55:00,6100,55400,55360,55400,55360,55430,55370,55420,55390,55415,55365,55410,55375
2025-12-09 01:00:00,2600,55380,55350,55360,55360,55400,55360,55390,55390,55385,55355,55375,55375
2025-12-09 01:05:00,5400,55450,55340,55360,55440,55470,55350,55390,55460,55460,55345,55375,55450
2025-12-09 01:10:00,2500,55460,55420,55440,55430,55480,55430,55470,55460,55470,55425,55455,55445
2025-12-09 01:15:00,3100,55430,55390,55430,55400,55460,55410,55460,55410,55445,55400,55445,55405
2025-12-09 01:20:00,6700,55420,55340,55400,55360,55440,55350,55410,55380,55425,55345,55405,55370
2025-12-09 01:25:00,8700,55360,55280,55360,55310,55380,55290,55380,55330,55370,55285,55370,55320
2025-12-09 01:30:00,4000,55340,55280,55310,55310,55350,55300,55330,55320,55345,55290,55320,55315
2025-12-09 01:35:00,3400,55330,55290,55310,55330,55340,55300,55330,55340,55335,55295,55320,55335
2025-12-09 01:40:00,4700,55350,55290,55330,55310,55360,55300,55340,55330,55355,55295,55335,55320
2025-12-09 01:45:00,3400,55380,55310,55310,55350,55400,55330,55340,55360,55390,55320,55325,55355
2025-12-09 01:50:00,2900,55360,55300,55350,55300,55380,55310,55360,55330,55370,55305,55355,55315
2025-12-09 01:55:00,1700,55360,55300,55300,55350,55380,55320,55330,55370,55370,55310,55315,55360
2025-12-09 02:00:00,1600,55370,55340,55350,55350,55400,55350,55370,55370,55385,55345,55360,55360
2025-12-09 02:05:00,1700,55390,55340,55350,55390,55400,55350,55370,55400,55395,55345,55360,55395
2025-12-09 02:10:00,2200,55390,55330,55390,55360,55400,55340,55400,55380,55395,55335,55395,55370
2025-12-09 02:15:00,9400,55550,55350,55360,55520,55560,55370,55370,55550,55555,55360,55365,55535
2025-12-09 02:20:00,9200,55720,55520,55520,55690,55740,55530,55530,55700,55730,55525,55525,55695
2025-12-09 02:25:00,6700,55760,55640,55690,55730,55770,55660,55700,55770,55765,55655,55695,55750
2025-12-09 02:30:00,2400,55730,55730,55730,55730,55770,55770,55770,55770,55750,55750,55750,55750
2025-12-09 03:30:00,18000,55850,55660,55720,55840,55870,55670,55720,55850,55860,55665,55720,55845
2025-12-09 03:35:00,6000,55870,55770,55840,55810,55880,55790,55850,55830,55875,55780,55845,55820
2025-12-09 03:40:00,2700,55810,55750,55810,55760,55830,55770,55830,55780,55820,55760,55820,55770
2025-12-09 03:45:00,2700,55800,55750,55760,55750,55820,55770,55780,55770,55810,55760,55770,55760
2025-12-09 03:50:00,2700,55780,55710,55750,55760,55800,55740,55770,55780,55790,55725,55760,55770
2025-12-09 03:55:00,2800,55780,55740,55760,55740,55800,55750,55780,55760,55790,55745,55770,55750
2025-12-09 04:00:00,4500,55750,55660,55740,55660,55760,55670,55760,55680,55755,55665,55750,55670
2025-12-09 04:05:00,1300,55680,55650,55660,55670,55700,55660,55670,55690,55690,55655,55665,55680
2025-12-09 04:10:00,2500,55680,55640,55670,55640,55700,55650,55690,55650,55690,55645,55680,55645
2025-12-09 04:15:00,2000,55660,55600,55640,55650,55680,55620,55650,55670,55665,55610,55645,55660
2025-12-09 04:20:00,900,55660,55630,55650,55630,55690,55640,55670,55660,55675,55635,55660,55645
2025-12-09 04:25:00,1500,55680,55630,55630,55670,55700,55650,55660,55690,55690,55640,55645,55680
2025-12-09 04:30:00,2500,55670,55610,55670,55610,55690,55630,55690,55630,55680,55620,55680,55620
2025-12-09 04:35:00,2100,55640,55590,55610,55640,55660,55600,55630,55660,55650,55595,55620,55650
2025-12-09 04:40:00,2200,55680,55640,55640,55680,55700,55650,55660,55700,55690,55645,55650,55690
2025-12-09 04:45:00,1400,55700,55660,55680,55660,55720,55670,55700,55680,55710,55665,55690,55670
2025-12-09 04:50:00,1200,55670,55650,55660,55660,55690,55660,55680,55680,55680,55655,55670,55670
2025-12-09 04:55:00,2900,55670,55610,55670,55640,55680,55630,55680,55660,55675,55625,55675,55650
2025-12-09 05:00:00,4300,55640,55580,55640,55580,55660,55590,55660,55600,55650,55585,55650,55590
2025-12-09 05:05:00,2100,55620,55570,55590,55600,55650,55580,55600,55620,55635,55575,55595,55610
2025-12-09 05:10:00,2000,55650,55580,55600,55630,55670,55590,55620,55660,55660,55585,55610,55645
2025-12-09 05:15:00,800,55630,55590,55630,55600,55660,55610,55660,55620,55645,55600,55645,55610
2025-12-09 05:20:00,1100,55610,55580,55600,55580,55620,55600,55620,55600,55615,55590,55610,55590
2025-12-09 05:25:00,2200,55580,55550,55580,55570,55600,55570,55600,55580,55590,55560,55590,55575
2025-12-09 05:30:00,1100,55580,55560,55560,55580,55590,55570,55580,55590,55585,55565,55570,55585
2025-12-09 05:35:00,1400,55610,55580,55580,55600,55640,55590,55590,55620,55625,55585,55585,55610
2025-12-09 05:40:00,2400,55610,55570,55600,55610,55630,55580,55620,55630,55620,55575,55610,55620
2025-12-09 05:45:00,2800,55700,55610,55610,55620,55710,55630,55630,55640,55705,55620,55620,55630
2025-12-09 05:50:00,3700,55710,55610,55620,55710,55740,55630,55640,55730,55725,55625,55630,55720
2025-12-09 05:55:00,2800,55740,55690,55710,55700,55750,55710,55730,55720,55745,55700,55720,55710
2025-12-09 06:00:00,5300,55760,55670,55690,55740,55780,55690,55720,55770,55770,55680,55705,55755
2025-12-09 06:05:00,3400,55770,55690,55740,55690,55790,55710,55770,55710,55780,55700,55755,55700
2025-12-09 06:10:00,6100,55710,55620,55690,55700,55730,55640,55710,55720,55720,55630,55700,55710
2025-12-09 06:15:00,4000,55720,55680,55700,55700,55730,55700,55720,55720,55725,55690,55710,55710
2025-12-09 06:20:00,17600,55740,55600,55700,55610,55750,55630,55720,55640,55745,55615,55710,55625
2025-12-09 06:25:00,,56970,55070,55270,55660,56980,55080,55280,55670,56975,55075,55275,55665
2025-12-09 06:30:00,181200,55650,55650,55650,55650,55700,55700,55700,55700,55675,55675,55675,55675
2025-12-10 00:00:00,51700,56210,55670,56210,55860,56210,55700,56210,55870,56210,55685,56210,55865
2025-12-10 00:05:00,18300,56000,55730,55860,55750,56020,55750,55870,55760,56010,55740,55865,55755
2025-12-10 00:10:00,13300,55770,55600,55750,55630,55790,55620,55760,55650,55780,55610,55755,55640
2025-12-10 00:15:00,15600,55690,55570,55630,55570,55710,55590,55650,55590,55700,55580,55640,55580
2025-12-10 00:20:00,9000,55620,55530,55560,55600,55640,55550,55590,55620,55625,55540,55575,55610
2025-12-10 00:25:00,11200,55740,55580,55600,55730,55760,55590,55620,55760,55750,55585,55610,55745
2025-12-10 00:30:00,14100,55870,55730,55740,55780,55890,55760,55760,55810,55880,55745,55750,55795
2025-12-10 00:35:00,7500,55950,55780,55780,55940,55970,55800,55800,55960,55960,55790,55790,55950
2025-12-10 00:40:00,7300,55940,55810,55940,55840,55970,55840,55960,55880,55955,55825,55950,55860
2025-12-10 00:45:00,5600,55900,55790,55840,55820,55930,55810,55880,55840,55915,55800,55860,55830
2025-12-10 00:50:00,8900,55920,55770,55820,55850,55950,55790,55840,55870,55935,55785,55830,55860
2025-12-10 00:55:00,2900,55870,55820,55850,55830,55900,55840,55870,55860,55885,55830,55860,55845
2025-12-10 01:00:00,3200,55830,55760,55830,55780,55860,55780,55860,55810,55845,55770,55845,55795
2025-12-10 01:05:00,4600,55820,55740,55780,55740,55840,55760,55810,55760,55825,55750,55795,55750
2025-12-10 01:10:00,4800,55810,55740,55740,55810,55840,55760,55770,55830,55825,55750,55755,55820
2025-12-10 01:15:00,5700,55810,55730,55810,55760,55830,55770,55830,55780,55820,55755,55820,55770
2025-12-10 01:20:00,3800,55780,55720,55760,55730,55800,55730,55780,55750,55790,55725,55770,55740
2025-12-10 01:25:00,2700,55780,55720,55730,55760,55800,55740,55750,55780,55790,55730,55740,55770
2025-12-10 01:30:00,9000,55820,55720,55750,55780,55840,55740,55780,55810,55830,55730,55765,55795
2025-12-10 01:35:00,4700,55880,55780,55780,55860,55900,55790,55810,55890,55890,55785,55795,55875
2025-12-10 01:40:00,6300,55990,55810,55860,55970,56000,55830,55890,55990,55995,55825,55875,55980
2025-12-10 01:45:00,8200,56020,55910,55970,56020,56030,55920,55990,56030,56025,55915,55980,56025
2025-12-10 01:50:00,3400,56020,55980,56020,55990,56030,55990,56030,56020,56025,55985,56025,56005
2025-12-10 01:55:00,5800,56000,55920,55990,55930,56020,55930,56020,55950,56010,55925,56005,55940
2025-12-10 02:00:00,5400,55940,55850,55930,55920,55970,55870,55950,55950,55955,55860,55940,55935
2025-12-10 02:05:00,4100,56000,55890,55920,55980,56020,55910,55950,56000,56010,55900,55935,55990
2025-12-10 02:10:00,4800,56000,55940,55980,55980,56020,55960,56000,56000,56010,55950,55990,55990
2025-12-10 02:15:00,6100,56080,55980,55980,56060,56090,56000,56000,56090,56085,55990,55990,56075
2025-12-10 02:20:00,4400,56080,56030,56060,56040,56090,56040,56090,56060,56085,56035,56075,56050
2025-12-10 02:25:00,2900,56040,55980,56040,56000,56070,56000,56060,56020,56055,55990,56050,56010
2025-12-10 02:30:00,3600,55990,55990,55990,55990,56020,56020,56020,56020,56005,56005,56005,56005
2025-12-10 03:30:00,47200,56200,55700,55700,56200,56210,55710,55710,56210,56205,55705,55705,56205
2025-12-10 03:35:00,12800,56340,56200,56200,56320,56360,56220,56220,56330,56350,56210,56210,56325
2025-12-10 03:40:00,10800,56350,56250,56320,56260,56360,56270,56330,56280,56355,56260,56325,56270
2025-12-10 03:45:00,7500,56300,56220,56260,56270,56320,56240,56270,56280,56310,56230,56265,56275
2025-12-10 03:50:00,4100,56310,56240,56270,56290,56320,56250,56280,56300,56315,56245,56275,56295
2025-12-10 03:55:00,7500,56360,56290,56290,56310,56370,56300,56310,56320,56365,56295,56300,56315
2025-12-10 04:00:00,12900,56450,56290,56310,56450,56470,56310,56320,56470,56460,56305,56315,56460
2025-12-10 04:05:00,9200,56460,56300,56450,56350,56470,56320,56470,56370,56465,56310,56460,56360
2025-12-10 04:10:00,3100,56400,56350,56350,56350,56420,56360,56370,56360,56410,56355,56360,56355
2025-12-10 04:15:00,3700,56370,56340,56350,56350,56390,56360,56360,56360,56380,56350,56355,56355
2025-12-10 04:20:00,3200,56350,56310,56350,56320,56360,56320,56360,56330,56355,56315,56355,56325
2025-12-10 04:25:00,5400,56320,56290,56320,56310,56340,56300,56330,56330,56330,56295,56325,56320
2025-12-10 04:30:00,2200,56330,56310,56310,56330,56350,56330,56330,56350,56340,56320,56320,56340
2025-12-10 04:35:00,5600,56340,56280,56330,56290,56350,56300,56350,56310,56345,56290,56340,56300
2025-12-10 04:40:00,2000,56320,56280,56290,56290,56330,56290,56310,56310,56325,56285,56300,56300
2025-12-10 04:45:00,2600,56290,56270,56290,56270,56320,56280,56310,56290,56305,56275,56300,56280
2025-12-10 04:50:00,4900,56280,56220,56270,56260,56300,56240,56290,56270,56285,56230,56280,56265
2025-12-10 04:55:00,3900,56260,56230,56260,56230,56270,56240,56270,56250,56265,56235,56265,56240
2025-12-10 05:00:00,5500,56220,56130,56220,56160,56250,56150,56250,56180,56235,56140,56235,56170
2025-12-10 05:05:00,9000,56170,55980,56160,55990,56190,56000,56180,56020,56180,55990,56170,56005
2025-12-10 05:10:00,5800,55990,55900,55990,55910,56020,55930,56020,55930,56005,55915,56005,55920
2025-12-10 05:15:00,4400,55950,55880,55910,55950,55970,55900,55930,55970,55960,55890,55920,55960
2025-12-10 05:20:00,2200,55990,55940,55940,55960,56010,55960,55970,55980,56000,55950,55955,55970
2025-12-10 05:25:00,5200,56060,55950,55960,56060,56090,55970,55980,56070,56075,55960,55970,56065
2025-12-10 05:30:00,5300,56070,55990,56060,56000,56080,56020,56070,56020,56075,56005,56065,56010
2025-12-10 05:35:00,3300,56010,55930,56000,55930,56030,55950,56030,55950,56020,55940,56015,55940
2025-12-10 05:40:00,3500,55950,55900,55930,55900,55980,55910,55950,55920,55965,55905,55940,55910
2025-12-10 05:45:00,2700,55930,55880,55900,55900,55950,55900,55920,55920,55940,55890,55910,55910
2025-12-10 05:50:00,3200,55930,55880,55900,55900,55950,55900,55920,55920,55940,55890,55910,55910
2025-12-10 05:55:00,3800,55980,55900,55910,55930,56010,55920,55920,55950,55995,55910,55915,55940
2025-12-10 06:00:00,4100,55940,55900,55930,55920,55960,55910,55950,55950,55950,55905,55940,55935
2025-12-10 06:05:00,7100,56000,55920,55920,55970,56020,55950,55950,56000,56010,55935,55935,55985
2025-12-10 06:10:00,4700,56040,55970,55970,56010,56070,56000,56000,56030,56055,55985,55985,56020
2025-12-10 06:15:00,7800,56030,55980,56010,56010,56050,55990,56030,56030,56040,55985,56020,56020
2025-12-10 06:20:00,9200,56110,56000,56010,56060,56120,56010,56030,56090,56115,56005,56020,56075
2025-12-10 06:25:00,,57600,55540,57600,56070,57610,55550,57610,56080,57605,55545,57605,56075
2025-12-10 06:30:00,246500,56070,56070,56070,56070,56080,56080,56080,56080,56075,56075,56075,56075
2025-12-11 00:00:00,50300,56500,56100,56340,56310,56580,56170,56350,56340,56540,56135,56345,56325
2025-12-11 00:05:00,33800,56730,56280,56310,56550,56750,56320,56340,56580,56735,56300,56325,56565
2025-12-11 00:10:00,16800,56610,56420,56550,56470,56640,56450,56580,56500,56625,56435,56565,56485
2025-12-11 00:15:00,9600,56520,56400,56470,56410,56540,56420,56500,56450,56530,56410,56485,56430
2025-12-11 00:20:00,10200,56590,56410,56410,56530,56610,56450,56450,56560,56600,56430,56430,56545
2025-12-11 00:25:00,9600,56530,56360,56530,56410,56560,56390,56560,56430,56545,56375,56545,56420
2025-12-11 00:30:00,6100,56520,56390,56410,56500,56550,56420,56430,56520,56535,56405,56420,56510
2025-12-11 00:35:00,5400,56500,56310,56500,56310,56520,56340,56520,56340,56510,56325,56510,56325
2025-12-11 00:40:00,9000,56320,56180,56310,56180,56350,56200,56340,56200,56335,56190,56325,56190
2025-12-11 00:45:00,5600,56260,56160,56180,56230,56270,56180,56200,56240,56265,56170,56190,56235
2025-12-11 00:50:00,4200,56260,56160,56230,56160,56270,56180,56240,56190,56265,56170,56235,56175
2025-12-11 00:55:00,5300,56310,56170,56170,56220,56330,56190,56190,56250,56320,56180,56180,56235
2025-12-11 01:00:00,4400,56360,56220,56220,56290,56380,56250,56250,56320,56370,56235,56235,56305
2025-12-11 01:05:00,3400,56310,56220,56290,56290,56330,56240,56320,56330,56315,56230,56305,56310
2025-12-11 01:10:00,3600,56350,56220,56290,56290,56360,56260,56330,56320,56355,56245,56310,56305
2025-12-11 01:15:00,3500,56320,56230,56290,56280,56340,56260,56320,56310,56330,56245,56305,56295
2025-12-11 01:20:00,6000,56300,56160,56280,56170,56320,56180,56320,56190,56310,56170,56300,56180
2025-12-11 01:25:00,4400,56190,56130,56170,56160,56220,56150,56190,56180,56205,56140,56180,56170
2025-12-11 01:30:00,6500,56160,56050,56160,56090,56190,56060,56180,56120,56175,56055,56170,56105
2025-12-11 01:35:00,7200,56090,56010,56090,56020,56110,56030,56110,56040,56100,56020,56100,56030
2025-12-11 01:40:00,5800,56020,55950,56020,55950,56040,55970,56040,55980,56030,55960,56030,55965
2025-12-11 01:45:00,7200,55950,55850,55950,55860,55980,55860,55980,55870,55965,55855,55965,55865
2025-12-11 01:50:00,6000,55920,55850,55860,55910,55940,55860,55870,55930,55930,55855,55865,55920
2025-12-11 01:55:00,2600,55920,55870,55910,55870,55940,55890,55930,55890,55930,55880,55920,55880
2025-12-11 02:00:00,4200,55930,55860,55870,55880,55940,55870,55890,55900,55935,55865,55880,55890
2025-12-11 02:05:00,6300,55890,55780,55880,55800,55910,55800,55900,55830,55900,55790,55890,55815
2025-12-11 02:10:00,6200,55830,55750,55800,55770,55850,55780,55830,55800,55840,55765,55815,55785
2025-12-11 02:15:00,4500,55800,55740,55770,55760,55820,55750,55800,55790,55810,55745,55785,55775
2025-12-11 02:20:00,2200,55840,55740,55760,55820,55860,55770,55790,55840,55850,55755,55775,55830
2025-12-11 02:25:00,6500,55900,55820,55820,55850,55930,55840,55840,55930,55905,55830,55830,55890
2025-12-11 02:30:00,2400,,,,,,,,,,,,
2025-12-11 03:30:00,20700,55690,55500,55660,55670,55720,55510,55670,55690,55695,55505,55665,55680
2025-12-11 03:35:00,7700,55800,55640,55670,55720,55810,55680,55690,55740,55805,55660,55680,55730
2025-12-11 03:40:00,8100,55740,55610,55720,55620,55770,55620,55740,55640,55755,55615,55730,55630
2025-12-11 03:45:00,4900,55710,55620,55620,55620,55720,55640,55640,55650,55715,55630,55630,55635
2025-12-11 03:50:00,7900,55650,55550,55620,55560,55670,55560,55650,55590,55660,55555,55635,55575
2025-12-11 03:55:00,3800,55600,55530,55560,55550,55630,55540,55590,55560,55615,55535,55575,55555
2025-12-11 04:00:00,10700,55550,55450,55550,55500,55560,55460,55560,55520,55555,55455,55555,55510
2025-12-11 04:05:00,3700,55510,55480,55500,55490,55540,55490,55520,55510,55525,55485,55510,55500
2025-12-11 04:10:00,6100,55520,55440,55490,55450,55530,55450,55510,55460,55525,55445,55500,55455
2025-12-11 04:15:00,5100,55550,55440,55440,55540,55570,55460,55460,55570,55555,55450,55450,55555
2025-12-11 04:20:00,5400,55590,55530,55540,55540,55610,55550,55570,55560,55600,55540,55555,55550
2025-12-11 04:25:00,1200,55550,55500,55540,55530,55580,55530,55560,55540,55565,55515,55550,55535
2025-12-11 04:30:00,3000,55560,55500,55530,55500,55580,55510,55540,55510,55570,55505,55535,55505
2025-12-11 04:35:00,4200,55520,55450,55490,55520,55550,55460,55510,55550,55535,55455,55500,55535
2025-12-11 04:40:00,5300,55550,55490,55520,55500,55560,55500,55550,55520,55555,55495,55535,55510
2025-12-11 04:45:00,3600,55540,55470,55500,55530,55570,55480,55520,55550,55550,55475,55510,55540
2025-12-11 04:50:00,3700,55610,55530,55530,55590,55620,55550,55550,55610,55615,55540,55540,55600
2025-12-11 04:55:00,2900,55600,55550,55590,55570,55610,55570,55610,55590,55605,55560,55600,55580
2025-12-11 05:00:00,4000,55640,55550,55570,55640,55650,55570,55590,55650,55645,55560,55580,55645
2025-12-11 05:05:00,4200,55650,55580,55640,55610,55680,55600,55650,55620,55665,55590,55645,55615
2025-12-11 05:10:00,4000,55610,55530,55610,55540,55630,55550,55620,55570,55620,55540,55615,55555
2025-12-11 05:15:00,3000,55560,55510,55540,55550,55570,55530,55570,55570,55565,55520,55555,55560
2025-12-11 05:20:00,2400,55560,55520,55550,55530,55580,55550,55570,55550,55570,55535,55560,55540
2025-12-11 05:25:00,5500,55550,55460,55530,55460,55560,55470,55550,55480,55555,55465,55540,55470
2025-12-11 05:30:00,7300,55470,55400,55460,55410,55480,55410,55480,55440,55475,55405,55470,55425
2025-12-11 05:35:00,2400,55430,55400,55410,55410,55440,55410,55440,55430,55435,55405,55425,55420
2025-12-11 05:40:00,2700,55420,55400,55410,55400,55430,55410,55430,55420,55425,55405,55420,55410
2025-12-11 05:45:00,3500,55500,55400,55400,55460,55510,55420,55420,55490,55505,55410,55410,55475
2025-12-11 05:50:00,3900,55500,55430,55460,55460,55510,55450,55480,55480,55505,55440,55470,55470
2025-12-11 05:55:00,4700,55500,55440,55460,55470,55510,55460,55480,55490,55505,55450,55470,55480
2025-12-11 06:00:00,9400,55660,55470,55470,55560,55680,55490,55490,55580,55670,55480,55480,55570
2025-12-11 06:05:00,7500,55680,55540,55560,55630,55700,55560,55580,55660,55690,55550,55570,55645
2025-12-11 06:10:00,6600,55700,55620,55630,55650,55720,55640,55660,55680,55710,55630,55645,55665
2025-12-11 06:15:00,6600,55660,55560,55650,55640,55680,55590,55680,55660,55670,55575,55665,55650
2025-12-11 06:20:00,12500,55710,55590,55640,55640,55730,55620,55660,55670,55720,55605,55650,55655
2025-12-11 06:25:00,,56820,55350,56390,55550,56830,55360,56390,55560,56825,55355,56390,55555
2025-12-11 06:30:00,266400,55540,55540,55540,55540,55560,55560,55560,55560,55550,55550,55550,55550
2025-12-12 00:00:00,543400,56830,52000,55700,56690,56870,52010,55710,56720,56850,52005,55705,56705
2025-12-12 00:05:00,64600,57060,56530,56690,57060,57090,56550,56720,57090,57075,56540,56705,57075
2025-12-12 00:10:00,35800,57080,56860,57060,57010,57100,56890,57090,57030,57085,56875,57075,57020
2025-12-12 00:15:00,37900,57190,56930,57010,57170,57200,56950,57030,57200,57195,56940,57020,57185
2025-12-12 00:20:00,13300,57190,57020,57170,57110,57200,57050,57200,57130,57195,57035,57185,57120
2025-12-12 00:25:00,8900,57120,57010,57110,57080,57140,57030,57130,57100,57130,57020,57120,57090
2025-12-12 00:30:00,24300,57220,57070,57080,57210,57240,57090,57100,57230,57230,57080,57090,57220
2025-12-12 00:35:00,32800,57490,57190,57210,57430,57500,57230,57230,57450,57495,57210,57220,57440
2025-12-12 00:40:00,21600,57550,57340,57420,57360,57560,57350,57450,57380,57555,57345,57435,57370
2025-12-12 00:45:00,8900,57500,57330,57360,57400,57510,57340,57380,57420,57505,57335,57370,57410
2025-12-12 00:50:00,11100,57410,57300,57400,57300,57420,57330,57420,57330,57415,57315,57410,57315
2025-12-12 00:55:00,10000,57360,57230,57300,57360,57370,57250,57330,57370,57365,57240,57315,57365
2025-12-12 01:00:00,14600,57510,57340,57360,57350,57520,57360,57370,57370,57515,57355,57365,57360
2025-12-12 01:05:00,9700,57370,57280,57350,57320,57380,57300,57370,57350,57375,57290,57360,57335
2025-12-12 01:10:00,6700,57340,57280,57320,57290,57370,57290,57340,57320,57355,57285,57330,57305
2025-12-12 01:15:00,15300,57290,57120,57290,57160,57320,57140,57320,57190,57305,57130,57305,57175
2025-12-12 01:20:00,9000,57240,57130,57160,57160,57250,57160,57190,57180,57245,57145,57175,57170
2025-12-12 01:25:00,8300,57240,57150,57160,57180,57250,57160,57180,57210,57245,57155,57170,57195
2025-12-12 01:30:00,9000,57300,57150,57180,57290,57310,57170,57210,57310,57305,57160,57195,57300
2025-12-12 01:35:00,5500,57290,57180,57290,57240,57310,57210,57310,57260,57300,57195,57300,57250
2025-12-12 01:40:00,6200,57260,57160,57240,57190,57270,57180,57260,57210,57265,57170,57250,57200
2025-12-12 01:45:00,3600,57270,57180,57190,57220,57280,57200,57210,57240,57275,57190,57200,57230
2025-12-12 01:50:00,7700,57310,57180,57220,57180,57330,57210,57240,57210,57320,57195,57230,57195
2025-12-12 01:55:00,6000,57210,57140,57180,57150,57230,57150,57210,57180,57215,57145,57195,57165
2025-12-12 02:00:00,5600,57250,57100,57150,57230,57270,57110,57180,57260,57260,57105,57165,57245
2025-12-12 02:05:00,4800,57290,57210,57230,57250,57300,57230,57270,57280,57295,57220,57250,57265
2025-12-12 02:10:00,4100,57270,57220,57250,57250,57290,57240,57280,57280,57280,57230,57265,57265
2025-12-12 02:15:00,2300,57260,57210,57250,57220,57280,57220,57270,57240,57265,57215,57260,57230
2025-12-12 02:20:00,4400,57220,57120,57220,57130,57240,57130,57240,57150,57230,57125,57230,57140
2025-12-12 02:25:00,3600,57150,57100,57130,57130,57180,57110,57150,57160,57165,57105,57140,57145
2025-12-12 02:30:00,2900,57130,57130,57130,57130,57170,57170,57170,57170,57150,57150,57150,57150
2025-12-12 03:30:00,17700,57200,57090,57100,57170,57220,57120,57150,57200,57210,57105,57125,57185
2025-12-12 03:35:00,8500,57200,57080,57170,57080,57220,57100,57200,57100,57210,57090,57185,57090
2025-12-12 03:40:00,6300,57140,57050,57080,57120,57150,57070,57100,57150,57145,57060,57090,57135
2025-12-12 03:45:00,7100,57170,57070,57120,57140,57190,57090,57150,57170,57175,57080,57135,57155
2025-12-12 03:50:00,3500,57140,57080,57140,57080,57170,57100,57170,57110,57155,57090,57155,57095
2025-12-12 03:55:00,4200,57120,57070,57080,57080,57150,57080,57110,57100,57135,57075,57095,57090
2025-12-12 04:00:00,4400,57150,57060,57080,57080,57160,57080,57110,57110,57155,57070,57095,57095
2025-12-12 04:05:00,5300,57100,57040,57100,57060,57110,57060,57110,57080,57105,57050,57105,57070
2025-12-12 04:10:00,10800,57060,56960,57060,56970,57080,56970,57080,56980,57070,56965,57070,56975
2025-12-12 04:15:00,5300,57030,56960,56970,56980,57040,56970,56980,57010,57035,56965,56975,56995
2025-12-12 04:20:00,6400,56980,56910,56980,56950,57010,56930,57010,56970,56995,56920,56995,56960
2025-12-12 04:25:00,3800,56960,56910,56950,56950,56980,56920,56970,56970,56970,56915,56960,56960
2025-12-12 04:30:00,4000,57000,56910,56950,57000,57020,56920,56970,57020,57010,56915,56960,57010
2025-12-12 04:35:00,4200,57020,56930,57000,56960,57040,56940,57020,56990,57025,56935,57010,56975
2025-12-12 04:40:00,2300,56980,56930,56960,56980,57000,56940,56990,57000,56990,56935,56975,56990
2025-12-12 04:45:00,2700,56980,56940,56980,56940,57000,56950,57000,56950,56990,56945,56990,56945
2025-12-12 04:50:00,3800,56980,56910,56940,56980,57000,56930,56950,57000,56990,56920,56945,56990
2025-12-12 04:55:00,5000,57040,56990,56990,57000,57050,57000,57000,57020,57045,56995,56995,57010
2025-12-12 05:00:00,5900,57090,57000,57000,57080,57100,57010,57020,57100,57095,57005,57010,57090
2025-12-12 05:05:00,3100,57120,57060,57080,57110,57130,57070,57100,57130,57125,57065,57090,57120
2025-12-12 05:10:00,5700,57170,57090,57110,57160,57180,57110,57130,57180,57175,57100,57120,57170
2025-12-12 05:15:00,3000,57170,57140,57160,57150,57180,57150,57180,57170,57175,57145,57170,57160
2025-12-12 05:20:00,2300,57170,57140,57150,57150,57180,57160,57170,57170,57175,57150,57160,57160
2025-12-12 05:25:00,6200,57200,57140,57150,57170,57210,57160,57170,57190,57205,57150,57160,57180
2025-12-12 05:30:00,7400,57260,57160,57170,57230,57270,57190,57190,57250,57265,57175,57180,57240
2025-12-12 05:35:00,3900,57260,57230,57230,57260,57280,57250,57250,57280,57270,57240,57240,57270
2025-12-12 05:40:00,6100,57290,57250,57260,57290,57310,57260,57280,57310,57300,57255,57270,57300
2025-12-12 05:45:00,8800,57350,57270,57290,57340,57360,57290,57310,57350,57355,57280,57300,57345
2025-12-12 05:50:00,8200,57440,57340,57340,57430,57450,57350,57350,57450,57445,57345,57345,57440
2025-12-12 05:55:00,6400,57440,57380,57420,57380,57450,57400,57450,57400,57445,57390,57435,57390
2025-12-12 06:00:00,11900,57460,57370,57380,57440,57480,57380,57400,57470,57470,57375,57390,57455
2025-12-12 06:05:00,6500,57450,57330,57440,57380,57480,57350,57470,57400,57465,57340,57455,57390
2025-12-12 06:10:00,5200,57400,57350,57380,57360,57430,57370,57400,57380,57415,57360,57390,57370
2025-12-12 06:15:00,7400,57380,57330,57360,57340,57390,57350,57380,57360,57385,57340,57370,57350
2025-12-12 06:20:00,12500,57340,57280,57340,57280,57360,57300,57360,57300,57350,57290,57350,57290
2025-12-12 06:25:00,,57780,57110,57640,57110,57780,57120,57650,57120,57780,57115,57645,57115
2025-12-12 06:30:00,166200,57110,57110,57110,57110,57200,57200,57200,57200,57155,57155,57155,57155
2025-12-15 00:00:00,70600,56750,56210,56210,56610,56800,56210,56210,56640,56775,56210,56210,56625
2025-12-15 00:05:00,25500,56910,56580,56610,56730,56940,56610,56640,56770,56925,56595,56625,56750
2025-12-15 00:10:00,18300,56870,56680,56730,56720,56890,56720,56770,56750,56880,56700,56750,56735
2025-12-15 00:15:00,13700,56970,56720,56720,56970,57000,56750,56760,57000,56985,56735,56740,56985
2025-12-15 00:20:00,14500,57180,56950,56970,57110,57190,56970,57000,57130,57185,56960,56985,57120
2025-12-15 00:25:00,11300,57220,57080,57110,57170,57260,57120,57130,57190,57240,57105,57120,57180
2025-12-15 00:30:00,12100,57370,57160,57170,57290,57400,57180,57190,57310,57385,57170,57180,57300
2025-12-15 00:35:00,10200,57300,57200,57280,57250,57310,57220,57310,57260,57305,57210,57295,57255
2025-12-15 00:40:00,7300,57300,57220,57250,57290,57330,57240,57270,57310,57315,57230,57260,57300
2025-12-15 00:45:00,13200,57460,57270,57280,57440,57490,57300,57310,57470,57475,57285,57295,57455
2025-12-15 00:50:00,6200,57440,57270,57440,57370,57470,57300,57470,57390,57455,57285,57455,57380
2025-12-15 00:55:00,4100,57390,57300,57370,57350,57410,57320,57390,57380,57400,57310,57380,57365
2025-12-15 01:00:00,4100,57400,57330,57350,57330,57430,57340,57380,57350,57415,57335,57365,57340
2025-12-15 01:05:00,4200,57420,57320,57330,57330,57440,57340,57350,57370,57425,57330,57340,57350
2025-12-15 01:10:00,4300,57420,57310,57330,57400,57440,57340,57370,57420,57430,57325,57350,57410
2025-12-15 01:15:00,4400,57450,57360,57400,57380,57480,57380,57420,57410,57465,57370,57410,57395
2025-12-15 01:20:00,4800,57390,57300,57380,57300,57420,57320,57410,57330,57405,57310,57395,57315
2025-12-15 01:25:00,7800,57420,57260,57300,57400,57440,57270,57330,57430,57430,57265,57315,57415
2025-12-15 01:30:00,3900,57420,57320,57400,57330,57440,57360,57430,57360,57425,57340,57415,57345
2025-12-15 01:35:00,4700,57410,57300,57330,57380,57420,57330,57360,57400,57415,57315,57345,57390
2025-12-15 01:40:00,1700,57380,57320,57380,57370,57410,57340,57400,57380,57395,57335,57390,57375
2025-12-15 01:45:00,6900,57450,57320,57370,57440,57470,57340,57380,57460,57460,57330,57375,57450
2025-12-15 01:50:00,3800,57440,57380,57440,57380,57470,57400,57460,57420,57450,57390,57450,57400
2025-12-15 01:55:00,2200,57420,57330,57380,57420,57440,57350,57410,57440,57430,57345,57395,57430
2025-12-15 02:00:00,3300,57420,57340,57420,57400,57440,57360,57440,57420,57430,57350,57430,57410
2025-12-15 02:05:00,2800,57440,57390,57400,57430,57450,57410,57420,57440,57445,57400,57410,57435
2025-12-15 02:10:00,2500,57430,57340,57430,57350,57450,57360,57440,57370,57440,57350,57435,57360
2025-12-15 02:15:00,2800,57390,57320,57350,57380,57410,57330,57370,57400,57400,57325,57360,57390
2025-12-15 02:20:00,8200,57390,57260,57380,57320,57410,57280,57410,57350,57400,57270,57395,57335
2025-12-15 02:25:00,4100,57380,57320,57320,57360,57400,57340,57350,57390,57390,57330,57335,57375
2025-12-15 02:30:00,1300,,,,,,,,,,,,
2025-12-15 03:30:00,18100,57450,57320,57390,57440,57480,57360,57400,57460,57465,57345,57395,57450
2025-12-15 03:35:00,4700,57450,57310,57440,57330,57460,57330,57460,57360,57455,57325,57450,57345
2025-12-15 03:40:00,4400,57360,57300,57330,57330,57380,57320,57360,57350,57370,57310,57345,57340
2025-12-15 03:45:00,4700,57380,57330,57330,57370,57400,57350,57350,57390,57390,57340,57340,57380
2025-12-15 03:50:00,3500,57410,57350,57370,57360,57420,57370,57390,57380,57415,57360,57380,57370
2025-12-15 03:55:00,4800,57430,57360,57360,57410,57440,57380,57380,57430,57435,57370,57370,57420
2025-12-15 04:00:00,2400,57420,57360,57410,57420,57440,57380,57430,57440,57430,57375,57420,57430
2025-12-15 04:05:00,3000,57430,57380,57420,57400,57440,57400,57430,57420,57435,57395,57425,57410
2025-12-15 04:10:00,2700,57440,57410,57410,57410,57450,57420,57420,57430,57445,57415,57415,57420
2025-12-15 04:15:00,3100,57430,57380,57410,57420,57450,57400,57430,57430,57440,57390,57420,57425
2025-12-15 04:20:00,3000,57420,57370,57420,57410,57440,57380,57430,57430,57430,57375,57425,57420
2025-12-15 04:25:00,1900,57430,57400,57410,57420,57440,57410,57430,57440,57435,57405,57420,57430
2025-12-15 04:30:00,4900,57430,57380,57420,57380,57440,57390,57440,57390,57435,57385,57430,57385
2025-12-15 04:35:00,1800,57400,57370,57380,57390,57420,57390,57390,57400,57410,57380,57385,57395
2025-12-15 04:40:00,700,57390,57370,57390,57380,57400,57390,57400,57400,57395,57380,57395,57390
2025-12-15 04:45:00,3800,57420,57380,57380,57420,57430,57390,57400,57430,57425,57385,57390,57425
2025-12-15 04:50:00,4000,57430,57360,57420,57360,57440,57380,57430,57380,57435,57370,57425,57370
2025-12-15 04:55:00,2800,57400,57360,57360,57370,57420,57370,57380,57390,57410,57365,57370,57380
2025-12-15 05:00:00,5000,57370,57320,57370,57320,57390,57330,57390,57350,57380,57325,57380,57335
2025-12-15 05:05:00,1400,57380,57320,57320,57380,57390,57340,57350,57390,57385,57330,57335,57385
2025-12-15 05:10:00,2700,57390,57330,57380,57330,57400,57350,57390,57360,57395,57340,57385,57345
2025-12-15 05:15:00,4300,57350,57300,57350,57330,57360,57310,57360,57340,57355,57305,57355,57335
2025-12-15 05:20:00,17800,57330,57150,57330,57260,57340,57180,57340,57290,57335,57170,57335,57275
2025-12-15 05:25:00,2400,57270,57220,57260,57230,57300,57240,57280,57250,57285,57235,57270,57240
2025-12-15 05:30:00,4900,57220,57150,57220,57170,57250,57160,57250,57200,57235,57155,57235,57185
2025-12-15 05:35:00,2800,57190,57140,57170,57190,57210,57150,57200,57200,57195,57145,57185,57195
2025-12-15 05:40:00,3500,57270,57180,57180,57260,57290,57190,57200,57280,57280,57185,57190,57270
2025-12-15 05:45:00,5000,57310,57260,57260,57280,57320,57280,57280,57310,57315,57270,57270,57295
2025-12-15 05:50:00,1900,57280,57240,57280,57260,57310,57270,57310,57280,57295,57255,57295,57270
2025-12-15 05:55:00,3000,57270,57240,57260,57250,57290,57250,57280,57270,57280,57245,57270,57260
2025-12-15 06:00:00,3800,57260,57210,57250,57240,57270,57230,57270,57260,57265,57220,57260,57250
2025-12-15 06:05:00,3700,57260,57210,57240,57230,57270,57240,57260,57250,57265,57225,57250,57240
2025-12-15 06:10:00,3600,57230,57200,57230,57210,57250,57220,57250,57230,57240,57210,57240,57220
2025-12-15 06:15:00,5100,57290,57200,57210,57270,57300,57220,57230,57290,57295,57210,57220,57280
2025-12-15 06:20:00,7500,57280,57240,57260,57260,57300,57250,57290,57280,57290,57245,57275,57270
2025-12-15 06:25:00,,57640,57190,57420,57190,57640,57190,57420,57190,57640,57190,57420,57190
2025-12-15 06:30:00,96100,57180,57180,57180,57180,57280,57280,57280,57280,57230,57230,57230,57230
